開始日,終了日,実行ID,取引ID,in時刻,out時刻,方向,in価格,out価格,ロット合計,損益,累計損益,in理由,out理由,ライン種別,ナンピン回数,平均in価格
2016-01-01,2016-01-31,20260209_052921,20260209_052921-0001,2016-01-04 16:51:36.183000,2016-01-04 17:07:17.359000,買い,118.93300,118.83300,1.00,-10.00,-10.00,水平線手前,損切,支持抵抗,0,118.93300
2016-01-01,2016-01-31,20260209_052921,20260209_052921-0002,2016-01-08 22:30:02.178000,2016-01-08 22:30:05.051000,売り,118.69200,118.79200,1.00,-10.00,-20.00,水平線手前,損切,支持抵抗,0,118.69200
2016-01-01,2016-01-31,20260209_052921,20260209_052921-0003,2016-01-08 22:30:05.752000,2016-01-08 22:30:10.259000,売り,118.80600,118.65600,1.00,15.00,-5.00,水平線手前,利確,支持抵抗,0,118.80600
2016-01-01,2016-01-31,20260209_052921,20260209_052921-0004,2016-01-08 22:30:05.051000,2016-01-08 22:30:10.745000,売り,118.79200,118.64200,1.00,15.00,10.00,水平線手前,利確,支持抵抗,0,118.79200
2016-01-01,2016-01-31,20260209_052921,20260209_052921-0005,2016-01-08 22:30:02.384000,2016-01-08 22:30:45.945000,売り,118.74700,118.59700,1.00,15.00,25.00,水平線手前,利確,支持抵抗,0,118.74700
2016-01-01,2016-01-31,20260209_052921,20260209_052921-0006,2016-01-20 18:41:37.096000,2016-01-20 18:42:06.356000,売り,116.94600,116.79600,1.00,15.00,40.00,水平線手前,利確,支持抵抗,0,116.94600
2016-01-01,2016-01-31,20260209_052921,20260209_052921-0007,2016-01-29 12:21:34.845000,2016-01-29 12:21:36.232000,売り,118.96200,119.06200,1.00,-10.00,30.00,水平線手前,損切,支持抵抗,0,118.96200
2016-01-01,2016-01-31,20260209_052921,20260209_052921-0008,2016-01-29 12:21:35.723000,2016-01-29 12:21:36.597000,売り,118.98000,119.08000,1.00,-10.00,20.00,水平線手前,損切,支持抵抗,0,118.98000
2016-01-01,2016-01-31,20260209_052921,20260209_052921-0009,2016-01-29 12:21:35.838000,2016-01-29 12:21:37.748000,売り,119.03600,119.13600,1.00,-10.00,10.00,水平線手前,損切,支持抵抗,0,119.03600
2016-01-01,2016-01-31,20260209_052921,20260209_052921-0010,2016-01-29 12:21:37.748000,2016-01-29 12:21:42.744000,売り,119.13800,118.98800,1.00,15.00,25.00,水平線手前,利確,支持抵抗,0,119.13800
2016-01-01,2016-01-31,20260209_052921,20260209_052921-0011,2016-01-29 12:22:18.634000,2016-01-29 12:24:02.237000,買い,118.56200,118.71200,1.00,15.00,40.00,水平線手前,利確,支持抵抗,0,118.56200
2016-01-01,2016-01-31,20260209_052921,20260209_052921-0012,2016-01-29 12:24:40.742000,2016-01-29 12:24:42.045000,売り,119.25100,119.35100,1.00,-10.00,30.00,水平線手前,損切,支持抵抗,0,119.25100
2016-01-01,2016-01-31,20260209_052921,20260209_052921-0013,2016-01-29 12:38:19.314000,2016-01-29 12:38:20.286000,買い,118.53200,118.68200,1.00,15.00,45.00,水平線手前,利確,支持抵抗,0,118.53200
2016-01-01,2016-01-31,20260209_052921,20260209_052921-0014,2016-01-29 12:38:29.660000,2016-01-29 12:38:30.454000,売り,119.66800,119.76800,1.00,-10.00,35.00,水平線手前,損切,支持抵抗,0,119.66800
2016-01-01,2016-01-31,20260209_052921,20260209_052921-0015,2016-01-29 12:38:31.629000,2016-01-29 12:38:34.541000,売り,119.78900,119.88900,1.00,-10.00,25.00,水平線手前,損切,支持抵抗,0,119.78900
2016-01-01,2016-01-31,20260209_052921,20260209_052921-0016,2016-01-29 12:38:54.227000,2016-01-29 12:38:58.485000,売り,120.47900,120.57900,1.00,-10.00,15.00,水平線手前,損切,支持抵抗,0,120.47900
2016-01-01,2016-01-31,20260209_052921,20260209_052921-0017,2016-01-29 12:42:06.605000,2016-01-29 12:42:20.068000,売り,121.38600,121.23600,1.00,15.00,30.00,水平線手前,利確,支持抵抗,0,121.38600
2016-01-01,2016-01-31,20260209_052921,20260209_052921-0018,2016-01-30 01:09:56.613000,2016-01-30 01:15:17.676000,買い,120.96000,121.11000,1.00,15.00,45.00,水平線手前,利確,支持抵抗,0,120.96000
2016-02-01,2016-02-29,20260209_053018,20260209_053018-0001,2016-02-04 00:30:52.980000,2016-02-04 00:31:36.242000,買い,117.55200,117.70200,1.00,15.00,60.00,水平線手前,利確,支持抵抗,0,117.55200
2016-02-01,2016-02-29,20260209_053018,20260209_053018-0002,2016-02-05 22:30:02.444000,2016-02-05 22:30:03.849000,買い,116.55400,116.45400,1.00,-10.00,50.00,水平線手前,損切,支持抵抗,0,116.55400
2016-02-01,2016-02-29,20260209_053018,20260209_053018-0003,2016-02-05 22:30:09.284000,2016-02-05 22:30:15.534000,買い,116.32800,116.47800,1.00,15.00,65.00,水平線手前,利確,支持抵抗,0,116.32800
2016-02-01,2016-02-29,20260209_053018,20260209_053018-0004,2016-02-05 22:31:24.419000,2016-02-05 22:31:51.142000,売り,116.95300,117.05300,1.00,-10.00,55.00,水平線手前,損切,支持抵抗,0,116.95300
2016-02-01,2016-02-29,20260209_053018,20260209_053018-0005,2016-02-08 23:36:37.895000,2016-02-08 23:40:37.492000,買い,115.97400,116.12400,1.00,15.00,70.00,水平線手前,利確,支持抵抗,0,115.97400
2016-02-01,2016-02-29,20260209_053018,20260209_053018-0006,2016-02-09 12:16:13.628000,2016-02-09 12:16:49.698000,買い,114.48000,114.38000,1.00,-10.00,60.00,水平線手前,損切,支持抵抗,0,114.48000
2016-02-01,2016-02-29,20260209_053018,20260209_053018-0007,2016-02-09 20:48:12.004000,2016-02-09 21:01:22.954000,買い,114.92800,115.07800,1.00,15.00,75.00,水平線手前,利確,支持抵抗,0,114.92800
2016-02-01,2016-02-29,20260209_053018,20260209_053018-0008,2016-02-10 11:15:04.189000,2016-02-10 11:15:11.887000,売り,115.11600,114.96600,1.00,15.00,90.00,水平線手前,利確,支持抵抗,0,115.11600
2016-02-01,2016-02-29,20260209_053018,20260209_053018-0009,2016-02-10 22:30:03.383000,2016-02-10 22:30:26.838000,買い,114.88400,115.03400,1.00,15.00,105.00,水平線手前,利確,支持抵抗,0,114.88400
2016-02-01,2016-02-29,20260209_053018,20260209_053018-0010,2016-02-11 01:07:53.245000,2016-02-11 01:08:00.283000,買い,114.24500,114.14500,1.00,-10.00,95.00,水平線手前,損切,支持抵抗,0,114.24500
2016-02-01,2016-02-29,20260209_053018,20260209_053018-0011,2016-02-11 02:01:37.272000,2016-02-11 02:02:06.403000,買い,113.87200,113.77200,1.00,-10.00,85.00,水平線手前,損切,支持抵抗,0,113.87200
2016-02-01,2016-02-29,20260209_053018,20260209_053018-0012,2016-02-11 02:02:06.505000,2016-02-11 02:09:36.859000,買い,113.76700,113.91700,1.00,15.00,100.00,水平線手前,利確,支持抵抗,0,113.76700
2016-02-01,2016-02-29,20260209_053018,20260209_053018-0013,2016-02-11 17:40:39.037000,2016-02-11 17:41:25.007000,買い,111.02000,111.17000,1.00,15.00,115.00,水平線手前,利確,支持抵抗,0,111.02000
2016-02-01,2016-02-29,20260209_053018,20260209_053018-0014,2016-02-11 21:21:39.147000,2016-02-11 21:21:42.014000,売り,113.16300,113.01300,1.00,15.00,130.00,水平線手前,利確,支持抵抗,0,113.16300
2016-02-01,2016-02-29,20260209_053018,20260209_053018-0015,2016-02-12 00:39:40.481000,2016-02-12 00:46:49.020000,買い,111.78100,111.93100,1.00,15.00,145.00,水平線手前,利確,支持抵抗,0,111.78100
2016-02-01,2016-02-29,20260209_053018,20260209_053018-0016,2016-02-12 11:16:16.944000,2016-02-12 11:41:30.348000,買い,112.11500,112.26500,1.00,15.00,160.00,水平線手前,利確,支持抵抗,0,112.11500
2016-02-01,2016-02-29,20260209_053018,20260209_053018-0017,2016-02-12 15:54:40.359000,2016-02-12 15:58:04.668000,買い,111.86600,111.76600,1.00,-10.00,150.00,水平線手前,損切,支持抵抗,0,111.86600
2016-02-01,2016-02-29,20260209_053018,20260209_053018-0018,2016-02-12 15:58:07.546000,2016-02-12 16:00:17.313000,買い,111.67900,111.82900,1.00,15.00,165.00,水平線手前,利確,支持抵抗,0,111.67900
2016-02-01,2016-02-29,20260209_053018,20260209_053018-0019,2016-02-15 15:02:00.227000,2016-02-15 15:16:01.951000,売り,114.07300,113.92300,1.00,15.00,180.00,水平線手前,利確,支持抵抗,0,114.07300
2016-02-01,2016-02-29,20260209_053018,20260209_053018-0020,2016-02-17 16:17:06.282000,2016-02-17 16:45:01.670000,買い,113.40900,113.55900,1.00,15.00,195.00,水平線手前,利確,支持抵抗,0,113.40900
2016-02-01,2016-02-29,20260209_053018,20260209_053018-0021,2016-02-18 03:58:45.006000,2016-02-18 04:00:28.683000,買い,114.07900,113.97900,1.00,-10.00,185.00,水平線手前,損切,支持抵抗,0,114.07900
2016-02-01,2016-02-29,20260209_053018,20260209_053018-0022,2016-02-25 22:30:03.765000,2016-02-25 22:41:00.752000,売り,112.66800,112.51800,1.00,15.00,200.00,水平線手前,利確,支持抵抗,0,112.66800
2016-02-01,2016-02-29,20260209_053018,20260209_053018-0023,2016-02-26 22:30:04.295000,2016-02-26 22:33:20.034000,売り,113.19500,113.29500,1.00,-10.00,190.00,水平線手前,損切,支持抵抗,0,113.19500
2016-03-01,2016-03-31,20260209_053107,20260209_053107-0001,2016-03-02 22:15:01.117000,2016-03-02 22:15:15.309000,売り,114.42500,114.52500,1.00,-10.00,180.00,水平線手前,損切,支持抵抗,0,114.42500
2016-03-01,2016-03-31,20260209_053107,20260209_053107-0002,2016-03-02 22:15:02.005000,2016-03-02 22:19:36.671000,売り,114.43300,114.53300,1.00,-10.00,170.00,水平線手前,損切,支持抵抗,0,114.43300
2016-03-01,2016-03-31,20260209_053107,20260209_053107-0003,2016-03-02 23:38:51.011000,2016-03-02 23:39:32.605000,買い,113.97900,113.87900,1.00,-10.00,160.00,水平線手前,損切,支持抵抗,0,113.97900
2016-03-01,2016-03-31,20260209_053107,20260209_053107-0004,2016-03-03 00:30:12.860000,2016-03-03 00:36:07.251000,買い,113.70800,113.85800,1.00,15.00,175.00,水平線手前,利確,支持抵抗,0,113.70800
2016-03-01,2016-03-31,20260209_053107,20260209_053107-0005,2016-03-04 23:53:17.825000,2016-03-04 23:55:57.707000,買い,113.26000,113.16000,1.00,-10.00,165.00,水平線手前,損切,支持抵抗,0,113.26000
2016-03-01,2016-03-31,20260209_053107,20260209_053107-0006,2016-03-04 23:53:18.599000,2016-03-04 23:55:57.809000,買い,113.25400,113.15400,1.00,-10.00,155.00,水平線手前,損切,支持抵抗,0,113.25400
2016-03-01,2016-03-31,20260209_053107,20260209_053107-0007,2016-03-04 23:55:57.809000,2016-03-04 23:59:21.001000,買い,113.16000,113.31000,1.00,15.00,170.00,水平線手前,利確,支持抵抗,0,113.16000
2016-03-01,2016-03-31,20260209_053107,20260209_053107-0008,2016-03-10 21:46:36.793000,2016-03-10 21:47:34.696000,売り,113.77600,113.87600,1.00,-10.00,160.00,水平線手前,損切,支持抵抗,0,113.77600
2016-03-01,2016-03-31,20260209_053107,20260209_053107-0009,2016-03-10 21:46:37.509000,2016-03-10 21:47:36.079000,売り,113.79000,113.89000,1.00,-10.00,150.00,水平線手前,損切,支持抵抗,0,113.79000
2016-03-01,2016-03-31,20260209_053107,20260209_053107-0010,2016-03-15 11:47:06.480000,2016-03-15 11:47:07.831000,売り,113.91500,114.01500,1.00,-10.00,140.00,水平線手前,損切,支持抵抗,0,113.91500
2016-03-01,2016-03-31,20260209_053107,20260209_053107-0011,2016-03-15 11:47:07.831000,2016-03-15 11:47:10.796000,売り,114.01300,113.86300,1.00,15.00,155.00,水平線手前,利確,支持抵抗,0,114.01300
2016-03-01,2016-03-31,20260209_053107,20260209_053107-0012,2016-03-15 12:31:55.611000,2016-03-15 12:31:58.157000,売り,114.11700,113.96700,1.00,15.00,170.00,水平線手前,利確,支持抵抗,0,114.11700
2016-03-01,2016-03-31,20260209_053107,20260209_053107-0013,2016-03-15 12:35:07.930000,2016-03-15 12:35:12.077000,買い,113.63500,113.78500,1.00,15.00,185.00,水平線手前,利確,支持抵抗,0,113.63500
2016-03-01,2016-03-31,20260209_053107,20260209_053107-0014,2016-03-15 12:41:04.243000,2016-03-15 12:46:03.669000,買い,113.54600,113.69600,1.00,15.00,200.00,水平線手前,利確,支持抵抗,0,113.54600
2016-03-01,2016-03-31,20260209_053107,20260209_053107-0015,2016-03-16 21:30:04.594000,2016-03-16 22:00:55.489000,売り,113.75500,113.60500,1.00,15.00,215.00,水平線手前,利確,支持抵抗,0,113.75500
2016-03-01,2016-03-31,20260209_053107,20260209_053107-0016,2016-03-16 21:30:03.160000,2016-03-16 22:01:09.312000,売り,113.74100,113.59100,1.00,15.00,230.00,水平線手前,利確,支持抵抗,0,113.74100
2016-03-01,2016-03-31,20260209_053107,20260209_053107-0017,2016-03-17 03:01:25.467000,2016-03-17 03:02:14.982000,買い,113.30900,113.20900,1.00,-10.00,220.00,水平線手前,損切,支持抵抗,0,113.30900
2016-03-01,2016-03-31,20260209_053107,20260209_053107-0018,2016-03-17 20:45:05.656000,2016-03-17 20:52:38.913000,買い,110.79100,110.94100,1.00,15.00,235.00,水平線手前,利確,支持抵抗,0,110.79100
2016-03-01,2016-03-31,20260209_053107,20260209_053107-0019,2016-03-30 01:20:07.056000,2016-03-30 01:20:19.486000,買い,113.27900,113.17900,1.00,-10.00,225.00,水平線手前,損切,支持抵抗,0,113.27900
2016-03-01,2016-03-31,20260209_053107,20260209_053107-0020,2016-03-30 01:20:13.159000,2016-03-30 01:20:21.961000,買い,113.26500,113.16500,1.00,-10.00,215.00,水平線手前,損切,支持抵抗,0,113.26500
2016-04-01,2016-04-30,20260209_053150,20260209_053150-0001,2016-04-01 21:40:27.835000,2016-04-01 21:43:41.611000,買い,111.84600,111.99600,1.00,15.00,230.00,水平線手前,利確,支持抵抗,0,111.84600
2016-04-01,2016-04-30,20260209_053150,20260209_053150-0002,2016-04-06 23:22:17.283000,2016-04-06 23:22:21.961000,売り,110.38300,110.23300,1.00,15.00,245.00,水平線手前,利確,支持抵抗,0,110.38300
2016-04-01,2016-04-30,20260209_053150,20260209_053150-0003,2016-04-07 16:15:54.358000,2016-04-07 16:35:53.143000,買い,108.76800,108.66800,1.00,-10.00,235.00,水平線手前,損切,支持抵抗,0,108.76800
2016-04-01,2016-04-30,20260209_053150,20260209_053150-0004,2016-04-07 22:34:55.782000,2016-04-07 22:35:14.209000,買い,107.94600,108.09600,1.00,15.00,250.00,水平線手前,利確,支持抵抗,0,107.94600
2016-04-01,2016-04-30,20260209_053150,20260209_053150-0005,2016-04-22 13:44:28.986000,2016-04-22 13:49:26.737000,売り,110.15600,110.00600,1.00,15.00,265.00,水平線手前,利確,支持抵抗,0,110.15600
2016-04-01,2016-04-30,20260209_053150,20260209_053150-0006,2016-04-25 21:08:21.662000,2016-04-25 21:38:14.175000,買い,110.87300,111.02300,1.00,15.00,280.00,水平線手前,利確,支持抵抗,0,110.87300
2016-04-01,2016-04-30,20260209_053150,20260209_053150-0007,2016-04-28 12:01:06.482000,2016-04-28 12:01:07.393000,買い,111.10100,111.00100,1.00,-10.00,270.00,水平線手前,損切,支持抵抗,0,111.10100
2016-04-01,2016-04-30,20260209_053150,20260209_053150-0008,2016-04-28 12:01:06.601000,2016-04-28 12:01:07.812000,買い,111.05800,110.95800,1.00,-10.00,260.00,水平線手前,損切,支持抵抗,0,111.05800
2016-04-01,2016-04-30,20260209_053150,20260209_053150-0009,2016-04-28 12:01:09.162000,2016-04-28 12:01:09.936000,買い,110.69800,110.59800,1.00,-10.00,250.00,水平線手前,損切,支持抵抗,0,110.69800
2016-04-01,2016-04-30,20260209_053150,20260209_053150-0010,2016-04-28 12:02:40.377000,2016-04-28 12:02:42.855000,買い,109.36900,109.26900,1.00,-10.00,240.00,水平線手前,損切,支持抵抗,0,109.36900
2016-04-01,2016-04-30,20260209_053150,20260209_053150-0011,2016-04-28 12:02:42.753000,2016-04-28 12:03:13.359000,買い,109.29400,109.19400,1.00,-10.00,230.00,水平線手前,損切,支持抵抗,0,109.29400
2016-04-01,2016-04-30,20260209_053150,20260209_053150-0012,2016-04-28 12:03:19.827000,2016-04-28 12:03:24.167000,買い,109.15600,109.05600,1.00,-10.00,220.00,水平線手前,損切,支持抵抗,0,109.15600
2016-04-01,2016-04-30,20260209_053150,20260209_053150-0013,2016-04-28 12:03:45.590000,2016-04-28 12:04:04.229000,買い,108.78900,108.93900,1.00,15.00,235.00,水平線手前,利確,支持抵抗,0,108.78900
2016-04-01,2016-04-30,20260209_053150,20260209_053150-0014,2016-04-28 12:03:44.291000,2016-04-28 12:04:04.541000,買い,108.79200,108.94200,1.00,15.00,250.00,水平線手前,利確,支持抵抗,0,108.79200
2016-04-01,2016-04-30,20260209_053150,20260209_053150-0015,2016-04-30 00:20:28.922000,2016-04-30 00:21:03.576000,買い,106.65300,106.80300,1.00,15.00,265.00,水平線手前,利確,支持抵抗,0,106.65300
2016-05-01,2016-05-31,20260209_053226,20260209_053226-0001,2016-05-04 21:15:00.534000,2016-05-04 21:22:07.694000,買い,106.44200,106.34200,1.00,-10.00,255.00,水平線手前,損切,支持抵抗,0,106.44200
2016-05-01,2016-05-31,20260209_053226,20260209_053226-0002,2016-05-06 21:29:47.050000,2016-05-06 21:29:50.903000,買い,106.83400,106.73400,1.00,-10.00,245.00,水平線手前,損切,支持抵抗,0,106.83400
2016-05-01,2016-05-31,20260209_053226,20260209_053226-0003,2016-05-06 21:29:48.781000,2016-05-06 21:29:51.434000,買い,106.80800,106.70800,1.00,-10.00,235.00,水平線手前,損切,支持抵抗,0,106.80800
2016-05-01,2016-05-31,20260209_053226,20260209_053226-0004,2016-05-06 21:30:24.897000,2016-05-06 21:30:57.364000,買い,106.47300,106.62300,1.00,15.00,250.00,水平線手前,利確,支持抵抗,0,106.47300
2016-05-01,2016-05-31,20260209_053226,20260209_053226-0005,2016-05-13 23:00:34.245000,2016-05-13 23:02:07.720000,売り,109.53800,109.38800,1.00,15.00,265.00,水平線手前,利確,支持抵抗,0,109.53800
2016-05-01,2016-05-31,20260209_053226,20260209_053226-0006,2016-05-17 21:30:05.058000,2016-05-17 21:36:36.446000,売り,109.62200,109.47200,1.00,15.00,280.00,水平線手前,利確,支持抵抗,0,109.62200
2016-05-01,2016-05-31,20260209_053226,20260209_053226-0007,2016-05-19 03:00:07.424000,2016-05-19 03:04:16.076000,売り,109.80900,109.90900,1.00,-10.00,270.00,水平線手前,損切,支持抵抗,0,109.80900
2016-05-01,2016-05-31,20260209_053226,20260209_053226-0008,2016-05-23 18:52:10.762000,2016-05-23 19:36:59.531000,買い,109.34400,109.49400,1.00,15.00,285.00,水平線手前,利確,支持抵抗,0,109.34400
2016-05-01,2016-05-31,20260209_053226,20260209_053226-0009,2016-05-23 18:52:07.519000,2016-05-23 19:38:32.674000,買い,109.36100,109.51100,1.00,15.00,300.00,水平線手前,利確,支持抵抗,0,109.36100
2016-05-01,2016-05-31,20260209_053226,20260209_053226-0010,2016-05-26 21:30:06.315000,2016-05-26 21:31:12.736000,売り,110.18300,110.03300,1.00,15.00,315.00,水平線手前,利確,支持抵抗,0,110.18300
2016-06-01,2016-06-30,20260209_053311,20260209_053311-0001,2016-06-02 11:24:31.928000,2016-06-02 11:35:12.338000,買い,108.86900,109.01900,1.00,15.00,330.00,水平線手前,利確,支持抵抗,0,108.86900
2016-06-01,2016-06-30,20260209_053311,20260209_053311-0002,2016-06-03 21:30:01.773000,2016-06-03 21:30:02.628000,買い,108.50900,108.40900,1.00,-10.00,320.00,水平線手前,損切,支持抵抗,0,108.50900
2016-06-01,2016-06-30,20260209_053311,20260209_053311-0003,2016-06-03 23:30:54.177000,2016-06-03 23:35:48.425000,買い,106.72700,106.87700,1.00,15.00,335.00,水平線手前,利確,支持抵抗,0,106.72700
2016-06-01,2016-06-30,20260209_053311,20260209_053311-0004,2016-06-07 01:30:07.019000,2016-06-07 01:30:08.733000,売り,107.42600,107.52600,1.00,-10.00,325.00,水平線手前,損切,支持抵抗,0,107.42600
2016-06-01,2016-06-30,20260209_053311,20260209_053311-0005,2016-06-07 01:30:08.733000,2016-06-07 01:30:55.676000,売り,107.54000,107.39000,1.00,15.00,340.00,水平線手前,利確,支持抵抗,0,107.54000
2016-06-01,2016-06-30,20260209_053311,20260209_053311-0006,2016-06-14 14:00:33.842000,2016-06-14 15:45:27.460000,買い,105.87400,105.77400,1.00,-10.00,330.00,水平線手前,損切,支持抵抗,0,105.87400
2016-06-01,2016-06-30,20260209_053311,20260209_053311-0007,2016-06-14 21:30:04.990000,2016-06-14 21:31:45.824000,売り,106.09600,105.94600,1.00,15.00,345.00,水平線手前,利確,支持抵抗,0,106.09600
2016-06-01,2016-06-30,20260209_053311,20260209_053311-0008,2016-06-16 02:59:50.242000,2016-06-16 03:00:01.317000,買い,105.74200,105.64200,1.00,-10.00,335.00,水平線手前,損切,支持抵抗,0,105.74200
2016-06-01,2016-06-30,20260209_053311,20260209_053311-0009,2016-06-16 03:16:37.626000,2016-06-16 03:17:09.000000,買い,105.46000,105.61000,1.00,15.00,350.00,水平線手前,利確,支持抵抗,0,105.46000
2016-06-01,2016-06-30,20260209_053311,20260209_053311-0010,2016-06-16 11:45:46.364000,2016-06-16 11:46:06.237000,買い,104.55500,104.70500,1.00,15.00,365.00,水平線手前,利確,支持抵抗,0,104.55500
2016-06-01,2016-06-30,20260209_053311,20260209_053311-0011,2016-06-16 13:50:24.008000,2016-06-16 14:07:39.286000,買い,104.20300,104.10300,1.00,-10.00,355.00,水平線手前,損切,支持抵抗,0,104.20300
2016-06-01,2016-06-30,20260209_053311,20260209_053311-0012,2016-06-16 15:56:35.341000,2016-06-16 16:00:01.667000,買い,103.57800,103.72800,1.00,15.00,370.00,水平線手前,利確,支持抵抗,0,103.57800
2016-06-01,2016-06-30,20260209_053311,20260209_053311-0013,2016-06-21 02:30:56.354000,2016-06-21 03:34:37.754000,買い,103.95300,103.85300,1.00,-10.00,360.00,水平線手前,損切,支持抵抗,0,103.95300
2016-06-01,2016-06-30,20260209_053311,20260209_053311-0014,2016-06-23 15:10:32.553000,2016-06-23 15:10:33.546000,買い,104.37400,104.27400,1.00,-10.00,350.00,水平線手前,損切,支持抵抗,0,104.37400
2016-06-01,2016-06-30,20260209_053311,20260209_053311-0015,2016-06-23 15:10:32.811000,2016-06-23 15:10:33.649000,買い,104.35500,104.25500,1.00,-10.00,340.00,水平線手前,損切,支持抵抗,0,104.35500
2016-06-01,2016-06-30,20260209_053311,20260209_053311-0016,2016-06-23 15:10:33.342000,2016-06-23 15:10:33.785000,買い,104.31800,104.21800,1.00,-10.00,330.00,水平線手前,損切,支持抵抗,0,104.31800
2016-06-01,2016-06-30,20260209_053311,20260209_053311-0017,2016-06-23 15:10:36.941000,2016-06-23 15:10:43.214000,買い,104.06200,104.21200,1.00,15.00,345.00,水平線手前,利確,支持抵抗,0,104.06200
2016-06-01,2016-06-30,20260209_053311,20260209_053311-0018,2016-06-23 19:44:37.747000,2016-06-23 19:56:44.116000,売り,105.83900,105.68900,1.00,15.00,360.00,水平線手前,利確,支持抵抗,0,105.83900
2016-06-01,2016-06-30,20260209_053311,20260209_053311-0019,2016-06-24 11:41:26.399000,2016-06-24 11:41:46.997000,買い,103.02500,102.92500,1.00,-10.00,350.00,水平線手前,損切,支持抵抗,0,103.02500
2016-06-01,2016-06-30,20260209_053311,20260209_053311-0020,2016-06-24 11:43:48.375000,2016-06-24 11:43:48.679000,買い,98.99500,99.14500,1.00,15.00,365.00,水平線手前,利確,支持抵抗,0,98.99500
2016-06-01,2016-06-30,20260209_053311,20260209_053311-0021,2016-06-24 21:12:38.444000,2016-06-24 21:12:58.889000,売り,102.75500,102.60500,1.00,15.00,380.00,水平線手前,利確,支持抵抗,0,102.75500
2016-06-01,2016-06-30,20260209_053311,20260209_053311-0022,2016-06-27 16:32:14.769000,2016-06-27 16:39:20.089000,売り,102.15700,102.00700,1.00,15.00,395.00,水平線手前,利確,支持抵抗,0,102.15700
2016-06-01,2016-06-30,20260209_053311,20260209_053311-0023,2016-06-27 20:45:55.095000,2016-06-27 20:51:32.679000,買い,101.52400,101.42400,1.00,-10.00,385.00,水平線手前,損切,支持抵抗,0,101.52400
2016-06-01,2016-06-30,20260209_053311,20260209_053311-0024,2016-06-27 20:51:32.627000,2016-06-27 21:01:05.320000,買い,101.43600,101.58600,1.00,15.00,400.00,水平線手前,利確,支持抵抗,0,101.43600
2016-06-01,2016-06-30,20260209_053311,20260209_053311-0025,2016-06-28 18:39:18.370000,2016-06-28 18:51:03.306000,売り,102.31300,102.41300,1.00,-10.00,390.00,水平線手前,損切,支持抵抗,0,102.31300
2016-07-01,2016-07-31,20260209_053423,20260209_053423-0001,2016-07-05 15:06:20.760000,2016-07-05 15:37:46.774000,買い,101.89600,102.04600,1.00,15.00,405.00,水平線手前,利確,支持抵抗,0,101.89600
2016-07-01,2016-07-31,20260209_053423,20260209_053423-0002,2016-07-06 12:36:58.654000,2016-07-06 12:51:54.562000,売り,101.01600,100.86600,1.00,15.00,420.00,水平線手前,利確,支持抵抗,0,101.01600
2016-07-01,2016-07-31,20260209_053423,20260209_053423-0003,2016-07-06 18:09:48.337000,2016-07-06 19:23:15.571000,買い,100.43700,100.33700,1.00,-10.00,410.00,水平線手前,損切,支持抵抗,0,100.43700
2016-07-01,2016-07-31,20260209_053423,20260209_053423-0004,2016-07-08 21:29:52.511000,2016-07-08 21:30:02.259000,買い,100.26700,100.41700,1.00,15.00,425.00,水平線手前,利確,支持抵抗,0,100.26700
2016-07-01,2016-07-31,20260209_053423,20260209_053423-0005,2016-07-08 21:29:52.562000,2016-07-08 21:30:02.259000,買い,100.26000,100.41000,1.00,15.00,440.00,水平線手前,利確,支持抵抗,0,100.26000
2016-07-01,2016-07-31,20260209_053423,20260209_053423-0006,2016-07-08 21:29:54.847000,2016-07-08 21:30:02.259000,買い,100.23600,100.38600,1.00,15.00,455.00,水平線手前,利確,支持抵抗,0,100.23600
2016-07-01,2016-07-31,20260209_053423,20260209_053423-0007,2016-07-08 21:30:02.259000,2016-07-08 21:30:02.367000,売り,100.76300,100.86300,1.00,-10.00,445.00,水平線手前,損切,支持抵抗,0,100.76300
2016-07-01,2016-07-31,20260209_053423,20260209_053423-0008,2016-07-08 21:30:03.515000,2016-07-08 21:30:05.531000,売り,100.94600,101.04600,1.00,-10.00,435.00,水平線手前,損切,支持抵抗,0,100.94600
2016-07-01,2016-07-31,20260209_053423,20260209_053423-0009,2016-07-08 21:30:12.313000,2016-07-08 21:31:07.964000,売り,101.25400,101.10400,1.00,15.00,450.00,水平線手前,利確,支持抵抗,0,101.25400
2016-07-01,2016-07-31,20260209_053423,20260209_053423-0010,2016-07-08 21:30:10.390000,2016-07-08 21:31:10.913000,売り,101.23300,101.08300,1.00,15.00,465.00,水平線手前,利確,支持抵抗,0,101.23300
2016-07-01,2016-07-31,20260209_053423,20260209_053423-0011,2016-07-08 21:30:16.032000,2016-07-08 21:31:14.886000,売り,101.20100,101.05100,1.00,15.00,480.00,水平線手前,利確,支持抵抗,0,101.20100
2016-07-01,2016-07-31,20260209_053423,20260209_053423-0012,2016-07-12 15:52:07.708000,2016-07-12 16:17:55.356000,売り,103.37300,103.47300,1.00,-10.00,470.00,水平線手前,損切,支持抵抗,0,103.37300
2016-07-01,2016-07-31,20260209_053423,20260209_053423-0013,2016-07-21 17:35:57.710000,2016-07-21 17:37:35.034000,買い,105.95000,106.10000,1.00,15.00,485.00,水平線手前,利確,支持抵抗,0,105.95000
2016-07-01,2016-07-31,20260209_053423,20260209_053423-0014,2016-07-21 18:35:45.275000,2016-07-21 18:44:31.648000,買い,105.45700,105.60700,1.00,15.00,500.00,水平線手前,利確,支持抵抗,0,105.45700
2016-07-01,2016-07-31,20260209_053423,20260209_053423-0015,2016-07-26 13:29:38.947000,2016-07-26 14:33:05.769000,買い,104.31000,104.46000,1.00,15.00,515.00,水平線手前,利確,支持抵抗,0,104.31000
2016-07-01,2016-07-31,20260209_053423,20260209_053423-0016,2016-07-27 02:09:30.764000,2016-07-27 02:21:31.477000,売り,104.95200,104.80200,1.00,15.00,530.00,水平線手前,利確,支持抵抗,0,104.95200
2016-07-01,2016-07-31,20260209_053423,20260209_053423-0017,2016-07-27 14:05:15.044000,2016-07-27 14:05:30.157000,売り,106.11600,105.96600,1.00,15.00,545.00,水平線手前,利確,支持抵抗,0,106.11600
2016-07-01,2016-07-31,20260209_053423,20260209_053423-0018,2016-07-28 03:00:18.333000,2016-07-28 03:01:11.462000,売り,105.85400,105.95400,1.00,-10.00,535.00,水平線手前,損切,支持抵抗,0,105.85400
2016-07-01,2016-07-31,20260209_053423,20260209_053423-0019,2016-07-28 03:59:58.497000,2016-07-28 04:42:41.656000,買い,105.37000,105.27000,1.00,-10.00,525.00,水平線手前,損切,支持抵抗,0,105.37000
2016-07-01,2016-07-31,20260209_053423,20260209_053423-0020,2016-07-28 15:10:14.120000,2016-07-28 15:11:34.145000,買い,104.50400,104.65400,1.00,15.00,540.00,水平線手前,利確,支持抵抗,0,104.50400
2016-07-01,2016-07-31,20260209_053423,20260209_053423-0021,2016-07-29 12:44:09.039000,2016-07-29 12:44:10.314000,売り,105.47600,105.57600,1.00,-10.00,530.00,水平線手前,損切,支持抵抗,0,105.47600
2016-07-01,2016-07-31,20260209_053423,20260209_053423-0022,2016-07-29 12:44:10.994000,2016-07-29 12:44:13.077000,売り,105.59000,105.44000,1.00,15.00,545.00,水平線手前,利確,支持抵抗,0,105.59000
2016-07-01,2016-07-31,20260209_053423,20260209_053423-0023,2016-07-29 12:44:31.034000,2016-07-29 12:44:32.590000,買い,103.37200,103.27200,1.00,-10.00,535.00,水平線手前,損切,支持抵抗,0,103.37200
2016-07-01,2016-07-31,20260209_053423,20260209_053423-0024,2016-07-29 12:44:44.211000,2016-07-29 12:44:48.143000,買い,102.85500,103.00500,1.00,15.00,550.00,水平線手前,利確,支持抵抗,0,102.85500
2016-07-01,2016-07-31,20260209_053423,20260209_053423-0025,2016-07-29 12:51:16.774000,2016-07-29 12:51:40.548000,買い,102.74000,102.89000,1.00,15.00,565.00,水平線手前,利確,支持抵抗,0,102.74000
2016-07-01,2016-07-31,20260209_053423,20260209_053423-0026,2016-07-29 15:37:43.700000,2016-07-29 15:38:57.074000,買い,103.17400,103.32400,1.00,15.00,580.00,水平線手前,利確,支持抵抗,0,103.17400
2016-07-01,2016-07-31,20260209_053423,20260209_053423-0027,2016-07-29 21:30:01.581000,2016-07-29 21:32:17.019000,買い,103.22600,103.12600,1.00,-10.00,570.00,水平線手前,損切,支持抵抗,0,103.22600
2016-07-01,2016-07-31,20260209_053423,20260209_053423-0028,2016-07-29 22:04:52.491000,2016-07-29 22:09:48.914000,買い,102.65800,102.80800,1.00,15.00,585.00,水平線手前,利確,支持抵抗,0,102.65800
2016-08-01,2016-08-31,20260209_053603,20260209_053603-0001,2016-08-02 17:11:08.795000,2016-08-02 17:17:15.450000,買い,101.65200,101.55200,1.00,-10.00,575.00,水平線手前,損切,支持抵抗,0,101.65200
2016-08-01,2016-08-31,20260209_053603,20260209_053603-0002,2016-08-12 21:30:02.138000,2016-08-12 21:30:10.614000,買い,101.67400,101.57400,1.00,-10.00,565.00,水平線手前,損切,支持抵抗,0,101.67400
2016-08-01,2016-08-31,20260209_053603,20260209_053603-0003,2016-08-16 11:38:25.769000,2016-08-16 11:40:23.036000,買い,100.71600,100.61600,1.00,-10.00,555.00,水平線手前,損切,支持抵抗,0,100.71600
2016-08-01,2016-08-31,20260209_053603,20260209_053603-0004,2016-08-16 21:30:01.804000,2016-08-16 21:34:09.167000,買い,99.57300,99.72300,1.00,15.00,570.00,水平線手前,利確,支持抵抗,0,99.57300
2016-08-01,2016-08-31,20260209_053603,20260209_053603-0005,2016-08-17 13:52:57.782000,2016-08-17 14:03:14.472000,売り,100.91100,101.01100,1.00,-10.00,560.00,水平線手前,損切,支持抵抗,0,100.91100
2016-08-01,2016-08-31,20260209_053603,20260209_053603-0006,2016-08-18 13:56:26.208000,2016-08-18 13:56:56.571000,売り,100.32100,100.17100,1.00,15.00,575.00,水平線手前,利確,支持抵抗,0,100.32100
2016-08-01,2016-08-31,20260209_053603,20260209_053603-0007,2016-08-18 18:10:36.072000,2016-08-18 18:19:17.255000,売り,100.47100,100.32100,1.00,15.00,590.00,水平線手前,利確,支持抵抗,0,100.47100
2016-08-01,2016-08-31,20260209_053603,20260209_053603-0008,2016-08-26 23:00:06.893000,2016-08-26 23:00:09.997000,売り,100.59800,100.69800,1.00,-10.00,580.00,水平線手前,損切,支持抵抗,0,100.59800
2016-08-01,2016-08-31,20260209_053603,20260209_053603-0009,2016-08-26 23:00:07.052000,2016-08-26 23:00:23.903000,売り,100.60200,100.70200,1.00,-10.00,570.00,水平線手前,損切,支持抵抗,0,100.60200
2016-08-01,2016-08-31,20260209_053603,20260209_053603-0010,2016-08-26 23:14:30.257000,2016-08-26 23:14:31.545000,買い,100.23500,100.13500,1.00,-10.00,560.00,水平線手前,損切,支持抵抗,0,100.23500
2016-08-01,2016-08-31,20260209_053603,20260209_053603-0011,2016-08-26 23:17:00.501000,2016-08-26 23:33:11.705000,買い,100.10100,100.25100,1.00,15.00,575.00,水平線手前,利確,支持抵抗,0,100.10100
2016-08-01,2016-08-31,20260209_053603,20260209_053603-0012,2016-08-26 23:14:32.265000,2016-08-26 23:33:15.523000,買い,100.11500,100.26500,1.00,15.00,590.00,水平線手前,利確,支持抵抗,0,100.11500
2016-09-01,2016-09-30,20260209_053751,20260209_053751-0001,2016-09-02 21:30:02.733000,2016-09-02 21:30:39.352000,買い,103.13800,103.03800,1.00,-10.00,580.00,水平線手前,損切,支持抵抗,0,103.13800
2016-09-01,2016-09-30,20260209_053751,20260209_053751-0002,2016-09-02 21:30:03.159000,2016-09-02 21:30:40.992000,買い,103.09100,102.99100,1.00,-10.00,570.00,水平線手前,損切,支持抵抗,0,103.09100
2016-09-01,2016-09-30,20260209_053751,20260209_053751-0003,2016-09-06 23:00:00.348000,2016-09-06 23:00:03.763000,買い,103.15600,103.05600,1.00,-10.00,560.00,水平線手前,損切,支持抵抗,0,103.15600
2016-09-01,2016-09-30,20260209_053751,20260209_053751-0004,2016-09-12 20:57:27.197000,2016-09-12 21:05:34.974000,買い,101.75800,101.90800,1.00,15.00,575.00,水平線手前,利確,支持抵抗,0,101.75800
2016-09-01,2016-09-30,20260209_053751,20260209_053751-0005,2016-09-13 02:15:09.841000,2016-09-13 02:19:15.237000,買い,101.60100,101.75100,1.00,15.00,590.00,水平線手前,利確,支持抵抗,0,101.60100
2016-09-01,2016-09-30,20260209_053751,20260209_053751-0006,2016-09-14 02:02:09.354000,2016-09-14 02:04:45.760000,売り,102.39400,102.49400,1.00,-10.00,580.00,水平線手前,損切,支持抵抗,0,102.39400
2016-09-01,2016-09-30,20260209_053751,20260209_053751-0007,2016-09-14 20:10:38.415000,2016-09-14 20:24:42.066000,買い,102.51000,102.66000,1.00,15.00,595.00,水平線手前,利確,支持抵抗,0,102.51000
2016-09-01,2016-09-30,20260209_053751,20260209_053751-0008,2016-09-15 00:09:19.905000,2016-09-15 02:01:13.240000,買い,102.34700,102.49700,1.00,15.00,610.00,水平線手前,利確,支持抵抗,0,102.34700
2016-09-01,2016-09-30,20260209_053751,20260209_053751-0009,2016-09-15 21:30:01.678000,2016-09-15 21:30:44.889000,買い,101.96900,102.11900,1.00,15.00,625.00,水平線手前,利確,支持抵抗,0,101.96900
2016-09-01,2016-09-30,20260209_053751,20260209_053751-0010,2016-09-15 21:30:02.669000,2016-09-15 21:30:44.889000,買い,101.97600,102.12600,1.00,15.00,640.00,水平線手前,利確,支持抵抗,0,101.97600
2016-09-01,2016-09-30,20260209_053751,20260209_053751-0011,2016-09-21 11:55:07.029000,2016-09-21 11:55:08.153000,買い,101.44500,101.34500,1.00,-10.00,630.00,水平線手前,損切,支持抵抗,0,101.44500
2016-09-01,2016-09-30,20260209_053751,20260209_053751-0012,2016-09-21 11:55:07.249000,2016-09-21 11:55:08.153000,買い,101.42000,101.32000,1.00,-10.00,620.00,水平線手前,損切,支持抵抗,0,101.42000
2016-09-01,2016-09-30,20260209_053751,20260209_053751-0013,2016-09-21 11:55:08.153000,2016-09-21 11:55:09.324000,買い,101.30700,101.45700,1.00,15.00,635.00,水平線手前,利確,支持抵抗,0,101.30700
2016-09-01,2016-09-30,20260209_053751,20260209_053751-0014,2016-09-21 11:55:09.622000,2016-09-21 11:55:10.343000,買い,101.44000,101.34000,1.00,-10.00,625.00,水平線手前,損切,支持抵抗,0,101.44000
2016-09-01,2016-09-30,20260209_053751,20260209_053751-0015,2016-09-21 11:55:15.160000,2016-09-21 11:55:19.782000,買い,101.22800,101.37800,1.00,15.00,640.00,水平線手前,利確,支持抵抗,0,101.22800
2016-09-01,2016-09-30,20260209_053751,20260209_053751-0016,2016-09-21 11:55:12.166000,2016-09-21 11:55:20.640000,買い,101.24300,101.39300,1.00,15.00,655.00,水平線手前,利確,支持抵抗,0,101.24300
2016-09-01,2016-09-30,20260209_053751,20260209_053751-0017,2016-09-21 12:57:04.417000,2016-09-21 12:57:07.973000,売り,101.97600,101.82600,1.00,15.00,670.00,水平線手前,利確,支持抵抗,0,101.97600
2016-09-01,2016-09-30,20260209_053751,20260209_053751-0018,2016-09-21 12:57:17.602000,2016-09-21 13:00:51.984000,売り,101.94400,102.04400,1.00,-10.00,660.00,水平線手前,損切,支持抵抗,0,101.94400
2016-09-01,2016-09-30,20260209_053751,20260209_053751-0019,2016-09-21 13:00:54.171000,2016-09-21 13:05:24.231000,売り,102.06000,101.91000,1.00,15.00,675.00,水平線手前,利確,支持抵抗,0,102.06000
2016-09-01,2016-09-30,20260209_053751,20260209_053751-0020,2016-09-21 13:18:29.172000,2016-09-21 13:18:36.542000,買い,101.03900,101.18900,1.00,15.00,690.00,水平線手前,利確,支持抵抗,0,101.03900
2016-09-01,2016-09-30,20260209_053751,20260209_053751-0021,2016-09-21 13:28:41.867000,2016-09-21 13:30:01.663000,売り,102.43700,102.28700,1.00,15.00,705.00,水平線手前,利確,支持抵抗,0,102.43700
2016-09-01,2016-09-30,20260209_053751,20260209_053751-0022,2016-09-21 13:30:41.063000,2016-09-21 13:30:54.999000,売り,102.44000,102.54000,1.00,-10.00,695.00,水平線手前,損切,支持抵抗,0,102.44000
2016-09-01,2016-09-30,20260209_053751,20260209_053751-0023,2016-09-21 21:35:25.182000,2016-09-21 21:44:55.056000,買い,100.64600,100.79600,1.00,15.00,710.00,水平線手前,利確,支持抵抗,0,100.64600
2016-09-01,2016-09-30,20260209_053751,20260209_053751-0024,2016-09-22 03:00:09.173000,2016-09-22 03:00:18.666000,買い,100.57500,100.72500,1.00,15.00,725.00,水平線手前,利確,支持抵抗,0,100.57500
2016-10-01,2016-10-31,20260209_053911,20260209_053911-0001,2016-10-05 23:00:00.374000,2016-10-05 23:00:09.205000,売り,103.25900,103.35900,1.00,-10.00,715.00,水平線手前,損切,支持抵抗,0,103.25900
2016-10-01,2016-10-31,20260209_053911,20260209_053911-0002,2016-10-07 21:30:01.282000,2016-10-07 21:30:03.552000,買い,103.43200,103.33200,1.00,-10.00,705.00,水平線手前,損切,支持抵抗,0,103.43200
2016-10-01,2016-10-31,20260209_053911,20260209_053911-0003,2016-10-07 21:30:02.606000,2016-10-07 21:30:04.941000,買い,103.37000,103.27000,1.00,-10.00,695.00,水平線手前,損切,支持抵抗,0,103.37000
2016-10-01,2016-10-31,20260209_053911,20260209_053911-0004,2016-10-07 21:30:04.226000,2016-10-07 21:30:09.440000,買い,103.28900,103.43900,1.00,15.00,710.00,水平線手前,利確,支持抵抗,0,103.28900
2016-10-01,2016-10-31,20260209_053911,20260209_053911-0005,2016-10-17 21:30:13.907000,2016-10-18 02:06:14.149000,買い,103.97000,103.87000,1.00,-10.00,700.00,水平線手前,損切,支持抵抗,0,103.97000
2016-10-01,2016-10-31,20260209_053911,20260209_053911-0006,2016-10-19 18:58:01.932000,2016-10-19 20:57:05.120000,買い,103.28800,103.43800,1.00,15.00,715.00,水平線手前,利確,支持抵抗,0,103.28800
2016-11-01,2016-11-30,20260209_053958,20260209_053958-0001,2016-11-03 03:00:00.988000,2016-11-03 03:00:53.714000,売り,103.42200,103.27200,1.00,15.00,730.00,水平線手前,利確,支持抵抗,0,103.42200
2016-11-01,2016-11-30,20260209_053958,20260209_053958-0002,2016-11-09 11:00:04.671000,2016-11-09 11:00:13.022000,買い,104.39300,104.29300,1.00,-10.00,720.00,水平線手前,損切,支持抵抗,0,104.39300
2016-11-01,2016-11-30,20260209_053958,20260209_053958-0003,2016-11-09 11:00:13.077000,2016-11-09 11:00:21.426000,買い,104.29100,104.19100,1.00,-10.00,710.00,水平線手前,損切,支持抵抗,0,104.29100
2016-11-01,2016-11-30,20260209_053958,20260209_053958-0004,2016-11-09 11:02:05.102000,2016-11-09 11:02:31.038000,買い,103.87800,104.02800,1.00,15.00,725.00,水平線手前,利確,支持抵抗,0,103.87800
2016-11-01,2016-11-30,20260209_053958,20260209_053958-0005,2016-11-09 11:21:42.935000,2016-11-09 11:21:45.282000,買い,102.87100,102.77100,1.00,-10.00,715.00,水平線手前,損切,支持抵抗,0,102.87100
2016-11-01,2016-11-30,20260209_053958,20260209_053958-0006,2016-11-09 11:28:23.502000,2016-11-09 11:28:48.577000,買い,102.62600,102.52600,1.00,-10.00,705.00,水平線手前,損切,支持抵抗,0,102.62600
2016-11-01,2016-11-30,20260209_053958,20260209_053958-0007,2016-11-09 11:28:45.686000,2016-11-09 11:32:33.265000,買い,102.53700,102.43700,1.00,-10.00,695.00,水平線手前,損切,支持抵抗,0,102.53700
2016-11-01,2016-11-30,20260209_053958,20260209_053958-0008,2016-11-09 12:12:23.525000,2016-11-09 12:12:33.900000,買い,102.06700,101.96700,1.00,-10.00,685.00,水平線手前,損切,支持抵抗,0,102.06700
2016-11-01,2016-11-30,20260209_053958,20260209_053958-0009,2016-11-10 19:58:01.437000,2016-11-10 20:16:19.889000,売り,106.68100,106.78100,1.00,-10.00,675.00,水平線手前,損切,支持抵抗,0,106.68100
2016-11-01,2016-11-30,20260209_053958,20260209_053958-0010,2016-11-29 22:30:08.311000,2016-11-29 22:32:16.990000,売り,113.19000,113.29000,1.00,-10.00,665.00,水平線手前,損切,支持抵抗,0,113.19000
2016-11-01,2016-11-30,20260209_053958,20260209_053958-0011,2016-11-30 22:15:00.931000,2016-11-30 22:15:26.817000,売り,113.50700,113.35700,1.00,15.00,680.00,水平線手前,利確,支持抵抗,0,113.50700
2016-11-01,2016-11-30,20260209_053958,20260209_053958-0012,2016-11-30 22:15:00.828000,2016-11-30 22:16:04.575000,売り,113.49000,113.34000,1.00,15.00,695.00,水平線手前,利確,支持抵抗,0,113.49000
2016-12-01,2016-12-31,20260209_054044,20260209_054044-0001,2016-12-02 22:30:08.102000,2016-12-02 22:30:13.262000,買い,113.62000,113.77000,1.00,15.00,710.00,水平線手前,利確,支持抵抗,0,113.62000
2016-12-01,2016-12-31,20260209_054044,20260209_054044-0002,2016-12-02 22:30:08.051000,2016-12-02 22:30:15.049000,買い,113.62800,113.77800,1.00,15.00,725.00,水平線手前,利確,支持抵抗,0,113.62800
2016-12-01,2016-12-31,20260209_054044,20260209_054044-0003,2016-12-06 03:04:14.522000,2016-12-06 03:06:10.872000,買い,113.36500,113.26500,1.00,-10.00,715.00,水平線手前,損切,支持抵抗,0,113.36500
2016-12-01,2016-12-31,20260209_054044,20260209_054044-0004,2016-12-15 03:59:53.226000,2016-12-15 03:59:53.848000,売り,115.37500,115.47500,1.00,-10.00,705.00,水平線手前,損切,支持抵抗,0,115.37500
2016-12-01,2016-12-31,20260209_054044,20260209_054044-0005,2016-12-15 03:59:53.848000,2016-12-15 03:59:54.729000,売り,115.47000,115.32000,1.00,15.00,720.00,水平線手前,利確,支持抵抗,0,115.47000
2016-12-01,2016-12-31,20260209_054044,20260209_054044-0006,2016-12-15 04:00:00.638000,2016-12-15 04:00:09.786000,売り,115.58000,115.68000,1.00,-10.00,710.00,水平線手前,損切,支持抵抗,0,115.58000
2016-12-01,2016-12-31,20260209_054044,20260209_054044-0007,2016-12-15 04:12:24.502000,2016-12-15 04:14:38.011000,売り,116.43300,116.28300,1.00,15.00,725.00,水平線手前,利確,支持抵抗,0,116.43300
2016-12-01,2016-12-31,20260209_054044,20260209_054044-0008,2016-12-20 04:09:20.585000,2016-12-20 04:16:34.867000,売り,117.37100,117.22100,1.00,15.00,740.00,水平線手前,利確,支持抵抗,0,117.37100
2016-12-01,2016-12-31,20260209_054044,20260209_054044-0009,2016-12-31 00:57:42.091000,2016-12-31 00:58:31.528000,買い,116.44400,116.59400,1.00,15.00,755.00,水平線手前,利確,支持抵抗,0,116.44400
2017-01-01,2017-01-31,20260209_054140,20260209_054140-0001,2017-01-04 03:01:54.985000,2017-01-04 03:14:42.334000,買い,117.25200,117.40200,1.00,15.00,770.00,水平線手前,利確,支持抵抗,0,117.25200
2017-01-01,2017-01-31,20260209_054140,20260209_054140-0002,2017-01-04 03:01:54.879000,2017-01-04 03:14:47.222000,買い,117.26100,117.41100,1.00,15.00,785.00,水平線手前,利確,支持抵抗,0,117.26100
2017-01-01,2017-01-31,20260209_054140,20260209_054140-0003,2017-01-04 23:56:31.625000,2017-01-05 00:02:23.490000,買い,117.13600,117.28600,1.00,15.00,800.00,水平線手前,利確,支持抵抗,0,117.13600
2017-01-01,2017-01-31,20260209_054140,20260209_054140-0004,2017-01-05 15:59:16.014000,2017-01-05 16:00:25.485000,買い,115.61800,115.76800,1.00,15.00,815.00,水平線手前,利確,支持抵抗,0,115.61800
2017-01-01,2017-01-31,20260209_054140,20260209_054140-0005,2017-01-06 22:30:06.341000,2017-01-06 22:30:12.142000,買い,115.75900,115.90900,1.00,15.00,830.00,水平線手前,利確,支持抵抗,0,115.75900
2017-01-01,2017-01-31,20260209_054140,20260209_054140-0006,2017-01-06 22:30:06.238000,2017-01-06 22:30:12.871000,買い,115.79000,115.94000,1.00,15.00,845.00,水平線手前,利確,支持抵抗,0,115.79000
2017-01-01,2017-01-31,20260209_054140,20260209_054140-0007,2017-01-06 22:32:09.009000,2017-01-06 22:34:38.290000,売り,116.36600,116.21600,1.00,15.00,860.00,水平線手前,利確,支持抵抗,0,116.36600
2017-01-01,2017-01-31,20260209_054140,20260209_054140-0008,2017-01-12 01:22:10.451000,2017-01-12 01:23:43.355000,売り,116.84200,116.69200,1.00,15.00,875.00,水平線手前,利確,支持抵抗,0,116.84200
2017-01-01,2017-01-31,20260209_054140,20260209_054140-0009,2017-01-12 02:40:23.453000,2017-01-12 02:40:43.816000,買い,115.65500,115.55500,1.00,-10.00,865.00,水平線手前,損切,支持抵抗,0,115.65500
2017-01-01,2017-01-31,20260209_054140,20260209_054140-0010,2017-01-12 03:01:53.121000,2017-01-12 03:03:37.903000,買い,115.28600,115.18600,1.00,-10.00,855.00,水平線手前,損切,支持抵抗,0,115.28600
2017-01-01,2017-01-31,20260209_054140,20260209_054140-0011,2017-01-12 03:11:06.211000,2017-01-12 03:12:05.951000,買い,114.28600,114.43600,1.00,15.00,870.00,水平線手前,利確,支持抵抗,0,114.28600
2017-01-01,2017-01-31,20260209_054140,20260209_054140-0012,2017-01-12 21:44:59.618000,2017-01-12 22:20:15.098000,買い,113.96000,114.11000,1.00,15.00,885.00,水平線手前,利確,支持抵抗,0,113.96000
2017-01-01,2017-01-31,20260209_054140,20260209_054140-0013,2017-01-13 22:30:02.048000,2017-01-13 22:30:06.248000,買い,114.17800,114.32800,1.00,15.00,900.00,水平線手前,利確,支持抵抗,0,114.17800
2017-01-01,2017-01-31,20260209_054140,20260209_054140-0014,2017-01-16 15:39:29.395000,2017-01-16 15:46:10.760000,買い,113.63500,113.78500,1.00,15.00,915.00,水平線手前,利確,支持抵抗,0,113.63500
2017-01-01,2017-01-31,20260209_054140,20260209_054140-0015,2017-01-18 22:30:21.681000,2017-01-18 22:33:12.612000,売り,113.63500,113.48500,1.00,15.00,930.00,水平線手前,利確,支持抵抗,0,113.63500
2017-01-01,2017-01-31,20260209_054140,20260209_054140-0016,2017-01-20 00:55:55.844000,2017-01-20 00:56:45.934000,売り,115.50100,115.35100,1.00,15.00,945.00,水平線手前,利確,支持抵抗,0,115.50100
2017-01-01,2017-01-31,20260209_054140,20260209_054140-0017,2017-01-23 14:55:41.958000,2017-01-23 15:06:51.169000,買い,113.37300,113.27300,1.00,-10.00,935.00,水平線手前,損切,支持抵抗,0,113.37300
2017-01-01,2017-01-31,20260209_054140,20260209_054140-0018,2017-01-27 22:47:02.770000,2017-01-27 22:54:23.092000,売り,115.35500,115.20500,1.00,15.00,950.00,水平線手前,利確,支持抵抗,0,115.35500
2017-01-01,2017-01-31,20260209_054140,20260209_054140-0019,2017-01-27 22:47:02.288000,2017-01-27 22:54:27.951000,売り,115.34900,115.19900,1.00,15.00,965.00,水平線手前,利確,支持抵抗,0,115.34900
2017-01-01,2017-01-31,20260209_054140,20260209_054140-0020,2017-01-31 23:28:38.330000,2017-01-31 23:29:29.696000,買い,112.87000,112.77000,1.00,-10.00,955.00,水平線手前,損切,支持抵抗,0,112.87000
2017-02-01,2017-02-28,20260209_054225,20260209_054225-0001,2017-02-01 02:22:59.803000,2017-02-01 02:30:46.130000,売り,113.30100,113.15100,1.00,15.00,970.00,水平線手前,利確,支持抵抗,0,113.30100
2017-02-01,2017-02-28,20260209_054225,20260209_054225-0002,2017-02-01 22:15:00.528000,2017-02-01 22:15:02.578000,売り,113.50200,113.60200,1.00,-10.00,960.00,水平線手前,損切,支持抵抗,0,113.50200
2017-02-01,2017-02-28,20260209_054225,20260209_054225-0003,2017-02-03 22:30:01.625000,2017-02-03 22:30:02.535000,売り,113.30800,113.40800,1.00,-10.00,950.00,水平線手前,損切,支持抵抗,0,113.30800
2017-02-01,2017-02-28,20260209_054225,20260209_054225-0004,2017-02-03 22:30:03.516000,2017-02-03 22:30:08.625000,売り,113.45000,113.30000,1.00,15.00,965.00,水平線手前,利確,支持抵抗,0,113.45000
2017-02-01,2017-02-28,20260209_054225,20260209_054225-0005,2017-02-03 22:30:49.240000,2017-02-03 22:31:09.872000,買い,112.61800,112.76800,1.00,15.00,980.00,水平線手前,利確,支持抵抗,0,112.61800
2017-02-01,2017-02-28,20260209_054225,20260209_054225-0006,2017-02-09 23:56:03.084000,2017-02-09 23:56:05.398000,売り,112.55100,112.65100,1.00,-10.00,970.00,水平線手前,損切,支持抵抗,0,112.55100
2017-02-01,2017-02-28,20260209_054225,20260209_054225-0007,2017-02-09 23:56:03.238000,2017-02-09 23:56:05.398000,売り,112.55800,112.65800,1.00,-10.00,960.00,水平線手前,損切,支持抵抗,0,112.55800
2017-02-01,2017-02-28,20260209_054225,20260209_054225-0008,2017-02-11 03:35:12.301000,2017-02-11 03:35:26.879000,買い,113.08800,112.98800,1.00,-10.00,950.00,水平線手前,損切,支持抵抗,0,113.08800
2017-02-01,2017-02-28,20260209_054225,20260209_054225-0009,2017-02-11 03:35:32.461000,2017-02-11 03:36:03.946000,買い,112.89700,113.04700,1.00,15.00,965.00,水平線手前,利確,支持抵抗,0,112.89700
2017-02-01,2017-02-28,20260209_054225,20260209_054225-0010,2017-02-15 22:30:00.438000,2017-02-15 22:30:03.096000,売り,114.58200,114.68200,1.00,-10.00,955.00,水平線手前,損切,支持抵抗,0,114.58200
2017-02-01,2017-02-28,20260209_054225,20260209_054225-0011,2017-02-28 22:30:02.611000,2017-02-28 22:30:49.734000,買い,112.14300,112.04300,1.00,-10.00,945.00,水平線手前,損切,支持抵抗,0,112.14300
2017-03-01,2017-03-31,20260209_054306,20260209_054306-0001,2017-03-02 00:00:01.202000,2017-03-02 00:03:14.623000,売り,114.03200,113.88200,1.00,15.00,960.00,水平線手前,利確,支持抵抗,0,114.03200
2017-03-01,2017-03-31,20260209_054306,20260209_054306-0002,2017-03-02 00:00:00.567000,2017-03-02 00:03:34.744000,売り,113.99200,113.84200,1.00,15.00,975.00,水平線手前,利確,支持抵抗,0,113.99200
2017-03-01,2017-03-31,20260209_054306,20260209_054306-0003,2017-03-04 03:00:07.201000,2017-03-04 03:00:29.632000,売り,114.72000,114.57000,1.00,15.00,990.00,水平線手前,利確,支持抵抗,0,114.72000
2017-03-01,2017-03-31,20260209_054306,20260209_054306-0004,2017-03-04 03:00:05.001000,2017-03-04 03:00:35.866000,売り,114.66200,114.51200,1.00,15.00,1005.00,水平線手前,利確,支持抵抗,0,114.66200
2017-03-01,2017-03-31,20260209_054306,20260209_054306-0005,2017-03-10 23:58:44.064000,2017-03-10 23:59:19.564000,買い,114.87000,115.02000,1.00,15.00,1020.00,水平線手前,利確,支持抵抗,0,114.87000
2017-03-01,2017-03-31,20260209_054306,20260209_054306-0006,2017-03-16 03:00:10.055000,2017-03-16 03:00:12.820000,買い,114.37200,114.27200,1.00,-10.00,1010.00,水平線手前,損切,支持抵抗,0,114.37200
2017-03-01,2017-03-31,20260209_054306,20260209_054306-0007,2017-03-16 03:01:02.158000,2017-03-16 03:01:30.497000,買い,113.68300,113.83300,1.00,15.00,1025.00,水平線手前,利確,支持抵抗,0,113.68300
2017-03-01,2017-03-31,20260209_054306,20260209_054306-0008,2017-03-16 03:47:19.277000,2017-03-16 04:10:44.855000,買い,113.35900,113.50900,1.00,15.00,1040.00,水平線手前,利確,支持抵抗,0,113.35900
2017-03-01,2017-03-31,20260209_054306,20260209_054306-0009,2017-03-24 02:12:26.329000,2017-03-24 02:50:30.696000,買い,110.89900,111.04900,1.00,15.00,1055.00,水平線手前,利確,支持抵抗,0,110.89900
2017-03-01,2017-03-31,20260209_054306,20260209_054306-0010,2017-03-31 03:23:07.373000,2017-03-31 04:27:20.103000,売り,111.63700,111.73700,1.00,-10.00,1045.00,水平線手前,損切,支持抵抗,0,111.63700
2017-04-01,2017-04-30,20260209_054344,20260209_054344-0001,2017-04-05 21:15:00.453000,2017-04-05 21:15:03.102000,売り,111.07800,111.17800,1.00,-10.00,1035.00,水平線手前,損切,支持抵抗,0,111.07800
2017-04-01,2017-04-30,20260209_054344,20260209_054344-0002,2017-04-06 03:00:06.970000,2017-04-06 03:01:08.910000,売り,111.42400,111.27400,1.00,15.00,1050.00,水平線手前,利確,支持抵抗,0,111.42400
2017-04-01,2017-04-30,20260209_054344,20260209_054344-0003,2017-04-06 03:00:06.006000,2017-04-06 03:01:08.962000,売り,111.41900,111.26900,1.00,15.00,1065.00,水平線手前,利確,支持抵抗,0,111.41900
2017-04-01,2017-04-30,20260209_054344,20260209_054344-0004,2017-04-07 21:30:08.355000,2017-04-07 21:30:17.005000,買い,110.17200,110.32200,1.00,15.00,1080.00,水平線手前,利確,支持抵抗,0,110.17200
2017-04-01,2017-04-30,20260209_054344,20260209_054344-0005,2017-04-07 21:30:10.055000,2017-04-07 21:30:17.005000,買い,110.16800,110.31800,1.00,15.00,1095.00,水平線手前,利確,支持抵抗,0,110.16800
2017-04-01,2017-04-30,20260209_054344,20260209_054344-0006,2017-04-07 21:30:05.377000,2017-04-07 21:30:17.361000,買い,110.18100,110.33100,1.00,15.00,1110.00,水平線手前,利確,支持抵抗,0,110.18100
2017-04-01,2017-04-30,20260209_054344,20260209_054344-0007,2017-04-26 22:01:36.218000,2017-04-26 22:07:56.939000,買い,111.22400,111.37400,1.00,15.00,1125.00,水平線手前,利確,支持抵抗,0,111.22400
2017-04-01,2017-04-30,20260209_054344,20260209_054344-0008,2017-04-28 21:30:13.546000,2017-04-28 21:30:39.093000,売り,111.57000,111.67000,1.00,-10.00,1115.00,水平線手前,損切,支持抵抗,0,111.57000
2017-04-01,2017-04-30,20260209_054344,20260209_054344-0009,2017-04-28 21:30:15.102000,2017-04-28 21:30:39.093000,売り,111.56900,111.66900,1.00,-10.00,1105.00,水平線手前,損切,支持抵抗,0,111.56900
2017-05-01,2017-05-31,20260209_054421,20260209_054421-0001,2017-05-04 03:00:13.203000,2017-05-04 03:01:17.967000,売り,112.47600,112.32600,1.00,15.00,1120.00,水平線手前,利確,支持抵抗,0,112.47600
2017-05-01,2017-05-31,20260209_054421,20260209_054421-0002,2017-05-05 21:30:02.414000,2017-05-05 21:30:54.554000,売り,112.72600,112.57600,1.00,15.00,1135.00,水平線手前,利確,支持抵抗,0,112.72600
2017-05-01,2017-05-31,20260209_054421,20260209_054421-0003,2017-05-05 21:30:02.869000,2017-05-05 21:31:27.466000,売り,112.70100,112.55100,1.00,15.00,1150.00,水平線手前,利確,支持抵抗,0,112.70100
2017-05-01,2017-05-31,20260209_054421,20260209_054421-0004,2017-05-10 04:39:33.830000,2017-05-10 04:56:13.903000,買い,113.80400,113.95400,1.00,15.00,1165.00,水平線手前,利確,支持抵抗,0,113.80400
2017-05-01,2017-05-31,20260209_054421,20260209_054421-0005,2017-05-11 02:32:49.747000,2017-05-11 10:06:04.493000,売り,114.34400,114.19400,1.00,15.00,1180.00,水平線手前,利確,支持抵抗,0,114.34400
2017-05-01,2017-05-31,20260209_054421,20260209_054421-0006,2017-05-25 03:00:11.107000,2017-05-25 03:00:49.020000,売り,112.06500,111.91500,1.00,15.00,1195.00,水平線手前,利確,支持抵抗,0,112.06500
2017-06-01,2017-06-30,20260209_054457,20260209_054457-0001,2017-06-01 21:15:00.267000,2017-06-01 21:15:09.457000,売り,111.29700,111.39700,1.00,-10.00,1185.00,水平線手前,損切,支持抵抗,0,111.29700
2017-06-01,2017-06-30,20260209_054457,20260209_054457-0002,2017-06-01 21:15:09.875000,2017-06-01 23:48:16.697000,売り,111.41900,111.26900,1.00,15.00,1200.00,水平線手前,利確,支持抵抗,0,111.41900
2017-06-01,2017-06-30,20260209_054457,20260209_054457-0003,2017-06-02 21:30:01.763000,2017-06-02 21:30:03.925000,買い,111.27300,111.17300,1.00,-10.00,1190.00,水平線手前,損切,支持抵抗,0,111.27300
2017-06-01,2017-06-30,20260209_054457,20260209_054457-0004,2017-06-14 21:30:09.571000,2017-06-14 21:30:15.325000,買い,109.93800,109.83800,1.00,-10.00,1180.00,水平線手前,損切,支持抵抗,0,109.93800
2017-06-01,2017-06-30,20260209_054457,20260209_054457-0005,2017-06-15 03:00:02.567000,2017-06-15 03:00:04.737000,買い,108.94600,108.84600,1.00,-10.00,1170.00,水平線手前,損切,支持抵抗,0,108.94600
2017-06-01,2017-06-30,20260209_054457,20260209_054457-0006,2017-06-15 03:00:04.737000,2017-06-15 03:00:10.673000,買い,108.84900,108.99900,1.00,15.00,1185.00,水平線手前,利確,支持抵抗,0,108.84900
2017-06-01,2017-06-30,20260209_054457,20260209_054457-0007,2017-06-26 17:01:14.875000,2017-06-26 18:02:24.411000,売り,111.59900,111.69900,1.00,-10.00,1175.00,水平線手前,損切,支持抵抗,0,111.59900
2017-06-01,2017-06-30,20260209_054457,20260209_054457-0008,2017-06-27 03:26:44.408000,2017-06-27 09:57:31.505000,売り,111.90200,112.00200,1.00,-10.00,1165.00,水平線手前,損切,支持抵抗,0,111.90200
2017-06-01,2017-06-30,20260209_054457,20260209_054457-0009,2017-06-30 01:59:34.429000,2017-06-30 02:28:56.905000,買い,111.93000,111.83000,1.00,-10.00,1155.00,水平線手前,損切,支持抵抗,0,111.93000
2017-06-01,2017-06-30,20260209_054457,20260209_054457-0010,2017-06-30 22:42:03.144000,2017-06-30 23:02:36.233000,売り,112.23400,112.08400,1.00,15.00,1170.00,水平線手前,利確,支持抵抗,0,112.23400
2017-07-01,2017-07-31,20260209_054529,20260209_054529-0001,2017-07-04 15:30:57.632000,2017-07-04 15:34:21.061000,買い,112.77000,112.92000,1.00,15.00,1185.00,水平線手前,利確,支持抵抗,0,112.77000
2017-07-01,2017-07-31,20260209_054529,20260209_054529-0002,2017-07-07 21:30:05.990000,2017-07-07 21:30:53.378000,売り,113.81400,113.66400,1.00,15.00,1200.00,水平線手前,利確,支持抵抗,0,113.81400
2017-07-01,2017-07-31,20260209_054529,20260209_054529-0003,2017-07-12 21:30:10.933000,2017-07-12 21:30:24.316000,売り,113.68800,113.53800,1.00,15.00,1215.00,水平線手前,利確,支持抵抗,0,113.68800
2017-07-01,2017-07-31,20260209_054529,20260209_054529-0004,2017-07-14 21:30:01.979000,2017-07-14 21:30:02.966000,買い,112.84900,112.74900,1.00,-10.00,1205.00,水平線手前,損切,支持抵抗,0,112.84900
2017-07-01,2017-07-31,20260209_054529,20260209_054529-0005,2017-07-18 21:38:41.501000,2017-07-18 21:39:10.806000,買い,111.99700,111.89700,1.00,-10.00,1195.00,水平線手前,損切,支持抵抗,0,111.99700
2017-07-01,2017-07-31,20260209_054529,20260209_054529-0006,2017-07-20 23:31:24.081000,2017-07-20 23:38:30.170000,買い,111.93000,111.83000,1.00,-10.00,1185.00,水平線手前,損切,支持抵抗,0,111.93000
2017-07-01,2017-07-31,20260209_054529,20260209_054529-0007,2017-07-27 03:00:12.393000,2017-07-27 03:00:21.993000,売り,112.18800,112.03800,1.00,15.00,1200.00,水平線手前,利確,支持抵抗,0,112.18800
2017-07-01,2017-07-31,20260209_054529,20260209_054529-0008,2017-07-27 03:00:12.208000,2017-07-27 03:00:22.421000,売り,112.17100,112.02100,1.00,15.00,1215.00,水平線手前,利確,支持抵抗,0,112.17100
2017-07-01,2017-07-31,20260209_054529,20260209_054529-0009,2017-07-27 03:00:10.103000,2017-07-27 03:00:28.316000,売り,112.16800,112.01800,1.00,15.00,1230.00,水平線手前,利確,支持抵抗,0,112.16800
2017-07-01,2017-07-31,20260209_054529,20260209_054529-0010,2017-07-27 21:30:09.804000,2017-07-27 22:11:47.082000,売り,111.42300,111.52300,1.00,-10.00,1220.00,水平線手前,損切,支持抵抗,0,111.42300
2017-07-01,2017-07-31,20260209_054529,20260209_054529-0011,2017-07-29 00:07:33.766000,2017-07-29 00:14:20.636000,買い,110.82100,110.72100,1.00,-10.00,1210.00,水平線手前,損切,支持抵抗,0,110.82100
2017-08-01,2017-08-31,20260209_054611,20260209_054611-0001,2017-08-01 23:20:28.048000,2017-08-01 23:42:42.351000,買い,109.95600,110.10600,1.00,15.00,1225.00,水平線手前,利確,支持抵抗,0,109.95600
2017-08-01,2017-08-31,20260209_054611,20260209_054611-0002,2017-08-03 20:37:04.933000,2017-08-03 21:31:24.245000,買い,110.36300,110.26300,1.00,-10.00,1215.00,水平線手前,損切,支持抵抗,0,110.36300
2017-08-01,2017-08-31,20260209_054611,20260209_054611-0003,2017-08-03 23:00:00.259000,2017-08-03 23:00:01.245000,買い,110.26000,110.16000,1.00,-10.00,1205.00,水平線手前,損切,支持抵抗,0,110.26000
2017-08-01,2017-08-31,20260209_054611,20260209_054611-0004,2017-08-10 02:01:46.734000,2017-08-10 03:12:07.197000,売り,110.07100,109.92100,1.00,15.00,1220.00,水平線手前,利確,支持抵抗,0,110.07100
2017-08-01,2017-08-31,20260209_054611,20260209_054611-0005,2017-08-11 21:30:01.486000,2017-08-11 21:30:06.584000,買い,108.93700,108.83700,1.00,-10.00,1210.00,水平線手前,損切,支持抵抗,0,108.93700
2017-08-01,2017-08-31,20260209_054611,20260209_054611-0006,2017-08-11 21:30:13.277000,2017-08-11 21:33:23.721000,買い,108.76800,108.91800,1.00,15.00,1225.00,水平線手前,利確,支持抵抗,0,108.76800
2017-08-01,2017-08-31,20260209_054611,20260209_054611-0007,2017-08-25 22:41:25.853000,2017-08-25 22:55:16.100000,売り,109.74700,109.84700,1.00,-10.00,1215.00,水平線手前,損切,支持抵抗,0,109.74700
2017-08-01,2017-08-31,20260209_054611,20260209_054611-0008,2017-08-25 22:41:27.444000,2017-08-25 22:55:16.100000,売り,109.74700,109.84700,1.00,-10.00,1205.00,水平線手前,損切,支持抵抗,0,109.74700
2017-09-01,2017-09-30,20260209_054644,20260209_054644-0001,2017-09-01 21:30:01.640000,2017-09-01 21:30:03.736000,買い,109.82000,109.72000,1.00,-10.00,1195.00,水平線手前,損切,支持抵抗,0,109.82000
2017-09-01,2017-09-30,20260209_054644,20260209_054644-0002,2017-09-01 21:30:16.342000,2017-09-01 21:37:57.005000,買い,109.60100,109.75100,1.00,15.00,1210.00,水平線手前,利確,支持抵抗,0,109.60100
2017-09-01,2017-09-30,20260209_054644,20260209_054644-0003,2017-09-01 23:00:00.271000,2017-09-01 23:00:06.350000,売り,110.35000,110.45000,1.00,-10.00,1200.00,水平線手前,損切,支持抵抗,0,110.35000
2017-09-01,2017-09-30,20260209_054644,20260209_054644-0004,2017-09-01 23:00:06.418000,2017-09-01 23:00:22.473000,売り,110.48800,110.33800,1.00,15.00,1215.00,水平線手前,利確,支持抵抗,0,110.48800
2017-09-01,2017-09-30,20260209_054644,20260209_054644-0005,2017-09-04 15:02:43.784000,2017-09-04 15:20:35.275000,買い,109.53200,109.43200,1.00,-10.00,1205.00,水平線手前,損切,支持抵抗,0,109.53200
2017-09-01,2017-09-30,20260209_054644,20260209_054644-0006,2017-09-05 11:18:20.044000,2017-09-05 15:18:07.526000,買い,109.28900,109.43900,1.00,15.00,1220.00,水平線手前,利確,支持抵抗,0,109.28900
2017-09-01,2017-09-30,20260209_054644,20260209_054644-0007,2017-09-14 02:03:21.314000,2017-09-14 02:07:14.959000,売り,110.66300,110.51300,1.00,15.00,1235.00,水平線手前,利確,支持抵抗,0,110.66300
2017-09-01,2017-09-30,20260209_054644,20260209_054644-0008,2017-09-14 21:30:01.597000,2017-09-14 21:30:06.392000,売り,110.72900,110.82900,1.00,-10.00,1225.00,水平線手前,損切,支持抵抗,0,110.72900
2017-09-01,2017-09-30,20260209_054644,20260209_054644-0009,2017-09-18 15:43:27.428000,2017-09-18 19:42:34.220000,売り,111.38200,111.23200,1.00,15.00,1240.00,水平線手前,利確,支持抵抗,0,111.38200
2017-09-01,2017-09-30,20260209_054644,20260209_054644-0010,2017-09-19 22:16:33.756000,2017-09-19 23:11:55.093000,買い,111.28200,111.43200,1.00,15.00,1255.00,水平線手前,利確,支持抵抗,0,111.28200
2017-09-01,2017-09-30,20260209_054644,20260209_054644-0011,2017-09-19 23:20:07.939000,2017-09-19 23:25:19.843000,買い,111.23500,111.38500,1.00,15.00,1270.00,水平線手前,利確,支持抵抗,0,111.23500
2017-09-01,2017-09-30,20260209_054644,20260209_054644-0012,2017-09-21 03:00:01.698000,2017-09-21 03:00:09.028000,売り,111.51600,111.36600,1.00,15.00,1285.00,水平線手前,利確,支持抵抗,0,111.51600
2017-09-01,2017-09-30,20260209_054644,20260209_054644-0013,2017-09-21 03:00:11.968000,2017-09-21 03:00:14.976000,買い,111.12200,111.27200,1.00,15.00,1300.00,水平線手前,利確,支持抵抗,0,111.12200
2017-09-01,2017-09-30,20260209_054644,20260209_054644-0014,2017-09-25 23:50:48.133000,2017-09-25 23:52:28.111000,買い,111.98000,111.88000,1.00,-10.00,1290.00,水平線手前,損切,支持抵抗,0,111.98000
2017-09-01,2017-09-30,20260209_054644,20260209_054644-0015,2017-09-25 23:52:28.111000,2017-09-25 23:58:05.879000,買い,111.88500,111.78500,1.00,-10.00,1280.00,水平線手前,損切,支持抵抗,0,111.88500
2017-09-01,2017-09-30,20260209_054644,20260209_054644-0016,2017-09-29 21:30:06.024000,2017-09-29 21:45:16.931000,買い,112.34800,112.24800,1.00,-10.00,1270.00,水平線手前,損切,支持抵抗,0,112.34800
2017-10-01,2017-10-31,20260209_054716,20260209_054716-0001,2017-10-04 23:00:01.673000,2017-10-04 23:27:31.778000,売り,112.87000,112.72000,1.00,15.00,1285.00,水平線手前,利確,支持抵抗,0,112.87000
2017-10-01,2017-10-31,20260209_054716,20260209_054716-0002,2017-10-04 23:00:01.335000,2017-10-04 23:27:41.170000,売り,112.86100,112.71100,1.00,15.00,1300.00,水平線手前,利確,支持抵抗,0,112.86100
2017-10-01,2017-10-31,20260209_054716,20260209_054716-0003,2017-10-06 21:30:01.659000,2017-10-06 21:30:07.315000,売り,113.07400,113.17400,1.00,-10.00,1290.00,水平線手前,損切,支持抵抗,0,113.07400
2017-10-01,2017-10-31,20260209_054716,20260209_054716-0004,2017-10-06 21:30:07.472000,2017-10-06 21:32:57.296000,売り,113.18300,113.28300,1.00,-10.00,1280.00,水平線手前,損切,支持抵抗,0,113.18300
2017-10-01,2017-10-31,20260209_054716,20260209_054716-0005,2017-10-06 21:30:09.903000,2017-10-06 21:33:24.008000,売り,113.18600,113.28600,1.00,-10.00,1270.00,水平線手前,損切,支持抵抗,0,113.18600
2017-10-01,2017-10-31,20260209_054716,20260209_054716-0006,2017-10-13 21:30:10.082000,2017-10-13 21:32:36.475000,買い,111.89500,111.79500,1.00,-10.00,1260.00,水平線手前,損切,支持抵抗,0,111.89500
2017-10-01,2017-10-31,20260209_054716,20260209_054716-0007,2017-10-17 03:14:13.528000,2017-10-17 03:14:28.450000,売り,112.02900,112.12900,1.00,-10.00,1250.00,水平線手前,損切,支持抵抗,0,112.02900
2017-10-01,2017-10-31,20260209_054716,20260209_054716-0008,2017-10-17 03:14:34.980000,2017-10-17 04:04:01.681000,売り,112.18700,112.28700,1.00,-10.00,1240.00,水平線手前,損切,支持抵抗,0,112.18700
2017-10-01,2017-10-31,20260209_054716,20260209_054716-0009,2017-10-26 21:04:00.134000,2017-10-26 21:59:57.396000,売り,113.86100,113.71100,1.00,15.00,1255.00,水平線手前,利確,支持抵抗,0,113.86100
2017-10-01,2017-10-31,20260209_054716,20260209_054716-0010,2017-10-27 21:30:01.553000,2017-10-27 21:30:32.723000,売り,114.32300,114.42300,1.00,-10.00,1245.00,水平線手前,損切,支持抵抗,0,114.32300
2017-11-01,2017-11-30,20260209_054747,20260209_054747-0001,2017-11-03 21:30:02.577000,2017-11-03 21:32:05.783000,買い,113.66400,113.81400,1.00,15.00,1260.00,水平線手前,利確,支持抵抗,0,113.66400
2017-11-01,2017-11-30,20260209_054747,20260209_054747-0002,2017-11-03 21:30:01.695000,2017-11-03 21:41:12.784000,買い,113.73100,113.88100,1.00,15.00,1275.00,水平線手前,利確,支持抵抗,0,113.73100
2017-11-01,2017-11-30,20260209_054747,20260209_054747-0003,2017-11-28 01:14:15.067000,2017-11-28 03:04:11.214000,買い,110.91700,111.06700,1.00,15.00,1290.00,水平線手前,利確,支持抵抗,0,110.91700
2017-12-01,2017-12-31,20260209_054818,20260209_054818-0001,2017-12-02 01:08:51.646000,2017-12-02 01:09:25.342000,買い,112.32000,112.22000,1.00,-10.00,1280.00,水平線手前,損切,支持抵抗,0,112.32000
2017-12-01,2017-12-31,20260209_054818,20260209_054818-0002,2017-12-02 01:25:10.570000,2017-12-02 01:27:24.406000,買い,111.70600,111.60600,1.00,-10.00,1270.00,水平線手前,損切,支持抵抗,0,111.70600
2017-12-01,2017-12-31,20260209_054818,20260209_054818-0003,2017-12-13 22:30:03.727000,2017-12-13 22:32:25.894000,買い,113.16400,113.06400,1.00,-10.00,1260.00,水平線手前,損切,支持抵抗,0,113.16400
2017-12-01,2017-12-31,20260209_054818,20260209_054818-0004,2017-12-13 22:30:04.800000,2017-12-13 22:32:30.492000,買い,113.15600,113.05600,1.00,-10.00,1250.00,水平線手前,損切,支持抵抗,0,113.15600
2018-01-01,2018-01-31,20260209_054849,20260209_054849-0001,2018-01-04 22:15:08.375000,2018-01-04 22:44:24.190000,売り,112.74900,112.84900,1.00,-10.00,1240.00,水平線手前,損切,支持抵抗,0,112.74900
2018-01-01,2018-01-31,20260209_054849,20260209_054849-0002,2018-01-04 22:15:00.431000,2018-01-05 00:07:19.532000,売り,112.75700,112.85700,1.00,-10.00,1230.00,水平線手前,損切,支持抵抗,0,112.75700
2018-01-01,2018-01-31,20260209_054849,20260209_054849-0003,2018-01-04 22:15:00.494000,2018-01-05 00:07:40.716000,売り,112.76400,112.86400,1.00,-10.00,1220.00,水平線手前,損切,支持抵抗,0,112.76400
2018-01-01,2018-01-31,20260209_054849,20260209_054849-0004,2018-01-12 22:30:01.921000,2018-01-12 22:33:36.841000,売り,111.42900,111.27900,1.00,15.00,1235.00,水平線手前,利確,支持抵抗,0,111.42900
2018-01-01,2018-01-31,20260209_054849,20260209_054849-0005,2018-01-23 12:15:09.228000,2018-01-23 12:15:18.786000,買い,110.69800,110.59800,1.00,-10.00,1225.00,水平線手前,損切,支持抵抗,0,110.69800
2018-01-01,2018-01-31,20260209_054849,20260209_054849-0006,2018-01-23 12:15:19.962000,2018-01-23 12:17:10.153000,買い,110.58000,110.73000,1.00,15.00,1240.00,水平線手前,利確,支持抵抗,0,110.58000
2018-01-01,2018-01-31,20260209_054849,20260209_054849-0007,2018-01-27 04:24:57.408000,2018-01-27 04:25:46.628000,売り,109.05200,108.90200,1.00,15.00,1255.00,水平線手前,利確,支持抵抗,0,109.05200
2018-02-01,2018-02-28,20260209_054926,20260209_054926-0001,2018-02-09 22:45:49.024000,2018-02-09 22:46:09.296000,売り,109.22400,109.07400,1.00,15.00,1270.00,水平線手前,利確,支持抵抗,0,109.22400
2018-02-01,2018-02-28,20260209_054926,20260209_054926-0002,2018-02-10 01:56:20.069000,2018-02-10 02:20:00.634000,買い,108.43600,108.33600,1.00,-10.00,1260.00,水平線手前,損切,支持抵抗,0,108.43600
2018-02-01,2018-02-28,20260209_054926,20260209_054926-0003,2018-02-10 02:43:39.983000,2018-02-10 02:52:20.187000,買い,108.17900,108.32900,1.00,15.00,1275.00,水平線手前,利確,支持抵抗,0,108.17900
2018-02-01,2018-02-28,20260209_054926,20260209_054926-0004,2018-02-14 22:30:02.242000,2018-02-14 22:30:23.341000,売り,107.52400,107.37400,1.00,15.00,1290.00,水平線手前,利確,支持抵抗,0,107.52400
2018-02-01,2018-02-28,20260209_054926,20260209_054926-0005,2018-02-14 22:30:01.916000,2018-02-14 22:30:24.990000,売り,107.49400,107.34400,1.00,15.00,1305.00,水平線手前,利確,支持抵抗,0,107.49400
2018-02-01,2018-02-28,20260209_054926,20260209_054926-0006,2018-02-15 11:35:49.560000,2018-02-15 12:03:48.493000,買い,106.33000,106.48000,1.00,15.00,1320.00,水平線手前,利確,支持抵抗,0,106.33000
2018-03-01,2018-03-31,20260209_055007,20260209_055007-0001,2018-03-20 18:09:33.381000,2018-03-20 18:26:07.221000,買い,106.11300,106.26300,1.00,15.00,1335.00,水平線手前,利確,支持抵抗,0,106.11300
2018-03-01,2018-03-31,20260209_055007,20260209_055007-0002,2018-03-21 20:43:28.874000,2018-03-21 20:45:51.011000,買い,106.12300,106.27300,1.00,15.00,1350.00,水平線手前,利確,支持抵抗,0,106.12300
2018-03-01,2018-03-31,20260209_055007,20260209_055007-0003,2018-03-22 03:00:24.038000,2018-03-22 03:00:53.508000,買い,106.05600,106.20600,1.00,15.00,1365.00,水平線手前,利確,支持抵抗,0,106.05600
2018-03-01,2018-03-31,20260209_055007,20260209_055007-0004,2018-03-22 03:01:16.466000,2018-03-22 03:01:59.279000,売り,106.39900,106.49900,1.00,-10.00,1355.00,水平線手前,損切,支持抵抗,0,106.39900
2018-03-01,2018-03-31,20260209_055007,20260209_055007-0005,2018-03-27 23:09:22.915000,2018-03-27 23:14:28.770000,買い,105.67100,105.57100,1.00,-10.00,1345.00,水平線手前,損切,支持抵抗,0,105.67100
2018-04-01,2018-04-30,20260209_055034,20260209_055034-0001,2018-04-27 23:38:10.223000,2018-04-28 00:36:48.402000,買い,108.97400,109.12400,1.00,15.00,1360.00,水平線手前,利確,支持抵抗,0,108.97400
2018-05-01,2018-05-31,20260209_055107,20260209_055107-0001,2018-05-10 21:30:07.091000,2018-05-10 21:44:03.273000,買い,109.33600,109.48600,1.00,15.00,1375.00,水平線手前,利確,支持抵抗,0,109.33600
2018-06-01,2018-06-30,20260209_055142,20260209_055142-0001,2018-06-26 04:37:56.078000,2018-06-26 04:37:58.181000,売り,109.91900,110.01900,1.00,-10.00,1365.00,水平線手前,損切,支持抵抗,0,109.91900
2018-06-01,2018-06-30,20260209_055142,20260209_055142-0002,2018-06-26 04:37:58.181000,2018-06-26 04:38:46.118000,売り,110.02500,109.87500,1.00,15.00,1380.00,水平線手前,利確,支持抵抗,0,110.02500
2018-06-01,2018-06-30,20260209_055142,20260209_055142-0003,2018-06-27 20:45:11.651000,2018-06-27 20:45:22.258000,売り,110.17800,110.27800,1.00,-10.00,1370.00,水平線手前,損切,支持抵抗,0,110.17800
2018-06-01,2018-06-30,20260209_055142,20260209_055142-0004,2018-06-27 20:45:11.862000,2018-06-27 20:45:22.518000,売り,110.18400,110.28400,1.00,-10.00,1360.00,水平線手前,損切,支持抵抗,0,110.18400
2018-06-01,2018-06-30,20260209_055142,20260209_055142-0005,2018-06-27 20:45:12.839000,2018-06-27 20:45:22.730000,売り,110.18900,110.28900,1.00,-10.00,1350.00,水平線手前,損切,支持抵抗,0,110.18900
2018-06-01,2018-06-30,20260209_055142,20260209_055142-0006,2018-06-27 20:45:24.962000,2018-06-27 20:45:40.801000,売り,110.32300,110.17300,1.00,15.00,1365.00,水平線手前,利確,支持抵抗,0,110.32300
2018-07-01,2018-07-31,20260209_055216,20260209_055216-0001,2018-07-03 21:09:17.758000,2018-07-04 00:58:24.531000,買い,110.60900,110.50900,1.00,-10.00,1355.00,水平線手前,損切,支持抵抗,0,110.60900
2018-07-01,2018-07-31,20260209_055216,20260209_055216-0002,2018-07-03 21:09:17.811000,2018-07-04 07:34:15.252000,買い,110.59600,110.49600,1.00,-10.00,1345.00,水平線手前,損切,支持抵抗,0,110.59600
2018-07-01,2018-07-31,20260209_055216,20260209_055216-0003,2018-07-06 21:30:01.630000,2018-07-06 22:59:42.710000,買い,110.53800,110.43800,1.00,-10.00,1335.00,水平線手前,損切,支持抵抗,0,110.53800
2018-07-01,2018-07-31,20260209_055216,20260209_055216-0004,2018-07-06 21:30:11.247000,2018-07-09 10:26:10.789000,買い,110.47800,110.37800,1.00,-10.00,1325.00,水平線手前,損切,支持抵抗,0,110.47800
2018-07-01,2018-07-31,20260209_055216,20260209_055216-0005,2018-07-20 02:02:27.568000,2018-07-20 02:03:51.147000,買い,112.69100,112.59100,1.00,-10.00,1315.00,水平線手前,損切,支持抵抗,0,112.69100
2018-07-01,2018-07-31,20260209_055216,20260209_055216-0006,2018-07-20 02:19:47.020000,2018-07-20 02:22:20.690000,買い,112.06500,112.21500,1.00,15.00,1330.00,水平線手前,利確,支持抵抗,0,112.06500
2018-07-01,2018-07-31,20260209_055216,20260209_055216-0007,2018-07-20 23:00:06.568000,2018-07-20 23:00:21.709000,買い,111.60100,111.75100,1.00,15.00,1345.00,水平線手前,利確,支持抵抗,0,111.60100
2018-07-01,2018-07-31,20260209_055216,20260209_055216-0008,2018-07-25 23:42:38.203000,2018-07-25 23:42:40.070000,買い,110.96800,110.86800,1.00,-10.00,1335.00,水平線手前,損切,支持抵抗,0,110.96800
2018-07-01,2018-07-31,20260209_055216,20260209_055216-0009,2018-07-25 23:42:40.580000,2018-07-25 23:43:32.198000,買い,110.83600,110.98600,1.00,15.00,1350.00,水平線手前,利確,支持抵抗,0,110.83600
2018-07-01,2018-07-31,20260209_055216,20260209_055216-0010,2018-07-25 23:42:40.018000,2018-07-25 23:43:50.792000,買い,110.88600,111.03600,1.00,15.00,1365.00,水平線手前,利確,支持抵抗,0,110.88600
2018-07-01,2018-07-31,20260209_055216,20260209_055216-0011,2018-07-31 13:03:07.237000,2018-07-31 13:03:17.838000,売り,111.25000,111.10000,1.00,15.00,1380.00,水平線手前,利確,支持抵抗,0,111.25000
2018-07-01,2018-07-31,20260209_055216,20260209_055216-0012,2018-07-31 13:03:11.031000,2018-07-31 13:03:19.423000,売り,111.20300,111.05300,1.00,15.00,1395.00,水平線手前,利確,支持抵抗,0,111.20300
2018-07-01,2018-07-31,20260209_055216,20260209_055216-0013,2018-07-31 13:03:26.987000,2018-07-31 13:03:38.582000,買い,110.77100,110.92100,1.00,15.00,1410.00,水平線手前,利確,支持抵抗,0,110.77100
2018-07-01,2018-07-31,20260209_055216,20260209_055216-0014,2018-07-31 13:03:26.767000,2018-07-31 13:03:43.742000,買い,110.81200,110.96200,1.00,15.00,1425.00,水平線手前,利確,支持抵抗,0,110.81200
2018-07-01,2018-07-31,20260209_055216,20260209_055216-0015,2018-07-31 13:03:25.822000,2018-07-31 13:03:45.070000,買い,110.83100,110.98100,1.00,15.00,1440.00,水平線手前,利確,支持抵抗,0,110.83100
2018-07-01,2018-07-31,20260209_055216,20260209_055216-0016,2018-07-31 13:08:48.276000,2018-07-31 13:23:36.178000,売り,111.42400,111.27400,1.00,15.00,1455.00,水平線手前,利確,支持抵抗,0,111.42400
2018-07-01,2018-07-31,20260209_055216,20260209_055216-0017,2018-07-31 13:08:46.899000,2018-07-31 13:23:51.941000,売り,111.40700,111.25700,1.00,15.00,1470.00,水平線手前,利確,支持抵抗,0,111.40700
2018-07-01,2018-07-31,20260209_055216,20260209_055216-0018,2018-07-31 13:06:24.521000,2018-07-31 13:25:57.255000,売り,111.35400,111.20400,1.00,15.00,1485.00,水平線手前,利確,支持抵抗,0,111.35400
2018-07-01,2018-07-31,20260209_055216,20260209_055216-0019,2018-07-31 22:24:31.406000,2018-07-31 23:59:58.566000,売り,111.89000,111.94200,1.00,-5.20,1479.80,水平線手前,終了,支持抵抗,0,111.89000
2018-08-01,2018-08-31,20260209_055248,20260209_055248-0001,2018-08-21 00:53:17.772000,2018-08-21 00:55:23.381000,買い,110.30200,110.45200,1.00,15.00,1494.80,水平線手前,利確,支持抵抗,0,110.30200
2018-08-01,2018-08-31,20260209_055248,20260209_055248-0002,2018-08-21 00:53:13.291000,2018-08-21 00:55:29.535000,買い,110.33900,110.48900,1.00,15.00,1509.80,水平線手前,利確,支持抵抗,0,110.33900
2018-08-01,2018-08-31,20260209_055248,20260209_055248-0003,2018-08-21 04:50:16.209000,2018-08-21 05:27:00.530000,買い,110.13600,110.03600,1.00,-10.00,1499.80,水平線手前,損切,支持抵抗,0,110.13600
2018-09-01,2018-09-30,20260209_055310,20260209_055310-0001,2018-09-15 01:00:44.207000,2018-09-15 01:01:43.440000,買い,111.87700,112.02700,1.00,15.00,1514.80,水平線手前,利確,支持抵抗,0,111.87700
2018-09-01,2018-09-30,20260209_055310,20260209_055310-0002,2018-09-24 23:38:09.554000,2018-09-25 00:23:21.696000,買い,112.46000,112.61000,1.00,15.00,1529.80,水平線手前,利確,支持抵抗,0,112.46000
2019-01-01,2019-01-31,20260209_055550,20260209_055550-0001,2019-01-03 22:15:09.764000,2019-01-03 22:16:43.972000,売り,107.81800,107.91800,1.00,-10.00,1519.80,水平線手前,損切,支持抵抗,0,107.81800
2019-01-01,2019-01-31,20260209_055550,20260209_055550-0002,2019-01-04 00:00:00.807000,2019-01-04 00:00:02.264000,買い,107.53900,107.43900,1.00,-10.00,1509.80,水平線手前,損切,支持抵抗,0,107.53900
2019-01-01,2019-01-31,20260209_055550,20260209_055550-0003,2019-01-04 00:00:02.003000,2019-01-04 00:00:35.813000,買い,107.46400,107.36400,1.00,-10.00,1499.80,水平線手前,損切,支持抵抗,0,107.46400
2019-01-01,2019-01-31,20260209_055550,20260209_055550-0004,2019-01-04 22:30:15.980000,2019-01-04 22:31:11.500000,売り,108.43000,108.28000,1.00,15.00,1514.80,水平線手前,利確,支持抵抗,0,108.43000
2019-01-01,2019-01-31,20260209_055550,20260209_055550-0005,2019-01-04 22:30:10.401000,2019-01-04 22:31:12.348000,売り,108.42100,108.27100,1.00,15.00,1529.80,水平線手前,利確,支持抵抗,0,108.42100
2019-02-01,2019-02-28,20260209_055619,20260209_055619-0001,2019-02-01 22:30:02.621000,2019-02-02 00:00:00.244000,売り,109.05800,109.15800,1.00,-10.00,1519.80,水平線手前,損切,支持抵抗,0,109.05800
2019-02-01,2019-02-28,20260209_055619,20260209_055619-0002,2019-02-21 22:30:28.658000,2019-02-22 02:07:35.755000,買い,110.59900,110.74900,1.00,15.00,1534.80,水平線手前,利確,支持抵抗,0,110.59900
2019-03-01,2019-03-31,20260209_055651,20260209_055651-0001,2019-03-06 00:00:03.046000,2019-03-06 00:30:19.699000,売り,111.95800,112.05800,1.00,-10.00,1524.80,水平線手前,損切,支持抵抗,0,111.95800
2019-03-01,2019-03-31,20260209_055651,20260209_055651-0002,2019-03-08 22:30:02.325000,2019-03-08 22:30:35.665000,買い,110.96400,110.86400,1.00,-10.00,1514.80,水平線手前,損切,支持抵抗,0,110.96400
2019-03-01,2019-03-31,20260209_055651,20260209_055651-0003,2019-03-08 22:30:39.976000,2019-03-08 22:32:45.675000,買い,110.78800,110.93800,1.00,15.00,1529.80,水平線手前,利確,支持抵抗,0,110.78800
2019-03-01,2019-03-31,20260209_055651,20260209_055651-0004,2019-03-21 03:00:01.232000,2019-03-21 03:00:28.391000,買い,111.33700,111.23700,1.00,-10.00,1519.80,水平線手前,損切,支持抵抗,0,111.33700
2019-03-01,2019-03-31,20260209_055651,20260209_055651-0005,2019-03-26 18:29:22.072000,2019-03-26 21:48:21.518000,売り,110.39400,110.49400,1.00,-10.00,1509.80,水平線手前,損切,支持抵抗,0,110.39400
2019-04-01,2019-04-30,20260209_055718,20260209_055718-0001,2019-04-05 21:30:01.463000,2019-04-05 21:39:05.578000,買い,111.58200,111.73200,1.00,15.00,1524.80,水平線手前,利確,支持抵抗,0,111.58200
2019-04-01,2019-04-30,20260209_055718,20260209_055718-0002,2019-04-25 23:30:51.075000,2019-04-26 00:35:09.017000,買い,111.38800,111.53800,1.00,15.00,1539.80,水平線手前,利確,支持抵抗,0,111.38800
2019-04-01,2019-04-30,20260209_055718,20260209_055718-0003,2019-04-26 21:30:05.247000,2019-04-26 21:31:21.976000,売り,112.00200,111.85200,1.00,15.00,1554.80,水平線手前,利確,支持抵抗,0,112.00200
2019-04-01,2019-04-30,20260209_055718,20260209_055718-0004,2019-04-26 21:30:03.797000,2019-04-26 21:31:22.082000,売り,111.99700,111.84700,1.00,15.00,1569.80,水平線手前,利確,支持抵抗,0,111.99700
2019-05-01,2019-05-31,20260209_055757,20260209_055757-0001,2019-05-01 23:00:00.161000,2019-05-01 23:00:32.247000,買い,111.24800,111.14800,1.00,-10.00,1559.80,水平線手前,損切,支持抵抗,0,111.24800
2019-05-01,2019-05-31,20260209_055757,20260209_055757-0002,2019-05-01 23:00:02.145000,2019-05-02 03:21:00.145000,買い,111.16300,111.06300,1.00,-10.00,1549.80,水平線手前,損切,支持抵抗,0,111.16300
2019-05-01,2019-05-31,20260209_055757,20260209_055757-0003,2019-05-03 21:30:01.921000,2019-05-03 21:41:05.699000,売り,111.66900,111.51900,1.00,15.00,1564.80,水平線手前,利確,支持抵抗,0,111.66900
2019-05-01,2019-05-31,20260209_055757,20260209_055757-0004,2019-05-03 21:30:01.769000,2019-05-03 21:44:54.341000,売り,111.65600,111.50600,1.00,15.00,1579.80,水平線手前,利確,支持抵抗,0,111.65600
2019-05-01,2019-05-31,20260209_055757,20260209_055757-0005,2019-05-03 21:30:07.887000,2019-05-03 21:47:19.769000,売り,111.63800,111.48800,1.00,15.00,1594.80,水平線手前,利確,支持抵抗,0,111.63800
2019-05-01,2019-05-31,20260209_055757,20260209_055757-0006,2019-05-09 00:33:43.663000,2019-05-09 01:15:38.497000,買い,109.99600,110.14600,1.00,15.00,1609.80,水平線手前,利確,支持抵抗,0,109.99600
2019-05-01,2019-05-31,20260209_055757,20260209_055757-0007,2019-05-18 02:16:44.358000,2019-05-18 04:04:35.766000,売り,110.18100,110.03100,1.00,15.00,1624.80,水平線手前,利確,支持抵抗,0,110.18100
2019-07-01,2019-07-31,20260209_055904,20260209_055904-0001,2019-07-05 21:30:01.516000,2019-07-05 21:30:03.121000,売り,108.19200,108.29200,1.00,-10.00,1614.80,水平線手前,損切,支持抵抗,0,108.19200
2019-07-01,2019-07-31,20260209_055904,20260209_055904-0002,2019-07-10 21:30:08.722000,2019-07-10 21:31:17.941000,買い,108.83900,108.73900,1.00,-10.00,1604.80,水平線手前,損切,支持抵抗,0,108.83900
2019-08-01,2019-08-31,20260209_060006,20260209_060006-0001,2019-08-06 13:07:00.418000,2019-08-06 13:09:00.774000,売り,107.06400,106.91400,1.00,15.00,1619.80,水平線手前,利確,支持抵抗,0,107.06400
2019-08-01,2019-08-31,20260209_060006,20260209_060006-0002,2019-08-13 22:46:20.522000,2019-08-13 22:46:37.034000,売り,105.82400,105.92400,1.00,-10.00,1609.80,水平線手前,損切,支持抵抗,0,105.82400
2019-08-01,2019-08-31,20260209_060006,20260209_060006-0003,2019-08-13 22:55:43.934000,2019-08-13 22:55:58.562000,売り,106.35300,106.45300,1.00,-10.00,1599.80,水平線手前,損切,支持抵抗,0,106.35300
2019-08-01,2019-08-31,20260209_060006,20260209_060006-0004,2019-08-15 15:39:02.503000,2019-08-15 15:39:05.275000,売り,106.64500,106.74500,1.00,-10.00,1589.80,水平線手前,損切,支持抵抗,0,106.64500
2019-08-01,2019-08-31,20260209_060006,20260209_060006-0005,2019-08-15 15:39:05.325000,2019-08-15 15:39:25.786000,売り,106.75100,106.60100,1.00,15.00,1604.80,水平線手前,利確,支持抵抗,0,106.75100
2019-08-01,2019-08-31,20260209_060006,20260209_060006-0006,2019-08-15 20:29:52.773000,2019-08-15 20:30:05.965000,売り,106.31200,106.16200,1.00,15.00,1619.80,水平線手前,利確,支持抵抗,0,106.31200
2019-08-01,2019-08-31,20260209_060006,20260209_060006-0007,2019-08-15 21:02:03.393000,2019-08-15 21:04:16.603000,売り,106.31800,106.16800,1.00,15.00,1634.80,水平線手前,利確,支持抵抗,0,106.31800
2019-08-01,2019-08-31,20260209_060006,20260209_060006-0008,2019-08-26 11:49:04.360000,2019-08-26 11:49:39.288000,売り,105.47300,105.57300,1.00,-10.00,1624.80,水平線手前,損切,支持抵抗,0,105.47300
2019-08-01,2019-08-31,20260209_060006,20260209_060006-0009,2019-08-26 11:49:55.531000,2019-08-26 11:50:10.970000,売り,105.77500,105.62500,1.00,15.00,1639.80,水平線手前,利確,支持抵抗,0,105.77500
2019-08-01,2019-08-31,20260209_060006,20260209_060006-0010,2019-08-26 16:02:15.900000,2019-08-26 16:03:51.753000,売り,105.93600,105.78600,1.00,15.00,1654.80,水平線手前,利確,支持抵抗,0,105.93600
2019-08-01,2019-08-31,20260209_060006,20260209_060006-0011,2019-08-26 21:57:22.590000,2019-08-26 21:57:37.592000,売り,106.38400,106.23400,1.00,15.00,1669.80,水平線手前,利確,支持抵抗,0,106.38400
2019-09-01,2019-09-30,20260209_060045,20260209_060045-0001,2019-09-05 23:00:00.247000,2019-09-05 23:00:07.157000,売り,106.94800,107.04800,1.00,-10.00,1659.80,水平線手前,損切,支持抵抗,0,106.94800
2019-09-01,2019-09-30,20260209_060045,20260209_060045-0002,2019-09-06 21:30:01.834000,2019-09-06 21:30:04.979000,買い,106.82000,106.72000,1.00,-10.00,1649.80,水平線手前,損切,支持抵抗,0,106.82000
2019-09-01,2019-09-30,20260209_060045,20260209_060045-0003,2019-09-06 21:30:04.546000,2019-09-06 21:31:23.045000,買い,106.74200,106.89200,1.00,15.00,1664.80,水平線手前,利確,支持抵抗,0,106.74200
2019-09-01,2019-09-30,20260209_060045,20260209_060045-0004,2019-09-12 23:10:58.684000,2019-09-12 23:11:17.348000,売り,108.06300,107.91300,1.00,15.00,1679.80,水平線手前,利確,支持抵抗,0,108.06300
2019-09-01,2019-09-30,20260209_060045,20260209_060045-0005,2019-09-19 03:00:01.183000,2019-09-19 03:17:28.226000,売り,108.26500,108.36500,1.00,-10.00,1669.80,水平線手前,損切,支持抵抗,0,108.26500
2019-09-01,2019-09-30,20260209_060045,20260209_060045-0006,2019-09-19 11:49:11.510000,2019-09-19 11:51:36.674000,買い,108.03100,108.18100,1.00,15.00,1684.80,水平線手前,利確,支持抵抗,0,108.03100
2019-10-01,2019-10-31,20260209_060128,20260209_060128-0001,2019-10-03 23:00:00.565000,2019-10-03 23:00:01.673000,買い,106.91200,106.81200,1.00,-10.00,1674.80,水平線手前,損切,支持抵抗,0,106.91200
2019-10-01,2019-10-31,20260209_060128,20260209_060128-0002,2019-10-04 02:24:53.936000,2019-10-04 11:17:33.291000,売り,106.91700,106.76700,1.00,15.00,1689.80,水平線手前,利確,支持抵抗,0,106.91700
2019-10-01,2019-10-31,20260209_060128,20260209_060128-0003,2019-10-04 21:30:01.537000,2019-10-04 21:30:06.800000,買い,106.58700,106.73700,1.00,15.00,1704.80,水平線手前,利確,支持抵抗,0,106.58700
2019-10-01,2019-10-31,20260209_060128,20260209_060128-0004,2019-10-08 20:00:14.425000,2019-10-08 23:54:23.850000,買い,106.83900,106.98900,1.00,15.00,1719.80,水平線手前,利確,支持抵抗,0,106.83900
2019-11-01,2019-11-30,20260209_060158,20260209_060158-0001,2019-11-01 23:00:08.387000,2019-11-01 23:05:39.586000,買い,107.95800,108.10800,1.00,15.00,1734.80,水平線手前,利確,支持抵抗,0,107.95800
2019-12-01,2019-12-31,20260209_060224,20260209_060224-0001,2019-12-03 23:48:17.491000,2019-12-03 23:56:47.880000,買い,108.53900,108.68900,1.00,15.00,1749.80,水平線手前,利確,支持抵抗,0,108.53900
2020-01-01,2020-01-31,20260209_060251,20260209_060251-0001,2020-01-08 19:56:10.033000,2020-01-09 01:29:01.434000,売り,108.73300,108.83300,1.00,-10.00,1739.80,水平線手前,損切,支持抵抗,0,108.73300
2020-02-01,2020-02-29,20260209_060338,20260209_060338-0001,2020-02-07 22:30:08.206000,2020-02-07 22:34:44.401000,売り,109.99200,109.84200,1.00,15.00,1754.80,水平線手前,利確,支持抵抗,0,109.99200
2020-02-01,2020-02-29,20260209_060338,20260209_060338-0002,2020-02-07 22:30:10.101000,2020-02-07 22:35:07.890000,売り,109.99100,109.84100,1.00,15.00,1769.80,水平線手前,利確,支持抵抗,0,109.99100
2020-03-01,2020-03-31,20260209_060540,20260209_060540-0001,2020-03-07 00:27:43.550000,2020-03-07 00:28:25.424000,売り,105.71600,105.56600,1.00,15.00,1784.80,水平線手前,利確,支持抵抗,0,105.71600
2020-03-01,2020-03-31,20260209_060540,20260209_060540-0002,2020-03-09 22:36:48.081000,2020-03-09 22:37:37.932000,買い,101.59200,101.49200,1.00,-10.00,1774.80,水平線手前,損切,支持抵抗,0,101.59200
2020-03-01,2020-03-31,20260209_060540,20260209_060540-0003,2020-03-10 01:33:27.771000,2020-03-10 01:38:36.042000,買い,102.17000,102.07000,1.00,-10.00,1764.80,水平線手前,損切,支持抵抗,0,102.17000
2020-03-01,2020-03-31,20260209_060540,20260209_060540-0004,2020-03-10 14:08:44.265000,2020-03-10 14:15:03.502000,売り,104.56600,104.66600,1.00,-10.00,1754.80,水平線手前,損切,支持抵抗,0,104.56600
2020-03-01,2020-03-31,20260209_060540,20260209_060540-0005,2020-03-12 11:05:12.257000,2020-03-12 11:09:44.928000,買い,103.11900,103.26900,1.00,15.00,1769.80,水平線手前,利確,支持抵抗,0,103.11900
2020-03-01,2020-03-31,20260209_060540,20260209_060540-0006,2020-03-12 16:11:14.467000,2020-03-12 16:25:19.504000,売り,103.91400,103.76400,1.00,15.00,1784.80,水平線手前,利確,支持抵抗,0,103.91400
2020-03-01,2020-03-31,20260209_060540,20260209_060540-0007,2020-03-12 21:33:15.416000,2020-03-12 21:35:15.782000,売り,104.18600,104.03600,1.00,15.00,1799.80,水平線手前,利確,支持抵抗,0,104.18600
2020-03-01,2020-03-31,20260209_060540,20260209_060540-0008,2020-03-12 23:05:18.546000,2020-03-12 23:07:35.221000,売り,104.95300,104.80300,1.00,15.00,1814.80,水平線手前,利確,支持抵抗,0,104.95300
2020-03-01,2020-03-31,20260209_060540,20260209_060540-0009,2020-03-12 23:13:51.268000,2020-03-12 23:15:34.264000,売り,105.10800,105.20800,1.00,-10.00,1804.80,水平線手前,損切,支持抵抗,0,105.10800
2020-03-01,2020-03-31,20260209_060540,20260209_060540-0010,2020-03-12 23:19:54.956000,2020-03-12 23:20:56.802000,売り,105.47200,105.32200,1.00,15.00,1819.80,水平線手前,利確,支持抵抗,0,105.47200
2020-03-01,2020-03-31,20260209_060540,20260209_060540-0011,2020-03-13 02:05:13.541000,2020-03-13 02:05:30.491000,売り,105.82200,105.92200,1.00,-10.00,1809.80,水平線手前,損切,支持抵抗,0,105.82200
2020-03-01,2020-03-31,20260209_060540,20260209_060540-0012,2020-03-13 02:05:13.643000,2020-03-13 02:05:30.491000,売り,105.82300,105.92300,1.00,-10.00,1799.80,水平線手前,損切,支持抵抗,0,105.82300
2020-03-01,2020-03-31,20260209_060540,20260209_060540-0013,2020-03-13 02:05:55.437000,2020-03-13 02:06:28.881000,売り,106.07900,105.92900,1.00,15.00,1814.80,水平線手前,利確,支持抵抗,0,106.07900
2020-03-01,2020-03-31,20260209_060540,20260209_060540-0014,2020-03-13 17:26:30.617000,2020-03-13 17:28:12.673000,売り,106.19700,106.04700,1.00,15.00,1829.80,水平線手前,利確,支持抵抗,0,106.19700
2020-03-01,2020-03-31,20260209_060540,20260209_060540-0015,2020-03-17 23:41:13.681000,2020-03-17 23:45:08.816000,売り,107.25800,107.35800,1.00,-10.00,1819.80,水平線手前,損切,支持抵抗,0,107.25800
2020-03-01,2020-03-31,20260209_060540,20260209_060540-0016,2020-03-19 11:13:21.721000,2020-03-19 11:16:13.819000,売り,109.47500,109.32500,1.00,15.00,1834.80,水平線手前,利確,支持抵抗,0,109.47500
2020-03-01,2020-03-31,20260209_060540,20260209_060540-0017,2020-03-20 01:26:53.609000,2020-03-20 02:00:25.770000,売り,110.15800,110.25800,1.00,-10.00,1824.80,水平線手前,損切,支持抵抗,0,110.15800
2020-03-01,2020-03-31,20260209_060540,20260209_060540-0018,2020-03-31 21:30:31.725000,2020-03-31 22:04:25.739000,買い,108.29600,108.44600,1.00,15.00,1839.80,水平線手前,利確,支持抵抗,0,108.29600
2020-03-01,2020-03-31,20260209_060540,20260209_060540-0019,2020-03-31 23:55:39.448000,2020-03-31 23:59:58.984000,買い,107.91100,107.94100,1.00,3.00,1842.80,水平線手前,終了,支持抵抗,0,107.91100
2020-04-01,2020-04-30,20260209_060632,20260209_060632-0001,2020-04-30 23:50:26.693000,2020-04-30 23:51:40.152000,売り,107.03700,106.88700,1.00,15.00,1857.80,水平線手前,利確,支持抵抗,0,107.03700
2020-05-01,2020-05-31,20260209_060704,20260209_060704-0001,2020-05-19 17:30:21.574000,2020-05-19 17:36:54.971000,売り,107.49700,107.59700,1.00,-10.00,1847.80,水平線手前,損切,支持抵抗,0,107.49700
2020-06-01,2020-06-30,20260209_060740,20260209_060740-0001,2020-06-08 23:37:03.955000,2020-06-08 23:38:30.220000,買い,108.48600,108.63600,1.00,15.00,1862.80,水平線手前,利確,支持抵抗,0,108.48600
2020-06-01,2020-06-30,20260209_060740,20260209_060740-0002,2020-06-18 23:33:32.275000,2020-06-19 01:53:24.296000,買い,106.74100,106.89100,1.00,15.00,1877.80,水平線手前,利確,支持抵抗,0,106.74100
2020-08-01,2020-08-31,20260209_060847,20260209_060847-0001,2020-08-28 14:07:36.379000,2020-08-28 14:07:42.266000,買い,106.39400,106.29400,1.00,-10.00,1867.80,水平線手前,損切,支持抵抗,0,106.39400
2020-09-01,2020-09-30,20260209_060915,20260209_060915-0001,2020-09-04 21:30:18.134000,2020-09-04 21:32:11.043000,売り,106.41000,106.26000,1.00,15.00,1882.80,水平線手前,利確,支持抵抗,0,106.41000
2020-09-01,2020-09-30,20260209_060915,20260209_060915-0002,2020-09-21 22:34:09.818000,2020-09-21 22:34:24.510000,売り,104.88600,104.73600,1.00,15.00,1897.80,水平線手前,利確,支持抵抗,0,104.88600
2020-09-01,2020-09-30,20260209_060915,20260209_060915-0003,2020-09-21 22:34:09.201000,2020-09-21 22:34:29.531000,売り,104.84100,104.69100,1.00,15.00,1912.80,水平線手前,利確,支持抵抗,0,104.84100
2020-11-01,2020-11-30,20260209_061014,20260209_061014-0001,2020-11-09 21:45:19.979000,2020-11-09 21:47:58.133000,売り,104.59200,104.69200,1.00,-10.00,1902.80,水平線手前,損切,支持抵抗,0,104.59200
2020-11-01,2020-11-30,20260209_061014,20260209_061014-0002,2020-11-16 20:58:07.244000,2020-11-16 21:04:47.570000,売り,105.10600,104.95600,1.00,15.00,1917.80,水平線手前,利確,支持抵抗,0,105.10600
2020-12-01,2020-12-31,20260209_061045,20260209_061045-0001,2020-12-04 22:30:09.522000,2020-12-04 22:46:40.194000,買い,103.85900,104.00900,1.00,15.00,1932.80,水平線手前,利確,支持抵抗,0,103.85900
2021-03-01,2021-03-31,20260209_061206,20260209_061206-0001,2021-03-05 20:33:10.089000,2021-03-05 20:33:44.274000,買い,108.26100,108.41100,1.00,15.00,1947.80,水平線手前,利確,支持抵抗,0,108.26100
2021-03-01,2021-03-31,20260209_061206,20260209_061206-0002,2021-03-05 22:30:13.741000,2021-03-05 22:33:19.345000,売り,108.52600,108.62600,1.00,-10.00,1937.80,水平線手前,損切,支持抵抗,0,108.52600
2021-04-01,2021-04-30,20260209_061228,20260209_061228-0001,2021-04-13 21:30:03.534000,2021-04-13 21:30:42.934000,売り,109.57700,109.42700,1.00,15.00,1952.80,水平線手前,利確,支持抵抗,0,109.57700
2021-05-01,2021-05-31,20260209_061254,20260209_061254-0001,2021-05-07 21:30:09.008000,2021-05-07 21:30:13.933000,買い,108.97500,108.87500,1.00,-10.00,1942.80,水平線手前,損切,支持抵抗,0,108.97500
2021-05-01,2021-05-31,20260209_061254,20260209_061254-0002,2021-05-07 21:30:11.428000,2021-05-07 21:30:32.788000,買い,108.93400,108.83400,1.00,-10.00,1932.80,水平線手前,損切,支持抵抗,0,108.93400
2021-05-01,2021-05-31,20260209_061254,20260209_061254-0003,2021-05-07 21:30:12.652000,2021-05-07 21:30:32.788000,買い,108.93100,108.83100,1.00,-10.00,1922.80,水平線手前,損切,支持抵抗,0,108.93100
2021-05-01,2021-05-31,20260209_061254,20260209_061254-0004,2021-05-12 21:30:01.592000,2021-05-12 21:30:03.373000,売り,108.94600,109.04600,1.00,-10.00,1912.80,水平線手前,損切,支持抵抗,0,108.94600
2021-05-01,2021-05-31,20260209_061254,20260209_061254-0005,2021-05-12 21:30:01.744000,2021-05-12 21:30:50.153000,売り,108.95800,109.05800,1.00,-10.00,1902.80,水平線手前,損切,支持抵抗,0,108.95800
2021-05-01,2021-05-31,20260209_061254,20260209_061254-0006,2021-05-12 21:30:01.946000,2021-05-12 21:31:00.173000,売り,108.95900,109.05900,1.00,-10.00,1892.80,水平線手前,損切,支持抵抗,0,108.95900
2021-07-01,2021-07-31,20260209_061345,20260209_061345-0001,2021-07-13 21:30:02.023000,2021-07-13 21:34:34.776000,売り,110.42000,110.52000,1.00,-10.00,1882.80,水平線手前,損切,支持抵抗,0,110.42000
2021-08-01,2021-08-31,20260209_061410,20260209_061410-0001,2021-08-11 21:30:01.167000,2021-08-11 21:30:01.724000,買い,110.59100,110.49100,1.00,-10.00,1872.80,水平線手前,損切,支持抵抗,0,110.59100
2021-08-01,2021-08-31,20260209_061410,20260209_061410-0002,2021-08-11 21:30:02.742000,2021-08-11 21:30:18.314000,買い,110.43200,110.58200,1.00,15.00,1887.80,水平線手前,利確,支持抵抗,0,110.43200
2021-09-01,2021-09-30,20260209_061435,20260209_061435-0001,2021-09-03 21:30:01.213000,2021-09-03 21:30:02.162000,買い,109.82200,109.72200,1.00,-10.00,1877.80,水平線手前,損切,支持抵抗,0,109.82200
2021-09-01,2021-09-30,20260209_061435,20260209_061435-0002,2021-09-03 21:30:07.489000,2021-09-03 21:34:13.136000,買い,109.66200,109.81200,1.00,15.00,1892.80,水平線手前,利確,支持抵抗,0,109.66200
2021-09-01,2021-09-30,20260209_061435,20260209_061435-0003,2021-09-23 03:36:45.626000,2021-09-23 03:40:13.345000,売り,109.67600,109.77600,1.00,-10.00,1882.80,水平線手前,損切,支持抵抗,0,109.67600
2022-01-01,2022-01-31,20260209_061641,20260209_061641-0001,2022-01-04 11:56:34.257000,2022-01-04 12:17:15.341000,売り,115.60300,115.70300,1.00,-10.00,1872.80,水平線手前,損切,支持抵抗,0,115.60300
2022-01-01,2022-01-31,20260209_061641,20260209_061641-0002,2022-01-07 22:30:01.949000,2022-01-07 22:31:24.234000,買い,115.72500,115.87500,1.00,15.00,1887.80,水平線手前,利確,支持抵抗,0,115.72500
2022-01-01,2022-01-31,20260209_061641,20260209_061641-0003,2022-01-07 22:30:01.382000,2022-01-07 22:37:29.907000,買い,115.77700,115.92700,1.00,15.00,1902.80,水平線手前,利確,支持抵抗,0,115.77700
2022-01-01,2022-01-31,20260209_061641,20260209_061641-0004,2022-01-13 04:39:21.507000,2022-01-13 05:30:52.893000,買い,114.40900,114.55900,1.00,15.00,1917.80,水平線手前,利確,支持抵抗,0,114.40900
2022-02-01,2022-02-28,20260209_061717,20260209_061717-0001,2022-02-21 17:35:12.740000,2022-02-22 06:35:37.203000,買い,114.84300,114.74300,1.00,-10.00,1907.80,水平線手前,損切,支持抵抗,0,114.84300
2022-03-01,2022-03-31,20260209_061755,20260209_061755-0001,2022-03-04 22:30:13.305000,2022-03-04 23:54:16.431000,買い,115.34000,115.24000,1.00,-10.00,1897.80,水平線手前,損切,支持抵抗,0,115.34000
2022-03-01,2022-03-31,20260209_061755,20260209_061755-0002,2022-03-09 23:13:44.165000,2022-03-09 23:32:29.330000,買い,115.59000,115.74000,1.00,15.00,1912.80,水平線手前,利確,支持抵抗,0,115.59000
2022-03-01,2022-03-31,20260209_061755,20260209_061755-0003,2022-03-22 20:38:11.465000,2022-03-22 20:42:20.575000,買い,120.61400,120.76400,1.00,15.00,1927.80,水平線手前,利確,支持抵抗,0,120.61400
2022-03-01,2022-03-31,20260209_061755,20260209_061755-0004,2022-03-28 17:51:00.478000,2022-03-28 17:51:28.893000,売り,125.07000,124.92000,1.00,15.00,1942.80,水平線手前,利確,支持抵抗,0,125.07000
2022-03-01,2022-03-31,20260209_061755,20260209_061755-0005,2022-03-28 19:33:14.342000,2022-03-28 19:34:05.414000,買い,123.70400,123.85400,1.00,15.00,1957.80,水平線手前,利確,支持抵抗,0,123.70400
2022-03-01,2022-03-31,20260209_061755,20260209_061755-0006,2022-03-29 23:02:16.662000,2022-03-29 23:03:37.879000,買い,122.01300,122.16300,1.00,15.00,1972.80,水平線手前,利確,支持抵抗,0,122.01300
2022-04-01,2022-04-30,20260209_061843,20260209_061843-0001,2022-04-07 03:03:20.145000,2022-04-07 03:05:13.226000,買い,123.48900,123.63900,1.00,15.00,1987.80,水平線手前,利確,支持抵抗,0,123.48900
2022-04-01,2022-04-30,20260209_061843,20260209_061843-0002,2022-04-13 15:29:34.124000,2022-04-13 15:41:09.529000,売り,126.19500,126.04500,1.00,15.00,2002.80,水平線手前,利確,支持抵抗,0,126.19500
2022-04-01,2022-04-30,20260209_061843,20260209_061843-0003,2022-04-15 15:19:27.190000,2022-04-15 16:08:10.317000,売り,126.65300,126.50300,1.00,15.00,2017.80,水平線手前,利確,支持抵抗,0,126.65300
2022-04-01,2022-04-30,20260209_061843,20260209_061843-0004,2022-04-22 13:21:13.062000,2022-04-22 13:22:01.443000,買い,128.07000,128.22000,1.00,15.00,2032.80,水平線手前,利確,支持抵抗,0,128.07000
2022-04-01,2022-04-30,20260209_061843,20260209_061843-0005,2022-04-25 20:23:26.439000,2022-04-25 20:29:17.627000,売り,128.47800,128.32800,1.00,15.00,2047.80,水平線手前,利確,支持抵抗,0,128.47800
2022-04-01,2022-04-30,20260209_061843,20260209_061843-0006,2022-04-28 12:09:13.921000,2022-04-28 12:09:43.786000,売り,128.86400,128.96400,1.00,-10.00,2037.80,水平線手前,損切,支持抵抗,0,128.86400
2022-04-01,2022-04-30,20260209_061843,20260209_061843-0007,2022-04-28 12:09:10.852000,2022-04-28 12:09:43.888000,売り,128.86900,128.96900,1.00,-10.00,2027.80,水平線手前,損切,支持抵抗,0,128.86900
2022-04-01,2022-04-30,20260209_061843,20260209_061843-0008,2022-04-28 12:10:45.719000,2022-04-28 12:10:56.127000,売り,129.08000,129.18000,1.00,-10.00,2017.80,水平線手前,損切,支持抵抗,0,129.08000
2022-04-01,2022-04-30,20260209_061843,20260209_061843-0009,2022-04-28 12:10:50.233000,2022-04-28 12:11:48.909000,売り,129.14700,129.24700,1.00,-10.00,2007.80,水平線手前,損切,支持抵抗,0,129.14700
2022-04-01,2022-04-30,20260209_061843,20260209_061843-0010,2022-04-29 23:55:59.529000,2022-04-29 23:57:39.662000,買い,129.48400,129.63400,1.00,15.00,2022.80,水平線手前,利確,支持抵抗,0,129.48400
2022-04-01,2022-04-30,20260209_061843,20260209_061843-0011,2022-04-30 00:01:39.853000,2022-04-30 00:02:37.028000,買い,129.40200,129.55200,1.00,15.00,2037.80,水平線手前,利確,支持抵抗,0,129.40200
2022-05-01,2022-05-31,20260209_061941,20260209_061941-0001,2022-05-05 03:01:00.933000,2022-05-05 03:02:30.770000,買い,129.82100,129.97100,1.00,15.00,2052.80,水平線手前,利確,支持抵抗,0,129.82100
2022-05-01,2022-05-31,20260209_061941,20260209_061941-0002,2022-05-05 03:31:26.114000,2022-05-05 03:32:40.135000,売り,130.17200,130.27200,1.00,-10.00,2042.80,水平線手前,損切,支持抵抗,0,130.17200
2022-05-01,2022-05-31,20260209_061941,20260209_061941-0003,2022-05-05 03:31:21.150000,2022-05-05 03:33:18.228000,売り,130.18400,130.28400,1.00,-10.00,2032.80,水平線手前,損切,支持抵抗,0,130.18400
2022-05-01,2022-05-31,20260209_061941,20260209_061941-0004,2022-05-05 03:47:24.525000,2022-05-05 03:48:21.491000,買い,129.64300,129.54300,1.00,-10.00,2022.80,水平線手前,損切,支持抵抗,0,129.64300
2022-05-01,2022-05-31,20260209_061941,20260209_061941-0005,2022-05-09 15:53:03.476000,2022-05-09 16:03:00.393000,売り,131.32300,131.17300,1.00,15.00,2037.80,水平線手前,利確,支持抵抗,0,131.32300
2022-05-01,2022-05-31,20260209_061941,20260209_061941-0006,2022-05-26 16:02:32.317000,2022-05-26 16:03:24.429000,買い,126.69100,126.84100,1.00,15.00,2052.80,水平線手前,利確,支持抵抗,0,126.69100
2022-06-01,2022-06-30,20260209_062045,20260209_062045-0001,2022-06-02 21:15:01.442000,2022-06-02 21:51:06.435000,買い,129.64800,129.54800,1.00,-10.00,2042.80,水平線手前,損切,支持抵抗,0,129.64800
2022-06-01,2022-06-30,20260209_062045,20260209_062045-0002,2022-06-03 21:30:06.428000,2022-06-03 21:30:06.888000,売り,130.23600,130.33600,1.00,-10.00,2032.80,水平線手前,損切,支持抵抗,0,130.23600
2022-06-01,2022-06-30,20260209_062045,20260209_062045-0003,2022-06-13 13:09:46.341000,2022-06-13 13:10:49.231000,売り,135.17100,135.02100,1.00,15.00,2047.80,水平線手前,利確,支持抵抗,0,135.17100
2022-06-01,2022-06-30,20260209_062045,20260209_062045-0004,2022-06-14 12:29:28.123000,2022-06-14 12:31:18.148000,売り,134.78700,134.63700,1.00,15.00,2062.80,水平線手前,利確,支持抵抗,0,134.78700
2022-06-01,2022-06-30,20260209_062045,20260209_062045-0005,2022-06-16 03:00:19.471000,2022-06-16 03:00:30.082000,買い,134.33700,134.23700,1.00,-10.00,2052.80,水平線手前,損切,支持抵抗,0,134.33700
2022-06-01,2022-06-30,20260209_062045,20260209_062045-0006,2022-06-16 03:00:27.722000,2022-06-16 03:00:30.082000,買い,134.33400,134.23400,1.00,-10.00,2042.80,水平線手前,損切,支持抵抗,0,134.33400
2022-06-01,2022-06-30,20260209_062045,20260209_062045-0007,2022-06-16 03:00:19.522000,2022-06-16 03:00:31.268000,買い,134.30800,134.20800,1.00,-10.00,2032.80,水平線手前,損切,支持抵抗,0,134.30800
2022-06-01,2022-06-30,20260209_062045,20260209_062045-0008,2022-06-16 03:03:52.460000,2022-06-16 03:04:30.024000,売り,134.80000,134.90000,1.00,-10.00,2022.80,水平線手前,損切,支持抵抗,0,134.80000
2022-06-01,2022-06-30,20260209_062045,20260209_062045-0009,2022-06-16 03:04:31.764000,2022-06-16 03:07:24.703000,売り,134.92600,134.77600,1.00,15.00,2037.80,水平線手前,利確,支持抵抗,0,134.92600
2022-06-01,2022-06-30,20260209_062045,20260209_062045-0010,2022-06-16 03:39:25.301000,2022-06-16 03:40:01.642000,買い,134.05300,134.20300,1.00,15.00,2052.80,水平線手前,利確,支持抵抗,0,134.05300
2022-06-01,2022-06-30,20260209_062045,20260209_062045-0011,2022-06-17 11:43:25.602000,2022-06-17 11:43:30.097000,売り,134.30100,134.40100,1.00,-10.00,2042.80,水平線手前,損切,支持抵抗,0,134.30100
2022-06-01,2022-06-30,20260209_062045,20260209_062045-0012,2022-06-17 11:47:37.048000,2022-06-17 11:47:51.751000,売り,134.61300,134.46300,1.00,15.00,2057.80,水平線手前,利確,支持抵抗,0,134.61300
2022-06-01,2022-06-30,20260209_062045,20260209_062045-0013,2022-06-17 11:58:19.465000,2022-06-17 11:58:45.966000,売り,133.39000,133.49000,1.00,-10.00,2047.80,水平線手前,損切,支持抵抗,0,133.39000
2022-06-01,2022-06-30,20260209_062045,20260209_062045-0014,2022-06-22 18:47:34.116000,2022-06-22 19:04:14.265000,買い,135.84800,135.99800,1.00,15.00,2062.80,水平線手前,利確,支持抵抗,0,135.84800
2022-06-01,2022-06-30,20260209_062045,20260209_062045-0015,2022-06-24 23:00:01.453000,2022-06-24 23:00:05.224000,買い,134.92400,134.82400,1.00,-10.00,2052.80,水平線手前,損切,支持抵抗,0,134.92400
2022-06-01,2022-06-30,20260209_062045,20260209_062045-0016,2022-06-24 23:02:06.857000,2022-06-24 23:04:12.952000,買い,134.75200,134.90200,1.00,15.00,2067.80,水平線手前,利確,支持抵抗,0,134.75200
2022-06-01,2022-06-30,20260209_062045,20260209_062045-0017,2022-06-29 16:45:18.308000,2022-06-29 16:45:23.754000,買い,135.81600,135.96600,1.00,15.00,2082.80,水平線手前,利確,支持抵抗,0,135.81600
2022-06-01,2022-06-30,20260209_062045,20260209_062045-0018,2022-06-29 16:45:19.022000,2022-06-29 16:45:23.754000,買い,135.80900,135.95900,1.00,15.00,2097.80,水平線手前,利確,支持抵抗,0,135.80900
2022-07-01,2022-07-31,20260209_062147,20260209_062147-0001,2022-07-06 23:00:02.953000,2022-07-06 23:00:57.936000,売り,135.47100,135.57100,1.00,-10.00,2087.80,水平線手前,損切,支持抵抗,0,135.47100
2022-07-01,2022-07-31,20260209_062147,20260209_062147-0002,2022-07-08 11:58:47.694000,2022-07-08 11:59:52.189000,買い,135.44400,135.59400,1.00,15.00,2102.80,水平線手前,利確,支持抵抗,0,135.44400
2022-07-01,2022-07-31,20260209_062147,20260209_062147-0003,2022-07-08 21:30:55.422000,2022-07-08 21:38:05.930000,売り,136.20000,136.30000,1.00,-10.00,2092.80,水平線手前,損切,支持抵抗,0,136.20000
2022-07-01,2022-07-31,20260209_062147,20260209_062147-0004,2022-07-08 21:32:13.582000,2022-07-08 21:38:07.920000,売り,136.20300,136.30300,1.00,-10.00,2082.80,水平線手前,損切,支持抵抗,0,136.20300
2022-07-01,2022-07-31,20260209_062147,20260209_062147-0005,2022-07-11 20:56:32.990000,2022-07-11 21:11:10.476000,売り,137.36300,137.46300,1.00,-10.00,2072.80,水平線手前,損切,支持抵抗,0,137.36300
2022-07-01,2022-07-31,20260209_062147,20260209_062147-0006,2022-07-13 21:30:01.198000,2022-07-13 21:30:01.503000,売り,137.24800,137.34800,1.00,-10.00,2062.80,水平線手前,損切,支持抵抗,0,137.24800
2022-07-01,2022-07-31,20260209_062147,20260209_062147-0007,2022-07-13 21:30:03.334000,2022-07-13 21:30:07.676000,売り,137.53100,137.38100,1.00,15.00,2077.80,水平線手前,利確,支持抵抗,0,137.53100
2022-07-01,2022-07-31,20260209_062147,20260209_062147-0008,2022-07-13 21:30:02.923000,2022-07-13 21:30:08.183000,売り,137.51000,137.36000,1.00,15.00,2092.80,水平線手前,利確,支持抵抗,0,137.51000
2022-07-01,2022-07-31,20260209_062147,20260209_062147-0009,2022-07-13 23:09:47.262000,2022-07-13 23:17:31.112000,売り,137.86700,137.71700,1.00,15.00,2107.80,水平線手前,利確,支持抵抗,0,137.86700
2022-07-01,2022-07-31,20260209_062147,20260209_062147-0010,2022-07-15 03:40:00.033000,2022-07-15 04:02:22.475000,買い,138.73500,138.88500,1.00,15.00,2122.80,水平線手前,利確,支持抵抗,0,138.73500
2022-07-01,2022-07-31,20260209_062147,20260209_062147-0011,2022-07-15 03:39:59.623000,2022-07-15 04:02:39.336000,買い,138.73900,138.88900,1.00,15.00,2137.80,水平線手前,利確,支持抵抗,0,138.73900
2022-07-01,2022-07-31,20260209_062147,20260209_062147-0012,2022-07-15 03:39:59.572000,2022-07-15 04:05:17.932000,買い,138.74900,138.89900,1.00,15.00,2152.80,水平線手前,利確,支持抵抗,0,138.74900
2022-07-01,2022-07-31,20260209_062147,20260209_062147-0013,2022-07-15 23:00:02.377000,2022-07-15 23:15:15.328000,買い,138.54700,138.69700,1.00,15.00,2167.80,水平線手前,利確,支持抵抗,0,138.54700
2022-07-01,2022-07-31,20260209_062147,20260209_062147-0014,2022-07-21 12:05:23.721000,2022-07-21 12:05:29.314000,買い,138.01800,138.16800,1.00,15.00,2182.80,水平線手前,利確,支持抵抗,0,138.01800
2022-07-01,2022-07-31,20260209_062147,20260209_062147-0015,2022-07-21 12:05:21.813000,2022-07-21 12:07:30.353000,買い,138.05900,138.20900,1.00,15.00,2197.80,水平線手前,利確,支持抵抗,0,138.05900
2022-07-01,2022-07-31,20260209_062147,20260209_062147-0016,2022-07-22 22:45:00.255000,2022-07-22 22:45:00.665000,買い,136.43600,136.33600,1.00,-10.00,2187.80,水平線手前,損切,支持抵抗,0,136.43600
2022-07-01,2022-07-31,20260209_062147,20260209_062147-0017,2022-07-26 23:00:10.033000,2022-07-26 23:04:33.066000,買い,136.31000,136.46000,1.00,15.00,2202.80,水平線手前,利確,支持抵抗,0,136.31000
2022-07-01,2022-07-31,20260209_062147,20260209_062147-0018,2022-07-28 03:35:23.662000,2022-07-28 03:35:27.953000,売り,137.40600,137.25600,1.00,15.00,2217.80,水平線手前,利確,支持抵抗,0,137.40600
2022-08-01,2022-08-31,20260209_062254,20260209_062254-0001,2022-08-03 23:00:00.199000,2022-08-03 23:00:01.010000,売り,133.77800,133.87800,1.00,-10.00,2207.80,水平線手前,損切,支持抵抗,0,133.77800
2022-08-01,2022-08-31,20260209_062254,20260209_062254-0002,2022-08-03 23:00:01.010000,2022-08-03 23:00:01.470000,売り,133.88700,133.98700,1.00,-10.00,2197.80,水平線手前,損切,支持抵抗,0,133.88700
2022-08-01,2022-08-31,20260209_062254,20260209_062254-0003,2022-08-05 21:30:14.615000,2022-08-05 21:30:18.138000,売り,133.83600,133.93600,1.00,-10.00,2187.80,水平線手前,損切,支持抵抗,0,133.83600
2022-08-01,2022-08-31,20260209_062254,20260209_062254-0004,2022-08-10 21:29:50.906000,2022-08-10 21:30:01.142000,売り,135.05700,134.90700,1.00,15.00,2202.80,水平線手前,利確,支持抵抗,0,135.05700
2022-08-01,2022-08-31,20260209_062254,20260209_062254-0005,2022-08-10 21:30:01.142000,2022-08-10 21:30:01.243000,買い,134.73300,134.63300,1.00,-10.00,2192.80,水平線手前,損切,支持抵抗,0,134.73300
2022-08-01,2022-08-31,20260209_062254,20260209_062254-0006,2022-08-10 21:30:01.243000,2022-08-10 21:30:01.546000,買い,134.45100,134.35100,1.00,-10.00,2182.80,水平線手前,損切,支持抵抗,0,134.45100
2022-08-01,2022-08-31,20260209_062254,20260209_062254-0007,2022-08-10 21:30:01.546000,2022-08-10 21:30:02.152000,買い,134.22700,134.12700,1.00,-10.00,2172.80,水平線手前,損切,支持抵抗,0,134.22700
2022-08-01,2022-08-31,20260209_062254,20260209_062254-0008,2022-08-10 21:31:23.040000,2022-08-10 21:31:40.803000,買い,132.71000,132.86000,1.00,15.00,2187.80,水平線手前,利確,支持抵抗,0,132.71000
2022-08-01,2022-08-31,20260209_062254,20260209_062254-0009,2022-08-12 23:00:54.935000,2022-08-12 23:07:42.417000,売り,133.86300,133.71300,1.00,15.00,2202.80,水平線手前,利確,支持抵抗,0,133.86300
2022-08-01,2022-08-31,20260209_062254,20260209_062254-0010,2022-08-17 21:30:00.463000,2022-08-17 21:30:17.322000,売り,135.27700,135.12700,1.00,15.00,2217.80,水平線手前,利確,支持抵抗,0,135.27700
2022-08-01,2022-08-31,20260209_062254,20260209_062254-0011,2022-08-17 21:30:00.666000,2022-08-17 21:30:17.527000,売り,135.27200,135.12200,1.00,15.00,2232.80,水平線手前,利確,支持抵抗,0,135.27200
2022-08-01,2022-08-31,20260209_062254,20260209_062254-0012,2022-08-19 01:59:41.923000,2022-08-19 02:04:42.223000,売り,135.69100,135.79100,1.00,-10.00,2222.80,水平線手前,損切,支持抵抗,0,135.69100
2022-08-01,2022-08-31,20260209_062254,20260209_062254-0013,2022-08-23 22:45:00.449000,2022-08-23 22:45:00.963000,買い,137.06800,136.96800,1.00,-10.00,2212.80,水平線手前,損切,支持抵抗,0,137.06800
2022-08-01,2022-08-31,20260209_062254,20260209_062254-0014,2022-08-23 23:13:13.562000,2022-08-23 23:15:10.841000,買い,135.84400,135.99400,1.00,15.00,2227.80,水平線手前,利確,支持抵抗,0,135.84400
2022-08-01,2022-08-31,20260209_062254,20260209_062254-0015,2022-08-26 23:01:57.357000,2022-08-26 23:02:44.537000,売り,137.17600,137.27600,1.00,-10.00,2217.80,水平線手前,損切,支持抵抗,0,137.17600
2022-08-01,2022-08-31,20260209_062254,20260209_062254-0016,2022-08-26 23:01:58.074000,2022-08-26 23:02:52.396000,売り,137.21400,137.31400,1.00,-10.00,2207.80,水平線手前,損切,支持抵抗,0,137.21400
2022-08-01,2022-08-31,20260209_062254,20260209_062254-0017,2022-08-26 23:05:03.578000,2022-08-26 23:09:12.961000,売り,137.31400,137.16400,1.00,15.00,2222.80,水平線手前,利確,支持抵抗,0,137.31400
2022-08-01,2022-08-31,20260209_062254,20260209_062254-0018,2022-08-26 23:11:07.664000,2022-08-26 23:11:22.662000,買い,136.48500,136.38500,1.00,-10.00,2212.80,水平線手前,損切,支持抵抗,0,136.48500
2022-08-01,2022-08-31,20260209_062254,20260209_062254-0019,2022-08-26 23:11:33.545000,2022-08-26 23:11:40.402000,買い,136.20300,136.35300,1.00,15.00,2227.80,水平線手前,利確,支持抵抗,0,136.20300
2022-08-01,2022-08-31,20260209_062254,20260209_062254-0020,2022-08-26 23:11:33.494000,2022-08-26 23:11:40.910000,買い,136.22200,136.37200,1.00,15.00,2242.80,水平線手前,利確,支持抵抗,0,136.22200
2022-08-01,2022-08-31,20260209_062254,20260209_062254-0021,2022-08-27 00:21:08.792000,2022-08-27 00:27:55.083000,売り,137.43400,137.28400,1.00,15.00,2257.80,水平線手前,利確,支持抵抗,0,137.43400
2022-08-01,2022-08-31,20260209_062254,20260209_062254-0022,2022-08-31 21:15:15.397000,2022-08-31 21:17:58.085000,買い,138.48200,138.63200,1.00,15.00,2272.80,水平線手前,利確,支持抵抗,0,138.48200
2022-09-01,2022-09-30,20260209_062431,20260209_062431-0001,2022-09-01 23:00:06.925000,2022-09-01 23:00:38.736000,売り,139.67000,139.77000,1.00,-10.00,2262.80,水平線手前,損切,支持抵抗,0,139.67000
2022-09-01,2022-09-30,20260209_062431,20260209_062431-0002,2022-09-01 23:49:03.635000,2022-09-01 23:55:21.721000,売り,140.19700,140.04700,1.00,15.00,2277.80,水平線手前,利確,支持抵抗,0,140.19700
2022-09-01,2022-09-30,20260209_062431,20260209_062431-0003,2022-09-02 21:29:49.993000,2022-09-02 21:30:02.084000,売り,140.48500,140.33500,1.00,15.00,2292.80,水平線手前,利確,支持抵抗,0,140.48500
2022-09-01,2022-09-30,20260209_062431,20260209_062431-0004,2022-09-02 21:30:58.892000,2022-09-02 21:31:15.316000,買い,139.96500,140.11500,1.00,15.00,2307.80,水平線手前,利確,支持抵抗,0,139.96500
2022-09-01,2022-09-30,20260209_062431,20260209_062431-0005,2022-09-06 23:00:02.430000,2022-09-06 23:00:08.084000,売り,142.88500,142.73500,1.00,15.00,2322.80,水平線手前,利確,支持抵抗,0,142.88500
2022-09-01,2022-09-30,20260209_062431,20260209_062431-0006,2022-09-07 11:13:42.391000,2022-09-07 11:14:51.283000,売り,143.72200,143.57200,1.00,15.00,2337.80,水平線手前,利確,支持抵抗,0,143.72200
2022-09-01,2022-09-30,20260209_062431,20260209_062431-0007,2022-09-07 19:57:31.749000,2022-09-07 20:20:26.603000,売り,144.72500,144.82500,1.00,-10.00,2327.80,水平線手前,損切,支持抵抗,0,144.72500
2022-09-01,2022-09-30,20260209_062431,20260209_062431-0008,2022-09-08 14:46:34.906000,2022-09-08 14:46:51.649000,買い,143.70900,143.60900,1.00,-10.00,2317.80,水平線手前,損切,支持抵抗,0,143.70900
2022-09-01,2022-09-30,20260209_062431,20260209_062431-0009,2022-09-08 14:46:51.751000,2022-09-08 14:47:25.390000,買い,143.56900,143.71900,1.00,15.00,2332.80,水平線手前,利確,支持抵抗,0,143.56900
2022-09-01,2022-09-30,20260209_062431,20260209_062431-0010,2022-09-08 17:21:52.292000,2022-09-08 17:22:59.121000,買い,143.46400,143.61400,1.00,15.00,2347.80,水平線手前,利確,支持抵抗,0,143.46400
2022-09-01,2022-09-30,20260209_062431,20260209_062431-0011,2022-09-08 17:21:52.138000,2022-09-08 17:23:00.141000,買い,143.47600,143.62600,1.00,15.00,2362.80,水平線手前,利確,支持抵抗,0,143.47600
2022-09-01,2022-09-30,20260209_062431,20260209_062431-0012,2022-09-13 21:29:35.907000,2022-09-13 21:29:43.694000,買い,141.64500,141.79500,1.00,15.00,2377.80,水平線手前,利確,支持抵抗,0,141.64500
2022-09-01,2022-09-30,20260209_062431,20260209_062431-0013,2022-09-13 21:30:03.646000,2022-09-13 21:30:07.406000,売り,143.28400,143.38400,1.00,-10.00,2367.80,水平線手前,損切,支持抵抗,0,143.28400
2022-09-01,2022-09-30,20260209_062431,20260209_062431-0014,2022-09-13 21:30:07.406000,2022-09-13 21:30:07.508000,売り,143.52200,143.62200,1.00,-10.00,2357.80,水平線手前,損切,支持抵抗,0,143.52200
2022-09-01,2022-09-30,20260209_062431,20260209_062431-0015,2022-09-14 13:31:50.305000,2022-09-14 13:31:58.013000,買い,144.10800,144.00800,1.00,-10.00,2347.80,水平線手前,損切,支持抵抗,0,144.10800
2022-09-01,2022-09-30,20260209_062431,20260209_062431-0016,2022-09-14 16:15:54.765000,2022-09-14 16:16:03.194000,買い,143.30000,143.45000,1.00,15.00,2362.80,水平線手前,利確,支持抵抗,0,143.30000
2022-09-01,2022-09-30,20260209_062431,20260209_062431-0017,2022-09-14 21:44:38.251000,2022-09-14 21:46:25.200000,買い,142.85900,143.00900,1.00,15.00,2377.80,水平線手前,利確,支持抵抗,0,142.85900
2022-09-01,2022-09-30,20260209_062431,20260209_062431-0018,2022-09-19 20:26:30.713000,2022-09-19 21:27:01.368000,売り,143.61500,143.46500,1.00,15.00,2392.80,水平線手前,利確,支持抵抗,0,143.61500
2022-09-01,2022-09-30,20260209_062431,20260209_062431-0019,2022-09-20 17:16:06.012000,2022-09-20 18:22:00.230000,売り,143.69400,143.79400,1.00,-10.00,2382.80,水平線手前,損切,支持抵抗,0,143.69400
2022-09-01,2022-09-30,20260209_062431,20260209_062431-0020,2022-09-22 03:00:01.212000,2022-09-22 03:00:19.848000,売り,144.40700,144.50700,1.00,-10.00,2372.80,水平線手前,損切,支持抵抗,0,144.40700
2022-09-01,2022-09-30,20260209_062431,20260209_062431-0021,2022-09-22 03:00:01.472000,2022-09-22 03:00:35.453000,売り,144.43300,144.53300,1.00,-10.00,2362.80,水平線手前,損切,支持抵抗,0,144.43300
2022-09-01,2022-09-30,20260209_062431,20260209_062431-0022,2022-09-22 03:01:08.676000,2022-09-22 03:01:54.114000,売り,144.67200,144.52200,1.00,15.00,2377.80,水平線手前,利確,支持抵抗,0,144.67200
2022-09-01,2022-09-30,20260209_062431,20260209_062431-0023,2022-09-22 03:33:53.754000,2022-09-22 03:35:33.405000,買い,143.88000,143.78000,1.00,-10.00,2367.80,水平線手前,損切,支持抵抗,0,143.88000
2022-09-01,2022-09-30,20260209_062431,20260209_062431-0024,2022-09-22 11:51:53.160000,2022-09-22 11:51:53.976000,売り,144.92700,144.77700,1.00,15.00,2382.80,水平線手前,利確,支持抵抗,0,144.92700
2022-09-01,2022-09-30,20260209_062431,20260209_062431-0025,2022-09-22 11:51:54.386000,2022-09-22 11:53:46.942000,売り,144.93500,145.03500,1.00,-10.00,2372.80,水平線手前,損切,支持抵抗,0,144.93500
2022-09-01,2022-09-30,20260209_062431,20260209_062431-0026,2022-09-22 11:55:56.353000,2022-09-22 11:56:31.286000,売り,145.37000,145.22000,1.00,15.00,2387.80,水平線手前,利確,支持抵抗,0,145.37000
2022-09-01,2022-09-30,20260209_062431,20260209_062431-0027,2022-09-22 14:43:38.685000,2022-09-22 15:00:54.751000,売り,145.02900,144.87900,1.00,15.00,2402.80,水平線手前,利確,支持抵抗,0,145.02900
2022-09-01,2022-09-30,20260209_062431,20260209_062431-0028,2022-09-22 15:59:08.512000,2022-09-22 16:02:50.710000,売り,145.66400,145.76400,1.00,-10.00,2392.80,水平線手前,損切,支持抵抗,0,145.66400
2022-09-01,2022-09-30,20260209_062431,20260209_062431-0029,2022-09-22 17:19:23.112000,2022-09-22 17:19:23.265000,買い,143.43300,143.33300,1.00,-10.00,2382.80,水平線手前,損切,支持抵抗,0,143.43300
2022-09-01,2022-09-30,20260209_062431,20260209_062431-0030,2022-09-22 17:19:23.214000,2022-09-22 17:19:27.816000,買い,143.35600,143.25600,1.00,-10.00,2372.80,水平線手前,損切,支持抵抗,0,143.35600
2022-09-01,2022-09-30,20260209_062431,20260209_062431-0031,2022-09-22 17:20:03.789000,2022-09-22 17:20:24.688000,買い,142.94900,142.84900,1.00,-10.00,2362.80,水平線手前,損切,支持抵抗,0,142.94900
2022-09-01,2022-09-30,20260209_062431,20260209_062431-0032,2022-09-22 17:21:00.243000,2022-09-22 17:21:33.686000,買い,142.57800,142.47800,1.00,-10.00,2352.80,水平線手前,損切,支持抵抗,0,142.57800
2022-09-01,2022-09-30,20260209_062431,20260209_062431-0033,2022-09-22 17:25:14.722000,2022-09-22 17:25:37.687000,買い,142.67400,142.82400,1.00,15.00,2367.80,水平線手前,利確,支持抵抗,0,142.67400
2022-09-01,2022-09-30,20260209_062431,20260209_062431-0034,2022-09-22 17:26:54.154000,2022-09-22 17:26:56.829000,買い,143.42600,143.32600,1.00,-10.00,2357.80,水平線手前,損切,支持抵抗,0,143.42600
2022-09-01,2022-09-30,20260209_062431,20260209_062431-0035,2022-09-22 17:32:55.277000,2022-09-22 17:33:22.138000,買い,142.59000,142.49000,1.00,-10.00,2347.80,水平線手前,損切,支持抵抗,0,142.59000
2022-09-01,2022-09-30,20260209_062431,20260209_062431-0036,2022-09-22 17:41:40.780000,2022-09-22 17:41:45.033000,買い,141.53000,141.43000,1.00,-10.00,2337.80,水平線手前,損切,支持抵抗,0,141.53000
2022-09-01,2022-09-30,20260209_062431,20260209_062431-0037,2022-09-22 17:44:30.682000,2022-09-22 17:44:32.255000,買い,140.70900,140.85900,1.00,15.00,2352.80,水平線手前,利確,支持抵抗,0,140.70900
2022-09-01,2022-09-30,20260209_062431,20260209_062431-0038,2022-09-23 22:45:00.666000,2022-09-23 22:45:02.703000,売り,143.24500,143.09500,1.00,15.00,2367.80,水平線手前,利確,支持抵抗,0,143.24500
2022-09-01,2022-09-30,20260209_062431,20260209_062431-0039,2022-09-23 22:45:00.613000,2022-09-23 22:45:02.805000,売り,143.23600,143.08600,1.00,15.00,2382.80,水平線手前,利確,支持抵抗,0,143.23600
2022-09-01,2022-09-30,20260209_062431,20260209_062431-0040,2022-09-26 14:46:22.145000,2022-09-26 14:46:29.781000,買い,143.52300,143.67300,1.00,15.00,2397.80,水平線手前,利確,支持抵抗,0,143.52300
2022-09-01,2022-09-30,20260209_062431,20260209_062431-0041,2022-09-27 23:00:02.453000,2022-09-27 23:47:18.956000,売り,144.82100,144.67100,1.00,15.00,2412.80,水平線手前,利確,支持抵抗,0,144.82100
2022-09-01,2022-09-30,20260209_062431,20260209_062431-0042,2022-09-27 23:00:01.780000,2022-09-27 23:48:38.309000,売り,144.79100,144.64100,1.00,15.00,2427.80,水平線手前,利確,支持抵抗,0,144.79100
2022-09-01,2022-09-30,20260209_062431,20260209_062431-0043,2022-09-30 21:30:05.977000,2022-09-30 21:30:06.130000,売り,144.75300,144.60300,1.00,15.00,2442.80,水平線手前,利確,支持抵抗,0,144.75300
2022-10-01,2022-10-31,20260209_062556,20260209_062556-0001,2022-10-03 13:05:24.679000,2022-10-03 13:05:29.481000,売り,145.29000,145.14000,1.00,15.00,2457.80,水平線手前,利確,支持抵抗,0,145.29000
2022-10-01,2022-10-31,20260209_062556,20260209_062556-0002,2022-10-03 23:00:00.307000,2022-10-03 23:24:25.455000,買い,144.71700,144.61700,1.00,-10.00,2447.80,水平線手前,損切,支持抵抗,0,144.71700
2022-10-01,2022-10-31,20260209_062556,20260209_062556-0003,2022-10-05 23:00:00.228000,2022-10-05 23:19:07.918000,売り,144.71100,144.81100,1.00,-10.00,2437.80,水平線手前,損切,支持抵抗,0,144.71100
2022-10-01,2022-10-31,20260209_062556,20260209_062556-0004,2022-10-07 21:30:01.470000,2022-10-07 21:30:05.337000,売り,145.12200,144.97200,1.00,15.00,2452.80,水平線手前,利確,支持抵抗,0,145.12200
2022-10-01,2022-10-31,20260209_062556,20260209_062556-0005,2022-10-07 21:30:05.388000,2022-10-07 21:30:05.489000,買い,144.73900,144.63900,1.00,-10.00,2442.80,水平線手前,損切,支持抵抗,0,144.73900
2022-10-01,2022-10-31,20260209_062556,20260209_062556-0006,2022-10-07 21:30:05.489000,2022-10-07 21:30:05.997000,買い,144.56000,144.71000,1.00,15.00,2457.80,水平線手前,利確,支持抵抗,0,144.56000
2022-10-01,2022-10-31,20260209_062556,20260209_062556-0007,2022-10-13 21:30:01.161000,2022-10-13 21:30:01.264000,売り,146.87900,146.97900,1.00,-10.00,2447.80,水平線手前,損切,支持抵抗,0,146.87900
2022-10-01,2022-10-31,20260209_062556,20260209_062556-0008,2022-10-13 21:30:01.264000,2022-10-13 21:30:05.153000,売り,146.97500,147.07500,1.00,-10.00,2437.80,水平線手前,損切,支持抵抗,0,146.97500
2022-10-01,2022-10-31,20260209_062556,20260209_062556-0009,2022-10-13 22:20:43.123000,2022-10-13 22:20:44.028000,買い,146.66900,146.56900,1.00,-10.00,2427.80,水平線手前,損切,支持抵抗,0,146.66900
2022-10-01,2022-10-31,20260209_062556,20260209_062556-0010,2022-10-13 22:20:50.454000,2022-10-13 22:20:58.532000,買い,146.47500,146.62500,1.00,15.00,2442.80,水平線手前,利確,支持抵抗,0,146.47500
2022-10-01,2022-10-31,20260209_062556,20260209_062556-0011,2022-10-14 17:58:14.465000,2022-10-14 18:45:26.988000,売り,147.74000,147.59000,1.00,15.00,2457.80,水平線手前,利確,支持抵抗,0,147.74000
2022-10-01,2022-10-31,20260209_062556,20260209_062556-0012,2022-10-14 23:00:00.302000,2022-10-14 23:00:00.916000,売り,148.07000,148.17000,1.00,-10.00,2447.80,水平線手前,損切,支持抵抗,0,148.07000
2022-10-01,2022-10-31,20260209_062556,20260209_062556-0013,2022-10-18 18:04:04.500000,2022-10-18 18:04:04.653000,買い,148.71100,148.61100,1.00,-10.00,2437.80,水平線手前,損切,支持抵抗,0,148.71100
2022-10-01,2022-10-31,20260209_062556,20260209_062556-0014,2022-10-18 18:04:05.749000,2022-10-18 18:04:06.156000,買い,148.40100,148.30100,1.00,-10.00,2427.80,水平線手前,損切,支持抵抗,0,148.40100
2022-10-01,2022-10-31,20260209_062556,20260209_062556-0015,2022-10-18 18:04:07.461000,2022-10-18 18:04:12.170000,買い,148.17100,148.32100,1.00,15.00,2442.80,水平線手前,利確,支持抵抗,0,148.17100
2022-10-01,2022-10-31,20260209_062556,20260209_062556-0016,2022-10-19 15:56:23.506000,2022-10-19 19:25:44.779000,売り,149.42800,149.52800,1.00,-10.00,2432.80,水平線手前,損切,支持抵抗,0,149.42800
2022-10-01,2022-10-31,20260209_062556,20260209_062556-0017,2022-10-20 16:40:39.018000,2022-10-20 16:40:45.372000,売り,150.05700,149.90700,1.00,15.00,2447.80,水平線手前,利確,支持抵抗,0,150.05700
2022-10-01,2022-10-31,20260209_062556,20260209_062556-0018,2022-10-21 23:48:06.301000,2022-10-21 23:48:16.921000,買い,149.99700,150.14700,1.00,15.00,2462.80,水平線手前,利確,支持抵抗,0,149.99700
2022-10-01,2022-10-31,20260209_062556,20260209_062556-0019,2022-10-21 23:50:32.870000,2022-10-21 23:50:46.512000,買い,149.58000,149.48000,1.00,-10.00,2452.80,水平線手前,損切,支持抵抗,0,149.58000
2022-10-01,2022-10-31,20260209_062556,20260209_062556-0020,2022-10-21 23:50:41.045000,2022-10-21 23:51:42.203000,買い,149.51800,149.66800,1.00,15.00,2467.80,水平線手前,利確,支持抵抗,0,149.51800
2022-10-01,2022-10-31,20260209_062556,20260209_062556-0021,2022-10-21 23:53:13.235000,2022-10-21 23:54:02.917000,買い,149.10700,149.00700,1.00,-10.00,2457.80,水平線手前,損切,支持抵抗,0,149.10700
2022-10-01,2022-10-31,20260209_062556,20260209_062556-0022,2022-10-22 00:10:58.942000,2022-10-22 00:11:03.162000,買い,148.98700,148.88700,1.00,-10.00,2447.80,水平線手前,損切,支持抵抗,0,148.98700
2022-10-01,2022-10-31,20260209_062556,20260209_062556-0023,2022-10-22 00:10:58.213000,2022-10-22 00:11:03.641000,買い,148.89600,148.79600,1.00,-10.00,2437.80,水平線手前,損切,支持抵抗,0,148.89600
2022-10-01,2022-10-31,20260209_062556,20260209_062556-0024,2022-10-22 00:48:11.540000,2022-10-22 00:48:44.489000,買い,147.12100,147.02100,1.00,-10.00,2427.80,水平線手前,損切,支持抵抗,0,147.12100
2022-10-01,2022-10-31,20260209_062556,20260209_062556-0025,2022-10-22 00:50:28.936000,2022-10-22 00:50:50.327000,買い,146.87000,146.77000,1.00,-10.00,2417.80,水平線手前,損切,支持抵抗,0,146.87000
2022-10-01,2022-10-31,20260209_062556,20260209_062556-0026,2022-10-22 00:59:26.917000,2022-10-22 00:59:38.545000,買い,146.28600,146.43600,1.00,15.00,2432.80,水平線手前,利確,支持抵抗,0,146.28600
2022-10-01,2022-10-31,20260209_062556,20260209_062556-0027,2022-10-22 01:01:09.508000,2022-10-22 01:01:13.693000,買い,146.21600,146.36600,1.00,15.00,2447.80,水平線手前,利確,支持抵抗,0,146.21600
2022-10-01,2022-10-31,20260209_062556,20260209_062556-0028,2022-10-24 14:16:21.386000,2022-10-24 14:50:09.411000,買い,148.80500,148.95500,1.00,15.00,2462.80,水平線手前,利確,支持抵抗,0,148.80500
2022-10-01,2022-10-31,20260209_062556,20260209_062556-0029,2022-10-24 20:48:05.147000,2022-10-24 20:48:08.795000,買い,148.75200,148.65200,1.00,-10.00,2452.80,水平線手前,損切,支持抵抗,0,148.75200
2022-10-01,2022-10-31,20260209_062556,20260209_062556-0030,2022-10-24 20:48:26.197000,2022-10-24 20:48:31.803000,買い,148.31100,148.46100,1.00,15.00,2467.80,水平線手前,利確,支持抵抗,0,148.31100
2022-10-01,2022-10-31,20260209_062556,20260209_062556-0031,2022-10-25 21:18:05.406000,2022-10-25 21:20:41.137000,買い,148.69300,148.84300,1.00,15.00,2482.80,水平線手前,利確,支持抵抗,0,148.69300
2022-10-01,2022-10-31,20260209_062556,20260209_062556-0032,2022-10-26 23:00:01.298000,2022-10-26 23:00:07.202000,買い,146.77400,146.67400,1.00,-10.00,2472.80,水平線手前,損切,支持抵抗,0,146.77400
2022-10-01,2022-10-31,20260209_062556,20260209_062556-0033,2022-10-26 23:00:07.050000,2022-10-26 23:00:16.282000,買い,146.73000,146.63000,1.00,-10.00,2462.80,水平線手前,損切,支持抵抗,0,146.73000
2022-10-01,2022-10-31,20260209_062556,20260209_062556-0034,2022-10-28 11:50:07.167000,2022-10-28 11:50:07.933000,売り,146.70600,146.80600,1.00,-10.00,2452.80,水平線手前,損切,支持抵抗,0,146.70600
2022-10-01,2022-10-31,20260209_062556,20260209_062556-0035,2022-10-28 11:50:09.158000,2022-10-28 11:50:09.677000,売り,146.82400,146.67400,1.00,15.00,2467.80,水平線手前,利確,支持抵抗,0,146.82400
2022-10-01,2022-10-31,20260209_062556,20260209_062556-0036,2022-10-28 11:56:09.342000,2022-10-28 11:56:13.047000,買い,146.00000,146.15000,1.00,15.00,2482.80,水平線手前,利確,支持抵抗,0,146.00000
2022-11-01,2022-11-30,20260209_062735,20260209_062735-0001,2022-11-02 19:56:55.286000,2022-11-02 20:25:40.925000,買い,146.86300,147.01300,1.00,15.00,2497.80,水平線手前,利確,支持抵抗,0,146.86300
2022-11-01,2022-11-30,20260209_062735,20260209_062735-0002,2022-11-04 15:33:46.153000,2022-11-04 15:34:27.388000,買い,147.70800,147.85800,1.00,15.00,2512.80,水平線手前,利確,支持抵抗,0,147.70800
2022-11-01,2022-11-30,20260209_062735,20260209_062735-0003,2022-11-04 15:33:45.746000,2022-11-04 15:34:33.836000,買い,147.73600,147.88600,1.00,15.00,2527.80,水平線手前,利確,支持抵抗,0,147.73600
2022-11-01,2022-11-30,20260209_062735,20260209_062735-0004,2022-11-04 21:30:07.127000,2022-11-04 21:30:15.613000,売り,148.18600,148.03600,1.00,15.00,2542.80,水平線手前,利確,支持抵抗,0,148.18600
2022-11-01,2022-11-30,20260209_062735,20260209_062735-0005,2022-11-04 21:48:16.105000,2022-11-04 21:54:49.124000,買い,147.41700,147.31700,1.00,-10.00,2532.80,水平線手前,損切,支持抵抗,0,147.41700
2022-11-01,2022-11-30,20260209_062735,20260209_062735-0006,2022-11-10 22:30:01.572000,2022-11-10 22:30:02.256000,買い,145.58400,145.48400,1.00,-10.00,2522.80,水平線手前,損切,支持抵抗,0,145.58400
2022-11-01,2022-11-30,20260209_062735,20260209_062735-0007,2022-11-10 22:30:08.380000,2022-11-10 22:30:08.604000,買い,145.24900,145.14900,1.00,-10.00,2512.80,水平線手前,損切,支持抵抗,0,145.24900
2022-11-01,2022-11-30,20260209_062735,20260209_062735-0008,2022-11-10 22:30:08.482000,2022-11-10 22:30:10.592000,買い,145.18300,145.08300,1.00,-10.00,2502.80,水平線手前,損切,支持抵抗,0,145.18300
2022-11-01,2022-11-30,20260209_062735,20260209_062735-0009,2022-11-10 23:45:55.006000,2022-11-10 23:46:08.736000,買い,141.81500,141.96500,1.00,15.00,2517.80,水平線手前,利確,支持抵抗,0,141.81500
2022-11-01,2022-11-30,20260209_062735,20260209_062735-0010,2022-11-11 00:08:46.441000,2022-11-11 00:10:11.490000,買い,141.58500,141.73500,1.00,15.00,2532.80,水平線手前,利確,支持抵抗,0,141.58500
2022-11-01,2022-11-30,20260209_062735,20260209_062735-0011,2022-11-11 19:39:26.003000,2022-11-11 19:39:38.742000,買い,138.77900,138.92900,1.00,15.00,2547.80,水平線手前,利確,支持抵抗,0,138.77900
2022-11-01,2022-11-30,20260209_062735,20260209_062735-0012,2022-11-15 22:30:08.997000,2022-11-15 22:30:12.292000,買い,138.98900,138.88900,1.00,-10.00,2537.80,水平線手前,損切,支持抵抗,0,138.98900
2022-11-01,2022-11-30,20260209_062735,20260209_062735-0013,2022-11-15 22:30:09.100000,2022-11-15 22:30:17.755000,買い,138.93900,138.83900,1.00,-10.00,2527.80,水平線手前,損切,支持抵抗,0,138.93900
2022-11-01,2022-11-30,20260209_062735,20260209_062735-0014,2022-11-15 22:32:40.884000,2022-11-15 22:32:43.843000,買い,138.48900,138.38900,1.00,-10.00,2517.80,水平線手前,損切,支持抵抗,0,138.48900
2022-11-01,2022-11-30,20260209_062735,20260209_062735-0015,2022-11-15 22:37:38.749000,2022-11-15 22:38:04.405000,買い,137.70800,137.85800,1.00,15.00,2532.80,水平線手前,利確,支持抵抗,0,137.70800
2022-11-01,2022-11-30,20260209_062735,20260209_062735-0016,2022-11-16 22:30:22.209000,2022-11-16 22:32:00.254000,売り,140.01500,139.86500,1.00,15.00,2547.80,水平線手前,利確,支持抵抗,0,140.01500
2022-11-01,2022-11-30,20260209_062735,20260209_062735-0017,2022-11-17 21:25:08.022000,2022-11-17 21:26:49.385000,買い,139.68600,139.83600,1.00,15.00,2562.80,水平線手前,利確,支持抵抗,0,139.68600
2022-11-01,2022-11-30,20260209_062735,20260209_062735-0018,2022-11-23 22:30:46.344000,2022-11-23 22:31:28.917000,買い,141.10100,141.00100,1.00,-10.00,2552.80,水平線手前,損切,支持抵抗,0,141.10100
2022-11-01,2022-11-30,20260209_062735,20260209_062735-0019,2022-11-23 23:53:17.717000,2022-11-23 23:54:04.168000,買い,139.90600,140.05600,1.00,15.00,2567.80,水平線手前,利確,支持抵抗,0,139.90600
2022-11-01,2022-11-30,20260209_062735,20260209_062735-0020,2022-11-24 04:01:40.819000,2022-11-24 04:01:43.961000,買い,139.59700,139.49700,1.00,-10.00,2557.80,水平線手前,損切,支持抵抗,0,139.59700
2022-12-01,2022-12-31,20260209_062910,20260209_062910-0001,2022-12-01 03:30:21.534000,2022-12-01 03:30:22.966000,買い,139.15800,139.05800,1.00,-10.00,2547.80,水平線手前,損切,支持抵抗,0,139.15800
2022-12-01,2022-12-31,20260209_062910,20260209_062910-0002,2022-12-01 22:30:36.346000,2022-12-01 22:30:42.930000,買い,135.86100,135.76100,1.00,-10.00,2537.80,水平線手前,損切,支持抵抗,0,135.86100
2022-12-01,2022-12-31,20260209_062910,20260209_062910-0003,2022-12-01 22:30:40.791000,2022-12-01 22:36:10.005000,買い,135.78700,135.93700,1.00,15.00,2552.80,水平線手前,利確,支持抵抗,0,135.78700
2022-12-01,2022-12-31,20260209_062910,20260209_062910-0004,2022-12-02 00:00:08.573000,2022-12-02 00:00:11.853000,買い,135.56400,135.71400,1.00,15.00,2567.80,水平線手前,利確,支持抵抗,0,135.56400
2022-12-01,2022-12-31,20260209_062910,20260209_062910-0005,2022-12-02 17:48:24.235000,2022-12-02 17:49:06.209000,買い,133.64500,133.79500,1.00,15.00,2582.80,水平線手前,利確,支持抵抗,0,133.64500
2022-12-01,2022-12-31,20260209_062910,20260209_062910-0006,2022-12-02 22:31:27.642000,2022-12-02 22:31:35.587000,売り,135.56700,135.66700,1.00,-10.00,2572.80,水平線手前,損切,支持抵抗,0,135.56700
2022-12-01,2022-12-31,20260209_062910,20260209_062910-0007,2022-12-02 22:34:19.149000,2022-12-02 22:34:38.000000,売り,135.95800,135.80800,1.00,15.00,2587.80,水平線手前,利確,支持抵抗,0,135.95800
2022-12-01,2022-12-31,20260209_062910,20260209_062910-0008,2022-12-05 19:30:29.093000,2022-12-05 20:41:59.178000,売り,135.45200,135.30200,1.00,15.00,2602.80,水平線手前,利確,支持抵抗,0,135.45200
2022-12-01,2022-12-31,20260209_062910,20260209_062910-0009,2022-12-08 00:10:29.336000,2022-12-08 00:10:40.681000,売り,136.83900,136.68900,1.00,15.00,2617.80,水平線手前,利確,支持抵抗,0,136.83900
2022-12-01,2022-12-31,20260209_062910,20260209_062910-0010,2022-12-09 22:30:12.845000,2022-12-09 22:30:13.863000,売り,136.44100,136.54100,1.00,-10.00,2607.80,水平線手前,損切,支持抵抗,0,136.44100
2022-12-01,2022-12-31,20260209_062910,20260209_062910-0011,2022-12-13 03:01:46.607000,2022-12-13 03:32:31.933000,売り,137.67400,137.77400,1.00,-10.00,2597.80,水平線手前,損切,支持抵抗,0,137.67400
2022-12-01,2022-12-31,20260209_062910,20260209_062910-0012,2022-12-13 22:30:01.225000,2022-12-13 22:30:01.581000,買い,136.44700,136.34700,1.00,-10.00,2587.80,水平線手前,損切,支持抵抗,0,136.44700
2022-12-01,2022-12-31,20260209_062910,20260209_062910-0013,2022-12-13 22:30:05.523000,2022-12-13 22:30:07.699000,買い,136.10600,136.00600,1.00,-10.00,2577.80,水平線手前,損切,支持抵抗,0,136.10600
2022-12-01,2022-12-31,20260209_062910,20260209_062910-0014,2022-12-13 22:30:15.459000,2022-12-13 22:30:19.398000,買い,135.63100,135.53100,1.00,-10.00,2567.80,水平線手前,損切,支持抵抗,0,135.63100
2022-12-01,2022-12-31,20260209_062910,20260209_062910-0015,2022-12-13 22:30:16.020000,2022-12-13 22:30:19.398000,買い,135.63800,135.53800,1.00,-10.00,2557.80,水平線手前,損切,支持抵抗,0,135.63800
2022-12-01,2022-12-31,20260209_062910,20260209_062910-0016,2022-12-13 23:26:42.149000,2022-12-13 23:28:42.043000,買い,134.67000,134.82000,1.00,15.00,2572.80,水平線手前,利確,支持抵抗,0,134.67000
2022-12-01,2022-12-31,20260209_062910,20260209_062910-0017,2022-12-13 23:26:41.792000,2022-12-13 23:29:58.901000,買い,134.68600,134.83600,1.00,15.00,2587.80,水平線手前,利確,支持抵抗,0,134.68600
2022-12-01,2022-12-31,20260209_062910,20260209_062910-0018,2022-12-14 19:00:06.721000,2022-12-14 19:00:07.803000,買い,135.09200,134.99200,1.00,-10.00,2577.80,水平線手前,損切,支持抵抗,0,135.09200
2022-12-01,2022-12-31,20260209_062910,20260209_062910-0019,2022-12-14 19:00:08.981000,2022-12-14 19:00:10.261000,買い,134.93700,134.83700,1.00,-10.00,2567.80,水平線手前,損切,支持抵抗,0,134.93700
2022-12-01,2022-12-31,20260209_062910,20260209_062910-0020,2022-12-14 19:00:27.723000,2022-12-14 19:00:30.740000,買い,134.68700,134.58700,1.00,-10.00,2557.80,水平線手前,損切,支持抵抗,0,134.68700
2022-12-01,2022-12-31,20260209_062910,20260209_062910-0021,2022-12-14 19:00:31.047000,2022-12-14 19:00:36.020000,買い,134.54400,134.69400,1.00,15.00,2572.80,水平線手前,利確,支持抵抗,0,134.54400
2022-12-01,2022-12-31,20260209_062910,20260209_062910-0022,2022-12-15 04:00:26.857000,2022-12-15 04:00:32.227000,売り,135.58000,135.68000,1.00,-10.00,2562.80,水平線手前,損切,支持抵抗,0,135.58000
2022-12-01,2022-12-31,20260209_062910,20260209_062910-0023,2022-12-15 04:03:07.136000,2022-12-15 04:04:15.189000,売り,135.70700,135.55700,1.00,15.00,2577.80,水平線手前,利確,支持抵抗,0,135.70700
2022-12-01,2022-12-31,20260209_062910,20260209_062910-0024,2022-12-15 04:34:52.138000,2022-12-15 04:41:11.745000,売り,135.95700,135.80700,1.00,15.00,2592.80,水平線手前,利確,支持抵抗,0,135.95700
2022-12-01,2022-12-31,20260209_062910,20260209_062910-0025,2022-12-16 23:45:00.844000,2022-12-16 23:45:02.512000,買い,136.82400,136.72400,1.00,-10.00,2582.80,水平線手前,損切,支持抵抗,0,136.82400
2022-12-01,2022-12-31,20260209_062910,20260209_062910-0026,2022-12-16 23:45:02.512000,2022-12-16 23:45:06.416000,買い,136.70600,136.85600,1.00,15.00,2597.80,水平線手前,利確,支持抵抗,0,136.70600
2022-12-01,2022-12-31,20260209_062910,20260209_062910-0027,2022-12-20 11:58:08.332000,2022-12-20 12:00:06.480000,買い,137.04800,137.19800,1.00,15.00,2612.80,水平線手前,利確,支持抵抗,0,137.04800
2022-12-01,2022-12-31,20260209_062910,20260209_062910-0028,2022-12-20 12:01:10.282000,2022-12-20 12:01:37.106000,売り,137.38400,137.23400,1.00,15.00,2627.80,水平線手前,利確,支持抵抗,0,137.38400
2022-12-01,2022-12-31,20260209_062910,20260209_062910-0029,2022-12-20 12:02:03.133000,2022-12-20 12:02:04.615000,買い,136.30900,136.20900,1.00,-10.00,2617.80,水平線手前,損切,支持抵抗,0,136.30900
2022-12-01,2022-12-31,20260209_062910,20260209_062910-0030,2022-12-20 12:02:20.031000,2022-12-20 12:02:21.357000,買い,135.78900,135.68900,1.00,-10.00,2607.80,水平線手前,損切,支持抵抗,0,135.78900
2022-12-01,2022-12-31,20260209_062910,20260209_062910-0031,2022-12-20 12:02:24.060000,2022-12-20 12:02:28.603000,買い,135.57000,135.47000,1.00,-10.00,2597.80,水平線手前,損切,支持抵抗,0,135.57000
2022-12-01,2022-12-31,20260209_062910,20260209_062910-0032,2022-12-20 12:04:57.099000,2022-12-20 12:05:21.336000,買い,134.79200,134.69200,1.00,-10.00,2587.80,水平線手前,損切,支持抵抗,0,134.79200
2022-12-01,2022-12-31,20260209_062910,20260209_062910-0033,2022-12-20 12:05:39.108000,2022-12-20 12:05:40.582000,買い,134.16500,134.06500,1.00,-10.00,2577.80,水平線手前,損切,支持抵抗,0,134.16500
2022-12-01,2022-12-31,20260209_062910,20260209_062910-0034,2022-12-20 12:14:26.690000,2022-12-20 12:14:33.832000,買い,133.72000,133.62000,1.00,-10.00,2567.80,水平線手前,損切,支持抵抗,0,133.72000
2022-12-01,2022-12-31,20260209_062910,20260209_062910-0035,2022-12-20 12:15:49.320000,2022-12-20 12:16:01.411000,買い,133.13800,133.28800,1.00,15.00,2582.80,水平線手前,利確,支持抵抗,0,133.13800
2022-12-01,2022-12-31,20260209_062910,20260209_062910-0036,2022-12-20 13:05:52.665000,2022-12-20 13:07:22.641000,買い,133.12800,133.27800,1.00,15.00,2597.80,水平線手前,利確,支持抵抗,0,133.12800
2022-12-01,2022-12-31,20260209_062910,20260209_062910-0037,2022-12-20 14:59:48.693000,2022-12-20 15:00:02.000000,買い,132.95200,132.85200,1.00,-10.00,2587.80,水平線手前,損切,支持抵抗,0,132.95200
2022-12-01,2022-12-31,20260209_062910,20260209_062910-0038,2022-12-20 15:01:45.193000,2022-12-20 15:16:08.948000,買い,132.70900,132.85900,1.00,15.00,2602.80,水平線手前,利確,支持抵抗,0,132.70900
2022-12-01,2022-12-31,20260209_062910,20260209_062910-0039,2022-12-20 15:51:43.540000,2022-12-20 15:53:09.367000,売り,133.67000,133.52000,1.00,15.00,2617.80,水平線手前,利確,支持抵抗,0,133.67000
2022-12-01,2022-12-31,20260209_062910,20260209_062910-0040,2022-12-20 16:46:42.830000,2022-12-20 16:47:25.380000,買い,132.31300,132.46300,1.00,15.00,2632.80,水平線手前,利確,支持抵抗,0,132.31300
2022-12-01,2022-12-31,20260209_062910,20260209_062910-0041,2022-12-21 02:09:04.991000,2022-12-21 02:10:26.109000,買い,130.60100,130.75100,1.00,15.00,2647.80,水平線手前,利確,支持抵抗,0,130.60100
2022-12-01,2022-12-31,20260209_062910,20260209_062910-0042,2022-12-23 22:30:00.750000,2022-12-23 22:30:05.930000,売り,132.79400,132.64400,1.00,15.00,2662.80,水平線手前,利確,支持抵抗,0,132.79400
2022-12-01,2022-12-31,20260209_062910,20260209_062910-0043,2022-12-23 22:32:22.067000,2022-12-23 22:32:38.741000,売り,132.88100,132.98100,1.00,-10.00,2652.80,水平線手前,損切,支持抵抗,0,132.88100
2022-12-01,2022-12-31,20260209_062910,20260209_062910-0044,2022-12-26 19:11:35.991000,2022-12-26 19:15:02.661000,売り,133.07900,133.17900,1.00,-10.00,2642.80,水平線手前,損切,支持抵抗,0,133.07900
2022-12-01,2022-12-31,20260209_062910,20260209_062910-0045,2022-12-26 19:11:36.092000,2022-12-26 22:50:08.202000,売り,133.12500,132.97500,1.00,15.00,2657.80,水平線手前,利確,支持抵抗,0,133.12500
2022-12-01,2022-12-31,20260209_062910,20260209_062910-0046,2022-12-28 11:54:53.043000,2022-12-28 12:04:34.774000,売り,134.11700,133.96700,1.00,15.00,2672.80,水平線手前,利確,支持抵抗,0,134.11700
2023-01-01,2023-01-31,20260209_063049,20260209_063049-0001,2023-01-04 17:30:09.910000,2023-01-04 17:35:12.466000,買い,129.95700,130.10700,1.00,15.00,2687.80,水平線手前,利確,支持抵抗,0,129.95700
2023-01-01,2023-01-31,20260209_063049,20260209_063049-0002,2023-01-05 00:00:09.413000,2023-01-05 00:00:16.574000,売り,131.12200,131.22200,1.00,-10.00,2677.80,水平線手前,損切,支持抵抗,0,131.12200
2023-01-01,2023-01-31,20260209_063049,20260209_063049-0003,2023-01-05 00:00:18.518000,2023-01-05 00:00:43.649000,売り,131.27400,131.12400,1.00,15.00,2692.80,水平線手前,利確,支持抵抗,0,131.27400
2023-01-01,2023-01-31,20260209_063049,20260209_063049-0004,2023-01-06 03:20:41.482000,2023-01-06 03:27:31.769000,買い,133.10700,133.00700,1.00,-10.00,2682.80,水平線手前,損切,支持抵抗,0,133.10700
2023-01-01,2023-01-31,20260209_063049,20260209_063049-0005,2023-01-06 14:45:15.315000,2023-01-06 14:45:25.306000,売り,134.04200,134.14200,1.00,-10.00,2672.80,水平線手前,損切,支持抵抗,0,134.04200
2023-01-01,2023-01-31,20260209_063049,20260209_063049-0006,2023-01-06 22:30:01.964000,2023-01-06 22:30:02.573000,売り,134.66000,134.51000,1.00,15.00,2687.80,水平線手前,利確,支持抵抗,0,134.66000
2023-01-01,2023-01-31,20260209_063049,20260209_063049-0007,2023-01-12 03:14:50.408000,2023-01-12 03:15:43.509000,買い,132.31000,132.46000,1.00,15.00,2702.80,水平線手前,利確,支持抵抗,0,132.31000
2023-01-01,2023-01-31,20260209_063049,20260209_063049-0008,2023-01-12 22:30:21.478000,2023-01-12 22:30:24.160000,買い,130.66100,130.56100,1.00,-10.00,2692.80,水平線手前,損切,支持抵抗,0,130.66100
2023-01-01,2023-01-31,20260209_063049,20260209_063049-0009,2023-01-12 22:30:24.211000,2023-01-12 22:30:28.758000,買い,130.54600,130.69600,1.00,15.00,2707.80,水平線手前,利確,支持抵抗,0,130.54600
2023-01-01,2023-01-31,20260209_063049,20260209_063049-0010,2023-01-12 22:33:35.576000,2023-01-12 22:33:38.432000,買い,130.31600,130.21600,1.00,-10.00,2697.80,水平線手前,損切,支持抵抗,0,130.31600
2023-01-01,2023-01-31,20260209_063049,20260209_063049-0011,2023-01-17 17:05:41.205000,2023-01-17 17:17:45.764000,買い,128.41400,128.56400,1.00,15.00,2712.80,水平線手前,利確,支持抵抗,0,128.41400
2023-01-01,2023-01-31,20260209_063049,20260209_063049-0012,2023-01-18 11:40:11.377000,2023-01-18 11:40:12.703000,売り,129.01000,129.11000,1.00,-10.00,2702.80,水平線手前,損切,支持抵抗,0,129.01000
2023-01-01,2023-01-31,20260209_063049,20260209_063049-0013,2023-01-18 11:40:12.601000,2023-01-18 11:40:13.213000,売り,129.09100,129.19100,1.00,-10.00,2692.80,水平線手前,損切,支持抵抗,0,129.09100
2023-01-01,2023-01-31,20260209_063049,20260209_063049-0014,2023-01-18 11:40:12.805000,2023-01-18 11:40:13.366000,売り,129.14400,129.24400,1.00,-10.00,2682.80,水平線手前,損切,支持抵抗,0,129.14400
2023-01-01,2023-01-31,20260209_063049,20260209_063049-0015,2023-01-18 11:40:13.060000,2023-01-18 11:40:13.366000,売り,129.14600,129.24600,1.00,-10.00,2672.80,水平線手前,損切,支持抵抗,0,129.14600
2023-01-01,2023-01-31,20260209_063049,20260209_063049-0016,2023-01-18 11:40:13.519000,2023-01-18 11:40:17.281000,売り,129.31600,129.16600,1.00,15.00,2687.80,水平線手前,利確,支持抵抗,0,129.31600
2023-01-01,2023-01-31,20260209_063049,20260209_063049-0017,2023-01-18 11:40:17.332000,2023-01-18 11:40:17.535000,売り,129.20800,129.30800,1.00,-10.00,2677.80,水平線手前,損切,支持抵抗,0,129.20800
2023-01-01,2023-01-31,20260209_063049,20260209_063049-0018,2023-01-18 11:40:20.029000,2023-01-18 11:40:20.944000,売り,129.39700,129.49700,1.00,-10.00,2667.80,水平線手前,損切,支持抵抗,0,129.39700
2023-01-01,2023-01-31,20260209_063049,20260209_063049-0019,2023-01-18 11:51:57.966000,2023-01-18 11:52:32.893000,売り,130.77800,130.62800,1.00,15.00,2682.80,水平線手前,利確,支持抵抗,0,130.77800
2023-01-01,2023-01-31,20260209_063049,20260209_063049-0020,2023-01-21 03:00:01.962000,2023-01-21 03:00:06.765000,買い,129.61500,129.76500,1.00,15.00,2697.80,水平線手前,利確,支持抵抗,0,129.61500
2023-01-01,2023-01-31,20260209_063049,20260209_063049-0021,2023-01-23 21:01:49.879000,2023-01-23 21:29:16.215000,売り,130.43100,130.28100,1.00,15.00,2712.80,水平線手前,利確,支持抵抗,0,130.43100
2023-01-01,2023-01-31,20260209_063049,20260209_063049-0022,2023-01-24 23:45:03.863000,2023-01-24 23:51:43.744000,売り,130.72000,130.82000,1.00,-10.00,2702.80,水平線手前,損切,支持抵抗,0,130.72000
2023-01-01,2023-01-31,20260209_063049,20260209_063049-0023,2023-01-24 23:59:02.421000,2023-01-25 00:04:02.610000,売り,131.09400,130.94400,1.00,15.00,2717.80,水平線手前,利確,支持抵抗,0,131.09400
2023-01-01,2023-01-31,20260209_063049,20260209_063049-0024,2023-01-26 22:30:05.053000,2023-01-26 22:30:05.817000,売り,129.98300,130.08300,1.00,-10.00,2707.80,水平線手前,損切,支持抵抗,0,129.98300
2023-01-01,2023-01-31,20260209_063049,20260209_063049-0025,2023-01-26 22:30:07.243000,2023-01-26 22:30:11.116000,売り,130.29700,130.14700,1.00,15.00,2722.80,水平線手前,利確,支持抵抗,0,130.29700
2023-01-01,2023-01-31,20260209_063049,20260209_063049-0026,2023-01-30 13:00:46.972000,2023-01-30 13:00:52.041000,買い,129.58300,129.48300,1.00,-10.00,2712.80,水平線手前,損切,支持抵抗,0,129.58300
2023-01-01,2023-01-31,20260209_063049,20260209_063049-0027,2023-01-30 13:00:53.274000,2023-01-30 13:01:30.189000,買い,129.37100,129.52100,1.00,15.00,2727.80,水平線手前,利確,支持抵抗,0,129.37100
2023-01-01,2023-01-31,20260209_063049,20260209_063049-0028,2023-01-31 22:30:04.665000,2023-01-31 22:30:07.992000,買い,130.06900,129.96900,1.00,-10.00,2717.80,水平線手前,損切,支持抵抗,0,130.06900
2023-02-01,2023-02-28,20260209_063210,20260209_063210-0001,2023-02-01 22:15:00.982000,2023-02-01 22:15:02.810000,買い,129.65000,129.55000,1.00,-10.00,2707.80,水平線手前,損切,支持抵抗,0,129.65000
2023-02-01,2023-02-28,20260209_063210,20260209_063210-0002,2023-02-02 17:51:44.140000,2023-02-02 17:51:54.724000,売り,129.12200,128.97200,1.00,15.00,2722.80,水平線手前,利確,支持抵抗,0,129.12200
2023-02-01,2023-02-28,20260209_063210,20260209_063210-0003,2023-02-02 17:51:43.321000,2023-02-02 17:54:45.002000,売り,129.10300,128.95300,1.00,15.00,2737.80,水平線手前,利確,支持抵抗,0,129.10300
2023-02-01,2023-02-28,20260209_063210,20260209_063210-0004,2023-02-03 22:30:01.207000,2023-02-03 22:30:01.865000,売り,128.99900,129.09900,1.00,-10.00,2727.80,水平線手前,損切,支持抵抗,0,128.99900
2023-02-01,2023-02-28,20260209_063210,20260209_063210-0005,2023-02-03 22:30:01.865000,2023-02-03 22:30:01.916000,売り,129.09500,128.94500,1.00,15.00,2742.80,水平線手前,利確,支持抵抗,0,129.09500
2023-02-01,2023-02-28,20260209_063210,20260209_063210-0006,2023-02-04 00:00:00.257000,2023-02-04 00:00:00.562000,売り,130.51200,130.61200,1.00,-10.00,2732.80,水平線手前,損切,支持抵抗,0,130.51200
2023-02-01,2023-02-28,20260209_063210,20260209_063210-0007,2023-02-08 02:41:56.748000,2023-02-08 02:42:37.354000,買い,131.15200,131.30200,1.00,15.00,2747.80,水平線手前,利確,支持抵抗,0,131.15200
2023-02-01,2023-02-28,20260209_063210,20260209_063210-0008,2023-02-09 14:45:05.431000,2023-02-09 14:45:09.244000,買い,130.77700,130.92700,1.00,15.00,2762.80,水平線手前,利確,支持抵抗,0,130.77700
2023-02-01,2023-02-28,20260209_063210,20260209_063210-0009,2023-02-09 22:30:11.793000,2023-02-09 22:47:15.499000,買い,130.62800,130.52800,1.00,-10.00,2752.80,水平線手前,損切,支持抵抗,0,130.62800
2023-02-01,2023-02-28,20260209_063210,20260209_063210-0010,2023-02-10 16:19:57.666000,2023-02-10 16:20:02.627000,買い,130.94100,130.84100,1.00,-10.00,2742.80,水平線手前,損切,支持抵抗,0,130.94100
2023-02-01,2023-02-28,20260209_063210,20260209_063210-0011,2023-02-14 11:07:15.796000,2023-02-14 11:10:03.029000,買い,131.92600,132.07600,1.00,15.00,2757.80,水平線手前,利確,支持抵抗,0,131.92600
2023-02-01,2023-02-28,20260209_063210,20260209_063210-0012,2023-02-14 22:29:52.941000,2023-02-14 22:30:01.352000,買い,131.94100,132.09100,1.00,15.00,2772.80,水平線手前,利確,支持抵抗,0,131.94100
2023-02-01,2023-02-28,20260209_063210,20260209_063210-0013,2023-02-14 22:30:02.366000,2023-02-14 22:30:02.722000,売り,132.43000,132.53000,1.00,-10.00,2762.80,水平線手前,損切,支持抵抗,0,132.43000
2023-02-01,2023-02-28,20260209_063210,20260209_063210-0014,2023-02-14 22:30:10.253000,2023-02-14 22:30:12.609000,売り,132.88700,132.73700,1.00,15.00,2777.80,水平線手前,利確,支持抵抗,0,132.88700
2023-02-01,2023-02-28,20260209_063210,20260209_063210-0015,2023-02-14 22:30:09.690000,2023-02-14 22:30:12.660000,売り,132.87700,132.72700,1.00,15.00,2792.80,水平線手前,利確,支持抵抗,0,132.87700
2023-02-01,2023-02-28,20260209_063210,20260209_063210-0016,2023-02-14 22:32:53.599000,2023-02-14 22:32:56.768000,買い,131.82300,131.72300,1.00,-10.00,2782.80,水平線手前,損切,支持抵抗,0,131.82300
2023-02-01,2023-02-28,20260209_063210,20260209_063210-0017,2023-02-14 22:33:33.272000,2023-02-14 22:34:06.295000,買い,131.53500,131.68500,1.00,15.00,2797.80,水平線手前,利確,支持抵抗,0,131.53500
2023-02-01,2023-02-28,20260209_063210,20260209_063210-0018,2023-02-14 23:31:36.543000,2023-02-14 23:36:41.583000,売り,133.11200,132.96200,1.00,15.00,2812.80,水平線手前,利確,支持抵抗,0,133.11200
2023-02-01,2023-02-28,20260209_063210,20260209_063210-0019,2023-02-16 11:22:25.127000,2023-02-16 13:29:17.016000,買い,133.67400,133.82400,1.00,15.00,2827.80,水平線手前,利確,支持抵抗,0,133.67400
2023-02-01,2023-02-28,20260209_063210,20260209_063210-0020,2023-02-16 22:30:03.114000,2023-02-16 22:30:03.776000,売り,134.16000,134.26000,1.00,-10.00,2817.80,水平線手前,損切,支持抵抗,0,134.16000
2023-02-01,2023-02-28,20260209_063210,20260209_063210-0021,2023-02-21 23:45:00.457000,2023-02-21 23:47:49.959000,売り,135.01700,135.11700,1.00,-10.00,2807.80,水平線手前,損切,支持抵抗,0,135.01700
2023-02-01,2023-02-28,20260209_063210,20260209_063210-0022,2023-02-23 22:30:16.749000,2023-02-23 22:30:26.228000,売り,135.04600,135.14600,1.00,-10.00,2797.80,水平線手前,損切,支持抵抗,0,135.04600
2023-02-01,2023-02-28,20260209_063210,20260209_063210-0023,2023-02-23 22:30:32.315000,2023-02-23 22:32:06.440000,売り,135.19800,135.29800,1.00,-10.00,2787.80,水平線手前,損切,支持抵抗,0,135.19800
2023-02-01,2023-02-28,20260209_063210,20260209_063210-0024,2023-02-23 22:30:31.033000,2023-02-23 22:32:06.905000,売り,135.20300,135.30300,1.00,-10.00,2777.80,水平線手前,損切,支持抵抗,0,135.20300
2023-02-01,2023-02-28,20260209_063210,20260209_063210-0025,2023-02-24 22:30:22.107000,2023-02-24 22:30:25.805000,売り,135.66900,135.76900,1.00,-10.00,2767.80,水平線手前,損切,支持抵抗,0,135.66900
2023-02-01,2023-02-28,20260209_063210,20260209_063210-0026,2023-02-24 22:30:27.741000,2023-02-24 22:31:30.841000,売り,135.95600,135.80600,1.00,15.00,2782.80,水平線手前,利確,支持抵抗,0,135.95600
2023-03-01,2023-03-31,20260209_063413,20260209_063413-0001,2023-03-08 00:00:07.717000,2023-03-08 00:00:09.937000,売り,136.31100,136.41100,1.00,-10.00,2772.80,水平線手前,損切,支持抵抗,0,136.31100
2023-03-01,2023-03-31,20260209_063413,20260209_063413-0002,2023-03-08 00:00:09.835000,2023-03-08 00:01:02.398000,売り,136.39600,136.49600,1.00,-10.00,2762.80,水平線手前,損切,支持抵抗,0,136.39600
2023-03-01,2023-03-31,20260209_063413,20260209_063413-0003,2023-03-09 22:30:04.380000,2023-03-09 22:40:21.138000,買い,136.04600,135.94600,1.00,-10.00,2752.80,水平線手前,損切,支持抵抗,0,136.04600
2023-03-01,2023-03-31,20260209_063413,20260209_063413-0004,2023-03-10 11:30:07.423000,2023-03-10 11:30:07.576000,売り,136.45500,136.55500,1.00,-10.00,2742.80,水平線手前,損切,支持抵抗,0,136.45500
2023-03-01,2023-03-31,20260209_063413,20260209_063413-0005,2023-03-10 22:31:35.160000,2023-03-10 22:32:21.112000,買い,135.88700,136.03700,1.00,15.00,2757.80,水平線手前,利確,支持抵抗,0,135.88700
2023-03-01,2023-03-31,20260209_063413,20260209_063413-0006,2023-03-10 22:31:34.224000,2023-03-10 22:32:24.690000,買い,135.90400,136.05400,1.00,15.00,2772.80,水平線手前,利確,支持抵抗,0,135.90400
2023-03-01,2023-03-31,20260209_063413,20260209_063413-0007,2023-03-14 21:30:00.833000,2023-03-14 21:30:01.291000,売り,134.31900,134.41900,1.00,-10.00,2762.80,水平線手前,損切,支持抵抗,0,134.31900
2023-03-01,2023-03-31,20260209_063413,20260209_063413-0008,2023-03-15 21:30:01.648000,2023-03-15 21:30:04.046000,買い,132.98500,132.88500,1.00,-10.00,2752.80,水平線手前,損切,支持抵抗,0,132.98500
2023-03-01,2023-03-31,20260209_063413,20260209_063413-0009,2023-03-15 21:30:14.647000,2023-03-15 21:30:50.275000,買い,132.66900,132.81900,1.00,15.00,2767.80,水平線手前,利確,支持抵抗,0,132.66900
2023-03-01,2023-03-31,20260209_063413,20260209_063413-0010,2023-03-16 21:43:18.235000,2023-03-16 21:44:44.278000,買い,132.20900,132.35900,1.00,15.00,2782.80,水平線手前,利確,支持抵抗,0,132.20900
2023-03-01,2023-03-31,20260209_063413,20260209_063413-0011,2023-03-16 21:43:13.510000,2023-03-16 21:44:48.172000,買い,132.24400,132.39400,1.00,15.00,2797.80,水平線手前,利確,支持抵抗,0,132.24400
2023-03-01,2023-03-31,20260209_063413,20260209_063413-0012,2023-03-23 03:00:01.170000,2023-03-23 03:00:26.894000,買い,132.28800,132.18800,1.00,-10.00,2787.80,水平線手前,損切,支持抵抗,0,132.28800
2023-03-01,2023-03-31,20260209_063413,20260209_063413-0013,2023-03-24 04:00:53.498000,2023-03-24 04:03:13.157000,売り,131.01300,130.86300,1.00,15.00,2802.80,水平線手前,利確,支持抵抗,0,131.01300
2023-03-01,2023-03-31,20260209_063413,20260209_063413-0014,2023-03-24 04:07:37.237000,2023-03-24 04:07:57.834000,買い,130.50000,130.40000,1.00,-10.00,2792.80,水平線手前,損切,支持抵抗,0,130.50000
2023-03-01,2023-03-31,20260209_063413,20260209_063413-0015,2023-03-24 04:07:58.142000,2023-03-24 04:09:12.083000,買い,130.35600,130.50600,1.00,15.00,2807.80,水平線手前,利確,支持抵抗,0,130.35600
2023-04-01,2023-04-30,20260209_063533,20260209_063533-0001,2023-04-03 23:00:00.349000,2023-04-03 23:01:20.004000,買い,132.57900,132.47900,1.00,-10.00,2797.80,水平線手前,損切,支持抵抗,0,132.57900
2023-04-01,2023-04-30,20260209_063533,20260209_063533-0002,2023-04-04 23:00:01.325000,2023-04-04 23:00:03.566000,買い,132.51400,132.41400,1.00,-10.00,2787.80,水平線手前,損切,支持抵抗,0,132.51400
2023-04-01,2023-04-30,20260209_063533,20260209_063533-0003,2023-04-05 21:15:02.298000,2023-04-05 21:15:03.800000,買い,131.26600,131.16600,1.00,-10.00,2777.80,水平線手前,損切,支持抵抗,0,131.26600
2023-04-01,2023-04-30,20260209_063533,20260209_063533-0004,2023-04-05 22:45:00.625000,2023-04-05 22:48:07.600000,買い,130.94200,131.09200,1.00,15.00,2792.80,水平線手前,利確,支持抵抗,0,130.94200
2023-04-01,2023-04-30,20260209_063533,20260209_063533-0005,2023-04-05 22:45:00.521000,2023-04-05 22:48:08.385000,買い,130.95100,131.10100,1.00,15.00,2807.80,水平線手前,利確,支持抵抗,0,130.95100
2023-04-01,2023-04-30,20260209_063533,20260209_063533-0006,2023-04-05 23:00:00.834000,2023-04-05 23:00:13.811000,買い,130.63500,130.78500,1.00,15.00,2822.80,水平線手前,利確,支持抵抗,0,130.63500
2023-04-01,2023-04-30,20260209_063533,20260209_063533-0007,2023-04-06 21:30:05.012000,2023-04-06 21:30:15.299000,買い,130.98300,131.13300,1.00,15.00,2837.80,水平線手前,利確,支持抵抗,0,130.98300
2023-04-01,2023-04-30,20260209_063533,20260209_063533-0008,2023-04-07 21:30:02.921000,2023-04-07 21:30:20.441000,売り,131.93200,132.03200,1.00,-10.00,2827.80,水平線手前,損切,支持抵抗,0,131.93200
2023-04-01,2023-04-30,20260209_063533,20260209_063533-0009,2023-04-07 21:30:04.037000,2023-04-07 21:30:20.666000,売り,131.95300,132.05300,1.00,-10.00,2817.80,水平線手前,損切,支持抵抗,0,131.95300
2023-04-01,2023-04-30,20260209_063533,20260209_063533-0010,2023-04-12 21:30:01.123000,2023-04-12 21:30:01.685000,買い,133.57700,133.47700,1.00,-10.00,2807.80,水平線手前,損切,支持抵抗,0,133.57700
2023-04-01,2023-04-30,20260209_063533,20260209_063533-0011,2023-04-12 21:31:15.853000,2023-04-12 21:31:34.837000,買い,133.01100,132.91100,1.00,-10.00,2797.80,水平線手前,損切,支持抵抗,0,133.01100
2023-04-01,2023-04-30,20260209_063533,20260209_063533-0012,2023-04-13 21:30:01.984000,2023-04-13 21:30:02.291000,買い,132.89500,132.79500,1.00,-10.00,2787.80,水平線手前,損切,支持抵抗,0,132.89500
2023-04-01,2023-04-30,20260209_063533,20260209_063533-0013,2023-04-13 21:30:02.291000,2023-04-13 21:30:13.780000,買い,132.80100,132.95100,1.00,15.00,2802.80,水平線手前,利確,支持抵抗,0,132.80100
2023-04-01,2023-04-30,20260209_063533,20260209_063533-0014,2023-04-14 21:30:08.144000,2023-04-14 21:30:15.858000,買い,132.20500,132.35500,1.00,15.00,2817.80,水平線手前,利確,支持抵抗,0,132.20500
2023-04-01,2023-04-30,20260209_063533,20260209_063533-0015,2023-04-14 21:30:57.470000,2023-04-14 21:33:26.324000,売り,132.77600,132.87600,1.00,-10.00,2807.80,水平線手前,損切,支持抵抗,0,132.77600
2023-04-01,2023-04-30,20260209_063533,20260209_063533-0016,2023-04-14 23:00:00.247000,2023-04-14 23:00:10.292000,売り,133.20800,133.30800,1.00,-10.00,2797.80,水平線手前,損切,支持抵抗,0,133.20800
2023-04-01,2023-04-30,20260209_063533,20260209_063533-0017,2023-04-14 23:00:17.924000,2023-04-14 23:08:19.242000,売り,133.36200,133.46200,1.00,-10.00,2787.80,水平線手前,損切,支持抵抗,0,133.36200
2023-04-01,2023-04-30,20260209_063533,20260209_063533-0018,2023-04-19 18:52:22.192000,2023-04-19 18:52:42.414000,売り,135.10700,134.95700,1.00,15.00,2802.80,水平線手前,利確,支持抵抗,0,135.10700
2023-04-01,2023-04-30,20260209_063533,20260209_063533-0019,2023-04-20 21:30:18.867000,2023-04-20 21:33:23.917000,買い,134.41700,134.31700,1.00,-10.00,2792.80,水平線手前,損切,支持抵抗,0,134.41700
2023-04-01,2023-04-30,20260209_063533,20260209_063533-0020,2023-04-21 22:45:00.617000,2023-04-21 22:45:35.356000,売り,133.90900,134.00900,1.00,-10.00,2782.80,水平線手前,損切,支持抵抗,0,133.90900
2023-04-01,2023-04-30,20260209_063533,20260209_063533-0021,2023-04-26 21:30:02.622000,2023-04-26 21:30:13.953000,売り,133.82300,133.92300,1.00,-10.00,2772.80,水平線手前,損切,支持抵抗,0,133.82300
2023-04-01,2023-04-30,20260209_063533,20260209_063533-0022,2023-04-26 21:30:13.953000,2023-04-26 21:31:53.029000,売り,133.92200,133.77200,1.00,15.00,2787.80,水平線手前,利確,支持抵抗,0,133.92200
2023-04-01,2023-04-30,20260209_063533,20260209_063533-0023,2023-04-26 21:30:10.472000,2023-04-26 21:32:01.196000,売り,133.88400,133.73400,1.00,15.00,2802.80,水平線手前,利確,支持抵抗,0,133.88400
2023-04-01,2023-04-30,20260209_063533,20260209_063533-0024,2023-04-27 21:30:09.994000,2023-04-27 21:30:16.675000,買い,133.23200,133.38200,1.00,15.00,2817.80,水平線手前,利確,支持抵抗,0,133.23200
2023-04-01,2023-04-30,20260209_063533,20260209_063533-0025,2023-04-28 12:24:40.643000,2023-04-28 12:24:40.695000,買い,133.62100,133.52100,1.00,-10.00,2807.80,水平線手前,損切,支持抵抗,0,133.62100
2023-04-01,2023-04-30,20260209_063533,20260209_063533-0026,2023-04-28 12:24:41.978000,2023-04-28 12:24:43.616000,買い,133.37400,133.52400,1.00,15.00,2822.80,水平線手前,利確,支持抵抗,0,133.37400
2023-04-01,2023-04-30,20260209_063533,20260209_063533-0027,2023-04-28 13:00:21.765000,2023-04-28 13:00:24.630000,売り,134.26600,134.11600,1.00,15.00,2837.80,水平線手前,利確,支持抵抗,0,134.26600
2023-04-01,2023-04-30,20260209_063533,20260209_063533-0028,2023-04-28 13:03:00.530000,2023-04-28 13:03:10.649000,売り,134.45000,134.55000,1.00,-10.00,2827.80,水平線手前,損切,支持抵抗,0,134.45000
2023-04-01,2023-04-30,20260209_063533,20260209_063533-0029,2023-04-28 13:03:01.294000,2023-04-28 13:03:10.649000,売り,134.45100,134.55100,1.00,-10.00,2817.80,水平線手前,損切,支持抵抗,0,134.45100
2023-05-01,2023-05-31,20260209_063650,20260209_063650-0001,2023-05-01 23:00:05.522000,2023-05-01 23:03:16.577000,売り,136.95500,137.05500,1.00,-10.00,2807.80,水平線手前,損切,支持抵抗,0,136.95500
2023-05-01,2023-05-31,20260209_063650,20260209_063650-0002,2023-05-02 23:00:01.324000,2023-05-02 23:00:13.421000,買い,137.26400,137.16400,1.00,-10.00,2797.80,水平線手前,損切,支持抵抗,0,137.26400
2023-05-01,2023-05-31,20260209_063650,20260209_063650-0003,2023-05-03 21:15:07.095000,2023-05-03 21:15:13.920000,売り,135.91400,135.76400,1.00,15.00,2812.80,水平線手前,利確,支持抵抗,0,135.91400
2023-05-01,2023-05-31,20260209_063650,20260209_063650-0004,2023-05-04 03:38:42.956000,2023-05-04 03:39:08.779000,売り,135.68700,135.53700,1.00,15.00,2827.80,水平線手前,利確,支持抵抗,0,135.68700
2023-05-01,2023-05-31,20260209_063650,20260209_063650-0005,2023-05-05 21:30:01.175000,2023-05-05 21:30:01.532000,売り,134.42900,134.52900,1.00,-10.00,2817.80,水平線手前,損切,支持抵抗,0,134.42900
2023-05-01,2023-05-31,20260209_063650,20260209_063650-0006,2023-05-05 21:30:05.357000,2023-05-05 21:30:07.994000,売り,134.85200,134.95200,1.00,-10.00,2807.80,水平線手前,損切,支持抵抗,0,134.85200
2023-05-01,2023-05-31,20260209_063650,20260209_063650-0007,2023-05-10 21:30:00.208000,2023-05-10 21:30:00.497000,買い,135.06300,134.96300,1.00,-10.00,2797.80,水平線手前,損切,支持抵抗,0,135.06300
2023-05-01,2023-05-31,20260209_063650,20260209_063650-0008,2023-05-10 21:30:01.517000,2023-05-10 21:30:15.072000,買い,134.79700,134.94700,1.00,15.00,2812.80,水平線手前,利確,支持抵抗,0,134.79700
2023-05-01,2023-05-31,20260209_063650,20260209_063650-0009,2023-05-10 21:30:31.536000,2023-05-10 21:30:40.822000,買い,134.71500,134.86500,1.00,15.00,2827.80,水平線手前,利確,支持抵抗,0,134.71500
2023-05-01,2023-05-31,20260209_063650,20260209_063650-0010,2023-05-11 21:30:13.267000,2023-05-11 21:30:22.959000,買い,133.93200,133.83200,1.00,-10.00,2817.80,水平線手前,損切,支持抵抗,0,133.93200
2023-05-01,2023-05-31,20260209_063650,20260209_063650-0011,2023-05-11 21:30:15.970000,2023-05-11 21:30:23.061000,買い,133.91400,133.81400,1.00,-10.00,2807.80,水平線手前,損切,支持抵抗,0,133.91400
2023-05-01,2023-05-31,20260209_063650,20260209_063650-0012,2023-05-12 23:00:00.234000,2023-05-12 23:01:14.530000,売り,135.02000,134.87000,1.00,15.00,2822.80,水平線手前,利確,支持抵抗,0,135.02000
2023-05-01,2023-05-31,20260209_063650,20260209_063650-0013,2023-05-16 21:30:00.711000,2023-05-16 21:30:15.126000,買い,135.70900,135.85900,1.00,15.00,2837.80,水平線手前,利確,支持抵抗,0,135.70900
2023-05-01,2023-05-31,20260209_063650,20260209_063650-0014,2023-05-16 21:30:00.609000,2023-05-16 21:30:15.177000,買い,135.72100,135.87100,1.00,15.00,2852.80,水平線手前,利確,支持抵抗,0,135.72100
2023-05-01,2023-05-31,20260209_063650,20260209_063650-0015,2023-05-18 21:30:15.403000,2023-05-18 21:33:03.951000,売り,137.91000,138.01000,1.00,-10.00,2842.80,水平線手前,損切,支持抵抗,0,137.91000
2023-05-01,2023-05-31,20260209_063650,20260209_063650-0016,2023-05-31 23:00:01.481000,2023-05-31 23:00:01.808000,売り,139.89600,139.99600,1.00,-10.00,2832.80,水平線手前,損切,支持抵抗,0,139.89600
2023-05-01,2023-05-31,20260209_063650,20260209_063650-0017,2023-05-31 23:00:02.266000,2023-05-31 23:00:03.226000,売り,140.05300,140.15300,1.00,-10.00,2822.80,水平線手前,損切,支持抵抗,0,140.05300
2023-05-01,2023-05-31,20260209_063650,20260209_063650-0018,2023-05-31 23:00:02.624000,2023-05-31 23:00:03.444000,売り,140.10500,140.20500,1.00,-10.00,2812.80,水平線手前,損切,支持抵抗,0,140.10500
2023-05-01,2023-05-31,20260209_063650,20260209_063650-0019,2023-05-31 23:00:05.741000,2023-05-31 23:00:10.396000,売り,140.37800,140.22800,1.00,15.00,2827.80,水平線手前,利確,支持抵抗,0,140.37800
2023-06-01,2023-06-30,20260209_063754,20260209_063754-0001,2023-06-01 21:15:01.651000,2023-06-01 21:15:08.985000,売り,139.86200,139.71200,1.00,15.00,2842.80,水平線手前,利確,支持抵抗,0,139.86200
2023-06-01,2023-06-30,20260209_063754,20260209_063754-0002,2023-06-01 23:00:11.669000,2023-06-01 23:01:21.199000,買い,138.45000,138.60000,1.00,15.00,2857.80,水平線手前,利確,支持抵抗,0,138.45000
2023-06-01,2023-06-30,20260209_063754,20260209_063754-0003,2023-06-02 21:30:01.715000,2023-06-02 21:30:03.684000,売り,139.17700,139.27700,1.00,-10.00,2847.80,水平線手前,損切,支持抵抗,0,139.17700
2023-06-01,2023-06-30,20260209_063754,20260209_063754-0004,2023-06-02 21:30:08.299000,2023-06-02 21:30:11.650000,売り,139.42700,139.27700,1.00,15.00,2862.80,水平線手前,利確,支持抵抗,0,139.42700
2023-06-01,2023-06-30,20260209_063754,20260209_063754-0005,2023-06-02 21:34:49.268000,2023-06-02 21:35:17.223000,買い,138.76600,138.91600,1.00,15.00,2877.80,水平線手前,利確,支持抵抗,0,138.76600
2023-06-01,2023-06-30,20260209_063754,20260209_063754-0006,2023-06-05 23:00:00.142000,2023-06-05 23:00:00.296000,買い,139.77600,139.67600,1.00,-10.00,2867.80,水平線手前,損切,支持抵抗,0,139.77600
2023-06-01,2023-06-30,20260209_063754,20260209_063754-0007,2023-06-13 21:30:01.210000,2023-06-13 21:30:01.261000,売り,139.62700,139.72700,1.00,-10.00,2857.80,水平線手前,損切,支持抵抗,0,139.62700
2023-06-01,2023-06-30,20260209_063754,20260209_063754-0008,2023-06-13 21:30:01.363000,2023-06-13 21:30:02.205000,売り,139.75100,139.85100,1.00,-10.00,2847.80,水平線手前,損切,支持抵抗,0,139.75100
2023-06-01,2023-06-30,20260209_063754,20260209_063754-0009,2023-06-13 21:30:02.205000,2023-06-13 21:30:02.974000,売り,139.84200,139.94200,1.00,-10.00,2837.80,水平線手前,損切,支持抵抗,0,139.84200
2023-06-01,2023-06-30,20260209_063754,20260209_063754-0010,2023-06-13 21:30:03.228000,2023-06-13 21:30:06.589000,売り,139.98100,139.83100,1.00,15.00,2852.80,水平線手前,利確,支持抵抗,0,139.98100
2023-06-01,2023-06-30,20260209_063754,20260209_063754-0011,2023-06-13 21:30:12.591000,2023-06-13 21:30:13.052000,買い,139.34600,139.24600,1.00,-10.00,2842.80,水平線手前,損切,支持抵抗,0,139.34600
2023-06-01,2023-06-30,20260209_063754,20260209_063754-0012,2023-06-13 21:30:13.664000,2023-06-13 21:30:18.041000,買い,139.09000,139.24000,1.00,15.00,2857.80,水平線手前,利確,支持抵抗,0,139.09000
2023-06-01,2023-06-30,20260209_063754,20260209_063754-0013,2023-06-13 21:30:27.459000,2023-06-13 21:30:28.792000,買い,139.07200,139.22200,1.00,15.00,2872.80,水平線手前,利確,支持抵抗,0,139.07200
2023-06-01,2023-06-30,20260209_063754,20260209_063754-0014,2023-06-13 21:30:27.150000,2023-06-13 21:30:29.101000,買い,139.09800,139.24800,1.00,15.00,2887.80,水平線手前,利確,支持抵抗,0,139.09800
2023-06-01,2023-06-30,20260209_063754,20260209_063754-0015,2023-06-16 23:00:14.981000,2023-06-16 23:02:09.109000,買い,140.94900,141.09900,1.00,15.00,2902.80,水平線手前,利確,支持抵抗,0,140.94900
2023-06-01,2023-06-30,20260209_063754,20260209_063754-0016,2023-06-23 22:45:00.198000,2023-06-23 22:45:01.262000,買い,142.79900,142.69900,1.00,-10.00,2892.80,水平線手前,損切,支持抵抗,0,142.79900
2023-06-01,2023-06-30,20260209_063754,20260209_063754-0017,2023-06-23 22:45:00.595000,2023-06-23 22:45:09.542000,買い,142.72500,142.87500,1.00,15.00,2907.80,水平線手前,利確,支持抵抗,0,142.72500
2023-06-01,2023-06-30,20260209_063754,20260209_063754-0018,2023-06-27 23:00:01.592000,2023-06-27 23:03:40.472000,売り,143.63200,143.73200,1.00,-10.00,2897.80,水平線手前,損切,支持抵抗,0,143.63200
2023-06-01,2023-06-30,20260209_063754,20260209_063754-0019,2023-06-29 16:36:23.247000,2023-06-29 16:36:39.405000,買い,144.17000,144.32000,1.00,15.00,2912.80,水平線手前,利確,支持抵抗,0,144.17000
2023-07-01,2023-07-31,20260209_063856,20260209_063856-0001,2023-07-03 23:00:00.113000,2023-07-03 23:00:00.870000,買い,144.23300,144.13300,1.00,-10.00,2902.80,水平線手前,損切,支持抵抗,0,144.23300
2023-07-01,2023-07-31,20260209_063856,20260209_063856-0002,2023-07-06 23:00:05.020000,2023-07-06 23:00:08.815000,売り,144.54900,144.39900,1.00,15.00,2917.80,水平線手前,利確,支持抵抗,0,144.54900
2023-07-01,2023-07-31,20260209_063856,20260209_063856-0003,2023-07-07 21:29:59.790000,2023-07-07 21:30:04.735000,買い,142.88400,142.78400,1.00,-10.00,2907.80,水平線手前,損切,支持抵抗,0,142.88400
2023-07-01,2023-07-31,20260209_063856,20260209_063856-0004,2023-07-07 21:30:11.001000,2023-07-07 21:30:29.651000,買い,142.61600,142.76600,1.00,15.00,2922.80,水平線手前,利確,支持抵抗,0,142.61600
2023-07-01,2023-07-31,20260209_063856,20260209_063856-0005,2023-07-12 21:30:01.246000,2023-07-12 21:30:02.959000,買い,139.12600,139.02600,1.00,-10.00,2912.80,水平線手前,損切,支持抵抗,0,139.12600
2023-07-01,2023-07-31,20260209_063856,20260209_063856-0006,2023-07-13 21:30:12.279000,2023-07-13 21:30:34.924000,買い,138.26700,138.41700,1.00,15.00,2927.80,水平線手前,利確,支持抵抗,0,138.26700
2023-07-01,2023-07-31,20260209_063856,20260209_063856-0007,2023-07-13 21:35:03.525000,2023-07-13 21:42:01.979000,売り,138.92700,138.77700,1.00,15.00,2942.80,水平線手前,利確,支持抵抗,0,138.92700
2023-07-01,2023-07-31,20260209_063856,20260209_063856-0008,2023-07-18 21:30:04.629000,2023-07-18 21:30:16.825000,買い,138.12100,138.02100,1.00,-10.00,2932.80,水平線手前,損切,支持抵抗,0,138.12100
2023-07-01,2023-07-31,20260209_063856,20260209_063856-0009,2023-07-18 21:30:05.250000,2023-07-18 21:30:16.825000,買い,138.12300,138.02300,1.00,-10.00,2922.80,水平線手前,損切,支持抵抗,0,138.12300
2023-07-01,2023-07-31,20260209_063856,20260209_063856-0010,2023-07-18 21:32:49.211000,2023-07-18 21:33:31.564000,売り,138.37600,138.47600,1.00,-10.00,2912.80,水平線手前,損切,支持抵抗,0,138.37600
2023-07-01,2023-07-31,20260209_063856,20260209_063856-0011,2023-07-18 22:46:19.981000,2023-07-18 22:46:55.012000,売り,138.60200,138.70200,1.00,-10.00,2902.80,水平線手前,損切,支持抵抗,0,138.60200
2023-07-01,2023-07-31,20260209_063856,20260209_063856-0012,2023-07-20 21:30:13.050000,2023-07-20 21:33:35.442000,売り,139.88800,139.73800,1.00,15.00,2917.80,水平線手前,利確,支持抵抗,0,139.88800
2023-07-01,2023-07-31,20260209_063856,20260209_063856-0013,2023-07-21 16:35:03.725000,2023-07-21 16:40:17.164000,売り,140.93200,141.03200,1.00,-10.00,2907.80,水平線手前,損切,支持抵抗,0,140.93200
2023-07-01,2023-07-31,20260209_063856,20260209_063856-0014,2023-07-24 16:15:06.686000,2023-07-24 16:16:10.347000,買い,141.37600,141.27600,1.00,-10.00,2897.80,水平線手前,損切,支持抵抗,0,141.37600
2023-07-01,2023-07-31,20260209_063856,20260209_063856-0015,2023-07-24 18:05:07.647000,2023-07-24 18:07:05.147000,買い,141.21200,141.36200,1.00,15.00,2912.80,水平線手前,利確,支持抵抗,0,141.21200
2023-07-01,2023-07-31,20260209_063856,20260209_063856-0016,2023-07-24 18:05:06.971000,2023-07-24 18:07:11.386000,買い,141.25700,141.40700,1.00,15.00,2927.80,水平線手前,利確,支持抵抗,0,141.25700
2023-07-01,2023-07-31,20260209_063856,20260209_063856-0017,2023-07-24 22:45:00.475000,2023-07-24 22:45:15.932000,売り,141.24900,141.09900,1.00,15.00,2942.80,水平線手前,利確,支持抵抗,0,141.24900
2023-07-01,2023-07-31,20260209_063856,20260209_063856-0018,2023-07-24 22:46:16.181000,2023-07-24 22:46:21.373000,買い,140.88300,140.78300,1.00,-10.00,2932.80,水平線手前,損切,支持抵抗,0,140.88300
2023-07-01,2023-07-31,20260209_063856,20260209_063856-0019,2023-07-24 22:46:21.373000,2023-07-24 22:47:37.955000,買い,140.76900,140.91900,1.00,15.00,2947.80,水平線手前,利確,支持抵抗,0,140.76900
2023-07-01,2023-07-31,20260209_063856,20260209_063856-0020,2023-07-25 20:20:42.963000,2023-07-25 20:38:42.108000,売り,141.72900,141.57900,1.00,15.00,2962.80,水平線手前,利確,支持抵抗,0,141.72900
2023-07-01,2023-07-31,20260209_063856,20260209_063856-0021,2023-07-25 23:37:15.764000,2023-07-25 23:51:55.147000,買い,141.14800,141.04800,1.00,-10.00,2952.80,水平線手前,損切,支持抵抗,0,141.14800
2023-07-01,2023-07-31,20260209_063856,20260209_063856-0022,2023-07-27 21:30:08.896000,2023-07-27 21:32:25.869000,売り,140.45700,140.55700,1.00,-10.00,2942.80,水平線手前,損切,支持抵抗,0,140.45700
2023-07-01,2023-07-31,20260209_063856,20260209_063856-0023,2023-07-28 02:06:28.906000,2023-07-28 02:06:44.829000,買い,139.82700,139.97700,1.00,15.00,2957.80,水平線手前,利確,支持抵抗,0,139.82700
2023-07-01,2023-07-31,20260209_063856,20260209_063856-0024,2023-07-28 12:28:37.563000,2023-07-28 12:28:37.851000,買い,138.73600,138.63600,1.00,-10.00,2947.80,水平線手前,損切,支持抵抗,0,138.73600
2023-07-01,2023-07-31,20260209_063856,20260209_063856-0025,2023-07-28 12:28:37.903000,2023-07-28 12:28:38.526000,買い,138.58600,138.48600,1.00,-10.00,2937.80,水平線手前,損切,支持抵抗,0,138.58600
2023-07-01,2023-07-31,20260209_063856,20260209_063856-0026,2023-07-28 12:28:38.526000,2023-07-28 12:28:39.095000,買い,138.48900,138.63900,1.00,15.00,2952.80,水平線手前,利確,支持抵抗,0,138.48900
2023-07-01,2023-07-31,20260209_063856,20260209_063856-0027,2023-07-28 12:36:47.613000,2023-07-28 12:36:52.635000,売り,141.06900,140.91900,1.00,15.00,2967.80,水平線手前,利確,支持抵抗,0,141.06900
2023-07-01,2023-07-31,20260209_063856,20260209_063856-0028,2023-07-28 13:14:47.936000,2023-07-28 13:15:54.056000,買い,138.09100,138.24100,1.00,15.00,2982.80,水平線手前,利確,支持抵抗,0,138.09100
2023-08-01,2023-08-31,20260209_064008,20260209_064008-0001,2023-08-01 23:05:01.817000,2023-08-01 23:05:59.700000,売り,143.31300,143.41300,1.00,-10.00,2972.80,水平線手前,損切,支持抵抗,0,143.31300
2023-08-01,2023-08-31,20260209_064008,20260209_064008-0002,2023-08-03 13:04:15.913000,2023-08-03 13:09:22.685000,売り,143.71100,143.56100,1.00,15.00,2987.80,水平線手前,利確,支持抵抗,0,143.71100
2023-08-01,2023-08-31,20260209_064008,20260209_064008-0003,2023-08-03 21:30:02.047000,2023-08-03 21:30:06.974000,買い,142.72000,142.62000,1.00,-10.00,2977.80,水平線手前,損切,支持抵抗,0,142.72000
2023-08-01,2023-08-31,20260209_064008,20260209_064008-0004,2023-08-04 21:30:01.621000,2023-08-04 21:30:04.615000,売り,142.88700,142.73700,1.00,15.00,2992.80,水平線手前,利確,支持抵抗,0,142.88700
2023-08-01,2023-08-31,20260209_064008,20260209_064008-0005,2023-08-04 21:30:07.158000,2023-08-04 21:30:11.788000,買い,142.32100,142.47100,1.00,15.00,3007.80,水平線手前,利確,支持抵抗,0,142.32100
2023-08-01,2023-08-31,20260209_064008,20260209_064008-0006,2023-08-10 21:30:13.543000,2023-08-10 21:30:40.742000,買い,143.32000,143.47000,1.00,15.00,3022.80,水平線手前,利確,支持抵抗,0,143.32000
2023-08-01,2023-08-31,20260209_064008,20260209_064008-0007,2023-08-11 23:00:01.023000,2023-08-11 23:00:05.053000,買い,144.42700,144.57700,1.00,15.00,3037.80,水平線手前,利確,支持抵抗,0,144.42700
2023-08-01,2023-08-31,20260209_064008,20260209_064008-0008,2023-08-15 21:30:13.107000,2023-08-15 21:43:11.421000,売り,145.79600,145.64600,1.00,15.00,3052.80,水平線手前,利確,支持抵抗,0,145.79600
2023-08-01,2023-08-31,20260209_064008,20260209_064008-0009,2023-08-17 21:30:25.181000,2023-08-17 21:37:31.884000,買い,145.82700,145.72700,1.00,-10.00,3042.80,水平線手前,損切,支持抵抗,0,145.82700
2023-08-01,2023-08-31,20260209_064008,20260209_064008-0010,2023-08-23 22:45:15.255000,2023-08-23 22:48:24.963000,買い,144.88900,144.78900,1.00,-10.00,3032.80,水平線手前,損切,支持抵抗,0,144.88900
2023-08-01,2023-08-31,20260209_064008,20260209_064008-0011,2023-08-25 23:02:29.444000,2023-08-25 23:02:38.959000,売り,146.21100,146.31100,1.00,-10.00,3022.80,水平線手前,損切,支持抵抗,0,146.21100
2023-08-01,2023-08-31,20260209_064008,20260209_064008-0012,2023-08-25 23:02:29.709000,2023-08-25 23:02:54.801000,売り,146.22800,146.07800,1.00,15.00,3037.80,水平線手前,利確,支持抵抗,0,146.22800
2023-08-01,2023-08-31,20260209_064008,20260209_064008-0013,2023-08-25 23:03:02.487000,2023-08-25 23:03:52.505000,買い,145.89100,145.79100,1.00,-10.00,3027.80,水平線手前,損切,支持抵抗,0,145.89100
2023-08-01,2023-08-31,20260209_064008,20260209_064008-0014,2023-08-25 23:03:53.633000,2023-08-25 23:05:49.060000,買い,145.75900,145.90900,1.00,15.00,3042.80,水平線手前,利確,支持抵抗,0,145.75900
2023-08-01,2023-08-31,20260209_064008,20260209_064008-0015,2023-08-31 21:30:19.023000,2023-08-31 21:32:09.877000,買い,145.75600,145.65600,1.00,-10.00,3032.80,水平線手前,損切,支持抵抗,0,145.75600
2023-08-01,2023-08-31,20260209_064008,20260209_064008-0016,2023-08-31 22:42:00.401000,2023-08-31 23:04:03.625000,売り,146.20300,146.05300,1.00,15.00,3047.80,水平線手前,利確,支持抵抗,0,146.20300
2023-08-01,2023-08-31,20260209_064008,20260209_064008-0017,2023-08-31 22:42:00.253000,2023-08-31 23:07:55.285000,売り,146.19400,146.04400,1.00,15.00,3062.80,水平線手前,利確,支持抵抗,0,146.19400
2023-09-01,2023-09-30,20260209_064104,20260209_064104-0001,2023-09-01 23:00:00.461000,2023-09-01 23:00:27.127000,売り,145.63600,145.73600,1.00,-10.00,3052.80,水平線手前,損切,支持抵抗,0,145.63600
2023-09-01,2023-09-30,20260209_064104,20260209_064104-0002,2023-09-13 21:30:00.473000,2023-09-13 21:30:01.182000,買い,147.22400,147.37400,1.00,15.00,3067.80,水平線手前,利確,支持抵抗,0,147.22400
2023-09-01,2023-09-30,20260209_064104,20260209_064104-0003,2023-09-13 21:30:01.182000,2023-09-13 21:30:02.005000,売り,147.55300,147.65300,1.00,-10.00,3057.80,水平線手前,損切,支持抵抗,0,147.55300
2023-09-01,2023-09-30,20260209_064104,20260209_064104-0004,2023-09-13 21:30:27.268000,2023-09-13 21:30:53.840000,売り,147.71600,147.56600,1.00,15.00,3072.80,水平線手前,利確,支持抵抗,0,147.71600
2023-09-01,2023-09-30,20260209_064104,20260209_064104-0005,2023-09-15 14:01:08.727000,2023-09-15 14:01:37.823000,売り,147.51200,147.61200,1.00,-10.00,3062.80,水平線手前,損切,支持抵抗,0,147.51200
2023-09-01,2023-09-30,20260209_064104,20260209_064104-0006,2023-09-15 14:01:06.762000,2023-09-15 14:01:40.310000,売り,147.53600,147.63600,1.00,-10.00,3052.80,水平線手前,損切,支持抵抗,0,147.53600
2023-09-01,2023-09-30,20260209_064104,20260209_064104-0007,2023-09-15 21:30:00.197000,2023-09-15 22:11:13.452000,売り,147.92900,147.77900,1.00,15.00,3067.80,水平線手前,利確,支持抵抗,0,147.92900
2023-10-01,2023-10-31,20260209_064205,20260209_064205-0001,2023-10-03 23:12:05.333000,2023-10-03 23:12:05.588000,買い,149.46400,149.36400,1.00,-10.00,3057.80,水平線手前,損切,支持抵抗,0,149.46400
2023-10-01,2023-10-31,20260209_064205,20260209_064205-0002,2023-10-03 23:12:24.554000,2023-10-03 23:12:24.763000,買い,147.29900,147.44900,1.00,15.00,3072.80,水平線手前,利確,支持抵抗,0,147.29900
2023-10-01,2023-10-31,20260209_064205,20260209_064205-0003,2023-10-06 21:30:01.276000,2023-10-06 21:30:02.758000,売り,149.17400,149.27400,1.00,-10.00,3062.80,水平線手前,損切,支持抵抗,0,149.17400
2023-10-01,2023-10-31,20260209_064205,20260209_064205-0004,2023-10-06 21:30:02.809000,2023-10-06 21:30:04.696000,売り,149.28800,149.13800,1.00,15.00,3077.80,水平線手前,利確,支持抵抗,0,149.28800
2023-10-01,2023-10-31,20260209_064205,20260209_064205-0005,2023-10-06 21:30:01.378000,2023-10-06 21:30:11.314000,売り,149.23600,149.33600,1.00,-10.00,3067.80,水平線手前,損切,支持抵抗,0,149.23600
2023-10-01,2023-10-31,20260209_064205,20260209_064205-0006,2023-10-06 21:51:40.483000,2023-10-06 22:06:50.285000,売り,149.50600,149.35600,1.00,15.00,3082.80,水平線手前,利確,支持抵抗,0,149.50600
2023-10-01,2023-10-31,20260209_064205,20260209_064205-0007,2023-10-10 15:14:11.104000,2023-10-10 15:16:18.993000,売り,148.74600,148.59600,1.00,15.00,3097.80,水平線手前,利確,支持抵抗,0,148.74600
2023-10-01,2023-10-31,20260209_064205,20260209_064205-0008,2023-10-11 21:30:04.128000,2023-10-11 21:30:14.504000,売り,149.07200,148.92200,1.00,15.00,3112.80,水平線手前,利確,支持抵抗,0,149.07200
2023-10-01,2023-10-31,20260209_064205,20260209_064205-0009,2023-10-11 21:30:04.076000,2023-10-11 21:35:23.396000,売り,149.06500,148.91500,1.00,15.00,3127.80,水平線手前,利確,支持抵抗,0,149.06500
2023-10-01,2023-10-31,20260209_064205,20260209_064205-0010,2023-10-12 21:30:01.825000,2023-10-12 21:30:06.958000,売り,149.27200,149.37200,1.00,-10.00,3117.80,水平線手前,損切,支持抵抗,0,149.27200
2023-10-01,2023-10-31,20260209_064205,20260209_064205-0011,2023-10-12 21:30:01.567000,2023-10-12 21:37:16.234000,売り,149.30100,149.40100,1.00,-10.00,3107.80,水平線手前,損切,支持抵抗,0,149.30100
2023-10-01,2023-10-31,20260209_064205,20260209_064205-0012,2023-10-17 19:13:02.537000,2023-10-17 19:13:02.999000,買い,149.50900,149.40900,1.00,-10.00,3097.80,水平線手前,損切,支持抵抗,0,149.50900
2023-10-01,2023-10-31,20260209_064205,20260209_064205-0013,2023-10-17 19:13:02.999000,2023-10-17 19:13:03.462000,買い,149.40700,149.30700,1.00,-10.00,3087.80,水平線手前,損切,支持抵抗,0,149.40700
2023-10-01,2023-10-31,20260209_064205,20260209_064205-0014,2023-10-17 19:13:03.409000,2023-10-17 19:13:03.514000,買い,149.35600,149.25600,1.00,-10.00,3077.80,水平線手前,損切,支持抵抗,0,149.35600
2023-10-01,2023-10-31,20260209_064205,20260209_064205-0015,2023-10-17 19:13:03.981000,2023-10-17 19:13:04.763000,買い,149.05400,148.95400,1.00,-10.00,3067.80,水平線手前,損切,支持抵抗,0,149.05400
2023-10-01,2023-10-31,20260209_064205,20260209_064205-0016,2023-10-17 19:13:06.097000,2023-10-17 19:13:08.834000,買い,148.77000,148.92000,1.00,15.00,3082.80,水平線手前,利確,支持抵抗,0,148.77000
2023-10-01,2023-10-31,20260209_064205,20260209_064205-0017,2023-10-17 19:13:05.838000,2023-10-17 19:13:09.048000,買い,148.81900,148.96900,1.00,15.00,3097.80,水平線手前,利確,支持抵抗,0,148.81900
2023-10-01,2023-10-31,20260209_064205,20260209_064205-0018,2023-10-17 19:13:28.205000,2023-10-17 19:13:41.301000,売り,149.73800,149.58800,1.00,15.00,3112.80,水平線手前,利確,支持抵抗,0,149.73800
2023-10-01,2023-10-31,20260209_064205,20260209_064205-0019,2023-10-17 19:13:28.565000,2023-10-17 19:13:41.404000,売り,149.73400,149.58400,1.00,15.00,3127.80,水平線手前,利確,支持抵抗,0,149.73400
2023-10-01,2023-10-31,20260209_064205,20260209_064205-0020,2023-10-20 17:23:33.832000,2023-10-20 17:23:35.902000,買い,149.64900,149.79900,1.00,15.00,3142.80,水平線手前,利確,支持抵抗,0,149.64900
2023-10-01,2023-10-31,20260209_064205,20260209_064205-0021,2023-10-20 17:23:33.779000,2023-10-20 17:23:36.058000,買い,149.67600,149.82600,1.00,15.00,3157.80,水平線手前,利確,支持抵抗,0,149.67600
2023-10-01,2023-10-31,20260209_064205,20260209_064205-0022,2023-10-20 17:23:33.726000,2023-10-20 17:23:36.109000,買い,149.70600,149.85600,1.00,15.00,3172.80,水平線手前,利確,支持抵抗,0,149.70600
2023-10-01,2023-10-31,20260209_064205,20260209_064205-0023,2023-10-24 17:38:10.496000,2023-10-24 17:38:59.135000,買い,149.35200,149.50200,1.00,15.00,3187.80,水平線手前,利確,支持抵抗,0,149.35200
2023-10-01,2023-10-31,20260209_064205,20260209_064205-0024,2023-10-26 15:47:27.441000,2023-10-26 15:47:28.738000,買い,149.84000,149.99000,1.00,15.00,3202.80,水平線手前,利確,支持抵抗,0,149.84000
2023-10-01,2023-10-31,20260209_064205,20260209_064205-0025,2023-10-30 23:01:48.276000,2023-10-30 23:01:50.471000,買い,149.31100,149.46100,1.00,15.00,3217.80,水平線手前,利確,支持抵抗,0,149.31100
2023-10-01,2023-10-31,20260209_064205,20260209_064205-0026,2023-10-31 12:27:13.117000,2023-10-31 12:27:17.200000,売り,149.83500,149.68500,1.00,15.00,3232.80,水平線手前,利確,支持抵抗,0,149.83500
2023-11-01,2023-11-30,20260209_064257,20260209_064257-0001,2023-11-01 23:00:00.329000,2023-11-01 23:20:40.859000,買い,151.11000,151.01000,1.00,-10.00,3222.80,水平線手前,損切,支持抵抗,0,151.11000
2023-11-01,2023-11-30,20260209_064257,20260209_064257-0002,2023-11-01 23:00:01.295000,2023-11-01 23:21:22.052000,買い,151.08700,150.98700,1.00,-10.00,3212.80,水平線手前,損切,支持抵抗,0,151.08700
2023-11-01,2023-11-30,20260209_064257,20260209_064257-0003,2023-11-02 16:58:28.104000,2023-11-02 16:58:30.341000,買い,150.17900,150.32900,1.00,15.00,3227.80,水平線手前,利確,支持抵抗,0,150.17900
2023-11-01,2023-11-30,20260209_064257,20260209_064257-0004,2023-11-03 21:30:08.286000,2023-11-03 21:30:24.116000,買い,149.87000,149.77000,1.00,-10.00,3217.80,水平線手前,損切,支持抵抗,0,149.87000
2023-11-01,2023-11-30,20260209_064257,20260209_064257-0005,2023-11-03 23:00:00.269000,2023-11-03 23:01:06.997000,買い,149.21500,149.36500,1.00,15.00,3232.80,水平線手前,利確,支持抵抗,0,149.21500
2023-11-01,2023-11-30,20260209_064257,20260209_064257-0006,2023-11-03 23:00:09.614000,2023-11-03 23:01:11.408000,買い,149.23000,149.38000,1.00,15.00,3247.80,水平線手前,利確,支持抵抗,0,149.23000
2023-11-01,2023-11-30,20260209_064257,20260209_064257-0007,2023-11-14 00:01:28.657000,2023-11-14 00:02:55.230000,買い,151.69900,151.59900,1.00,-10.00,3237.80,水平線手前,損切,支持抵抗,0,151.69900
2023-11-01,2023-11-30,20260209_064257,20260209_064257-0008,2023-11-14 00:03:29.401000,2023-11-14 00:03:42.776000,買い,151.36000,151.51000,1.00,15.00,3252.80,水平線手前,利確,支持抵抗,0,151.36000
2023-11-01,2023-11-30,20260209_064257,20260209_064257-0009,2023-11-14 00:07:24.553000,2023-11-14 00:09:18.330000,買い,151.23900,151.38900,1.00,15.00,3267.80,水平線手前,利確,支持抵抗,0,151.23900
2023-11-01,2023-11-30,20260209_064257,20260209_064257-0010,2023-11-14 22:30:01.360000,2023-11-14 22:30:01.930000,買い,151.51700,151.41700,1.00,-10.00,3257.80,水平線手前,損切,支持抵抗,0,151.51700
2023-11-01,2023-11-30,20260209_064257,20260209_064257-0011,2023-11-15 22:30:02.824000,2023-11-15 22:30:09.623000,買い,150.18800,150.08800,1.00,-10.00,3247.80,水平線手前,損切,支持抵抗,0,150.18800
2023-11-01,2023-11-30,20260209_064257,20260209_064257-0012,2023-11-15 22:30:10.506000,2023-11-15 22:30:44.107000,買い,150.08700,150.23700,1.00,15.00,3262.80,水平線手前,利確,支持抵抗,0,150.08700
2023-11-01,2023-11-30,20260209_064257,20260209_064257-0013,2023-11-30 23:42:00.460000,2023-11-30 23:59:58.483000,売り,148.47600,148.37700,1.00,9.90,3272.70,水平線手前,終了,支持抵抗,0,148.47600
2023-12-01,2023-12-31,20260209_064412,20260209_064412-0001,2023-12-02 00:00:00.265000,2023-12-02 00:00:00.420000,買い,147.98000,147.88000,1.00,-10.00,3262.70,水平線手前,損切,支持抵抗,0,147.98000
2023-12-01,2023-12-31,20260209_064412,20260209_064412-0002,2023-12-02 00:01:12.295000,2023-12-02 00:02:42.541000,買い,147.61800,147.51800,1.00,-10.00,3252.70,水平線手前,損切,支持抵抗,0,147.61800
2023-12-01,2023-12-31,20260209_064412,20260209_064412-0003,2023-12-05 23:45:53.912000,2023-12-05 23:47:04.482000,売り,147.20800,147.05800,1.00,15.00,3267.70,水平線手前,利確,支持抵抗,0,147.20800
2023-12-01,2023-12-31,20260209_064412,20260209_064412-0004,2023-12-06 00:00:01.630000,2023-12-06 00:00:05.591000,買い,146.70700,146.85700,1.00,15.00,3282.70,水平線手前,利確,支持抵抗,0,146.70700
2023-12-01,2023-12-31,20260209_064412,20260209_064412-0005,2023-12-07 18:53:14.678000,2023-12-07 19:13:01.621000,買い,144.85700,144.75700,1.00,-10.00,3272.70,水平線手前,損切,支持抵抗,0,144.85700
2023-12-01,2023-12-31,20260209_064412,20260209_064412-0006,2023-12-08 02:47:26.189000,2023-12-08 02:47:28.669000,買い,141.64200,141.79200,1.00,15.00,3287.70,水平線手前,利確,支持抵抗,0,141.64200
2023-12-01,2023-12-31,20260209_064412,20260209_064412-0007,2023-12-08 22:30:02.542000,2023-12-08 22:30:08.816000,売り,144.64500,144.74500,1.00,-10.00,3277.70,水平線手前,損切,支持抵抗,0,144.64500
2023-12-01,2023-12-31,20260209_064412,20260209_064412-0008,2023-12-11 16:40:11.383000,2023-12-11 16:40:15.242000,売り,145.67200,145.77200,1.00,-10.00,3267.70,水平線手前,損切,支持抵抗,0,145.67200
2023-12-01,2023-12-31,20260209_064412,20260209_064412-0009,2023-12-11 16:40:11.897000,2023-12-11 16:40:15.550000,売り,145.68600,145.78600,1.00,-10.00,3257.70,水平線手前,損切,支持抵抗,0,145.68600
2023-12-01,2023-12-31,20260209_064412,20260209_064412-0010,2023-12-12 22:30:15.436000,2023-12-12 22:30:18.339000,買い,145.05200,144.95200,1.00,-10.00,3247.70,水平線手前,損切,支持抵抗,0,145.05200
2023-12-01,2023-12-31,20260209_064412,20260209_064412-0011,2023-12-14 04:00:01.114000,2023-12-14 04:00:01.626000,買い,144.89100,144.79100,1.00,-10.00,3237.70,水平線手前,損切,支持抵抗,0,144.89100
2023-12-01,2023-12-31,20260209_064412,20260209_064412-0012,2023-12-14 04:00:01.729000,2023-12-14 04:00:03.797000,買い,144.76900,144.66900,1.00,-10.00,3227.70,水平線手前,損切,支持抵抗,0,144.76900
2023-12-01,2023-12-31,20260209_064412,20260209_064412-0013,2023-12-14 22:30:43.962000,2023-12-14 22:30:47.557000,売り,142.14600,142.24600,1.00,-10.00,3217.70,水平線手前,損切,支持抵抗,0,142.14600
2023-12-01,2023-12-31,20260209_064412,20260209_064412-0014,2023-12-14 22:30:50.020000,2023-12-14 22:31:17.883000,売り,142.25700,142.10700,1.00,15.00,3232.70,水平線手前,利確,支持抵抗,0,142.25700
2023-12-01,2023-12-31,20260209_064412,20260209_064412-0015,2023-12-15 22:30:02.083000,2023-12-15 22:30:08.756000,買い,141.50800,141.65800,1.00,15.00,3247.70,水平線手前,利確,支持抵抗,0,141.50800
2023-12-01,2023-12-31,20260209_064412,20260209_064412-0016,2023-12-15 22:30:01.777000,2023-12-15 22:30:09.681000,買い,141.51600,141.66600,1.00,15.00,3262.70,水平線手前,利確,支持抵抗,0,141.51600
2023-12-01,2023-12-31,20260209_064412,20260209_064412-0017,2023-12-19 11:49:07.190000,2023-12-19 11:49:08.783000,売り,143.14200,143.24200,1.00,-10.00,3252.70,水平線手前,損切,支持抵抗,0,143.14200
2023-12-01,2023-12-31,20260209_064412,20260209_064412-0018,2023-12-19 15:36:31.347000,2023-12-19 15:36:34.134000,買い,143.26100,143.16100,1.00,-10.00,3242.70,水平線手前,損切,支持抵抗,0,143.26100
2023-12-01,2023-12-31,20260209_064412,20260209_064412-0019,2023-12-19 15:36:35.626000,2023-12-19 15:36:36.088000,買い,142.50400,142.65400,1.00,15.00,3257.70,水平線手前,利確,支持抵抗,0,142.50400
2023-12-01,2023-12-31,20260209_064412,20260209_064412-0020,2023-12-19 16:18:28.702000,2023-12-19 16:26:45.100000,売り,143.76300,143.86300,1.00,-10.00,3247.70,水平線手前,損切,支持抵抗,0,143.76300
2023-12-01,2023-12-31,20260209_064412,20260209_064412-0021,2023-12-21 22:30:11.155000,2023-12-21 22:30:43.130000,買い,142.66000,142.81000,1.00,15.00,3262.70,水平線手前,利確,支持抵抗,0,142.66000
2023-12-01,2023-12-31,20260209_064412,20260209_064412-0022,2023-12-28 04:30:53.551000,2023-12-28 04:31:38.688000,買い,141.85500,141.75500,1.00,-10.00,3252.70,水平線手前,損切,支持抵抗,0,141.85500
2023-12-01,2023-12-31,20260209_064412,20260209_064412-0023,2023-12-29 01:01:11.265000,2023-12-29 01:02:36.623000,売り,141.23500,141.08500,1.00,15.00,3267.70,水平線手前,利確,支持抵抗,0,141.23500
2024-01-01,2024-01-31,20260209_064528,20260209_064528-0001,2024-01-04 14:35:10.016000,2024-01-04 15:02:27.629000,売り,143.86500,143.71500,1.00,15.00,3282.70,水平線手前,利確,支持抵抗,0,143.86500
2024-01-01,2024-01-31,20260209_064528,20260209_064528-0002,2024-01-05 22:30:01.563000,2024-01-05 22:30:02.665000,売り,145.38300,145.48300,1.00,-10.00,3272.70,水平線手前,損切,支持抵抗,0,145.38300
2024-01-01,2024-01-31,20260209_064528,20260209_064528-0003,2024-01-11 22:30:00.988000,2024-01-11 22:30:01.496000,買い,145.00200,145.15200,1.00,15.00,3287.70,水平線手前,利確,支持抵抗,0,145.00200
2024-01-01,2024-01-31,20260209_064528,20260209_064528-0004,2024-01-11 22:30:02.903000,2024-01-11 22:30:18.138000,売り,145.80800,145.65800,1.00,15.00,3302.70,水平線手前,利確,支持抵抗,0,145.80800
2024-01-01,2024-01-31,20260209_064528,20260209_064528-0005,2024-01-11 22:30:02.799000,2024-01-11 22:31:19.714000,売り,145.79700,145.89700,1.00,-10.00,3292.70,水平線手前,損切,支持抵抗,0,145.79700
2024-01-01,2024-01-31,20260209_064528,20260209_064528-0006,2024-01-17 22:30:04.328000,2024-01-17 23:41:18.822000,売り,147.94700,148.04700,1.00,-10.00,3282.70,水平線手前,損切,支持抵抗,0,147.94700
2024-01-01,2024-01-31,20260209_064528,20260209_064528-0007,2024-01-17 22:30:04.379000,2024-01-17 23:41:18.822000,売り,147.95100,148.05100,1.00,-10.00,3272.70,水平線手前,損切,支持抵抗,0,147.95100
2024-01-01,2024-01-31,20260209_064528,20260209_064528-0008,2024-01-18 22:30:01.460000,2024-01-18 22:30:07.463000,売り,148.14000,147.99000,1.00,15.00,3287.70,水平線手前,利確,支持抵抗,0,148.14000
2024-01-01,2024-01-31,20260209_064528,20260209_064528-0009,2024-01-23 12:09:03.920000,2024-01-23 12:09:04.746000,売り,148.27500,148.37500,1.00,-10.00,3277.70,水平線手前,損切,支持抵抗,0,148.27500
2024-01-01,2024-01-31,20260209_064528,20260209_064528-0010,2024-01-23 12:09:03.355000,2024-01-23 12:09:04.797000,売り,148.27800,148.37800,1.00,-10.00,3267.70,水平線手前,損切,支持抵抗,0,148.27800
2024-01-01,2024-01-31,20260209_064528,20260209_064528-0011,2024-01-23 12:09:06.188000,2024-01-23 12:09:07.064000,売り,148.50200,148.35200,1.00,15.00,3282.70,水平線手前,利確,支持抵抗,0,148.50200
2024-01-01,2024-01-31,20260209_064528,20260209_064528-0012,2024-01-23 20:27:22.669000,2024-01-23 20:32:34.299000,売り,148.14600,147.99600,1.00,15.00,3297.70,水平線手前,利確,支持抵抗,0,148.14600
2024-01-01,2024-01-31,20260209_064528,20260209_064528-0013,2024-01-25 22:30:04.099000,2024-01-25 22:30:46.216000,売り,147.90600,147.75600,1.00,15.00,3312.70,水平線手前,利確,支持抵抗,0,147.90600
2024-01-01,2024-01-31,20260209_064528,20260209_064528-0014,2024-01-25 22:30:02.769000,2024-01-25 22:31:01.817000,売り,147.85900,147.70900,1.00,15.00,3327.70,水平線手前,利確,支持抵抗,0,147.85900
2024-01-01,2024-01-31,20260209_064528,20260209_064528-0015,2024-01-26 22:30:09.554000,2024-01-26 22:30:10.539000,買い,147.50500,147.40500,1.00,-10.00,3317.70,水平線手前,損切,支持抵抗,0,147.50500
2024-01-01,2024-01-31,20260209_064528,20260209_064528-0016,2024-01-26 22:30:10.345000,2024-01-26 22:30:14.337000,買い,147.42300,147.57300,1.00,15.00,3332.70,水平線手前,利確,支持抵抗,0,147.42300
2024-02-01,2024-02-29,20260209_064635,20260209_064635-0001,2024-02-01 04:00:04.389000,2024-02-01 04:00:05.267000,買い,146.09600,146.24600,1.00,15.00,3347.70,水平線手前,利確,支持抵抗,0,146.09600
2024-02-01,2024-02-29,20260209_064635,20260209_064635-0002,2024-02-01 04:00:07.235000,2024-02-01 04:00:11.678000,売り,146.56700,146.66700,1.00,-10.00,3337.70,水平線手前,損切,支持抵抗,0,146.56700
2024-02-01,2024-02-29,20260209_064635,20260209_064635-0003,2024-02-01 04:00:11.916000,2024-02-01 04:01:26.668000,売り,146.74300,146.59300,1.00,15.00,3352.70,水平線手前,利確,支持抵抗,0,146.74300
2024-02-01,2024-02-29,20260209_064635,20260209_064635-0004,2024-02-02 22:30:01.232000,2024-02-02 22:30:01.751000,売り,146.78400,146.88400,1.00,-10.00,3342.70,水平線手前,損切,支持抵抗,0,146.78400
2024-02-01,2024-02-29,20260209_064635,20260209_064635-0005,2024-02-02 22:30:01.802000,2024-02-02 22:30:02.109000,売り,147.03500,147.13500,1.00,-10.00,3332.70,水平線手前,損切,支持抵抗,0,147.03500
2024-02-01,2024-02-29,20260209_064635,20260209_064635-0006,2024-02-02 22:30:02.109000,2024-02-02 22:30:05.939000,売り,147.13800,147.23800,1.00,-10.00,3322.70,水平線手前,損切,支持抵抗,0,147.13800
2024-02-01,2024-02-29,20260209_064635,20260209_064635-0007,2024-02-09 22:31:06.417000,2024-02-09 22:31:08.906000,買い,149.29800,149.19800,1.00,-10.00,3312.70,水平線手前,損切,支持抵抗,0,149.29800
2024-02-01,2024-02-29,20260209_064635,20260209_064635-0008,2024-02-09 22:31:06.833000,2024-02-09 22:31:12.144000,買い,149.24700,149.14700,1.00,-10.00,3302.70,水平線手前,損切,支持抵抗,0,149.24700
2024-02-01,2024-02-29,20260209_064635,20260209_064635-0009,2024-02-13 22:30:01.265000,2024-02-13 22:30:01.576000,売り,149.71200,149.81200,1.00,-10.00,3292.70,水平線手前,損切,支持抵抗,0,149.71200
2024-02-01,2024-02-29,20260209_064635,20260209_064635-0010,2024-02-15 22:30:16.797000,2024-02-15 22:30:52.515000,買い,149.54800,149.69800,1.00,15.00,3307.70,水平線手前,利確,支持抵抗,0,149.54800
2024-02-01,2024-02-29,20260209_064635,20260209_064635-0011,2024-02-16 22:30:06.680000,2024-02-16 22:55:07.426000,売り,150.61600,150.46600,1.00,15.00,3322.70,水平線手前,利確,支持抵抗,0,150.61600
2024-02-01,2024-02-29,20260209_064635,20260209_064635-0012,2024-02-22 04:00:07.272000,2024-02-22 04:03:25.401000,売り,150.38000,150.23000,1.00,15.00,3337.70,水平線手前,利確,支持抵抗,0,150.38000
2024-02-01,2024-02-29,20260209_064635,20260209_064635-0013,2024-02-22 22:30:00.703000,2024-02-22 23:46:35.169000,売り,150.56900,150.41900,1.00,15.00,3352.70,水平線手前,利確,支持抵抗,0,150.56900
2024-03-01,2024-03-31,20260209_064726,20260209_064726-0001,2024-03-06 00:00:00.158000,2024-03-06 00:00:06.472000,買い,149.98200,149.88200,1.00,-10.00,3342.70,水平線手前,損切,支持抵抗,0,149.98200
2024-03-01,2024-03-31,20260209_064726,20260209_064726-0002,2024-03-06 00:00:08.424000,2024-03-06 00:00:28.766000,買い,149.87400,149.77400,1.00,-10.00,3332.70,水平線手前,損切,支持抵抗,0,149.87400
2024-03-01,2024-03-31,20260209_064726,20260209_064726-0003,2024-03-08 22:30:44.531000,2024-03-08 22:30:45.870000,買い,146.90300,146.80300,1.00,-10.00,3322.70,水平線手前,損切,支持抵抗,0,146.90300
2024-03-01,2024-03-31,20260209_064726,20260209_064726-0004,2024-03-12 21:30:01.341000,2024-03-12 21:30:01.687000,売り,147.82000,147.92000,1.00,-10.00,3312.70,水平線手前,損切,支持抵抗,0,147.82000
2024-03-01,2024-03-31,20260209_064726,20260209_064726-0005,2024-03-12 21:30:09.305000,2024-03-12 21:30:29.621000,売り,148.13800,147.98800,1.00,15.00,3327.70,水平線手前,利確,支持抵抗,0,148.13800
2024-03-01,2024-03-31,20260209_064726,20260209_064726-0006,2024-03-12 21:30:04.794000,2024-03-12 21:30:30.403000,売り,148.09500,147.94500,1.00,15.00,3342.70,水平線手前,利確,支持抵抗,0,148.09500
2024-03-01,2024-03-31,20260209_064726,20260209_064726-0007,2024-03-14 22:21:34.740000,2024-03-14 22:21:54.944000,買い,147.49400,147.64400,1.00,15.00,3357.70,水平線手前,利確,支持抵抗,0,147.49400
2024-03-01,2024-03-31,20260209_064726,20260209_064726-0008,2024-03-14 22:21:31.407000,2024-03-14 22:22:35.436000,買い,147.56600,147.46600,1.00,-10.00,3347.70,水平線手前,損切,支持抵抗,0,147.56600
2024-03-01,2024-03-31,20260209_064726,20260209_064726-0009,2024-03-15 15:51:46.671000,2024-03-15 16:05:02.614000,買い,148.13600,148.03600,1.00,-10.00,3337.70,水平線手前,損切,支持抵抗,0,148.13600
2024-03-01,2024-03-31,20260209_064726,20260209_064726-0010,2024-03-19 12:35:15.683000,2024-03-19 12:35:17.315000,買い,149.02100,149.17100,1.00,15.00,3352.70,水平線手前,利確,支持抵抗,0,149.02100
2024-03-01,2024-03-31,20260209_064726,20260209_064726-0011,2024-03-19 12:35:23.580000,2024-03-19 12:35:29.120000,売り,149.36400,149.46400,1.00,-10.00,3342.70,水平線手前,損切,支持抵抗,0,149.36400
2024-03-01,2024-03-31,20260209_064726,20260209_064726-0012,2024-03-19 12:40:53.641000,2024-03-19 12:42:30.081000,売り,149.91500,149.76500,1.00,15.00,3357.70,水平線手前,利確,支持抵抗,0,149.91500
2024-03-01,2024-03-31,20260209_064726,20260209_064726-0013,2024-03-19 14:24:02.907000,2024-03-19 15:37:34.876000,売り,150.37500,150.22500,1.00,15.00,3372.70,水平線手前,利確,支持抵抗,0,150.37500
2024-03-01,2024-03-31,20260209_064726,20260209_064726-0014,2024-03-21 03:33:22.224000,2024-03-21 03:33:24.625000,買い,151.56200,151.46200,1.00,-10.00,3362.70,水平線手前,損切,支持抵抗,0,151.56200
2024-03-01,2024-03-31,20260209_064726,20260209_064726-0015,2024-03-21 03:33:41.236000,2024-03-21 03:34:15.048000,売り,151.68500,151.53500,1.00,15.00,3377.70,水平線手前,利確,支持抵抗,0,151.68500
2024-03-01,2024-03-31,20260209_064726,20260209_064726-0016,2024-03-27 18:01:59.869000,2024-03-27 18:02:03.133000,買い,151.48000,151.38000,1.00,-10.00,3367.70,水平線手前,損切,支持抵抗,0,151.48000
2024-04-01,2024-04-30,20260209_064812,20260209_064812-0001,2024-04-03 23:00:00.475000,2024-04-03 23:05:26.827000,買い,151.65400,151.80400,1.00,15.00,3382.70,水平線手前,利確,支持抵抗,0,151.65400
2024-04-01,2024-04-30,20260209_064812,20260209_064812-0002,2024-04-10 21:30:01.412000,2024-04-10 21:30:04.784000,売り,151.95300,152.05300,1.00,-10.00,3372.70,水平線手前,損切,支持抵抗,0,151.95300
2024-04-01,2024-04-30,20260209_064812,20260209_064812-0003,2024-04-15 23:37:19.547000,2024-04-15 23:37:27.457000,買い,153.86500,154.01500,1.00,15.00,3387.70,水平線手前,利確,支持抵抗,0,153.86500
2024-04-01,2024-04-30,20260209_064812,20260209_064812-0004,2024-04-16 22:39:14.448000,2024-04-16 22:39:16.570000,買い,154.16800,154.06800,1.00,-10.00,3377.70,水平線手前,損切,支持抵抗,0,154.16800
2024-04-01,2024-04-30,20260209_064812,20260209_064812-0005,2024-04-16 22:39:17.614000,2024-04-16 22:39:19.362000,買い,153.93000,154.08000,1.00,15.00,3392.70,水平線手前,利確,支持抵抗,0,153.93000
2024-04-01,2024-04-30,20260209_064812,20260209_064812-0006,2024-04-18 01:25:57.623000,2024-04-18 01:26:52.048000,買い,154.28000,154.43000,1.00,15.00,3407.70,水平線手前,利確,支持抵抗,0,154.28000
2024-04-01,2024-04-30,20260209_064812,20260209_064812-0007,2024-04-18 11:14:04.447000,2024-04-18 12:02:02.785000,買い,153.99300,154.14300,1.00,15.00,3422.70,水平線手前,利確,支持抵抗,0,153.99300
2024-04-01,2024-04-30,20260209_064812,20260209_064812-0008,2024-04-23 22:45:00.380000,2024-04-23 22:45:03.092000,買い,154.68500,154.58500,1.00,-10.00,3412.70,水平線手前,損切,支持抵抗,0,154.68500
2024-04-01,2024-04-30,20260209_064812,20260209_064812-0009,2024-04-23 22:45:00.769000,2024-04-23 22:49:22.576000,買い,154.59700,154.74700,1.00,15.00,3427.70,水平線手前,利確,支持抵抗,0,154.59700
2024-04-01,2024-04-30,20260209_064812,20260209_064812-0010,2024-04-23 22:45:00.494000,2024-04-23 23:46:45.704000,買い,154.63200,154.78200,1.00,15.00,3442.70,水平線手前,利確,支持抵抗,0,154.63200
2024-04-01,2024-04-30,20260209_064812,20260209_064812-0011,2024-04-24 21:15:11.632000,2024-04-24 21:30:03.955000,売り,154.94100,155.04100,1.00,-10.00,3432.70,水平線手前,損切,支持抵抗,0,154.94100
2024-04-01,2024-04-30,20260209_064812,20260209_064812-0012,2024-04-25 21:30:14.203000,2024-04-25 21:30:26.498000,買い,155.34200,155.49200,1.00,15.00,3447.70,水平線手前,利確,支持抵抗,0,155.34200
2024-04-01,2024-04-30,20260209_064812,20260209_064812-0013,2024-04-26 12:22:48.769000,2024-04-26 12:23:03.881000,買い,155.44600,155.59600,1.00,15.00,3462.70,水平線手前,利確,支持抵抗,0,155.44600
2024-04-01,2024-04-30,20260209_064812,20260209_064812-0014,2024-04-26 17:02:28.887000,2024-04-26 17:02:35.584000,買い,155.00300,155.15300,1.00,15.00,3477.70,水平線手前,利確,支持抵抗,0,155.00300
2024-04-01,2024-04-30,20260209_064812,20260209_064812-0015,2024-04-26 17:02:31.364000,2024-04-26 17:02:35.584000,買い,154.97900,155.12900,1.00,15.00,3492.70,水平線手前,利確,支持抵抗,0,154.97900
2024-04-01,2024-04-30,20260209_064812,20260209_064812-0016,2024-04-26 21:30:15.645000,2024-04-26 21:49:43.487000,売り,156.83800,156.93800,1.00,-10.00,3482.70,水平線手前,損切,支持抵抗,0,156.83800
2024-04-01,2024-04-30,20260209_064812,20260209_064812-0017,2024-04-29 13:16:09.667000,2024-04-29 13:16:14.240000,買い,157.61600,157.51600,1.00,-10.00,3472.70,水平線手前,損切,支持抵抗,0,157.61600
2024-04-01,2024-04-30,20260209_064812,20260209_064812-0018,2024-04-29 13:19:40.943000,2024-04-29 13:19:46.436000,買い,156.60800,156.75800,1.00,15.00,3487.70,水平線手前,利確,支持抵抗,0,156.60800
2024-04-01,2024-04-30,20260209_064812,20260209_064812-0019,2024-04-29 13:54:00.749000,2024-04-29 13:54:05.492000,買い,155.22100,155.37100,1.00,15.00,3502.70,水平線手前,利確,支持抵抗,0,155.22100
2024-04-01,2024-04-30,20260209_064812,20260209_064812-0020,2024-04-29 14:06:36.408000,2024-04-29 14:08:08.842000,買い,155.08000,155.23000,1.00,15.00,3517.70,水平線手前,利確,支持抵抗,0,155.08000
2024-04-01,2024-04-30,20260209_064812,20260209_064812-0021,2024-04-29 16:34:40.576000,2024-04-29 16:34:55.904000,買い,154.79700,154.69700,1.00,-10.00,3507.70,水平線手前,損切,支持抵抗,0,154.79700
2024-04-01,2024-04-30,20260209_064812,20260209_064812-0022,2024-04-29 16:35:54.177000,2024-04-29 16:36:26.664000,買い,154.54800,154.69800,1.00,15.00,3522.70,水平線手前,利確,支持抵抗,0,154.54800
2024-04-01,2024-04-30,20260209_064812,20260209_064812-0023,2024-04-29 16:35:21.832000,2024-04-29 16:36:29.403000,買い,154.58700,154.73700,1.00,15.00,3537.70,水平線手前,利確,支持抵抗,0,154.58700
2024-04-01,2024-04-30,20260209_064812,20260209_064812-0024,2024-04-29 16:42:00.659000,2024-04-29 16:42:47.284000,買い,155.07500,154.97500,1.00,-10.00,3527.70,水平線手前,損切,支持抵抗,0,155.07500
2024-04-01,2024-04-30,20260209_064812,20260209_064812-0025,2024-04-30 16:27:07.489000,2024-04-30 16:27:12.409000,買い,156.59400,156.49400,1.00,-10.00,3517.70,水平線手前,損切,支持抵抗,0,156.59400
2024-04-01,2024-04-30,20260209_064812,20260209_064812-0026,2024-04-30 16:27:10.152000,2024-04-30 16:27:17.643000,買い,156.51000,156.66000,1.00,15.00,3532.70,水平線手前,利確,支持抵抗,0,156.51000
2024-04-01,2024-04-30,20260209_064812,20260209_064812-0027,2024-04-30 21:30:03.570000,2024-04-30 21:38:34.465000,売り,157.20400,157.30400,1.00,-10.00,3522.70,水平線手前,損切,支持抵抗,0,157.20400
2024-05-01,2024-05-31,20260209_064856,20260209_064856-0001,2024-05-02 03:00:02.659000,2024-05-02 03:00:05.708000,売り,157.73900,157.58900,1.00,15.00,3537.70,水平線手前,利確,支持抵抗,0,157.73900
2024-05-01,2024-05-31,20260209_064856,20260209_064856-0002,2024-05-02 03:00:13.136000,2024-05-02 03:00:19.590000,買い,157.34500,157.49500,1.00,15.00,3552.70,水平線手前,利確,支持抵抗,0,157.34500
2024-05-01,2024-05-31,20260209_064856,20260209_064856-0003,2024-05-02 03:00:12.106000,2024-05-02 03:00:23.093000,買い,157.42000,157.57000,1.00,15.00,3567.70,水平線手前,利確,支持抵抗,0,157.42000
2024-05-01,2024-05-31,20260209_064856,20260209_064856-0004,2024-05-03 21:30:01.894000,2024-05-03 21:30:04.781000,買い,152.70200,152.60200,1.00,-10.00,3557.70,水平線手前,損切,支持抵抗,0,152.70200
2024-05-01,2024-05-31,20260209_064856,20260209_064856-0005,2024-05-09 00:47:14.907000,2024-05-09 01:21:30.790000,買い,155.37100,155.52100,1.00,15.00,3572.70,水平線手前,利確,支持抵抗,0,155.37100
2024-05-01,2024-05-31,20260209_064856,20260209_064856-0006,2024-05-14 21:30:01.508000,2024-05-14 21:30:01.771000,売り,156.53300,156.63300,1.00,-10.00,3562.70,水平線手前,損切,支持抵抗,0,156.53300
2024-05-01,2024-05-31,20260209_064856,20260209_064856-0007,2024-05-15 21:30:02.375000,2024-05-15 21:30:02.961000,買い,155.30200,155.20200,1.00,-10.00,3552.70,水平線手前,損切,支持抵抗,0,155.30200
2024-05-01,2024-05-31,20260209_064856,20260209_064856-0008,2024-05-15 21:30:02.481000,2024-05-15 21:30:02.961000,買い,155.30300,155.20300,1.00,-10.00,3542.70,水平線手前,損切,支持抵抗,0,155.30300
2024-05-01,2024-05-31,20260209_064856,20260209_064856-0009,2024-05-15 21:30:03.013000,2024-05-15 21:30:05.899000,買い,155.09900,154.99900,1.00,-10.00,3532.70,水平線手前,損切,支持抵抗,0,155.09900
2024-05-01,2024-05-31,20260209_064856,20260209_064856-0010,2024-05-15 21:30:28.820000,2024-05-15 21:30:53.898000,買い,154.78700,154.93700,1.00,15.00,3547.70,水平線手前,利確,支持抵抗,0,154.78700
2024-05-01,2024-05-31,20260209_064856,20260209_064856-0011,2024-05-23 22:45:00.648000,2024-05-23 22:45:14.275000,売り,156.95400,156.80400,1.00,15.00,3562.70,水平線手前,利確,支持抵抗,0,156.95400
2024-05-01,2024-05-31,20260209_064856,20260209_064856-0012,2024-05-23 23:13:17.251000,2024-05-23 23:13:18.911000,買い,156.56000,156.71000,1.00,15.00,3577.70,水平線手前,利確,支持抵抗,0,156.56000
2024-05-01,2024-05-31,20260209_064856,20260209_064856-0013,2024-05-29 15:09:03.529000,2024-05-29 15:10:08.175000,買い,156.93200,157.08200,1.00,15.00,3592.70,水平線手前,利確,支持抵抗,0,156.93200
2024-05-01,2024-05-31,20260209_064856,20260209_064856-0014,2024-05-30 22:11:50.663000,2024-05-30 22:17:37.565000,買い,156.40900,156.55900,1.00,15.00,3607.70,水平線手前,利確,支持抵抗,0,156.40900
2024-05-01,2024-05-31,20260209_064856,20260209_064856-0015,2024-05-31 22:42:00.337000,2024-05-31 23:00:09.693000,買い,156.77700,156.67700,1.00,-10.00,3597.70,水平線手前,損切,支持抵抗,0,156.77700
2024-06-01,2024-06-30,20260209_064938,20260209_064938-0001,2024-06-04 18:20:40.224000,2024-06-04 18:22:18.432000,買い,155.07100,155.22100,1.00,15.00,3612.70,水平線手前,利確,支持抵抗,0,155.07100
2024-06-01,2024-06-30,20260209_064938,20260209_064938-0002,2024-06-04 23:00:01.268000,2024-06-04 23:00:03.320000,買い,154.72800,154.62800,1.00,-10.00,3602.70,水平線手前,損切,支持抵抗,0,154.72800
2024-06-01,2024-06-30,20260209_064938,20260209_064938-0003,2024-06-04 23:00:05.463000,2024-06-04 23:04:13.250000,買い,154.58700,154.73700,1.00,15.00,3617.70,水平線手前,利確,支持抵抗,0,154.58700
2024-06-01,2024-06-30,20260209_064938,20260209_064938-0004,2024-06-07 21:30:01.611000,2024-06-07 21:30:01.815000,買い,155.31900,155.46900,1.00,15.00,3632.70,水平線手前,利確,支持抵抗,0,155.31900
2024-06-01,2024-06-30,20260209_064938,20260209_064938-0005,2024-06-07 21:30:01.815000,2024-06-07 21:30:02.847000,売り,155.79300,155.89300,1.00,-10.00,3622.70,水平線手前,損切,支持抵抗,0,155.79300
2024-06-01,2024-06-30,20260209_064938,20260209_064938-0006,2024-06-07 21:30:02.847000,2024-06-07 21:30:05.500000,売り,155.91000,156.01000,1.00,-10.00,3612.70,水平線手前,損切,支持抵抗,0,155.91000
2024-06-01,2024-06-30,20260209_064938,20260209_064938-0007,2024-06-07 21:30:30.105000,2024-06-07 21:30:39.248000,売り,156.32300,156.42300,1.00,-10.00,3602.70,水平線手前,損切,支持抵抗,0,156.32300
2024-06-01,2024-06-30,20260209_064938,20260209_064938-0008,2024-06-07 21:30:39.248000,2024-06-07 21:30:45.425000,売り,156.42900,156.27900,1.00,15.00,3617.70,水平線手前,利確,支持抵抗,0,156.42900
2024-06-01,2024-06-30,20260209_064938,20260209_064938-0009,2024-06-12 21:30:01.725000,2024-06-12 21:30:02.237000,買い,156.84200,156.74200,1.00,-10.00,3607.70,水平線手前,損切,支持抵抗,0,156.84200
2024-06-01,2024-06-30,20260209_064938,20260209_064938-0010,2024-06-12 21:30:01.930000,2024-06-12 21:30:02.237000,買い,156.82000,156.72000,1.00,-10.00,3597.70,水平線手前,損切,支持抵抗,0,156.82000
2024-06-01,2024-06-30,20260209_064938,20260209_064938-0011,2024-06-12 21:30:02.237000,2024-06-12 21:30:06.903000,買い,156.72400,156.62400,1.00,-10.00,3587.70,水平線手前,損切,支持抵抗,0,156.72400
2024-06-01,2024-06-30,20260209_064938,20260209_064938-0012,2024-06-12 21:30:32.772000,2024-06-12 21:30:59.143000,買い,156.39400,156.54400,1.00,15.00,3602.70,水平線手前,利確,支持抵抗,0,156.39400
2024-06-01,2024-06-30,20260209_064938,20260209_064938-0013,2024-06-14 12:10:02.889000,2024-06-14 12:10:04.639000,買い,156.83000,156.98000,1.00,15.00,3617.70,水平線手前,利確,支持抵抗,0,156.83000
2024-06-01,2024-06-30,20260209_064938,20260209_064938-0014,2024-06-14 12:23:07.731000,2024-06-14 12:23:08.860000,売り,157.31400,157.41400,1.00,-10.00,3607.70,水平線手前,損切,支持抵抗,0,157.31400
2024-06-01,2024-06-30,20260209_064938,20260209_064938-0015,2024-06-14 12:23:08.757000,2024-06-14 12:23:28.860000,売り,157.38600,157.23600,1.00,15.00,3622.70,水平線手前,利確,支持抵抗,0,157.38600
2024-06-01,2024-06-30,20260209_064938,20260209_064938-0016,2024-06-14 12:23:08.450000,2024-06-14 12:23:50.932000,売り,157.35200,157.45200,1.00,-10.00,3612.70,水平線手前,損切,支持抵抗,0,157.35200
2024-06-01,2024-06-30,20260209_064938,20260209_064938-0017,2024-06-14 15:39:47.768000,2024-06-14 15:40:22.055000,買い,157.64300,157.79300,1.00,15.00,3627.70,水平線手前,利確,支持抵抗,0,157.64300
2024-06-01,2024-06-30,20260209_064938,20260209_064938-0018,2024-06-14 18:41:51.537000,2024-06-14 18:47:37.520000,買い,156.94900,157.09900,1.00,15.00,3642.70,水平線手前,利確,支持抵抗,0,156.94900
2024-06-01,2024-06-30,20260209_064938,20260209_064938-0019,2024-06-21 22:45:01.404000,2024-06-21 22:45:35.058000,売り,159.09800,159.19800,1.00,-10.00,3632.70,水平線手前,損切,支持抵抗,0,159.09800
2024-06-01,2024-06-30,20260209_064938,20260209_064938-0020,2024-06-21 22:45:00.623000,2024-06-21 22:45:35.161000,売り,159.10000,159.20000,1.00,-10.00,3622.70,水平線手前,損切,支持抵抗,0,159.10000
2024-06-01,2024-06-30,20260209_064938,20260209_064938-0021,2024-06-24 19:05:42.657000,2024-06-24 19:05:48.614000,買い,159.47400,159.37400,1.00,-10.00,3612.70,水平線手前,損切,支持抵抗,0,159.47400
2024-06-01,2024-06-30,20260209_064938,20260209_064938-0022,2024-06-24 19:07:04.280000,2024-06-24 19:07:09.967000,買い,158.77500,158.92500,1.00,15.00,3627.70,水平線手前,利確,支持抵抗,0,158.77500
2024-06-01,2024-06-30,20260209_064938,20260209_064938-0023,2024-06-27 21:30:02.751000,2024-06-27 21:30:26.385000,買い,160.32400,160.47400,1.00,15.00,3642.70,水平線手前,利確,支持抵抗,0,160.32400
2024-06-01,2024-06-30,20260209_064938,20260209_064938-0024,2024-06-28 21:30:03.134000,2024-06-28 21:30:03.236000,買い,160.39200,160.54200,1.00,15.00,3657.70,水平線手前,利確,支持抵抗,0,160.39200
2024-06-01,2024-06-30,20260209_064938,20260209_064938-0025,2024-06-28 21:30:03.344000,2024-06-28 21:30:35.971000,買い,160.38400,160.53400,1.00,15.00,3672.70,水平線手前,利確,支持抵抗,0,160.38400
2024-07-01,2024-07-31,20260209_065044,20260209_065044-0001,2024-07-01 23:00:02.098000,2024-07-01 23:00:09.821000,買い,160.98800,161.13800,1.00,15.00,3687.70,水平線手前,利確,支持抵抗,0,160.98800
2024-07-01,2024-07-31,20260209_065044,20260209_065044-0002,2024-07-03 23:00:00.336000,2024-07-03 23:01:01.977000,買い,161.41000,161.31000,1.00,-10.00,3677.70,水平線手前,損切,支持抵抗,0,161.41000
2024-07-01,2024-07-31,20260209_065044,20260209_065044-0003,2024-07-05 21:30:21.122000,2024-07-05 21:30:24.980000,買い,160.65200,160.55200,1.00,-10.00,3667.70,水平線手前,損切,支持抵抗,0,160.65200
2024-07-01,2024-07-31,20260209_065044,20260209_065044-0004,2024-07-05 21:30:24.775000,2024-07-05 21:30:38.072000,買い,160.56900,160.46900,1.00,-10.00,3657.70,水平線手前,損切,支持抵抗,0,160.56900
2024-07-01,2024-07-31,20260209_065044,20260209_065044-0005,2024-07-05 21:30:41.829000,2024-07-05 21:32:47.301000,買い,160.36700,160.51700,1.00,15.00,3672.70,水平線手前,利確,支持抵抗,0,160.36700
2024-07-01,2024-07-31,20260209_065044,20260209_065044-0006,2024-07-05 21:37:47.529000,2024-07-05 21:38:27.376000,売り,161.13700,160.98700,1.00,15.00,3687.70,水平線手前,利確,支持抵抗,0,161.13700
2024-07-01,2024-07-31,20260209_065044,20260209_065044-0007,2024-07-11 21:30:01.135000,2024-07-11 21:30:01.187000,買い,161.35600,161.25600,1.00,-10.00,3677.70,水平線手前,損切,支持抵抗,0,161.35600
2024-07-01,2024-07-31,20260209_065044,20260209_065044-0008,2024-07-11 21:30:01.187000,2024-07-11 21:30:02.109000,買い,161.23300,161.13300,1.00,-10.00,3667.70,水平線手前,損切,支持抵抗,0,161.23300
2024-07-01,2024-07-31,20260209_065044,20260209_065044-0009,2024-07-11 21:42:07.846000,2024-07-11 21:42:10.595000,買い,160.49300,160.39300,1.00,-10.00,3657.70,水平線手前,損切,支持抵抗,0,160.49300
2024-07-01,2024-07-31,20260209_065044,20260209_065044-0010,2024-07-11 21:42:11.632000,2024-07-11 21:42:16.795000,買い,160.29100,160.19100,1.00,-10.00,3647.70,水平線手前,損切,支持抵抗,0,160.29100
2024-07-01,2024-07-31,20260209_065044,20260209_065044-0011,2024-07-11 21:50:42.079000,2024-07-11 21:50:48.470000,買い,158.39000,158.54000,1.00,15.00,3662.70,水平線手前,利確,支持抵抗,0,158.39000
2024-07-01,2024-07-31,20260209_065044,20260209_065044-0012,2024-07-11 22:08:00.886000,2024-07-11 22:08:12.231000,買い,157.44300,157.59300,1.00,15.00,3677.70,水平線手前,利確,支持抵抗,0,157.44300
2024-07-01,2024-07-31,20260209_065044,20260209_065044-0013,2024-07-12 22:08:09.167000,2024-07-12 22:08:10.464000,買い,158.54700,158.44700,1.00,-10.00,3667.70,水平線手前,損切,支持抵抗,0,158.54700
2024-07-01,2024-07-31,20260209_065044,20260209_065044-0014,2024-07-12 22:09:02.885000,2024-07-12 22:09:08.998000,買い,158.01100,157.91100,1.00,-10.00,3657.70,水平線手前,損切,支持抵抗,0,158.01100
2024-07-01,2024-07-31,20260209_065044,20260209_065044-0015,2024-07-12 22:09:52.421000,2024-07-12 22:10:08.100000,買い,157.78300,157.68300,1.00,-10.00,3647.70,水平線手前,損切,支持抵抗,0,157.78300
2024-07-01,2024-07-31,20260209_065044,20260209_065044-0016,2024-07-12 22:14:59.681000,2024-07-12 22:15:20.118000,買い,157.39100,157.54100,1.00,15.00,3662.70,水平線手前,利確,支持抵抗,0,157.39100
2024-07-01,2024-07-31,20260209_065044,20260209_065044-0017,2024-07-12 23:13:12.129000,2024-07-12 23:13:33.656000,買い,157.39900,157.54900,1.00,15.00,3677.70,水平線手前,利確,支持抵抗,0,157.39900
2024-07-01,2024-07-31,20260209_065044,20260209_065044-0018,2024-07-16 01:41:42.722000,2024-07-16 01:41:43.607000,買い,157.78200,157.68200,1.00,-10.00,3667.70,水平線手前,損切,支持抵抗,0,157.78200
2024-07-01,2024-07-31,20260209_065044,20260209_065044-0019,2024-07-16 01:42:05.076000,2024-07-16 01:42:07.833000,買い,157.19900,157.34900,1.00,15.00,3682.70,水平線手前,利確,支持抵抗,0,157.19900
2024-07-01,2024-07-31,20260209_065044,20260209_065044-0020,2024-07-17 17:56:44.961000,2024-07-17 18:03:20.662000,買い,156.13700,156.28700,1.00,15.00,3697.70,水平線手前,利確,支持抵抗,0,156.13700
2024-07-01,2024-07-31,20260209_065044,20260209_065044-0021,2024-07-17 22:39:06.688000,2024-07-17 22:43:48.376000,買い,156.18700,156.33700,1.00,15.00,3712.70,水平線手前,利確,支持抵抗,0,156.18700
2024-07-01,2024-07-31,20260209_065044,20260209_065044-0022,2024-07-18 13:22:51.518000,2024-07-18 13:24:41.937000,買い,156.21000,156.36000,1.00,15.00,3727.70,水平線手前,利確,支持抵抗,0,156.21000
2024-07-01,2024-07-31,20260209_065044,20260209_065044-0023,2024-07-18 14:41:04.160000,2024-07-18 14:41:08.559000,買い,155.83300,155.98300,1.00,15.00,3742.70,水平線手前,利確,支持抵抗,0,155.83300
2024-07-01,2024-07-31,20260209_065044,20260209_065044-0024,2024-07-18 21:30:02.068000,2024-07-18 21:30:25.532000,買い,156.33600,156.23600,1.00,-10.00,3732.70,水平線手前,損切,支持抵抗,0,156.33600
2024-07-01,2024-07-31,20260209_065044,20260209_065044-0025,2024-07-18 22:57:44.430000,2024-07-18 23:21:00.607000,売り,156.66200,156.76200,1.00,-10.00,3722.70,水平線手前,損切,支持抵抗,0,156.66200
2024-07-01,2024-07-31,20260209_065044,20260209_065044-0026,2024-07-23 12:51:24.766000,2024-07-23 13:16:09.943000,買い,156.22100,156.37100,1.00,15.00,3737.70,水平線手前,利確,支持抵抗,0,156.22100
2024-07-01,2024-07-31,20260209_065044,20260209_065044-0027,2024-07-24 14:08:17.541000,2024-07-24 14:14:02.216000,買い,154.36400,154.51400,1.00,15.00,3752.70,水平線手前,利確,支持抵抗,0,154.36400
2024-07-01,2024-07-31,20260209_065044,20260209_065044-0028,2024-07-24 18:40:06.561000,2024-07-24 18:40:11.134000,買い,154.41100,154.31100,1.00,-10.00,3742.70,水平線手前,損切,支持抵抗,0,154.41100
2024-07-01,2024-07-31,20260209_065044,20260209_065044-0029,2024-07-24 18:40:11.134000,2024-07-24 18:40:33.129000,買い,154.31000,154.46000,1.00,15.00,3757.70,水平線手前,利確,支持抵抗,0,154.31000
2024-07-01,2024-07-31,20260209_065044,20260209_065044-0030,2024-07-25 11:49:14.746000,2024-07-25 12:06:52.852000,買い,152.54800,152.44800,1.00,-10.00,3747.70,水平線手前,損切,支持抵抗,0,152.54800
2024-07-01,2024-07-31,20260209_065044,20260209_065044-0031,2024-07-25 21:35:09.945000,2024-07-25 21:36:01.206000,売り,153.70700,153.55700,1.00,15.00,3762.70,水平線手前,利確,支持抵抗,0,153.70700
2024-07-01,2024-07-31,20260209_065044,20260209_065044-0032,2024-07-25 22:05:36.241000,2024-07-25 22:06:34.699000,売り,153.94000,154.04000,1.00,-10.00,3752.70,水平線手前,損切,支持抵抗,0,153.94000
2024-07-01,2024-07-31,20260209_065044,20260209_065044-0033,2024-07-25 22:25:55.901000,2024-07-25 22:29:44.724000,売り,154.16500,154.01500,1.00,15.00,3767.70,水平線手前,利確,支持抵抗,0,154.16500
2024-07-01,2024-07-31,20260209_065044,20260209_065044-0034,2024-07-26 23:18:57.318000,2024-07-26 23:19:00.057000,買い,153.53600,153.43600,1.00,-10.00,3757.70,水平線手前,損切,支持抵抗,0,153.53600
2024-07-01,2024-07-31,20260209_065044,20260209_065044-0035,2024-07-26 23:19:00.161000,2024-07-26 23:19:04.236000,買い,153.39600,153.29600,1.00,-10.00,3747.70,水平線手前,損切,支持抵抗,0,153.39600
2024-07-01,2024-07-31,20260209_065044,20260209_065044-0036,2024-07-26 23:19:00.787000,2024-07-26 23:19:04.301000,買い,153.39500,153.29500,1.00,-10.00,3737.70,水平線手前,損切,支持抵抗,0,153.39500
2024-07-01,2024-07-31,20260209_065044,20260209_065044-0037,2024-07-26 23:19:04.301000,2024-07-26 23:19:05.932000,買い,153.26700,153.16700,1.00,-10.00,3727.70,水平線手前,損切,支持抵抗,0,153.26700
2024-07-01,2024-07-31,20260209_065044,20260209_065044-0038,2024-07-26 23:19:06.141000,2024-07-26 23:19:08.379000,買い,153.11200,153.26200,1.00,15.00,3742.70,水平線手前,利確,支持抵抗,0,153.11200
2024-07-01,2024-07-31,20260209_065044,20260209_065044-0039,2024-07-31 00:04:18.303000,2024-07-31 00:04:19.872000,買い,153.88600,154.03600,1.00,15.00,3757.70,水平線手前,利確,支持抵抗,0,153.88600
2024-07-01,2024-07-31,20260209_065044,20260209_065044-0040,2024-07-31 12:45:56.828000,2024-07-31 12:45:57.927000,買い,152.20200,152.35200,1.00,15.00,3772.70,水平線手前,利確,支持抵抗,0,152.20200
2024-07-01,2024-07-31,20260209_065044,20260209_065044-0041,2024-07-31 12:56:18.374000,2024-07-31 12:56:19.624000,買い,152.14500,152.29500,1.00,15.00,3787.70,水平線手前,利確,支持抵抗,0,152.14500
2024-07-01,2024-07-31,20260209_065044,20260209_065044-0042,2024-07-31 12:56:29.643000,2024-07-31 12:56:33.906000,買い,152.10200,152.00200,1.00,-10.00,3777.70,水平線手前,損切,支持抵抗,0,152.10200
2024-07-01,2024-07-31,20260209_065044,20260209_065044-0043,2024-07-31 12:56:34.483000,2024-07-31 12:56:36.248000,買い,151.96400,151.86400,1.00,-10.00,3767.70,水平線手前,損切,支持抵抗,0,151.96400
2024-07-01,2024-07-31,20260209_065044,20260209_065044-0044,2024-07-31 12:56:42.999000,2024-07-31 12:57:00.484000,買い,151.62600,151.77600,1.00,15.00,3782.70,水平線手前,利確,支持抵抗,0,151.62600
2024-07-01,2024-07-31,20260209_065044,20260209_065044-0045,2024-07-31 12:59:42.865000,2024-07-31 12:59:43.024000,売り,153.82000,153.67000,1.00,15.00,3797.70,水平線手前,利確,支持抵抗,0,153.82000
2024-07-01,2024-07-31,20260209_065044,20260209_065044-0046,2024-07-31 13:00:19.717000,2024-07-31 13:00:35.236000,売り,153.87400,153.72400,1.00,15.00,3812.70,水平線手前,利確,支持抵抗,0,153.87400
2024-07-01,2024-07-31,20260209_065044,20260209_065044-0047,2024-07-31 16:54:41.184000,2024-07-31 16:55:39.811000,買い,150.64400,150.79400,1.00,15.00,3827.70,水平線手前,利確,支持抵抗,0,150.64400
2024-07-01,2024-07-31,20260209_065044,20260209_065044-0048,2024-07-31 17:08:53.296000,2024-07-31 17:09:40.989000,買い,150.08900,150.23900,1.00,15.00,3842.70,水平線手前,利確,支持抵抗,0,150.08900
2024-07-01,2024-07-31,20260209_065044,20260209_065044-0049,2024-07-31 21:30:01.216000,2024-07-31 21:35:32.823000,買い,149.81900,149.96900,1.00,15.00,3857.70,水平線手前,利確,支持抵抗,0,149.81900
2024-07-01,2024-07-31,20260209_065044,20260209_065044-0050,2024-07-31 23:00:30.034000,2024-07-31 23:01:54.217000,買い,149.66300,149.81300,1.00,15.00,3872.70,水平線手前,利確,支持抵抗,0,149.66300
2024-08-01,2024-08-31,20260209_065243,20260209_065243-0001,2024-08-01 03:00:10.477000,2024-08-01 03:00:16.718000,売り,150.92300,151.02300,1.00,-10.00,3862.70,水平線手前,損切,支持抵抗,0,150.92300
2024-08-01,2024-08-31,20260209_065243,20260209_065243-0002,2024-08-01 21:39:21.326000,2024-08-01 21:42:44.558000,売り,150.59500,150.44500,1.00,15.00,3877.70,水平線手前,利確,支持抵抗,0,150.59500
2024-08-01,2024-08-31,20260209_065243,20260209_065243-0003,2024-08-02 21:30:01.222000,2024-08-02 21:30:06.400000,買い,148.55500,148.45500,1.00,-10.00,3867.70,水平線手前,損切,支持抵抗,0,148.55500
2024-08-01,2024-08-31,20260209_065243,20260209_065243-0004,2024-08-02 21:30:01.583000,2024-08-02 21:30:06.400000,買い,148.54300,148.44300,1.00,-10.00,3857.70,水平線手前,損切,支持抵抗,0,148.54300
2024-08-01,2024-08-31,20260209_065243,20260209_065243-0005,2024-08-03 01:04:53.555000,2024-08-03 01:10:38.256000,売り,147.38500,147.23500,1.00,15.00,3872.70,水平線手前,利確,支持抵抗,0,147.38500
2024-08-01,2024-08-31,20260209_065243,20260209_065243-0006,2024-08-05 12:12:06.688000,2024-08-05 12:12:06.846000,買い,144.77200,144.67200,1.00,-10.00,3862.70,水平線手前,損切,支持抵抗,0,144.77200
2024-08-01,2024-08-31,20260209_065243,20260209_065243-0007,2024-08-05 12:56:46.033000,2024-08-05 12:56:53.592000,買い,144.20300,144.35300,1.00,15.00,3877.70,水平線手前,利確,支持抵抗,0,144.20300
2024-08-01,2024-08-31,20260209_065243,20260209_065243-0008,2024-08-05 13:26:48.845000,2024-08-05 13:26:51.696000,買い,142.20800,142.35800,1.00,15.00,3892.70,水平線手前,利確,支持抵抗,0,142.20800
2024-08-01,2024-08-31,20260209_065243,20260209_065243-0009,2024-08-05 15:06:11.223000,2024-08-05 15:08:54.972000,買い,141.71600,141.86600,1.00,15.00,3907.70,水平線手前,利確,支持抵抗,0,141.71600
2024-08-01,2024-08-31,20260209_065243,20260209_065243-0010,2024-08-05 21:38:21.914000,2024-08-05 21:39:57.850000,買い,141.94600,141.84600,1.00,-10.00,3897.70,水平線手前,損切,支持抵抗,0,141.94600
2024-08-01,2024-08-31,20260209_065243,20260209_065243-0011,2024-08-05 22:45:57.501000,2024-08-05 22:47:14.333000,売り,142.95700,142.80700,1.00,15.00,3912.70,水平線手前,利確,支持抵抗,0,142.95700
2024-08-01,2024-08-31,20260209_065243,20260209_065243-0012,2024-08-05 22:45:55.527000,2024-08-05 22:48:05.102000,売り,142.93300,142.78300,1.00,15.00,3927.70,水平線手前,利確,支持抵抗,0,142.93300
2024-08-01,2024-08-31,20260209_065243,20260209_065243-0013,2024-08-05 23:03:42.955000,2024-08-05 23:05:03.790000,売り,143.82300,143.67300,1.00,15.00,3942.70,水平線手前,利確,支持抵抗,0,143.82300
2024-08-01,2024-08-31,20260209_065243,20260209_065243-0014,2024-08-06 00:01:24.088000,2024-08-06 00:02:00.332000,買い,142.35900,142.50900,1.00,15.00,3957.70,水平線手前,利確,支持抵抗,0,142.35900
2024-08-01,2024-08-31,20260209_065243,20260209_065243-0015,2024-08-06 14:40:17.065000,2024-08-06 14:40:58.697000,売り,146.11500,145.96500,1.00,15.00,3972.70,水平線手前,利確,支持抵抗,0,146.11500
2024-08-01,2024-08-31,20260209_065243,20260209_065243-0016,2024-08-06 15:20:44.917000,2024-08-06 15:21:53.299000,売り,146.28500,146.13500,1.00,15.00,3987.70,水平線手前,利確,支持抵抗,0,146.28500
2024-08-01,2024-08-31,20260209_065243,20260209_065243-0017,2024-08-06 19:10:03.180000,2024-08-06 19:12:01.670000,買い,144.39300,144.54300,1.00,15.00,4002.70,水平線手前,利確,支持抵抗,0,144.39300
2024-08-01,2024-08-31,20260209_065243,20260209_065243-0018,2024-08-06 21:34:31.158000,2024-08-06 21:36:04.519000,買い,144.52000,144.67000,1.00,15.00,4017.70,水平線手前,利確,支持抵抗,0,144.52000
2024-08-01,2024-08-31,20260209_065243,20260209_065243-0019,2024-08-07 15:01:02.631000,2024-08-07 15:05:09.493000,買い,146.86700,147.01700,1.00,15.00,4032.70,水平線手前,利確,支持抵抗,0,146.86700
2024-08-01,2024-08-31,20260209_065243,20260209_065243-0020,2024-08-07 15:35:41.713000,2024-08-07 15:36:53.913000,買い,146.46300,146.61300,1.00,15.00,4047.70,水平線手前,利確,支持抵抗,0,146.46300
2024-08-01,2024-08-31,20260209_065243,20260209_065243-0021,2024-08-08 21:30:01.103000,2024-08-08 21:30:02.969000,売り,146.27100,146.37100,1.00,-10.00,4037.70,水平線手前,損切,支持抵抗,0,146.27100
2024-08-01,2024-08-31,20260209_065243,20260209_065243-0022,2024-08-08 21:30:06.839000,2024-08-08 21:30:07.547000,売り,146.49400,146.59400,1.00,-10.00,4027.70,水平線手前,損切,支持抵抗,0,146.49400
2024-08-01,2024-08-31,20260209_065243,20260209_065243-0023,2024-08-09 13:57:28.614000,2024-08-09 14:04:05.475000,買い,146.84700,146.74700,1.00,-10.00,4017.70,水平線手前,損切,支持抵抗,0,146.84700
2024-08-01,2024-08-31,20260209_065243,20260209_065243-0024,2024-08-13 00:25:06.932000,2024-08-13 00:34:08.302000,買い,147.27600,147.42600,1.00,15.00,4032.70,水平線手前,利確,支持抵抗,0,147.27600
2024-08-01,2024-08-31,20260209_065243,20260209_065243-0025,2024-08-13 22:14:04.270000,2024-08-13 22:14:11.022000,買い,146.94700,146.84700,1.00,-10.00,4022.70,水平線手前,損切,支持抵抗,0,146.94700
2024-08-01,2024-08-31,20260209_065243,20260209_065243-0026,2024-08-13 22:14:10.496000,2024-08-13 22:14:28.438000,買い,146.88100,147.03100,1.00,15.00,4037.70,水平線手前,利確,支持抵抗,0,146.88100
2024-08-01,2024-08-31,20260209_065243,20260209_065243-0027,2024-08-14 21:30:01.209000,2024-08-14 21:30:01.828000,買い,146.80800,146.70800,1.00,-10.00,4027.70,水平線手前,損切,支持抵抗,0,146.80800
2024-08-01,2024-08-31,20260209_065243,20260209_065243-0028,2024-08-14 21:30:02.190000,2024-08-14 21:30:05.281000,買い,146.54100,146.69100,1.00,15.00,4042.70,水平線手前,利確,支持抵抗,0,146.54100
2024-08-01,2024-08-31,20260209_065243,20260209_065243-0029,2024-08-15 21:30:01.445000,2024-08-15 21:30:03.361000,売り,147.62000,147.72000,1.00,-10.00,4032.70,水平線手前,損切,支持抵抗,0,147.62000
2024-08-01,2024-08-31,20260209_065243,20260209_065243-0030,2024-08-15 21:30:16.851000,2024-08-15 21:30:30.941000,売り,147.92200,148.02200,1.00,-10.00,4022.70,水平線手前,損切,支持抵抗,0,147.92200
2024-08-01,2024-08-31,20260209_065243,20260209_065243-0031,2024-08-15 21:30:44.956000,2024-08-15 21:31:19.560000,売り,148.19300,148.04300,1.00,15.00,4037.70,水平線手前,利確,支持抵抗,0,148.19300
2024-08-01,2024-08-31,20260209_065243,20260209_065243-0032,2024-08-19 13:39:04.981000,2024-08-19 13:40:27.034000,買い,145.90100,146.05100,1.00,15.00,4052.70,水平線手前,利確,支持抵抗,0,145.90100
2024-08-01,2024-08-31,20260209_065243,20260209_065243-0033,2024-08-19 23:10:38.443000,2024-08-19 23:19:31.311000,売り,146.64700,146.49700,1.00,15.00,4067.70,水平線手前,利確,支持抵抗,0,146.64700
2024-08-01,2024-08-31,20260209_065243,20260209_065243-0034,2024-08-21 23:00:10.169000,2024-08-21 23:00:10.542000,売り,146.20800,146.30800,1.00,-10.00,4057.70,水平線手前,損切,支持抵抗,0,146.20800
2024-08-01,2024-08-31,20260209_065243,20260209_065243-0035,2024-08-21 23:00:12.593000,2024-08-21 23:00:12.867000,売り,146.54000,146.64000,1.00,-10.00,4047.70,水平線手前,損切,支持抵抗,0,146.54000
2024-08-01,2024-08-31,20260209_065243,20260209_065243-0036,2024-08-21 23:00:14.490000,2024-08-21 23:00:15.215000,売り,146.87500,146.72500,1.00,15.00,4062.70,水平線手前,利確,支持抵抗,0,146.87500
2024-08-01,2024-08-31,20260209_065243,20260209_065243-0037,2024-08-21 23:32:23.497000,2024-08-21 23:32:48.197000,買い,145.53500,145.68500,1.00,15.00,4077.70,水平線手前,利確,支持抵抗,0,145.53500
2024-08-01,2024-08-31,20260209_065243,20260209_065243-0038,2024-08-22 03:00:04.155000,2024-08-22 03:02:11.855000,買い,144.87800,144.77800,1.00,-10.00,4067.70,水平線手前,損切,支持抵抗,0,144.87800
2024-08-01,2024-08-31,20260209_065243,20260209_065243-0039,2024-08-22 21:30:11.706000,2024-08-22 21:30:24.925000,売り,146.11900,146.21900,1.00,-10.00,4057.70,水平線手前,損切,支持抵抗,0,146.11900
2024-08-01,2024-08-31,20260209_065243,20260209_065243-0040,2024-08-22 21:30:33.746000,2024-08-22 21:34:54.415000,売り,146.31600,146.16600,1.00,15.00,4072.70,水平線手前,利確,支持抵抗,0,146.31600
2024-08-01,2024-08-31,20260209_065243,20260209_065243-0041,2024-08-22 22:45:01.574000,2024-08-22 22:46:00.295000,売り,146.46900,146.31900,1.00,15.00,4087.70,水平線手前,利確,支持抵抗,0,146.46900
2024-08-01,2024-08-31,20260209_065243,20260209_065243-0042,2024-08-29 21:30:10.127000,2024-08-29 21:30:13.968000,売り,144.83300,144.93300,1.00,-10.00,4077.70,水平線手前,損切,支持抵抗,0,144.83300
2024-08-01,2024-08-31,20260209_065243,20260209_065243-0043,2024-08-29 21:30:17.439000,2024-08-29 21:30:47.399000,売り,145.01300,145.11300,1.00,-10.00,4067.70,水平線手前,損切,支持抵抗,0,145.01300
2024-08-01,2024-08-31,20260209_065243,20260209_065243-0044,2024-08-29 21:30:54.677000,2024-08-29 21:31:01.023000,売り,145.15100,145.25100,1.00,-10.00,4057.70,水平線手前,損切,支持抵抗,0,145.15100
2024-08-01,2024-08-31,20260209_065243,20260209_065243-0045,2024-08-30 21:32:08.627000,2024-08-30 21:35:04.733000,売り,145.42700,145.52700,1.00,-10.00,4047.70,水平線手前,損切,支持抵抗,0,145.42700
2024-09-01,2024-09-30,20260209_065421,20260209_065421-0001,2024-09-03 23:00:00.285000,2024-09-03 23:00:00.439000,買い,145.28800,145.18800,1.00,-10.00,4037.70,水平線手前,損切,支持抵抗,0,145.28800
2024-09-01,2024-09-30,20260209_065421,20260209_065421-0002,2024-09-03 23:00:00.439000,2024-09-03 23:00:02.923000,買い,145.12600,145.27600,1.00,15.00,4052.70,水平線手前,利確,支持抵抗,0,145.12600
2024-09-01,2024-09-30,20260209_065421,20260209_065421-0003,2024-09-06 21:30:00.784000,2024-09-06 21:30:01.547000,売り,143.38800,143.48800,1.00,-10.00,4042.70,水平線手前,損切,支持抵抗,0,143.38800
2024-09-01,2024-09-30,20260209_065421,20260209_065421-0004,2024-09-06 21:30:11.566000,2024-09-06 21:30:11.982000,売り,144.04100,143.89100,1.00,15.00,4057.70,水平線手前,利確,支持抵抗,0,144.04100
2024-09-01,2024-09-30,20260209_065421,20260209_065421-0005,2024-09-06 21:31:54.304000,2024-09-06 21:32:08.324000,買い,142.09100,141.99100,1.00,-10.00,4047.70,水平線手前,損切,支持抵抗,0,142.09100
2024-09-01,2024-09-30,20260209_065421,20260209_065421-0006,2024-09-07 00:00:08.395000,2024-09-07 00:00:09.745000,買い,142.24800,142.14800,1.00,-10.00,4037.70,水平線手前,損切,支持抵抗,0,142.24800
2024-09-01,2024-09-30,20260209_065421,20260209_065421-0007,2024-09-07 00:00:14.441000,2024-09-07 00:00:17.385000,買い,141.99800,141.89800,1.00,-10.00,4027.70,水平線手前,損切,支持抵抗,0,141.99800
2024-09-01,2024-09-30,20260209_065421,20260209_065421-0008,2024-09-07 00:00:45.358000,2024-09-07 00:01:06.344000,買い,141.78600,141.93600,1.00,15.00,4042.70,水平線手前,利確,支持抵抗,0,141.78600
2024-09-01,2024-09-30,20260209_065421,20260209_065421-0009,2024-09-10 17:18:09.702000,2024-09-10 17:37:10.984000,売り,143.68100,143.53100,1.00,15.00,4057.70,水平線手前,利確,支持抵抗,0,143.68100
2024-09-01,2024-09-30,20260209_065421,20260209_065421-0010,2024-09-11 13:21:42.444000,2024-09-11 13:23:12.288000,買い,140.91400,141.06400,1.00,15.00,4072.70,水平線手前,利確,支持抵抗,0,140.91400
2024-09-01,2024-09-30,20260209_065421,20260209_065421-0011,2024-09-11 21:30:01.405000,2024-09-11 21:30:02.083000,売り,142.05400,141.90400,1.00,15.00,4087.70,水平線手前,利確,支持抵抗,0,142.05400
2024-09-01,2024-09-30,20260209_065421,20260209_065421-0012,2024-09-13 22:50:08.539000,2024-09-13 22:52:04.520000,買い,140.32100,140.47100,1.00,15.00,4102.70,水平線手前,利確,支持抵抗,0,140.32100
2024-09-01,2024-09-30,20260209_065421,20260209_065421-0013,2024-09-17 21:31:28.232000,2024-09-17 21:32:02.102000,売り,140.81300,140.91300,1.00,-10.00,4092.70,水平線手前,損切,支持抵抗,0,140.81300
2024-09-01,2024-09-30,20260209_065421,20260209_065421-0014,2024-09-20 11:52:08.829000,2024-09-20 11:52:34.870000,売り,142.74400,142.59400,1.00,15.00,4107.70,水平線手前,利確,支持抵抗,0,142.74400
2024-09-01,2024-09-30,20260209_065421,20260209_065421-0015,2024-09-20 12:07:04.118000,2024-09-20 12:08:28.061000,買い,141.98000,142.13000,1.00,15.00,4122.70,水平線手前,利確,支持抵抗,0,141.98000
2024-09-01,2024-09-30,20260209_065421,20260209_065421-0016,2024-09-23 22:45:00.551000,2024-09-23 22:45:02.724000,買い,143.46700,143.61700,1.00,15.00,4137.70,水平線手前,利確,支持抵抗,0,143.46700
2024-09-01,2024-09-30,20260209_065421,20260209_065421-0017,2024-09-23 22:45:13.539000,2024-09-23 22:45:20.202000,売り,143.84800,143.94800,1.00,-10.00,4127.70,水平線手前,損切,支持抵抗,0,143.84800
2024-09-01,2024-09-30,20260209_065421,20260209_065421-0018,2024-09-27 15:23:14.651000,2024-09-27 15:23:15.653000,買い,144.14600,144.04600,1.00,-10.00,4117.70,水平線手前,損切,支持抵抗,0,144.14600
2024-09-01,2024-09-30,20260209_065421,20260209_065421-0019,2024-09-27 15:23:14.912000,2024-09-27 15:23:15.653000,買い,144.13100,144.03100,1.00,-10.00,4107.70,水平線手前,損切,支持抵抗,0,144.13100
2024-09-01,2024-09-30,20260209_065421,20260209_065421-0020,2024-09-27 15:23:26.675000,2024-09-27 15:23:29.338000,買い,143.84400,143.74400,1.00,-10.00,4097.70,水平線手前,損切,支持抵抗,0,143.84400
2024-09-01,2024-09-30,20260209_065421,20260209_065421-0021,2024-09-27 15:57:10.697000,2024-09-27 15:59:12.026000,買い,143.16300,143.31300,1.00,15.00,4112.70,水平線手前,利確,支持抵抗,0,143.16300
2024-09-01,2024-09-30,20260209_065421,20260209_065421-0022,2024-09-27 16:08:24.996000,2024-09-27 16:09:15.326000,買い,142.80800,142.95800,1.00,15.00,4127.70,水平線手前,利確,支持抵抗,0,142.80800
2024-09-01,2024-09-30,20260209_065421,20260209_065421-0023,2024-09-27 16:13:39.967000,2024-09-27 16:14:05.410000,買い,143.12900,143.02900,1.00,-10.00,4117.70,水平線手前,損切,支持抵抗,0,143.12900
2024-09-01,2024-09-30,20260209_065421,20260209_065421-0024,2024-09-27 16:23:01.912000,2024-09-27 16:23:54.633000,買い,142.92600,143.07600,1.00,15.00,4132.70,水平線手前,利確,支持抵抗,0,142.92600
2024-09-01,2024-09-30,20260209_065421,20260209_065421-0025,2024-09-27 23:00:31.388000,2024-09-27 23:01:11.222000,買い,142.41800,142.56800,1.00,15.00,4147.70,水平線手前,利確,支持抵抗,0,142.41800
2024-10-01,2024-10-31,20260209_065534,20260209_065534-0001,2024-10-01 03:26:44.243000,2024-10-01 03:36:51.467000,売り,143.89100,143.74100,1.00,15.00,4162.70,水平線手前,利確,支持抵抗,0,143.89100
2024-10-01,2024-10-31,20260209_065534,20260209_065534-0002,2024-10-01 23:11:18.869000,2024-10-01 23:11:59.787000,買い,143.12800,143.02800,1.00,-10.00,4152.70,水平線手前,損切,支持抵抗,0,143.12800
2024-10-01,2024-10-31,20260209_065534,20260209_065534-0003,2024-10-03 21:30:00.700000,2024-10-03 21:30:12.135000,買い,146.51000,146.66000,1.00,15.00,4167.70,水平線手前,利確,支持抵抗,0,146.51000
2024-10-01,2024-10-31,20260209_065534,20260209_065534-0004,2024-10-03 23:00:00.388000,2024-10-03 23:00:13.229000,売り,146.97300,146.82300,1.00,15.00,4182.70,水平線手前,利確,支持抵抗,0,146.97300
2024-10-01,2024-10-31,20260209_065534,20260209_065534-0005,2024-10-04 21:30:01.246000,2024-10-04 21:30:01.562000,売り,146.95700,146.80700,1.00,15.00,4197.70,水平線手前,利確,支持抵抗,0,146.95700
2024-10-01,2024-10-31,20260209_065534,20260209_065534-0006,2024-10-04 21:30:03.944000,2024-10-04 21:30:05.978000,売り,147.20500,147.30500,1.00,-10.00,4187.70,水平線手前,損切,支持抵抗,0,147.20500
2024-10-01,2024-10-31,20260209_065534,20260209_065534-0007,2024-10-04 21:30:04.157000,2024-10-04 21:30:05.978000,売り,147.24500,147.34500,1.00,-10.00,4177.70,水平線手前,損切,支持抵抗,0,147.24500
2024-10-01,2024-10-31,20260209_065534,20260209_065534-0008,2024-10-10 21:30:01.003000,2024-10-10 21:30:01.166000,買い,148.70800,148.85800,1.00,15.00,4192.70,水平線手前,利確,支持抵抗,0,148.70800
2024-10-01,2024-10-31,20260209_065534,20260209_065534-0009,2024-10-10 21:30:01.903000,2024-10-10 21:30:02.014000,売り,149.33000,149.43000,1.00,-10.00,4182.70,水平線手前,損切,支持抵抗,0,149.33000
2024-10-01,2024-10-31,20260209_065534,20260209_065534-0010,2024-10-10 21:30:02.951000,2024-10-10 21:30:04.777000,売り,149.55800,149.40800,1.00,15.00,4197.70,水平線手前,利確,支持抵抗,0,149.55800
2024-10-01,2024-10-31,20260209_065534,20260209_065534-0011,2024-10-10 21:30:02.899000,2024-10-10 21:30:04.886000,売り,149.53100,149.38100,1.00,15.00,4212.70,水平線手前,利確,支持抵抗,0,149.53100
2024-10-01,2024-10-31,20260209_065534,20260209_065534-0012,2024-10-10 21:30:16.229000,2024-10-10 21:30:17.880000,買い,148.25500,148.40500,1.00,15.00,4227.70,水平線手前,利確,支持抵抗,0,148.25500
2024-10-01,2024-10-31,20260209_065534,20260209_065534-0013,2024-10-17 21:30:00.492000,2024-10-17 21:30:00.756000,売り,149.85100,149.70100,1.00,15.00,4242.70,水平線手前,利確,支持抵抗,0,149.85100
2024-10-01,2024-10-31,20260209_065534,20260209_065534-0014,2024-10-18 19:10:15.832000,2024-10-18 19:10:30.002000,買い,149.79600,149.69600,1.00,-10.00,4232.70,水平線手前,損切,支持抵抗,0,149.79600
2024-10-01,2024-10-31,20260209_065534,20260209_065534-0015,2024-10-24 16:15:00.306000,2024-10-24 16:32:29.164000,買い,152.08500,152.23500,1.00,15.00,4247.70,水平線手前,利確,支持抵抗,0,152.08500
2024-10-01,2024-10-31,20260209_065534,20260209_065534-0016,2024-10-29 23:00:04.166000,2024-10-29 23:00:06.886000,買い,153.00600,153.15600,1.00,15.00,4262.70,水平線手前,利確,支持抵抗,0,153.00600
2024-10-01,2024-10-31,20260209_065534,20260209_065534-0017,2024-10-30 21:30:26.712000,2024-10-30 21:53:08.476000,売り,153.46000,153.31000,1.00,15.00,4277.70,水平線手前,利確,支持抵抗,0,153.46000
2024-10-01,2024-10-31,20260209_065534,20260209_065534-0018,2024-10-30 21:30:25.052000,2024-10-30 21:53:31.399000,売り,153.44200,153.29200,1.00,15.00,4292.70,水平線手前,利確,支持抵抗,0,153.44200
2024-10-01,2024-10-31,20260209_065534,20260209_065534-0019,2024-10-31 11:48:07.195000,2024-10-31 11:48:10.703000,売り,153.59500,153.44500,1.00,15.00,4307.70,水平線手前,利確,支持抵抗,0,153.59500
2024-10-01,2024-10-31,20260209_065534,20260209_065534-0020,2024-10-31 11:48:06.904000,2024-10-31 11:48:12.756000,売り,153.57000,153.42000,1.00,15.00,4322.70,水平線手前,利確,支持抵抗,0,153.57000
2024-10-01,2024-10-31,20260209_065534,20260209_065534-0021,2024-10-31 11:48:06.800000,2024-10-31 11:48:36.752000,売り,153.55400,153.40400,1.00,15.00,4337.70,水平線手前,利確,支持抵抗,0,153.55400
2024-10-01,2024-10-31,20260209_065534,20260209_065534-0022,2024-10-31 15:33:58.284000,2024-10-31 15:43:49.172000,買い,152.81500,152.71500,1.00,-10.00,4327.70,水平線手前,損切,支持抵抗,0,152.81500
2024-10-01,2024-10-31,20260209_065534,20260209_065534-0023,2024-10-31 15:46:17.783000,2024-10-31 15:47:50.639000,買い,152.44700,152.34700,1.00,-10.00,4317.70,水平線手前,損切,支持抵抗,0,152.44700
2024-11-01,2024-11-30,20260209_065709,20260209_065709-0001,2024-11-01 21:30:02.541000,2024-11-01 21:30:04.355000,買い,152.23400,152.13400,1.00,-10.00,4307.70,水平線手前,損切,支持抵抗,0,152.23400
2024-11-01,2024-11-30,20260209_065709,20260209_065709-0002,2024-11-06 14:00:14.913000,2024-11-06 14:00:36.349000,買い,153.47800,153.37800,1.00,-10.00,4297.70,水平線手前,損切,支持抵抗,0,153.47800
2024-11-01,2024-11-30,20260209_065709,20260209_065709-0003,2024-11-08 04:00:02.191000,2024-11-08 04:00:05.697000,買い,152.85700,153.00700,1.00,15.00,4312.70,水平線手前,利確,支持抵抗,0,152.85700
2024-11-01,2024-11-30,20260209_065709,20260209_065709-0004,2024-11-13 22:30:02.533000,2024-11-13 22:30:02.949000,買い,154.78200,154.68200,1.00,-10.00,4302.70,水平線手前,損切,支持抵抗,0,154.78200
2024-11-01,2024-11-30,20260209_065709,20260209_065709-0005,2024-11-13 22:30:06.221000,2024-11-13 22:30:13.833000,買い,154.52300,154.67300,1.00,15.00,4317.70,水平線手前,利確,支持抵抗,0,154.52300
2024-11-01,2024-11-30,20260209_065709,20260209_065709-0006,2024-11-15 22:30:11.556000,2024-11-15 22:30:15.887000,買い,155.25500,155.15500,1.00,-10.00,4307.70,水平線手前,損切,支持抵抗,0,155.25500
2024-11-01,2024-11-30,20260209_065709,20260209_065709-0007,2024-11-15 22:30:15.887000,2024-11-15 22:30:17.308000,買い,155.16000,155.31000,1.00,15.00,4322.70,水平線手前,利確,支持抵抗,0,155.16000
2024-11-01,2024-11-30,20260209_065709,20260209_065709-0008,2024-11-21 15:13:16.477000,2024-11-21 15:21:56.628000,買い,154.58700,154.73700,1.00,15.00,4337.70,水平線手前,利確,支持抵抗,0,154.58700
2024-12-01,2024-12-31,20260209_065819,20260209_065819-0001,2024-12-05 14:42:11.066000,2024-12-05 14:42:15.082000,買い,149.89400,149.79400,1.00,-10.00,4327.70,水平線手前,損切,支持抵抗,0,149.89400
2024-12-01,2024-12-31,20260209_065819,20260209_065819-0002,2024-12-05 14:42:14.872000,2024-12-05 15:21:57.595000,買い,149.81800,149.71800,1.00,-10.00,4317.70,水平線手前,損切,支持抵抗,0,149.81800
2024-12-01,2024-12-31,20260209_065819,20260209_065819-0003,2024-12-11 18:11:05.738000,2024-12-11 18:11:07.519000,買い,151.45100,151.35100,1.00,-10.00,4307.70,水平線手前,損切,支持抵抗,0,151.45100
2024-12-01,2024-12-31,20260209_065819,20260209_065819-0004,2024-12-11 18:11:06.869000,2024-12-11 18:11:07.519000,買い,151.45100,151.35100,1.00,-10.00,4297.70,水平線手前,損切,支持抵抗,0,151.45100
2024-12-01,2024-12-31,20260209_065819,20260209_065819-0005,2024-12-11 18:11:06.489000,2024-12-11 18:11:07.795000,買い,151.42800,151.32800,1.00,-10.00,4287.70,水平線手前,損切,支持抵抗,0,151.42800
2024-12-01,2024-12-31,20260209_065819,20260209_065819-0006,2024-12-11 22:30:10.299000,2024-12-11 22:30:13.014000,売り,152.68500,152.78500,1.00,-10.00,4277.70,水平線手前,損切,支持抵抗,0,152.68500
2024-12-01,2024-12-31,20260209_065819,20260209_065819-0007,2024-12-11 22:30:14.067000,2024-12-11 22:30:15.831000,売り,152.82900,152.67900,1.00,15.00,4292.70,水平線手前,利確,支持抵抗,0,152.82900
2024-12-01,2024-12-31,20260209_065819,20260209_065819-0008,2024-12-11 22:30:13.014000,2024-12-11 22:30:16.255000,売り,152.77500,152.62500,1.00,15.00,4307.70,水平線手前,利確,支持抵抗,0,152.77500
2024-12-01,2024-12-31,20260209_065819,20260209_065819-0009,2024-12-11 22:30:17.905000,2024-12-11 22:36:26.144000,買い,152.51200,152.41200,1.00,-10.00,4297.70,水平線手前,損切,支持抵抗,0,152.51200
2024-12-01,2024-12-31,20260209_065819,20260209_065819-0010,2024-12-19 04:00:01.146000,2024-12-19 04:00:01.525000,売り,154.08700,154.18700,1.00,-10.00,4287.70,水平線手前,損切,支持抵抗,0,154.08700
2024-12-01,2024-12-31,20260209_065819,20260209_065819-0011,2024-12-19 04:00:01.525000,2024-12-19 04:00:08.312000,売り,154.18300,154.03300,1.00,15.00,4302.70,水平線手前,利確,支持抵抗,0,154.18300
2024-12-01,2024-12-31,20260209_065819,20260209_065819-0012,2024-12-19 04:00:06.850000,2024-12-19 04:00:08.312000,売り,154.22900,154.07900,1.00,15.00,4317.70,水平線手前,利確,支持抵抗,0,154.22900
2024-12-01,2024-12-31,20260209_065819,20260209_065819-0013,2024-12-19 04:01:08.397000,2024-12-19 04:04:25.452000,売り,154.31900,154.41900,1.00,-10.00,4307.70,水平線手前,損切,支持抵抗,0,154.31900
2024-12-01,2024-12-31,20260209_065819,20260209_065819-0014,2024-12-19 11:52:15.988000,2024-12-19 11:52:29.735000,売り,154.86600,154.96600,1.00,-10.00,4297.70,水平線手前,損切,支持抵抗,0,154.86600
2024-12-01,2024-12-31,20260209_065819,20260209_065819-0015,2024-12-19 11:52:59.348000,2024-12-19 11:53:18.010000,売り,155.24800,155.09800,1.00,15.00,4312.70,水平線手前,利確,支持抵抗,0,155.24800
2024-12-01,2024-12-31,20260209_065819,20260209_065819-0016,2024-12-19 15:33:29.925000,2024-12-19 15:34:34.026000,買い,154.94000,155.09000,1.00,15.00,4327.70,水平線手前,利確,支持抵抗,0,154.94000
2024-12-01,2024-12-31,20260209_065819,20260209_065819-0017,2024-12-20 22:30:03.251000,2024-12-20 22:30:39.866000,買い,156.58200,156.48200,1.00,-10.00,4317.70,水平線手前,損切,支持抵抗,0,156.58200
2024-12-01,2024-12-31,20260209_065819,20260209_065819-0018,2024-12-25 13:44:24.294000,2024-12-25 16:26:27.457000,売り,157.32400,157.17400,1.00,15.00,4332.70,水平線手前,利確,支持抵抗,0,157.32400
2024-12-01,2024-12-31,20260209_065819,20260209_065819-0019,2024-12-25 13:44:40.283000,2024-12-25 16:26:27.457000,売り,157.33400,157.18400,1.00,15.00,4347.70,水平線手前,利確,支持抵抗,0,157.33400
2024-12-01,2024-12-31,20260209_065819,20260209_065819-0020,2024-12-25 16:51:25.569000,2024-12-26 07:04:01.570000,買い,156.97300,157.12300,1.00,15.00,4362.70,水平線手前,利確,支持抵抗,0,156.97300
2024-12-01,2024-12-31,20260209_065819,20260209_065819-0021,2024-12-25 16:51:26.179000,2024-12-26 07:04:01.570000,買い,156.93900,157.08900,1.00,15.00,4377.70,水平線手前,利確,支持抵抗,0,156.93900
2025-01-01,2025-01-31,20260209_065938,20260209_065938-0001,2025-01-08 00:00:19.283000,2025-01-08 00:01:12.060000,売り,158.12300,158.22300,1.00,-10.00,4367.70,水平線手前,損切,支持抵抗,0,158.12300
2025-01-01,2025-01-31,20260209_065938,20260209_065938-0002,2025-01-10 22:30:01.667000,2025-01-10 22:30:01.968000,売り,158.41900,158.26900,1.00,15.00,4382.70,水平線手前,利確,支持抵抗,0,158.41900
2025-01-01,2025-01-31,20260209_065938,20260209_065938-0003,2025-01-10 22:30:03.365000,2025-01-10 22:30:14.673000,売り,158.52200,158.62200,1.00,-10.00,4372.70,水平線手前,損切,支持抵抗,0,158.52200
2025-01-01,2025-01-31,20260209_065938,20260209_065938-0004,2025-01-14 22:30:05.113000,2025-01-14 22:30:07.864000,買い,157.40000,157.55000,1.00,15.00,4387.70,水平線手前,利確,支持抵抗,0,157.40000
2025-01-01,2025-01-31,20260209_065938,20260209_065938-0005,2025-01-15 22:30:01.352000,2025-01-15 22:30:01.938000,買い,156.65400,156.55400,1.00,-10.00,4377.70,水平線手前,損切,支持抵抗,0,156.65400
2025-01-01,2025-01-31,20260209_065938,20260209_065938-0006,2025-01-15 22:30:01.938000,2025-01-15 22:30:14.490000,買い,156.42400,156.57400,1.00,15.00,4392.70,水平線手前,利確,支持抵抗,0,156.42400
2025-01-01,2025-01-31,20260209_065938,20260209_065938-0007,2025-01-16 11:02:05.206000,2025-01-16 11:02:11.852000,買い,155.51500,155.41500,1.00,-10.00,4382.70,水平線手前,損切,支持抵抗,0,155.51500
2025-01-01,2025-01-31,20260209_065938,20260209_065938-0008,2025-01-21 23:45:56.087000,2025-01-21 23:49:07.386000,買い,155.36900,155.51900,1.00,15.00,4397.70,水平線手前,利確,支持抵抗,0,155.36900
2025-01-01,2025-01-31,20260209_065938,20260209_065938-0009,2025-01-24 01:14:03.188000,2025-01-24 01:16:22.781000,買い,156.14000,156.04000,1.00,-10.00,4387.70,水平線手前,損切,支持抵抗,0,156.14000
2025-01-01,2025-01-31,20260209_065938,20260209_065938-0010,2025-01-24 12:30:03.827000,2025-01-24 12:30:27.735000,買い,155.73600,155.88600,1.00,15.00,4402.70,水平線手前,利確,支持抵抗,0,155.73600
2025-01-01,2025-01-31,20260209_065938,20260209_065938-0011,2025-01-24 12:30:03.174000,2025-01-24 12:32:06.403000,買い,155.76800,155.91800,1.00,15.00,4417.70,水平線手前,利確,支持抵抗,0,155.76800
2025-01-01,2025-01-31,20260209_065938,20260209_065938-0012,2025-01-24 15:44:22.759000,2025-01-24 15:44:24.055000,売り,155.69100,155.54100,1.00,15.00,4432.70,水平線手前,利確,支持抵抗,0,155.69100
2025-01-01,2025-01-31,20260209_065938,20260209_065938-0013,2025-01-24 23:45:00.285000,2025-01-24 23:46:00.074000,買い,156.11100,156.26100,1.00,15.00,4447.70,水平線手前,利確,支持抵抗,0,156.11100
2025-01-01,2025-01-31,20260209_065938,20260209_065938-0014,2025-01-28 15:00:33.577000,2025-01-28 15:39:03.536000,買い,155.54700,155.69700,1.00,15.00,4462.70,水平線手前,利確,支持抵抗,0,155.54700
2025-02-01,2025-02-28,20260209_070046,20260209_070046-0001,2025-02-04 00:21:57.225000,2025-02-04 00:22:25.597000,買い,154.03100,154.18100,1.00,15.00,4477.70,水平線手前,利確,支持抵抗,0,154.03100
2025-02-01,2025-02-28,20260209_070046,20260209_070046-0002,2025-02-05 00:00:02.439000,2025-02-05 00:00:25.372000,買い,154.86100,154.76100,1.00,-10.00,4467.70,水平線手前,損切,支持抵抗,0,154.86100
2025-02-01,2025-02-28,20260209_070046,20260209_070046-0003,2025-02-06 00:00:00.256000,2025-02-06 00:00:37.631000,買い,152.53400,152.43400,1.00,-10.00,4457.70,水平線手前,損切,支持抵抗,0,152.53400
2025-02-01,2025-02-28,20260209_070046,20260209_070046-0004,2025-02-07 22:30:03.428000,2025-02-07 22:30:04.520000,買い,151.46400,151.36400,1.00,-10.00,4447.70,水平線手前,損切,支持抵抗,0,151.46400
2025-02-01,2025-02-28,20260209_070046,20260209_070046-0005,2025-02-07 22:30:06.227000,2025-02-07 22:30:15.276000,買い,151.34900,151.49900,1.00,15.00,4462.70,水平線手前,利確,支持抵抗,0,151.34900
2025-02-01,2025-02-28,20260209_070046,20260209_070046-0006,2025-02-07 22:31:05.962000,2025-02-07 22:31:08.679000,売り,152.21400,152.31400,1.00,-10.00,4452.70,水平線手前,損切,支持抵抗,0,152.21400
2025-02-01,2025-02-28,20260209_070046,20260209_070046-0007,2025-02-07 22:31:16.288000,2025-02-07 22:32:09.121000,売り,152.39700,152.24700,1.00,15.00,4467.70,水平線手前,利確,支持抵抗,0,152.39700
2025-02-01,2025-02-28,20260209_070046,20260209_070046-0008,2025-02-08 00:55:03.564000,2025-02-08 00:55:27.470000,買い,151.31200,151.46200,1.00,15.00,4482.70,水平線手前,利確,支持抵抗,0,151.31200
2025-02-01,2025-02-28,20260209_070046,20260209_070046-0009,2025-02-08 02:16:53.029000,2025-02-08 02:17:11.539000,売り,151.81800,151.66800,1.00,15.00,4497.70,水平線手前,利確,支持抵抗,0,151.81800
2025-02-01,2025-02-28,20260209_070046,20260209_070046-0010,2025-02-12 21:58:34.773000,2025-02-12 21:59:31.226000,買い,153.41100,153.56100,1.00,15.00,4512.70,水平線手前,利確,支持抵抗,0,153.41100
2025-02-01,2025-02-28,20260209_070046,20260209_070046-0011,2025-02-12 21:58:34.721000,2025-02-12 22:03:00.536000,買い,153.44300,153.59300,1.00,15.00,4527.70,水平線手前,利確,支持抵抗,0,153.44300
2025-02-01,2025-02-28,20260209_070046,20260209_070046-0012,2025-02-12 22:30:00.424000,2025-02-12 22:30:01.299000,買い,153.30100,153.45100,1.00,15.00,4542.70,水平線手前,利確,支持抵抗,0,153.30100
2025-02-01,2025-02-28,20260209_070046,20260209_070046-0013,2025-02-12 22:30:01.299000,2025-02-12 22:30:02.196000,売り,153.87500,153.97500,1.00,-10.00,4532.70,水平線手前,損切,支持抵抗,0,153.87500
2025-03-01,2025-03-31,20260209_070216,20260209_070216-0001,2025-03-05 22:04:03.611000,2025-03-05 22:15:01.037000,売り,149.71100,149.56100,1.00,15.00,4547.70,水平線手前,利確,支持抵抗,0,149.71100
2025-03-01,2025-03-31,20260209_070216,20260209_070216-0002,2025-03-07 22:31:23.699000,2025-03-07 22:31:34.113000,売り,147.82300,147.92300,1.00,-10.00,4537.70,水平線手前,損切,支持抵抗,0,147.82300
2025-03-01,2025-03-31,20260209_070216,20260209_070216-0003,2025-03-10 20:04:03.707000,2025-03-10 20:06:48.310000,買い,146.89200,147.04200,1.00,15.00,4552.70,水平線手前,利確,支持抵抗,0,146.89200
2025-03-01,2025-03-31,20260209_070216,20260209_070216-0004,2025-03-11 21:57:50.281000,2025-03-11 22:05:17.235000,売り,147.90600,148.00600,1.00,-10.00,4542.70,水平線手前,損切,支持抵抗,0,147.90600
2025-03-01,2025-03-31,20260209_070216,20260209_070216-0005,2025-03-13 21:30:01.218000,2025-03-13 21:30:04.483000,買い,147.74100,147.89100,1.00,15.00,4557.70,水平線手前,利確,支持抵抗,0,147.74100
2025-03-01,2025-03-31,20260209_070216,20260209_070216-0006,2025-03-13 21:30:03.192000,2025-03-13 21:32:33.931000,買い,147.85700,148.00700,1.00,15.00,4572.70,水平線手前,利確,支持抵抗,0,147.85700
2025-03-01,2025-03-31,20260209_070216,20260209_070216-0007,2025-03-14 16:14:19.941000,2025-03-14 16:18:38.958000,売り,148.72200,148.82200,1.00,-10.00,4562.70,水平線手前,損切,支持抵抗,0,148.72200
2025-03-01,2025-03-31,20260209_070216,20260209_070216-0008,2025-03-17 21:30:01.621000,2025-03-17 21:30:03.324000,買い,148.43600,148.33600,1.00,-10.00,4552.70,水平線手前,損切,支持抵抗,0,148.43600
2025-03-01,2025-03-31,20260209_070216,20260209_070216-0009,2025-03-17 21:30:03.478000,2025-03-17 21:30:05.879000,買い,148.27400,148.42400,1.00,15.00,4567.70,水平線手前,利確,支持抵抗,0,148.27400
2025-03-01,2025-03-31,20260209_070216,20260209_070216-0010,2025-03-17 21:30:04.623000,2025-03-17 21:30:06.136000,買い,148.28900,148.43900,1.00,15.00,4582.70,水平線手前,利確,支持抵抗,0,148.28900
2025-03-01,2025-03-31,20260209_070216,20260209_070216-0011,2025-03-19 11:30:42.689000,2025-03-19 11:37:45.122000,買い,149.22600,149.37600,1.00,15.00,4597.70,水平線手前,利確,支持抵抗,0,149.22600
2025-03-01,2025-03-31,20260209_070216,20260209_070216-0012,2025-03-28 21:30:03.112000,2025-03-28 21:30:21.867000,売り,150.93200,150.78200,1.00,15.00,4612.70,水平線手前,利確,支持抵抗,0,150.93200
2025-04-01,2025-04-30,20260209_070413,20260209_070413-0001,2025-04-03 23:00:00.135000,2025-04-03 23:00:02.333000,買い,145.52600,145.42600,1.00,-10.00,4602.70,水平線手前,損切,支持抵抗,0,145.52600
2025-04-01,2025-04-30,20260209_070413,20260209_070413-0002,2025-04-03 23:00:14.659000,2025-04-03 23:00:28.970000,買い,145.21800,145.36800,1.00,15.00,4617.70,水平線手前,利確,支持抵抗,0,145.21800
2025-04-01,2025-04-30,20260209_070413,20260209_070413-0003,2025-04-04 20:13:35.169000,2025-04-04 20:13:58.383000,買い,144.58900,144.73900,1.00,15.00,4632.70,水平線手前,利確,支持抵抗,0,144.58900
2025-04-01,2025-04-30,20260209_070413,20260209_070413-0004,2025-04-05 00:01:42.188000,2025-04-05 00:01:53.179000,売り,145.86000,145.96000,1.00,-10.00,4622.70,水平線手前,損切,支持抵抗,0,145.86000
2025-04-01,2025-04-30,20260209_070413,20260209_070413-0005,2025-04-07 23:10:42.176000,2025-04-07 23:10:46.971000,売り,147.40200,147.50200,1.00,-10.00,4612.70,水平線手前,損切,支持抵抗,0,147.40200
2025-04-01,2025-04-30,20260209_070413,20260209_070413-0006,2025-04-07 23:10:42.902000,2025-04-07 23:10:46.971000,売り,147.40200,147.50200,1.00,-10.00,4602.70,水平線手前,損切,支持抵抗,0,147.40200
2025-04-01,2025-04-30,20260209_070413,20260209_070413-0007,2025-04-07 23:14:00.228000,2025-04-07 23:14:17.511000,売り,147.96200,147.81200,1.00,15.00,4617.70,水平線手前,利確,支持抵抗,0,147.96200
2025-04-01,2025-04-30,20260209_070413,20260209_070413-0008,2025-04-07 23:35:30.808000,2025-04-07 23:37:23.627000,売り,147.06800,147.16800,1.00,-10.00,4607.70,水平線手前,損切,支持抵抗,0,147.06800
2025-04-01,2025-04-30,20260209_070413,20260209_070413-0009,2025-04-08 02:00:16.122000,2025-04-08 02:06:32.638000,売り,148.07800,147.92800,1.00,15.00,4622.70,水平線手前,利確,支持抵抗,0,148.07800
2025-04-01,2025-04-30,20260209_070413,20260209_070413-0010,2025-04-09 17:00:11.088000,2025-04-09 17:01:50.757000,売り,145.61000,145.71000,1.00,-10.00,4612.70,水平線手前,損切,支持抵抗,0,145.61000
2025-04-01,2025-04-30,20260209_070413,20260209_070413-0011,2025-04-10 02:18:44.800000,2025-04-10 02:18:59.816000,買い,144.58800,144.73800,1.00,15.00,4627.70,水平線手前,利確,支持抵抗,0,144.58800
2025-04-01,2025-04-30,20260209_070413,20260209_070413-0012,2025-04-10 02:21:02.844000,2025-04-10 02:21:25.290000,売り,145.74900,145.59900,1.00,15.00,4642.70,水平線手前,利確,支持抵抗,0,145.74900
2025-04-01,2025-04-30,20260209_070413,20260209_070413-0013,2025-04-10 02:22:10.492000,2025-04-10 02:22:23.036000,売り,145.91200,146.01200,1.00,-10.00,4632.70,水平線手前,損切,支持抵抗,0,145.91200
2025-04-01,2025-04-30,20260209_070413,20260209_070413-0014,2025-04-10 03:07:57.775000,2025-04-10 03:08:09.526000,売り,148.10900,148.20900,1.00,-10.00,4622.70,水平線手前,損切,支持抵抗,0,148.10900
2025-04-01,2025-04-30,20260209_070413,20260209_070413-0015,2025-04-10 03:07:57.827000,2025-04-10 03:08:09.526000,売り,148.12500,148.22500,1.00,-10.00,4612.70,水平線手前,損切,支持抵抗,0,148.12500
2025-04-01,2025-04-30,20260209_070413,20260209_070413-0016,2025-04-10 03:08:09.577000,2025-04-10 03:08:21.831000,売り,148.25300,148.10300,1.00,15.00,4627.70,水平線手前,利確,支持抵抗,0,148.25300
2025-04-01,2025-04-30,20260209_070413,20260209_070413-0017,2025-04-10 03:11:43.979000,2025-04-10 03:13:30.917000,売り,148.12000,147.97000,1.00,15.00,4642.70,水平線手前,利確,支持抵抗,0,148.12000
2025-04-01,2025-04-30,20260209_070413,20260209_070413-0018,2025-04-10 03:14:53.631000,2025-04-10 03:15:42.670000,売り,147.93300,147.78300,1.00,15.00,4657.70,水平線手前,利確,支持抵抗,0,147.93300
2025-04-01,2025-04-30,20260209_070413,20260209_070413-0019,2025-04-10 21:30:31.596000,2025-04-10 21:30:53.806000,買い,144.91600,145.06600,1.00,15.00,4672.70,水平線手前,利確,支持抵抗,0,144.91600
2025-04-01,2025-04-30,20260209_070413,20260209_070413-0020,2025-04-10 21:54:43.701000,2025-04-10 22:00:38.077000,買い,145.37600,145.52600,1.00,15.00,4687.70,水平線手前,利確,支持抵抗,0,145.37600
2025-04-01,2025-04-30,20260209_070413,20260209_070413-0021,2025-04-11 18:51:01.144000,2025-04-11 18:51:06.401000,買い,142.07000,142.22000,1.00,15.00,4702.70,水平線手前,利確,支持抵抗,0,142.07000
2025-04-01,2025-04-30,20260209_070413,20260209_070413-0022,2025-04-11 22:39:17.713000,2025-04-11 22:39:33.203000,売り,143.18900,143.28900,1.00,-10.00,4692.70,水平線手前,損切,支持抵抗,0,143.18900
2025-04-01,2025-04-30,20260209_070413,20260209_070413-0023,2025-04-11 22:39:44.041000,2025-04-11 22:40:00.451000,売り,143.53900,143.38900,1.00,15.00,4707.70,水平線手前,利確,支持抵抗,0,143.53900
2025-04-01,2025-04-30,20260209_070413,20260209_070413-0024,2025-04-15 02:00:05.321000,2025-04-15 02:00:23.215000,売り,143.31800,143.16800,1.00,15.00,4722.70,水平線手前,利確,支持抵抗,0,143.31800
2025-04-01,2025-04-30,20260209_070413,20260209_070413-0025,2025-04-17 21:30:36.554000,2025-04-17 21:59:28.688000,買い,142.42000,142.32000,1.00,-10.00,4712.70,水平線手前,損切,支持抵抗,0,142.42000
2025-04-01,2025-04-30,20260209_070413,20260209_070413-0026,2025-04-23 22:37:44.911000,2025-04-23 22:37:48.860000,売り,142.19000,142.29000,1.00,-10.00,4702.70,水平線手前,損切,支持抵抗,0,142.19000
2025-04-01,2025-04-30,20260209_070413,20260209_070413-0027,2025-04-24 01:10:25.034000,2025-04-24 01:10:47.426000,売り,142.76600,142.86600,1.00,-10.00,4692.70,水平線手前,損切,支持抵抗,0,142.76600
2025-04-01,2025-04-30,20260209_070413,20260209_070413-0028,2025-04-25 19:17:25.827000,2025-04-25 19:32:13.665000,売り,143.66800,143.51800,1.00,15.00,4707.70,水平線手前,利確,支持抵抗,0,143.66800
2025-05-01,2025-05-31,20260209_070522,20260209_070522-0001,2025-05-01 03:07:03.716000,2025-05-01 03:07:38.762000,売り,142.97700,142.82700,1.00,15.00,4722.70,水平線手前,利確,支持抵抗,0,142.97700
2025-05-01,2025-05-31,20260209_070522,20260209_070522-0002,2025-05-01 12:03:00.870000,2025-05-01 12:03:31.188000,売り,143.21200,143.31200,1.00,-10.00,4712.70,水平線手前,損切,支持抵抗,0,143.21200
2025-05-01,2025-05-31,20260209_070522,20260209_070522-0003,2025-05-01 23:00:11.301000,2025-05-01 23:00:25.203000,売り,144.77400,144.87400,1.00,-10.00,4702.70,水平線手前,損切,支持抵抗,0,144.77400
2025-05-01,2025-05-31,20260209_070522,20260209_070522-0004,2025-05-03 01:02:34.293000,2025-05-03 01:09:33.788000,売り,144.76200,144.61200,1.00,15.00,4717.70,水平線手前,利確,支持抵抗,0,144.76200
2025-05-01,2025-05-31,20260209_070522,20260209_070522-0005,2025-05-09 20:26:54.526000,2025-05-09 20:27:09.970000,買い,145.11300,145.01300,1.00,-10.00,4707.70,水平線手前,損切,支持抵抗,0,145.11300
2025-05-01,2025-05-31,20260209_070522,20260209_070522-0006,2025-05-09 20:27:15.901000,2025-05-09 20:29:23.930000,買い,144.96900,145.11900,1.00,15.00,4722.70,水平線手前,利確,支持抵抗,0,144.96900
2025-05-01,2025-05-31,20260209_070522,20260209_070522-0007,2025-05-12 16:00:06.006000,2025-05-12 16:00:35.900000,売り,146.25400,146.35400,1.00,-10.00,4712.70,水平線手前,損切,支持抵抗,0,146.25400
2025-05-01,2025-05-31,20260209_070522,20260209_070522-0008,2025-05-13 21:30:06.468000,2025-05-13 21:31:39.872000,買い,147.87700,148.02700,1.00,15.00,4727.70,水平線手前,利確,支持抵抗,0,147.87700
2025-05-01,2025-05-31,20260209_070522,20260209_070522-0009,2025-05-14 18:44:07.358000,2025-05-14 18:55:25.852000,買い,145.63600,145.78600,1.00,15.00,4742.70,水平線手前,利確,支持抵抗,0,145.63600
2025-05-01,2025-05-31,20260209_070522,20260209_070522-0010,2025-05-15 21:30:13.247000,2025-05-15 21:31:05.164000,買い,145.66100,145.81100,1.00,15.00,4757.70,水平線手前,利確,支持抵抗,0,145.66100
2025-05-01,2025-05-31,20260209_070522,20260209_070522-0011,2025-05-20 11:57:42.680000,2025-05-20 11:59:03.322000,売り,145.26800,145.11800,1.00,15.00,4772.70,水平線手前,利確,支持抵抗,0,145.26800
2025-05-01,2025-05-31,20260209_070522,20260209_070522-0012,2025-05-22 22:45:05.531000,2025-05-22 22:45:33.001000,売り,143.76600,143.86600,1.00,-10.00,4762.70,水平線手前,損切,支持抵抗,0,143.76600
2025-05-01,2025-05-31,20260209_070522,20260209_070522-0013,2025-05-23 20:19:59.571000,2025-05-23 20:20:53.221000,買い,143.17700,143.07700,1.00,-10.00,4752.70,水平線手前,損切,支持抵抗,0,143.17700
2025-05-01,2025-05-31,20260209_070522,20260209_070522-0014,2025-05-23 20:44:05.469000,2025-05-23 20:44:10.163000,買い,142.84000,142.74000,1.00,-10.00,4742.70,水平線手前,損切,支持抵抗,0,142.84000
2025-05-01,2025-05-31,20260209_070522,20260209_070522-0015,2025-05-27 23:00:02.354000,2025-05-27 23:00:55.485000,売り,144.30000,144.40000,1.00,-10.00,4732.70,水平線手前,損切,支持抵抗,0,144.30000
2025-05-01,2025-05-31,20260209_070522,20260209_070522-0016,2025-05-27 23:00:04.725000,2025-05-27 23:38:53.302000,売り,144.36900,144.46900,1.00,-10.00,4722.70,水平線手前,損切,支持抵抗,0,144.36900
2025-05-01,2025-05-31,20260209_070522,20260209_070522-0017,2025-05-28 14:20:06.532000,2025-05-28 14:21:14.545000,売り,144.75600,144.60600,1.00,15.00,4737.70,水平線手前,利確,支持抵抗,0,144.75600
2025-05-01,2025-05-31,20260209_070522,20260209_070522-0018,2025-05-28 14:20:09.090000,2025-05-28 14:21:18.232000,売り,144.73700,144.58700,1.00,15.00,4752.70,水平線手前,利確,支持抵抗,0,144.73700
2025-05-01,2025-05-31,20260209_070522,20260209_070522-0019,2025-05-29 21:05:13.086000,2025-05-29 21:10:29.925000,買い,144.78700,144.93700,1.00,15.00,4767.70,水平線手前,利確,支持抵抗,0,144.78700
2025-06-01,2025-06-30,20260209_070619,20260209_070619-0001,2025-06-04 23:00:00.158000,2025-06-04 23:00:00.571000,買い,143.43900,143.33900,1.00,-10.00,4757.70,水平線手前,損切,支持抵抗,0,143.43900
2025-06-01,2025-06-30,20260209_070619,20260209_070619-0002,2025-06-05 21:50:03.030000,2025-06-05 21:50:08.588000,売り,143.37900,143.47900,1.00,-10.00,4747.70,水平線手前,損切,支持抵抗,0,143.37900
2025-06-01,2025-06-30,20260209_070619,20260209_070619-0003,2025-06-05 21:50:20.337000,2025-06-05 21:50:25.545000,売り,143.66200,143.51200,1.00,15.00,4762.70,水平線手前,利確,支持抵抗,0,143.66200
2025-06-01,2025-06-30,20260209_070619,20260209_070619-0004,2025-06-06 21:30:02.208000,2025-06-06 21:30:03.188000,売り,144.43400,144.53400,1.00,-10.00,4752.70,水平線手前,損切,支持抵抗,0,144.43400
2025-06-01,2025-06-30,20260209_070619,20260209_070619-0005,2025-06-11 21:04:47.598000,2025-06-11 21:04:57.235000,売り,145.30700,145.40700,1.00,-10.00,4742.70,水平線手前,損切,支持抵抗,0,145.30700
2025-06-01,2025-06-30,20260209_070619,20260209_070619-0006,2025-06-11 21:30:06.951000,2025-06-11 21:30:11.901000,買い,144.69100,144.84100,1.00,15.00,4757.70,水平線手前,利確,支持抵抗,0,144.69100
2025-06-01,2025-06-30,20260209_070619,20260209_070619-0007,2025-06-12 21:30:21.953000,2025-06-12 21:30:36.898000,買い,143.44100,143.34100,1.00,-10.00,4747.70,水平線手前,損切,支持抵抗,0,143.44100
2025-06-01,2025-06-30,20260209_070619,20260209_070619-0008,2025-06-17 21:30:01.370000,2025-06-17 21:30:11.643000,買い,144.41500,144.56500,1.00,15.00,4762.70,水平線手前,利確,支持抵抗,0,144.41500
2025-06-01,2025-06-30,20260209_070619,20260209_070619-0009,2025-06-17 21:30:01.162000,2025-06-17 21:30:12.350000,買い,144.44000,144.59000,1.00,15.00,4777.70,水平線手前,利確,支持抵抗,0,144.44000
2025-06-01,2025-06-30,20260209_070619,20260209_070619-0010,2025-06-17 21:30:03.349000,2025-06-17 21:30:12.455000,買い,144.44500,144.59500,1.00,15.00,4792.70,水平線手前,利確,支持抵抗,0,144.44500
2025-06-01,2025-06-30,20260209_070619,20260209_070619-0011,2025-06-19 03:00:15.175000,2025-06-19 03:00:21.998000,買い,144.56200,144.46200,1.00,-10.00,4782.70,水平線手前,損切,支持抵抗,0,144.56200
2025-07-01,2025-07-31,20260209_070704,20260209_070704-0001,2025-07-03 21:30:01.420000,2025-07-03 21:30:01.728000,売り,144.32500,144.42500,1.00,-10.00,4772.70,水平線手前,損切,支持抵抗,0,144.32500
2025-07-01,2025-07-31,20260209_070704,20260209_070704-0002,2025-07-03 21:30:02.089000,2025-07-03 21:30:02.605000,売り,144.46900,144.56900,1.00,-10.00,4762.70,水平線手前,損切,支持抵抗,0,144.46900
2025-07-01,2025-07-31,20260209_070704,20260209_070704-0003,2025-07-10 21:30:21.043000,2025-07-10 21:46:41.809000,売り,146.43500,146.53500,1.00,-10.00,4752.70,水平線手前,損切,支持抵抗,0,146.43500
2025-07-01,2025-07-31,20260209_070704,20260209_070704-0004,2025-07-16 21:30:01.295000,2025-07-16 21:30:08.538000,買い,148.64900,148.54900,1.00,-10.00,4742.70,水平線手前,損切,支持抵抗,0,148.64900
2025-07-01,2025-07-31,20260209_070704,20260209_070704-0005,2025-07-16 21:30:14.937000,2025-07-16 21:30:58.966000,買い,148.50500,148.65500,1.00,15.00,4757.70,水平線手前,利確,支持抵抗,0,148.50500
2025-07-01,2025-07-31,20260209_070704,20260209_070704-0006,2025-07-17 00:16:32.851000,2025-07-17 00:16:34.064000,買い,147.68300,147.58300,1.00,-10.00,4747.70,水平線手前,損切,支持抵抗,0,147.68300
2025-07-01,2025-07-31,20260209_070704,20260209_070704-0007,2025-07-17 00:16:34.064000,2025-07-17 00:16:38.072000,買い,147.57300,147.47300,1.00,-10.00,4737.70,水平線手前,損切,支持抵抗,0,147.57300
2025-07-01,2025-07-31,20260209_070704,20260209_070704-0008,2025-07-17 00:17:51.891000,2025-07-17 00:17:53.535000,買い,147.18000,147.08000,1.00,-10.00,4727.70,水平線手前,損切,支持抵抗,0,147.18000
2025-07-01,2025-07-31,20260209_070704,20260209_070704-0009,2025-07-17 00:30:38.593000,2025-07-17 00:32:04.577000,買い,146.94500,147.09500,1.00,15.00,4742.70,水平線手前,利確,支持抵抗,0,146.94500
2025-07-01,2025-07-31,20260209_070704,20260209_070704-0010,2025-07-17 21:30:01.908000,2025-07-17 21:30:16.121000,売り,148.89800,148.99800,1.00,-10.00,4732.70,水平線手前,損切,支持抵抗,0,148.89800
2025-07-01,2025-07-31,20260209_070704,20260209_070704-0011,2025-07-22 21:51:39.685000,2025-07-22 22:46:01.868000,買い,146.77400,146.67400,1.00,-10.00,4722.70,水平線手前,損切,支持抵抗,0,146.77400
2025-07-01,2025-07-31,20260209_070704,20260209_070704-0012,2025-07-23 11:20:58.183000,2025-07-23 11:21:13.488000,売り,146.91600,147.01600,1.00,-10.00,4712.70,水平線手前,損切,支持抵抗,0,146.91600
2025-08-01,2025-08-31,20260209_070755,20260209_070755-0001,2025-08-01 21:30:01.313000,2025-08-01 21:30:01.364000,買い,150.31200,150.21200,1.00,-10.00,4702.70,水平線手前,損切,支持抵抗,0,150.31200
2025-08-01,2025-08-31,20260209_070755,20260209_070755-0002,2025-08-01 23:00:00.125000,2025-08-01 23:00:01.001000,買い,147.97900,147.87900,1.00,-10.00,4692.70,水平線手前,損切,支持抵抗,0,147.97900
2025-08-01,2025-08-31,20260209_070755,20260209_070755-0003,2025-08-05 23:00:02.105000,2025-08-05 23:00:20.602000,買い,147.53800,147.43800,1.00,-10.00,4682.70,水平線手前,損切,支持抵抗,0,147.53800
2025-08-01,2025-08-31,20260209_070755,20260209_070755-0004,2025-08-07 23:08:33.456000,2025-08-07 23:13:22.660000,売り,147.46300,147.31300,1.00,15.00,4697.70,水平線手前,利確,支持抵抗,0,147.46300
2025-08-01,2025-08-31,20260209_070755,20260209_070755-0005,2025-08-12 21:30:09.652000,2025-08-12 21:30:20.831000,買い,147.89900,148.04900,1.00,15.00,4712.70,水平線手前,利確,支持抵抗,0,147.89900
2025-08-01,2025-08-31,20260209_070755,20260209_070755-0006,2025-08-12 21:30:12.300000,2025-08-12 21:30:20.831000,買い,147.89400,148.04400,1.00,15.00,4727.70,水平線手前,利確,支持抵抗,0,147.89400
2025-08-01,2025-08-31,20260209_070755,20260209_070755-0007,2025-08-14 21:30:02.152000,2025-08-14 21:30:06.111000,売り,146.74200,146.84200,1.00,-10.00,4717.70,水平線手前,損切,支持抵抗,0,146.74200
2025-08-01,2025-08-31,20260209_070755,20260209_070755-0008,2025-08-22 23:00:01.812000,2025-08-22 23:00:02.174000,買い,148.44500,148.34500,1.00,-10.00,4707.70,水平線手前,損切,支持抵抗,0,148.44500
2025-08-01,2025-08-31,20260209_070755,20260209_070755-0009,2025-08-22 23:00:02.960000,2025-08-22 23:00:03.685000,買い,148.30700,148.20700,1.00,-10.00,4697.70,水平線手前,損切,支持抵抗,0,148.30700
2025-09-01,2025-09-30,20260209_070843,20260209_070843-0001,2025-09-03 23:00:01.760000,2025-09-03 23:00:04.149000,買い,148.46600,148.36600,1.00,-10.00,4687.70,水平線手前,損切,支持抵抗,0,148.46600
2025-09-01,2025-09-30,20260209_070843,20260209_070843-0002,2025-09-04 21:15:01.816000,2025-09-04 21:15:04.153000,買い,148.05000,148.20000,1.00,15.00,4702.70,水平線手前,利確,支持抵抗,0,148.05000
2025-09-01,2025-09-30,20260209_070843,20260209_070843-0003,2025-09-04 23:00:00.294000,2025-09-04 23:14:05.429000,売り,148.54500,148.39500,1.00,15.00,4717.70,水平線手前,利確,支持抵抗,0,148.54500
2025-09-01,2025-09-30,20260209_070843,20260209_070843-0004,2025-09-05 21:30:01.201000,2025-09-05 21:30:01.612000,買い,147.67900,147.57900,1.00,-10.00,4707.70,水平線手前,損切,支持抵抗,0,147.67900
2025-09-01,2025-09-30,20260209_070843,20260209_070843-0005,2025-09-05 21:30:43.337000,2025-09-05 21:31:32.521000,買い,147.21800,147.36800,1.00,15.00,4722.70,水平線手前,利確,支持抵抗,0,147.21800
2025-09-01,2025-09-30,20260209_070843,20260209_070843-0006,2025-09-10 21:30:01.427000,2025-09-10 21:30:01.943000,買い,147.29600,147.19600,1.00,-10.00,4712.70,水平線手前,損切,支持抵抗,0,147.29600
2025-09-01,2025-09-30,20260209_070843,20260209_070843-0007,2025-09-10 21:30:03.851000,2025-09-10 21:31:41.947000,買い,147.11800,147.26800,1.00,15.00,4727.70,水平線手前,利確,支持抵抗,0,147.11800
2025-09-01,2025-09-30,20260209_070843,20260209_070843-0008,2025-09-11 21:30:03.447000,2025-09-11 21:30:04.183000,売り,147.96000,148.06000,1.00,-10.00,4717.70,水平線手前,損切,支持抵抗,0,147.96000
2025-09-01,2025-09-30,20260209_070843,20260209_070843-0009,2025-09-11 21:30:04.708000,2025-09-11 21:30:07.964000,売り,148.15100,148.00100,1.00,15.00,4732.70,水平線手前,利確,支持抵抗,0,148.15100
2025-09-01,2025-09-30,20260209_070843,20260209_070843-0010,2025-09-18 03:00:00.927000,2025-09-18 03:00:01.685000,買い,146.16600,146.06600,1.00,-10.00,4722.70,水平線手前,損切,支持抵抗,0,146.16600
2025-09-01,2025-09-30,20260209_070843,20260209_070843-0011,2025-09-18 03:50:01.735000,2025-09-18 03:51:06.863000,売り,146.65200,146.75200,1.00,-10.00,4712.70,水平線手前,損切,支持抵抗,0,146.65200
2025-09-01,2025-09-30,20260209_070843,20260209_070843-0012,2025-09-18 21:30:08.346000,2025-09-18 21:32:14.161000,売り,147.50900,147.60900,1.00,-10.00,4702.70,水平線手前,損切,支持抵抗,0,147.50900
2025-10-01,2025-10-31,20260209_070934,20260209_070934-0001,2025-10-01 21:15:47.320000,2025-10-01 21:15:49.144000,買い,146.90200,146.80200,1.00,-10.00,4692.70,水平線手前,損切,支持抵抗,0,146.90200
2025-10-01,2025-10-31,20260209_070934,20260209_070934-0002,2025-10-03 23:00:00.307000,2025-10-03 23:00:10.582000,買い,147.09000,147.24000,1.00,15.00,4707.70,水平線手前,利確,支持抵抗,0,147.09000
2025-10-01,2025-10-31,20260209_070934,20260209_070934-0003,2025-10-03 23:00:00.461000,2025-10-03 23:00:22.660000,買い,147.10600,147.25600,1.00,15.00,4722.70,水平線手前,利確,支持抵抗,0,147.10600
2025-10-01,2025-10-31,20260209_070934,20260209_070934-0004,2025-10-09 22:07:02.848000,2025-10-09 22:07:03.748000,買い,152.44200,152.34200,1.00,-10.00,4712.70,水平線手前,損切,支持抵抗,0,152.44200
2025-10-01,2025-10-31,20260209_070934,20260209_070934-0005,2025-10-09 22:07:03.007000,2025-10-09 22:07:03.748000,買い,152.41300,152.31300,1.00,-10.00,4702.70,水平線手前,損切,支持抵抗,0,152.41300
2025-10-01,2025-10-31,20260209_070934,20260209_070934-0006,2025-10-09 22:11:28.107000,2025-10-09 22:11:29.474000,買い,152.13800,152.28800,1.00,15.00,4717.70,水平線手前,利確,支持抵抗,0,152.13800
2025-10-01,2025-10-31,20260209_070934,20260209_070934-0007,2025-10-10 15:35:31.431000,2025-10-10 15:35:33.953000,買い,152.66300,152.56300,1.00,-10.00,4707.70,水平線手前,損切,支持抵抗,0,152.66300
2025-10-01,2025-10-31,20260209_070934,20260209_070934-0008,2025-10-10 15:37:21.922000,2025-10-10 15:38:45.781000,買い,152.41200,152.56200,1.00,15.00,4722.70,水平線手前,利確,支持抵抗,0,152.41200
2025-10-01,2025-10-31,20260209_070934,20260209_070934-0009,2025-10-15 04:37:13.606000,2025-10-15 05:28:14.479000,買い,151.63900,151.78900,1.00,15.00,4737.70,水平線手前,利確,支持抵抗,0,151.63900
2025-10-01,2025-10-31,20260209_070934,20260209_070934-0010,2025-10-17 04:35:08.168000,2025-10-17 04:47:58.446000,買い,150.25200,150.40200,1.00,15.00,4752.70,水平線手前,利確,支持抵抗,0,150.25200
2025-10-01,2025-10-31,20260209_070934,20260209_070934-0011,2025-10-21 14:05:02.636000,2025-10-21 14:05:07.064000,買い,150.88200,151.03200,1.00,15.00,4767.70,水平線手前,利確,支持抵抗,0,150.88200
2025-10-01,2025-10-31,20260209_070934,20260209_070934-0012,2025-10-23 01:30:42.501000,2025-10-23 01:37:11.701000,買い,151.54200,151.69200,1.00,15.00,4782.70,水平線手前,利確,支持抵抗,0,151.54200
2025-10-01,2025-10-31,20260209_070934,20260209_070934-0013,2025-10-24 21:30:01.350000,2025-10-24 21:30:01.402000,買い,152.49400,152.39400,1.00,-10.00,4772.70,水平線手前,損切,支持抵抗,0,152.49400
2025-10-01,2025-10-31,20260209_070934,20260209_070934-0014,2025-10-24 21:30:01.663000,2025-10-24 21:30:05.412000,買い,152.28100,152.43100,1.00,15.00,4787.70,水平線手前,利確,支持抵抗,0,152.28100
2025-10-01,2025-10-31,20260209_070934,20260209_070934-0015,2025-10-30 03:35:28.940000,2025-10-30 03:35:29.747000,売り,152.51300,152.61300,1.00,-10.00,4777.70,水平線手前,損切,支持抵抗,0,152.51300
2025-10-01,2025-10-31,20260209_070934,20260209_070934-0016,2025-10-30 03:35:33.423000,2025-10-30 03:36:10.069000,売り,152.71700,152.81700,1.00,-10.00,4767.70,水平線手前,損切,支持抵抗,0,152.71700
2025-11-01,2025-11-30,20260209_071015,20260209_071015-0001,2025-11-04 00:00:00.263000,2025-11-04 00:04:31.436000,買い,153.92600,154.07600,1.00,15.00,4782.70,水平線手前,利確,支持抵抗,0,153.92600
2025-11-01,2025-11-30,20260209_071015,20260209_071015-0002,2025-11-04 00:00:02.820000,2025-11-04 00:24:23.478000,買い,153.95100,154.10100,1.00,15.00,4797.70,水平線手前,利確,支持抵抗,0,153.95100
2025-11-01,2025-11-30,20260209_071015,20260209_071015-0003,2025-11-06 00:00:00.316000,2025-11-06 00:00:55.633000,売り,154.18300,154.28300,1.00,-10.00,4787.70,水平線手前,損切,支持抵抗,0,154.18300
2025-11-01,2025-11-30,20260209_071015,20260209_071015-0004,2025-11-20 22:30:01.470000,2025-11-20 22:30:03.391000,売り,157.76900,157.86900,1.00,-10.00,4777.70,水平線手前,損切,支持抵抗,0,157.76900
2025-11-01,2025-11-30,20260209_071015,20260209_071015-0005,2025-11-20 22:30:03.391000,2025-11-20 22:30:05.578000,売り,157.86200,157.71200,1.00,15.00,4792.70,水平線手前,利確,支持抵抗,0,157.86200
2025-11-01,2025-11-30,20260209_071015,20260209_071015-0006,2025-11-22 00:01:28.028000,2025-11-22 00:01:35.898000,買い,156.58900,156.48900,1.00,-10.00,4782.70,水平線手前,損切,支持抵抗,0,156.58900
2025-11-01,2025-11-30,20260209_071015,20260209_071015-0007,2025-11-22 00:01:58.648000,2025-11-22 00:02:23.841000,買い,156.23500,156.38500,1.00,15.00,4797.70,水平線手前,利確,支持抵抗,0,156.23500
2025-11-01,2025-11-30,20260209_071015,20260209_071015-0008,2025-11-25 22:30:01.366000,2025-11-25 22:31:53.087000,買い,156.05500,156.20500,1.00,15.00,4812.70,水平線手前,利確,支持抵抗,0,156.05500
2025-11-01,2025-11-30,20260209_071015,20260209_071015-0009,2025-11-28 11:32:37.077000,2025-11-28 11:37:33.356000,買い,156.12000,156.27000,1.00,15.00,4827.70,水平線手前,利確,支持抵抗,0,156.12000
2025-11-01,2025-11-30,20260209_071015,20260209_071015-0010,2025-11-28 11:32:36.970000,2025-11-28 11:41:01.479000,買い,156.13000,156.28000,1.00,15.00,4842.70,水平線手前,利確,支持抵抗,0,156.13000
2025-12-01,2025-12-31,20260209_071100,20260209_071100-0001,2025-12-03 22:15:00.292000,2025-12-03 22:27:17.396000,買い,155.24200,155.39200,1.00,15.00,4857.70,水平線手前,利確,支持抵抗,0,155.24200
2025-12-01,2025-12-31,20260209_071100,20260209_071100-0002,2025-12-05 13:27:25.233000,2025-12-05 13:35:37.839000,買い,154.83200,154.98200,1.00,15.00,4872.70,水平線手前,利確,支持抵抗,0,154.83200
2025-12-01,2025-12-31,20260209_071100,20260209_071100-0003,2025-12-10 00:00:01.218000,2025-12-10 00:00:04.625000,売り,156.56800,156.66800,1.00,-10.00,4862.70,水平線手前,損切,支持抵抗,0,156.56800
2025-12-01,2025-12-31,20260209_071100,20260209_071100-0004,2025-12-11 04:35:31.746000,2025-12-11 04:35:56.201000,買い,156.12800,156.27800,1.00,15.00,4877.70,水平線手前,利確,支持抵抗,0,156.12800
2025-12-01,2025-12-31,20260209_071100,20260209_071100-0005,2025-12-16 22:30:01.232000,2025-12-16 22:31:36.753000,買い,154.53800,154.43800,1.00,-10.00,4867.70,水平線手前,損切,支持抵抗,0,154.53800
2025-12-01,2025-12-31,20260209_071100,20260209_071100-0006,2025-12-17 04:25:43.194000,2025-12-17 04:30:43.565000,売り,154.88900,154.73900,1.00,15.00,4882.70,水平線手前,利確,支持抵抗,0,154.88900
2025-12-01,2025-12-31,20260209_071100,20260209_071100-0007,2025-12-18 22:30:03.672000,2025-12-18 22:30:17.850000,買い,155.37700,155.52700,1.00,15.00,4897.70,水平線手前,利確,支持抵抗,0,155.37700
2025-12-01,2025-12-31,20260209_071100,20260209_071100-0008,2025-12-18 22:30:05.060000,2025-12-18 22:30:17.850000,買い,155.37900,155.52900,1.00,15.00,4912.70,水平線手前,利確,支持抵抗,0,155.37900
2025-12-01,2025-12-31,20260209_071100,20260209_071100-0009,2025-12-19 12:22:07.168000,2025-12-19 12:32:52.911000,売り,156.14000,155.99000,1.00,15.00,4927.70,水平線手前,利確,支持抵抗,0,156.14000
2025-12-01,2025-12-31,20260209_071100,20260209_071100-0010,2025-12-19 12:22:06.415000,2025-12-19 12:32:53.217000,売り,156.13700,155.98700,1.00,15.00,4942.70,水平線手前,利確,支持抵抗,0,156.13700
2025-12-01,2025-12-31,20260209_071100,20260209_071100-0011,2025-12-19 12:22:00.987000,2025-12-19 12:53:14.504000,売り,156.10100,155.95100,1.00,15.00,4957.70,水平線手前,利確,支持抵抗,0,156.10100
2025-12-01,2025-12-31,20260209_071100,20260209_071100-0012,2025-12-22 22:10:03.699000,2025-12-22 22:10:13.236000,買い,157.14700,157.04700,1.00,-10.00,4947.70,水平線手前,損切,支持抵抗,0,157.14700
2025-12-01,2025-12-31,20260209_071100,20260209_071100-0013,2025-12-22 22:10:21.482000,2025-12-22 22:10:27.667000,買い,156.90300,157.05300,1.00,15.00,4962.70,水平線手前,利確,支持抵抗,0,156.90300
