開始日,終了日,実行ID,取引ID,段階,種別,in時刻,in価格,ロット
2025-01-01,2025-01-31,20260209_095903,20260209_095903-0001,1,初回,2025-01-03 15:39:21.390000,157.21100,1.00
2025-01-01,2025-01-31,20260209_095903,20260209_095903-0002,1,初回,2025-01-03 16:00:28.344000,157.16700,1.00
2025-01-01,2025-01-31,20260209_095903,20260209_095903-0003,1,初回,2025-01-03 21:33:45.425000,157.07600,1.00
2025-01-01,2025-01-31,20260209_095903,20260209_095903-0004,1,初回,2025-01-04 00:14:01.968000,157.39300,1.00
2025-01-01,2025-01-31,20260209_095903,20260209_095903-0005,1,初回,2025-01-04 02:04:41.353000,157.06100,1.00
2025-01-01,2025-01-31,20260209_095903,20260209_095903-0006,1,初回,2025-01-06 14:18:03.657000,157.79600,1.00
2025-01-01,2025-01-31,20260209_095903,20260209_095903-0007,1,初回,2025-01-06 19:26:15.952000,157.81900,1.00
2025-01-01,2025-01-31,20260209_095903,20260209_095903-0008,1,初回,2025-01-06 20:10:22.869000,157.88500,1.00
2025-01-01,2025-01-31,20260209_095903,20260209_095903-0009,1,初回,2025-01-06 20:15:49.745000,157.52400,1.00
2025-01-01,2025-01-31,20260209_095903,20260209_095903-0010,1,初回,2025-01-06 21:00:11.958000,157.19800,1.00
2025-01-01,2025-01-31,20260209_095903,20260209_095903-0011,1,初回,2025-01-06 21:03:55.632000,156.90600,1.00
2025-01-01,2025-01-31,20260209_095903,20260209_095903-0012,1,初回,2025-01-06 22:01:37.380000,156.65300,1.00
2025-01-01,2025-01-31,20260209_095903,20260209_095903-0013,1,初回,2025-01-06 22:16:11.486000,156.47100,1.00
2025-01-01,2025-01-31,20260209_095903,20260209_095903-0014,1,初回,2025-01-07 00:02:08.385000,157.39500,1.00
2025-01-01,2025-01-31,20260209_095903,20260209_095903-0015,1,初回,2025-01-07 03:04:27.147000,157.62600,1.00
2025-01-01,2025-01-31,20260209_095903,20260209_095903-0016,1,初回,2025-01-07 03:05:36.413000,157.62400,1.00
2025-01-01,2025-01-31,20260209_095903,20260209_095903-0017,1,初回,2025-01-07 16:59:10.853000,157.46800,1.00
2025-01-01,2025-01-31,20260209_095903,20260209_095903-0018,1,初回,2025-01-07 18:00:04.157000,157.43600,1.00
2025-01-01,2025-01-31,20260209_095903,20260209_095903-0019,1,初回,2025-01-07 18:00:07.906000,157.37200,1.00
2025-01-01,2025-01-31,20260209_095903,20260209_095903-0020,1,初回,2025-01-08 00:00:19.283000,158.12300,1.00
2025-01-01,2025-01-31,20260209_095903,20260209_095903-0021,1,初回,2025-01-08 00:08:12.379000,158.38300,1.00
2025-01-01,2025-01-31,20260209_095903,20260209_095903-0022,1,初回,2025-01-08 03:02:32.014000,157.65800,1.00
2025-01-01,2025-01-31,20260209_095903,20260209_095903-0023,1,初回,2025-01-08 13:18:36.981000,158.20900,1.00
2025-01-01,2025-01-31,20260209_095903,20260209_095903-0024,1,初回,2025-01-08 14:00:24.888000,158.23000,1.00
2025-01-01,2025-01-31,20260209_095903,20260209_095903-0025,1,初回,2025-01-08 17:32:07.504000,158.23700,1.00
2025-01-01,2025-01-31,20260209_095903,20260209_095903-0026,1,初回,2025-01-08 19:30:13.412000,158.25100,1.00
2025-01-01,2025-01-31,20260209_095903,20260209_095903-0027,1,初回,2025-01-08 20:02:17.503000,158.31800,1.00
2025-01-01,2025-01-31,20260209_095903,20260209_095903-0028,1,初回,2025-01-08 20:25:01.133000,158.39300,1.00
2025-01-01,2025-01-31,20260209_095903,20260209_095903-0029,1,初回,2025-01-08 20:25:01.241000,158.39300,1.00
2025-01-01,2025-01-31,20260209_095903,20260209_095903-0030,1,初回,2025-01-08 21:32:09.272000,158.52000,1.00
2025-01-01,2025-01-31,20260209_095903,20260209_095903-0031,1,初回,2025-01-09 11:00:00.377000,158.10700,1.00
2025-01-01,2025-01-31,20260209_095903,20260209_095903-0032,1,初回,2025-01-09 12:07:49.577000,158.02100,1.00
2025-01-01,2025-01-31,20260209_095903,20260209_095903-0033,1,初回,2025-01-09 12:11:40.693000,157.96500,1.00
2025-01-01,2025-01-31,20260209_095903,20260209_095903-0034,1,初回,2025-01-09 13:01:18.768000,157.95200,1.00
2025-01-01,2025-01-31,20260209_095903,20260209_095903-0035,1,初回,2025-01-09 20:10:54.906000,157.99400,1.00
2025-01-01,2025-01-31,20260209_095903,20260209_095903-0036,1,初回,2025-01-09 21:07:14.226000,157.86100,1.00
2025-01-01,2025-01-31,20260209_095903,20260209_095903-0037,1,初回,2025-01-09 21:14:01.822000,157.79400,1.00
2025-01-01,2025-01-31,20260209_095903,20260209_095903-0038,1,初回,2025-01-09 22:02:18.341000,157.68800,1.00
2025-01-01,2025-01-31,20260209_095903,20260209_095903-0039,1,初回,2025-01-09 22:36:11.264000,157.62200,1.00
2025-01-01,2025-01-31,20260209_095903,20260209_095903-0040,1,初回,2025-01-10 11:34:20.717000,158.25900,1.00
2025-01-01,2025-01-31,20260209_095903,20260209_095903-0042,1,初回,2025-01-10 13:50:22.956000,158.40400,1.00
2025-01-01,2025-01-31,20260209_095903,20260209_095903-0041,1,初回,2025-01-10 14:12:32.132000,158.37600,1.00
2025-01-01,2025-01-31,20260209_095903,20260209_095903-0043,1,初回,2025-01-10 17:36:21.519000,157.96900,1.00
2025-01-01,2025-01-31,20260209_095903,20260209_095903-0044,1,初回,2025-01-10 18:00:06.009000,157.78700,1.00
2025-01-01,2025-01-31,20260209_095903,20260209_095903-0045,1,初回,2025-01-10 22:30:01.667000,158.41900,1.00
2025-01-01,2025-01-31,20260209_095903,20260209_095903-0046,1,初回,2025-01-11 00:09:49.617000,157.79800,1.00
2025-01-01,2025-01-31,20260209_095903,20260209_095903-0047,1,初回,2025-01-11 00:13:19.274000,157.66100,1.00
2025-01-01,2025-01-31,20260209_095903,20260209_095903-0048,1,初回,2025-01-11 00:14:08.174000,157.61400,1.00
2025-01-01,2025-01-31,20260209_095903,20260209_095903-0049,1,初回,2025-01-11 00:17:19.551000,157.56700,1.00
2025-01-01,2025-01-31,20260209_095903,20260209_095903-0050,1,初回,2025-01-11 00:19:10.994000,157.40000,1.00
2025-01-01,2025-01-31,20260209_095903,20260209_095903-0051,1,初回,2025-01-11 03:10:07.780000,157.84400,1.00
2025-01-01,2025-01-31,20260209_095903,20260209_095903-0052,1,初回,2025-01-11 04:01:05.102000,157.93100,1.00
2025-01-01,2025-01-31,20260209_095903,20260209_095903-0053,1,初回,2025-01-13 14:38:48.891000,157.30400,1.00
2025-01-01,2025-01-31,20260209_095903,20260209_095903-0054,1,初回,2025-01-13 15:05:03.666000,157.25600,1.00
2025-01-01,2025-01-31,20260209_095903,20260209_095903-0055,1,初回,2025-01-13 18:27:06.383000,157.28200,1.00
2025-01-01,2025-01-31,20260209_095903,20260209_095903-0056,1,初回,2025-01-13 18:27:09.113000,157.26200,1.00
2025-01-01,2025-01-31,20260209_095903,20260209_095903-0057,1,初回,2025-01-13 19:01:14.192000,157.07000,1.00
2025-01-01,2025-01-31,20260209_095903,20260209_095903-0058,1,初回,2025-01-13 21:55:13.675000,157.04600,1.00
2025-01-01,2025-01-31,20260209_095903,20260209_095903-0059,1,初回,2025-01-13 22:21:31.403000,156.96200,1.00
2025-01-01,2025-01-31,20260209_095903,20260209_095903-0060,1,初回,2025-01-14 00:11:23.388000,157.43500,1.00
2025-01-01,2025-01-31,20260209_095903,20260209_095903-0061,1,初回,2025-01-14 01:02:26.904000,157.55100,1.00
2025-01-01,2025-01-31,20260209_095903,20260209_095903-0062,1,初回,2025-01-14 04:52:30.111000,157.76100,1.00
2025-01-01,2025-01-31,20260209_095903,20260209_095903-0063,1,初回,2025-01-14 18:40:58.895000,158.00400,1.00
2025-01-01,2025-01-31,20260209_095903,20260209_095903-0064,1,初回,2025-01-14 21:03:23.398000,157.99800,1.00
2025-01-01,2025-01-31,20260209_095903,20260209_095903-0065,1,初回,2025-01-15 00:34:14.404000,158.10000,1.00
2025-01-01,2025-01-31,20260209_095903,20260209_095903-0066,1,初回,2025-01-15 02:25:48.961000,158.12300,1.00
2025-01-01,2025-01-31,20260209_095903,20260209_095903-0067,1,初回,2025-01-15 13:22:18.052000,157.78000,1.00
2025-01-01,2025-01-31,20260209_095903,20260209_095903-0068,1,初回,2025-01-15 14:16:11.332000,157.42300,1.00
2025-01-01,2025-01-31,20260209_095903,20260209_095903-0069,1,初回,2025-01-15 16:06:03.751000,157.23300,1.00
2025-01-01,2025-01-31,20260209_095903,20260209_095903-0070,1,初回,2025-01-15 16:38:18.272000,157.07100,1.00
2025-01-01,2025-01-31,20260209_095903,20260209_095903-0071,1,初回,2025-01-15 16:38:23.645000,157.07000,1.00
2025-01-01,2025-01-31,20260209_095903,20260209_095903-0072,1,初回,2025-01-15 16:53:59.435000,156.94800,1.00
2025-01-01,2025-01-31,20260209_095903,20260209_095903-0073,1,初回,2025-01-15 16:54:03.513000,156.95000,1.00
2025-01-01,2025-01-31,20260209_095903,20260209_095903-0074,1,初回,2025-01-15 17:00:01.089000,156.88000,1.00
2025-01-01,2025-01-31,20260209_095903,20260209_095903-0075,1,初回,2025-01-15 18:31:37.755000,156.74000,1.00
2025-01-01,2025-01-31,20260209_095903,20260209_095903-0076,1,初回,2025-01-15 20:03:36.492000,156.74700,1.00
2025-01-01,2025-01-31,20260209_095903,20260209_095903-0077,1,初回,2025-01-15 22:30:01.938000,156.42400,1.00
2025-01-01,2025-01-31,20260209_095903,20260209_095903-0078,1,初回,2025-01-15 22:37:38.082000,156.28000,1.00
2025-01-01,2025-01-31,20260209_095903,20260209_095903-0079,1,初回,2025-01-15 23:13:03.413000,156.28800,1.00
2025-01-01,2025-01-31,20260209_095903,20260209_095903-0080,1,初回,2025-01-16 11:02:05.206000,155.51500,1.00
2025-01-01,2025-01-31,20260209_095903,20260209_095903-0081,1,初回,2025-01-16 22:25:07.630000,156.28100,1.00
2025-01-01,2025-01-31,20260209_095903,20260209_095903-0082,1,初回,2025-01-17 01:13:19.975000,155.24600,1.00
2025-01-01,2025-01-31,20260209_095903,20260209_095903-0083,1,初回,2025-01-17 04:38:12.452000,155.18300,1.00
2025-01-01,2025-01-31,20260209_095903,20260209_095903-0084,1,初回,2025-01-17 11:50:59.609000,155.45000,1.00
2025-01-01,2025-01-31,20260209_095903,20260209_095903-0085,1,初回,2025-01-17 14:30:31.611000,155.52500,1.00
2025-01-01,2025-01-31,20260209_095903,20260209_095903-0086,1,初回,2025-01-17 15:21:40.151000,155.65700,1.00
2025-01-01,2025-01-31,20260209_095903,20260209_095903-0087,1,初回,2025-01-17 16:27:14.837000,155.71000,1.00
2025-01-01,2025-01-31,20260209_095903,20260209_095903-0088,1,初回,2025-01-17 18:21:03.596000,155.74300,1.00
2025-01-01,2025-01-31,20260209_095903,20260209_095903-0089,1,初回,2025-01-17 23:17:39.284000,155.81900,1.00
2025-01-01,2025-01-31,20260209_095903,20260209_095903-0090,1,初回,2025-01-18 01:00:59.428000,156.16600,1.00
2025-01-01,2025-01-31,20260209_095903,20260209_095903-0091,1,初回,2025-01-18 01:24:31.990000,156.33200,1.00
2025-01-01,2025-01-31,20260209_095903,20260209_095903-0092,1,初回,2025-01-20 22:51:26.836000,155.74700,1.00
2025-01-01,2025-01-31,20260209_095903,20260209_095903-0093,1,初回,2025-01-21 12:14:15.150000,154.93500,1.00
2025-01-01,2025-01-31,20260209_095903,20260209_095903-0094,1,初回,2025-01-21 12:14:18.988000,154.93900,1.00
2025-01-01,2025-01-31,20260209_095903,20260209_095903-0095,1,初回,2025-01-22 00:35:57.595000,155.37000,1.00
2025-01-01,2025-01-31,20260209_095903,20260209_095903-0096,1,初回,2025-01-22 12:12:50.916000,155.79600,1.00
2025-01-01,2025-01-31,20260209_095903,20260209_095903-0097,1,初回,2025-01-22 14:26:15.757000,155.92800,1.00
2025-01-01,2025-01-31,20260209_095903,20260209_095903-0098,1,初回,2025-01-22 16:29:30.521000,155.94200,1.00
2025-01-01,2025-01-31,20260209_095903,20260209_095903-0099,1,初回,2025-01-22 16:50:13.478000,156.02000,1.00
2025-01-01,2025-01-31,20260209_095903,20260209_095903-0100,1,初回,2025-01-22 17:00:02.684000,156.04200,1.00
2025-01-01,2025-01-31,20260209_095903,20260209_095903-0101,1,初回,2025-01-22 23:34:33.350000,156.08400,1.00
2025-01-01,2025-01-31,20260209_095903,20260209_095903-0102,1,初回,2025-01-22 23:35:09.118000,156.08300,1.00
2025-01-01,2025-01-31,20260209_095903,20260209_095903-0103,1,初回,2025-01-22 23:44:58.494000,156.16100,1.00
2025-01-01,2025-01-31,20260209_095903,20260209_095903-0104,1,初回,2025-01-23 00:00:08.181000,156.16000,1.00
2025-01-01,2025-01-31,20260209_095903,20260209_095903-0105,1,初回,2025-01-23 00:27:33.253000,156.20200,1.00
2025-01-01,2025-01-31,20260209_095903,20260209_095903-0106,1,初回,2025-01-23 01:00:00.883000,156.40300,1.00
2025-01-01,2025-01-31,20260209_095903,20260209_095903-0107,1,初回,2025-01-23 01:01:55.607000,156.43300,1.00
2025-01-01,2025-01-31,20260209_095903,20260209_095903-0108,1,初回,2025-01-23 01:29:31.410000,156.55100,1.00
2025-01-01,2025-01-31,20260209_095903,20260209_095903-0109,1,初回,2025-01-23 02:00:28.649000,156.61500,1.00
2025-01-01,2025-01-31,20260209_095903,20260209_095903-0110,1,初回,2025-01-23 02:23:54.505000,156.70300,1.00
2025-01-01,2025-01-31,20260209_095903,20260209_095903-0111,1,初回,2025-01-23 14:02:53.220000,156.68300,1.00
2025-01-01,2025-01-31,20260209_095903,20260209_095903-0112,1,初回,2025-01-23 22:30:18.893000,156.23900,1.00
2025-01-01,2025-01-31,20260209_095903,20260209_095903-0113,1,初回,2025-01-24 01:01:00.227000,156.14100,1.00
2025-01-01,2025-01-31,20260209_095903,20260209_095903-0114,1,初回,2025-01-24 02:51:35.638000,155.89400,1.00
2025-01-01,2025-01-31,20260209_095903,20260209_095903-0115,1,初回,2025-01-24 04:52:53.833000,155.75200,1.00
2025-01-01,2025-01-31,20260209_095903,20260209_095903-0116,1,初回,2025-01-24 12:30:03.174000,155.76800,1.00
2025-01-01,2025-01-31,20260209_095903,20260209_095903-0117,1,初回,2025-01-24 13:00:07.218000,155.46100,1.00
2025-01-01,2025-01-31,20260209_095903,20260209_095903-0118,1,初回,2025-01-24 13:08:08.607000,155.28400,1.00
2025-01-01,2025-01-31,20260209_095903,20260209_095903-0119,1,初回,2025-01-24 13:08:09.087000,155.28400,1.00
2025-01-01,2025-01-31,20260209_095903,20260209_095903-0120,1,初回,2025-01-24 15:36:52.136000,155.04100,1.00
2025-01-01,2025-01-31,20260209_095903,20260209_095903-0121,1,初回,2025-01-24 18:45:02.061000,155.61300,1.00
2025-01-01,2025-01-31,20260209_095903,20260209_095903-0122,1,初回,2025-01-24 19:05:19.163000,155.69500,1.00
2025-01-01,2025-01-31,20260209_095903,20260209_095903-0123,1,初回,2025-01-24 20:01:42.652000,155.93100,1.00
2025-01-01,2025-01-31,20260209_095903,20260209_095903-0124,1,初回,2025-01-24 21:26:27.026000,156.08200,1.00
2025-01-01,2025-01-31,20260209_095903,20260209_095903-0125,1,初回,2025-01-24 22:03:52.528000,156.43800,1.00
2025-01-01,2025-01-31,20260209_095903,20260209_095903-0126,1,初回,2025-01-24 22:10:50.824000,156.56900,1.00
2025-01-01,2025-01-31,20260209_095903,20260209_095903-0127,1,初回,2025-01-25 00:05:56.425000,156.13300,1.00
2025-01-01,2025-01-31,20260209_095903,20260209_095903-0128,1,初回,2025-01-25 01:30:30.642000,155.66700,1.00
2025-01-01,2025-01-31,20260209_095903,20260209_095903-0129,1,初回,2025-01-25 02:01:47.872000,155.61700,1.00
2025-01-01,2025-01-31,20260209_095903,20260209_095903-0130,1,初回,2025-01-27 12:46:23.072000,155.81200,1.00
2025-01-01,2025-01-31,20260209_095903,20260209_095903-0131,1,初回,2025-01-27 13:02:44.779000,155.84600,1.00
2025-01-01,2025-01-31,20260209_095903,20260209_095903-0132,1,初回,2025-01-27 14:00:11.875000,156.02900,1.00
2025-01-01,2025-01-31,20260209_095903,20260209_095903-0133,1,初回,2025-01-27 15:00:00.171000,156.06200,1.00
2025-01-01,2025-01-31,20260209_095903,20260209_095903-0134,1,初回,2025-01-27 17:05:23.406000,155.71700,1.00
2025-01-01,2025-01-31,20260209_095903,20260209_095903-0136,1,初回,2025-01-27 17:31:31.689000,155.32400,1.00
2025-01-01,2025-01-31,20260209_095903,20260209_095903-0135,1,初回,2025-01-27 17:31:33.119000,155.32700,1.00
2025-01-01,2025-01-31,20260209_095903,20260209_095903-0137,1,初回,2025-01-27 18:02:20.483000,155.08600,1.00
2025-01-01,2025-01-31,20260209_095903,20260209_095903-0138,1,初回,2025-01-27 18:08:54.376000,154.97300,1.00
2025-01-01,2025-01-31,20260209_095903,20260209_095903-0139,1,初回,2025-01-27 18:10:12.897000,154.87700,1.00
2025-01-01,2025-01-31,20260209_095903,20260209_095903-0140,1,初回,2025-01-27 18:11:32.604000,154.81100,1.00
2025-01-01,2025-01-31,20260209_095903,20260209_095903-0141,1,初回,2025-01-27 18:37:39.065000,154.87700,1.00
2025-01-01,2025-01-31,20260209_095903,20260209_095903-0142,1,初回,2025-01-27 19:00:22.017000,154.50200,1.00
2025-01-01,2025-01-31,20260209_095903,20260209_095903-0143,1,初回,2025-01-27 20:14:23.849000,153.77600,1.00
2025-01-01,2025-01-31,20260209_095903,20260209_095903-0144,1,初回,2025-01-28 16:40:01.616000,155.91800,1.00
2025-01-01,2025-01-31,20260209_095903,20260209_095903-0145,1,初回,2025-01-28 16:52:55.218000,155.96800,1.00
2025-01-01,2025-01-31,20260209_095903,20260209_095903-0146,1,初回,2025-01-28 18:29:22.269000,155.58800,1.00
2025-01-01,2025-01-31,20260209_095903,20260209_095903-0147,1,初回,2025-01-28 18:29:42.706000,155.55700,1.00
2025-01-01,2025-01-31,20260209_095903,20260209_095903-0148,1,初回,2025-01-28 19:39:56.616000,155.28600,1.00
2025-01-01,2025-01-31,20260209_095903,20260209_095903-0149,1,初回,2025-01-28 22:30:04.475000,155.23600,1.00
2025-01-01,2025-01-31,20260209_095903,20260209_095903-0150,1,初回,2025-01-29 12:28:14.493000,155.46800,1.00
2025-01-01,2025-01-31,20260209_095903,20260209_095903-0151,1,初回,2025-01-29 13:05:39.605000,155.36100,1.00
2025-01-01,2025-01-31,20260209_095903,20260209_095903-0152,1,初回,2025-01-29 14:03:48.037000,155.26500,1.00
2025-01-01,2025-01-31,20260209_095903,20260209_095903-0153,1,初回,2025-01-29 14:38:52.621000,155.08700,1.00
2025-01-01,2025-01-31,20260209_095903,20260209_095903-0154,1,初回,2025-01-29 17:16:58.533000,155.03700,1.00
2025-01-01,2025-01-31,20260209_095903,20260209_095903-0155,1,初回,2025-01-29 23:55:37.240000,155.29000,1.00
2025-01-01,2025-01-31,20260209_095903,20260209_095903-0156,1,初回,2025-01-30 00:00:24.790000,155.21000,1.00
2025-01-01,2025-01-31,20260209_095903,20260209_095903-0157,1,初回,2025-01-30 11:05:29.902000,154.49700,1.00
2025-01-01,2025-01-31,20260209_095903,20260209_095903-0158,1,初回,2025-01-30 12:03:59.757000,154.32000,1.00
2025-01-01,2025-01-31,20260209_095903,20260209_095903-0159,1,初回,2025-01-30 21:30:03.874000,154.35500,1.00
2025-01-01,2025-01-31,20260209_095903,20260209_095903-0160,1,初回,2025-01-30 21:45:03.402000,154.21000,1.00
2025-01-01,2025-01-31,20260209_095903,20260209_095903-0161,1,初回,2025-01-30 22:00:36.967000,154.13300,1.00
2025-01-01,2025-01-31,20260209_095903,20260209_095903-0162,1,初回,2025-01-30 23:00:36.424000,153.86000,1.00
2025-01-01,2025-01-31,20260209_095903,20260209_095903-0163,1,初回,2025-01-31 11:24:59.923000,153.94500,1.00
2025-01-01,2025-01-31,20260209_095903,20260209_095903-0164,1,初回,2025-01-31 14:01:48.335000,154.46900,1.00
2025-01-01,2025-01-31,20260209_095903,20260209_095903-0165,1,初回,2025-01-31 14:18:36.245000,154.57200,1.00
2025-01-01,2025-01-31,20260209_095903,20260209_095903-0166,1,初回,2025-01-31 15:11:08.971000,154.84500,1.00
2025-01-01,2025-01-31,20260209_095903,20260209_095903-0167,1,初回,2025-01-31 22:10:17.444000,154.90500,1.00
2025-02-01,2025-02-28,20260209_100012,20260209_100012-0001,1,初回,2025-02-03 15:05:19.207000,155.49900,1.00
2025-02-01,2025-02-28,20260209_100012,20260209_100012-0002,1,初回,2025-02-03 18:06:51.950000,155.31600,1.00
2025-02-01,2025-02-28,20260209_100012,20260209_100012-0003,1,初回,2025-02-03 19:01:00.354000,155.03400,1.00
2025-02-01,2025-02-28,20260209_100012,20260209_100012-0004,1,初回,2025-02-03 20:07:04.118000,154.87000,1.00
2025-02-01,2025-02-28,20260209_100012,20260209_100012-0005,1,初回,2025-02-03 21:16:44.944000,154.56500,1.00
2025-02-01,2025-02-28,20260209_100012,20260209_100012-0006,1,初回,2025-02-04 00:08:47.756000,154.32400,1.00
2025-02-01,2025-02-28,20260209_100012,20260209_100012-0007,1,初回,2025-02-04 03:36:36.885000,154.83600,1.00
2025-02-01,2025-02-28,20260209_100012,20260209_100012-0008,1,初回,2025-02-04 04:32:05.784000,154.97700,1.00
2025-02-01,2025-02-28,20260209_100012,20260209_100012-0009,1,初回,2025-02-04 15:24:46.477000,155.37500,1.00
2025-02-01,2025-02-28,20260209_100012,20260209_100012-0010,1,初回,2025-02-04 15:25:05.137000,155.37100,1.00
2025-02-01,2025-02-28,20260209_100012,20260209_100012-0011,1,初回,2025-02-04 17:00:28.027000,155.36000,1.00
2025-02-01,2025-02-28,20260209_100012,20260209_100012-0012,1,初回,2025-02-04 18:12:02.678000,155.16800,1.00
2025-02-01,2025-02-28,20260209_100012,20260209_100012-0013,1,初回,2025-02-04 23:29:33.821000,155.10400,1.00
2025-02-01,2025-02-28,20260209_100012,20260209_100012-0014,1,初回,2025-02-04 23:29:54.234000,155.10500,1.00
2025-02-01,2025-02-28,20260209_100012,20260209_100012-0015,1,初回,2025-02-05 00:00:01.176000,154.96200,1.00
2025-02-01,2025-02-28,20260209_100012,20260209_100012-0016,1,初回,2025-02-05 00:00:02.439000,154.86100,1.00
2025-02-01,2025-02-28,20260209_100012,20260209_100012-0018,1,初回,2025-02-05 00:57:20.143000,154.55300,1.00
2025-02-01,2025-02-28,20260209_100012,20260209_100012-0017,1,初回,2025-02-05 01:02:40.773000,154.57400,1.00
2025-02-01,2025-02-28,20260209_100012,20260209_100012-0019,1,初回,2025-02-05 02:16:23.153000,154.50300,1.00
2025-02-01,2025-02-28,20260209_100012,20260209_100012-0020,1,初回,2025-02-05 03:00:42.032000,154.28900,1.00
2025-02-01,2025-02-28,20260209_100012,20260209_100012-0021,1,初回,2025-02-05 11:04:13.004000,153.50700,1.00
2025-02-01,2025-02-28,20260209_100012,20260209_100012-0022,1,初回,2025-02-05 12:30:12.100000,153.20900,1.00
2025-02-01,2025-02-28,20260209_100012,20260209_100012-0023,1,初回,2025-02-05 13:01:43.630000,153.12700,1.00
2025-02-01,2025-02-28,20260209_100012,20260209_100012-0024,1,初回,2025-02-05 17:41:57.487000,153.11200,1.00
2025-02-01,2025-02-28,20260209_100012,20260209_100012-0025,1,初回,2025-02-05 18:14:48.645000,152.95300,1.00
2025-02-01,2025-02-28,20260209_100012,20260209_100012-0026,1,初回,2025-02-05 19:12:00.309000,152.68200,1.00
2025-02-01,2025-02-28,20260209_100012,20260209_100012-0027,1,初回,2025-02-06 00:00:00.256000,152.53400,1.00
2025-02-01,2025-02-28,20260209_100012,20260209_100012-0028,1,初回,2025-02-06 01:00:05.490000,152.14900,1.00
2025-02-01,2025-02-28,20260209_100012,20260209_100012-0029,1,初回,2025-02-06 18:13:54.501000,152.72300,1.00
2025-02-01,2025-02-28,20260209_100012,20260209_100012-0030,1,初回,2025-02-06 22:30:00.915000,152.30400,1.00
2025-02-01,2025-02-28,20260209_100012,20260209_100012-0031,1,初回,2025-02-06 23:01:03.258000,152.09200,1.00
2025-02-01,2025-02-28,20260209_100012,20260209_100012-0032,1,初回,2025-02-07 00:39:52.556000,151.89200,1.00
2025-02-01,2025-02-28,20260209_100012,20260209_100012-0033,1,初回,2025-02-07 00:39:56.805000,151.84700,1.00
2025-02-01,2025-02-28,20260209_100012,20260209_100012-0034,1,初回,2025-02-07 01:00:00.162000,151.69800,1.00
2025-02-01,2025-02-28,20260209_100012,20260209_100012-0035,1,初回,2025-02-07 04:00:05.399000,151.34900,1.00
2025-02-01,2025-02-28,20260209_100012,20260209_100012-0036,1,初回,2025-02-07 12:42:00.334000,151.70700,1.00
2025-02-01,2025-02-28,20260209_100012,20260209_100012-0037,1,初回,2025-02-07 14:03:17.620000,151.70200,1.00
2025-02-01,2025-02-28,20260209_100012,20260209_100012-0038,1,初回,2025-02-07 15:45:16.578000,151.76000,1.00
2025-02-01,2025-02-28,20260209_100012,20260209_100012-0039,1,初回,2025-02-07 16:06:00.477000,151.80600,1.00
2025-02-01,2025-02-28,20260209_100012,20260209_100012-0040,1,初回,2025-02-07 17:00:22.117000,151.85600,1.00
2025-02-01,2025-02-28,20260209_100012,20260209_100012-0041,1,初回,2025-02-07 19:01:47.350000,151.85900,1.00
2025-02-01,2025-02-28,20260209_100012,20260209_100012-0042,1,初回,2025-02-07 20:00:30.072000,152.13100,1.00
2025-02-01,2025-02-28,20260209_100012,20260209_100012-0043,1,初回,2025-02-07 21:00:02.936000,152.15200,1.00
2025-02-01,2025-02-28,20260209_100012,20260209_100012-0044,1,初回,2025-02-07 21:09:11.467000,152.18500,1.00
2025-02-01,2025-02-28,20260209_100012,20260209_100012-0045,1,初回,2025-02-07 22:30:03.428000,151.46400,1.00
2025-02-01,2025-02-28,20260209_100012,20260209_100012-0046,1,初回,2025-02-07 22:31:01.713000,152.21500,1.00
2025-02-01,2025-02-28,20260209_100012,20260209_100012-0047,1,初回,2025-02-08 00:03:39.649000,151.34500,1.00
2025-02-01,2025-02-28,20260209_100012,20260209_100012-0048,1,初回,2025-02-08 01:17:55.605000,151.30700,1.00
2025-02-01,2025-02-28,20260209_100012,20260209_100012-0049,1,初回,2025-02-08 01:44:52.642000,150.99700,1.00
2025-02-01,2025-02-28,20260209_100012,20260209_100012-0050,1,初回,2025-02-08 02:16:45.485000,151.73000,1.00
2025-02-01,2025-02-28,20260209_100012,20260209_100012-0051,1,初回,2025-02-10 11:29:23.625000,152.10600,1.00
2025-02-01,2025-02-28,20260209_100012,20260209_100012-0052,1,初回,2025-02-10 16:58:36.947000,152.18200,1.00
2025-02-01,2025-02-28,20260209_100012,20260209_100012-0053,1,初回,2025-02-10 17:22:15.635000,152.39100,1.00
2025-02-01,2025-02-28,20260209_100012,20260209_100012-0054,1,初回,2025-02-10 17:22:20.460000,152.39300,1.00
2025-02-01,2025-02-28,20260209_100012,20260209_100012-0055,1,初回,2025-02-10 17:33:18.737000,152.49600,1.00
2025-02-01,2025-02-28,20260209_100012,20260209_100012-0056,1,初回,2025-02-11 16:52:12.002000,152.03800,1.00
2025-02-01,2025-02-28,20260209_100012,20260209_100012-0057,1,初回,2025-02-11 19:29:00.202000,152.06900,1.00
2025-02-01,2025-02-28,20260209_100012,20260209_100012-0058,1,初回,2025-02-11 21:00:00.374000,152.34600,1.00
2025-02-01,2025-02-28,20260209_100012,20260209_100012-0059,1,初回,2025-02-11 22:00:03.457000,152.38100,1.00
2025-02-01,2025-02-28,20260209_100012,20260209_100012-0060,1,初回,2025-02-11 22:46:26.513000,152.50800,1.00
2025-02-01,2025-02-28,20260209_100012,20260209_100012-0061,1,初回,2025-02-12 00:21:01.524000,152.47900,1.00
2025-02-01,2025-02-28,20260209_100012,20260209_100012-0062,1,初回,2025-02-12 11:10:13.403000,153.45500,1.00
2025-02-01,2025-02-28,20260209_100012,20260209_100012-0063,1,初回,2025-02-12 12:00:31.105000,153.50000,1.00
2025-02-01,2025-02-28,20260209_100012,20260209_100012-0064,1,初回,2025-02-12 13:00:23.038000,153.65000,1.00
2025-02-01,2025-02-28,20260209_100012,20260209_100012-0065,1,初回,2025-02-12 14:01:17.172000,153.70300,1.00
2025-02-01,2025-02-28,20260209_100012,20260209_100012-0066,1,初回,2025-02-12 15:40:56.414000,153.70300,1.00
2025-02-01,2025-02-28,20260209_100012,20260209_100012-0067,1,初回,2025-02-12 17:01:04.311000,153.82400,1.00
2025-02-01,2025-02-28,20260209_100012,20260209_100012-0068,1,初回,2025-02-12 18:15:18.267000,153.45200,1.00
2025-02-01,2025-02-28,20260209_100012,20260209_100012-0069,1,初回,2025-02-12 21:58:34.721000,153.44300,1.00
2025-02-01,2025-02-28,20260209_100012,20260209_100012-0070,1,初回,2025-02-12 22:30:00.270000,153.41600,1.00
2025-02-01,2025-02-28,20260209_100012,20260209_100012-0071,1,初回,2025-02-12 22:30:01.299000,153.87500,1.00
2025-02-01,2025-02-28,20260209_100012,20260209_100012-0072,1,初回,2025-02-12 22:32:32.650000,154.43000,1.00
2025-02-01,2025-02-28,20260209_100012,20260209_100012-0073,1,初回,2025-02-12 23:00:00.195000,154.42900,1.00
2025-02-01,2025-02-28,20260209_100012,20260209_100012-0074,1,初回,2025-02-13 00:00:08.567000,154.44600,1.00
2025-02-01,2025-02-28,20260209_100012,20260209_100012-0075,1,初回,2025-02-13 01:16:01.200000,154.58600,1.00
2025-02-01,2025-02-28,20260209_100012,20260209_100012-0076,1,初回,2025-02-13 02:52:51.036000,154.35300,1.00
2025-02-01,2025-02-28,20260209_100012,20260209_100012-0077,1,初回,2025-02-13 04:03:26.900000,154.32300,1.00
2025-02-01,2025-02-28,20260209_100012,20260209_100012-0078,1,初回,2025-02-13 14:37:38.392000,154.16000,1.00
2025-02-01,2025-02-28,20260209_100012,20260209_100012-0079,1,初回,2025-02-13 16:00:44.427000,153.99900,1.00
2025-02-01,2025-02-28,20260209_100012,20260209_100012-0080,1,初回,2025-02-13 18:00:30.933000,153.99300,1.00
2025-02-01,2025-02-28,20260209_100012,20260209_100012-0081,1,初回,2025-02-13 19:18:15.865000,153.93400,1.00
2025-02-01,2025-02-28,20260209_100012,20260209_100012-0082,1,初回,2025-02-13 20:01:22.625000,153.80800,1.00
2025-02-01,2025-02-28,20260209_100012,20260209_100012-0083,1,初回,2025-02-13 21:52:31.306000,153.77100,1.00
2025-02-01,2025-02-28,20260209_100012,20260209_100012-0084,1,初回,2025-02-13 23:07:46.640000,153.46100,1.00
2025-02-01,2025-02-28,20260209_100012,20260209_100012-0085,1,初回,2025-02-14 00:23:35.523000,153.38900,1.00
2025-02-01,2025-02-28,20260209_100012,20260209_100012-0086,1,初回,2025-02-14 00:24:27.346000,153.30500,1.00
2025-02-01,2025-02-28,20260209_100012,20260209_100012-0087,1,初回,2025-02-14 01:01:54.628000,153.11400,1.00
2025-02-01,2025-02-28,20260209_100012,20260209_100012-0088,1,初回,2025-02-14 04:17:32.690000,152.96200,1.00
2025-02-01,2025-02-28,20260209_100012,20260209_100012-0089,1,初回,2025-02-14 15:45:01.362000,152.48000,1.00
2025-02-01,2025-02-28,20260209_100012,20260209_100012-0090,1,初回,2025-02-14 16:00:01.747000,152.48000,1.00
2025-02-01,2025-02-28,20260209_100012,20260209_100012-0091,1,初回,2025-02-14 22:30:16.893000,152.41400,1.00
2025-02-01,2025-02-28,20260209_100012,20260209_100012-0092,1,初回,2025-02-14 23:01:01.681000,152.13500,1.00
2025-02-01,2025-02-28,20260209_100012,20260209_100012-0093,1,初回,2025-02-15 00:50:45.497000,152.10600,1.00
2025-02-01,2025-02-28,20260209_100012,20260209_100012-0094,1,初回,2025-02-17 11:26:38.255000,151.77300,1.00
2025-02-01,2025-02-28,20260209_100012,20260209_100012-0095,1,初回,2025-02-17 11:37:09.388000,151.68700,1.00
2025-02-01,2025-02-28,20260209_100012,20260209_100012-0096,1,初回,2025-02-17 11:44:14.993000,151.60700,1.00
2025-02-01,2025-02-28,20260209_100012,20260209_100012-0097,1,初回,2025-02-17 12:07:25.388000,151.54200,1.00
2025-02-01,2025-02-28,20260209_100012,20260209_100012-0098,1,初回,2025-02-17 15:05:18.657000,151.51200,1.00
2025-02-01,2025-02-28,20260209_100012,20260209_100012-0099,1,初回,2025-02-17 23:06:00.781000,151.43600,1.00
2025-02-01,2025-02-28,20260209_100012,20260209_100012-0100,1,初回,2025-02-18 01:00:04.380000,151.37600,1.00
2025-02-01,2025-02-28,20260209_100012,20260209_100012-0101,1,初回,2025-02-18 11:06:27.439000,151.76600,1.00
2025-02-01,2025-02-28,20260209_100012,20260209_100012-0102,1,初回,2025-02-18 12:00:51.129000,151.82100,1.00
2025-02-01,2025-02-28,20260209_100012,20260209_100012-0103,1,初回,2025-02-18 12:09:31.044000,151.92600,1.00
2025-02-01,2025-02-28,20260209_100012,20260209_100012-0104,1,初回,2025-02-18 13:19:36.117000,152.06100,1.00
2025-02-01,2025-02-28,20260209_100012,20260209_100012-0105,1,初回,2025-02-18 14:00:27.481000,152.16300,1.00
2025-02-01,2025-02-28,20260209_100012,20260209_100012-0106,1,初回,2025-02-19 11:00:01.988000,152.13000,1.00
2025-02-01,2025-02-28,20260209_100012,20260209_100012-0107,1,初回,2025-02-19 11:08:13.634000,152.19200,1.00
2025-02-01,2025-02-28,20260209_100012,20260209_100012-0108,1,初回,2025-02-19 11:17:04.803000,152.19000,1.00
2025-02-01,2025-02-28,20260209_100012,20260209_100012-0109,1,初回,2025-02-19 13:48:00.533000,151.78100,1.00
2025-02-01,2025-02-28,20260209_100012,20260209_100012-0110,1,初回,2025-02-19 14:08:24.069000,151.78100,1.00
2025-02-01,2025-02-28,20260209_100012,20260209_100012-0111,1,初回,2025-02-19 15:00:18.890000,151.74600,1.00
2025-02-01,2025-02-28,20260209_100012,20260209_100012-0112,1,初回,2025-02-19 16:00:14.653000,151.62700,1.00
2025-02-01,2025-02-28,20260209_100012,20260209_100012-0113,1,初回,2025-02-19 17:01:03.528000,151.62700,1.00
2025-02-01,2025-02-28,20260209_100012,20260209_100012-0114,1,初回,2025-02-19 18:34:41.188000,151.56500,1.00
2025-02-01,2025-02-28,20260209_100012,20260209_100012-0115,1,初回,2025-02-19 20:01:46.488000,151.80300,1.00
2025-02-01,2025-02-28,20260209_100012,20260209_100012-0116,1,初回,2025-02-19 21:58:12.383000,151.92400,1.00
2025-02-01,2025-02-28,20260209_100012,20260209_100012-0117,1,初回,2025-02-19 23:25:00.400000,151.58900,1.00
2025-02-01,2025-02-28,20260209_100012,20260209_100012-0119,1,初回,2025-02-20 00:03:02.908000,151.26900,1.00
2025-02-01,2025-02-28,20260209_100012,20260209_100012-0118,1,初回,2025-02-20 00:13:00.435000,151.36800,1.00
2025-02-01,2025-02-28,20260209_100012,20260209_100012-0120,1,初回,2025-02-20 11:02:00.841000,150.60700,1.00
2025-02-01,2025-02-28,20260209_100012,20260209_100012-0121,1,初回,2025-02-20 12:45:36.550000,150.47800,1.00
2025-02-01,2025-02-28,20260209_100012,20260209_100012-0122,1,初回,2025-02-20 13:00:00.913000,150.42200,1.00
2025-02-01,2025-02-28,20260209_100012,20260209_100012-0123,1,初回,2025-02-20 14:29:58.221000,150.28100,1.00
2025-02-01,2025-02-28,20260209_100012,20260209_100012-0124,1,初回,2025-02-20 15:05:27.586000,150.22200,1.00
2025-02-01,2025-02-28,20260209_100012,20260209_100012-0125,1,初回,2025-02-20 16:00:14.974000,150.01900,1.00
2025-02-01,2025-02-28,20260209_100012,20260209_100012-0126,1,初回,2025-02-20 21:09:57.138000,149.98600,1.00
2025-02-01,2025-02-28,20260209_100012,20260209_100012-0127,1,初回,2025-02-20 22:04:59.143000,149.96600,1.00
2025-02-01,2025-02-28,20260209_100012,20260209_100012-0128,1,初回,2025-02-21 00:00:26.627000,149.74200,1.00
2025-02-01,2025-02-28,20260209_100012,20260209_100012-0129,1,初回,2025-02-21 01:00:11.949000,149.50700,1.00
2025-02-01,2025-02-28,20260209_100012,20260209_100012-0130,1,初回,2025-02-21 11:28:51.038000,150.41600,1.00
2025-02-01,2025-02-28,20260209_100012,20260209_100012-0131,1,初回,2025-02-21 23:45:44.822000,149.82900,1.00
2025-02-01,2025-02-28,20260209_100012,20260209_100012-0132,1,初回,2025-02-22 00:00:19.784000,149.77500,1.00
2025-02-01,2025-02-28,20260209_100012,20260209_100012-0133,1,初回,2025-02-22 01:00:05.501000,149.54700,1.00
2025-02-01,2025-02-28,20260209_100012,20260209_100012-0134,1,初回,2025-02-22 02:02:58.486000,149.42800,1.00
2025-02-01,2025-02-28,20260209_100012,20260209_100012-0135,1,初回,2025-02-22 02:31:42.416000,149.31200,1.00
2025-02-01,2025-02-28,20260209_100012,20260209_100012-0136,1,初回,2025-02-22 04:04:04.591000,149.00900,1.00
2025-02-01,2025-02-28,20260209_100012,20260209_100012-0137,1,初回,2025-02-24 15:13:36.541000,149.46600,1.00
2025-02-01,2025-02-28,20260209_100012,20260209_100012-0138,1,初回,2025-02-24 16:24:36.588000,149.51600,1.00
2025-02-01,2025-02-28,20260209_100012,20260209_100012-0139,1,初回,2025-02-24 18:27:06.215000,149.53900,1.00
2025-02-01,2025-02-28,20260209_100012,20260209_100012-0140,1,初回,2025-02-24 19:00:18.375000,149.56700,1.00
2025-02-01,2025-02-28,20260209_100012,20260209_100012-0141,1,初回,2025-02-24 20:01:52.599000,149.64200,1.00
2025-02-01,2025-02-28,20260209_100012,20260209_100012-0142,1,初回,2025-02-24 21:24:04.189000,149.76400,1.00
2025-02-01,2025-02-28,20260209_100012,20260209_100012-0143,1,初回,2025-02-24 22:02:31.449000,149.80100,1.00
2025-02-01,2025-02-28,20260209_100012,20260209_100012-0144,1,初回,2025-02-25 04:30:22.990000,149.73100,1.00
2025-02-01,2025-02-28,20260209_100012,20260209_100012-0145,1,初回,2025-02-25 16:33:42.617000,149.33400,1.00
2025-02-01,2025-02-28,20260209_100012,20260209_100012-0146,1,初回,2025-02-25 16:50:32.417000,149.22600,1.00
2025-02-01,2025-02-28,20260209_100012,20260209_100012-0147,1,初回,2025-02-25 17:00:15.630000,149.23300,1.00
2025-02-01,2025-02-28,20260209_100012,20260209_100012-0148,1,初回,2025-02-25 23:52:53.471000,149.15100,1.00
2025-02-01,2025-02-28,20260209_100012,20260209_100012-0149,1,初回,2025-02-26 00:00:03.178000,149.14800,1.00
2025-02-01,2025-02-28,20260209_100012,20260209_100012-0150,1,初回,2025-02-26 00:14:24.311000,148.88100,1.00
2025-02-01,2025-02-28,20260209_100012,20260209_100012-0151,1,初回,2025-02-26 03:08:16.925000,149.22500,1.00
2025-02-01,2025-02-28,20260209_100012,20260209_100012-0152,1,初回,2025-02-26 12:26:11.862000,149.43900,1.00
2025-02-01,2025-02-28,20260209_100012,20260209_100012-0153,1,初回,2025-02-26 13:14:41.501000,149.48600,1.00
2025-02-01,2025-02-28,20260209_100012,20260209_100012-0154,1,初回,2025-02-26 14:01:43.389000,149.52000,1.00
2025-02-01,2025-02-28,20260209_100012,20260209_100012-0155,1,初回,2025-02-26 15:52:27.852000,149.60500,1.00
2025-02-01,2025-02-28,20260209_100012,20260209_100012-0156,1,初回,2025-02-26 16:00:16.540000,149.60300,1.00
2025-02-01,2025-02-28,20260209_100012,20260209_100012-0157,1,初回,2025-02-26 17:04:48.871000,149.36900,1.00
2025-02-01,2025-02-28,20260209_100012,20260209_100012-0158,1,初回,2025-02-26 17:34:10.292000,149.32100,1.00
2025-02-01,2025-02-28,20260209_100012,20260209_100012-0159,1,初回,2025-02-26 18:00:06.131000,149.28300,1.00
2025-02-01,2025-02-28,20260209_100012,20260209_100012-0160,1,初回,2025-02-26 22:00:01.092000,149.61700,1.00
2025-02-01,2025-02-28,20260209_100012,20260209_100012-0161,1,初回,2025-02-26 23:03:23.650000,149.65300,1.00
2025-02-01,2025-02-28,20260209_100012,20260209_100012-0162,1,初回,2025-02-27 00:01:11.810000,149.70300,1.00
2025-02-01,2025-02-28,20260209_100012,20260209_100012-0163,1,初回,2025-02-27 01:30:32.201000,149.26400,1.00
2025-02-01,2025-02-28,20260209_100012,20260209_100012-0164,1,初回,2025-02-27 02:00:59.273000,149.15800,1.00
2025-02-01,2025-02-28,20260209_100012,20260209_100012-0165,1,初回,2025-02-27 03:05:39.052000,149.04900,1.00
2025-02-01,2025-02-28,20260209_100012,20260209_100012-0166,1,初回,2025-02-27 04:07:29.166000,148.86700,1.00
2025-02-01,2025-02-28,20260209_100012,20260209_100012-0167,1,初回,2025-02-27 15:01:54.756000,149.37400,1.00
2025-02-01,2025-02-28,20260209_100012,20260209_100012-0168,1,初回,2025-02-27 17:21:39.393000,149.39200,1.00
2025-02-01,2025-02-28,20260209_100012,20260209_100012-0169,1,初回,2025-02-27 18:00:13.421000,149.70100,1.00
2025-02-01,2025-02-28,20260209_100012,20260209_100012-0170,1,初回,2025-02-27 18:43:31.806000,149.85600,1.00
2025-02-01,2025-02-28,20260209_100012,20260209_100012-0171,1,初回,2025-02-27 19:19:26.096000,149.93500,1.00
2025-02-01,2025-02-28,20260209_100012,20260209_100012-0172,1,初回,2025-02-27 23:27:30.051000,149.94100,1.00
2025-02-01,2025-02-28,20260209_100012,20260209_100012-0173,1,初回,2025-02-27 23:35:09.893000,150.06000,1.00
2025-02-01,2025-02-28,20260209_100012,20260209_100012-0174,1,初回,2025-02-28 01:17:17.429000,150.11000,1.00
2025-02-01,2025-02-28,20260209_100012,20260209_100012-0175,1,初回,2025-02-28 03:33:59.004000,150.13100,1.00
2025-02-01,2025-02-28,20260209_100012,20260209_100012-0176,1,初回,2025-02-28 11:00:04.661000,149.31000,1.00
2025-02-01,2025-02-28,20260209_100012,20260209_100012-0177,1,初回,2025-02-28 11:15:21.945000,149.10900,1.00
2025-02-01,2025-02-28,20260209_100012,20260209_100012-0178,1,初回,2025-02-28 16:42:27.867000,150.27400,1.00
2025-02-01,2025-02-28,20260209_100012,20260209_100012-0179,1,初回,2025-02-28 16:53:25.443000,150.48200,1.00
2025-02-01,2025-02-28,20260209_100012,20260209_100012-0180,1,初回,2025-02-28 17:27:05.278000,150.53800,1.00
2025-02-01,2025-02-28,20260209_100012,20260209_100012-0181,1,初回,2025-02-28 21:56:18.393000,150.65800,1.00
2025-02-01,2025-02-28,20260209_100012,20260209_100012-0182,1,初回,2025-02-28 21:56:33.735000,150.65600,1.00
2025-02-01,2025-02-28,20260209_100012,20260209_100012-0184,1,初回,2025-02-28 21:59:08.948000,150.70300,1.00
2025-02-01,2025-02-28,20260209_100012,20260209_100012-0183,1,初回,2025-02-28 22:00:16.751000,150.68400,1.00
2025-03-01,2025-03-31,20260209_100148,20260209_100148-0001,1,初回,2025-03-03 12:05:40.885000,150.30600,1.00
2025-03-01,2025-03-31,20260209_100148,20260209_100148-0002,1,初回,2025-03-03 12:22:10.297000,150.27100,1.00
2025-03-01,2025-03-31,20260209_100148,20260209_100148-0003,1,初回,2025-03-03 15:22:24.762000,150.28200,1.00
2025-03-01,2025-03-31,20260209_100148,20260209_100148-0004,1,初回,2025-03-03 15:53:55.594000,150.49900,1.00
2025-03-01,2025-03-31,20260209_100148,20260209_100148-0005,1,初回,2025-03-03 16:51:32.279000,150.30700,1.00
2025-03-01,2025-03-31,20260209_100148,20260209_100148-0006,1,初回,2025-03-03 17:00:00.975000,150.18900,1.00
2025-03-01,2025-03-31,20260209_100148,20260209_100148-0007,1,初回,2025-03-03 18:05:24.306000,150.06400,1.00
2025-03-01,2025-03-31,20260209_100148,20260209_100148-0008,1,初回,2025-03-03 20:01:08.300000,150.87100,1.00
2025-03-01,2025-03-31,20260209_100148,20260209_100148-0009,1,初回,2025-03-03 20:49:34.506000,150.98900,1.00
2025-03-01,2025-03-31,20260209_100148,20260209_100148-0010,1,初回,2025-03-03 21:00:02.892000,151.20400,1.00
2025-03-01,2025-03-31,20260209_100148,20260209_100148-0011,1,初回,2025-03-03 22:01:06.294000,151.27700,1.00
2025-03-01,2025-03-31,20260209_100148,20260209_100148-0012,1,初回,2025-03-04 03:10:06.048000,150.08500,1.00
2025-03-01,2025-03-31,20260209_100148,20260209_100148-0013,1,初回,2025-03-04 17:07:18.594000,149.09900,1.00
2025-03-01,2025-03-31,20260209_100148,20260209_100148-0014,1,初回,2025-03-04 18:13:44.880000,149.03300,1.00
2025-03-01,2025-03-31,20260209_100148,20260209_100148-0015,1,初回,2025-03-04 19:31:11.841000,148.83600,1.00
2025-03-01,2025-03-31,20260209_100148,20260209_100148-0016,1,初回,2025-03-04 20:00:03.094000,148.79900,1.00
2025-03-01,2025-03-31,20260209_100148,20260209_100148-0017,1,初回,2025-03-04 20:31:56.177000,148.63500,1.00
2025-03-01,2025-03-31,20260209_100148,20260209_100148-0018,1,初回,2025-03-04 21:00:02.873000,148.32800,1.00
2025-03-01,2025-03-31,20260209_100148,20260209_100148-0019,1,初回,2025-03-05 16:39:34.056000,149.60500,1.00
2025-03-01,2025-03-31,20260209_100148,20260209_100148-0020,1,初回,2025-03-05 17:00:01.685000,149.45400,1.00
2025-03-01,2025-03-31,20260209_100148,20260209_100148-0021,1,初回,2025-03-05 18:00:50.563000,149.23600,1.00
2025-03-01,2025-03-31,20260209_100148,20260209_100148-0022,1,初回,2025-03-05 20:27:47.457000,149.53700,1.00
2025-03-01,2025-03-31,20260209_100148,20260209_100148-0023,1,初回,2025-03-05 22:27:41.376000,149.19500,1.00
2025-03-01,2025-03-31,20260209_100148,20260209_100148-0024,1,初回,2025-03-05 22:32:03.488000,149.13000,1.00
2025-03-01,2025-03-31,20260209_100148,20260209_100148-0025,1,初回,2025-03-05 23:01:32.364000,148.97500,1.00
2025-03-01,2025-03-31,20260209_100148,20260209_100148-0026,1,初回,2025-03-05 23:29:23.674000,148.72700,1.00
2025-03-01,2025-03-31,20260209_100148,20260209_100148-0027,1,初回,2025-03-06 00:30:51.388000,148.43200,1.00
2025-03-01,2025-03-31,20260209_100148,20260209_100148-0028,1,初回,2025-03-06 13:46:39.900000,149.30400,1.00
2025-03-01,2025-03-31,20260209_100148,20260209_100148-0029,1,初回,2025-03-06 16:39:10.272000,148.43200,1.00
2025-03-01,2025-03-31,20260209_100148,20260209_100148-0030,1,初回,2025-03-06 17:03:13.403000,148.30200,1.00
2025-03-01,2025-03-31,20260209_100148,20260209_100148-0031,1,初回,2025-03-06 17:25:46.216000,148.13000,1.00
2025-03-01,2025-03-31,20260209_100148,20260209_100148-0032,1,初回,2025-03-06 18:00:06.769000,148.10400,1.00
2025-03-01,2025-03-31,20260209_100148,20260209_100148-0033,1,初回,2025-03-06 19:00:37.355000,147.82000,1.00
2025-03-01,2025-03-31,20260209_100148,20260209_100148-0034,1,初回,2025-03-06 21:22:15.509000,147.73700,1.00
2025-03-01,2025-03-31,20260209_100148,20260209_100148-0035,1,初回,2025-03-06 22:03:45.611000,147.59400,1.00
2025-03-01,2025-03-31,20260209_100148,20260209_100148-0036,1,初回,2025-03-06 23:00:33.436000,147.38700,1.00
2025-03-01,2025-03-31,20260209_100148,20260209_100148-0037,1,初回,2025-03-07 04:05:33.074000,147.68300,1.00
2025-03-01,2025-03-31,20260209_100148,20260209_100148-0038,1,初回,2025-03-07 11:55:30.971000,147.59000,1.00
2025-03-01,2025-03-31,20260209_100148,20260209_100148-0039,1,初回,2025-03-07 12:00:16.890000,147.58600,1.00
2025-03-01,2025-03-31,20260209_100148,20260209_100148-0040,1,初回,2025-03-07 14:57:01.270000,147.48100,1.00
2025-03-01,2025-03-31,20260209_100148,20260209_100148-0041,1,初回,2025-03-07 17:38:08.382000,147.42400,1.00
2025-03-01,2025-03-31,20260209_100148,20260209_100148-0042,1,初回,2025-03-07 17:45:28.882000,147.34200,1.00
2025-03-01,2025-03-31,20260209_100148,20260209_100148-0043,1,初回,2025-03-07 22:31:23.699000,147.82300,1.00
2025-03-01,2025-03-31,20260209_100148,20260209_100148-0044,1,初回,2025-03-07 22:35:13.588000,147.23600,1.00
2025-03-01,2025-03-31,20260209_100148,20260209_100148-0045,1,初回,2025-03-07 23:09:02.748000,147.15600,1.00
2025-03-01,2025-03-31,20260209_100148,20260209_100148-0046,1,初回,2025-03-08 02:11:39.603000,146.98400,1.00
2025-03-01,2025-03-31,20260209_100148,20260209_100148-0047,1,初回,2025-03-08 02:11:45.493000,146.98400,1.00
2025-03-01,2025-03-31,20260209_100148,20260209_100148-0048,1,初回,2025-03-08 02:55:07.654000,147.69700,1.00
2025-03-01,2025-03-31,20260209_100148,20260209_100148-0050,1,初回,2025-03-08 03:13:47.563000,147.93600,1.00
2025-03-01,2025-03-31,20260209_100148,20260209_100148-0049,1,初回,2025-03-08 03:16:37.076000,147.93500,1.00
2025-03-01,2025-03-31,20260209_100148,20260209_100148-0051,1,初回,2025-03-08 04:00:39.262000,147.99900,1.00
2025-03-01,2025-03-31,20260209_100148,20260209_100148-0052,1,初回,2025-03-08 04:23:03.356000,148.13300,1.00
2025-03-01,2025-03-31,20260209_100148,20260209_100148-0053,1,初回,2025-03-10 19:09:46.947000,147.12700,1.00
2025-03-01,2025-03-31,20260209_100148,20260209_100148-0054,1,初回,2025-03-10 19:26:48.728000,146.99600,1.00
2025-03-01,2025-03-31,20260209_100148,20260209_100148-0055,1,初回,2025-03-10 20:04:02.487000,146.94500,1.00
2025-03-01,2025-03-31,20260209_100148,20260209_100148-0056,1,初回,2025-03-10 21:15:39.967000,146.90000,1.00
2025-03-01,2025-03-31,20260209_100148,20260209_100148-0057,1,初回,2025-03-10 23:10:34.878000,146.75900,1.00
2025-03-01,2025-03-31,20260209_100148,20260209_100148-0058,1,初回,2025-03-11 00:31:45.037000,147.14600,1.00
2025-03-01,2025-03-31,20260209_100148,20260209_100148-0059,1,初回,2025-03-11 01:31:55.049000,147.27800,1.00
2025-03-01,2025-03-31,20260209_100148,20260209_100148-0060,1,初回,2025-03-11 03:11:37.894000,147.29100,1.00
2025-03-01,2025-03-31,20260209_100148,20260209_100148-0061,1,初回,2025-03-11 04:26:00.088000,147.35600,1.00
2025-03-01,2025-03-31,20260209_100148,20260209_100148-0062,1,初回,2025-03-11 13:15:13.782000,147.16200,1.00
2025-03-01,2025-03-31,20260209_100148,20260209_100148-0063,1,初回,2025-03-11 14:45:05.901000,147.19000,1.00
2025-03-01,2025-03-31,20260209_100148,20260209_100148-0064,1,初回,2025-03-11 15:01:05.288000,147.26100,1.00
2025-03-01,2025-03-31,20260209_100148,20260209_100148-0065,1,初回,2025-03-11 18:26:02.543000,147.37100,1.00
2025-03-01,2025-03-31,20260209_100148,20260209_100148-0066,1,初回,2025-03-11 18:28:45.184000,147.44200,1.00
2025-03-01,2025-03-31,20260209_100148,20260209_100148-0067,1,初回,2025-03-11 19:06:00.515000,147.48600,1.00
2025-03-01,2025-03-31,20260209_100148,20260209_100148-0068,1,初回,2025-03-11 20:16:35.249000,147.61100,1.00
2025-03-01,2025-03-31,20260209_100148,20260209_100148-0069,1,初回,2025-03-11 21:57:20.122000,147.69500,1.00
2025-03-01,2025-03-31,20260209_100148,20260209_100148-0070,1,初回,2025-03-11 22:01:32.780000,147.90800,1.00
2025-03-01,2025-03-31,20260209_100148,20260209_100148-0071,1,初回,2025-03-11 22:06:25.654000,148.08500,1.00
2025-03-01,2025-03-31,20260209_100148,20260209_100148-0072,1,初回,2025-03-11 23:00:40.823000,148.08000,1.00
2025-03-01,2025-03-31,20260209_100148,20260209_100148-0073,1,初回,2025-03-12 13:03:02.328000,148.12200,1.00
2025-03-01,2025-03-31,20260209_100148,20260209_100148-0074,1,初回,2025-03-12 13:03:03.242000,148.12200,1.00
2025-03-01,2025-03-31,20260209_100148,20260209_100148-0075,1,初回,2025-03-12 13:08:20.229000,148.16800,1.00
2025-03-01,2025-03-31,20260209_100148,20260209_100148-0076,1,初回,2025-03-12 14:10:24.845000,148.23800,1.00
2025-03-01,2025-03-31,20260209_100148,20260209_100148-0077,1,初回,2025-03-12 15:56:37.007000,148.25600,1.00
2025-03-01,2025-03-31,20260209_100148,20260209_100148-0078,1,初回,2025-03-12 16:02:28.447000,148.37500,1.00
2025-03-01,2025-03-31,20260209_100148,20260209_100148-0079,1,初回,2025-03-12 17:02:11.972000,148.57100,1.00
2025-03-01,2025-03-31,20260209_100148,20260209_100148-0080,1,初回,2025-03-12 18:48:30.128000,148.62000,1.00
2025-03-01,2025-03-31,20260209_100148,20260209_100148-0081,1,初回,2025-03-12 19:00:20.333000,148.64300,1.00
2025-03-01,2025-03-31,20260209_100148,20260209_100148-0082,1,初回,2025-03-12 19:50:49.939000,148.75700,1.00
2025-03-01,2025-03-31,20260209_100148,20260209_100148-0083,1,初回,2025-03-12 20:13:18.696000,148.74100,1.00
2025-03-01,2025-03-31,20260209_100148,20260209_100148-0084,1,初回,2025-03-13 11:05:30.489000,148.11400,1.00
2025-03-01,2025-03-31,20260209_100148,20260209_100148-0085,1,初回,2025-03-13 13:00:39.293000,148.05400,1.00
2025-03-01,2025-03-31,20260209_100148,20260209_100148-0086,1,初回,2025-03-13 13:16:59.139000,147.99700,1.00
2025-03-01,2025-03-31,20260209_100148,20260209_100148-0087,1,初回,2025-03-13 13:17:11.797000,147.96100,1.00
2025-03-01,2025-03-31,20260209_100148,20260209_100148-0088,1,初回,2025-03-13 14:00:09.741000,147.85800,1.00
2025-03-01,2025-03-31,20260209_100148,20260209_100148-0089,1,初回,2025-03-13 15:00:01.606000,147.73300,1.00
2025-03-01,2025-03-31,20260209_100148,20260209_100148-0090,1,初回,2025-03-13 21:30:01.218000,147.74100,1.00
2025-03-01,2025-03-31,20260209_100148,20260209_100148-0091,1,初回,2025-03-13 22:10:05.365000,148.34000,1.00
2025-03-01,2025-03-31,20260209_100148,20260209_100148-0092,1,初回,2025-03-14 00:36:34.333000,147.76500,1.00
2025-03-01,2025-03-31,20260209_100148,20260209_100148-0093,1,初回,2025-03-14 01:23:03.998000,147.67300,1.00
2025-03-01,2025-03-31,20260209_100148,20260209_100148-0094,1,初回,2025-03-14 01:44:44.565000,147.61100,1.00
2025-03-01,2025-03-31,20260209_100148,20260209_100148-0095,1,初回,2025-03-14 02:03:21.176000,147.56700,1.00
2025-03-01,2025-03-31,20260209_100148,20260209_100148-0096,1,初回,2025-03-14 13:15:46.168000,148.40600,1.00
2025-03-01,2025-03-31,20260209_100148,20260209_100148-0097,1,初回,2025-03-14 13:16:20.852000,148.41700,1.00
2025-03-01,2025-03-31,20260209_100148,20260209_100148-0098,1,初回,2025-03-14 14:01:16.548000,148.52400,1.00
2025-03-01,2025-03-31,20260209_100148,20260209_100148-0099,1,初回,2025-03-14 15:30:02.047000,148.62000,1.00
2025-03-01,2025-03-31,20260209_100148,20260209_100148-0100,1,初回,2025-03-14 16:00:01.168000,148.72100,1.00
2025-03-01,2025-03-31,20260209_100148,20260209_100148-0101,1,初回,2025-03-14 18:58:03.571000,148.99000,1.00
2025-03-01,2025-03-31,20260209_100148,20260209_100148-0102,1,初回,2025-03-15 01:09:00.955000,148.38400,1.00
2025-03-01,2025-03-31,20260209_100148,20260209_100148-0104,1,初回,2025-03-17 13:05:40.375000,148.86800,1.00
2025-03-01,2025-03-31,20260209_100148,20260209_100148-0103,1,初回,2025-03-17 13:05:44.235000,148.86700,1.00
2025-03-01,2025-03-31,20260209_100148,20260209_100148-0105,1,初回,2025-03-17 14:03:08.448000,149.01000,1.00
2025-03-01,2025-03-31,20260209_100148,20260209_100148-0106,1,初回,2025-03-17 15:03:02.334000,149.03300,1.00
2025-03-01,2025-03-31,20260209_100148,20260209_100148-0107,1,初回,2025-03-17 21:00:43.592000,148.45200,1.00
2025-03-01,2025-03-31,20260209_100148,20260209_100148-0108,1,初回,2025-03-17 21:30:03.478000,148.27400,1.00
2025-03-01,2025-03-31,20260209_100148,20260209_100148-0109,1,初回,2025-03-17 22:36:08.660000,148.92400,1.00
2025-03-01,2025-03-31,20260209_100148,20260209_100148-0110,1,初回,2025-03-17 22:46:57.388000,149.06500,1.00
2025-03-01,2025-03-31,20260209_100148,20260209_100148-0111,1,初回,2025-03-18 03:14:06.785000,149.06500,1.00
2025-03-01,2025-03-31,20260209_100148,20260209_100148-0112,1,初回,2025-03-18 03:14:28.184000,149.06500,1.00
2025-03-01,2025-03-31,20260209_100148,20260209_100148-0113,1,初回,2025-03-18 03:49:01.918000,149.16500,1.00
2025-03-01,2025-03-31,20260209_100148,20260209_100148-0114,1,初回,2025-03-18 04:23:00.278000,149.21000,1.00
2025-03-01,2025-03-31,20260209_100148,20260209_100148-0115,1,初回,2025-03-18 11:16:27.917000,149.50900,1.00
2025-03-01,2025-03-31,20260209_100148,20260209_100148-0116,1,初回,2025-03-18 11:54:36.241000,149.70900,1.00
2025-03-01,2025-03-31,20260209_100148,20260209_100148-0117,1,初回,2025-03-18 12:01:44.609000,149.69300,1.00
2025-03-01,2025-03-31,20260209_100148,20260209_100148-0118,1,初回,2025-03-18 13:06:54.127000,149.69600,1.00
2025-03-01,2025-03-31,20260209_100148,20260209_100148-0119,1,初回,2025-03-18 15:20:12.995000,149.79400,1.00
2025-03-01,2025-03-31,20260209_100148,20260209_100148-0120,1,初回,2025-03-18 16:47:46.287000,149.84900,1.00
2025-03-01,2025-03-31,20260209_100148,20260209_100148-0121,1,初回,2025-03-18 21:32:07.757000,149.87200,1.00
2025-03-01,2025-03-31,20260209_100148,20260209_100148-0122,1,初回,2025-03-19 00:48:40.902000,149.48500,1.00
2025-03-01,2025-03-31,20260209_100148,20260209_100148-0123,1,初回,2025-03-19 01:39:15.743000,149.45500,1.00
2025-03-01,2025-03-31,20260209_100148,20260209_100148-0124,1,初回,2025-03-19 02:05:28.271000,149.32200,1.00
2025-03-01,2025-03-31,20260209_100148,20260209_100148-0125,1,初回,2025-03-19 03:00:03.368000,149.25100,1.00
2025-03-01,2025-03-31,20260209_100148,20260209_100148-0126,1,初回,2025-03-19 11:24:39.778000,149.33600,1.00
2025-03-01,2025-03-31,20260209_100148,20260209_100148-0127,1,初回,2025-03-19 14:33:39.074000,149.72800,1.00
2025-03-01,2025-03-31,20260209_100148,20260209_100148-0128,1,初回,2025-03-19 15:33:28.874000,149.74800,1.00
2025-03-01,2025-03-31,20260209_100148,20260209_100148-0129,1,初回,2025-03-19 15:38:09.971000,149.91300,1.00
2025-03-01,2025-03-31,20260209_100148,20260209_100148-0130,1,初回,2025-03-19 16:40:13.016000,149.24200,1.00
2025-03-01,2025-03-31,20260209_100148,20260209_100148-0131,1,初回,2025-03-19 22:41:29.650000,149.98900,1.00
2025-03-01,2025-03-31,20260209_100148,20260209_100148-0132,1,初回,2025-03-19 22:53:13.528000,150.06600,1.00
2025-03-01,2025-03-31,20260209_100148,20260209_100148-0133,1,初回,2025-03-19 23:00:00.239000,150.07600,1.00
2025-03-01,2025-03-31,20260209_100148,20260209_100148-0134,1,初回,2025-03-20 03:36:34.289000,149.17600,1.00
2025-03-01,2025-03-31,20260209_100148,20260209_100148-0135,1,初回,2025-03-20 03:37:12.501000,149.13400,1.00
2025-03-01,2025-03-31,20260209_100148,20260209_100148-0136,1,初回,2025-03-20 03:38:02.923000,149.08200,1.00
2025-03-01,2025-03-31,20260209_100148,20260209_100148-0137,1,初回,2025-03-20 11:06:31.045000,148.23700,1.00
2025-03-01,2025-03-31,20260209_100148,20260209_100148-0138,1,初回,2025-03-20 11:15:40.459000,148.19200,1.00
2025-03-01,2025-03-31,20260209_100148,20260209_100148-0139,1,初回,2025-03-20 15:12:26.402000,148.21600,1.00
2025-03-01,2025-03-31,20260209_100148,20260209_100148-0140,1,初回,2025-03-21 01:03:38.780000,148.93100,1.00
2025-03-01,2025-03-31,20260209_100148,20260209_100148-0141,1,初回,2025-03-21 12:44:33.244000,149.16300,1.00
2025-03-01,2025-03-31,20260209_100148,20260209_100148-0142,1,初回,2025-03-21 13:00:30.631000,149.21800,1.00
2025-03-01,2025-03-31,20260209_100148,20260209_100148-0143,1,初回,2025-03-21 14:00:24.584000,149.45100,1.00
2025-03-01,2025-03-31,20260209_100148,20260209_100148-0144,1,初回,2025-03-21 15:01:18.688000,149.60500,1.00
2025-03-01,2025-03-31,20260209_100148,20260209_100148-0145,1,初回,2025-03-21 20:36:10.107000,148.97000,1.00
2025-03-01,2025-03-31,20260209_100148,20260209_100148-0146,1,初回,2025-03-21 21:00:04.353000,148.89400,1.00
2025-03-01,2025-03-31,20260209_100148,20260209_100148-0147,1,初回,2025-03-21 22:00:00.432000,148.67600,1.00
2025-03-01,2025-03-31,20260209_100148,20260209_100148-0148,1,初回,2025-03-21 22:03:26.839000,148.62500,1.00
2025-03-01,2025-03-31,20260209_100148,20260209_100148-0149,1,初回,2025-03-24 17:41:59.441000,149.57400,1.00
2025-03-01,2025-03-31,20260209_100148,20260209_100148-0150,1,初回,2025-03-24 18:20:39.835000,149.56800,1.00
2025-03-01,2025-03-31,20260209_100148,20260209_100148-0151,1,初回,2025-03-24 19:00:00.704000,149.55600,1.00
2025-03-01,2025-03-31,20260209_100148,20260209_100148-0152,1,初回,2025-03-24 21:10:35.231000,149.81800,1.00
2025-03-01,2025-03-31,20260209_100148,20260209_100148-0153,1,初回,2025-03-24 22:38:25.791000,149.83700,1.00
2025-03-01,2025-03-31,20260209_100148,20260209_100148-0154,1,初回,2025-03-24 22:45:23.896000,149.92100,1.00
2025-03-01,2025-03-31,20260209_100148,20260209_100148-0156,1,初回,2025-03-24 22:53:13.706000,150.13800,1.00
2025-03-01,2025-03-31,20260209_100148,20260209_100148-0157,1,初回,2025-03-24 22:53:16.907000,150.15700,1.00
2025-03-01,2025-03-31,20260209_100148,20260209_100148-0155,1,初回,2025-03-24 22:53:50.151000,150.11600,1.00
2025-03-01,2025-03-31,20260209_100148,20260209_100148-0158,1,初回,2025-03-24 23:01:11.853000,150.22600,1.00
2025-03-01,2025-03-31,20260209_100148,20260209_100148-0159,1,初回,2025-03-24 23:28:41.002000,150.27300,1.00
2025-03-01,2025-03-31,20260209_100148,20260209_100148-0160,1,初回,2025-03-24 23:31:57.091000,150.30600,1.00
2025-03-01,2025-03-31,20260209_100148,20260209_100148-0161,1,初回,2025-03-25 00:04:43.559000,150.51000,1.00
2025-03-01,2025-03-31,20260209_100148,20260209_100148-0162,1,初回,2025-03-25 01:00:03.160000,150.72500,1.00
2025-03-01,2025-03-31,20260209_100148,20260209_100148-0163,1,初回,2025-03-25 21:10:09.279000,150.09700,1.00
2025-03-01,2025-03-31,20260209_100148,20260209_100148-0164,1,初回,2025-03-25 22:06:33.170000,149.90000,1.00
2025-03-01,2025-03-31,20260209_100148,20260209_100148-0165,1,初回,2025-03-25 23:00:08.261000,149.75600,1.00
2025-03-01,2025-03-31,20260209_100148,20260209_100148-0166,1,初回,2025-03-26 00:04:24.554000,149.70600,1.00
2025-03-01,2025-03-31,20260209_100148,20260209_100148-0167,1,初回,2025-03-26 11:47:02.921000,150.25500,1.00
2025-03-01,2025-03-31,20260209_100148,20260209_100148-0168,1,初回,2025-03-26 13:00:06.107000,150.43600,1.00
2025-03-01,2025-03-31,20260209_100148,20260209_100148-0169,1,初回,2025-03-26 14:44:51.243000,150.51500,1.00
2025-03-01,2025-03-31,20260209_100148,20260209_100148-0170,1,初回,2025-03-26 15:20:37.674000,150.59500,1.00
2025-03-01,2025-03-31,20260209_100148,20260209_100148-0171,1,初回,2025-03-26 23:28:35.723000,150.51900,1.00
2025-03-01,2025-03-31,20260209_100148,20260209_100148-0172,1,初回,2025-03-27 00:00:27.355000,150.56500,1.00
2025-03-01,2025-03-31,20260209_100148,20260209_100148-0173,1,初回,2025-03-27 02:13:34.394000,150.71600,1.00
2025-03-01,2025-03-31,20260209_100148,20260209_100148-0174,1,初回,2025-03-27 12:25:57.907000,150.12300,1.00
2025-03-01,2025-03-31,20260209_100148,20260209_100148-0175,1,初回,2025-03-27 17:17:09.069000,150.59000,1.00
2025-03-01,2025-03-31,20260209_100148,20260209_100148-0176,1,初回,2025-03-27 18:01:52.547000,150.60000,1.00
2025-03-01,2025-03-31,20260209_100148,20260209_100148-0178,1,初回,2025-03-27 18:59:45.849000,150.91500,1.00
2025-03-01,2025-03-31,20260209_100148,20260209_100148-0179,1,初回,2025-03-27 19:02:36.241000,150.91200,1.00
2025-03-01,2025-03-31,20260209_100148,20260209_100148-0177,1,初回,2025-03-27 19:03:53.733000,150.89900,1.00
2025-03-01,2025-03-31,20260209_100148,20260209_100148-0180,1,初回,2025-03-27 20:01:50.857000,150.94800,1.00
2025-03-01,2025-03-31,20260209_100148,20260209_100148-0181,1,初回,2025-03-27 21:07:48.154000,150.99300,1.00
2025-03-01,2025-03-31,20260209_100148,20260209_100148-0182,1,初回,2025-03-28 01:07:01.578000,151.06400,1.00
2025-03-01,2025-03-31,20260209_100148,20260209_100148-0183,1,初回,2025-03-28 02:16:05.963000,151.12900,1.00
2025-03-01,2025-03-31,20260209_100148,20260209_100148-0184,1,初回,2025-03-28 12:11:22.249000,150.73800,1.00
2025-03-01,2025-03-31,20260209_100148,20260209_100148-0185,1,初回,2025-03-28 16:04:16.559000,150.64600,1.00
2025-03-01,2025-03-31,20260209_100148,20260209_100148-0186,1,初回,2025-03-28 17:00:09.468000,150.42200,1.00
2025-03-01,2025-03-31,20260209_100148,20260209_100148-0187,1,初回,2025-03-28 22:53:11.431000,150.39800,1.00
2025-03-01,2025-03-31,20260209_100148,20260209_100148-0188,1,初回,2025-03-28 23:13:34.573000,150.09800,1.00
2025-03-01,2025-03-31,20260209_100148,20260209_100148-0189,1,初回,2025-03-28 23:13:39.326000,150.09800,1.00
2025-03-01,2025-03-31,20260209_100148,20260209_100148-0190,1,初回,2025-03-28 23:17:29.995000,150.05600,1.00
2025-03-01,2025-03-31,20260209_100148,20260209_100148-0191,1,初回,2025-03-29 02:30:19.233000,149.94600,1.00
2025-03-01,2025-03-31,20260209_100148,20260209_100148-0192,1,初回,2025-03-29 02:36:13.974000,149.87800,1.00
2025-03-01,2025-03-31,20260209_100148,20260209_100148-0193,1,初回,2025-03-29 04:23:19.633000,149.89600,1.00
2025-03-01,2025-03-31,20260209_100148,20260209_100148-0194,1,初回,2025-03-31 11:09:10.406000,149.06000,1.00
2025-03-01,2025-03-31,20260209_100148,20260209_100148-0195,1,初回,2025-03-31 12:17:24.213000,148.75900,1.00
2025-03-01,2025-03-31,20260209_100148,20260209_100148-0196,1,初回,2025-03-31 20:56:26.392000,149.40400,1.00
2025-03-01,2025-03-31,20260209_100148,20260209_100148-0197,1,初回,2025-03-31 22:00:02.339000,149.61600,1.00
2025-03-01,2025-03-31,20260209_100148,20260209_100148-0198,1,初回,2025-03-31 23:04:48.513000,149.77000,1.00
2025-04-01,2025-04-30,20260209_100348,20260209_100348-0001,1,初回,2025-04-02 01:02:19.155000,149.48000,1.00
2025-04-01,2025-04-30,20260209_100348,20260209_100348-0002,1,初回,2025-04-02 14:01:27.919000,149.92200,1.00
2025-04-01,2025-04-30,20260209_100348,20260209_100348-0003,1,初回,2025-04-02 18:00:26.396000,149.55400,1.00
2025-04-01,2025-04-30,20260209_100348,20260209_100348-0004,1,初回,2025-04-02 19:02:04.348000,149.46400,1.00
2025-04-01,2025-04-30,20260209_100348,20260209_100348-0005,1,初回,2025-04-02 20:12:14.672000,149.35200,1.00
2025-04-01,2025-04-30,20260209_100348,20260209_100348-0006,1,初回,2025-04-02 20:23:50.313000,149.24600,1.00
2025-04-01,2025-04-30,20260209_100348,20260209_100348-0007,1,初回,2025-04-02 21:01:41.045000,149.23000,1.00
2025-04-01,2025-04-30,20260209_100348,20260209_100348-0008,1,初回,2025-04-03 00:22:29.577000,149.97400,1.00
2025-04-01,2025-04-30,20260209_100348,20260209_100348-0009,1,初回,2025-04-03 01:14:00.541000,150.05900,1.00
2025-04-01,2025-04-30,20260209_100348,20260209_100348-0010,1,初回,2025-04-03 01:43:29.077000,150.23400,1.00
2025-04-01,2025-04-30,20260209_100348,20260209_100348-0011,1,初回,2025-04-03 11:24:47.291000,147.56300,1.00
2025-04-01,2025-04-30,20260209_100348,20260209_100348-0012,1,初回,2025-04-03 12:17:10.834000,147.55600,1.00
2025-04-01,2025-04-30,20260209_100348,20260209_100348-0013,1,初回,2025-04-03 14:30:28.322000,147.15300,1.00
2025-04-01,2025-04-30,20260209_100348,20260209_100348-0014,1,初回,2025-04-03 15:00:12.194000,147.00600,1.00
2025-04-01,2025-04-30,20260209_100348,20260209_100348-0015,1,初回,2025-04-03 16:00:00.542000,146.85900,1.00
2025-04-01,2025-04-30,20260209_100348,20260209_100348-0016,1,初回,2025-04-03 17:47:19.024000,146.84500,1.00
2025-04-01,2025-04-30,20260209_100348,20260209_100348-0017,1,初回,2025-04-03 18:06:46.495000,146.71800,1.00
2025-04-01,2025-04-30,20260209_100348,20260209_100348-0018,1,初回,2025-04-03 19:06:06.736000,146.34300,1.00
2025-04-01,2025-04-30,20260209_100348,20260209_100348-0019,1,初回,2025-04-03 20:33:47.348000,146.29700,1.00
2025-04-01,2025-04-30,20260209_100348,20260209_100348-0020,1,初回,2025-04-03 21:00:45.443000,146.06200,1.00
2025-04-01,2025-04-30,20260209_100348,20260209_100348-0021,1,初回,2025-04-03 22:07:32.379000,145.78400,1.00
2025-04-01,2025-04-30,20260209_100348,20260209_100348-0022,1,初回,2025-04-03 23:00:00.135000,145.52600,1.00
2025-04-01,2025-04-30,20260209_100348,20260209_100348-0023,1,初回,2025-04-04 16:24:35.769000,146.12600,1.00
2025-04-01,2025-04-30,20260209_100348,20260209_100348-0024,1,初回,2025-04-04 17:00:00.444000,146.26800,1.00
2025-04-01,2025-04-30,20260209_100348,20260209_100348-0025,1,初回,2025-04-04 18:14:06.557000,146.45500,1.00
2025-04-01,2025-04-30,20260209_100348,20260209_100348-0026,1,初回,2025-04-04 19:32:42.900000,145.33800,1.00
2025-04-01,2025-04-30,20260209_100348,20260209_100348-0027,1,初回,2025-04-04 19:43:57.323000,145.21400,1.00
2025-04-01,2025-04-30,20260209_100348,20260209_100348-0028,1,初回,2025-04-04 20:06:21.279000,145.07200,1.00
2025-04-01,2025-04-30,20260209_100348,20260209_100348-0029,1,初回,2025-04-05 00:01:42.188000,145.86000,1.00
2025-04-01,2025-04-30,20260209_100348,20260209_100348-0030,1,初回,2025-04-05 01:10:41.322000,146.20700,1.00
2025-04-01,2025-04-30,20260209_100348,20260209_100348-0031,1,初回,2025-04-05 01:42:23.867000,146.51800,1.00
2025-04-01,2025-04-30,20260209_100348,20260209_100348-0032,1,初回,2025-04-05 02:09:49.371000,146.75900,1.00
2025-04-01,2025-04-30,20260209_100348,20260209_100348-0033,1,初回,2025-04-05 02:11:49.989000,146.82200,1.00
2025-04-01,2025-04-30,20260209_100348,20260209_100348-0034,1,初回,2025-04-05 03:00:10.252000,147.33000,1.00
2025-04-01,2025-04-30,20260209_100348,20260209_100348-0035,1,初回,2025-04-07 19:14:26.681000,146.34000,1.00
2025-04-01,2025-04-30,20260209_100348,20260209_100348-0036,1,初回,2025-04-07 21:24:30.086000,146.59400,1.00
2025-04-01,2025-04-30,20260209_100348,20260209_100348-0037,1,初回,2025-04-07 21:49:25.677000,146.97200,1.00
2025-04-01,2025-04-30,20260209_100348,20260209_100348-0038,1,初回,2025-04-07 22:57:07.425000,147.02400,1.00
2025-04-01,2025-04-30,20260209_100348,20260209_100348-0039,1,初回,2025-04-07 23:00:02.521000,147.06300,1.00
2025-04-01,2025-04-30,20260209_100348,20260209_100348-0040,1,初回,2025-04-07 23:10:42.176000,147.40200,1.00
2025-04-01,2025-04-30,20260209_100348,20260209_100348-0041,1,初回,2025-04-07 23:10:42.902000,147.40200,1.00
2025-04-01,2025-04-30,20260209_100348,20260209_100348-0042,1,初回,2025-04-08 00:59:30.332000,147.94900,1.00
2025-04-01,2025-04-30,20260209_100348,20260209_100348-0043,1,初回,2025-04-08 02:00:16.122000,148.07800,1.00
2025-04-01,2025-04-30,20260209_100348,20260209_100348-0044,1,初回,2025-04-08 03:24:52.404000,148.12400,1.00
2025-04-01,2025-04-30,20260209_100348,20260209_100348-0045,1,初回,2025-04-08 11:00:55.845000,147.44100,1.00
2025-04-01,2025-04-30,20260209_100348,20260209_100348-0046,1,初回,2025-04-08 22:00:00.009000,146.83500,1.00
2025-04-01,2025-04-30,20260209_100348,20260209_100348-0047,1,初回,2025-04-09 01:23:43.354000,146.83700,1.00
2025-04-01,2025-04-30,20260209_100348,20260209_100348-0048,1,初回,2025-04-09 01:38:04.953000,146.70200,1.00
2025-04-01,2025-04-30,20260209_100348,20260209_100348-0049,1,初回,2025-04-09 02:00:58.161000,146.53500,1.00
2025-04-01,2025-04-30,20260209_100348,20260209_100348-0050,1,初回,2025-04-09 03:36:09.506000,146.28600,1.00
2025-04-01,2025-04-30,20260209_100348,20260209_100348-0051,1,初回,2025-04-09 12:28:20.649000,145.33700,1.00
2025-04-01,2025-04-30,20260209_100348,20260209_100348-0052,1,初回,2025-04-09 13:00:18.191000,145.29400,1.00
2025-04-01,2025-04-30,20260209_100348,20260209_100348-0053,1,初回,2025-04-09 13:01:15.648000,145.16100,1.00
2025-04-01,2025-04-30,20260209_100348,20260209_100348-0054,1,初回,2025-04-09 13:04:58.561000,145.10900,1.00
2025-04-01,2025-04-30,20260209_100348,20260209_100348-0055,1,初回,2025-04-09 13:21:50.762000,144.84500,1.00
2025-04-01,2025-04-30,20260209_100348,20260209_100348-0056,1,初回,2025-04-09 13:28:59.858000,144.58900,1.00
2025-04-01,2025-04-30,20260209_100348,20260209_100348-0057,1,初回,2025-04-09 15:12:48.811000,145.42800,1.00
2025-04-01,2025-04-30,20260209_100348,20260209_100348-0058,1,初回,2025-04-09 16:51:30.339000,145.51200,1.00
2025-04-01,2025-04-30,20260209_100348,20260209_100348-0059,1,初回,2025-04-09 17:00:10.572000,145.61100,1.00
2025-04-01,2025-04-30,20260209_100348,20260209_100348-0060,1,初回,2025-04-09 20:30:45.005000,144.73800,1.00
2025-04-01,2025-04-30,20260209_100348,20260209_100348-0061,1,初回,2025-04-09 21:00:27.234000,144.61800,1.00
2025-04-01,2025-04-30,20260209_100348,20260209_100348-0062,1,初回,2025-04-09 23:00:47.365000,145.05400,1.00
2025-04-01,2025-04-30,20260209_100348,20260209_100348-0063,1,初回,2025-04-10 00:49:04.235000,145.05900,1.00
2025-04-01,2025-04-30,20260209_100348,20260209_100348-0064,1,初回,2025-04-10 01:22:52.001000,145.06800,1.00
2025-04-01,2025-04-30,20260209_100348,20260209_100348-0065,1,初回,2025-04-10 02:03:13.167000,145.17500,1.00
2025-04-01,2025-04-30,20260209_100348,20260209_100348-0066,1,初回,2025-04-10 02:21:02.844000,145.74900,1.00
2025-04-01,2025-04-30,20260209_100348,20260209_100348-0067,1,初回,2025-04-10 02:22:10.492000,145.91200,1.00
2025-04-01,2025-04-30,20260209_100348,20260209_100348-0068,1,初回,2025-04-10 03:00:17.733000,147.22500,1.00
2025-04-01,2025-04-30,20260209_100348,20260209_100348-0069,1,初回,2025-04-10 03:01:37.560000,147.35900,1.00
2025-04-01,2025-04-30,20260209_100348,20260209_100348-0070,1,初回,2025-04-10 03:05:53.344000,147.63700,1.00
2025-04-01,2025-04-30,20260209_100348,20260209_100348-0071,1,初回,2025-04-10 03:06:49.194000,147.93300,1.00
2025-04-01,2025-04-30,20260209_100348,20260209_100348-0072,1,初回,2025-04-10 03:07:57.775000,148.10900,1.00
2025-04-01,2025-04-30,20260209_100348,20260209_100348-0073,1,初回,2025-04-10 03:08:26.570000,148.10900,1.00
2025-04-01,2025-04-30,20260209_100348,20260209_100348-0074,1,初回,2025-04-10 13:05:37.075000,146.64100,1.00
2025-04-01,2025-04-30,20260209_100348,20260209_100348-0075,1,初回,2025-04-10 14:24:38.495000,146.54100,1.00
2025-04-01,2025-04-30,20260209_100348,20260209_100348-0076,1,初回,2025-04-10 16:41:38.310000,146.48900,1.00
2025-04-01,2025-04-30,20260209_100348,20260209_100348-0077,1,初回,2025-04-10 17:00:00.339000,146.27900,1.00
2025-04-01,2025-04-30,20260209_100348,20260209_100348-0078,1,初回,2025-04-10 18:29:30.115000,146.19000,1.00
2025-04-01,2025-04-30,20260209_100348,20260209_100348-0079,1,初回,2025-04-10 19:00:30.169000,146.03500,1.00
2025-04-01,2025-04-30,20260209_100348,20260209_100348-0080,1,初回,2025-04-10 20:00:08.755000,145.59200,1.00
2025-04-01,2025-04-30,20260209_100348,20260209_100348-0081,1,初回,2025-04-10 21:18:50.303000,145.37600,1.00
2025-04-01,2025-04-30,20260209_100348,20260209_100348-0082,1,初回,2025-04-10 22:50:17.448000,144.91500,1.00
2025-04-01,2025-04-30,20260209_100348,20260209_100348-0083,1,初回,2025-04-10 23:00:40.206000,144.81700,1.00
2025-04-01,2025-04-30,20260209_100348,20260209_100348-0084,1,初回,2025-04-10 23:58:13.177000,144.60000,1.00
2025-04-01,2025-04-30,20260209_100348,20260209_100348-0085,1,初回,2025-04-11 00:00:40.804000,144.60000,1.00
2025-04-01,2025-04-30,20260209_100348,20260209_100348-0086,1,初回,2025-04-11 00:38:56.419000,144.24400,1.00
2025-04-01,2025-04-30,20260209_100348,20260209_100348-0087,1,初回,2025-04-11 00:49:29.789000,144.01400,1.00
2025-04-01,2025-04-30,20260209_100348,20260209_100348-0088,1,初回,2025-04-11 04:19:23.341000,144.84700,1.00
2025-04-01,2025-04-30,20260209_100348,20260209_100348-0089,1,初回,2025-04-11 04:21:42.092000,145.02500,1.00
2025-04-01,2025-04-30,20260209_100348,20260209_100348-0090,1,初回,2025-04-11 13:51:29.103000,142.91200,1.00
2025-04-01,2025-04-30,20260209_100348,20260209_100348-0091,1,初回,2025-04-11 17:00:01.841000,142.83500,1.00
2025-04-01,2025-04-30,20260209_100348,20260209_100348-0092,1,初回,2025-04-11 18:51:01.144000,142.07000,1.00
2025-04-01,2025-04-30,20260209_100348,20260209_100348-0093,1,初回,2025-04-11 22:02:39.298000,142.44400,1.00
2025-04-01,2025-04-30,20260209_100348,20260209_100348-0094,1,初回,2025-04-11 22:39:17.713000,143.18900,1.00
2025-04-01,2025-04-30,20260209_100348,20260209_100348-0095,1,初回,2025-04-11 23:52:58.739000,143.54100,1.00
2025-04-01,2025-04-30,20260209_100348,20260209_100348-0096,1,初回,2025-04-12 00:00:03.047000,143.57700,1.00
2025-04-01,2025-04-30,20260209_100348,20260209_100348-0097,1,初回,2025-04-12 01:13:28.884000,143.68900,1.00
2025-04-01,2025-04-30,20260209_100348,20260209_100348-0098,1,初回,2025-04-12 02:26:52.900000,143.95400,1.00
2025-04-01,2025-04-30,20260209_100348,20260209_100348-0099,1,初回,2025-04-14 14:08:46.031000,143.17200,1.00
2025-04-01,2025-04-30,20260209_100348,20260209_100348-0100,1,初回,2025-04-14 15:17:24.067000,142.67000,1.00
2025-04-01,2025-04-30,20260209_100348,20260209_100348-0101,1,初回,2025-04-14 15:20:27.074000,142.60400,1.00
2025-04-01,2025-04-30,20260209_100348,20260209_100348-0102,1,初回,2025-04-14 16:00:07.118000,142.38300,1.00
2025-04-01,2025-04-30,20260209_100348,20260209_100348-0103,1,初回,2025-04-14 16:00:20.740000,142.28100,1.00
2025-04-01,2025-04-30,20260209_100348,20260209_100348-0104,1,初回,2025-04-14 16:02:24.357000,142.25600,1.00
2025-04-01,2025-04-30,20260209_100348,20260209_100348-0105,1,初回,2025-04-14 19:18:53.245000,143.25000,1.00
2025-04-01,2025-04-30,20260209_100348,20260209_100348-0106,1,初回,2025-04-14 19:19:02.225000,143.24600,1.00
2025-04-01,2025-04-30,20260209_100348,20260209_100348-0107,1,初回,2025-04-14 20:57:38.172000,143.26800,1.00
2025-04-01,2025-04-30,20260209_100348,20260209_100348-0108,1,初回,2025-04-14 21:12:46.225000,143.32700,1.00
2025-04-01,2025-04-30,20260209_100348,20260209_100348-0109,1,初回,2025-04-14 22:00:28.642000,143.66900,1.00
2025-04-01,2025-04-30,20260209_100348,20260209_100348-0110,1,初回,2025-04-15 15:02:23.299000,142.89000,1.00
2025-04-01,2025-04-30,20260209_100348,20260209_100348-0111,1,初回,2025-04-15 17:56:48.857000,142.88200,1.00
2025-04-01,2025-04-30,20260209_100348,20260209_100348-0112,1,初回,2025-04-15 18:00:08.592000,142.87900,1.00
2025-04-01,2025-04-30,20260209_100348,20260209_100348-0113,1,初回,2025-04-15 18:01:05.041000,142.81700,1.00
2025-04-01,2025-04-30,20260209_100348,20260209_100348-0114,1,初回,2025-04-15 21:20:15.482000,142.72100,1.00
2025-04-01,2025-04-30,20260209_100348,20260209_100348-0115,1,初回,2025-04-15 23:10:07.309000,143.15500,1.00
2025-04-01,2025-04-30,20260209_100348,20260209_100348-0116,1,初回,2025-04-16 01:16:44.531000,143.23600,1.00
2025-04-01,2025-04-30,20260209_100348,20260209_100348-0117,1,初回,2025-04-16 11:06:54.600000,142.70700,1.00
2025-04-01,2025-04-30,20260209_100348,20260209_100348-0118,1,初回,2025-04-16 12:00:40.517000,142.68800,1.00
2025-04-01,2025-04-30,20260209_100348,20260209_100348-0119,1,初回,2025-04-16 12:34:41.998000,142.63600,1.00
2025-04-01,2025-04-30,20260209_100348,20260209_100348-0120,1,初回,2025-04-16 13:09:22.781000,142.53600,1.00
2025-04-01,2025-04-30,20260209_100348,20260209_100348-0121,1,初回,2025-04-16 14:16:44.140000,142.50300,1.00
2025-04-01,2025-04-30,20260209_100348,20260209_100348-0122,1,初回,2025-04-16 14:32:59.280000,142.26600,1.00
2025-04-01,2025-04-30,20260209_100348,20260209_100348-0123,1,初回,2025-04-16 14:56:08.376000,142.25100,1.00
2025-04-01,2025-04-30,20260209_100348,20260209_100348-0124,1,初回,2025-04-16 15:00:01.993000,142.13600,1.00
2025-04-01,2025-04-30,20260209_100348,20260209_100348-0125,1,初回,2025-04-16 16:48:24.519000,142.10000,1.00
2025-04-01,2025-04-30,20260209_100348,20260209_100348-0126,1,初回,2025-04-16 17:01:59.991000,142.07900,1.00
2025-04-01,2025-04-30,20260209_100348,20260209_100348-0127,1,初回,2025-04-16 21:13:46.388000,142.64500,1.00
2025-04-01,2025-04-30,20260209_100348,20260209_100348-0128,1,初回,2025-04-16 22:20:32.052000,142.47000,1.00
2025-04-01,2025-04-30,20260209_100348,20260209_100348-0129,1,初回,2025-04-16 23:00:00.027000,142.44200,1.00
2025-04-01,2025-04-30,20260209_100348,20260209_100348-0130,1,初回,2025-04-17 02:41:00.780000,142.35400,1.00
2025-04-01,2025-04-30,20260209_100348,20260209_100348-0131,1,初回,2025-04-17 03:02:28.719000,142.34700,1.00
2025-04-01,2025-04-30,20260209_100348,20260209_100348-0132,1,初回,2025-04-17 04:01:08.292000,142.10700,1.00
2025-04-01,2025-04-30,20260209_100348,20260209_100348-0133,1,初回,2025-04-17 14:40:41.985000,142.83200,1.00
2025-04-01,2025-04-30,20260209_100348,20260209_100348-0134,1,初回,2025-04-17 15:05:28.382000,142.83400,1.00
2025-04-01,2025-04-30,20260209_100348,20260209_100348-0135,1,初回,2025-04-17 16:23:04.657000,142.86100,1.00
2025-04-01,2025-04-30,20260209_100348,20260209_100348-0136,1,初回,2025-04-17 17:10:13.415000,142.88400,1.00
2025-04-01,2025-04-30,20260209_100348,20260209_100348-0137,1,初回,2025-04-17 19:43:24.609000,142.52200,1.00
2025-04-01,2025-04-30,20260209_100348,20260209_100348-0138,1,初回,2025-04-17 21:30:33.414000,142.49800,1.00
2025-04-01,2025-04-30,20260209_100348,20260209_100348-0139,1,初回,2025-04-17 21:30:36.554000,142.42000,1.00
2025-04-01,2025-04-30,20260209_100348,20260209_100348-0140,1,初回,2025-04-17 22:11:08.654000,142.32700,1.00
2025-04-01,2025-04-30,20260209_100348,20260209_100348-0141,1,初回,2025-04-17 23:53:53.709000,142.17800,1.00
2025-04-01,2025-04-30,20260209_100348,20260209_100348-0142,1,初回,2025-04-21 11:03:19.147000,141.00800,1.00
2025-04-01,2025-04-30,20260209_100348,20260209_100348-0143,1,初回,2025-04-21 14:31:10.190000,140.64800,1.00
2025-04-01,2025-04-30,20260209_100348,20260209_100348-0144,1,初回,2025-04-21 17:00:45.003000,140.58600,1.00
2025-04-01,2025-04-30,20260209_100348,20260209_100348-0145,1,初回,2025-04-21 20:06:28.621000,141.05300,1.00
2025-04-01,2025-04-30,20260209_100348,20260209_100348-0146,1,初回,2025-04-22 12:01:09.618000,140.50600,1.00
2025-04-01,2025-04-30,20260209_100348,20260209_100348-0147,1,初回,2025-04-22 13:06:54.525000,140.13200,1.00
2025-04-01,2025-04-30,20260209_100348,20260209_100348-0148,1,初回,2025-04-22 14:19:28.180000,140.13400,1.00
2025-04-01,2025-04-30,20260209_100348,20260209_100348-0149,1,初回,2025-04-22 15:10:07.426000,139.93000,1.00
2025-04-01,2025-04-30,20260209_100348,20260209_100348-0150,1,初回,2025-04-22 22:02:14.957000,140.60400,1.00
2025-04-01,2025-04-30,20260209_100348,20260209_100348-0151,1,初回,2025-04-22 23:00:00.097000,140.76900,1.00
2025-04-01,2025-04-30,20260209_100348,20260209_100348-0153,1,初回,2025-04-23 00:59:35.450000,140.90000,1.00
2025-04-01,2025-04-30,20260209_100348,20260209_100348-0152,1,初回,2025-04-23 01:00:01.979000,140.89300,1.00
2025-04-01,2025-04-30,20260209_100348,20260209_100348-0154,1,初回,2025-04-23 01:24:29.491000,141.14300,1.00
2025-04-01,2025-04-30,20260209_100348,20260209_100348-0155,1,初回,2025-04-23 02:00:34.026000,141.33200,1.00
2025-04-01,2025-04-30,20260209_100348,20260209_100348-0156,1,初回,2025-04-23 03:40:31.527000,141.36100,1.00
2025-04-01,2025-04-30,20260209_100348,20260209_100348-0157,1,初回,2025-04-23 04:30:00.991000,141.48100,1.00
2025-04-01,2025-04-30,20260209_100348,20260209_100348-0158,1,初回,2025-04-23 16:05:01.358000,141.63700,1.00
2025-04-01,2025-04-30,20260209_100348,20260209_100348-0159,1,初回,2025-04-23 22:37:44.911000,142.19000,1.00
2025-04-01,2025-04-30,20260209_100348,20260209_100348-0160,1,初回,2025-04-23 23:00:07.284000,142.66300,1.00
2025-04-01,2025-04-30,20260209_100348,20260209_100348-0161,1,初回,2025-04-24 01:10:25.034000,142.76600,1.00
2025-04-01,2025-04-30,20260209_100348,20260209_100348-0162,1,初回,2025-04-24 02:15:04.111000,143.04300,1.00
2025-04-01,2025-04-30,20260209_100348,20260209_100348-0163,1,初回,2025-04-24 02:23:27.435000,143.18800,1.00
2025-04-01,2025-04-30,20260209_100348,20260209_100348-0164,1,初回,2025-04-24 02:56:32.390000,143.24900,1.00
2025-04-01,2025-04-30,20260209_100348,20260209_100348-0165,1,初回,2025-04-24 03:00:27.873000,143.26000,1.00
2025-04-01,2025-04-30,20260209_100348,20260209_100348-0166,1,初回,2025-04-24 03:30:47.992000,143.48000,1.00
2025-04-01,2025-04-30,20260209_100348,20260209_100348-0167,1,初回,2025-04-24 04:02:40.954000,143.46700,1.00
2025-04-01,2025-04-30,20260209_100348,20260209_100348-0168,1,初回,2025-04-24 21:48:35.333000,142.34400,1.00
2025-04-01,2025-04-30,20260209_100348,20260209_100348-0169,1,初回,2025-04-24 23:10:57.077000,142.32900,1.00
2025-04-01,2025-04-30,20260209_100348,20260209_100348-0170,1,初回,2025-04-25 01:36:50.072000,142.74700,1.00
2025-04-01,2025-04-30,20260209_100348,20260209_100348-0171,1,初回,2025-04-25 02:25:33.446000,142.76600,1.00
2025-04-01,2025-04-30,20260209_100348,20260209_100348-0172,1,初回,2025-04-25 03:00:05.312000,142.80000,1.00
2025-04-01,2025-04-30,20260209_100348,20260209_100348-0173,1,初回,2025-04-25 12:23:46.274000,143.08300,1.00
2025-04-01,2025-04-30,20260209_100348,20260209_100348-0174,1,初回,2025-04-25 12:40:02.503000,143.41200,1.00
2025-04-01,2025-04-30,20260209_100348,20260209_100348-0175,1,初回,2025-04-25 12:58:14.984000,143.54100,1.00
2025-04-01,2025-04-30,20260209_100348,20260209_100348-0176,1,初回,2025-04-25 12:58:16.494000,143.56300,1.00
2025-04-01,2025-04-30,20260209_100348,20260209_100348-0177,1,初回,2025-04-25 13:00:00.951000,143.63900,1.00
2025-04-01,2025-04-30,20260209_100348,20260209_100348-0178,1,初回,2025-04-25 14:48:29.947000,143.77800,1.00
2025-04-01,2025-04-30,20260209_100348,20260209_100348-0179,1,初回,2025-04-25 15:46:07.698000,143.54300,1.00
2025-04-01,2025-04-30,20260209_100348,20260209_100348-0180,1,初回,2025-04-25 16:13:50.529000,143.47500,1.00
2025-04-01,2025-04-30,20260209_100348,20260209_100348-0181,1,初回,2025-04-25 17:15:12.354000,143.26300,1.00
2025-04-01,2025-04-30,20260209_100348,20260209_100348-0182,1,初回,2025-04-25 19:17:25.827000,143.66800,1.00
2025-04-01,2025-04-30,20260209_100348,20260209_100348-0183,1,初回,2025-04-25 19:56:47.961000,143.27500,1.00
2025-04-01,2025-04-30,20260209_100348,20260209_100348-0184,1,初回,2025-04-25 22:31:31.053000,143.70800,1.00
2025-04-01,2025-04-30,20260209_100348,20260209_100348-0185,1,初回,2025-04-25 22:35:15.427000,143.82400,1.00
2025-04-01,2025-04-30,20260209_100348,20260209_100348-0186,1,初回,2025-04-25 23:00:30.771000,143.84500,1.00
2025-04-01,2025-04-30,20260209_100348,20260209_100348-0187,1,初回,2025-04-26 00:00:24.100000,143.95900,1.00
2025-04-01,2025-04-30,20260209_100348,20260209_100348-0188,1,初回,2025-04-28 11:02:11.027000,143.84800,1.00
2025-04-01,2025-04-30,20260209_100348,20260209_100348-0189,1,初回,2025-04-28 13:45:57.258000,143.37800,1.00
2025-04-01,2025-04-30,20260209_100348,20260209_100348-0190,1,初回,2025-04-28 15:57:24.119000,143.82900,1.00
2025-04-01,2025-04-30,20260209_100348,20260209_100348-0191,1,初回,2025-04-28 21:02:18.165000,143.32800,1.00
2025-04-01,2025-04-30,20260209_100348,20260209_100348-0192,1,初回,2025-04-28 21:20:01.693000,143.26200,1.00
2025-04-01,2025-04-30,20260209_100348,20260209_100348-0193,1,初回,2025-04-28 21:20:20.232000,143.26200,1.00
2025-04-01,2025-04-30,20260209_100348,20260209_100348-0194,1,初回,2025-04-28 22:43:18.570000,143.18700,1.00
2025-04-01,2025-04-30,20260209_100348,20260209_100348-0195,1,初回,2025-04-28 23:12:56.790000,143.10600,1.00
2025-04-01,2025-04-30,20260209_100348,20260209_100348-0196,1,初回,2025-04-29 01:07:52.728000,142.62500,1.00
2025-04-01,2025-04-30,20260209_100348,20260209_100348-0197,1,初回,2025-04-29 01:42:31.480000,142.48500,1.00
2025-04-01,2025-04-30,20260209_100348,20260209_100348-0198,1,初回,2025-04-29 01:56:51.442000,142.31600,1.00
2025-04-01,2025-04-30,20260209_100348,20260209_100348-0199,1,初回,2025-04-29 02:04:44.055000,142.31400,1.00
2025-04-01,2025-04-30,20260209_100348,20260209_100348-0200,1,初回,2025-04-29 03:37:11.957000,142.16700,1.00
2025-04-01,2025-04-30,20260209_100348,20260209_100348-0201,1,初回,2025-04-29 04:31:32.810000,142.15000,1.00
2025-04-01,2025-04-30,20260209_100348,20260209_100348-0202,1,初回,2025-04-29 23:00:30.139000,142.04800,1.00
2025-04-01,2025-04-30,20260209_100348,20260209_100348-0203,1,初回,2025-04-30 01:25:16.254000,142.04500,1.00
2025-04-01,2025-04-30,20260209_100348,20260209_100348-0204,1,初回,2025-04-30 01:25:32.519000,141.97800,1.00
2025-04-01,2025-04-30,20260209_100348,20260209_100348-0205,1,初回,2025-04-30 11:00:08.041000,142.47800,1.00
2025-04-01,2025-04-30,20260209_100348,20260209_100348-0206,1,初回,2025-04-30 12:45:57.990000,142.52100,1.00
2025-04-01,2025-04-30,20260209_100348,20260209_100348-0207,1,初回,2025-04-30 14:00:23.324000,142.52500,1.00
2025-04-01,2025-04-30,20260209_100348,20260209_100348-0208,1,初回,2025-04-30 16:13:07.891000,142.69100,1.00
2025-04-01,2025-04-30,20260209_100348,20260209_100348-0209,1,初回,2025-04-30 16:24:32.459000,142.72800,1.00
2025-04-01,2025-04-30,20260209_100348,20260209_100348-0210,1,初回,2025-04-30 17:23:04.156000,142.85900,1.00
2025-04-01,2025-04-30,20260209_100348,20260209_100348-0211,1,初回,2025-04-30 18:01:52.463000,142.91500,1.00
2025-04-01,2025-04-30,20260209_100348,20260209_100348-0212,1,初回,2025-04-30 20:03:35.218000,143.12200,1.00
2025-05-01,2025-05-31,20260209_100502,20260209_100502-0001,1,初回,2025-05-01 03:21:48.892000,142.91200,1.00
2025-05-01,2025-05-31,20260209_100502,20260209_100502-0002,1,初回,2025-05-01 04:58:06.662000,142.97900,1.00
2025-05-01,2025-05-31,20260209_100502,20260209_100502-0003,1,初回,2025-05-01 11:00:34.089000,143.20900,1.00
2025-05-01,2025-05-31,20260209_100502,20260209_100502-0004,1,初回,2025-05-01 13:01:07.493000,143.72500,1.00
2025-05-01,2025-05-31,20260209_100502,20260209_100502-0005,1,初回,2025-05-01 15:27:54.105000,144.22800,1.00
2025-05-01,2025-05-31,20260209_100502,20260209_100502-0006,1,初回,2025-05-01 16:00:06.933000,144.56600,1.00
2025-05-01,2025-05-31,20260209_100502,20260209_100502-0007,1,初回,2025-05-01 21:54:10.661000,144.71200,1.00
2025-05-01,2025-05-31,20260209_100502,20260209_100502-0008,1,初回,2025-05-01 22:45:37.883000,144.73600,1.00
2025-05-01,2025-05-31,20260209_100502,20260209_100502-0009,1,初回,2025-05-01 23:00:11.301000,144.77400,1.00
2025-05-01,2025-05-31,20260209_100502,20260209_100502-0010,1,初回,2025-05-02 00:23:20.182000,145.47000,1.00
2025-05-01,2025-05-31,20260209_100502,20260209_100502-0011,1,初回,2025-05-02 03:01:36.336000,145.62300,1.00
2025-05-01,2025-05-31,20260209_100502,20260209_100502-0012,1,初回,2025-05-02 03:01:58.081000,145.62400,1.00
2025-05-01,2025-05-31,20260209_100502,20260209_100502-0013,1,初回,2025-05-02 04:02:45.937000,145.70500,1.00
2025-05-01,2025-05-31,20260209_100502,20260209_100502-0014,1,初回,2025-05-02 12:32:10.252000,145.27900,1.00
2025-05-01,2025-05-31,20260209_100502,20260209_100502-0015,1,初回,2025-05-02 15:03:37.245000,145.18400,1.00
2025-05-01,2025-05-31,20260209_100502,20260209_100502-0016,1,初回,2025-05-02 16:06:04.568000,145.08200,1.00
2025-05-01,2025-05-31,20260209_100502,20260209_100502-0017,1,初回,2025-05-02 17:03:59.394000,145.07900,1.00
2025-05-01,2025-05-31,20260209_100502,20260209_100502-0018,1,初回,2025-05-02 18:02:14.303000,144.85800,1.00
2025-05-01,2025-05-31,20260209_100502,20260209_100502-0019,1,初回,2025-05-02 20:31:06.819000,144.47900,1.00
2025-05-01,2025-05-31,20260209_100502,20260209_100502-0020,1,初回,2025-05-02 21:42:04.408000,144.40300,1.00
2025-05-01,2025-05-31,20260209_100502,20260209_100502-0021,1,初回,2025-05-02 22:18:52.898000,144.37000,1.00
2025-05-01,2025-05-31,20260209_100502,20260209_100502-0022,1,初回,2025-05-02 22:37:58.896000,143.91200,1.00
2025-05-01,2025-05-31,20260209_100502,20260209_100502-0023,1,初回,2025-05-02 23:00:46.317000,143.76900,1.00
2025-05-01,2025-05-31,20260209_100502,20260209_100502-0024,1,初回,2025-05-03 02:42:55.334000,144.76000,1.00
2025-05-01,2025-05-31,20260209_100502,20260209_100502-0025,1,初回,2025-05-03 04:35:52.819000,145.05600,1.00
2025-05-01,2025-05-31,20260209_100502,20260209_100502-0026,1,初回,2025-05-05 11:34:43.890000,144.13900,1.00
2025-05-01,2025-05-31,20260209_100502,20260209_100502-0027,1,初回,2025-05-05 13:09:39.896000,144.10300,1.00
2025-05-01,2025-05-31,20260209_100502,20260209_100502-0028,1,初回,2025-05-05 17:44:58.872000,144.00200,1.00
2025-05-01,2025-05-31,20260209_100502,20260209_100502-0029,1,初回,2025-05-05 18:06:47.581000,143.93100,1.00
2025-05-01,2025-05-31,20260209_100502,20260209_100502-0030,1,初回,2025-05-05 19:00:11.633000,143.85400,1.00
2025-05-01,2025-05-31,20260209_100502,20260209_100502-0031,1,初回,2025-05-05 20:11:30.116000,143.84200,1.00
2025-05-01,2025-05-31,20260209_100502,20260209_100502-0032,1,初回,2025-05-05 20:25:30.784000,143.76400,1.00
2025-05-01,2025-05-31,20260209_100502,20260209_100502-0033,1,初回,2025-05-05 21:22:54.193000,143.78700,1.00
2025-05-01,2025-05-31,20260209_100502,20260209_100502-0034,1,初回,2025-05-05 22:00:47.795000,143.61200,1.00
2025-05-01,2025-05-31,20260209_100502,20260209_100502-0035,1,初回,2025-05-06 13:18:16.985000,143.65400,1.00
2025-05-01,2025-05-31,20260209_100502,20260209_100502-0036,1,初回,2025-05-06 15:44:05.551000,143.65600,1.00
2025-05-01,2025-05-31,20260209_100502,20260209_100502-0037,1,初回,2025-05-06 16:25:30.189000,143.57900,1.00
2025-05-01,2025-05-31,20260209_100502,20260209_100502-0038,1,初回,2025-05-06 17:07:59.590000,143.24000,1.00
2025-05-01,2025-05-31,20260209_100502,20260209_100502-0039,1,初回,2025-05-06 20:23:22.541000,142.94200,1.00
2025-05-01,2025-05-31,20260209_100502,20260209_100502-0040,1,初回,2025-05-06 20:35:00.611000,142.75500,1.00
2025-05-01,2025-05-31,20260209_100502,20260209_100502-0041,1,初回,2025-05-06 21:00:00.122000,142.78200,1.00
2025-05-01,2025-05-31,20260209_100502,20260209_100502-0042,1,初回,2025-05-06 21:56:46.791000,142.53100,1.00
2025-05-01,2025-05-31,20260209_100502,20260209_100502-0043,1,初回,2025-05-06 22:47:57.897000,142.52200,1.00
2025-05-01,2025-05-31,20260209_100502,20260209_100502-0044,1,初回,2025-05-07 04:28:50.314000,142.39200,1.00
2025-05-01,2025-05-31,20260209_100502,20260209_100502-0045,1,初回,2025-05-07 13:47:26.138000,143.27800,1.00
2025-05-01,2025-05-31,20260209_100502,20260209_100502-0046,1,初回,2025-05-07 14:01:11.841000,143.29500,1.00
2025-05-01,2025-05-31,20260209_100502,20260209_100502-0047,1,初回,2025-05-07 18:08:08.860000,143.41000,1.00
2025-05-01,2025-05-31,20260209_100502,20260209_100502-0048,1,初回,2025-05-07 21:02:08.288000,143.42300,1.00
2025-05-01,2025-05-31,20260209_100502,20260209_100502-0049,1,初回,2025-05-08 01:29:10.180000,143.44200,1.00
2025-05-01,2025-05-31,20260209_100502,20260209_100502-0050,1,初回,2025-05-08 03:44:26.876000,143.56400,1.00
2025-05-01,2025-05-31,20260209_100502,20260209_100502-0051,1,初回,2025-05-08 04:12:24.144000,143.75800,1.00
2025-05-01,2025-05-31,20260209_100502,20260209_100502-0052,1,初回,2025-05-08 14:11:43.207000,143.96800,1.00
2025-05-01,2025-05-31,20260209_100502,20260209_100502-0053,1,初回,2025-05-08 14:12:55.519000,144.03000,1.00
2025-05-01,2025-05-31,20260209_100502,20260209_100502-0054,1,初回,2025-05-08 15:15:38.734000,144.03800,1.00
2025-05-01,2025-05-31,20260209_100502,20260209_100502-0055,1,初回,2025-05-08 15:30:33.118000,144.24500,1.00
2025-05-01,2025-05-31,20260209_100502,20260209_100502-0056,1,初回,2025-05-08 16:04:39.299000,144.40300,1.00
2025-05-01,2025-05-31,20260209_100502,20260209_100502-0057,1,初回,2025-05-08 17:10:39.607000,144.48900,1.00
2025-05-01,2025-05-31,20260209_100502,20260209_100502-0058,1,初回,2025-05-08 17:15:19.366000,144.61000,1.00
2025-05-01,2025-05-31,20260209_100502,20260209_100502-0059,1,初回,2025-05-08 18:00:49.346000,144.81700,1.00
2025-05-01,2025-05-31,20260209_100502,20260209_100502-0060,1,初回,2025-05-08 19:09:12.162000,144.92000,1.00
2025-05-01,2025-05-31,20260209_100502,20260209_100502-0061,1,初回,2025-05-08 23:51:08.016000,144.97500,1.00
2025-05-01,2025-05-31,20260209_100502,20260209_100502-0062,1,初回,2025-05-09 00:21:33.574000,145.08800,1.00
2025-05-01,2025-05-31,20260209_100502,20260209_100502-0063,1,初回,2025-05-09 00:49:36.303000,145.47700,1.00
2025-05-01,2025-05-31,20260209_100502,20260209_100502-0064,1,初回,2025-05-09 01:09:15.590000,145.56300,1.00
2025-05-01,2025-05-31,20260209_100502,20260209_100502-0065,1,初回,2025-05-09 02:00:05.170000,145.75500,1.00
2025-05-01,2025-05-31,20260209_100502,20260209_100502-0066,1,初回,2025-05-09 02:25:38.859000,145.89400,1.00
2025-05-01,2025-05-31,20260209_100502,20260209_100502-0067,1,初回,2025-05-09 03:41:19.589000,145.91900,1.00
2025-05-01,2025-05-31,20260209_100502,20260209_100502-0068,1,初回,2025-05-09 04:18:41.577000,145.92000,1.00
2025-05-01,2025-05-31,20260209_100502,20260209_100502-0069,1,初回,2025-05-09 13:34:28.306000,145.49300,1.00
2025-05-01,2025-05-31,20260209_100502,20260209_100502-0070,1,初回,2025-05-09 14:08:56.807000,145.48500,1.00
2025-05-01,2025-05-31,20260209_100502,20260209_100502-0071,1,初回,2025-05-09 15:00:28.757000,145.44700,1.00
2025-05-01,2025-05-31,20260209_100502,20260209_100502-0072,1,初回,2025-05-09 16:02:59.085000,145.27300,1.00
2025-05-01,2025-05-31,20260209_100502,20260209_100502-0073,1,初回,2025-05-09 17:00:01.122000,145.17000,1.00
2025-05-01,2025-05-31,20260209_100502,20260209_100502-0074,1,初回,2025-05-09 18:36:11.261000,145.11200,1.00
2025-05-01,2025-05-31,20260209_100502,20260209_100502-0075,1,初回,2025-05-09 23:24:30.307000,144.96700,1.00
2025-05-01,2025-05-31,20260209_100502,20260209_100502-0076,1,初回,2025-05-10 01:30:55.051000,145.24100,1.00
2025-05-01,2025-05-31,20260209_100502,20260209_100502-0077,1,初回,2025-05-10 02:47:10.684000,145.26500,1.00
2025-05-01,2025-05-31,20260209_100502,20260209_100502-0078,1,初回,2025-05-10 04:08:03.661000,145.32200,1.00
2025-05-01,2025-05-31,20260209_100502,20260209_100502-0079,1,初回,2025-05-12 13:01:32.983000,145.75600,1.00
2025-05-01,2025-05-31,20260209_100502,20260209_100502-0080,1,初回,2025-05-12 15:43:27.005000,146.09800,1.00
2025-05-01,2025-05-31,20260209_100502,20260209_100502-0081,1,初回,2025-05-12 16:00:02.084000,146.14000,1.00
2025-05-01,2025-05-31,20260209_100502,20260209_100502-0082,1,初回,2025-05-12 16:00:06.006000,146.25400,1.00
2025-05-01,2025-05-31,20260209_100502,20260209_100502-0083,1,初回,2025-05-12 16:00:25.493000,146.25600,1.00
2025-05-01,2025-05-31,20260209_100502,20260209_100502-0084,1,初回,2025-05-12 17:07:09.564000,147.96400,1.00
2025-05-01,2025-05-31,20260209_100502,20260209_100502-0085,1,初回,2025-05-12 19:15:45.358000,148.19600,1.00
2025-05-01,2025-05-31,20260209_100502,20260209_100502-0086,1,初回,2025-05-13 01:18:14.456000,148.29800,1.00
2025-05-01,2025-05-31,20260209_100502,20260209_100502-0087,1,初回,2025-05-13 02:00:48.973000,148.52500,1.00
2025-05-01,2025-05-31,20260209_100502,20260209_100502-0088,1,初回,2025-05-13 02:08:27.503000,148.56200,1.00
2025-05-01,2025-05-31,20260209_100502,20260209_100502-0089,1,初回,2025-05-13 03:09:26.771000,148.60900,1.00
2025-05-01,2025-05-31,20260209_100502,20260209_100502-0090,1,初回,2025-05-13 11:08:46.596000,147.79700,1.00
2025-05-01,2025-05-31,20260209_100502,20260209_100502-0091,1,初回,2025-05-13 13:02:01.856000,147.76800,1.00
2025-05-01,2025-05-31,20260209_100502,20260209_100502-0092,1,初回,2025-05-13 14:01:12.234000,147.73400,1.00
2025-05-01,2025-05-31,20260209_100502,20260209_100502-0093,1,初回,2025-05-13 14:13:28.913000,147.66200,1.00
2025-05-01,2025-05-31,20260209_100502,20260209_100502-0094,1,初回,2025-05-13 17:29:24.724000,148.02500,1.00
2025-05-01,2025-05-31,20260209_100502,20260209_100502-0095,1,初回,2025-05-13 19:07:11.830000,148.03300,1.00
2025-05-01,2025-05-31,20260209_100502,20260209_100502-0096,1,初回,2025-05-13 19:07:17.940000,148.03200,1.00
2025-05-01,2025-05-31,20260209_100502,20260209_100502-0097,1,初回,2025-05-13 20:45:51.070000,148.10300,1.00
2025-05-01,2025-05-31,20260209_100502,20260209_100502-0098,1,初回,2025-05-13 21:00:11.737000,148.10600,1.00
2025-05-01,2025-05-31,20260209_100502,20260209_100502-0099,1,初回,2025-05-13 22:03:33.085000,147.88400,1.00
2025-05-01,2025-05-31,20260209_100502,20260209_100502-0100,1,初回,2025-05-13 22:25:00.435000,147.77100,1.00
2025-05-01,2025-05-31,20260209_100502,20260209_100502-0101,1,初回,2025-05-13 22:25:32.787000,147.68400,1.00
2025-05-01,2025-05-31,20260209_100502,20260209_100502-0102,1,初回,2025-05-14 01:01:26.327000,147.69600,1.00
2025-05-01,2025-05-31,20260209_100502,20260209_100502-0103,1,初回,2025-05-14 01:02:27.939000,147.69600,1.00
2025-05-01,2025-05-31,20260209_100502,20260209_100502-0104,1,初回,2025-05-14 03:42:40.133000,147.49400,1.00
2025-05-01,2025-05-31,20260209_100502,20260209_100502-0105,1,初回,2025-05-14 13:26:54.874000,147.02900,1.00
2025-05-01,2025-05-31,20260209_100502,20260209_100502-0106,1,初回,2025-05-14 14:00:49.123000,146.91800,1.00
2025-05-01,2025-05-31,20260209_100502,20260209_100502-0107,1,初回,2025-05-14 17:03:05.612000,146.87800,1.00
2025-05-01,2025-05-31,20260209_100502,20260209_100502-0108,1,初回,2025-05-14 18:07:51.837000,146.16100,1.00
2025-05-01,2025-05-31,20260209_100502,20260209_100502-0109,1,初回,2025-05-14 18:23:51.376000,145.91200,1.00
2025-05-01,2025-05-31,20260209_100502,20260209_100502-0110,1,初回,2025-05-14 18:43:01.193000,145.75500,1.00
2025-05-01,2025-05-31,20260209_100502,20260209_100502-0111,1,初回,2025-05-15 12:25:30.123000,146.11400,1.00
2025-05-01,2025-05-31,20260209_100502,20260209_100502-0112,1,初回,2025-05-15 13:09:26.046000,145.99100,1.00
2025-05-01,2025-05-31,20260209_100502,20260209_100502-0113,1,初回,2025-05-15 15:00:04.559000,145.96700,1.00
2025-05-01,2025-05-31,20260209_100502,20260209_100502-0114,1,初回,2025-05-15 15:46:27.662000,145.64100,1.00
2025-05-01,2025-05-31,20260209_100502,20260209_100502-0115,1,初回,2025-05-15 22:01:36.611000,145.67000,1.00
2025-05-01,2025-05-31,20260209_100502,20260209_100502-0116,1,初回,2025-05-15 23:07:46.526000,145.61500,1.00
2025-05-01,2025-05-31,20260209_100502,20260209_100502-0117,1,初回,2025-05-15 23:10:20.133000,145.51800,1.00
2025-05-01,2025-05-31,20260209_100502,20260209_100502-0118,1,初回,2025-05-16 15:56:10.019000,145.00000,1.00
2025-05-01,2025-05-31,20260209_100502,20260209_100502-0119,1,初回,2025-05-16 21:00:00.772000,145.64900,1.00
2025-05-01,2025-05-31,20260209_100502,20260209_100502-0120,1,初回,2025-05-16 23:11:07.008000,145.66300,1.00
2025-05-01,2025-05-31,20260209_100502,20260209_100502-0121,1,初回,2025-05-16 23:45:11.657000,146.01200,1.00
2025-05-01,2025-05-31,20260209_100502,20260209_100502-0122,1,初回,2025-05-17 00:10:01.714000,146.04100,1.00
2025-05-01,2025-05-31,20260209_100502,20260209_100502-0123,1,初回,2025-05-17 01:05:24.763000,146.04300,1.00
2025-05-01,2025-05-31,20260209_100502,20260209_100502-0124,1,初回,2025-05-19 16:29:36.284000,144.84500,1.00
2025-05-01,2025-05-31,20260209_100502,20260209_100502-0125,1,初回,2025-05-20 11:20:46.611000,144.75800,1.00
2025-05-01,2025-05-31,20260209_100502,20260209_100502-0126,1,初回,2025-05-20 13:00:35.890000,144.78500,1.00
2025-05-01,2025-05-31,20260209_100502,20260209_100502-0128,1,初回,2025-05-20 13:31:16.913000,144.73700,1.00
2025-05-01,2025-05-31,20260209_100502,20260209_100502-0127,1,初回,2025-05-20 14:00:06.651000,144.74900,1.00
2025-05-01,2025-05-31,20260209_100502,20260209_100502-0129,1,初回,2025-05-20 14:00:35.651000,144.69800,1.00
2025-05-01,2025-05-31,20260209_100502,20260209_100502-0130,1,初回,2025-05-20 15:00:38.049000,144.35900,1.00
2025-05-01,2025-05-31,20260209_100502,20260209_100502-0131,1,初回,2025-05-20 16:12:24.618000,144.34300,1.00
2025-05-01,2025-05-31,20260209_100502,20260209_100502-0132,1,初回,2025-05-20 16:17:48.878000,144.29000,1.00
2025-05-01,2025-05-31,20260209_100502,20260209_100502-0133,1,初回,2025-05-21 11:06:19.883000,144.08300,1.00
2025-05-01,2025-05-31,20260209_100502,20260209_100502-0134,1,初回,2025-05-21 12:02:07.139000,143.88500,1.00
2025-05-01,2025-05-31,20260209_100502,20260209_100502-0135,1,初回,2025-05-21 13:36:32.229000,143.76100,1.00
2025-05-01,2025-05-31,20260209_100502,20260209_100502-0136,1,初回,2025-05-21 14:23:07.178000,143.68000,1.00
2025-05-01,2025-05-31,20260209_100502,20260209_100502-0137,1,初回,2025-05-21 15:00:13.326000,143.56800,1.00
2025-05-01,2025-05-31,20260209_100502,20260209_100502-0138,1,初回,2025-05-21 15:37:16.104000,143.48300,1.00
2025-05-01,2025-05-31,20260209_100502,20260209_100502-0139,1,初回,2025-05-21 19:33:08.933000,143.49900,1.00
2025-05-01,2025-05-31,20260209_100502,20260209_100502-0140,1,初回,2025-05-22 11:17:11.092000,143.23600,1.00
2025-05-01,2025-05-31,20260209_100502,20260209_100502-0141,1,初回,2025-05-22 15:05:59.226000,143.18300,1.00
2025-05-01,2025-05-31,20260209_100502,20260209_100502-0142,1,初回,2025-05-22 16:40:22.162000,143.13700,1.00
2025-05-01,2025-05-31,20260209_100502,20260209_100502-0143,1,初回,2025-05-22 17:05:11.008000,143.04000,1.00
2025-05-01,2025-05-31,20260209_100502,20260209_100502-0144,1,初回,2025-05-22 17:06:37.455000,142.93400,1.00
2025-05-01,2025-05-31,20260209_100502,20260209_100502-0145,1,初回,2025-05-22 20:00:33.630000,143.69800,1.00
2025-05-01,2025-05-31,20260209_100502,20260209_100502-0146,1,初回,2025-05-22 22:45:05.531000,143.76600,1.00
2025-05-01,2025-05-31,20260209_100502,20260209_100502-0147,1,初回,2025-05-22 23:02:58.227000,143.86800,1.00
2025-05-01,2025-05-31,20260209_100502,20260209_100502-0148,1,初回,2025-05-23 00:07:14.862000,143.93300,1.00
2025-05-01,2025-05-31,20260209_100502,20260209_100502-0149,1,初回,2025-05-23 01:18:52.798000,144.02100,1.00
2025-05-01,2025-05-31,20260209_100502,20260209_100502-0150,1,初回,2025-05-23 02:10:07.885000,144.08500,1.00
2025-05-01,2025-05-31,20260209_100502,20260209_100502-0151,1,初回,2025-05-23 16:20:41.800000,143.30900,1.00
2025-05-01,2025-05-31,20260209_100502,20260209_100502-0152,1,初回,2025-05-23 18:04:22.621000,143.27300,1.00
2025-05-01,2025-05-31,20260209_100502,20260209_100502-0153,1,初回,2025-05-23 20:19:59.571000,143.17700,1.00
2025-05-01,2025-05-31,20260209_100502,20260209_100502-0154,1,初回,2025-05-23 20:44:05.469000,142.84000,1.00
2025-05-01,2025-05-31,20260209_100502,20260209_100502-0155,1,初回,2025-05-23 21:00:11.869000,142.54300,1.00
2025-05-01,2025-05-31,20260209_100502,20260209_100502-0156,1,初回,2025-05-24 03:17:34.715000,142.49200,1.00
2025-05-01,2025-05-31,20260209_100502,20260209_100502-0157,1,初回,2025-05-26 11:02:16.112000,142.33500,1.00
2025-05-01,2025-05-31,20260209_100502,20260209_100502-0158,1,初回,2025-05-26 13:08:18.523000,142.53900,1.00
2025-05-01,2025-05-31,20260209_100502,20260209_100502-0159,1,初回,2025-05-26 14:02:41.512000,142.64200,1.00
2025-05-01,2025-05-31,20260209_100502,20260209_100502-0160,1,初回,2025-05-26 15:21:05.561000,142.72000,1.00
2025-05-01,2025-05-31,20260209_100502,20260209_100502-0161,1,初回,2025-05-26 16:00:01.637000,142.77400,1.00
2025-05-01,2025-05-31,20260209_100502,20260209_100502-0162,1,初回,2025-05-26 17:56:36.364000,142.89100,1.00
2025-05-01,2025-05-31,20260209_100502,20260209_100502-0163,1,初回,2025-05-26 18:00:31.135000,142.89300,1.00
2025-05-01,2025-05-31,20260209_100502,20260209_100502-0164,1,初回,2025-05-26 20:44:59.334000,142.95800,1.00
2025-05-01,2025-05-31,20260209_100502,20260209_100502-0165,1,初回,2025-05-27 14:02:39.278000,142.95900,1.00
2025-05-01,2025-05-31,20260209_100502,20260209_100502-0166,1,初回,2025-05-27 14:06:14.166000,143.00300,1.00
2025-05-01,2025-05-31,20260209_100502,20260209_100502-0167,1,初回,2025-05-27 14:34:08.123000,143.39900,1.00
2025-05-01,2025-05-31,20260209_100502,20260209_100502-0168,1,初回,2025-05-27 15:53:48.714000,143.41100,1.00
2025-05-01,2025-05-31,20260209_100502,20260209_100502-0169,1,初回,2025-05-27 16:00:00.771000,143.45900,1.00
2025-05-01,2025-05-31,20260209_100502,20260209_100502-0170,1,初回,2025-05-27 17:51:25.584000,143.83400,1.00
2025-05-01,2025-05-31,20260209_100502,20260209_100502-0171,1,初回,2025-05-27 18:00:38.937000,143.85700,1.00
2025-05-01,2025-05-31,20260209_100502,20260209_100502-0172,1,初回,2025-05-27 19:16:04.320000,144.01300,1.00
2025-05-01,2025-05-31,20260209_100502,20260209_100502-0173,1,初回,2025-05-27 19:27:20.084000,144.05200,1.00
2025-05-01,2025-05-31,20260209_100502,20260209_100502-0174,1,初回,2025-05-27 20:01:29.901000,144.14700,1.00
2025-05-01,2025-05-31,20260209_100502,20260209_100502-0175,1,初回,2025-05-27 22:57:48.159000,144.15600,1.00
2025-05-01,2025-05-31,20260209_100502,20260209_100502-0176,1,初回,2025-05-27 23:00:02.354000,144.30000,1.00
2025-05-01,2025-05-31,20260209_100502,20260209_100502-0177,1,初回,2025-05-27 23:00:04.725000,144.36900,1.00
2025-05-01,2025-05-31,20260209_100502,20260209_100502-0178,1,初回,2025-05-28 01:06:50.929000,144.43000,1.00
2025-05-01,2025-05-31,20260209_100502,20260209_100502-0179,1,初回,2025-05-28 12:33:29.979000,144.74300,1.00
2025-05-01,2025-05-31,20260209_100502,20260209_100502-0180,1,初回,2025-05-28 22:12:17.689000,144.74100,1.00
2025-05-01,2025-05-31,20260209_100502,20260209_100502-0181,1,初回,2025-05-29 00:17:07.552000,144.94200,1.00
2025-05-01,2025-05-31,20260209_100502,20260209_100502-0182,1,初回,2025-05-29 01:00:00.738000,145.04700,1.00
2025-05-01,2025-05-31,20260209_100502,20260209_100502-0183,1,初回,2025-05-29 21:05:13.086000,144.78700,1.00
2025-05-01,2025-05-31,20260209_100502,20260209_100502-0184,1,初回,2025-05-29 22:00:01.880000,144.45000,1.00
2025-05-01,2025-05-31,20260209_100502,20260209_100502-0185,1,初回,2025-05-29 23:08:17.117000,144.29700,1.00
2025-05-01,2025-05-31,20260209_100502,20260209_100502-0186,1,初回,2025-05-30 00:16:36.776000,144.19100,1.00
2025-05-01,2025-05-31,20260209_100502,20260209_100502-0187,1,初回,2025-05-30 01:00:14.596000,144.09300,1.00
2025-05-01,2025-05-31,20260209_100502,20260209_100502-0188,1,初回,2025-05-30 02:42:33.888000,144.08700,1.00
2025-05-01,2025-05-31,20260209_100502,20260209_100502-0189,1,初回,2025-05-30 02:44:21.883000,144.02700,1.00
2025-05-01,2025-05-31,20260209_100502,20260209_100502-0190,1,初回,2025-05-30 03:01:03.537000,144.01800,1.00
2025-05-01,2025-05-31,20260209_100502,20260209_100502-0191,1,初回,2025-05-30 04:06:25.429000,143.99500,1.00
2025-05-01,2025-05-31,20260209_100502,20260209_100502-0192,1,初回,2025-05-30 18:05:26.011000,144.12800,1.00
2025-05-01,2025-05-31,20260209_100502,20260209_100502-0193,1,初回,2025-05-30 20:58:34.422000,143.82300,1.00
2025-05-01,2025-05-31,20260209_100502,20260209_100502-0194,1,初回,2025-05-30 21:11:33.831000,143.47700,1.00
2025-05-01,2025-05-31,20260209_100502,20260209_100502-0195,1,初回,2025-05-30 23:38:27.667000,144.10900,1.00
2025-05-01,2025-05-31,20260209_100502,20260209_100502-0196,1,初回,2025-05-30 23:39:45.291000,144.19300,1.00
2025-06-01,2025-06-30,20260209_100602,20260209_100602-0001,1,初回,2025-06-02 14:46:14.111000,143.35700,1.00
2025-06-01,2025-06-30,20260209_100602,20260209_100602-0002,1,初回,2025-06-02 15:00:18.669000,143.34500,1.00
2025-06-01,2025-06-30,20260209_100602,20260209_100602-0003,1,初回,2025-06-02 16:09:34.709000,143.16800,1.00
2025-06-01,2025-06-30,20260209_100602,20260209_100602-0004,1,初回,2025-06-02 17:14:14.329000,142.86400,1.00
2025-06-01,2025-06-30,20260209_100602,20260209_100602-0005,1,初回,2025-06-02 18:08:45.615000,142.83400,1.00
2025-06-01,2025-06-30,20260209_100602,20260209_100602-0006,1,初回,2025-06-02 19:21:19.077000,142.82000,1.00
2025-06-01,2025-06-30,20260209_100602,20260209_100602-0007,1,初回,2025-06-02 20:01:55.873000,142.79300,1.00
2025-06-01,2025-06-30,20260209_100602,20260209_100602-0008,1,初回,2025-06-02 23:01:31.781000,142.66100,1.00
2025-06-01,2025-06-30,20260209_100602,20260209_100602-0009,1,初回,2025-06-03 11:00:56.828000,143.19700,1.00
2025-06-01,2025-06-30,20260209_100602,20260209_100602-0010,1,初回,2025-06-03 12:35:32.618000,143.22900,1.00
2025-06-01,2025-06-30,20260209_100602,20260209_100602-0011,1,初回,2025-06-03 21:18:52.524000,143.23700,1.00
2025-06-01,2025-06-30,20260209_100602,20260209_100602-0012,1,初回,2025-06-03 22:00:12.269000,143.41600,1.00
2025-06-01,2025-06-30,20260209_100602,20260209_100602-0013,1,初回,2025-06-03 23:00:01.169000,143.59400,1.00
2025-06-01,2025-06-30,20260209_100602,20260209_100602-0014,1,初回,2025-06-03 23:00:01.222000,143.63500,1.00
2025-06-01,2025-06-30,20260209_100602,20260209_100602-0015,1,初回,2025-06-04 00:15:30.106000,143.91100,1.00
2025-06-01,2025-06-30,20260209_100602,20260209_100602-0016,1,初回,2025-06-04 00:48:02.397000,143.95600,1.00
2025-06-01,2025-06-30,20260209_100602,20260209_100602-0017,1,初回,2025-06-04 01:07:07.944000,143.96000,1.00
2025-06-01,2025-06-30,20260209_100602,20260209_100602-0018,1,初回,2025-06-04 04:56:05.026000,144.07900,1.00
2025-06-01,2025-06-30,20260209_100602,20260209_100602-0019,1,初回,2025-06-04 13:52:07.370000,144.26900,1.00
2025-06-01,2025-06-30,20260209_100602,20260209_100602-0020,1,初回,2025-06-04 21:21:00.690000,143.70800,1.00
2025-06-01,2025-06-30,20260209_100602,20260209_100602-0021,1,初回,2025-06-04 21:42:31.206000,143.57300,1.00
2025-06-01,2025-06-30,20260209_100602,20260209_100602-0022,1,初回,2025-06-04 22:00:22.252000,143.54000,1.00
2025-06-01,2025-06-30,20260209_100602,20260209_100602-0023,1,初回,2025-06-05 00:20:59.976000,143.03000,1.00
2025-06-01,2025-06-30,20260209_100602,20260209_100602-0024,1,初回,2025-06-05 02:08:13.687000,142.64200,1.00
2025-06-01,2025-06-30,20260209_100602,20260209_100602-0025,1,初回,2025-06-05 11:18:29.663000,142.94200,1.00
2025-06-01,2025-06-30,20260209_100602,20260209_100602-0026,1,初回,2025-06-05 12:55:57.128000,142.94300,1.00
2025-06-01,2025-06-30,20260209_100602,20260209_100602-0027,1,初回,2025-06-05 13:00:00.570000,142.99700,1.00
2025-06-01,2025-06-30,20260209_100602,20260209_100602-0028,1,初回,2025-06-05 14:04:22.035000,143.04600,1.00
2025-06-01,2025-06-30,20260209_100602,20260209_100602-0029,1,初回,2025-06-05 15:00:06.124000,143.14500,1.00
2025-06-01,2025-06-30,20260209_100602,20260209_100602-0030,1,初回,2025-06-05 16:00:49.434000,143.21100,1.00
2025-06-01,2025-06-30,20260209_100602,20260209_100602-0031,1,初回,2025-06-05 17:15:38.398000,143.36600,1.00
2025-06-01,2025-06-30,20260209_100602,20260209_100602-0032,1,初回,2025-06-05 21:50:03.030000,143.37900,1.00
2025-06-01,2025-06-30,20260209_100602,20260209_100602-0033,1,初回,2025-06-06 00:14:29.118000,143.65800,1.00
2025-06-01,2025-06-30,20260209_100602,20260209_100602-0034,1,初回,2025-06-06 01:00:42.193000,143.94600,1.00
2025-06-01,2025-06-30,20260209_100602,20260209_100602-0035,1,初回,2025-06-06 11:03:45.075000,143.76000,1.00
2025-06-01,2025-06-30,20260209_100602,20260209_100602-0036,1,初回,2025-06-06 13:11:57.677000,143.86900,1.00
2025-06-01,2025-06-30,20260209_100602,20260209_100602-0037,1,初回,2025-06-06 14:23:10.375000,143.94700,1.00
2025-06-01,2025-06-30,20260209_100602,20260209_100602-0038,1,初回,2025-06-06 15:13:18.346000,143.94900,1.00
2025-06-01,2025-06-30,20260209_100602,20260209_100602-0039,1,初回,2025-06-06 16:02:28.271000,144.10300,1.00
2025-06-01,2025-06-30,20260209_100602,20260209_100602-0040,1,初回,2025-06-06 18:09:16.843000,144.11000,1.00
2025-06-01,2025-06-30,20260209_100602,20260209_100602-0041,1,初回,2025-06-06 20:20:57.979000,144.16000,1.00
2025-06-01,2025-06-30,20260209_100602,20260209_100602-0042,1,初回,2025-06-06 21:10:14.529000,144.28500,1.00
2025-06-01,2025-06-30,20260209_100602,20260209_100602-0043,1,初回,2025-06-06 21:30:02.208000,144.43400,1.00
2025-06-01,2025-06-30,20260209_100602,20260209_100602-0044,1,初回,2025-06-06 22:02:54.701000,144.71100,1.00
2025-06-01,2025-06-30,20260209_100602,20260209_100602-0045,1,初回,2025-06-06 23:01:30.516000,144.94300,1.00
2025-06-01,2025-06-30,20260209_100602,20260209_100602-0046,1,初回,2025-06-07 00:07:34.774000,144.99100,1.00
2025-06-01,2025-06-30,20260209_100602,20260209_100602-0047,1,初回,2025-06-09 16:45:53.835000,144.11700,1.00
2025-06-01,2025-06-30,20260209_100602,20260209_100602-0048,1,初回,2025-06-09 18:03:51.223000,144.07700,1.00
2025-06-01,2025-06-30,20260209_100602,20260209_100602-0049,1,初回,2025-06-09 23:35:06.601000,144.74200,1.00
2025-06-01,2025-06-30,20260209_100602,20260209_100602-0050,1,初回,2025-06-10 11:00:01.289000,145.02700,1.00
2025-06-01,2025-06-30,20260209_100602,20260209_100602-0051,1,初回,2025-06-10 11:00:13.080000,145.05900,1.00
2025-06-01,2025-06-30,20260209_100602,20260209_100602-0052,1,初回,2025-06-10 15:13:07.639000,144.48400,1.00
2025-06-01,2025-06-30,20260209_100602,20260209_100602-0053,1,初回,2025-06-10 22:29:41.184000,144.46400,1.00
2025-06-01,2025-06-30,20260209_100602,20260209_100602-0054,1,初回,2025-06-11 01:02:06.177000,144.92100,1.00
2025-06-01,2025-06-30,20260209_100602,20260209_100602-0055,1,初回,2025-06-11 02:19:06.013000,145.01200,1.00
2025-06-01,2025-06-30,20260209_100602,20260209_100602-0056,1,初回,2025-06-11 11:07:35.584000,145.13400,1.00
2025-06-01,2025-06-30,20260209_100602,20260209_100602-0057,1,初回,2025-06-11 14:15:36.588000,145.12900,1.00
2025-06-01,2025-06-30,20260209_100602,20260209_100602-0058,1,初回,2025-06-11 16:25:15.136000,145.21600,1.00
2025-06-01,2025-06-30,20260209_100602,20260209_100602-0059,1,初回,2025-06-11 20:48:21.394000,145.25700,1.00
2025-06-01,2025-06-30,20260209_100602,20260209_100602-0060,1,初回,2025-06-11 21:04:17.181000,145.30900,1.00
2025-06-01,2025-06-30,20260209_100602,20260209_100602-0061,1,初回,2025-06-11 21:30:06.951000,144.69100,1.00
2025-06-01,2025-06-30,20260209_100602,20260209_100602-0062,1,初回,2025-06-11 21:36:22.554000,144.37800,1.00
2025-06-01,2025-06-30,20260209_100602,20260209_100602-0063,1,初回,2025-06-12 00:29:19.859000,144.65100,1.00
2025-06-01,2025-06-30,20260209_100602,20260209_100602-0064,1,初回,2025-06-12 01:00:59.560000,144.50400,1.00
2025-06-01,2025-06-30,20260209_100602,20260209_100602-0065,1,初回,2025-06-12 03:02:05.466000,144.47800,1.00
2025-06-01,2025-06-30,20260209_100602,20260209_100602-0066,1,初回,2025-06-12 03:09:12.855000,144.35800,1.00
2025-06-01,2025-06-30,20260209_100602,20260209_100602-0067,1,初回,2025-06-12 14:46:06.806000,143.76000,1.00
2025-06-01,2025-06-30,20260209_100602,20260209_100602-0068,1,初回,2025-06-12 15:00:04.739000,143.70800,1.00
2025-06-01,2025-06-30,20260209_100602,20260209_100602-0069,1,初回,2025-06-12 16:37:42.577000,144.08700,1.00
2025-06-01,2025-06-30,20260209_100602,20260209_100602-0070,1,初回,2025-06-12 18:52:26.598000,143.67300,1.00
2025-06-01,2025-06-30,20260209_100602,20260209_100602-0071,1,初回,2025-06-12 19:19:50.411000,143.60400,1.00
2025-06-01,2025-06-30,20260209_100602,20260209_100602-0072,1,初回,2025-06-12 19:51:12.589000,143.48800,1.00
2025-06-01,2025-06-30,20260209_100602,20260209_100602-0073,1,初回,2025-06-12 20:02:45.356000,143.48500,1.00
2025-06-01,2025-06-30,20260209_100602,20260209_100602-0074,1,初回,2025-06-12 21:30:21.953000,143.44100,1.00
2025-06-01,2025-06-30,20260209_100602,20260209_100602-0075,1,初回,2025-06-12 21:30:36.898000,143.34400,1.00
2025-06-01,2025-06-30,20260209_100602,20260209_100602-0076,1,初回,2025-06-12 22:05:32.667000,143.22100,1.00
2025-06-01,2025-06-30,20260209_100602,20260209_100602-0077,1,初回,2025-06-13 12:14:05.125000,143.26000,1.00
2025-06-01,2025-06-30,20260209_100602,20260209_100602-0078,1,初回,2025-06-13 13:27:39.286000,143.71500,1.00
2025-06-01,2025-06-30,20260209_100602,20260209_100602-0079,1,初回,2025-06-13 14:24:06.010000,143.73500,1.00
2025-06-01,2025-06-30,20260209_100602,20260209_100602-0080,1,初回,2025-06-13 17:01:07.569000,143.84600,1.00
2025-06-01,2025-06-30,20260209_100602,20260209_100602-0081,1,初回,2025-06-13 17:02:43.085000,143.87500,1.00
2025-06-01,2025-06-30,20260209_100602,20260209_100602-0082,1,初回,2025-06-13 18:02:13.484000,143.86700,1.00
2025-06-01,2025-06-30,20260209_100602,20260209_100602-0083,1,初回,2025-06-13 18:44:21.908000,144.11200,1.00
2025-06-01,2025-06-30,20260209_100602,20260209_100602-0084,1,初回,2025-06-13 19:00:12.548000,144.13400,1.00
2025-06-01,2025-06-30,20260209_100602,20260209_100602-0085,1,初回,2025-06-13 20:01:28.998000,144.37100,1.00
2025-06-01,2025-06-30,20260209_100602,20260209_100602-0086,1,初回,2025-06-13 22:11:00.405000,144.41900,1.00
2025-06-01,2025-06-30,20260209_100602,20260209_100602-0087,1,初回,2025-06-14 04:17:29.785000,143.89000,1.00
2025-06-01,2025-06-30,20260209_100602,20260209_100602-0088,1,初回,2025-06-16 22:11:10.075000,143.90000,1.00
2025-06-01,2025-06-30,20260209_100602,20260209_100602-0089,1,初回,2025-06-16 23:00:00.740000,143.81200,1.00
2025-06-01,2025-06-30,20260209_100602,20260209_100602-0090,1,初回,2025-06-17 02:34:43.011000,144.36600,1.00
2025-06-01,2025-06-30,20260209_100602,20260209_100602-0091,1,初回,2025-06-17 03:00:04.756000,144.38400,1.00
2025-06-01,2025-06-30,20260209_100602,20260209_100602-0092,1,初回,2025-06-17 04:41:29.342000,144.71900,1.00
2025-06-01,2025-06-30,20260209_100602,20260209_100602-0093,1,初回,2025-06-17 16:51:35.564000,144.43800,1.00
2025-06-01,2025-06-30,20260209_100602,20260209_100602-0094,1,初回,2025-06-17 21:30:01.162000,144.44000,1.00
2025-06-01,2025-06-30,20260209_100602,20260209_100602-0095,1,初回,2025-06-17 23:25:41.087000,144.99600,1.00
2025-06-01,2025-06-30,20260209_100602,20260209_100602-0096,1,初回,2025-06-17 23:31:29.392000,145.08100,1.00
2025-06-01,2025-06-30,20260209_100602,20260209_100602-0097,1,初回,2025-06-18 02:10:10.576000,145.26100,1.00
2025-06-01,2025-06-30,20260209_100602,20260209_100602-0098,1,初回,2025-06-18 03:14:42.046000,145.27000,1.00
2025-06-01,2025-06-30,20260209_100602,20260209_100602-0099,1,初回,2025-06-18 04:01:46.752000,145.34500,1.00
2025-06-01,2025-06-30,20260209_100602,20260209_100602-0100,1,初回,2025-06-18 15:52:11.134000,144.89200,1.00
2025-06-01,2025-06-30,20260209_100602,20260209_100602-0101,1,初回,2025-06-18 20:10:51.102000,144.84100,1.00
2025-06-01,2025-06-30,20260209_100602,20260209_100602-0102,1,初回,2025-06-18 23:03:52.312000,144.75300,1.00
2025-06-01,2025-06-30,20260209_100602,20260209_100602-0103,1,初回,2025-06-19 00:08:19.202000,144.71500,1.00
2025-06-01,2025-06-30,20260209_100602,20260209_100602-0104,1,初回,2025-06-19 01:00:47.413000,144.59100,1.00
2025-06-01,2025-06-30,20260209_100602,20260209_100602-0105,1,初回,2025-06-19 03:00:15.175000,144.56200,1.00
2025-06-01,2025-06-30,20260209_100602,20260209_100602-0106,1,初回,2025-06-19 03:00:32.205000,144.41000,1.00
2025-06-01,2025-06-30,20260209_100602,20260209_100602-0107,1,初回,2025-06-19 11:45:42.733000,145.19400,1.00
2025-06-01,2025-06-30,20260209_100602,20260209_100602-0108,1,初回,2025-06-19 15:08:08.153000,145.23300,1.00
2025-06-01,2025-06-30,20260209_100602,20260209_100602-0109,1,初回,2025-06-19 16:04:04.625000,145.32800,1.00
2025-06-01,2025-06-30,20260209_100602,20260209_100602-0110,1,初回,2025-06-19 17:00:04.476000,145.41000,1.00
2025-06-01,2025-06-30,20260209_100602,20260209_100602-0111,1,初回,2025-06-19 17:00:28.934000,145.37300,1.00
2025-06-01,2025-06-30,20260209_100602,20260209_100602-0112,1,初回,2025-06-19 18:25:36.847000,145.38500,1.00
2025-06-01,2025-06-30,20260209_100602,20260209_100602-0113,1,初回,2025-06-19 18:50:28.771000,145.41200,1.00
2025-06-01,2025-06-30,20260209_100602,20260209_100602-0114,1,初回,2025-06-19 18:54:13.434000,145.43300,1.00
2025-06-01,2025-06-30,20260209_100602,20260209_100602-0115,1,初回,2025-06-19 18:54:14.688000,145.43600,1.00
2025-06-01,2025-06-30,20260209_100602,20260209_100602-0116,1,初回,2025-06-19 19:00:47.051000,145.44700,1.00
2025-06-01,2025-06-30,20260209_100602,20260209_100602-0117,1,初回,2025-06-19 20:00:10.739000,145.72600,1.00
2025-06-01,2025-06-30,20260209_100602,20260209_100602-0118,1,初回,2025-06-20 00:29:46.730000,145.74000,1.00
2025-06-01,2025-06-30,20260209_100602,20260209_100602-0119,1,初回,2025-06-20 22:20:11.442000,145.68600,1.00
2025-06-01,2025-06-30,20260209_100602,20260209_100602-0120,1,初回,2025-06-20 22:35:16.284000,145.73400,1.00
2025-06-01,2025-06-30,20260209_100602,20260209_100602-0121,1,初回,2025-06-20 23:03:25.492000,145.79200,1.00
2025-06-01,2025-06-30,20260209_100602,20260209_100602-0122,1,初回,2025-06-21 00:00:01.351000,145.91600,1.00
2025-06-01,2025-06-30,20260209_100602,20260209_100602-0123,1,初回,2025-06-21 01:00:00.034000,145.92600,1.00
2025-06-01,2025-06-30,20260209_100602,20260209_100602-0124,1,初回,2025-06-23 13:02:02.508000,146.73600,1.00
2025-06-01,2025-06-30,20260209_100602,20260209_100602-0125,1,初回,2025-06-23 14:00:05.151000,146.99900,1.00
2025-06-01,2025-06-30,20260209_100602,20260209_100602-0126,1,初回,2025-06-23 15:24:02.949000,147.26400,1.00
2025-06-01,2025-06-30,20260209_100602,20260209_100602-0127,1,初回,2025-06-23 17:01:33.487000,147.36700,1.00
2025-06-01,2025-06-30,20260209_100602,20260209_100602-0128,1,初回,2025-06-23 19:26:33.384000,147.92300,1.00
2025-06-01,2025-06-30,20260209_100602,20260209_100602-0129,1,初回,2025-06-23 20:00:36.760000,147.95600,1.00
2025-06-01,2025-06-30,20260209_100602,20260209_100602-0130,1,初回,2025-06-24 02:40:50.938000,146.18300,1.00
2025-06-01,2025-06-30,20260209_100602,20260209_100602-0131,1,初回,2025-06-24 11:34:04.884000,145.51000,1.00
2025-06-01,2025-06-30,20260209_100602,20260209_100602-0132,1,初回,2025-06-24 11:45:07.399000,145.49000,1.00
2025-06-01,2025-06-30,20260209_100602,20260209_100602-0133,1,初回,2025-06-24 12:04:04.916000,145.45200,1.00
2025-06-01,2025-06-30,20260209_100602,20260209_100602-0134,1,初回,2025-06-24 14:53:00.571000,145.32500,1.00
2025-06-01,2025-06-30,20260209_100602,20260209_100602-0135,1,初回,2025-06-24 15:01:58.646000,145.23000,1.00
2025-06-01,2025-06-30,20260209_100602,20260209_100602-0136,1,初回,2025-06-24 15:23:48.746000,145.06900,1.00
2025-06-01,2025-06-30,20260209_100602,20260209_100602-0137,1,初回,2025-06-24 16:04:40.907000,145.08100,1.00
2025-06-01,2025-06-30,20260209_100602,20260209_100602-0138,1,初回,2025-06-24 17:23:43.949000,145.03200,1.00
2025-06-01,2025-06-30,20260209_100602,20260209_100602-0139,1,初回,2025-06-24 18:44:06.140000,144.98400,1.00
2025-06-01,2025-06-30,20260209_100602,20260209_100602-0140,1,初回,2025-06-24 22:00:50.655000,144.89000,1.00
2025-06-01,2025-06-30,20260209_100602,20260209_100602-0141,1,初回,2025-06-24 22:15:13.693000,145.16300,1.00
2025-06-01,2025-06-30,20260209_100602,20260209_100602-0142,1,初回,2025-06-24 23:05:53.192000,144.89000,1.00
2025-06-01,2025-06-30,20260209_100602,20260209_100602-0143,1,初回,2025-06-24 23:07:19.165000,144.76400,1.00
2025-06-01,2025-06-30,20260209_100602,20260209_100602-0144,1,初回,2025-06-25 14:00:30.214000,145.01700,1.00
2025-06-01,2025-06-30,20260209_100602,20260209_100602-0145,1,初回,2025-06-25 14:31:24.568000,145.16300,1.00
2025-06-01,2025-06-30,20260209_100602,20260209_100602-0146,1,初回,2025-06-25 15:07:56.119000,145.13300,1.00
2025-06-01,2025-06-30,20260209_100602,20260209_100602-0147,1,初回,2025-06-25 15:10:07.348000,145.16400,1.00
2025-06-01,2025-06-30,20260209_100602,20260209_100602-0148,1,初回,2025-06-25 16:00:04.282000,145.30500,1.00
2025-06-01,2025-06-30,20260209_100602,20260209_100602-0149,1,初回,2025-06-25 17:13:02.456000,145.34100,1.00
2025-06-01,2025-06-30,20260209_100602,20260209_100602-0150,1,初回,2025-06-25 18:00:04.170000,145.46800,1.00
2025-06-01,2025-06-30,20260209_100602,20260209_100602-0151,1,初回,2025-06-25 19:05:40.449000,145.65000,1.00
2025-06-01,2025-06-30,20260209_100602,20260209_100602-0152,1,初回,2025-06-25 20:19:47.314000,145.72000,1.00
2025-06-01,2025-06-30,20260209_100602,20260209_100602-0153,1,初回,2025-06-25 21:02:02.224000,145.77000,1.00
2025-06-01,2025-06-30,20260209_100602,20260209_100602-0154,1,初回,2025-06-25 22:00:31.023000,145.89300,1.00
2025-06-01,2025-06-30,20260209_100602,20260209_100602-0155,1,初回,2025-06-26 12:05:06.435000,144.64200,1.00
2025-06-01,2025-06-30,20260209_100602,20260209_100602-0156,1,初回,2025-06-26 14:55:09.596000,144.60700,1.00
2025-06-01,2025-06-30,20260209_100602,20260209_100602-0157,1,初回,2025-06-26 15:11:02.413000,144.54700,1.00
2025-06-01,2025-06-30,20260209_100602,20260209_100602-0158,1,初回,2025-06-26 15:11:25.788000,144.55000,1.00
2025-06-01,2025-06-30,20260209_100602,20260209_100602-0159,1,初回,2025-06-26 15:42:19.673000,144.36500,1.00
2025-06-01,2025-06-30,20260209_100602,20260209_100602-0160,1,初回,2025-06-26 17:04:30.661000,143.97000,1.00
2025-06-01,2025-06-30,20260209_100602,20260209_100602-0161,1,初回,2025-06-26 22:09:00.315000,144.46600,1.00
2025-06-01,2025-06-30,20260209_100602,20260209_100602-0162,1,初回,2025-06-27 00:10:27.243000,144.46500,1.00
2025-06-01,2025-06-30,20260209_100602,20260209_100602-0163,1,初回,2025-06-27 01:31:11.035000,144.16200,1.00
2025-06-01,2025-06-30,20260209_100602,20260209_100602-0164,1,初回,2025-06-27 22:24:21.008000,144.65100,1.00
2025-06-01,2025-06-30,20260209_100602,20260209_100602-0165,1,初回,2025-06-27 22:31:26.853000,144.77700,1.00
2025-06-01,2025-06-30,20260209_100602,20260209_100602-0166,1,初回,2025-06-27 23:35:37.953000,144.77500,1.00
2025-06-01,2025-06-30,20260209_100602,20260209_100602-0167,1,初回,2025-06-27 23:47:28.694000,144.93500,1.00
2025-06-01,2025-06-30,20260209_100602,20260209_100602-0168,1,初回,2025-06-30 11:00:14.810000,144.28200,1.00
2025-06-01,2025-06-30,20260209_100602,20260209_100602-0169,1,初回,2025-06-30 11:01:27.890000,144.21500,1.00
2025-06-01,2025-06-30,20260209_100602,20260209_100602-0170,1,初回,2025-06-30 13:06:08.307000,144.12700,1.00
2025-06-01,2025-06-30,20260209_100602,20260209_100602-0171,1,初回,2025-06-30 13:13:07.010000,144.09400,1.00
2025-06-01,2025-06-30,20260209_100602,20260209_100602-0172,1,初回,2025-06-30 14:00:01.181000,143.95200,1.00
2025-06-01,2025-06-30,20260209_100602,20260209_100602-0173,1,初回,2025-06-30 16:11:33.947000,143.83400,1.00
2025-06-01,2025-06-30,20260209_100602,20260209_100602-0174,1,初回,2025-06-30 16:15:56.318000,143.78900,1.00
2025-06-01,2025-06-30,20260209_100602,20260209_100602-0175,1,初回,2025-06-30 22:00:04.713000,144.46400,1.00
2025-06-01,2025-06-30,20260209_100602,20260209_100602-0176,1,初回,2025-06-30 23:22:08.237000,144.47900,1.00
2025-07-01,2025-07-31,20260209_100655,20260209_100655-0001,1,初回,2025-07-01 16:13:38.348000,143.47700,1.00
2025-07-01,2025-07-31,20260209_100655,20260209_100655-0002,1,初回,2025-07-01 17:21:04.379000,143.10600,1.00
2025-07-01,2025-07-31,20260209_100655,20260209_100655-0003,1,初回,2025-07-01 18:26:11.127000,142.92700,1.00
2025-07-01,2025-07-31,20260209_100655,20260209_100655-0004,1,初回,2025-07-01 19:05:45.409000,142.86200,1.00
2025-07-01,2025-07-31,20260209_100655,20260209_100655-0005,1,初回,2025-07-01 21:00:47.420000,142.74300,1.00
2025-07-01,2025-07-31,20260209_100655,20260209_100655-0006,1,初回,2025-07-02 11:01:02.254000,143.65600,1.00
2025-07-01,2025-07-31,20260209_100655,20260209_100655-0007,1,初回,2025-07-02 14:11:53.175000,143.71800,1.00
2025-07-01,2025-07-31,20260209_100655,20260209_100655-0008,1,初回,2025-07-02 15:44:23.683000,143.82300,1.00
2025-07-01,2025-07-31,20260209_100655,20260209_100655-0009,1,初回,2025-07-02 16:00:30.555000,143.85800,1.00
2025-07-01,2025-07-31,20260209_100655,20260209_100655-0010,1,初回,2025-07-02 16:04:07.342000,143.90500,1.00
2025-07-01,2025-07-31,20260209_100655,20260209_100655-0011,1,初回,2025-07-02 18:10:21.951000,144.02000,1.00
2025-07-01,2025-07-31,20260209_100655,20260209_100655-0012,1,初回,2025-07-03 21:30:01.420000,144.32500,1.00
2025-07-01,2025-07-31,20260209_100655,20260209_100655-0013,1,初回,2025-07-03 21:30:02.089000,144.46900,1.00
2025-07-01,2025-07-31,20260209_100655,20260209_100655-0014,1,初回,2025-07-04 01:40:09.641000,145.20900,1.00
2025-07-01,2025-07-31,20260209_100655,20260209_100655-0015,1,初回,2025-07-04 13:03:07.467000,144.49900,1.00
2025-07-01,2025-07-31,20260209_100655,20260209_100655-0016,1,初回,2025-07-04 14:00:16.216000,144.36400,1.00
2025-07-01,2025-07-31,20260209_100655,20260209_100655-0017,1,初回,2025-07-04 15:11:43.035000,144.34600,1.00
2025-07-01,2025-07-31,20260209_100655,20260209_100655-0018,1,初回,2025-07-07 11:21:46.427000,144.60400,1.00
2025-07-01,2025-07-31,20260209_100655,20260209_100655-0019,1,初回,2025-07-07 11:31:23.247000,144.76000,1.00
2025-07-01,2025-07-31,20260209_100655,20260209_100655-0020,1,初回,2025-07-07 12:04:07.999000,144.80900,1.00
2025-07-01,2025-07-31,20260209_100655,20260209_100655-0021,1,初回,2025-07-07 13:03:19.490000,144.81800,1.00
2025-07-01,2025-07-31,20260209_100655,20260209_100655-0022,1,初回,2025-07-07 14:09:43.066000,144.96800,1.00
2025-07-01,2025-07-31,20260209_100655,20260209_100655-0023,1,初回,2025-07-07 15:06:51.890000,145.04600,1.00
2025-07-01,2025-07-31,20260209_100655,20260209_100655-0024,1,初回,2025-07-07 16:42:48.228000,145.12600,1.00
2025-07-01,2025-07-31,20260209_100655,20260209_100655-0026,1,初回,2025-07-07 16:43:07.335000,145.18500,1.00
2025-07-01,2025-07-31,20260209_100655,20260209_100655-0025,1,初回,2025-07-07 17:00:20.030000,145.16900,1.00
2025-07-01,2025-07-31,20260209_100655,20260209_100655-0027,1,初回,2025-07-07 18:03:01.360000,145.31400,1.00
2025-07-01,2025-07-31,20260209_100655,20260209_100655-0028,1,初回,2025-07-07 19:03:46.395000,145.45800,1.00
2025-07-01,2025-07-31,20260209_100655,20260209_100655-0029,1,初回,2025-07-07 20:58:00.184000,145.50000,1.00
2025-07-01,2025-07-31,20260209_100655,20260209_100655-0030,1,初回,2025-07-07 22:04:13.155000,145.61600,1.00
2025-07-01,2025-07-31,20260209_100655,20260209_100655-0031,1,初回,2025-07-07 23:17:51.599000,145.75200,1.00
2025-07-01,2025-07-31,20260209_100655,20260209_100655-0032,1,初回,2025-07-08 00:01:04.964000,145.78100,1.00
2025-07-01,2025-07-31,20260209_100655,20260209_100655-0033,1,初回,2025-07-08 01:14:57.019000,145.86300,1.00
2025-07-01,2025-07-31,20260209_100655,20260209_100655-0034,1,初回,2025-07-08 02:00:01.518000,146.11400,1.00
2025-07-01,2025-07-31,20260209_100655,20260209_100655-0035,1,初回,2025-07-08 03:17:32.974000,146.20500,1.00
2025-07-01,2025-07-31,20260209_100655,20260209_100655-0036,1,初回,2025-07-08 20:00:03.160000,146.41100,1.00
2025-07-01,2025-07-31,20260209_100655,20260209_100655-0037,1,初回,2025-07-08 21:41:56.115000,146.61900,1.00
2025-07-01,2025-07-31,20260209_100655,20260209_100655-0038,1,初回,2025-07-08 22:00:01.773000,146.65900,1.00
2025-07-01,2025-07-31,20260209_100655,20260209_100655-0039,1,初回,2025-07-08 23:14:35.519000,146.86900,1.00
2025-07-01,2025-07-31,20260209_100655,20260209_100655-0040,1,初回,2025-07-09 00:03:00.613000,146.93600,1.00
2025-07-01,2025-07-31,20260209_100655,20260209_100655-0041,1,初回,2025-07-09 11:39:44.031000,147.00600,1.00
2025-07-01,2025-07-31,20260209_100655,20260209_100655-0042,1,初回,2025-07-09 12:00:03.048000,147.06300,1.00
2025-07-01,2025-07-31,20260209_100655,20260209_100655-0043,1,初回,2025-07-09 17:33:20.863000,146.72200,1.00
2025-07-01,2025-07-31,20260209_100655,20260209_100655-0044,1,初回,2025-07-09 18:05:22.583000,146.63400,1.00
2025-07-01,2025-07-31,20260209_100655,20260209_100655-0045,1,初回,2025-07-09 19:01:48.920000,146.58000,1.00
2025-07-01,2025-07-31,20260209_100655,20260209_100655-0046,1,初回,2025-07-09 21:18:30.472000,146.54900,1.00
2025-07-01,2025-07-31,20260209_100655,20260209_100655-0047,1,初回,2025-07-09 22:00:05.587000,146.50500,1.00
2025-07-01,2025-07-31,20260209_100655,20260209_100655-0048,1,初回,2025-07-09 23:01:33.762000,146.39700,1.00
2025-07-01,2025-07-31,20260209_100655,20260209_100655-0049,1,初回,2025-07-10 02:12:40.304000,146.30800,1.00
2025-07-01,2025-07-31,20260209_100655,20260209_100655-0050,1,初回,2025-07-10 16:42:58.097000,146.38300,1.00
2025-07-01,2025-07-31,20260209_100655,20260209_100655-0051,1,初回,2025-07-10 21:30:21.043000,146.43500,1.00
2025-07-01,2025-07-31,20260209_100655,20260209_100655-0052,1,初回,2025-07-10 22:30:25.103000,146.51200,1.00
2025-07-01,2025-07-31,20260209_100655,20260209_100655-0053,1,初回,2025-07-10 23:00:08.761000,146.58500,1.00
2025-07-01,2025-07-31,20260209_100655,20260209_100655-0054,1,初回,2025-07-11 11:00:58.537000,146.81500,1.00
2025-07-01,2025-07-31,20260209_100655,20260209_100655-0055,1,初回,2025-07-11 11:03:51.827000,146.85000,1.00
2025-07-01,2025-07-31,20260209_100655,20260209_100655-0056,1,初回,2025-07-11 12:00:20.224000,147.01000,1.00
2025-07-01,2025-07-31,20260209_100655,20260209_100655-0057,1,初回,2025-07-11 13:29:16.047000,147.15200,1.00
2025-07-01,2025-07-31,20260209_100655,20260209_100655-0058,1,初回,2025-07-11 16:23:40.697000,146.77400,1.00
2025-07-01,2025-07-31,20260209_100655,20260209_100655-0059,1,初回,2025-07-11 22:49:14.128000,147.15400,1.00
2025-07-01,2025-07-31,20260209_100655,20260209_100655-0060,1,初回,2025-07-14 18:23:15.940000,147.21200,1.00
2025-07-01,2025-07-31,20260209_100655,20260209_100655-0061,1,初回,2025-07-14 19:06:28.597000,147.19500,1.00
2025-07-01,2025-07-31,20260209_100655,20260209_100655-0062,1,初回,2025-07-14 20:51:00.165000,147.45400,1.00
2025-07-01,2025-07-31,20260209_100655,20260209_100655-0063,1,初回,2025-07-14 23:41:10.624000,147.45500,1.00
2025-07-01,2025-07-31,20260209_100655,20260209_100655-0064,1,初回,2025-07-15 00:00:31.224000,147.48900,1.00
2025-07-01,2025-07-31,20260209_100655,20260209_100655-0065,1,初回,2025-07-15 00:03:01.768000,147.55000,1.00
2025-07-01,2025-07-31,20260209_100655,20260209_100655-0066,1,初回,2025-07-15 01:23:15.086000,147.67200,1.00
2025-07-01,2025-07-31,20260209_100655,20260209_100655-0067,1,初回,2025-07-15 02:04:16.738000,147.72800,1.00
2025-07-01,2025-07-31,20260209_100655,20260209_100655-0068,1,初回,2025-07-15 03:08:38.663000,147.73200,1.00
2025-07-01,2025-07-31,20260209_100655,20260209_100655-0069,1,初回,2025-07-15 20:17:31.150000,147.86000,1.00
2025-07-01,2025-07-31,20260209_100655,20260209_100655-0070,1,初回,2025-07-15 21:00:28.239000,147.91800,1.00
2025-07-01,2025-07-31,20260209_100655,20260209_100655-0071,1,初回,2025-07-15 22:09:35.648000,148.11800,1.00
2025-07-01,2025-07-31,20260209_100655,20260209_100655-0072,1,初回,2025-07-15 23:00:18.359000,148.62700,1.00
2025-07-01,2025-07-31,20260209_100655,20260209_100655-0073,1,初回,2025-07-16 00:04:26.362000,148.86500,1.00
2025-07-01,2025-07-31,20260209_100655,20260209_100655-0074,1,初回,2025-07-16 02:30:00.606000,148.98900,1.00
2025-07-01,2025-07-31,20260209_100655,20260209_100655-0075,1,初回,2025-07-16 12:47:26.894000,149.01000,1.00
2025-07-01,2025-07-31,20260209_100655,20260209_100655-0076,1,初回,2025-07-16 13:07:14.479000,149.06600,1.00
2025-07-01,2025-07-31,20260209_100655,20260209_100655-0077,1,初回,2025-07-16 15:20:05.094000,148.74100,1.00
2025-07-01,2025-07-31,20260209_100655,20260209_100655-0078,1,初回,2025-07-16 16:00:24.031000,148.66000,1.00
2025-07-01,2025-07-31,20260209_100655,20260209_100655-0079,1,初回,2025-07-16 19:42:28.312000,148.65600,1.00
2025-07-01,2025-07-31,20260209_100655,20260209_100655-0080,1,初回,2025-07-16 23:54:11.364000,148.49800,1.00
2025-07-01,2025-07-31,20260209_100655,20260209_100655-0081,1,初回,2025-07-17 00:03:53.806000,148.34200,1.00
2025-07-01,2025-07-31,20260209_100655,20260209_100655-0082,1,初回,2025-07-17 00:16:32.851000,147.68300,1.00
2025-07-01,2025-07-31,20260209_100655,20260209_100655-0083,1,初回,2025-07-17 00:16:34.064000,147.57300,1.00
2025-07-01,2025-07-31,20260209_100655,20260209_100655-0084,1,初回,2025-07-17 00:17:51.891000,147.18000,1.00
2025-07-01,2025-07-31,20260209_100655,20260209_100655-0085,1,初回,2025-07-17 19:15:01.152000,148.81900,1.00
2025-07-01,2025-07-31,20260209_100655,20260209_100655-0086,1,初回,2025-07-17 21:30:01.908000,148.89800,1.00
2025-07-01,2025-07-31,20260209_100655,20260209_100655-0087,1,初回,2025-07-17 23:20:21.716000,148.48900,1.00
2025-07-01,2025-07-31,20260209_100655,20260209_100655-0088,1,初回,2025-07-18 13:09:25.359000,148.72300,1.00
2025-07-01,2025-07-31,20260209_100655,20260209_100655-0089,1,初回,2025-07-18 15:01:20.018000,148.77900,1.00
2025-07-01,2025-07-31,20260209_100655,20260209_100655-0090,1,初回,2025-07-18 16:02:41.986000,148.80500,1.00
2025-07-01,2025-07-31,20260209_100655,20260209_100655-0091,1,初回,2025-07-18 22:20:02.411000,148.32500,1.00
2025-07-01,2025-07-31,20260209_100655,20260209_100655-0092,1,初回,2025-07-18 22:20:22.643000,148.32500,1.00
2025-07-01,2025-07-31,20260209_100655,20260209_100655-0093,1,初回,2025-07-18 23:00:00.281000,148.23100,1.00
2025-07-01,2025-07-31,20260209_100655,20260209_100655-0094,1,初回,2025-07-21 15:31:20.455000,147.93400,1.00
2025-07-01,2025-07-31,20260209_100655,20260209_100655-0095,1,初回,2025-07-21 17:34:16.099000,147.81200,1.00
2025-07-01,2025-07-31,20260209_100655,20260209_100655-0096,1,初回,2025-07-21 20:03:13.576000,147.73000,1.00
2025-07-01,2025-07-31,20260209_100655,20260209_100655-0097,1,初回,2025-07-21 21:00:05.621000,147.54400,1.00
2025-07-01,2025-07-31,20260209_100655,20260209_100655-0098,1,初回,2025-07-21 23:05:03.712000,147.37300,1.00
2025-07-01,2025-07-31,20260209_100655,20260209_100655-0099,1,初回,2025-07-22 00:11:11.615000,147.32700,1.00
2025-07-01,2025-07-31,20260209_100655,20260209_100655-0100,1,初回,2025-07-22 01:00:25.333000,147.29700,1.00
2025-07-01,2025-07-31,20260209_100655,20260209_100655-0101,1,初回,2025-07-22 02:00:31.092000,147.12200,1.00
2025-07-01,2025-07-31,20260209_100655,20260209_100655-0102,1,初回,2025-07-22 16:02:40.062000,147.90100,1.00
2025-07-01,2025-07-31,20260209_100655,20260209_100655-0103,1,初回,2025-07-22 21:11:39.268000,147.12300,1.00
2025-07-01,2025-07-31,20260209_100655,20260209_100655-0104,1,初回,2025-07-22 21:46:54.036000,146.94500,1.00
2025-07-01,2025-07-31,20260209_100655,20260209_100655-0105,1,初回,2025-07-22 21:51:15.431000,146.88800,1.00
2025-07-01,2025-07-31,20260209_100655,20260209_100655-0107,1,初回,2025-07-22 21:55:43.137000,146.76000,1.00
2025-07-01,2025-07-31,20260209_100655,20260209_100655-0106,1,初回,2025-07-22 22:00:01.600000,146.77700,1.00
2025-07-01,2025-07-31,20260209_100655,20260209_100655-0108,1,初回,2025-07-22 23:01:10.345000,146.54400,1.00
2025-07-01,2025-07-31,20260209_100655,20260209_100655-0109,1,初回,2025-07-23 00:38:36.627000,146.36400,1.00
2025-07-01,2025-07-31,20260209_100655,20260209_100655-0110,1,初回,2025-07-23 11:20:58.183000,146.91600,1.00
2025-07-01,2025-07-31,20260209_100655,20260209_100655-0111,1,初回,2025-07-23 11:21:05.155000,146.91400,1.00
2025-07-01,2025-07-31,20260209_100655,20260209_100655-0112,1,初回,2025-07-23 14:15:32.915000,147.05000,1.00
2025-07-01,2025-07-31,20260209_100655,20260209_100655-0113,1,初回,2025-07-23 14:45:19.269000,147.17600,1.00
2025-07-01,2025-07-31,20260209_100655,20260209_100655-0114,1,初回,2025-07-23 15:00:03.288000,147.17600,1.00
2025-07-01,2025-07-31,20260209_100655,20260209_100655-0115,1,初回,2025-07-23 16:30:25.832000,146.68800,1.00
2025-07-01,2025-07-31,20260209_100655,20260209_100655-0116,1,初回,2025-07-23 18:29:49.574000,146.63500,1.00
2025-07-01,2025-07-31,20260209_100655,20260209_100655-0117,1,初回,2025-07-23 19:00:01.011000,146.50800,1.00
2025-07-01,2025-07-31,20260209_100655,20260209_100655-0118,1,初回,2025-07-23 19:06:01.209000,146.46100,1.00
2025-07-01,2025-07-31,20260209_100655,20260209_100655-0119,1,初回,2025-07-23 20:07:43.604000,146.31700,1.00
2025-07-01,2025-07-31,20260209_100655,20260209_100655-0120,1,初回,2025-07-23 20:43:29.058000,146.23700,1.00
2025-07-01,2025-07-31,20260209_100655,20260209_100655-0122,1,初回,2025-07-23 20:44:11.029000,146.17200,1.00
2025-07-01,2025-07-31,20260209_100655,20260209_100655-0121,1,初回,2025-07-23 20:49:07.270000,146.21800,1.00
2025-07-01,2025-07-31,20260209_100655,20260209_100655-0123,1,初回,2025-07-24 18:03:50.818000,146.59400,1.00
2025-07-01,2025-07-31,20260209_100655,20260209_100655-0124,1,初回,2025-07-24 19:08:19.365000,146.61500,1.00
2025-07-01,2025-07-31,20260209_100655,20260209_100655-0125,1,初回,2025-07-24 22:00:01.156000,146.80800,1.00
2025-07-01,2025-07-31,20260209_100655,20260209_100655-0126,1,初回,2025-07-25 00:03:33.949000,146.84800,1.00
2025-07-01,2025-07-31,20260209_100655,20260209_100655-0127,1,初回,2025-07-25 00:07:59.397000,146.84300,1.00
2025-07-01,2025-07-31,20260209_100655,20260209_100655-0128,1,初回,2025-07-25 01:01:22.071000,146.91300,1.00
2025-07-01,2025-07-31,20260209_100655,20260209_100655-0129,1,初回,2025-07-25 03:55:19.623000,146.92100,1.00
2025-07-01,2025-07-31,20260209_100655,20260209_100655-0130,1,初回,2025-07-25 11:05:22.600000,147.42900,1.00
2025-07-01,2025-07-31,20260209_100655,20260209_100655-0131,1,初回,2025-07-25 17:04:54.423000,147.46300,1.00
2025-07-01,2025-07-31,20260209_100655,20260209_100655-0132,1,初回,2025-07-25 18:02:09.959000,147.80100,1.00
2025-07-01,2025-07-31,20260209_100655,20260209_100655-0133,1,初回,2025-07-25 20:21:25.548000,147.87100,1.00
2025-07-01,2025-07-31,20260209_100655,20260209_100655-0134,1,初回,2025-07-25 20:23:30.382000,147.91800,1.00
2025-07-01,2025-07-31,20260209_100655,20260209_100655-0135,1,初回,2025-07-25 21:42:13.262000,147.90900,1.00
2025-07-01,2025-07-31,20260209_100655,20260209_100655-0136,1,初回,2025-07-26 03:57:41.528000,147.56700,1.00
2025-07-01,2025-07-31,20260209_100655,20260209_100655-0137,1,初回,2025-07-28 15:11:12.065000,147.98900,1.00
2025-07-01,2025-07-31,20260209_100655,20260209_100655-0138,1,初回,2025-07-28 16:46:17.674000,148.17900,1.00
2025-07-01,2025-07-31,20260209_100655,20260209_100655-0139,1,初回,2025-07-28 16:56:34.979000,148.27800,1.00
2025-07-01,2025-07-31,20260209_100655,20260209_100655-0140,1,初回,2025-07-28 17:00:04.192000,148.30800,1.00
2025-07-01,2025-07-31,20260209_100655,20260209_100655-0141,1,初回,2025-07-28 18:27:30.206000,148.34500,1.00
2025-07-01,2025-07-31,20260209_100655,20260209_100655-0142,1,初回,2025-07-28 19:03:00.819000,148.38500,1.00
2025-07-01,2025-07-31,20260209_100655,20260209_100655-0143,1,初回,2025-07-28 20:00:04.518000,148.40400,1.00
2025-07-01,2025-07-31,20260209_100655,20260209_100655-0144,1,初回,2025-07-29 00:18:50.981000,148.41500,1.00
2025-07-01,2025-07-31,20260209_100655,20260209_100655-0145,1,初回,2025-07-29 01:00:00.725000,148.46100,1.00
2025-07-01,2025-07-31,20260209_100655,20260209_100655-0146,1,初回,2025-07-29 02:00:13.913000,148.48900,1.00
2025-07-01,2025-07-31,20260209_100655,20260209_100655-0147,1,初回,2025-07-29 16:15:38.697000,148.67900,1.00
2025-07-01,2025-07-31,20260209_100655,20260209_100655-0148,1,初回,2025-07-29 20:42:50.843000,148.71700,1.00
2025-07-01,2025-07-31,20260209_100655,20260209_100655-0149,1,初回,2025-07-29 21:00:09.932000,148.72600,1.00
2025-07-01,2025-07-31,20260209_100655,20260209_100655-0150,1,初回,2025-07-29 22:21:18.388000,148.74200,1.00
2025-07-01,2025-07-31,20260209_100655,20260209_100655-0151,1,初回,2025-07-30 00:08:16.075000,148.39300,1.00
2025-07-01,2025-07-31,20260209_100655,20260209_100655-0152,1,初回,2025-07-30 02:18:40.321000,148.39000,1.00
2025-07-01,2025-07-31,20260209_100655,20260209_100655-0153,1,初回,2025-07-30 04:19:11.027000,148.36800,1.00
2025-07-01,2025-07-31,20260209_100655,20260209_100655-0155,1,初回,2025-07-30 12:02:00.509000,147.97700,1.00
2025-07-01,2025-07-31,20260209_100655,20260209_100655-0154,1,初回,2025-07-30 12:02:08.650000,147.98200,1.00
2025-07-01,2025-07-31,20260209_100655,20260209_100655-0156,1,初回,2025-07-30 14:34:01.819000,147.87800,1.00
2025-07-01,2025-07-31,20260209_100655,20260209_100655-0157,1,初回,2025-07-30 20:32:58.204000,148.26300,1.00
2025-07-01,2025-07-31,20260209_100655,20260209_100655-0158,1,初回,2025-07-30 21:11:37.060000,148.33300,1.00
2025-07-01,2025-07-31,20260209_100655,20260209_100655-0159,1,初回,2025-07-30 21:33:05.509000,148.59400,1.00
2025-07-01,2025-07-31,20260209_100655,20260209_100655-0160,1,初回,2025-07-30 21:53:01.196000,148.77700,1.00
2025-07-01,2025-07-31,20260209_100655,20260209_100655-0161,1,初回,2025-07-30 21:53:45.319000,148.81900,1.00
2025-07-01,2025-07-31,20260209_100655,20260209_100655-0162,1,初回,2025-07-30 21:57:15.712000,148.85500,1.00
2025-07-01,2025-07-31,20260209_100655,20260209_100655-0163,1,初回,2025-07-30 22:00:01.075000,148.85700,1.00
2025-07-01,2025-07-31,20260209_100655,20260209_100655-0164,1,初回,2025-07-30 22:40:05.096000,149.05700,1.00
2025-07-01,2025-07-31,20260209_100655,20260209_100655-0165,1,初回,2025-07-31 00:50:54.137000,149.07400,1.00
2025-07-01,2025-07-31,20260209_100655,20260209_100655-0166,1,初回,2025-07-31 01:00:35.991000,149.08300,1.00
2025-07-01,2025-07-31,20260209_100655,20260209_100655-0167,1,初回,2025-07-31 03:43:15.478000,149.09900,1.00
2025-07-01,2025-07-31,20260209_100655,20260209_100655-0168,1,初回,2025-07-31 03:48:07.545000,149.15600,1.00
2025-07-01,2025-07-31,20260209_100655,20260209_100655-0169,1,初回,2025-07-31 04:01:05.135000,149.32500,1.00
2025-07-01,2025-07-31,20260209_100655,20260209_100655-0171,1,初回,2025-07-31 16:43:14.689000,149.51200,1.00
2025-07-01,2025-07-31,20260209_100655,20260209_100655-0170,1,初回,2025-07-31 16:43:16.704000,149.50400,1.00
2025-07-01,2025-07-31,20260209_100655,20260209_100655-0172,1,初回,2025-07-31 17:50:25.181000,149.69200,1.00
2025-07-01,2025-07-31,20260209_100655,20260209_100655-0173,1,初回,2025-07-31 18:02:01.161000,149.69200,1.00
2025-07-01,2025-07-31,20260209_100655,20260209_100655-0174,1,初回,2025-07-31 19:02:28.157000,149.92800,1.00
2025-07-01,2025-07-31,20260209_100655,20260209_100655-0175,1,初回,2025-07-31 20:01:27.950000,150.01800,1.00
2025-07-01,2025-07-31,20260209_100655,20260209_100655-0176,1,初回,2025-07-31 21:30:16.603000,150.07200,1.00
2025-07-01,2025-07-31,20260209_100655,20260209_100655-0177,1,初回,2025-07-31 22:01:31.316000,150.22600,1.00
2025-07-01,2025-07-31,20260209_100655,20260209_100655-0178,1,初回,2025-07-31 23:00:01.681000,150.55400,1.00
2025-08-01,2025-08-31,20260209_100749,20260209_100749-0001,1,初回,2025-08-01 03:30:28.072000,150.75800,1.00
2025-08-01,2025-08-31,20260209_100749,20260209_100749-0002,1,初回,2025-08-01 11:00:26.188000,150.88800,1.00
2025-08-01,2025-08-31,20260209_100749,20260209_100749-0003,1,初回,2025-08-01 12:48:25.682000,150.59600,1.00
2025-08-01,2025-08-31,20260209_100749,20260209_100749-0005,1,初回,2025-08-01 13:00:00.327000,150.58800,1.00
2025-08-01,2025-08-31,20260209_100749,20260209_100749-0004,1,初回,2025-08-01 14:11:35.670000,150.59000,1.00
2025-08-01,2025-08-31,20260209_100749,20260209_100749-0006,1,初回,2025-08-01 18:33:06.418000,150.45400,1.00
2025-08-01,2025-08-31,20260209_100749,20260209_100749-0007,1,初回,2025-08-01 19:33:12.783000,150.38800,1.00
2025-08-01,2025-08-31,20260209_100749,20260209_100749-0008,1,初回,2025-08-01 20:09:07.109000,150.35800,1.00
2025-08-01,2025-08-31,20260209_100749,20260209_100749-0009,1,初回,2025-08-01 21:30:01.313000,150.31200,1.00
2025-08-01,2025-08-31,20260209_100749,20260209_100749-0010,1,初回,2025-08-01 22:00:01.914000,148.60200,1.00
2025-08-01,2025-08-31,20260209_100749,20260209_100749-0011,1,初回,2025-08-01 23:00:00.125000,147.97900,1.00
2025-08-01,2025-08-31,20260209_100749,20260209_100749-0012,1,初回,2025-08-02 04:30:39.822000,147.51900,1.00
2025-08-01,2025-08-31,20260209_100749,20260209_100749-0013,1,初回,2025-08-04 13:09:53.191000,147.62600,1.00
2025-08-01,2025-08-31,20260209_100749,20260209_100749-0014,1,初回,2025-08-04 15:45:33.063000,147.58900,1.00
2025-08-01,2025-08-31,20260209_100749,20260209_100749-0015,1,初回,2025-08-04 16:05:44.164000,147.87900,1.00
2025-08-01,2025-08-31,20260209_100749,20260209_100749-0016,1,初回,2025-08-04 17:18:29.153000,148.01400,1.00
2025-08-01,2025-08-31,20260209_100749,20260209_100749-0017,1,初回,2025-08-04 20:00:03.374000,147.57100,1.00
2025-08-01,2025-08-31,20260209_100749,20260209_100749-0018,1,初回,2025-08-04 21:01:11.907000,147.38000,1.00
2025-08-01,2025-08-31,20260209_100749,20260209_100749-0019,1,初回,2025-08-04 21:30:24.998000,147.15400,1.00
2025-08-01,2025-08-31,20260209_100749,20260209_100749-0020,1,初回,2025-08-04 21:45:14.101000,147.08900,1.00
2025-08-01,2025-08-31,20260209_100749,20260209_100749-0021,1,初回,2025-08-04 22:05:48.117000,147.04300,1.00
2025-08-01,2025-08-31,20260209_100749,20260209_100749-0022,1,初回,2025-08-04 23:06:41.196000,146.99600,1.00
2025-08-01,2025-08-31,20260209_100749,20260209_100749-0023,1,初回,2025-08-05 16:47:24.037000,147.40800,1.00
2025-08-01,2025-08-31,20260209_100749,20260209_100749-0024,1,初回,2025-08-05 17:15:09.178000,147.45700,1.00
2025-08-01,2025-08-31,20260209_100749,20260209_100749-0025,1,初回,2025-08-05 18:43:58.375000,147.60600,1.00
2025-08-01,2025-08-31,20260209_100749,20260209_100749-0026,1,初回,2025-08-05 19:43:17.162000,147.60900,1.00
2025-08-01,2025-08-31,20260209_100749,20260209_100749-0027,1,初回,2025-08-05 21:52:05.991000,147.74400,1.00
2025-08-01,2025-08-31,20260209_100749,20260209_100749-0028,1,初回,2025-08-05 23:00:02.105000,147.53800,1.00
2025-08-01,2025-08-31,20260209_100749,20260209_100749-0029,1,初回,2025-08-06 00:08:11.316000,147.39400,1.00
2025-08-01,2025-08-31,20260209_100749,20260209_100749-0030,1,初回,2025-08-06 11:00:09.692000,147.70100,1.00
2025-08-01,2025-08-31,20260209_100749,20260209_100749-0031,1,初回,2025-08-06 13:24:09.066000,147.34200,1.00
2025-08-01,2025-08-31,20260209_100749,20260209_100749-0032,1,初回,2025-08-06 17:22:22.948000,147.71800,1.00
2025-08-01,2025-08-31,20260209_100749,20260209_100749-0034,1,初回,2025-08-06 17:34:04.911000,147.80700,1.00
2025-08-01,2025-08-31,20260209_100749,20260209_100749-0033,1,初回,2025-08-06 17:35:13.315000,147.80400,1.00
2025-08-01,2025-08-31,20260209_100749,20260209_100749-0035,1,初回,2025-08-06 18:00:26.011000,147.81200,1.00
2025-08-01,2025-08-31,20260209_100749,20260209_100749-0036,1,初回,2025-08-06 22:20:34.930000,147.34400,1.00
2025-08-01,2025-08-31,20260209_100749,20260209_100749-0037,1,初回,2025-08-06 23:00:26.833000,147.28100,1.00
2025-08-01,2025-08-31,20260209_100749,20260209_100749-0038,1,初回,2025-08-07 01:00:03.388000,147.25100,1.00
2025-08-01,2025-08-31,20260209_100749,20260209_100749-0040,1,初回,2025-08-07 12:16:27.747000,147.65700,1.00
2025-08-01,2025-08-31,20260209_100749,20260209_100749-0039,1,初回,2025-08-07 12:16:29.021000,147.65500,1.00
2025-08-01,2025-08-31,20260209_100749,20260209_100749-0042,1,初回,2025-08-07 15:40:08.401000,147.01000,1.00
2025-08-01,2025-08-31,20260209_100749,20260209_100749-0041,1,初回,2025-08-07 15:40:13.507000,147.01400,1.00
2025-08-01,2025-08-31,20260209_100749,20260209_100749-0043,1,初回,2025-08-07 16:07:03.225000,146.83500,1.00
2025-08-01,2025-08-31,20260209_100749,20260209_100749-0044,1,初回,2025-08-07 23:08:33.456000,147.46300,1.00
2025-08-01,2025-08-31,20260209_100749,20260209_100749-0045,1,初回,2025-08-08 00:00:20.246000,147.51300,1.00
2025-08-01,2025-08-31,20260209_100749,20260209_100749-0046,1,初回,2025-08-08 03:55:19.305000,147.55800,1.00
2025-08-01,2025-08-31,20260209_100749,20260209_100749-0047,1,初回,2025-08-08 04:45:10.086000,147.05600,1.00
2025-08-01,2025-08-31,20260209_100749,20260209_100749-0048,1,初回,2025-08-08 17:48:23.857000,147.55600,1.00
2025-08-01,2025-08-31,20260209_100749,20260209_100749-0050,1,初回,2025-08-08 17:57:43.275000,147.68200,1.00
2025-08-01,2025-08-31,20260209_100749,20260209_100749-0049,1,初回,2025-08-08 18:20:01.890000,147.66700,1.00
2025-08-01,2025-08-31,20260209_100749,20260209_100749-0051,1,初回,2025-08-08 19:00:59.116000,147.69400,1.00
2025-08-01,2025-08-31,20260209_100749,20260209_100749-0052,1,初回,2025-08-08 20:00:10.415000,147.80700,1.00
2025-08-01,2025-08-31,20260209_100749,20260209_100749-0053,1,初回,2025-08-08 21:00:03.988000,147.82200,1.00
2025-08-01,2025-08-31,20260209_100749,20260209_100749-0054,1,初回,2025-08-08 21:15:18.702000,147.85600,1.00
2025-08-01,2025-08-31,20260209_100749,20260209_100749-0055,1,初回,2025-08-08 22:52:44.638000,147.86100,1.00
2025-08-01,2025-08-31,20260209_100749,20260209_100749-0056,1,初回,2025-08-11 17:00:00.080000,147.39500,1.00
2025-08-01,2025-08-31,20260209_100749,20260209_100749-0057,1,初回,2025-08-11 20:24:11.241000,147.87100,1.00
2025-08-01,2025-08-31,20260209_100749,20260209_100749-0058,1,初回,2025-08-11 20:24:42.069000,147.87100,1.00
2025-08-01,2025-08-31,20260209_100749,20260209_100749-0059,1,初回,2025-08-11 21:02:05.347000,147.91500,1.00
2025-08-01,2025-08-31,20260209_100749,20260209_100749-0060,1,初回,2025-08-11 22:24:41.192000,147.92000,1.00
2025-08-01,2025-08-31,20260209_100749,20260209_100749-0062,1,初回,2025-08-11 23:57:12.196000,148.05800,1.00
2025-08-01,2025-08-31,20260209_100749,20260209_100749-0061,1,初回,2025-08-12 00:05:11.933000,148.04000,1.00
2025-08-01,2025-08-31,20260209_100749,20260209_100749-0063,1,初回,2025-08-12 03:36:13.084000,148.08200,1.00
2025-08-01,2025-08-31,20260209_100749,20260209_100749-0064,1,初回,2025-08-12 04:00:31.989000,148.13500,1.00
2025-08-01,2025-08-31,20260209_100749,20260209_100749-0065,1,初回,2025-08-12 12:32:37.764000,148.40100,1.00
2025-08-01,2025-08-31,20260209_100749,20260209_100749-0066,1,初回,2025-08-12 13:00:34.111000,148.41400,1.00
2025-08-01,2025-08-31,20260209_100749,20260209_100749-0067,1,初回,2025-08-12 17:36:54.602000,148.41500,1.00
2025-08-01,2025-08-31,20260209_100749,20260209_100749-0068,1,初回,2025-08-12 17:58:57.549000,148.41400,1.00
2025-08-01,2025-08-31,20260209_100749,20260209_100749-0069,1,初回,2025-08-12 18:06:37.549000,148.44100,1.00
2025-08-01,2025-08-31,20260209_100749,20260209_100749-0070,1,初回,2025-08-12 19:02:47.037000,148.45400,1.00
2025-08-01,2025-08-31,20260209_100749,20260209_100749-0071,1,初回,2025-08-12 21:30:09.652000,147.89900,1.00
2025-08-01,2025-08-31,20260209_100749,20260209_100749-0072,1,初回,2025-08-13 00:28:40.952000,147.89500,1.00
2025-08-01,2025-08-31,20260209_100749,20260209_100749-0073,1,初回,2025-08-13 16:13:17.600000,147.61600,1.00
2025-08-01,2025-08-31,20260209_100749,20260209_100749-0074,1,初回,2025-08-13 17:15:34.806000,147.44000,1.00
2025-08-01,2025-08-31,20260209_100749,20260209_100749-0075,1,初回,2025-08-13 17:20:01.289000,147.38600,1.00
2025-08-01,2025-08-31,20260209_100749,20260209_100749-0076,1,初回,2025-08-13 18:01:21.169000,147.24000,1.00
2025-08-01,2025-08-31,20260209_100749,20260209_100749-0077,1,初回,2025-08-13 19:02:01.211000,147.21600,1.00
2025-08-01,2025-08-31,20260209_100749,20260209_100749-0078,1,初回,2025-08-13 23:03:09.237000,147.19500,1.00
2025-08-01,2025-08-31,20260209_100749,20260209_100749-0079,1,初回,2025-08-14 00:06:35.652000,147.13900,1.00
2025-08-01,2025-08-31,20260209_100749,20260209_100749-0080,1,初回,2025-08-14 13:22:30.172000,146.41200,1.00
2025-08-01,2025-08-31,20260209_100749,20260209_100749-0081,1,初回,2025-08-14 15:10:54.891000,146.37500,1.00
2025-08-01,2025-08-31,20260209_100749,20260209_100749-0082,1,初回,2025-08-14 21:30:02.152000,146.74200,1.00
2025-08-01,2025-08-31,20260209_100749,20260209_100749-0083,1,初回,2025-08-14 22:08:06.825000,147.07700,1.00
2025-08-01,2025-08-31,20260209_100749,20260209_100749-0084,1,初回,2025-08-14 23:30:05.114000,147.38900,1.00
2025-08-01,2025-08-31,20260209_100749,20260209_100749-0085,1,初回,2025-08-15 00:02:54.918000,147.52700,1.00
2025-08-01,2025-08-31,20260209_100749,20260209_100749-0086,1,初回,2025-08-15 00:18:34.764000,147.76400,1.00
2025-08-01,2025-08-31,20260209_100749,20260209_100749-0087,1,初回,2025-08-15 01:10:40.385000,147.77500,1.00
2025-08-01,2025-08-31,20260209_100749,20260209_100749-0088,1,初回,2025-08-15 02:32:28.115000,147.86100,1.00
2025-08-01,2025-08-31,20260209_100749,20260209_100749-0089,1,初回,2025-08-15 03:01:53.017000,147.87700,1.00
2025-08-01,2025-08-31,20260209_100749,20260209_100749-0090,1,初回,2025-08-15 21:39:32.821000,146.79300,1.00
2025-08-01,2025-08-31,20260209_100749,20260209_100749-0091,1,初回,2025-08-16 01:08:39.665000,147.06900,1.00
2025-08-01,2025-08-31,20260209_100749,20260209_100749-0093,1,初回,2025-08-16 01:56:32.680000,147.25600,1.00
2025-08-01,2025-08-31,20260209_100749,20260209_100749-0092,1,初回,2025-08-16 02:01:41.319000,147.23300,1.00
2025-08-01,2025-08-31,20260209_100749,20260209_100749-0094,1,初回,2025-08-16 03:07:44.476000,147.30000,1.00
2025-08-01,2025-08-31,20260209_100749,20260209_100749-0095,1,初回,2025-08-18 20:56:04.019000,147.55800,1.00
2025-08-01,2025-08-31,20260209_100749,20260209_100749-0096,1,初回,2025-08-18 22:04:44.885000,147.76400,1.00
2025-08-01,2025-08-31,20260209_100749,20260209_100749-0097,1,初回,2025-08-18 22:14:32.932000,147.83900,1.00
2025-08-01,2025-08-31,20260209_100749,20260209_100749-0098,1,初回,2025-08-18 23:43:23.815000,147.89000,1.00
2025-08-01,2025-08-31,20260209_100749,20260209_100749-0099,1,初回,2025-08-18 23:47:53.969000,147.93200,1.00
2025-08-01,2025-08-31,20260209_100749,20260209_100749-0100,1,初回,2025-08-19 00:00:40.148000,147.95000,1.00
2025-08-01,2025-08-31,20260209_100749,20260209_100749-0101,1,初回,2025-08-19 01:31:01.096000,147.72700,1.00
2025-08-01,2025-08-31,20260209_100749,20260209_100749-0102,1,初回,2025-08-19 02:12:00.922000,147.71800,1.00
2025-08-01,2025-08-31,20260209_100749,20260209_100749-0103,1,初回,2025-08-19 14:41:15.546000,147.66200,1.00
2025-08-01,2025-08-31,20260209_100749,20260209_100749-0104,1,初回,2025-08-19 15:00:00.077000,147.65300,1.00
2025-08-01,2025-08-31,20260209_100749,20260209_100749-0105,1,初回,2025-08-19 16:00:01.026000,147.61200,1.00
2025-08-01,2025-08-31,20260209_100749,20260209_100749-0106,1,初回,2025-08-19 23:07:45.734000,147.57100,1.00
2025-08-01,2025-08-31,20260209_100749,20260209_100749-0107,1,初回,2025-08-19 23:07:57.522000,147.57100,1.00
2025-08-01,2025-08-31,20260209_100749,20260209_100749-0108,1,初回,2025-08-20 01:16:20.294000,147.59100,1.00
2025-08-01,2025-08-31,20260209_100749,20260209_100749-0109,1,初回,2025-08-20 03:04:05.858000,147.48500,1.00
2025-08-01,2025-08-31,20260209_100749,20260209_100749-0110,1,初回,2025-08-20 12:54:34.108000,147.46300,1.00
2025-08-01,2025-08-31,20260209_100749,20260209_100749-0111,1,初回,2025-08-20 15:01:14.882000,147.44500,1.00
2025-08-01,2025-08-31,20260209_100749,20260209_100749-0112,1,初回,2025-08-20 15:17:35.030000,147.15600,1.00
2025-08-01,2025-08-31,20260209_100749,20260209_100749-0113,1,初回,2025-08-20 22:54:19.515000,147.18100,1.00
2025-08-01,2025-08-31,20260209_100749,20260209_100749-0114,1,初回,2025-08-20 23:39:18.242000,147.12300,1.00
2025-08-01,2025-08-31,20260209_100749,20260209_100749-0115,1,初回,2025-08-21 18:37:11.218000,147.66600,1.00
2025-08-01,2025-08-31,20260209_100749,20260209_100749-0116,1,初回,2025-08-21 19:06:54.379000,147.66500,1.00
2025-08-01,2025-08-31,20260209_100749,20260209_100749-0117,1,初回,2025-08-21 19:15:54.696000,147.78400,1.00
2025-08-01,2025-08-31,20260209_100749,20260209_100749-0119,1,初回,2025-08-21 19:41:49.046000,147.87100,1.00
2025-08-01,2025-08-31,20260209_100749,20260209_100749-0118,1,初回,2025-08-21 20:01:25.919000,147.86200,1.00
2025-08-01,2025-08-31,20260209_100749,20260209_100749-0120,1,初回,2025-08-21 22:45:28.713000,147.90600,1.00
2025-08-01,2025-08-31,20260209_100749,20260209_100749-0121,1,初回,2025-08-21 22:45:35.278000,147.90900,1.00
2025-08-01,2025-08-31,20260209_100749,20260209_100749-0122,1,初回,2025-08-21 23:01:58.565000,147.90700,1.00
2025-08-01,2025-08-31,20260209_100749,20260209_100749-0124,1,初回,2025-08-21 23:23:41.644000,148.08700,1.00
2025-08-01,2025-08-31,20260209_100749,20260209_100749-0123,1,初回,2025-08-21 23:23:44.480000,148.08200,1.00
2025-08-01,2025-08-31,20260209_100749,20260209_100749-0125,1,初回,2025-08-22 00:29:21.501000,148.13700,1.00
2025-08-01,2025-08-31,20260209_100749,20260209_100749-0126,1,初回,2025-08-22 01:02:22.447000,148.37000,1.00
2025-08-01,2025-08-31,20260209_100749,20260209_100749-0127,1,初回,2025-08-22 12:54:35.862000,148.65800,1.00
2025-08-01,2025-08-31,20260209_100749,20260209_100749-0128,1,初回,2025-08-22 13:00:51.634000,148.68700,1.00
2025-08-01,2025-08-31,20260209_100749,20260209_100749-0129,1,初回,2025-08-22 14:14:12.813000,148.73200,1.00
2025-08-01,2025-08-31,20260209_100749,20260209_100749-0130,1,初回,2025-08-22 23:00:01.812000,148.44500,1.00
2025-08-01,2025-08-31,20260209_100749,20260209_100749-0131,1,初回,2025-08-22 23:00:02.960000,148.30700,1.00
2025-08-01,2025-08-31,20260209_100749,20260209_100749-0132,1,初回,2025-08-22 23:01:19.841000,147.61300,1.00
2025-08-01,2025-08-31,20260209_100749,20260209_100749-0133,1,初回,2025-08-22 23:18:02.353000,147.04600,1.00
2025-08-01,2025-08-31,20260209_100749,20260209_100749-0134,1,初回,2025-08-22 23:19:23.805000,146.90900,1.00
2025-08-01,2025-08-31,20260209_100749,20260209_100749-0136,1,初回,2025-08-22 23:52:49.387000,146.83300,1.00
2025-08-01,2025-08-31,20260209_100749,20260209_100749-0135,1,初回,2025-08-23 00:00:52.749000,146.84400,1.00
2025-08-01,2025-08-31,20260209_100749,20260209_100749-0137,1,初回,2025-08-23 00:03:22.029000,146.77600,1.00
2025-08-01,2025-08-31,20260209_100749,20260209_100749-0138,1,初回,2025-08-23 00:03:22.800000,146.77500,1.00
2025-08-01,2025-08-31,20260209_100749,20260209_100749-0139,1,初回,2025-08-23 02:19:50.419000,146.61100,1.00
2025-08-01,2025-08-31,20260209_100749,20260209_100749-0140,1,初回,2025-08-26 00:18:01.429000,147.51500,1.00
2025-08-01,2025-08-31,20260209_100749,20260209_100749-0141,1,初回,2025-08-26 03:16:39.104000,147.64100,1.00
2025-08-01,2025-08-31,20260209_100749,20260209_100749-0142,1,初回,2025-08-26 04:00:07.926000,147.79400,1.00
2025-08-01,2025-08-31,20260209_100749,20260209_100749-0143,1,初回,2025-08-26 16:02:13.261000,147.85600,1.00
2025-08-01,2025-08-31,20260209_100749,20260209_100749-0144,1,初回,2025-08-26 16:12:00.209000,147.90600,1.00
2025-08-01,2025-08-31,20260209_100749,20260209_100749-0145,1,初回,2025-08-26 23:09:13.329000,147.65700,1.00
2025-08-01,2025-08-31,20260209_100749,20260209_100749-0146,1,初回,2025-08-27 00:12:29.192000,147.36700,1.00
2025-08-01,2025-08-31,20260209_100749,20260209_100749-0147,1,初回,2025-08-27 11:02:01.392000,147.62100,1.00
2025-08-01,2025-08-31,20260209_100749,20260209_100749-0148,1,初回,2025-08-27 11:14:55.305000,147.69100,1.00
2025-08-01,2025-08-31,20260209_100749,20260209_100749-0149,1,初回,2025-08-27 13:02:58.123000,147.87800,1.00
2025-08-01,2025-08-31,20260209_100749,20260209_100749-0150,1,初回,2025-08-27 14:15:38.383000,147.92700,1.00
2025-08-01,2025-08-31,20260209_100749,20260209_100749-0151,1,初回,2025-08-27 17:16:06.158000,147.93900,1.00
2025-08-01,2025-08-31,20260209_100749,20260209_100749-0152,1,初回,2025-08-27 17:20:04.971000,147.93900,1.00
2025-08-01,2025-08-31,20260209_100749,20260209_100749-0153,1,初回,2025-08-27 18:07:33.785000,147.97000,1.00
2025-08-01,2025-08-31,20260209_100749,20260209_100749-0154,1,初回,2025-08-27 19:06:53.323000,148.00100,1.00
2025-08-01,2025-08-31,20260209_100749,20260209_100749-0155,1,初回,2025-08-27 20:00:53.281000,148.11400,1.00
2025-08-01,2025-08-31,20260209_100749,20260209_100749-0156,1,初回,2025-08-28 12:16:19.184000,147.22900,1.00
2025-08-01,2025-08-31,20260209_100749,20260209_100749-0157,1,初回,2025-08-28 12:49:38.187000,147.13100,1.00
2025-08-01,2025-08-31,20260209_100749,20260209_100749-0158,1,初回,2025-08-28 14:21:49.041000,147.11600,1.00
2025-08-01,2025-08-31,20260209_100749,20260209_100749-0159,1,初回,2025-08-28 15:03:54.854000,147.02400,1.00
2025-08-01,2025-08-31,20260209_100749,20260209_100749-0160,1,初回,2025-08-28 19:26:36.006000,147.03900,1.00
2025-08-01,2025-08-31,20260209_100749,20260209_100749-0161,1,初回,2025-08-28 20:11:52.631000,146.94700,1.00
2025-08-01,2025-08-31,20260209_100749,20260209_100749-0162,1,初回,2025-08-29 01:47:59.655000,146.84400,1.00
2025-08-01,2025-08-31,20260209_100749,20260209_100749-0163,1,初回,2025-08-29 02:04:20.438000,146.79700,1.00
2025-08-01,2025-08-31,20260209_100749,20260209_100749-0164,1,初回,2025-08-29 15:36:00.674000,147.08400,1.00
2025-08-01,2025-08-31,20260209_100749,20260209_100749-0165,1,初回,2025-08-29 16:06:16.066000,147.14400,1.00
2025-08-01,2025-08-31,20260209_100749,20260209_100749-0166,1,初回,2025-08-29 19:13:54.608000,147.17600,1.00
2025-08-01,2025-08-31,20260209_100749,20260209_100749-0167,1,初回,2025-08-29 20:02:05.015000,147.21800,1.00
2025-08-01,2025-08-31,20260209_100749,20260209_100749-0168,1,初回,2025-08-29 21:30:16.545000,147.23700,1.00
2025-08-01,2025-08-31,20260209_100749,20260209_100749-0170,1,初回,2025-08-29 21:42:24.101000,147.37300,1.00
2025-08-01,2025-08-31,20260209_100749,20260209_100749-0169,1,初回,2025-08-29 22:08:09.579000,147.37800,1.00
2025-08-01,2025-08-31,20260209_100749,20260209_100749-0171,1,初回,2025-08-29 23:58:03.525000,146.82700,1.00
2025-09-01,2025-09-30,20260209_100839,20260209_100839-0001,1,初回,2025-09-02 14:21:41.904000,147.83200,1.00
2025-09-01,2025-09-30,20260209_100839,20260209_100839-0002,1,初回,2025-09-02 16:08:05.097000,148.02000,1.00
2025-09-01,2025-09-30,20260209_100839,20260209_100839-0003,1,初回,2025-09-02 17:06:23.970000,148.71000,1.00
2025-09-01,2025-09-30,20260209_100839,20260209_100839-0004,1,初回,2025-09-02 21:16:48.537000,148.76000,1.00
2025-09-01,2025-09-30,20260209_100839,20260209_100839-0005,1,初回,2025-09-03 11:38:10.279000,148.87200,1.00
2025-09-01,2025-09-30,20260209_100839,20260209_100839-0006,1,初回,2025-09-03 12:15:01.246000,148.87300,1.00
2025-09-01,2025-09-30,20260209_100839,20260209_100839-0007,1,初回,2025-09-03 12:31:33.753000,148.91000,1.00
2025-09-01,2025-09-30,20260209_100839,20260209_100839-0008,1,初回,2025-09-03 15:30:09.495000,148.52100,1.00
2025-09-01,2025-09-30,20260209_100839,20260209_100839-0009,1,初回,2025-09-03 16:18:23.187000,148.89400,1.00
2025-09-01,2025-09-30,20260209_100839,20260209_100839-0010,1,初回,2025-09-03 23:00:01.760000,148.46600,1.00
2025-09-01,2025-09-30,20260209_100839,20260209_100839-0011,1,初回,2025-09-04 00:06:25.700000,148.11200,1.00
2025-09-01,2025-09-30,20260209_100839,20260209_100839-0012,1,初回,2025-09-04 01:01:39.120000,147.96900,1.00
2025-09-01,2025-09-30,20260209_100839,20260209_100839-0013,1,初回,2025-09-04 02:00:00.208000,147.94600,1.00
2025-09-01,2025-09-30,20260209_100839,20260209_100839-0014,1,初回,2025-09-04 21:30:48.292000,148.38700,1.00
2025-09-01,2025-09-30,20260209_100839,20260209_100839-0015,1,初回,2025-09-04 22:07:05.108000,148.50200,1.00
2025-09-01,2025-09-30,20260209_100839,20260209_100839-0016,1,初回,2025-09-04 23:00:00.294000,148.54500,1.00
2025-09-01,2025-09-30,20260209_100839,20260209_100839-0018,1,初回,2025-09-05 00:01:26.225000,148.76700,1.00
2025-09-01,2025-09-30,20260209_100839,20260209_100839-0017,1,初回,2025-09-05 00:11:07.034000,148.72100,1.00
2025-09-01,2025-09-30,20260209_100839,20260209_100839-0019,1,初回,2025-09-05 11:08:25.609000,148.12700,1.00
2025-09-01,2025-09-30,20260209_100839,20260209_100839-0020,1,初回,2025-09-05 18:19:57.630000,148.11100,1.00
2025-09-01,2025-09-30,20260209_100839,20260209_100839-0021,1,初回,2025-09-05 21:07:47.182000,148.05600,1.00
2025-09-01,2025-09-30,20260209_100839,20260209_100839-0022,1,初回,2025-09-05 21:30:01.201000,147.67900,1.00
2025-09-01,2025-09-30,20260209_100839,20260209_100839-0023,1,初回,2025-09-05 22:11:21.399000,147.21800,1.00
2025-09-01,2025-09-30,20260209_100839,20260209_100839-0024,1,初回,2025-09-05 23:00:02.817000,147.07800,1.00
2025-09-01,2025-09-30,20260209_100839,20260209_100839-0025,1,初回,2025-09-06 00:02:53.128000,147.02900,1.00
2025-09-01,2025-09-30,20260209_100839,20260209_100839-0026,1,初回,2025-09-06 01:00:17.817000,146.84900,1.00
2025-09-01,2025-09-30,20260209_100839,20260209_100839-0027,1,初回,2025-09-08 17:10:23.234000,147.55000,1.00
2025-09-01,2025-09-30,20260209_100839,20260209_100839-0028,1,初回,2025-09-08 23:43:20.633000,147.84900,1.00
2025-09-01,2025-09-30,20260209_100839,20260209_100839-0029,1,初回,2025-09-09 00:22:04.229000,147.57900,1.00
2025-09-01,2025-09-30,20260209_100839,20260209_100839-0030,1,初回,2025-09-09 03:54:48.065000,147.50400,1.00
2025-09-01,2025-09-30,20260209_100839,20260209_100839-0031,1,初回,2025-09-09 13:27:49.754000,147.19100,1.00
2025-09-01,2025-09-30,20260209_100839,20260209_100839-0032,1,初回,2025-09-09 14:00:17.044000,147.13500,1.00
2025-09-01,2025-09-30,20260209_100839,20260209_100839-0033,1,初回,2025-09-09 15:01:26.093000,146.88600,1.00
2025-09-01,2025-09-30,20260209_100839,20260209_100839-0034,1,初回,2025-09-09 17:26:22.762000,146.85700,1.00
2025-09-01,2025-09-30,20260209_100839,20260209_100839-0035,1,初回,2025-09-09 17:26:45.542000,146.82200,1.00
2025-09-01,2025-09-30,20260209_100839,20260209_100839-0036,1,初回,2025-09-09 18:00:03.058000,146.60000,1.00
2025-09-01,2025-09-30,20260209_100839,20260209_100839-0037,1,初回,2025-09-09 19:00:00.190000,146.34900,1.00
2025-09-01,2025-09-30,20260209_100839,20260209_100839-0038,1,初回,2025-09-10 03:34:57.167000,147.40800,1.00
2025-09-01,2025-09-30,20260209_100839,20260209_100839-0039,1,初回,2025-09-10 04:01:31.623000,147.40400,1.00
2025-09-01,2025-09-30,20260209_100839,20260209_100839-0040,1,初回,2025-09-10 15:58:27.622000,147.54100,1.00
2025-09-01,2025-09-30,20260209_100839,20260209_100839-0041,1,初回,2025-09-10 16:00:02.701000,147.55600,1.00
2025-09-01,2025-09-30,20260209_100839,20260209_100839-0042,1,初回,2025-09-10 21:30:01.427000,147.29600,1.00
2025-09-01,2025-09-30,20260209_100839,20260209_100839-0043,1,初回,2025-09-11 14:55:16.591000,147.57600,1.00
2025-09-01,2025-09-30,20260209_100839,20260209_100839-0044,1,初回,2025-09-11 15:00:42.484000,147.61800,1.00
2025-09-01,2025-09-30,20260209_100839,20260209_100839-0045,1,初回,2025-09-11 16:29:39.588000,147.76000,1.00
2025-09-01,2025-09-30,20260209_100839,20260209_100839-0046,1,初回,2025-09-11 17:02:54.853000,147.80400,1.00
2025-09-01,2025-09-30,20260209_100839,20260209_100839-0047,1,初回,2025-09-11 17:52:31.622000,147.84300,1.00
2025-09-01,2025-09-30,20260209_100839,20260209_100839-0048,1,初回,2025-09-11 19:00:04.050000,147.96100,1.00
2025-09-01,2025-09-30,20260209_100839,20260209_100839-0049,1,初回,2025-09-11 23:03:04.356000,147.31900,1.00
2025-09-01,2025-09-30,20260209_100839,20260209_100839-0050,1,初回,2025-09-11 23:17:57.080000,147.12400,1.00
2025-09-01,2025-09-30,20260209_100839,20260209_100839-0051,1,初回,2025-09-11 23:18:00.210000,147.12300,1.00
2025-09-01,2025-09-30,20260209_100839,20260209_100839-0052,1,初回,2025-09-12 01:09:01.640000,147.03100,1.00
2025-09-01,2025-09-30,20260209_100839,20260209_100839-0053,1,初回,2025-09-12 11:01:50.833000,147.41700,1.00
2025-09-01,2025-09-30,20260209_100839,20260209_100839-0054,1,初回,2025-09-12 12:01:22.757000,147.44700,1.00
2025-09-01,2025-09-30,20260209_100839,20260209_100839-0055,1,初回,2025-09-12 17:07:05.704000,147.52600,1.00
2025-09-01,2025-09-30,20260209_100839,20260209_100839-0056,1,初回,2025-09-12 18:00:59.503000,147.89700,1.00
2025-09-01,2025-09-30,20260209_100839,20260209_100839-0057,1,初回,2025-09-12 21:30:26.673000,147.95800,1.00
2025-09-01,2025-09-30,20260209_100839,20260209_100839-0058,1,初回,2025-09-15 13:01:02.779000,147.40700,1.00
2025-09-01,2025-09-30,20260209_100839,20260209_100839-0059,1,初回,2025-09-15 18:15:23.146000,147.37900,1.00
2025-09-01,2025-09-30,20260209_100839,20260209_100839-0060,1,初回,2025-09-15 19:04:26.037000,147.34800,1.00
2025-09-01,2025-09-30,20260209_100839,20260209_100839-0061,1,初回,2025-09-15 21:33:43.215000,147.28600,1.00
2025-09-01,2025-09-30,20260209_100839,20260209_100839-0062,1,初回,2025-09-16 02:53:24.345000,147.27100,1.00
2025-09-01,2025-09-30,20260209_100839,20260209_100839-0063,1,初回,2025-09-16 11:16:02.891000,147.20600,1.00
2025-09-01,2025-09-30,20260209_100839,20260209_100839-0064,1,初回,2025-09-16 12:00:08.455000,147.15500,1.00
2025-09-01,2025-09-30,20260209_100839,20260209_100839-0065,1,初回,2025-09-16 13:07:14.559000,147.05200,1.00
2025-09-01,2025-09-30,20260209_100839,20260209_100839-0066,1,初回,2025-09-16 13:16:57.456000,147.02400,1.00
2025-09-01,2025-09-30,20260209_100839,20260209_100839-0067,1,初回,2025-09-16 14:00:29.024000,147.00900,1.00
2025-09-01,2025-09-30,20260209_100839,20260209_100839-0068,1,初回,2025-09-16 15:00:54.743000,146.95700,1.00
2025-09-01,2025-09-30,20260209_100839,20260209_100839-0069,1,初回,2025-09-16 16:04:32.642000,146.81800,1.00
2025-09-01,2025-09-30,20260209_100839,20260209_100839-0070,1,初回,2025-09-16 23:02:40.247000,146.73000,1.00
2025-09-01,2025-09-30,20260209_100839,20260209_100839-0071,1,初回,2025-09-17 00:06:11.330000,146.56100,1.00
2025-09-01,2025-09-30,20260209_100839,20260209_100839-0072,1,初回,2025-09-17 01:00:42.100000,146.54100,1.00
2025-09-01,2025-09-30,20260209_100839,20260209_100839-0073,1,初回,2025-09-17 02:00:31.057000,146.34900,1.00
2025-09-01,2025-09-30,20260209_100839,20260209_100839-0074,1,初回,2025-09-17 02:44:42.157000,146.38900,1.00
2025-09-01,2025-09-30,20260209_100839,20260209_100839-0076,1,初回,2025-09-17 19:03:40.728000,146.24900,1.00
2025-09-01,2025-09-30,20260209_100839,20260209_100839-0075,1,初回,2025-09-17 20:01:36.712000,146.24200,1.00
2025-09-01,2025-09-30,20260209_100839,20260209_100839-0077,1,初回,2025-09-18 03:46:32.360000,146.66100,1.00
2025-09-01,2025-09-30,20260209_100839,20260209_100839-0078,1,初回,2025-09-18 04:01:03.551000,146.82600,1.00
2025-09-01,2025-09-30,20260209_100839,20260209_100839-0079,1,初回,2025-09-18 13:24:26.949000,147.11800,1.00
2025-09-01,2025-09-30,20260209_100839,20260209_100839-0081,1,初回,2025-09-18 14:01:14.088000,147.22500,1.00
2025-09-01,2025-09-30,20260209_100839,20260209_100839-0080,1,初回,2025-09-18 14:05:02.291000,147.19000,1.00
2025-09-01,2025-09-30,20260209_100839,20260209_100839-0082,1,初回,2025-09-18 15:01:25.118000,147.37700,1.00
2025-09-01,2025-09-30,20260209_100839,20260209_100839-0083,1,初回,2025-09-18 15:13:30.451000,147.51100,1.00
2025-09-01,2025-09-30,20260209_100839,20260209_100839-0084,1,初回,2025-09-18 21:30:08.346000,147.50900,1.00
2025-09-01,2025-09-30,20260209_100839,20260209_100839-0085,1,初回,2025-09-18 21:53:36.546000,147.74600,1.00
2025-09-01,2025-09-30,20260209_100839,20260209_100839-0086,1,初回,2025-09-18 22:33:53.901000,148.04500,1.00
2025-09-01,2025-09-30,20260209_100839,20260209_100839-0087,1,初回,2025-09-18 22:39:14.311000,148.15000,1.00
2025-09-01,2025-09-30,20260209_100839,20260209_100839-0088,1,初回,2025-09-19 11:02:37.920000,148.08500,1.00
2025-09-01,2025-09-30,20260209_100839,20260209_100839-0089,1,初回,2025-09-19 12:26:44.473000,147.82900,1.00
2025-09-01,2025-09-30,20260209_100839,20260209_100839-0090,1,初回,2025-09-19 13:03:58.194000,147.40400,1.00
2025-09-01,2025-09-30,20260209_100839,20260209_100839-0091,1,初回,2025-09-19 20:02:19.026000,148.00300,1.00
2025-09-01,2025-09-30,20260209_100839,20260209_100839-0092,1,初回,2025-09-19 21:39:00.193000,148.17000,1.00
2025-09-01,2025-09-30,20260209_100839,20260209_100839-0093,1,初回,2025-09-19 21:48:41.002000,148.24200,1.00
2025-09-01,2025-09-30,20260209_100839,20260209_100839-0094,1,初回,2025-09-22 11:06:46.001000,148.25100,1.00
2025-09-01,2025-09-30,20260209_100839,20260209_100839-0095,1,初回,2025-09-22 12:09:35.874000,148.32300,1.00
2025-09-01,2025-09-30,20260209_100839,20260209_100839-0096,1,初回,2025-09-22 13:00:45.293000,148.34600,1.00
2025-09-01,2025-09-30,20260209_100839,20260209_100839-0097,1,初回,2025-09-22 17:45:14.853000,147.82800,1.00
2025-09-01,2025-09-30,20260209_100839,20260209_100839-0098,1,初回,2025-09-22 20:51:53.308000,147.79400,1.00
2025-09-01,2025-09-30,20260209_100839,20260209_100839-0099,1,初回,2025-09-22 21:04:33.141000,147.77700,1.00
2025-09-01,2025-09-30,20260209_100839,20260209_100839-0100,1,初回,2025-09-22 23:16:51.598000,147.93400,1.00
2025-09-01,2025-09-30,20260209_100839,20260209_100839-0101,1,初回,2025-09-23 01:18:10.135000,147.77000,1.00
2025-09-01,2025-09-30,20260209_100839,20260209_100839-0102,1,初回,2025-09-23 03:00:42.112000,147.69800,1.00
2025-09-01,2025-09-30,20260209_100839,20260209_100839-0103,1,初回,2025-09-23 17:43:39.109000,147.63700,1.00
2025-09-01,2025-09-30,20260209_100839,20260209_100839-0104,1,初回,2025-09-23 18:00:00.136000,147.57100,1.00
2025-09-01,2025-09-30,20260209_100839,20260209_100839-0105,1,初回,2025-09-23 21:36:11.442000,147.83500,1.00
2025-09-01,2025-09-30,20260209_100839,20260209_100839-0106,1,初回,2025-09-23 22:49:57.291000,147.85600,1.00
2025-09-01,2025-09-30,20260209_100839,20260209_100839-0107,1,初回,2025-09-24 00:26:59.966000,147.85700,1.00
2025-09-01,2025-09-30,20260209_100839,20260209_100839-0108,1,初回,2025-09-24 01:36:35.363000,147.89500,1.00
2025-09-01,2025-09-30,20260209_100839,20260209_100839-0109,1,初回,2025-09-24 02:41:06.546000,147.54700,1.00
2025-09-01,2025-09-30,20260209_100839,20260209_100839-0110,1,初回,2025-09-24 03:15:10.515000,147.53000,1.00
2025-09-01,2025-09-30,20260209_100839,20260209_100839-0111,1,初回,2025-09-24 13:02:56.833000,147.89600,1.00
2025-09-01,2025-09-30,20260209_100839,20260209_100839-0113,1,初回,2025-09-24 13:21:52.541000,147.95400,1.00
2025-09-01,2025-09-30,20260209_100839,20260209_100839-0112,1,初回,2025-09-24 14:11:44.943000,147.93200,1.00
2025-09-01,2025-09-30,20260209_100839,20260209_100839-0114,1,初回,2025-09-24 16:12:27.502000,148.07600,1.00
2025-09-01,2025-09-30,20260209_100839,20260209_100839-0115,1,初回,2025-09-24 18:00:11.739000,148.26200,1.00
2025-09-01,2025-09-30,20260209_100839,20260209_100839-0116,1,初回,2025-09-24 19:00:26.448000,148.31400,1.00
2025-09-01,2025-09-30,20260209_100839,20260209_100839-0117,1,初回,2025-09-24 19:07:05.692000,148.34600,1.00
2025-09-01,2025-09-30,20260209_100839,20260209_100839-0118,1,初回,2025-09-24 20:02:22.165000,148.39200,1.00
2025-09-01,2025-09-30,20260209_100839,20260209_100839-0119,1,初回,2025-09-24 21:03:24.356000,148.48700,1.00
2025-09-01,2025-09-30,20260209_100839,20260209_100839-0120,1,初回,2025-09-24 21:30:33.537000,148.54800,1.00
2025-09-01,2025-09-30,20260209_100839,20260209_100839-0121,1,初回,2025-09-24 22:02:00.928000,148.68500,1.00
2025-09-01,2025-09-30,20260209_100839,20260209_100839-0123,1,初回,2025-09-24 22:15:37.825000,148.74700,1.00
2025-09-01,2025-09-30,20260209_100839,20260209_100839-0122,1,初回,2025-09-24 23:00:00.656000,148.75600,1.00
2025-09-01,2025-09-30,20260209_100839,20260209_100839-0124,1,初回,2025-09-25 00:05:12.032000,148.75100,1.00
2025-09-01,2025-09-30,20260209_100839,20260209_100839-0125,1,初回,2025-09-25 04:00:01.118000,148.84200,1.00
2025-09-01,2025-09-30,20260209_100839,20260209_100839-0126,1,初回,2025-09-25 20:12:15.668000,148.88500,1.00
2025-09-01,2025-09-30,20260209_100839,20260209_100839-0127,1,初回,2025-09-25 20:12:28.100000,148.88500,1.00
2025-09-01,2025-09-30,20260209_100839,20260209_100839-0128,1,初回,2025-09-25 21:31:59.684000,149.10800,1.00
2025-09-01,2025-09-30,20260209_100839,20260209_100839-0129,1,初回,2025-09-25 22:47:18.973000,149.32900,1.00
2025-09-01,2025-09-30,20260209_100839,20260209_100839-0130,1,初回,2025-09-25 23:00:16.363000,149.44600,1.00
2025-09-01,2025-09-30,20260209_100839,20260209_100839-0131,1,初回,2025-09-26 01:02:42.991000,149.81300,1.00
2025-09-01,2025-09-30,20260209_100839,20260209_100839-0132,1,初回,2025-09-26 02:04:37.727000,149.83600,1.00
2025-09-01,2025-09-30,20260209_100839,20260209_100839-0133,1,初回,2025-09-26 03:10:35.330000,149.88800,1.00
2025-09-01,2025-09-30,20260209_100839,20260209_100839-0134,1,初回,2025-09-26 19:52:34.052000,149.92500,1.00
2025-09-01,2025-09-30,20260209_100839,20260209_100839-0135,1,初回,2025-09-26 19:52:38.163000,149.92500,1.00
2025-09-01,2025-09-30,20260209_100839,20260209_100839-0136,1,初回,2025-09-26 21:18:45.478000,149.69000,1.00
2025-09-01,2025-09-30,20260209_100839,20260209_100839-0137,1,初回,2025-09-26 22:00:06.547000,149.62400,1.00
2025-09-01,2025-09-30,20260209_100839,20260209_100839-0138,1,初回,2025-09-26 23:39:56.987000,149.55200,1.00
2025-09-01,2025-09-30,20260209_100839,20260209_100839-0139,1,初回,2025-09-27 00:01:37.130000,149.50300,1.00
2025-09-01,2025-09-30,20260209_100839,20260209_100839-0140,1,初回,2025-09-29 11:02:04.167000,149.05300,1.00
2025-09-01,2025-09-30,20260209_100839,20260209_100839-0141,1,初回,2025-09-29 12:02:33.441000,148.93400,1.00
2025-09-01,2025-09-30,20260209_100839,20260209_100839-0142,1,初回,2025-09-29 13:10:03.030000,148.92200,1.00
2025-09-01,2025-09-30,20260209_100839,20260209_100839-0143,1,初回,2025-09-29 14:31:45.503000,148.83600,1.00
2025-09-01,2025-09-30,20260209_100839,20260209_100839-0144,1,初回,2025-09-29 15:00:15.432000,148.78100,1.00
2025-09-01,2025-09-30,20260209_100839,20260209_100839-0145,1,初回,2025-09-29 16:11:14.477000,148.75300,1.00
2025-09-01,2025-09-30,20260209_100839,20260209_100839-0146,1,初回,2025-09-29 16:49:07.414000,148.59800,1.00
2025-09-01,2025-09-30,20260209_100839,20260209_100839-0147,1,初回,2025-09-29 17:05:17.842000,148.56200,1.00
2025-09-01,2025-09-30,20260209_100839,20260209_100839-0148,1,初回,2025-09-29 18:01:39.810000,148.50700,1.00
2025-09-01,2025-09-30,20260209_100839,20260209_100839-0149,1,初回,2025-09-30 13:26:01.512000,148.47800,1.00
2025-09-01,2025-09-30,20260209_100839,20260209_100839-0150,1,初回,2025-09-30 14:03:58.977000,148.42600,1.00
2025-09-01,2025-09-30,20260209_100839,20260209_100839-0151,1,初回,2025-09-30 15:12:36.401000,148.26600,1.00
2025-09-01,2025-09-30,20260209_100839,20260209_100839-0152,1,初回,2025-09-30 16:01:11.655000,148.09100,1.00
2025-09-01,2025-09-30,20260209_100839,20260209_100839-0153,1,初回,2025-09-30 17:04:56.196000,147.97900,1.00
2025-09-01,2025-09-30,20260209_100839,20260209_100839-0154,1,初回,2025-09-30 17:42:57.945000,147.85400,1.00
2025-09-01,2025-09-30,20260209_100839,20260209_100839-0155,1,初回,2025-09-30 18:00:49.974000,147.87600,1.00
2025-09-01,2025-09-30,20260209_100839,20260209_100839-0156,1,初回,2025-09-30 22:48:43.134000,147.87200,1.00
2025-09-01,2025-09-30,20260209_100839,20260209_100839-0157,1,初回,2025-09-30 23:02:00.635000,147.84900,1.00
2025-10-01,2025-10-31,20260209_100932,20260209_100932-0001,1,初回,2025-10-01 17:12:28.564000,147.06000,1.00
2025-10-01,2025-10-31,20260209_100932,20260209_100932-0002,1,初回,2025-10-01 21:15:47.320000,146.90200,1.00
2025-10-01,2025-10-31,20260209_100932,20260209_100932-0003,1,初回,2025-10-02 15:37:22.096000,146.97500,1.00
2025-10-01,2025-10-31,20260209_100932,20260209_100932-0004,1,初回,2025-10-02 15:44:45.245000,147.29200,1.00
2025-10-01,2025-10-31,20260209_100932,20260209_100932-0005,1,初回,2025-10-02 17:17:31.223000,146.93000,1.00
2025-10-01,2025-10-31,20260209_100932,20260209_100932-0006,1,初回,2025-10-02 17:19:24.074000,146.92900,1.00
2025-10-01,2025-10-31,20260209_100932,20260209_100932-0007,1,初回,2025-10-02 18:02:00.206000,146.76500,1.00
2025-10-01,2025-10-31,20260209_100932,20260209_100932-0008,1,初回,2025-10-02 18:37:50.285000,146.62000,1.00
2025-10-01,2025-10-31,20260209_100932,20260209_100932-0009,1,初回,2025-10-02 19:00:29.224000,146.63800,1.00
2025-10-01,2025-10-31,20260209_100932,20260209_100932-0010,1,初回,2025-10-03 00:01:02.748000,147.34900,1.00
2025-10-01,2025-10-31,20260209_100932,20260209_100932-0011,1,初回,2025-10-03 11:15:28.219000,147.65600,1.00
2025-10-01,2025-10-31,20260209_100932,20260209_100932-0012,1,初回,2025-10-03 12:00:00.404000,147.65600,1.00
2025-10-01,2025-10-31,20260209_100932,20260209_100932-0013,1,初回,2025-10-03 13:41:02.346000,147.73500,1.00
2025-10-01,2025-10-31,20260209_100932,20260209_100932-0014,1,初回,2025-10-03 15:00:00.428000,147.78500,1.00
2025-10-01,2025-10-31,20260209_100932,20260209_100932-0015,1,初回,2025-10-03 16:25:10.590000,147.53600,1.00
2025-10-01,2025-10-31,20260209_100932,20260209_100932-0016,1,初回,2025-10-03 17:32:02.406000,147.44800,1.00
2025-10-01,2025-10-31,20260209_100932,20260209_100932-0017,1,初回,2025-10-03 18:00:23.095000,147.31800,1.00
2025-10-01,2025-10-31,20260209_100932,20260209_100932-0018,1,初回,2025-10-03 21:54:35.255000,147.25100,1.00
2025-10-01,2025-10-31,20260209_100932,20260209_100932-0019,1,初回,2025-10-03 23:00:00.307000,147.09000,1.00
2025-10-01,2025-10-31,20260209_100932,20260209_100932-0020,1,初回,2025-10-06 11:03:01.350000,149.83100,1.00
2025-10-01,2025-10-31,20260209_100932,20260209_100932-0021,1,初回,2025-10-06 12:05:16.877000,149.89400,1.00
2025-10-01,2025-10-31,20260209_100932,20260209_100932-0022,1,初回,2025-10-06 13:00:37.619000,150.07200,1.00
2025-10-01,2025-10-31,20260209_100932,20260209_100932-0023,1,初回,2025-10-06 14:01:50.266000,150.31400,1.00
2025-10-01,2025-10-31,20260209_100932,20260209_100932-0024,1,初回,2025-10-06 18:09:57.261000,150.40500,1.00
2025-10-01,2025-10-31,20260209_100932,20260209_100932-0025,1,初回,2025-10-07 12:18:09.705000,150.37500,1.00
2025-10-01,2025-10-31,20260209_100932,20260209_100932-0026,1,初回,2025-10-07 15:05:25.650000,150.58800,1.00
2025-10-01,2025-10-31,20260209_100932,20260209_100932-0027,1,初回,2025-10-07 16:06:21.410000,150.67300,1.00
2025-10-01,2025-10-31,20260209_100932,20260209_100932-0028,1,初回,2025-10-07 17:32:18.620000,150.68200,1.00
2025-10-01,2025-10-31,20260209_100932,20260209_100932-0029,1,初回,2025-10-07 18:00:01.341000,150.80100,1.00
2025-10-01,2025-10-31,20260209_100932,20260209_100932-0030,1,初回,2025-10-07 21:04:25.036000,150.91900,1.00
2025-10-01,2025-10-31,20260209_100932,20260209_100932-0031,1,初回,2025-10-07 23:03:48.809000,150.99800,1.00
2025-10-01,2025-10-31,20260209_100932,20260209_100932-0032,1,初回,2025-10-08 00:01:00.107000,151.17400,1.00
2025-10-01,2025-10-31,20260209_100932,20260209_100932-0033,1,初回,2025-10-08 01:02:46.607000,151.17500,1.00
2025-10-01,2025-10-31,20260209_100932,20260209_100932-0034,1,初回,2025-10-08 02:16:46.013000,151.37800,1.00
2025-10-01,2025-10-31,20260209_100932,20260209_100932-0035,1,初回,2025-10-08 03:00:03.502000,151.50300,1.00
2025-10-01,2025-10-31,20260209_100932,20260209_100932-0036,1,初回,2025-10-08 04:38:13.376000,151.90500,1.00
2025-10-01,2025-10-31,20260209_100932,20260209_100932-0037,1,初回,2025-10-08 11:02:34.925000,152.57600,1.00
2025-10-01,2025-10-31,20260209_100932,20260209_100932-0038,1,初回,2025-10-08 17:51:28.136000,152.61700,1.00
2025-10-01,2025-10-31,20260209_100932,20260209_100932-0039,1,初回,2025-10-08 18:00:06.904000,152.75700,1.00
2025-10-01,2025-10-31,20260209_100932,20260209_100932-0040,1,初回,2025-10-08 19:00:11.974000,152.96800,1.00
2025-10-01,2025-10-31,20260209_100932,20260209_100932-0041,1,初回,2025-10-08 22:16:04.769000,152.41400,1.00
2025-10-01,2025-10-31,20260209_100932,20260209_100932-0042,1,初回,2025-10-09 11:52:04.690000,152.44700,1.00
2025-10-01,2025-10-31,20260209_100932,20260209_100932-0043,1,初回,2025-10-09 15:19:28.161000,152.96900,1.00
2025-10-01,2025-10-31,20260209_100932,20260209_100932-0044,1,初回,2025-10-09 16:37:50.469000,153.10600,1.00
2025-10-01,2025-10-31,20260209_100932,20260209_100932-0045,1,初回,2025-10-10 00:27:36.475000,153.15500,1.00
2025-10-01,2025-10-31,20260209_100932,20260209_100932-0046,1,初回,2025-10-10 00:31:48.054000,153.18600,1.00
2025-10-01,2025-10-31,20260209_100932,20260209_100932-0047,1,初回,2025-10-10 03:52:04.911000,153.20300,1.00
2025-10-01,2025-10-31,20260209_100932,20260209_100932-0048,1,初回,2025-10-10 11:12:52.374000,152.87400,1.00
2025-10-01,2025-10-31,20260209_100932,20260209_100932-0049,1,初回,2025-10-10 12:23:12.313000,152.81200,1.00
2025-10-01,2025-10-31,20260209_100932,20260209_100932-0050,1,初回,2025-10-10 13:01:08.099000,152.68500,1.00
2025-10-01,2025-10-31,20260209_100932,20260209_100932-0051,1,初回,2025-10-10 15:35:31.431000,152.66300,1.00
2025-10-01,2025-10-31,20260209_100932,20260209_100932-0052,1,初回,2025-10-11 00:00:13.264000,152.41600,1.00
2025-10-01,2025-10-31,20260209_100932,20260209_100932-0053,1,初回,2025-10-11 00:06:17.168000,152.14500,1.00
2025-10-01,2025-10-31,20260209_100932,20260209_100932-0054,1,初回,2025-10-11 04:38:34.960000,151.54400,1.00
2025-10-01,2025-10-31,20260209_100932,20260209_100932-0055,1,初回,2025-10-13 14:16:14.203000,151.84400,1.00
2025-10-01,2025-10-31,20260209_100932,20260209_100932-0056,1,初回,2025-10-13 15:12:47.138000,151.80300,1.00
2025-10-01,2025-10-31,20260209_100932,20260209_100932-0057,1,初回,2025-10-13 17:35:24.355000,152.44100,1.00
2025-10-01,2025-10-31,20260209_100932,20260209_100932-0058,1,初回,2025-10-13 23:34:17.412000,152.41800,1.00
2025-10-01,2025-10-31,20260209_100932,20260209_100932-0059,1,初回,2025-10-14 12:44:08.875000,152.15000,1.00
2025-10-01,2025-10-31,20260209_100932,20260209_100932-0060,1,初回,2025-10-14 13:02:48.003000,152.08700,1.00
2025-10-01,2025-10-31,20260209_100932,20260209_100932-0061,1,初回,2025-10-14 13:05:45.869000,152.01800,1.00
2025-10-01,2025-10-31,20260209_100932,20260209_100932-0062,1,初回,2025-10-14 14:05:51.277000,151.82100,1.00
2025-10-01,2025-10-31,20260209_100932,20260209_100932-0063,1,初回,2025-10-14 14:37:29.050000,151.76100,1.00
2025-10-01,2025-10-31,20260209_100932,20260209_100932-0064,1,初回,2025-10-14 15:00:01.204000,151.70900,1.00
2025-10-01,2025-10-31,20260209_100932,20260209_100932-0065,1,初回,2025-10-14 22:37:07.928000,151.90100,1.00
2025-10-01,2025-10-31,20260209_100932,20260209_100932-0066,1,初回,2025-10-14 23:57:51.224000,151.85800,1.00
2025-10-01,2025-10-31,20260209_100932,20260209_100932-0067,1,初回,2025-10-15 00:03:20.285000,151.86000,1.00
2025-10-01,2025-10-31,20260209_100932,20260209_100932-0068,1,初回,2025-10-15 01:00:29.377000,151.77800,1.00
2025-10-01,2025-10-31,20260209_100932,20260209_100932-0069,1,初回,2025-10-15 02:01:44.563000,151.70700,1.00
2025-10-01,2025-10-31,20260209_100932,20260209_100932-0070,1,初回,2025-10-15 04:37:11.560000,151.64900,1.00
2025-10-01,2025-10-31,20260209_100932,20260209_100932-0071,1,初回,2025-10-15 11:09:52.191000,151.15800,1.00
2025-10-01,2025-10-31,20260209_100932,20260209_100932-0072,1,初回,2025-10-15 12:16:51.014000,151.07100,1.00
2025-10-01,2025-10-31,20260209_100932,20260209_100932-0073,1,初回,2025-10-15 15:07:31.014000,151.04200,1.00
2025-10-01,2025-10-31,20260209_100932,20260209_100932-0074,1,初回,2025-10-15 21:11:20.679000,151.57400,1.00
2025-10-01,2025-10-31,20260209_100932,20260209_100932-0075,1,初回,2025-10-15 22:00:20.576000,151.66000,1.00
2025-10-01,2025-10-31,20260209_100932,20260209_100932-0076,1,初回,2025-10-16 02:11:48.923000,151.07800,1.00
2025-10-01,2025-10-31,20260209_100932,20260209_100932-0077,1,初回,2025-10-17 01:30:04.333000,150.55300,1.00
2025-10-01,2025-10-31,20260209_100932,20260209_100932-0078,1,初回,2025-10-17 01:30:04.437000,150.55200,1.00
2025-10-01,2025-10-31,20260209_100932,20260209_100932-0079,1,初回,2025-10-17 01:48:41.165000,150.28500,1.00
2025-10-01,2025-10-31,20260209_100932,20260209_100932-0080,1,初回,2025-10-17 02:51:53.377000,150.26800,1.00
2025-10-01,2025-10-31,20260209_100932,20260209_100932-0081,1,初回,2025-10-17 04:35:04.074000,150.24500,1.00
2025-10-01,2025-10-31,20260209_100932,20260209_100932-0082,1,初回,2025-10-17 11:36:47.777000,150.08500,1.00
2025-10-01,2025-10-31,20260209_100932,20260209_100932-0083,1,初回,2025-10-17 14:01:18.180000,149.93000,1.00
2025-10-01,2025-10-31,20260209_100932,20260209_100932-0084,1,初回,2025-10-17 14:53:00.319000,149.79200,1.00
2025-10-01,2025-10-31,20260209_100932,20260209_100932-0085,1,初回,2025-10-17 15:01:24.416000,149.77500,1.00
2025-10-01,2025-10-31,20260209_100932,20260209_100932-0086,1,初回,2025-10-17 16:00:18.057000,149.66600,1.00
2025-10-01,2025-10-31,20260209_100932,20260209_100932-0087,1,初回,2025-10-17 23:06:01.300000,150.51800,1.00
2025-10-01,2025-10-31,20260209_100932,20260209_100932-0088,1,初回,2025-10-20 18:00:47.059000,150.53500,1.00
2025-10-01,2025-10-31,20260209_100932,20260209_100932-0089,1,初回,2025-10-20 20:34:05.549000,150.80500,1.00
2025-10-01,2025-10-31,20260209_100932,20260209_100932-0090,1,初回,2025-10-20 22:37:32.685000,150.82500,1.00
2025-10-01,2025-10-31,20260209_100932,20260209_100932-0091,1,初回,2025-10-21 11:00:40.132000,150.96400,1.00
2025-10-01,2025-10-31,20260209_100932,20260209_100932-0092,1,初回,2025-10-21 12:00:25.058000,151.11500,1.00
2025-10-01,2025-10-31,20260209_100932,20260209_100932-0093,1,初回,2025-10-21 13:28:03.527000,151.11900,1.00
2025-10-01,2025-10-31,20260209_100932,20260209_100932-0094,1,初回,2025-10-21 13:31:46.381000,151.17000,1.00
2025-10-01,2025-10-31,20260209_100932,20260209_100932-0095,1,初回,2025-10-21 14:07:16.325000,151.20700,1.00
2025-10-01,2025-10-31,20260209_100932,20260209_100932-0096,1,初回,2025-10-21 14:16:39.631000,151.34300,1.00
2025-10-01,2025-10-31,20260209_100932,20260209_100932-0097,1,初回,2025-10-21 14:18:10.025000,151.43100,1.00
2025-10-01,2025-10-31,20260209_100932,20260209_100932-0098,1,初回,2025-10-21 15:00:10.820000,151.49100,1.00
2025-10-01,2025-10-31,20260209_100932,20260209_100932-0099,1,初回,2025-10-21 17:47:31.790000,151.58600,1.00
2025-10-01,2025-10-31,20260209_100932,20260209_100932-0100,1,初回,2025-10-21 18:02:13.398000,151.64800,1.00
2025-10-01,2025-10-31,20260209_100932,20260209_100932-0101,1,初回,2025-10-21 18:06:03.982000,151.70800,1.00
2025-10-01,2025-10-31,20260209_100932,20260209_100932-0102,1,初回,2025-10-21 19:01:56.427000,151.77200,1.00
2025-10-01,2025-10-31,20260209_100932,20260209_100932-0103,1,初回,2025-10-21 21:08:07.748000,152.01800,1.00
2025-10-01,2025-10-31,20260209_100932,20260209_100932-0104,1,初回,2025-10-21 21:21:29.218000,152.07500,1.00
2025-10-01,2025-10-31,20260209_100932,20260209_100932-0105,1,初回,2025-10-21 21:34:31.199000,152.13400,1.00
2025-10-01,2025-10-31,20260209_100932,20260209_100932-0106,1,初回,2025-10-22 15:03:13.341000,151.94100,1.00
2025-10-01,2025-10-31,20260209_100932,20260209_100932-0107,1,初回,2025-10-22 21:45:10.574000,151.91900,1.00
2025-10-01,2025-10-31,20260209_100932,20260209_100932-0108,1,初回,2025-10-22 22:06:00.624000,151.94000,1.00
2025-10-01,2025-10-31,20260209_100932,20260209_100932-0109,1,初回,2025-10-23 01:32:51.987000,151.52500,1.00
2025-10-01,2025-10-31,20260209_100932,20260209_100932-0110,1,初回,2025-10-23 11:00:01.160000,152.42700,1.00
2025-10-01,2025-10-31,20260209_100932,20260209_100932-0111,1,初回,2025-10-23 11:40:23.448000,152.47100,1.00
2025-10-01,2025-10-31,20260209_100932,20260209_100932-0112,1,初回,2025-10-23 12:01:11.802000,152.47400,1.00
2025-10-01,2025-10-31,20260209_100932,20260209_100932-0113,1,初回,2025-10-23 15:41:23.312000,152.54500,1.00
2025-10-01,2025-10-31,20260209_100932,20260209_100932-0114,1,初回,2025-10-23 15:41:56.654000,152.58200,1.00
2025-10-01,2025-10-31,20260209_100932,20260209_100932-0115,1,初回,2025-10-23 16:00:28.733000,152.61800,1.00
2025-10-01,2025-10-31,20260209_100932,20260209_100932-0116,1,初回,2025-10-23 18:02:37.322000,152.62200,1.00
2025-10-01,2025-10-31,20260209_100932,20260209_100932-0117,1,初回,2025-10-23 19:23:19.358000,152.63600,1.00
2025-10-01,2025-10-31,20260209_100932,20260209_100932-0118,1,初回,2025-10-23 20:02:59.670000,152.74400,1.00
2025-10-01,2025-10-31,20260209_100932,20260209_100932-0119,1,初回,2025-10-24 00:38:05.198000,152.76200,1.00
2025-10-01,2025-10-31,20260209_100932,20260209_100932-0120,1,初回,2025-10-24 11:08:23.503000,152.87000,1.00
2025-10-01,2025-10-31,20260209_100932,20260209_100932-0121,1,初回,2025-10-24 12:05:17.604000,152.88600,1.00
2025-10-01,2025-10-31,20260209_100932,20260209_100932-0123,1,初回,2025-10-24 14:29:55.887000,153.02600,1.00
2025-10-01,2025-10-31,20260209_100932,20260209_100932-0122,1,初回,2025-10-24 15:07:09.678000,153.00800,1.00
2025-10-01,2025-10-31,20260209_100932,20260209_100932-0124,1,初回,2025-10-24 21:30:01.350000,152.49400,1.00
2025-10-01,2025-10-31,20260209_100932,20260209_100932-0126,1,初回,2025-10-27 13:38:11.662000,153.14900,1.00
2025-10-01,2025-10-31,20260209_100932,20260209_100932-0125,1,初回,2025-10-27 13:38:12.859000,153.14700,1.00
2025-10-01,2025-10-31,20260209_100932,20260209_100932-0127,1,初回,2025-10-27 14:14:38.829000,153.24300,1.00
2025-10-01,2025-10-31,20260209_100932,20260209_100932-0128,1,初回,2025-10-27 16:37:56.041000,152.87100,1.00
2025-10-01,2025-10-31,20260209_100932,20260209_100932-0129,1,初回,2025-10-27 18:03:21.063000,152.78100,1.00
2025-10-01,2025-10-31,20260209_100932,20260209_100932-0130,1,初回,2025-10-27 19:20:16.063000,152.73900,1.00
2025-10-01,2025-10-31,20260209_100932,20260209_100932-0131,1,初回,2025-10-27 20:23:35.176000,152.69000,1.00
2025-10-01,2025-10-31,20260209_100932,20260209_100932-0132,1,初回,2025-10-27 20:23:53.342000,152.63000,1.00
2025-10-01,2025-10-31,20260209_100932,20260209_100932-0133,1,初回,2025-10-27 21:00:03.179000,152.62600,1.00
2025-10-01,2025-10-31,20260209_100932,20260209_100932-0134,1,初回,2025-10-28 12:53:14.782000,152.30100,1.00
2025-10-01,2025-10-31,20260209_100932,20260209_100932-0135,1,初回,2025-10-28 12:53:15.311000,152.29000,1.00
2025-10-01,2025-10-31,20260209_100932,20260209_100932-0136,1,初回,2025-10-28 13:17:50.150000,152.20000,1.00
2025-10-01,2025-10-31,20260209_100932,20260209_100932-0137,1,初回,2025-10-28 13:46:08.158000,151.99500,1.00
2025-10-01,2025-10-31,20260209_100932,20260209_100932-0138,1,初回,2025-10-28 14:00:29.533000,151.89000,1.00
2025-10-01,2025-10-31,20260209_100932,20260209_100932-0139,1,初回,2025-10-30 03:35:28.940000,152.51300,1.00
2025-10-01,2025-10-31,20260209_100932,20260209_100932-0140,1,初回,2025-10-30 03:35:33.423000,152.71700,1.00
2025-10-01,2025-10-31,20260209_100932,20260209_100932-0141,1,初回,2025-10-30 04:29:32.637000,153.02700,1.00
2025-10-01,2025-10-31,20260209_100932,20260209_100932-0142,1,初回,2025-10-30 12:32:03.362000,153.03000,1.00
2025-10-01,2025-10-31,20260209_100932,20260209_100932-0143,1,初回,2025-10-30 15:40:13.308000,153.10800,1.00
2025-10-01,2025-10-31,20260209_100932,20260209_100932-0144,1,初回,2025-10-30 15:40:17.295000,153.16800,1.00
2025-10-01,2025-10-31,20260209_100932,20260209_100932-0145,1,初回,2025-10-30 15:40:53.560000,153.22900,1.00
2025-10-01,2025-10-31,20260209_100932,20260209_100932-0146,1,初回,2025-10-30 16:16:02.257000,153.49000,1.00
2025-10-01,2025-10-31,20260209_100932,20260209_100932-0147,1,初回,2025-10-30 17:01:35.920000,153.51100,1.00
2025-10-01,2025-10-31,20260209_100932,20260209_100932-0148,1,初回,2025-10-30 19:04:52.198000,153.85700,1.00
2025-10-01,2025-10-31,20260209_100932,20260209_100932-0149,1,初回,2025-10-30 20:11:01.784000,153.93400,1.00
2025-10-01,2025-10-31,20260209_100932,20260209_100932-0150,1,初回,2025-10-30 21:03:37.663000,154.14400,1.00
2025-10-01,2025-10-31,20260209_100932,20260209_100932-0151,1,初回,2025-10-30 22:00:23.166000,154.26200,1.00
2025-10-01,2025-10-31,20260209_100932,20260209_100932-0152,1,初回,2025-10-31 15:42:19.558000,154.13400,1.00
2025-10-01,2025-10-31,20260209_100932,20260209_100932-0153,1,初回,2025-10-31 16:00:01.679000,154.20500,1.00
2025-10-01,2025-10-31,20260209_100932,20260209_100932-0154,1,初回,2025-10-31 17:15:15.404000,154.36600,1.00
2025-11-01,2025-11-30,20260209_101017,20260209_101017-0001,1,初回,2025-11-04 00:00:00.263000,153.92600,1.00
2025-11-01,2025-11-30,20260209_101017,20260209_101017-0002,1,初回,2025-11-04 13:00:08.299000,154.09300,1.00
2025-11-01,2025-11-30,20260209_101017,20260209_101017-0003,1,初回,2025-11-04 13:34:23.620000,153.93900,1.00
2025-11-01,2025-11-30,20260209_101017,20260209_101017-0004,1,初回,2025-11-04 14:28:47.535000,153.84700,1.00
2025-11-01,2025-11-30,20260209_101017,20260209_101017-0005,1,初回,2025-11-04 15:00:43.295000,153.72700,1.00
2025-11-01,2025-11-30,20260209_101017,20260209_101017-0006,1,初回,2025-11-04 16:11:00.491000,153.52900,1.00
2025-11-01,2025-11-30,20260209_101017,20260209_101017-0007,1,初回,2025-11-04 19:04:44.078000,153.36800,1.00
2025-11-01,2025-11-30,20260209_101017,20260209_101017-0008,1,初回,2025-11-04 22:50:42.123000,153.35600,1.00
2025-11-01,2025-11-30,20260209_101017,20260209_101017-0009,1,初回,2025-11-05 00:57:09.083000,153.35400,1.00
2025-11-01,2025-11-30,20260209_101017,20260209_101017-0010,1,初回,2025-11-05 15:42:18.191000,153.71900,1.00
2025-11-01,2025-11-30,20260209_101017,20260209_101017-0011,1,初回,2025-11-05 22:15:05.006000,153.81400,1.00
2025-11-01,2025-11-30,20260209_101017,20260209_101017-0012,1,初回,2025-11-05 23:00:44.290000,153.96200,1.00
2025-11-01,2025-11-30,20260209_101017,20260209_101017-0013,1,初回,2025-11-06 00:00:00.111000,154.02900,1.00
2025-11-01,2025-11-30,20260209_101017,20260209_101017-0014,1,初回,2025-11-06 00:00:00.316000,154.18300,1.00
2025-11-01,2025-11-30,20260209_101017,20260209_101017-0015,1,初回,2025-11-06 01:00:41.456000,154.27900,1.00
2025-11-01,2025-11-30,20260209_101017,20260209_101017-0016,1,初回,2025-11-06 17:56:25.296000,153.60100,1.00
2025-11-01,2025-11-30,20260209_101017,20260209_101017-0017,1,初回,2025-11-06 22:06:39.874000,153.57000,1.00
2025-11-01,2025-11-30,20260209_101017,20260209_101017-0018,1,初回,2025-11-06 23:55:08.104000,153.44100,1.00
2025-11-01,2025-11-30,20260209_101017,20260209_101017-0019,1,初回,2025-11-07 01:00:13.506000,153.08300,1.00
2025-11-01,2025-11-30,20260209_101017,20260209_101017-0021,1,初回,2025-11-07 01:59:48.893000,152.99700,1.00
2025-11-01,2025-11-30,20260209_101017,20260209_101017-0020,1,初回,2025-11-07 02:00:32.206000,153.01100,1.00
2025-11-01,2025-11-30,20260209_101017,20260209_101017-0022,1,初回,2025-11-07 14:41:52.165000,153.27700,1.00
2025-11-01,2025-11-30,20260209_101017,20260209_101017-0024,1,初回,2025-11-07 16:05:33.934000,153.49700,1.00
2025-11-01,2025-11-30,20260209_101017,20260209_101017-0023,1,初回,2025-11-07 17:58:02.189000,153.51000,1.00
2025-11-01,2025-11-30,20260209_101017,20260209_101017-0025,1,初回,2025-11-08 04:40:46.010000,153.51000,1.00
2025-11-01,2025-11-30,20260209_101017,20260209_101017-0026,1,初回,2025-11-10 12:02:48.674000,153.92800,1.00
2025-11-01,2025-11-30,20260209_101017,20260209_101017-0027,1,初回,2025-11-10 14:10:43.609000,153.99600,1.00
2025-11-01,2025-11-30,20260209_101017,20260209_101017-0028,1,初回,2025-11-10 15:47:42.299000,154.04100,1.00
2025-11-01,2025-11-30,20260209_101017,20260209_101017-0029,1,初回,2025-11-10 16:05:27.211000,154.05700,1.00
2025-11-01,2025-11-30,20260209_101017,20260209_101017-0030,1,初回,2025-11-10 16:08:23.688000,154.11200,1.00
2025-11-01,2025-11-30,20260209_101017,20260209_101017-0031,1,初回,2025-11-10 17:55:22.686000,154.12500,1.00
2025-11-01,2025-11-30,20260209_101017,20260209_101017-0032,1,初回,2025-11-10 18:02:42.155000,154.15200,1.00
2025-11-01,2025-11-30,20260209_101017,20260209_101017-0033,1,初回,2025-11-10 20:02:13.396000,154.20400,1.00
2025-11-01,2025-11-30,20260209_101017,20260209_101017-0034,1,初回,2025-11-11 22:17:21.093000,154.12600,1.00
2025-11-01,2025-11-30,20260209_101017,20260209_101017-0035,1,初回,2025-11-11 22:24:42.423000,153.92400,1.00
2025-11-01,2025-11-30,20260209_101017,20260209_101017-0036,1,初回,2025-11-11 22:25:51.143000,153.81600,1.00
2025-11-01,2025-11-30,20260209_101017,20260209_101017-0037,1,初回,2025-11-12 11:00:00.256000,154.32900,1.00
2025-11-01,2025-11-30,20260209_101017,20260209_101017-0038,1,初回,2025-11-12 13:21:03.735000,154.46200,1.00
2025-11-01,2025-11-30,20260209_101017,20260209_101017-0039,1,初回,2025-11-12 14:13:07.499000,154.71500,1.00
2025-11-01,2025-11-30,20260209_101017,20260209_101017-0040,1,初回,2025-11-12 17:55:42.344000,154.76000,1.00
2025-11-01,2025-11-30,20260209_101017,20260209_101017-0041,1,初回,2025-11-12 19:20:33.895000,154.88200,1.00
2025-11-01,2025-11-30,20260209_101017,20260209_101017-0042,1,初回,2025-11-12 23:10:39.278000,154.96300,1.00
2025-11-01,2025-11-30,20260209_101017,20260209_101017-0043,1,初回,2025-11-13 17:59:36.671000,154.53700,1.00
2025-11-01,2025-11-30,20260209_101017,20260209_101017-0044,1,初回,2025-11-14 00:31:25.728000,154.36200,1.00
2025-11-01,2025-11-30,20260209_101017,20260209_101017-0045,1,初回,2025-11-14 17:05:10.996000,154.71500,1.00
2025-11-01,2025-11-30,20260209_101017,20260209_101017-0046,1,初回,2025-11-14 20:00:22.906000,154.73500,1.00
2025-11-01,2025-11-30,20260209_101017,20260209_101017-0047,1,初回,2025-11-14 21:22:07.047000,154.35000,1.00
2025-11-01,2025-11-30,20260209_101017,20260209_101017-0048,1,初回,2025-11-14 21:38:20.722000,154.16400,1.00
2025-11-01,2025-11-30,20260209_101017,20260209_101017-0049,1,初回,2025-11-14 21:38:23.707000,154.16100,1.00
2025-11-01,2025-11-30,20260209_101017,20260209_101017-0050,1,初回,2025-11-14 21:40:08.787000,154.08500,1.00
2025-11-01,2025-11-30,20260209_101017,20260209_101017-0051,1,初回,2025-11-14 22:01:02.561000,153.84300,1.00
2025-11-01,2025-11-30,20260209_101017,20260209_101017-0052,1,初回,2025-11-14 22:20:03.718000,153.70600,1.00
2025-11-01,2025-11-30,20260209_101017,20260209_101017-0053,1,初回,2025-11-15 02:10:35.031000,154.73400,1.00
2025-11-01,2025-11-30,20260209_101017,20260209_101017-0054,1,初回,2025-11-17 12:00:48.183000,154.71500,1.00
2025-11-01,2025-11-30,20260209_101017,20260209_101017-0055,1,初回,2025-11-17 15:05:15.157000,154.76200,1.00
2025-11-01,2025-11-30,20260209_101017,20260209_101017-0056,1,初回,2025-11-17 16:22:02.630000,154.78000,1.00
2025-11-01,2025-11-30,20260209_101017,20260209_101017-0057,1,初回,2025-11-17 20:02:43.272000,154.81400,1.00
2025-11-01,2025-11-30,20260209_101017,20260209_101017-0058,1,初回,2025-11-17 23:48:21.664000,154.98500,1.00
2025-11-01,2025-11-30,20260209_101017,20260209_101017-0060,1,初回,2025-11-17 23:59:27.918000,155.01400,1.00
2025-11-01,2025-11-30,20260209_101017,20260209_101017-0059,1,初回,2025-11-18 00:00:12.167000,155.00600,1.00
2025-11-01,2025-11-30,20260209_101017,20260209_101017-0061,1,初回,2025-11-18 19:43:19.640000,155.35000,1.00
2025-11-01,2025-11-30,20260209_101017,20260209_101017-0062,1,初回,2025-11-18 20:02:10.727000,155.39300,1.00
2025-11-01,2025-11-30,20260209_101017,20260209_101017-0063,1,初回,2025-11-18 21:02:34.757000,155.41100,1.00
2025-11-01,2025-11-30,20260209_101017,20260209_101017-0064,1,初回,2025-11-19 01:11:05.334000,155.41200,1.00
2025-11-01,2025-11-30,20260209_101017,20260209_101017-0065,1,初回,2025-11-19 02:02:01.987000,155.48200,1.00
2025-11-01,2025-11-30,20260209_101017,20260209_101017-0066,1,初回,2025-11-19 03:02:30.754000,155.66500,1.00
2025-11-01,2025-11-30,20260209_101017,20260209_101017-0067,1,初回,2025-11-19 18:37:58.781000,155.70500,1.00
2025-11-01,2025-11-30,20260209_101017,20260209_101017-0068,1,初回,2025-11-19 18:38:21.176000,155.70400,1.00
2025-11-01,2025-11-30,20260209_101017,20260209_101017-0069,1,初回,2025-11-19 20:10:45.411000,156.22000,1.00
2025-11-01,2025-11-30,20260209_101017,20260209_101017-0070,1,初回,2025-11-19 22:58:24.738000,156.26400,1.00
2025-11-01,2025-11-30,20260209_101017,20260209_101017-0071,1,初回,2025-11-20 00:00:47.340000,156.60200,1.00
2025-11-01,2025-11-30,20260209_101017,20260209_101017-0072,1,初回,2025-11-20 01:37:36.688000,156.69000,1.00
2025-11-01,2025-11-30,20260209_101017,20260209_101017-0073,1,初回,2025-11-20 03:21:45.582000,156.84000,1.00
2025-11-01,2025-11-30,20260209_101017,20260209_101017-0074,1,初回,2025-11-20 11:12:51.857000,157.40600,1.00
2025-11-01,2025-11-30,20260209_101017,20260209_101017-0075,1,初回,2025-11-20 14:03:21.731000,157.44700,1.00
2025-11-01,2025-11-30,20260209_101017,20260209_101017-0076,1,初回,2025-11-20 15:05:17.405000,157.54300,1.00
2025-11-01,2025-11-30,20260209_101017,20260209_101017-0077,1,初回,2025-11-20 16:06:58.473000,157.70700,1.00
2025-11-01,2025-11-30,20260209_101017,20260209_101017-0078,1,初回,2025-11-20 22:30:01.470000,157.76900,1.00
2025-11-01,2025-11-30,20260209_101017,20260209_101017-0079,1,初回,2025-11-21 00:23:56.345000,157.85100,1.00
2025-11-01,2025-11-30,20260209_101017,20260209_101017-0080,1,初回,2025-11-21 02:12:30.911000,157.32700,1.00
2025-11-01,2025-11-30,20260209_101017,20260209_101017-0081,1,初回,2025-11-21 13:01:23.848000,157.24500,1.00
2025-11-01,2025-11-30,20260209_101017,20260209_101017-0082,1,初回,2025-11-21 13:01:28.436000,157.22800,1.00
2025-11-01,2025-11-30,20260209_101017,20260209_101017-0083,1,初回,2025-11-21 15:08:13.257000,157.12200,1.00
2025-11-01,2025-11-30,20260209_101017,20260209_101017-0084,1,初回,2025-11-21 16:11:25.752000,157.08900,1.00
2025-11-01,2025-11-30,20260209_101017,20260209_101017-0085,1,初回,2025-11-21 16:55:03.538000,156.66100,1.00
2025-11-01,2025-11-30,20260209_101017,20260209_101017-0086,1,初回,2025-11-21 17:18:26.969000,156.64900,1.00
2025-11-01,2025-11-30,20260209_101017,20260209_101017-0087,1,初回,2025-11-21 19:08:29.144000,156.60200,1.00
2025-11-01,2025-11-30,20260209_101017,20260209_101017-0088,1,初回,2025-11-22 00:01:27.976000,156.63500,1.00
2025-11-01,2025-11-30,20260209_101017,20260209_101017-0089,1,初回,2025-11-22 00:01:28.028000,156.58900,1.00
2025-11-01,2025-11-30,20260209_101017,20260209_101017-0090,1,初回,2025-11-22 02:24:01.804000,156.72600,1.00
2025-11-01,2025-11-30,20260209_101017,20260209_101017-0091,1,初回,2025-11-24 16:21:14.358000,156.76900,1.00
2025-11-01,2025-11-30,20260209_101017,20260209_101017-0092,1,初回,2025-11-24 17:49:13.682000,156.85800,1.00
2025-11-01,2025-11-30,20260209_101017,20260209_101017-0094,1,初回,2025-11-24 18:00:26.076000,156.90500,1.00
2025-11-01,2025-11-30,20260209_101017,20260209_101017-0093,1,初回,2025-11-24 18:01:59.938000,156.93500,1.00
2025-11-01,2025-11-30,20260209_101017,20260209_101017-0095,1,初回,2025-11-24 22:05:03.048000,156.90500,1.00
2025-11-01,2025-11-30,20260209_101017,20260209_101017-0096,1,初回,2025-11-24 22:05:10.918000,156.90500,1.00
2025-11-01,2025-11-30,20260209_101017,20260209_101017-0097,1,初回,2025-11-24 23:10:31.478000,156.95700,1.00
2025-11-01,2025-11-30,20260209_101017,20260209_101017-0098,1,初回,2025-11-25 00:02:41.926000,157.13400,1.00
2025-11-01,2025-11-30,20260209_101017,20260209_101017-0099,1,初回,2025-11-25 16:11:53.477000,156.59500,1.00
2025-11-01,2025-11-30,20260209_101017,20260209_101017-0100,1,初回,2025-11-25 17:38:56.149000,156.56100,1.00
2025-11-01,2025-11-30,20260209_101017,20260209_101017-0101,1,初回,2025-11-25 18:00:16.029000,156.47800,1.00
2025-11-01,2025-11-30,20260209_101017,20260209_101017-0102,1,初回,2025-11-25 18:20:17.630000,156.30000,1.00
2025-11-01,2025-11-30,20260209_101017,20260209_101017-0103,1,初回,2025-11-25 18:38:54.663000,156.23800,1.00
2025-11-01,2025-11-30,20260209_101017,20260209_101017-0104,1,初回,2025-11-25 22:08:59.789000,156.18200,1.00
2025-11-01,2025-11-30,20260209_101017,20260209_101017-0105,1,初回,2025-11-25 23:07:25.650000,156.06500,1.00
2025-11-01,2025-11-30,20260209_101017,20260209_101017-0106,1,初回,2025-11-26 00:02:55.901000,155.92800,1.00
2025-11-01,2025-11-30,20260209_101017,20260209_101017-0107,1,初回,2025-11-26 02:20:23.632000,155.93200,1.00
2025-11-01,2025-11-30,20260209_101017,20260209_101017-0108,1,初回,2025-11-26 04:57:30.925000,155.84100,1.00
2025-11-01,2025-11-30,20260209_101017,20260209_101017-0109,1,初回,2025-11-26 17:55:14.997000,156.49100,1.00
2025-11-01,2025-11-30,20260209_101017,20260209_101017-0110,1,初回,2025-11-26 21:08:08.453000,156.54900,1.00
2025-11-01,2025-11-30,20260209_101017,20260209_101017-0111,1,初回,2025-11-26 22:34:46.260000,156.55800,1.00
2025-11-01,2025-11-30,20260209_101017,20260209_101017-0112,1,初回,2025-11-26 23:00:36.407000,156.65600,1.00
2025-11-01,2025-11-30,20260209_101017,20260209_101017-0113,1,初回,2025-11-27 01:17:42.585000,156.36700,1.00
2025-11-01,2025-11-30,20260209_101017,20260209_101017-0114,1,初回,2025-11-27 17:22:50.843000,156.27100,1.00
2025-11-01,2025-11-30,20260209_101017,20260209_101017-0115,1,初回,2025-11-27 18:00:00.926000,156.34000,1.00
2025-11-01,2025-11-30,20260209_101017,20260209_101017-0116,1,初回,2025-11-28 11:32:33.166000,156.20500,1.00
2025-11-01,2025-11-30,20260209_101017,20260209_101017-0117,1,初回,2025-11-28 11:32:37.077000,156.12000,1.00
2025-11-01,2025-11-30,20260209_101017,20260209_101017-0118,1,初回,2025-11-28 21:32:14.338000,156.13100,1.00
2025-11-01,2025-11-30,20260209_101017,20260209_101017-0119,1,初回,2025-11-28 23:01:36.823000,156.04100,1.00
2025-11-01,2025-11-30,20260209_101017,20260209_101017-0120,1,初回,2025-11-29 00:57:39.213000,156.01700,1.00
2025-12-01,2025-12-31,20260209_124304,20260209_124304-0001,1,初回,2025-12-01 16:26:28.259000,155.43000,1.00
2025-12-01,2025-12-31,20260209_124304,20260209_124304-0002,1,初回,2025-12-01 17:07:02.891000,155.34200,1.00
2025-12-01,2025-12-31,20260209_124304,20260209_124304-0003,1,初回,2025-12-01 19:01:11.143000,155.30000,1.00
2025-12-01,2025-12-31,20260209_124304,20260209_124304-0004,1,初回,2025-12-01 19:01:12.120000,155.30000,1.00
2025-12-01,2025-12-31,20260209_124304,20260209_124304-0005,1,初回,2025-12-01 20:30:23.247000,155.20000,1.00
2025-12-01,2025-12-31,20260209_124304,20260209_124304-0006,1,初回,2025-12-02 04:00:50.822000,155.50000,1.00
2025-12-01,2025-12-31,20260209_124304,20260209_124304-0007,1,初回,2025-12-02 15:10:18.050000,155.74500,1.00
2025-12-01,2025-12-31,20260209_123948,20260209_123948-0001,1,初回,2025-12-02 15:10:18.050000,155.74500,1.00
2025-12-01,2025-12-31,20260209_123948,20260209_123948-0002,1,初回,2025-12-02 16:11:08.679000,155.79200,1.00
2025-12-01,2025-12-31,20260209_123948,20260209_123948-0003,1,初回,2025-12-02 17:02:07.083000,155.80600,1.00
2025-12-01,2025-12-31,20260209_123948,20260209_123948-0004,1,初回,2025-12-02 18:00:50.511000,155.97400,1.00
2025-12-01,2025-12-31,20260209_123948,20260209_123948-0005,1,初回,2025-12-02 19:20:24.091000,156.05500,1.00
2025-12-01,2025-12-31,20260209_124304,20260209_124304-0008,1,初回,2025-12-02 20:00:18.432000,156.03500,1.00
2025-12-01,2025-12-31,20260209_124304,20260209_124304-0009,1,初回,2025-12-03 00:09:35.656000,156.12200,1.00
2025-12-01,2025-12-31,20260209_123948,20260209_123948-0006,1,初回,2025-12-03 00:09:35.656000,156.12200,1.00
2025-12-01,2025-12-31,20260209_124304,20260209_124304-0010,1,初回,2025-12-03 00:33:34.414000,155.93300,1.00
2025-12-01,2025-12-31,20260209_124304,20260209_124304-0011,1,初回,2025-12-03 02:12:35.915000,156.05300,1.00
2025-12-01,2025-12-31,20260209_124304,20260209_124304-0012,1,初回,2025-12-03 15:22:37.042000,155.57900,1.00
2025-12-01,2025-12-31,20260209_124304,20260209_124304-0013,1,初回,2025-12-03 17:07:44.203000,155.72100,1.00
2025-12-01,2025-12-31,20260209_124304,20260209_124304-0014,1,初回,2025-12-03 18:42:57.259000,155.55300,1.00
2025-12-01,2025-12-31,20260209_124304,20260209_124304-0015,1,初回,2025-12-03 18:43:00.182000,155.54900,1.00
2025-12-01,2025-12-31,20260209_123948,20260209_123948-0007,1,初回,2025-12-03 18:43:00.182000,155.54900,1.00
2025-12-01,2025-12-31,20260209_124304,20260209_124304-0016,1,初回,2025-12-03 20:44:16.233000,155.42300,1.00
2025-12-01,2025-12-31,20260209_124304,20260209_124304-0017,1,初回,2025-12-04 00:10:31.447000,155.31800,1.00
2025-12-01,2025-12-31,20260209_124304,20260209_124304-0018,1,初回,2025-12-04 00:25:15.423000,155.24600,1.00
2025-12-01,2025-12-31,20260209_123948,20260209_123948-0008,1,初回,2025-12-04 00:25:15.423000,155.24600,1.00
2025-12-01,2025-12-31,20260209_124304,20260209_124304-0019,1,初回,2025-12-04 11:20:22.286000,155.38200,1.00
2025-12-01,2025-12-31,20260209_124304,20260209_124304-0020,1,初回,2025-12-04 16:46:24.757000,155.22500,1.00
2025-12-01,2025-12-31,20260209_124304,20260209_124304-0021,1,初回,2025-12-04 17:03:08.609000,155.11300,1.00
2025-12-01,2025-12-31,20260209_124304,20260209_124304-0022,1,初回,2025-12-04 17:07:41.821000,155.05900,1.00
2025-12-01,2025-12-31,20260209_124304,20260209_124304-0023,1,初回,2025-12-04 17:08:08.241000,155.04900,1.00
2025-12-01,2025-12-31,20260209_123948,20260209_123948-0009,1,初回,2025-12-04 17:08:08.241000,155.04900,1.00
2025-12-01,2025-12-31,20260209_124304,20260209_124304-0024,1,初回,2025-12-04 17:08:08.915000,155.04300,1.00
2025-12-01,2025-12-31,20260209_124304,20260209_124304-0025,1,初回,2025-12-04 17:20:55.526000,154.87200,1.00
2025-12-01,2025-12-31,20260209_123948,20260209_123948-0010,1,初回,2025-12-04 18:54:28.698000,154.81200,1.00
2025-12-01,2025-12-31,20260209_124304,20260209_124304-0027,1,初回,2025-12-04 19:00:03.193000,154.81000,1.00
2025-12-01,2025-12-31,20260209_124304,20260209_124304-0026,1,初回,2025-12-04 19:00:28.103000,154.83700,1.00
2025-12-01,2025-12-31,20260209_124304,20260209_124304-0028,1,初回,2025-12-04 20:02:33.964000,154.77800,1.00
2025-12-01,2025-12-31,20260209_123948,20260209_123948-0011,1,初回,2025-12-04 20:02:33.964000,154.77800,1.00
2025-12-01,2025-12-31,20260209_124304,20260209_124304-0029,1,初回,2025-12-04 20:05:14.723000,154.69800,1.00
2025-12-01,2025-12-31,20260209_123948,20260209_123948-0012,1,初回,2025-12-04 20:05:14.723000,154.69800,1.00
2025-12-01,2025-12-31,20260209_123948,20260209_123948-0013,1,初回,2025-12-04 21:01:16.022000,154.56400,1.00
2025-12-01,2025-12-31,20260209_124304,20260209_124304-0030,1,初回,2025-12-04 22:30:03.477000,155.03500,1.00
2025-12-01,2025-12-31,20260209_124304,20260209_124304-0031,1,初回,2025-12-05 00:41:49.835000,154.60000,1.00
2025-12-01,2025-12-31,20260209_124304,20260209_124304-0032,1,初回,2025-12-05 04:57:59.312000,155.03000,1.00
2025-12-01,2025-12-31,20260209_124304,20260209_124304-0033,1,初回,2025-12-05 13:27:17.488000,154.95300,1.00
2025-12-01,2025-12-31,20260209_124304,20260209_124304-0034,1,初回,2025-12-05 13:33:05.364000,154.95400,1.00
2025-12-01,2025-12-31,20260209_124304,20260209_124304-0035,1,初回,2025-12-05 14:20:28.554000,154.83200,1.00
2025-12-01,2025-12-31,20260209_124304,20260209_124304-0036,1,初回,2025-12-05 14:39:18.993000,154.59100,1.00
2025-12-01,2025-12-31,20260209_124304,20260209_124304-0037,1,初回,2025-12-05 15:37:13.739000,154.54700,1.00
2025-12-01,2025-12-31,20260209_123948,20260209_123948-0014,1,初回,2025-12-05 15:37:13.739000,154.54700,1.00
2025-12-01,2025-12-31,20260209_123948,20260209_123948-0015,1,初回,2025-12-05 16:25:41.462000,154.49700,1.00
2025-12-01,2025-12-31,20260209_124304,20260209_124304-0038,1,初回,2025-12-05 19:31:25.659000,155.12700,1.00
2025-12-01,2025-12-31,20260209_124304,20260209_124304-0039,1,初回,2025-12-05 19:31:36.295000,155.13300,1.00
2025-12-01,2025-12-31,20260209_124304,20260209_124304-0040,1,初回,2025-12-05 20:32:33.422000,155.20300,1.00
2025-12-01,2025-12-31,20260209_124304,20260209_124304-0041,1,初回,2025-12-06 00:02:06.538000,155.25400,1.00
2025-12-01,2025-12-31,20260209_124304,20260209_124304-0042,1,初回,2025-12-06 01:13:43.111000,155.42000,1.00
2025-12-01,2025-12-31,20260209_124304,20260209_124304-0043,1,初回,2025-12-06 01:13:59.652000,155.43900,1.00
2025-12-01,2025-12-31,20260209_124304,20260209_124304-0044,1,初回,2025-12-08 16:51:12.250000,155.35100,1.00
2025-12-01,2025-12-31,20260209_124304,20260209_124304-0045,1,初回,2025-12-08 16:59:57.364000,155.35100,1.00
2025-12-01,2025-12-31,20260209_124304,20260209_124304-0046,1,初回,2025-12-08 17:30:07.757000,155.46200,1.00
2025-12-01,2025-12-31,20260209_124304,20260209_124304-0048,1,初回,2025-12-08 18:11:37.725000,155.51100,1.00
2025-12-01,2025-12-31,20260209_124304,20260209_124304-0047,1,初回,2025-12-08 20:00:06.673000,155.50000,1.00
2025-12-01,2025-12-31,20260209_124304,20260209_124304-0049,1,初回,2025-12-08 20:01:30.169000,155.51300,1.00
2025-12-01,2025-12-31,20260209_124304,20260209_124304-0050,1,初回,2025-12-08 20:05:14.254000,155.56800,1.00
2025-12-01,2025-12-31,20260209_124304,20260209_124304-0051,1,初回,2025-12-08 21:00:57.696000,155.56400,1.00
2025-12-01,2025-12-31,20260209_124304,20260209_124304-0052,1,初回,2025-12-08 23:25:01.649000,155.44800,1.00
2025-12-01,2025-12-31,20260209_124304,20260209_124304-0053,1,初回,2025-12-08 23:38:27.588000,155.72600,1.00
2025-12-01,2025-12-31,20260209_124304,20260209_124304-0054,1,初回,2025-12-08 23:51:39.638000,155.77400,1.00
2025-12-01,2025-12-31,20260209_124304,20260209_124304-0055,1,初回,2025-12-09 00:01:30.769000,155.88000,1.00
2025-12-01,2025-12-31,20260209_124304,20260209_124304-0056,1,初回,2025-12-09 13:42:11.670000,155.94900,1.00
2025-12-01,2025-12-31,20260209_124304,20260209_124304-0057,1,初回,2025-12-09 13:42:48.553000,155.95300,1.00
2025-12-01,2025-12-31,20260209_124304,20260209_124304-0058,1,初回,2025-12-09 14:07:01.854000,156.01200,1.00
2025-12-01,2025-12-31,20260209_123948,20260209_123948-0016,1,初回,2025-12-09 14:07:01.854000,156.01200,1.00
2025-12-01,2025-12-31,20260209_124304,20260209_124304-0059,1,初回,2025-12-09 14:07:23.568000,156.06200,1.00
2025-12-01,2025-12-31,20260209_124304,20260209_124304-0060,1,初回,2025-12-09 14:08:04.455000,156.05600,1.00
2025-12-01,2025-12-31,20260209_123948,20260209_123948-0017,1,初回,2025-12-09 15:05:15.060000,156.08200,1.00
2025-12-01,2025-12-31,20260209_123948,20260209_123948-0018,1,初回,2025-12-09 16:09:23.178000,156.09500,1.00
2025-12-01,2025-12-31,20260209_124304,20260209_124304-0061,1,初回,2025-12-09 16:16:15.014000,156.15900,1.00
2025-12-01,2025-12-31,20260209_123948,20260209_123948-0019,1,初回,2025-12-09 16:16:15.014000,156.15900,1.00
2025-12-01,2025-12-31,20260209_124304,20260209_124304-0062,1,初回,2025-12-09 21:41:56.302000,156.31000,1.00
2025-12-01,2025-12-31,20260209_124304,20260209_124304-0063,1,初回,2025-12-09 22:03:08.030000,156.32700,1.00
2025-12-01,2025-12-31,20260209_124304,20260209_124304-0064,1,初回,2025-12-09 22:13:08.762000,156.40400,1.00
2025-12-01,2025-12-31,20260209_123948,20260209_123948-0020,1,初回,2025-12-09 22:13:08.762000,156.40400,1.00
2025-12-01,2025-12-31,20260209_123948,20260209_123948-0021,1,初回,2025-12-09 23:21:20.250000,156.48500,1.00
2025-12-01,2025-12-31,20260209_123948,20260209_123948-0022,1,初回,2025-12-10 00:00:01.218000,156.56800,1.00
2025-12-01,2025-12-31,20260209_123948,20260209_123948-0023,1,初回,2025-12-10 01:05:34.159000,156.88400,1.00
2025-12-01,2025-12-31,20260209_123948,20260209_123948-0024,1,初回,2025-12-10 02:09:09.221000,156.89000,1.00
2025-12-01,2025-12-31,20260209_123948,20260209_123948-0025,1,初回,2025-12-10 03:05:46.053000,156.89500,1.00
2025-12-01,2025-12-31,20260209_124304,20260209_124304-0065,1,初回,2025-12-10 11:00:39.600000,156.70800,1.00
2025-12-01,2025-12-31,20260209_124304,20260209_124304-0066,1,初回,2025-12-10 19:01:14.079000,156.85700,1.00
2025-12-01,2025-12-31,20260209_124304,20260209_124304-0067,1,初回,2025-12-10 22:30:01.327000,156.62100,1.00
2025-12-01,2025-12-31,20260209_124304,20260209_124304-0068,1,初回,2025-12-10 22:33:23.068000,156.61500,1.00
2025-12-01,2025-12-31,20260209_124304,20260209_124304-0069,1,初回,2025-12-10 22:34:07.351000,156.59800,1.00
2025-12-01,2025-12-31,20260209_124304,20260209_124304-0070,1,初回,2025-12-11 04:00:25.374000,156.28400,1.00
2025-12-01,2025-12-31,20260209_124304,20260209_124304-0071,1,初回,2025-12-11 11:04:04.437000,155.60900,1.00
2025-12-01,2025-12-31,20260209_124304,20260209_124304-0072,1,初回,2025-12-11 11:04:04.541000,155.60800,1.00
2025-12-01,2025-12-31,20260209_123948,20260209_123948-0026,1,初回,2025-12-11 11:04:04.541000,155.60800,1.00
2025-12-01,2025-12-31,20260209_124304,20260209_124304-0073,1,初回,2025-12-11 13:43:27.301000,155.79300,1.00
2025-12-01,2025-12-31,20260209_124304,20260209_124304-0074,1,初回,2025-12-11 14:56:34.015000,156.07000,1.00
2025-12-01,2025-12-31,20260209_124304,20260209_124304-0075,1,初回,2025-12-11 19:03:04.194000,155.82100,1.00
2025-12-01,2025-12-31,20260209_124304,20260209_124304-0076,1,初回,2025-12-11 22:05:21.507000,155.52800,1.00
2025-12-01,2025-12-31,20260209_123948,20260209_123948-0027,1,初回,2025-12-11 22:05:21.507000,155.52800,1.00
2025-12-01,2025-12-31,20260209_124304,20260209_124304-0077,1,初回,2025-12-11 22:05:40.365000,155.52800,1.00
2025-12-01,2025-12-31,20260209_123948,20260209_123948-0028,1,初回,2025-12-11 23:00:23.214000,155.26700,1.00
2025-12-01,2025-12-31,20260209_124304,20260209_124304-0078,1,初回,2025-12-11 23:58:24.384000,155.00500,1.00
2025-12-01,2025-12-31,20260209_123948,20260209_123948-0029,1,初回,2025-12-12 00:51:34.240000,154.98800,1.00
2025-12-01,2025-12-31,20260209_124304,20260209_124304-0079,1,初回,2025-12-12 11:04:15.885000,155.69300,1.00
2025-12-01,2025-12-31,20260209_124304,20260209_124304-0080,1,初回,2025-12-12 17:53:29.748000,155.80200,1.00
2025-12-01,2025-12-31,20260209_124304,20260209_124304-0081,1,初回,2025-12-12 18:01:06.138000,155.81300,1.00
2025-12-01,2025-12-31,20260209_124304,20260209_124304-0082,1,初回,2025-12-12 21:32:45.542000,155.99900,1.00
2025-12-01,2025-12-31,20260209_124304,20260209_124304-0083,1,初回,2025-12-12 21:43:20.184000,156.02400,1.00
2025-12-01,2025-12-31,20260209_124304,20260209_124304-0084,1,初回,2025-12-12 23:02:24.543000,156.09700,1.00
2025-12-01,2025-12-31,20260209_124304,20260209_124304-0085,1,初回,2025-12-13 04:19:59.926000,155.87300,1.00
2025-12-01,2025-12-31,20260209_124304,20260209_124304-0086,1,初回,2025-12-15 11:00:45.900000,155.64500,1.00
2025-12-01,2025-12-31,20260209_124304,20260209_124304-0087,1,初回,2025-12-15 11:14:05.155000,155.58200,1.00
2025-12-01,2025-12-31,20260209_124304,20260209_124304-0088,1,初回,2025-12-15 11:14:38.817000,155.58100,1.00
2025-12-01,2025-12-31,20260209_124304,20260209_124304-0089,1,初回,2025-12-15 11:39:37.026000,155.48400,1.00
2025-12-01,2025-12-31,20260209_124304,20260209_124304-0091,1,初回,2025-12-15 15:30:01.870000,154.99300,1.00
2025-12-01,2025-12-31,20260209_124304,20260209_124304-0090,1,初回,2025-12-15 15:30:04.079000,154.98800,1.00
2025-12-01,2025-12-31,20260209_124304,20260209_124304-0092,1,初回,2025-12-15 18:13:14.282000,154.98700,1.00
2025-12-01,2025-12-31,20260209_123948,20260209_123948-0030,1,初回,2025-12-15 19:00:17.137000,154.97800,1.00
2025-12-01,2025-12-31,20260209_124304,20260209_124304-0093,1,初回,2025-12-15 20:32:25.513000,154.97900,1.00
2025-12-01,2025-12-31,20260209_124304,20260209_124304-0094,1,初回,2025-12-15 20:53:21.917000,154.94000,1.00
2025-12-01,2025-12-31,20260209_124304,20260209_124304-0095,1,初回,2025-12-15 22:09:17.228000,155.12200,1.00
2025-12-01,2025-12-31,20260209_124304,20260209_124304-0096,1,初回,2025-12-15 23:45:28.079000,154.88600,1.00
2025-12-01,2025-12-31,20260209_123948,20260209_123948-0031,1,初回,2025-12-15 23:45:28.079000,154.88600,1.00
2025-12-01,2025-12-31,20260209_124304,20260209_124304-0097,1,初回,2025-12-15 23:45:29.189000,154.89000,1.00
2025-12-01,2025-12-31,20260209_124304,20260209_124304-0098,1,初回,2025-12-16 01:00:39.697000,155.19700,1.00
2025-12-01,2025-12-31,20260209_124304,20260209_124304-0099,1,初回,2025-12-16 01:23:50.383000,155.26200,1.00
2025-12-01,2025-12-31,20260209_124304,20260209_124304-0100,1,初回,2025-12-16 02:03:19.905000,155.30100,1.00
2025-12-01,2025-12-31,20260209_124304,20260209_124304-0101,1,初回,2025-12-16 11:00:54.910000,154.87500,1.00
2025-12-01,2025-12-31,20260209_124304,20260209_124304-0102,1,初回,2025-12-16 11:01:04.680000,154.87300,1.00
2025-12-01,2025-12-31,20260209_124304,20260209_124304-0103,1,初回,2025-12-16 11:57:24.029000,154.77300,1.00
2025-12-01,2025-12-31,20260209_123948,20260209_123948-0032,1,初回,2025-12-16 11:57:24.029000,154.77300,1.00
2025-12-01,2025-12-31,20260209_124304,20260209_124304-0104,1,初回,2025-12-16 14:13:59.751000,154.73800,1.00
2025-12-01,2025-12-31,20260209_123948,20260209_123948-0033,1,初回,2025-12-16 14:13:59.751000,154.73800,1.00
2025-12-01,2025-12-31,20260209_124304,20260209_124304-0105,1,初回,2025-12-16 15:14:20.106000,154.88900,1.00
2025-12-01,2025-12-31,20260209_124304,20260209_124304-0106,1,初回,2025-12-16 16:05:39.248000,154.91800,1.00
2025-12-01,2025-12-31,20260209_124304,20260209_124304-0107,1,初回,2025-12-16 21:45:52.804000,154.72100,1.00
2025-12-01,2025-12-31,20260209_123948,20260209_123948-0034,1,初回,2025-12-16 21:45:52.804000,154.72100,1.00
2025-12-01,2025-12-31,20260209_124304,20260209_124304-0108,1,初回,2025-12-16 21:55:01.323000,154.64600,1.00
2025-12-01,2025-12-31,20260209_123948,20260209_123948-0035,1,初回,2025-12-16 22:02:11.624000,154.64000,1.00
2025-12-01,2025-12-31,20260209_124304,20260209_124304-0109,1,初回,2025-12-16 22:30:00.239000,154.71300,1.00
2025-12-01,2025-12-31,20260209_124304,20260209_124304-0110,1,初回,2025-12-16 23:13:00.649000,154.88500,1.00
2025-12-01,2025-12-31,20260209_124304,20260209_124304-0111,1,初回,2025-12-16 23:17:16.830000,154.94700,1.00
2025-12-01,2025-12-31,20260209_124304,20260209_124304-0112,1,初回,2025-12-17 00:15:41.137000,154.63500,1.00
2025-12-01,2025-12-31,20260209_124304,20260209_124304-0113,1,初回,2025-12-17 04:25:42.870000,154.87600,1.00
2025-12-01,2025-12-31,20260209_124304,20260209_124304-0114,1,初回,2025-12-17 11:04:52.210000,154.80300,1.00
2025-12-01,2025-12-31,20260209_124304,20260209_124304-0115,1,初回,2025-12-17 11:12:15.489000,154.84400,1.00
2025-12-01,2025-12-31,20260209_124304,20260209_124304-0116,1,初回,2025-12-17 11:17:53.881000,154.88600,1.00
2025-12-01,2025-12-31,20260209_124304,20260209_124304-0117,1,初回,2025-12-17 11:49:19.553000,154.96800,1.00
2025-12-01,2025-12-31,20260209_124304,20260209_124304-0118,1,初回,2025-12-17 11:49:23.706000,154.97000,1.00
2025-12-01,2025-12-31,20260209_124304,20260209_124304-0119,1,初回,2025-12-17 12:04:29.950000,154.99500,1.00
2025-12-01,2025-12-31,20260209_124304,20260209_124304-0120,1,初回,2025-12-17 13:33:27.248000,155.09000,1.00
2025-12-01,2025-12-31,20260209_124304,20260209_124304-0121,1,初回,2025-12-17 15:36:54.501000,155.37000,1.00
2025-12-01,2025-12-31,20260209_124304,20260209_124304-0122,1,初回,2025-12-18 01:18:55.466000,155.39300,1.00
2025-12-01,2025-12-31,20260209_124304,20260209_124304-0123,1,初回,2025-12-18 01:49:55.477000,155.56600,1.00
2025-12-01,2025-12-31,20260209_124304,20260209_124304-0124,1,初回,2025-12-18 01:50:28.986000,155.56700,1.00
2025-12-01,2025-12-31,20260209_124304,20260209_124304-0125,1,初回,2025-12-18 11:02:21.213000,155.74300,1.00
2025-12-01,2025-12-31,20260209_124304,20260209_124304-0126,1,初回,2025-12-18 15:08:52.730000,155.85400,1.00
2025-12-01,2025-12-31,20260209_124304,20260209_124304-0129,1,初回,2025-12-18 20:50:27.086000,155.73600,1.00
2025-12-01,2025-12-31,20260209_124304,20260209_124304-0127,1,初回,2025-12-18 21:01:27.298000,155.75900,1.00
2025-12-01,2025-12-31,20260209_124304,20260209_124304-0128,1,初回,2025-12-18 22:07:50.543000,155.76000,1.00
2025-12-01,2025-12-31,20260209_124304,20260209_124304-0130,1,初回,2025-12-18 22:30:01.254000,155.43100,1.00
2025-12-01,2025-12-31,20260209_124304,20260209_124304-0131,1,初回,2025-12-18 22:30:03.672000,155.37700,1.00
2025-12-01,2025-12-31,20260209_124304,20260209_124304-0132,1,初回,2025-12-18 23:10:51.784000,155.37700,1.00
2025-12-01,2025-12-31,20260209_124304,20260209_124304-0133,1,初回,2025-12-19 02:16:01.624000,155.66300,1.00
2025-12-01,2025-12-31,20260209_124304,20260209_124304-0134,1,初回,2025-12-19 11:57:01.425000,155.83500,1.00
2025-12-01,2025-12-31,20260209_124304,20260209_124304-0136,1,初回,2025-12-19 12:21:31.130000,155.92800,1.00
2025-12-01,2025-12-31,20260209_124304,20260209_124304-0135,1,初回,2025-12-19 12:21:34.120000,155.92200,1.00
2025-12-01,2025-12-31,20260209_124304,20260209_124304-0137,1,初回,2025-12-19 12:21:38.719000,155.94700,1.00
2025-12-01,2025-12-31,20260209_124304,20260209_124304-0138,1,初回,2025-12-19 12:21:38.773000,155.96000,1.00
2025-12-01,2025-12-31,20260209_124304,20260209_124304-0139,1,初回,2025-12-19 12:21:53.973000,156.02700,1.00
2025-12-01,2025-12-31,20260209_124304,20260209_124304-0140,1,初回,2025-12-19 12:22:06.415000,156.13700,1.00
2025-12-01,2025-12-31,20260209_124304,20260209_124304-0141,1,初回,2025-12-19 12:52:31.512000,155.95600,1.00
2025-12-01,2025-12-31,20260209_124304,20260209_124304-0142,1,初回,2025-12-19 14:00:16.991000,156.05700,1.00
2025-12-01,2025-12-31,20260209_124304,20260209_124304-0143,1,初回,2025-12-19 15:39:51.129000,156.13300,1.00
2025-12-01,2025-12-31,20260209_124304,20260209_124304-0144,1,初回,2025-12-19 16:50:37.720000,156.64500,1.00
2025-12-01,2025-12-31,20260209_124304,20260209_124304-0145,1,初回,2025-12-19 17:02:33.107000,156.85600,1.00
2025-12-01,2025-12-31,20260209_124304,20260209_124304-0146,1,初回,2025-12-19 17:56:24.128000,156.91100,1.00
2025-12-01,2025-12-31,20260209_124304,20260209_124304-0147,1,初回,2025-12-19 17:56:24.501000,156.91400,1.00
2025-12-01,2025-12-31,20260209_124304,20260209_124304-0148,1,初回,2025-12-19 17:56:24.919000,156.91300,1.00
2025-12-01,2025-12-31,20260209_124304,20260209_124304-0149,1,初回,2025-12-19 17:56:45.116000,156.92300,1.00
2025-12-01,2025-12-31,20260209_123948,20260209_123948-0036,1,初回,2025-12-19 17:56:45.116000,156.92300,1.00
2025-12-01,2025-12-31,20260209_124304,20260209_124304-0150,1,初回,2025-12-19 21:03:10.436000,157.35000,1.00
2025-12-01,2025-12-31,20260209_123948,20260209_123948-0037,1,初回,2025-12-19 21:03:10.436000,157.35000,1.00
2025-12-01,2025-12-31,20260209_124304,20260209_124304-0151,1,初回,2025-12-19 22:21:31.214000,157.37000,1.00
2025-12-01,2025-12-31,20260209_123948,20260209_123948-0038,1,初回,2025-12-19 22:21:31.214000,157.37000,1.00
2025-12-01,2025-12-31,20260209_124304,20260209_124304-0152,1,初回,2025-12-19 23:47:45.822000,157.35500,1.00
2025-12-01,2025-12-31,20260209_123948,20260209_123948-0039,1,初回,2025-12-19 23:47:45.822000,157.35500,1.00
2025-12-01,2025-12-31,20260209_123948,20260209_123948-0040,1,初回,2025-12-20 01:00:24.497000,157.46000,1.00
2025-12-01,2025-12-31,20260209_124304,20260209_124304-0153,1,初回,2025-12-20 02:03:00.441000,157.45900,1.00
2025-12-01,2025-12-31,20260209_124304,20260209_124304-0154,1,初回,2025-12-22 11:39:00.492000,157.35700,1.00
2025-12-01,2025-12-31,20260209_124304,20260209_124304-0155,1,初回,2025-12-22 11:39:01.329000,157.35700,1.00
2025-12-01,2025-12-31,20260209_124304,20260209_124304-0156,1,初回,2025-12-22 13:46:46.284000,157.26800,1.00
2025-12-01,2025-12-31,20260209_124304,20260209_124304-0157,1,初回,2025-12-22 16:17:30.975000,157.44100,1.00
2025-12-01,2025-12-31,20260209_124304,20260209_124304-0158,1,初回,2025-12-22 18:02:05.636000,157.53200,1.00
2025-12-01,2025-12-31,20260209_124304,20260209_124304-0159,1,初回,2025-12-22 18:03:09.331000,157.52100,1.00
2025-12-01,2025-12-31,20260209_124304,20260209_124304-0160,1,初回,2025-12-22 22:10:03.699000,157.14700,1.00
2025-12-01,2025-12-31,20260209_124304,20260209_124304-0161,1,初回,2025-12-22 22:24:14.556000,157.29300,1.00
2025-12-01,2025-12-31,20260209_124304,20260209_124304-0162,1,初回,2025-12-22 22:28:13.053000,157.29000,1.00
2025-12-01,2025-12-31,20260209_124304,20260209_124304-0163,1,初回,2025-12-23 00:57:41.630000,156.94700,1.00
2025-12-01,2025-12-31,20260209_124304,20260209_124304-0164,1,初回,2025-12-23 01:15:02.626000,156.90500,1.00
2025-12-01,2025-12-31,20260209_123948,20260209_123948-0041,1,初回,2025-12-23 01:15:02.626000,156.90500,1.00
2025-12-01,2025-12-31,20260209_123948,20260209_123948-0042,1,初回,2025-12-23 02:00:55.539000,156.89700,1.00
2025-12-01,2025-12-31,20260209_123948,20260209_123948-0043,1,初回,2025-12-23 11:00:18.702000,156.46100,1.00
2025-12-01,2025-12-31,20260209_123948,20260209_123948-0044,1,初回,2025-12-23 12:01:34.146000,156.31200,1.00
2025-12-01,2025-12-31,20260209_123948,20260209_123948-0045,1,初回,2025-12-23 14:00:08.561000,155.99800,1.00
2025-12-01,2025-12-31,20260209_124304,20260209_124304-0165,1,初回,2025-12-23 18:00:03.941000,155.94700,1.00
2025-12-01,2025-12-31,20260209_123948,20260209_123948-0046,1,初回,2025-12-23 18:00:03.941000,155.94700,1.00
2025-12-01,2025-12-31,20260209_124304,20260209_124304-0166,1,初回,2025-12-23 18:03:52.030000,155.77000,1.00
2025-12-01,2025-12-31,20260209_124304,20260209_124304-0168,1,初回,2025-12-23 22:03:27.155000,156.08700,1.00
2025-12-01,2025-12-31,20260209_124304,20260209_124304-0167,1,初回,2025-12-23 22:30:03.406000,156.03500,1.00
2025-12-01,2025-12-31,20260209_124304,20260209_124304-0169,1,初回,2025-12-23 22:30:44.145000,156.15800,1.00
2025-12-01,2025-12-31,20260209_124304,20260209_124304-0170,1,初回,2025-12-24 00:01:32.929000,156.33400,1.00
2025-12-01,2025-12-31,20260209_124304,20260209_124304-0171,1,初回,2025-12-24 01:06:00.225000,156.41900,1.00
2025-12-01,2025-12-31,20260209_123948,20260209_123948-0047,1,初回,2025-12-24 11:00:01.132000,155.63300,1.00
2025-12-01,2025-12-31,20260209_124304,20260209_124304-0173,1,初回,2025-12-24 11:16:58.475000,155.69000,1.00
2025-12-01,2025-12-31,20260209_124304,20260209_124304-0172,1,初回,2025-12-24 11:17:06.184000,155.69100,1.00
2025-12-01,2025-12-31,20260209_124304,20260209_124304-0174,1,初回,2025-12-24 18:05:26.658000,155.70200,1.00
2025-12-01,2025-12-31,20260209_124304,20260209_124304-0175,1,初回,2025-12-24 19:45:13.749000,155.94200,1.00
2025-12-01,2025-12-31,20260209_124304,20260209_124304-0176,1,初回,2025-12-24 21:57:45.578000,156.03500,1.00
2025-12-01,2025-12-31,20260209_124304,20260209_124304-0177,1,初回,2025-12-24 23:54:59.196000,155.72600,1.00
2025-12-01,2025-12-31,20260209_124304,20260209_124304-0178,1,初回,2025-12-24 23:55:00.838000,155.72400,1.00
2025-12-01,2025-12-31,20260209_124304,20260209_124304-0179,1,初回,2025-12-25 02:46:58.634000,156.00300,1.00
2025-12-01,2025-12-31,20260209_124304,20260209_124304-0180,1,初回,2025-12-25 11:18:38.035000,155.70500,1.00
2025-12-01,2025-12-31,20260209_124304,20260209_124304-0181,1,初回,2025-12-25 11:20:32.776000,155.70200,1.00
2025-12-01,2025-12-31,20260209_124304,20260209_124304-0182,1,初回,2025-12-25 11:22:32.346000,155.70700,1.00
2025-12-01,2025-12-31,20260209_124304,20260209_124304-0183,1,初回,2025-12-25 13:05:48.301000,155.60400,1.00
2025-12-01,2025-12-31,20260209_124304,20260209_124304-0184,1,初回,2025-12-25 14:14:08.365000,155.48200,1.00
2025-12-01,2025-12-31,20260209_123948,20260209_123948-0048,1,初回,2025-12-25 14:14:08.365000,155.48200,1.00
2025-12-01,2025-12-31,20260209_124304,20260209_124304-0185,1,初回,2025-12-25 15:41:37.321000,155.89400,1.00
2025-12-01,2025-12-31,20260209_124304,20260209_124304-0186,1,初回,2025-12-25 15:50:08.325000,155.93700,1.00
2025-12-01,2025-12-31,20260209_124304,20260209_124304-0187,1,初回,2025-12-25 16:49:34.377000,155.94900,1.00
2025-12-01,2025-12-31,20260209_124304,20260209_124304-0188,1,初回,2025-12-25 16:49:46.579000,155.99900,1.00
2025-12-01,2025-12-31,20260209_124304,20260209_124304-0189,1,初回,2025-12-25 16:57:31.577000,156.04500,1.00
2025-12-01,2025-12-31,20260209_124304,20260209_124304-0190,1,初回,2025-12-26 13:08:31.934000,156.08100,1.00
2025-12-01,2025-12-31,20260209_124304,20260209_124304-0191,1,初回,2025-12-26 14:21:33.320000,156.27600,1.00
2025-12-01,2025-12-31,20260209_124304,20260209_124304-0192,1,初回,2025-12-26 18:09:02.075000,156.41500,1.00
2025-12-01,2025-12-31,20260209_124304,20260209_124304-0193,1,初回,2025-12-26 18:09:03.049000,156.41400,1.00
2025-12-01,2025-12-31,20260209_124304,20260209_124304-0194,1,初回,2025-12-26 18:24:28.067000,156.46200,1.00
2025-12-01,2025-12-31,20260209_124304,20260209_124304-0195,1,初回,2025-12-26 18:43:44.385000,156.45800,1.00
2025-12-01,2025-12-31,20260209_124304,20260209_124304-0197,1,初回,2025-12-26 23:47:24.809000,156.45500,1.00
2025-12-01,2025-12-31,20260209_124304,20260209_124304-0196,1,初回,2025-12-26 23:47:38.688000,156.45400,1.00
2025-12-01,2025-12-31,20260209_124304,20260209_124304-0198,1,初回,2025-12-27 00:54:08.906000,156.45500,1.00
2025-12-01,2025-12-31,20260209_124304,20260209_124304-0199,1,初回,2025-12-27 00:55:37.055000,156.51600,1.00
2025-12-01,2025-12-31,20260209_124304,20260209_124304-0200,1,初回,2025-12-29 11:17:57.857000,156.50300,1.00
2025-12-01,2025-12-31,20260209_124304,20260209_124304-0201,1,初回,2025-12-29 16:54:29.643000,156.08600,1.00
2025-12-01,2025-12-31,20260209_124304,20260209_124304-0202,1,初回,2025-12-29 16:54:40.391000,156.09500,1.00
2025-12-01,2025-12-31,20260209_124304,20260209_124304-0203,1,初回,2025-12-29 20:50:15.022000,156.36700,1.00
2025-12-01,2025-12-31,20260209_124304,20260209_124304-0204,1,初回,2025-12-29 21:06:25.391000,156.38400,1.00
2025-12-01,2025-12-31,20260209_124304,20260209_124304-0205,1,初回,2025-12-29 23:00:31.446000,156.22800,1.00
2025-12-01,2025-12-31,20260209_124304,20260209_124304-0206,1,初回,2025-12-29 23:35:29.940000,156.08700,1.00
2025-12-01,2025-12-31,20260209_124304,20260209_124304-0207,1,初回,2025-12-29 23:40:51.663000,156.02700,1.00
2025-12-01,2025-12-31,20260209_124304,20260209_124304-0208,1,初回,2025-12-30 11:01:28.001000,156.21900,1.00
2025-12-01,2025-12-31,20260209_124304,20260209_124304-0209,1,初回,2025-12-30 15:17:54.730000,155.98900,1.00
2025-12-01,2025-12-31,20260209_124304,20260209_124304-0211,1,初回,2025-12-30 15:19:10.569000,155.96800,1.00
2025-12-01,2025-12-31,20260209_124304,20260209_124304-0210,1,初回,2025-12-30 15:19:21.657000,155.95400,1.00
2025-12-01,2025-12-31,20260209_124304,20260209_124304-0212,1,初回,2025-12-30 19:37:25.640000,155.78600,1.00
2025-12-01,2025-12-31,20260209_124304,20260209_124304-0213,1,初回,2025-12-30 21:21:17.523000,155.97900,1.00
2025-12-01,2025-12-31,20260209_124304,20260209_124304-0214,1,初回,2025-12-30 23:32:40.367000,156.30500,1.00
2025-12-01,2025-12-31,20260209_124304,20260209_124304-0215,1,初回,2025-12-30 23:32:40.745000,156.30700,1.00
2025-12-01,2025-12-31,20260209_124304,20260209_124304-0216,1,初回,2025-12-31 00:16:37.004000,156.40000,1.00
2025-12-01,2025-12-31,20260209_124304,20260209_124304-0217,1,初回,2025-12-31 00:26:52.258000,156.48200,1.00
2025-12-01,2025-12-31,20260209_124304,20260209_124304-0218,1,初回,2025-12-31 13:17:41.336000,156.53800,1.00
2025-12-01,2025-12-31,20260209_124304,20260209_124304-0219,1,初回,2025-12-31 13:20:12.639000,156.57200,1.00
2025-12-01,2025-12-31,20260209_124304,20260209_124304-0220,1,初回,2025-12-31 13:42:31.730000,156.57200,1.00
2025-12-01,2025-12-31,20260209_124304,20260209_124304-0221,1,初回,2025-12-31 23:00:37.215000,156.80200,1.00
