開始日,終了日,実行ID,取引ID,段階,種別,in時刻,in価格,ロット
2016-01-01,2016-01-31,20260209_032432,20260209_032432-0001,1,初回,2016-01-08 22:30:05.051000,118.79200,1.00
2016-01-01,2016-01-31,20260209_032432,20260209_032432-0002,1,初回,2016-01-08 22:30:05.752000,118.80600,1.00
2016-01-01,2016-01-31,20260209_032432,20260209_032432-0003,1,初回,2016-01-08 22:30:02.384000,118.74700,1.00
2016-01-01,2016-01-31,20260209_032432,20260209_032432-0003,2,段階1,2016-01-08 22:30:02.384000,118.80600,1.00
2016-01-01,2016-01-31,20260209_032432,20260209_032432-0004,1,初回,2016-01-08 22:30:02.178000,118.69200,1.00
2016-01-01,2016-01-31,20260209_032432,20260209_032432-0004,2,段階1,2016-01-08 22:30:02.178000,118.74700,1.00
2016-01-01,2016-01-31,20260209_032432,20260209_032432-0004,3,段階2,2016-01-08 22:30:02.178000,118.79200,1.00
2016-01-01,2016-01-31,20260209_032432,20260209_032432-0005,1,初回,2016-01-29 12:21:34.845000,118.96200,1.00
2016-01-01,2016-01-31,20260209_032432,20260209_032432-0006,1,初回,2016-01-29 12:21:37.748000,119.13800,1.00
2016-01-01,2016-01-31,20260209_032432,20260209_032432-0006,2,段階1,2016-01-29 12:21:37.748000,119.20400,1.00
2016-01-01,2016-01-31,20260209_032432,20260209_032432-0007,1,初回,2016-01-29 12:21:35.838000,119.03600,1.00
2016-01-01,2016-01-31,20260209_032432,20260209_032432-0007,2,段階1,2016-01-29 12:21:35.838000,119.09200,1.00
2016-01-01,2016-01-31,20260209_032432,20260209_032432-0007,3,段階2,2016-01-29 12:21:35.838000,119.13800,1.00
2016-01-01,2016-01-31,20260209_032432,20260209_032432-0007,4,段階3,2016-01-29 12:21:35.838000,119.20400,1.00
2016-01-01,2016-01-31,20260209_032432,20260209_032432-0008,1,初回,2016-01-29 12:21:35.723000,118.98000,1.00
2016-01-01,2016-01-31,20260209_032432,20260209_032432-0008,2,段階1,2016-01-29 12:21:35.723000,119.03600,1.00
2016-01-01,2016-01-31,20260209_032432,20260209_032432-0008,3,段階2,2016-01-29 12:21:35.723000,119.09200,1.00
2016-01-01,2016-01-31,20260209_032432,20260209_032432-0008,4,段階3,2016-01-29 12:21:35.723000,119.13800,1.00
2016-01-01,2016-01-31,20260209_032432,20260209_032432-0008,5,段階4,2016-01-29 12:21:35.723000,119.20400,1.00
2016-01-01,2016-01-31,20260209_032432,20260209_032432-0009,1,初回,2016-01-29 12:22:18.634000,118.56200,1.00
2016-01-01,2016-01-31,20260209_032432,20260209_032432-0010,1,初回,2016-01-29 12:24:40.742000,119.25100,1.00
2016-01-01,2016-01-31,20260209_032432,20260209_032432-0010,2,段階1,2016-01-29 12:24:40.742000,119.31200,1.00
2016-01-01,2016-01-31,20260209_032432,20260209_032432-0011,1,初回,2016-01-29 12:38:19.314000,118.53200,1.00
2016-01-01,2016-01-31,20260209_032432,20260209_032432-0012,1,初回,2016-01-29 12:38:29.660000,119.66800,1.00
2016-01-01,2016-01-31,20260209_032432,20260209_032432-0012,2,段階1,2016-01-29 12:38:29.660000,119.78200,1.00
2016-01-01,2016-01-31,20260209_032432,20260209_032432-0012,3,段階2,2016-01-29 12:38:29.660000,119.78200,1.00
2016-01-01,2016-01-31,20260209_032432,20260209_032432-0012,4,段階3,2016-01-29 12:38:29.660000,119.83300,1.00
2016-01-01,2016-01-31,20260209_032432,20260209_032432-0012,5,段階4,2016-01-29 12:38:29.660000,119.88400,1.00
2016-01-01,2016-01-31,20260209_032432,20260209_032432-0012,6,段階5,2016-01-29 12:38:29.660000,119.94000,1.00
2016-01-01,2016-01-31,20260209_032432,20260209_032432-0013,1,初回,2016-01-29 12:38:31.629000,119.78900,1.00
2016-01-01,2016-01-31,20260209_032432,20260209_032432-0013,2,段階1,2016-01-29 12:38:31.629000,119.84200,1.00
2016-01-01,2016-01-31,20260209_032432,20260209_032432-0013,3,段階2,2016-01-29 12:38:31.629000,119.89100,1.00
2016-01-01,2016-01-31,20260209_032432,20260209_032432-0013,4,段階3,2016-01-29 12:38:31.629000,119.94000,1.00
2016-01-01,2016-01-31,20260209_032432,20260209_032432-0013,5,段階4,2016-01-29 12:38:31.629000,120.03000,1.00
2016-01-01,2016-01-31,20260209_032432,20260209_032432-0013,6,段階5,2016-01-29 12:38:31.629000,120.04300,1.00
2016-01-01,2016-01-31,20260209_032432,20260209_032432-0014,1,初回,2016-01-29 12:38:54.227000,120.47900,1.00
2016-01-01,2016-01-31,20260209_032432,20260209_032432-0014,2,段階1,2016-01-29 12:38:54.227000,120.54000,1.00
2016-01-01,2016-01-31,20260209_032432,20260209_032432-0014,3,段階2,2016-01-29 12:38:54.227000,120.59700,1.00
2016-01-01,2016-01-31,20260209_032432,20260209_032432-0014,4,段階3,2016-01-29 12:38:54.227000,120.63900,1.00
2016-01-01,2016-01-31,20260209_032432,20260209_032432-0014,5,段階4,2016-01-29 12:38:54.227000,120.72900,1.00
2016-01-01,2016-01-31,20260209_032432,20260209_032432-0014,6,段階5,2016-01-29 12:38:54.227000,120.72900,1.00
2016-01-01,2016-01-31,20260209_032432,20260209_032432-0015,1,初回,2016-01-29 12:42:06.605000,121.38600,1.00
2016-02-01,2016-02-29,20260209_032547,20260209_032547-0001,1,初回,2016-02-05 22:30:09.284000,116.32800,1.00
2016-02-01,2016-02-29,20260209_032547,20260209_032547-0002,1,初回,2016-02-05 22:31:24.419000,116.95300,1.00
2016-02-01,2016-02-29,20260209_032547,20260209_032547-0002,2,段階1,2016-02-05 22:31:24.419000,117.00600,1.00
2016-02-01,2016-02-29,20260209_032547,20260209_032547-0003,1,初回,2016-02-08 23:36:39.356000,115.95000,1.00
2016-02-01,2016-02-29,20260209_032547,20260209_032547-0004,1,初回,2016-02-10 11:15:04.189000,115.11600,1.00
2016-02-01,2016-02-29,20260209_032547,20260209_032547-0005,1,初回,2016-02-11 02:01:37.272000,113.87200,1.00
2016-02-01,2016-02-29,20260209_032547,20260209_032547-0005,2,段階1,2016-02-11 02:01:37.272000,113.82000,1.00
2016-02-01,2016-02-29,20260209_032547,20260209_032547-0005,3,段階2,2016-02-11 02:01:37.272000,113.76700,1.00
2016-02-01,2016-02-29,20260209_032547,20260209_032547-0006,1,初回,2016-02-11 17:40:39.037000,111.02000,1.00
2016-02-01,2016-02-29,20260209_032547,20260209_032547-0007,1,初回,2016-02-11 21:21:39.147000,113.16300,1.00
2016-02-01,2016-02-29,20260209_032547,20260209_032547-0008,1,初回,2016-02-12 00:39:40.481000,111.78100,1.00
2016-02-01,2016-02-29,20260209_032547,20260209_032547-0009,1,初回,2016-02-12 15:58:07.546000,111.67900,1.00
2016-02-01,2016-02-29,20260209_032547,20260209_032547-0010,1,初回,2016-02-12 15:54:40.359000,111.86600,1.00
2016-02-01,2016-02-29,20260209_032547,20260209_032547-0010,2,段階1,2016-02-12 15:54:40.359000,111.81300,1.00
2016-02-01,2016-02-29,20260209_032547,20260209_032547-0010,3,段階2,2016-02-12 15:54:40.359000,111.76400,1.00
2016-02-01,2016-02-29,20260209_032547,20260209_032547-0010,4,段階3,2016-02-12 15:54:40.359000,111.71500,1.00
2016-02-01,2016-02-29,20260209_032547,20260209_032547-0011,1,初回,2016-02-25 22:30:03.765000,112.66800,1.00
2016-02-01,2016-02-29,20260209_032547,20260209_032547-0011,2,段階1,2016-02-25 22:30:03.765000,112.71900,1.00
2016-03-01,2016-03-31,20260209_032651,20260209_032651-0001,1,初回,2016-03-03 00:30:12.860000,113.70800,1.00
2016-03-01,2016-03-31,20260209_032651,20260209_032651-0002,1,初回,2016-03-15 11:47:07.831000,114.01300,1.00
2016-03-01,2016-03-31,20260209_032651,20260209_032651-0003,1,初回,2016-03-15 11:47:06.480000,113.91500,1.00
2016-03-01,2016-03-31,20260209_032651,20260209_032651-0003,2,段階1,2016-03-15 11:47:06.480000,113.97600,1.00
2016-03-01,2016-03-31,20260209_032651,20260209_032651-0004,1,初回,2016-03-15 12:31:55.611000,114.11700,1.00
2016-03-01,2016-03-31,20260209_032651,20260209_032651-0005,1,初回,2016-03-15 12:35:07.930000,113.63500,1.00
2016-03-01,2016-03-31,20260209_032651,20260209_032651-0006,1,初回,2016-03-16 21:30:04.594000,113.75500,1.00
2016-03-01,2016-03-31,20260209_032651,20260209_032651-0007,1,初回,2016-03-16 21:30:03.160000,113.74100,1.00
2016-03-01,2016-03-31,20260209_032651,20260209_032651-0008,1,初回,2016-03-30 01:20:08.303000,113.26800,1.00
2016-03-01,2016-03-31,20260209_032651,20260209_032651-0008,2,段階1,2016-03-30 01:20:08.303000,113.21700,1.00
2016-03-01,2016-03-31,20260209_032651,20260209_032651-0008,3,段階2,2016-03-30 01:20:08.303000,113.16700,1.00
2016-03-01,2016-03-31,20260209_032651,20260209_032651-0008,4,段階3,2016-03-30 01:20:08.303000,113.11300,1.00
2016-03-01,2016-03-31,20260209_032651,20260209_032651-0008,5,段階4,2016-03-30 01:20:08.303000,113.06300,1.00
2016-03-01,2016-03-31,20260209_032651,20260209_032651-0008,6,段階5,2016-03-30 01:20:08.303000,113.01800,1.00
2016-03-01,2016-03-31,20260209_032651,20260209_032651-0009,1,初回,2016-03-30 01:20:13.159000,113.26500,1.00
2016-03-01,2016-03-31,20260209_032651,20260209_032651-0009,2,段階1,2016-03-30 01:20:13.159000,113.20800,1.00
2016-03-01,2016-03-31,20260209_032651,20260209_032651-0009,3,段階2,2016-03-30 01:20:13.159000,113.16300,1.00
2016-03-01,2016-03-31,20260209_032651,20260209_032651-0009,4,段階3,2016-03-30 01:20:13.159000,113.11300,1.00
2016-03-01,2016-03-31,20260209_032651,20260209_032651-0009,5,段階4,2016-03-30 01:20:13.159000,113.06300,1.00
2016-03-01,2016-03-31,20260209_032651,20260209_032651-0009,6,段階5,2016-03-30 01:20:13.159000,113.01500,1.00
2016-04-01,2016-04-30,20260209_032745,20260209_032745-0001,1,初回,2016-04-06 23:22:17.283000,110.38300,1.00
2016-04-01,2016-04-30,20260209_032745,20260209_032745-0002,1,初回,2016-04-22 13:44:28.986000,110.15600,1.00
2016-04-01,2016-04-30,20260209_032745,20260209_032745-0003,1,初回,2016-04-28 12:01:06.482000,111.10100,1.00
2016-04-01,2016-04-30,20260209_032745,20260209_032745-0003,2,段階1,2016-04-28 12:01:06.482000,111.03800,1.00
2016-04-01,2016-04-30,20260209_032745,20260209_032745-0003,3,段階2,2016-04-28 12:01:06.482000,110.89600,1.00
2016-04-01,2016-04-30,20260209_032745,20260209_032745-0003,4,段階3,2016-04-28 12:01:06.482000,110.89600,1.00
2016-04-01,2016-04-30,20260209_032745,20260209_032745-0003,5,段階4,2016-04-28 12:01:06.482000,110.89600,1.00
2016-04-01,2016-04-30,20260209_032745,20260209_032745-0003,6,段階5,2016-04-28 12:01:06.482000,110.83600,1.00
2016-04-01,2016-04-30,20260209_032745,20260209_032745-0004,1,初回,2016-04-28 12:01:06.601000,111.05800,1.00
2016-04-01,2016-04-30,20260209_032745,20260209_032745-0004,2,段階1,2016-04-28 12:01:06.601000,110.89600,1.00
2016-04-01,2016-04-30,20260209_032745,20260209_032745-0004,3,段階2,2016-04-28 12:01:06.601000,110.89600,1.00
2016-04-01,2016-04-30,20260209_032745,20260209_032745-0004,4,段階3,2016-04-28 12:01:06.601000,110.89600,1.00
2016-04-01,2016-04-30,20260209_032745,20260209_032745-0004,5,段階4,2016-04-28 12:01:06.601000,110.83600,1.00
2016-04-01,2016-04-30,20260209_032745,20260209_032745-0004,6,段階5,2016-04-28 12:01:06.601000,110.78600,1.00
2016-04-01,2016-04-30,20260209_032745,20260209_032745-0005,1,初回,2016-04-28 12:01:09.162000,110.69800,1.00
2016-04-01,2016-04-30,20260209_032745,20260209_032745-0005,2,段階1,2016-04-28 12:01:09.162000,110.63200,1.00
2016-04-01,2016-04-30,20260209_032745,20260209_032745-0005,3,段階2,2016-04-28 12:01:09.162000,110.58500,1.00
2016-04-01,2016-04-30,20260209_032745,20260209_032745-0005,4,段階3,2016-04-28 12:01:09.162000,110.54800,1.00
2016-04-01,2016-04-30,20260209_032745,20260209_032745-0005,5,段階4,2016-04-28 12:01:09.162000,110.46300,1.00
2016-04-01,2016-04-30,20260209_032745,20260209_032745-0005,6,段階5,2016-04-28 12:01:09.162000,110.44000,1.00
2016-04-01,2016-04-30,20260209_032745,20260209_032745-0006,1,初回,2016-04-28 12:02:42.753000,109.29400,1.00
2016-04-01,2016-04-30,20260209_032745,20260209_032745-0006,2,段階1,2016-04-28 12:02:42.753000,109.23700,1.00
2016-04-01,2016-04-30,20260209_032745,20260209_032745-0007,1,初回,2016-04-28 12:02:40.377000,109.36900,1.00
2016-04-01,2016-04-30,20260209_032745,20260209_032745-0007,2,段階1,2016-04-28 12:02:40.377000,109.31000,1.00
2016-04-01,2016-04-30,20260209_032745,20260209_032745-0007,3,段階2,2016-04-28 12:02:40.377000,109.26600,1.00
2016-04-01,2016-04-30,20260209_032745,20260209_032745-0008,1,初回,2016-04-28 12:03:21.858000,109.12000,1.00
2016-04-01,2016-04-30,20260209_032745,20260209_032745-0008,2,段階1,2016-04-28 12:03:21.858000,109.05500,1.00
2016-04-01,2016-04-30,20260209_032745,20260209_032745-0008,3,段階2,2016-04-28 12:03:21.858000,109.01200,1.00
2016-04-01,2016-04-30,20260209_032745,20260209_032745-0008,4,段階3,2016-04-28 12:03:21.858000,108.92700,1.00
2016-04-01,2016-04-30,20260209_032745,20260209_032745-0008,5,段階4,2016-04-28 12:03:21.858000,108.90500,1.00
2016-04-01,2016-04-30,20260209_032745,20260209_032745-0009,1,初回,2016-04-28 12:03:44.291000,108.79200,1.00
2016-04-01,2016-04-30,20260209_032745,20260209_032745-0010,1,初回,2016-04-28 12:03:45.590000,108.78900,1.00
2016-04-01,2016-04-30,20260209_032745,20260209_032745-0011,1,初回,2016-04-30 00:20:28.922000,106.65300,1.00
2016-05-01,2016-05-31,20260209_032834,20260209_032834-0001,1,初回,2016-05-04 21:15:00.534000,106.44200,1.00
2016-05-01,2016-05-31,20260209_032834,20260209_032834-0001,2,段階1,2016-05-04 21:15:00.534000,106.39000,1.00
2016-05-01,2016-05-31,20260209_032834,20260209_032834-0001,3,段階2,2016-05-04 21:15:00.534000,106.33600,1.00
2016-05-01,2016-05-31,20260209_032834,20260209_032834-0001,4,段階3,2016-05-04 21:15:00.534000,106.27500,1.00
2016-05-01,2016-05-31,20260209_032834,20260209_032834-0002,1,初回,2016-05-17 21:30:05.058000,109.62200,1.00
2016-05-01,2016-05-31,20260209_032834,20260209_032834-0003,1,初回,2016-05-19 03:00:07.424000,109.80900,1.00
2016-05-01,2016-05-31,20260209_032834,20260209_032834-0003,2,段階1,2016-05-19 03:00:07.424000,109.86200,1.00
2016-05-01,2016-05-31,20260209_032834,20260209_032834-0003,3,段階2,2016-05-19 03:00:07.424000,109.91900,1.00
2016-05-01,2016-05-31,20260209_032834,20260209_032834-0003,4,段階3,2016-05-19 03:00:07.424000,109.95900,1.00
2016-05-01,2016-05-31,20260209_032834,20260209_032834-0003,5,段階4,2016-05-19 03:00:07.424000,110.01000,1.00
2016-05-01,2016-05-31,20260209_032834,20260209_032834-0003,6,段階5,2016-05-19 03:00:07.424000,110.05900,1.00
2016-06-01,2016-06-30,20260209_032939,20260209_032939-0001,1,初回,2016-06-03 21:30:01.773000,108.50900,1.00
2016-06-01,2016-06-30,20260209_032939,20260209_032939-0001,2,段階1,2016-06-03 21:30:01.773000,108.43900,1.00
2016-06-01,2016-06-30,20260209_032939,20260209_032939-0001,3,段階2,2016-06-03 21:30:01.773000,108.40100,1.00
2016-06-01,2016-06-30,20260209_032939,20260209_032939-0001,4,段階3,2016-06-03 21:30:01.773000,108.35400,1.00
2016-06-01,2016-06-30,20260209_032939,20260209_032939-0001,5,段階4,2016-06-03 21:30:01.773000,108.30700,1.00
2016-06-01,2016-06-30,20260209_032939,20260209_032939-0001,6,段階5,2016-06-03 21:30:01.773000,108.25900,1.00
2016-06-01,2016-06-30,20260209_032939,20260209_032939-0002,1,初回,2016-06-07 01:30:08.733000,107.54000,1.00
2016-06-01,2016-06-30,20260209_032939,20260209_032939-0003,1,初回,2016-06-16 02:59:50.242000,105.74200,1.00
2016-06-01,2016-06-30,20260209_032939,20260209_032939-0003,2,段階1,2016-06-16 02:59:50.242000,105.67600,1.00
2016-06-01,2016-06-30,20260209_032939,20260209_032939-0003,3,段階2,2016-06-16 02:59:50.242000,105.63700,1.00
2016-06-01,2016-06-30,20260209_032939,20260209_032939-0004,1,初回,2016-06-16 03:16:37.626000,105.46000,1.00
2016-06-01,2016-06-30,20260209_032939,20260209_032939-0005,1,初回,2016-06-16 11:45:46.364000,104.55500,1.00
2016-06-01,2016-06-30,20260209_032939,20260209_032939-0006,1,初回,2016-06-16 13:50:24.008000,104.20300,1.00
2016-06-01,2016-06-30,20260209_032939,20260209_032939-0006,2,段階1,2016-06-16 13:50:24.008000,104.14700,1.00
2016-06-01,2016-06-30,20260209_032939,20260209_032939-0006,3,段階2,2016-06-16 13:50:24.008000,104.10200,1.00
2016-06-01,2016-06-30,20260209_032939,20260209_032939-0006,4,段階3,2016-06-16 13:50:24.008000,104.05200,1.00
2016-06-01,2016-06-30,20260209_032939,20260209_032939-0007,1,初回,2016-06-16 15:56:35.341000,103.57800,1.00
2016-06-01,2016-06-30,20260209_032939,20260209_032939-0008,1,初回,2016-06-23 15:10:36.941000,104.06200,1.00
2016-06-01,2016-06-30,20260209_032939,20260209_032939-0009,1,初回,2016-06-23 15:10:33.342000,104.31800,1.00
2016-06-01,2016-06-30,20260209_032939,20260209_032939-0009,2,段階1,2016-06-23 15:10:33.342000,104.25000,1.00
2016-06-01,2016-06-30,20260209_032939,20260209_032939-0009,3,段階2,2016-06-23 15:10:33.342000,104.21300,1.00
2016-06-01,2016-06-30,20260209_032939,20260209_032939-0009,4,段階3,2016-06-23 15:10:33.342000,104.14600,1.00
2016-06-01,2016-06-30,20260209_032939,20260209_032939-0009,5,段階4,2016-06-23 15:10:33.342000,104.07700,1.00
2016-06-01,2016-06-30,20260209_032939,20260209_032939-0009,6,段階5,2016-06-23 15:10:33.342000,104.06200,1.00
2016-06-01,2016-06-30,20260209_032939,20260209_032939-0010,1,初回,2016-06-23 15:10:32.811000,104.35500,1.00
2016-06-01,2016-06-30,20260209_032939,20260209_032939-0010,2,段階1,2016-06-23 15:10:32.811000,104.27900,1.00
2016-06-01,2016-06-30,20260209_032939,20260209_032939-0010,3,段階2,2016-06-23 15:10:32.811000,104.25000,1.00
2016-06-01,2016-06-30,20260209_032939,20260209_032939-0010,4,段階3,2016-06-23 15:10:32.811000,104.20500,1.00
2016-06-01,2016-06-30,20260209_032939,20260209_032939-0010,5,段階4,2016-06-23 15:10:32.811000,104.14600,1.00
2016-06-01,2016-06-30,20260209_032939,20260209_032939-0010,6,段階5,2016-06-23 15:10:32.811000,104.07700,1.00
2016-06-01,2016-06-30,20260209_032939,20260209_032939-0011,1,初回,2016-06-24 11:43:48.375000,98.99500,1.00
2016-06-01,2016-06-30,20260209_032939,20260209_032939-0012,1,初回,2016-06-24 21:12:38.444000,102.75500,1.00
2016-07-01,2016-07-31,20260209_033123,20260209_033123-0001,1,初回,2016-07-06 12:36:58.654000,101.01600,1.00
2016-07-01,2016-07-31,20260209_033123,20260209_033123-0002,1,初回,2016-07-06 18:09:48.337000,100.43700,1.00
2016-07-01,2016-07-31,20260209_033123,20260209_033123-0003,1,初回,2016-07-08 21:29:54.386000,100.24300,1.00
2016-07-01,2016-07-31,20260209_033123,20260209_033123-0004,1,初回,2016-07-08 21:29:54.847000,100.23600,1.00
2016-07-01,2016-07-31,20260209_033123,20260209_033123-0005,1,初回,2016-07-08 21:30:02.259000,100.76300,1.00
2016-07-01,2016-07-31,20260209_033123,20260209_033123-0005,2,段階1,2016-07-08 21:30:02.259000,100.84000,1.00
2016-07-01,2016-07-31,20260209_033123,20260209_033123-0005,3,段階2,2016-07-08 21:30:02.259000,100.89100,1.00
2016-07-01,2016-07-31,20260209_033123,20260209_033123-0005,4,段階3,2016-07-08 21:30:02.259000,100.93700,1.00
2016-07-01,2016-07-31,20260209_033123,20260209_033123-0005,5,段階4,2016-07-08 21:30:02.259000,100.96900,1.00
2016-07-01,2016-07-31,20260209_033123,20260209_033123-0005,6,段階5,2016-07-08 21:30:02.259000,101.03400,1.00
2016-07-01,2016-07-31,20260209_033123,20260209_033123-0006,1,初回,2016-07-08 21:30:12.313000,101.25400,1.00
2016-07-01,2016-07-31,20260209_033123,20260209_033123-0007,1,初回,2016-07-08 21:30:10.390000,101.23300,1.00
2016-07-01,2016-07-31,20260209_033123,20260209_033123-0008,1,初回,2016-07-08 21:30:03.515000,100.94600,1.00
2016-07-01,2016-07-31,20260209_033123,20260209_033123-0008,2,段階1,2016-07-08 21:30:03.515000,100.99800,1.00
2016-07-01,2016-07-31,20260209_033123,20260209_033123-0008,3,段階2,2016-07-08 21:30:03.515000,101.07000,1.00
2016-07-01,2016-07-31,20260209_033123,20260209_033123-0008,4,段階3,2016-07-08 21:30:03.515000,101.10500,1.00
2016-07-01,2016-07-31,20260209_033123,20260209_033123-0008,5,段階4,2016-07-08 21:30:03.515000,101.14900,1.00
2016-07-01,2016-07-31,20260209_033123,20260209_033123-0008,6,段階5,2016-07-08 21:30:03.515000,101.19800,1.00
2016-07-01,2016-07-31,20260209_033123,20260209_033123-0009,1,初回,2016-07-26 13:29:38.947000,104.31000,1.00
2016-07-01,2016-07-31,20260209_033123,20260209_033123-0010,1,初回,2016-07-27 14:05:15.044000,106.11600,1.00
2016-07-01,2016-07-31,20260209_033123,20260209_033123-0011,1,初回,2016-07-28 03:00:18.333000,105.85400,1.00
2016-07-01,2016-07-31,20260209_033123,20260209_033123-0012,1,初回,2016-07-29 12:44:10.994000,105.59000,1.00
2016-07-01,2016-07-31,20260209_033123,20260209_033123-0013,1,初回,2016-07-29 12:44:09.039000,105.47600,1.00
2016-07-01,2016-07-31,20260209_033123,20260209_033123-0013,2,段階1,2016-07-29 12:44:09.039000,105.55400,1.00
2016-07-01,2016-07-31,20260209_033123,20260209_033123-0013,3,段階2,2016-07-29 12:44:09.039000,105.57900,1.00
2016-07-01,2016-07-31,20260209_033123,20260209_033123-0014,1,初回,2016-07-29 12:44:31.034000,103.37200,1.00
2016-07-01,2016-07-31,20260209_033123,20260209_033123-0014,2,段階1,2016-07-29 12:44:31.034000,103.31800,1.00
2016-07-01,2016-07-31,20260209_033123,20260209_033123-0014,3,段階2,2016-07-29 12:44:31.034000,103.24600,1.00
2016-07-01,2016-07-31,20260209_033123,20260209_033123-0014,4,段階3,2016-07-29 12:44:31.034000,103.21200,1.00
2016-07-01,2016-07-31,20260209_033123,20260209_033123-0014,5,段階4,2016-07-29 12:44:31.034000,103.16400,1.00
2016-07-01,2016-07-31,20260209_033123,20260209_033123-0014,6,段階5,2016-07-29 12:44:31.034000,103.10200,1.00
2016-07-01,2016-07-31,20260209_033123,20260209_033123-0015,1,初回,2016-07-29 12:44:44.211000,102.85500,1.00
2016-07-01,2016-07-31,20260209_033123,20260209_033123-0016,1,初回,2016-07-29 12:51:16.774000,102.74000,1.00
2016-07-01,2016-07-31,20260209_033123,20260209_033123-0017,1,初回,2016-07-29 15:37:43.700000,103.17400,1.00
2016-07-01,2016-07-31,20260209_033123,20260209_033123-0018,1,初回,2016-07-29 21:30:01.581000,103.22600,1.00
2016-07-01,2016-07-31,20260209_033123,20260209_033123-0018,2,段階1,2016-07-29 21:30:01.581000,103.17500,1.00
2016-07-01,2016-07-31,20260209_033123,20260209_033123-0018,3,段階2,2016-07-29 21:30:01.581000,103.12400,1.00
2016-07-01,2016-07-31,20260209_033123,20260209_033123-0018,4,段階3,2016-07-29 21:30:01.581000,103.07300,1.00
2016-07-01,2016-07-31,20260209_033123,20260209_033123-0018,5,段階4,2016-07-29 21:30:01.581000,103.02100,1.00
2016-07-01,2016-07-31,20260209_033123,20260209_033123-0018,6,段階5,2016-07-29 21:30:01.581000,102.97500,1.00
2016-08-01,2016-08-31,20260209_033417,20260209_033417-0001,1,初回,2016-08-12 21:30:02.138000,101.67400,1.00
2016-08-01,2016-08-31,20260209_033417,20260209_033417-0001,2,段階1,2016-08-12 21:30:02.138000,101.61000,1.00
2016-08-01,2016-08-31,20260209_033417,20260209_033417-0001,3,段階2,2016-08-12 21:30:02.138000,101.55100,1.00
2016-08-01,2016-08-31,20260209_033417,20260209_033417-0001,4,段階3,2016-08-12 21:30:02.138000,101.52400,1.00
2016-08-01,2016-08-31,20260209_033417,20260209_033417-0001,5,段階4,2016-08-12 21:30:02.138000,101.47300,1.00
2016-08-01,2016-08-31,20260209_033417,20260209_033417-0001,6,段階5,2016-08-12 21:30:02.138000,101.42100,1.00
2016-08-01,2016-08-31,20260209_033417,20260209_033417-0002,1,初回,2016-08-16 21:30:01.804000,99.57300,1.00
2016-08-01,2016-08-31,20260209_033417,20260209_033417-0003,1,初回,2016-08-17 13:52:57.782000,100.91100,1.00
2016-08-01,2016-08-31,20260209_033417,20260209_033417-0004,1,初回,2016-08-18 13:56:27.786000,100.34000,1.00
2016-08-01,2016-08-31,20260209_033417,20260209_033417-0005,1,初回,2016-08-18 18:10:37.280000,100.49100,1.00
2016-08-01,2016-08-31,20260209_033417,20260209_033417-0006,1,初回,2016-08-26 23:00:07.052000,100.60200,1.00
2016-08-01,2016-08-31,20260209_033417,20260209_033417-0006,2,段階1,2016-08-26 23:00:07.052000,100.65300,1.00
2016-08-01,2016-08-31,20260209_033417,20260209_033417-0006,3,段階2,2016-08-26 23:00:07.052000,100.71100,1.00
2016-08-01,2016-08-31,20260209_033417,20260209_033417-0006,4,段階3,2016-08-26 23:00:07.052000,100.75400,1.00
2016-08-01,2016-08-31,20260209_033417,20260209_033417-0006,5,段階4,2016-08-26 23:00:07.052000,100.80700,1.00
2016-08-01,2016-08-31,20260209_033417,20260209_033417-0006,6,段階5,2016-08-26 23:00:07.052000,100.85600,1.00
2016-08-01,2016-08-31,20260209_033417,20260209_033417-0007,1,初回,2016-08-26 23:00:06.893000,100.59800,1.00
2016-08-01,2016-08-31,20260209_033417,20260209_033417-0007,2,段階1,2016-08-26 23:00:06.893000,100.65300,1.00
2016-08-01,2016-08-31,20260209_033417,20260209_033417-0007,3,段階2,2016-08-26 23:00:06.893000,100.70000,1.00
2016-08-01,2016-08-31,20260209_033417,20260209_033417-0007,4,段階3,2016-08-26 23:00:06.893000,100.75400,1.00
2016-08-01,2016-08-31,20260209_033417,20260209_033417-0007,5,段階4,2016-08-26 23:00:06.893000,100.80700,1.00
2016-08-01,2016-08-31,20260209_033417,20260209_033417-0007,6,段階5,2016-08-26 23:00:06.893000,100.84800,1.00
2016-08-01,2016-08-31,20260209_033417,20260209_033417-0008,1,初回,2016-08-26 23:14:32.265000,100.11500,1.00
2016-09-01,2016-09-30,20260209_033707,20260209_033707-0001,1,初回,2016-09-02 21:30:03.159000,103.09100,1.00
2016-09-01,2016-09-30,20260209_033707,20260209_033707-0001,2,段階1,2016-09-02 21:30:03.159000,103.03600,1.00
2016-09-01,2016-09-30,20260209_033707,20260209_033707-0001,3,段階2,2016-09-02 21:30:03.159000,102.99100,1.00
2016-09-01,2016-09-30,20260209_033707,20260209_033707-0002,1,初回,2016-09-02 21:30:02.733000,103.13800,1.00
2016-09-01,2016-09-30,20260209_033707,20260209_033707-0002,2,段階1,2016-09-02 21:30:02.733000,103.08300,1.00
2016-09-01,2016-09-30,20260209_033707,20260209_033707-0002,3,段階2,2016-09-02 21:30:02.733000,103.03600,1.00
2016-09-01,2016-09-30,20260209_033707,20260209_033707-0002,4,段階3,2016-09-02 21:30:02.733000,102.98700,1.00
2016-09-01,2016-09-30,20260209_033707,20260209_033707-0003,1,初回,2016-09-13 02:15:09.841000,101.60100,1.00
2016-09-01,2016-09-30,20260209_033707,20260209_033707-0004,1,初回,2016-09-13 02:15:07.362000,101.75100,1.00
2016-09-01,2016-09-30,20260209_033707,20260209_033707-0004,2,段階1,2016-09-13 02:15:07.362000,101.70000,1.00
2016-09-01,2016-09-30,20260209_033707,20260209_033707-0004,3,段階2,2016-09-13 02:15:07.362000,101.64800,1.00
2016-09-01,2016-09-30,20260209_033707,20260209_033707-0004,4,段階3,2016-09-13 02:15:07.362000,101.60100,1.00
2016-09-01,2016-09-30,20260209_033707,20260209_033707-0005,1,初回,2016-09-15 21:30:01.678000,101.96900,1.00
2016-09-01,2016-09-30,20260209_033707,20260209_033707-0006,1,初回,2016-09-15 21:30:02.669000,101.97600,1.00
2016-09-01,2016-09-30,20260209_033707,20260209_033707-0007,1,初回,2016-09-21 11:55:07.249000,101.42000,1.00
2016-09-01,2016-09-30,20260209_033707,20260209_033707-0007,2,段階1,2016-09-21 11:55:07.249000,101.30700,1.00
2016-09-01,2016-09-30,20260209_033707,20260209_033707-0007,3,段階2,2016-09-21 11:55:07.249000,101.30700,1.00
2016-09-01,2016-09-30,20260209_033707,20260209_033707-0008,1,初回,2016-09-21 11:55:08.153000,101.30700,1.00
2016-09-01,2016-09-30,20260209_033707,20260209_033707-0009,1,初回,2016-09-21 11:55:12.166000,101.24300,1.00
2016-09-01,2016-09-30,20260209_033707,20260209_033707-0010,1,初回,2016-09-21 11:55:15.160000,101.22800,1.00
2016-09-01,2016-09-30,20260209_033707,20260209_033707-0011,1,初回,2016-09-21 11:55:07.029000,101.44500,1.00
2016-09-01,2016-09-30,20260209_033707,20260209_033707-0011,2,段階1,2016-09-21 11:55:07.029000,101.38600,1.00
2016-09-01,2016-09-30,20260209_033707,20260209_033707-0011,3,段階2,2016-09-21 11:55:07.029000,101.30700,1.00
2016-09-01,2016-09-30,20260209_033707,20260209_033707-0011,4,段階3,2016-09-21 11:55:07.029000,101.28200,1.00
2016-09-01,2016-09-30,20260209_033707,20260209_033707-0011,5,段階4,2016-09-21 11:55:07.029000,101.24400,1.00
2016-09-01,2016-09-30,20260209_033707,20260209_033707-0012,1,初回,2016-09-21 13:18:29.172000,101.03900,1.00
2016-09-01,2016-09-30,20260209_033707,20260209_033707-0013,1,初回,2016-09-21 13:26:12.023000,102.05300,1.00
2016-09-01,2016-09-30,20260209_033707,20260209_033707-0013,2,段階1,2016-09-21 13:26:12.023000,102.10500,1.00
2016-09-01,2016-09-30,20260209_033707,20260209_033707-0014,1,初回,2016-09-21 13:26:10.617000,101.97500,1.00
2016-09-01,2016-09-30,20260209_033707,20260209_033707-0014,2,段階1,2016-09-21 13:26:10.617000,102.03000,1.00
2016-09-01,2016-09-30,20260209_033707,20260209_033707-0014,3,段階2,2016-09-21 13:26:10.617000,102.07900,1.00
2016-09-01,2016-09-30,20260209_033707,20260209_033707-0014,4,段階3,2016-09-21 13:26:10.617000,102.12900,1.00
2016-09-01,2016-09-30,20260209_033707,20260209_033707-0014,5,段階4,2016-09-21 13:26:10.617000,102.18300,1.00
2016-09-01,2016-09-30,20260209_033707,20260209_033707-0014,6,段階5,2016-09-21 13:26:10.617000,102.23500,1.00
2016-09-01,2016-09-30,20260209_033707,20260209_033707-0015,1,初回,2016-09-22 03:00:09.173000,100.57500,1.00
2016-09-01,2016-09-30,20260209_033707,20260209_033707-0015,2,段階1,2016-09-22 03:00:09.173000,100.52300,1.00
2016-10-01,2016-10-31,20260209_033856,20260209_033856-0001,1,初回,2016-10-07 21:30:04.226000,103.28900,1.00
2016-10-01,2016-10-31,20260209_033856,20260209_033856-0002,1,初回,2016-10-07 21:30:02.606000,103.37000,1.00
2016-10-01,2016-10-31,20260209_033856,20260209_033856-0002,2,段階1,2016-10-07 21:30:02.606000,103.31400,1.00
2016-10-01,2016-10-31,20260209_033856,20260209_033856-0003,1,初回,2016-10-07 21:30:01.282000,103.43200,1.00
2016-10-01,2016-10-31,20260209_033856,20260209_033856-0003,2,段階1,2016-10-07 21:30:01.282000,103.37000,1.00
2016-10-01,2016-10-31,20260209_033856,20260209_033856-0003,3,段階2,2016-10-07 21:30:01.282000,103.31400,1.00
2016-10-01,2016-10-31,20260209_033856,20260209_033856-0003,4,段階3,2016-10-07 21:30:01.282000,103.28100,1.00
2016-10-01,2016-10-31,20260209_033856,20260209_033856-0004,1,初回,2016-10-19 18:58:03.154000,103.28300,1.00
2016-11-01,2016-11-30,20260209_033956,20260209_033956-0001,1,初回,2016-11-09 11:02:05.102000,103.87800,1.00
2016-11-01,2016-11-30,20260209_033956,20260209_033956-0002,1,初回,2016-11-09 12:37:17.115000,102.07200,1.00
2016-11-01,2016-11-30,20260209_033956,20260209_033956-0002,2,段階1,2016-11-09 12:37:17.115000,102.00100,1.00
2016-11-01,2016-11-30,20260209_033956,20260209_033956-0002,3,段階2,2016-11-09 12:37:17.115000,101.92900,1.00
2016-11-01,2016-11-30,20260209_033956,20260209_033956-0002,4,段階3,2016-11-09 12:37:17.115000,101.91800,1.00
2016-11-01,2016-11-30,20260209_033956,20260209_033956-0002,5,段階4,2016-11-09 12:37:17.115000,101.85600,1.00
2016-11-01,2016-11-30,20260209_033956,20260209_033956-0002,6,段階5,2016-11-09 12:37:17.115000,101.82200,1.00
2016-11-01,2016-11-30,20260209_033956,20260209_033956-0003,1,初回,2016-11-30 22:15:00.931000,113.50700,1.00
2016-11-01,2016-11-30,20260209_033956,20260209_033956-0004,1,初回,2016-11-30 22:15:00.828000,113.49000,1.00
2016-12-01,2016-12-31,20260209_034053,20260209_034053-0001,1,初回,2016-12-02 22:30:08.102000,113.62000,1.00
2016-12-01,2016-12-31,20260209_034053,20260209_034053-0002,1,初回,2016-12-02 22:30:08.051000,113.62800,1.00
2016-12-01,2016-12-31,20260209_034053,20260209_034053-0003,1,初回,2016-12-15 03:59:53.848000,115.47000,1.00
2016-12-01,2016-12-31,20260209_034053,20260209_034053-0004,1,初回,2016-12-15 04:00:00.638000,115.58000,1.00
2016-12-01,2016-12-31,20260209_034053,20260209_034053-0004,2,段階1,2016-12-15 04:00:00.638000,115.65700,1.00
2017-01-01,2017-01-31,20260209_034207,20260209_034207-0001,1,初回,2017-01-04 03:01:54.985000,117.25200,1.00
2017-01-01,2017-01-31,20260209_034207,20260209_034207-0002,1,初回,2017-01-06 22:30:06.341000,115.75900,1.00
2017-01-01,2017-01-31,20260209_034207,20260209_034207-0003,1,初回,2017-01-06 22:30:06.238000,115.79000,1.00
2017-01-01,2017-01-31,20260209_034207,20260209_034207-0004,1,初回,2017-01-12 03:11:06.211000,114.28600,1.00
2017-01-01,2017-01-31,20260209_034207,20260209_034207-0005,1,初回,2017-01-13 22:30:02.048000,114.17800,1.00
2017-01-01,2017-01-31,20260209_034207,20260209_034207-0006,1,初回,2017-01-16 15:39:29.395000,113.63500,1.00
2017-02-01,2017-02-28,20260209_034306,20260209_034306-0001,1,初回,2017-02-01 22:15:00.528000,113.50200,1.00
2017-02-01,2017-02-28,20260209_034306,20260209_034306-0001,2,段階1,2017-02-01 22:15:00.528000,113.56800,1.00
2017-02-01,2017-02-28,20260209_034306,20260209_034306-0001,3,段階2,2017-02-01 22:15:00.528000,113.60800,1.00
2017-02-01,2017-02-28,20260209_034306,20260209_034306-0001,4,段階3,2017-02-01 22:15:00.528000,113.65400,1.00
2017-02-01,2017-02-28,20260209_034306,20260209_034306-0001,5,段階4,2017-02-01 22:15:00.528000,113.70400,1.00
2017-02-01,2017-02-28,20260209_034306,20260209_034306-0002,1,初回,2017-02-03 22:30:03.516000,113.45000,1.00
2017-02-01,2017-02-28,20260209_034306,20260209_034306-0003,1,初回,2017-02-11 03:35:32.461000,112.89700,1.00
2017-03-01,2017-03-31,20260209_034402,20260209_034402-0001,1,初回,2017-03-02 00:00:01.202000,114.03200,1.00
2017-03-01,2017-03-31,20260209_034402,20260209_034402-0002,1,初回,2017-03-04 03:00:07.201000,114.72000,1.00
2017-03-01,2017-03-31,20260209_034402,20260209_034402-0003,1,初回,2017-03-04 03:00:05.001000,114.66200,1.00
2017-03-01,2017-03-31,20260209_034402,20260209_034402-0003,2,段階1,2017-03-04 03:00:05.001000,114.71300,1.00
2017-03-01,2017-03-31,20260209_034402,20260209_034402-0004,1,初回,2017-03-16 03:00:10.055000,114.37200,1.00
2017-03-01,2017-03-31,20260209_034402,20260209_034402-0004,2,段階1,2017-03-16 03:00:10.055000,114.31600,1.00
2017-03-01,2017-03-31,20260209_034402,20260209_034402-0004,3,段階2,2017-03-16 03:00:10.055000,114.26200,1.00
2017-03-01,2017-03-31,20260209_034402,20260209_034402-0004,4,段階3,2017-03-16 03:00:10.055000,114.20000,1.00
2017-03-01,2017-03-31,20260209_034402,20260209_034402-0004,5,段階4,2017-03-16 03:00:10.055000,114.16700,1.00
2017-03-01,2017-03-31,20260209_034402,20260209_034402-0004,6,段階5,2017-03-16 03:00:10.055000,114.12100,1.00
2017-03-01,2017-03-31,20260209_034402,20260209_034402-0005,1,初回,2017-03-24 02:12:31.487000,110.89100,1.00
2017-04-01,2017-04-30,20260209_034450,20260209_034450-0001,1,初回,2017-04-07 21:30:10.055000,110.16800,1.00
2017-04-01,2017-04-30,20260209_034450,20260209_034450-0002,1,初回,2017-04-07 21:30:05.377000,110.18100,1.00
2017-04-01,2017-04-30,20260209_034450,20260209_034450-0003,1,初回,2017-04-07 21:30:08.355000,110.17200,1.00
2017-05-01,2017-05-31,20260209_034538,20260209_034538-0001,1,初回,2017-05-05 21:30:02.414000,112.72600,1.00
2017-05-01,2017-05-31,20260209_034538,20260209_034538-0002,1,初回,2017-05-05 21:30:02.869000,112.70100,1.00
2017-06-01,2017-06-30,20260209_034624,20260209_034624-0001,1,初回,2017-06-01 21:15:09.875000,111.41900,1.00
2017-06-01,2017-06-30,20260209_034624,20260209_034624-0002,1,初回,2017-06-01 21:15:00.267000,111.29700,1.00
2017-06-01,2017-06-30,20260209_034624,20260209_034624-0002,2,段階1,2017-06-01 21:15:00.267000,111.35300,1.00
2017-06-01,2017-06-30,20260209_034624,20260209_034624-0002,3,段階2,2017-06-01 21:15:00.267000,111.40900,1.00
2017-06-01,2017-06-30,20260209_034624,20260209_034624-0002,4,段階3,2017-06-01 21:15:00.267000,111.44900,1.00
2017-06-01,2017-06-30,20260209_034624,20260209_034624-0003,1,初回,2017-06-02 21:30:01.763000,111.27300,1.00
2017-06-01,2017-06-30,20260209_034624,20260209_034624-0003,2,段階1,2017-06-02 21:30:01.763000,111.22000,1.00
2017-06-01,2017-06-30,20260209_034624,20260209_034624-0003,3,段階2,2017-06-02 21:30:01.763000,111.16000,1.00
2017-06-01,2017-06-30,20260209_034624,20260209_034624-0003,4,段階3,2017-06-02 21:30:01.763000,111.11500,1.00
2017-06-01,2017-06-30,20260209_034624,20260209_034624-0003,5,段階4,2017-06-02 21:30:01.763000,111.07000,1.00
2017-06-01,2017-06-30,20260209_034624,20260209_034624-0003,6,段階5,2017-06-02 21:30:01.763000,111.02300,1.00
2017-06-01,2017-06-30,20260209_034624,20260209_034624-0004,1,初回,2017-06-14 21:30:09.571000,109.93800,1.00
2017-06-01,2017-06-30,20260209_034624,20260209_034624-0004,2,段階1,2017-06-14 21:30:09.571000,109.87700,1.00
2017-06-01,2017-06-30,20260209_034624,20260209_034624-0004,3,段階2,2017-06-14 21:30:09.571000,109.83400,1.00
2017-06-01,2017-06-30,20260209_034624,20260209_034624-0004,4,段階3,2017-06-14 21:30:09.571000,109.78500,1.00
2017-06-01,2017-06-30,20260209_034624,20260209_034624-0004,5,段階4,2017-06-14 21:30:09.571000,109.73300,1.00
2017-06-01,2017-06-30,20260209_034624,20260209_034624-0004,6,段階5,2017-06-14 21:30:09.571000,109.68400,1.00
2017-06-01,2017-06-30,20260209_034624,20260209_034624-0005,1,初回,2017-06-15 03:00:04.737000,108.84900,1.00
2017-06-01,2017-06-30,20260209_034624,20260209_034624-0006,1,初回,2017-06-15 03:00:02.567000,108.94600,1.00
2017-06-01,2017-06-30,20260209_034624,20260209_034624-0006,2,段階1,2017-06-15 03:00:02.567000,108.89400,1.00
2017-06-01,2017-06-30,20260209_034624,20260209_034624-0006,3,段階2,2017-06-15 03:00:02.567000,108.84600,1.00
2017-06-01,2017-06-30,20260209_034624,20260209_034624-0007,1,初回,2017-06-27 03:26:44.408000,111.90200,1.00
2017-06-01,2017-06-30,20260209_034624,20260209_034624-0007,2,段階1,2017-06-27 03:26:44.408000,111.95300,1.00
2017-06-01,2017-06-30,20260209_034624,20260209_034624-0007,3,段階2,2017-06-27 03:26:44.408000,112.00800,1.00
2017-06-01,2017-06-30,20260209_034624,20260209_034624-0007,4,段階3,2017-06-27 03:26:44.408000,112.05200,1.00
2017-07-01,2017-07-31,20260209_034707,20260209_034707-0001,1,初回,2017-07-04 15:30:57.632000,112.77000,1.00
2017-07-01,2017-07-31,20260209_034707,20260209_034707-0002,1,初回,2017-07-07 21:30:05.990000,113.81400,1.00
2017-07-01,2017-07-31,20260209_034707,20260209_034707-0003,1,初回,2017-07-14 21:30:01.979000,112.84900,1.00
2017-07-01,2017-07-31,20260209_034707,20260209_034707-0003,2,段階1,2017-07-14 21:30:01.979000,112.76400,1.00
2017-07-01,2017-07-31,20260209_034707,20260209_034707-0003,3,段階2,2017-07-14 21:30:01.979000,112.73200,1.00
2017-07-01,2017-07-31,20260209_034707,20260209_034707-0003,4,段階3,2017-07-14 21:30:01.979000,112.69800,1.00
2017-07-01,2017-07-31,20260209_034707,20260209_034707-0003,5,段階4,2017-07-14 21:30:01.979000,112.64000,1.00
2017-07-01,2017-07-31,20260209_034707,20260209_034707-0003,6,段階5,2017-07-14 21:30:01.979000,112.59800,1.00
2017-07-01,2017-07-31,20260209_034707,20260209_034707-0004,1,初回,2017-07-27 03:00:12.393000,112.18800,1.00
2017-07-01,2017-07-31,20260209_034707,20260209_034707-0005,1,初回,2017-07-27 03:00:12.208000,112.17100,1.00
2017-07-01,2017-07-31,20260209_034707,20260209_034707-0006,1,初回,2017-07-27 03:00:10.103000,112.16800,1.00
2017-08-01,2017-08-31,20260209_034808,20260209_034808-0001,1,初回,2017-08-11 21:30:13.277000,108.76800,1.00
2017-08-01,2017-08-31,20260209_034808,20260209_034808-0002,1,初回,2017-08-11 21:30:01.486000,108.93700,1.00
2017-08-01,2017-08-31,20260209_034808,20260209_034808-0002,2,段階1,2017-08-11 21:30:01.486000,108.88600,1.00
2017-08-01,2017-08-31,20260209_034808,20260209_034808-0002,3,段階2,2017-08-11 21:30:01.486000,108.83300,1.00
2017-08-01,2017-08-31,20260209_034808,20260209_034808-0002,4,段階3,2017-08-11 21:30:01.486000,108.78200,1.00
2017-09-01,2017-09-30,20260209_034900,20260209_034900-0001,1,初回,2017-09-01 21:30:01.640000,109.82000,1.00
2017-09-01,2017-09-30,20260209_034900,20260209_034900-0001,2,段階1,2017-09-01 21:30:01.640000,109.76900,1.00
2017-09-01,2017-09-30,20260209_034900,20260209_034900-0001,3,段階2,2017-09-01 21:30:01.640000,109.70800,1.00
2017-09-01,2017-09-30,20260209_034900,20260209_034900-0001,4,段階3,2017-09-01 21:30:01.640000,109.65300,1.00
2017-09-01,2017-09-30,20260209_034900,20260209_034900-0001,5,段階4,2017-09-01 21:30:01.640000,109.61000,1.00
2017-09-01,2017-09-30,20260209_034900,20260209_034900-0002,1,初回,2017-09-01 23:00:06.418000,110.48800,1.00
2017-09-01,2017-09-30,20260209_034900,20260209_034900-0003,1,初回,2017-09-14 21:30:01.597000,110.72900,1.00
2017-09-01,2017-09-30,20260209_034900,20260209_034900-0003,2,段階1,2017-09-14 21:30:01.597000,110.78400,1.00
2017-09-01,2017-09-30,20260209_034900,20260209_034900-0003,3,段階2,2017-09-14 21:30:01.597000,110.83700,1.00
2017-09-01,2017-09-30,20260209_034900,20260209_034900-0003,4,段階3,2017-09-14 21:30:01.597000,110.88200,1.00
2017-09-01,2017-09-30,20260209_034900,20260209_034900-0003,5,段階4,2017-09-14 21:30:01.597000,110.92900,1.00
2017-09-01,2017-09-30,20260209_034900,20260209_034900-0003,6,段階5,2017-09-14 21:30:01.597000,110.97900,1.00
2017-09-01,2017-09-30,20260209_034900,20260209_034900-0004,1,初回,2017-09-19 23:20:07.939000,111.23500,1.00
2017-09-01,2017-09-30,20260209_034900,20260209_034900-0005,1,初回,2017-09-21 03:00:01.698000,111.51600,1.00
2017-09-01,2017-09-30,20260209_034900,20260209_034900-0005,2,段階1,2017-09-21 03:00:01.698000,111.56800,1.00
2017-09-01,2017-09-30,20260209_034900,20260209_034900-0006,1,初回,2017-09-21 03:00:11.968000,111.12200,1.00
2017-09-01,2017-09-30,20260209_034900,20260209_034900-0007,1,初回,2017-09-25 23:50:48.133000,111.98000,1.00
2017-09-01,2017-09-30,20260209_034900,20260209_034900-0008,1,初回,2017-09-29 21:30:06.024000,112.34800,1.00
2017-09-01,2017-09-30,20260209_034900,20260209_034900-0008,2,段階1,2017-09-29 21:30:06.024000,112.29700,1.00
2017-09-01,2017-09-30,20260209_034900,20260209_034900-0008,3,段階2,2017-09-29 21:30:06.024000,112.24700,1.00
2017-10-01,2017-10-31,20260209_034943,20260209_034943-0001,1,初回,2017-10-04 23:00:01.673000,112.87000,1.00
2017-10-01,2017-10-31,20260209_034943,20260209_034943-0002,1,初回,2017-10-04 23:00:01.335000,112.86100,1.00
2017-10-01,2017-10-31,20260209_034943,20260209_034943-0003,1,初回,2017-10-06 21:30:09.903000,113.18600,1.00
2017-10-01,2017-10-31,20260209_034943,20260209_034943-0004,1,初回,2017-10-06 21:30:07.472000,113.18300,1.00
2017-10-01,2017-10-31,20260209_034943,20260209_034943-0005,1,初回,2017-10-13 21:30:10.082000,111.89500,1.00
2017-10-01,2017-10-31,20260209_034943,20260209_034943-0005,2,段階1,2017-10-13 21:30:10.082000,111.84300,1.00
2017-10-01,2017-10-31,20260209_034943,20260209_034943-0005,3,段階2,2017-10-13 21:30:10.082000,111.79200,1.00
2017-10-01,2017-10-31,20260209_034943,20260209_034943-0005,4,段階3,2017-10-13 21:30:10.082000,111.74300,1.00
2017-11-01,2017-11-30,20260209_035034,20260209_035034-0001,1,初回,2017-11-03 21:30:02.577000,113.66400,1.00
2017-11-01,2017-11-30,20260209_035034,20260209_035034-0002,1,初回,2017-11-03 21:30:01.695000,113.73100,1.00
2017-11-01,2017-11-30,20260209_035034,20260209_035034-0002,2,段階1,2017-11-03 21:30:01.695000,113.66400,1.00
2017-12-01,2017-12-31,20260209_035123,20260209_035123-0001,1,初回,2017-12-02 01:25:10.570000,111.70600,1.00
2017-12-01,2017-12-31,20260209_035123,20260209_035123-0001,2,段階1,2017-12-02 01:25:10.570000,111.64900,1.00
2017-12-01,2017-12-31,20260209_035123,20260209_035123-0002,1,初回,2017-12-13 22:30:03.727000,113.16400,1.00
2017-12-01,2017-12-31,20260209_035123,20260209_035123-0002,2,段階1,2017-12-13 22:30:03.727000,113.10900,1.00
2017-12-01,2017-12-31,20260209_035123,20260209_035123-0002,3,段階2,2017-12-13 22:30:03.727000,113.06200,1.00
2017-12-01,2017-12-31,20260209_035123,20260209_035123-0002,4,段階3,2017-12-13 22:30:03.727000,113.01300,1.00
2017-12-01,2017-12-31,20260209_035123,20260209_035123-0002,5,段階4,2017-12-13 22:30:03.727000,112.96200,1.00
2017-12-01,2017-12-31,20260209_035123,20260209_035123-0003,1,初回,2017-12-13 22:30:04.800000,113.15600,1.00
2017-12-01,2017-12-31,20260209_035123,20260209_035123-0003,2,段階1,2017-12-13 22:30:04.800000,113.10400,1.00
2017-12-01,2017-12-31,20260209_035123,20260209_035123-0003,3,段階2,2017-12-13 22:30:04.800000,113.05100,1.00
2017-12-01,2017-12-31,20260209_035123,20260209_035123-0003,4,段階3,2017-12-13 22:30:04.800000,112.99900,1.00
2018-01-01,2018-01-31,20260209_035211,20260209_035211-0001,1,初回,2018-01-12 22:30:01.921000,111.42900,1.00
2018-01-01,2018-01-31,20260209_035211,20260209_035211-0001,2,段階1,2018-01-12 22:30:01.921000,111.48100,1.00
2018-02-01,2018-02-28,20260209_035309,20260209_035309-0001,1,初回,2018-02-09 22:45:49.024000,109.22400,1.00
2018-02-01,2018-02-28,20260209_035309,20260209_035309-0002,1,初回,2018-02-10 02:43:39.983000,108.17900,1.00
2018-02-01,2018-02-28,20260209_035309,20260209_035309-0003,1,初回,2018-02-14 22:30:02.242000,107.52400,1.00
2018-02-01,2018-02-28,20260209_035309,20260209_035309-0004,1,初回,2018-02-14 22:30:01.916000,107.49400,1.00
2018-02-01,2018-02-28,20260209_035309,20260209_035309-0004,2,段階1,2018-02-14 22:30:01.916000,107.54600,1.00
2018-03-01,2018-03-31,20260209_035409,20260209_035409-0001,1,初回,2018-03-21 20:43:28.874000,106.12300,1.00
2018-03-01,2018-03-31,20260209_035409,20260209_035409-0002,1,初回,2018-03-22 03:01:16.466000,106.39900,1.00
2018-03-01,2018-03-31,20260209_035409,20260209_035409-0002,2,段階1,2018-03-22 03:01:16.466000,106.45100,1.00
2018-03-01,2018-03-31,20260209_035409,20260209_035409-0002,3,段階2,2018-03-22 03:01:16.466000,106.50000,1.00
2018-05-01,2018-05-31,20260209_035541,20260209_035541-0001,1,初回,2018-05-10 21:30:07.091000,109.33600,1.00
2018-06-01,2018-06-30,20260209_035629,20260209_035629-0001,1,初回,2018-06-26 04:37:58.181000,110.02500,1.00
2018-06-01,2018-06-30,20260209_035629,20260209_035629-0002,1,初回,2018-06-26 04:37:56.078000,109.91900,1.00
2018-06-01,2018-06-30,20260209_035629,20260209_035629-0002,2,段階1,2018-06-26 04:37:56.078000,109.97800,1.00
2018-06-01,2018-06-30,20260209_035629,20260209_035629-0002,3,段階2,2018-06-26 04:37:56.078000,110.02500,1.00
2018-06-01,2018-06-30,20260209_035629,20260209_035629-0003,1,初回,2018-06-27 20:45:24.962000,110.32300,1.00
2018-06-01,2018-06-30,20260209_035629,20260209_035629-0004,1,初回,2018-06-27 20:45:12.839000,110.18900,1.00
2018-06-01,2018-06-30,20260209_035629,20260209_035629-0004,2,段階1,2018-06-27 20:45:12.839000,110.24900,1.00
2018-06-01,2018-06-30,20260209_035629,20260209_035629-0004,3,段階2,2018-06-27 20:45:12.839000,110.29100,1.00
2018-06-01,2018-06-30,20260209_035629,20260209_035629-0004,4,段階3,2018-06-27 20:45:12.839000,110.33900,1.00
2018-06-01,2018-06-30,20260209_035629,20260209_035629-0005,1,初回,2018-06-27 20:45:11.862000,110.18400,1.00
2018-06-01,2018-06-30,20260209_035629,20260209_035629-0005,2,段階1,2018-06-27 20:45:11.862000,110.24900,1.00
2018-06-01,2018-06-30,20260209_035629,20260209_035629-0005,3,段階2,2018-06-27 20:45:11.862000,110.29100,1.00
2018-06-01,2018-06-30,20260209_035629,20260209_035629-0005,4,段階3,2018-06-27 20:45:11.862000,110.33900,1.00
2018-06-01,2018-06-30,20260209_035629,20260209_035629-0006,1,初回,2018-06-27 20:45:11.651000,110.17800,1.00
2018-06-01,2018-06-30,20260209_035629,20260209_035629-0006,2,段階1,2018-06-27 20:45:11.651000,110.24900,1.00
2018-06-01,2018-06-30,20260209_035629,20260209_035629-0006,3,段階2,2018-06-27 20:45:11.651000,110.29100,1.00
2018-06-01,2018-06-30,20260209_035629,20260209_035629-0006,4,段階3,2018-06-27 20:45:11.651000,110.32900,1.00
2018-07-01,2018-07-31,20260209_035718,20260209_035718-0001,1,初回,2018-07-03 21:09:17.811000,110.59600,1.00
2018-07-01,2018-07-31,20260209_035718,20260209_035718-0002,1,初回,2018-07-03 21:09:17.758000,110.60900,1.00
2018-07-01,2018-07-31,20260209_035718,20260209_035718-0003,1,初回,2018-07-06 21:30:11.247000,110.47800,1.00
2018-07-01,2018-07-31,20260209_035718,20260209_035718-0004,1,初回,2018-07-20 02:02:27.568000,112.69100,1.00
2018-07-01,2018-07-31,20260209_035718,20260209_035718-0004,2,段階1,2018-07-20 02:02:27.568000,112.63700,1.00
2018-07-01,2018-07-31,20260209_035718,20260209_035718-0004,3,段階2,2018-07-20 02:02:27.568000,112.59000,1.00
2018-07-01,2018-07-31,20260209_035718,20260209_035718-0004,4,段階3,2018-07-20 02:02:27.568000,112.54000,1.00
2018-07-01,2018-07-31,20260209_035718,20260209_035718-0004,5,段階4,2018-07-20 02:02:27.568000,112.48700,1.00
2018-07-01,2018-07-31,20260209_035718,20260209_035718-0004,6,段階5,2018-07-20 02:02:27.568000,112.43700,1.00
2018-07-01,2018-07-31,20260209_035718,20260209_035718-0005,1,初回,2018-07-20 23:00:06.568000,111.60100,1.00
2018-07-01,2018-07-31,20260209_035718,20260209_035718-0006,1,初回,2018-07-25 23:42:40.580000,110.83600,1.00
2018-07-01,2018-07-31,20260209_035718,20260209_035718-0007,1,初回,2018-07-25 23:42:40.018000,110.88600,1.00
2018-07-01,2018-07-31,20260209_035718,20260209_035718-0007,2,段階1,2018-07-25 23:42:40.018000,110.83600,1.00
2018-07-01,2018-07-31,20260209_035718,20260209_035718-0008,1,初回,2018-07-31 13:03:07.237000,111.25000,1.00
2018-07-01,2018-07-31,20260209_035718,20260209_035718-0009,1,初回,2018-07-31 13:03:11.031000,111.20300,1.00
2018-07-01,2018-07-31,20260209_035718,20260209_035718-0010,1,初回,2018-07-31 13:03:26.987000,110.77100,1.00
2018-07-01,2018-07-31,20260209_035718,20260209_035718-0011,1,初回,2018-07-31 13:03:26.767000,110.81200,1.00
2018-07-01,2018-07-31,20260209_035718,20260209_035718-0011,2,段階1,2018-07-31 13:03:26.767000,110.76000,1.00
2018-07-01,2018-07-31,20260209_035718,20260209_035718-0012,1,初回,2018-07-31 13:03:25.822000,110.83100,1.00
2018-07-01,2018-07-31,20260209_035718,20260209_035718-0012,2,段階1,2018-07-31 13:03:25.822000,110.77100,1.00
2018-08-01,2018-08-31,20260209_035803,20260209_035803-0001,1,初回,2018-08-21 00:53:17.772000,110.30200,1.00
2018-09-01,2018-09-30,20260209_035835,20260209_035835-0001,1,初回,2018-09-15 01:00:44.207000,111.87700,1.00
2019-01-01,2019-01-31,20260209_040218,20260209_040218-0001,1,初回,2019-01-04 00:00:00.807000,107.53900,1.00
2019-01-01,2019-01-31,20260209_040218,20260209_040218-0001,2,段階1,2019-01-04 00:00:00.807000,107.48700,1.00
2019-01-01,2019-01-31,20260209_040218,20260209_040218-0001,3,段階2,2019-01-04 00:00:00.807000,107.43600,1.00
2019-01-01,2019-01-31,20260209_040218,20260209_040218-0001,4,段階3,2019-01-04 00:00:00.807000,107.37400,1.00
2019-01-01,2019-01-31,20260209_040218,20260209_040218-0001,5,段階4,2019-01-04 00:00:00.807000,107.33900,1.00
2019-01-01,2019-01-31,20260209_040218,20260209_040218-0001,6,段階5,2019-01-04 00:00:00.807000,107.28900,1.00
2019-01-01,2019-01-31,20260209_040218,20260209_040218-0002,1,初回,2019-01-04 00:00:02.003000,107.46400,1.00
2019-01-01,2019-01-31,20260209_040218,20260209_040218-0002,2,段階1,2019-01-04 00:00:02.003000,107.41300,1.00
2019-01-01,2019-01-31,20260209_040218,20260209_040218-0002,3,段階2,2019-01-04 00:00:02.003000,107.36300,1.00
2019-01-01,2019-01-31,20260209_040218,20260209_040218-0002,4,段階3,2019-01-04 00:00:02.003000,107.31100,1.00
2019-01-01,2019-01-31,20260209_040218,20260209_040218-0002,5,段階4,2019-01-04 00:00:02.003000,107.26200,1.00
2019-01-01,2019-01-31,20260209_040218,20260209_040218-0002,6,段階5,2019-01-04 00:00:02.003000,107.21400,1.00
2019-01-01,2019-01-31,20260209_040218,20260209_040218-0003,1,初回,2019-01-04 22:30:10.401000,108.42100,1.00
2019-02-01,2019-02-28,20260209_040259,20260209_040259-0001,1,初回,2019-02-01 22:30:02.621000,109.05800,1.00
2019-03-01,2019-03-31,20260209_040345,20260209_040345-0001,1,初回,2019-03-08 22:30:02.325000,110.96400,1.00
2019-03-01,2019-03-31,20260209_040345,20260209_040345-0001,2,段階1,2019-03-08 22:30:02.325000,110.90900,1.00
2019-03-01,2019-03-31,20260209_040345,20260209_040345-0001,3,段階2,2019-03-08 22:30:02.325000,110.86200,1.00
2019-03-01,2019-03-31,20260209_040345,20260209_040345-0001,4,段階3,2019-03-08 22:30:02.325000,110.78800,1.00
2019-03-01,2019-03-31,20260209_040345,20260209_040345-0002,1,初回,2019-03-21 03:00:01.232000,111.33700,1.00
2019-03-01,2019-03-31,20260209_040345,20260209_040345-0002,2,段階1,2019-03-21 03:00:01.232000,111.28400,1.00
2019-03-01,2019-03-31,20260209_040345,20260209_040345-0002,3,段階2,2019-03-21 03:00:01.232000,111.23200,1.00
2019-03-01,2019-03-31,20260209_040345,20260209_040345-0002,4,段階3,2019-03-21 03:00:01.232000,111.18400,1.00
2019-03-01,2019-03-31,20260209_040345,20260209_040345-0002,5,段階4,2019-03-21 03:00:01.232000,111.13600,1.00
2019-03-01,2019-03-31,20260209_040345,20260209_040345-0002,6,段階5,2019-03-21 03:00:01.232000,111.07600,1.00
2019-03-01,2019-03-31,20260209_040345,20260209_040345-0003,1,初回,2019-03-26 18:29:22.072000,110.39400,1.00
2019-03-01,2019-03-31,20260209_040345,20260209_040345-0003,2,段階1,2019-03-26 18:29:22.072000,110.44600,1.00
2019-03-01,2019-03-31,20260209_040345,20260209_040345-0003,3,段階2,2019-03-26 18:29:22.072000,110.49500,1.00
2019-03-01,2019-03-31,20260209_040345,20260209_040345-0003,4,段階3,2019-03-26 18:29:22.072000,110.54500,1.00
2019-03-01,2019-03-31,20260209_040345,20260209_040345-0003,5,段階4,2019-03-26 18:29:22.072000,110.59500,1.00
2019-03-01,2019-03-31,20260209_040345,20260209_040345-0003,6,段階5,2019-03-26 18:29:22.072000,110.64400,1.00
2019-04-01,2019-04-30,20260209_040424,20260209_040424-0001,1,初回,2019-04-26 21:30:05.247000,112.00200,1.00
2019-04-01,2019-04-30,20260209_040424,20260209_040424-0002,1,初回,2019-04-26 21:30:03.797000,111.99700,1.00
2019-05-01,2019-05-31,20260209_040519,20260209_040519-0001,1,初回,2019-05-01 23:00:02.145000,111.16300,1.00
2019-05-01,2019-05-31,20260209_040519,20260209_040519-0001,2,段階1,2019-05-01 23:00:02.145000,111.11300,1.00
2019-08-01,2019-08-31,20260209_040817,20260209_040817-0001,1,初回,2019-08-06 13:07:00.418000,107.06400,1.00
2019-08-01,2019-08-31,20260209_040817,20260209_040817-0002,1,初回,2019-08-15 15:39:05.325000,106.75100,1.00
2019-08-01,2019-08-31,20260209_040817,20260209_040817-0003,1,初回,2019-08-15 15:39:02.503000,106.64500,1.00
2019-08-01,2019-08-31,20260209_040817,20260209_040817-0003,2,段階1,2019-08-15 15:39:02.503000,106.70700,1.00
2019-08-01,2019-08-31,20260209_040817,20260209_040817-0003,3,段階2,2019-08-15 15:39:02.503000,106.75100,1.00
2019-08-01,2019-08-31,20260209_040817,20260209_040817-0004,1,初回,2019-08-15 20:29:52.773000,106.31200,1.00
2019-08-01,2019-08-31,20260209_040817,20260209_040817-0005,1,初回,2019-08-15 21:30:09.798000,106.32400,1.00
2019-08-01,2019-08-31,20260209_040817,20260209_040817-0006,1,初回,2019-08-26 11:49:55.531000,105.77500,1.00
2019-08-01,2019-08-31,20260209_040817,20260209_040817-0007,1,初回,2019-08-26 21:57:22.590000,106.38400,1.00
2019-09-01,2019-09-30,20260209_040910,20260209_040910-0001,1,初回,2019-09-06 21:30:04.546000,106.74200,1.00
2019-09-01,2019-09-30,20260209_040910,20260209_040910-0002,1,初回,2019-09-06 21:30:01.834000,106.82000,1.00
2019-09-01,2019-09-30,20260209_040910,20260209_040910-0002,2,段階1,2019-09-06 21:30:01.834000,106.75900,1.00
2019-09-01,2019-09-30,20260209_040910,20260209_040910-0002,3,段階2,2019-09-06 21:30:01.834000,106.72000,1.00
2019-09-01,2019-09-30,20260209_040910,20260209_040910-0003,1,初回,2019-09-19 03:00:01.183000,108.26500,1.00
2019-10-01,2019-10-31,20260209_041008,20260209_041008-0001,1,初回,2019-10-03 23:00:00.565000,106.91200,1.00
2019-10-01,2019-10-31,20260209_041008,20260209_041008-0001,2,段階1,2019-10-03 23:00:00.565000,106.85900,1.00
2019-10-01,2019-10-31,20260209_041008,20260209_041008-0001,3,段階2,2019-10-03 23:00:00.565000,106.80400,1.00
2019-10-01,2019-10-31,20260209_041008,20260209_041008-0001,4,段階3,2019-10-03 23:00:00.565000,106.75800,1.00
2019-10-01,2019-10-31,20260209_041008,20260209_041008-0001,5,段階4,2019-10-03 23:00:00.565000,106.71000,1.00
2019-10-01,2019-10-31,20260209_041008,20260209_041008-0001,6,段階5,2019-10-03 23:00:00.565000,106.65900,1.00
2019-10-01,2019-10-31,20260209_041008,20260209_041008-0002,1,初回,2019-10-04 21:30:01.537000,106.58700,1.00
2019-11-01,2019-11-30,20260209_041050,20260209_041050-0001,1,初回,2019-11-01 23:00:08.387000,107.95800,1.00
2020-03-01,2020-03-31,20260209_041554,20260209_041554-0001,1,初回,2020-03-07 00:27:43.550000,105.71600,1.00
2020-03-01,2020-03-31,20260209_041554,20260209_041554-0002,1,初回,2020-03-12 18:45:04.339000,103.91300,1.00
2020-03-01,2020-03-31,20260209_041554,20260209_041554-0002,2,段階1,2020-03-12 18:45:04.339000,103.96500,1.00
2020-03-01,2020-03-31,20260209_041554,20260209_041554-0003,1,初回,2020-03-12 23:05:18.546000,104.95300,1.00
2020-03-01,2020-03-31,20260209_041554,20260209_041554-0004,1,初回,2020-03-13 17:26:30.769000,106.22600,1.00
2020-06-01,2020-06-30,20260209_041836,20260209_041836-0001,1,初回,2020-06-08 23:37:03.955000,108.48600,1.00
2020-06-01,2020-06-30,20260209_041836,20260209_041836-0002,1,初回,2020-06-18 23:33:32.275000,106.74100,1.00
2020-08-01,2020-08-31,20260209_042005,20260209_042005-0001,1,初回,2020-08-28 14:07:36.379000,106.39400,1.00
2020-08-01,2020-08-31,20260209_042005,20260209_042005-0001,2,段階1,2020-08-28 14:07:36.379000,106.34000,1.00
2020-08-01,2020-08-31,20260209_042005,20260209_042005-0001,3,段階2,2020-08-28 14:07:36.379000,106.29200,1.00
2020-08-01,2020-08-31,20260209_042005,20260209_042005-0001,4,段階3,2020-08-28 14:07:36.379000,106.24400,1.00
2020-09-01,2020-09-30,20260209_042045,20260209_042045-0001,1,初回,2020-09-21 22:34:09.818000,104.88600,1.00
2020-09-01,2020-09-30,20260209_042045,20260209_042045-0002,1,初回,2020-09-21 22:34:09.201000,104.84100,1.00
2020-09-01,2020-09-30,20260209_042045,20260209_042045-0002,2,段階1,2020-09-21 22:34:09.201000,104.89100,1.00
2020-12-01,2020-12-31,20260209_042248,20260209_042248-0001,1,初回,2020-12-04 22:30:10.739000,103.86100,1.00
2021-03-01,2021-03-31,20260209_042436,20260209_042436-0001,1,初回,2021-03-05 20:33:10.089000,108.26100,1.00
2021-05-01,2021-05-31,20260209_042541,20260209_042541-0001,1,初回,2021-05-07 21:30:09.008000,108.97500,1.00
2021-05-01,2021-05-31,20260209_042541,20260209_042541-0001,2,段階1,2021-05-07 21:30:09.008000,108.91700,1.00
2021-05-01,2021-05-31,20260209_042541,20260209_042541-0001,3,段階2,2021-05-07 21:30:09.008000,108.87100,1.00
2021-05-01,2021-05-31,20260209_042541,20260209_042541-0001,4,段階3,2021-05-07 21:30:09.008000,108.82500,1.00
2021-05-01,2021-05-31,20260209_042541,20260209_042541-0001,5,段階4,2021-05-07 21:30:09.008000,108.77300,1.00
2021-05-01,2021-05-31,20260209_042541,20260209_042541-0001,6,段階5,2021-05-07 21:30:09.008000,108.71900,1.00
2021-05-01,2021-05-31,20260209_042541,20260209_042541-0002,1,初回,2021-05-07 21:30:11.428000,108.93400,1.00
2021-05-01,2021-05-31,20260209_042541,20260209_042541-0002,2,段階1,2021-05-07 21:30:11.428000,108.88200,1.00
2021-05-01,2021-05-31,20260209_042541,20260209_042541-0002,3,段階2,2021-05-07 21:30:11.428000,108.83400,1.00
2021-05-01,2021-05-31,20260209_042541,20260209_042541-0002,4,段階3,2021-05-07 21:30:11.428000,108.78300,1.00
2021-05-01,2021-05-31,20260209_042541,20260209_042541-0002,5,段階4,2021-05-07 21:30:11.428000,108.73400,1.00
2021-05-01,2021-05-31,20260209_042541,20260209_042541-0002,6,段階5,2021-05-07 21:30:11.428000,108.68400,1.00
2021-05-01,2021-05-31,20260209_042541,20260209_042541-0003,1,初回,2021-05-12 21:30:01.744000,108.95800,1.00
2021-05-01,2021-05-31,20260209_042541,20260209_042541-0003,2,段階1,2021-05-12 21:30:01.744000,109.01500,1.00
2021-05-01,2021-05-31,20260209_042541,20260209_042541-0003,3,段階2,2021-05-12 21:30:01.744000,109.06300,1.00
2021-05-01,2021-05-31,20260209_042541,20260209_042541-0003,4,段階3,2021-05-12 21:30:01.744000,109.11400,1.00
2021-05-01,2021-05-31,20260209_042541,20260209_042541-0003,5,段階4,2021-05-12 21:30:01.744000,109.16000,1.00
2021-05-01,2021-05-31,20260209_042541,20260209_042541-0003,6,段階5,2021-05-12 21:30:01.744000,109.20900,1.00
2021-05-01,2021-05-31,20260209_042541,20260209_042541-0004,1,初回,2021-05-12 21:30:01.946000,108.95900,1.00
2021-05-01,2021-05-31,20260209_042541,20260209_042541-0004,2,段階1,2021-05-12 21:30:01.946000,109.01500,1.00
2021-05-01,2021-05-31,20260209_042541,20260209_042541-0004,3,段階2,2021-05-12 21:30:01.946000,109.06300,1.00
2021-05-01,2021-05-31,20260209_042541,20260209_042541-0004,4,段階3,2021-05-12 21:30:01.946000,109.11400,1.00
2021-05-01,2021-05-31,20260209_042541,20260209_042541-0004,5,段階4,2021-05-12 21:30:01.946000,109.16000,1.00
2021-05-01,2021-05-31,20260209_042541,20260209_042541-0004,6,段階5,2021-05-12 21:30:01.946000,109.20900,1.00
2021-05-01,2021-05-31,20260209_042541,20260209_042541-0005,1,初回,2021-05-12 21:30:01.592000,108.94600,1.00
2021-05-01,2021-05-31,20260209_042541,20260209_042541-0005,2,段階1,2021-05-12 21:30:01.592000,108.99800,1.00
2021-05-01,2021-05-31,20260209_042541,20260209_042541-0005,3,段階2,2021-05-12 21:30:01.592000,109.04700,1.00
2021-05-01,2021-05-31,20260209_042541,20260209_042541-0005,4,段階3,2021-05-12 21:30:01.592000,109.09800,1.00
2021-05-01,2021-05-31,20260209_042541,20260209_042541-0005,5,段階4,2021-05-12 21:30:01.592000,109.15100,1.00
2021-05-01,2021-05-31,20260209_042541,20260209_042541-0005,6,段階5,2021-05-12 21:30:01.592000,109.19600,1.00
2021-07-01,2021-07-31,20260209_042648,20260209_042648-0001,1,初回,2021-07-13 21:30:02.023000,110.42000,1.00
2021-07-01,2021-07-31,20260209_042648,20260209_042648-0001,2,段階1,2021-07-13 21:30:02.023000,110.47200,1.00
2021-07-01,2021-07-31,20260209_042648,20260209_042648-0001,3,段階2,2021-07-13 21:30:02.023000,110.52600,1.00
2021-08-01,2021-08-31,20260209_042722,20260209_042722-0001,1,初回,2021-08-11 21:30:02.742000,110.43200,1.00
2021-09-01,2021-09-30,20260209_042755,20260209_042755-0001,1,初回,2021-09-03 21:30:07.489000,109.66200,1.00
2022-01-01,2022-01-31,20260209_043055,20260209_043055-0001,1,初回,2022-01-07 22:30:01.949000,115.72500,1.00
2022-03-01,2022-03-31,20260209_043243,20260209_043243-0001,1,初回,2022-03-28 17:51:01.503000,125.07000,1.00
2022-04-01,2022-04-30,20260209_043350,20260209_043350-0001,1,初回,2022-04-22 13:21:13.062000,128.07000,1.00
2022-04-01,2022-04-30,20260209_043350,20260209_043350-0002,1,初回,2022-04-25 20:23:26.439000,128.47800,1.00
2022-04-01,2022-04-30,20260209_043350,20260209_043350-0003,1,初回,2022-04-28 12:09:10.852000,128.86900,1.00
2022-04-01,2022-04-30,20260209_043350,20260209_043350-0003,2,段階1,2022-04-28 12:09:10.852000,128.92500,1.00
2022-04-01,2022-04-30,20260209_043350,20260209_043350-0004,1,初回,2022-04-28 12:09:13.921000,128.86400,1.00
2022-04-01,2022-04-30,20260209_043350,20260209_043350-0004,2,段階1,2022-04-28 12:09:13.921000,128.91700,1.00
2022-05-01,2022-05-31,20260209_043510,20260209_043510-0001,1,初回,2022-05-26 16:02:32.317000,126.69100,1.00
2022-05-01,2022-05-31,20260209_043510,20260209_043510-0001,2,段階1,2022-05-26 16:02:32.317000,126.64000,1.00
2022-06-01,2022-06-30,20260209_043641,20260209_043641-0001,1,初回,2022-06-13 13:09:46.341000,135.17100,1.00
2022-06-01,2022-06-30,20260209_043641,20260209_043641-0002,1,初回,2022-06-16 03:00:19.522000,134.30800,1.00
2022-06-01,2022-06-30,20260209_043641,20260209_043641-0002,2,段階1,2022-06-16 03:00:19.522000,134.25400,1.00
2022-06-01,2022-06-30,20260209_043641,20260209_043641-0002,3,段階2,2022-06-16 03:00:19.522000,134.16500,1.00
2022-06-01,2022-06-30,20260209_043641,20260209_043641-0002,4,段階3,2022-06-16 03:00:19.522000,134.14600,1.00
2022-06-01,2022-06-30,20260209_043641,20260209_043641-0003,1,初回,2022-06-16 03:00:19.471000,134.33700,1.00
2022-06-01,2022-06-30,20260209_043641,20260209_043641-0003,2,段階1,2022-06-16 03:00:19.471000,134.27600,1.00
2022-06-01,2022-06-30,20260209_043641,20260209_043641-0003,3,段階2,2022-06-16 03:00:19.471000,134.21900,1.00
2022-06-01,2022-06-30,20260209_043641,20260209_043641-0003,4,段階3,2022-06-16 03:00:19.471000,134.16500,1.00
2022-06-01,2022-06-30,20260209_043641,20260209_043641-0003,5,段階4,2022-06-16 03:00:19.471000,134.13500,1.00
2022-06-01,2022-06-30,20260209_043641,20260209_043641-0004,1,初回,2022-06-17 11:43:25.602000,134.30100,1.00
2022-06-01,2022-06-30,20260209_043641,20260209_043641-0004,2,段階1,2022-06-17 11:43:25.602000,134.35100,1.00
2022-06-01,2022-06-30,20260209_043641,20260209_043641-0004,3,段階2,2022-06-17 11:43:25.602000,134.43000,1.00
2022-06-01,2022-06-30,20260209_043641,20260209_043641-0005,1,初回,2022-06-17 11:58:19.465000,133.39000,1.00
2022-06-01,2022-06-30,20260209_043641,20260209_043641-0005,2,段階1,2022-06-17 11:58:19.465000,133.44200,1.00
2022-06-01,2022-06-30,20260209_043641,20260209_043641-0005,3,段階2,2022-06-17 11:58:19.465000,133.50600,1.00
2022-06-01,2022-06-30,20260209_043641,20260209_043641-0005,4,段階3,2022-06-17 11:58:19.465000,133.54500,1.00
2022-06-01,2022-06-30,20260209_043641,20260209_043641-0005,5,段階4,2022-06-17 11:58:19.465000,133.59300,1.00
2022-06-01,2022-06-30,20260209_043641,20260209_043641-0005,6,段階5,2022-06-17 11:58:19.465000,133.65500,1.00
2022-06-01,2022-06-30,20260209_043641,20260209_043641-0006,1,初回,2022-06-24 23:00:01.453000,134.92400,1.00
2022-06-01,2022-06-30,20260209_043641,20260209_043641-0006,2,段階1,2022-06-24 23:00:01.453000,134.87200,1.00
2022-06-01,2022-06-30,20260209_043641,20260209_043641-0006,3,段階2,2022-06-24 23:00:01.453000,134.82200,1.00
2022-06-01,2022-06-30,20260209_043641,20260209_043641-0006,4,段階3,2022-06-24 23:00:01.453000,134.77000,1.00
2022-06-01,2022-06-30,20260209_043641,20260209_043641-0007,1,初回,2022-06-29 16:45:19.022000,135.80900,1.00
2022-06-01,2022-06-30,20260209_043641,20260209_043641-0008,1,初回,2022-06-29 16:45:18.308000,135.81600,1.00
2022-07-01,2022-07-31,20260209_043823,20260209_043823-0001,1,初回,2022-07-06 23:00:06.741000,135.46900,1.00
2022-07-01,2022-07-31,20260209_043823,20260209_043823-0001,2,段階1,2022-07-06 23:00:06.741000,135.52200,1.00
2022-07-01,2022-07-31,20260209_043823,20260209_043823-0001,3,段階2,2022-07-06 23:00:06.741000,135.57100,1.00
2022-07-01,2022-07-31,20260209_043823,20260209_043823-0001,4,段階3,2022-07-06 23:00:06.741000,135.61900,1.00
2022-07-01,2022-07-31,20260209_043823,20260209_043823-0001,5,段階4,2022-07-06 23:00:06.741000,135.66900,1.00
2022-07-01,2022-07-31,20260209_043823,20260209_043823-0001,6,段階5,2022-07-06 23:00:06.741000,135.72200,1.00
2022-07-01,2022-07-31,20260209_043823,20260209_043823-0002,1,初回,2022-07-08 11:58:47.694000,135.44400,1.00
2022-07-01,2022-07-31,20260209_043823,20260209_043823-0003,1,初回,2022-07-08 21:30:55.422000,136.20000,1.00
2022-07-01,2022-07-31,20260209_043823,20260209_043823-0003,2,段階1,2022-07-08 21:30:55.422000,136.25200,1.00
2022-07-01,2022-07-31,20260209_043823,20260209_043823-0004,1,初回,2022-07-13 21:30:02.923000,137.51000,1.00
2022-07-01,2022-07-31,20260209_043823,20260209_043823-0004,2,段階1,2022-07-13 21:30:02.923000,137.56500,1.00
2022-07-01,2022-07-31,20260209_043823,20260209_043823-0005,1,初回,2022-07-13 21:30:03.334000,137.53100,1.00
2022-07-01,2022-07-31,20260209_043823,20260209_043823-0006,1,初回,2022-07-13 21:30:01.198000,137.24800,1.00
2022-07-01,2022-07-31,20260209_043823,20260209_043823-0006,2,段階1,2022-07-13 21:30:01.198000,137.35400,1.00
2022-07-01,2022-07-31,20260209_043823,20260209_043823-0006,3,段階2,2022-07-13 21:30:01.198000,137.35400,1.00
2022-07-01,2022-07-31,20260209_043823,20260209_043823-0006,4,段階3,2022-07-13 21:30:01.198000,137.48600,1.00
2022-07-01,2022-07-31,20260209_043823,20260209_043823-0006,5,段階4,2022-07-13 21:30:01.198000,137.48600,1.00
2022-07-01,2022-07-31,20260209_043823,20260209_043823-0006,6,段階5,2022-07-13 21:30:01.198000,137.51000,1.00
2022-07-01,2022-07-31,20260209_043823,20260209_043823-0007,1,初回,2022-07-13 23:09:47.262000,137.86700,1.00
2022-07-01,2022-07-31,20260209_043823,20260209_043823-0008,1,初回,2022-07-15 23:00:02.377000,138.54700,1.00
2022-07-01,2022-07-31,20260209_043823,20260209_043823-0009,1,初回,2022-07-21 12:05:23.721000,138.01800,1.00
2022-07-01,2022-07-31,20260209_043823,20260209_043823-0010,1,初回,2022-07-21 12:05:21.813000,138.05900,1.00
2022-07-01,2022-07-31,20260209_043823,20260209_043823-0011,1,初回,2022-07-28 03:35:23.662000,137.40600,1.00
2022-08-01,2022-08-31,20260209_044001,20260209_044001-0001,1,初回,2022-08-03 23:00:00.199000,133.77800,1.00
2022-08-01,2022-08-31,20260209_044001,20260209_044001-0001,2,段階1,2022-08-03 23:00:00.199000,133.85800,1.00
2022-08-01,2022-08-31,20260209_044001,20260209_044001-0001,3,段階2,2022-08-03 23:00:00.199000,133.88700,1.00
2022-08-01,2022-08-31,20260209_044001,20260209_044001-0001,4,段階3,2022-08-03 23:00:00.199000,133.94600,1.00
2022-08-01,2022-08-31,20260209_044001,20260209_044001-0001,5,段階4,2022-08-03 23:00:00.199000,133.98200,1.00
2022-08-01,2022-08-31,20260209_044001,20260209_044001-0001,6,段階5,2022-08-03 23:00:00.199000,134.03700,1.00
2022-08-01,2022-08-31,20260209_044001,20260209_044001-0002,1,初回,2022-08-03 23:00:01.010000,133.88700,1.00
2022-08-01,2022-08-31,20260209_044001,20260209_044001-0002,2,段階1,2022-08-03 23:00:01.010000,133.94600,1.00
2022-08-01,2022-08-31,20260209_044001,20260209_044001-0002,3,段階2,2022-08-03 23:00:01.010000,133.99100,1.00
2022-08-01,2022-08-31,20260209_044001,20260209_044001-0002,4,段階3,2022-08-03 23:00:01.010000,134.03700,1.00
2022-08-01,2022-08-31,20260209_044001,20260209_044001-0002,5,段階4,2022-08-03 23:00:01.010000,134.09200,1.00
2022-08-01,2022-08-31,20260209_044001,20260209_044001-0002,6,段階5,2022-08-03 23:00:01.010000,134.13900,1.00
2022-08-01,2022-08-31,20260209_044001,20260209_044001-0003,1,初回,2022-08-05 21:30:14.615000,133.83600,1.00
2022-08-01,2022-08-31,20260209_044001,20260209_044001-0003,2,段階1,2022-08-05 21:30:14.615000,133.89200,1.00
2022-08-01,2022-08-31,20260209_044001,20260209_044001-0003,3,段階2,2022-08-05 21:30:14.615000,133.93700,1.00
2022-08-01,2022-08-31,20260209_044001,20260209_044001-0003,4,段階3,2022-08-05 21:30:14.615000,133.98700,1.00
2022-08-01,2022-08-31,20260209_044001,20260209_044001-0003,5,段階4,2022-08-05 21:30:14.615000,134.03800,1.00
2022-08-01,2022-08-31,20260209_044001,20260209_044001-0003,6,段階5,2022-08-05 21:30:14.615000,134.08700,1.00
2022-08-01,2022-08-31,20260209_044001,20260209_044001-0004,1,初回,2022-08-10 21:30:01.142000,134.73300,1.00
2022-08-01,2022-08-31,20260209_044001,20260209_044001-0004,2,段階1,2022-08-10 21:30:01.142000,134.45100,1.00
2022-08-01,2022-08-31,20260209_044001,20260209_044001-0004,3,段階2,2022-08-10 21:30:01.142000,134.45100,1.00
2022-08-01,2022-08-31,20260209_044001,20260209_044001-0004,4,段階3,2022-08-10 21:30:01.142000,134.45100,1.00
2022-08-01,2022-08-31,20260209_044001,20260209_044001-0004,5,段階4,2022-08-10 21:30:01.142000,134.45100,1.00
2022-08-01,2022-08-31,20260209_044001,20260209_044001-0004,6,段階5,2022-08-10 21:30:01.142000,134.45100,1.00
2022-08-01,2022-08-31,20260209_044001,20260209_044001-0005,1,初回,2022-08-10 21:30:01.243000,134.45100,1.00
2022-08-01,2022-08-31,20260209_044001,20260209_044001-0005,2,段階1,2022-08-10 21:30:01.243000,134.22700,1.00
2022-08-01,2022-08-31,20260209_044001,20260209_044001-0005,3,段階2,2022-08-10 21:30:01.243000,134.22700,1.00
2022-08-01,2022-08-31,20260209_044001,20260209_044001-0005,4,段階3,2022-08-10 21:30:01.243000,134.22700,1.00
2022-08-01,2022-08-31,20260209_044001,20260209_044001-0005,5,段階4,2022-08-10 21:30:01.243000,134.22700,1.00
2022-08-01,2022-08-31,20260209_044001,20260209_044001-0005,6,段階5,2022-08-10 21:30:01.243000,134.05700,1.00
2022-08-01,2022-08-31,20260209_044001,20260209_044001-0006,1,初回,2022-08-10 21:30:01.546000,134.22700,1.00
2022-08-01,2022-08-31,20260209_044001,20260209_044001-0006,2,段階1,2022-08-10 21:30:01.546000,134.05700,1.00
2022-08-01,2022-08-31,20260209_044001,20260209_044001-0006,3,段階2,2022-08-10 21:30:01.546000,134.05700,1.00
2022-08-01,2022-08-31,20260209_044001,20260209_044001-0006,4,段階3,2022-08-10 21:30:01.546000,134.05700,1.00
2022-08-01,2022-08-31,20260209_044001,20260209_044001-0006,5,段階4,2022-08-10 21:30:01.546000,134.02200,1.00
2022-08-01,2022-08-31,20260209_044001,20260209_044001-0006,6,段階5,2022-08-10 21:30:01.546000,133.92500,1.00
2022-08-01,2022-08-31,20260209_044001,20260209_044001-0007,1,初回,2022-08-10 21:31:23.040000,132.71000,1.00
2022-08-01,2022-08-31,20260209_044001,20260209_044001-0008,1,初回,2022-08-19 01:59:41.923000,135.69100,1.00
2022-08-01,2022-08-31,20260209_044001,20260209_044001-0008,2,段階1,2022-08-19 01:59:41.923000,135.75200,1.00
2022-08-01,2022-08-31,20260209_044001,20260209_044001-0008,3,段階2,2022-08-19 01:59:41.923000,135.79300,1.00
2022-08-01,2022-08-31,20260209_044001,20260209_044001-0008,4,段階3,2022-08-19 01:59:41.923000,135.84600,1.00
2022-08-01,2022-08-31,20260209_044001,20260209_044001-0008,5,段階4,2022-08-19 01:59:41.923000,135.89200,1.00
2022-08-01,2022-08-31,20260209_044001,20260209_044001-0008,6,段階5,2022-08-19 01:59:41.923000,135.94700,1.00
2022-08-01,2022-08-31,20260209_044001,20260209_044001-0009,1,初回,2022-08-23 22:45:00.449000,137.06800,1.00
2022-08-01,2022-08-31,20260209_044001,20260209_044001-0009,2,段階1,2022-08-23 22:45:00.449000,136.98800,1.00
2022-08-01,2022-08-31,20260209_044001,20260209_044001-0009,3,段階2,2022-08-23 22:45:00.449000,136.96400,1.00
2022-08-01,2022-08-31,20260209_044001,20260209_044001-0009,4,段階3,2022-08-23 22:45:00.449000,136.90800,1.00
2022-08-01,2022-08-31,20260209_044001,20260209_044001-0010,1,初回,2022-08-23 23:13:13.562000,135.84400,1.00
2022-08-01,2022-08-31,20260209_044001,20260209_044001-0011,1,初回,2022-08-26 23:11:33.545000,136.20300,1.00
2022-08-01,2022-08-31,20260209_044001,20260209_044001-0012,1,初回,2022-08-26 23:11:33.494000,136.22200,1.00
2022-08-01,2022-08-31,20260209_044001,20260209_044001-0013,1,初回,2022-08-31 21:15:15.397000,138.48200,1.00
2022-09-01,2022-09-30,20260209_044207,20260209_044207-0001,1,初回,2022-09-01 23:00:06.925000,139.67000,1.00
2022-09-01,2022-09-30,20260209_044207,20260209_044207-0001,2,段階1,2022-09-01 23:00:06.925000,139.72000,1.00
2022-09-01,2022-09-30,20260209_044207,20260209_044207-0001,3,段階2,2022-09-01 23:00:06.925000,139.77600,1.00
2022-09-01,2022-09-30,20260209_044207,20260209_044207-0001,4,段階3,2022-09-01 23:00:06.925000,139.82000,1.00
2022-09-01,2022-09-30,20260209_044207,20260209_044207-0001,5,段階4,2022-09-01 23:00:06.925000,139.87000,1.00
2022-09-01,2022-09-30,20260209_044207,20260209_044207-0001,6,段階5,2022-09-01 23:00:06.925000,139.92600,1.00
2022-09-01,2022-09-30,20260209_044207,20260209_044207-0002,1,初回,2022-09-02 21:30:17.407000,140.45600,1.00
2022-09-01,2022-09-30,20260209_044207,20260209_044207-0003,1,初回,2022-09-02 21:30:58.892000,139.96500,1.00
2022-09-01,2022-09-30,20260209_044207,20260209_044207-0004,1,初回,2022-09-06 23:00:02.430000,142.88500,1.00
2022-09-01,2022-09-30,20260209_044207,20260209_044207-0005,1,初回,2022-09-07 11:13:42.391000,143.72200,1.00
2022-09-01,2022-09-30,20260209_044207,20260209_044207-0006,1,初回,2022-09-07 19:57:31.749000,144.72500,1.00
2022-09-01,2022-09-30,20260209_044207,20260209_044207-0006,2,段階1,2022-09-07 19:57:31.749000,144.77600,1.00
2022-09-01,2022-09-30,20260209_044207,20260209_044207-0006,3,段階2,2022-09-07 19:57:31.749000,144.82700,1.00
2022-09-01,2022-09-30,20260209_044207,20260209_044207-0006,4,段階3,2022-09-07 19:57:31.749000,144.87700,1.00
2022-09-01,2022-09-30,20260209_044207,20260209_044207-0006,5,段階4,2022-09-07 19:57:31.749000,144.92800,1.00
2022-09-01,2022-09-30,20260209_044207,20260209_044207-0006,6,段階5,2022-09-07 19:57:31.749000,144.98000,1.00
2022-09-01,2022-09-30,20260209_044207,20260209_044207-0007,1,初回,2022-09-13 21:29:35.907000,141.64500,1.00
2022-09-01,2022-09-30,20260209_044207,20260209_044207-0008,1,初回,2022-09-13 21:30:03.646000,143.28400,1.00
2022-09-01,2022-09-30,20260209_044207,20260209_044207-0008,2,段階1,2022-09-13 21:30:03.646000,143.52200,1.00
2022-09-01,2022-09-30,20260209_044207,20260209_044207-0008,3,段階2,2022-09-13 21:30:03.646000,143.52200,1.00
2022-09-01,2022-09-30,20260209_044207,20260209_044207-0008,4,段階3,2022-09-13 21:30:03.646000,143.52200,1.00
2022-09-01,2022-09-30,20260209_044207,20260209_044207-0008,5,段階4,2022-09-13 21:30:03.646000,143.52200,1.00
2022-09-01,2022-09-30,20260209_044207,20260209_044207-0008,6,段階5,2022-09-13 21:30:03.646000,143.58800,1.00
2022-09-01,2022-09-30,20260209_044207,20260209_044207-0009,1,初回,2022-09-13 21:30:07.406000,143.52200,1.00
2022-09-01,2022-09-30,20260209_044207,20260209_044207-0009,2,段階1,2022-09-13 21:30:07.406000,143.58800,1.00
2022-09-01,2022-09-30,20260209_044207,20260209_044207-0009,3,段階2,2022-09-13 21:30:07.406000,143.63000,1.00
2022-09-01,2022-09-30,20260209_044207,20260209_044207-0010,1,初回,2022-09-22 03:00:01.472000,144.43300,1.00
2022-09-01,2022-09-30,20260209_044207,20260209_044207-0010,2,段階1,2022-09-22 03:00:01.472000,144.48500,1.00
2022-09-01,2022-09-30,20260209_044207,20260209_044207-0010,3,段階2,2022-09-22 03:00:01.472000,144.53600,1.00
2022-09-01,2022-09-30,20260209_044207,20260209_044207-0010,4,段階3,2022-09-22 03:00:01.472000,144.59500,1.00
2022-09-01,2022-09-30,20260209_044207,20260209_044207-0010,5,段階4,2022-09-22 03:00:01.472000,144.66100,1.00
2022-09-01,2022-09-30,20260209_044207,20260209_044207-0010,6,段階5,2022-09-22 03:00:01.472000,144.68300,1.00
2022-09-01,2022-09-30,20260209_044207,20260209_044207-0011,1,初回,2022-09-22 03:00:01.212000,144.40700,1.00
2022-09-01,2022-09-30,20260209_044207,20260209_044207-0011,2,段階1,2022-09-22 03:00:01.212000,144.46400,1.00
2022-09-01,2022-09-30,20260209_044207,20260209_044207-0011,3,段階2,2022-09-22 03:00:01.212000,144.51000,1.00
2022-09-01,2022-09-30,20260209_044207,20260209_044207-0011,4,段階3,2022-09-22 03:00:01.212000,144.55900,1.00
2022-09-01,2022-09-30,20260209_044207,20260209_044207-0011,5,段階4,2022-09-22 03:00:01.212000,144.60900,1.00
2022-09-01,2022-09-30,20260209_044207,20260209_044207-0011,6,段階5,2022-09-22 03:00:01.212000,144.66100,1.00
2022-09-01,2022-09-30,20260209_044207,20260209_044207-0012,1,初回,2022-09-22 11:51:08.046000,144.68100,1.00
2022-09-01,2022-09-30,20260209_044207,20260209_044207-0012,2,段階1,2022-09-22 11:51:08.046000,144.73600,1.00
2022-09-01,2022-09-30,20260209_044207,20260209_044207-0013,1,初回,2022-09-22 11:51:53.160000,144.92700,1.00
2022-09-01,2022-09-30,20260209_044207,20260209_044207-0014,1,初回,2022-09-22 11:51:54.386000,144.93500,1.00
2022-09-01,2022-09-30,20260209_044207,20260209_044207-0015,1,初回,2022-09-22 17:19:23.214000,143.35600,1.00
2022-09-01,2022-09-30,20260209_044207,20260209_044207-0015,2,段階1,2022-09-22 17:19:23.214000,143.28800,1.00
2022-09-01,2022-09-30,20260209_044207,20260209_044207-0015,3,段階2,2022-09-22 17:19:23.214000,143.25300,1.00
2022-09-01,2022-09-30,20260209_044207,20260209_044207-0015,4,段階3,2022-09-22 17:19:23.214000,143.20600,1.00
2022-09-01,2022-09-30,20260209_044207,20260209_044207-0015,5,段階4,2022-09-22 17:19:23.214000,143.13800,1.00
2022-09-01,2022-09-30,20260209_044207,20260209_044207-0015,6,段階5,2022-09-22 17:19:23.214000,143.10300,1.00
2022-09-01,2022-09-30,20260209_044207,20260209_044207-0016,1,初回,2022-09-22 17:20:03.789000,142.94900,1.00
2022-09-01,2022-09-30,20260209_044207,20260209_044207-0016,2,段階1,2022-09-22 17:20:03.789000,142.89800,1.00
2022-09-01,2022-09-30,20260209_044207,20260209_044207-0016,3,段階2,2022-09-22 17:20:03.789000,142.84700,1.00
2022-09-01,2022-09-30,20260209_044207,20260209_044207-0016,4,段階3,2022-09-22 17:20:03.789000,142.77900,1.00
2022-09-01,2022-09-30,20260209_044207,20260209_044207-0016,5,段階4,2022-09-22 17:20:03.789000,142.74800,1.00
2022-09-01,2022-09-30,20260209_044207,20260209_044207-0016,6,段階5,2022-09-22 17:20:03.789000,142.69800,1.00
2022-09-01,2022-09-30,20260209_044207,20260209_044207-0017,1,初回,2022-09-22 17:26:54.154000,143.42600,1.00
2022-09-01,2022-09-30,20260209_044207,20260209_044207-0017,2,段階1,2022-09-22 17:26:54.154000,143.37100,1.00
2022-09-01,2022-09-30,20260209_044207,20260209_044207-0017,3,段階2,2022-09-22 17:26:54.154000,143.28900,1.00
2022-09-01,2022-09-30,20260209_044207,20260209_044207-0017,4,段階3,2022-09-22 17:26:54.154000,143.27600,1.00
2022-09-01,2022-09-30,20260209_044207,20260209_044207-0018,1,初回,2022-09-22 17:31:59.461000,142.64400,1.00
2022-09-01,2022-09-30,20260209_044207,20260209_044207-0018,2,段階1,2022-09-22 17:31:59.461000,142.59200,1.00
2022-09-01,2022-09-30,20260209_044207,20260209_044207-0019,1,初回,2022-09-22 17:44:30.682000,140.70900,1.00
2022-09-01,2022-09-30,20260209_044207,20260209_044207-0020,1,初回,2022-09-23 22:45:00.666000,143.24500,1.00
2022-09-01,2022-09-30,20260209_044207,20260209_044207-0021,1,初回,2022-09-23 22:45:00.613000,143.23600,1.00
2022-09-01,2022-09-30,20260209_044207,20260209_044207-0022,1,初回,2022-09-26 14:46:22.145000,143.52300,1.00
2022-09-01,2022-09-30,20260209_044207,20260209_044207-0023,1,初回,2022-09-27 23:00:02.453000,144.82100,1.00
2022-10-01,2022-10-31,20260209_044355,20260209_044355-0001,1,初回,2022-10-03 13:05:24.679000,145.29000,1.00
2022-10-01,2022-10-31,20260209_044355,20260209_044355-0002,1,初回,2022-10-03 23:00:00.307000,144.71700,1.00
2022-10-01,2022-10-31,20260209_044355,20260209_044355-0002,2,段階1,2022-10-03 23:00:00.307000,144.66200,1.00
2022-10-01,2022-10-31,20260209_044355,20260209_044355-0003,1,初回,2022-10-07 21:30:01.470000,145.12200,1.00
2022-10-01,2022-10-31,20260209_044355,20260209_044355-0004,1,初回,2022-10-07 21:30:05.489000,144.56000,1.00
2022-10-01,2022-10-31,20260209_044355,20260209_044355-0005,1,初回,2022-10-07 21:30:05.388000,144.73900,1.00
2022-10-01,2022-10-31,20260209_044355,20260209_044355-0005,2,段階1,2022-10-07 21:30:05.388000,144.56000,1.00
2022-10-01,2022-10-31,20260209_044355,20260209_044355-0005,3,段階2,2022-10-07 21:30:05.388000,144.56000,1.00
2022-10-01,2022-10-31,20260209_044355,20260209_044355-0005,4,段階3,2022-10-07 21:30:05.388000,144.56000,1.00
2022-10-01,2022-10-31,20260209_044355,20260209_044355-0006,1,初回,2022-10-13 21:30:01.264000,146.97500,1.00
2022-10-01,2022-10-31,20260209_044355,20260209_044355-0006,2,段階1,2022-10-13 21:30:01.264000,147.03700,1.00
2022-10-01,2022-10-31,20260209_044355,20260209_044355-0006,3,段階2,2022-10-13 21:30:01.264000,147.07800,1.00
2022-10-01,2022-10-31,20260209_044355,20260209_044355-0006,4,段階3,2022-10-13 21:30:01.264000,147.12500,1.00
2022-10-01,2022-10-31,20260209_044355,20260209_044355-0006,5,段階4,2022-10-13 21:30:01.264000,147.17500,1.00
2022-10-01,2022-10-31,20260209_044355,20260209_044355-0006,6,段階5,2022-10-13 21:30:01.264000,147.22600,1.00
2022-10-01,2022-10-31,20260209_044355,20260209_044355-0007,1,初回,2022-10-13 22:20:50.454000,146.47500,1.00
2022-10-01,2022-10-31,20260209_044355,20260209_044355-0008,1,初回,2022-10-13 22:20:43.123000,146.66900,1.00
2022-10-01,2022-10-31,20260209_044355,20260209_044355-0008,2,段階1,2022-10-13 22:20:43.123000,146.61800,1.00
2022-10-01,2022-10-31,20260209_044355,20260209_044355-0008,3,段階2,2022-10-13 22:20:43.123000,146.56100,1.00
2022-10-01,2022-10-31,20260209_044355,20260209_044355-0008,4,段階3,2022-10-13 22:20:43.123000,146.49100,1.00
2022-10-01,2022-10-31,20260209_044355,20260209_044355-0008,5,段階4,2022-10-13 22:20:43.123000,146.45300,1.00
2022-10-01,2022-10-31,20260209_044355,20260209_044355-0009,1,初回,2022-10-18 18:04:04.500000,148.71100,1.00
2022-10-01,2022-10-31,20260209_044355,20260209_044355-0009,2,段階1,2022-10-18 18:04:04.500000,148.60700,1.00
2022-10-01,2022-10-31,20260209_044355,20260209_044355-0009,3,段階2,2022-10-18 18:04:04.500000,148.60700,1.00
2022-10-01,2022-10-31,20260209_044355,20260209_044355-0009,4,段階3,2022-10-18 18:04:04.500000,148.56000,1.00
2022-10-01,2022-10-31,20260209_044355,20260209_044355-0009,5,段階4,2022-10-18 18:04:04.500000,148.49900,1.00
2022-10-01,2022-10-31,20260209_044355,20260209_044355-0009,6,段階5,2022-10-18 18:04:04.500000,148.40100,1.00
2022-10-01,2022-10-31,20260209_044355,20260209_044355-0010,1,初回,2022-10-18 18:04:07.461000,148.17100,1.00
2022-10-01,2022-10-31,20260209_044355,20260209_044355-0011,1,初回,2022-10-18 18:04:05.749000,148.40100,1.00
2022-10-01,2022-10-31,20260209_044355,20260209_044355-0011,2,段階1,2022-10-18 18:04:05.749000,148.32100,1.00
2022-10-01,2022-10-31,20260209_044355,20260209_044355-0011,3,段階2,2022-10-18 18:04:05.749000,148.28900,1.00
2022-10-01,2022-10-31,20260209_044355,20260209_044355-0011,4,段階3,2022-10-18 18:04:05.749000,148.25000,1.00
2022-10-01,2022-10-31,20260209_044355,20260209_044355-0011,5,段階4,2022-10-18 18:04:05.749000,148.17700,1.00
2022-10-01,2022-10-31,20260209_044355,20260209_044355-0011,6,段階5,2022-10-18 18:04:05.749000,148.15000,1.00
2022-10-01,2022-10-31,20260209_044355,20260209_044355-0012,1,初回,2022-10-21 23:50:32.870000,149.58000,1.00
2022-10-01,2022-10-31,20260209_044355,20260209_044355-0012,2,段階1,2022-10-21 23:50:32.870000,149.51800,1.00
2022-10-01,2022-10-31,20260209_044355,20260209_044355-0012,3,段階2,2022-10-21 23:50:32.870000,149.46800,1.00
2022-10-01,2022-10-31,20260209_044355,20260209_044355-0013,1,初回,2022-10-21 23:52:21.359000,149.44500,1.00
2022-10-01,2022-10-31,20260209_044355,20260209_044355-0014,1,初回,2022-10-21 23:53:13.235000,149.10700,1.00
2022-10-01,2022-10-31,20260209_044355,20260209_044355-0014,2,段階1,2022-10-21 23:53:13.235000,149.05600,1.00
2022-10-01,2022-10-31,20260209_044355,20260209_044355-0014,3,段階2,2022-10-21 23:53:13.235000,149.00300,1.00
2022-10-01,2022-10-31,20260209_044355,20260209_044355-0015,1,初回,2022-10-22 00:10:58.213000,148.89600,1.00
2022-10-01,2022-10-31,20260209_044355,20260209_044355-0016,1,初回,2022-10-22 00:10:59.908000,148.99300,1.00
2022-10-01,2022-10-31,20260209_044355,20260209_044355-0016,2,段階1,2022-10-22 00:10:59.908000,148.85000,1.00
2022-10-01,2022-10-31,20260209_044355,20260209_044355-0016,3,段階2,2022-10-22 00:10:59.908000,148.85000,1.00
2022-10-01,2022-10-31,20260209_044355,20260209_044355-0016,4,段階3,2022-10-22 00:10:59.908000,148.81700,1.00
2022-10-01,2022-10-31,20260209_044355,20260209_044355-0016,5,段階4,2022-10-22 00:10:59.908000,148.75100,1.00
2022-10-01,2022-10-31,20260209_044355,20260209_044355-0016,6,段階5,2022-10-22 00:10:59.908000,148.70700,1.00
2022-10-01,2022-10-31,20260209_044355,20260209_044355-0017,1,初回,2022-10-22 00:49:35.011000,147.12300,1.00
2022-10-01,2022-10-31,20260209_044355,20260209_044355-0017,2,段階1,2022-10-22 00:49:35.011000,147.07300,1.00
2022-10-01,2022-10-31,20260209_044355,20260209_044355-0017,3,段階2,2022-10-22 00:49:35.011000,146.99100,1.00
2022-10-01,2022-10-31,20260209_044355,20260209_044355-0017,4,段階3,2022-10-22 00:49:35.011000,146.96400,1.00
2022-10-01,2022-10-31,20260209_044355,20260209_044355-0017,5,段階4,2022-10-22 00:49:35.011000,146.91900,1.00
2022-10-01,2022-10-31,20260209_044355,20260209_044355-0017,6,段階5,2022-10-22 00:49:35.011000,146.87000,1.00
2022-10-01,2022-10-31,20260209_044355,20260209_044355-0018,1,初回,2022-10-22 00:53:32.029000,146.86300,1.00
2022-10-01,2022-10-31,20260209_044355,20260209_044355-0018,2,段階1,2022-10-22 00:53:32.029000,146.80700,1.00
2022-10-01,2022-10-31,20260209_044355,20260209_044355-0018,3,段階2,2022-10-22 00:53:32.029000,146.74200,1.00
2022-10-01,2022-10-31,20260209_044355,20260209_044355-0018,4,段階3,2022-10-22 00:53:32.029000,146.65300,1.00
2022-10-01,2022-10-31,20260209_044355,20260209_044355-0018,5,段階4,2022-10-22 00:53:32.029000,146.65300,1.00
2022-10-01,2022-10-31,20260209_044355,20260209_044355-0018,6,段階5,2022-10-22 00:53:32.029000,146.60000,1.00
2022-10-01,2022-10-31,20260209_044355,20260209_044355-0019,1,初回,2022-10-22 00:59:28.622000,146.28300,1.00
2022-10-01,2022-10-31,20260209_044355,20260209_044355-0020,1,初回,2022-10-22 01:01:31.033000,146.21800,1.00
2022-10-01,2022-10-31,20260209_044355,20260209_044355-0021,1,初回,2022-10-24 20:48:04.281000,148.80300,1.00
2022-10-01,2022-10-31,20260209_044355,20260209_044355-0021,2,段階1,2022-10-24 20:48:04.281000,148.75200,1.00
2022-10-01,2022-10-31,20260209_044355,20260209_044355-0021,3,段階2,2022-10-24 20:48:04.281000,148.69400,1.00
2022-10-01,2022-10-31,20260209_044355,20260209_044355-0021,4,段階3,2022-10-24 20:48:04.281000,148.64300,1.00
2022-10-01,2022-10-31,20260209_044355,20260209_044355-0021,5,段階4,2022-10-24 20:48:04.281000,148.58800,1.00
2022-10-01,2022-10-31,20260209_044355,20260209_044355-0021,6,段階5,2022-10-24 20:48:04.281000,148.53200,1.00
2022-10-01,2022-10-31,20260209_044355,20260209_044355-0022,1,初回,2022-10-24 20:48:05.147000,148.75200,1.00
2022-10-01,2022-10-31,20260209_044355,20260209_044355-0022,2,段階1,2022-10-24 20:48:05.147000,148.69400,1.00
2022-10-01,2022-10-31,20260209_044355,20260209_044355-0022,3,段階2,2022-10-24 20:48:05.147000,148.64300,1.00
2022-10-01,2022-10-31,20260209_044355,20260209_044355-0022,4,段階3,2022-10-24 20:48:05.147000,148.58800,1.00
2022-10-01,2022-10-31,20260209_044355,20260209_044355-0022,5,段階4,2022-10-24 20:48:05.147000,148.53200,1.00
2022-10-01,2022-10-31,20260209_044355,20260209_044355-0022,6,段階5,2022-10-24 20:48:05.147000,148.49800,1.00
2022-10-01,2022-10-31,20260209_044355,20260209_044355-0023,1,初回,2022-10-24 20:48:26.197000,148.31100,1.00
2022-10-01,2022-10-31,20260209_044355,20260209_044355-0024,1,初回,2022-10-25 21:18:05.406000,148.69300,1.00
2022-10-01,2022-10-31,20260209_044355,20260209_044355-0025,1,初回,2022-10-26 23:00:07.050000,146.73000,1.00
2022-10-01,2022-10-31,20260209_044355,20260209_044355-0025,2,段階1,2022-10-26 23:00:07.050000,146.67800,1.00
2022-10-01,2022-10-31,20260209_044355,20260209_044355-0025,3,段階2,2022-10-26 23:00:07.050000,146.62900,1.00
2022-10-01,2022-10-31,20260209_044355,20260209_044355-0025,4,段階3,2022-10-26 23:00:07.050000,146.57900,1.00
2022-10-01,2022-10-31,20260209_044355,20260209_044355-0025,5,段階4,2022-10-26 23:00:07.050000,146.52900,1.00
2022-10-01,2022-10-31,20260209_044355,20260209_044355-0025,6,段階5,2022-10-26 23:00:07.050000,146.47700,1.00
2022-10-01,2022-10-31,20260209_044355,20260209_044355-0026,1,初回,2022-10-26 23:00:01.298000,146.77400,1.00
2022-10-01,2022-10-31,20260209_044355,20260209_044355-0026,2,段階1,2022-10-26 23:00:01.298000,146.70400,1.00
2022-10-01,2022-10-31,20260209_044355,20260209_044355-0026,3,段階2,2022-10-26 23:00:01.298000,146.67400,1.00
2022-10-01,2022-10-31,20260209_044355,20260209_044355-0026,4,段階3,2022-10-26 23:00:01.298000,146.62100,1.00
2022-10-01,2022-10-31,20260209_044355,20260209_044355-0026,5,段階4,2022-10-26 23:00:01.298000,146.57400,1.00
2022-10-01,2022-10-31,20260209_044355,20260209_044355-0026,6,段階5,2022-10-26 23:00:01.298000,146.52200,1.00
2022-10-01,2022-10-31,20260209_044355,20260209_044355-0027,1,初回,2022-10-28 11:50:09.158000,146.82400,1.00
2022-10-01,2022-10-31,20260209_044355,20260209_044355-0028,1,初回,2022-10-28 11:50:07.167000,146.70600,1.00
2022-10-01,2022-10-31,20260209_044355,20260209_044355-0028,2,段階1,2022-10-28 11:50:07.167000,146.75900,1.00
2022-10-01,2022-10-31,20260209_044355,20260209_044355-0028,3,段階2,2022-10-28 11:50:07.167000,146.80800,1.00
2022-10-01,2022-10-31,20260209_044355,20260209_044355-0029,1,初回,2022-10-28 11:56:09.342000,146.00000,1.00
2022-11-01,2022-11-30,20260209_044600,20260209_044600-0001,1,初回,2022-11-02 19:56:55.286000,146.86300,1.00
2022-11-01,2022-11-30,20260209_044600,20260209_044600-0002,1,初回,2022-11-04 15:33:45.746000,147.73600,1.00
2022-11-01,2022-11-30,20260209_044600,20260209_044600-0002,2,段階1,2022-11-04 15:33:45.746000,147.68100,1.00
2022-11-01,2022-11-30,20260209_044600,20260209_044600-0003,1,初回,2022-11-04 15:33:46.153000,147.70800,1.00
2022-11-01,2022-11-30,20260209_044600,20260209_044600-0004,1,初回,2022-11-04 21:30:07.127000,148.18600,1.00
2022-11-01,2022-11-30,20260209_044600,20260209_044600-0005,1,初回,2022-11-10 22:30:01.572000,145.58400,1.00
2022-11-01,2022-11-30,20260209_044600,20260209_044600-0005,2,段階1,2022-11-10 22:30:01.572000,145.51000,1.00
2022-11-01,2022-11-30,20260209_044600,20260209_044600-0005,3,段階2,2022-11-10 22:30:01.572000,145.46400,1.00
2022-11-01,2022-11-30,20260209_044600,20260209_044600-0005,4,段階3,2022-11-10 22:30:01.572000,145.42500,1.00
2022-11-01,2022-11-30,20260209_044600,20260209_044600-0005,5,段階4,2022-11-10 22:30:01.572000,145.38300,1.00
2022-11-01,2022-11-30,20260209_044600,20260209_044600-0005,6,段階5,2022-11-10 22:30:01.572000,145.32300,1.00
2022-11-01,2022-11-30,20260209_044600,20260209_044600-0006,1,初回,2022-11-10 22:30:08.482000,145.18300,1.00
2022-11-01,2022-11-30,20260209_044600,20260209_044600-0006,2,段階1,2022-11-10 22:30:08.482000,145.12400,1.00
2022-11-01,2022-11-30,20260209_044600,20260209_044600-0006,3,段階2,2022-11-10 22:30:08.482000,145.06100,1.00
2022-11-01,2022-11-30,20260209_044600,20260209_044600-0006,4,段階3,2022-11-10 22:30:08.482000,145.02900,1.00
2022-11-01,2022-11-30,20260209_044600,20260209_044600-0007,1,初回,2022-11-10 22:30:08.380000,145.24900,1.00
2022-11-01,2022-11-30,20260209_044600,20260209_044600-0007,2,段階1,2022-11-10 22:30:08.380000,145.18300,1.00
2022-11-01,2022-11-30,20260209_044600,20260209_044600-0007,3,段階2,2022-11-10 22:30:08.380000,145.12400,1.00
2022-11-01,2022-11-30,20260209_044600,20260209_044600-0007,4,段階3,2022-11-10 22:30:08.380000,145.06100,1.00
2022-11-01,2022-11-30,20260209_044600,20260209_044600-0007,5,段階4,2022-11-10 22:30:08.380000,145.02900,1.00
2022-11-01,2022-11-30,20260209_044600,20260209_044600-0008,1,初回,2022-11-10 23:45:55.006000,141.81500,1.00
2022-11-01,2022-11-30,20260209_044600,20260209_044600-0009,1,初回,2022-11-11 00:08:46.441000,141.58500,1.00
2022-11-01,2022-11-30,20260209_044600,20260209_044600-0010,1,初回,2022-11-11 19:39:26.003000,138.77900,1.00
2022-11-01,2022-11-30,20260209_044600,20260209_044600-0011,1,初回,2022-11-15 22:30:08.997000,138.98900,1.00
2022-11-01,2022-11-30,20260209_044600,20260209_044600-0011,2,段階1,2022-11-15 22:30:08.997000,138.93900,1.00
2022-11-01,2022-11-30,20260209_044600,20260209_044600-0011,3,段階2,2022-11-15 22:30:08.997000,138.88500,1.00
2022-11-01,2022-11-30,20260209_044600,20260209_044600-0011,4,段階3,2022-11-15 22:30:08.997000,138.83900,1.00
2022-11-01,2022-11-30,20260209_044600,20260209_044600-0011,5,段階4,2022-11-15 22:30:08.997000,138.77200,1.00
2022-11-01,2022-11-30,20260209_044600,20260209_044600-0011,6,段階5,2022-11-15 22:30:08.997000,138.73100,1.00
2022-11-01,2022-11-30,20260209_044600,20260209_044600-0012,1,初回,2022-11-15 22:30:09.100000,138.93900,1.00
2022-11-01,2022-11-30,20260209_044600,20260209_044600-0012,2,段階1,2022-11-15 22:30:09.100000,138.88500,1.00
2022-11-01,2022-11-30,20260209_044600,20260209_044600-0012,3,段階2,2022-11-15 22:30:09.100000,138.83700,1.00
2022-11-01,2022-11-30,20260209_044600,20260209_044600-0012,4,段階3,2022-11-15 22:30:09.100000,138.77200,1.00
2022-11-01,2022-11-30,20260209_044600,20260209_044600-0012,5,段階4,2022-11-15 22:30:09.100000,138.73100,1.00
2022-11-01,2022-11-30,20260209_044600,20260209_044600-0012,6,段階5,2022-11-15 22:30:09.100000,138.68500,1.00
2022-11-01,2022-11-30,20260209_044600,20260209_044600-0013,1,初回,2022-11-15 22:32:40.884000,138.48900,1.00
2022-11-01,2022-11-30,20260209_044600,20260209_044600-0013,2,段階1,2022-11-15 22:32:40.884000,138.41700,1.00
2022-11-01,2022-11-30,20260209_044600,20260209_044600-0013,3,段階2,2022-11-15 22:32:40.884000,138.38700,1.00
2022-11-01,2022-11-30,20260209_044600,20260209_044600-0013,4,段階3,2022-11-15 22:32:40.884000,138.32200,1.00
2022-11-01,2022-11-30,20260209_044600,20260209_044600-0013,5,段階4,2022-11-15 22:32:40.884000,138.27500,1.00
2022-11-01,2022-11-30,20260209_044600,20260209_044600-0013,6,段階5,2022-11-15 22:32:40.884000,138.22700,1.00
2022-11-01,2022-11-30,20260209_044600,20260209_044600-0014,1,初回,2022-11-15 22:37:38.749000,137.70800,1.00
2022-11-01,2022-11-30,20260209_044600,20260209_044600-0015,1,初回,2022-11-16 22:30:22.209000,140.01500,1.00
2022-11-01,2022-11-30,20260209_044600,20260209_044600-0016,1,初回,2022-11-24 04:01:40.819000,139.59700,1.00
2022-11-01,2022-11-30,20260209_044600,20260209_044600-0016,2,段階1,2022-11-24 04:01:40.819000,139.54400,1.00
2022-11-01,2022-11-30,20260209_044600,20260209_044600-0016,3,段階2,2022-11-24 04:01:40.819000,139.49000,1.00
2022-12-01,2022-12-31,20260209_044759,20260209_044759-0001,1,初回,2022-12-01 03:30:21.534000,139.15800,1.00
2022-12-01,2022-12-31,20260209_044759,20260209_044759-0001,2,段階1,2022-12-01 03:30:21.534000,139.10700,1.00
2022-12-01,2022-12-31,20260209_044759,20260209_044759-0001,3,段階2,2022-12-01 03:30:21.534000,139.05000,1.00
2022-12-01,2022-12-31,20260209_044759,20260209_044759-0001,4,段階3,2022-12-01 03:30:21.534000,139.00700,1.00
2022-12-01,2022-12-31,20260209_044759,20260209_044759-0001,5,段階4,2022-12-01 03:30:21.534000,138.93500,1.00
2022-12-01,2022-12-31,20260209_044759,20260209_044759-0002,1,初回,2022-12-02 00:00:08.573000,135.56400,1.00
2022-12-01,2022-12-31,20260209_044759,20260209_044759-0003,1,初回,2022-12-02 22:31:29.484000,135.56800,1.00
2022-12-01,2022-12-31,20260209_044759,20260209_044759-0003,2,段階1,2022-12-02 22:31:29.484000,135.62700,1.00
2022-12-01,2022-12-31,20260209_044759,20260209_044759-0004,1,初回,2022-12-09 22:30:12.845000,136.44100,1.00
2022-12-01,2022-12-31,20260209_044759,20260209_044759-0004,2,段階1,2022-12-09 22:30:12.845000,136.51700,1.00
2022-12-01,2022-12-31,20260209_044759,20260209_044759-0004,3,段階2,2022-12-09 22:30:12.845000,136.54300,1.00
2022-12-01,2022-12-31,20260209_044759,20260209_044759-0004,4,段階3,2022-12-09 22:30:12.845000,136.59400,1.00
2022-12-01,2022-12-31,20260209_044759,20260209_044759-0005,1,初回,2022-12-13 22:30:01.225000,136.44700,1.00
2022-12-01,2022-12-31,20260209_044759,20260209_044759-0005,2,段階1,2022-12-13 22:30:01.225000,136.37100,1.00
2022-12-01,2022-12-31,20260209_044759,20260209_044759-0005,3,段階2,2022-12-13 22:30:01.225000,136.34400,1.00
2022-12-01,2022-12-31,20260209_044759,20260209_044759-0005,4,段階3,2022-12-13 22:30:01.225000,136.24500,1.00
2022-12-01,2022-12-31,20260209_044759,20260209_044759-0005,5,段階4,2022-12-13 22:30:01.225000,136.24500,1.00
2022-12-01,2022-12-31,20260209_044759,20260209_044759-0005,6,段階5,2022-12-13 22:30:01.225000,136.17800,1.00
2022-12-01,2022-12-31,20260209_044759,20260209_044759-0006,1,初回,2022-12-13 22:30:05.523000,136.10600,1.00
2022-12-01,2022-12-31,20260209_044759,20260209_044759-0006,2,段階1,2022-12-13 22:30:05.523000,136.03700,1.00
2022-12-01,2022-12-31,20260209_044759,20260209_044759-0006,3,段階2,2022-12-13 22:30:05.523000,136.00400,1.00
2022-12-01,2022-12-31,20260209_044759,20260209_044759-0006,4,段階3,2022-12-13 22:30:05.523000,135.95500,1.00
2022-12-01,2022-12-31,20260209_044759,20260209_044759-0006,5,段階4,2022-12-13 22:30:05.523000,135.86200,1.00
2022-12-01,2022-12-31,20260209_044759,20260209_044759-0006,6,段階5,2022-12-13 22:30:05.523000,135.82600,1.00
2022-12-01,2022-12-31,20260209_044759,20260209_044759-0007,1,初回,2022-12-13 22:30:15.459000,135.63100,1.00
2022-12-01,2022-12-31,20260209_044759,20260209_044759-0007,2,段階1,2022-12-13 22:30:15.459000,135.57100,1.00
2022-12-01,2022-12-31,20260209_044759,20260209_044759-0007,3,段階2,2022-12-13 22:30:15.459000,135.51600,1.00
2022-12-01,2022-12-31,20260209_044759,20260209_044759-0007,4,段階3,2022-12-13 22:30:15.459000,135.48000,1.00
2022-12-01,2022-12-31,20260209_044759,20260209_044759-0007,5,段階4,2022-12-13 22:30:15.459000,135.42100,1.00
2022-12-01,2022-12-31,20260209_044759,20260209_044759-0007,6,段階5,2022-12-13 22:30:15.459000,135.37800,1.00
2022-12-01,2022-12-31,20260209_044759,20260209_044759-0008,1,初回,2022-12-13 22:30:16.020000,135.63800,1.00
2022-12-01,2022-12-31,20260209_044759,20260209_044759-0008,2,段階1,2022-12-13 22:30:16.020000,135.58600,1.00
2022-12-01,2022-12-31,20260209_044759,20260209_044759-0008,3,段階2,2022-12-13 22:30:16.020000,135.51600,1.00
2022-12-01,2022-12-31,20260209_044759,20260209_044759-0008,4,段階3,2022-12-13 22:30:16.020000,135.48700,1.00
2022-12-01,2022-12-31,20260209_044759,20260209_044759-0008,5,段階4,2022-12-13 22:30:16.020000,135.42100,1.00
2022-12-01,2022-12-31,20260209_044759,20260209_044759-0008,6,段階5,2022-12-13 22:30:16.020000,135.37800,1.00
2022-12-01,2022-12-31,20260209_044759,20260209_044759-0009,1,初回,2022-12-14 19:00:08.981000,134.93700,1.00
2022-12-01,2022-12-31,20260209_044759,20260209_044759-0009,2,段階1,2022-12-14 19:00:08.981000,134.86600,1.00
2022-12-01,2022-12-31,20260209_044759,20260209_044759-0009,3,段階2,2022-12-14 19:00:08.981000,134.81400,1.00
2022-12-01,2022-12-31,20260209_044759,20260209_044759-0009,4,段階3,2022-12-14 19:00:08.981000,134.78700,1.00
2022-12-01,2022-12-31,20260209_044759,20260209_044759-0009,5,段階4,2022-12-14 19:00:08.981000,134.68700,1.00
2022-12-01,2022-12-31,20260209_044759,20260209_044759-0009,6,段階5,2022-12-14 19:00:08.981000,134.68700,1.00
2022-12-01,2022-12-31,20260209_044759,20260209_044759-0010,1,初回,2022-12-14 19:00:31.047000,134.54400,1.00
2022-12-01,2022-12-31,20260209_044759,20260209_044759-0011,1,初回,2022-12-14 19:00:29.922000,134.67200,1.00
2022-12-01,2022-12-31,20260209_044759,20260209_044759-0011,2,段階1,2022-12-14 19:00:29.922000,134.61900,1.00
2022-12-01,2022-12-31,20260209_044759,20260209_044759-0011,3,段階2,2022-12-14 19:00:29.922000,134.55700,1.00
2022-12-01,2022-12-31,20260209_044759,20260209_044759-0011,4,段階3,2022-12-14 19:00:29.922000,134.52100,1.00
2022-12-01,2022-12-31,20260209_044759,20260209_044759-0012,1,初回,2022-12-14 19:00:29.820000,134.67900,1.00
2022-12-01,2022-12-31,20260209_044759,20260209_044759-0012,2,段階1,2022-12-14 19:00:29.820000,134.62700,1.00
2022-12-01,2022-12-31,20260209_044759,20260209_044759-0012,3,段階2,2022-12-14 19:00:29.820000,134.57800,1.00
2022-12-01,2022-12-31,20260209_044759,20260209_044759-0012,4,段階3,2022-12-14 19:00:29.820000,134.52100,1.00
2022-12-01,2022-12-31,20260209_044759,20260209_044759-0013,1,初回,2022-12-15 04:00:26.857000,135.58000,1.00
2022-12-01,2022-12-31,20260209_044759,20260209_044759-0013,2,段階1,2022-12-15 04:00:26.857000,135.63300,1.00
2022-12-01,2022-12-31,20260209_044759,20260209_044759-0013,3,段階2,2022-12-15 04:00:26.857000,135.68200,1.00
2022-12-01,2022-12-31,20260209_044759,20260209_044759-0014,1,初回,2022-12-16 23:45:02.512000,136.70600,1.00
2022-12-01,2022-12-31,20260209_044759,20260209_044759-0015,1,初回,2022-12-16 23:45:00.844000,136.82400,1.00
2022-12-01,2022-12-31,20260209_044759,20260209_044759-0015,2,段階1,2022-12-16 23:45:00.844000,136.73800,1.00
2022-12-01,2022-12-31,20260209_044759,20260209_044759-0015,3,段階2,2022-12-16 23:45:00.844000,136.70600,1.00
2022-12-01,2022-12-31,20260209_044759,20260209_044759-0016,1,初回,2022-12-20 11:58:08.332000,137.04800,1.00
2022-12-01,2022-12-31,20260209_044759,20260209_044759-0017,1,初回,2022-12-20 12:02:03.133000,136.30900,1.00
2022-12-01,2022-12-31,20260209_044759,20260209_044759-0017,2,段階1,2022-12-20 12:02:03.133000,136.22300,1.00
2022-12-01,2022-12-31,20260209_044759,20260209_044759-0017,3,段階2,2022-12-20 12:02:03.133000,136.16900,1.00
2022-12-01,2022-12-31,20260209_044759,20260209_044759-0017,4,段階3,2022-12-20 12:02:03.133000,136.13600,1.00
2022-12-01,2022-12-31,20260209_044759,20260209_044759-0017,5,段階4,2022-12-20 12:02:03.133000,136.10500,1.00
2022-12-01,2022-12-31,20260209_044759,20260209_044759-0017,6,段階5,2022-12-20 12:02:03.133000,136.05500,1.00
2022-12-01,2022-12-31,20260209_044759,20260209_044759-0018,1,初回,2022-12-20 12:02:20.592000,135.78100,1.00
2022-12-01,2022-12-31,20260209_044759,20260209_044759-0018,2,段階1,2022-12-20 12:02:20.592000,135.68500,1.00
2022-12-01,2022-12-31,20260209_044759,20260209_044759-0018,3,段階2,2022-12-20 12:02:20.592000,135.68000,1.00
2022-12-01,2022-12-31,20260209_044759,20260209_044759-0018,4,段階3,2022-12-20 12:02:20.592000,135.62300,1.00
2022-12-01,2022-12-31,20260209_044759,20260209_044759-0018,5,段階4,2022-12-20 12:02:20.592000,135.57000,1.00
2022-12-01,2022-12-31,20260209_044759,20260209_044759-0018,6,段階5,2022-12-20 12:02:20.592000,135.53000,1.00
2022-12-01,2022-12-31,20260209_044759,20260209_044759-0019,1,初回,2022-12-20 12:02:24.060000,135.57000,1.00
2022-12-01,2022-12-31,20260209_044759,20260209_044759-0019,2,段階1,2022-12-20 12:02:24.060000,135.51900,1.00
2022-12-01,2022-12-31,20260209_044759,20260209_044759-0019,3,段階2,2022-12-20 12:02:24.060000,135.46300,1.00
2022-12-01,2022-12-31,20260209_044759,20260209_044759-0019,4,段階3,2022-12-20 12:02:24.060000,135.41500,1.00
2022-12-01,2022-12-31,20260209_044759,20260209_044759-0020,1,初回,2022-12-20 12:04:57.099000,134.79200,1.00
2022-12-01,2022-12-31,20260209_044759,20260209_044759-0020,2,段階1,2022-12-20 12:04:57.099000,134.71400,1.00
2022-12-01,2022-12-31,20260209_044759,20260209_044759-0020,3,段階2,2022-12-20 12:04:57.099000,134.67500,1.00
2022-12-01,2022-12-31,20260209_044759,20260209_044759-0020,4,段階3,2022-12-20 12:04:57.099000,134.63500,1.00
2022-12-01,2022-12-31,20260209_044759,20260209_044759-0020,5,段階4,2022-12-20 12:04:57.099000,134.59200,1.00
2022-12-01,2022-12-31,20260209_044759,20260209_044759-0020,6,段階5,2022-12-20 12:04:57.099000,134.54200,1.00
2022-12-01,2022-12-31,20260209_044759,20260209_044759-0021,1,初回,2022-12-20 12:05:39.108000,134.16500,1.00
2022-12-01,2022-12-31,20260209_044759,20260209_044759-0021,2,段階1,2022-12-20 12:05:39.108000,134.11200,1.00
2022-12-01,2022-12-31,20260209_044759,20260209_044759-0021,3,段階2,2022-12-20 12:05:39.108000,134.03400,1.00
2022-12-01,2022-12-31,20260209_044759,20260209_044759-0021,4,段階3,2022-12-20 12:05:39.108000,134.00000,1.00
2022-12-01,2022-12-31,20260209_044759,20260209_044759-0022,1,初回,2022-12-20 12:14:26.690000,133.72000,1.00
2022-12-01,2022-12-31,20260209_044759,20260209_044759-0022,2,段階1,2022-12-20 12:14:26.690000,133.66900,1.00
2022-12-01,2022-12-31,20260209_044759,20260209_044759-0022,3,段階2,2022-12-20 12:14:26.690000,133.61800,1.00
2022-12-01,2022-12-31,20260209_044759,20260209_044759-0022,4,段階3,2022-12-20 12:14:26.690000,133.56700,1.00
2022-12-01,2022-12-31,20260209_044759,20260209_044759-0022,5,段階4,2022-12-20 12:14:26.690000,133.50700,1.00
2022-12-01,2022-12-31,20260209_044759,20260209_044759-0022,6,段階5,2022-12-20 12:14:26.690000,133.43700,1.00
2022-12-01,2022-12-31,20260209_044759,20260209_044759-0023,1,初回,2022-12-20 14:59:48.693000,132.95200,1.00
2022-12-01,2022-12-31,20260209_044759,20260209_044759-0023,2,段階1,2022-12-20 14:59:48.693000,132.90200,1.00
2022-12-01,2022-12-31,20260209_044759,20260209_044759-0023,3,段階2,2022-12-20 14:59:48.693000,132.83700,1.00
2022-12-01,2022-12-31,20260209_044759,20260209_044759-0023,4,段階3,2022-12-20 14:59:48.693000,132.80000,1.00
2022-12-01,2022-12-31,20260209_044759,20260209_044759-0023,5,段階4,2022-12-20 14:59:48.693000,132.75000,1.00
2022-12-01,2022-12-31,20260209_044759,20260209_044759-0023,6,段階5,2022-12-20 14:59:48.693000,132.70000,1.00
2022-12-01,2022-12-31,20260209_044759,20260209_044759-0024,1,初回,2022-12-21 02:09:04.991000,130.60100,1.00
2022-12-01,2022-12-31,20260209_044759,20260209_044759-0025,1,初回,2022-12-26 19:11:36.092000,133.12500,1.00
2022-12-01,2022-12-31,20260209_044759,20260209_044759-0025,2,段階1,2022-12-26 19:11:36.092000,133.18000,1.00
2023-01-01,2023-01-31,20260209_044957,20260209_044957-0001,1,初回,2023-01-05 00:00:18.518000,131.27400,1.00
2023-01-01,2023-01-31,20260209_044957,20260209_044957-0001,2,段階1,2023-01-05 00:00:18.518000,131.33900,1.00
2023-01-01,2023-01-31,20260209_044957,20260209_044957-0002,1,初回,2023-01-06 03:20:41.482000,133.10700,1.00
2023-01-01,2023-01-31,20260209_044957,20260209_044957-0003,1,初回,2023-01-06 22:30:01.964000,134.66000,1.00
2023-01-01,2023-01-31,20260209_044957,20260209_044957-0004,1,初回,2023-01-12 03:14:50.408000,132.31000,1.00
2023-01-01,2023-01-31,20260209_044957,20260209_044957-0005,1,初回,2023-01-12 22:30:24.211000,130.54600,1.00
2023-01-01,2023-01-31,20260209_044957,20260209_044957-0006,1,初回,2023-01-12 22:30:21.478000,130.66100,1.00
2023-01-01,2023-01-31,20260209_044957,20260209_044957-0006,2,段階1,2023-01-12 22:30:21.478000,130.61100,1.00
2023-01-01,2023-01-31,20260209_044957,20260209_044957-0006,3,段階2,2023-01-12 22:30:21.478000,130.55800,1.00
2023-01-01,2023-01-31,20260209_044957,20260209_044957-0006,4,段階3,2023-01-12 22:30:21.478000,130.51000,1.00
2023-01-01,2023-01-31,20260209_044957,20260209_044957-0007,1,初回,2023-01-12 22:33:35.576000,130.31600,1.00
2023-01-01,2023-01-31,20260209_044957,20260209_044957-0007,2,段階1,2023-01-12 22:33:35.576000,130.25400,1.00
2023-01-01,2023-01-31,20260209_044957,20260209_044957-0007,3,段階2,2023-01-12 22:33:35.576000,130.21200,1.00
2023-01-01,2023-01-31,20260209_044957,20260209_044957-0007,4,段階3,2023-01-12 22:33:35.576000,130.15700,1.00
2023-01-01,2023-01-31,20260209_044957,20260209_044957-0007,5,段階4,2023-01-12 22:33:35.576000,130.11300,1.00
2023-01-01,2023-01-31,20260209_044957,20260209_044957-0007,6,段階5,2023-01-12 22:33:35.576000,130.05500,1.00
2023-01-01,2023-01-31,20260209_044957,20260209_044957-0008,1,初回,2023-01-12 22:45:11.973000,129.95800,1.00
2023-01-01,2023-01-31,20260209_044957,20260209_044957-0008,2,段階1,2023-01-12 22:45:11.973000,129.89300,1.00
2023-01-01,2023-01-31,20260209_044957,20260209_044957-0008,3,段階2,2023-01-12 22:45:11.973000,129.85600,1.00
2023-01-01,2023-01-31,20260209_044957,20260209_044957-0008,4,段階3,2023-01-12 22:45:11.973000,129.80700,1.00
2023-01-01,2023-01-31,20260209_044957,20260209_044957-0008,5,段階4,2023-01-12 22:45:11.973000,129.75600,1.00
2023-01-01,2023-01-31,20260209_044957,20260209_044957-0009,1,初回,2023-01-18 11:40:12.805000,129.14400,1.00
2023-01-01,2023-01-31,20260209_044957,20260209_044957-0009,2,段階1,2023-01-18 11:40:12.805000,129.20800,1.00
2023-01-01,2023-01-31,20260209_044957,20260209_044957-0009,3,段階2,2023-01-18 11:40:12.805000,129.30000,1.00
2023-01-01,2023-01-31,20260209_044957,20260209_044957-0009,4,段階3,2023-01-18 11:40:12.805000,129.30000,1.00
2023-01-01,2023-01-31,20260209_044957,20260209_044957-0009,5,段階4,2023-01-18 11:40:12.805000,129.35600,1.00
2023-01-01,2023-01-31,20260209_044957,20260209_044957-0010,1,初回,2023-01-18 11:40:13.060000,129.14600,1.00
2023-01-01,2023-01-31,20260209_044957,20260209_044957-0010,2,段階1,2023-01-18 11:40:13.060000,129.20800,1.00
2023-01-01,2023-01-31,20260209_044957,20260209_044957-0010,3,段階2,2023-01-18 11:40:13.060000,129.30000,1.00
2023-01-01,2023-01-31,20260209_044957,20260209_044957-0010,4,段階3,2023-01-18 11:40:13.060000,129.30000,1.00
2023-01-01,2023-01-31,20260209_044957,20260209_044957-0010,5,段階4,2023-01-18 11:40:13.060000,129.35600,1.00
2023-01-01,2023-01-31,20260209_044957,20260209_044957-0011,1,初回,2023-01-18 11:40:13.519000,129.31600,1.00
2023-01-01,2023-01-31,20260209_044957,20260209_044957-0012,1,初回,2023-01-18 11:40:11.377000,129.01000,1.00
2023-01-01,2023-01-31,20260209_044957,20260209_044957-0012,2,段階1,2023-01-18 11:40:11.377000,129.06800,1.00
2023-01-01,2023-01-31,20260209_044957,20260209_044957-0012,3,段階2,2023-01-18 11:40:11.377000,129.14400,1.00
2023-01-01,2023-01-31,20260209_044957,20260209_044957-0012,4,段階3,2023-01-18 11:40:11.377000,129.17800,1.00
2023-01-01,2023-01-31,20260209_044957,20260209_044957-0012,5,段階4,2023-01-18 11:40:11.377000,129.21100,1.00
2023-01-01,2023-01-31,20260209_044957,20260209_044957-0012,6,段階5,2023-01-18 11:40:11.377000,129.30000,1.00
2023-01-01,2023-01-31,20260209_044957,20260209_044957-0013,1,初回,2023-01-18 11:40:12.601000,129.09100,1.00
2023-01-01,2023-01-31,20260209_044957,20260209_044957-0013,2,段階1,2023-01-18 11:40:12.601000,129.14400,1.00
2023-01-01,2023-01-31,20260209_044957,20260209_044957-0013,3,段階2,2023-01-18 11:40:12.601000,129.20800,1.00
2023-01-01,2023-01-31,20260209_044957,20260209_044957-0013,4,段階3,2023-01-18 11:40:12.601000,129.30000,1.00
2023-01-01,2023-01-31,20260209_044957,20260209_044957-0013,5,段階4,2023-01-18 11:40:12.601000,129.30000,1.00
2023-01-01,2023-01-31,20260209_044957,20260209_044957-0013,6,段階5,2023-01-18 11:40:12.601000,129.35600,1.00
2023-01-01,2023-01-31,20260209_044957,20260209_044957-0014,1,初回,2023-01-18 11:40:17.332000,129.20800,1.00
2023-01-01,2023-01-31,20260209_044957,20260209_044957-0014,2,段階1,2023-01-18 11:40:17.332000,129.30800,1.00
2023-01-01,2023-01-31,20260209_044957,20260209_044957-0014,3,段階2,2023-01-18 11:40:17.332000,129.33700,1.00
2023-01-01,2023-01-31,20260209_044957,20260209_044957-0014,4,段階3,2023-01-18 11:40:17.332000,129.36900,1.00
2023-01-01,2023-01-31,20260209_044957,20260209_044957-0014,5,段階4,2023-01-18 11:40:17.332000,129.41100,1.00
2023-01-01,2023-01-31,20260209_044957,20260209_044957-0014,6,段階5,2023-01-18 11:40:17.332000,129.52000,1.00
2023-01-01,2023-01-31,20260209_044957,20260209_044957-0015,1,初回,2023-01-18 11:40:20.029000,129.39700,1.00
2023-01-01,2023-01-31,20260209_044957,20260209_044957-0015,2,段階1,2023-01-18 11:40:20.029000,129.52000,1.00
2023-01-01,2023-01-31,20260209_044957,20260209_044957-0015,3,段階2,2023-01-18 11:40:20.029000,129.52000,1.00
2023-01-01,2023-01-31,20260209_044957,20260209_044957-0015,4,段階3,2023-01-18 11:40:20.029000,129.55000,1.00
2023-01-01,2023-01-31,20260209_044957,20260209_044957-0015,5,段階4,2023-01-18 11:40:20.029000,129.59900,1.00
2023-01-01,2023-01-31,20260209_044957,20260209_044957-0015,6,段階5,2023-01-18 11:40:20.029000,129.66700,1.00
2023-01-01,2023-01-31,20260209_044957,20260209_044957-0016,1,初回,2023-01-18 12:01:48.063000,130.77900,1.00
2023-01-01,2023-01-31,20260209_044957,20260209_044957-0017,1,初回,2023-01-24 23:45:03.863000,130.72000,1.00
2023-01-01,2023-01-31,20260209_044957,20260209_044957-0018,1,初回,2023-01-26 22:30:07.243000,130.29700,1.00
2023-01-01,2023-01-31,20260209_044957,20260209_044957-0019,1,初回,2023-01-26 22:30:05.053000,129.98300,1.00
2023-01-01,2023-01-31,20260209_044957,20260209_044957-0019,2,段階1,2023-01-26 22:30:05.053000,130.05200,1.00
2023-01-01,2023-01-31,20260209_044957,20260209_044957-0019,3,段階2,2023-01-26 22:30:05.053000,130.09600,1.00
2023-01-01,2023-01-31,20260209_044957,20260209_044957-0019,4,段階3,2023-01-26 22:30:05.053000,130.16200,1.00
2023-01-01,2023-01-31,20260209_044957,20260209_044957-0019,5,段階4,2023-01-26 22:30:05.053000,130.20600,1.00
2023-01-01,2023-01-31,20260209_044957,20260209_044957-0019,6,段階5,2023-01-26 22:30:05.053000,130.29700,1.00
2023-01-01,2023-01-31,20260209_044957,20260209_044957-0020,1,初回,2023-01-30 13:00:53.274000,129.37100,1.00
2023-01-01,2023-01-31,20260209_044957,20260209_044957-0020,2,段階1,2023-01-30 13:00:53.274000,129.31200,1.00
2023-01-01,2023-01-31,20260209_044957,20260209_044957-0021,1,初回,2023-01-30 13:00:46.972000,129.58300,1.00
2023-01-01,2023-01-31,20260209_044957,20260209_044957-0021,2,段階1,2023-01-30 13:00:46.972000,129.52900,1.00
2023-01-01,2023-01-31,20260209_044957,20260209_044957-0021,3,段階2,2023-01-30 13:00:46.972000,129.47900,1.00
2023-01-01,2023-01-31,20260209_044957,20260209_044957-0021,4,段階3,2023-01-30 13:00:46.972000,129.42100,1.00
2023-01-01,2023-01-31,20260209_044957,20260209_044957-0021,5,段階4,2023-01-30 13:00:46.972000,129.38300,1.00
2023-01-01,2023-01-31,20260209_044957,20260209_044957-0021,6,段階5,2023-01-30 13:00:46.972000,129.32500,1.00
2023-01-01,2023-01-31,20260209_044957,20260209_044957-0022,1,初回,2023-01-31 22:30:04.665000,130.06900,1.00
2023-01-01,2023-01-31,20260209_044957,20260209_044957-0022,2,段階1,2023-01-31 22:30:04.665000,130.00000,1.00
2023-01-01,2023-01-31,20260209_044957,20260209_044957-0022,3,段階2,2023-01-31 22:30:04.665000,129.95600,1.00
2023-02-01,2023-02-28,20260209_045135,20260209_045135-0001,1,初回,2023-02-02 17:51:44.261000,129.13300,1.00
2023-02-01,2023-02-28,20260209_045135,20260209_045135-0002,1,初回,2023-02-03 22:30:01.207000,128.99900,1.00
2023-02-01,2023-02-28,20260209_045135,20260209_045135-0002,2,段階1,2023-02-03 22:30:01.207000,129.09500,1.00
2023-02-01,2023-02-28,20260209_045135,20260209_045135-0003,1,初回,2023-02-03 22:30:01.865000,129.09500,1.00
2023-02-01,2023-02-28,20260209_045135,20260209_045135-0004,1,初回,2023-02-03 22:30:02.523000,129.13500,1.00
2023-02-01,2023-02-28,20260209_045135,20260209_045135-0004,2,段階1,2023-02-03 22:30:02.523000,129.20100,1.00
2023-02-01,2023-02-28,20260209_045135,20260209_045135-0004,3,段階2,2023-02-03 22:30:02.523000,129.24200,1.00
2023-02-01,2023-02-28,20260209_045135,20260209_045135-0004,4,段階3,2023-02-03 22:30:02.523000,129.28800,1.00
2023-02-01,2023-02-28,20260209_045135,20260209_045135-0005,1,初回,2023-02-04 00:00:00.257000,130.51200,1.00
2023-02-01,2023-02-28,20260209_045135,20260209_045135-0005,2,段階1,2023-02-04 00:00:00.257000,130.59100,1.00
2023-02-01,2023-02-28,20260209_045135,20260209_045135-0005,3,段階2,2023-02-04 00:00:00.257000,130.62300,1.00
2023-02-01,2023-02-28,20260209_045135,20260209_045135-0005,4,段階3,2023-02-04 00:00:00.257000,130.66800,1.00
2023-02-01,2023-02-28,20260209_045135,20260209_045135-0005,5,段階4,2023-02-04 00:00:00.257000,130.71300,1.00
2023-02-01,2023-02-28,20260209_045135,20260209_045135-0005,6,段階5,2023-02-04 00:00:00.257000,130.77000,1.00
2023-02-01,2023-02-28,20260209_045135,20260209_045135-0006,1,初回,2023-02-08 02:41:56.748000,131.15200,1.00
2023-02-01,2023-02-28,20260209_045135,20260209_045135-0007,1,初回,2023-02-09 14:45:05.431000,130.77700,1.00
2023-02-01,2023-02-28,20260209_045135,20260209_045135-0008,1,初回,2023-02-10 16:19:57.666000,130.94100,1.00
2023-02-01,2023-02-28,20260209_045135,20260209_045135-0008,2,段階1,2023-02-10 16:19:57.666000,130.89100,1.00
2023-02-01,2023-02-28,20260209_045135,20260209_045135-0008,3,段階2,2023-02-10 16:19:57.666000,130.83900,1.00
2023-02-01,2023-02-28,20260209_045135,20260209_045135-0008,4,段階3,2023-02-10 16:19:57.666000,130.78700,1.00
2023-02-01,2023-02-28,20260209_045135,20260209_045135-0008,5,段階4,2023-02-10 16:19:57.666000,130.73900,1.00
2023-02-01,2023-02-28,20260209_045135,20260209_045135-0008,6,段階5,2023-02-10 16:19:57.666000,130.68800,1.00
2023-02-01,2023-02-28,20260209_045135,20260209_045135-0009,1,初回,2023-02-14 22:29:55.663000,131.88200,1.00
2023-02-01,2023-02-28,20260209_045135,20260209_045135-0010,1,初回,2023-02-14 22:30:02.366000,132.43000,1.00
2023-02-01,2023-02-28,20260209_045135,20260209_045135-0010,2,段階1,2023-02-14 22:30:02.366000,132.52100,1.00
2023-02-01,2023-02-28,20260209_045135,20260209_045135-0010,3,段階2,2023-02-14 22:30:02.366000,132.53500,1.00
2023-02-01,2023-02-28,20260209_045135,20260209_045135-0010,4,段階3,2023-02-14 22:30:02.366000,132.58200,1.00
2023-02-01,2023-02-28,20260209_045135,20260209_045135-0010,5,段階4,2023-02-14 22:30:02.366000,132.64000,1.00
2023-02-01,2023-02-28,20260209_045135,20260209_045135-0010,6,段階5,2023-02-14 22:30:02.366000,132.68400,1.00
2023-02-01,2023-02-28,20260209_045135,20260209_045135-0011,1,初回,2023-02-14 22:30:09.690000,132.87700,1.00
2023-02-01,2023-02-28,20260209_045135,20260209_045135-0012,1,初回,2023-02-14 22:30:10.253000,132.88700,1.00
2023-02-01,2023-02-28,20260209_045135,20260209_045135-0013,1,初回,2023-02-16 22:30:03.114000,134.16000,1.00
2023-02-01,2023-02-28,20260209_045135,20260209_045135-0013,2,段階1,2023-02-16 22:30:03.114000,134.23700,1.00
2023-02-01,2023-02-28,20260209_045135,20260209_045135-0013,3,段階2,2023-02-16 22:30:03.114000,134.28200,1.00
2023-02-01,2023-02-28,20260209_045135,20260209_045135-0014,1,初回,2023-02-21 23:45:00.984000,135.03200,1.00
2023-02-01,2023-02-28,20260209_045135,20260209_045135-0015,1,初回,2023-02-23 22:30:31.033000,135.20300,1.00
2023-02-01,2023-02-28,20260209_045135,20260209_045135-0015,2,段階1,2023-02-23 22:30:31.033000,135.25500,1.00
2023-02-01,2023-02-28,20260209_045135,20260209_045135-0015,3,段階2,2023-02-23 22:30:31.033000,135.31600,1.00
2023-02-01,2023-02-28,20260209_045135,20260209_045135-0015,4,段階3,2023-02-23 22:30:31.033000,135.35300,1.00
2023-02-01,2023-02-28,20260209_045135,20260209_045135-0016,1,初回,2023-02-23 22:30:32.315000,135.19800,1.00
2023-02-01,2023-02-28,20260209_045135,20260209_045135-0016,2,段階1,2023-02-23 22:30:32.315000,135.25500,1.00
2023-02-01,2023-02-28,20260209_045135,20260209_045135-0016,3,段階2,2023-02-23 22:30:32.315000,135.31600,1.00
2023-02-01,2023-02-28,20260209_045135,20260209_045135-0016,4,段階3,2023-02-23 22:30:32.315000,135.34900,1.00
2023-02-01,2023-02-28,20260209_045135,20260209_045135-0017,1,初回,2023-02-24 22:30:27.741000,135.95600,1.00
2023-02-01,2023-02-28,20260209_045135,20260209_045135-0018,1,初回,2023-02-24 22:30:22.107000,135.66900,1.00
2023-02-01,2023-02-28,20260209_045135,20260209_045135-0018,2,段階1,2023-02-24 22:30:22.107000,135.72400,1.00
2023-02-01,2023-02-28,20260209_045135,20260209_045135-0018,3,段階2,2023-02-24 22:30:22.107000,135.77000,1.00
2023-02-01,2023-02-28,20260209_045135,20260209_045135-0018,4,段階3,2023-02-24 22:30:22.107000,135.83600,1.00
2023-02-01,2023-02-28,20260209_045135,20260209_045135-0018,5,段階4,2023-02-24 22:30:22.107000,135.90100,1.00
2023-02-01,2023-02-28,20260209_045135,20260209_045135-0018,6,段階5,2023-02-24 22:30:22.107000,135.95100,1.00
2023-03-01,2023-03-31,20260209_045400,20260209_045400-0001,1,初回,2023-03-08 00:00:09.835000,136.39600,1.00
2023-03-01,2023-03-31,20260209_045400,20260209_045400-0001,2,段階1,2023-03-08 00:00:09.835000,136.44800,1.00
2023-03-01,2023-03-31,20260209_045400,20260209_045400-0001,3,段階2,2023-03-08 00:00:09.835000,136.49600,1.00
2023-03-01,2023-03-31,20260209_045400,20260209_045400-0001,4,段階3,2023-03-08 00:00:09.835000,136.54600,1.00
2023-03-01,2023-03-31,20260209_045400,20260209_045400-0001,5,段階4,2023-03-08 00:00:09.835000,136.59600,1.00
2023-03-01,2023-03-31,20260209_045400,20260209_045400-0001,6,段階5,2023-03-08 00:00:09.835000,136.65700,1.00
2023-03-01,2023-03-31,20260209_045400,20260209_045400-0002,1,初回,2023-03-09 22:30:04.380000,136.04600,1.00
2023-03-01,2023-03-31,20260209_045400,20260209_045400-0003,1,初回,2023-03-10 11:30:07.423000,136.45500,1.00
2023-03-01,2023-03-31,20260209_045400,20260209_045400-0003,2,段階1,2023-03-10 11:30:07.423000,136.55200,1.00
2023-03-01,2023-03-31,20260209_045400,20260209_045400-0003,3,段階2,2023-03-10 11:30:07.423000,136.56000,1.00
2023-03-01,2023-03-31,20260209_045400,20260209_045400-0003,4,段階3,2023-03-10 11:30:07.423000,136.62900,1.00
2023-03-01,2023-03-31,20260209_045400,20260209_045400-0003,5,段階4,2023-03-10 11:30:07.423000,136.71900,1.00
2023-03-01,2023-03-31,20260209_045400,20260209_045400-0003,6,段階5,2023-03-10 11:30:07.423000,136.71900,1.00
2023-03-01,2023-03-31,20260209_045400,20260209_045400-0004,1,初回,2023-03-10 22:31:35.160000,135.88700,1.00
2023-03-01,2023-03-31,20260209_045400,20260209_045400-0005,1,初回,2023-03-14 21:30:00.833000,134.31900,1.00
2023-03-01,2023-03-31,20260209_045400,20260209_045400-0005,2,段階1,2023-03-14 21:30:00.833000,134.38500,1.00
2023-03-01,2023-03-31,20260209_045400,20260209_045400-0005,3,段階2,2023-03-14 21:30:00.833000,134.53500,1.00
2023-03-01,2023-03-31,20260209_045400,20260209_045400-0005,4,段階3,2023-03-14 21:30:00.833000,134.53500,1.00
2023-03-01,2023-03-31,20260209_045400,20260209_045400-0005,5,段階4,2023-03-14 21:30:00.833000,134.53500,1.00
2023-03-01,2023-03-31,20260209_045400,20260209_045400-0005,6,段階5,2023-03-14 21:30:00.833000,134.57300,1.00
2023-03-01,2023-03-31,20260209_045400,20260209_045400-0006,1,初回,2023-03-15 21:30:04.046000,132.88200,1.00
2023-03-01,2023-03-31,20260209_045400,20260209_045400-0006,2,段階1,2023-03-15 21:30:04.046000,132.81300,1.00
2023-03-01,2023-03-31,20260209_045400,20260209_045400-0006,3,段階2,2023-03-15 21:30:04.046000,132.75700,1.00
2023-03-01,2023-03-31,20260209_045400,20260209_045400-0006,4,段階3,2023-03-15 21:30:04.046000,132.70700,1.00
2023-03-01,2023-03-31,20260209_045400,20260209_045400-0006,5,段階4,2023-03-15 21:30:04.046000,132.68200,1.00
2023-03-01,2023-03-31,20260209_045400,20260209_045400-0006,6,段階5,2023-03-15 21:30:04.046000,132.63200,1.00
2023-03-01,2023-03-31,20260209_045400,20260209_045400-0007,1,初回,2023-03-16 21:43:13.510000,132.24400,1.00
2023-03-01,2023-03-31,20260209_045400,20260209_045400-0007,2,段階1,2023-03-16 21:43:13.510000,132.18400,1.00
2023-03-01,2023-03-31,20260209_045400,20260209_045400-0008,1,初回,2023-03-16 21:43:18.985000,132.21300,1.00
2023-03-01,2023-03-31,20260209_045400,20260209_045400-0009,1,初回,2023-03-23 03:00:01.170000,132.28800,1.00
2023-03-01,2023-03-31,20260209_045400,20260209_045400-0009,2,段階1,2023-03-23 03:00:01.170000,132.23100,1.00
2023-03-01,2023-03-31,20260209_045400,20260209_045400-0009,3,段階2,2023-03-23 03:00:01.170000,132.17700,1.00
2023-03-01,2023-03-31,20260209_045400,20260209_045400-0009,4,段階3,2023-03-23 03:00:01.170000,132.13500,1.00
2023-03-01,2023-03-31,20260209_045400,20260209_045400-0009,5,段階4,2023-03-23 03:00:01.170000,132.08500,1.00
2023-03-01,2023-03-31,20260209_045400,20260209_045400-0009,6,段階5,2023-03-23 03:00:01.170000,132.02900,1.00
2023-04-01,2023-04-30,20260209_045530,20260209_045530-0001,1,初回,2023-04-03 23:00:00.349000,132.57900,1.00
2023-04-01,2023-04-30,20260209_045530,20260209_045530-0002,1,初回,2023-04-04 23:00:01.325000,132.51400,1.00
2023-04-01,2023-04-30,20260209_045530,20260209_045530-0002,2,段階1,2023-04-04 23:00:01.325000,132.46000,1.00
2023-04-01,2023-04-30,20260209_045530,20260209_045530-0002,3,段階2,2023-04-04 23:00:01.325000,132.39100,1.00
2023-04-01,2023-04-30,20260209_045530,20260209_045530-0002,4,段階3,2023-04-04 23:00:01.325000,132.35900,1.00
2023-04-01,2023-04-30,20260209_045530,20260209_045530-0002,5,段階4,2023-04-04 23:00:01.325000,132.31200,1.00
2023-04-01,2023-04-30,20260209_045530,20260209_045530-0002,6,段階5,2023-04-04 23:00:01.325000,132.26200,1.00
2023-04-01,2023-04-30,20260209_045530,20260209_045530-0003,1,初回,2023-04-05 21:15:02.298000,131.26600,1.00
2023-04-01,2023-04-30,20260209_045530,20260209_045530-0003,2,段階1,2023-04-05 21:15:02.298000,131.21400,1.00
2023-04-01,2023-04-30,20260209_045530,20260209_045530-0003,3,段階2,2023-04-05 21:15:02.298000,131.16500,1.00
2023-04-01,2023-04-30,20260209_045530,20260209_045530-0003,4,段階3,2023-04-05 21:15:02.298000,131.11400,1.00
2023-04-01,2023-04-30,20260209_045530,20260209_045530-0003,5,段階4,2023-04-05 21:15:02.298000,131.06200,1.00
2023-04-01,2023-04-30,20260209_045530,20260209_045530-0003,6,段階5,2023-04-05 21:15:02.298000,131.01600,1.00
2023-04-01,2023-04-30,20260209_045530,20260209_045530-0004,1,初回,2023-04-05 22:45:03.285000,130.94700,1.00
2023-04-01,2023-04-30,20260209_045530,20260209_045530-0005,1,初回,2023-04-05 23:00:00.834000,130.63500,1.00
2023-04-01,2023-04-30,20260209_045530,20260209_045530-0006,1,初回,2023-04-06 21:30:05.012000,130.98300,1.00
2023-04-01,2023-04-30,20260209_045530,20260209_045530-0007,1,初回,2023-04-07 21:30:04.037000,131.95300,1.00
2023-04-01,2023-04-30,20260209_045530,20260209_045530-0007,2,段階1,2023-04-07 21:30:04.037000,132.01000,1.00
2023-04-01,2023-04-30,20260209_045530,20260209_045530-0007,3,段階2,2023-04-07 21:30:04.037000,132.05900,1.00
2023-04-01,2023-04-30,20260209_045530,20260209_045530-0007,4,段階3,2023-04-07 21:30:04.037000,132.13000,1.00
2023-04-01,2023-04-30,20260209_045530,20260209_045530-0007,5,段階4,2023-04-07 21:30:04.037000,132.16300,1.00
2023-04-01,2023-04-30,20260209_045530,20260209_045530-0007,6,段階5,2023-04-07 21:30:04.037000,132.22200,1.00
2023-04-01,2023-04-30,20260209_045530,20260209_045530-0008,1,初回,2023-04-07 21:30:02.921000,131.93200,1.00
2023-04-01,2023-04-30,20260209_045530,20260209_045530-0008,2,段階1,2023-04-07 21:30:02.921000,131.99100,1.00
2023-04-01,2023-04-30,20260209_045530,20260209_045530-0008,3,段階2,2023-04-07 21:30:02.921000,132.04000,1.00
2023-04-01,2023-04-30,20260209_045530,20260209_045530-0008,4,段階3,2023-04-07 21:30:02.921000,132.09000,1.00
2023-04-01,2023-04-30,20260209_045530,20260209_045530-0008,5,段階4,2023-04-07 21:30:02.921000,132.16300,1.00
2023-04-01,2023-04-30,20260209_045530,20260209_045530-0008,6,段階5,2023-04-07 21:30:02.921000,132.18200,1.00
2023-04-01,2023-04-30,20260209_045530,20260209_045530-0009,1,初回,2023-04-12 21:30:01.123000,133.57700,1.00
2023-04-01,2023-04-30,20260209_045530,20260209_045530-0009,2,段階1,2023-04-12 21:30:01.123000,133.51800,1.00
2023-04-01,2023-04-30,20260209_045530,20260209_045530-0009,3,段階2,2023-04-12 21:30:01.123000,133.47600,1.00
2023-04-01,2023-04-30,20260209_045530,20260209_045530-0009,4,段階3,2023-04-12 21:30:01.123000,133.42400,1.00
2023-04-01,2023-04-30,20260209_045530,20260209_045530-0009,5,段階4,2023-04-12 21:30:01.123000,133.34800,1.00
2023-04-01,2023-04-30,20260209_045530,20260209_045530-0009,6,段階5,2023-04-12 21:30:01.123000,133.30700,1.00
2023-04-01,2023-04-30,20260209_045530,20260209_045530-0010,1,初回,2023-04-13 21:30:02.291000,132.80100,1.00
2023-04-01,2023-04-30,20260209_045530,20260209_045530-0011,1,初回,2023-04-13 21:30:01.984000,132.89500,1.00
2023-04-01,2023-04-30,20260209_045530,20260209_045530-0011,2,段階1,2023-04-13 21:30:01.984000,132.83900,1.00
2023-04-01,2023-04-30,20260209_045530,20260209_045530-0012,1,初回,2023-04-14 21:30:08.144000,132.20500,1.00
2023-04-01,2023-04-30,20260209_045530,20260209_045530-0013,1,初回,2023-04-14 23:00:00.247000,133.20800,1.00
2023-04-01,2023-04-30,20260209_045530,20260209_045530-0013,2,段階1,2023-04-14 23:00:00.247000,133.26400,1.00
2023-04-01,2023-04-30,20260209_045530,20260209_045530-0013,3,段階2,2023-04-14 23:00:00.247000,133.31000,1.00
2023-04-01,2023-04-30,20260209_045530,20260209_045530-0013,4,段階3,2023-04-14 23:00:00.247000,133.36200,1.00
2023-04-01,2023-04-30,20260209_045530,20260209_045530-0013,5,段階4,2023-04-14 23:00:00.247000,133.41300,1.00
2023-04-01,2023-04-30,20260209_045530,20260209_045530-0013,6,段階5,2023-04-14 23:00:00.247000,133.46000,1.00
2023-04-01,2023-04-30,20260209_045530,20260209_045530-0014,1,初回,2023-04-21 22:45:00.617000,133.90900,1.00
2023-04-01,2023-04-30,20260209_045530,20260209_045530-0014,2,段階1,2023-04-21 22:45:00.617000,133.96000,1.00
2023-04-01,2023-04-30,20260209_045530,20260209_045530-0014,3,段階2,2023-04-21 22:45:00.617000,134.01300,1.00
2023-04-01,2023-04-30,20260209_045530,20260209_045530-0014,4,段階3,2023-04-21 22:45:00.617000,134.05900,1.00
2023-04-01,2023-04-30,20260209_045530,20260209_045530-0014,5,段階4,2023-04-21 22:45:00.617000,134.11400,1.00
2023-04-01,2023-04-30,20260209_045530,20260209_045530-0014,6,段階5,2023-04-21 22:45:00.617000,134.15900,1.00
2023-04-01,2023-04-30,20260209_045530,20260209_045530-0015,1,初回,2023-04-27 21:30:10.506000,133.22800,1.00
2023-04-01,2023-04-30,20260209_045530,20260209_045530-0016,1,初回,2023-04-28 12:24:41.978000,133.37400,1.00
2023-04-01,2023-04-30,20260209_045530,20260209_045530-0017,1,初回,2023-04-28 12:24:40.643000,133.62100,1.00
2023-04-01,2023-04-30,20260209_045530,20260209_045530-0017,2,段階1,2023-04-28 12:24:40.643000,133.48600,1.00
2023-04-01,2023-04-30,20260209_045530,20260209_045530-0017,3,段階2,2023-04-28 12:24:40.643000,133.48600,1.00
2023-04-01,2023-04-30,20260209_045530,20260209_045530-0017,4,段階3,2023-04-28 12:24:40.643000,133.45600,1.00
2023-04-01,2023-04-30,20260209_045530,20260209_045530-0017,5,段階4,2023-04-28 12:24:40.643000,133.41500,1.00
2023-04-01,2023-04-30,20260209_045530,20260209_045530-0017,6,段階5,2023-04-28 12:24:40.643000,133.35700,1.00
2023-04-01,2023-04-30,20260209_045530,20260209_045530-0018,1,初回,2023-04-28 13:00:21.765000,134.26600,1.00
2023-04-01,2023-04-30,20260209_045530,20260209_045530-0018,2,段階1,2023-04-28 13:00:21.765000,134.32300,1.00
2023-05-01,2023-05-31,20260209_045702,20260209_045702-0001,1,初回,2023-05-01 23:00:05.522000,136.95500,1.00
2023-05-01,2023-05-31,20260209_045702,20260209_045702-0001,2,段階1,2023-05-01 23:00:05.522000,137.01200,1.00
2023-05-01,2023-05-31,20260209_045702,20260209_045702-0001,3,段階2,2023-05-01 23:00:05.522000,137.05600,1.00
2023-05-01,2023-05-31,20260209_045702,20260209_045702-0001,4,段階3,2023-05-01 23:00:05.522000,137.11500,1.00
2023-05-01,2023-05-31,20260209_045702,20260209_045702-0001,5,段階4,2023-05-01 23:00:05.522000,137.16000,1.00
2023-05-01,2023-05-31,20260209_045702,20260209_045702-0001,6,段階5,2023-05-01 23:00:05.522000,137.20700,1.00
2023-05-01,2023-05-31,20260209_045702,20260209_045702-0002,1,初回,2023-05-03 21:15:07.095000,135.91400,1.00
2023-05-01,2023-05-31,20260209_045702,20260209_045702-0003,1,初回,2023-05-05 21:30:01.175000,134.42900,1.00
2023-05-01,2023-05-31,20260209_045702,20260209_045702-0003,2,段階1,2023-05-05 21:30:01.175000,134.48300,1.00
2023-05-01,2023-05-31,20260209_045702,20260209_045702-0003,3,段階2,2023-05-05 21:30:01.175000,134.74600,1.00
2023-05-01,2023-05-31,20260209_045702,20260209_045702-0003,4,段階3,2023-05-05 21:30:01.175000,134.74600,1.00
2023-05-01,2023-05-31,20260209_045702,20260209_045702-0003,5,段階4,2023-05-05 21:30:01.175000,134.74600,1.00
2023-05-01,2023-05-31,20260209_045702,20260209_045702-0003,6,段階5,2023-05-05 21:30:01.175000,134.74600,1.00
2023-05-01,2023-05-31,20260209_045702,20260209_045702-0004,1,初回,2023-05-05 21:30:05.357000,134.85200,1.00
2023-05-01,2023-05-31,20260209_045702,20260209_045702-0004,2,段階1,2023-05-05 21:30:05.357000,134.91300,1.00
2023-05-01,2023-05-31,20260209_045702,20260209_045702-0004,3,段階2,2023-05-05 21:30:05.357000,134.96000,1.00
2023-05-01,2023-05-31,20260209_045702,20260209_045702-0005,1,初回,2023-05-10 21:30:01.517000,134.79700,1.00
2023-05-01,2023-05-31,20260209_045702,20260209_045702-0006,1,初回,2023-05-10 21:30:31.536000,134.71500,1.00
2023-05-01,2023-05-31,20260209_045702,20260209_045702-0007,1,初回,2023-05-10 21:30:00.208000,135.06300,1.00
2023-05-01,2023-05-31,20260209_045702,20260209_045702-0007,2,段階1,2023-05-10 21:30:00.208000,134.99800,1.00
2023-05-01,2023-05-31,20260209_045702,20260209_045702-0007,3,段階2,2023-05-10 21:30:00.208000,134.94700,1.00
2023-05-01,2023-05-31,20260209_045702,20260209_045702-0007,4,段階3,2023-05-10 21:30:00.208000,134.79700,1.00
2023-05-01,2023-05-31,20260209_045702,20260209_045702-0007,5,段階4,2023-05-10 21:30:00.208000,134.79700,1.00
2023-05-01,2023-05-31,20260209_045702,20260209_045702-0007,6,段階5,2023-05-10 21:30:00.208000,134.79700,1.00
2023-05-01,2023-05-31,20260209_045702,20260209_045702-0008,1,初回,2023-05-11 21:30:13.267000,133.93200,1.00
2023-05-01,2023-05-31,20260209_045702,20260209_045702-0008,2,段階1,2023-05-11 21:30:13.267000,133.88000,1.00
2023-05-01,2023-05-31,20260209_045702,20260209_045702-0008,3,段階2,2023-05-11 21:30:13.267000,133.82500,1.00
2023-05-01,2023-05-31,20260209_045702,20260209_045702-0008,4,段階3,2023-05-11 21:30:13.267000,133.77600,1.00
2023-05-01,2023-05-31,20260209_045702,20260209_045702-0009,1,初回,2023-05-11 21:30:15.970000,133.91400,1.00
2023-05-01,2023-05-31,20260209_045702,20260209_045702-0009,2,段階1,2023-05-11 21:30:15.970000,133.85700,1.00
2023-05-01,2023-05-31,20260209_045702,20260209_045702-0009,3,段階2,2023-05-11 21:30:15.970000,133.79900,1.00
2023-05-01,2023-05-31,20260209_045702,20260209_045702-0010,1,初回,2023-05-12 23:00:00.234000,135.02000,1.00
2023-05-01,2023-05-31,20260209_045702,20260209_045702-0011,1,初回,2023-05-16 21:30:00.711000,135.70900,1.00
2023-05-01,2023-05-31,20260209_045702,20260209_045702-0012,1,初回,2023-05-16 21:30:00.609000,135.72100,1.00
2023-05-01,2023-05-31,20260209_045702,20260209_045702-0013,1,初回,2023-05-31 23:00:01.481000,139.89600,1.00
2023-05-01,2023-05-31,20260209_045702,20260209_045702-0013,2,段階1,2023-05-31 23:00:01.481000,139.96300,1.00
2023-05-01,2023-05-31,20260209_045702,20260209_045702-0013,3,段階2,2023-05-31 23:00:01.481000,140.00800,1.00
2023-05-01,2023-05-31,20260209_045702,20260209_045702-0013,4,段階3,2023-05-31 23:00:01.481000,140.05300,1.00
2023-05-01,2023-05-31,20260209_045702,20260209_045702-0013,5,段階4,2023-05-31 23:00:01.481000,140.10500,1.00
2023-05-01,2023-05-31,20260209_045702,20260209_045702-0013,6,段階5,2023-05-31 23:00:01.481000,140.17500,1.00
2023-05-01,2023-05-31,20260209_045702,20260209_045702-0014,1,初回,2023-05-31 23:00:05.741000,140.37800,1.00
2023-05-01,2023-05-31,20260209_045702,20260209_045702-0015,1,初回,2023-05-31 23:00:02.624000,140.10500,1.00
2023-05-01,2023-05-31,20260209_045702,20260209_045702-0015,2,段階1,2023-05-31 23:00:02.624000,140.17500,1.00
2023-05-01,2023-05-31,20260209_045702,20260209_045702-0015,3,段階2,2023-05-31 23:00:02.624000,140.24000,1.00
2023-05-01,2023-05-31,20260209_045702,20260209_045702-0015,4,段階3,2023-05-31 23:00:02.624000,140.27600,1.00
2023-05-01,2023-05-31,20260209_045702,20260209_045702-0015,5,段階4,2023-05-31 23:00:02.624000,140.33400,1.00
2023-05-01,2023-05-31,20260209_045702,20260209_045702-0015,6,段階5,2023-05-31 23:00:02.624000,140.35600,1.00
2023-05-01,2023-05-31,20260209_045702,20260209_045702-0016,1,初回,2023-05-31 23:00:02.266000,140.05300,1.00
2023-05-01,2023-05-31,20260209_045702,20260209_045702-0016,2,段階1,2023-05-31 23:00:02.266000,140.10500,1.00
2023-05-01,2023-05-31,20260209_045702,20260209_045702-0016,3,段階2,2023-05-31 23:00:02.266000,140.17500,1.00
2023-05-01,2023-05-31,20260209_045702,20260209_045702-0016,4,段階3,2023-05-31 23:00:02.266000,140.20400,1.00
2023-05-01,2023-05-31,20260209_045702,20260209_045702-0016,5,段階4,2023-05-31 23:00:02.266000,140.27600,1.00
2023-05-01,2023-05-31,20260209_045702,20260209_045702-0016,6,段階5,2023-05-31 23:00:02.266000,140.30400,1.00
2023-06-01,2023-06-30,20260209_045821,20260209_045821-0001,1,初回,2023-06-01 21:15:01.651000,139.86200,1.00
2023-06-01,2023-06-30,20260209_045821,20260209_045821-0002,1,初回,2023-06-01 23:00:11.669000,138.45000,1.00
2023-06-01,2023-06-30,20260209_045821,20260209_045821-0003,1,初回,2023-06-02 21:30:08.299000,139.42700,1.00
2023-06-01,2023-06-30,20260209_045821,20260209_045821-0004,1,初回,2023-06-02 21:30:01.715000,139.17700,1.00
2023-06-01,2023-06-30,20260209_045821,20260209_045821-0004,2,段階1,2023-06-02 21:30:01.715000,139.23700,1.00
2023-06-01,2023-06-30,20260209_045821,20260209_045821-0004,3,段階2,2023-06-02 21:30:01.715000,139.28300,1.00
2023-06-01,2023-06-30,20260209_045821,20260209_045821-0004,4,段階3,2023-06-02 21:30:01.715000,139.32700,1.00
2023-06-01,2023-06-30,20260209_045821,20260209_045821-0004,5,段階4,2023-06-02 21:30:01.715000,139.38600,1.00
2023-06-01,2023-06-30,20260209_045821,20260209_045821-0004,6,段階5,2023-06-02 21:30:01.715000,139.42700,1.00
2023-06-01,2023-06-30,20260209_045821,20260209_045821-0005,1,初回,2023-06-02 21:34:49.268000,138.76600,1.00
2023-06-01,2023-06-30,20260209_045821,20260209_045821-0006,1,初回,2023-06-05 23:00:00.142000,139.77600,1.00
2023-06-01,2023-06-30,20260209_045821,20260209_045821-0006,2,段階1,2023-06-05 23:00:00.142000,139.71000,1.00
2023-06-01,2023-06-30,20260209_045821,20260209_045821-0006,3,段階2,2023-06-05 23:00:00.142000,139.58900,1.00
2023-06-01,2023-06-30,20260209_045821,20260209_045821-0006,4,段階3,2023-06-05 23:00:00.142000,139.58900,1.00
2023-06-01,2023-06-30,20260209_045821,20260209_045821-0006,5,段階4,2023-06-05 23:00:00.142000,139.57000,1.00
2023-06-01,2023-06-30,20260209_045821,20260209_045821-0006,6,段階5,2023-06-05 23:00:00.142000,139.52100,1.00
2023-06-01,2023-06-30,20260209_045821,20260209_045821-0007,1,初回,2023-06-13 21:30:03.228000,139.98100,1.00
2023-06-01,2023-06-30,20260209_045821,20260209_045821-0008,1,初回,2023-06-13 21:30:02.205000,139.84200,1.00
2023-06-01,2023-06-30,20260209_045821,20260209_045821-0008,2,段階1,2023-06-13 21:30:02.205000,139.90900,1.00
2023-06-01,2023-06-30,20260209_045821,20260209_045821-0008,3,段階2,2023-06-13 21:30:02.205000,139.94900,1.00
2023-06-01,2023-06-30,20260209_045821,20260209_045821-0009,1,初回,2023-06-13 21:30:01.363000,139.75100,1.00
2023-06-01,2023-06-30,20260209_045821,20260209_045821-0009,2,段階1,2023-06-13 21:30:01.363000,139.84200,1.00
2023-06-01,2023-06-30,20260209_045821,20260209_045821-0009,3,段階2,2023-06-13 21:30:01.363000,139.90900,1.00
2023-06-01,2023-06-30,20260209_045821,20260209_045821-0009,4,段階3,2023-06-13 21:30:01.363000,139.90900,1.00
2023-06-01,2023-06-30,20260209_045821,20260209_045821-0009,5,段階4,2023-06-13 21:30:01.363000,139.98100,1.00
2023-06-01,2023-06-30,20260209_045821,20260209_045821-0010,1,初回,2023-06-13 21:30:01.210000,139.62700,1.00
2023-06-01,2023-06-30,20260209_045821,20260209_045821-0010,2,段階1,2023-06-13 21:30:01.210000,139.73400,1.00
2023-06-01,2023-06-30,20260209_045821,20260209_045821-0010,3,段階2,2023-06-13 21:30:01.210000,139.73400,1.00
2023-06-01,2023-06-30,20260209_045821,20260209_045821-0010,4,段階3,2023-06-13 21:30:01.210000,139.79100,1.00
2023-06-01,2023-06-30,20260209_045821,20260209_045821-0010,5,段階4,2023-06-13 21:30:01.210000,139.84200,1.00
2023-06-01,2023-06-30,20260209_045821,20260209_045821-0010,6,段階5,2023-06-13 21:30:01.210000,139.90900,1.00
2023-06-01,2023-06-30,20260209_045821,20260209_045821-0011,1,初回,2023-06-13 21:30:13.664000,139.09000,1.00
2023-06-01,2023-06-30,20260209_045821,20260209_045821-0012,1,初回,2023-06-13 21:30:12.591000,139.34600,1.00
2023-06-01,2023-06-30,20260209_045821,20260209_045821-0012,2,段階1,2023-06-13 21:30:12.591000,139.29000,1.00
2023-06-01,2023-06-30,20260209_045821,20260209_045821-0012,3,段階2,2023-06-13 21:30:12.591000,139.22400,1.00
2023-06-01,2023-06-30,20260209_045821,20260209_045821-0012,4,段階3,2023-06-13 21:30:12.591000,139.09000,1.00
2023-06-01,2023-06-30,20260209_045821,20260209_045821-0012,5,段階4,2023-06-13 21:30:12.591000,139.09000,1.00
2023-06-01,2023-06-30,20260209_045821,20260209_045821-0012,6,段階5,2023-06-13 21:30:12.591000,139.09000,1.00
2023-06-01,2023-06-30,20260209_045821,20260209_045821-0013,1,初回,2023-06-13 21:30:38.837000,139.09400,1.00
2023-06-01,2023-06-30,20260209_045821,20260209_045821-0014,1,初回,2023-06-16 23:00:14.981000,140.94900,1.00
2023-06-01,2023-06-30,20260209_045821,20260209_045821-0015,1,初回,2023-06-23 22:45:00.595000,142.72500,1.00
2023-06-01,2023-06-30,20260209_045821,20260209_045821-0016,1,初回,2023-06-23 22:45:00.198000,142.79900,1.00
2023-06-01,2023-06-30,20260209_045821,20260209_045821-0016,2,段階1,2023-06-23 22:45:00.198000,142.74700,1.00
2023-06-01,2023-06-30,20260209_045821,20260209_045821-0016,3,段階2,2023-06-23 22:45:00.198000,142.69500,1.00
2023-06-01,2023-06-30,20260209_045821,20260209_045821-0017,1,初回,2023-06-27 23:00:10.182000,143.63500,1.00
2023-06-01,2023-06-30,20260209_045821,20260209_045821-0017,2,段階1,2023-06-27 23:00:10.182000,143.68500,1.00
2023-06-01,2023-06-30,20260209_045821,20260209_045821-0017,3,段階2,2023-06-27 23:00:10.182000,143.73700,1.00
2023-06-01,2023-06-30,20260209_045821,20260209_045821-0017,4,段階3,2023-06-27 23:00:10.182000,143.78500,1.00
2023-06-01,2023-06-30,20260209_045821,20260209_045821-0017,5,段階4,2023-06-27 23:00:10.182000,143.83500,1.00
2023-06-01,2023-06-30,20260209_045821,20260209_045821-0017,6,段階5,2023-06-27 23:00:10.182000,143.88500,1.00
2023-06-01,2023-06-30,20260209_045821,20260209_045821-0018,1,初回,2023-06-29 16:36:23.247000,144.17000,1.00
2023-07-01,2023-07-31,20260209_045936,20260209_045936-0001,1,初回,2023-07-03 23:00:00.113000,144.23300,1.00
2023-07-01,2023-07-31,20260209_045936,20260209_045936-0001,2,段階1,2023-07-03 23:00:00.113000,144.16800,1.00
2023-07-01,2023-07-31,20260209_045936,20260209_045936-0001,3,段階2,2023-07-03 23:00:00.113000,144.11200,1.00
2023-07-01,2023-07-31,20260209_045936,20260209_045936-0001,4,段階3,2023-07-03 23:00:00.113000,144.08100,1.00
2023-07-01,2023-07-31,20260209_045936,20260209_045936-0001,5,段階4,2023-07-03 23:00:00.113000,144.03300,1.00
2023-07-01,2023-07-31,20260209_045936,20260209_045936-0002,1,初回,2023-07-06 23:00:05.020000,144.54900,1.00
2023-07-01,2023-07-31,20260209_045936,20260209_045936-0003,1,初回,2023-07-07 21:30:11.001000,142.61600,1.00
2023-07-01,2023-07-31,20260209_045936,20260209_045936-0004,1,初回,2023-07-07 21:29:59.790000,142.88400,1.00
2023-07-01,2023-07-31,20260209_045936,20260209_045936-0004,2,段階1,2023-07-07 21:29:59.790000,142.82900,1.00
2023-07-01,2023-07-31,20260209_045936,20260209_045936-0004,3,段階2,2023-07-07 21:29:59.790000,142.75400,1.00
2023-07-01,2023-07-31,20260209_045936,20260209_045936-0004,4,段階3,2023-07-07 21:29:59.790000,142.73300,1.00
2023-07-01,2023-07-31,20260209_045936,20260209_045936-0004,5,段階4,2023-07-07 21:29:59.790000,142.68100,1.00
2023-07-01,2023-07-31,20260209_045936,20260209_045936-0004,6,段階5,2023-07-07 21:29:59.790000,142.63200,1.00
2023-07-01,2023-07-31,20260209_045936,20260209_045936-0005,1,初回,2023-07-12 21:30:01.246000,139.12600,1.00
2023-07-01,2023-07-31,20260209_045936,20260209_045936-0005,2,段階1,2023-07-12 21:30:01.246000,139.07600,1.00
2023-07-01,2023-07-31,20260209_045936,20260209_045936-0005,3,段階2,2023-07-12 21:30:01.246000,139.00900,1.00
2023-07-01,2023-07-31,20260209_045936,20260209_045936-0005,4,段階3,2023-07-12 21:30:01.246000,138.97000,1.00
2023-07-01,2023-07-31,20260209_045936,20260209_045936-0005,5,段階4,2023-07-12 21:30:01.246000,138.92600,1.00
2023-07-01,2023-07-31,20260209_045936,20260209_045936-0005,6,段階5,2023-07-12 21:30:01.246000,138.87600,1.00
2023-07-01,2023-07-31,20260209_045936,20260209_045936-0006,1,初回,2023-07-13 21:30:12.279000,138.26700,1.00
2023-07-01,2023-07-31,20260209_045936,20260209_045936-0007,1,初回,2023-07-20 21:30:13.050000,139.88800,1.00
2023-07-01,2023-07-31,20260209_045936,20260209_045936-0008,1,初回,2023-07-24 18:05:07.647000,141.21200,1.00
2023-07-01,2023-07-31,20260209_045936,20260209_045936-0009,1,初回,2023-07-24 18:05:06.971000,141.25700,1.00
2023-07-01,2023-07-31,20260209_045936,20260209_045936-0009,2,段階1,2023-07-24 18:05:06.971000,141.20600,1.00
2023-07-01,2023-07-31,20260209_045936,20260209_045936-0010,1,初回,2023-07-24 22:45:00.475000,141.24900,1.00
2023-07-01,2023-07-31,20260209_045936,20260209_045936-0011,1,初回,2023-07-24 22:46:21.373000,140.76900,1.00
2023-07-01,2023-07-31,20260209_045936,20260209_045936-0012,1,初回,2023-07-25 20:20:42.963000,141.72900,1.00
2023-07-01,2023-07-31,20260209_045936,20260209_045936-0013,1,初回,2023-07-27 21:30:08.896000,140.45700,1.00
2023-07-01,2023-07-31,20260209_045936,20260209_045936-0013,2,段階1,2023-07-27 21:30:08.896000,140.51400,1.00
2023-07-01,2023-07-31,20260209_045936,20260209_045936-0013,3,段階2,2023-07-27 21:30:08.896000,140.55900,1.00
2023-07-01,2023-07-31,20260209_045936,20260209_045936-0014,1,初回,2023-07-28 02:06:28.906000,139.82700,1.00
2023-07-01,2023-07-31,20260209_045936,20260209_045936-0015,1,初回,2023-07-28 12:28:37.903000,138.58600,1.00
2023-07-01,2023-07-31,20260209_045936,20260209_045936-0015,2,段階1,2023-07-28 12:28:37.903000,138.52000,1.00
2023-07-01,2023-07-31,20260209_045936,20260209_045936-0015,3,段階2,2023-07-28 12:28:37.903000,138.46900,1.00
2023-07-01,2023-07-31,20260209_045936,20260209_045936-0016,1,初回,2023-07-28 12:28:38.526000,138.48900,1.00
2023-07-01,2023-07-31,20260209_045936,20260209_045936-0017,1,初回,2023-07-28 12:28:37.563000,138.73600,1.00
2023-07-01,2023-07-31,20260209_045936,20260209_045936-0017,2,段階1,2023-07-28 12:28:37.563000,138.65200,1.00
2023-07-01,2023-07-31,20260209_045936,20260209_045936-0017,3,段階2,2023-07-28 12:28:37.563000,138.61500,1.00
2023-07-01,2023-07-31,20260209_045936,20260209_045936-0017,4,段階3,2023-07-28 12:28:37.563000,138.58600,1.00
2023-07-01,2023-07-31,20260209_045936,20260209_045936-0017,5,段階4,2023-07-28 12:28:37.563000,138.52000,1.00
2023-07-01,2023-07-31,20260209_045936,20260209_045936-0017,6,段階5,2023-07-28 12:28:37.563000,138.46900,1.00
2023-07-01,2023-07-31,20260209_045936,20260209_045936-0018,1,初回,2023-07-28 13:17:13.211000,138.10000,1.00
2023-08-01,2023-08-31,20260209_050103,20260209_050103-0001,1,初回,2023-08-03 13:04:15.913000,143.71100,1.00
2023-08-01,2023-08-31,20260209_050103,20260209_050103-0002,1,初回,2023-08-04 21:30:01.621000,142.88700,1.00
2023-08-01,2023-08-31,20260209_050103,20260209_050103-0003,1,初回,2023-08-04 21:30:07.158000,142.32100,1.00
2023-08-01,2023-08-31,20260209_050103,20260209_050103-0004,1,初回,2023-08-11 23:00:01.023000,144.42700,1.00
2023-08-01,2023-08-31,20260209_050103,20260209_050103-0005,1,初回,2023-08-15 21:30:13.107000,145.79600,1.00
2023-08-01,2023-08-31,20260209_050103,20260209_050103-0006,1,初回,2023-08-25 23:03:02.487000,145.89100,1.00
2023-08-01,2023-08-31,20260209_050103,20260209_050103-0006,2,段階1,2023-08-25 23:03:02.487000,145.82700,1.00
2023-08-01,2023-08-31,20260209_050103,20260209_050103-0007,1,初回,2023-08-31 21:30:20.184000,145.75400,1.00
2023-09-01,2023-09-30,20260209_050210,20260209_050210-0001,1,初回,2023-09-01 23:00:00.461000,145.63600,1.00
2023-09-01,2023-09-30,20260209_050210,20260209_050210-0001,2,段階1,2023-09-01 23:00:00.461000,145.68600,1.00
2023-09-01,2023-09-30,20260209_050210,20260209_050210-0001,3,段階2,2023-09-01 23:00:00.461000,145.74000,1.00
2023-09-01,2023-09-30,20260209_050210,20260209_050210-0002,1,初回,2023-09-13 21:30:00.473000,147.22400,1.00
2023-09-01,2023-09-30,20260209_050210,20260209_050210-0003,1,初回,2023-09-13 21:30:27.268000,147.71600,1.00
2023-10-01,2023-10-31,20260209_050318,20260209_050318-0001,1,初回,2023-10-03 23:12:05.333000,149.46400,1.00
2023-10-01,2023-10-31,20260209_050318,20260209_050318-0001,2,段階1,2023-10-03 23:12:05.333000,149.40700,1.00
2023-10-01,2023-10-31,20260209_050318,20260209_050318-0001,3,段階2,2023-10-03 23:12:05.333000,149.36100,1.00
2023-10-01,2023-10-31,20260209_050318,20260209_050318-0001,4,段階3,2023-10-03 23:12:05.333000,149.29500,1.00
2023-10-01,2023-10-31,20260209_050318,20260209_050318-0001,5,段階4,2023-10-03 23:12:05.333000,149.25800,1.00
2023-10-01,2023-10-31,20260209_050318,20260209_050318-0001,6,段階5,2023-10-03 23:12:05.333000,149.19200,1.00
2023-10-01,2023-10-31,20260209_050318,20260209_050318-0002,1,初回,2023-10-03 23:12:24.554000,147.29900,1.00
2023-10-01,2023-10-31,20260209_050318,20260209_050318-0003,1,初回,2023-10-06 21:30:02.809000,149.28800,1.00
2023-10-01,2023-10-31,20260209_050318,20260209_050318-0004,1,初回,2023-10-06 21:30:01.378000,149.23600,1.00
2023-10-01,2023-10-31,20260209_050318,20260209_050318-0004,2,段階1,2023-10-06 21:30:01.378000,149.28800,1.00
2023-10-01,2023-10-31,20260209_050318,20260209_050318-0005,1,初回,2023-10-06 21:30:01.276000,149.17400,1.00
2023-10-01,2023-10-31,20260209_050318,20260209_050318-0005,2,段階1,2023-10-06 21:30:01.276000,149.23600,1.00
2023-10-01,2023-10-31,20260209_050318,20260209_050318-0005,3,段階2,2023-10-06 21:30:01.276000,149.28800,1.00
2023-10-01,2023-10-31,20260209_050318,20260209_050318-0006,1,初回,2023-10-11 21:30:04.128000,149.07200,1.00
2023-10-01,2023-10-31,20260209_050318,20260209_050318-0007,1,初回,2023-10-11 21:30:04.076000,149.06500,1.00
2023-10-01,2023-10-31,20260209_050318,20260209_050318-0008,1,初回,2023-10-12 21:30:01.825000,149.27200,1.00
2023-10-01,2023-10-31,20260209_050318,20260209_050318-0008,2,段階1,2023-10-12 21:30:01.825000,149.33000,1.00
2023-10-01,2023-10-31,20260209_050318,20260209_050318-0008,3,段階2,2023-10-12 21:30:01.825000,149.37500,1.00
2023-10-01,2023-10-31,20260209_050318,20260209_050318-0008,4,段階3,2023-10-12 21:30:01.825000,149.42200,1.00
2023-10-01,2023-10-31,20260209_050318,20260209_050318-0008,5,段階4,2023-10-12 21:30:01.825000,149.47200,1.00
2023-10-01,2023-10-31,20260209_050318,20260209_050318-0008,6,段階5,2023-10-12 21:30:01.825000,149.52200,1.00
2023-10-01,2023-10-31,20260209_050318,20260209_050318-0009,1,初回,2023-10-12 21:30:01.567000,149.30100,1.00
2023-10-01,2023-10-31,20260209_050318,20260209_050318-0009,2,段階1,2023-10-12 21:30:01.567000,149.35900,1.00
2023-10-01,2023-10-31,20260209_050318,20260209_050318-0009,3,段階2,2023-10-12 21:30:01.567000,149.40200,1.00
2023-10-01,2023-10-31,20260209_050318,20260209_050318-0009,4,段階3,2023-10-12 21:30:01.567000,149.45500,1.00
2023-10-01,2023-10-31,20260209_050318,20260209_050318-0009,5,段階4,2023-10-12 21:30:01.567000,149.50100,1.00
2023-10-01,2023-10-31,20260209_050318,20260209_050318-0009,6,段階5,2023-10-12 21:30:01.567000,149.55100,1.00
2023-10-01,2023-10-31,20260209_050318,20260209_050318-0010,1,初回,2023-10-17 19:13:02.537000,149.50900,1.00
2023-10-01,2023-10-31,20260209_050318,20260209_050318-0010,2,段階1,2023-10-17 19:13:02.537000,149.42000,1.00
2023-10-01,2023-10-31,20260209_050318,20260209_050318-0010,3,段階2,2023-10-17 19:13:02.537000,149.40700,1.00
2023-10-01,2023-10-31,20260209_050318,20260209_050318-0010,4,段階3,2023-10-17 19:13:02.537000,149.35600,1.00
2023-10-01,2023-10-31,20260209_050318,20260209_050318-0010,5,段階4,2023-10-17 19:13:02.537000,149.23200,1.00
2023-10-01,2023-10-31,20260209_050318,20260209_050318-0010,6,段階5,2023-10-17 19:13:02.537000,149.23200,1.00
2023-10-01,2023-10-31,20260209_050318,20260209_050318-0011,1,初回,2023-10-17 19:13:02.999000,149.40700,1.00
2023-10-01,2023-10-31,20260209_050318,20260209_050318-0011,2,段階1,2023-10-17 19:13:02.999000,149.35600,1.00
2023-10-01,2023-10-31,20260209_050318,20260209_050318-0011,3,段階2,2023-10-17 19:13:02.999000,149.23200,1.00
2023-10-01,2023-10-31,20260209_050318,20260209_050318-0011,4,段階3,2023-10-17 19:13:02.999000,149.23200,1.00
2023-10-01,2023-10-31,20260209_050318,20260209_050318-0011,5,段階4,2023-10-17 19:13:02.999000,149.19700,1.00
2023-10-01,2023-10-31,20260209_050318,20260209_050318-0011,6,段階5,2023-10-17 19:13:02.999000,149.14800,1.00
2023-10-01,2023-10-31,20260209_050318,20260209_050318-0012,1,初回,2023-10-17 19:13:03.409000,149.35600,1.00
2023-10-01,2023-10-31,20260209_050318,20260209_050318-0012,2,段階1,2023-10-17 19:13:03.409000,149.23200,1.00
2023-10-01,2023-10-31,20260209_050318,20260209_050318-0012,3,段階2,2023-10-17 19:13:03.409000,149.23200,1.00
2023-10-01,2023-10-31,20260209_050318,20260209_050318-0012,4,段階3,2023-10-17 19:13:03.409000,149.19700,1.00
2023-10-01,2023-10-31,20260209_050318,20260209_050318-0012,5,段階4,2023-10-17 19:13:03.409000,149.14800,1.00
2023-10-01,2023-10-31,20260209_050318,20260209_050318-0012,6,段階5,2023-10-17 19:13:03.409000,149.07800,1.00
2023-10-01,2023-10-31,20260209_050318,20260209_050318-0013,1,初回,2023-10-17 19:13:06.097000,148.77000,1.00
2023-10-01,2023-10-31,20260209_050318,20260209_050318-0014,1,初回,2023-10-17 19:13:05.838000,148.81900,1.00
2023-10-01,2023-10-31,20260209_050318,20260209_050318-0014,2,段階1,2023-10-17 19:13:05.838000,148.74900,1.00
2023-10-01,2023-10-31,20260209_050318,20260209_050318-0015,1,初回,2023-10-17 19:13:03.981000,149.05400,1.00
2023-10-01,2023-10-31,20260209_050318,20260209_050318-0015,2,段階1,2023-10-17 19:13:03.981000,148.99700,1.00
2023-10-01,2023-10-31,20260209_050318,20260209_050318-0015,3,段階2,2023-10-17 19:13:03.981000,148.94700,1.00
2023-10-01,2023-10-31,20260209_050318,20260209_050318-0015,4,段階3,2023-10-17 19:13:03.981000,148.89400,1.00
2023-10-01,2023-10-31,20260209_050318,20260209_050318-0015,5,段階4,2023-10-17 19:13:03.981000,148.81900,1.00
2023-10-01,2023-10-31,20260209_050318,20260209_050318-0015,6,段階5,2023-10-17 19:13:03.981000,148.79400,1.00
2023-10-01,2023-10-31,20260209_050318,20260209_050318-0016,1,初回,2023-10-17 19:13:28.205000,149.73800,1.00
2023-10-01,2023-10-31,20260209_050318,20260209_050318-0017,1,初回,2023-10-17 19:13:28.565000,149.73400,1.00
2023-10-01,2023-10-31,20260209_050318,20260209_050318-0018,1,初回,2023-10-20 17:23:33.832000,149.64900,1.00
2023-10-01,2023-10-31,20260209_050318,20260209_050318-0019,1,初回,2023-10-20 17:23:33.726000,149.70600,1.00
2023-10-01,2023-10-31,20260209_050318,20260209_050318-0019,2,段階1,2023-10-20 17:23:33.726000,149.64900,1.00
2023-10-01,2023-10-31,20260209_050318,20260209_050318-0020,1,初回,2023-10-20 17:23:33.779000,149.67600,1.00
2023-10-01,2023-10-31,20260209_050318,20260209_050318-0021,1,初回,2023-10-26 15:47:27.441000,149.84000,1.00
2023-10-01,2023-10-31,20260209_050318,20260209_050318-0022,1,初回,2023-10-30 23:01:48.276000,149.31100,1.00
2023-10-01,2023-10-31,20260209_050318,20260209_050318-0023,1,初回,2023-10-31 12:27:13.117000,149.83500,1.00
2023-11-01,2023-11-30,20260209_050418,20260209_050418-0001,1,初回,2023-11-01 23:00:01.295000,151.08700,1.00
2023-11-01,2023-11-30,20260209_050418,20260209_050418-0001,2,段階1,2023-11-01 23:00:01.295000,151.03300,1.00
2023-11-01,2023-11-30,20260209_050418,20260209_050418-0001,3,段階2,2023-11-01 23:00:01.295000,150.98600,1.00
2023-11-01,2023-11-30,20260209_050418,20260209_050418-0001,4,段階3,2023-11-01 23:00:01.295000,150.93500,1.00
2023-11-01,2023-11-30,20260209_050418,20260209_050418-0001,5,段階4,2023-11-01 23:00:01.295000,150.88600,1.00
2023-11-01,2023-11-30,20260209_050418,20260209_050418-0001,6,段階5,2023-11-01 23:00:01.295000,150.83500,1.00
2023-11-01,2023-11-30,20260209_050418,20260209_050418-0002,1,初回,2023-11-01 23:00:00.329000,151.11000,1.00
2023-11-01,2023-11-30,20260209_050418,20260209_050418-0002,2,段階1,2023-11-01 23:00:00.329000,151.05600,1.00
2023-11-01,2023-11-30,20260209_050418,20260209_050418-0002,3,段階2,2023-11-01 23:00:00.329000,151.00500,1.00
2023-11-01,2023-11-30,20260209_050418,20260209_050418-0002,4,段階3,2023-11-01 23:00:00.329000,150.96000,1.00
2023-11-01,2023-11-30,20260209_050418,20260209_050418-0002,5,段階4,2023-11-01 23:00:00.329000,150.90700,1.00
2023-11-01,2023-11-30,20260209_050418,20260209_050418-0002,6,段階5,2023-11-01 23:00:00.329000,150.86000,1.00
2023-11-01,2023-11-30,20260209_050418,20260209_050418-0003,1,初回,2023-11-02 16:58:28.104000,150.17900,1.00
2023-11-01,2023-11-30,20260209_050418,20260209_050418-0004,1,初回,2023-11-03 21:30:08.286000,149.87000,1.00
2023-11-01,2023-11-30,20260209_050418,20260209_050418-0004,2,段階1,2023-11-03 21:30:08.286000,149.80900,1.00
2023-11-01,2023-11-30,20260209_050418,20260209_050418-0004,3,段階2,2023-11-03 21:30:08.286000,149.76900,1.00
2023-11-01,2023-11-30,20260209_050418,20260209_050418-0004,4,段階3,2023-11-03 21:30:08.286000,149.71900,1.00
2023-11-01,2023-11-30,20260209_050418,20260209_050418-0004,5,段階4,2023-11-03 21:30:08.286000,149.66400,1.00
2023-11-01,2023-11-30,20260209_050418,20260209_050418-0004,6,段階5,2023-11-03 21:30:08.286000,149.62000,1.00
2023-11-01,2023-11-30,20260209_050418,20260209_050418-0005,1,初回,2023-11-03 23:00:00.848000,149.21000,1.00
2023-11-01,2023-11-30,20260209_050418,20260209_050418-0006,1,初回,2023-11-03 23:00:09.614000,149.23000,1.00
2023-11-01,2023-11-30,20260209_050418,20260209_050418-0007,1,初回,2023-11-14 00:01:28.657000,151.69900,1.00
2023-11-01,2023-11-30,20260209_050418,20260209_050418-0007,2,段階1,2023-11-14 00:01:28.657000,151.64800,1.00
2023-11-01,2023-11-30,20260209_050418,20260209_050418-0007,3,段階2,2023-11-14 00:01:28.657000,151.58000,1.00
2023-11-01,2023-11-30,20260209_050418,20260209_050418-0007,4,段階3,2023-11-14 00:01:28.657000,151.54500,1.00
2023-11-01,2023-11-30,20260209_050418,20260209_050418-0007,5,段階4,2023-11-14 00:01:28.657000,151.49600,1.00
2023-11-01,2023-11-30,20260209_050418,20260209_050418-0007,6,段階5,2023-11-14 00:01:28.657000,151.44500,1.00
2023-11-01,2023-11-30,20260209_050418,20260209_050418-0008,1,初回,2023-11-14 00:03:29.401000,151.36000,1.00
2023-11-01,2023-11-30,20260209_050418,20260209_050418-0009,1,初回,2023-11-14 00:07:24.553000,151.23900,1.00
2023-11-01,2023-11-30,20260209_050418,20260209_050418-0010,1,初回,2023-11-14 22:30:01.360000,151.51700,1.00
2023-11-01,2023-11-30,20260209_050418,20260209_050418-0010,2,段階1,2023-11-14 22:30:01.360000,151.43500,1.00
2023-11-01,2023-11-30,20260209_050418,20260209_050418-0010,3,段階2,2023-11-14 22:30:01.360000,151.40300,1.00
2023-11-01,2023-11-30,20260209_050418,20260209_050418-0010,4,段階3,2023-11-14 22:30:01.360000,151.35900,1.00
2023-11-01,2023-11-30,20260209_050418,20260209_050418-0010,5,段階4,2023-11-14 22:30:01.360000,151.31000,1.00
2023-11-01,2023-11-30,20260209_050418,20260209_050418-0010,6,段階5,2023-11-14 22:30:01.360000,151.25000,1.00
2023-11-01,2023-11-30,20260209_050418,20260209_050418-0011,1,初回,2023-11-15 22:30:10.506000,150.08700,1.00
2023-12-01,2023-12-31,20260209_050546,20260209_050546-0001,1,初回,2023-12-06 00:00:01.630000,146.70700,1.00
2023-12-01,2023-12-31,20260209_050546,20260209_050546-0002,1,初回,2023-12-08 02:47:26.189000,141.64200,1.00
2023-12-01,2023-12-31,20260209_050546,20260209_050546-0003,1,初回,2023-12-08 22:30:02.542000,144.64500,1.00
2023-12-01,2023-12-31,20260209_050546,20260209_050546-0003,2,段階1,2023-12-08 22:30:02.542000,144.70700,1.00
2023-12-01,2023-12-31,20260209_050546,20260209_050546-0003,3,段階2,2023-12-08 22:30:02.542000,144.75100,1.00
2023-12-01,2023-12-31,20260209_050546,20260209_050546-0003,4,段階3,2023-12-08 22:30:02.542000,144.80100,1.00
2023-12-01,2023-12-31,20260209_050546,20260209_050546-0003,5,段階4,2023-12-08 22:30:02.542000,144.86100,1.00
2023-12-01,2023-12-31,20260209_050546,20260209_050546-0003,6,段階5,2023-12-08 22:30:02.542000,144.89600,1.00
2023-12-01,2023-12-31,20260209_050546,20260209_050546-0004,1,初回,2023-12-11 16:40:11.383000,145.67200,1.00
2023-12-01,2023-12-31,20260209_050546,20260209_050546-0004,2,段階1,2023-12-11 16:40:11.383000,145.72700,1.00
2023-12-01,2023-12-31,20260209_050546,20260209_050546-0004,3,段階2,2023-12-11 16:40:11.383000,145.77300,1.00
2023-12-01,2023-12-31,20260209_050546,20260209_050546-0004,4,段階3,2023-12-11 16:40:11.383000,145.82300,1.00
2023-12-01,2023-12-31,20260209_050546,20260209_050546-0004,5,段階4,2023-12-11 16:40:11.383000,145.87500,1.00
2023-12-01,2023-12-31,20260209_050546,20260209_050546-0004,6,段階5,2023-12-11 16:40:11.383000,145.92200,1.00
2023-12-01,2023-12-31,20260209_050546,20260209_050546-0005,1,初回,2023-12-11 16:40:11.897000,145.68600,1.00
2023-12-01,2023-12-31,20260209_050546,20260209_050546-0005,2,段階1,2023-12-11 16:40:11.897000,145.74000,1.00
2023-12-01,2023-12-31,20260209_050546,20260209_050546-0005,3,段階2,2023-12-11 16:40:11.897000,145.78700,1.00
2023-12-01,2023-12-31,20260209_050546,20260209_050546-0005,4,段階3,2023-12-11 16:40:11.897000,145.86400,1.00
2023-12-01,2023-12-31,20260209_050546,20260209_050546-0005,5,段階4,2023-12-11 16:40:11.897000,145.89500,1.00
2023-12-01,2023-12-31,20260209_050546,20260209_050546-0005,6,段階5,2023-12-11 16:40:11.897000,145.93800,1.00
2023-12-01,2023-12-31,20260209_050546,20260209_050546-0006,1,初回,2023-12-12 22:30:15.436000,145.05200,1.00
2023-12-01,2023-12-31,20260209_050546,20260209_050546-0006,2,段階1,2023-12-12 22:30:15.436000,145.00200,1.00
2023-12-01,2023-12-31,20260209_050546,20260209_050546-0006,3,段階2,2023-12-12 22:30:15.436000,144.93800,1.00
2023-12-01,2023-12-31,20260209_050546,20260209_050546-0007,1,初回,2023-12-14 04:00:01.114000,144.89100,1.00
2023-12-01,2023-12-31,20260209_050546,20260209_050546-0007,2,段階1,2023-12-14 04:00:01.114000,144.81500,1.00
2023-12-01,2023-12-31,20260209_050546,20260209_050546-0007,3,段階2,2023-12-14 04:00:01.114000,144.76900,1.00
2023-12-01,2023-12-31,20260209_050546,20260209_050546-0007,4,段階3,2023-12-14 04:00:01.114000,144.73100,1.00
2023-12-01,2023-12-31,20260209_050546,20260209_050546-0007,5,段階4,2023-12-14 04:00:01.114000,144.67900,1.00
2023-12-01,2023-12-31,20260209_050546,20260209_050546-0007,6,段階5,2023-12-14 04:00:01.114000,144.64000,1.00
2023-12-01,2023-12-31,20260209_050546,20260209_050546-0008,1,初回,2023-12-14 04:00:01.729000,144.76900,1.00
2023-12-01,2023-12-31,20260209_050546,20260209_050546-0008,2,段階1,2023-12-14 04:00:01.729000,144.71200,1.00
2023-12-01,2023-12-31,20260209_050546,20260209_050546-0008,3,段階2,2023-12-14 04:00:01.729000,144.66800,1.00
2023-12-01,2023-12-31,20260209_050546,20260209_050546-0008,4,段階3,2023-12-14 04:00:01.729000,144.61700,1.00
2023-12-01,2023-12-31,20260209_050546,20260209_050546-0008,5,段階4,2023-12-14 04:00:01.729000,144.56700,1.00
2023-12-01,2023-12-31,20260209_050546,20260209_050546-0008,6,段階5,2023-12-14 04:00:01.729000,144.51800,1.00
2023-12-01,2023-12-31,20260209_050546,20260209_050546-0009,1,初回,2023-12-14 22:30:43.962000,142.14600,1.00
2023-12-01,2023-12-31,20260209_050546,20260209_050546-0009,2,段階1,2023-12-14 22:30:43.962000,142.19700,1.00
2023-12-01,2023-12-31,20260209_050546,20260209_050546-0009,3,段階2,2023-12-14 22:30:43.962000,142.25700,1.00
2023-12-01,2023-12-31,20260209_050546,20260209_050546-0010,1,初回,2023-12-15 22:30:01.777000,141.51600,1.00
2023-12-01,2023-12-31,20260209_050546,20260209_050546-0011,1,初回,2023-12-15 22:30:02.083000,141.50800,1.00
2023-12-01,2023-12-31,20260209_050546,20260209_050546-0012,1,初回,2023-12-19 11:49:07.190000,143.14200,1.00
2023-12-01,2023-12-31,20260209_050546,20260209_050546-0012,2,段階1,2023-12-19 11:49:07.190000,143.21800,1.00
2023-12-01,2023-12-31,20260209_050546,20260209_050546-0012,3,段階2,2023-12-19 11:49:07.190000,143.24300,1.00
2023-12-01,2023-12-31,20260209_050546,20260209_050546-0012,4,段階3,2023-12-19 11:49:07.190000,143.30300,1.00
2023-12-01,2023-12-31,20260209_050546,20260209_050546-0012,5,段階4,2023-12-19 11:49:07.190000,143.34900,1.00
2023-12-01,2023-12-31,20260209_050546,20260209_050546-0012,6,段階5,2023-12-19 11:49:07.190000,143.39800,1.00
2023-12-01,2023-12-31,20260209_050546,20260209_050546-0013,1,初回,2023-12-19 15:36:35.626000,142.50400,1.00
2023-12-01,2023-12-31,20260209_050546,20260209_050546-0014,1,初回,2023-12-19 15:37:28.296000,143.27800,1.00
2023-12-01,2023-12-31,20260209_050546,20260209_050546-0014,2,段階1,2023-12-19 15:37:28.296000,143.17800,1.00
2023-12-01,2023-12-31,20260209_050546,20260209_050546-0014,3,段階2,2023-12-19 15:37:28.296000,143.17600,1.00
2023-12-01,2023-12-31,20260209_050546,20260209_050546-0014,4,段階3,2023-12-19 15:37:28.296000,143.11200,1.00
2023-12-01,2023-12-31,20260209_050546,20260209_050546-0014,5,段階4,2023-12-19 15:37:28.296000,143.05900,1.00
2023-12-01,2023-12-31,20260209_050546,20260209_050546-0015,1,初回,2023-12-21 22:30:11.155000,142.66000,1.00
2023-12-01,2023-12-31,20260209_050546,20260209_050546-0016,1,初回,2023-12-29 01:01:11.265000,141.23500,1.00
2024-01-01,2024-01-31,20260209_050714,20260209_050714-0001,1,初回,2024-01-05 22:30:01.563000,145.38300,1.00
2024-01-01,2024-01-31,20260209_050714,20260209_050714-0001,2,段階1,2024-01-05 22:30:01.563000,145.45300,1.00
2024-01-01,2024-01-31,20260209_050714,20260209_050714-0001,3,段階2,2024-01-05 22:30:01.563000,145.49600,1.00
2024-01-01,2024-01-31,20260209_050714,20260209_050714-0001,4,段階3,2024-01-05 22:30:01.563000,145.55700,1.00
2024-01-01,2024-01-31,20260209_050714,20260209_050714-0001,5,段階4,2024-01-05 22:30:01.563000,145.59900,1.00
2024-01-01,2024-01-31,20260209_050714,20260209_050714-0001,6,段階5,2024-01-05 22:30:01.563000,145.64000,1.00
2024-01-01,2024-01-31,20260209_050714,20260209_050714-0002,1,初回,2024-01-11 22:30:00.988000,145.00200,1.00
2024-01-01,2024-01-31,20260209_050714,20260209_050714-0003,1,初回,2024-01-11 22:30:02.903000,145.80800,1.00
2024-01-01,2024-01-31,20260209_050714,20260209_050714-0004,1,初回,2024-01-11 22:30:02.799000,145.79700,1.00
2024-01-01,2024-01-31,20260209_050714,20260209_050714-0005,1,初回,2024-01-17 22:30:04.379000,147.95100,1.00
2024-01-01,2024-01-31,20260209_050714,20260209_050714-0006,1,初回,2024-01-17 22:30:04.328000,147.94700,1.00
2024-01-01,2024-01-31,20260209_050714,20260209_050714-0006,2,段階1,2024-01-17 22:30:04.328000,148.00700,1.00
2024-01-01,2024-01-31,20260209_050714,20260209_050714-0006,3,段階2,2024-01-17 22:30:04.328000,148.05300,1.00
2024-01-01,2024-01-31,20260209_050714,20260209_050714-0006,4,段階3,2024-01-17 22:30:04.328000,148.09800,1.00
2024-01-01,2024-01-31,20260209_050714,20260209_050714-0006,5,段階4,2024-01-17 22:30:04.328000,148.14800,1.00
2024-01-01,2024-01-31,20260209_050714,20260209_050714-0006,6,段階5,2024-01-17 22:30:04.328000,148.20800,1.00
2024-01-01,2024-01-31,20260209_050714,20260209_050714-0007,1,初回,2024-01-18 22:30:01.460000,148.14000,1.00
2024-01-01,2024-01-31,20260209_050714,20260209_050714-0008,1,初回,2024-01-23 12:09:06.188000,148.50200,1.00
2024-01-01,2024-01-31,20260209_050714,20260209_050714-0009,1,初回,2024-01-25 22:30:04.099000,147.90600,1.00
2024-01-01,2024-01-31,20260209_050714,20260209_050714-0010,1,初回,2024-01-25 22:30:02.769000,147.85900,1.00
2024-01-01,2024-01-31,20260209_050714,20260209_050714-0010,2,段階1,2024-01-25 22:30:02.769000,147.91100,1.00
2024-01-01,2024-01-31,20260209_050714,20260209_050714-0011,1,初回,2024-01-26 22:30:10.345000,147.42300,1.00
2024-01-01,2024-01-31,20260209_050714,20260209_050714-0012,1,初回,2024-01-26 22:30:09.554000,147.50500,1.00
2024-01-01,2024-01-31,20260209_050714,20260209_050714-0012,2,段階1,2024-01-26 22:30:09.554000,147.43800,1.00
2024-01-01,2024-01-31,20260209_050714,20260209_050714-0012,3,段階2,2024-01-26 22:30:09.554000,147.40300,1.00
2024-02-01,2024-02-29,20260209_050834,20260209_050834-0001,1,初回,2024-02-01 04:00:04.389000,146.09600,1.00
2024-02-01,2024-02-29,20260209_050834,20260209_050834-0002,1,初回,2024-02-01 04:00:11.916000,146.74300,1.00
2024-02-01,2024-02-29,20260209_050834,20260209_050834-0002,2,段階1,2024-02-01 04:00:11.916000,146.79800,1.00
2024-02-01,2024-02-29,20260209_050834,20260209_050834-0003,1,初回,2024-02-01 04:00:07.235000,146.56700,1.00
2024-02-01,2024-02-29,20260209_050834,20260209_050834-0003,2,段階1,2024-02-01 04:00:07.235000,146.62100,1.00
2024-02-01,2024-02-29,20260209_050834,20260209_050834-0003,3,段階2,2024-02-01 04:00:07.235000,146.67200,1.00
2024-02-01,2024-02-29,20260209_050834,20260209_050834-0003,4,段階3,2024-02-01 04:00:07.235000,146.74300,1.00
2024-02-01,2024-02-29,20260209_050834,20260209_050834-0003,5,段階4,2024-02-01 04:00:07.235000,146.78200,1.00
2024-02-01,2024-02-29,20260209_050834,20260209_050834-0004,1,初回,2024-02-02 22:30:01.802000,147.03500,1.00
2024-02-01,2024-02-29,20260209_050834,20260209_050834-0004,2,段階1,2024-02-02 22:30:01.802000,147.13800,1.00
2024-02-01,2024-02-29,20260209_050834,20260209_050834-0004,3,段階2,2024-02-02 22:30:01.802000,147.13800,1.00
2024-02-01,2024-02-29,20260209_050834,20260209_050834-0004,4,段階3,2024-02-02 22:30:01.802000,147.20800,1.00
2024-02-01,2024-02-29,20260209_050834,20260209_050834-0004,5,段階4,2024-02-02 22:30:01.802000,147.23700,1.00
2024-02-01,2024-02-29,20260209_050834,20260209_050834-0004,6,段階5,2024-02-02 22:30:01.802000,147.28500,1.00
2024-02-01,2024-02-29,20260209_050834,20260209_050834-0005,1,初回,2024-02-02 22:30:02.109000,147.13800,1.00
2024-02-01,2024-02-29,20260209_050834,20260209_050834-0005,2,段階1,2024-02-02 22:30:02.109000,147.20800,1.00
2024-02-01,2024-02-29,20260209_050834,20260209_050834-0005,3,段階2,2024-02-02 22:30:02.109000,147.25000,1.00
2024-02-01,2024-02-29,20260209_050834,20260209_050834-0005,4,段階3,2024-02-02 22:30:02.109000,147.28900,1.00
2024-02-01,2024-02-29,20260209_050834,20260209_050834-0005,5,段階4,2024-02-02 22:30:02.109000,147.34500,1.00
2024-02-01,2024-02-29,20260209_050834,20260209_050834-0005,6,段階5,2024-02-02 22:30:02.109000,147.39000,1.00
2024-02-01,2024-02-29,20260209_050834,20260209_050834-0006,1,初回,2024-02-09 22:31:06.833000,149.24700,1.00
2024-02-01,2024-02-29,20260209_050834,20260209_050834-0006,2,段階1,2024-02-09 22:31:06.833000,149.18500,1.00
2024-02-01,2024-02-29,20260209_050834,20260209_050834-0006,3,段階2,2024-02-09 22:31:06.833000,149.14200,1.00
2024-02-01,2024-02-29,20260209_050834,20260209_050834-0006,4,段階3,2024-02-09 22:31:06.833000,149.09100,1.00
2024-02-01,2024-02-29,20260209_050834,20260209_050834-0006,5,段階4,2024-02-09 22:31:06.833000,149.04500,1.00
2024-02-01,2024-02-29,20260209_050834,20260209_050834-0007,1,初回,2024-02-13 22:30:01.265000,149.71200,1.00
2024-02-01,2024-02-29,20260209_050834,20260209_050834-0007,2,段階1,2024-02-13 22:30:01.265000,149.76700,1.00
2024-02-01,2024-02-29,20260209_050834,20260209_050834-0007,3,段階2,2024-02-13 22:30:01.265000,149.82900,1.00
2024-02-01,2024-02-29,20260209_050834,20260209_050834-0007,4,段階3,2024-02-13 22:30:01.265000,149.87500,1.00
2024-02-01,2024-02-29,20260209_050834,20260209_050834-0007,5,段階4,2024-02-13 22:30:01.265000,149.91200,1.00
2024-02-01,2024-02-29,20260209_050834,20260209_050834-0007,6,段階5,2024-02-13 22:30:01.265000,149.96400,1.00
2024-02-01,2024-02-29,20260209_050834,20260209_050834-0008,1,初回,2024-02-15 22:30:16.797000,149.54800,1.00
2024-02-01,2024-02-29,20260209_050834,20260209_050834-0009,1,初回,2024-02-16 22:30:06.680000,150.61600,1.00
2024-03-01,2024-03-31,20260209_050937,20260209_050937-0001,1,初回,2024-03-06 00:00:08.424000,149.87400,1.00
2024-03-01,2024-03-31,20260209_050937,20260209_050937-0001,2,段階1,2024-03-06 00:00:08.424000,149.81900,1.00
2024-03-01,2024-03-31,20260209_050937,20260209_050937-0001,3,段階2,2024-03-06 00:00:08.424000,149.77300,1.00
2024-03-01,2024-03-31,20260209_050937,20260209_050937-0001,4,段階3,2024-03-06 00:00:08.424000,149.72200,1.00
2024-03-01,2024-03-31,20260209_050937,20260209_050937-0002,1,初回,2024-03-06 00:00:00.158000,149.98200,1.00
2024-03-01,2024-03-31,20260209_050937,20260209_050937-0002,2,段階1,2024-03-06 00:00:00.158000,149.92500,1.00
2024-03-01,2024-03-31,20260209_050937,20260209_050937-0002,3,段階2,2024-03-06 00:00:00.158000,149.88100,1.00
2024-03-01,2024-03-31,20260209_050937,20260209_050937-0002,4,段階3,2024-03-06 00:00:00.158000,149.83200,1.00
2024-03-01,2024-03-31,20260209_050937,20260209_050937-0002,5,段階4,2024-03-06 00:00:00.158000,149.78200,1.00
2024-03-01,2024-03-31,20260209_050937,20260209_050937-0002,6,段階5,2024-03-06 00:00:00.158000,149.73200,1.00
2024-03-01,2024-03-31,20260209_050937,20260209_050937-0003,1,初回,2024-03-08 22:30:44.531000,146.90300,1.00
2024-03-01,2024-03-31,20260209_050937,20260209_050937-0003,2,段階1,2024-03-08 22:30:44.531000,146.85100,1.00
2024-03-01,2024-03-31,20260209_050937,20260209_050937-0003,3,段階2,2024-03-08 22:30:44.531000,146.80200,1.00
2024-03-01,2024-03-31,20260209_050937,20260209_050937-0003,4,段階3,2024-03-08 22:30:44.531000,146.75300,1.00
2024-03-01,2024-03-31,20260209_050937,20260209_050937-0003,5,段階4,2024-03-08 22:30:44.531000,146.69100,1.00
2024-03-01,2024-03-31,20260209_050937,20260209_050937-0003,6,段階5,2024-03-08 22:30:44.531000,146.65200,1.00
2024-03-01,2024-03-31,20260209_050937,20260209_050937-0004,1,初回,2024-03-12 21:30:01.341000,147.82000,1.00
2024-03-01,2024-03-31,20260209_050937,20260209_050937-0005,1,初回,2024-03-12 21:30:09.305000,148.13800,1.00
2024-03-01,2024-03-31,20260209_050937,20260209_050937-0006,1,初回,2024-03-12 21:30:04.794000,148.09500,1.00
2024-03-01,2024-03-31,20260209_050937,20260209_050937-0006,2,段階1,2024-03-12 21:30:04.794000,148.14700,1.00
2024-03-01,2024-03-31,20260209_050937,20260209_050937-0007,1,初回,2024-03-14 22:21:34.740000,147.49400,1.00
2024-03-01,2024-03-31,20260209_050937,20260209_050937-0008,1,初回,2024-03-19 12:35:15.683000,149.02100,1.00
2024-03-01,2024-03-31,20260209_050937,20260209_050937-0009,1,初回,2024-03-21 03:33:41.236000,151.68500,1.00
2024-03-01,2024-03-31,20260209_050937,20260209_050937-0010,1,初回,2024-03-27 18:01:59.869000,151.48000,1.00
2024-03-01,2024-03-31,20260209_050937,20260209_050937-0010,2,段階1,2024-03-27 18:01:59.869000,151.42700,1.00
2024-03-01,2024-03-31,20260209_050937,20260209_050937-0010,3,段階2,2024-03-27 18:01:59.869000,151.36500,1.00
2024-04-01,2024-04-30,20260209_051034,20260209_051034-0001,1,初回,2024-04-03 23:00:00.475000,151.65400,1.00
2024-04-01,2024-04-30,20260209_051034,20260209_051034-0002,1,初回,2024-04-15 23:37:19.547000,153.86500,1.00
2024-04-01,2024-04-30,20260209_051034,20260209_051034-0003,1,初回,2024-04-16 22:39:17.614000,153.93000,1.00
2024-04-01,2024-04-30,20260209_051034,20260209_051034-0004,1,初回,2024-04-16 22:39:14.448000,154.16800,1.00
2024-04-01,2024-04-30,20260209_051034,20260209_051034-0004,2,段階1,2024-04-16 22:39:14.448000,154.11600,1.00
2024-04-01,2024-04-30,20260209_051034,20260209_051034-0004,3,段階2,2024-04-16 22:39:14.448000,154.06200,1.00
2024-04-01,2024-04-30,20260209_051034,20260209_051034-0004,4,段階3,2024-04-16 22:39:14.448000,154.01000,1.00
2024-04-01,2024-04-30,20260209_051034,20260209_051034-0004,5,段階4,2024-04-16 22:39:14.448000,153.94100,1.00
2024-04-01,2024-04-30,20260209_051034,20260209_051034-0004,6,段階5,2024-04-16 22:39:14.448000,153.90800,1.00
2024-04-01,2024-04-30,20260209_051034,20260209_051034-0005,1,初回,2024-04-18 01:26:02.972000,154.27600,1.00
2024-04-01,2024-04-30,20260209_051034,20260209_051034-0006,1,初回,2024-04-23 22:45:00.769000,154.59700,1.00
2024-04-01,2024-04-30,20260209_051034,20260209_051034-0007,1,初回,2024-04-23 22:45:00.494000,154.63200,1.00
2024-04-01,2024-04-30,20260209_051034,20260209_051034-0008,1,初回,2024-04-23 22:45:00.380000,154.68500,1.00
2024-04-01,2024-04-30,20260209_051034,20260209_051034-0008,2,段階1,2024-04-23 22:45:00.380000,154.63200,1.00
2024-04-01,2024-04-30,20260209_051034,20260209_051034-0008,3,段階2,2024-04-23 22:45:00.380000,154.58400,1.00
2024-04-01,2024-04-30,20260209_051034,20260209_051034-0009,1,初回,2024-04-25 21:30:14.203000,155.34200,1.00
2024-04-01,2024-04-30,20260209_051034,20260209_051034-0010,1,初回,2024-04-26 12:22:48.769000,155.44600,1.00
2024-04-01,2024-04-30,20260209_051034,20260209_051034-0011,1,初回,2024-04-26 17:02:28.887000,155.00300,1.00
2024-04-01,2024-04-30,20260209_051034,20260209_051034-0012,1,初回,2024-04-26 21:30:15.645000,156.83800,1.00
2024-04-01,2024-04-30,20260209_051034,20260209_051034-0012,2,段階1,2024-04-26 21:30:15.645000,156.89100,1.00
2024-04-01,2024-04-30,20260209_051034,20260209_051034-0012,3,段階2,2024-04-26 21:30:15.645000,156.93900,1.00
2024-04-01,2024-04-30,20260209_051034,20260209_051034-0013,1,初回,2024-04-29 13:16:09.667000,157.61600,1.00
2024-04-01,2024-04-30,20260209_051034,20260209_051034-0013,2,段階1,2024-04-29 13:16:09.667000,157.56400,1.00
2024-04-01,2024-04-30,20260209_051034,20260209_051034-0013,3,段階2,2024-04-29 13:16:09.667000,157.49900,1.00
2024-04-01,2024-04-30,20260209_051034,20260209_051034-0013,4,段階3,2024-04-29 13:16:09.667000,157.46500,1.00
2024-04-01,2024-04-30,20260209_051034,20260209_051034-0013,5,段階4,2024-04-29 13:16:09.667000,157.41100,1.00
2024-04-01,2024-04-30,20260209_051034,20260209_051034-0013,6,段階5,2024-04-29 13:16:09.667000,157.35600,1.00
2024-04-01,2024-04-30,20260209_051034,20260209_051034-0014,1,初回,2024-04-29 13:19:40.943000,156.60800,1.00
2024-04-01,2024-04-30,20260209_051034,20260209_051034-0015,1,初回,2024-04-29 13:54:00.749000,155.22100,1.00
2024-04-01,2024-04-30,20260209_051034,20260209_051034-0016,1,初回,2024-04-29 16:35:21.832000,154.58700,1.00
2024-04-01,2024-04-30,20260209_051034,20260209_051034-0016,2,段階1,2024-04-29 16:35:21.832000,154.53500,1.00
2024-04-01,2024-04-30,20260209_051034,20260209_051034-0017,1,初回,2024-04-30 16:27:10.152000,156.51000,1.00
2024-04-01,2024-04-30,20260209_051034,20260209_051034-0018,1,初回,2024-04-30 16:27:07.489000,156.59400,1.00
2024-04-01,2024-04-30,20260209_051034,20260209_051034-0018,2,段階1,2024-04-30 16:27:07.489000,156.54400,1.00
2024-04-01,2024-04-30,20260209_051034,20260209_051034-0018,3,段階2,2024-04-30 16:27:07.489000,156.49100,1.00
2024-04-01,2024-04-30,20260209_051034,20260209_051034-0019,1,初回,2024-04-30 21:30:03.570000,157.20400,1.00
2024-04-01,2024-04-30,20260209_051034,20260209_051034-0019,2,段階1,2024-04-30 21:30:03.570000,157.25800,1.00
2024-04-01,2024-04-30,20260209_051034,20260209_051034-0019,3,段階2,2024-04-30 21:30:03.570000,157.31400,1.00
2024-04-01,2024-04-30,20260209_051034,20260209_051034-0019,4,段階3,2024-04-30 21:30:03.570000,157.35700,1.00
2024-04-01,2024-04-30,20260209_051034,20260209_051034-0019,5,段階4,2024-04-30 21:30:03.570000,157.40500,1.00
2024-04-01,2024-04-30,20260209_051034,20260209_051034-0019,6,段階5,2024-04-30 21:30:03.570000,157.45600,1.00
2024-05-01,2024-05-31,20260209_051128,20260209_051128-0001,1,初回,2024-05-02 03:00:13.136000,157.34500,1.00
2024-05-01,2024-05-31,20260209_051128,20260209_051128-0002,1,初回,2024-05-02 03:00:12.106000,157.42000,1.00
2024-05-01,2024-05-31,20260209_051128,20260209_051128-0002,2,段階1,2024-05-02 03:00:12.106000,157.36600,1.00
2024-05-01,2024-05-31,20260209_051128,20260209_051128-0003,1,初回,2024-05-03 21:30:01.894000,152.70200,1.00
2024-05-01,2024-05-31,20260209_051128,20260209_051128-0003,2,段階1,2024-05-03 21:30:01.894000,152.65000,1.00
2024-05-01,2024-05-31,20260209_051128,20260209_051128-0003,3,段階2,2024-05-03 21:30:01.894000,152.59500,1.00
2024-05-01,2024-05-31,20260209_051128,20260209_051128-0003,4,段階3,2024-05-03 21:30:01.894000,152.55000,1.00
2024-05-01,2024-05-31,20260209_051128,20260209_051128-0003,5,段階4,2024-05-03 21:30:01.894000,152.49800,1.00
2024-05-01,2024-05-31,20260209_051128,20260209_051128-0003,6,段階5,2024-05-03 21:30:01.894000,152.45200,1.00
2024-05-01,2024-05-31,20260209_051128,20260209_051128-0004,1,初回,2024-05-15 21:30:02.375000,155.30200,1.00
2024-05-01,2024-05-31,20260209_051128,20260209_051128-0004,2,段階1,2024-05-15 21:30:02.375000,155.21400,1.00
2024-05-01,2024-05-31,20260209_051128,20260209_051128-0004,3,段階2,2024-05-15 21:30:02.375000,155.19800,1.00
2024-05-01,2024-05-31,20260209_051128,20260209_051128-0004,4,段階3,2024-05-15 21:30:02.375000,155.09900,1.00
2024-05-01,2024-05-31,20260209_051128,20260209_051128-0004,5,段階4,2024-05-15 21:30:02.375000,155.09900,1.00
2024-05-01,2024-05-31,20260209_051128,20260209_051128-0004,6,段階5,2024-05-15 21:30:02.375000,155.02700,1.00
2024-05-01,2024-05-31,20260209_051128,20260209_051128-0005,1,初回,2024-05-15 21:30:02.481000,155.30300,1.00
2024-05-01,2024-05-31,20260209_051128,20260209_051128-0005,2,段階1,2024-05-15 21:30:02.481000,155.21400,1.00
2024-05-01,2024-05-31,20260209_051128,20260209_051128-0005,3,段階2,2024-05-15 21:30:02.481000,155.19800,1.00
2024-05-01,2024-05-31,20260209_051128,20260209_051128-0005,4,段階3,2024-05-15 21:30:02.481000,155.09900,1.00
2024-05-01,2024-05-31,20260209_051128,20260209_051128-0005,5,段階4,2024-05-15 21:30:02.481000,155.09900,1.00
2024-05-01,2024-05-31,20260209_051128,20260209_051128-0005,6,段階5,2024-05-15 21:30:02.481000,155.02700,1.00
2024-05-01,2024-05-31,20260209_051128,20260209_051128-0006,1,初回,2024-05-15 21:30:03.013000,155.09900,1.00
2024-05-01,2024-05-31,20260209_051128,20260209_051128-0006,2,段階1,2024-05-15 21:30:03.013000,155.02700,1.00
2024-05-01,2024-05-31,20260209_051128,20260209_051128-0006,3,段階2,2024-05-15 21:30:03.013000,154.99700,1.00
2024-05-01,2024-05-31,20260209_051128,20260209_051128-0006,4,段階3,2024-05-15 21:30:03.013000,154.94900,1.00
2024-05-01,2024-05-31,20260209_051128,20260209_051128-0006,5,段階4,2024-05-15 21:30:03.013000,154.89100,1.00
2024-05-01,2024-05-31,20260209_051128,20260209_051128-0006,6,段階5,2024-05-15 21:30:03.013000,154.84700,1.00
2024-05-01,2024-05-31,20260209_051128,20260209_051128-0007,1,初回,2024-05-23 22:45:00.648000,156.95400,1.00
2024-05-01,2024-05-31,20260209_051128,20260209_051128-0008,1,初回,2024-05-23 23:13:17.251000,156.56000,1.00
2024-06-01,2024-06-30,20260209_051217,20260209_051217-0001,1,初回,2024-06-04 18:20:40.224000,155.07100,1.00
2024-06-01,2024-06-30,20260209_051217,20260209_051217-0002,1,初回,2024-06-04 23:00:05.463000,154.58700,1.00
2024-06-01,2024-06-30,20260209_051217,20260209_051217-0003,1,初回,2024-06-04 23:00:01.268000,154.72800,1.00
2024-06-01,2024-06-30,20260209_051217,20260209_051217-0003,2,段階1,2024-06-04 23:00:01.268000,154.67500,1.00
2024-06-01,2024-06-30,20260209_051217,20260209_051217-0003,3,段階2,2024-06-04 23:00:01.268000,154.61700,1.00
2024-06-01,2024-06-30,20260209_051217,20260209_051217-0003,4,段階3,2024-06-04 23:00:01.268000,154.57700,1.00
2024-06-01,2024-06-30,20260209_051217,20260209_051217-0004,1,初回,2024-06-07 21:30:01.611000,155.31900,1.00
2024-06-01,2024-06-30,20260209_051217,20260209_051217-0005,1,初回,2024-06-07 21:30:01.815000,155.79300,1.00
2024-06-01,2024-06-30,20260209_051217,20260209_051217-0005,2,段階1,2024-06-07 21:30:01.815000,155.84900,1.00
2024-06-01,2024-06-30,20260209_051217,20260209_051217-0005,3,段階2,2024-06-07 21:30:01.815000,155.91000,1.00
2024-06-01,2024-06-30,20260209_051217,20260209_051217-0005,4,段階3,2024-06-07 21:30:01.815000,155.95400,1.00
2024-06-01,2024-06-30,20260209_051217,20260209_051217-0005,5,段階4,2024-06-07 21:30:01.815000,155.99800,1.00
2024-06-01,2024-06-30,20260209_051217,20260209_051217-0005,6,段階5,2024-06-07 21:30:01.815000,156.06300,1.00
2024-06-01,2024-06-30,20260209_051217,20260209_051217-0006,1,初回,2024-06-07 21:30:02.847000,155.91000,1.00
2024-06-01,2024-06-30,20260209_051217,20260209_051217-0006,2,段階1,2024-06-07 21:30:02.847000,155.97100,1.00
2024-06-01,2024-06-30,20260209_051217,20260209_051217-0006,3,段階2,2024-06-07 21:30:02.847000,156.01300,1.00
2024-06-01,2024-06-30,20260209_051217,20260209_051217-0006,4,段階3,2024-06-07 21:30:02.847000,156.06300,1.00
2024-06-01,2024-06-30,20260209_051217,20260209_051217-0006,5,段階4,2024-06-07 21:30:02.847000,156.11400,1.00
2024-06-01,2024-06-30,20260209_051217,20260209_051217-0006,6,段階5,2024-06-07 21:30:02.847000,156.17600,1.00
2024-06-01,2024-06-30,20260209_051217,20260209_051217-0007,1,初回,2024-06-12 21:30:02.237000,156.72400,1.00
2024-06-01,2024-06-30,20260209_051217,20260209_051217-0007,2,段階1,2024-06-12 21:30:02.237000,156.66300,1.00
2024-06-01,2024-06-30,20260209_051217,20260209_051217-0008,1,初回,2024-06-12 21:30:01.725000,156.84200,1.00
2024-06-01,2024-06-30,20260209_051217,20260209_051217-0008,2,段階1,2024-06-12 21:30:01.725000,156.72400,1.00
2024-06-01,2024-06-30,20260209_051217,20260209_051217-0008,3,段階2,2024-06-12 21:30:01.725000,156.72400,1.00
2024-06-01,2024-06-30,20260209_051217,20260209_051217-0008,4,段階3,2024-06-12 21:30:01.725000,156.66300,1.00
2024-06-01,2024-06-30,20260209_051217,20260209_051217-0008,5,段階4,2024-06-12 21:30:01.725000,156.62100,1.00
2024-06-01,2024-06-30,20260209_051217,20260209_051217-0008,6,段階5,2024-06-12 21:30:01.725000,156.58700,1.00
2024-06-01,2024-06-30,20260209_051217,20260209_051217-0009,1,初回,2024-06-12 21:30:01.930000,156.82000,1.00
2024-06-01,2024-06-30,20260209_051217,20260209_051217-0009,2,段階1,2024-06-12 21:30:01.930000,156.72400,1.00
2024-06-01,2024-06-30,20260209_051217,20260209_051217-0009,3,段階2,2024-06-12 21:30:01.930000,156.66300,1.00
2024-06-01,2024-06-30,20260209_051217,20260209_051217-0009,4,段階3,2024-06-12 21:30:01.930000,156.66300,1.00
2024-06-01,2024-06-30,20260209_051217,20260209_051217-0009,5,段階4,2024-06-12 21:30:01.930000,156.59800,1.00
2024-06-01,2024-06-30,20260209_051217,20260209_051217-0009,6,段階5,2024-06-12 21:30:01.930000,156.55700,1.00
2024-06-01,2024-06-30,20260209_051217,20260209_051217-0010,1,初回,2024-06-12 21:30:32.772000,156.39400,1.00
2024-06-01,2024-06-30,20260209_051217,20260209_051217-0010,2,段階1,2024-06-12 21:30:32.772000,156.34000,1.00
2024-06-01,2024-06-30,20260209_051217,20260209_051217-0011,1,初回,2024-06-14 12:10:02.889000,156.83000,1.00
2024-06-01,2024-06-30,20260209_051217,20260209_051217-0012,1,初回,2024-06-14 12:23:08.757000,157.38600,1.00
2024-06-01,2024-06-30,20260209_051217,20260209_051217-0012,2,段階1,2024-06-14 12:23:08.757000,157.43600,1.00
2024-06-01,2024-06-30,20260209_051217,20260209_051217-0013,1,初回,2024-06-14 12:23:08.450000,157.35200,1.00
2024-06-01,2024-06-30,20260209_051217,20260209_051217-0013,2,段階1,2024-06-14 12:23:08.450000,157.43600,1.00
2024-06-01,2024-06-30,20260209_051217,20260209_051217-0014,1,初回,2024-06-14 12:23:07.731000,157.31400,1.00
2024-06-01,2024-06-30,20260209_051217,20260209_051217-0014,2,段階1,2024-06-14 12:23:07.731000,157.38600,1.00
2024-06-01,2024-06-30,20260209_051217,20260209_051217-0014,3,段階2,2024-06-14 12:23:07.731000,157.43600,1.00
2024-06-01,2024-06-30,20260209_051217,20260209_051217-0015,1,初回,2024-06-21 22:45:00.623000,159.10000,1.00
2024-06-01,2024-06-30,20260209_051217,20260209_051217-0015,2,段階1,2024-06-21 22:45:00.623000,159.15200,1.00
2024-06-01,2024-06-30,20260209_051217,20260209_051217-0015,3,段階2,2024-06-21 22:45:00.623000,159.20300,1.00
2024-06-01,2024-06-30,20260209_051217,20260209_051217-0015,4,段階3,2024-06-21 22:45:00.623000,159.25100,1.00
2024-06-01,2024-06-30,20260209_051217,20260209_051217-0015,5,段階4,2024-06-21 22:45:00.623000,159.30000,1.00
2024-06-01,2024-06-30,20260209_051217,20260209_051217-0015,6,段階5,2024-06-21 22:45:00.623000,159.35000,1.00
2024-06-01,2024-06-30,20260209_051217,20260209_051217-0016,1,初回,2024-06-21 22:45:01.404000,159.09800,1.00
2024-06-01,2024-06-30,20260209_051217,20260209_051217-0016,2,段階1,2024-06-21 22:45:01.404000,159.15200,1.00
2024-06-01,2024-06-30,20260209_051217,20260209_051217-0016,3,段階2,2024-06-21 22:45:01.404000,159.20300,1.00
2024-06-01,2024-06-30,20260209_051217,20260209_051217-0016,4,段階3,2024-06-21 22:45:01.404000,159.25100,1.00
2024-06-01,2024-06-30,20260209_051217,20260209_051217-0016,5,段階4,2024-06-21 22:45:01.404000,159.30000,1.00
2024-06-01,2024-06-30,20260209_051217,20260209_051217-0016,6,段階5,2024-06-21 22:45:01.404000,159.35000,1.00
2024-06-01,2024-06-30,20260209_051217,20260209_051217-0017,1,初回,2024-06-24 19:07:04.280000,158.77500,1.00
2024-06-01,2024-06-30,20260209_051217,20260209_051217-0018,1,初回,2024-06-28 21:30:03.134000,160.39200,1.00
2024-06-01,2024-06-30,20260209_051217,20260209_051217-0019,1,初回,2024-06-28 21:30:03.344000,160.38400,1.00
2024-07-01,2024-07-31,20260209_051328,20260209_051328-0001,1,初回,2024-07-01 23:00:02.098000,160.98800,1.00
2024-07-01,2024-07-31,20260209_051328,20260209_051328-0002,1,初回,2024-07-03 23:00:00.336000,161.41000,1.00
2024-07-01,2024-07-31,20260209_051328,20260209_051328-0002,2,段階1,2024-07-03 23:00:00.336000,161.34800,1.00
2024-07-01,2024-07-31,20260209_051328,20260209_051328-0003,1,初回,2024-07-05 21:30:41.829000,160.36700,1.00
2024-07-01,2024-07-31,20260209_051328,20260209_051328-0004,1,初回,2024-07-05 21:30:24.775000,160.56900,1.00
2024-07-01,2024-07-31,20260209_051328,20260209_051328-0004,2,段階1,2024-07-05 21:30:24.775000,160.50900,1.00
2024-07-01,2024-07-31,20260209_051328,20260209_051328-0004,3,段階2,2024-07-05 21:30:24.775000,160.46500,1.00
2024-07-01,2024-07-31,20260209_051328,20260209_051328-0004,4,段階3,2024-07-05 21:30:24.775000,160.40600,1.00
2024-07-01,2024-07-31,20260209_051328,20260209_051328-0004,5,段階4,2024-07-05 21:30:24.775000,160.36700,1.00
2024-07-01,2024-07-31,20260209_051328,20260209_051328-0005,1,初回,2024-07-05 21:30:21.122000,160.65200,1.00
2024-07-01,2024-07-31,20260209_051328,20260209_051328-0005,2,段階1,2024-07-05 21:30:21.122000,160.57900,1.00
2024-07-01,2024-07-31,20260209_051328,20260209_051328-0005,3,段階2,2024-07-05 21:30:21.122000,160.54200,1.00
2024-07-01,2024-07-31,20260209_051328,20260209_051328-0005,4,段階3,2024-07-05 21:30:21.122000,160.49500,1.00
2024-07-01,2024-07-31,20260209_051328,20260209_051328-0005,5,段階4,2024-07-05 21:30:21.122000,160.43800,1.00
2024-07-01,2024-07-31,20260209_051328,20260209_051328-0005,6,段階5,2024-07-05 21:30:21.122000,160.39600,1.00
2024-07-01,2024-07-31,20260209_051328,20260209_051328-0006,1,初回,2024-07-11 21:30:01.135000,161.35600,1.00
2024-07-01,2024-07-31,20260209_051328,20260209_051328-0006,2,段階1,2024-07-11 21:30:01.135000,161.23300,1.00
2024-07-01,2024-07-31,20260209_051328,20260209_051328-0006,3,段階2,2024-07-11 21:30:01.135000,161.23300,1.00
2024-07-01,2024-07-31,20260209_051328,20260209_051328-0006,4,段階3,2024-07-11 21:30:01.135000,161.18000,1.00
2024-07-01,2024-07-31,20260209_051328,20260209_051328-0006,5,段階4,2024-07-11 21:30:01.135000,161.03100,1.00
2024-07-01,2024-07-31,20260209_051328,20260209_051328-0006,6,段階5,2024-07-11 21:30:01.135000,161.03100,1.00
2024-07-01,2024-07-31,20260209_051328,20260209_051328-0007,1,初回,2024-07-11 21:30:01.187000,161.23300,1.00
2024-07-01,2024-07-31,20260209_051328,20260209_051328-0007,2,段階1,2024-07-11 21:30:01.187000,161.18000,1.00
2024-07-01,2024-07-31,20260209_051328,20260209_051328-0007,3,段階2,2024-07-11 21:30:01.187000,161.03100,1.00
2024-07-01,2024-07-31,20260209_051328,20260209_051328-0007,4,段階3,2024-07-11 21:30:01.187000,161.03100,1.00
2024-07-01,2024-07-31,20260209_051328,20260209_051328-0007,5,段階4,2024-07-11 21:30:01.187000,161.03100,1.00
2024-07-01,2024-07-31,20260209_051328,20260209_051328-0007,6,段階5,2024-07-11 21:30:01.187000,160.98300,1.00
2024-07-01,2024-07-31,20260209_051328,20260209_051328-0008,1,初回,2024-07-11 21:42:07.846000,160.49300,1.00
2024-07-01,2024-07-31,20260209_051328,20260209_051328-0008,2,段階1,2024-07-11 21:42:07.846000,160.43300,1.00
2024-07-01,2024-07-31,20260209_051328,20260209_051328-0008,3,段階2,2024-07-11 21:42:07.846000,160.39000,1.00
2024-07-01,2024-07-31,20260209_051328,20260209_051328-0008,4,段階3,2024-07-11 21:42:07.846000,160.33300,1.00
2024-07-01,2024-07-31,20260209_051328,20260209_051328-0008,5,段階4,2024-07-11 21:42:07.846000,160.29100,1.00
2024-07-01,2024-07-31,20260209_051328,20260209_051328-0008,6,段階5,2024-07-11 21:42:07.846000,160.13800,1.00
2024-07-01,2024-07-31,20260209_051328,20260209_051328-0009,1,初回,2024-07-11 21:42:11.632000,160.29100,1.00
2024-07-01,2024-07-31,20260209_051328,20260209_051328-0009,2,段階1,2024-07-11 21:42:11.632000,160.13800,1.00
2024-07-01,2024-07-31,20260209_051328,20260209_051328-0009,3,段階2,2024-07-11 21:42:11.632000,160.13800,1.00
2024-07-01,2024-07-31,20260209_051328,20260209_051328-0009,4,段階3,2024-07-11 21:42:11.632000,160.13800,1.00
2024-07-01,2024-07-31,20260209_051328,20260209_051328-0009,5,段階4,2024-07-11 21:42:11.632000,160.08900,1.00
2024-07-01,2024-07-31,20260209_051328,20260209_051328-0009,6,段階5,2024-07-11 21:42:11.632000,160.03800,1.00
2024-07-01,2024-07-31,20260209_051328,20260209_051328-0010,1,初回,2024-07-11 21:50:42.079000,158.39000,1.00
2024-07-01,2024-07-31,20260209_051328,20260209_051328-0011,1,初回,2024-07-12 22:09:02.885000,158.01100,1.00
2024-07-01,2024-07-31,20260209_051328,20260209_051328-0011,2,段階1,2024-07-12 22:09:02.885000,157.95300,1.00
2024-07-01,2024-07-31,20260209_051328,20260209_051328-0011,3,段階2,2024-07-12 22:09:02.885000,157.90600,1.00
2024-07-01,2024-07-31,20260209_051328,20260209_051328-0012,1,初回,2024-07-12 22:19:07.710000,157.39700,1.00
2024-07-01,2024-07-31,20260209_051328,20260209_051328-0013,1,初回,2024-07-12 22:19:06.680000,157.41100,1.00
2024-07-01,2024-07-31,20260209_051328,20260209_051328-0014,1,初回,2024-07-12 23:13:12.129000,157.39900,1.00
2024-07-01,2024-07-31,20260209_051328,20260209_051328-0015,1,初回,2024-07-16 01:42:05.076000,157.19900,1.00
2024-07-01,2024-07-31,20260209_051328,20260209_051328-0016,1,初回,2024-07-18 14:41:04.160000,155.83300,1.00
2024-07-01,2024-07-31,20260209_051328,20260209_051328-0017,1,初回,2024-07-24 14:08:17.541000,154.36400,1.00
2024-07-01,2024-07-31,20260209_051328,20260209_051328-0018,1,初回,2024-07-24 18:40:11.134000,154.31000,1.00
2024-07-01,2024-07-31,20260209_051328,20260209_051328-0019,1,初回,2024-07-24 18:40:08.911000,154.39700,1.00
2024-07-01,2024-07-31,20260209_051328,20260209_051328-0019,2,段階1,2024-07-24 18:40:08.911000,154.34700,1.00
2024-07-01,2024-07-31,20260209_051328,20260209_051328-0019,3,段階2,2024-07-24 18:40:08.911000,154.29300,1.00
2024-07-01,2024-07-31,20260209_051328,20260209_051328-0020,1,初回,2024-07-26 23:19:06.141000,153.11200,1.00
2024-07-01,2024-07-31,20260209_051328,20260209_051328-0021,1,初回,2024-07-26 23:19:04.301000,153.26700,1.00
2024-07-01,2024-07-31,20260209_051328,20260209_051328-0021,2,段階1,2024-07-26 23:19:04.301000,153.20800,1.00
2024-07-01,2024-07-31,20260209_051328,20260209_051328-0021,3,段階2,2024-07-26 23:19:04.301000,153.14900,1.00
2024-07-01,2024-07-31,20260209_051328,20260209_051328-0021,4,段階3,2024-07-26 23:19:04.301000,153.11200,1.00
2024-07-01,2024-07-31,20260209_051328,20260209_051328-0022,1,初回,2024-07-26 23:19:00.161000,153.39600,1.00
2024-07-01,2024-07-31,20260209_051328,20260209_051328-0022,2,段階1,2024-07-26 23:19:00.161000,153.33300,1.00
2024-07-01,2024-07-31,20260209_051328,20260209_051328-0022,3,段階2,2024-07-26 23:19:00.161000,153.26700,1.00
2024-07-01,2024-07-31,20260209_051328,20260209_051328-0022,4,段階3,2024-07-26 23:19:00.161000,153.24400,1.00
2024-07-01,2024-07-31,20260209_051328,20260209_051328-0022,5,段階4,2024-07-26 23:19:00.161000,153.19100,1.00
2024-07-01,2024-07-31,20260209_051328,20260209_051328-0022,6,段階5,2024-07-26 23:19:00.161000,153.13900,1.00
2024-07-01,2024-07-31,20260209_051328,20260209_051328-0023,1,初回,2024-07-26 23:19:00.787000,153.39500,1.00
2024-07-01,2024-07-31,20260209_051328,20260209_051328-0023,2,段階1,2024-07-26 23:19:00.787000,153.33300,1.00
2024-07-01,2024-07-31,20260209_051328,20260209_051328-0023,3,段階2,2024-07-26 23:19:00.787000,153.26700,1.00
2024-07-01,2024-07-31,20260209_051328,20260209_051328-0023,4,段階3,2024-07-26 23:19:00.787000,153.24400,1.00
2024-07-01,2024-07-31,20260209_051328,20260209_051328-0023,5,段階4,2024-07-26 23:19:00.787000,153.19100,1.00
2024-07-01,2024-07-31,20260209_051328,20260209_051328-0023,6,段階5,2024-07-26 23:19:00.787000,153.13900,1.00
2024-07-01,2024-07-31,20260209_051328,20260209_051328-0024,1,初回,2024-07-31 00:04:18.303000,153.88600,1.00
2024-07-01,2024-07-31,20260209_051328,20260209_051328-0025,1,初回,2024-07-31 12:45:56.828000,152.20200,1.00
2024-07-01,2024-07-31,20260209_051328,20260209_051328-0026,1,初回,2024-07-31 12:56:18.374000,152.14500,1.00
2024-07-01,2024-07-31,20260209_051328,20260209_051328-0027,1,初回,2024-07-31 12:56:29.643000,152.10200,1.00
2024-07-01,2024-07-31,20260209_051328,20260209_051328-0027,2,段階1,2024-07-31 12:56:29.643000,152.05100,1.00
2024-07-01,2024-07-31,20260209_051328,20260209_051328-0027,3,段階2,2024-07-31 12:56:29.643000,151.99300,1.00
2024-07-01,2024-07-31,20260209_051328,20260209_051328-0027,4,段階3,2024-07-31 12:56:29.643000,151.94400,1.00
2024-07-01,2024-07-31,20260209_051328,20260209_051328-0027,5,段階4,2024-07-31 12:56:29.643000,151.89500,1.00
2024-07-01,2024-07-31,20260209_051328,20260209_051328-0027,6,段階5,2024-07-31 12:56:29.643000,151.78000,1.00
2024-07-01,2024-07-31,20260209_051328,20260209_051328-0028,1,初回,2024-07-31 12:56:34.483000,151.96400,1.00
2024-07-01,2024-07-31,20260209_051328,20260209_051328-0028,2,段階1,2024-07-31 12:56:34.483000,151.91100,1.00
2024-07-01,2024-07-31,20260209_051328,20260209_051328-0028,3,段階2,2024-07-31 12:56:34.483000,151.78000,1.00
2024-07-01,2024-07-31,20260209_051328,20260209_051328-0028,4,段階3,2024-07-31 12:56:34.483000,151.78000,1.00
2024-07-01,2024-07-31,20260209_051328,20260209_051328-0028,5,段階4,2024-07-31 12:56:34.483000,151.74600,1.00
2024-07-01,2024-07-31,20260209_051328,20260209_051328-0028,6,段階5,2024-07-31 12:56:34.483000,151.69500,1.00
2024-07-01,2024-07-31,20260209_051328,20260209_051328-0029,1,初回,2024-07-31 12:56:42.999000,151.62600,1.00
2024-07-01,2024-07-31,20260209_051328,20260209_051328-0030,1,初回,2024-07-31 12:59:42.865000,153.82000,1.00
2024-07-01,2024-07-31,20260209_051328,20260209_051328-0031,1,初回,2024-07-31 13:00:19.717000,153.87400,1.00
2024-07-01,2024-07-31,20260209_051328,20260209_051328-0032,1,初回,2024-07-31 16:54:41.184000,150.64400,1.00
2024-07-01,2024-07-31,20260209_051328,20260209_051328-0033,1,初回,2024-07-31 17:08:53.296000,150.08900,1.00
2024-07-01,2024-07-31,20260209_051328,20260209_051328-0034,1,初回,2024-07-31 23:00:30.034000,149.66300,1.00
2024-08-01,2024-08-31,20260209_051533,20260209_051533-0001,1,初回,2024-08-02 21:30:01.222000,148.55500,1.00
2024-08-01,2024-08-31,20260209_051533,20260209_051533-0001,2,段階1,2024-08-02 21:30:01.222000,148.48400,1.00
2024-08-01,2024-08-31,20260209_051533,20260209_051533-0001,3,段階2,2024-08-02 21:30:01.222000,148.44900,1.00
2024-08-01,2024-08-31,20260209_051533,20260209_051533-0001,4,段階3,2024-08-02 21:30:01.222000,148.38000,1.00
2024-08-01,2024-08-31,20260209_051533,20260209_051533-0001,5,段階4,2024-08-02 21:30:01.222000,148.35200,1.00
2024-08-01,2024-08-31,20260209_051533,20260209_051533-0001,6,段階5,2024-08-02 21:30:01.222000,148.30500,1.00
2024-08-01,2024-08-31,20260209_051533,20260209_051533-0002,1,初回,2024-08-02 21:30:01.583000,148.54300,1.00
2024-08-01,2024-08-31,20260209_051533,20260209_051533-0002,2,段階1,2024-08-02 21:30:01.583000,148.48400,1.00
2024-08-01,2024-08-31,20260209_051533,20260209_051533-0002,3,段階2,2024-08-02 21:30:01.583000,148.42100,1.00
2024-08-01,2024-08-31,20260209_051533,20260209_051533-0002,4,段階3,2024-08-02 21:30:01.583000,148.38000,1.00
2024-08-01,2024-08-31,20260209_051533,20260209_051533-0002,5,段階4,2024-08-02 21:30:01.583000,148.30500,1.00
2024-08-01,2024-08-31,20260209_051533,20260209_051533-0002,6,段階5,2024-08-02 21:30:01.583000,148.26200,1.00
2024-08-01,2024-08-31,20260209_051533,20260209_051533-0003,1,初回,2024-08-05 12:12:06.688000,144.77200,1.00
2024-08-01,2024-08-31,20260209_051533,20260209_051533-0003,2,段階1,2024-08-05 12:12:06.688000,144.72100,1.00
2024-08-01,2024-08-31,20260209_051533,20260209_051533-0003,3,段階2,2024-08-05 12:12:06.688000,144.67100,1.00
2024-08-01,2024-08-31,20260209_051533,20260209_051533-0004,1,初回,2024-08-05 12:56:46.033000,144.20300,1.00
2024-08-01,2024-08-31,20260209_051533,20260209_051533-0005,1,初回,2024-08-05 13:26:48.845000,142.20800,1.00
2024-08-01,2024-08-31,20260209_051533,20260209_051533-0006,1,初回,2024-08-05 22:45:57.501000,142.95700,1.00
2024-08-01,2024-08-31,20260209_051533,20260209_051533-0007,1,初回,2024-08-05 22:45:55.527000,142.93300,1.00
2024-08-01,2024-08-31,20260209_051533,20260209_051533-0008,1,初回,2024-08-08 21:30:01.103000,146.27100,1.00
2024-08-01,2024-08-31,20260209_051533,20260209_051533-0008,2,段階1,2024-08-08 21:30:01.103000,146.35300,1.00
2024-08-01,2024-08-31,20260209_051533,20260209_051533-0008,3,段階2,2024-08-08 21:30:01.103000,146.40600,1.00
2024-08-01,2024-08-31,20260209_051533,20260209_051533-0008,4,段階3,2024-08-08 21:30:01.103000,146.42700,1.00
2024-08-01,2024-08-31,20260209_051533,20260209_051533-0008,5,段階4,2024-08-08 21:30:01.103000,146.49400,1.00
2024-08-01,2024-08-31,20260209_051533,20260209_051533-0008,6,段階5,2024-08-08 21:30:01.103000,146.54000,1.00
2024-08-01,2024-08-31,20260209_051533,20260209_051533-0009,1,初回,2024-08-08 21:30:06.839000,146.49400,1.00
2024-08-01,2024-08-31,20260209_051533,20260209_051533-0009,2,段階1,2024-08-08 21:30:06.839000,146.56100,1.00
2024-08-01,2024-08-31,20260209_051533,20260209_051533-0009,3,段階2,2024-08-08 21:30:06.839000,146.60400,1.00
2024-08-01,2024-08-31,20260209_051533,20260209_051533-0009,4,段階3,2024-08-08 21:30:06.839000,146.64700,1.00
2024-08-01,2024-08-31,20260209_051533,20260209_051533-0010,1,初回,2024-08-14 21:30:02.190000,146.54100,1.00
2024-08-01,2024-08-31,20260209_051533,20260209_051533-0011,1,初回,2024-08-15 21:30:01.445000,147.62000,1.00
2024-08-01,2024-08-31,20260209_051533,20260209_051533-0012,1,初回,2024-08-15 21:30:44.956000,148.19300,1.00
2024-08-01,2024-08-31,20260209_051533,20260209_051533-0012,2,段階1,2024-08-15 21:30:44.956000,148.25000,1.00
2024-08-01,2024-08-31,20260209_051533,20260209_051533-0013,1,初回,2024-08-15 21:30:16.851000,147.92200,1.00
2024-08-01,2024-08-31,20260209_051533,20260209_051533-0013,2,段階1,2024-08-15 21:30:16.851000,147.98600,1.00
2024-08-01,2024-08-31,20260209_051533,20260209_051533-0013,3,段階2,2024-08-15 21:30:16.851000,148.02700,1.00
2024-08-01,2024-08-31,20260209_051533,20260209_051533-0013,4,段階3,2024-08-15 21:30:16.851000,148.07400,1.00
2024-08-01,2024-08-31,20260209_051533,20260209_051533-0013,5,段階4,2024-08-15 21:30:16.851000,148.13800,1.00
2024-08-01,2024-08-31,20260209_051533,20260209_051533-0013,6,段階5,2024-08-15 21:30:16.851000,148.17200,1.00
2024-08-01,2024-08-31,20260209_051533,20260209_051533-0014,1,初回,2024-08-21 23:00:10.169000,146.20800,1.00
2024-08-01,2024-08-31,20260209_051533,20260209_051533-0014,2,段階1,2024-08-21 23:00:10.169000,146.25900,1.00
2024-08-01,2024-08-31,20260209_051533,20260209_051533-0014,3,段階2,2024-08-21 23:00:10.169000,146.31800,1.00
2024-08-01,2024-08-31,20260209_051533,20260209_051533-0014,4,段階3,2024-08-21 23:00:10.169000,146.36100,1.00
2024-08-01,2024-08-31,20260209_051533,20260209_051533-0014,5,段階4,2024-08-21 23:00:10.169000,146.45200,1.00
2024-08-01,2024-08-31,20260209_051533,20260209_051533-0014,6,段階5,2024-08-21 23:00:10.169000,146.46100,1.00
2024-08-01,2024-08-31,20260209_051533,20260209_051533-0015,1,初回,2024-08-21 23:00:14.490000,146.87500,1.00
2024-08-01,2024-08-31,20260209_051533,20260209_051533-0016,1,初回,2024-08-21 23:00:12.593000,146.54000,1.00
2024-08-01,2024-08-31,20260209_051533,20260209_051533-0016,2,段階1,2024-08-21 23:00:12.593000,146.61300,1.00
2024-08-01,2024-08-31,20260209_051533,20260209_051533-0016,3,段階2,2024-08-21 23:00:12.593000,146.67700,1.00
2024-08-01,2024-08-31,20260209_051533,20260209_051533-0016,4,段階3,2024-08-21 23:00:12.593000,146.72000,1.00
2024-08-01,2024-08-31,20260209_051533,20260209_051533-0016,5,段階4,2024-08-21 23:00:12.593000,146.75800,1.00
2024-08-01,2024-08-31,20260209_051533,20260209_051533-0016,6,段階5,2024-08-21 23:00:12.593000,146.80700,1.00
2024-08-01,2024-08-31,20260209_051533,20260209_051533-0017,1,初回,2024-08-21 23:32:23.497000,145.53500,1.00
2024-08-01,2024-08-31,20260209_051533,20260209_051533-0017,2,段階1,2024-08-21 23:32:23.497000,145.48100,1.00
2024-08-01,2024-08-31,20260209_051533,20260209_051533-0018,1,初回,2024-08-22 03:00:04.155000,144.87800,1.00
2024-08-01,2024-08-31,20260209_051533,20260209_051533-0018,2,段階1,2024-08-22 03:00:04.155000,144.82700,1.00
2024-08-01,2024-08-31,20260209_051533,20260209_051533-0018,3,段階2,2024-08-22 03:00:04.155000,144.77400,1.00
2024-08-01,2024-08-31,20260209_051533,20260209_051533-0018,4,段階3,2024-08-22 03:00:04.155000,144.72700,1.00
2024-08-01,2024-08-31,20260209_051533,20260209_051533-0018,5,段階4,2024-08-22 03:00:04.155000,144.67200,1.00
2024-08-01,2024-08-31,20260209_051533,20260209_051533-0018,6,段階5,2024-08-22 03:00:04.155000,144.62700,1.00
2024-08-01,2024-08-31,20260209_051533,20260209_051533-0019,1,初回,2024-08-22 21:30:11.706000,146.11900,1.00
2024-08-01,2024-08-31,20260209_051533,20260209_051533-0019,2,段階1,2024-08-22 21:30:11.706000,146.16900,1.00
2024-08-01,2024-08-31,20260209_051533,20260209_051533-0019,3,段階2,2024-08-22 21:30:11.706000,146.22800,1.00
2024-08-01,2024-08-31,20260209_051533,20260209_051533-0019,4,段階3,2024-08-22 21:30:11.706000,146.27200,1.00
2024-08-01,2024-08-31,20260209_051533,20260209_051533-0019,5,段階4,2024-08-22 21:30:11.706000,146.32200,1.00
2024-08-01,2024-08-31,20260209_051533,20260209_051533-0020,1,初回,2024-08-22 22:45:01.574000,146.46900,1.00
2024-08-01,2024-08-31,20260209_051533,20260209_051533-0021,1,初回,2024-08-22 22:45:00.179000,146.37300,1.00
2024-08-01,2024-08-31,20260209_051533,20260209_051533-0021,2,段階1,2024-08-22 22:45:00.179000,146.42500,1.00
2024-08-01,2024-08-31,20260209_051533,20260209_051533-0021,3,段階2,2024-08-22 22:45:00.179000,146.49400,1.00
2024-08-01,2024-08-31,20260209_051533,20260209_051533-0022,1,初回,2024-08-29 21:30:10.127000,144.83300,1.00
2024-08-01,2024-08-31,20260209_051533,20260209_051533-0022,2,段階1,2024-08-29 21:30:10.127000,144.89900,1.00
2024-08-01,2024-08-31,20260209_051533,20260209_051533-0022,3,段階2,2024-08-29 21:30:10.127000,144.93700,1.00
2024-08-01,2024-08-31,20260209_051533,20260209_051533-0022,4,段階3,2024-08-29 21:30:10.127000,144.98700,1.00
2024-08-01,2024-08-31,20260209_051533,20260209_051533-0022,5,段階4,2024-08-29 21:30:10.127000,145.03400,1.00
2024-08-01,2024-08-31,20260209_051533,20260209_051533-0022,6,段階5,2024-08-29 21:30:10.127000,145.09200,1.00
2024-08-01,2024-08-31,20260209_051533,20260209_051533-0023,1,初回,2024-08-29 21:30:17.439000,145.01300,1.00
2024-08-01,2024-08-31,20260209_051533,20260209_051533-0023,2,段階1,2024-08-29 21:30:17.439000,145.07500,1.00
2024-08-01,2024-08-31,20260209_051533,20260209_051533-0023,3,段階2,2024-08-29 21:30:17.439000,145.11500,1.00
2024-08-01,2024-08-31,20260209_051533,20260209_051533-0023,4,段階3,2024-08-29 21:30:17.439000,145.16300,1.00
2024-08-01,2024-08-31,20260209_051533,20260209_051533-0023,5,段階4,2024-08-29 21:30:17.439000,145.21800,1.00
2024-08-01,2024-08-31,20260209_051533,20260209_051533-0023,6,段階5,2024-08-29 21:30:17.439000,145.26300,1.00
2024-09-01,2024-09-30,20260209_051718,20260209_051718-0001,1,初回,2024-09-03 23:00:00.439000,145.12600,1.00
2024-09-01,2024-09-30,20260209_051718,20260209_051718-0002,1,初回,2024-09-03 23:00:00.285000,145.28800,1.00
2024-09-01,2024-09-30,20260209_051718,20260209_051718-0002,2,段階1,2024-09-03 23:00:00.285000,145.12600,1.00
2024-09-01,2024-09-30,20260209_051718,20260209_051718-0002,3,段階2,2024-09-03 23:00:00.285000,145.12600,1.00
2024-09-01,2024-09-30,20260209_051718,20260209_051718-0002,4,段階3,2024-09-03 23:00:00.285000,145.12600,1.00
2024-09-01,2024-09-30,20260209_051718,20260209_051718-0003,1,初回,2024-09-06 21:30:07.014000,143.48900,1.00
2024-09-01,2024-09-30,20260209_051718,20260209_051718-0003,2,段階1,2024-09-06 21:30:07.014000,143.54300,1.00
2024-09-01,2024-09-30,20260209_051718,20260209_051718-0003,3,段階2,2024-09-06 21:30:07.014000,143.59100,1.00
2024-09-01,2024-09-30,20260209_051718,20260209_051718-0003,4,段階3,2024-09-06 21:30:07.014000,143.68300,1.00
2024-09-01,2024-09-30,20260209_051718,20260209_051718-0003,5,段階4,2024-09-06 21:30:07.014000,143.70300,1.00
2024-09-01,2024-09-30,20260209_051718,20260209_051718-0003,6,段階5,2024-09-06 21:30:07.014000,143.80800,1.00
2024-09-01,2024-09-30,20260209_051718,20260209_051718-0004,1,初回,2024-09-06 21:30:11.566000,144.04100,1.00
2024-09-01,2024-09-30,20260209_051718,20260209_051718-0005,1,初回,2024-09-07 00:00:08.395000,142.24800,1.00
2024-09-01,2024-09-30,20260209_051718,20260209_051718-0005,2,段階1,2024-09-07 00:00:08.395000,142.19600,1.00
2024-09-01,2024-09-30,20260209_051718,20260209_051718-0005,3,段階2,2024-09-07 00:00:08.395000,142.12600,1.00
2024-09-01,2024-09-30,20260209_051718,20260209_051718-0005,4,段階3,2024-09-07 00:00:08.395000,142.07000,1.00
2024-09-01,2024-09-30,20260209_051718,20260209_051718-0005,5,段階4,2024-09-07 00:00:08.395000,142.04300,1.00
2024-09-01,2024-09-30,20260209_051718,20260209_051718-0005,6,段階5,2024-09-07 00:00:08.395000,141.99800,1.00
2024-09-01,2024-09-30,20260209_051718,20260209_051718-0006,1,初回,2024-09-07 00:00:45.358000,141.78600,1.00
2024-09-01,2024-09-30,20260209_051718,20260209_051718-0007,1,初回,2024-09-07 00:00:14.441000,141.99800,1.00
2024-09-01,2024-09-30,20260209_051718,20260209_051718-0007,2,段階1,2024-09-07 00:00:14.441000,141.93100,1.00
2024-09-01,2024-09-30,20260209_051718,20260209_051718-0007,3,段階2,2024-09-07 00:00:14.441000,141.89400,1.00
2024-09-01,2024-09-30,20260209_051718,20260209_051718-0007,4,段階3,2024-09-07 00:00:14.441000,141.83400,1.00
2024-09-01,2024-09-30,20260209_051718,20260209_051718-0007,5,段階4,2024-09-07 00:00:14.441000,141.78600,1.00
2024-09-01,2024-09-30,20260209_051718,20260209_051718-0008,1,初回,2024-09-11 21:30:01.405000,142.05400,1.00
2024-09-01,2024-09-30,20260209_051718,20260209_051718-0009,1,初回,2024-09-17 21:31:28.232000,140.81300,1.00
2024-09-01,2024-09-30,20260209_051718,20260209_051718-0009,2,段階1,2024-09-17 21:31:28.232000,140.86600,1.00
2024-09-01,2024-09-30,20260209_051718,20260209_051718-0009,3,段階2,2024-09-17 21:31:28.232000,140.91300,1.00
2024-09-01,2024-09-30,20260209_051718,20260209_051718-0009,4,段階3,2024-09-17 21:31:28.232000,140.96700,1.00
2024-09-01,2024-09-30,20260209_051718,20260209_051718-0009,5,段階4,2024-09-17 21:31:28.232000,141.01400,1.00
2024-09-01,2024-09-30,20260209_051718,20260209_051718-0009,6,段階5,2024-09-17 21:31:28.232000,141.06800,1.00
2024-09-01,2024-09-30,20260209_051718,20260209_051718-0010,1,初回,2024-09-20 11:52:08.829000,142.74400,1.00
2024-09-01,2024-09-30,20260209_051718,20260209_051718-0011,1,初回,2024-09-23 22:45:00.551000,143.46700,1.00
2024-09-01,2024-09-30,20260209_051718,20260209_051718-0012,1,初回,2024-09-23 22:45:14.009000,143.84800,1.00
2024-09-01,2024-09-30,20260209_051718,20260209_051718-0012,2,段階1,2024-09-23 22:45:14.009000,143.89900,1.00
2024-09-01,2024-09-30,20260209_051718,20260209_051718-0012,3,段階2,2024-09-23 22:45:14.009000,143.97200,1.00
2024-09-01,2024-09-30,20260209_051718,20260209_051718-0012,4,段階3,2024-09-23 22:45:14.009000,143.99900,1.00
2024-09-01,2024-09-30,20260209_051718,20260209_051718-0012,5,段階4,2024-09-23 22:45:14.009000,144.05100,1.00
2024-09-01,2024-09-30,20260209_051718,20260209_051718-0012,6,段階5,2024-09-23 22:45:14.009000,144.10100,1.00
2024-09-01,2024-09-30,20260209_051718,20260209_051718-0013,1,初回,2024-09-27 15:23:14.651000,144.14600,1.00
2024-09-01,2024-09-30,20260209_051718,20260209_051718-0013,2,段階1,2024-09-27 15:23:14.651000,144.08200,1.00
2024-09-01,2024-09-30,20260209_051718,20260209_051718-0013,3,段階2,2024-09-27 15:23:14.651000,144.03400,1.00
2024-09-01,2024-09-30,20260209_051718,20260209_051718-0014,1,初回,2024-09-27 15:23:14.912000,144.13100,1.00
2024-09-01,2024-09-30,20260209_051718,20260209_051718-0014,2,段階1,2024-09-27 15:23:14.912000,144.07400,1.00
2024-09-01,2024-09-30,20260209_051718,20260209_051718-0014,3,段階2,2024-09-27 15:23:14.912000,144.02300,1.00
2024-09-01,2024-09-30,20260209_051718,20260209_051718-0015,1,初回,2024-09-27 15:23:26.675000,143.84400,1.00
2024-09-01,2024-09-30,20260209_051718,20260209_051718-0016,1,初回,2024-09-27 16:23:01.912000,142.92600,1.00
2024-09-01,2024-09-30,20260209_051718,20260209_051718-0016,2,段階1,2024-09-27 16:23:01.912000,142.87200,1.00
2024-10-01,2024-10-31,20260209_051835,20260209_051835-0001,1,初回,2024-10-03 21:30:00.700000,146.51000,1.00
2024-10-01,2024-10-31,20260209_051835,20260209_051835-0002,1,初回,2024-10-03 23:00:00.388000,146.97300,1.00
2024-10-01,2024-10-31,20260209_051835,20260209_051835-0002,2,段階1,2024-10-03 23:00:00.388000,147.02700,1.00
2024-10-01,2024-10-31,20260209_051835,20260209_051835-0003,1,初回,2024-10-04 21:30:01.246000,146.95700,1.00
2024-10-01,2024-10-31,20260209_051835,20260209_051835-0004,1,初回,2024-10-04 21:30:03.944000,147.20500,1.00
2024-10-01,2024-10-31,20260209_051835,20260209_051835-0004,2,段階1,2024-10-04 21:30:03.944000,147.27900,1.00
2024-10-01,2024-10-31,20260209_051835,20260209_051835-0004,3,段階2,2024-10-04 21:30:03.944000,147.33800,1.00
2024-10-01,2024-10-31,20260209_051835,20260209_051835-0004,4,段階3,2024-10-04 21:30:03.944000,147.37500,1.00
2024-10-01,2024-10-31,20260209_051835,20260209_051835-0004,5,段階4,2024-10-04 21:30:03.944000,147.41300,1.00
2024-10-01,2024-10-31,20260209_051835,20260209_051835-0004,6,段階5,2024-10-04 21:30:03.944000,147.48100,1.00
2024-10-01,2024-10-31,20260209_051835,20260209_051835-0005,1,初回,2024-10-04 21:30:04.157000,147.24500,1.00
2024-10-01,2024-10-31,20260209_051835,20260209_051835-0005,2,段階1,2024-10-04 21:30:04.157000,147.33800,1.00
2024-10-01,2024-10-31,20260209_051835,20260209_051835-0005,3,段階2,2024-10-04 21:30:04.157000,147.37500,1.00
2024-10-01,2024-10-31,20260209_051835,20260209_051835-0005,4,段階3,2024-10-04 21:30:04.157000,147.41300,1.00
2024-10-01,2024-10-31,20260209_051835,20260209_051835-0005,5,段階4,2024-10-04 21:30:04.157000,147.44800,1.00
2024-10-01,2024-10-31,20260209_051835,20260209_051835-0005,6,段階5,2024-10-04 21:30:04.157000,147.49800,1.00
2024-10-01,2024-10-31,20260209_051835,20260209_051835-0006,1,初回,2024-10-10 21:30:01.003000,148.70800,1.00
2024-10-01,2024-10-31,20260209_051835,20260209_051835-0007,1,初回,2024-10-10 21:30:02.899000,149.53100,1.00
2024-10-01,2024-10-31,20260209_051835,20260209_051835-0008,1,初回,2024-10-10 21:30:02.951000,149.55800,1.00
2024-10-01,2024-10-31,20260209_051835,20260209_051835-0009,1,初回,2024-10-10 21:30:01.903000,149.33000,1.00
2024-10-01,2024-10-31,20260209_051835,20260209_051835-0009,2,段階1,2024-10-10 21:30:01.903000,149.39100,1.00
2024-10-01,2024-10-31,20260209_051835,20260209_051835-0009,3,段階2,2024-10-10 21:30:01.903000,149.47700,1.00
2024-10-01,2024-10-31,20260209_051835,20260209_051835-0009,4,段階3,2024-10-10 21:30:01.903000,149.50400,1.00
2024-10-01,2024-10-31,20260209_051835,20260209_051835-0009,5,段階4,2024-10-10 21:30:01.903000,149.53100,1.00
2024-10-01,2024-10-31,20260209_051835,20260209_051835-0010,1,初回,2024-10-10 21:30:16.229000,148.25500,1.00
2024-10-01,2024-10-31,20260209_051835,20260209_051835-0011,1,初回,2024-10-17 21:30:00.492000,149.85100,1.00
2024-10-01,2024-10-31,20260209_051835,20260209_051835-0012,1,初回,2024-10-29 23:00:04.166000,153.00600,1.00
2024-10-01,2024-10-31,20260209_051835,20260209_051835-0013,1,初回,2024-10-30 21:30:26.712000,153.46000,1.00
2024-10-01,2024-10-31,20260209_051835,20260209_051835-0014,1,初回,2024-10-30 21:30:25.052000,153.44200,1.00
2024-10-01,2024-10-31,20260209_051835,20260209_051835-0015,1,初回,2024-10-31 11:48:07.195000,153.59500,1.00
2024-10-01,2024-10-31,20260209_051835,20260209_051835-0016,1,初回,2024-10-31 11:48:06.800000,153.55400,1.00
2024-10-01,2024-10-31,20260209_051835,20260209_051835-0016,2,段階1,2024-10-31 11:48:06.800000,153.61100,1.00
2024-10-01,2024-10-31,20260209_051835,20260209_051835-0017,1,初回,2024-10-31 11:48:06.904000,153.57000,1.00
2024-11-01,2024-11-30,20260209_052017,20260209_052017-0001,1,初回,2024-11-01 21:30:02.541000,152.23400,1.00
2024-11-01,2024-11-30,20260209_052017,20260209_052017-0001,2,段階1,2024-11-01 21:30:02.541000,152.18000,1.00
2024-11-01,2024-11-30,20260209_052017,20260209_052017-0001,3,段階2,2024-11-01 21:30:02.541000,152.10200,1.00
2024-11-01,2024-11-30,20260209_052017,20260209_052017-0001,4,段階3,2024-11-01 21:30:02.541000,152.07000,1.00
2024-11-01,2024-11-30,20260209_052017,20260209_052017-0001,5,段階4,2024-11-01 21:30:02.541000,152.01100,1.00
2024-11-01,2024-11-30,20260209_052017,20260209_052017-0002,1,初回,2024-11-13 22:30:06.221000,154.52300,1.00
2024-11-01,2024-11-30,20260209_052017,20260209_052017-0003,1,初回,2024-11-13 22:30:02.533000,154.78200,1.00
2024-11-01,2024-11-30,20260209_052017,20260209_052017-0003,2,段階1,2024-11-13 22:30:02.533000,154.70800,1.00
2024-11-01,2024-11-30,20260209_052017,20260209_052017-0003,3,段階2,2024-11-13 22:30:02.533000,154.65800,1.00
2024-11-01,2024-11-30,20260209_052017,20260209_052017-0003,4,段階3,2024-11-13 22:30:02.533000,154.57800,1.00
2024-11-01,2024-11-30,20260209_052017,20260209_052017-0003,5,段階4,2024-11-13 22:30:02.533000,154.57800,1.00
2024-11-01,2024-11-30,20260209_052017,20260209_052017-0003,6,段階5,2024-11-13 22:30:02.533000,154.52300,1.00
2024-11-01,2024-11-30,20260209_052017,20260209_052017-0004,1,初回,2024-11-15 22:30:15.887000,155.16000,1.00
2024-11-01,2024-11-30,20260209_052017,20260209_052017-0005,1,初回,2024-11-15 22:30:11.556000,155.25500,1.00
2024-11-01,2024-11-30,20260209_052017,20260209_052017-0005,2,段階1,2024-11-15 22:30:11.556000,155.20400,1.00
2024-11-01,2024-11-30,20260209_052017,20260209_052017-0006,1,初回,2024-11-21 15:13:16.477000,154.58700,1.00
2024-12-01,2024-12-31,20260209_052136,20260209_052136-0001,1,初回,2024-12-05 14:42:14.872000,149.81800,1.00
2024-12-01,2024-12-31,20260209_052136,20260209_052136-0002,1,初回,2024-12-11 18:11:05.738000,151.45100,1.00
2024-12-01,2024-12-31,20260209_052136,20260209_052136-0002,2,段階1,2024-12-11 18:11:05.738000,151.38700,1.00
2024-12-01,2024-12-31,20260209_052136,20260209_052136-0002,3,段階2,2024-12-11 18:11:05.738000,151.35000,1.00
2024-12-01,2024-12-31,20260209_052136,20260209_052136-0003,1,初回,2024-12-11 18:11:06.489000,151.42800,1.00
2024-12-01,2024-12-31,20260209_052136,20260209_052136-0003,2,段階1,2024-12-11 18:11:06.489000,151.36400,1.00
2024-12-01,2024-12-31,20260209_052136,20260209_052136-0004,1,初回,2024-12-11 18:11:06.869000,151.45100,1.00
2024-12-01,2024-12-31,20260209_052136,20260209_052136-0004,2,段階1,2024-12-11 18:11:06.869000,151.38700,1.00
2024-12-01,2024-12-31,20260209_052136,20260209_052136-0004,3,段階2,2024-12-11 18:11:06.869000,151.35000,1.00
2024-12-01,2024-12-31,20260209_052136,20260209_052136-0005,1,初回,2024-12-11 22:30:14.067000,152.82900,1.00
2024-12-01,2024-12-31,20260209_052136,20260209_052136-0006,1,初回,2024-12-11 22:30:13.014000,152.77500,1.00
2024-12-01,2024-12-31,20260209_052136,20260209_052136-0006,2,段階1,2024-12-11 22:30:13.014000,152.82900,1.00
2024-12-01,2024-12-31,20260209_052136,20260209_052136-0007,1,初回,2024-12-11 22:30:21.556000,152.51400,1.00
2024-12-01,2024-12-31,20260209_052136,20260209_052136-0007,2,段階1,2024-12-11 22:30:21.556000,152.46000,1.00
2024-12-01,2024-12-31,20260209_052136,20260209_052136-0008,1,初回,2024-12-19 04:00:01.525000,154.18300,1.00
2024-12-01,2024-12-31,20260209_052136,20260209_052136-0009,1,初回,2024-12-19 04:00:06.850000,154.22900,1.00
2024-12-01,2024-12-31,20260209_052136,20260209_052136-0010,1,初回,2024-12-19 04:00:01.146000,154.08700,1.00
2024-12-01,2024-12-31,20260209_052136,20260209_052136-0010,2,段階1,2024-12-19 04:00:01.146000,154.18300,1.00
2024-12-01,2024-12-31,20260209_052136,20260209_052136-0010,3,段階2,2024-12-19 04:00:01.146000,154.18900,1.00
2024-12-01,2024-12-31,20260209_052136,20260209_052136-0011,1,初回,2024-12-19 11:52:15.988000,154.86600,1.00
2024-12-01,2024-12-31,20260209_052136,20260209_052136-0011,2,段階1,2024-12-19 11:52:15.988000,154.91900,1.00
2024-12-01,2024-12-31,20260209_052136,20260209_052136-0011,3,段階2,2024-12-19 11:52:15.988000,154.98000,1.00
2024-12-01,2024-12-31,20260209_052136,20260209_052136-0011,4,段階3,2024-12-19 11:52:15.988000,155.01900,1.00
2024-12-01,2024-12-31,20260209_052136,20260209_052136-0011,5,段階4,2024-12-19 11:52:15.988000,155.07000,1.00
2024-12-01,2024-12-31,20260209_052136,20260209_052136-0011,6,段階5,2024-12-19 11:52:15.988000,155.11600,1.00
2024-12-01,2024-12-31,20260209_052136,20260209_052136-0012,1,初回,2024-12-19 11:52:59.348000,155.24800,1.00
2024-12-01,2024-12-31,20260209_052136,20260209_052136-0013,1,初回,2024-12-19 15:33:29.925000,154.94000,1.00
2024-12-01,2024-12-31,20260209_052136,20260209_052136-0014,1,初回,2024-12-25 16:51:26.179000,156.93900,1.00
2025-01-01,2025-01-31,20260209_052258,20260209_052258-0001,1,初回,2025-01-10 22:30:01.667000,158.41900,1.00
2025-01-01,2025-01-31,20260209_052258,20260209_052258-0002,1,初回,2025-01-10 22:30:03.365000,158.52200,1.00
2025-01-01,2025-01-31,20260209_052258,20260209_052258-0002,2,段階1,2025-01-10 22:30:03.365000,158.58100,1.00
2025-01-01,2025-01-31,20260209_052258,20260209_052258-0002,3,段階2,2025-01-10 22:30:03.365000,158.62900,1.00
2025-01-01,2025-01-31,20260209_052258,20260209_052258-0002,4,段階3,2025-01-10 22:30:03.365000,158.68100,1.00
2025-01-01,2025-01-31,20260209_052258,20260209_052258-0002,5,段階4,2025-01-10 22:30:03.365000,158.72700,1.00
2025-01-01,2025-01-31,20260209_052258,20260209_052258-0002,6,段階5,2025-01-10 22:30:03.365000,158.77200,1.00
2025-01-01,2025-01-31,20260209_052258,20260209_052258-0003,1,初回,2025-01-14 22:30:05.113000,157.40000,1.00
2025-01-01,2025-01-31,20260209_052258,20260209_052258-0004,1,初回,2025-01-15 22:30:01.938000,156.42400,1.00
2025-01-01,2025-01-31,20260209_052258,20260209_052258-0005,1,初回,2025-01-15 22:30:01.352000,156.65400,1.00
2025-01-01,2025-01-31,20260209_052258,20260209_052258-0005,2,段階1,2025-01-15 22:30:01.352000,156.60200,1.00
2025-01-01,2025-01-31,20260209_052258,20260209_052258-0005,3,段階2,2025-01-15 22:30:01.352000,156.42400,1.00
2025-01-01,2025-01-31,20260209_052258,20260209_052258-0005,4,段階3,2025-01-15 22:30:01.352000,156.42400,1.00
2025-01-01,2025-01-31,20260209_052258,20260209_052258-0005,5,段階4,2025-01-15 22:30:01.352000,156.42400,1.00
2025-01-01,2025-01-31,20260209_052258,20260209_052258-0005,6,段階5,2025-01-15 22:30:01.352000,156.39700,1.00
2025-01-01,2025-01-31,20260209_052258,20260209_052258-0006,1,初回,2025-01-24 01:14:03.188000,156.14000,1.00
2025-01-01,2025-01-31,20260209_052258,20260209_052258-0006,2,段階1,2025-01-24 01:14:03.188000,156.08900,1.00
2025-01-01,2025-01-31,20260209_052258,20260209_052258-0006,3,段階2,2025-01-24 01:14:03.188000,156.03600,1.00
2025-01-01,2025-01-31,20260209_052258,20260209_052258-0006,4,段階3,2025-01-24 01:14:03.188000,155.98900,1.00
2025-01-01,2025-01-31,20260209_052258,20260209_052258-0006,5,段階4,2025-01-24 01:14:03.188000,155.93900,1.00
2025-01-01,2025-01-31,20260209_052258,20260209_052258-0006,6,段階5,2025-01-24 01:14:03.188000,155.88600,1.00
2025-01-01,2025-01-31,20260209_052258,20260209_052258-0007,1,初回,2025-01-24 12:30:03.827000,155.73600,1.00
2025-01-01,2025-01-31,20260209_052258,20260209_052258-0008,1,初回,2025-01-24 12:30:03.174000,155.76800,1.00
2025-01-01,2025-01-31,20260209_052258,20260209_052258-0009,1,初回,2025-01-24 15:44:22.759000,155.69100,1.00
2025-01-01,2025-01-31,20260209_052258,20260209_052258-0010,1,初回,2025-01-24 23:45:00.285000,156.11100,1.00
2025-02-01,2025-02-28,20260209_052413,20260209_052413-0001,1,初回,2025-02-05 00:00:02.439000,154.86100,1.00
2025-02-01,2025-02-28,20260209_052413,20260209_052413-0001,2,段階1,2025-02-05 00:00:02.439000,154.81100,1.00
2025-02-01,2025-02-28,20260209_052413,20260209_052413-0001,3,段階2,2025-02-05 00:00:02.439000,154.76000,1.00
2025-02-01,2025-02-28,20260209_052413,20260209_052413-0001,4,段階3,2025-02-05 00:00:02.439000,154.71000,1.00
2025-02-01,2025-02-28,20260209_052413,20260209_052413-0001,5,段階4,2025-02-05 00:00:02.439000,154.65900,1.00
2025-02-01,2025-02-28,20260209_052413,20260209_052413-0001,6,段階5,2025-02-05 00:00:02.439000,154.61100,1.00
2025-02-01,2025-02-28,20260209_052413,20260209_052413-0002,1,初回,2025-02-06 00:00:00.256000,152.53400,1.00
2025-02-01,2025-02-28,20260209_052413,20260209_052413-0002,2,段階1,2025-02-06 00:00:00.256000,152.47900,1.00
2025-02-01,2025-02-28,20260209_052413,20260209_052413-0002,3,段階2,2025-02-06 00:00:00.256000,152.43300,1.00
2025-02-01,2025-02-28,20260209_052413,20260209_052413-0002,4,段階3,2025-02-06 00:00:00.256000,152.37700,1.00
2025-02-01,2025-02-28,20260209_052413,20260209_052413-0002,5,段階4,2025-02-06 00:00:00.256000,152.33000,1.00
2025-02-01,2025-02-28,20260209_052413,20260209_052413-0002,6,段階5,2025-02-06 00:00:00.256000,152.28300,1.00
2025-02-01,2025-02-28,20260209_052413,20260209_052413-0003,1,初回,2025-02-07 22:30:06.227000,151.34900,1.00
2025-02-01,2025-02-28,20260209_052413,20260209_052413-0004,1,初回,2025-02-07 22:30:03.428000,151.46400,1.00
2025-02-01,2025-02-28,20260209_052413,20260209_052413-0004,2,段階1,2025-02-07 22:30:03.428000,151.40600,1.00
2025-02-01,2025-02-28,20260209_052413,20260209_052413-0004,3,段階2,2025-02-07 22:30:03.428000,151.36300,1.00
2025-02-01,2025-02-28,20260209_052413,20260209_052413-0005,1,初回,2025-02-08 00:55:03.564000,151.31200,1.00
2025-02-01,2025-02-28,20260209_052413,20260209_052413-0006,1,初回,2025-02-08 02:16:53.029000,151.81800,1.00
2025-02-01,2025-02-28,20260209_052413,20260209_052413-0007,1,初回,2025-02-12 21:58:34.773000,153.41100,1.00
2025-02-01,2025-02-28,20260209_052413,20260209_052413-0008,1,初回,2025-02-12 21:58:34.721000,153.44300,1.00
2025-02-01,2025-02-28,20260209_052413,20260209_052413-0008,2,段階1,2025-02-12 21:58:34.721000,153.38700,1.00
2025-02-01,2025-02-28,20260209_052413,20260209_052413-0009,1,初回,2025-02-12 22:30:00.424000,153.30100,1.00
2025-02-01,2025-02-28,20260209_052413,20260209_052413-0010,1,初回,2025-02-12 22:30:01.299000,153.87500,1.00
2025-02-01,2025-02-28,20260209_052413,20260209_052413-0010,2,段階1,2025-02-12 22:30:01.299000,153.96200,1.00
2025-02-01,2025-02-28,20260209_052413,20260209_052413-0010,3,段階2,2025-02-12 22:30:01.299000,153.98200,1.00
2025-02-01,2025-02-28,20260209_052413,20260209_052413-0010,4,段階3,2025-02-12 22:30:01.299000,154.07600,1.00
2025-02-01,2025-02-28,20260209_052413,20260209_052413-0010,5,段階4,2025-02-12 22:30:01.299000,154.07600,1.00
2025-02-01,2025-02-28,20260209_052413,20260209_052413-0010,6,段階5,2025-02-12 22:30:01.299000,154.12900,1.00
2025-03-01,2025-03-31,20260209_052552,20260209_052552-0001,1,初回,2025-03-07 22:31:23.699000,147.82300,1.00
2025-03-01,2025-03-31,20260209_052552,20260209_052552-0001,2,段階1,2025-03-07 22:31:23.699000,147.87400,1.00
2025-03-01,2025-03-31,20260209_052552,20260209_052552-0001,3,段階2,2025-03-07 22:31:23.699000,147.92400,1.00
2025-03-01,2025-03-31,20260209_052552,20260209_052552-0002,1,初回,2025-03-11 21:57:52.229000,147.90600,1.00
2025-03-01,2025-03-31,20260209_052552,20260209_052552-0003,1,初回,2025-03-13 21:30:01.218000,147.74100,1.00
2025-03-01,2025-03-31,20260209_052552,20260209_052552-0004,1,初回,2025-03-13 21:30:03.192000,147.85700,1.00
2025-03-01,2025-03-31,20260209_052552,20260209_052552-0005,1,初回,2025-03-17 21:30:03.478000,148.27400,1.00
2025-03-01,2025-03-31,20260209_052552,20260209_052552-0006,1,初回,2025-03-17 21:30:04.623000,148.28900,1.00
2025-04-01,2025-04-30,20260209_052802,20260209_052802-0001,1,初回,2025-04-03 23:00:14.659000,145.21800,1.00
2025-04-01,2025-04-30,20260209_052802,20260209_052802-0002,1,初回,2025-04-07 23:22:31.765000,147.40100,1.00
2025-04-01,2025-04-30,20260209_052802,20260209_052802-0003,1,初回,2025-04-10 02:18:44.800000,144.58800,1.00
2025-04-01,2025-04-30,20260209_052802,20260209_052802-0004,1,初回,2025-04-10 03:23:14.184000,148.11900,1.00
2025-04-01,2025-04-30,20260209_052802,20260209_052802-0004,2,段階1,2025-04-10 03:23:14.184000,148.16900,1.00
2025-04-01,2025-04-30,20260209_052802,20260209_052802-0005,1,初回,2025-04-11 18:51:01.144000,142.07000,1.00
2025-04-01,2025-04-30,20260209_052802,20260209_052802-0006,1,初回,2025-04-11 22:39:17.713000,143.18900,1.00
2025-04-01,2025-04-30,20260209_052802,20260209_052802-0006,2,段階1,2025-04-11 22:39:17.713000,143.24300,1.00
2025-04-01,2025-04-30,20260209_052802,20260209_052802-0006,3,段階2,2025-04-11 22:39:17.713000,143.31500,1.00
2025-04-01,2025-04-30,20260209_052802,20260209_052802-0006,4,段階3,2025-04-11 22:39:17.713000,143.35000,1.00
2025-04-01,2025-04-30,20260209_052802,20260209_052802-0006,5,段階4,2025-04-11 22:39:17.713000,143.39000,1.00
2025-04-01,2025-04-30,20260209_052802,20260209_052802-0006,6,段階5,2025-04-11 22:39:17.713000,143.44700,1.00
2025-04-01,2025-04-30,20260209_052802,20260209_052802-0007,1,初回,2025-04-11 22:39:44.041000,143.53900,1.00
2025-04-01,2025-04-30,20260209_052802,20260209_052802-0008,1,初回,2025-04-23 22:37:44.911000,142.19000,1.00
2025-04-01,2025-04-30,20260209_052802,20260209_052802-0008,2,段階1,2025-04-23 22:37:44.911000,142.25000,1.00
2025-04-01,2025-04-30,20260209_052802,20260209_052802-0008,3,段階2,2025-04-23 22:37:44.911000,142.29400,1.00
2025-04-01,2025-04-30,20260209_052802,20260209_052802-0008,4,段階3,2025-04-23 22:37:44.911000,142.34400,1.00
2025-04-01,2025-04-30,20260209_052802,20260209_052802-0009,1,初回,2025-04-25 19:17:25.827000,143.66800,1.00
2025-04-01,2025-04-30,20260209_052802,20260209_052802-0009,2,段階1,2025-04-25 19:17:25.827000,143.72400,1.00
2025-05-01,2025-05-31,20260209_052923,20260209_052923-0001,1,初回,2025-05-01 23:00:11.301000,144.77400,1.00
2025-05-01,2025-05-31,20260209_052923,20260209_052923-0001,2,段階1,2025-05-01 23:00:11.301000,144.82700,1.00
2025-05-01,2025-05-31,20260209_052923,20260209_052923-0001,3,段階2,2025-05-01 23:00:11.301000,144.87700,1.00
2025-05-01,2025-05-31,20260209_052923,20260209_052923-0001,4,段階3,2025-05-01 23:00:11.301000,144.92600,1.00
2025-05-01,2025-05-31,20260209_052923,20260209_052923-0001,5,段階4,2025-05-01 23:00:11.301000,144.97500,1.00
2025-05-01,2025-05-31,20260209_052923,20260209_052923-0001,6,段階5,2025-05-01 23:00:11.301000,145.02400,1.00
2025-05-01,2025-05-31,20260209_052923,20260209_052923-0002,1,初回,2025-05-13 21:30:06.468000,147.87700,1.00
2025-05-01,2025-05-31,20260209_052923,20260209_052923-0003,1,初回,2025-05-15 21:30:13.247000,145.66100,1.00
2025-05-01,2025-05-31,20260209_052923,20260209_052923-0004,1,初回,2025-05-20 11:57:42.680000,145.26800,1.00
2025-05-01,2025-05-31,20260209_052923,20260209_052923-0005,1,初回,2025-05-22 22:45:05.531000,143.76600,1.00
2025-05-01,2025-05-31,20260209_052923,20260209_052923-0005,2,段階1,2025-05-22 22:45:05.531000,143.81900,1.00
2025-05-01,2025-05-31,20260209_052923,20260209_052923-0005,3,段階2,2025-05-22 22:45:05.531000,143.86600,1.00
2025-05-01,2025-05-31,20260209_052923,20260209_052923-0005,4,段階3,2025-05-22 22:45:05.531000,143.91900,1.00
2025-05-01,2025-05-31,20260209_052923,20260209_052923-0006,1,初回,2025-05-23 20:19:59.571000,143.17700,1.00
2025-05-01,2025-05-31,20260209_052923,20260209_052923-0006,2,段階1,2025-05-23 20:19:59.571000,143.11700,1.00
2025-05-01,2025-05-31,20260209_052923,20260209_052923-0006,3,段階2,2025-05-23 20:19:59.571000,143.07600,1.00
2025-05-01,2025-05-31,20260209_052923,20260209_052923-0006,4,段階3,2025-05-23 20:19:59.571000,143.02200,1.00
2025-05-01,2025-05-31,20260209_052923,20260209_052923-0006,5,段階4,2025-05-23 20:19:59.571000,142.97600,1.00
2025-05-01,2025-05-31,20260209_052923,20260209_052923-0007,1,初回,2025-05-27 23:00:04.725000,144.36900,1.00
2025-05-01,2025-05-31,20260209_052923,20260209_052923-0007,2,段階1,2025-05-27 23:00:04.725000,144.42300,1.00
2025-06-01,2025-06-30,20260209_053030,20260209_053030-0001,1,初回,2025-06-04 23:00:00.158000,143.43900,1.00
2025-06-01,2025-06-30,20260209_053030,20260209_053030-0001,2,段階1,2025-06-04 23:00:00.158000,143.34600,1.00
2025-06-01,2025-06-30,20260209_053030,20260209_053030-0001,3,段階2,2025-06-04 23:00:00.158000,143.32700,1.00
2025-06-01,2025-06-30,20260209_053030,20260209_053030-0002,1,初回,2025-06-05 21:50:20.337000,143.66200,1.00
2025-06-01,2025-06-30,20260209_053030,20260209_053030-0003,1,初回,2025-06-06 21:30:02.208000,144.43400,1.00
2025-06-01,2025-06-30,20260209_053030,20260209_053030-0003,2,段階1,2025-06-06 21:30:02.208000,144.49400,1.00
2025-06-01,2025-06-30,20260209_053030,20260209_053030-0003,3,段階2,2025-06-06 21:30:02.208000,144.55000,1.00
2025-06-01,2025-06-30,20260209_053030,20260209_053030-0003,4,段階3,2025-06-06 21:30:02.208000,144.58600,1.00
2025-06-01,2025-06-30,20260209_053030,20260209_053030-0003,5,段階4,2025-06-06 21:30:02.208000,144.64100,1.00
2025-06-01,2025-06-30,20260209_053030,20260209_053030-0003,6,段階5,2025-06-06 21:30:02.208000,144.68400,1.00
2025-06-01,2025-06-30,20260209_053030,20260209_053030-0004,1,初回,2025-06-11 21:30:06.951000,144.69100,1.00
2025-06-01,2025-06-30,20260209_053030,20260209_053030-0005,1,初回,2025-06-12 21:30:21.953000,143.44100,1.00
2025-06-01,2025-06-30,20260209_053030,20260209_053030-0005,2,段階1,2025-06-12 21:30:21.953000,143.39100,1.00
2025-06-01,2025-06-30,20260209_053030,20260209_053030-0005,3,段階2,2025-06-12 21:30:21.953000,143.33900,1.00
2025-06-01,2025-06-30,20260209_053030,20260209_053030-0005,4,段階3,2025-06-12 21:30:21.953000,143.29000,1.00
2025-06-01,2025-06-30,20260209_053030,20260209_053030-0005,5,段階4,2025-06-12 21:30:21.953000,143.24100,1.00
2025-06-01,2025-06-30,20260209_053030,20260209_053030-0006,1,初回,2025-06-17 21:30:01.370000,144.41500,1.00
2025-06-01,2025-06-30,20260209_053030,20260209_053030-0007,1,初回,2025-06-17 21:30:01.162000,144.44000,1.00
2025-06-01,2025-06-30,20260209_053030,20260209_053030-0008,1,初回,2025-06-17 21:30:03.349000,144.44500,1.00
2025-06-01,2025-06-30,20260209_053030,20260209_053030-0009,1,初回,2025-06-19 03:00:15.175000,144.56200,1.00
2025-06-01,2025-06-30,20260209_053030,20260209_053030-0009,2,段階1,2025-06-19 03:00:15.175000,144.50700,1.00
2025-06-01,2025-06-30,20260209_053030,20260209_053030-0009,3,段階2,2025-06-19 03:00:15.175000,144.45000,1.00
2025-06-01,2025-06-30,20260209_053030,20260209_053030-0009,4,段階3,2025-06-19 03:00:15.175000,144.41000,1.00
2025-06-01,2025-06-30,20260209_053030,20260209_053030-0009,5,段階4,2025-06-19 03:00:15.175000,144.35600,1.00
2025-07-01,2025-07-31,20260209_053131,20260209_053131-0001,1,初回,2025-07-03 21:30:01.420000,144.32500,1.00
2025-07-01,2025-07-31,20260209_053131,20260209_053131-0001,2,段階1,2025-07-03 21:30:01.420000,144.38400,1.00
2025-07-01,2025-07-31,20260209_053131,20260209_053131-0001,3,段階2,2025-07-03 21:30:01.420000,144.46600,1.00
2025-07-01,2025-07-31,20260209_053131,20260209_053131-0001,4,段階3,2025-07-03 21:30:01.420000,144.49500,1.00
2025-07-01,2025-07-31,20260209_053131,20260209_053131-0001,5,段階4,2025-07-03 21:30:01.420000,144.52700,1.00
2025-07-01,2025-07-31,20260209_053131,20260209_053131-0001,6,段階5,2025-07-03 21:30:01.420000,144.60300,1.00
2025-07-01,2025-07-31,20260209_053131,20260209_053131-0002,1,初回,2025-07-03 21:30:02.089000,144.46900,1.00
2025-07-01,2025-07-31,20260209_053131,20260209_053131-0002,2,段階1,2025-07-03 21:30:02.089000,144.52700,1.00
2025-07-01,2025-07-31,20260209_053131,20260209_053131-0002,3,段階2,2025-07-03 21:30:02.089000,144.60300,1.00
2025-07-01,2025-07-31,20260209_053131,20260209_053131-0002,4,段階3,2025-07-03 21:30:02.089000,144.62000,1.00
2025-07-01,2025-07-31,20260209_053131,20260209_053131-0002,5,段階4,2025-07-03 21:30:02.089000,144.67200,1.00
2025-07-01,2025-07-31,20260209_053131,20260209_053131-0002,6,段階5,2025-07-03 21:30:02.089000,144.71900,1.00
2025-07-01,2025-07-31,20260209_053131,20260209_053131-0003,1,初回,2025-07-16 23:54:11.364000,148.49800,1.00
2025-07-01,2025-07-31,20260209_053131,20260209_053131-0003,2,段階1,2025-07-16 23:54:11.364000,148.44700,1.00
2025-07-01,2025-07-31,20260209_053131,20260209_053131-0003,3,段階2,2025-07-16 23:54:11.364000,148.39400,1.00
2025-07-01,2025-07-31,20260209_053131,20260209_053131-0004,1,初回,2025-07-17 00:16:34.064000,147.57300,1.00
2025-07-01,2025-07-31,20260209_053131,20260209_053131-0004,2,段階1,2025-07-17 00:16:34.064000,147.51900,1.00
2025-07-01,2025-07-31,20260209_053131,20260209_053131-0004,3,段階2,2025-07-17 00:16:34.064000,147.46400,1.00
2025-07-01,2025-07-31,20260209_053131,20260209_053131-0004,4,段階3,2025-07-17 00:16:34.064000,147.41600,1.00
2025-07-01,2025-07-31,20260209_053131,20260209_053131-0004,5,段階4,2025-07-17 00:16:34.064000,147.36800,1.00
2025-07-01,2025-07-31,20260209_053131,20260209_053131-0004,6,段階5,2025-07-17 00:16:34.064000,147.31000,1.00
2025-07-01,2025-07-31,20260209_053131,20260209_053131-0005,1,初回,2025-07-17 00:17:51.891000,147.18000,1.00
2025-07-01,2025-07-31,20260209_053131,20260209_053131-0005,2,段階1,2025-07-17 00:17:51.891000,147.12700,1.00
2025-07-01,2025-07-31,20260209_053131,20260209_053131-0005,3,段階2,2025-07-17 00:17:51.891000,147.07900,1.00
2025-07-01,2025-07-31,20260209_053131,20260209_053131-0005,4,段階3,2025-07-17 00:17:51.891000,147.02900,1.00
2025-07-01,2025-07-31,20260209_053131,20260209_053131-0006,1,初回,2025-07-23 11:20:58.183000,146.91600,1.00
2025-07-01,2025-07-31,20260209_053131,20260209_053131-0006,2,段階1,2025-07-23 11:20:58.183000,146.96900,1.00
2025-07-01,2025-07-31,20260209_053131,20260209_053131-0006,3,段階2,2025-07-23 11:20:58.183000,147.02200,1.00
2025-07-01,2025-07-31,20260209_053131,20260209_053131-0006,4,段階3,2025-07-23 11:20:58.183000,147.06600,1.00
2025-07-01,2025-07-31,20260209_053131,20260209_053131-0006,5,段階4,2025-07-23 11:20:58.183000,147.12900,1.00
2025-07-01,2025-07-31,20260209_053131,20260209_053131-0006,6,段階5,2025-07-23 11:20:58.183000,147.17400,1.00
2025-08-01,2025-08-31,20260209_053233,20260209_053233-0001,1,初回,2025-08-01 21:30:01.313000,150.31200,1.00
2025-08-01,2025-08-31,20260209_053233,20260209_053233-0001,2,段階1,2025-08-01 21:30:01.313000,150.04500,1.00
2025-08-01,2025-08-31,20260209_053233,20260209_053233-0001,3,段階2,2025-08-01 21:30:01.313000,150.04500,1.00
2025-08-01,2025-08-31,20260209_053233,20260209_053233-0001,4,段階3,2025-08-01 21:30:01.313000,150.04500,1.00
2025-08-01,2025-08-31,20260209_053233,20260209_053233-0001,5,段階4,2025-08-01 21:30:01.313000,150.04500,1.00
2025-08-01,2025-08-31,20260209_053233,20260209_053233-0001,6,段階5,2025-08-01 21:30:01.313000,150.04500,1.00
2025-08-01,2025-08-31,20260209_053233,20260209_053233-0002,1,初回,2025-08-01 23:00:00.125000,147.97900,1.00
2025-08-01,2025-08-31,20260209_053233,20260209_053233-0002,2,段階1,2025-08-01 23:00:00.125000,147.90700,1.00
2025-08-01,2025-08-31,20260209_053233,20260209_053233-0002,3,段階2,2025-08-01 23:00:00.125000,147.86200,1.00
2025-08-01,2025-08-31,20260209_053233,20260209_053233-0002,4,段階3,2025-08-01 23:00:00.125000,147.82200,1.00
2025-08-01,2025-08-31,20260209_053233,20260209_053233-0002,5,段階4,2025-08-01 23:00:00.125000,147.77600,1.00
2025-08-01,2025-08-31,20260209_053233,20260209_053233-0002,6,段階5,2025-08-01 23:00:00.125000,147.70900,1.00
2025-08-01,2025-08-31,20260209_053233,20260209_053233-0003,1,初回,2025-08-05 23:00:02.105000,147.53800,1.00
2025-08-01,2025-08-31,20260209_053233,20260209_053233-0003,2,段階1,2025-08-05 23:00:02.105000,147.48300,1.00
2025-08-01,2025-08-31,20260209_053233,20260209_053233-0003,3,段階2,2025-08-05 23:00:02.105000,147.43000,1.00
2025-08-01,2025-08-31,20260209_053233,20260209_053233-0004,1,初回,2025-08-07 23:08:34.282000,147.47300,1.00
2025-08-01,2025-08-31,20260209_053233,20260209_053233-0005,1,初回,2025-08-12 21:30:09.652000,147.89900,1.00
2025-08-01,2025-08-31,20260209_053233,20260209_053233-0006,1,初回,2025-08-12 21:30:12.300000,147.89400,1.00
2025-08-01,2025-08-31,20260209_053233,20260209_053233-0007,1,初回,2025-08-14 21:30:02.152000,146.74200,1.00
2025-08-01,2025-08-31,20260209_053233,20260209_053233-0007,2,段階1,2025-08-14 21:30:02.152000,146.79200,1.00
2025-08-01,2025-08-31,20260209_053233,20260209_053233-0007,3,段階2,2025-08-14 21:30:02.152000,146.85000,1.00
2025-08-01,2025-08-31,20260209_053233,20260209_053233-0007,4,段階3,2025-08-14 21:30:02.152000,146.89900,1.00
2025-08-01,2025-08-31,20260209_053233,20260209_053233-0007,5,段階4,2025-08-14 21:30:02.152000,146.94700,1.00
2025-08-01,2025-08-31,20260209_053233,20260209_053233-0007,6,段階5,2025-08-14 21:30:02.152000,146.99300,1.00
2025-08-01,2025-08-31,20260209_053233,20260209_053233-0008,1,初回,2025-08-22 23:00:01.812000,148.44500,1.00
2025-08-01,2025-08-31,20260209_053233,20260209_053233-0008,2,段階1,2025-08-22 23:00:01.812000,148.37900,1.00
2025-08-01,2025-08-31,20260209_053233,20260209_053233-0008,3,段階2,2025-08-22 23:00:01.812000,148.33700,1.00
2025-08-01,2025-08-31,20260209_053233,20260209_053233-0008,4,段階3,2025-08-22 23:00:01.812000,148.28900,1.00
2025-08-01,2025-08-31,20260209_053233,20260209_053233-0008,5,段階4,2025-08-22 23:00:01.812000,148.23900,1.00
2025-08-01,2025-08-31,20260209_053233,20260209_053233-0008,6,段階5,2025-08-22 23:00:01.812000,148.18100,1.00
2025-08-01,2025-08-31,20260209_053233,20260209_053233-0009,1,初回,2025-08-22 23:00:02.960000,148.30700,1.00
2025-08-01,2025-08-31,20260209_053233,20260209_053233-0009,2,段階1,2025-08-22 23:00:02.960000,148.23900,1.00
2025-08-01,2025-08-31,20260209_053233,20260209_053233-0009,3,段階2,2025-08-22 23:00:02.960000,148.20600,1.00
2025-08-01,2025-08-31,20260209_053233,20260209_053233-0009,4,段階3,2025-08-22 23:00:02.960000,148.12200,1.00
2025-08-01,2025-08-31,20260209_053233,20260209_053233-0009,5,段階4,2025-08-22 23:00:02.960000,148.10500,1.00
2025-08-01,2025-08-31,20260209_053233,20260209_053233-0009,6,段階5,2025-08-22 23:00:02.960000,148.05300,1.00
2025-09-01,2025-09-30,20260209_053329,20260209_053329-0001,1,初回,2025-09-03 23:00:01.760000,148.46600,1.00
2025-09-01,2025-09-30,20260209_053329,20260209_053329-0001,2,段階1,2025-09-03 23:00:01.760000,148.40800,1.00
2025-09-01,2025-09-30,20260209_053329,20260209_053329-0001,3,段階2,2025-09-03 23:00:01.760000,148.36500,1.00
2025-09-01,2025-09-30,20260209_053329,20260209_053329-0001,4,段階3,2025-09-03 23:00:01.760000,148.31300,1.00
2025-09-01,2025-09-30,20260209_053329,20260209_053329-0001,5,段階4,2025-09-03 23:00:01.760000,148.26300,1.00
2025-09-01,2025-09-30,20260209_053329,20260209_053329-0001,6,段階5,2025-09-03 23:00:01.760000,148.21500,1.00
2025-09-01,2025-09-30,20260209_053329,20260209_053329-0002,1,初回,2025-09-04 21:15:01.816000,148.05000,1.00
2025-09-01,2025-09-30,20260209_053329,20260209_053329-0003,1,初回,2025-09-05 21:30:01.201000,147.67900,1.00
2025-09-01,2025-09-30,20260209_053329,20260209_053329-0003,2,段階1,2025-09-05 21:30:01.201000,147.59600,1.00
2025-09-01,2025-09-30,20260209_053329,20260209_053329-0003,3,段階2,2025-09-05 21:30:01.201000,147.53400,1.00
2025-09-01,2025-09-30,20260209_053329,20260209_053329-0003,4,段階3,2025-09-05 21:30:01.201000,147.44700,1.00
2025-09-01,2025-09-30,20260209_053329,20260209_053329-0003,5,段階4,2025-09-05 21:30:01.201000,147.44700,1.00
2025-09-01,2025-09-30,20260209_053329,20260209_053329-0003,6,段階5,2025-09-05 21:30:01.201000,147.41300,1.00
2025-09-01,2025-09-30,20260209_053329,20260209_053329-0004,1,初回,2025-09-05 21:30:45.312000,147.21200,1.00
2025-09-01,2025-09-30,20260209_053329,20260209_053329-0005,1,初回,2025-09-10 21:30:03.851000,147.11800,1.00
2025-09-01,2025-09-30,20260209_053329,20260209_053329-0006,1,初回,2025-09-10 21:30:01.427000,147.29600,1.00
2025-09-01,2025-09-30,20260209_053329,20260209_053329-0006,2,段階1,2025-09-10 21:30:01.427000,147.22400,1.00
2025-09-01,2025-09-30,20260209_053329,20260209_053329-0006,3,段階2,2025-09-10 21:30:01.427000,147.19000,1.00
2025-09-01,2025-09-30,20260209_053329,20260209_053329-0006,4,段階3,2025-09-10 21:30:01.427000,147.13800,1.00
2025-09-01,2025-09-30,20260209_053329,20260209_053329-0006,5,段階4,2025-09-10 21:30:01.427000,147.09400,1.00
2025-09-01,2025-09-30,20260209_053329,20260209_053329-0007,1,初回,2025-09-11 21:30:04.708000,148.15100,1.00
2025-09-01,2025-09-30,20260209_053329,20260209_053329-0008,1,初回,2025-09-18 03:50:01.735000,146.65200,1.00
2025-10-01,2025-10-31,20260209_053431,20260209_053431-0001,1,初回,2025-10-01 21:15:47.320000,146.90200,1.00
2025-10-01,2025-10-31,20260209_053431,20260209_053431-0001,2,段階1,2025-10-01 21:15:47.320000,146.84500,1.00
2025-10-01,2025-10-31,20260209_053431,20260209_053431-0001,3,段階2,2025-10-01 21:15:47.320000,146.79400,1.00
2025-10-01,2025-10-31,20260209_053431,20260209_053431-0001,4,段階3,2025-10-01 21:15:47.320000,146.75100,1.00
2025-10-01,2025-10-31,20260209_053431,20260209_053431-0001,5,段階4,2025-10-01 21:15:47.320000,146.69900,1.00
2025-10-01,2025-10-31,20260209_053431,20260209_053431-0001,6,段階5,2025-10-01 21:15:47.320000,146.64900,1.00
2025-10-01,2025-10-31,20260209_053431,20260209_053431-0002,1,初回,2025-10-03 23:00:00.307000,147.09000,1.00
2025-10-01,2025-10-31,20260209_053431,20260209_053431-0003,1,初回,2025-10-03 23:00:00.461000,147.10600,1.00
2025-10-01,2025-10-31,20260209_053431,20260209_053431-0004,1,初回,2025-10-09 22:07:03.007000,152.41300,1.00
2025-10-01,2025-10-31,20260209_053431,20260209_053431-0004,2,段階1,2025-10-09 22:07:03.007000,152.36100,1.00
2025-10-01,2025-10-31,20260209_053431,20260209_053431-0004,3,段階2,2025-10-09 22:07:03.007000,152.29800,1.00
2025-10-01,2025-10-31,20260209_053431,20260209_053431-0004,4,段階3,2025-10-09 22:07:03.007000,152.25300,1.00
2025-10-01,2025-10-31,20260209_053431,20260209_053431-0005,1,初回,2025-10-09 22:07:02.848000,152.44200,1.00
2025-10-01,2025-10-31,20260209_053431,20260209_053431-0005,2,段階1,2025-10-09 22:07:02.848000,152.36600,1.00
2025-10-01,2025-10-31,20260209_053431,20260209_053431-0005,3,段階2,2025-10-09 22:07:02.848000,152.29800,1.00
2025-10-01,2025-10-31,20260209_053431,20260209_053431-0005,4,段階3,2025-10-09 22:07:02.848000,152.28800,1.00
2025-10-01,2025-10-31,20260209_053431,20260209_053431-0006,1,初回,2025-10-09 22:11:28.107000,152.13800,1.00
2025-10-01,2025-10-31,20260209_053431,20260209_053431-0007,1,初回,2025-10-21 14:05:02.636000,150.88200,1.00
2025-10-01,2025-10-31,20260209_053431,20260209_053431-0008,1,初回,2025-10-23 01:30:42.501000,151.54200,1.00
2025-10-01,2025-10-31,20260209_053431,20260209_053431-0009,1,初回,2025-10-24 21:30:01.663000,152.28100,1.00
2025-10-01,2025-10-31,20260209_053431,20260209_053431-0010,1,初回,2025-10-24 21:30:01.350000,152.49400,1.00
2025-10-01,2025-10-31,20260209_053431,20260209_053431-0010,2,段階1,2025-10-24 21:30:01.350000,152.39400,1.00
2025-10-01,2025-10-31,20260209_053431,20260209_053431-0010,3,段階2,2025-10-24 21:30:01.350000,152.39400,1.00
2025-10-01,2025-10-31,20260209_053431,20260209_053431-0010,4,段階3,2025-10-24 21:30:01.350000,152.28100,1.00
2025-10-01,2025-10-31,20260209_053431,20260209_053431-0010,5,段階4,2025-10-24 21:30:01.350000,152.28100,1.00
2025-10-01,2025-10-31,20260209_053431,20260209_053431-0011,1,初回,2025-10-30 03:35:28.940000,152.51300,1.00
2025-10-01,2025-10-31,20260209_053431,20260209_053431-0011,2,段階1,2025-10-30 03:35:28.940000,152.57500,1.00
2025-10-01,2025-10-31,20260209_053431,20260209_053431-0011,3,段階2,2025-10-30 03:35:28.940000,152.62300,1.00
2025-10-01,2025-10-31,20260209_053431,20260209_053431-0011,4,段階3,2025-10-30 03:35:28.940000,152.66500,1.00
2025-10-01,2025-10-31,20260209_053431,20260209_053431-0011,5,段階4,2025-10-30 03:35:28.940000,152.71700,1.00
2025-10-01,2025-10-31,20260209_053431,20260209_053431-0011,6,段階5,2025-10-30 03:35:28.940000,152.76600,1.00
2025-10-01,2025-10-31,20260209_053431,20260209_053431-0012,1,初回,2025-10-30 03:35:33.423000,152.71700,1.00
2025-10-01,2025-10-31,20260209_053431,20260209_053431-0012,2,段階1,2025-10-30 03:35:33.423000,152.78500,1.00
2025-10-01,2025-10-31,20260209_053431,20260209_053431-0012,3,段階2,2025-10-30 03:35:33.423000,152.83200,1.00
2025-10-01,2025-10-31,20260209_053431,20260209_053431-0012,4,段階3,2025-10-30 03:35:33.423000,152.87800,1.00
2025-10-01,2025-10-31,20260209_053431,20260209_053431-0012,5,段階4,2025-10-30 03:35:33.423000,152.91800,1.00
2025-10-01,2025-10-31,20260209_053431,20260209_053431-0012,6,段階5,2025-10-30 03:35:33.423000,152.96700,1.00
2025-11-01,2025-11-30,20260209_053520,20260209_053520-0001,1,初回,2025-11-04 00:00:00.263000,153.92600,1.00
2025-11-01,2025-11-30,20260209_053520,20260209_053520-0002,1,初回,2025-11-04 00:00:02.820000,153.95100,1.00
2025-11-01,2025-11-30,20260209_053520,20260209_053520-0003,1,初回,2025-11-06 00:00:00.316000,154.18300,1.00
2025-11-01,2025-11-30,20260209_053520,20260209_053520-0003,2,段階1,2025-11-06 00:00:00.316000,154.23500,1.00
2025-11-01,2025-11-30,20260209_053520,20260209_053520-0003,3,段階2,2025-11-06 00:00:00.316000,154.28500,1.00
2025-11-01,2025-11-30,20260209_053520,20260209_053520-0003,4,段階3,2025-11-06 00:00:00.316000,154.33400,1.00
2025-11-01,2025-11-30,20260209_053520,20260209_053520-0004,1,初回,2025-11-20 22:30:03.391000,157.86200,1.00
2025-11-01,2025-11-30,20260209_053520,20260209_053520-0005,1,初回,2025-11-20 22:30:01.470000,157.76900,1.00
2025-11-01,2025-11-30,20260209_053520,20260209_053520-0005,2,段階1,2025-11-20 22:30:01.470000,157.84000,1.00
2025-11-01,2025-11-30,20260209_053520,20260209_053520-0005,3,段階2,2025-11-20 22:30:01.470000,157.87500,1.00
2025-12-01,2025-12-31,20260209_053612,20260209_053612-0001,1,初回,2025-12-03 22:15:00.292000,155.24200,1.00
2025-12-01,2025-12-31,20260209_053612,20260209_053612-0002,1,初回,2025-12-10 00:00:01.218000,156.56800,1.00
2025-12-01,2025-12-31,20260209_053612,20260209_053612-0002,2,段階1,2025-12-10 00:00:01.218000,156.62600,1.00
2025-12-01,2025-12-31,20260209_053612,20260209_053612-0002,3,段階2,2025-12-10 00:00:01.218000,156.66900,1.00
2025-12-01,2025-12-31,20260209_053612,20260209_053612-0002,4,段階3,2025-12-10 00:00:01.218000,156.72200,1.00
2025-12-01,2025-12-31,20260209_053612,20260209_053612-0002,5,段階4,2025-12-10 00:00:01.218000,156.76900,1.00
2025-12-01,2025-12-31,20260209_053612,20260209_053612-0002,6,段階5,2025-12-10 00:00:01.218000,156.81900,1.00
2025-12-01,2025-12-31,20260209_053612,20260209_053612-0003,1,初回,2025-12-11 04:35:31.746000,156.12800,1.00
2025-12-01,2025-12-31,20260209_053612,20260209_053612-0004,1,初回,2025-12-17 04:25:43.194000,154.88900,1.00
2025-12-01,2025-12-31,20260209_053612,20260209_053612-0005,1,初回,2025-12-18 22:30:03.672000,155.37700,1.00
2025-12-01,2025-12-31,20260209_053612,20260209_053612-0006,1,初回,2025-12-18 22:30:05.060000,155.37900,1.00
2025-12-01,2025-12-31,20260209_053612,20260209_053612-0007,1,初回,2025-12-22 22:10:21.482000,156.90300,1.00
2025-12-01,2025-12-31,20260209_053612,20260209_053612-0008,1,初回,2025-12-22 22:10:03.699000,157.14700,1.00
2025-12-01,2025-12-31,20260209_053612,20260209_053612-0008,2,段階1,2025-12-22 22:10:03.699000,157.09500,1.00
2025-12-01,2025-12-31,20260209_053612,20260209_053612-0008,3,段階2,2025-12-22 22:10:03.699000,157.04600,1.00
2025-12-01,2025-12-31,20260209_053612,20260209_053612-0008,4,段階3,2025-12-22 22:10:03.699000,156.99600,1.00
2025-12-01,2025-12-31,20260209_053612,20260209_053612-0008,5,段階4,2025-12-22 22:10:03.699000,156.93700,1.00
2025-12-01,2025-12-31,20260209_053612,20260209_053612-0008,6,段階5,2025-12-22 22:10:03.699000,156.89300,1.00
