開始日,終了日,実行ID,取引ID,in時刻,out時刻,方向,in価格,out価格,ロット合計,損益,累計損益,in理由,out理由,ライン種別,ナンピン回数,平均in価格
2024-01-01,2024-01-31,20260207_221524,20260207_221524-0001,2024-01-02 11:33:53.660000,2024-01-02 17:17:54.927000,売り,141.62900,141.32900,1.00,30.00,30.00,秒逆張り,,,0,141.62900
2024-01-01,2024-01-31,20260207_221524,20260207_221524-0002,2024-01-04 00:00:04.232000,2024-01-04 00:00:06.592000,買い,143.08000,142.98000,1.00,-10.00,20.00,秒逆張り,,,0,143.08000
2024-01-01,2024-01-31,20260207_221524,20260207_221524-0003,2024-01-04 00:00:07.849000,2024-01-04 00:00:13.255000,買い,143.01000,142.91000,1.00,-10.00,10.00,秒逆張り,,,0,143.01000
2024-01-01,2024-01-31,20260207_221524,20260207_221524-0004,2024-01-04 19:42:14.914000,2024-01-04 19:51:48.888000,売り,144.09300,144.19300,1.00,-10.00,0.00,秒逆張り,,,0,144.09300
2024-01-01,2024-01-31,20260207_221524,20260207_221524-0005,2024-01-04 22:15:04.003000,2024-01-04 22:16:17.654000,売り,144.23200,144.33200,1.00,-10.00,-10.00,秒逆張り,,,0,144.23200
2024-01-01,2024-01-31,20260207_221524,20260207_221524-0006,2024-01-05 22:30:03.797000,2024-01-05 22:30:05.497000,売り,145.49500,145.59500,1.00,-10.00,-20.00,秒逆張り,,,0,145.49500
2024-01-01,2024-01-31,20260207_221524,20260207_221524-0007,2024-01-05 22:30:07.073000,2024-01-05 22:30:10.344000,売り,145.52900,145.62900,1.00,-10.00,-30.00,秒逆張り,,,0,145.52900
2024-01-01,2024-01-31,20260207_221524,20260207_221524-0008,2024-01-05 22:30:12.377000,2024-01-05 22:30:30.077000,売り,145.69300,145.79300,1.00,-10.00,-40.00,秒逆張り,,,0,145.69300
2024-01-01,2024-01-31,20260207_221524,20260207_221524-0009,2024-01-06 00:00:02.917000,2024-01-06 00:00:25.085000,買い,144.66200,144.56200,1.00,-10.00,-50.00,秒逆張り,,,0,144.66200
2024-01-01,2024-01-31,20260207_221524,20260207_221524-0010,2024-01-06 00:00:17.250000,2024-01-06 00:00:33.296000,買い,144.60400,144.50400,1.00,-10.00,-60.00,秒逆張り,,,0,144.60400
2024-01-01,2024-01-31,20260207_221524,20260207_221524-0011,2024-01-11 22:30:12.122000,2024-01-11 22:31:19.612000,売り,145.79000,145.89000,1.00,-10.00,-70.00,秒逆張り,,,0,145.79000
2024-01-01,2024-01-31,20260207_221524,20260207_221524-0012,2024-01-11 22:30:27.539000,2024-01-11 22:31:19.714000,売り,145.79300,145.89300,1.00,-10.00,-80.00,秒逆張り,,,0,145.79300
2024-01-01,2024-01-31,20260207_221524,20260207_221524-0013,2024-01-11 22:30:04.151000,2024-01-11 22:31:24.810000,売り,145.80500,145.90500,1.00,-10.00,-90.00,秒逆張り,,,0,145.80500
2024-01-01,2024-01-31,20260207_221524,20260207_221524-0014,2024-01-12 22:30:05.322000,2024-01-12 22:30:14.768000,買い,145.15300,145.05300,1.00,-10.00,-100.00,秒逆張り,,,0,145.15300
2024-01-01,2024-01-31,20260207_221524,20260207_221524-0015,2024-01-17 14:37:29.049000,2024-01-17 14:39:11.451000,売り,147.54600,147.64600,1.00,-10.00,-110.00,秒逆張り,,,0,147.54600
2024-01-01,2024-01-31,20260207_221524,20260207_221524-0016,2024-01-17 22:30:01.782000,2024-01-17 22:30:03.918000,売り,147.82200,147.92200,1.00,-10.00,-120.00,秒逆張り,,,0,147.82200
2024-01-01,2024-01-31,20260207_221524,20260207_221524-0017,2024-01-17 22:30:06.663000,2024-01-17 23:41:19.343000,売り,147.96000,148.06000,1.00,-10.00,-130.00,秒逆張り,,,0,147.96000
2024-01-01,2024-01-31,20260207_221524,20260207_221524-0018,2024-01-18 22:30:24.521000,2024-01-18 22:42:04.378000,売り,148.08200,148.18200,1.00,-10.00,-140.00,秒逆張り,,,0,148.08200
2024-01-01,2024-01-31,20260207_221524,20260207_221524-0019,2024-01-18 22:30:03.263000,2024-01-18 22:44:12.113000,売り,148.11700,148.21700,1.00,-10.00,-150.00,秒逆張り,,,0,148.11700
2024-01-01,2024-01-31,20260207_221524,20260207_221524-0020,2024-01-20 00:00:02.642000,2024-01-20 00:08:35.721000,買い,148.16700,148.46700,1.00,30.00,-120.00,秒逆張り,,,0,148.16700
2024-01-01,2024-01-31,20260207_221524,20260207_221524-0021,2024-01-23 12:09:30.099000,2024-01-23 12:10:09.159000,売り,148.30600,148.40600,1.00,-10.00,-130.00,秒逆張り,,,0,148.30600
2024-01-01,2024-01-31,20260207_221524,20260207_221524-0022,2024-01-23 15:47:46.729000,2024-01-23 15:48:57.185000,買い,147.45000,147.35000,1.00,-10.00,-140.00,秒逆張り,,,0,147.45000
2024-01-01,2024-01-31,20260207_221524,20260207_221524-0023,2024-01-23 20:27:24.258000,2024-01-23 23:12:01.506000,売り,148.15100,148.25100,1.00,-10.00,-150.00,秒逆張り,,,0,148.15100
2024-01-01,2024-01-31,20260207_221524,20260207_221524-0024,2024-01-24 23:45:02.986000,2024-01-25 00:15:21.469000,売り,147.24200,146.94200,1.00,30.00,-120.00,秒逆張り,,,0,147.24200
2024-01-01,2024-01-31,20260207_221524,20260207_221524-0025,2024-01-25 03:01:59.180000,2024-01-25 03:21:56.422000,売り,147.29600,147.39600,1.00,-10.00,-130.00,秒逆張り,,,0,147.29600
2024-01-01,2024-01-31,20260207_221524,20260207_221524-0026,2024-01-25 22:30:05.484000,2024-01-25 22:31:04.746000,売り,147.88100,147.58100,1.00,30.00,-100.00,秒逆張り,,,0,147.88100
2024-01-01,2024-01-31,20260207_221524,20260207_221524-0027,2024-01-25 22:31:05.772000,2024-01-25 22:32:37.618000,買い,147.59100,147.49100,1.00,-10.00,-110.00,秒逆張り,,,0,147.59100
2024-01-01,2024-01-31,20260207_221524,20260207_221524-0028,2024-01-26 22:30:11.674000,2024-01-26 22:30:33.146000,買い,147.47800,147.77800,1.00,30.00,-80.00,秒逆張り,,,0,147.47800
2024-01-01,2024-01-31,20260207_221524,20260207_221524-0029,2024-01-31 00:00:05.212000,2024-01-31 00:05:05.344000,売り,147.49800,147.59800,1.00,-10.00,-90.00,秒逆張り,,,0,147.49800
2024-01-01,2024-01-31,20260207_221524,20260207_221524-0030,2024-01-31 22:15:02.333000,2024-01-31 22:30:03.514000,買い,147.63400,147.53400,1.00,-10.00,-100.00,秒逆張り,,,0,147.63400
2024-01-01,2024-01-31,20260207_221524,20260207_221524-0031,2024-01-31 22:30:03.002000,2024-01-31 22:55:50.204000,買い,147.57100,147.47100,1.00,-10.00,-110.00,秒逆張り,,,0,147.57100
2024-02-01,2024-02-29,20260207_221705,20260207_221705-0001,2024-02-01 04:00:03.499000,2024-02-01 04:00:04.389000,買い,146.31900,146.21900,1.00,-10.00,-120.00,秒逆張り,,,0,146.31900
2024-02-01,2024-02-29,20260207_221705,20260207_221705-0002,2024-02-01 04:00:09.139000,2024-02-01 04:00:11.160000,売り,146.54700,146.64700,1.00,-10.00,-130.00,秒逆張り,,,0,146.54700
2024-02-01,2024-02-29,20260207_221705,20260207_221705-0003,2024-02-01 04:00:18.067000,2024-02-01 04:00:31.361000,売り,146.70700,146.80700,1.00,-10.00,-140.00,秒逆張り,,,0,146.70700
2024-02-01,2024-02-29,20260207_221705,20260207_221705-0004,2024-02-01 04:00:14.266000,2024-02-01 04:02:12.487000,売り,146.71800,146.81800,1.00,-10.00,-150.00,秒逆張り,,,0,146.71800
2024-02-01,2024-02-29,20260207_221705,20260207_221705-0005,2024-02-01 04:31:43.503000,2024-02-01 04:35:20.107000,買い,146.50800,146.40800,1.00,-10.00,-160.00,秒逆張り,,,0,146.50800
2024-02-01,2024-02-29,20260207_221705,20260207_221705-0006,2024-02-01 22:30:02.440000,2024-02-01 22:30:04.558000,買い,146.79500,146.69500,1.00,-10.00,-170.00,秒逆張り,,,0,146.79500
2024-02-01,2024-02-29,20260207_221705,20260207_221705-0007,2024-02-02 22:30:04.241000,2024-02-02 22:30:05.733000,売り,147.11200,147.21200,1.00,-10.00,-180.00,秒逆張り,,,0,147.11200
2024-02-01,2024-02-29,20260207_221705,20260207_221705-0008,2024-02-02 22:30:07.175000,2024-02-02 22:30:20.314000,売り,147.20600,147.30600,1.00,-10.00,-190.00,秒逆張り,,,0,147.20600
2024-02-01,2024-02-29,20260207_221705,20260207_221705-0009,2024-02-06 00:00:01.466000,2024-02-06 00:52:10.064000,売り,148.69200,148.79200,1.00,-10.00,-200.00,秒逆張り,,,0,148.69200
2024-02-01,2024-02-29,20260207_221705,20260207_221705-0010,2024-02-08 00:34:41.471000,2024-02-08 00:43:18.529000,買い,147.89500,147.79500,1.00,-10.00,-210.00,秒逆張り,,,0,147.89500
2024-02-01,2024-02-29,20260207_221705,20260207_221705-0011,2024-02-08 03:01:46.514000,2024-02-08 09:35:58.581000,買い,148.04800,147.94800,1.00,-10.00,-220.00,秒逆張り,,,0,148.04800
2024-02-01,2024-02-29,20260207_221705,20260207_221705-0012,2024-02-09 03:01:51.999000,2024-02-09 03:02:53.438000,買い,149.25600,149.15600,1.00,-10.00,-230.00,秒逆張り,,,0,149.25600
2024-02-01,2024-02-29,20260207_221705,20260207_221705-0013,2024-02-09 22:31:01.858000,2024-02-09 22:31:06.730000,買い,149.35300,149.25300,1.00,-10.00,-240.00,秒逆張り,,,0,149.35300
2024-02-01,2024-02-29,20260207_221705,20260207_221705-0014,2024-02-13 22:30:12.997000,2024-02-13 22:30:19.591000,売り,149.87500,149.97500,1.00,-10.00,-250.00,秒逆張り,,,0,149.87500
2024-02-01,2024-02-29,20260207_221705,20260207_221705-0015,2024-02-13 22:30:50.762000,2024-02-13 22:31:12.155000,売り,149.87800,149.97800,1.00,-10.00,-260.00,秒逆張り,,,0,149.87800
2024-02-01,2024-02-29,20260207_221705,20260207_221705-0016,2024-02-13 22:30:05.415000,2024-02-13 22:31:44.814000,売り,149.90100,150.00100,1.00,-10.00,-270.00,秒逆張り,,,0,149.90100
2024-02-01,2024-02-29,20260207_221705,20260207_221705-0017,2024-02-15 22:30:02.348000,2024-02-15 22:30:13.314000,買い,149.81300,149.71300,1.00,-10.00,-280.00,秒逆張り,,,0,149.81300
2024-02-01,2024-02-29,20260207_221705,20260207_221705-0018,2024-02-15 22:30:16.535000,2024-02-15 22:34:31.614000,買い,149.61300,149.91300,1.00,30.00,-250.00,秒逆張り,,,0,149.61300
2024-02-01,2024-02-29,20260207_221705,20260207_221705-0019,2024-02-16 22:30:03.897000,2024-02-17 00:17:50.640000,売り,150.59400,150.29400,1.00,30.00,-220.00,秒逆張り,,,0,150.59400
2024-02-01,2024-02-29,20260207_221705,20260207_221705-0020,2024-02-22 22:30:02.444000,2024-02-22 23:42:20.723000,売り,150.54400,150.64400,1.00,-10.00,-230.00,秒逆張り,,,0,150.54400
2024-02-01,2024-02-29,20260207_221705,20260207_221705-0021,2024-02-22 23:45:02.841000,2024-02-23 09:20:43.941000,買い,150.49500,150.39500,1.00,-10.00,-240.00,秒逆張り,,,0,150.49500
2024-02-01,2024-02-29,20260207_221705,20260207_221705-0022,2024-02-28 00:00:03.158000,2024-02-28 13:33:37.931000,買い,150.28400,150.58400,1.00,30.00,-210.00,秒逆張り,,,0,150.28400
2024-02-01,2024-02-29,20260207_221705,20260207_221705-0023,2024-02-29 22:30:07.487000,2024-02-29 22:30:30.029000,買い,149.91000,149.81000,1.00,-10.00,-220.00,秒逆張り,,,0,149.91000
2024-03-01,2024-03-31,20260207_221834,20260207_221834-0001,2024-03-02 00:00:03.352000,2024-03-02 00:10:52.342000,買い,150.35500,150.25500,1.00,-10.00,-230.00,秒逆張り,,,0,150.35500
2024-03-01,2024-03-31,20260207_221834,20260207_221834-0002,2024-03-05 23:45:02.399000,2024-03-06 00:00:09.859000,売り,150.17200,149.87200,1.00,30.00,-200.00,秒逆張り,,,0,150.17200
2024-03-01,2024-03-31,20260207_221834,20260207_221834-0003,2024-03-06 00:00:01.404000,2024-03-06 00:00:09.859000,買い,149.95600,149.85600,1.00,-10.00,-210.00,秒逆張り,,,0,149.95600
2024-03-01,2024-03-31,20260207_221834,20260207_221834-0004,2024-03-07 00:00:03.862000,2024-03-07 00:31:07.604000,売り,149.47900,149.57900,1.00,-10.00,-220.00,秒逆張り,,,0,149.47900
2024-03-01,2024-03-31,20260207_221834,20260207_221834-0005,2024-03-08 18:36:30.504000,2024-03-08 18:46:10.680000,買い,147.11700,147.01700,1.00,-10.00,-230.00,秒逆張り,,,0,147.11700
2024-03-01,2024-03-31,20260207_221834,20260207_221834-0006,2024-03-08 22:30:09.125000,2024-03-08 22:30:26.290000,売り,147.46600,147.16600,1.00,30.00,-200.00,秒逆張り,,,0,147.46600
2024-03-01,2024-03-31,20260207_221834,20260207_221834-0007,2024-03-08 22:30:42.641000,2024-03-08 22:30:44.324000,買い,147.02000,146.92000,1.00,-10.00,-210.00,秒逆張り,,,0,147.02000
2024-03-01,2024-03-31,20260207_221834,20260207_221834-0008,2024-03-08 22:30:47.677000,2024-03-08 22:30:52.674000,買い,146.77400,146.67400,1.00,-10.00,-220.00,秒逆張り,,,0,146.77400
2024-03-01,2024-03-31,20260207_221834,20260207_221834-0009,2024-03-12 15:08:45.071000,2024-03-12 21:30:01.341000,買い,147.29000,147.59000,1.00,30.00,-190.00,秒逆張り,,,0,147.29000
2024-03-01,2024-03-31,20260207_221834,20260207_221834-0010,2024-03-12 21:30:06.666000,2024-03-12 21:30:49.316000,売り,148.07200,147.77200,1.00,30.00,-160.00,秒逆張り,,,0,148.07200
2024-03-01,2024-03-31,20260207_221834,20260207_221834-0011,2024-03-12 21:32:34.172000,2024-03-12 21:32:39.288000,買い,147.46100,147.36100,1.00,-10.00,-170.00,秒逆張り,,,0,147.46100
2024-03-01,2024-03-31,20260207_221834,20260207_221834-0012,2024-03-14 21:30:02.840000,2024-03-14 21:32:05.665000,売り,147.83000,147.93000,1.00,-10.00,-180.00,秒逆張り,,,0,147.83000
2024-03-01,2024-03-31,20260207_221834,20260207_221834-0013,2024-03-14 22:20:33.860000,2024-03-14 22:20:35.681000,買い,147.76400,147.66400,1.00,-10.00,-190.00,秒逆張り,,,0,147.76400
2024-03-01,2024-03-31,20260207_221834,20260207_221834-0014,2024-03-14 22:20:39.276000,2024-03-14 22:21:31.615000,買い,147.65100,147.55100,1.00,-10.00,-200.00,秒逆張り,,,0,147.65100
2024-03-01,2024-03-31,20260207_221834,20260207_221834-0015,2024-03-15 15:51:47.807000,2024-03-15 16:05:02.614000,買い,148.13600,148.03600,1.00,-10.00,-210.00,秒逆張り,,,0,148.13600
2024-03-01,2024-03-31,20260207_221834,20260207_221834-0016,2024-03-19 12:14:11.040000,2024-03-19 12:35:15.630000,買い,149.18300,149.08300,1.00,-10.00,-220.00,秒逆張り,,,0,149.18300
2024-03-01,2024-03-31,20260207_221834,20260207_221834-0017,2024-03-19 12:35:16.792000,2024-03-19 12:35:23.270000,買い,149.05400,149.35400,1.00,30.00,-190.00,秒逆張り,,,0,149.05400
2024-03-01,2024-03-31,20260207_221834,20260207_221834-0018,2024-03-19 12:35:27.334000,2024-03-19 12:35:30.626000,売り,149.40800,149.50800,1.00,-10.00,-200.00,秒逆張り,,,0,149.40800
2024-03-01,2024-03-31,20260207_221834,20260207_221834-0019,2024-03-19 12:35:34.626000,2024-03-19 12:36:32.690000,売り,149.64900,149.34900,1.00,30.00,-170.00,秒逆張り,,,0,149.64900
2024-03-01,2024-03-31,20260207_221834,20260207_221834-0020,2024-03-19 12:36:34.306000,2024-03-19 12:36:41.075000,買い,149.38000,149.28000,1.00,-10.00,-180.00,秒逆張り,,,0,149.38000
2024-03-01,2024-03-31,20260207_221834,20260207_221834-0021,2024-03-19 12:36:42.155000,2024-03-19 12:39:51.464000,買い,149.30700,149.60700,1.00,30.00,-150.00,秒逆張り,,,0,149.30700
2024-03-01,2024-03-31,20260207_221834,20260207_221834-0022,2024-03-19 14:24:04.002000,2024-03-19 15:35:08.698000,売り,150.35700,150.45700,1.00,-10.00,-160.00,秒逆張り,,,0,150.35700
2024-03-01,2024-03-31,20260207_221834,20260207_221834-0023,2024-03-19 15:49:04.063000,2024-03-19 16:19:29.543000,買い,150.31000,150.21000,1.00,-10.00,-170.00,秒逆張り,,,0,150.31000
2024-03-01,2024-03-31,20260207_221834,20260207_221834-0024,2024-03-19 17:45:21.070000,2024-03-19 18:34:41.028000,買い,150.34100,150.64100,1.00,30.00,-140.00,秒逆張り,,,0,150.34100
2024-03-01,2024-03-31,20260207_221834,20260207_221834-0025,2024-03-21 03:00:06.266000,2024-03-21 03:00:33.069000,買い,151.22600,151.52600,1.00,30.00,-110.00,秒逆張り,,,0,151.22600
2024-03-01,2024-03-31,20260207_221834,20260207_221834-0026,2024-03-21 03:00:12.305000,2024-03-21 03:15:21.232000,買い,151.32300,151.62300,1.00,30.00,-80.00,秒逆張り,,,0,151.32300
2024-03-01,2024-03-31,20260207_221834,20260207_221834-0027,2024-03-27 12:12:27.675000,2024-03-27 18:01:16.777000,買い,151.68000,151.58000,1.00,-10.00,-90.00,秒逆張り,,,0,151.68000
2024-03-01,2024-03-31,20260207_221834,20260207_221834-0028,2024-03-27 18:01:53.157000,2024-03-27 18:01:59.869000,買い,151.57400,151.47400,1.00,-10.00,-100.00,秒逆張り,,,0,151.57400
2024-04-01,2024-04-30,20260207_221952,20260207_221952-0001,2024-04-01 23:00:02.346000,2024-04-03 21:15:02.261000,売り,151.73000,151.83000,1.00,-10.00,-110.00,秒逆張り,,,0,151.73000
2024-04-01,2024-04-30,20260207_221952,20260207_221952-0002,2024-04-03 23:00:01.505000,2024-04-04 08:57:51.967000,買い,151.66600,151.56600,1.00,-10.00,-120.00,秒逆張り,,,0,151.66600
2024-04-01,2024-04-30,20260207_221952,20260207_221952-0003,2024-04-05 21:30:03.782000,2024-04-05 21:30:05.966000,売り,151.50700,151.60700,1.00,-10.00,-130.00,秒逆張り,,,0,151.50700
2024-04-01,2024-04-30,20260207_221952,20260207_221952-0004,2024-04-05 21:30:07.002000,2024-04-05 21:31:31.777000,売り,151.56300,151.66300,1.00,-10.00,-140.00,秒逆張り,,,0,151.56300
2024-04-01,2024-04-30,20260207_221952,20260207_221952-0005,2024-04-10 21:30:04.475000,2024-04-10 21:30:04.940000,売り,151.98500,152.08500,1.00,-10.00,-150.00,秒逆張り,,,0,151.98500
2024-04-01,2024-04-30,20260207_221952,20260207_221952-0006,2024-04-10 21:30:07.354000,2024-04-10 21:30:19.427000,売り,152.10800,152.20800,1.00,-10.00,-160.00,秒逆張り,,,0,152.10800
2024-04-01,2024-04-30,20260207_221952,20260207_221952-0007,2024-04-10 21:30:15.214000,2024-04-10 21:30:27.649000,売り,152.15100,152.25100,1.00,-10.00,-170.00,秒逆張り,,,0,152.15100
2024-04-01,2024-04-30,20260207_221952,20260207_221952-0008,2024-04-10 21:45:38.123000,2024-04-10 21:45:43.233000,買い,152.04600,152.34600,1.00,30.00,-140.00,秒逆張り,,,0,152.04600
2024-04-01,2024-04-30,20260207_221952,20260207_221952-0009,2024-04-10 21:45:54.551000,2024-04-10 22:00:33.816000,買い,152.12900,152.42900,1.00,30.00,-110.00,秒逆張り,,,0,152.12900
2024-04-01,2024-04-30,20260207_221952,20260207_221952-0010,2024-04-11 21:30:08.516000,2024-04-11 21:34:29.600000,買い,152.97300,152.87300,1.00,-10.00,-120.00,秒逆張り,,,0,152.97300
2024-04-01,2024-04-30,20260207_221952,20260207_221952-0011,2024-04-15 17:11:49.233000,2024-04-15 17:17:10.199000,買い,153.80600,153.70600,1.00,-10.00,-130.00,秒逆張り,,,0,153.80600
2024-04-01,2024-04-30,20260207_221952,20260207_221952-0012,2024-04-15 21:30:09.600000,2024-04-15 21:30:19.029000,売り,154.19800,154.29800,1.00,-10.00,-140.00,秒逆張り,,,0,154.19800
2024-04-01,2024-04-30,20260207_221952,20260207_221952-0013,2024-04-15 23:36:53.691000,2024-04-15 23:37:19.210000,買い,154.05900,153.95900,1.00,-10.00,-150.00,秒逆張り,,,0,154.05900
2024-04-01,2024-04-30,20260207_221952,20260207_221952-0014,2024-04-15 23:37:20.554000,2024-04-15 23:37:46.513000,買い,153.90600,154.20600,1.00,30.00,-120.00,秒逆張り,,,0,153.90600
2024-04-01,2024-04-30,20260207_221952,20260207_221952-0015,2024-04-16 22:38:52.370000,2024-04-16 22:39:08.680000,買い,154.49600,154.39600,1.00,-10.00,-130.00,秒逆張り,,,0,154.49600
2024-04-01,2024-04-30,20260207_221952,20260207_221952-0016,2024-04-16 22:39:10.254000,2024-04-16 22:39:11.028000,買い,154.36300,154.26300,1.00,-10.00,-140.00,秒逆張り,,,0,154.36300
2024-04-01,2024-04-30,20260207_221952,20260207_221952-0017,2024-04-16 22:39:12.125000,2024-04-16 22:39:13.471000,買い,154.29500,154.19500,1.00,-10.00,-150.00,秒逆張り,,,0,154.29500
2024-04-01,2024-04-30,20260207_221952,20260207_221952-0018,2024-04-16 22:39:15.487000,2024-04-16 22:39:16.518000,買い,154.17300,154.07300,1.00,-10.00,-160.00,秒逆張り,,,0,154.17300
2024-04-01,2024-04-30,20260207_221952,20260207_221952-0019,2024-04-16 22:39:18.736000,2024-04-16 22:39:25.605000,買い,153.94700,154.24700,1.00,30.00,-130.00,秒逆張り,,,0,153.94700
2024-04-01,2024-04-30,20260207_221952,20260207_221952-0020,2024-04-16 23:52:00.909000,2024-04-17 02:32:04.501000,買い,154.48400,154.78400,1.00,30.00,-100.00,秒逆張り,,,0,154.48400
2024-04-01,2024-04-30,20260207_221952,20260207_221952-0021,2024-04-18 01:25:58.714000,2024-04-18 02:03:12.082000,買い,154.31200,154.21200,1.00,-10.00,-110.00,秒逆張り,,,0,154.31200
2024-04-01,2024-04-30,20260207_221952,20260207_221952-0022,2024-04-23 22:45:01.905000,2024-04-24 15:12:48.383000,買い,154.60700,154.90700,1.00,30.00,-80.00,秒逆張り,,,0,154.60700
2024-04-01,2024-04-30,20260207_221952,20260207_221952-0023,2024-04-24 21:12:44.080000,2024-04-24 21:15:01.126000,売り,155.08800,154.78800,1.00,30.00,-50.00,秒逆張り,,,0,155.08800
2024-04-01,2024-04-30,20260207_221952,20260207_221952-0024,2024-04-24 21:15:08.985000,2024-04-24 21:15:19.621000,買い,154.90500,154.80500,1.00,-10.00,-60.00,秒逆張り,,,0,154.90500
2024-04-01,2024-04-30,20260207_221952,20260207_221952-0025,2024-04-24 21:15:16.955000,2024-04-25 02:29:10.067000,買い,154.89600,155.19600,1.00,30.00,-30.00,秒逆張り,,,0,154.89600
2024-04-01,2024-04-30,20260207_221952,20260207_221952-0026,2024-04-25 21:30:17.489000,2024-04-25 21:39:40.833000,買い,155.35800,155.65800,1.00,30.00,0.00,秒逆張り,,,0,155.35800
2024-04-01,2024-04-30,20260207_221952,20260207_221952-0027,2024-04-26 12:22:13.523000,2024-04-26 12:24:30.274000,売り,155.62700,155.72700,1.00,-10.00,-10.00,秒逆張り,,,0,155.62700
2024-04-01,2024-04-30,20260207_221952,20260207_221952-0028,2024-04-26 12:22:25.526000,2024-04-26 12:24:30.326000,売り,155.64300,155.74300,1.00,-10.00,-20.00,秒逆張り,,,0,155.64300
2024-04-01,2024-04-30,20260207_221952,20260207_221952-0029,2024-04-26 12:24:36.301000,2024-04-26 12:31:04.099000,売り,155.85800,155.95800,1.00,-10.00,-30.00,秒逆張り,,,0,155.85800
2024-04-01,2024-04-30,20260207_221952,20260207_221952-0030,2024-04-26 15:57:52.957000,2024-04-26 15:58:08.696000,売り,156.35000,156.45000,1.00,-10.00,-40.00,秒逆張り,,,0,156.35000
2024-04-01,2024-04-30,20260207_221952,20260207_221952-0031,2024-04-26 17:00:51.872000,2024-04-26 17:00:58.199000,買い,155.90200,156.20200,1.00,30.00,-10.00,秒逆張り,,,0,155.90200
2024-04-01,2024-04-30,20260207_221952,20260207_221952-0032,2024-04-26 17:01:00.993000,2024-04-26 17:01:17.548000,買い,156.27200,156.17200,1.00,-10.00,-20.00,秒逆張り,,,0,156.27200
2024-04-01,2024-04-30,20260207_221952,20260207_221952-0033,2024-04-26 17:01:22.774000,2024-04-26 17:01:24.434000,買い,155.97700,155.87700,1.00,-10.00,-30.00,秒逆張り,,,0,155.97700
2024-04-01,2024-04-30,20260207_221952,20260207_221952-0034,2024-04-26 17:01:27.853000,2024-04-26 17:01:29.737000,買い,155.70400,155.60400,1.00,-10.00,-40.00,秒逆張り,,,0,155.70400
2024-04-01,2024-04-30,20260207_221952,20260207_221952-0035,2024-04-26 17:01:30.770000,2024-04-26 17:01:32.956000,買い,155.61000,155.51000,1.00,-10.00,-50.00,秒逆張り,,,0,155.61000
2024-04-01,2024-04-30,20260207_221952,20260207_221952-0036,2024-04-26 17:01:34.299000,2024-04-26 17:01:36.028000,買い,155.53000,155.43000,1.00,-10.00,-60.00,秒逆張り,,,0,155.53000
2024-04-01,2024-04-30,20260207_221952,20260207_221952-0037,2024-04-26 17:01:40.499000,2024-04-26 17:01:46.075000,買い,155.22200,155.52200,1.00,30.00,-30.00,秒逆張り,,,0,155.22200
2024-04-01,2024-04-30,20260207_221952,20260207_221952-0038,2024-04-26 17:01:49.634000,2024-04-26 17:01:59.023000,買い,155.25400,155.55400,1.00,30.00,0.00,秒逆張り,,,0,155.25400
2024-04-01,2024-04-30,20260207_221952,20260207_221952-0039,2024-04-26 17:02:14.681000,2024-04-26 17:02:18.077000,買い,155.25400,155.15400,1.00,-10.00,-10.00,秒逆張り,,,0,155.25400
2024-04-01,2024-04-30,20260207_221952,20260207_221952-0040,2024-04-26 17:02:25.440000,2024-04-26 17:02:31.468000,買い,155.06800,154.96800,1.00,-10.00,-20.00,秒逆張り,,,0,155.06800
2024-04-01,2024-04-30,20260207_221952,20260207_221952-0041,2024-04-26 17:02:51.709000,2024-04-26 17:02:57.228000,売り,155.47000,155.57000,1.00,-10.00,-30.00,秒逆張り,,,0,155.47000
2024-04-01,2024-04-30,20260207_221952,20260207_221952-0042,2024-04-26 17:02:54.552000,2024-04-26 17:02:58.515000,売り,155.50100,155.60100,1.00,-10.00,-40.00,秒逆張り,,,0,155.50100
2024-04-01,2024-04-30,20260207_221952,20260207_221952-0043,2024-04-26 17:03:05.761000,2024-04-26 17:03:18.237000,売り,155.50900,155.60900,1.00,-10.00,-50.00,秒逆張り,,,0,155.50900
2024-04-01,2024-04-30,20260207_221952,20260207_221952-0044,2024-04-26 17:03:34.295000,2024-04-26 17:03:41.205000,売り,155.54300,155.64300,1.00,-10.00,-60.00,秒逆張り,,,0,155.54300
2024-04-01,2024-04-30,20260207_221952,20260207_221952-0045,2024-04-26 17:03:25.146000,2024-04-26 17:03:43.115000,売り,155.60900,155.70900,1.00,-10.00,-70.00,秒逆張り,,,0,155.60900
2024-04-01,2024-04-30,20260207_221952,20260207_221952-0046,2024-04-26 17:03:52.655000,2024-04-26 17:06:00.030000,売り,155.91300,156.01300,1.00,-10.00,-80.00,秒逆張り,,,0,155.91300
2024-04-01,2024-04-30,20260207_221952,20260207_221952-0047,2024-04-26 17:04:30.890000,2024-04-26 17:06:00.082000,売り,155.92000,156.02000,1.00,-10.00,-90.00,秒逆張り,,,0,155.92000
2024-04-01,2024-04-30,20260207_221952,20260207_221952-0048,2024-04-26 17:06:02.371000,2024-04-26 17:06:11.483000,売り,156.04700,156.14700,1.00,-10.00,-100.00,秒逆張り,,,0,156.04700
2024-04-01,2024-04-30,20260207_221952,20260207_221952-0049,2024-04-26 17:06:14.547000,2024-04-26 17:06:15.065000,売り,156.20200,156.30200,1.00,-10.00,-110.00,秒逆張り,,,0,156.20200
2024-04-01,2024-04-30,20260207_221952,20260207_221952-0050,2024-04-26 21:30:06.165000,2024-04-26 23:04:05.443000,買い,156.68200,156.98200,1.00,30.00,-80.00,秒逆張り,,,0,156.68200
2024-04-01,2024-04-30,20260207_221952,20260207_221952-0051,2024-04-29 13:05:51.503000,2024-04-29 13:05:52.750000,買い,159.13800,159.03800,1.00,-10.00,-90.00,秒逆張り,,,0,159.13800
2024-04-01,2024-04-30,20260207_221952,20260207_221952-0052,2024-04-29 13:05:59.275000,2024-04-29 13:06:00.468000,買い,158.28100,158.18100,1.00,-10.00,-100.00,秒逆張り,,,0,158.28100
2024-04-01,2024-04-30,20260207_221952,20260207_221952-0053,2024-04-29 13:06:01.688000,2024-04-29 13:06:06.667000,買い,158.20100,158.50100,1.00,30.00,-70.00,秒逆張り,,,0,158.20100
2024-04-01,2024-04-30,20260207_221952,20260207_221952-0054,2024-04-29 13:06:12.753000,2024-04-29 13:06:16.157000,買い,158.47400,158.37400,1.00,-10.00,-80.00,秒逆張り,,,0,158.47400
2024-04-01,2024-04-30,20260207_221952,20260207_221952-0055,2024-04-29 13:06:37.890000,2024-04-29 13:06:49.443000,買い,158.50100,158.40100,1.00,-10.00,-90.00,秒逆張り,,,0,158.50100
2024-04-01,2024-04-30,20260207_221952,20260207_221952-0056,2024-04-29 13:06:45.925000,2024-04-29 13:06:49.443000,買い,158.47600,158.37600,1.00,-10.00,-100.00,秒逆張り,,,0,158.47600
2024-04-01,2024-04-30,20260207_221952,20260207_221952-0057,2024-04-29 13:07:03.515000,2024-04-29 13:07:04.798000,買い,158.39900,158.29900,1.00,-10.00,-110.00,秒逆張り,,,0,158.39900
2024-04-01,2024-04-30,20260207_221952,20260207_221952-0058,2024-04-29 13:07:06.045000,2024-04-29 13:07:12.869000,買い,158.25200,158.55200,1.00,30.00,-80.00,秒逆張り,,,0,158.25200
2024-04-01,2024-04-30,20260207_221952,20260207_221952-0059,2024-04-29 13:07:24.197000,2024-04-29 13:07:30.519000,買い,158.39600,158.29600,1.00,-10.00,-90.00,秒逆張り,,,0,158.39600
2024-04-01,2024-04-30,20260207_221952,20260207_221952-0060,2024-04-29 13:07:28.058000,2024-04-29 13:07:30.519000,買い,158.40400,158.30400,1.00,-10.00,-100.00,秒逆張り,,,0,158.40400
2024-04-01,2024-04-30,20260207_221952,20260207_221952-0061,2024-04-29 13:07:31.708000,2024-04-29 13:07:31.862000,買い,158.31000,158.21000,1.00,-10.00,-110.00,秒逆張り,,,0,158.31000
2024-04-01,2024-04-30,20260207_221952,20260207_221952-0062,2024-04-29 13:08:08.775000,2024-04-29 13:08:12.624000,売り,158.48000,158.18000,1.00,30.00,-80.00,秒逆張り,,,0,158.48000
2024-04-01,2024-04-30,20260207_221952,20260207_221952-0063,2024-04-29 13:08:02.860000,2024-04-29 13:09:09.533000,買い,158.20900,158.10900,1.00,-10.00,-90.00,秒逆張り,,,0,158.20900
2024-04-01,2024-04-30,20260207_221952,20260207_221952-0064,2024-04-29 13:08:39.537000,2024-04-29 13:09:09.688000,買い,158.20600,158.10600,1.00,-10.00,-100.00,秒逆張り,,,0,158.20600
2024-04-01,2024-04-30,20260207_221952,20260207_221952-0065,2024-04-29 13:08:19.030000,2024-04-29 13:09:10.104000,売り,158.40800,158.10800,1.00,30.00,-70.00,秒逆張り,,,0,158.40800
2024-04-01,2024-04-30,20260207_221952,20260207_221952-0066,2024-04-29 13:07:54.494000,2024-04-29 13:09:11.134000,買い,158.19300,158.09300,1.00,-10.00,-80.00,秒逆張り,,,0,158.19300
2024-04-01,2024-04-30,20260207_221952,20260207_221952-0067,2024-04-29 13:08:14.113000,2024-04-29 13:09:12.265000,買い,158.18400,158.08400,1.00,-10.00,-90.00,秒逆張り,,,0,158.18400
2024-04-01,2024-04-30,20260207_221952,20260207_221952-0068,2024-04-29 13:09:13.298000,2024-04-29 13:09:15.671000,買い,158.14900,158.04900,1.00,-10.00,-100.00,秒逆張り,,,0,158.14900
2024-04-01,2024-04-30,20260207_221952,20260207_221952-0069,2024-04-29 13:09:20.422000,2024-04-29 13:09:50.137000,買い,158.08600,157.98600,1.00,-10.00,-110.00,秒逆張り,,,0,158.08600
2024-04-01,2024-04-30,20260207_221952,20260207_221952-0070,2024-04-29 13:09:32.515000,2024-04-29 13:09:50.137000,買い,158.03300,157.93300,1.00,-10.00,-120.00,秒逆張り,,,0,158.03300
2024-04-01,2024-04-30,20260207_221952,20260207_221952-0071,2024-04-29 13:09:46.793000,2024-04-29 13:09:50.137000,買い,158.02900,157.92900,1.00,-10.00,-130.00,秒逆張り,,,0,158.02900
2024-04-01,2024-04-30,20260207_221952,20260207_221952-0072,2024-04-29 13:09:51.170000,2024-04-29 13:09:52.824000,買い,158.00800,157.90800,1.00,-10.00,-140.00,秒逆張り,,,0,158.00800
2024-04-01,2024-04-30,20260207_221952,20260207_221952-0073,2024-04-29 13:09:56.382000,2024-04-29 13:10:15.404000,買い,157.78700,158.08700,1.00,30.00,-110.00,秒逆張り,,,0,157.78700
2024-04-01,2024-04-30,20260207_221952,20260207_221952-0074,2024-04-29 13:10:17.367000,2024-04-29 13:11:18.293000,売り,158.12200,157.82200,1.00,30.00,-80.00,秒逆張り,,,0,158.12200
2024-04-01,2024-04-30,20260207_221952,20260207_221952-0075,2024-04-29 13:11:51.068000,2024-04-29 13:11:51.379000,売り,158.07000,158.17000,1.00,-10.00,-90.00,秒逆張り,,,0,158.07000
2024-04-01,2024-04-30,20260207_221952,20260207_221952-0076,2024-04-29 13:11:52.717000,2024-04-29 13:12:58.193000,売り,158.17600,158.27600,1.00,-10.00,-100.00,秒逆張り,,,0,158.17600
2024-04-01,2024-04-30,20260207_221952,20260207_221952-0077,2024-04-29 13:14:27.713000,2024-04-29 13:15:32.360000,買い,158.09900,157.99900,1.00,-10.00,-110.00,秒逆張り,,,0,158.09900
2024-04-01,2024-04-30,20260207_221952,20260207_221952-0078,2024-04-29 13:16:13.157000,2024-04-29 13:16:17.423000,買い,157.58100,157.48100,1.00,-10.00,-120.00,秒逆張り,,,0,157.58100
2024-04-01,2024-04-30,20260207_221952,20260207_221952-0079,2024-04-29 13:16:39.469000,2024-04-29 13:16:45.421000,買い,157.50800,157.40800,1.00,-10.00,-130.00,秒逆張り,,,0,157.50800
2024-04-01,2024-04-30,20260207_221952,20260207_221952-0080,2024-04-29 13:16:52.060000,2024-04-29 13:16:54.871000,買い,157.48600,157.38600,1.00,-10.00,-140.00,秒逆張り,,,0,157.48600
2024-04-01,2024-04-30,20260207_221952,20260207_221952-0081,2024-04-29 13:16:20.303000,2024-04-29 13:17:00.337000,買い,157.40700,157.30700,1.00,-10.00,-150.00,秒逆張り,,,0,157.40700
2024-04-01,2024-04-30,20260207_221952,20260207_221952-0082,2024-04-29 13:16:56.020000,2024-04-29 13:17:00.441000,買い,157.39000,157.29000,1.00,-10.00,-160.00,秒逆張り,,,0,157.39000
2024-04-01,2024-04-30,20260207_221952,20260207_221952-0083,2024-04-29 13:17:30.721000,2024-04-29 13:17:48.717000,売り,157.57200,157.27200,1.00,30.00,-130.00,秒逆張り,,,0,157.57200
2024-04-01,2024-04-30,20260207_221952,20260207_221952-0084,2024-04-29 13:18:13.354000,2024-04-29 13:18:50.853000,買い,157.26200,157.16200,1.00,-10.00,-140.00,秒逆張り,,,0,157.26200
2024-04-01,2024-04-30,20260207_221952,20260207_221952-0085,2024-04-29 13:17:50.413000,2024-04-29 13:18:54.851000,買い,157.23800,157.13800,1.00,-10.00,-150.00,秒逆張り,,,0,157.23800
2024-04-01,2024-04-30,20260207_221952,20260207_221952-0086,2024-04-29 13:19:26.651000,2024-04-29 13:19:31.945000,買い,156.96900,156.86900,1.00,-10.00,-160.00,秒逆張り,,,0,156.96900
2024-04-01,2024-04-30,20260207_221952,20260207_221952-0087,2024-04-29 13:19:50.774000,2024-04-29 13:19:51.387000,買い,156.78600,156.68600,1.00,-10.00,-170.00,秒逆張り,,,0,156.78600
2024-04-01,2024-04-30,20260207_221952,20260207_221952-0088,2024-04-29 13:20:08.289000,2024-04-29 13:20:14.831000,買い,156.74500,156.64500,1.00,-10.00,-180.00,秒逆張り,,,0,156.74500
2024-04-01,2024-04-30,20260207_221952,20260207_221952-0089,2024-04-29 13:19:54.676000,2024-04-29 13:20:25.206000,買い,156.67400,156.97400,1.00,30.00,-150.00,秒逆張り,,,0,156.67400
2024-04-01,2024-04-30,20260207_221952,20260207_221952-0090,2024-04-29 13:20:26.381000,2024-04-29 13:20:47.069000,売り,156.95000,156.65000,1.00,30.00,-120.00,秒逆張り,,,0,156.95000
2024-04-01,2024-04-30,20260207_221952,20260207_221952-0091,2024-04-29 13:20:56.202000,2024-04-29 13:21:04.868000,売り,156.83400,156.93400,1.00,-10.00,-130.00,秒逆張り,,,0,156.83400
2024-04-01,2024-04-30,20260207_221952,20260207_221952-0092,2024-04-29 13:21:34.154000,2024-04-29 13:21:54.865000,売り,156.84800,156.94800,1.00,-10.00,-140.00,秒逆張り,,,0,156.84800
2024-04-01,2024-04-30,20260207_221952,20260207_221952-0093,2024-04-29 13:25:57.544000,2024-04-29 13:26:39.272000,売り,157.06400,157.16400,1.00,-10.00,-150.00,秒逆張り,,,0,157.06400
2024-04-01,2024-04-30,20260207_221952,20260207_221952-0094,2024-04-29 13:22:06.301000,2024-04-29 13:26:50.288000,売り,157.12300,157.22300,1.00,-10.00,-160.00,秒逆張り,,,0,157.12300
2024-04-01,2024-04-30,20260207_221952,20260207_221952-0095,2024-04-29 13:27:46.990000,2024-04-29 13:28:42.900000,売り,157.44800,157.54800,1.00,-10.00,-170.00,秒逆張り,,,0,157.44800
2024-04-01,2024-04-30,20260207_221952,20260207_221952-0096,2024-04-29 13:28:44.440000,2024-04-29 13:29:25.373000,売り,157.63600,157.33600,1.00,30.00,-140.00,秒逆張り,,,0,157.63600
2024-04-01,2024-04-30,20260207_221952,20260207_221952-0097,2024-04-29 13:29:27.173000,2024-04-29 13:29:36.800000,買い,157.29600,157.19600,1.00,-10.00,-150.00,秒逆張り,,,0,157.29600
2024-04-01,2024-04-30,20260207_221952,20260207_221952-0098,2024-04-29 13:29:41.727000,2024-04-29 13:29:43.376000,買い,157.08500,156.98500,1.00,-10.00,-160.00,秒逆張り,,,0,157.08500
2024-04-01,2024-04-30,20260207_221952,20260207_221952-0099,2024-04-29 13:30:11.053000,2024-04-29 13:30:29.210000,買い,157.09700,156.99700,1.00,-10.00,-170.00,秒逆張り,,,0,157.09700
2024-04-01,2024-04-30,20260207_221952,20260207_221952-0100,2024-04-29 13:30:17.370000,2024-04-29 13:30:29.469000,買い,157.08800,156.98800,1.00,-10.00,-180.00,秒逆張り,,,0,157.08800
2024-04-01,2024-04-30,20260207_221952,20260207_221952-0101,2024-04-29 13:30:31.164000,2024-04-29 13:31:06.427000,買い,157.00600,156.90600,1.00,-10.00,-190.00,秒逆張り,,,0,157.00600
2024-04-01,2024-04-30,20260207_221952,20260207_221952-0102,2024-04-29 13:30:55.981000,2024-04-29 13:31:06.427000,買い,157.00600,156.90600,1.00,-10.00,-200.00,秒逆張り,,,0,157.00600
2024-04-01,2024-04-30,20260207_221952,20260207_221952-0103,2024-04-29 13:29:44.566000,2024-04-29 13:31:06.479000,買い,157.00400,156.90400,1.00,-10.00,-210.00,秒逆張り,,,0,157.00400
2024-04-01,2024-04-30,20260207_221952,20260207_221952-0104,2024-04-29 13:31:14.376000,2024-04-29 13:31:41.282000,買い,156.95000,156.85000,1.00,-10.00,-220.00,秒逆張り,,,0,156.95000
2024-04-01,2024-04-30,20260207_221952,20260207_221952-0105,2024-04-29 13:31:07.708000,2024-04-29 13:31:42.714000,買い,156.93500,156.83500,1.00,-10.00,-230.00,秒逆張り,,,0,156.93500
2024-04-01,2024-04-30,20260207_221952,20260207_221952-0106,2024-04-29 13:31:24.401000,2024-04-29 13:31:42.714000,買い,156.93100,156.83100,1.00,-10.00,-240.00,秒逆張り,,,0,156.93100
2024-04-01,2024-04-30,20260207_221952,20260207_221952-0107,2024-04-29 13:31:36.750000,2024-04-29 13:31:43.646000,買い,156.88900,156.78900,1.00,-10.00,-250.00,秒逆張り,,,0,156.88900
2024-04-01,2024-04-30,20260207_221952,20260207_221952-0108,2024-04-29 13:31:42.304000,2024-04-29 13:31:43.646000,買い,156.90000,156.80000,1.00,-10.00,-260.00,秒逆張り,,,0,156.90000
2024-04-01,2024-04-30,20260207_221952,20260207_221952-0109,2024-04-29 13:31:44.724000,2024-04-29 13:31:45.959000,買い,156.86300,156.76300,1.00,-10.00,-270.00,秒逆張り,,,0,156.86300
2024-04-01,2024-04-30,20260207_221952,20260207_221952-0110,2024-04-29 13:31:49.040000,2024-04-29 13:31:52.891000,買い,156.60400,156.50400,1.00,-10.00,-280.00,秒逆張り,,,0,156.60400
2024-04-01,2024-04-30,20260207_221952,20260207_221952-0111,2024-04-29 13:31:57.829000,2024-04-29 13:32:00.385000,買い,156.60300,156.50300,1.00,-10.00,-290.00,秒逆張り,,,0,156.60300
2024-04-01,2024-04-30,20260207_221952,20260207_221952-0112,2024-04-29 13:32:21.826000,2024-04-29 13:32:27.396000,買い,156.61700,156.51700,1.00,-10.00,-300.00,秒逆張り,,,0,156.61700
2024-04-01,2024-04-30,20260207_221952,20260207_221952-0113,2024-04-29 13:31:54.020000,2024-04-29 13:32:29.813000,買い,156.53600,156.43600,1.00,-10.00,-310.00,秒逆張り,,,0,156.53600
2024-04-01,2024-04-30,20260207_221952,20260207_221952-0114,2024-04-29 13:32:01.518000,2024-04-29 13:32:33.945000,買い,156.50900,156.40900,1.00,-10.00,-320.00,秒逆張り,,,0,156.50900
2024-04-01,2024-04-30,20260207_221952,20260207_221952-0115,2024-04-29 13:32:09.437000,2024-04-29 13:32:33.945000,買い,156.50400,156.40400,1.00,-10.00,-330.00,秒逆張り,,,0,156.50400
2024-04-01,2024-04-30,20260207_221952,20260207_221952-0116,2024-04-29 13:32:29.298000,2024-04-29 13:32:44.032000,買い,156.48500,156.38500,1.00,-10.00,-340.00,秒逆張り,,,0,156.48500
2024-04-01,2024-04-30,20260207_221952,20260207_221952-0117,2024-04-29 13:32:35.126000,2024-04-29 13:32:44.032000,買い,156.49800,156.39800,1.00,-10.00,-350.00,秒逆張り,,,0,156.49800
2024-04-01,2024-04-30,20260207_221952,20260207_221952-0118,2024-04-29 13:32:45.081000,2024-04-29 13:32:49.038000,買い,156.45000,156.35000,1.00,-10.00,-360.00,秒逆張り,,,0,156.45000
2024-04-01,2024-04-30,20260207_221952,20260207_221952-0119,2024-04-29 13:32:47.904000,2024-04-29 13:32:49.038000,買い,156.42000,156.32000,1.00,-10.00,-370.00,秒逆張り,,,0,156.42000
2024-04-01,2024-04-30,20260207_221952,20260207_221952-0120,2024-04-29 13:32:58.682000,2024-04-29 13:34:04.715000,買い,156.40900,156.30900,1.00,-10.00,-380.00,秒逆張り,,,0,156.40900
2024-04-01,2024-04-30,20260207_221952,20260207_221952-0121,2024-04-29 13:33:13.825000,2024-04-29 13:34:04.818000,買い,156.40800,156.30800,1.00,-10.00,-390.00,秒逆張り,,,0,156.40800
2024-04-01,2024-04-30,20260207_221952,20260207_221952-0122,2024-04-29 13:34:15.851000,2024-04-29 13:34:45.219000,買い,156.31700,156.21700,1.00,-10.00,-400.00,秒逆張り,,,0,156.31700
2024-04-01,2024-04-30,20260207_221952,20260207_221952-0123,2024-04-29 13:34:21.692000,2024-04-29 13:34:45.323000,買い,156.30900,156.20900,1.00,-10.00,-410.00,秒逆張り,,,0,156.30900
2024-04-01,2024-04-30,20260207_221952,20260207_221952-0124,2024-04-29 13:34:38.714000,2024-04-29 13:35:02.462000,買い,156.24900,156.14900,1.00,-10.00,-420.00,秒逆張り,,,0,156.24900
2024-04-01,2024-04-30,20260207_221952,20260207_221952-0125,2024-04-29 13:35:03.739000,2024-04-29 13:36:10.866000,買い,156.16700,156.06700,1.00,-10.00,-430.00,秒逆張り,,,0,156.16700
2024-04-01,2024-04-30,20260207_221952,20260207_221952-0126,2024-04-29 13:35:08.709000,2024-04-29 13:36:10.866000,買い,156.15900,156.05900,1.00,-10.00,-440.00,秒逆張り,,,0,156.15900
2024-04-01,2024-04-30,20260207_221952,20260207_221952-0127,2024-04-29 13:35:20.190000,2024-04-29 13:36:10.866000,買い,156.16100,156.06100,1.00,-10.00,-450.00,秒逆張り,,,0,156.16100
2024-04-01,2024-04-30,20260207_221952,20260207_221952-0128,2024-04-29 13:35:44.336000,2024-04-29 13:36:36.258000,買い,156.10900,156.40900,1.00,30.00,-420.00,秒逆張り,,,0,156.10900
2024-04-01,2024-04-30,20260207_221952,20260207_221952-0129,2024-04-29 13:36:45.826000,2024-04-29 13:37:01.957000,売り,156.36900,156.46900,1.00,-10.00,-430.00,秒逆張り,,,0,156.36900
2024-04-01,2024-04-30,20260207_221952,20260207_221952-0130,2024-04-29 13:36:58.777000,2024-04-29 13:37:01.957000,売り,156.36500,156.46500,1.00,-10.00,-440.00,秒逆張り,,,0,156.36500
2024-04-01,2024-04-30,20260207_221952,20260207_221952-0131,2024-04-29 13:36:37.360000,2024-04-29 13:38:14.620000,売り,156.41200,156.51200,1.00,-10.00,-450.00,秒逆張り,,,0,156.41200
2024-04-01,2024-04-30,20260207_221952,20260207_221952-0132,2024-04-29 13:37:02.982000,2024-04-29 13:38:14.978000,売り,156.42600,156.52600,1.00,-10.00,-460.00,秒逆張り,,,0,156.42600
2024-04-01,2024-04-30,20260207_221952,20260207_221952-0133,2024-04-29 13:39:05.549000,2024-04-29 13:39:33.052000,買い,156.35500,156.25500,1.00,-10.00,-470.00,秒逆張り,,,0,156.35500
2024-04-01,2024-04-30,20260207_221952,20260207_221952-0134,2024-04-29 13:39:20.972000,2024-04-29 13:39:33.104000,買い,156.34200,156.24200,1.00,-10.00,-480.00,秒逆張り,,,0,156.34200
2024-04-01,2024-04-30,20260207_221952,20260207_221952-0135,2024-04-29 13:39:34.172000,2024-04-29 13:39:50.178000,買い,156.24300,156.14300,1.00,-10.00,-490.00,秒逆張り,,,0,156.24300
2024-04-01,2024-04-30,20260207_221952,20260207_221952-0136,2024-04-29 13:39:52.697000,2024-04-29 13:39:56.489000,買い,156.17300,156.07300,1.00,-10.00,-500.00,秒逆張り,,,0,156.17300
2024-04-01,2024-04-30,20260207_221952,20260207_221952-0137,2024-04-29 13:39:57.771000,2024-04-29 13:40:08.359000,買い,156.12000,156.02000,1.00,-10.00,-510.00,秒逆張り,,,0,156.12000
2024-04-01,2024-04-30,20260207_221952,20260207_221952-0138,2024-04-29 13:40:00.363000,2024-04-29 13:40:08.359000,買い,156.10700,156.00700,1.00,-10.00,-520.00,秒逆張り,,,0,156.10700
2024-04-01,2024-04-30,20260207_221952,20260207_221952-0139,2024-04-29 13:40:27.570000,2024-04-29 13:41:37.811000,買い,156.00300,155.90300,1.00,-10.00,-530.00,秒逆張り,,,0,156.00300
2024-04-01,2024-04-30,20260207_221952,20260207_221952-0140,2024-04-29 13:41:34.382000,2024-04-29 13:42:20.254000,買い,155.92100,155.82100,1.00,-10.00,-540.00,秒逆張り,,,0,155.92100
2024-04-01,2024-04-30,20260207_221952,20260207_221952-0141,2024-04-29 13:42:21.332000,2024-04-29 13:42:50.397000,買い,155.85500,155.75500,1.00,-10.00,-550.00,秒逆張り,,,0,155.85500
2024-04-01,2024-04-30,20260207_221952,20260207_221952-0142,2024-04-29 13:46:10.015000,2024-04-29 13:47:35.894000,買い,155.51100,155.41100,1.00,-10.00,-560.00,秒逆張り,,,0,155.51100
2024-04-01,2024-04-30,20260207_221952,20260207_221952-0143,2024-04-29 13:47:16.481000,2024-04-29 13:47:35.894000,買い,155.47100,155.37100,1.00,-10.00,-570.00,秒逆張り,,,0,155.47100
2024-04-01,2024-04-30,20260207_221952,20260207_221952-0144,2024-04-29 13:47:37.127000,2024-04-29 13:47:48.393000,買い,155.44100,155.34100,1.00,-10.00,-580.00,秒逆張り,,,0,155.44100
2024-04-01,2024-04-30,20260207_221952,20260207_221952-0145,2024-04-29 13:48:50.519000,2024-04-29 13:49:53.808000,売り,155.46700,155.56700,1.00,-10.00,-590.00,秒逆張り,,,0,155.46700
2024-04-01,2024-04-30,20260207_221952,20260207_221952-0146,2024-04-29 13:49:57.103000,2024-04-29 13:50:18.562000,売り,155.69800,155.79800,1.00,-10.00,-600.00,秒逆張り,,,0,155.69800
2024-04-01,2024-04-30,20260207_221952,20260207_221952-0147,2024-04-29 13:50:41.043000,2024-04-29 13:52:30.611000,売り,155.95700,155.65700,1.00,30.00,-570.00,秒逆張り,,,0,155.95700
2024-04-01,2024-04-30,20260207_221952,20260207_221952-0148,2024-04-29 13:52:31.814000,2024-04-29 13:52:33.564000,買い,155.65800,155.55800,1.00,-10.00,-580.00,秒逆張り,,,0,155.65800
2024-04-01,2024-04-30,20260207_221952,20260207_221952-0149,2024-04-29 13:52:51.869000,2024-04-29 13:53:00.061000,買い,155.60100,155.50100,1.00,-10.00,-590.00,秒逆張り,,,0,155.60100
2024-04-01,2024-04-30,20260207_221952,20260207_221952-0150,2024-04-29 13:52:36.295000,2024-04-29 13:53:02.678000,買い,155.56000,155.46000,1.00,-10.00,-600.00,秒逆張り,,,0,155.56000
2024-04-01,2024-04-30,20260207_221952,20260207_221952-0151,2024-04-29 13:53:15.264000,2024-04-29 13:53:30.351000,買い,155.42100,155.32100,1.00,-10.00,-610.00,秒逆張り,,,0,155.42100
2024-04-01,2024-04-30,20260207_221952,20260207_221952-0152,2024-04-29 13:53:44.355000,2024-04-29 13:53:47.289000,買い,155.36300,155.26300,1.00,-10.00,-620.00,秒逆張り,,,0,155.36300
2024-04-01,2024-04-30,20260207_221952,20260207_221952-0153,2024-04-29 13:53:57.962000,2024-04-29 13:54:00.801000,買い,155.30800,155.20800,1.00,-10.00,-630.00,秒逆張り,,,0,155.30800
2024-04-01,2024-04-30,20260207_221952,20260207_221952-0154,2024-04-29 13:53:36.577000,2024-04-29 13:56:18.119000,買い,155.26700,155.56700,1.00,30.00,-600.00,秒逆張り,,,0,155.26700
2024-04-01,2024-04-30,20260207_221952,20260207_221952-0155,2024-04-29 13:54:43.814000,2024-04-29 13:56:18.119000,売り,155.47900,155.57900,1.00,-10.00,-610.00,秒逆張り,,,0,155.47900
2024-04-01,2024-04-30,20260207_221952,20260207_221952-0156,2024-04-29 13:57:55.188000,2024-04-29 13:58:08.862000,売り,156.05800,156.15800,1.00,-10.00,-620.00,秒逆張り,,,0,156.05800
2024-04-01,2024-04-30,20260207_221952,20260207_221952-0157,2024-04-29 13:59:15.730000,2024-04-29 14:02:00.882000,売り,156.38100,156.48100,1.00,-10.00,-630.00,秒逆張り,,,0,156.38100
2024-04-01,2024-04-30,20260207_221952,20260207_221952-0158,2024-04-29 14:02:08.334000,2024-04-29 14:02:18.130000,売り,156.57000,156.67000,1.00,-10.00,-640.00,秒逆張り,,,0,156.57000
2024-04-01,2024-04-30,20260207_221952,20260207_221952-0159,2024-04-29 14:02:28.628000,2024-04-29 14:02:40.873000,売り,156.72800,156.42800,1.00,30.00,-610.00,秒逆張り,,,0,156.72800
2024-04-01,2024-04-30,20260207_221952,20260207_221952-0160,2024-04-29 14:02:47.905000,2024-04-29 14:02:48.992000,買い,156.13200,156.03200,1.00,-10.00,-620.00,秒逆張り,,,0,156.13200
2024-04-01,2024-04-30,20260207_221952,20260207_221952-0161,2024-04-29 14:02:50.962000,2024-04-29 14:02:55.087000,買い,156.06500,155.96500,1.00,-10.00,-630.00,秒逆張り,,,0,156.06500
2024-04-01,2024-04-30,20260207_221952,20260207_221952-0162,2024-04-29 14:03:01.426000,2024-04-29 14:03:09.668000,買い,155.91400,155.81400,1.00,-10.00,-640.00,秒逆張り,,,0,155.91400
2024-04-01,2024-04-30,20260207_221952,20260207_221952-0163,2024-04-29 14:03:10.702000,2024-04-29 14:03:14.556000,買い,155.78900,155.68900,1.00,-10.00,-650.00,秒逆張り,,,0,155.78900
2024-04-01,2024-04-30,20260207_221952,20260207_221952-0164,2024-04-29 14:03:19.182000,2024-04-29 14:03:24.762000,買い,155.63900,155.53900,1.00,-10.00,-660.00,秒逆張り,,,0,155.63900
2024-04-01,2024-04-30,20260207_221952,20260207_221952-0165,2024-04-29 14:03:27.910000,2024-04-29 14:03:30.078000,買い,155.47400,155.37400,1.00,-10.00,-670.00,秒逆張り,,,0,155.47400
2024-04-01,2024-04-30,20260207_221952,20260207_221952-0166,2024-04-29 14:03:32.140000,2024-04-29 14:03:33.128000,買い,155.44400,155.34400,1.00,-10.00,-680.00,秒逆張り,,,0,155.44400
2024-04-01,2024-04-30,20260207_221952,20260207_221952-0167,2024-04-29 14:04:01.808000,2024-04-29 14:04:07.269000,買い,155.49100,155.39100,1.00,-10.00,-690.00,秒逆張り,,,0,155.49100
2024-04-01,2024-04-30,20260207_221952,20260207_221952-0168,2024-04-29 14:03:53.499000,2024-04-29 14:04:12.458000,買い,155.41400,155.31400,1.00,-10.00,-700.00,秒逆張り,,,0,155.41400
2024-04-01,2024-04-30,20260207_221952,20260207_221952-0169,2024-04-29 14:03:39.412000,2024-04-29 14:04:40.732000,買い,155.35600,155.25600,1.00,-10.00,-710.00,秒逆張り,,,0,155.35600
2024-04-01,2024-04-30,20260207_221952,20260207_221952-0170,2024-04-29 14:04:29.644000,2024-04-29 14:04:59.851000,買い,155.30200,155.20200,1.00,-10.00,-720.00,秒逆張り,,,0,155.30200
2024-04-01,2024-04-30,20260207_221952,20260207_221952-0171,2024-04-29 14:04:58.098000,2024-04-29 14:04:59.851000,買い,155.28100,155.18100,1.00,-10.00,-730.00,秒逆張り,,,0,155.28100
2024-04-01,2024-04-30,20260207_221952,20260207_221952-0172,2024-04-29 14:04:42.223000,2024-04-29 14:05:05.544000,買い,155.24800,155.14800,1.00,-10.00,-740.00,秒逆張り,,,0,155.24800
2024-04-01,2024-04-30,20260207_221952,20260207_221952-0173,2024-04-29 14:05:15.717000,2024-04-29 14:05:47.112000,買い,155.21300,155.11300,1.00,-10.00,-750.00,秒逆張り,,,0,155.21300
2024-04-01,2024-04-30,20260207_221952,20260207_221952-0174,2024-04-29 14:05:10.261000,2024-04-29 14:06:22.092000,買い,155.18100,155.08100,1.00,-10.00,-760.00,秒逆張り,,,0,155.18100
2024-04-01,2024-04-30,20260207_221952,20260207_221952-0175,2024-04-29 14:06:47.700000,2024-04-29 14:08:15.553000,買い,155.05500,155.35500,1.00,30.00,-730.00,秒逆張り,,,0,155.05500
2024-04-01,2024-04-30,20260207_221952,20260207_221952-0176,2024-04-29 14:08:12.095000,2024-04-29 14:08:17.207000,売り,155.29600,155.39600,1.00,-10.00,-740.00,秒逆張り,,,0,155.29600
2024-04-01,2024-04-30,20260207_221952,20260207_221952-0177,2024-04-29 14:09:23.037000,2024-04-29 14:09:25.487000,売り,155.41800,155.51800,1.00,-10.00,-750.00,秒逆張り,,,0,155.41800
2024-04-01,2024-04-30,20260207_221952,20260207_221952-0178,2024-04-29 14:09:03.931000,2024-04-29 14:09:25.539000,買い,155.25100,155.55100,1.00,30.00,-720.00,秒逆張り,,,0,155.25100
2024-04-01,2024-04-30,20260207_221952,20260207_221952-0179,2024-04-29 14:09:26.676000,2024-04-29 14:09:37.943000,売り,155.53100,155.63100,1.00,-10.00,-730.00,秒逆張り,,,0,155.53100
2024-04-01,2024-04-30,20260207_221952,20260207_221952-0180,2024-04-29 14:09:38.970000,2024-04-29 14:09:48.298000,売り,155.61700,155.71700,1.00,-10.00,-740.00,秒逆張り,,,0,155.61700
2024-04-01,2024-04-30,20260207_221952,20260207_221952-0181,2024-04-29 14:09:45.796000,2024-04-29 14:10:29.216000,売り,155.65800,155.35800,1.00,30.00,-710.00,秒逆張り,,,0,155.65800
2024-04-01,2024-04-30,20260207_221952,20260207_221952-0182,2024-04-29 14:09:57.601000,2024-04-29 14:10:31.983000,売り,155.56500,155.26500,1.00,30.00,-680.00,秒逆張り,,,0,155.56500
2024-04-01,2024-04-30,20260207_221952,20260207_221952-0183,2024-04-29 14:10:30.296000,2024-04-29 14:10:33.575000,買い,155.29800,155.19800,1.00,-10.00,-690.00,秒逆張り,,,0,155.29800
2024-04-01,2024-04-30,20260207_221952,20260207_221952-0184,2024-04-29 14:10:34.858000,2024-04-29 14:12:58.062000,買い,155.20300,155.50300,1.00,30.00,-660.00,秒逆張り,,,0,155.20300
2024-04-01,2024-04-30,20260207_221952,20260207_221952-0185,2024-04-29 14:11:01.423000,2024-04-29 14:12:58.114000,買い,155.21600,155.51600,1.00,30.00,-630.00,秒逆張り,,,0,155.21600
2024-04-01,2024-04-30,20260207_221952,20260207_221952-0186,2024-04-29 14:12:59.507000,2024-04-29 14:13:49.781000,売り,155.59200,155.69200,1.00,-10.00,-640.00,秒逆張り,,,0,155.59200
2024-04-01,2024-04-30,20260207_221952,20260207_221952-0187,2024-04-29 14:14:06.227000,2024-04-29 14:18:00.827000,売り,155.81700,155.91700,1.00,-10.00,-650.00,秒逆張り,,,0,155.81700
2024-04-01,2024-04-30,20260207_221952,20260207_221952-0188,2024-04-29 14:18:03.302000,2024-04-29 14:20:04.243000,売り,155.96300,156.06300,1.00,-10.00,-660.00,秒逆張り,,,0,155.96300
2024-04-01,2024-04-30,20260207_221952,20260207_221952-0189,2024-04-29 14:20:06.456000,2024-04-29 14:21:47.252000,売り,156.13400,155.83400,1.00,30.00,-630.00,秒逆張り,,,0,156.13400
2024-04-01,2024-04-30,20260207_221952,20260207_221952-0190,2024-04-29 14:29:59.015000,2024-04-29 14:32:00.020000,売り,156.37000,156.07000,1.00,30.00,-600.00,秒逆張り,,,0,156.37000
2024-04-01,2024-04-30,20260207_221952,20260207_221952-0191,2024-04-29 14:32:01.263000,2024-04-29 14:32:02.550000,買い,156.00900,155.90900,1.00,-10.00,-610.00,秒逆張り,,,0,156.00900
2024-04-01,2024-04-30,20260207_221952,20260207_221952-0192,2024-04-29 14:32:05.086000,2024-04-29 14:32:08.675000,買い,155.82100,155.72100,1.00,-10.00,-620.00,秒逆張り,,,0,155.82100
2024-04-01,2024-04-30,20260207_221952,20260207_221952-0193,2024-04-29 14:32:07.176000,2024-04-29 14:32:09.609000,買い,155.75100,155.65100,1.00,-10.00,-630.00,秒逆張り,,,0,155.75100
2024-04-01,2024-04-30,20260207_221952,20260207_221952-0194,2024-04-29 14:32:13.055000,2024-04-29 14:32:36.622000,買い,155.54700,155.84700,1.00,30.00,-600.00,秒逆張り,,,0,155.54700
2024-04-01,2024-04-30,20260207_221952,20260207_221952-0195,2024-04-29 14:32:47.349000,2024-04-29 14:33:29.235000,売り,156.08500,156.18500,1.00,-10.00,-610.00,秒逆張り,,,0,156.08500
2024-04-01,2024-04-30,20260207_221952,20260207_221952-0196,2024-04-29 14:32:58.832000,2024-04-29 14:33:29.444000,売り,156.09800,156.19800,1.00,-10.00,-620.00,秒逆張り,,,0,156.09800
2024-04-01,2024-04-30,20260207_221952,20260207_221952-0197,2024-04-29 14:33:31.508000,2024-04-29 14:35:42.212000,売り,156.25300,156.35300,1.00,-10.00,-630.00,秒逆張り,,,0,156.25300
2024-04-01,2024-04-30,20260207_221952,20260207_221952-0198,2024-04-29 15:00:35.763000,2024-04-29 15:27:29.864000,買い,156.70600,157.00600,1.00,30.00,-600.00,秒逆張り,,,0,156.70600
2024-04-01,2024-04-30,20260207_221952,20260207_221952-0199,2024-04-29 15:27:32.436000,2024-04-29 15:28:24.034000,売り,157.06400,157.16400,1.00,-10.00,-610.00,秒逆張り,,,0,157.06400
2024-04-01,2024-04-30,20260207_221952,20260207_221952-0200,2024-04-29 16:08:38.399000,2024-04-29 16:08:39.486000,買い,156.57500,156.47500,1.00,-10.00,-620.00,秒逆張り,,,0,156.57500
2024-04-01,2024-04-30,20260207_221952,20260207_221952-0201,2024-04-29 16:08:47.684000,2024-04-29 16:08:49.998000,買い,156.34300,156.24300,1.00,-10.00,-630.00,秒逆張り,,,0,156.34300
2024-04-01,2024-04-30,20260207_221952,20260207_221952-0202,2024-04-29 16:08:51.197000,2024-04-29 16:09:05.597000,買い,156.23600,156.13600,1.00,-10.00,-640.00,秒逆張り,,,0,156.23600
2024-04-01,2024-04-30,20260207_221952,20260207_221952-0203,2024-04-29 16:09:24.297000,2024-04-29 16:09:29.541000,買い,156.39500,156.29500,1.00,-10.00,-650.00,秒逆張り,,,0,156.39500
2024-04-01,2024-04-30,20260207_221952,20260207_221952-0204,2024-04-29 16:09:34.288000,2024-04-29 16:09:46.758000,買い,156.24800,156.14800,1.00,-10.00,-660.00,秒逆張り,,,0,156.24800
2024-04-01,2024-04-30,20260207_221952,20260207_221952-0205,2024-04-29 16:09:49.565000,2024-04-29 16:10:01.070000,買い,156.11300,156.01300,1.00,-10.00,-670.00,秒逆張り,,,0,156.11300
2024-04-01,2024-04-30,20260207_221952,20260207_221952-0206,2024-04-29 16:10:18.293000,2024-04-29 16:10:30.093000,買い,156.00700,155.90700,1.00,-10.00,-680.00,秒逆張り,,,0,156.00700
2024-04-01,2024-04-30,20260207_221952,20260207_221952-0207,2024-04-29 16:10:36.086000,2024-04-29 16:10:48.285000,買い,155.92600,155.82600,1.00,-10.00,-690.00,秒逆張り,,,0,155.92600
2024-04-01,2024-04-30,20260207_221952,20260207_221952-0208,2024-04-29 16:10:50.135000,2024-04-29 16:11:33.534000,買い,155.78200,155.68200,1.00,-10.00,-700.00,秒逆張り,,,0,155.78200
2024-04-01,2024-04-30,20260207_221952,20260207_221952-0209,2024-04-29 16:11:03.834000,2024-04-29 16:11:33.690000,買い,155.77500,155.67500,1.00,-10.00,-710.00,秒逆張り,,,0,155.77500
2024-04-01,2024-04-30,20260207_221952,20260207_221952-0210,2024-04-29 16:12:05.724000,2024-04-29 16:12:20.553000,買い,155.60400,155.50400,1.00,-10.00,-720.00,秒逆張り,,,0,155.60400
2024-04-01,2024-04-30,20260207_221952,20260207_221952-0211,2024-04-29 16:12:18.891000,2024-04-29 16:12:25.725000,買い,155.58000,155.48000,1.00,-10.00,-730.00,秒逆張り,,,0,155.58000
2024-04-01,2024-04-30,20260207_221952,20260207_221952-0212,2024-04-29 16:12:25.465000,2024-04-29 16:12:30.977000,買い,155.50300,155.40300,1.00,-10.00,-740.00,秒逆張り,,,0,155.50300
2024-04-01,2024-04-30,20260207_221952,20260207_221952-0213,2024-04-29 16:12:32.321000,2024-04-29 16:12:53.675000,買い,155.40000,155.30000,1.00,-10.00,-750.00,秒逆張り,,,0,155.40000
2024-04-01,2024-04-30,20260207_221952,20260207_221952-0214,2024-04-29 16:13:24.279000,2024-04-29 16:14:39.968000,売り,155.50800,155.60800,1.00,-10.00,-760.00,秒逆張り,,,0,155.50800
2024-04-01,2024-04-30,20260207_221952,20260207_221952-0215,2024-04-29 16:12:54.705000,2024-04-29 16:14:40.175000,買い,155.31200,155.61200,1.00,30.00,-730.00,秒逆張り,,,0,155.31200
2024-04-01,2024-04-30,20260207_221952,20260207_221952-0216,2024-04-29 16:13:20.135000,2024-04-29 16:14:40.330000,買い,155.31500,155.61500,1.00,30.00,-700.00,秒逆張り,,,0,155.31500
2024-04-01,2024-04-30,20260207_221952,20260207_221952-0217,2024-04-29 16:14:20.043000,2024-04-29 16:16:15.382000,買い,155.33300,155.63300,1.00,30.00,-670.00,秒逆張り,,,0,155.33300
2024-04-01,2024-04-30,20260207_221952,20260207_221952-0218,2024-04-29 16:15:02.899000,2024-04-29 16:16:16.211000,買い,155.37100,155.67100,1.00,30.00,-640.00,秒逆張り,,,0,155.37100
2024-04-01,2024-04-30,20260207_221952,20260207_221952-0219,2024-04-29 16:17:41.886000,2024-04-29 16:17:46.910000,買い,155.55000,155.45000,1.00,-10.00,-650.00,秒逆張り,,,0,155.55000
2024-04-01,2024-04-30,20260207_221952,20260207_221952-0220,2024-04-29 16:17:49.703000,2024-04-29 16:18:27.265000,買い,155.47900,155.77900,1.00,30.00,-620.00,秒逆張り,,,0,155.47900
2024-04-01,2024-04-30,20260207_221952,20260207_221952-0221,2024-04-29 16:18:42.744000,2024-04-29 16:19:32.907000,買い,155.52400,155.42400,1.00,-10.00,-630.00,秒逆張り,,,0,155.52400
2024-04-01,2024-04-30,20260207_221952,20260207_221952-0222,2024-04-29 16:20:15.881000,2024-04-29 16:24:40.315000,買い,155.39100,155.29100,1.00,-10.00,-640.00,秒逆張り,,,0,155.39100
2024-04-01,2024-04-30,20260207_221952,20260207_221952-0223,2024-04-29 16:20:34.484000,2024-04-29 16:24:47.888000,買い,155.35200,155.25200,1.00,-10.00,-650.00,秒逆張り,,,0,155.35200
2024-04-01,2024-04-30,20260207_221952,20260207_221952-0224,2024-04-29 16:24:48.927000,2024-04-29 16:30:09.047000,買い,155.26600,155.16600,1.00,-10.00,-660.00,秒逆張り,,,0,155.26600
2024-04-01,2024-04-30,20260207_221952,20260207_221952-0225,2024-04-29 16:31:39.534000,2024-04-29 16:34:20.421000,売り,155.22800,154.92800,1.00,30.00,-630.00,秒逆張り,,,0,155.22800
2024-04-01,2024-04-30,20260207_221952,20260207_221952-0226,2024-04-29 16:34:02.312000,2024-04-29 16:34:22.794000,買い,154.98700,154.88700,1.00,-10.00,-640.00,秒逆張り,,,0,154.98700
2024-04-01,2024-04-30,20260207_221952,20260207_221952-0227,2024-04-29 16:34:39.435000,2024-04-29 16:34:55.852000,買い,154.81100,154.71100,1.00,-10.00,-650.00,秒逆張り,,,0,154.81100
2024-04-01,2024-04-30,20260207_221952,20260207_221952-0228,2024-04-29 16:34:57.847000,2024-04-29 16:35:09.792000,買い,154.71500,154.61500,1.00,-10.00,-660.00,秒逆張り,,,0,154.71500
2024-04-01,2024-04-30,20260207_221952,20260207_221952-0229,2024-04-29 16:35:01.335000,2024-04-29 16:35:09.792000,買い,154.76100,154.66100,1.00,-10.00,-670.00,秒逆張り,,,0,154.76100
2024-04-01,2024-04-30,20260207_221952,20260207_221952-0230,2024-04-29 16:35:08.446000,2024-04-29 16:35:09.792000,買い,154.74900,154.64900,1.00,-10.00,-680.00,秒逆張り,,,0,154.74900
2024-04-01,2024-04-30,20260207_221952,20260207_221952-0231,2024-04-29 16:35:40.242000,2024-04-29 16:37:05.742000,買い,154.55800,154.85800,1.00,30.00,-650.00,秒逆張り,,,0,154.55800
2024-04-01,2024-04-30,20260207_221952,20260207_221952-0232,2024-04-29 16:35:22.971000,2024-04-29 16:37:06.312000,買い,154.57700,154.87700,1.00,30.00,-620.00,秒逆張り,,,0,154.57700
2024-04-01,2024-04-30,20260207_221952,20260207_221952-0233,2024-04-29 16:40:35.389000,2024-04-29 16:40:42.780000,売り,154.95800,155.05800,1.00,-10.00,-630.00,秒逆張り,,,0,154.95800
2024-04-01,2024-04-30,20260207_221952,20260207_221952-0234,2024-04-29 16:41:47.852000,2024-04-29 16:44:55.418000,売り,155.19900,155.29900,1.00,-10.00,-640.00,秒逆張り,,,0,155.19900
2024-04-01,2024-04-30,20260207_221952,20260207_221952-0235,2024-04-29 17:32:47.037000,2024-04-29 17:32:49.529000,買い,155.30600,155.20600,1.00,-10.00,-650.00,秒逆張り,,,0,155.30600
2024-04-01,2024-04-30,20260207_221952,20260207_221952-0236,2024-04-29 17:32:40.573000,2024-04-29 17:34:08.272000,買い,155.16300,155.46300,1.00,30.00,-620.00,秒逆張り,,,0,155.16300
2024-04-01,2024-04-30,20260207_221952,20260207_221952-0237,2024-04-29 17:32:51.997000,2024-04-29 17:34:35.974000,買い,155.17800,155.47800,1.00,30.00,-590.00,秒逆張り,,,0,155.17800
2024-04-01,2024-04-30,20260207_221952,20260207_221952-0238,2024-04-29 17:33:09.463000,2024-04-29 17:34:40.260000,買い,155.24700,155.54700,1.00,30.00,-560.00,秒逆張り,,,0,155.24700
2024-04-01,2024-04-30,20260207_221952,20260207_221952-0239,2024-04-29 17:34:41.968000,2024-04-29 17:35:06.113000,売り,155.55000,155.65000,1.00,-10.00,-570.00,秒逆張り,,,0,155.55000
2024-04-01,2024-04-30,20260207_221952,20260207_221952-0240,2024-04-29 18:06:25.030000,2024-04-29 18:14:56.385000,買い,155.58200,155.88200,1.00,30.00,-540.00,秒逆張り,,,0,155.58200
2024-04-01,2024-04-30,20260207_221952,20260207_221952-0241,2024-04-29 19:18:40.649000,2024-04-29 19:21:27.192000,買い,155.55700,155.85700,1.00,30.00,-510.00,秒逆張り,,,0,155.55700
2024-04-01,2024-04-30,20260207_221952,20260207_221952-0242,2024-04-29 19:18:59.870000,2024-04-29 19:22:20.646000,買い,155.58300,155.88300,1.00,30.00,-480.00,秒逆張り,,,0,155.58300
2024-04-01,2024-04-30,20260207_221952,20260207_221952-0243,2024-04-29 19:22:21.989000,2024-04-29 20:33:06.954000,売り,155.92500,156.02500,1.00,-10.00,-490.00,秒逆張り,,,0,155.92500
2024-04-01,2024-04-30,20260207_221952,20260207_221952-0244,2024-04-29 22:37:02.257000,2024-04-29 22:45:23.705000,買い,156.32500,156.62500,1.00,30.00,-460.00,秒逆張り,,,0,156.32500
2024-04-01,2024-04-30,20260207_221952,20260207_221952-0245,2024-04-30 01:42:15.294000,2024-04-30 01:42:18.390000,買い,156.10000,156.00000,1.00,-10.00,-470.00,秒逆張り,,,0,156.10000
2024-04-01,2024-04-30,20260207_221952,20260207_221952-0246,2024-04-30 01:42:48.882000,2024-04-30 01:42:51.073000,買い,156.02300,155.92300,1.00,-10.00,-480.00,秒逆張り,,,0,156.02300
2024-04-01,2024-04-30,20260207_221952,20260207_221952-0247,2024-04-30 01:42:26.602000,2024-04-30 01:43:07.936000,買い,155.91700,155.81700,1.00,-10.00,-490.00,秒逆張り,,,0,155.91700
2024-04-01,2024-04-30,20260207_221952,20260207_221952-0248,2024-04-30 01:42:52.666000,2024-04-30 01:43:07.936000,買い,155.91600,155.81600,1.00,-10.00,-500.00,秒逆張り,,,0,155.91600
2024-04-01,2024-04-30,20260207_221952,20260207_221952-0249,2024-04-30 01:43:09.597000,2024-04-30 01:43:12.085000,買い,155.81700,155.71700,1.00,-10.00,-510.00,秒逆張り,,,0,155.81700
2024-04-01,2024-04-30,20260207_221952,20260207_221952-0250,2024-04-30 01:43:13.284000,2024-04-30 01:43:16.322000,買い,155.71200,155.61200,1.00,-10.00,-520.00,秒逆張り,,,0,155.71200
2024-04-01,2024-04-30,20260207_221952,20260207_221952-0251,2024-04-30 01:43:40.048000,2024-04-30 01:43:49.451000,買い,155.70300,155.60300,1.00,-10.00,-530.00,秒逆張り,,,0,155.70300
2024-04-01,2024-04-30,20260207_221952,20260207_221952-0252,2024-04-30 01:44:25.032000,2024-04-30 01:44:46.117000,買い,155.60900,155.50900,1.00,-10.00,-540.00,秒逆張り,,,0,155.60900
2024-04-01,2024-04-30,20260207_221952,20260207_221952-0253,2024-04-30 01:44:47.335000,2024-04-30 01:45:15.146000,買い,155.50600,155.40600,1.00,-10.00,-550.00,秒逆張り,,,0,155.50600
2024-04-01,2024-04-30,20260207_221952,20260207_221952-0254,2024-04-30 01:45:10.207000,2024-04-30 01:45:39.177000,買い,155.49200,155.39200,1.00,-10.00,-560.00,秒逆張り,,,0,155.49200
2024-04-01,2024-04-30,20260207_221952,20260207_221952-0255,2024-04-30 01:45:16.213000,2024-04-30 01:45:50.481000,買い,155.46700,155.36700,1.00,-10.00,-570.00,秒逆張り,,,0,155.46700
2024-04-01,2024-04-30,20260207_221952,20260207_221952-0256,2024-04-30 01:46:18.836000,2024-04-30 01:46:38.093000,買い,155.31400,155.21400,1.00,-10.00,-580.00,秒逆張り,,,0,155.31400
2024-04-01,2024-04-30,20260207_221952,20260207_221952-0257,2024-04-30 01:48:30.920000,2024-04-30 01:49:34.350000,売り,155.54300,155.64300,1.00,-10.00,-590.00,秒逆張り,,,0,155.54300
2024-04-01,2024-04-30,20260207_221952,20260207_221952-0258,2024-04-30 03:03:46.848000,2024-04-30 03:03:47.966000,買い,155.74700,155.64700,1.00,-10.00,-600.00,秒逆張り,,,0,155.74700
2024-04-01,2024-04-30,20260207_221952,20260207_221952-0259,2024-04-30 03:03:49.577000,2024-04-30 03:05:26.033000,買い,155.63200,155.93200,1.00,30.00,-570.00,秒逆張り,,,0,155.63200
2024-04-01,2024-04-30,20260207_221952,20260207_221952-0260,2024-04-30 16:27:00.544000,2024-04-30 16:27:04.164000,買い,156.76100,156.66100,1.00,-10.00,-580.00,秒逆張り,,,0,156.76100
2024-04-01,2024-04-30,20260207_221952,20260207_221952-0261,2024-04-30 16:27:11.994000,2024-04-30 16:29:35.555000,買い,156.52500,156.82500,1.00,30.00,-550.00,秒逆張り,,,0,156.52500
2024-04-01,2024-04-30,20260207_221952,20260207_221952-0262,2024-04-30 21:14:03.936000,2024-04-30 21:30:01.794000,買い,156.86100,157.16100,1.00,30.00,-520.00,秒逆張り,,,0,156.86100
2024-04-01,2024-04-30,20260207_221952,20260207_221952-0263,2024-04-30 21:30:04.893000,2024-04-30 21:38:34.360000,売り,157.19200,157.29200,1.00,-10.00,-530.00,秒逆張り,,,0,157.19200
2024-05-01,2024-05-31,20260207_222108,20260207_222108-0001,2024-05-02 03:00:04.355000,2024-05-02 03:00:10.851000,売り,157.74800,157.44800,1.00,30.00,-500.00,秒逆張り,,,0,157.74800
2024-05-01,2024-05-31,20260207_222108,20260207_222108-0002,2024-05-02 03:00:43.820000,2024-05-02 03:29:32.530000,買い,157.45500,157.35500,1.00,-10.00,-510.00,秒逆張り,,,0,157.45500
2024-05-01,2024-05-31,20260207_222108,20260207_222108-0003,2024-05-02 03:00:14.191000,2024-05-02 03:34:08.349000,買い,157.39000,157.29000,1.00,-10.00,-520.00,秒逆張り,,,0,157.39000
2024-05-01,2024-05-31,20260207_222108,20260207_222108-0004,2024-05-02 03:34:10.606000,2024-05-02 03:35:48.698000,買い,157.24400,157.54400,1.00,30.00,-490.00,秒逆張り,,,0,157.24400
2024-05-01,2024-05-31,20260207_222108,20260207_222108-0005,2024-05-02 03:35:49.897000,2024-05-02 03:39:24.544000,売り,157.51900,157.21900,1.00,30.00,-460.00,秒逆張り,,,0,157.51900
2024-05-01,2024-05-31,20260207_222108,20260207_222108-0006,2024-05-02 03:40:59.386000,2024-05-02 03:52:34.463000,買い,157.11700,157.01700,1.00,-10.00,-470.00,秒逆張り,,,0,157.11700
2024-05-01,2024-05-31,20260207_222108,20260207_222108-0007,2024-05-02 21:30:05.846000,2024-05-02 21:42:47.106000,売り,154.79800,154.49800,1.00,30.00,-440.00,秒逆張り,,,0,154.79800
2024-05-01,2024-05-31,20260207_222108,20260207_222108-0008,2024-05-03 21:30:07.093000,2024-05-03 21:30:18.766000,買い,152.57100,152.47100,1.00,-10.00,-450.00,秒逆張り,,,0,152.57100
2024-05-01,2024-05-31,20260207_222108,20260207_222108-0009,2024-05-09 21:30:01.858000,2024-05-09 21:42:11.864000,買い,155.68500,155.58500,1.00,-10.00,-460.00,秒逆張り,,,0,155.68500
2024-05-01,2024-05-31,20260207_222108,20260207_222108-0010,2024-05-14 21:30:02.980000,2024-05-14 21:30:31.244000,売り,156.66400,156.76400,1.00,-10.00,-470.00,秒逆張り,,,0,156.66400
2024-05-01,2024-05-31,20260207_222108,20260207_222108-0011,2024-05-15 21:30:04.063000,2024-05-15 21:30:05.574000,買い,155.12600,155.02600,1.00,-10.00,-480.00,秒逆張り,,,0,155.12600
2024-05-01,2024-05-31,20260207_222108,20260207_222108-0012,2024-05-15 21:30:08.203000,2024-05-15 21:30:26.420000,買い,154.89200,154.79200,1.00,-10.00,-490.00,秒逆張り,,,0,154.89200
2024-05-01,2024-05-31,20260207_222108,20260207_222108-0013,2024-05-15 21:30:11.336000,2024-05-15 21:34:40.043000,買い,154.83900,155.13900,1.00,30.00,-460.00,秒逆張り,,,0,154.83900
2024-05-01,2024-05-31,20260207_222108,20260207_222108-0014,2024-05-21 15:09:08.768000,2024-05-21 16:17:05.524000,買い,156.15000,156.05000,1.00,-10.00,-470.00,秒逆張り,,,0,156.15000
2024-05-01,2024-05-31,20260207_222108,20260207_222108-0015,2024-05-23 22:45:02.127000,2024-05-23 22:47:30.519000,売り,156.96500,157.06500,1.00,-10.00,-480.00,秒逆張り,,,0,156.96500
2024-05-01,2024-05-31,20260207_222108,20260207_222108-0016,2024-05-23 23:12:40.340000,2024-05-23 23:12:47.609000,買い,157.03000,156.93000,1.00,-10.00,-490.00,秒逆張り,,,0,157.03000
2024-05-01,2024-05-31,20260207_222108,20260207_222108-0017,2024-05-23 23:12:44.806000,2024-05-23 23:13:13.257000,買い,156.96500,156.86500,1.00,-10.00,-500.00,秒逆張り,,,0,156.96500
2024-05-01,2024-05-31,20260207_222108,20260207_222108-0018,2024-05-23 23:13:24.884000,2024-05-23 23:14:59.409000,買い,156.70200,157.00200,1.00,30.00,-470.00,秒逆張り,,,0,156.70200
2024-05-01,2024-05-31,20260207_222108,20260207_222108-0019,2024-05-30 21:30:07.491000,2024-05-30 21:48:50.130000,買い,156.70600,156.60600,1.00,-10.00,-480.00,秒逆張り,,,0,156.70600
2024-06-01,2024-06-30,20260207_222222,20260207_222222-0001,2024-06-03 23:00:02.587000,2024-06-03 23:00:07.855000,買い,156.54700,156.44700,1.00,-10.00,-490.00,秒逆張り,,,0,156.54700
2024-06-01,2024-06-30,20260207_222222,20260207_222222-0002,2024-06-04 18:20:42.458000,2024-06-04 19:20:13.530000,買い,155.09200,154.99200,1.00,-10.00,-500.00,秒逆張り,,,0,155.09200
2024-06-01,2024-06-30,20260207_222222,20260207_222222-0003,2024-06-04 23:00:03.210000,2024-06-04 23:00:05.463000,買い,154.67700,154.57700,1.00,-10.00,-510.00,秒逆張り,,,0,154.67700
2024-06-01,2024-06-30,20260207_222222,20260207_222222-0004,2024-06-05 23:00:07.879000,2024-06-05 23:03:52.160000,売り,156.10600,156.20600,1.00,-10.00,-520.00,秒逆張り,,,0,156.10600
2024-06-01,2024-06-30,20260207_222222,20260207_222222-0005,2024-06-05 23:00:02.540000,2024-06-05 23:04:46.824000,売り,156.13600,156.23600,1.00,-10.00,-530.00,秒逆張り,,,0,156.13600
2024-06-01,2024-06-30,20260207_222222,20260207_222222-0006,2024-06-06 21:30:07.532000,2024-06-06 21:51:56.563000,買い,155.97100,156.27100,1.00,30.00,-500.00,秒逆張り,,,0,155.97100
2024-06-01,2024-06-30,20260207_222222,20260207_222222-0007,2024-06-07 21:30:04.261000,2024-06-07 21:30:06.322000,売り,155.93200,156.03200,1.00,-10.00,-510.00,秒逆張り,,,0,155.93200
2024-06-01,2024-06-30,20260207_222222,20260207_222222-0008,2024-06-07 21:30:07.357000,2024-06-07 21:30:11.723000,売り,156.02200,156.12200,1.00,-10.00,-520.00,秒逆張り,,,0,156.02200
2024-06-01,2024-06-30,20260207_222222,20260207_222222-0009,2024-06-07 21:30:13.945000,2024-06-07 21:30:20.611000,売り,156.11200,156.21200,1.00,-10.00,-530.00,秒逆張り,,,0,156.11200
2024-06-01,2024-06-30,20260207_222222,20260207_222222-0010,2024-06-07 21:30:48.648000,2024-06-07 21:30:51.573000,売り,156.21100,156.31100,1.00,-10.00,-540.00,秒逆張り,,,0,156.21100
2024-06-01,2024-06-30,20260207_222222,20260207_222222-0011,2024-06-07 21:30:54.620000,2024-06-07 21:31:23.578000,売り,156.36000,156.46000,1.00,-10.00,-550.00,秒逆張り,,,0,156.36000
2024-06-01,2024-06-30,20260207_222222,20260207_222222-0012,2024-06-07 21:31:02.173000,2024-06-07 21:31:25.032000,売り,156.36900,156.46900,1.00,-10.00,-560.00,秒逆張り,,,0,156.36900
2024-06-01,2024-06-30,20260207_222222,20260207_222222-0013,2024-06-12 21:30:09.675000,2024-06-12 21:30:30.919000,買い,156.61600,156.51600,1.00,-10.00,-570.00,秒逆張り,,,0,156.61600
2024-06-01,2024-06-30,20260207_222222,20260207_222222-0014,2024-06-12 21:30:33.848000,2024-06-12 21:30:42.028000,買い,156.42400,156.32400,1.00,-10.00,-580.00,秒逆張り,,,0,156.42400
2024-06-01,2024-06-30,20260207_222222,20260207_222222-0015,2024-06-13 03:00:19.481000,2024-06-13 03:02:46.180000,売り,156.16400,156.26400,1.00,-10.00,-590.00,秒逆張り,,,0,156.16400
2024-06-01,2024-06-30,20260207_222222,20260207_222222-0016,2024-06-13 03:00:24.629000,2024-06-13 03:02:46.180000,売り,156.16000,156.26000,1.00,-10.00,-600.00,秒逆張り,,,0,156.16000
2024-06-01,2024-06-30,20260207_222222,20260207_222222-0017,2024-06-13 03:32:27.364000,2024-06-13 03:36:12.347000,売り,156.31100,156.41100,1.00,-10.00,-610.00,秒逆張り,,,0,156.31100
2024-06-01,2024-06-30,20260207_222222,20260207_222222-0018,2024-06-13 21:30:04.554000,2024-06-13 21:30:09.078000,買い,156.98400,156.88400,1.00,-10.00,-620.00,秒逆張り,,,0,156.98400
2024-06-01,2024-06-30,20260207_222222,20260207_222222-0019,2024-06-13 21:30:10.853000,2024-06-13 21:30:24.311000,買い,156.85900,156.75900,1.00,-10.00,-630.00,秒逆張り,,,0,156.85900
2024-06-01,2024-06-30,20260207_222222,20260207_222222-0020,2024-06-14 12:10:04.073000,2024-06-14 12:10:16.370000,買い,156.87900,157.17900,1.00,30.00,-600.00,秒逆張り,,,0,156.87900
2024-06-01,2024-06-30,20260207_222222,20260207_222222-0021,2024-06-14 12:10:06.540000,2024-06-14 12:23:08.450000,買い,157.04500,157.34500,1.00,30.00,-570.00,秒逆張り,,,0,157.04500
2024-06-01,2024-06-30,20260207_222222,20260207_222222-0022,2024-06-14 12:23:14.347000,2024-06-14 12:23:38.977000,売り,157.32300,157.42300,1.00,-10.00,-580.00,秒逆張り,,,0,157.32300
2024-06-01,2024-06-30,20260207_222222,20260207_222222-0023,2024-06-14 12:23:09.940000,2024-06-14 12:23:51.087000,売り,157.37600,157.47600,1.00,-10.00,-590.00,秒逆張り,,,0,157.37600
2024-06-01,2024-06-30,20260207_222222,20260207_222222-0024,2024-06-14 12:23:37.443000,2024-06-14 12:23:51.087000,売り,157.36500,157.46500,1.00,-10.00,-600.00,秒逆張り,,,0,157.36500
2024-06-01,2024-06-30,20260207_222222,20260207_222222-0025,2024-06-14 12:23:52.631000,2024-06-14 12:23:54.173000,売り,157.48700,157.58700,1.00,-10.00,-610.00,秒逆張り,,,0,157.48700
2024-06-01,2024-06-30,20260207_222222,20260207_222222-0026,2024-06-14 12:23:55.405000,2024-06-14 12:24:16.648000,売り,157.56600,157.66600,1.00,-10.00,-620.00,秒逆張り,,,0,157.56600
2024-06-01,2024-06-30,20260207_222222,20260207_222222-0027,2024-06-14 14:52:09.296000,2024-06-14 15:06:25.766000,売り,158.11500,158.21500,1.00,-10.00,-630.00,秒逆張り,,,0,158.11500
2024-06-01,2024-06-30,20260207_222222,20260207_222222-0028,2024-06-14 15:37:16.116000,2024-06-14 15:37:18.329000,買い,157.97200,157.87200,1.00,-10.00,-640.00,秒逆張り,,,0,157.97200
2024-06-01,2024-06-30,20260207_222222,20260207_222222-0029,2024-06-14 15:37:20.676000,2024-06-14 15:39:22.568000,買い,157.90300,157.80300,1.00,-10.00,-650.00,秒逆張り,,,0,157.90300
2024-06-01,2024-06-30,20260207_222222,20260207_222222-0030,2024-06-14 16:00:39.801000,2024-06-14 16:35:16.514000,買い,157.80800,158.10800,1.00,30.00,-620.00,秒逆張り,,,0,157.80800
2024-06-01,2024-06-30,20260207_222222,20260207_222222-0031,2024-06-14 16:00:42.142000,2024-06-14 16:35:47.846000,買い,157.83800,158.13800,1.00,30.00,-590.00,秒逆張り,,,0,157.83800
2024-06-01,2024-06-30,20260207_222222,20260207_222222-0032,2024-06-18 21:30:01.564000,2024-06-18 21:30:04.703000,買い,157.88200,157.78200,1.00,-10.00,-600.00,秒逆張り,,,0,157.88200
2024-06-01,2024-06-30,20260207_222222,20260207_222222-0033,2024-06-18 21:30:08.069000,2024-06-18 21:41:28.150000,買い,157.78300,157.68300,1.00,-10.00,-610.00,秒逆張り,,,0,157.78300
2024-06-01,2024-06-30,20260207_222222,20260207_222222-0034,2024-06-21 22:45:02.481000,2024-06-21 22:45:33.395000,売り,159.08600,159.18600,1.00,-10.00,-620.00,秒逆張り,,,0,159.08600
2024-06-01,2024-06-30,20260207_222222,20260207_222222-0035,2024-06-24 19:05:50.014000,2024-06-24 19:05:52.636000,買い,159.37000,159.27000,1.00,-10.00,-630.00,秒逆張り,,,0,159.37000
2024-06-01,2024-06-30,20260207_222222,20260207_222222-0036,2024-06-24 19:06:52.435000,2024-06-24 19:06:57.160000,買い,159.17400,159.07400,1.00,-10.00,-640.00,秒逆張り,,,0,159.17400
2024-06-01,2024-06-30,20260207_222222,20260207_222222-0037,2024-06-24 19:07:03.301000,2024-06-24 19:07:04.224000,買い,158.90400,158.80400,1.00,-10.00,-650.00,秒逆張り,,,0,158.90400
2024-06-01,2024-06-30,20260207_222222,20260207_222222-0038,2024-06-24 19:08:29.487000,2024-06-24 19:19:42.866000,買い,159.10300,159.40300,1.00,30.00,-620.00,秒逆張り,,,0,159.10300
2024-06-01,2024-06-30,20260207_222222,20260207_222222-0039,2024-06-26 22:05:31.270000,2024-06-26 22:24:03.555000,買い,160.11000,160.41000,1.00,30.00,-590.00,秒逆張り,,,0,160.11000
2024-06-01,2024-06-30,20260207_222222,20260207_222222-0040,2024-06-27 21:30:03.825000,2024-06-27 23:29:28.915000,買い,160.36300,160.66300,1.00,30.00,-560.00,秒逆張り,,,0,160.36300
2024-06-01,2024-06-30,20260207_222222,20260207_222222-0041,2024-06-28 21:30:05.063000,2024-06-28 22:26:18.867000,買い,160.41600,160.31600,1.00,-10.00,-570.00,秒逆張り,,,0,160.41600
2024-06-01,2024-06-30,20260207_222222,20260207_222222-0042,2024-06-28 22:42:03.194000,2024-06-28 23:04:32.329000,売り,160.39100,160.49100,1.00,-10.00,-580.00,秒逆張り,,,0,160.39100
2024-07-01,2024-07-31,20260207_222409,20260207_222409-0001,2024-07-01 23:00:03.438000,2024-07-01 23:02:24.524000,買い,160.99100,161.29100,1.00,30.00,-550.00,秒逆張り,,,0,160.99100
2024-07-01,2024-07-31,20260207_222409,20260207_222409-0002,2024-07-02 23:00:04.590000,2024-07-02 23:09:54.996000,売り,161.49900,161.59900,1.00,-10.00,-560.00,秒逆張り,,,0,161.49900
2024-07-01,2024-07-31,20260207_222409,20260207_222409-0003,2024-07-03 23:00:01.578000,2024-07-03 23:01:29.411000,買い,161.35700,161.25700,1.00,-10.00,-570.00,秒逆張り,,,0,161.35700
2024-07-01,2024-07-31,20260207_222409,20260207_222409-0004,2024-07-05 21:30:08.837000,2024-07-05 21:30:20.724000,売り,160.98700,160.68700,1.00,30.00,-540.00,秒逆張り,,,0,160.98700
2024-07-01,2024-07-31,20260207_222409,20260207_222409-0005,2024-07-05 21:30:16.806000,2024-07-05 21:30:24.980000,売り,160.86800,160.56800,1.00,30.00,-510.00,秒逆張り,,,0,160.86800
2024-07-01,2024-07-31,20260207_222409,20260207_222409-0006,2024-07-05 21:30:26.872000,2024-07-05 21:30:38.175000,買い,160.55300,160.45300,1.00,-10.00,-520.00,秒逆張り,,,0,160.55300
2024-07-01,2024-07-31,20260207_222409,20260207_222409-0007,2024-07-05 21:30:39.361000,2024-07-05 21:35:18.084000,買い,160.42800,160.72800,1.00,30.00,-490.00,秒逆張り,,,0,160.42800
2024-07-01,2024-07-31,20260207_222409,20260207_222409-0008,2024-07-11 21:30:04.602000,2024-07-11 21:30:11.198000,買い,160.98100,160.88100,1.00,-10.00,-500.00,秒逆張り,,,0,160.98100
2024-07-01,2024-07-31,20260207_222409,20260207_222409-0009,2024-07-11 21:30:09.333000,2024-07-11 21:31:03.638000,買い,160.92700,160.82700,1.00,-10.00,-510.00,秒逆張り,,,0,160.92700
2024-07-01,2024-07-31,20260207_222409,20260207_222409-0010,2024-07-11 21:42:09.406000,2024-07-11 21:42:10.595000,買い,160.50400,160.40400,1.00,-10.00,-520.00,秒逆張り,,,0,160.50400
2024-07-01,2024-07-31,20260207_222409,20260207_222409-0011,2024-07-11 21:42:14.328000,2024-07-11 21:42:16.795000,買い,160.29800,160.19800,1.00,-10.00,-530.00,秒逆張り,,,0,160.29800
2024-07-01,2024-07-31,20260207_222409,20260207_222409-0012,2024-07-11 21:42:17.935000,2024-07-11 21:42:28.933000,買い,160.18200,160.08200,1.00,-10.00,-540.00,秒逆張り,,,0,160.18200
2024-07-01,2024-07-31,20260207_222409,20260207_222409-0013,2024-07-11 21:42:32.026000,2024-07-11 21:42:50.495000,買い,160.02000,159.92000,1.00,-10.00,-550.00,秒逆張り,,,0,160.02000
2024-07-01,2024-07-31,20260207_222409,20260207_222409-0014,2024-07-11 21:42:55.648000,2024-07-11 21:42:56.895000,買い,159.75200,159.65200,1.00,-10.00,-560.00,秒逆張り,,,0,159.75200
2024-07-01,2024-07-31,20260207_222409,20260207_222409-0015,2024-07-11 21:43:14.248000,2024-07-11 21:43:18.970000,買い,159.00000,159.30000,1.00,30.00,-530.00,秒逆張り,,,0,159.00000
2024-07-01,2024-07-31,20260207_222409,20260207_222409-0016,2024-07-11 21:43:22.008000,2024-07-11 21:43:23.719000,買い,159.36500,159.26500,1.00,-10.00,-540.00,秒逆張り,,,0,159.36500
2024-07-01,2024-07-31,20260207_222409,20260207_222409-0017,2024-07-11 21:43:31.808000,2024-07-11 21:43:37.398000,買い,159.00700,158.90700,1.00,-10.00,-550.00,秒逆張り,,,0,159.00700
2024-07-01,2024-07-31,20260207_222409,20260207_222409-0018,2024-07-11 21:43:33.838000,2024-07-11 21:43:37.398000,買い,158.98700,158.88700,1.00,-10.00,-560.00,秒逆張り,,,0,158.98700
2024-07-01,2024-07-31,20260207_222409,20260207_222409-0019,2024-07-11 21:43:38.943000,2024-07-11 21:43:41.748000,買い,158.89300,158.79300,1.00,-10.00,-570.00,秒逆張り,,,0,158.89300
2024-07-01,2024-07-31,20260207_222409,20260207_222409-0020,2024-07-11 21:43:44.794000,2024-07-11 21:43:50.436000,買い,158.77100,158.67100,1.00,-10.00,-580.00,秒逆張り,,,0,158.77100
2024-07-01,2024-07-31,20260207_222409,20260207_222409-0021,2024-07-11 21:43:51.517000,2024-07-11 21:43:57.299000,買い,158.72800,159.02800,1.00,30.00,-550.00,秒逆張り,,,0,158.72800
2024-07-01,2024-07-31,20260207_222409,20260207_222409-0022,2024-07-11 21:43:59.517000,2024-07-11 21:44:07.712000,売り,159.17700,158.87700,1.00,30.00,-520.00,秒逆張り,,,0,159.17700
2024-07-01,2024-07-31,20260207_222409,20260207_222409-0023,2024-07-11 21:44:14.368000,2024-07-11 21:44:17.623000,買い,158.78500,158.68500,1.00,-10.00,-530.00,秒逆張り,,,0,158.78500
2024-07-01,2024-07-31,20260207_222409,20260207_222409-0024,2024-07-11 21:44:28.385000,2024-07-11 21:44:36.723000,買い,158.59800,158.49800,1.00,-10.00,-540.00,秒逆張り,,,0,158.59800
2024-07-01,2024-07-31,20260207_222409,20260207_222409-0025,2024-07-11 21:44:35.228000,2024-07-11 21:44:36.723000,買い,158.68500,158.58500,1.00,-10.00,-550.00,秒逆張り,,,0,158.68500
2024-07-01,2024-07-31,20260207_222409,20260207_222409-0026,2024-07-11 21:44:38.371000,2024-07-11 21:44:48.667000,買い,158.55200,158.85200,1.00,30.00,-520.00,秒逆張り,,,0,158.55200
2024-07-01,2024-07-31,20260207_222409,20260207_222409-0027,2024-07-11 21:44:44.596000,2024-07-11 21:44:48.874000,買い,158.58400,158.88400,1.00,30.00,-490.00,秒逆張り,,,0,158.58400
2024-07-01,2024-07-31,20260207_222409,20260207_222409-0028,2024-07-11 21:45:21.621000,2024-07-11 21:45:38.628000,売り,158.87400,158.97400,1.00,-10.00,-500.00,秒逆張り,,,0,158.87400
2024-07-01,2024-07-31,20260207_222409,20260207_222409-0029,2024-07-11 21:45:43.858000,2024-07-11 21:45:45.558000,売り,159.12800,159.22800,1.00,-10.00,-510.00,秒逆張り,,,0,159.12800
2024-07-01,2024-07-31,20260207_222409,20260207_222409-0030,2024-07-11 21:45:46.644000,2024-07-11 21:45:47.572000,売り,159.21600,159.31600,1.00,-10.00,-520.00,秒逆張り,,,0,159.21600
2024-07-01,2024-07-31,20260207_222409,20260207_222409-0031,2024-07-11 21:45:48.856000,2024-07-11 21:45:52.748000,売り,159.28200,159.38200,1.00,-10.00,-530.00,秒逆張り,,,0,159.28200
2024-07-01,2024-07-31,20260207_222409,20260207_222409-0032,2024-07-11 21:45:56.004000,2024-07-11 21:45:58.838000,売り,159.47500,159.57500,1.00,-10.00,-540.00,秒逆張り,,,0,159.47500
2024-07-01,2024-07-31,20260207_222409,20260207_222409-0033,2024-07-11 21:46:20.247000,2024-07-11 21:46:38.715000,売り,159.44000,159.54000,1.00,-10.00,-550.00,秒逆張り,,,0,159.44000
2024-07-01,2024-07-31,20260207_222409,20260207_222409-0034,2024-07-11 21:46:02.781000,2024-07-11 21:46:44.476000,売り,159.52300,159.62300,1.00,-10.00,-560.00,秒逆張り,,,0,159.52300
2024-07-01,2024-07-31,20260207_222409,20260207_222409-0035,2024-07-11 21:46:41.182000,2024-07-11 21:46:44.476000,売り,159.54600,159.64600,1.00,-10.00,-570.00,秒逆張り,,,0,159.54600
2024-07-01,2024-07-31,20260207_222409,20260207_222409-0036,2024-07-11 21:46:45.660000,2024-07-11 21:46:51.120000,売り,159.64100,159.34100,1.00,30.00,-540.00,秒逆張り,,,0,159.64100
2024-07-01,2024-07-31,20260207_222409,20260207_222409-0037,2024-07-11 21:46:54.003000,2024-07-11 21:46:56.487000,買い,159.25100,159.15100,1.00,-10.00,-550.00,秒逆張り,,,0,159.25100
2024-07-01,2024-07-31,20260207_222409,20260207_222409-0038,2024-07-11 21:47:25.781000,2024-07-11 21:47:44.219000,買い,159.12400,159.02400,1.00,-10.00,-560.00,秒逆張り,,,0,159.12400
2024-07-01,2024-07-31,20260207_222409,20260207_222409-0039,2024-07-11 21:47:34.882000,2024-07-11 21:47:53.089000,買い,159.10200,159.00200,1.00,-10.00,-570.00,秒逆張り,,,0,159.10200
2024-07-01,2024-07-31,20260207_222409,20260207_222409-0040,2024-07-11 21:47:41.393000,2024-07-11 21:47:53.141000,買い,159.09600,158.99600,1.00,-10.00,-580.00,秒逆張り,,,0,159.09600
2024-07-01,2024-07-31,20260207_222409,20260207_222409-0041,2024-07-11 21:47:15.959000,2024-07-11 21:47:54.689000,買い,159.05400,158.95400,1.00,-10.00,-590.00,秒逆張り,,,0,159.05400
2024-07-01,2024-07-31,20260207_222409,20260207_222409-0042,2024-07-11 21:47:01.399000,2024-07-11 21:47:58.509000,買い,159.00700,158.90700,1.00,-10.00,-600.00,秒逆張り,,,0,159.00700
2024-07-01,2024-07-31,20260207_222409,20260207_222409-0043,2024-07-11 21:48:14.378000,2024-07-11 21:48:24.000000,買い,158.82300,158.72300,1.00,-10.00,-610.00,秒逆張り,,,0,158.82300
2024-07-01,2024-07-31,20260207_222409,20260207_222409-0044,2024-07-11 21:48:21.121000,2024-07-11 21:48:30.189000,買い,158.79700,158.69700,1.00,-10.00,-620.00,秒逆張り,,,0,158.79700
2024-07-01,2024-07-31,20260207_222409,20260207_222409-0045,2024-07-11 21:48:31.218000,2024-07-11 21:48:37.419000,買い,158.76600,159.06600,1.00,30.00,-590.00,秒逆張り,,,0,158.76600
2024-07-01,2024-07-31,20260207_222409,20260207_222409-0046,2024-07-11 21:49:19.395000,2024-07-11 21:49:24.954000,買い,158.71200,158.61200,1.00,-10.00,-600.00,秒逆張り,,,0,158.71200
2024-07-01,2024-07-31,20260207_222409,20260207_222409-0047,2024-07-11 21:49:25.983000,2024-07-11 21:49:49.778000,買い,158.68400,158.58400,1.00,-10.00,-610.00,秒逆張り,,,0,158.68400
2024-07-01,2024-07-31,20260207_222409,20260207_222409-0048,2024-07-11 21:49:36.050000,2024-07-11 21:49:54.012000,買い,158.67200,158.57200,1.00,-10.00,-620.00,秒逆張り,,,0,158.67200
2024-07-01,2024-07-31,20260207_222409,20260207_222409-0049,2024-07-11 21:50:13.137000,2024-07-11 21:50:37.307000,売り,158.75400,158.45400,1.00,30.00,-590.00,秒逆張り,,,0,158.75400
2024-07-01,2024-07-31,20260207_222409,20260207_222409-0050,2024-07-11 21:50:29.216000,2024-07-11 21:50:37.359000,買い,158.51800,158.41800,1.00,-10.00,-600.00,秒逆張り,,,0,158.51800
2024-07-01,2024-07-31,20260207_222409,20260207_222409-0051,2024-07-11 21:50:38.544000,2024-07-11 21:51:46.805000,買い,158.45000,158.75000,1.00,30.00,-570.00,秒逆張り,,,0,158.45000
2024-07-01,2024-07-31,20260207_222409,20260207_222409-0052,2024-07-11 21:51:06.306000,2024-07-11 21:51:46.805000,売り,158.66700,158.76700,1.00,-10.00,-580.00,秒逆張り,,,0,158.66700
2024-07-01,2024-07-31,20260207_222409,20260207_222409-0053,2024-07-11 21:51:45.054000,2024-07-11 21:51:46.805000,売り,158.66700,158.76700,1.00,-10.00,-590.00,秒逆張り,,,0,158.66700
2024-07-01,2024-07-31,20260207_222409,20260207_222409-0054,2024-07-11 21:52:01.496000,2024-07-11 21:52:05.031000,売り,158.97000,159.07000,1.00,-10.00,-600.00,秒逆張り,,,0,158.97000
2024-07-01,2024-07-31,20260207_222409,20260207_222409-0055,2024-07-11 21:52:09.879000,2024-07-11 21:52:52.849000,売り,159.14400,158.84400,1.00,30.00,-570.00,秒逆張り,,,0,159.14400
2024-07-01,2024-07-31,20260207_222409,20260207_222409-0056,2024-07-11 21:52:48.996000,2024-07-11 21:52:55.296000,買い,158.90000,158.80000,1.00,-10.00,-580.00,秒逆張り,,,0,158.90000
2024-07-01,2024-07-31,20260207_222409,20260207_222409-0057,2024-07-11 21:54:00.921000,2024-07-11 21:54:08.946000,売り,158.85900,158.95900,1.00,-10.00,-590.00,秒逆張り,,,0,158.85900
2024-07-01,2024-07-31,20260207_222409,20260207_222409-0058,2024-07-11 21:54:19.055000,2024-07-11 21:54:41.330000,買い,158.64400,158.94400,1.00,30.00,-560.00,秒逆張り,,,0,158.64400
2024-07-01,2024-07-31,20260207_222409,20260207_222409-0059,2024-07-11 21:53:50.340000,2024-07-11 21:55:55.517000,買い,158.69100,158.99100,1.00,30.00,-530.00,秒逆張り,,,0,158.69100
2024-07-01,2024-07-31,20260207_222409,20260207_222409-0060,2024-07-11 21:55:21.169000,2024-07-11 21:55:58.263000,売り,158.92700,159.02700,1.00,-10.00,-540.00,秒逆張り,,,0,158.92700
2024-07-01,2024-07-31,20260207_222409,20260207_222409-0061,2024-07-11 21:54:42.564000,2024-07-11 21:55:58.315000,売り,158.92900,159.02900,1.00,-10.00,-550.00,秒逆張り,,,0,158.92900
2024-07-01,2024-07-31,20260207_222409,20260207_222409-0062,2024-07-11 21:57:52.694000,2024-07-11 21:57:55.571000,買い,158.95700,158.85700,1.00,-10.00,-560.00,秒逆張り,,,0,158.95700
2024-07-01,2024-07-31,20260207_222409,20260207_222409-0063,2024-07-11 21:58:05.138000,2024-07-11 21:58:06.170000,買い,158.70500,158.60500,1.00,-10.00,-570.00,秒逆張り,,,0,158.70500
2024-07-01,2024-07-31,20260207_222409,20260207_222409-0064,2024-07-11 21:58:20.042000,2024-07-11 21:58:28.001000,買い,158.69800,158.59800,1.00,-10.00,-580.00,秒逆張り,,,0,158.69800
2024-07-01,2024-07-31,20260207_222409,20260207_222409-0065,2024-07-11 21:58:07.255000,2024-07-11 21:59:07.791000,買い,158.64600,158.54600,1.00,-10.00,-590.00,秒逆張り,,,0,158.64600
2024-07-01,2024-07-31,20260207_222409,20260207_222409-0066,2024-07-11 21:58:44.284000,2024-07-11 21:59:07.894000,買い,158.62700,158.52700,1.00,-10.00,-600.00,秒逆張り,,,0,158.62700
2024-07-01,2024-07-31,20260207_222409,20260207_222409-0067,2024-07-11 21:58:30.983000,2024-07-11 21:59:12.154000,買い,158.58500,158.48500,1.00,-10.00,-610.00,秒逆張り,,,0,158.58500
2024-07-01,2024-07-31,20260207_222409,20260207_222409-0068,2024-07-11 22:00:03.693000,2024-07-11 22:00:11.699000,買い,158.53000,158.43000,1.00,-10.00,-620.00,秒逆張り,,,0,158.53000
2024-07-01,2024-07-31,20260207_222409,20260207_222409-0069,2024-07-11 21:59:09.288000,2024-07-11 22:00:18.030000,買い,158.50600,158.40600,1.00,-10.00,-630.00,秒逆張り,,,0,158.50600
2024-07-01,2024-07-31,20260207_222409,20260207_222409-0070,2024-07-11 22:00:13.244000,2024-07-11 22:00:24.084000,買い,158.46000,158.36000,1.00,-10.00,-640.00,秒逆張り,,,0,158.46000
2024-07-01,2024-07-31,20260207_222409,20260207_222409-0071,2024-07-11 22:00:47.199000,2024-07-11 22:01:34.742000,買い,158.41300,158.31300,1.00,-10.00,-650.00,秒逆張り,,,0,158.41300
2024-07-01,2024-07-31,20260207_222409,20260207_222409-0072,2024-07-11 22:01:40.377000,2024-07-11 22:02:00.239000,買い,158.29100,158.19100,1.00,-10.00,-660.00,秒逆張り,,,0,158.29100
2024-07-01,2024-07-31,20260207_222409,20260207_222409-0073,2024-07-11 22:01:21.974000,2024-07-11 22:02:13.873000,売り,158.47800,158.17800,1.00,30.00,-630.00,秒逆張り,,,0,158.47800
2024-07-01,2024-07-31,20260207_222409,20260207_222409-0074,2024-07-11 22:03:02.457000,2024-07-11 22:03:54.112000,売り,158.31100,158.01100,1.00,30.00,-600.00,秒逆張り,,,0,158.31100
2024-07-01,2024-07-31,20260207_222409,20260207_222409-0075,2024-07-11 22:05:02.874000,2024-07-11 22:05:09.859000,買い,157.83200,157.73200,1.00,-10.00,-610.00,秒逆張り,,,0,157.83200
2024-07-01,2024-07-31,20260207_222409,20260207_222409-0076,2024-07-11 22:06:55.365000,2024-07-11 22:07:33.913000,売り,157.92100,157.62100,1.00,30.00,-580.00,秒逆張り,,,0,157.92100
2024-07-01,2024-07-31,20260207_222409,20260207_222409-0077,2024-07-11 22:07:05.026000,2024-07-11 22:07:33.913000,買い,157.70900,157.60900,1.00,-10.00,-590.00,秒逆張り,,,0,157.70900
2024-07-01,2024-07-31,20260207_222409,20260207_222409-0078,2024-07-11 22:07:18.493000,2024-07-11 22:07:33.913000,買い,157.71700,157.61700,1.00,-10.00,-600.00,秒逆張り,,,0,157.71700
2024-07-01,2024-07-31,20260207_222409,20260207_222409-0079,2024-07-11 22:07:13.814000,2024-07-11 22:07:34.671000,買い,157.69600,157.59600,1.00,-10.00,-610.00,秒逆張り,,,0,157.69600
2024-07-01,2024-07-31,20260207_222409,20260207_222409-0080,2024-07-11 22:11:02.679000,2024-07-11 22:12:38.720000,買い,157.61800,157.91800,1.00,30.00,-580.00,秒逆張り,,,0,157.61800
2024-07-01,2024-07-31,20260207_222409,20260207_222409-0081,2024-07-11 22:14:04.200000,2024-07-11 22:14:49.229000,売り,158.19700,158.29700,1.00,-10.00,-590.00,秒逆張り,,,0,158.19700
2024-07-01,2024-07-31,20260207_222409,20260207_222409-0082,2024-07-11 22:33:40.125000,2024-07-11 22:33:42.242000,買い,158.52700,158.42700,1.00,-10.00,-600.00,秒逆張り,,,0,158.52700
2024-07-01,2024-07-31,20260207_222409,20260207_222409-0083,2024-07-11 22:33:48.685000,2024-07-11 22:33:54.291000,買い,158.15200,158.05200,1.00,-10.00,-610.00,秒逆張り,,,0,158.15200
2024-07-01,2024-07-31,20260207_222409,20260207_222409-0084,2024-07-11 22:33:55.427000,2024-07-11 22:34:03.038000,買い,158.07500,157.97500,1.00,-10.00,-620.00,秒逆張り,,,0,158.07500
2024-07-01,2024-07-31,20260207_222409,20260207_222409-0085,2024-07-11 22:34:00.111000,2024-07-11 22:34:03.038000,買い,158.08400,157.98400,1.00,-10.00,-630.00,秒逆張り,,,0,158.08400
2024-07-01,2024-07-31,20260207_222409,20260207_222409-0086,2024-07-11 22:34:05.919000,2024-07-11 22:34:17.639000,買い,157.93300,158.23300,1.00,30.00,-600.00,秒逆張り,,,0,157.93300
2024-07-01,2024-07-31,20260207_222409,20260207_222409-0087,2024-07-11 22:34:41.121000,2024-07-11 22:34:45.734000,売り,158.30700,158.40700,1.00,-10.00,-610.00,秒逆張り,,,0,158.30700
2024-07-01,2024-07-31,20260207_222409,20260207_222409-0088,2024-07-11 22:34:23.739000,2024-07-11 22:34:49.169000,買い,158.19200,158.49200,1.00,30.00,-580.00,秒逆張り,,,0,158.19200
2024-07-01,2024-07-31,20260207_222409,20260207_222409-0089,2024-07-11 22:34:47.842000,2024-07-11 22:34:52.037000,売り,158.44700,158.54700,1.00,-10.00,-590.00,秒逆張り,,,0,158.44700
2024-07-01,2024-07-31,20260207_222409,20260207_222409-0090,2024-07-11 22:35:18.482000,2024-07-11 22:35:20.994000,売り,158.57600,158.67600,1.00,-10.00,-600.00,秒逆張り,,,0,158.57600
2024-07-01,2024-07-31,20260207_222409,20260207_222409-0091,2024-07-12 11:06:08.928000,2024-07-12 11:06:09.856000,買い,159.02500,158.92500,1.00,-10.00,-610.00,秒逆張り,,,0,159.02500
2024-07-01,2024-07-31,20260207_222409,20260207_222409-0092,2024-07-12 21:30:22.637000,2024-07-12 21:30:31.820000,売り,158.84300,158.94300,1.00,-10.00,-620.00,秒逆張り,,,0,158.84300
2024-07-01,2024-07-31,20260207_222409,20260207_222409-0093,2024-07-12 21:30:06.177000,2024-07-12 21:31:07.195000,売り,158.92100,159.02100,1.00,-10.00,-630.00,秒逆張り,,,0,158.92100
2024-07-01,2024-07-31,20260207_222409,20260207_222409-0094,2024-07-12 22:08:12.640000,2024-07-12 22:08:16.138000,買い,158.40000,158.30000,1.00,-10.00,-640.00,秒逆張り,,,0,158.40000
2024-07-01,2024-07-31,20260207_222409,20260207_222409-0095,2024-07-12 22:08:21.504000,2024-07-12 22:08:59.535000,買い,158.17400,158.07400,1.00,-10.00,-650.00,秒逆張り,,,0,158.17400
2024-07-01,2024-07-31,20260207_222409,20260207_222409-0096,2024-07-12 22:08:59.123000,2024-07-12 22:09:02.885000,買い,158.11100,158.01100,1.00,-10.00,-660.00,秒逆張り,,,0,158.11100
2024-07-01,2024-07-31,20260207_222409,20260207_222409-0097,2024-07-12 22:09:05.028000,2024-07-12 22:09:09.465000,買い,158.00000,157.90000,1.00,-10.00,-670.00,秒逆張り,,,0,158.00000
2024-07-01,2024-07-31,20260207_222409,20260207_222409-0098,2024-07-12 22:09:17.207000,2024-07-12 22:09:17.826000,買い,158.10400,158.00400,1.00,-10.00,-680.00,秒逆張り,,,0,158.10400
2024-07-01,2024-07-31,20260207_222409,20260207_222409-0099,2024-07-12 22:09:32.767000,2024-07-12 22:09:43.366000,買い,157.95600,157.85600,1.00,-10.00,-690.00,秒逆張り,,,0,157.95600
2024-07-01,2024-07-31,20260207_222409,20260207_222409-0100,2024-07-12 22:09:26.797000,2024-07-12 22:09:43.520000,買い,157.95200,157.85200,1.00,-10.00,-700.00,秒逆張り,,,0,157.95200
2024-07-01,2024-07-31,20260207_222409,20260207_222409-0101,2024-07-12 22:09:19.113000,2024-07-12 22:09:48.881000,買い,157.90300,157.80300,1.00,-10.00,-710.00,秒逆張り,,,0,157.90300
2024-07-01,2024-07-31,20260207_222409,20260207_222409-0102,2024-07-12 22:10:18.209000,2024-07-12 22:10:36.861000,買い,157.60900,157.90900,1.00,30.00,-680.00,秒逆張り,,,0,157.60900
2024-07-01,2024-07-31,20260207_222409,20260207_222409-0103,2024-07-12 22:10:38.205000,2024-07-12 22:10:53.082000,売り,157.96000,158.06000,1.00,-10.00,-690.00,秒逆張り,,,0,157.96000
2024-07-01,2024-07-31,20260207_222409,20260207_222409-0104,2024-07-12 22:10:54.266000,2024-07-12 22:11:54.379000,売り,158.08400,157.78400,1.00,30.00,-660.00,秒逆張り,,,0,158.08400
2024-07-01,2024-07-31,20260207_222409,20260207_222409-0105,2024-07-12 22:11:48.675000,2024-07-12 22:12:09.036000,買い,157.79700,157.69700,1.00,-10.00,-670.00,秒逆張り,,,0,157.79700
2024-07-01,2024-07-31,20260207_222409,20260207_222409-0106,2024-07-12 22:18:43.307000,2024-07-12 22:18:47.411000,買い,157.70900,157.60900,1.00,-10.00,-680.00,秒逆張り,,,0,157.70900
2024-07-01,2024-07-31,20260207_222409,20260207_222409-0107,2024-07-12 22:19:09.716000,2024-07-12 22:19:31.791000,買い,157.40400,157.70400,1.00,30.00,-650.00,秒逆張り,,,0,157.40400
2024-07-01,2024-07-31,20260207_222409,20260207_222409-0108,2024-07-12 22:31:04.179000,2024-07-12 22:40:32.558000,買い,157.92300,158.22300,1.00,30.00,-620.00,秒逆張り,,,0,157.92300
2024-07-01,2024-07-31,20260207_222409,20260207_222409-0109,2024-07-12 23:11:36.372000,2024-07-12 23:11:42.982000,買い,157.92300,157.82300,1.00,-10.00,-630.00,秒逆張り,,,0,157.92300
2024-07-01,2024-07-31,20260207_222409,20260207_222409-0110,2024-07-12 23:12:09.504000,2024-07-12 23:12:11.202000,買い,157.88000,157.78000,1.00,-10.00,-640.00,秒逆張り,,,0,157.88000
2024-07-01,2024-07-31,20260207_222409,20260207_222409-0111,2024-07-12 23:11:50.174000,2024-07-12 23:12:30.234000,買い,157.74900,157.64900,1.00,-10.00,-650.00,秒逆張り,,,0,157.74900
2024-07-01,2024-07-31,20260207_222409,20260207_222409-0112,2024-07-12 23:12:13.011000,2024-07-12 23:12:30.234000,買い,157.74000,157.64000,1.00,-10.00,-660.00,秒逆張り,,,0,157.74000
2024-07-01,2024-07-31,20260207_222409,20260207_222409-0113,2024-07-12 23:12:59.714000,2024-07-12 23:13:05.540000,買い,157.54800,157.44800,1.00,-10.00,-670.00,秒逆張り,,,0,157.54800
2024-07-01,2024-07-31,20260207_222409,20260207_222409-0114,2024-07-12 23:13:07.403000,2024-07-12 23:14:48.609000,買い,157.48100,157.78100,1.00,30.00,-640.00,秒逆張り,,,0,157.48100
2024-07-01,2024-07-31,20260207_222409,20260207_222409-0115,2024-07-13 00:16:11.094000,2024-07-13 00:19:52.348000,買い,157.55200,157.85200,1.00,30.00,-610.00,秒逆張り,,,0,157.55200
2024-07-01,2024-07-31,20260207_222409,20260207_222409-0116,2024-07-16 01:41:50.274000,2024-07-16 01:41:59.057000,買い,157.61400,157.51400,1.00,-10.00,-620.00,秒逆張り,,,0,157.61400
2024-07-01,2024-07-31,20260207_222409,20260207_222409-0117,2024-07-16 01:42:04.195000,2024-07-16 01:42:05.544000,買い,157.27300,157.17300,1.00,-10.00,-630.00,秒逆張り,,,0,157.27300
2024-07-01,2024-07-31,20260207_222409,20260207_222409-0118,2024-07-16 01:42:11.909000,2024-07-16 01:45:24.679000,買い,157.34100,157.64100,1.00,30.00,-600.00,秒逆張り,,,0,157.34100
2024-07-01,2024-07-31,20260207_222409,20260207_222409-0119,2024-07-16 21:30:02.668000,2024-07-16 21:30:14.308000,売り,158.42300,158.52300,1.00,-10.00,-610.00,秒逆張り,,,0,158.42300
2024-07-01,2024-07-31,20260207_222409,20260207_222409-0120,2024-07-18 13:22:52.562000,2024-07-18 14:40:04.698000,買い,156.24300,156.14300,1.00,-10.00,-620.00,秒逆張り,,,0,156.24300
2024-07-01,2024-07-31,20260207_222409,20260207_222409-0121,2024-07-18 14:41:03.694000,2024-07-18 14:41:04.264000,買い,155.90500,155.80500,1.00,-10.00,-630.00,秒逆張り,,,0,155.90500
2024-07-01,2024-07-31,20260207_222409,20260207_222409-0122,2024-07-18 22:57:45.838000,2024-07-18 23:19:31.232000,売り,156.64700,156.74700,1.00,-10.00,-640.00,秒逆張り,,,0,156.64700
2024-07-01,2024-07-31,20260207_222409,20260207_222409-0123,2024-07-19 15:54:58.210000,2024-07-19 16:01:31.616000,買い,157.18500,157.08500,1.00,-10.00,-650.00,秒逆張り,,,0,157.18500
2024-07-01,2024-07-31,20260207_222409,20260207_222409-0124,2024-07-22 15:09:30.523000,2024-07-22 15:10:24.497000,買い,156.68100,156.58100,1.00,-10.00,-660.00,秒逆張り,,,0,156.68100
2024-07-01,2024-07-31,20260207_222409,20260207_222409-0125,2024-07-24 14:08:18.692000,2024-07-24 14:21:14.267000,買い,154.41000,154.71000,1.00,30.00,-630.00,秒逆張り,,,0,154.41000
2024-07-01,2024-07-31,20260207_222409,20260207_222409-0126,2024-07-24 18:39:47.072000,2024-07-24 18:39:51.369000,買い,154.68700,154.58700,1.00,-10.00,-640.00,秒逆張り,,,0,154.68700
2024-07-01,2024-07-31,20260207_222409,20260207_222409-0127,2024-07-24 18:40:06.149000,2024-07-24 18:40:11.134000,買い,154.41800,154.31800,1.00,-10.00,-650.00,秒逆張り,,,0,154.41800
2024-07-01,2024-07-31,20260207_222409,20260207_222409-0128,2024-07-24 18:40:12.435000,2024-07-24 18:43:40.533000,買い,154.30800,154.60800,1.00,30.00,-620.00,秒逆張り,,,0,154.30800
2024-07-01,2024-07-31,20260207_222409,20260207_222409-0129,2024-07-24 22:47:56.608000,2024-07-24 22:49:45.377000,買い,153.49200,153.39200,1.00,-10.00,-630.00,秒逆張り,,,0,153.49200
2024-07-01,2024-07-31,20260207_222409,20260207_222409-0130,2024-07-25 21:30:05.748000,2024-07-25 21:30:08.959000,売り,152.93400,153.03400,1.00,-10.00,-640.00,秒逆張り,,,0,152.93400
2024-07-01,2024-07-31,20260207_222409,20260207_222409-0131,2024-07-25 21:30:28.647000,2024-07-25 21:30:42.399000,売り,153.21000,153.31000,1.00,-10.00,-650.00,秒逆張り,,,0,153.21000
2024-07-01,2024-07-31,20260207_222409,20260207_222409-0132,2024-07-25 21:30:11.059000,2024-07-25 21:33:02.071000,売り,153.23000,153.33000,1.00,-10.00,-660.00,秒逆張り,,,0,153.23000
2024-07-01,2024-07-31,20260207_222409,20260207_222409-0133,2024-07-25 21:30:15.736000,2024-07-25 21:33:56.915000,売り,153.26200,153.36200,1.00,-10.00,-670.00,秒逆張り,,,0,153.26200
2024-07-01,2024-07-31,20260207_222409,20260207_222409-0134,2024-07-25 21:30:43.535000,2024-07-25 21:34:00.374000,売り,153.30500,153.40500,1.00,-10.00,-680.00,秒逆張り,,,0,153.30500
2024-07-01,2024-07-31,20260207_222409,20260207_222409-0135,2024-07-25 22:58:48.616000,2024-07-25 23:01:57.398000,買い,153.60900,153.50900,1.00,-10.00,-690.00,秒逆張り,,,0,153.60900
2024-07-01,2024-07-31,20260207_222409,20260207_222409-0136,2024-07-26 21:29:26.603000,2024-07-26 21:29:37.890000,買い,154.50700,154.40700,1.00,-10.00,-700.00,秒逆張り,,,0,154.50700
2024-07-01,2024-07-31,20260207_222409,20260207_222409-0137,2024-07-26 21:30:00.179000,2024-07-26 21:30:07.023000,買い,154.39900,154.69900,1.00,30.00,-670.00,秒逆張り,,,0,154.39900
2024-07-01,2024-07-31,20260207_222409,20260207_222409-0138,2024-07-26 21:30:08.053000,2024-07-26 21:34:00.722000,売り,154.62700,154.32700,1.00,30.00,-640.00,秒逆張り,,,0,154.62700
2024-07-01,2024-07-31,20260207_222409,20260207_222409-0139,2024-07-26 21:30:25.670000,2024-07-26 21:34:46.397000,買い,154.39100,154.29100,1.00,-10.00,-650.00,秒逆張り,,,0,154.39100
2024-07-01,2024-07-31,20260207_222409,20260207_222409-0140,2024-07-26 23:18:54.708000,2024-07-26 23:18:59.746000,買い,153.54500,153.44500,1.00,-10.00,-660.00,秒逆張り,,,0,153.54500
2024-07-01,2024-07-31,20260207_222409,20260207_222409-0141,2024-07-26 23:19:02.236000,2024-07-26 23:19:04.106000,買い,153.42800,153.32800,1.00,-10.00,-670.00,秒逆張り,,,0,153.42800
2024-07-01,2024-07-31,20260207_222409,20260207_222409-0142,2024-07-26 23:19:07.339000,2024-07-26 23:19:34.309000,買い,153.18300,153.48300,1.00,30.00,-640.00,秒逆張り,,,0,153.18300
2024-07-01,2024-07-31,20260207_222409,20260207_222409-0143,2024-07-31 00:04:30.833000,2024-07-31 00:04:35.925000,買い,154.27500,154.17500,1.00,-10.00,-650.00,秒逆張り,,,0,154.27500
2024-07-01,2024-07-31,20260207_222409,20260207_222409-0144,2024-07-31 00:04:24.055000,2024-07-31 00:04:36.239000,買い,154.24600,154.14600,1.00,-10.00,-660.00,秒逆張り,,,0,154.24600
2024-07-01,2024-07-31,20260207_222409,20260207_222409-0145,2024-07-31 00:04:57.634000,2024-07-31 00:05:03.017000,買い,154.15400,154.05400,1.00,-10.00,-670.00,秒逆張り,,,0,154.15400
2024-07-01,2024-07-31,20260207_222409,20260207_222409-0146,2024-07-31 00:04:37.915000,2024-07-31 00:05:27.113000,買い,154.10000,154.00000,1.00,-10.00,-680.00,秒逆張り,,,0,154.10000
2024-07-01,2024-07-31,20260207_222409,20260207_222409-0147,2024-07-31 00:05:18.969000,2024-07-31 00:05:27.165000,買い,154.07500,153.97500,1.00,-10.00,-690.00,秒逆張り,,,0,154.07500
2024-07-01,2024-07-31,20260207_222409,20260207_222409-0148,2024-07-31 00:05:29.086000,2024-07-31 00:05:46.447000,買い,154.00300,153.90300,1.00,-10.00,-700.00,秒逆張り,,,0,154.00300
2024-07-01,2024-07-31,20260207_222409,20260207_222409-0149,2024-07-31 00:06:35.484000,2024-07-31 00:06:51.043000,売り,154.13100,154.23100,1.00,-10.00,-710.00,秒逆張り,,,0,154.13100
2024-07-01,2024-07-31,20260207_222409,20260207_222409-0150,2024-07-31 11:13:34.509000,2024-07-31 11:13:38.108000,売り,153.04800,153.14800,1.00,-10.00,-720.00,秒逆張り,,,0,153.04800
2024-07-01,2024-07-31,20260207_222409,20260207_222409-0151,2024-07-31 12:20:38.415000,2024-07-31 12:45:37.531000,売り,152.96500,152.66500,1.00,30.00,-690.00,秒逆張り,,,0,152.96500
2024-07-01,2024-07-31,20260207_222409,20260207_222409-0152,2024-07-31 12:46:01.372000,2024-07-31 12:47:50.753000,買い,152.34700,152.64700,1.00,30.00,-660.00,秒逆張り,,,0,152.34700
2024-07-01,2024-07-31,20260207_222409,20260207_222409-0153,2024-07-31 12:46:31.498000,2024-07-31 12:56:16.754000,買い,152.39000,152.29000,1.00,-10.00,-670.00,秒逆張り,,,0,152.39000
2024-07-01,2024-07-31,20260207_222409,20260207_222409-0154,2024-07-31 12:56:25.539000,2024-07-31 12:56:29.643000,買い,152.21000,152.11000,1.00,-10.00,-680.00,秒逆張り,,,0,152.21000
2024-07-01,2024-07-31,20260207_222409,20260207_222409-0155,2024-07-31 12:56:19.466000,2024-07-31 12:56:29.906000,買い,152.18100,152.08100,1.00,-10.00,-690.00,秒逆張り,,,0,152.18100
2024-07-01,2024-07-31,20260207_222409,20260207_222409-0156,2024-07-31 12:56:31.002000,2024-07-31 12:56:34.483000,買い,152.07400,151.97400,1.00,-10.00,-700.00,秒逆張り,,,0,152.07400
2024-07-01,2024-07-31,20260207_222409,20260207_222409-0157,2024-07-31 12:56:38.348000,2024-07-31 12:56:44.232000,買い,151.70200,151.60200,1.00,-10.00,-710.00,秒逆張り,,,0,151.70200
2024-07-01,2024-07-31,20260207_222409,20260207_222409-0158,2024-07-31 12:56:50.367000,2024-07-31 12:57:07.428000,買い,151.61200,151.91200,1.00,30.00,-680.00,秒逆張り,,,0,151.61200
2024-07-01,2024-07-31,20260207_222409,20260207_222409-0159,2024-07-31 12:56:44.127000,2024-07-31 12:57:07.533000,買い,151.67200,151.97200,1.00,30.00,-650.00,秒逆張り,,,0,151.67200
2024-07-01,2024-07-31,20260207_222409,20260207_222409-0160,2024-07-31 12:57:10.766000,2024-07-31 12:57:11.703000,売り,152.39800,152.49800,1.00,-10.00,-660.00,秒逆張り,,,0,152.39800
2024-07-01,2024-07-31,20260207_222409,20260207_222409-0161,2024-07-31 12:57:35.866000,2024-07-31 12:57:38.120000,売り,152.46600,152.56600,1.00,-10.00,-670.00,秒逆張り,,,0,152.46600
2024-07-01,2024-07-31,20260207_222409,20260207_222409-0162,2024-07-31 12:57:23.265000,2024-07-31 12:57:46.382000,売り,152.62600,152.72600,1.00,-10.00,-680.00,秒逆張り,,,0,152.62600
2024-07-01,2024-07-31,20260207_222409,20260207_222409-0163,2024-07-31 12:57:42.952000,2024-07-31 12:57:47.109000,売り,152.70500,152.80500,1.00,-10.00,-690.00,秒逆張り,,,0,152.70500
2024-07-01,2024-07-31,20260207_222409,20260207_222409-0164,2024-07-31 12:58:25.574000,2024-07-31 12:58:27.205000,売り,152.91200,153.01200,1.00,-10.00,-700.00,秒逆張り,,,0,152.91200
2024-07-01,2024-07-31,20260207_222409,20260207_222409-0165,2024-07-31 12:58:29.840000,2024-07-31 12:58:41.596000,売り,153.05100,153.15100,1.00,-10.00,-710.00,秒逆張り,,,0,153.05100
2024-07-01,2024-07-31,20260207_222409,20260207_222409-0166,2024-07-31 12:58:41.179000,2024-07-31 12:59:41.078000,売り,153.09000,153.19000,1.00,-10.00,-720.00,秒逆張り,,,0,153.09000
2024-07-01,2024-07-31,20260207_222409,20260207_222409-0167,2024-07-31 12:59:13.919000,2024-07-31 12:59:41.446000,売り,153.12500,153.22500,1.00,-10.00,-730.00,秒逆張り,,,0,153.12500
2024-07-01,2024-07-31,20260207_222409,20260207_222409-0168,2024-07-31 12:59:50.959000,2024-07-31 13:00:17.751000,売り,153.72300,153.82300,1.00,-10.00,-740.00,秒逆張り,,,0,153.72300
2024-07-01,2024-07-31,20260207_222409,20260207_222409-0169,2024-07-31 13:00:20.917000,2024-07-31 13:01:07.544000,売り,153.82400,153.52400,1.00,30.00,-710.00,秒逆張り,,,0,153.82400
2024-07-01,2024-07-31,20260207_222409,20260207_222409-0170,2024-07-31 13:00:50.015000,2024-07-31 13:01:07.910000,買い,153.56200,153.46200,1.00,-10.00,-720.00,秒逆張り,,,0,153.56200
2024-07-01,2024-07-31,20260207_222409,20260207_222409-0171,2024-07-31 13:01:11.039000,2024-07-31 13:01:47.698000,買い,153.34500,153.24500,1.00,-10.00,-730.00,秒逆張り,,,0,153.34500
2024-07-01,2024-07-31,20260207_222409,20260207_222409-0172,2024-07-31 13:01:56.796000,2024-07-31 13:02:20.563000,買い,153.01800,153.31800,1.00,30.00,-700.00,秒逆張り,,,0,153.01800
2024-07-01,2024-07-31,20260207_222409,20260207_222409-0173,2024-07-31 13:02:10.295000,2024-07-31 13:03:25.254000,買い,153.16600,153.06600,1.00,-10.00,-710.00,秒逆張り,,,0,153.16600
2024-07-01,2024-07-31,20260207_222409,20260207_222409-0174,2024-07-31 13:03:21.891000,2024-07-31 13:03:25.460000,買い,153.16000,153.06000,1.00,-10.00,-720.00,秒逆張り,,,0,153.16000
2024-07-01,2024-07-31,20260207_222409,20260207_222409-0175,2024-07-31 13:03:26.592000,2024-07-31 13:20:21.976000,買い,153.07700,152.97700,1.00,-10.00,-730.00,秒逆張り,,,0,153.07700
2024-07-01,2024-07-31,20260207_222409,20260207_222409-0176,2024-07-31 13:13:23.062000,2024-07-31 13:20:21.976000,買い,153.06700,152.96700,1.00,-10.00,-740.00,秒逆張り,,,0,153.06700
2024-07-01,2024-07-31,20260207_222409,20260207_222409-0177,2024-07-31 13:21:12.891000,2024-07-31 13:55:14.560000,買い,152.58900,152.48900,1.00,-10.00,-750.00,秒逆張り,,,0,152.58900
2024-07-01,2024-07-31,20260207_222409,20260207_222409-0178,2024-07-31 15:38:54.995000,2024-07-31 15:49:06.551000,買い,152.70000,152.60000,1.00,-10.00,-760.00,秒逆張り,,,0,152.70000
2024-07-01,2024-07-31,20260207_222409,20260207_222409-0179,2024-07-31 15:49:05.457000,2024-07-31 15:49:09.006000,買い,152.63400,152.53400,1.00,-10.00,-770.00,秒逆張り,,,0,152.63400
2024-07-01,2024-07-31,20260207_222409,20260207_222409-0180,2024-07-31 16:48:43.840000,2024-07-31 16:50:35.807000,買い,151.27100,151.17100,1.00,-10.00,-780.00,秒逆張り,,,0,151.27100
2024-07-01,2024-07-31,20260207_222409,20260207_222409-0181,2024-07-31 16:54:14.103000,2024-07-31 16:54:29.364000,買い,150.91600,150.81600,1.00,-10.00,-790.00,秒逆張り,,,0,150.91600
2024-07-01,2024-07-31,20260207_222409,20260207_222409-0182,2024-07-31 21:30:02.613000,2024-07-31 21:35:57.724000,買い,149.81600,150.11600,1.00,30.00,-760.00,秒逆張り,,,0,149.81600
2024-07-01,2024-07-31,20260207_222409,20260207_222409-0183,2024-07-31 23:00:31.094000,2024-07-31 23:08:13.327000,買い,149.69700,149.99700,1.00,30.00,-730.00,秒逆張り,,,0,149.69700
2024-08-01,2024-08-31,20260207_222700,20260207_222700-0001,2024-08-01 03:00:07.625000,2024-08-01 03:00:17.749000,売り,150.95000,151.05000,1.00,-10.00,-740.00,秒逆張り,,,0,150.95000
2024-08-01,2024-08-31,20260207_222700,20260207_222700-0002,2024-08-01 03:00:03.033000,2024-08-01 03:00:40.020000,買い,150.78400,151.08400,1.00,30.00,-710.00,秒逆張り,,,0,150.78400
2024-08-01,2024-08-31,20260207_222700,20260207_222700-0003,2024-08-01 20:14:24.639000,2024-08-01 20:34:16.822000,売り,150.40400,150.50400,1.00,-10.00,-720.00,秒逆張り,,,0,150.40400
2024-08-01,2024-08-31,20260207_222700,20260207_222700-0004,2024-08-01 21:30:10.847000,2024-08-01 21:31:23.783000,買い,150.32400,150.22400,1.00,-10.00,-730.00,秒逆張り,,,0,150.32400
2024-08-01,2024-08-31,20260207_222700,20260207_222700-0005,2024-08-01 23:00:02.648000,2024-08-01 23:05:06.300000,買い,150.25500,150.15500,1.00,-10.00,-740.00,秒逆張り,,,0,150.25500
2024-08-01,2024-08-31,20260207_222700,20260207_222700-0006,2024-08-02 21:30:02.933000,2024-08-02 21:30:07.439000,買い,148.51700,148.41700,1.00,-10.00,-750.00,秒逆張り,,,0,148.51700
2024-08-01,2024-08-31,20260207_222700,20260207_222700-0007,2024-08-02 21:30:10.289000,2024-08-02 21:30:10.920000,買い,148.30300,148.20300,1.00,-10.00,-760.00,秒逆張り,,,0,148.30300
2024-08-01,2024-08-31,20260207_222700,20260207_222700-0008,2024-08-02 21:30:26.359000,2024-08-02 21:30:27.904000,買い,147.90100,147.80100,1.00,-10.00,-770.00,秒逆張り,,,0,147.90100
2024-08-01,2024-08-31,20260207_222700,20260207_222700-0009,2024-08-02 21:30:34.953000,2024-08-02 21:30:52.637000,買い,147.74300,147.64300,1.00,-10.00,-780.00,秒逆張り,,,0,147.74300
2024-08-01,2024-08-31,20260207_222700,20260207_222700-0010,2024-08-02 21:34:14.880000,2024-08-02 21:34:39.010000,買い,147.25800,147.15800,1.00,-10.00,-790.00,秒逆張り,,,0,147.25800
2024-08-01,2024-08-31,20260207_222700,20260207_222700-0011,2024-08-02 23:04:39.938000,2024-08-02 23:06:16.663000,買い,146.91600,146.81600,1.00,-10.00,-800.00,秒逆張り,,,0,146.91600
2024-08-01,2024-08-31,20260207_222700,20260207_222700-0012,2024-08-03 01:02:44.334000,2024-08-03 01:04:48.018000,売り,147.26800,147.36800,1.00,-10.00,-810.00,秒逆張り,,,0,147.26800
2024-08-01,2024-08-31,20260207_222700,20260207_222700-0013,2024-08-05 12:12:07.900000,2024-08-05 12:14:27.705000,買い,144.67900,144.97900,1.00,30.00,-780.00,秒逆張り,,,0,144.67900
2024-08-01,2024-08-31,20260207_222700,20260207_222700-0014,2024-08-05 13:08:12.161000,2024-08-05 13:09:01.405000,買い,143.94900,143.84900,1.00,-10.00,-790.00,秒逆張り,,,0,143.94900
2024-08-01,2024-08-31,20260207_222700,20260207_222700-0015,2024-08-05 13:21:02.510000,2024-08-05 13:22:13.486000,買い,143.56200,143.46200,1.00,-10.00,-800.00,秒逆張り,,,0,143.56200
2024-08-01,2024-08-31,20260207_222700,20260207_222700-0016,2024-08-05 13:22:16.118000,2024-08-05 13:22:28.915000,買い,143.38000,143.28000,1.00,-10.00,-810.00,秒逆張り,,,0,143.38000
2024-08-01,2024-08-31,20260207_222700,20260207_222700-0017,2024-08-05 13:26:19.760000,2024-08-05 13:26:38.959000,買い,143.09700,142.99700,1.00,-10.00,-820.00,秒逆張り,,,0,143.09700
2024-08-01,2024-08-31,20260207_222700,20260207_222700-0018,2024-08-05 13:26:41.906000,2024-08-05 13:26:47.061000,買い,142.81300,142.71300,1.00,-10.00,-830.00,秒逆張り,,,0,142.81300
2024-08-01,2024-08-31,20260207_222700,20260207_222700-0019,2024-08-05 13:26:50.624000,2024-08-05 13:27:00.375000,買い,142.24400,142.54400,1.00,30.00,-800.00,秒逆張り,,,0,142.24400
2024-08-01,2024-08-31,20260207_222700,20260207_222700-0020,2024-08-05 13:27:03.522000,2024-08-05 13:27:06.771000,買い,142.62600,142.52600,1.00,-10.00,-810.00,秒逆張り,,,0,142.62600
2024-08-01,2024-08-31,20260207_222700,20260207_222700-0021,2024-08-05 13:27:20.592000,2024-08-05 13:27:28.267000,売り,142.80600,142.90600,1.00,-10.00,-820.00,秒逆張り,,,0,142.80600
2024-08-01,2024-08-31,20260207_222700,20260207_222700-0022,2024-08-05 13:28:29.422000,2024-08-05 13:28:38.889000,売り,143.10400,143.20400,1.00,-10.00,-830.00,秒逆張り,,,0,143.10400
2024-08-01,2024-08-31,20260207_222700,20260207_222700-0023,2024-08-05 13:28:35.865000,2024-08-05 13:28:40.600000,売り,143.13900,143.23900,1.00,-10.00,-840.00,秒逆張り,,,0,143.13900
2024-08-01,2024-08-31,20260207_222700,20260207_222700-0024,2024-08-05 13:30:08.291000,2024-08-05 13:32:07.507000,売り,143.16700,143.26700,1.00,-10.00,-850.00,秒逆張り,,,0,143.16700
2024-08-01,2024-08-31,20260207_222700,20260207_222700-0025,2024-08-05 13:33:58.152000,2024-08-05 13:34:06.796000,買い,143.02200,142.92200,1.00,-10.00,-860.00,秒逆張り,,,0,143.02200
2024-08-01,2024-08-31,20260207_222700,20260207_222700-0026,2024-08-05 13:34:30.395000,2024-08-05 13:34:54.088000,買い,142.90000,142.80000,1.00,-10.00,-870.00,秒逆張り,,,0,142.90000
2024-08-01,2024-08-31,20260207_222700,20260207_222700-0027,2024-08-05 13:46:57.889000,2024-08-05 13:47:22.834000,買い,143.06700,142.96700,1.00,-10.00,-880.00,秒逆張り,,,0,143.06700
2024-08-01,2024-08-31,20260207_222700,20260207_222700-0028,2024-08-05 13:47:24.301000,2024-08-05 13:49:34.640000,買い,142.99700,142.89700,1.00,-10.00,-890.00,秒逆張り,,,0,142.99700
2024-08-01,2024-08-31,20260207_222700,20260207_222700-0029,2024-08-05 13:56:25.279000,2024-08-05 13:56:31.725000,売り,143.42200,143.52200,1.00,-10.00,-900.00,秒逆張り,,,0,143.42200
2024-08-01,2024-08-31,20260207_222700,20260207_222700-0030,2024-08-05 13:56:44.535000,2024-08-05 13:59:06.510000,売り,143.66100,143.36100,1.00,30.00,-870.00,秒逆張り,,,0,143.66100
2024-08-01,2024-08-31,20260207_222700,20260207_222700-0031,2024-08-05 14:19:34.696000,2024-08-05 14:20:57.222000,買い,143.17700,143.07700,1.00,-10.00,-880.00,秒逆張り,,,0,143.17700
2024-08-01,2024-08-31,20260207_222700,20260207_222700-0032,2024-08-05 14:22:48.061000,2024-08-05 14:23:07.949000,買い,142.94200,142.84200,1.00,-10.00,-890.00,秒逆張り,,,0,142.94200
2024-08-01,2024-08-31,20260207_222700,20260207_222700-0033,2024-08-05 14:44:40.444000,2024-08-05 14:48:52.856000,買い,142.85200,142.75200,1.00,-10.00,-900.00,秒逆張り,,,0,142.85200
2024-08-01,2024-08-31,20260207_222700,20260207_222700-0034,2024-08-05 15:03:40.905000,2024-08-05 15:04:11.707000,買い,142.03100,141.93100,1.00,-10.00,-910.00,秒逆張り,,,0,142.03100
2024-08-01,2024-08-31,20260207_222700,20260207_222700-0035,2024-08-05 15:05:07.459000,2024-08-05 15:06:11.014000,売り,142.02700,141.72700,1.00,30.00,-880.00,秒逆張り,,,0,142.02700
2024-08-01,2024-08-31,20260207_222700,20260207_222700-0036,2024-08-05 15:05:18.649000,2024-08-05 15:08:00.735000,売り,142.00100,141.70100,1.00,30.00,-850.00,秒逆張り,,,0,142.00100
2024-08-01,2024-08-31,20260207_222700,20260207_222700-0037,2024-08-05 15:08:28.051000,2024-08-05 15:09:07.059000,売り,141.80000,141.90000,1.00,-10.00,-860.00,秒逆張り,,,0,141.80000
2024-08-01,2024-08-31,20260207_222700,20260207_222700-0038,2024-08-05 15:09:08.315000,2024-08-05 15:09:47.823000,売り,141.90500,142.00500,1.00,-10.00,-870.00,秒逆張り,,,0,141.90500
2024-08-01,2024-08-31,20260207_222700,20260207_222700-0039,2024-08-05 15:09:56.005000,2024-08-05 15:10:10.834000,売り,142.09100,142.19100,1.00,-10.00,-880.00,秒逆張り,,,0,142.09100
2024-08-01,2024-08-31,20260207_222700,20260207_222700-0040,2024-08-05 15:10:27.690000,2024-08-05 15:10:28.943000,売り,142.40000,142.50000,1.00,-10.00,-890.00,秒逆張り,,,0,142.40000
2024-08-01,2024-08-31,20260207_222700,20260207_222700-0041,2024-08-05 15:10:31.670000,2024-08-05 15:10:38.691000,売り,142.62000,142.32000,1.00,30.00,-860.00,秒逆張り,,,0,142.62000
2024-08-01,2024-08-31,20260207_222700,20260207_222700-0042,2024-08-05 15:12:39.871000,2024-08-05 15:19:31.357000,売り,142.40100,142.50100,1.00,-10.00,-870.00,秒逆張り,,,0,142.40100
2024-08-01,2024-08-31,20260207_222700,20260207_222700-0043,2024-08-05 15:12:08.786000,2024-08-05 15:19:32.245000,売り,142.42100,142.52100,1.00,-10.00,-880.00,秒逆張り,,,0,142.42100
2024-08-01,2024-08-31,20260207_222700,20260207_222700-0044,2024-08-05 15:30:06.074000,2024-08-05 15:30:11.657000,売り,142.64700,142.74700,1.00,-10.00,-890.00,秒逆張り,,,0,142.64700
2024-08-01,2024-08-31,20260207_222700,20260207_222700-0045,2024-08-05 15:33:56.647000,2024-08-05 15:34:37.636000,買い,142.47300,142.37300,1.00,-10.00,-900.00,秒逆張り,,,0,142.47300
2024-08-01,2024-08-31,20260207_222700,20260207_222700-0046,2024-08-05 15:40:42.332000,2024-08-05 15:43:56.818000,売り,142.98600,142.68600,1.00,30.00,-870.00,秒逆張り,,,0,142.98600
2024-08-01,2024-08-31,20260207_222700,20260207_222700-0047,2024-08-05 16:23:10.850000,2024-08-05 16:23:13.344000,買い,143.13100,143.03100,1.00,-10.00,-880.00,秒逆張り,,,0,143.13100
2024-08-01,2024-08-31,20260207_222700,20260207_222700-0048,2024-08-05 16:52:03.132000,2024-08-05 16:52:23.936000,売り,143.83900,143.93900,1.00,-10.00,-890.00,秒逆張り,,,0,143.83900
2024-08-01,2024-08-31,20260207_222700,20260207_222700-0049,2024-08-05 17:04:10.750000,2024-08-05 17:07:04.530000,買い,143.10600,143.00600,1.00,-10.00,-900.00,秒逆張り,,,0,143.10600
2024-08-01,2024-08-31,20260207_222700,20260207_222700-0050,2024-08-05 17:49:36.877000,2024-08-05 17:49:55.161000,買い,142.10300,142.00300,1.00,-10.00,-910.00,秒逆張り,,,0,142.10300
2024-08-01,2024-08-31,20260207_222700,20260207_222700-0051,2024-08-05 18:23:40.930000,2024-08-05 18:25:05.002000,買い,141.89900,141.79900,1.00,-10.00,-920.00,秒逆張り,,,0,141.89900
2024-08-01,2024-08-31,20260207_222700,20260207_222700-0052,2024-08-05 18:26:46.540000,2024-08-05 18:27:44.821000,売り,141.88400,141.98400,1.00,-10.00,-930.00,秒逆張り,,,0,141.88400
2024-08-01,2024-08-31,20260207_222700,20260207_222700-0053,2024-08-05 19:09:20.912000,2024-08-05 19:09:51.160000,買い,142.02100,141.92100,1.00,-10.00,-940.00,秒逆張り,,,0,142.02100
2024-08-01,2024-08-31,20260207_222700,20260207_222700-0054,2024-08-05 19:09:52.863000,2024-08-05 19:30:15.697000,買い,141.96000,142.26000,1.00,30.00,-910.00,秒逆張り,,,0,141.96000
2024-08-01,2024-08-31,20260207_222700,20260207_222700-0055,2024-08-05 22:55:38.755000,2024-08-05 22:58:58.143000,売り,142.75100,142.85100,1.00,-10.00,-920.00,秒逆張り,,,0,142.75100
2024-08-01,2024-08-31,20260207_222700,20260207_222700-0056,2024-08-05 23:00:02.391000,2024-08-05 23:00:03.600000,売り,142.89000,142.99000,1.00,-10.00,-930.00,秒逆張り,,,0,142.89000
2024-08-01,2024-08-31,20260207_222700,20260207_222700-0057,2024-08-05 23:00:10.668000,2024-08-05 23:00:12.855000,売り,143.38800,143.48800,1.00,-10.00,-940.00,秒逆張り,,,0,143.38800
2024-08-01,2024-08-31,20260207_222700,20260207_222700-0058,2024-08-05 23:00:07.636000,2024-08-05 23:00:20.015000,売り,143.46300,143.56300,1.00,-10.00,-950.00,秒逆張り,,,0,143.46300
2024-08-01,2024-08-31,20260207_222700,20260207_222700-0059,2024-08-05 23:00:14.943000,2024-08-05 23:00:21.495000,売り,143.52100,143.62100,1.00,-10.00,-960.00,秒逆張り,,,0,143.52100
2024-08-01,2024-08-31,20260207_222700,20260207_222700-0060,2024-08-05 23:00:23.425000,2024-08-05 23:00:25.819000,売り,143.62300,143.72300,1.00,-10.00,-970.00,秒逆張り,,,0,143.62300
2024-08-01,2024-08-31,20260207_222700,20260207_222700-0061,2024-08-05 23:00:30.596000,2024-08-05 23:01:06.795000,売り,143.74000,143.44000,1.00,30.00,-940.00,秒逆張り,,,0,143.74000
2024-08-01,2024-08-31,20260207_222700,20260207_222700-0062,2024-08-05 23:01:43.311000,2024-08-05 23:03:40.094000,売り,143.66100,143.76100,1.00,-10.00,-950.00,秒逆張り,,,0,143.66100
2024-08-01,2024-08-31,20260207_222700,20260207_222700-0063,2024-08-05 23:06:50.939000,2024-08-05 23:13:49.103000,買い,143.30700,143.20700,1.00,-10.00,-960.00,秒逆張り,,,0,143.30700
2024-08-01,2024-08-31,20260207_222700,20260207_222700-0064,2024-08-05 23:13:52.322000,2024-08-05 23:23:03.158000,買い,143.19200,143.09200,1.00,-10.00,-970.00,秒逆張り,,,0,143.19200
2024-08-01,2024-08-31,20260207_222700,20260207_222700-0065,2024-08-06 00:07:17.843000,2024-08-06 00:08:30.543000,売り,142.80400,142.90400,1.00,-10.00,-980.00,秒逆張り,,,0,142.80400
2024-08-01,2024-08-31,20260207_222700,20260207_222700-0066,2024-08-06 00:46:35.462000,2024-08-06 00:46:50.298000,売り,143.67600,143.77600,1.00,-10.00,-990.00,秒逆張り,,,0,143.67600
2024-08-01,2024-08-31,20260207_222700,20260207_222700-0067,2024-08-06 01:03:25.567000,2024-08-06 01:03:50.333000,売り,144.03500,144.13500,1.00,-10.00,-1000.00,秒逆張り,,,0,144.03500
2024-08-01,2024-08-31,20260207_222700,20260207_222700-0068,2024-08-06 01:22:39.736000,2024-08-06 01:23:03.532000,売り,144.29100,144.39100,1.00,-10.00,-1010.00,秒逆張り,,,0,144.29100
2024-08-01,2024-08-31,20260207_222700,20260207_222700-0069,2024-08-06 02:58:57.370000,2024-08-06 03:37:52.394000,買い,143.94600,143.84600,1.00,-10.00,-1020.00,秒逆張り,,,0,143.94600
2024-08-01,2024-08-31,20260207_222700,20260207_222700-0070,2024-08-06 11:41:26.664000,2024-08-06 11:55:42.798000,売り,145.20800,145.30800,1.00,-10.00,-1030.00,秒逆張り,,,0,145.20800
2024-08-01,2024-08-31,20260207_222700,20260207_222700-0071,2024-08-06 13:31:47.126000,2024-08-06 13:38:05.807000,売り,145.44800,145.54800,1.00,-10.00,-1040.00,秒逆張り,,,0,145.44800
2024-08-01,2024-08-31,20260207_222700,20260207_222700-0072,2024-08-06 14:40:19.367000,2024-08-06 14:49:05.298000,売り,146.09200,145.79200,1.00,30.00,-1010.00,秒逆張り,,,0,146.09200
2024-08-01,2024-08-31,20260207_222700,20260207_222700-0073,2024-08-06 15:16:28.846000,2024-08-06 15:20:44.917000,買い,145.97500,146.27500,1.00,30.00,-980.00,秒逆張り,,,0,145.97500
2024-08-01,2024-08-31,20260207_222700,20260207_222700-0074,2024-08-06 15:41:28.275000,2024-08-06 15:41:39.611000,買い,145.63800,145.53800,1.00,-10.00,-990.00,秒逆張り,,,0,145.63800
2024-08-01,2024-08-31,20260207_222700,20260207_222700-0075,2024-08-06 17:18:07.451000,2024-08-06 17:19:13.118000,買い,144.67300,144.57300,1.00,-10.00,-1000.00,秒逆張り,,,0,144.67300
2024-08-01,2024-08-31,20260207_222700,20260207_222700-0076,2024-08-06 22:21:25.012000,2024-08-06 22:22:04.542000,買い,144.21900,144.11900,1.00,-10.00,-1010.00,秒逆張り,,,0,144.21900
2024-08-01,2024-08-31,20260207_222700,20260207_222700-0077,2024-08-07 11:00:02.461000,2024-08-07 11:02:11.449000,売り,146.79800,146.49800,1.00,30.00,-980.00,秒逆張り,,,0,146.79800
2024-08-01,2024-08-31,20260207_222700,20260207_222700-0078,2024-08-07 11:02:36.246000,2024-08-07 11:05:07.609000,買い,146.41200,146.71200,1.00,30.00,-950.00,秒逆張り,,,0,146.41200
2024-08-01,2024-08-31,20260207_222700,20260207_222700-0079,2024-08-07 11:17:25.430000,2024-08-07 11:23:41.413000,買い,146.38900,146.68900,1.00,30.00,-920.00,秒逆張り,,,0,146.38900
2024-08-01,2024-08-31,20260207_222700,20260207_222700-0080,2024-08-07 13:32:53.980000,2024-08-07 13:34:12.218000,売り,147.79200,147.89200,1.00,-10.00,-930.00,秒逆張り,,,0,147.79200
2024-08-01,2024-08-31,20260207_222700,20260207_222700-0081,2024-08-07 14:41:14.169000,2024-08-07 14:41:19.211000,買い,147.25700,147.15700,1.00,-10.00,-940.00,秒逆張り,,,0,147.25700
2024-08-01,2024-08-31,20260207_222700,20260207_222700-0082,2024-08-07 14:56:09.537000,2024-08-07 14:56:19.194000,買い,146.93800,146.83800,1.00,-10.00,-950.00,秒逆張り,,,0,146.93800
2024-08-01,2024-08-31,20260207_222700,20260207_222700-0083,2024-08-08 02:02:04.388000,2024-08-08 02:19:57.583000,売り,147.33400,147.03400,1.00,30.00,-920.00,秒逆張り,,,0,147.33400
2024-08-01,2024-08-31,20260207_222700,20260207_222700-0084,2024-08-08 03:18:06.869000,2024-08-08 04:03:18.217000,買い,146.75800,147.05800,1.00,30.00,-890.00,秒逆張り,,,0,146.75800
2024-08-01,2024-08-31,20260207_222700,20260207_222700-0085,2024-08-08 16:39:45.991000,2024-08-08 17:00:19.533000,売り,145.81700,145.91700,1.00,-10.00,-900.00,秒逆張り,,,0,145.81700
2024-08-01,2024-08-31,20260207_222700,20260207_222700-0086,2024-08-08 21:30:02.655000,2024-08-08 21:30:06.010000,売り,146.35100,146.45100,1.00,-10.00,-910.00,秒逆張り,,,0,146.35100
2024-08-01,2024-08-31,20260207_222700,20260207_222700-0087,2024-08-08 21:30:24.983000,2024-08-08 21:30:28.178000,売り,146.46600,146.56600,1.00,-10.00,-920.00,秒逆張り,,,0,146.46600
2024-08-01,2024-08-31,20260207_222700,20260207_222700-0088,2024-08-08 21:30:31.225000,2024-08-08 21:30:33.389000,売り,146.64500,146.74500,1.00,-10.00,-930.00,秒逆張り,,,0,146.64500
2024-08-01,2024-08-31,20260207_222700,20260207_222700-0089,2024-08-08 21:30:34.691000,2024-08-08 21:30:42.437000,売り,146.74600,146.84600,1.00,-10.00,-940.00,秒逆張り,,,0,146.74600
2024-08-01,2024-08-31,20260207_222700,20260207_222700-0090,2024-08-08 21:30:42.071000,2024-08-08 21:30:44.691000,売り,146.81400,146.91400,1.00,-10.00,-950.00,秒逆張り,,,0,146.81400
2024-08-01,2024-08-31,20260207_222700,20260207_222700-0091,2024-08-08 21:30:46.380000,2024-08-08 21:33:17.200000,売り,146.88600,146.98600,1.00,-10.00,-960.00,秒逆張り,,,0,146.88600
2024-08-01,2024-08-31,20260207_222700,20260207_222700-0092,2024-08-13 21:30:05.505000,2024-08-13 21:36:21.985000,買い,147.12700,147.42700,1.00,30.00,-930.00,秒逆張り,,,0,147.12700
2024-08-01,2024-08-31,20260207_222700,20260207_222700-0093,2024-08-13 21:30:11.715000,2024-08-13 21:36:51.000000,買い,147.15300,147.45300,1.00,30.00,-900.00,秒逆張り,,,0,147.15300
2024-08-01,2024-08-31,20260207_222700,20260207_222700-0094,2024-08-13 22:14:40.480000,2024-08-13 22:17:56.039000,売り,147.11400,147.21400,1.00,-10.00,-910.00,秒逆張り,,,0,147.11400
2024-08-01,2024-08-31,20260207_222700,20260207_222700-0095,2024-08-14 21:30:08.123000,2024-08-14 21:30:10.226000,買い,146.65300,146.95300,1.00,30.00,-880.00,秒逆張り,,,0,146.65300
2024-08-01,2024-08-31,20260207_222700,20260207_222700-0096,2024-08-14 21:30:37.012000,2024-08-14 21:30:51.218000,売り,147.07700,147.17700,1.00,-10.00,-890.00,秒逆張り,,,0,147.07700
2024-08-01,2024-08-31,20260207_222700,20260207_222700-0097,2024-08-14 21:30:52.841000,2024-08-14 21:30:54.946000,売り,147.23200,147.33200,1.00,-10.00,-900.00,秒逆張り,,,0,147.23200
2024-08-01,2024-08-31,20260207_222700,20260207_222700-0098,2024-08-15 21:30:06.269000,2024-08-15 21:30:16.117000,売り,147.80000,147.90000,1.00,-10.00,-910.00,秒逆張り,,,0,147.80000
2024-08-01,2024-08-31,20260207_222700,20260207_222700-0099,2024-08-15 21:30:08.154000,2024-08-15 21:30:16.117000,売り,147.79000,147.89000,1.00,-10.00,-920.00,秒逆張り,,,0,147.79000
2024-08-01,2024-08-31,20260207_222700,20260207_222700-0100,2024-08-15 21:30:14.369000,2024-08-15 21:30:19.326000,売り,147.85500,147.95500,1.00,-10.00,-930.00,秒逆張り,,,0,147.85500
2024-08-01,2024-08-31,20260207_222700,20260207_222700-0101,2024-08-15 21:30:40.268000,2024-08-15 21:30:49.714000,売り,148.13100,148.23100,1.00,-10.00,-940.00,秒逆張り,,,0,148.13100
2024-08-01,2024-08-31,20260207_222700,20260207_222700-0102,2024-08-16 23:00:03.231000,2024-08-16 23:00:07.336000,売り,147.87000,147.97000,1.00,-10.00,-950.00,秒逆張り,,,0,147.87000
2024-08-01,2024-08-31,20260207_222700,20260207_222700-0103,2024-08-19 23:10:40.191000,2024-08-19 23:31:19.462000,売り,146.64900,146.34900,1.00,30.00,-920.00,秒逆張り,,,0,146.64900
2024-08-01,2024-08-31,20260207_222700,20260207_222700-0104,2024-08-21 23:00:36.554000,2024-08-21 23:03:17.145000,売り,146.38300,146.08300,1.00,30.00,-890.00,秒逆張り,,,0,146.38300
2024-08-01,2024-08-31,20260207_222700,20260207_222700-0105,2024-08-21 23:03:18.420000,2024-08-21 23:03:24.676000,買い,146.08700,145.98700,1.00,-10.00,-900.00,秒逆張り,,,0,146.08700
2024-08-01,2024-08-31,20260207_222700,20260207_222700-0106,2024-08-21 23:03:37.091000,2024-08-21 23:04:59.912000,買い,145.95200,145.85200,1.00,-10.00,-910.00,秒逆張り,,,0,145.95200
2024-08-01,2024-08-31,20260207_222700,20260207_222700-0107,2024-08-21 23:09:12.937000,2024-08-21 23:09:28.502000,売り,146.27300,146.37300,1.00,-10.00,-920.00,秒逆張り,,,0,146.27300
2024-08-01,2024-08-31,20260207_222700,20260207_222700-0108,2024-08-21 23:09:26.621000,2024-08-21 23:09:28.609000,売り,146.29100,146.39100,1.00,-10.00,-930.00,秒逆張り,,,0,146.29100
2024-08-01,2024-08-31,20260207_222700,20260207_222700-0109,2024-08-21 23:09:30.310000,2024-08-21 23:10:21.342000,売り,146.32500,146.02500,1.00,30.00,-900.00,秒逆張り,,,0,146.32500
2024-08-01,2024-08-31,20260207_222700,20260207_222700-0110,2024-08-21 23:32:25.569000,2024-08-21 23:33:33.219000,買い,145.55900,145.85900,1.00,30.00,-870.00,秒逆張り,,,0,145.55900
2024-08-01,2024-08-31,20260207_222700,20260207_222700-0111,2024-08-21 23:33:30.493000,2024-08-21 23:33:47.291000,売り,145.80000,145.90000,1.00,-10.00,-880.00,秒逆張り,,,0,145.80000
2024-08-01,2024-08-31,20260207_222700,20260207_222700-0112,2024-08-22 03:00:05.758000,2024-08-22 03:02:12.799000,買い,144.86500,144.76500,1.00,-10.00,-890.00,秒逆張り,,,0,144.86500
2024-08-01,2024-08-31,20260207_222700,20260207_222700-0113,2024-08-22 21:30:01.337000,2024-08-22 21:30:02.495000,買い,146.02400,145.92400,1.00,-10.00,-900.00,秒逆張り,,,0,146.02400
2024-08-01,2024-08-31,20260207_222700,20260207_222700-0114,2024-08-22 22:45:02.647000,2024-08-22 22:51:09.678000,売り,146.44500,146.14500,1.00,30.00,-870.00,秒逆張り,,,0,146.44500
2024-08-01,2024-08-31,20260207_222700,20260207_222700-0115,2024-08-23 23:00:32.647000,2024-08-23 23:00:34.228000,買い,145.99500,145.89500,1.00,-10.00,-880.00,秒逆張り,,,0,145.99500
2024-08-01,2024-08-31,20260207_222700,20260207_222700-0116,2024-08-23 23:00:17.153000,2024-08-23 23:00:34.926000,買い,145.88500,145.78500,1.00,-10.00,-890.00,秒逆張り,,,0,145.88500
2024-08-01,2024-08-31,20260207_222700,20260207_222700-0117,2024-08-23 23:00:35.935000,2024-08-23 23:02:41.416000,買い,145.82700,145.72700,1.00,-10.00,-900.00,秒逆張り,,,0,145.82700
2024-08-01,2024-08-31,20260207_222700,20260207_222700-0118,2024-08-23 23:02:32.473000,2024-08-23 23:02:41.735000,買い,145.81000,145.71000,1.00,-10.00,-910.00,秒逆張り,,,0,145.81000
2024-08-01,2024-08-31,20260207_222700,20260207_222700-0119,2024-08-23 23:04:09.904000,2024-08-23 23:04:27.514000,買い,145.59300,145.49300,1.00,-10.00,-920.00,秒逆張り,,,0,145.59300
2024-08-01,2024-08-31,20260207_222700,20260207_222700-0120,2024-08-23 23:10:20.644000,2024-08-23 23:20:49.829000,買い,145.21000,145.51000,1.00,30.00,-890.00,秒逆張り,,,0,145.21000
2024-08-01,2024-08-31,20260207_222700,20260207_222700-0121,2024-08-26 21:32:40.570000,2024-08-26 21:47:59.221000,売り,144.32700,144.02700,1.00,30.00,-860.00,秒逆張り,,,0,144.32700
2024-08-01,2024-08-31,20260207_222700,20260207_222700-0122,2024-08-29 21:30:02.151000,2024-08-29 21:30:03.196000,買い,144.63200,144.53200,1.00,-10.00,-870.00,秒逆張り,,,0,144.63200
2024-08-01,2024-08-31,20260207_222700,20260207_222700-0123,2024-08-29 21:30:04.442000,2024-08-29 21:30:13.753000,買い,144.59300,144.89300,1.00,30.00,-840.00,秒逆張り,,,0,144.59300
2024-08-01,2024-08-31,20260207_222700,20260207_222700-0124,2024-08-29 21:30:18.600000,2024-08-29 21:30:21.623000,売り,144.99800,145.09800,1.00,-10.00,-850.00,秒逆張り,,,0,144.99800
2024-08-01,2024-08-31,20260207_222700,20260207_222700-0125,2024-08-29 21:31:02.309000,2024-08-29 21:42:25.440000,売り,145.24800,145.34800,1.00,-10.00,-860.00,秒逆張り,,,0,145.24800
2024-08-01,2024-08-31,20260207_222700,20260207_222700-0126,2024-08-30 21:30:07.245000,2024-08-30 21:35:21.467000,売り,145.45400,145.55400,1.00,-10.00,-870.00,秒逆張り,,,0,145.45400
2024-09-01,2024-09-30,20260207_222933,20260207_222933-0001,2024-09-03 23:00:01.585000,2024-09-03 23:00:03.343000,買い,145.16500,145.46500,1.00,30.00,-840.00,秒逆張り,,,0,145.16500
2024-09-01,2024-09-30,20260207_222933,20260207_222933-0002,2024-09-03 23:00:09.425000,2024-09-03 23:00:15.535000,売り,145.52500,145.62500,1.00,-10.00,-850.00,秒逆張り,,,0,145.52500
2024-09-01,2024-09-30,20260207_222933,20260207_222933-0003,2024-09-03 23:00:14.692000,2024-09-03 23:00:15.588000,売り,145.53600,145.63600,1.00,-10.00,-860.00,秒逆張り,,,0,145.53600
2024-09-01,2024-09-30,20260207_222933,20260207_222933-0004,2024-09-03 23:00:16.831000,2024-09-03 23:02:05.473000,売り,145.65400,145.35400,1.00,30.00,-830.00,秒逆張り,,,0,145.65400
2024-09-01,2024-09-30,20260207_222933,20260207_222933-0005,2024-09-04 23:00:03.350000,2024-09-04 23:00:07.887000,買い,144.55800,144.45800,1.00,-10.00,-840.00,秒逆張り,,,0,144.55800
2024-09-01,2024-09-30,20260207_222933,20260207_222933-0006,2024-09-04 23:00:08.977000,2024-09-04 23:00:10.226000,買い,144.46200,144.36200,1.00,-10.00,-850.00,秒逆張り,,,0,144.46200
2024-09-01,2024-09-30,20260207_222933,20260207_222933-0007,2024-09-04 23:00:13.985000,2024-09-04 23:00:25.239000,買い,144.30300,144.20300,1.00,-10.00,-860.00,秒逆張り,,,0,144.30300
2024-09-01,2024-09-30,20260207_222933,20260207_222933-0008,2024-09-04 23:01:03.853000,2024-09-04 23:01:21.406000,買い,144.17600,144.07600,1.00,-10.00,-870.00,秒逆張り,,,0,144.17600
2024-09-01,2024-09-30,20260207_222933,20260207_222933-0009,2024-09-05 21:15:04.132000,2024-09-05 21:15:59.837000,買い,143.25900,143.15900,1.00,-10.00,-880.00,秒逆張り,,,0,143.25900
2024-09-01,2024-09-30,20260207_222933,20260207_222933-0010,2024-09-05 21:15:07.857000,2024-09-05 21:16:16.646000,買い,143.24800,143.14800,1.00,-10.00,-890.00,秒逆張り,,,0,143.24800
2024-09-01,2024-09-30,20260207_222933,20260207_222933-0011,2024-09-05 21:30:04.809000,2024-09-05 21:30:12.132000,売り,143.16000,143.26000,1.00,-10.00,-900.00,秒逆張り,,,0,143.16000
2024-09-01,2024-09-30,20260207_222933,20260207_222933-0012,2024-09-05 21:30:13.465000,2024-09-05 21:37:15.141000,売り,143.21400,142.91400,1.00,30.00,-870.00,秒逆張り,,,0,143.21400
2024-09-01,2024-09-30,20260207_222933,20260207_222933-0013,2024-09-05 23:00:04.099000,2024-09-05 23:00:05.290000,売り,143.32800,143.42800,1.00,-10.00,-880.00,秒逆張り,,,0,143.32800
2024-09-01,2024-09-30,20260207_222933,20260207_222933-0014,2024-09-05 23:00:06.377000,2024-09-05 23:00:08.725000,売り,143.43600,143.53600,1.00,-10.00,-890.00,秒逆張り,,,0,143.43600
2024-09-01,2024-09-30,20260207_222933,20260207_222933-0015,2024-09-06 21:30:33.923000,2024-09-06 21:30:36.470000,買い,143.26600,143.16600,1.00,-10.00,-900.00,秒逆張り,,,0,143.26600
2024-09-01,2024-09-30,20260207_222933,20260207_222933-0016,2024-09-06 21:30:40.093000,2024-09-06 21:30:40.574000,買い,143.11500,143.01500,1.00,-10.00,-910.00,秒逆張り,,,0,143.11500
2024-09-01,2024-09-30,20260207_222933,20260207_222933-0017,2024-09-06 21:30:46.593000,2024-09-06 21:30:52.274000,買い,142.73800,142.63800,1.00,-10.00,-920.00,秒逆張り,,,0,142.73800
2024-09-01,2024-09-30,20260207_222933,20260207_222933-0018,2024-09-06 21:30:54.356000,2024-09-06 21:30:56.133000,買い,142.56500,142.46500,1.00,-10.00,-930.00,秒逆張り,,,0,142.56500
2024-09-01,2024-09-30,20260207_222933,20260207_222933-0019,2024-09-06 21:31:24.398000,2024-09-06 21:31:26.206000,買い,142.52500,142.42500,1.00,-10.00,-940.00,秒逆張り,,,0,142.52500
2024-09-01,2024-09-30,20260207_222933,20260207_222933-0020,2024-09-06 21:31:32.484000,2024-09-06 21:31:34.352000,買い,142.39300,142.29300,1.00,-10.00,-950.00,秒逆張り,,,0,142.39300
2024-09-01,2024-09-30,20260207_222933,20260207_222933-0021,2024-09-06 21:31:39.961000,2024-09-06 21:31:51.475000,買い,142.20900,142.10900,1.00,-10.00,-960.00,秒逆張り,,,0,142.20900
2024-09-01,2024-09-30,20260207_222933,20260207_222933-0022,2024-09-06 21:32:17.748000,2024-09-06 21:33:21.605000,買い,142.04200,142.34200,1.00,30.00,-930.00,秒逆張り,,,0,142.04200
2024-09-01,2024-09-30,20260207_222933,20260207_222933-0023,2024-09-07 00:00:13.976000,2024-09-07 00:00:15.231000,買い,142.06400,141.96400,1.00,-10.00,-940.00,秒逆張り,,,0,142.06400
2024-09-01,2024-09-30,20260207_222933,20260207_222933-0024,2024-09-07 00:00:18.439000,2024-09-07 00:00:36.598000,買い,141.98100,141.88100,1.00,-10.00,-950.00,秒逆張り,,,0,141.98100
2024-09-01,2024-09-30,20260207_222933,20260207_222933-0025,2024-09-07 00:01:17.153000,2024-09-07 00:01:47.666000,売り,142.10800,142.20800,1.00,-10.00,-960.00,秒逆張り,,,0,142.10800
2024-09-01,2024-09-30,20260207_222933,20260207_222933-0026,2024-09-11 21:30:04.971000,2024-09-11 21:30:14.722000,売り,142.17900,141.87900,1.00,30.00,-930.00,秒逆張り,,,0,142.17900
2024-09-01,2024-09-30,20260207_222933,20260207_222933-0027,2024-09-11 21:30:20.985000,2024-09-11 21:30:55.675000,売り,142.22400,142.32400,1.00,-10.00,-940.00,秒逆張り,,,0,142.22400
2024-09-01,2024-09-30,20260207_222933,20260207_222933-0028,2024-09-12 14:48:14.549000,2024-09-12 15:13:07.478000,買い,142.66700,142.56700,1.00,-10.00,-950.00,秒逆張り,,,0,142.66700
2024-09-01,2024-09-30,20260207_222933,20260207_222933-0029,2024-09-12 21:30:01.457000,2024-09-12 21:30:02.652000,買い,142.20400,142.10400,1.00,-10.00,-960.00,秒逆張り,,,0,142.20400
2024-09-01,2024-09-30,20260207_222933,20260207_222933-0030,2024-09-12 21:30:13.821000,2024-09-12 21:30:16.170000,売り,142.51400,142.61400,1.00,-10.00,-970.00,秒逆張り,,,0,142.51400
2024-09-01,2024-09-30,20260207_222933,20260207_222933-0031,2024-09-12 21:30:17.808000,2024-09-12 21:36:10.738000,売り,142.53600,142.23600,1.00,30.00,-940.00,秒逆張り,,,0,142.53600
2024-09-01,2024-09-30,20260207_222933,20260207_222933-0032,2024-09-14 01:25:40.027000,2024-09-14 03:53:32.526000,買い,140.67100,140.97100,1.00,30.00,-910.00,秒逆張り,,,0,140.67100
2024-09-01,2024-09-30,20260207_222933,20260207_222933-0033,2024-09-17 21:30:03.172000,2024-09-17 21:30:54.336000,売り,140.95100,140.65100,1.00,30.00,-880.00,秒逆張り,,,0,140.95100
2024-09-01,2024-09-30,20260207_222933,20260207_222933-0034,2024-09-19 03:00:15.050000,2024-09-19 03:00:19.358000,買い,141.18700,141.08700,1.00,-10.00,-890.00,秒逆張り,,,0,141.18700
2024-09-01,2024-09-30,20260207_222933,20260207_222933-0035,2024-09-19 03:00:11.122000,2024-09-19 03:00:19.409000,買い,141.16100,141.06100,1.00,-10.00,-900.00,秒逆張り,,,0,141.16100
2024-09-01,2024-09-30,20260207_222933,20260207_222933-0036,2024-09-19 03:00:21.570000,2024-09-19 03:00:27.577000,買い,140.96900,140.86900,1.00,-10.00,-910.00,秒逆張り,,,0,140.96900
2024-09-01,2024-09-30,20260207_222933,20260207_222933-0037,2024-09-19 03:01:02.278000,2024-09-19 03:01:22.643000,売り,141.07000,141.17000,1.00,-10.00,-920.00,秒逆張り,,,0,141.07000
2024-09-01,2024-09-30,20260207_222933,20260207_222933-0038,2024-09-19 03:00:29.710000,2024-09-19 03:01:26.061000,買い,140.86900,141.16900,1.00,30.00,-890.00,秒逆張り,,,0,140.86900
2024-09-01,2024-09-30,20260207_222933,20260207_222933-0039,2024-09-19 03:01:21.088000,2024-09-19 03:01:28.722000,売り,141.13800,141.23800,1.00,-10.00,-900.00,秒逆張り,,,0,141.13800
2024-09-01,2024-09-30,20260207_222933,20260207_222933-0040,2024-09-19 03:01:30.949000,2024-09-19 03:01:38.049000,売り,141.28200,141.38200,1.00,-10.00,-910.00,秒逆張り,,,0,141.28200
2024-09-01,2024-09-30,20260207_222933,20260207_222933-0041,2024-09-19 03:01:39.870000,2024-09-19 03:01:59.777000,売り,141.34200,141.44200,1.00,-10.00,-920.00,秒逆張り,,,0,141.34200
2024-09-01,2024-09-30,20260207_222933,20260207_222933-0042,2024-09-19 03:02:05.482000,2024-09-19 03:02:06.954000,売り,141.57800,141.67800,1.00,-10.00,-930.00,秒逆張り,,,0,141.57800
2024-09-01,2024-09-30,20260207_222933,20260207_222933-0043,2024-09-19 03:02:08.045000,2024-09-19 03:02:25.050000,売り,141.65500,141.35500,1.00,30.00,-900.00,秒逆張り,,,0,141.65500
2024-09-01,2024-09-30,20260207_222933,20260207_222933-0044,2024-09-19 03:02:27.026000,2024-09-19 03:02:51.059000,買い,141.27400,141.17400,1.00,-10.00,-910.00,秒逆張り,,,0,141.27400
2024-09-01,2024-09-30,20260207_222933,20260207_222933-0045,2024-09-19 03:03:51.310000,2024-09-19 03:04:13.576000,買い,141.07800,140.97800,1.00,-10.00,-920.00,秒逆張り,,,0,141.07800
2024-09-01,2024-09-30,20260207_222933,20260207_222933-0046,2024-09-19 03:30:39.908000,2024-09-19 03:31:58.232000,買い,140.72200,140.62200,1.00,-10.00,-930.00,秒逆張り,,,0,140.72200
2024-09-01,2024-09-30,20260207_222933,20260207_222933-0047,2024-09-19 03:40:25.926000,2024-09-19 03:40:28.166000,売り,140.70300,140.80300,1.00,-10.00,-940.00,秒逆張り,,,0,140.70300
2024-09-01,2024-09-30,20260207_222933,20260207_222933-0048,2024-09-19 03:40:29.322000,2024-09-19 03:43:01.394000,売り,140.77100,140.87100,1.00,-10.00,-950.00,秒逆張り,,,0,140.77100
2024-09-01,2024-09-30,20260207_222933,20260207_222933-0049,2024-09-19 03:35:52.362000,2024-09-19 03:43:12.446000,売り,140.78700,140.88700,1.00,-10.00,-960.00,秒逆張り,,,0,140.78700
2024-09-01,2024-09-30,20260207_222933,20260207_222933-0050,2024-09-19 03:47:48.755000,2024-09-19 03:49:01.394000,売り,141.16200,141.26200,1.00,-10.00,-970.00,秒逆張り,,,0,141.16200
2024-09-01,2024-09-30,20260207_222933,20260207_222933-0051,2024-09-19 15:55:42.297000,2024-09-19 16:13:00.644000,買い,142.19200,142.09200,1.00,-10.00,-980.00,秒逆張り,,,0,142.19200
2024-09-01,2024-09-30,20260207_222933,20260207_222933-0052,2024-09-19 21:30:02.934000,2024-09-19 21:30:06.884000,売り,143.03000,143.13000,1.00,-10.00,-990.00,秒逆張り,,,0,143.03000
2024-09-01,2024-09-30,20260207_222933,20260207_222933-0053,2024-09-19 21:30:28.386000,2024-09-19 21:30:47.070000,売り,143.21400,143.31400,1.00,-10.00,-1000.00,秒逆張り,,,0,143.21400
2024-09-01,2024-09-30,20260207_222933,20260207_222933-0054,2024-09-20 11:52:09.926000,2024-09-20 11:53:11.272000,売り,142.76000,142.46000,1.00,30.00,-970.00,秒逆張り,,,0,142.76000
2024-09-01,2024-09-30,20260207_222933,20260207_222933-0055,2024-09-20 11:53:12.944000,2024-09-20 11:57:16.609000,買い,142.45300,142.35300,1.00,-10.00,-980.00,秒逆張り,,,0,142.45300
2024-09-01,2024-09-30,20260207_222933,20260207_222933-0056,2024-09-20 15:35:25.938000,2024-09-20 15:36:12.165000,売り,142.06300,142.16300,1.00,-10.00,-990.00,秒逆張り,,,0,142.06300
2024-09-01,2024-09-30,20260207_222933,20260207_222933-0057,2024-09-20 15:37:09.898000,2024-09-20 15:39:17.685000,売り,142.53700,142.63700,1.00,-10.00,-1000.00,秒逆張り,,,0,142.53700
2024-09-01,2024-09-30,20260207_222933,20260207_222933-0058,2024-09-23 16:15:02.061000,2024-09-23 16:40:59.392000,買い,143.72700,143.62700,1.00,-10.00,-1010.00,秒逆張り,,,0,143.72700
2024-09-01,2024-09-30,20260207_222933,20260207_222933-0059,2024-09-23 22:45:01.565000,2024-09-23 22:45:18.496000,買い,143.55800,143.85800,1.00,30.00,-980.00,秒逆張り,,,0,143.55800
2024-09-01,2024-09-30,20260207_222933,20260207_222933-0060,2024-09-24 23:00:03.070000,2024-09-24 23:00:12.160000,買い,143.99200,143.89200,1.00,-10.00,-990.00,秒逆張り,,,0,143.99200
2024-09-01,2024-09-30,20260207_222933,20260207_222933-0061,2024-09-26 21:30:02.929000,2024-09-26 21:30:13.366000,売り,144.35200,144.45200,1.00,-10.00,-1000.00,秒逆張り,,,0,144.35200
2024-09-01,2024-09-30,20260207_222933,20260207_222933-0062,2024-09-26 21:30:12.926000,2024-09-26 21:30:16.295000,売り,144.40600,144.50600,1.00,-10.00,-1010.00,秒逆張り,,,0,144.40600
2024-09-01,2024-09-30,20260207_222933,20260207_222933-0063,2024-09-26 21:30:18.810000,2024-09-26 21:33:30.350000,売り,144.50300,144.60300,1.00,-10.00,-1020.00,秒逆張り,,,0,144.50300
2024-09-01,2024-09-30,20260207_222933,20260207_222933-0064,2024-09-27 14:11:02.404000,2024-09-27 14:13:43.996000,買い,145.83900,146.13900,1.00,30.00,-990.00,秒逆張り,,,0,145.83900
2024-09-01,2024-09-30,20260207_222933,20260207_222933-0065,2024-09-27 15:23:22.340000,2024-09-27 15:23:24.685000,買い,144.26800,144.16800,1.00,-10.00,-1000.00,秒逆張り,,,0,144.26800
2024-09-01,2024-09-30,20260207_222933,20260207_222933-0066,2024-09-27 15:23:33.740000,2024-09-27 15:23:36.453000,買い,143.57600,143.87600,1.00,30.00,-970.00,秒逆張り,,,0,143.57600
2024-09-01,2024-09-30,20260207_222933,20260207_222933-0067,2024-09-27 15:23:40.435000,2024-09-27 15:23:41.351000,買い,143.85000,143.75000,1.00,-10.00,-980.00,秒逆張り,,,0,143.85000
2024-09-01,2024-09-30,20260207_222933,20260207_222933-0068,2024-09-27 15:23:48.839000,2024-09-27 15:23:51.343000,買い,143.75100,143.65100,1.00,-10.00,-990.00,秒逆張り,,,0,143.75100
2024-09-01,2024-09-30,20260207_222933,20260207_222933-0069,2024-09-27 15:23:54.055000,2024-09-27 15:24:14.543000,買い,143.66900,143.96900,1.00,30.00,-960.00,秒逆張り,,,0,143.66900
2024-09-01,2024-09-30,20260207_222933,20260207_222933-0070,2024-09-27 15:24:27.061000,2024-09-27 15:24:36.185000,売り,144.02700,144.12700,1.00,-10.00,-970.00,秒逆張り,,,0,144.02700
2024-09-01,2024-09-30,20260207_222933,20260207_222933-0071,2024-09-27 15:24:34.246000,2024-09-27 15:24:43.709000,売り,144.06600,144.16600,1.00,-10.00,-980.00,秒逆張り,,,0,144.06600
2024-09-01,2024-09-30,20260207_222933,20260207_222933-0072,2024-09-27 15:24:37.279000,2024-09-27 15:24:51.572000,売り,144.08300,144.18300,1.00,-10.00,-990.00,秒逆張り,,,0,144.08300
2024-09-01,2024-09-30,20260207_222933,20260207_222933-0073,2024-09-27 15:24:45.006000,2024-09-27 15:24:51.624000,売り,144.09000,144.19000,1.00,-10.00,-1000.00,秒逆張り,,,0,144.09000
2024-09-01,2024-09-30,20260207_222933,20260207_222933-0074,2024-09-27 15:24:17.213000,2024-09-27 15:24:53.559000,売り,144.16500,144.26500,1.00,-10.00,-1010.00,秒逆張り,,,0,144.16500
2024-09-01,2024-09-30,20260207_222933,20260207_222933-0075,2024-09-27 15:25:20.153000,2024-09-27 15:25:28.510000,買い,143.93700,143.83700,1.00,-10.00,-1020.00,秒逆張り,,,0,143.93700
2024-09-01,2024-09-30,20260207_222933,20260207_222933-0076,2024-09-27 15:25:34.596000,2024-09-27 15:25:38.476000,買い,143.62200,143.52200,1.00,-10.00,-1030.00,秒逆張り,,,0,143.62200
2024-09-01,2024-09-30,20260207_222933,20260207_222933-0077,2024-09-27 15:25:39.672000,2024-09-27 15:25:55.658000,買い,143.52400,143.82400,1.00,30.00,-1000.00,秒逆張り,,,0,143.52400
2024-09-01,2024-09-30,20260207_222933,20260207_222933-0078,2024-09-27 15:26:39.441000,2024-09-27 15:28:48.705000,売り,144.00300,143.70300,1.00,30.00,-970.00,秒逆張り,,,0,144.00300
2024-09-01,2024-09-30,20260207_222933,20260207_222933-0079,2024-09-27 15:31:02.814000,2024-09-27 15:31:37.453000,買い,143.45100,143.35100,1.00,-10.00,-980.00,秒逆張り,,,0,143.45100
2024-09-01,2024-09-30,20260207_222933,20260207_222933-0080,2024-09-27 15:32:14.625000,2024-09-27 15:32:19.367000,売り,143.45200,143.55200,1.00,-10.00,-990.00,秒逆張り,,,0,143.45200
2024-09-01,2024-09-30,20260207_222933,20260207_222933-0081,2024-09-27 15:35:24.103000,2024-09-27 15:36:16.361000,買い,143.34300,143.64300,1.00,30.00,-960.00,秒逆張り,,,0,143.34300
2024-09-01,2024-09-30,20260207_222933,20260207_222933-0082,2024-09-27 15:36:39.313000,2024-09-27 15:36:54.188000,売り,143.75200,143.85200,1.00,-10.00,-970.00,秒逆張り,,,0,143.75200
2024-09-01,2024-09-30,20260207_222933,20260207_222933-0083,2024-09-27 15:41:09.793000,2024-09-27 15:45:07.286000,買い,143.61900,143.51900,1.00,-10.00,-980.00,秒逆張り,,,0,143.61900
2024-09-01,2024-09-30,20260207_222933,20260207_222933-0084,2024-09-27 16:23:03.825000,2024-09-27 16:25:10.207000,買い,142.91600,143.21600,1.00,30.00,-950.00,秒逆張り,,,0,142.91600
2024-09-01,2024-09-30,20260207_222933,20260207_222933-0085,2024-09-27 18:06:54.606000,2024-09-27 18:11:16.241000,売り,143.32000,143.42000,1.00,-10.00,-960.00,秒逆張り,,,0,143.32000
2024-09-01,2024-09-30,20260207_222933,20260207_222933-0086,2024-09-27 21:30:09.399000,2024-09-27 21:30:10.906000,買い,142.96700,142.86700,1.00,-10.00,-970.00,秒逆張り,,,0,142.96700
2024-09-01,2024-09-30,20260207_222933,20260207_222933-0087,2024-09-27 21:30:11.940000,2024-09-27 21:30:21.480000,買い,142.89700,142.79700,1.00,-10.00,-980.00,秒逆張り,,,0,142.89700
2024-09-01,2024-09-30,20260207_222933,20260207_222933-0088,2024-09-27 21:30:22.945000,2024-09-27 21:30:37.457000,買い,142.75800,142.65800,1.00,-10.00,-990.00,秒逆張り,,,0,142.75800
2024-09-01,2024-09-30,20260207_222933,20260207_222933-0089,2024-09-27 21:30:38.598000,2024-09-27 21:32:47.619000,買い,142.64500,142.94500,1.00,30.00,-960.00,秒逆張り,,,0,142.64500
2024-09-01,2024-09-30,20260207_222933,20260207_222933-0090,2024-09-27 23:00:32.453000,2024-09-27 23:24:12.554000,買い,142.42400,142.72400,1.00,30.00,-930.00,秒逆張り,,,0,142.42400
2024-09-01,2024-09-30,20260207_222933,20260207_222933-0091,2024-09-27 23:25:18.769000,2024-09-27 23:25:27.846000,売り,142.83200,142.93200,1.00,-10.00,-940.00,秒逆張り,,,0,142.83200
2024-10-01,2024-10-31,20260207_223132,20260207_223132-0001,2024-10-01 01:22:51.558000,2024-10-01 01:32:37.059000,買い,143.20900,143.10900,1.00,-10.00,-950.00,秒逆張り,,,0,143.20900
2024-10-01,2024-10-31,20260207_223132,20260207_223132-0002,2024-10-01 23:00:04.070000,2024-10-01 23:00:21.786000,売り,143.81200,143.51200,1.00,30.00,-920.00,秒逆張り,,,0,143.81200
2024-10-01,2024-10-31,20260207_223132,20260207_223132-0003,2024-10-02 13:56:02.662000,2024-10-02 13:56:12.416000,買い,143.73800,143.63800,1.00,-10.00,-930.00,秒逆張り,,,0,143.73800
2024-10-01,2024-10-31,20260207_223132,20260207_223132-0004,2024-10-02 21:15:04.742000,2024-10-02 21:15:54.982000,売り,144.90100,145.00100,1.00,-10.00,-940.00,秒逆張り,,,0,144.90100
2024-10-01,2024-10-31,20260207_223132,20260207_223132-0005,2024-10-03 21:30:23.393000,2024-10-03 22:31:42.522000,売り,146.84100,146.54100,1.00,30.00,-910.00,秒逆張り,,,0,146.84100
2024-10-01,2024-10-31,20260207_223132,20260207_223132-0006,2024-10-03 21:30:02.312000,2024-10-03 23:00:00.280000,買い,146.56200,146.86200,1.00,30.00,-880.00,秒逆張り,,,0,146.56200
2024-10-01,2024-10-31,20260207_223132,20260207_223132-0007,2024-10-03 23:00:02.426000,2024-10-03 23:02:46.889000,売り,146.98400,147.08400,1.00,-10.00,-890.00,秒逆張り,,,0,146.98400
2024-10-01,2024-10-31,20260207_223132,20260207_223132-0008,2024-10-04 21:30:05.189000,2024-10-04 21:30:05.978000,売り,147.22900,147.32900,1.00,-10.00,-900.00,秒逆張り,,,0,147.22900
2024-10-01,2024-10-31,20260207_223132,20260207_223132-0009,2024-10-04 21:30:06.982000,2024-10-04 21:30:07.244000,売り,147.25500,147.35500,1.00,-10.00,-910.00,秒逆張り,,,0,147.25500
2024-10-01,2024-10-31,20260207_223132,20260207_223132-0010,2024-10-04 21:30:18.216000,2024-10-04 21:30:20.918000,売り,147.61300,147.71300,1.00,-10.00,-920.00,秒逆張り,,,0,147.61300
2024-10-01,2024-10-31,20260207_223132,20260207_223132-0011,2024-10-04 21:30:31.959000,2024-10-04 21:30:48.721000,売り,147.83300,147.93300,1.00,-10.00,-930.00,秒逆張り,,,0,147.83300
2024-10-01,2024-10-31,20260207_223132,20260207_223132-0012,2024-10-04 21:32:23.568000,2024-10-04 21:32:31.502000,売り,148.36300,148.46300,1.00,-10.00,-940.00,秒逆張り,,,0,148.36300
2024-10-01,2024-10-31,20260207_223132,20260207_223132-0013,2024-10-04 23:33:47.024000,2024-10-05 00:52:00.273000,買い,148.43400,148.73400,1.00,30.00,-910.00,秒逆張り,,,0,148.43400
2024-10-01,2024-10-31,20260207_223132,20260207_223132-0014,2024-10-10 21:30:12.297000,2024-10-10 21:30:13.265000,買い,148.52400,148.42400,1.00,-10.00,-920.00,秒逆張り,,,0,148.52400
2024-10-01,2024-10-31,20260207_223132,20260207_223132-0015,2024-10-10 21:30:14.372000,2024-10-10 21:30:16.229000,買い,148.35900,148.25900,1.00,-10.00,-930.00,秒逆張り,,,0,148.35900
2024-10-01,2024-10-31,20260207_223132,20260207_223132-0016,2024-10-10 21:31:01.685000,2024-10-10 21:31:05.938000,買い,148.72200,148.62200,1.00,-10.00,-940.00,秒逆張り,,,0,148.72200
2024-10-01,2024-10-31,20260207_223132,20260207_223132-0017,2024-10-10 21:31:39.376000,2024-10-10 21:32:12.075000,売り,148.86800,148.56800,1.00,30.00,-910.00,秒逆張り,,,0,148.86800
2024-10-01,2024-10-31,20260207_223132,20260207_223132-0018,2024-10-10 21:31:12.083000,2024-10-10 21:32:46.274000,買い,148.60100,148.50100,1.00,-10.00,-920.00,秒逆張り,,,0,148.60100
2024-10-01,2024-10-31,20260207_223132,20260207_223132-0019,2024-10-10 23:12:21.401000,2024-10-10 23:32:43.741000,売り,148.57000,148.67000,1.00,-10.00,-930.00,秒逆張り,,,0,148.57000
2024-10-01,2024-10-31,20260207_223132,20260207_223132-0020,2024-10-11 21:30:04.026000,2024-10-11 21:40:03.419000,買い,148.83100,149.13100,1.00,30.00,-900.00,秒逆張り,,,0,148.83100
2024-10-01,2024-10-31,20260207_223132,20260207_223132-0021,2024-10-11 21:30:14.502000,2024-10-11 21:40:10.064000,買い,148.89000,149.19000,1.00,30.00,-870.00,秒逆張り,,,0,148.89000
2024-10-01,2024-10-31,20260207_223132,20260207_223132-0022,2024-10-15 21:30:07.230000,2024-10-15 21:36:09.821000,買い,149.17200,149.07200,1.00,-10.00,-880.00,秒逆張り,,,0,149.17200
2024-10-01,2024-10-31,20260207_223132,20260207_223132-0023,2024-10-17 21:30:14.898000,2024-10-17 21:30:23.133000,売り,149.84800,149.94800,1.00,-10.00,-890.00,秒逆張り,,,0,149.84800
2024-10-01,2024-10-31,20260207_223132,20260207_223132-0024,2024-10-17 21:30:03.366000,2024-10-17 21:30:25.789000,売り,149.86400,149.96400,1.00,-10.00,-900.00,秒逆張り,,,0,149.86400
2024-10-01,2024-10-31,20260207_223132,20260207_223132-0025,2024-10-24 21:30:02.008000,2024-10-24 21:30:02.581000,売り,152.06200,152.16200,1.00,-10.00,-910.00,秒逆張り,,,0,152.06200
2024-10-01,2024-10-31,20260207_223132,20260207_223132-0026,2024-10-24 21:30:06.257000,2024-10-24 21:30:21.186000,売り,152.26600,151.96600,1.00,30.00,-880.00,秒逆張り,,,0,152.26600
2024-10-01,2024-10-31,20260207_223132,20260207_223132-0027,2024-10-24 22:45:01.656000,2024-10-24 23:41:31.647000,売り,152.30200,152.00200,1.00,30.00,-850.00,秒逆張り,,,0,152.30200
2024-10-01,2024-10-31,20260207_223132,20260207_223132-0028,2024-10-29 23:00:05.527000,2024-10-29 23:00:21.111000,買い,153.05700,153.35700,1.00,30.00,-820.00,秒逆張り,,,0,153.05700
2024-10-01,2024-10-31,20260207_223132,20260207_223132-0029,2024-10-29 23:00:39.107000,2024-10-29 23:33:38.142000,買い,153.32400,153.22400,1.00,-10.00,-830.00,秒逆張り,,,0,153.32400
2024-10-01,2024-10-31,20260207_223132,20260207_223132-0030,2024-10-30 21:15:03.614000,2024-10-30 21:17:30.026000,売り,153.33600,153.43600,1.00,-10.00,-840.00,秒逆張り,,,0,153.33600
2024-10-01,2024-10-31,20260207_223132,20260207_223132-0031,2024-10-31 21:30:03.878000,2024-10-31 21:30:19.004000,買い,152.65800,152.95800,1.00,30.00,-810.00,秒逆張り,,,0,152.65800
2024-10-01,2024-10-31,20260207_223132,20260207_223132-0032,2024-10-31 21:30:20.195000,2024-10-31 21:32:45.066000,売り,152.94600,152.64600,1.00,30.00,-780.00,秒逆張り,,,0,152.94600
2024-11-01,2024-11-30,20260207_223355,20260207_223355-0001,2024-11-01 21:30:15.830000,2024-11-01 21:30:25.416000,買い,152.06400,151.96400,1.00,-10.00,-790.00,秒逆張り,,,0,152.06400
2024-11-01,2024-11-30,20260207_223355,20260207_223355-0002,2024-11-01 21:30:22.460000,2024-11-01 21:30:25.416000,買い,152.07000,151.97000,1.00,-10.00,-800.00,秒逆張り,,,0,152.07000
2024-11-01,2024-11-30,20260207_223355,20260207_223355-0003,2024-11-01 21:30:26.441000,2024-11-01 21:37:22.260000,買い,152.00600,151.90600,1.00,-10.00,-810.00,秒逆張り,,,0,152.00600
2024-11-01,2024-11-30,20260207_223355,20260207_223355-0004,2024-11-01 23:00:01.386000,2024-11-01 23:02:44.325000,買い,152.32100,152.62100,1.00,30.00,-780.00,秒逆張り,,,0,152.32100
2024-11-01,2024-11-30,20260207_223355,20260207_223355-0005,2024-11-06 00:00:02.428000,2024-11-06 00:35:58.353000,売り,152.12900,151.82900,1.00,30.00,-750.00,秒逆張り,,,0,152.12900
2024-11-01,2024-11-30,20260207_223355,20260207_223355-0006,2024-11-06 12:10:37.359000,2024-11-06 12:10:41.841000,買い,153.75900,153.65900,1.00,-10.00,-760.00,秒逆張り,,,0,153.75900
2024-11-01,2024-11-30,20260207_223355,20260207_223355-0007,2024-11-06 12:10:43.150000,2024-11-06 12:11:48.083000,買い,153.64300,153.94300,1.00,30.00,-730.00,秒逆張り,,,0,153.64300
2024-11-01,2024-11-30,20260207_223355,20260207_223355-0008,2024-11-08 04:00:08.020000,2024-11-08 04:00:43.539000,売り,153.05700,153.15700,1.00,-10.00,-740.00,秒逆張り,,,0,153.05700
2024-11-01,2024-11-30,20260207_223355,20260207_223355-0009,2024-11-08 04:00:22.301000,2024-11-08 04:00:43.803000,売り,153.06600,153.16600,1.00,-10.00,-750.00,秒逆張り,,,0,153.06600
2024-11-01,2024-11-30,20260207_223355,20260207_223355-0010,2024-11-13 22:30:04.590000,2024-11-13 22:30:06.168000,買い,154.64400,154.54400,1.00,-10.00,-760.00,秒逆張り,,,0,154.64400
2024-11-01,2024-11-30,20260207_223355,20260207_223355-0011,2024-11-13 22:30:20.023000,2024-11-13 22:31:08.051000,買い,154.65000,154.55000,1.00,-10.00,-770.00,秒逆張り,,,0,154.65000
2024-11-01,2024-11-30,20260207_223355,20260207_223355-0012,2024-11-13 22:30:07.403000,2024-11-13 22:37:56.783000,買い,154.58800,154.48800,1.00,-10.00,-780.00,秒逆張り,,,0,154.58800
2024-11-01,2024-11-30,20260207_223355,20260207_223355-0013,2024-11-14 22:30:07.555000,2024-11-14 22:30:08.328000,売り,155.90100,156.00100,1.00,-10.00,-790.00,秒逆張り,,,0,155.90100
2024-11-01,2024-11-30,20260207_223355,20260207_223355-0014,2024-11-15 22:30:05.781000,2024-11-15 22:30:11.660000,売り,155.54700,155.24700,1.00,30.00,-760.00,秒逆張り,,,0,155.54700
2024-11-01,2024-11-30,20260207_223355,20260207_223355-0015,2024-11-21 03:21:36.547000,2024-11-21 05:40:00.458000,売り,155.41800,155.51800,1.00,-10.00,-770.00,秒逆張り,,,0,155.41800
2024-11-01,2024-11-30,20260207_223355,20260207_223355-0016,2024-11-21 15:13:17.477000,2024-11-21 16:03:40.348000,買い,154.63900,154.93900,1.00,30.00,-740.00,秒逆張り,,,0,154.63900
2024-11-01,2024-11-30,20260207_223355,20260207_223355-0017,2024-11-21 22:30:04.949000,2024-11-21 22:34:44.256000,売り,154.62800,154.32800,1.00,30.00,-710.00,秒逆張り,,,0,154.62800
2024-11-01,2024-11-30,20260207_223355,20260207_223355-0018,2024-11-22 23:45:01.558000,2024-11-22 23:45:31.644000,売り,154.84500,154.94500,1.00,-10.00,-720.00,秒逆張り,,,0,154.84500
2024-11-01,2024-11-30,20260207_223355,20260207_223355-0019,2024-11-27 00:00:03.215000,2024-11-27 00:22:29.559000,買い,153.38900,153.68900,1.00,30.00,-690.00,秒逆張り,,,0,153.38900
2024-11-01,2024-11-30,20260207_223355,20260207_223355-0020,2024-11-30 02:04:53.689000,2024-11-30 02:06:42.329000,買い,150.21300,150.11300,1.00,-10.00,-700.00,秒逆張り,,,0,150.21300
2024-11-01,2024-11-30,20260207_223355,20260207_223355-0021,2024-11-30 02:04:50.676000,2024-11-30 02:06:45.835000,買い,150.18200,150.08200,1.00,-10.00,-710.00,秒逆張り,,,0,150.18200
2024-12-01,2024-12-31,20260207_223544,20260207_223544-0001,2024-12-04 00:00:04.624000,2024-12-04 00:03:23.430000,売り,149.02200,149.12200,1.00,-10.00,-720.00,秒逆張り,,,0,149.02200
2024-12-01,2024-12-31,20260207_223544,20260207_223544-0002,2024-12-04 22:41:13.723000,2024-12-04 22:51:02.339000,売り,150.97000,151.07000,1.00,-10.00,-730.00,秒逆張り,,,0,150.97000
2024-12-01,2024-12-31,20260207_223544,20260207_223544-0003,2024-12-05 00:00:04.038000,2024-12-05 00:04:06.364000,買い,150.60700,150.50700,1.00,-10.00,-740.00,秒逆張り,,,0,150.60700
2024-12-01,2024-12-31,20260207_223544,20260207_223544-0004,2024-12-05 00:00:13.838000,2024-12-05 00:04:06.572000,買い,150.60200,150.50200,1.00,-10.00,-750.00,秒逆張り,,,0,150.60200
2024-12-01,2024-12-31,20260207_223544,20260207_223544-0005,2024-12-05 22:30:01.779000,2024-12-05 22:30:03.807000,買い,150.29200,150.19200,1.00,-10.00,-760.00,秒逆張り,,,0,150.29200
2024-12-01,2024-12-31,20260207_223544,20260207_223544-0006,2024-12-05 22:30:04.910000,2024-12-05 22:50:11.272000,買い,150.29300,150.59300,1.00,30.00,-730.00,秒逆張り,,,0,150.29300
2024-12-01,2024-12-31,20260207_223544,20260207_223544-0007,2024-12-06 22:30:13.174000,2024-12-06 22:33:11.480000,買い,150.14100,150.04100,1.00,-10.00,-740.00,秒逆張り,,,0,150.14100
2024-12-01,2024-12-31,20260207_223544,20260207_223544-0008,2024-12-11 18:11:11.872000,2024-12-11 18:11:15.295000,買い,151.41900,151.31900,1.00,-10.00,-750.00,秒逆張り,,,0,151.41900
2024-12-01,2024-12-31,20260207_223544,20260207_223544-0009,2024-12-11 18:11:19.105000,2024-12-11 18:11:21.531000,買い,151.21700,151.11700,1.00,-10.00,-760.00,秒逆張り,,,0,151.21700
2024-12-01,2024-12-31,20260207_223544,20260207_223544-0010,2024-12-11 22:30:23.695000,2024-12-11 22:37:15.818000,買い,152.47100,152.37100,1.00,-10.00,-770.00,秒逆張り,,,0,152.47100
2024-12-01,2024-12-31,20260207_223544,20260207_223544-0011,2024-12-12 22:30:01.551000,2024-12-12 22:34:42.611000,買い,152.13800,152.03800,1.00,-10.00,-780.00,秒逆張り,,,0,152.13800
2024-12-01,2024-12-31,20260207_223544,20260207_223544-0012,2024-12-16 23:45:01.463000,2024-12-16 23:47:48.739000,売り,154.26000,154.36000,1.00,-10.00,-790.00,秒逆張り,,,0,154.26000
2024-12-01,2024-12-31,20260207_223544,20260207_223544-0013,2024-12-19 04:00:04.001000,2024-12-19 04:00:33.390000,売り,154.14200,154.24200,1.00,-10.00,-800.00,秒逆張り,,,0,154.14200
2024-12-01,2024-12-31,20260207_223544,20260207_223544-0014,2024-12-19 04:00:11.113000,2024-12-19 04:00:33.390000,売り,154.14200,154.24200,1.00,-10.00,-810.00,秒逆張り,,,0,154.14200
2024-12-01,2024-12-31,20260207_223544,20260207_223544-0015,2024-12-19 11:52:07.643000,2024-12-19 11:52:17.123000,売り,154.79100,154.89100,1.00,-10.00,-820.00,秒逆張り,,,0,154.79100
2024-12-01,2024-12-31,20260207_223544,20260207_223544-0016,2024-12-19 15:33:31.305000,2024-12-19 15:35:24.875000,買い,154.98800,155.28800,1.00,30.00,-790.00,秒逆張り,,,0,154.98800
2024-12-01,2024-12-31,20260207_223544,20260207_223544-0017,2024-12-19 22:30:07.709000,2024-12-19 22:35:30.472000,売り,156.94700,157.04700,1.00,-10.00,-800.00,秒逆張り,,,0,156.94700
2024-12-01,2024-12-31,20260207_223544,20260207_223544-0018,2024-12-20 22:30:10.107000,2024-12-20 22:32:16.729000,買い,156.54300,156.44300,1.00,-10.00,-810.00,秒逆張り,,,0,156.54300
2024-12-01,2024-12-31,20260207_223544,20260207_223544-0019,2024-12-27 11:31:59.647000,2024-12-27 14:48:07.937000,売り,157.66000,157.76000,1.00,-10.00,-820.00,秒逆張り,,,0,157.66000
2025-01-01,2025-01-31,20260207_223732,20260207_223732-0001,2025-01-04 00:00:01.293000,2025-01-04 00:13:59.785000,売り,157.28900,157.38900,1.00,-10.00,-830.00,秒逆張り,,,0,157.28900
2025-01-01,2025-01-31,20260207_223732,20260207_223732-0002,2025-01-08 00:00:17.485000,2025-01-08 00:00:50.801000,売り,158.10100,158.20100,1.00,-10.00,-840.00,秒逆張り,,,0,158.10100
2025-01-01,2025-01-31,20260207_223732,20260207_223732-0003,2025-01-08 00:00:03.384000,2025-01-08 00:01:11.076000,売り,158.10400,158.20400,1.00,-10.00,-850.00,秒逆張り,,,0,158.10400
2025-01-01,2025-01-31,20260207_223732,20260207_223732-0004,2025-01-08 22:15:05.379000,2025-01-08 23:00:34.333000,買い,158.25900,158.15900,1.00,-10.00,-860.00,秒逆張り,,,0,158.25900
2025-01-01,2025-01-31,20260207_223732,20260207_223732-0005,2025-01-08 22:29:49.296000,2025-01-08 23:35:41.002000,売り,158.35600,158.45600,1.00,-10.00,-870.00,秒逆張り,,,0,158.35600
2025-01-01,2025-01-31,20260207_223732,20260207_223732-0006,2025-01-10 17:30:12.152000,2025-01-10 17:36:03.329000,買い,158.09700,157.99700,1.00,-10.00,-880.00,秒逆張り,,,0,158.09700
2025-01-01,2025-01-31,20260207_223732,20260207_223732-0007,2025-01-10 22:30:06.653000,2025-01-10 22:30:30.057000,売り,158.54500,158.64500,1.00,-10.00,-890.00,秒逆張り,,,0,158.54500
2025-01-01,2025-01-31,20260207_223732,20260207_223732-0008,2025-01-10 22:30:16.298000,2025-01-10 22:30:42.357000,売り,158.60100,158.70100,1.00,-10.00,-900.00,秒逆張り,,,0,158.60100
2025-01-01,2025-01-31,20260207_223732,20260207_223732-0009,2025-01-11 00:00:01.989000,2025-01-11 00:09:49.990000,売り,158.09300,157.79300,1.00,30.00,-870.00,秒逆張り,,,0,158.09300
2025-01-01,2025-01-31,20260207_223732,20260207_223732-0010,2025-01-14 22:30:02.705000,2025-01-14 22:30:06.160000,買い,157.48600,157.38600,1.00,-10.00,-880.00,秒逆張り,,,0,157.48600
2025-01-01,2025-01-31,20260207_223732,20260207_223732-0011,2025-01-15 22:30:02.952000,2025-01-15 22:30:03.665000,買い,156.51800,156.41800,1.00,-10.00,-890.00,秒逆張り,,,0,156.51800
2025-01-01,2025-01-31,20260207_223732,20260207_223732-0012,2025-01-15 22:30:14.164000,2025-01-15 22:30:18.348000,買い,156.50800,156.40800,1.00,-10.00,-900.00,秒逆張り,,,0,156.50800
2025-01-01,2025-01-31,20260207_223732,20260207_223732-0013,2025-01-15 22:30:07.600000,2025-01-15 22:30:23.906000,買い,156.46700,156.36700,1.00,-10.00,-910.00,秒逆張り,,,0,156.46700
2025-01-01,2025-01-31,20260207_223732,20260207_223732-0014,2025-01-15 22:30:20.383000,2025-01-15 22:30:49.111000,買い,156.43200,156.33200,1.00,-10.00,-920.00,秒逆張り,,,0,156.43200
2025-01-01,2025-01-31,20260207_223732,20260207_223732-0015,2025-01-15 22:30:25.002000,2025-01-15 22:36:40.829000,買い,156.41200,156.31200,1.00,-10.00,-930.00,秒逆張り,,,0,156.41200
2025-01-01,2025-01-31,20260207_223732,20260207_223732-0016,2025-01-16 22:30:02.071000,2025-01-16 22:30:04.152000,買い,156.16900,156.06900,1.00,-10.00,-940.00,秒逆張り,,,0,156.16900
2025-01-01,2025-01-31,20260207_223732,20260207_223732-0017,2025-01-16 22:30:05.284000,2025-01-16 22:31:58.885000,買い,156.04100,156.34100,1.00,30.00,-910.00,秒逆張り,,,0,156.04100
2025-01-01,2025-01-31,20260207_223732,20260207_223732-0018,2025-01-17 00:05:54.748000,2025-01-17 00:09:12.688000,買い,155.92800,155.82800,1.00,-10.00,-920.00,秒逆張り,,,0,155.92800
2025-01-01,2025-01-31,20260207_223732,20260207_223732-0019,2025-01-20 22:30:09.394000,2025-01-20 22:30:10.904000,買い,156.08900,155.98900,1.00,-10.00,-930.00,秒逆張り,,,0,156.08900
2025-01-01,2025-01-31,20260207_223732,20260207_223732-0020,2025-01-20 22:30:12.078000,2025-01-20 22:30:15.949000,買い,156.02100,155.92100,1.00,-10.00,-940.00,秒逆張り,,,0,156.02100
2025-01-01,2025-01-31,20260207_223732,20260207_223732-0021,2025-01-20 22:30:17.161000,2025-01-20 22:32:00.396000,買い,155.96500,155.86500,1.00,-10.00,-950.00,秒逆張り,,,0,155.96500
2025-01-01,2025-01-31,20260207_223732,20260207_223732-0022,2025-01-21 02:18:05.564000,2025-01-21 02:25:09.260000,買い,155.75300,156.05300,1.00,30.00,-920.00,秒逆張り,,,0,155.75300
2025-01-01,2025-01-31,20260207_223732,20260207_223732-0023,2025-01-24 01:11:42.296000,2025-01-24 01:26:16.266000,売り,156.32100,156.02100,1.00,30.00,-890.00,秒逆張り,,,0,156.32100
2025-01-01,2025-01-31,20260207_223732,20260207_223732-0024,2025-01-24 12:23:09.236000,2025-01-24 12:24:17.941000,買い,155.83000,156.13000,1.00,30.00,-860.00,秒逆張り,,,0,155.83000
2025-01-01,2025-01-31,20260207_223732,20260207_223732-0025,2025-01-24 12:24:30.702000,2025-01-24 12:25:35.234000,売り,156.36600,156.06600,1.00,30.00,-830.00,秒逆張り,,,0,156.36600
2025-01-01,2025-01-31,20260207_223732,20260207_223732-0026,2025-01-24 12:30:04.933000,2025-01-24 12:40:58.603000,買い,155.75400,155.65400,1.00,-10.00,-840.00,秒逆張り,,,0,155.75400
2025-01-01,2025-01-31,20260207_223732,20260207_223732-0027,2025-01-24 23:45:01.626000,2025-01-25 00:08:09.624000,買い,156.18900,156.08900,1.00,-10.00,-850.00,秒逆張り,,,0,156.18900
2025-01-01,2025-01-31,20260207_223732,20260207_223732-0028,2025-01-30 04:00:06.434000,2025-01-30 04:00:17.926000,売り,155.27200,155.37200,1.00,-10.00,-860.00,秒逆張り,,,0,155.27200
2025-01-01,2025-01-31,20260207_223732,20260207_223732-0029,2025-01-30 04:38:04.143000,2025-01-30 04:39:18.568000,買い,155.43800,155.33800,1.00,-10.00,-870.00,秒逆張り,,,0,155.43800
2025-02-01,2025-02-28,20260207_223916,20260207_223916-0001,2025-02-01 03:20:03.817000,2025-02-01 03:30:55.470000,売り,155.10900,155.20900,1.00,-10.00,-880.00,秒逆張り,,,0,155.10900
2025-02-01,2025-02-28,20260207_223916,20260207_223916-0002,2025-02-04 00:00:01.824000,2025-02-04 00:07:46.661000,売り,154.65100,154.35100,1.00,30.00,-850.00,秒逆張り,,,0,154.65100
2025-02-01,2025-02-28,20260207_223916,20260207_223916-0003,2025-02-05 00:00:05.145000,2025-02-05 00:00:20.833000,買い,154.88300,154.78300,1.00,-10.00,-860.00,秒逆張り,,,0,154.88300
2025-02-01,2025-02-28,20260207_223916,20260207_223916-0004,2025-02-05 22:15:06.301000,2025-02-05 22:15:54.319000,売り,152.89600,152.99600,1.00,-10.00,-870.00,秒逆張り,,,0,152.89600
2025-02-01,2025-02-28,20260207_223916,20260207_223916-0005,2025-02-06 00:00:02.157000,2025-02-06 00:00:35.911000,買い,152.53800,152.43800,1.00,-10.00,-880.00,秒逆張り,,,0,152.53800
2025-02-01,2025-02-28,20260207_223916,20260207_223916-0006,2025-02-07 22:30:03.223000,2025-02-07 22:30:04.468000,買い,151.50600,151.40600,1.00,-10.00,-890.00,秒逆張り,,,0,151.50600
2025-02-01,2025-02-28,20260207_223916,20260207_223916-0007,2025-02-07 22:30:08.356000,2025-02-07 22:30:18.332000,買い,151.38000,151.68000,1.00,30.00,-860.00,秒逆張り,,,0,151.38000
2025-02-01,2025-02-28,20260207_223916,20260207_223916-0008,2025-02-07 22:30:33.129000,2025-02-07 22:30:39.426000,売り,152.03300,152.13300,1.00,-10.00,-870.00,秒逆張り,,,0,152.03300
2025-02-01,2025-02-28,20260207_223916,20260207_223916-0009,2025-02-07 22:30:41.263000,2025-02-07 22:30:44.194000,売り,152.11400,152.21400,1.00,-10.00,-880.00,秒逆張り,,,0,152.11400
2025-02-01,2025-02-28,20260207_223916,20260207_223916-0010,2025-02-07 22:30:50.292000,2025-02-07 22:31:08.105000,売り,152.19800,152.29800,1.00,-10.00,-890.00,秒逆張り,,,0,152.19800
2025-02-01,2025-02-28,20260207_223916,20260207_223916-0011,2025-02-08 02:16:48.959000,2025-02-08 02:16:53.081000,売り,151.73800,151.83800,1.00,-10.00,-900.00,秒逆張り,,,0,151.73800
2025-02-01,2025-02-28,20260207_223916,20260207_223916-0012,2025-02-12 22:30:04.573000,2025-02-12 22:30:15.271000,売り,154.12300,154.22300,1.00,-10.00,-910.00,秒逆張り,,,0,154.12300
2025-02-01,2025-02-28,20260207_223916,20260207_223916-0013,2025-02-13 22:30:03.323000,2025-02-13 22:31:00.323000,買い,153.71100,154.01100,1.00,30.00,-880.00,秒逆張り,,,0,153.71100
2025-02-01,2025-02-28,20260207_223916,20260207_223916-0014,2025-02-14 22:30:01.860000,2025-02-14 22:30:18.127000,買い,152.46900,152.36900,1.00,-10.00,-890.00,秒逆張り,,,0,152.46900
2025-02-01,2025-02-28,20260207_223916,20260207_223916-0015,2025-02-21 17:15:02.282000,2025-02-21 17:15:09.083000,買い,150.45200,150.35200,1.00,-10.00,-900.00,秒逆張り,,,0,150.45200
2025-02-01,2025-02-28,20260207_223916,20260207_223916-0016,2025-02-21 23:45:01.626000,2025-02-21 23:45:36.711000,買い,149.93500,149.83500,1.00,-10.00,-910.00,秒逆張り,,,0,149.93500
2025-02-01,2025-02-28,20260207_223916,20260207_223916-0017,2025-02-27 22:30:01.193000,2025-02-27 22:30:11.972000,買い,149.48300,149.38300,1.00,-10.00,-920.00,秒逆張り,,,0,149.48300
2025-03-01,2025-03-31,20260207_224121,20260207_224121-0001,2025-03-03 20:52:12.459000,2025-03-03 20:55:35.420000,売り,151.05600,151.15600,1.00,-10.00,-930.00,秒逆張り,,,0,151.05600
2025-03-01,2025-03-31,20260207_224121,20260207_224121-0002,2025-03-05 22:15:02.111000,2025-03-05 22:15:05.385000,買い,149.47200,149.37200,1.00,-10.00,-940.00,秒逆張り,,,0,149.47200
2025-03-01,2025-03-31,20260207_224121,20260207_224121-0003,2025-03-06 00:00:02.344000,2025-03-06 00:00:04.515000,売り,148.62400,148.72400,1.00,-10.00,-950.00,秒逆張り,,,0,148.62400
2025-03-01,2025-03-31,20260207_224121,20260207_224121-0004,2025-03-06 00:00:05.919000,2025-03-06 00:00:07.956000,売り,148.72900,148.82900,1.00,-10.00,-960.00,秒逆張り,,,0,148.72900
2025-03-01,2025-03-31,20260207_224121,20260207_224121-0005,2025-03-06 01:57:51.540000,2025-03-06 01:57:59.113000,売り,148.71600,148.81600,1.00,-10.00,-970.00,秒逆張り,,,0,148.71600
2025-03-01,2025-03-31,20260207_224121,20260207_224121-0006,2025-03-06 01:58:00.608000,2025-03-06 01:58:26.080000,売り,148.80500,148.90500,1.00,-10.00,-980.00,秒逆張り,,,0,148.80500
2025-03-01,2025-03-31,20260207_224121,20260207_224121-0007,2025-03-07 01:30:43.556000,2025-03-07 01:39:26.694000,買い,148.15500,148.05500,1.00,-10.00,-990.00,秒逆張り,,,0,148.15500
2025-03-01,2025-03-31,20260207_224121,20260207_224121-0008,2025-03-07 22:30:03.652000,2025-03-07 22:30:05.845000,買い,147.39800,147.69800,1.00,30.00,-960.00,秒逆張り,,,0,147.39800
2025-03-01,2025-03-31,20260207_224121,20260207_224121-0009,2025-03-07 22:30:07.235000,2025-03-07 22:30:14.838000,売り,147.67500,147.37500,1.00,30.00,-930.00,秒逆張り,,,0,147.67500
2025-03-01,2025-03-31,20260207_224121,20260207_224121-0010,2025-03-07 22:30:13.986000,2025-03-07 22:31:17.887000,買い,147.41600,147.71600,1.00,30.00,-900.00,秒逆張り,,,0,147.41600
2025-03-01,2025-03-31,20260207_224121,20260207_224121-0011,2025-03-08 00:49:03.742000,2025-03-08 00:49:10.742000,売り,147.49600,147.59600,1.00,-10.00,-910.00,秒逆張り,,,0,147.49600
2025-03-01,2025-03-31,20260207_224121,20260207_224121-0012,2025-03-08 00:49:09.751000,2025-03-08 00:49:31.988000,売り,147.53700,147.63700,1.00,-10.00,-920.00,秒逆張り,,,0,147.53700
2025-03-01,2025-03-31,20260207_224121,20260207_224121-0013,2025-03-08 00:49:13.195000,2025-03-08 00:49:31.988000,売り,147.54800,147.64800,1.00,-10.00,-930.00,秒逆張り,,,0,147.54800
2025-03-01,2025-03-31,20260207_224121,20260207_224121-0014,2025-03-12 21:30:03.783000,2025-03-12 21:30:59.791000,買い,148.16600,148.46600,1.00,30.00,-900.00,秒逆張り,,,0,148.16600
2025-03-01,2025-03-31,20260207_224121,20260207_224121-0015,2025-03-12 21:30:21.479000,2025-03-12 21:31:09.054000,買い,148.28400,148.58400,1.00,30.00,-870.00,秒逆張り,,,0,148.28400
2025-03-01,2025-03-31,20260207_224121,20260207_224121-0016,2025-03-17 21:30:04.571000,2025-03-17 21:30:09.252000,買い,148.30200,148.60200,1.00,30.00,-840.00,秒逆張り,,,0,148.30200
2025-03-01,2025-03-31,20260207_224121,20260207_224121-0017,2025-03-17 21:30:11.371000,2025-03-17 21:30:13.093000,売り,148.66100,148.76100,1.00,-10.00,-850.00,秒逆張り,,,0,148.66100
2025-03-01,2025-03-31,20260207_224121,20260207_224121-0018,2025-03-17 21:30:14.973000,2025-03-17 21:39:02.920000,売り,148.73300,148.83300,1.00,-10.00,-860.00,秒逆張り,,,0,148.73300
2025-03-01,2025-03-31,20260207_224121,20260207_224121-0019,2025-03-19 15:49:28.850000,2025-03-19 16:01:21.841000,買い,149.62300,149.52300,1.00,-10.00,-870.00,秒逆張り,,,0,149.62300
2025-03-01,2025-03-31,20260207_224121,20260207_224121-0020,2025-03-20 03:00:16.638000,2025-03-20 03:00:28.867000,買い,149.77700,149.67700,1.00,-10.00,-880.00,秒逆張り,,,0,149.77700
2025-03-01,2025-03-31,20260207_224121,20260207_224121-0021,2025-03-24 22:45:02.548000,2025-03-24 22:46:12.510000,売り,149.88600,149.98600,1.00,-10.00,-890.00,秒逆張り,,,0,149.88600
2025-03-01,2025-03-31,20260207_224121,20260207_224121-0022,2025-03-28 21:30:04.146000,2025-03-28 21:36:50.565000,売り,150.92000,150.62000,1.00,30.00,-860.00,秒逆張り,,,0,150.92000
2025-04-01,2025-04-30,20260207_224418,20260207_224418-0001,2025-04-01 23:00:06.632000,2025-04-01 23:00:14.751000,買い,149.40200,149.30200,1.00,-10.00,-870.00,秒逆張り,,,0,149.40200
2025-04-01,2025-04-30,20260207_224418,20260207_224418-0002,2025-04-03 23:00:01.917000,2025-04-03 23:00:03.730000,買い,145.48900,145.38900,1.00,-10.00,-880.00,秒逆張り,,,0,145.48900
2025-04-01,2025-04-30,20260207_224418,20260207_224418-0003,2025-04-03 23:00:09.394000,2025-04-03 23:05:02.858000,買い,145.27700,145.57700,1.00,30.00,-850.00,秒逆張り,,,0,145.27700
2025-04-01,2025-04-30,20260207_224418,20260207_224418-0004,2025-04-04 21:30:06.822000,2025-04-04 21:30:10.125000,売り,145.49800,145.19800,1.00,30.00,-820.00,秒逆張り,,,0,145.49800
2025-04-01,2025-04-30,20260207_224418,20260207_224418-0005,2025-04-04 21:30:12.747000,2025-04-04 21:30:22.075000,買い,145.08600,145.38600,1.00,30.00,-790.00,秒逆張り,,,0,145.08600
2025-04-01,2025-04-30,20260207_224418,20260207_224418-0006,2025-04-04 21:30:20.893000,2025-04-04 21:30:22.383000,売り,145.30800,145.40800,1.00,-10.00,-800.00,秒逆張り,,,0,145.30800
2025-04-01,2025-04-30,20260207_224418,20260207_224418-0007,2025-04-04 21:30:23.638000,2025-04-04 21:31:03.831000,売り,145.36600,145.06600,1.00,30.00,-770.00,秒逆張り,,,0,145.36600
2025-04-01,2025-04-30,20260207_224418,20260207_224418-0008,2025-04-04 21:31:18.509000,2025-04-04 21:31:27.477000,買い,145.14500,145.04500,1.00,-10.00,-780.00,秒逆張り,,,0,145.14500
2025-04-01,2025-04-30,20260207_224418,20260207_224418-0009,2025-04-04 21:31:38.561000,2025-04-04 21:32:23.025000,売り,145.26300,145.36300,1.00,-10.00,-790.00,秒逆張り,,,0,145.26300
2025-04-01,2025-04-30,20260207_224418,20260207_224418-0010,2025-04-04 21:31:25.576000,2025-04-04 21:33:47.707000,買い,145.10100,145.40100,1.00,30.00,-760.00,秒逆張り,,,0,145.10100
2025-04-01,2025-04-30,20260207_224418,20260207_224418-0011,2025-04-07 23:20:26.557000,2025-04-07 23:20:52.047000,買い,147.49100,147.39100,1.00,-10.00,-770.00,秒逆張り,,,0,147.49100
2025-04-01,2025-04-30,20260207_224418,20260207_224418-0012,2025-04-07 23:22:09.464000,2025-04-07 23:22:13.460000,買い,147.28900,147.18900,1.00,-10.00,-780.00,秒逆張り,,,0,147.28900
2025-04-01,2025-04-30,20260207_224418,20260207_224418-0013,2025-04-07 23:23:29.544000,2025-04-07 23:23:43.440000,買い,147.13100,147.03100,1.00,-10.00,-790.00,秒逆張り,,,0,147.13100
2025-04-01,2025-04-30,20260207_224418,20260207_224418-0014,2025-04-07 23:23:44.843000,2025-04-07 23:26:44.350000,買い,147.04700,147.34700,1.00,30.00,-760.00,秒逆張り,,,0,147.04700
2025-04-01,2025-04-30,20260207_224418,20260207_224418-0015,2025-04-07 23:33:57.824000,2025-04-07 23:34:40.907000,買い,147.26400,147.16400,1.00,-10.00,-770.00,秒逆張り,,,0,147.26400
2025-04-01,2025-04-30,20260207_224418,20260207_224418-0016,2025-04-07 23:27:46.798000,2025-04-07 23:35:05.521000,買い,147.20300,147.10300,1.00,-10.00,-780.00,秒逆張り,,,0,147.20300
2025-04-01,2025-04-30,20260207_224418,20260207_224418-0017,2025-04-08 00:10:11.557000,2025-04-08 00:14:34.889000,売り,147.69600,147.39600,1.00,30.00,-750.00,秒逆張り,,,0,147.69600
2025-04-01,2025-04-30,20260207_224418,20260207_224418-0018,2025-04-08 00:14:35.933000,2025-04-08 00:14:36.604000,買い,147.37800,147.27800,1.00,-10.00,-760.00,秒逆張り,,,0,147.37800
2025-04-01,2025-04-30,20260207_224418,20260207_224418-0019,2025-04-08 00:14:38.763000,2025-04-08 00:14:57.260000,買い,147.20400,147.50400,1.00,30.00,-730.00,秒逆張り,,,0,147.20400
2025-04-01,2025-04-30,20260207_224418,20260207_224418-0020,2025-04-08 00:14:43.117000,2025-04-08 00:14:57.260000,買い,147.19400,147.49400,1.00,30.00,-700.00,秒逆張り,,,0,147.19400
2025-04-01,2025-04-30,20260207_224418,20260207_224418-0021,2025-04-08 00:15:33.640000,2025-04-08 00:20:18.887000,買い,147.21600,147.51600,1.00,30.00,-670.00,秒逆張り,,,0,147.21600
2025-04-01,2025-04-30,20260207_224418,20260207_224418-0022,2025-04-08 02:45:59.467000,2025-04-08 02:46:02.377000,買い,147.92400,147.82400,1.00,-10.00,-680.00,秒逆張り,,,0,147.92400
2025-04-01,2025-04-30,20260207_224418,20260207_224418-0023,2025-04-08 03:09:11.454000,2025-04-08 03:19:59.986000,売り,147.96200,148.06200,1.00,-10.00,-690.00,秒逆張り,,,0,147.96200
2025-04-01,2025-04-30,20260207_224418,20260207_224418-0024,2025-04-08 02:46:04.460000,2025-04-08 03:21:59.990000,買い,147.76000,148.06000,1.00,30.00,-660.00,秒逆張り,,,0,147.76000
2025-04-01,2025-04-30,20260207_224418,20260207_224418-0025,2025-04-08 04:04:51.210000,2025-04-08 04:10:07.429000,買い,147.72600,147.62600,1.00,-10.00,-670.00,秒逆張り,,,0,147.72600
2025-04-01,2025-04-30,20260207_224418,20260207_224418-0026,2025-04-08 04:45:01.053000,2025-04-08 04:55:12.136000,買い,147.60300,147.90300,1.00,30.00,-640.00,秒逆張り,,,0,147.60300
2025-04-01,2025-04-30,20260207_224418,20260207_224418-0027,2025-04-09 02:35:19.532000,2025-04-09 02:35:30.868000,売り,146.38500,146.48500,1.00,-10.00,-650.00,秒逆張り,,,0,146.38500
2025-04-01,2025-04-30,20260207_224418,20260207_224418-0028,2025-04-09 20:00:02.571000,2025-04-09 20:00:13.322000,買い,145.08100,144.98100,1.00,-10.00,-660.00,秒逆張り,,,0,145.08100
2025-04-01,2025-04-30,20260207_224418,20260207_224418-0029,2025-04-09 20:00:14.570000,2025-04-09 20:00:44.739000,買い,145.03200,144.93200,1.00,-10.00,-670.00,秒逆張り,,,0,145.03200
2025-04-01,2025-04-30,20260207_224418,20260207_224418-0030,2025-04-09 20:00:54.156000,2025-04-09 20:02:40.512000,買い,144.93800,144.83800,1.00,-10.00,-680.00,秒逆張り,,,0,144.93800
2025-04-01,2025-04-30,20260207_224418,20260207_224418-0031,2025-04-09 20:00:46.505000,2025-04-09 20:08:50.754000,買い,144.93000,144.83000,1.00,-10.00,-690.00,秒逆張り,,,0,144.93000
2025-04-01,2025-04-30,20260207_224418,20260207_224418-0032,2025-04-09 22:00:09.041000,2025-04-09 22:00:13.836000,売り,144.44200,144.54200,1.00,-10.00,-700.00,秒逆張り,,,0,144.44200
2025-04-01,2025-04-30,20260207_224418,20260207_224418-0033,2025-04-09 22:01:30.095000,2025-04-09 22:06:48.395000,買い,144.27300,144.57300,1.00,30.00,-670.00,秒逆張り,,,0,144.27300
2025-04-01,2025-04-30,20260207_224418,20260207_224418-0034,2025-04-10 02:02:05.270000,2025-04-10 02:03:12.701000,買い,144.86900,145.16900,1.00,30.00,-640.00,秒逆張り,,,0,144.86900
2025-04-01,2025-04-30,20260207_224418,20260207_224418-0035,2025-04-10 02:18:46.041000,2025-04-10 02:19:20.004000,買い,144.63100,144.93100,1.00,30.00,-610.00,秒逆張り,,,0,144.63100
2025-04-01,2025-04-30,20260207_224418,20260207_224418-0036,2025-04-10 02:19:18.870000,2025-04-10 02:19:20.004000,売り,144.84600,144.94600,1.00,-10.00,-620.00,秒逆張り,,,0,144.84600
2025-04-01,2025-04-30,20260207_224418,20260207_224418-0037,2025-04-10 02:19:21.650000,2025-04-10 02:19:31.443000,売り,144.99500,145.09500,1.00,-10.00,-630.00,秒逆張り,,,0,144.99500
2025-04-01,2025-04-30,20260207_224418,20260207_224418-0038,2025-04-10 02:19:32.898000,2025-04-10 02:19:42.201000,売り,145.08000,145.18000,1.00,-10.00,-640.00,秒逆張り,,,0,145.08000
2025-04-01,2025-04-30,20260207_224418,20260207_224418-0039,2025-04-10 02:19:45.470000,2025-04-10 02:19:57.090000,売り,145.22300,145.32300,1.00,-10.00,-650.00,秒逆張り,,,0,145.22300
2025-04-01,2025-04-30,20260207_224418,20260207_224418-0040,2025-04-10 02:19:59.410000,2025-04-10 02:20:04.183000,売り,145.28000,145.38000,1.00,-10.00,-660.00,秒逆張り,,,0,145.28000
2025-04-01,2025-04-30,20260207_224418,20260207_224418-0041,2025-04-10 02:20:12.776000,2025-04-10 02:20:14.263000,売り,145.24100,145.34100,1.00,-10.00,-670.00,秒逆張り,,,0,145.24100
2025-04-01,2025-04-30,20260207_224418,20260207_224418-0042,2025-04-10 02:20:15.292000,2025-04-10 02:20:37.863000,売り,145.32100,145.42100,1.00,-10.00,-680.00,秒逆張り,,,0,145.32100
2025-04-01,2025-04-30,20260207_224418,20260207_224418-0043,2025-04-10 02:20:18.344000,2025-04-10 02:20:39.162000,売り,145.33300,145.43300,1.00,-10.00,-690.00,秒逆張り,,,0,145.33300
2025-04-01,2025-04-30,20260207_224418,20260207_224418-0044,2025-04-10 02:20:41.374000,2025-04-10 02:20:43.879000,売り,145.45600,145.55600,1.00,-10.00,-700.00,秒逆張り,,,0,145.45600
2025-04-01,2025-04-30,20260207_224418,20260207_224418-0045,2025-04-10 02:21:00.168000,2025-04-10 02:21:02.279000,売り,145.65300,145.75300,1.00,-10.00,-710.00,秒逆張り,,,0,145.65300
2025-04-01,2025-04-30,20260207_224418,20260207_224418-0046,2025-04-10 02:20:55.547000,2025-04-10 02:21:19.221000,売り,145.66700,145.76700,1.00,-10.00,-720.00,秒逆張り,,,0,145.66700
2025-04-01,2025-04-30,20260207_224418,20260207_224418-0047,2025-04-10 02:21:03.908000,2025-04-10 02:21:47.050000,売り,145.70800,145.80800,1.00,-10.00,-730.00,秒逆張り,,,0,145.70800
2025-04-01,2025-04-30,20260207_224418,20260207_224418-0048,2025-04-10 02:22:40.555000,2025-04-10 02:22:53.394000,売り,146.16100,146.26100,1.00,-10.00,-740.00,秒逆張り,,,0,146.16100
2025-04-01,2025-04-30,20260207_224418,20260207_224418-0049,2025-04-10 02:23:02.935000,2025-04-10 02:23:05.682000,売り,146.36300,146.46300,1.00,-10.00,-750.00,秒逆張り,,,0,146.36300
2025-04-01,2025-04-30,20260207_224418,20260207_224418-0050,2025-04-10 02:23:08.264000,2025-04-10 02:25:28.530000,売り,146.48200,146.58200,1.00,-10.00,-760.00,秒逆張り,,,0,146.48200
2025-04-01,2025-04-30,20260207_224418,20260207_224418-0051,2025-04-10 02:28:20.834000,2025-04-10 02:29:47.458000,買い,146.67000,146.57000,1.00,-10.00,-770.00,秒逆張り,,,0,146.67000
2025-04-01,2025-04-30,20260207_224418,20260207_224418-0052,2025-04-10 02:32:03.398000,2025-04-10 02:32:59.127000,売り,146.65100,146.75100,1.00,-10.00,-780.00,秒逆張り,,,0,146.65100
2025-04-01,2025-04-30,20260207_224418,20260207_224418-0053,2025-04-10 02:32:20.011000,2025-04-10 02:34:39.832000,売り,146.70000,146.80000,1.00,-10.00,-790.00,秒逆張り,,,0,146.70000
2025-04-01,2025-04-30,20260207_224418,20260207_224418-0054,2025-04-10 02:36:14.673000,2025-04-10 02:36:38.726000,買い,147.04800,146.94800,1.00,-10.00,-800.00,秒逆張り,,,0,147.04800
2025-04-01,2025-04-30,20260207_224418,20260207_224418-0055,2025-04-10 02:38:04.159000,2025-04-10 02:50:30.348000,売り,146.84300,146.54300,1.00,30.00,-770.00,秒逆張り,,,0,146.84300
2025-04-01,2025-04-30,20260207_224418,20260207_224418-0056,2025-04-10 02:50:58.242000,2025-04-10 02:53:09.273000,買い,146.30400,146.60400,1.00,30.00,-740.00,秒逆張り,,,0,146.30400
2025-04-01,2025-04-30,20260207_224418,20260207_224418-0057,2025-04-10 02:51:36.015000,2025-04-10 02:53:09.273000,買い,146.29900,146.59900,1.00,30.00,-710.00,秒逆張り,,,0,146.29900
2025-04-01,2025-04-30,20260207_224418,20260207_224418-0058,2025-04-10 03:00:08.921000,2025-04-10 03:00:41.781000,売り,147.17300,147.27300,1.00,-10.00,-720.00,秒逆張り,,,0,147.17300
2025-04-01,2025-04-30,20260207_224418,20260207_224418-0059,2025-04-10 03:09:01.166000,2025-04-10 03:14:12.014000,買い,147.90400,147.80400,1.00,-10.00,-730.00,秒逆張り,,,0,147.90400
2025-04-01,2025-04-30,20260207_224418,20260207_224418-0060,2025-04-10 20:09:57.036000,2025-04-10 20:30:21.313000,買い,145.52900,145.42900,1.00,-10.00,-740.00,秒逆張り,,,0,145.52900
2025-04-01,2025-04-30,20260207_224418,20260207_224418-0061,2025-04-10 21:30:19.451000,2025-04-10 21:30:27.461000,買い,145.09400,144.99400,1.00,-10.00,-750.00,秒逆張り,,,0,145.09400
2025-04-01,2025-04-30,20260207_224418,20260207_224418-0062,2025-04-10 21:30:03.190000,2025-04-10 21:30:29.278000,買い,145.03900,144.93900,1.00,-10.00,-760.00,秒逆張り,,,0,145.03900
2025-04-01,2025-04-30,20260207_224418,20260207_224418-0063,2025-04-10 21:54:30.141000,2025-04-10 21:54:33.660000,売り,145.37000,145.47000,1.00,-10.00,-770.00,秒逆張り,,,0,145.37000
2025-04-01,2025-04-30,20260207_224418,20260207_224418-0064,2025-04-11 17:00:44.792000,2025-04-11 17:02:24.387000,買い,142.63500,142.53500,1.00,-10.00,-780.00,秒逆張り,,,0,142.63500
2025-04-01,2025-04-30,20260207_224418,20260207_224418-0065,2025-04-11 18:50:56.734000,2025-04-11 18:51:01.144000,買い,142.16400,142.06400,1.00,-10.00,-790.00,秒逆張り,,,0,142.16400
2025-04-01,2025-04-30,20260207_224418,20260207_224418-0066,2025-04-11 18:51:02.232000,2025-04-11 18:59:06.757000,買い,142.12400,142.42400,1.00,30.00,-760.00,秒逆張り,,,0,142.12400
2025-04-01,2025-04-30,20260207_224418,20260207_224418-0067,2025-04-11 21:30:03.187000,2025-04-11 21:50:04.700000,買い,142.66600,142.56600,1.00,-10.00,-770.00,秒逆張り,,,0,142.66600
2025-04-01,2025-04-30,20260207_224418,20260207_224418-0068,2025-04-11 22:39:34.503000,2025-04-11 22:39:42.796000,売り,143.31100,143.41100,1.00,-10.00,-780.00,秒逆張り,,,0,143.31100
2025-04-01,2025-04-30,20260207_224418,20260207_224418-0069,2025-04-11 22:39:45.086000,2025-04-11 22:40:05.277000,売り,143.49200,143.19200,1.00,30.00,-750.00,秒逆張り,,,0,143.49200
2025-04-01,2025-04-30,20260207_224418,20260207_224418-0070,2025-04-11 22:40:09.953000,2025-04-11 22:40:18.867000,買い,143.12800,143.02800,1.00,-10.00,-760.00,秒逆張り,,,0,143.12800
2025-04-01,2025-04-30,20260207_224418,20260207_224418-0071,2025-04-15 23:46:20.514000,2025-04-15 23:48:53.121000,買い,142.82800,142.72800,1.00,-10.00,-770.00,秒逆張り,,,0,142.82800
2025-04-01,2025-04-30,20260207_224418,20260207_224418-0072,2025-04-16 17:27:53.981000,2025-04-16 17:27:57.657000,売り,142.71800,142.81800,1.00,-10.00,-780.00,秒逆張り,,,0,142.71800
2025-04-01,2025-04-30,20260207_224418,20260207_224418-0073,2025-04-16 17:27:59.056000,2025-04-16 17:28:04.081000,売り,142.83200,142.93200,1.00,-10.00,-790.00,秒逆張り,,,0,142.83200
2025-04-01,2025-04-30,20260207_224418,20260207_224418-0074,2025-04-16 17:28:05.506000,2025-04-16 17:28:37.233000,売り,142.93200,142.63200,1.00,30.00,-760.00,秒逆張り,,,0,142.93200
2025-04-01,2025-04-30,20260207_224418,20260207_224418-0075,2025-04-16 21:30:10.190000,2025-04-16 21:44:22.224000,買い,142.56000,142.46000,1.00,-10.00,-770.00,秒逆張り,,,0,142.56000
2025-04-01,2025-04-30,20260207_224418,20260207_224418-0076,2025-04-16 21:30:17.306000,2025-04-16 21:44:49.416000,買い,142.54200,142.44200,1.00,-10.00,-780.00,秒逆張り,,,0,142.54200
2025-04-01,2025-04-30,20260207_224418,20260207_224418-0077,2025-04-18 01:05:21.922000,2025-04-18 01:19:04.549000,売り,142.37100,142.47100,1.00,-10.00,-790.00,秒逆張り,,,0,142.37100
2025-04-01,2025-04-30,20260207_224418,20260207_224418-0078,2025-04-18 01:05:28.622000,2025-04-18 01:26:17.244000,売り,142.41000,142.51000,1.00,-10.00,-800.00,秒逆張り,,,0,142.41000
2025-04-01,2025-04-30,20260207_224418,20260207_224418-0079,2025-04-23 02:26:07.893000,2025-04-23 02:36:41.379000,売り,141.17200,141.27200,1.00,-10.00,-810.00,秒逆張り,,,0,141.17200
2025-04-01,2025-04-30,20260207_224418,20260207_224418-0080,2025-04-23 22:37:46.152000,2025-04-23 22:37:47.815000,売り,142.15000,142.25000,1.00,-10.00,-820.00,秒逆張り,,,0,142.15000
2025-04-01,2025-04-30,20260207_224418,20260207_224418-0081,2025-04-23 22:38:37.489000,2025-04-23 22:43:27.755000,売り,142.30300,142.00300,1.00,30.00,-790.00,秒逆張り,,,0,142.30300
2025-04-01,2025-04-30,20260207_224418,20260207_224418-0082,2025-04-24 00:23:05.538000,2025-04-24 00:23:28.761000,買い,142.48300,142.38300,1.00,-10.00,-800.00,秒逆張り,,,0,142.48300
2025-04-01,2025-04-30,20260207_224418,20260207_224418-0083,2025-04-24 00:01:46.771000,2025-04-24 00:23:30.178000,売り,142.67100,142.37100,1.00,30.00,-770.00,秒逆張り,,,0,142.67100
2025-04-01,2025-04-30,20260207_224418,20260207_224418-0084,2025-04-24 20:39:09.763000,2025-04-24 20:57:39.688000,売り,142.49100,142.59100,1.00,-10.00,-780.00,秒逆張り,,,0,142.49100
2025-04-01,2025-04-30,20260207_224418,20260207_224418-0085,2025-04-25 19:17:26.881000,2025-04-25 19:19:42.706000,売り,143.61000,143.71000,1.00,-10.00,-790.00,秒逆張り,,,0,143.61000
2025-04-01,2025-04-30,20260207_224418,20260207_224418-0086,2025-04-25 22:05:16.420000,2025-04-25 22:30:34.427000,売り,143.58600,143.68600,1.00,-10.00,-800.00,秒逆張り,,,0,143.58600
2025-04-01,2025-04-30,20260207_224418,20260207_224418-0087,2025-04-29 23:00:02.325000,2025-04-29 23:00:50.728000,買い,142.10700,142.00700,1.00,-10.00,-810.00,秒逆張り,,,0,142.10700
2025-04-01,2025-04-30,20260207_224418,20260207_224418-0088,2025-04-30 21:15:04.565000,2025-04-30 21:17:55.838000,買い,142.91000,142.81000,1.00,-10.00,-820.00,秒逆張り,,,0,142.91000
2025-05-01,2025-05-31,20260207_224600,20260207_224600-0001,2025-05-01 03:07:06.708000,2025-05-01 05:01:32.250000,売り,142.97100,143.07100,1.00,-10.00,-830.00,秒逆張り,,,0,142.97100
2025-05-01,2025-05-31,20260207_224600,20260207_224600-0002,2025-05-01 21:30:02.241000,2025-05-01 21:30:21.379000,買い,144.40100,144.30100,1.00,-10.00,-840.00,秒逆張り,,,0,144.40100
2025-05-01,2025-05-31,20260207_224600,20260207_224600-0003,2025-05-01 21:30:19.783000,2025-05-01 21:30:28.158000,買い,144.35700,144.25700,1.00,-10.00,-850.00,秒逆張り,,,0,144.35700
2025-05-01,2025-05-31,20260207_224600,20260207_224600-0004,2025-05-01 23:00:07.486000,2025-05-01 23:00:11.301000,売り,144.68000,144.78000,1.00,-10.00,-860.00,秒逆張り,,,0,144.68000
2025-05-01,2025-05-31,20260207_224600,20260207_224600-0005,2025-05-01 23:00:12.604000,2025-05-01 23:00:25.726000,売り,144.79300,144.89300,1.00,-10.00,-870.00,秒逆張り,,,0,144.79300
2025-05-01,2025-05-31,20260207_224600,20260207_224600-0006,2025-05-02 21:30:14.295000,2025-05-02 21:30:25.398000,売り,144.81300,144.91300,1.00,-10.00,-880.00,秒逆張り,,,0,144.81300
2025-05-01,2025-05-31,20260207_224600,20260207_224600-0007,2025-05-02 21:30:04.183000,2025-05-02 21:31:09.896000,売り,144.84900,144.94900,1.00,-10.00,-890.00,秒逆張り,,,0,144.84900
2025-05-01,2025-05-31,20260207_224600,20260207_224600-0008,2025-05-05 23:00:01.828000,2025-05-05 23:00:21.297000,売り,143.86900,143.96900,1.00,-10.00,-900.00,秒逆張り,,,0,143.86900
2025-05-01,2025-05-31,20260207_224600,20260207_224600-0009,2025-05-08 03:39:05.190000,2025-05-08 03:42:04.377000,売り,143.26100,143.36100,1.00,-10.00,-910.00,秒逆張り,,,0,143.26100
2025-05-01,2025-05-31,20260207_224600,20260207_224600-0010,2025-05-09 20:26:59.993000,2025-05-09 20:27:28.470000,買い,145.05600,144.95600,1.00,-10.00,-920.00,秒逆張り,,,0,145.05600
2025-05-01,2025-05-31,20260207_224600,20260207_224600-0011,2025-05-13 21:30:03.053000,2025-05-13 21:30:07.513000,買い,147.96200,147.86200,1.00,-10.00,-930.00,秒逆張り,,,0,147.96200
2025-05-01,2025-05-31,20260207_224600,20260207_224600-0012,2025-05-13 21:30:08.988000,2025-05-13 21:33:51.733000,買い,147.87800,148.17800,1.00,30.00,-900.00,秒逆張り,,,0,147.87800
2025-05-01,2025-05-31,20260207_224600,20260207_224600-0013,2025-05-15 01:40:43.214000,2025-05-15 01:41:03.097000,売り,146.76300,146.86300,1.00,-10.00,-910.00,秒逆張り,,,0,146.76300
2025-05-01,2025-05-31,20260207_224600,20260207_224600-0014,2025-05-15 01:41:53.940000,2025-05-15 01:49:30.396000,売り,147.03300,146.73300,1.00,30.00,-880.00,秒逆張り,,,0,147.03300
2025-05-01,2025-05-31,20260207_224600,20260207_224600-0015,2025-05-15 21:30:08.949000,2025-05-15 21:30:13.247000,買い,145.76700,145.66700,1.00,-10.00,-890.00,秒逆張り,,,0,145.76700
2025-05-01,2025-05-31,20260207_224600,20260207_224600-0016,2025-05-22 22:45:03.240000,2025-05-22 22:45:11.810000,売り,143.70600,143.80600,1.00,-10.00,-900.00,秒逆張り,,,0,143.70600
2025-05-01,2025-05-31,20260207_224600,20260207_224600-0017,2025-05-27 23:00:06.483000,2025-05-28 09:02:04.718000,売り,144.37400,144.07400,1.00,30.00,-870.00,秒逆張り,,,0,144.37400
2025-05-01,2025-05-31,20260207_224600,20260207_224600-0018,2025-05-28 12:35:04.067000,2025-05-28 12:35:18.562000,買い,144.63500,144.53500,1.00,-10.00,-880.00,秒逆張り,,,0,144.63500
2025-05-01,2025-05-31,20260207_224600,20260207_224600-0019,2025-05-29 21:30:18.216000,2025-05-29 21:30:22.381000,買い,144.68400,144.58400,1.00,-10.00,-890.00,秒逆張り,,,0,144.68400
2025-06-01,2025-06-30,20260207_224717,20260207_224717-0001,2025-06-02 23:00:01.204000,2025-06-02 23:01:30.697000,買い,142.77400,142.67400,1.00,-10.00,-900.00,秒逆張り,,,0,142.77400
2025-06-01,2025-06-30,20260207_224717,20260207_224717-0002,2025-06-03 23:00:04.306000,2025-06-03 23:06:03.610000,売り,143.75100,143.85100,1.00,-10.00,-910.00,秒逆張り,,,0,143.75100
2025-06-01,2025-06-30,20260207_224717,20260207_224717-0003,2025-06-04 21:15:04.794000,2025-06-04 21:15:07.129000,買い,143.99700,143.89700,1.00,-10.00,-920.00,秒逆張り,,,0,143.99700
2025-06-01,2025-06-30,20260207_224717,20260207_224717-0004,2025-06-04 23:00:01.969000,2025-06-04 23:05:02.699000,買い,143.35100,143.25100,1.00,-10.00,-930.00,秒逆張り,,,0,143.35100
2025-06-01,2025-06-30,20260207_224717,20260207_224717-0005,2025-06-05 21:30:01.440000,2025-06-05 21:30:13.896000,買い,143.06600,142.96600,1.00,-10.00,-940.00,秒逆張り,,,0,143.06600
2025-06-01,2025-06-30,20260207_224717,20260207_224717-0006,2025-06-05 21:30:17.954000,2025-06-05 21:31:22.818000,買い,142.89300,142.79300,1.00,-10.00,-950.00,秒逆張り,,,0,142.89300
2025-06-01,2025-06-30,20260207_224717,20260207_224717-0007,2025-06-05 21:49:18.770000,2025-06-05 21:49:20.180000,売り,143.10500,143.20500,1.00,-10.00,-960.00,秒逆張り,,,0,143.10500
2025-06-01,2025-06-30,20260207_224717,20260207_224717-0008,2025-06-05 21:49:21.834000,2025-06-05 21:49:56.813000,売り,143.23400,143.33400,1.00,-10.00,-970.00,秒逆張り,,,0,143.23400
2025-06-01,2025-06-30,20260207_224717,20260207_224717-0009,2025-06-05 21:49:24.346000,2025-06-05 21:50:00.489000,売り,143.24200,143.34200,1.00,-10.00,-980.00,秒逆張り,,,0,143.24200
2025-06-01,2025-06-30,20260207_224717,20260207_224717-0010,2025-06-05 21:50:22.421000,2025-06-05 21:51:09.994000,売り,143.63700,143.33700,1.00,30.00,-950.00,秒逆張り,,,0,143.63700
2025-06-01,2025-06-30,20260207_224717,20260207_224717-0011,2025-06-05 21:50:19.710000,2025-06-05 21:55:00.572000,売り,143.60100,143.30100,1.00,30.00,-920.00,秒逆張り,,,0,143.60100
2025-06-01,2025-06-30,20260207_224717,20260207_224717-0012,2025-06-06 21:30:04.417000,2025-06-06 21:32:29.602000,売り,144.63900,144.33900,1.00,30.00,-890.00,秒逆張り,,,0,144.63900
2025-06-01,2025-06-30,20260207_224717,20260207_224717-0013,2025-06-11 21:04:38.062000,2025-06-11 21:30:01.458000,買い,145.18700,145.08700,1.00,-10.00,-900.00,秒逆張り,,,0,145.18700
2025-06-01,2025-06-30,20260207_224717,20260207_224717-0014,2025-06-11 21:30:04.040000,2025-06-11 21:32:59.203000,買い,144.74500,144.64500,1.00,-10.00,-910.00,秒逆張り,,,0,144.74500
2025-06-01,2025-06-30,20260207_224717,20260207_224717-0015,2025-06-12 21:30:03.591000,2025-06-12 21:30:21.696000,買い,143.55000,143.45000,1.00,-10.00,-920.00,秒逆張り,,,0,143.55000
2025-06-01,2025-06-30,20260207_224717,20260207_224717-0016,2025-06-17 12:34:09.289000,2025-06-17 13:07:09.416000,買い,144.66400,144.56400,1.00,-10.00,-930.00,秒逆張り,,,0,144.66400
2025-06-01,2025-06-30,20260207_224717,20260207_224717-0017,2025-06-17 21:30:02.570000,2025-06-17 21:30:30.472000,買い,144.41700,144.71700,1.00,30.00,-900.00,秒逆張り,,,0,144.41700
2025-06-01,2025-06-30,20260207_224717,20260207_224717-0018,2025-06-19 03:00:08.110000,2025-06-19 03:00:15.175000,買い,144.66900,144.56900,1.00,-10.00,-910.00,秒逆張り,,,0,144.66900
2025-07-01,2025-07-31,20260207_224829,20260207_224829-0001,2025-07-01 23:00:02.770000,2025-07-01 23:09:52.030000,売り,143.34500,143.44500,1.00,-10.00,-920.00,秒逆張り,,,0,143.34500
2025-07-01,2025-07-31,20260207_224829,20260207_224829-0002,2025-07-02 21:15:11.325000,2025-07-02 21:15:13.305000,買い,143.98200,143.88200,1.00,-10.00,-930.00,秒逆張り,,,0,143.98200
2025-07-01,2025-07-31,20260207_224829,20260207_224829-0003,2025-07-02 21:15:14.602000,2025-07-02 21:15:26.860000,買い,143.88800,143.78800,1.00,-10.00,-940.00,秒逆張り,,,0,143.88800
2025-07-01,2025-07-31,20260207_224829,20260207_224829-0004,2025-07-03 21:30:05.676000,2025-07-03 21:30:08.366000,売り,144.57400,144.67400,1.00,-10.00,-950.00,秒逆張り,,,0,144.57400
2025-07-01,2025-07-31,20260207_224829,20260207_224829-0005,2025-07-03 21:30:10.528000,2025-07-03 21:30:14.213000,売り,144.65100,144.75100,1.00,-10.00,-960.00,秒逆張り,,,0,144.65100
2025-07-01,2025-07-31,20260207_224829,20260207_224829-0006,2025-07-15 21:30:09.276000,2025-07-15 21:38:42.333000,買い,147.73000,148.03000,1.00,30.00,-930.00,秒逆張り,,,0,147.73000
2025-07-01,2025-07-31,20260207_224829,20260207_224829-0007,2025-07-15 21:30:02.476000,2025-07-15 21:38:43.313000,買い,147.73600,148.03600,1.00,30.00,-900.00,秒逆張り,,,0,147.73600
2025-07-01,2025-07-31,20260207_224829,20260207_224829-0008,2025-07-16 21:30:02.490000,2025-07-16 21:30:07.005000,買い,148.66900,148.56900,1.00,-10.00,-910.00,秒逆張り,,,0,148.66900
2025-07-01,2025-07-31,20260207_224829,20260207_224829-0009,2025-07-16 23:54:04.234000,2025-07-16 23:54:10.517000,買い,148.60700,148.50700,1.00,-10.00,-920.00,秒逆張り,,,0,148.60700
2025-07-01,2025-07-31,20260207_224829,20260207_224829-0010,2025-07-17 00:16:19.219000,2025-07-17 00:16:33.062000,買い,147.76500,147.66500,1.00,-10.00,-930.00,秒逆張り,,,0,147.76500
2025-07-01,2025-07-31,20260207_224829,20260207_224829-0011,2025-07-17 00:16:37.492000,2025-07-17 00:16:38.232000,買い,147.54100,147.44100,1.00,-10.00,-940.00,秒逆張り,,,0,147.54100
2025-07-01,2025-07-31,20260207_224829,20260207_224829-0012,2025-07-17 00:16:57.922000,2025-07-17 00:17:00.306000,買い,147.60500,147.50500,1.00,-10.00,-950.00,秒逆張り,,,0,147.60500
2025-07-01,2025-07-31,20260207_224829,20260207_224829-0013,2025-07-17 00:17:02.768000,2025-07-17 00:17:26.627000,買い,147.49400,147.39400,1.00,-10.00,-960.00,秒逆張り,,,0,147.49400
2025-07-01,2025-07-31,20260207_224829,20260207_224829-0014,2025-07-17 00:17:29.141000,2025-07-17 00:17:30.878000,買い,147.39500,147.29500,1.00,-10.00,-970.00,秒逆張り,,,0,147.39500
2025-07-01,2025-07-31,20260207_224829,20260207_224829-0015,2025-07-17 00:17:31.996000,2025-07-17 00:17:51.891000,買い,147.27600,147.17600,1.00,-10.00,-980.00,秒逆張り,,,0,147.27600
2025-07-01,2025-07-31,20260207_224829,20260207_224829-0016,2025-07-17 00:17:54.767000,2025-07-17 00:18:01.550000,買い,147.12200,147.02200,1.00,-10.00,-990.00,秒逆張り,,,0,147.12200
2025-07-01,2025-07-31,20260207_224829,20260207_224829-0017,2025-07-17 00:18:03.139000,2025-07-17 00:18:28.960000,買い,147.02800,147.32800,1.00,30.00,-960.00,秒逆張り,,,0,147.02800
2025-07-01,2025-07-31,20260207_224829,20260207_224829-0018,2025-07-17 00:30:13.271000,2025-07-17 00:30:25.101000,買い,147.25800,147.15800,1.00,-10.00,-970.00,秒逆張り,,,0,147.25800
2025-07-01,2025-07-31,20260207_224829,20260207_224829-0019,2025-07-17 00:55:05.405000,2025-07-17 00:55:11.937000,売り,147.59500,147.69500,1.00,-10.00,-980.00,秒逆張り,,,0,147.59500
2025-07-01,2025-07-31,20260207_224829,20260207_224829-0020,2025-07-17 00:55:41.815000,2025-07-17 00:55:42.756000,売り,147.95600,148.05600,1.00,-10.00,-990.00,秒逆張り,,,0,147.95600
2025-07-01,2025-07-31,20260207_224829,20260207_224829-0021,2025-07-17 00:55:27.295000,2025-07-17 00:55:44.009000,売り,147.97900,148.07900,1.00,-10.00,-1000.00,秒逆張り,,,0,147.97900
2025-07-01,2025-07-31,20260207_224829,20260207_224829-0022,2025-07-17 00:55:47.450000,2025-07-17 00:55:56.716000,売り,148.08700,148.18700,1.00,-10.00,-1010.00,秒逆張り,,,0,148.08700
2025-07-01,2025-07-31,20260207_224829,20260207_224829-0023,2025-07-17 00:55:50.402000,2025-07-17 00:55:57.294000,売り,148.10900,148.20900,1.00,-10.00,-1020.00,秒逆張り,,,0,148.10900
2025-07-01,2025-07-31,20260207_224829,20260207_224829-0024,2025-07-17 00:55:56.506000,2025-07-17 00:55:58.816000,売り,148.16300,148.26300,1.00,-10.00,-1030.00,秒逆張り,,,0,148.16300
2025-07-01,2025-07-31,20260207_224829,20260207_224829-0025,2025-07-17 00:56:13.114000,2025-07-17 00:56:34.624000,売り,148.19200,147.89200,1.00,30.00,-1000.00,秒逆張り,,,0,148.19200
2025-07-01,2025-07-31,20260207_224829,20260207_224829-0026,2025-07-17 00:56:35.891000,2025-07-17 00:57:17.669000,買い,147.84400,148.14400,1.00,30.00,-970.00,秒逆張り,,,0,147.84400
2025-07-01,2025-07-31,20260207_224829,20260207_224829-0027,2025-07-17 21:30:08.821000,2025-07-17 21:30:16.328000,売り,148.90400,149.00400,1.00,-10.00,-980.00,秒逆張り,,,0,148.90400
2025-07-01,2025-07-31,20260207_224829,20260207_224829-0028,2025-07-17 21:30:17.624000,2025-07-17 21:30:28.111000,売り,148.95700,149.05700,1.00,-10.00,-990.00,秒逆張り,,,0,148.95700
2025-07-01,2025-07-31,20260207_224829,20260207_224829-0029,2025-07-23 11:18:20.325000,2025-07-23 11:18:29.266000,売り,146.62400,146.72400,1.00,-10.00,-1000.00,秒逆張り,,,0,146.62400
2025-07-01,2025-07-31,20260207_224829,20260207_224829-0030,2025-07-23 15:29:42.167000,2025-07-23 15:30:08.231000,買い,146.84000,146.74000,1.00,-10.00,-1010.00,秒逆張り,,,0,146.84000
2025-07-01,2025-07-31,20260207_224829,20260207_224829-0031,2025-07-30 21:15:02.158000,2025-07-30 21:30:19.808000,売り,148.39700,148.49700,1.00,-10.00,-1020.00,秒逆張り,,,0,148.39700
2025-07-01,2025-07-31,20260207_224829,20260207_224829-0032,2025-07-31 03:34:22.313000,2025-07-31 03:35:50.027000,買い,148.66700,148.56700,1.00,-10.00,-1030.00,秒逆張り,,,0,148.66700
2025-07-01,2025-07-31,20260207_224829,20260207_224829-0033,2025-07-31 03:34:31.195000,2025-07-31 03:35:55.600000,買い,148.64800,148.54800,1.00,-10.00,-1040.00,秒逆張り,,,0,148.64800
2025-07-01,2025-07-31,20260207_224829,20260207_224829-0034,2025-07-31 03:36:57.557000,2025-07-31 03:41:07.888000,売り,148.86700,148.96700,1.00,-10.00,-1050.00,秒逆張り,,,0,148.86700
2025-08-01,2025-08-31,20260207_224933,20260207_224933-0001,2025-08-01 21:30:03.114000,2025-08-01 21:30:04.702000,買い,150.05500,149.95500,1.00,-10.00,-1060.00,秒逆張り,,,0,150.05500
2025-08-01,2025-08-31,20260207_224933,20260207_224933-0002,2025-08-01 21:30:09.947000,2025-08-01 21:30:21.892000,買い,150.06600,149.96600,1.00,-10.00,-1070.00,秒逆張り,,,0,150.06600
2025-08-01,2025-08-31,20260207_224933,20260207_224933-0003,2025-08-01 21:30:18.675000,2025-08-01 21:30:26.381000,買い,150.01400,149.91400,1.00,-10.00,-1080.00,秒逆張り,,,0,150.01400
2025-08-01,2025-08-31,20260207_224933,20260207_224933-0004,2025-08-01 21:30:05.761000,2025-08-01 21:30:30.912000,買い,149.97000,149.87000,1.00,-10.00,-1090.00,秒逆張り,,,0,149.97000
2025-08-01,2025-08-31,20260207_224933,20260207_224933-0005,2025-08-01 23:00:02.546000,2025-08-01 23:00:04.800000,買い,147.90800,147.80800,1.00,-10.00,-1100.00,秒逆張り,,,0,147.90800
2025-08-01,2025-08-31,20260207_224933,20260207_224933-0006,2025-08-01 23:00:06.207000,2025-08-01 23:00:17.407000,買い,147.87000,147.77000,1.00,-10.00,-1110.00,秒逆張り,,,0,147.87000
2025-08-01,2025-08-31,20260207_224933,20260207_224933-0007,2025-08-01 23:00:21.179000,2025-08-01 23:00:29.784000,買い,147.69700,147.59700,1.00,-10.00,-1120.00,秒逆張り,,,0,147.69700
2025-08-01,2025-08-31,20260207_224933,20260207_224933-0008,2025-08-05 23:00:03.626000,2025-08-05 23:00:12.528000,買い,147.57400,147.47400,1.00,-10.00,-1130.00,秒逆張り,,,0,147.57400
2025-08-01,2025-08-31,20260207_224933,20260207_224933-0009,2025-08-05 23:00:07.487000,2025-08-05 23:00:19.681000,買い,147.55200,147.45200,1.00,-10.00,-1140.00,秒逆張り,,,0,147.55200
2025-08-01,2025-08-31,20260207_224933,20260207_224933-0010,2025-08-07 23:08:32.156000,2025-08-07 23:23:02.726000,売り,147.43500,147.53500,1.00,-10.00,-1150.00,秒逆張り,,,0,147.43500
2025-08-01,2025-08-31,20260207_224933,20260207_224933-0011,2025-08-12 21:30:03.322000,2025-08-12 21:30:04.812000,買い,148.26800,148.16800,1.00,-10.00,-1160.00,秒逆張り,,,0,148.26800
2025-08-01,2025-08-31,20260207_224933,20260207_224933-0012,2025-08-12 21:30:06.419000,2025-08-12 21:30:08.098000,買い,148.11900,148.01900,1.00,-10.00,-1170.00,秒逆張り,,,0,148.11900
2025-08-01,2025-08-31,20260207_224933,20260207_224933-0013,2025-08-12 21:30:13.776000,2025-08-12 21:30:31.584000,買い,147.90500,148.20500,1.00,30.00,-1140.00,秒逆張り,,,0,147.90500
2025-08-01,2025-08-31,20260207_224933,20260207_224933-0014,2025-08-12 21:30:10.746000,2025-08-12 21:30:32.051000,買い,147.91800,148.21800,1.00,30.00,-1110.00,秒逆張り,,,0,147.91800
2025-08-01,2025-08-31,20260207_224933,20260207_224933-0015,2025-08-12 22:44:18.971000,2025-08-12 22:44:52.837000,買い,148.24600,148.14600,1.00,-10.00,-1120.00,秒逆張り,,,0,148.24600
2025-08-01,2025-08-31,20260207_224933,20260207_224933-0016,2025-08-12 22:44:32.397000,2025-08-12 22:44:55.682000,買い,148.20500,148.10500,1.00,-10.00,-1130.00,秒逆張り,,,0,148.20500
2025-08-01,2025-08-31,20260207_224933,20260207_224933-0017,2025-08-14 21:30:07.155000,2025-08-14 21:30:10.444000,売り,146.81400,146.91400,1.00,-10.00,-1140.00,秒逆張り,,,0,146.81400
2025-08-01,2025-08-31,20260207_224933,20260207_224933-0018,2025-08-14 21:30:11.837000,2025-08-14 21:30:27.383000,売り,146.94300,147.04300,1.00,-10.00,-1150.00,秒逆張り,,,0,146.94300
2025-08-01,2025-08-31,20260207_224933,20260207_224933-0019,2025-08-21 22:45:01.924000,2025-08-21 23:08:25.761000,売り,147.86300,147.96300,1.00,-10.00,-1160.00,秒逆張り,,,0,147.86300
2025-08-01,2025-08-31,20260207_224933,20260207_224933-0020,2025-08-21 21:30:02.099000,2025-08-21 23:09:06.403000,買い,147.68000,147.98000,1.00,30.00,-1130.00,秒逆張り,,,0,147.68000
2025-08-01,2025-08-31,20260207_224933,20260207_224933-0021,2025-08-22 00:29:31.456000,2025-08-22 08:18:31.203000,買い,148.11700,148.41700,1.00,30.00,-1100.00,秒逆張り,,,0,148.11700
2025-08-01,2025-08-31,20260207_224933,20260207_224933-0022,2025-08-22 00:29:22.697000,2025-08-22 09:02:59.842000,買い,148.16600,148.46600,1.00,30.00,-1070.00,秒逆張り,,,0,148.16600
2025-08-01,2025-08-31,20260207_224933,20260207_224933-0023,2025-08-22 23:00:05.876000,2025-08-22 23:00:17.191000,買い,148.15000,148.05000,1.00,-10.00,-1080.00,秒逆張り,,,0,148.15000
2025-08-01,2025-08-31,20260207_224933,20260207_224933-0024,2025-08-22 23:00:13.714000,2025-08-22 23:00:17.191000,買い,148.15100,148.05100,1.00,-10.00,-1090.00,秒逆張り,,,0,148.15100
2025-08-01,2025-08-31,20260207_224933,20260207_224933-0025,2025-08-22 23:00:18.332000,2025-08-22 23:00:23.719000,買い,148.04000,147.94000,1.00,-10.00,-1100.00,秒逆張り,,,0,148.04000
2025-08-01,2025-08-31,20260207_224933,20260207_224933-0026,2025-08-22 23:00:29.163000,2025-08-22 23:00:38.090000,買い,147.84900,147.74900,1.00,-10.00,-1110.00,秒逆張り,,,0,147.84900
2025-08-01,2025-08-31,20260207_224933,20260207_224933-0027,2025-08-22 23:01:09.381000,2025-08-22 23:01:19.841000,買い,147.70400,147.60400,1.00,-10.00,-1120.00,秒逆張り,,,0,147.70400
2025-09-01,2025-09-30,20260207_225040,20260207_225040-0001,2025-09-03 23:00:03.215000,2025-09-03 23:00:09.402000,買い,148.41700,148.31700,1.00,-10.00,-1130.00,秒逆張り,,,0,148.41700
2025-09-01,2025-09-30,20260207_225040,20260207_225040-0002,2025-09-04 21:30:01.706000,2025-09-04 21:32:56.722000,買い,148.19400,148.49400,1.00,30.00,-1100.00,秒逆張り,,,0,148.19400
2025-09-01,2025-09-30,20260207_225040,20260207_225040-0003,2025-09-04 21:30:19.006000,2025-09-04 21:39:04.771000,買い,148.22800,148.52800,1.00,30.00,-1070.00,秒逆張り,,,0,148.22800
2025-09-01,2025-09-30,20260207_225040,20260207_225040-0004,2025-09-04 23:00:02.821000,2025-09-04 23:35:15.673000,売り,148.56100,148.66100,1.00,-10.00,-1080.00,秒逆張り,,,0,148.56100
2025-09-01,2025-09-30,20260207_225040,20260207_225040-0005,2025-09-05 21:30:04.051000,2025-09-05 21:30:05.900000,買い,147.50700,147.40700,1.00,-10.00,-1090.00,秒逆張り,,,0,147.50700
2025-09-01,2025-09-30,20260207_225040,20260207_225040-0006,2025-09-05 21:30:09.714000,2025-09-05 21:30:12.679000,買い,147.36900,147.26900,1.00,-10.00,-1100.00,秒逆張り,,,0,147.36900
2025-09-01,2025-09-30,20260207_225040,20260207_225040-0007,2025-09-05 21:30:45.052000,2025-09-05 21:31:55.246000,買い,147.22200,147.52200,1.00,30.00,-1070.00,秒逆張り,,,0,147.22200
2025-09-01,2025-09-30,20260207_225040,20260207_225040-0008,2025-09-09 23:00:03.760000,2025-09-09 23:00:10.903000,買い,146.77000,146.67000,1.00,-10.00,-1080.00,秒逆張り,,,0,146.77000
2025-09-01,2025-09-30,20260207_225040,20260207_225040-0009,2025-09-09 23:00:14.068000,2025-09-09 23:00:21.224000,買い,146.64100,146.54100,1.00,-10.00,-1090.00,秒逆張り,,,0,146.64100
2025-09-01,2025-09-30,20260207_225040,20260207_225040-0010,2025-09-10 21:30:05.683000,2025-09-10 21:41:03.045000,買い,147.16000,147.46000,1.00,30.00,-1060.00,秒逆張り,,,0,147.16000
2025-09-01,2025-09-30,20260207_225040,20260207_225040-0011,2025-09-11 21:30:06.080000,2025-09-11 21:30:08.228000,売り,148.16900,147.86900,1.00,30.00,-1030.00,秒逆張り,,,0,148.16900
2025-09-01,2025-09-30,20260207_225040,20260207_225040-0012,2025-09-11 21:30:17.935000,2025-09-11 21:30:34.660000,買い,147.73000,147.63000,1.00,-10.00,-1040.00,秒逆張り,,,0,147.73000
2025-09-01,2025-09-30,20260207_225040,20260207_225040-0013,2025-09-11 21:30:20.249000,2025-09-11 21:30:34.876000,買い,147.71800,147.61800,1.00,-10.00,-1050.00,秒逆張り,,,0,147.71800
2025-09-01,2025-09-30,20260207_225040,20260207_225040-0014,2025-09-11 21:30:26.934000,2025-09-11 21:30:38.429000,買い,147.69700,147.59700,1.00,-10.00,-1060.00,秒逆張り,,,0,147.69700
2025-09-01,2025-09-30,20260207_225040,20260207_225040-0015,2025-09-11 21:30:36.135000,2025-09-11 21:30:57.500000,買い,147.66400,147.56400,1.00,-10.00,-1070.00,秒逆張り,,,0,147.66400
2025-09-01,2025-09-30,20260207_225040,20260207_225040-0016,2025-09-16 21:30:03.187000,2025-09-16 22:30:10.264000,売り,147.18000,146.88000,1.00,30.00,-1040.00,秒逆張り,,,0,147.18000
2025-09-01,2025-09-30,20260207_225040,20260207_225040-0017,2025-09-18 03:00:03.737000,2025-09-18 03:00:50.243000,買い,145.98100,145.88100,1.00,-10.00,-1050.00,秒逆張り,,,0,145.98100
2025-09-01,2025-09-30,20260207_225040,20260207_225040-0018,2025-09-18 03:42:20.794000,2025-09-18 03:51:04.067000,売り,146.60200,146.70200,1.00,-10.00,-1060.00,秒逆張り,,,0,146.60200
2025-09-01,2025-09-30,20260207_225040,20260207_225040-0019,2025-09-18 03:50:03.735000,2025-09-18 03:51:05.962000,売り,146.62900,146.72900,1.00,-10.00,-1070.00,秒逆張り,,,0,146.62900
2025-09-01,2025-09-30,20260207_225040,20260207_225040-0020,2025-09-18 21:30:02.923000,2025-09-18 21:30:13.247000,売り,147.48400,147.58400,1.00,-10.00,-1080.00,秒逆張り,,,0,147.48400
2025-09-01,2025-09-30,20260207_225040,20260207_225040-0021,2025-09-19 12:47:07.127000,2025-09-19 12:47:45.074000,売り,147.83500,147.53500,1.00,30.00,-1050.00,秒逆張り,,,0,147.83500
2025-09-01,2025-09-30,20260207_225040,20260207_225040-0022,2025-09-24 01:35:04.586000,2025-09-24 01:36:29.018000,売り,147.79200,147.89200,1.00,-10.00,-1060.00,秒逆張り,,,0,147.79200
2025-10-01,2025-10-31,20260207_225157,20260207_225157-0001,2025-10-01 21:15:50.868000,2025-10-01 21:15:57.271000,買い,146.80400,146.70400,1.00,-10.00,-1070.00,秒逆張り,,,0,146.80400
2025-10-01,2025-10-31,20260207_225157,20260207_225157-0002,2025-10-03 23:00:01.372000,2025-10-03 23:09:04.205000,買い,147.09300,147.39300,1.00,30.00,-1040.00,秒逆張り,,,0,147.09300
2025-10-01,2025-10-31,20260207_225157,20260207_225157-0003,2025-10-06 21:00:22.285000,2025-10-06 21:00:44.371000,買い,150.13600,150.03600,1.00,-10.00,-1050.00,秒逆張り,,,0,150.13600
2025-10-01,2025-10-31,20260207_225157,20260207_225157-0004,2025-10-06 21:00:28.559000,2025-10-06 21:00:47.077000,買い,150.12400,150.02400,1.00,-10.00,-1060.00,秒逆張り,,,0,150.12400
2025-10-01,2025-10-31,20260207_225157,20260207_225157-0005,2025-10-06 21:00:45.511000,2025-10-06 21:00:48.334000,買い,150.08300,149.98300,1.00,-10.00,-1070.00,秒逆張り,,,0,150.08300
2025-10-01,2025-10-31,20260207_225157,20260207_225157-0006,2025-10-06 21:00:49.428000,2025-10-06 21:10:58.981000,買い,150.02700,149.92700,1.00,-10.00,-1080.00,秒逆張り,,,0,150.02700
2025-10-01,2025-10-31,20260207_225157,20260207_225157-0007,2025-10-09 18:04:59.411000,2025-10-09 18:15:19.129000,買い,152.53700,152.83700,1.00,30.00,-1050.00,秒逆張り,,,0,152.53700
2025-10-01,2025-10-31,20260207_225157,20260207_225157-0008,2025-10-09 22:07:01.380000,2025-10-09 22:07:02.168000,買い,152.62300,152.52300,1.00,-10.00,-1060.00,秒逆張り,,,0,152.62300
2025-10-01,2025-10-31,20260207_225157,20260207_225157-0009,2025-10-09 22:07:12.370000,2025-10-09 22:07:15.996000,買い,152.38900,152.28900,1.00,-10.00,-1070.00,秒逆張り,,,0,152.38900
2025-10-01,2025-10-31,20260207_225157,20260207_225157-0010,2025-10-10 15:35:35.902000,2025-10-10 15:37:04.893000,買い,152.57800,152.47800,1.00,-10.00,-1080.00,秒逆張り,,,0,152.57800
2025-10-01,2025-10-31,20260207_225157,20260207_225157-0011,2025-10-10 15:35:46.781000,2025-10-10 15:37:04.893000,買い,152.57300,152.47300,1.00,-10.00,-1090.00,秒逆張り,,,0,152.57300
2025-10-01,2025-10-31,20260207_225157,20260207_225157-0012,2025-10-10 15:35:49.840000,2025-10-10 15:37:16.294000,買い,152.52500,152.42500,1.00,-10.00,-1100.00,秒逆張り,,,0,152.52500
2025-10-01,2025-10-31,20260207_225157,20260207_225157-0013,2025-10-21 13:56:13.408000,2025-10-21 14:05:02.636000,買い,150.97800,150.87800,1.00,-10.00,-1110.00,秒逆張り,,,0,150.97800
2025-10-01,2025-10-31,20260207_225157,20260207_225157-0014,2025-10-23 01:30:39.691000,2025-10-23 01:30:42.501000,買い,151.63700,151.53700,1.00,-10.00,-1120.00,秒逆張り,,,0,151.63700
2025-10-01,2025-10-31,20260207_225157,20260207_225157-0015,2025-10-24 21:30:02.692000,2025-10-24 21:48:43.751000,買い,152.30500,152.60500,1.00,30.00,-1090.00,秒逆張り,,,0,152.30500
2025-10-01,2025-10-31,20260207_225157,20260207_225157-0016,2025-10-24 22:45:03.019000,2025-10-24 22:48:04.309000,売り,152.82100,152.92100,1.00,-10.00,-1100.00,秒逆張り,,,0,152.82100
2025-10-01,2025-10-31,20260207_225157,20260207_225157-0017,2025-10-29 01:30:47.298000,2025-10-29 04:40:01.371000,売り,152.26500,151.96500,1.00,30.00,-1070.00,秒逆張り,,,0,152.26500
2025-10-01,2025-10-31,20260207_225157,20260207_225157-0018,2025-10-30 03:35:26.711000,2025-10-30 03:35:29.048000,売り,152.42500,152.52500,1.00,-10.00,-1080.00,秒逆張り,,,0,152.42500
2025-10-01,2025-10-31,20260207_225157,20260207_225157-0019,2025-10-30 03:32:37.421000,2025-10-30 03:35:32.734000,買い,152.34300,152.64300,1.00,30.00,-1050.00,秒逆張り,,,0,152.34300
2025-10-01,2025-10-31,20260207_225157,20260207_225157-0020,2025-10-30 03:35:39.804000,2025-10-30 03:36:04.239000,売り,152.68200,152.78200,1.00,-10.00,-1060.00,秒逆張り,,,0,152.68200
2025-10-01,2025-10-31,20260207_225157,20260207_225157-0021,2025-10-30 03:35:35.452000,2025-10-30 03:36:07.836000,売り,152.70100,152.80100,1.00,-10.00,-1070.00,秒逆張り,,,0,152.70100
2025-10-01,2025-10-31,20260207_225157,20260207_225157-0022,2025-10-30 12:15:06.906000,2025-10-30 12:15:10.875000,売り,152.33800,152.43800,1.00,-10.00,-1080.00,秒逆張り,,,0,152.33800
2025-10-01,2025-10-31,20260207_225157,20260207_225157-0023,2025-10-30 12:15:13.488000,2025-10-30 12:15:18.539000,売り,152.51400,152.61400,1.00,-10.00,-1090.00,秒逆張り,,,0,152.51400
2025-10-01,2025-10-31,20260207_225157,20260207_225157-0024,2025-10-30 12:15:19.712000,2025-10-30 12:15:27.034000,売り,152.56500,152.66500,1.00,-10.00,-1100.00,秒逆張り,,,0,152.56500
2025-10-01,2025-10-31,20260207_225157,20260207_225157-0025,2025-10-30 13:35:07.109000,2025-10-30 14:57:30.427000,売り,152.91500,153.01500,1.00,-10.00,-1110.00,秒逆張り,,,0,152.91500
2025-11-01,2025-11-30,20260207_225303,20260207_225303-0001,2025-11-04 00:00:01.630000,2025-11-04 04:36:20.365000,買い,153.94800,154.24800,1.00,30.00,-1080.00,秒逆張り,,,0,153.94800
2025-11-01,2025-11-30,20260207_225303,20260207_225303-0002,2025-11-06 00:00:02.652000,2025-11-06 00:01:02.200000,売り,154.19800,154.29800,1.00,-10.00,-1090.00,秒逆張り,,,0,154.19800
2025-11-01,2025-11-30,20260207_225303,20260207_225303-0003,2025-11-20 22:30:02.716000,2025-11-20 22:30:43.949000,売り,157.80700,157.50700,1.00,30.00,-1060.00,秒逆張り,,,0,157.80700
2025-11-01,2025-11-30,20260207_225303,20260207_225303-0004,2025-11-20 22:30:12.898000,2025-11-20 22:30:48.664000,売り,157.69500,157.39500,1.00,30.00,-1030.00,秒逆張り,,,0,157.69500
2025-11-01,2025-11-30,20260207_225303,20260207_225303-0005,2025-11-20 22:30:53.956000,2025-11-20 22:33:21.867000,買い,157.29100,157.59100,1.00,30.00,-1000.00,秒逆張り,,,0,157.29100
2025-11-01,2025-11-30,20260207_225303,20260207_225303-0006,2025-11-22 00:01:36.898000,2025-11-22 00:01:49.151000,買い,156.45100,156.35100,1.00,-10.00,-1010.00,秒逆張り,,,0,156.45100
2025-11-01,2025-11-30,20260207_225303,20260207_225303-0007,2025-11-25 22:30:02.431000,2025-11-25 23:47:35.352000,買い,156.07000,155.97000,1.00,-10.00,-1020.00,秒逆張り,,,0,156.07000
2025-11-01,2025-11-30,20260207_225303,20260207_225303-0008,2025-11-26 02:00:18.506000,2025-11-26 02:18:35.271000,買い,156.09500,155.99500,1.00,-10.00,-1030.00,秒逆張り,,,0,156.09500
2025-11-01,2025-11-30,20260207_225303,20260207_225303-0009,2025-11-26 02:00:21.807000,2025-11-26 02:18:48.865000,買い,156.07600,155.97600,1.00,-10.00,-1040.00,秒逆張り,,,0,156.07600
2025-11-01,2025-11-30,20260207_225303,20260207_225303-0010,2025-11-26 22:30:01.383000,2025-11-26 22:35:38.887000,売り,156.49600,156.59600,1.00,-10.00,-1050.00,秒逆張り,,,0,156.49600
2025-11-01,2025-11-30,20260207_225303,20260207_225303-0011,2025-11-28 11:32:38.233000,2025-11-28 15:15:46.603000,買い,156.11500,156.41500,1.00,30.00,-1020.00,秒逆張り,,,0,156.11500
2025-11-01,2025-11-30,20260207_225303,20260207_225303-0012,2025-11-28 12:10:19.395000,2025-11-28 22:55:02.248000,買い,156.16200,156.06200,1.00,-10.00,-1030.00,秒逆張り,,,0,156.16200
2025-12-01,2025-12-31,20260207_225405,20260207_225405-0001,2025-12-03 22:15:01.542000,2025-12-04 00:02:45.334000,買い,155.25700,155.55700,1.00,30.00,-1000.00,秒逆張り,,,0,155.25700
2025-12-01,2025-12-31,20260207_225405,20260207_225405-0002,2025-12-04 14:35:05.549000,2025-12-04 14:43:01.117000,買い,155.36900,155.26900,1.00,-10.00,-1010.00,秒逆張り,,,0,155.36900
2025-12-01,2025-12-31,20260207_225405,20260207_225405-0003,2025-12-04 22:30:04.574000,2025-12-04 23:13:31.217000,売り,155.02800,154.72800,1.00,30.00,-980.00,秒逆張り,,,0,155.02800
2025-12-01,2025-12-31,20260207_225405,20260207_225405-0004,2025-12-10 00:00:05.626000,2025-12-10 00:06:03.919000,売り,156.65400,156.75400,1.00,-10.00,-990.00,秒逆張り,,,0,156.65400
2025-12-01,2025-12-31,20260207_225405,20260207_225405-0005,2025-12-11 04:35:32.974000,2025-12-11 04:36:10.114000,買い,156.17900,156.47900,1.00,30.00,-960.00,秒逆張り,,,0,156.17900
2025-12-01,2025-12-31,20260207_225405,20260207_225405-0006,2025-12-11 04:35:57.909000,2025-12-11 04:36:10.114000,売り,156.39400,156.49400,1.00,-10.00,-970.00,秒逆張り,,,0,156.39400
2025-12-01,2025-12-31,20260207_225405,20260207_225405-0007,2025-12-11 04:36:11.706000,2025-12-11 04:40:52.235000,売り,156.49900,156.59900,1.00,-10.00,-980.00,秒逆張り,,,0,156.49900
2025-12-01,2025-12-31,20260207_225405,20260207_225405-0008,2025-12-11 04:40:09.049000,2025-12-11 04:40:52.833000,売り,156.50700,156.60700,1.00,-10.00,-990.00,秒逆張り,,,0,156.50700
2025-12-01,2025-12-31,20260207_225405,20260207_225405-0009,2025-12-16 00:20:00.440000,2025-12-16 00:59:10.789000,売り,155.06300,155.16300,1.00,-10.00,-1000.00,秒逆張り,,,0,155.06300
2025-12-01,2025-12-31,20260207_225405,20260207_225405-0010,2025-12-16 22:30:03.872000,2025-12-16 22:31:25.728000,買い,154.55900,154.45900,1.00,-10.00,-1010.00,秒逆張り,,,0,154.55900
2025-12-01,2025-12-31,20260207_225405,20260207_225405-0011,2025-12-17 04:25:44.426000,2025-12-17 05:08:00.212000,売り,154.88300,154.58300,1.00,30.00,-980.00,秒逆張り,,,0,154.88300
2025-12-01,2025-12-31,20260207_225405,20260207_225405-0012,2025-12-18 22:30:02.988000,2025-12-18 22:30:03.728000,買い,155.43800,155.33800,1.00,-10.00,-990.00,秒逆張り,,,0,155.43800
2025-12-01,2025-12-31,20260207_225405,20260207_225405-0013,2025-12-18 22:30:06.176000,2025-12-18 23:40:08.256000,買い,155.42200,155.32200,1.00,-10.00,-1000.00,秒逆張り,,,0,155.42200
2025-12-01,2025-12-31,20260207_225405,20260207_225405-0014,2025-12-19 12:21:18.992000,2025-12-19 12:21:49.608000,売り,155.90700,156.00700,1.00,-10.00,-1010.00,秒逆張り,,,0,155.90700
2025-12-01,2025-12-31,20260207_225405,20260207_225405-0015,2025-12-19 23:13:53.238000,2025-12-19 23:33:53.357000,買い,156.97200,157.27200,1.00,30.00,-980.00,秒逆張り,,,0,156.97200
2025-12-01,2025-12-31,20260207_225405,20260207_225405-0016,2025-12-22 22:10:05.191000,2025-12-22 22:10:07.492000,買い,157.19500,157.09500,1.00,-10.00,-990.00,秒逆張り,,,0,157.19500
2025-12-01,2025-12-31,20260207_225405,20260207_225405-0017,2025-12-22 22:10:08.928000,2025-12-22 22:10:16.559000,買い,157.10000,157.00000,1.00,-10.00,-1000.00,秒逆張り,,,0,157.10000
2025-12-01,2025-12-31,20260207_225405,20260207_225405-0018,2025-12-22 22:10:15.652000,2025-12-22 22:10:17.105000,買い,157.07800,156.97800,1.00,-10.00,-1010.00,秒逆張り,,,0,157.07800
2025-12-01,2025-12-31,20260207_225405,20260207_225405-0019,2025-12-22 22:10:18.730000,2025-12-22 22:10:21.427000,買い,157.00100,156.90100,1.00,-10.00,-1020.00,秒逆張り,,,0,157.00100
2025-12-01,2025-12-31,20260207_225405,20260207_225405-0020,2025-12-22 22:10:23.353000,2025-12-22 22:18:57.096000,買い,156.92700,157.22700,1.00,30.00,-990.00,秒逆張り,,,0,156.92700
