開始日,終了日,実行ID,取引ID,段階,種別,in時刻,in価格,ロット
2025-01-01,2025-01-31,20260208_070411,20260208_070411-0001,1,初回,2025-01-03 16:01:29.273000,157.13800,1.00
2025-01-01,2025-01-31,20260208_070411,20260208_070411-0001,2,段階1,2025-01-03 16:01:29.273000,157.08300,1.00
2025-01-01,2025-01-31,20260208_070411,20260208_070411-0002,1,初回,2025-01-03 15:54:14.223000,157.19500,1.00
2025-01-01,2025-01-31,20260208_070411,20260208_070411-0002,2,段階1,2025-01-03 15:54:14.223000,157.14400,1.00
2025-01-01,2025-01-31,20260208_070411,20260208_070411-0002,3,段階2,2025-01-03 15:54:14.223000,157.09300,1.00
2025-01-01,2025-01-31,20260208_070411,20260208_070411-0003,1,初回,2025-01-04 00:31:12.307000,157.45600,1.00
2025-01-01,2025-01-31,20260208_070411,20260208_070411-0004,1,初回,2025-01-07 00:11:56.885000,157.47000,1.00
2025-01-01,2025-01-31,20260208_070411,20260208_070411-0004,2,段階1,2025-01-07 00:11:56.885000,157.52200,1.00
2025-01-01,2025-01-31,20260208_070411,20260208_070411-0004,3,段階2,2025-01-07 00:11:56.885000,157.57600,1.00
2025-01-01,2025-01-31,20260208_070411,20260208_070411-0004,4,段階3,2025-01-07 00:11:56.885000,157.62000,1.00
2025-01-01,2025-01-31,20260208_070411,20260208_070411-0005,1,初回,2025-01-07 22:15:35.301000,157.63200,1.00
2025-01-01,2025-01-31,20260208_070411,20260208_070411-0005,2,段階1,2025-01-07 22:15:35.301000,157.57700,1.00
2025-01-01,2025-01-31,20260208_070411,20260208_070411-0006,1,初回,2025-01-08 13:21:46.341000,158.23800,1.00
2025-01-01,2025-01-31,20260208_070411,20260208_070411-0007,1,初回,2025-01-08 20:12:20.168000,158.34600,1.00
2025-01-01,2025-01-31,20260208_070411,20260208_070411-0007,2,段階1,2025-01-08 20:12:20.168000,158.39700,1.00
2025-01-01,2025-01-31,20260208_070411,20260208_070411-0007,3,段階2,2025-01-08 20:12:20.168000,158.44700,1.00
2025-01-01,2025-01-31,20260208_070411,20260208_070411-0007,4,段階3,2025-01-08 20:12:20.168000,158.52800,1.00
2025-01-01,2025-01-31,20260208_070411,20260208_070411-0007,5,段階4,2025-01-08 20:12:20.168000,158.54900,1.00
2025-01-01,2025-01-31,20260208_070411,20260208_070411-0008,1,初回,2025-01-09 14:35:22.483000,158.13200,1.00
2025-01-01,2025-01-31,20260208_070411,20260208_070411-0008,2,段階1,2025-01-09 14:35:22.483000,158.18300,1.00
2025-01-01,2025-01-31,20260208_070411,20260208_070411-0008,3,段階2,2025-01-09 14:35:22.483000,158.23300,1.00
2025-01-01,2025-01-31,20260208_070411,20260208_070411-0008,4,段階3,2025-01-09 14:35:22.483000,158.28300,1.00
2025-01-01,2025-01-31,20260208_070411,20260208_070411-0009,1,初回,2025-01-13 14:43:45.038000,157.29700,1.00
2025-01-01,2025-01-31,20260208_070411,20260208_070411-0010,1,初回,2025-01-14 03:01:37.268000,157.32200,1.00
2025-01-01,2025-01-31,20260208_070411,20260208_070411-0011,1,初回,2025-01-14 18:33:28.902000,157.95600,1.00
2025-01-01,2025-01-31,20260208_070411,20260208_070411-0011,2,段階1,2025-01-14 18:33:28.902000,158.01100,1.00
2025-01-01,2025-01-31,20260208_070411,20260208_070411-0011,3,段階2,2025-01-14 18:33:28.902000,158.05700,1.00
2025-01-01,2025-01-31,20260208_070411,20260208_070411-0011,4,段階3,2025-01-14 18:33:28.902000,158.10800,1.00
2025-01-01,2025-01-31,20260208_070411,20260208_070411-0012,1,初回,2025-01-20 12:48:32.485000,155.76400,1.00
2025-01-01,2025-01-31,20260208_070411,20260208_070411-0013,1,初回,2025-01-20 16:06:57.321000,156.26400,1.00
2025-01-01,2025-01-31,20260208_070411,20260208_070411-0014,1,初回,2025-01-20 14:20:47.141000,156.02400,1.00
2025-01-01,2025-01-31,20260208_070411,20260208_070411-0014,2,段階1,2025-01-20 14:20:47.141000,156.07400,1.00
2025-01-01,2025-01-31,20260208_070411,20260208_070411-0014,3,段階2,2025-01-20 14:20:47.141000,156.12500,1.00
2025-01-01,2025-01-31,20260208_070411,20260208_070411-0014,4,段階3,2025-01-20 14:20:47.141000,156.18000,1.00
2025-01-01,2025-01-31,20260208_070411,20260208_070411-0014,5,段階4,2025-01-20 14:20:47.141000,156.22900,1.00
2025-01-01,2025-01-31,20260208_070411,20260208_070411-0014,6,段階5,2025-01-20 14:20:47.141000,156.27800,1.00
2025-01-01,2025-01-31,20260208_070411,20260208_070411-0015,1,初回,2025-01-20 18:12:26.127000,156.21300,1.00
2025-01-01,2025-01-31,20260208_070411,20260208_070411-0015,2,段階1,2025-01-20 18:12:26.127000,156.26600,1.00
2025-01-01,2025-01-31,20260208_070411,20260208_070411-0015,3,段階2,2025-01-20 18:12:26.127000,156.31400,1.00
2025-01-01,2025-01-31,20260208_070411,20260208_070411-0015,4,段階3,2025-01-20 18:12:26.127000,156.36400,1.00
2025-01-01,2025-01-31,20260208_070411,20260208_070411-0015,5,段階4,2025-01-20 18:12:26.127000,156.41300,1.00
2025-01-01,2025-01-31,20260208_070411,20260208_070411-0016,1,初回,2025-01-21 21:34:04.091000,155.77700,1.00
2025-01-01,2025-01-31,20260208_070411,20260208_070411-0016,2,段階1,2025-01-21 21:34:04.091000,155.72500,1.00
2025-01-01,2025-01-31,20260208_070411,20260208_070411-0016,3,段階2,2025-01-21 21:34:04.091000,155.67600,1.00
2025-01-01,2025-01-31,20260208_070411,20260208_070411-0016,4,段階3,2025-01-21 21:34:04.091000,155.62700,1.00
2025-01-01,2025-01-31,20260208_070411,20260208_070411-0016,5,段階4,2025-01-21 21:34:04.091000,155.57300,1.00
2025-01-01,2025-01-31,20260208_070411,20260208_070411-0016,6,段階5,2025-01-21 21:34:04.091000,155.52700,1.00
2025-01-01,2025-01-31,20260208_070411,20260208_070411-0017,1,初回,2025-01-23 20:58:59.989000,156.54100,1.00
2025-01-01,2025-01-31,20260208_070411,20260208_070411-0017,2,段階1,2025-01-23 20:58:59.989000,156.59300,1.00
2025-01-01,2025-01-31,20260208_070411,20260208_070411-0018,1,初回,2025-01-27 13:18:14.505000,155.87300,1.00
2025-01-01,2025-01-31,20260208_070411,20260208_070411-0018,2,段階1,2025-01-27 13:18:14.505000,155.93000,1.00
2025-01-01,2025-01-31,20260208_070411,20260208_070411-0018,3,段階2,2025-01-27 13:18:14.505000,155.97300,1.00
2025-01-01,2025-01-31,20260208_070411,20260208_070411-0018,4,段階3,2025-01-27 13:18:14.505000,156.02900,1.00
2025-01-01,2025-01-31,20260208_070411,20260208_070411-0018,5,段階4,2025-01-27 13:18:14.505000,156.07300,1.00
2025-01-01,2025-01-31,20260208_070411,20260208_070411-0018,6,段階5,2025-01-27 13:18:14.505000,156.12300,1.00
2025-01-01,2025-01-31,20260208_070411,20260208_070411-0019,1,初回,2025-01-27 17:56:40.245000,155.08700,1.00
2025-01-01,2025-01-31,20260208_070411,20260208_070411-0019,2,段階1,2025-01-27 17:56:40.245000,155.02800,1.00
2025-01-01,2025-01-31,20260208_070411,20260208_070411-0019,3,段階2,2025-01-27 17:56:40.245000,154.97800,1.00
2025-01-01,2025-01-31,20260208_070411,20260208_070411-0019,4,段階3,2025-01-27 17:56:40.245000,154.93600,1.00
2025-01-01,2025-01-31,20260208_070411,20260208_070411-0019,5,段階4,2025-01-27 17:56:40.245000,154.88500,1.00
2025-01-01,2025-01-31,20260208_070411,20260208_070411-0019,6,段階5,2025-01-27 17:56:40.245000,154.83700,1.00
2025-01-01,2025-01-31,20260208_070411,20260208_070411-0020,1,初回,2025-01-28 12:22:55.982000,155.66800,1.00
2025-01-01,2025-01-31,20260208_070411,20260208_070411-0020,2,段階1,2025-01-28 12:22:55.982000,155.72100,1.00
2025-01-01,2025-01-31,20260208_070411,20260208_070411-0020,3,段階2,2025-01-28 12:22:55.982000,155.77100,1.00
2025-01-01,2025-01-31,20260208_070411,20260208_070411-0020,4,段階3,2025-01-28 12:22:55.982000,155.82600,1.00
2025-01-01,2025-01-31,20260208_070411,20260208_070411-0020,5,段階4,2025-01-28 12:22:55.982000,155.87400,1.00
2025-01-01,2025-01-31,20260208_070411,20260208_070411-0020,6,段階5,2025-01-28 12:22:55.982000,155.92300,1.00
2025-01-01,2025-01-31,20260208_070411,20260208_070411-0021,1,初回,2025-01-28 12:58:17.943000,155.71800,1.00
2025-01-01,2025-01-31,20260208_070411,20260208_070411-0021,2,段階1,2025-01-28 12:58:17.943000,155.76800,1.00
2025-01-01,2025-01-31,20260208_070411,20260208_070411-0021,3,段階2,2025-01-28 12:58:17.943000,155.82600,1.00
2025-01-01,2025-01-31,20260208_070411,20260208_070411-0021,4,段階3,2025-01-28 12:58:17.943000,155.87400,1.00
2025-01-01,2025-01-31,20260208_070411,20260208_070411-0021,5,段階4,2025-01-28 12:58:17.943000,155.92300,1.00
2025-01-01,2025-01-31,20260208_070411,20260208_070411-0021,6,段階5,2025-01-28 12:58:17.943000,155.96800,1.00
2025-01-01,2025-01-31,20260208_070411,20260208_070411-0022,1,初回,2025-01-28 15:56:02.815000,155.82500,1.00
2025-01-01,2025-01-31,20260208_070411,20260208_070411-0022,2,段階1,2025-01-28 15:56:02.815000,155.87500,1.00
2025-01-01,2025-01-31,20260208_070411,20260208_070411-0022,3,段階2,2025-01-28 15:56:02.815000,155.92900,1.00
2025-01-01,2025-01-31,20260208_070411,20260208_070411-0022,4,段階3,2025-01-28 15:56:02.815000,155.97500,1.00
2025-01-01,2025-01-31,20260208_070411,20260208_070411-0023,1,初回,2025-01-28 21:34:45.292000,155.32200,1.00
2025-01-01,2025-01-31,20260208_070411,20260208_070411-0023,2,段階1,2025-01-28 21:34:45.292000,155.27200,1.00
2025-01-01,2025-01-31,20260208_070411,20260208_070411-0023,3,段階2,2025-01-28 21:34:45.292000,155.22100,1.00
2025-01-01,2025-01-31,20260208_070411,20260208_070411-0023,4,段階3,2025-01-28 21:34:45.292000,155.16700,1.00
2025-01-01,2025-01-31,20260208_070411,20260208_070411-0023,5,段階4,2025-01-28 21:34:45.292000,155.11900,1.00
2025-01-01,2025-01-31,20260208_070411,20260208_070411-0023,6,段階5,2025-01-28 21:34:45.292000,155.07200,1.00
2025-01-01,2025-01-31,20260208_070411,20260208_070411-0024,1,初回,2025-01-29 15:00:09.866000,155.05900,1.00
2025-01-01,2025-01-31,20260208_070411,20260208_070411-0025,1,初回,2025-01-31 14:10:57.590000,154.48200,1.00
2025-01-01,2025-01-31,20260208_070411,20260208_070411-0025,2,段階1,2025-01-31 14:10:57.590000,154.53300,1.00
2025-01-01,2025-01-31,20260208_070411,20260208_070411-0025,3,段階2,2025-01-31 14:10:57.590000,154.58300,1.00
2025-01-01,2025-01-31,20260208_070411,20260208_070411-0025,4,段階3,2025-01-31 14:10:57.590000,154.63300,1.00
2025-01-01,2025-01-31,20260208_070411,20260208_070411-0025,5,段階4,2025-01-31 14:10:57.590000,154.68300,1.00
2025-01-01,2025-01-31,20260208_070411,20260208_070411-0025,6,段階5,2025-01-31 14:10:57.590000,154.73400,1.00
2025-01-01,2025-01-31,20260208_070411,20260208_070411-0026,1,初回,2025-01-31 19:14:46.433000,154.74400,1.00
2025-01-01,2025-01-31,20260208_070411,20260208_070411-0026,2,段階1,2025-01-31 19:14:46.433000,154.79400,1.00
2025-01-01,2025-01-31,20260208_070411,20260208_070411-0026,3,段階2,2025-01-31 19:14:46.433000,154.84500,1.00
2025-01-01,2025-01-31,20260208_070411,20260208_070411-0026,4,段階3,2025-01-31 19:14:46.433000,154.89500,1.00
2025-01-01,2025-01-31,20260208_070411,20260208_070411-0026,5,段階4,2025-01-31 19:14:46.433000,154.94600,1.00
2025-01-01,2025-01-31,20260208_070411,20260208_070411-0026,6,段階5,2025-01-31 19:14:46.433000,154.99500,1.00
2025-01-01,2025-01-31,20260208_070411,20260208_070411-0027,1,初回,2025-01-31 21:12:07.353000,154.85800,1.00
2025-01-01,2025-01-31,20260208_070411,20260208_070411-0027,2,段階1,2025-01-31 21:12:07.353000,154.90900,1.00
2025-01-01,2025-01-31,20260208_070411,20260208_070411-0027,3,段階2,2025-01-31 21:12:07.353000,154.95900,1.00
2025-01-01,2025-01-31,20260208_070411,20260208_070411-0027,4,段階3,2025-01-31 21:12:07.353000,155.01400,1.00
2025-02-01,2025-02-28,20260208_070531,20260208_070531-0001,1,初回,2025-02-07 14:50:32.550000,151.75400,1.00
2025-02-01,2025-02-28,20260208_070531,20260208_070531-0001,2,段階1,2025-02-07 14:50:32.550000,151.80700,1.00
2025-02-01,2025-02-28,20260208_070531,20260208_070531-0001,3,段階2,2025-02-07 14:50:32.550000,151.85400,1.00
2025-02-01,2025-02-28,20260208_070531,20260208_070531-0002,1,初回,2025-02-14 15:43:58.235000,152.51100,1.00
2025-02-01,2025-02-28,20260208_070531,20260208_070531-0002,2,段階1,2025-02-14 15:43:58.235000,152.46100,1.00
2025-02-01,2025-02-28,20260208_070531,20260208_070531-0002,3,段階2,2025-02-14 15:43:58.235000,152.41000,1.00
2025-02-01,2025-02-28,20260208_070531,20260208_070531-0003,1,初回,2025-02-14 14:00:01.889000,152.64900,1.00
2025-02-01,2025-02-28,20260208_070531,20260208_070531-0003,2,段階1,2025-02-14 14:00:01.889000,152.59400,1.00
2025-02-01,2025-02-28,20260208_070531,20260208_070531-0003,3,段階2,2025-02-14 14:00:01.889000,152.54700,1.00
2025-02-01,2025-02-28,20260208_070531,20260208_070531-0003,4,段階3,2025-02-14 14:00:01.889000,152.49800,1.00
2025-02-01,2025-02-28,20260208_070531,20260208_070531-0003,5,段階4,2025-02-14 14:00:01.889000,152.44700,1.00
2025-02-01,2025-02-28,20260208_070531,20260208_070531-0003,6,段階5,2025-02-14 14:00:01.889000,152.39800,1.00
2025-02-01,2025-02-28,20260208_070531,20260208_070531-0004,1,初回,2025-02-14 19:06:58.734000,152.50900,1.00
2025-02-01,2025-02-28,20260208_070531,20260208_070531-0005,1,初回,2025-02-17 19:54:40.825000,151.62500,1.00
2025-02-01,2025-02-28,20260208_070531,20260208_070531-0005,2,段階1,2025-02-17 19:54:40.825000,151.57500,1.00
2025-02-01,2025-02-28,20260208_070531,20260208_070531-0005,3,段階2,2025-02-17 19:54:40.825000,151.52500,1.00
2025-02-01,2025-02-28,20260208_070531,20260208_070531-0005,4,段階3,2025-02-17 19:54:40.825000,151.47500,1.00
2025-02-01,2025-02-28,20260208_070531,20260208_070531-0005,5,段階4,2025-02-17 19:54:40.825000,151.42400,1.00
2025-02-01,2025-02-28,20260208_070531,20260208_070531-0006,1,初回,2025-02-18 16:13:51.932000,151.87300,1.00
2025-02-01,2025-02-28,20260208_070531,20260208_070531-0006,2,段階1,2025-02-18 16:13:51.932000,151.81900,1.00
2025-02-01,2025-02-28,20260208_070531,20260208_070531-0006,3,段階2,2025-02-18 16:13:51.932000,151.77100,1.00
2025-02-01,2025-02-28,20260208_070531,20260208_070531-0006,4,段階3,2025-02-18 16:13:51.932000,151.72200,1.00
2025-02-01,2025-02-28,20260208_070531,20260208_070531-0007,1,初回,2025-02-20 02:01:58.195000,151.69100,1.00
2025-02-01,2025-02-28,20260208_070531,20260208_070531-0007,2,段階1,2025-02-20 02:01:58.195000,151.74900,1.00
2025-02-01,2025-02-28,20260208_070531,20260208_070531-0007,3,段階2,2025-02-20 02:01:58.195000,151.79400,1.00
2025-02-01,2025-02-28,20260208_070531,20260208_070531-0008,1,初回,2025-02-20 18:06:48.982000,150.40300,1.00
2025-02-01,2025-02-28,20260208_070531,20260208_070531-0009,1,初回,2025-02-20 18:02:41.866000,150.38500,1.00
2025-02-01,2025-02-28,20260208_070531,20260208_070531-0010,1,初回,2025-02-20 20:12:46.623000,150.04700,1.00
2025-02-01,2025-02-28,20260208_070531,20260208_070531-0010,2,段階1,2025-02-20 20:12:46.623000,149.99600,1.00
2025-02-01,2025-02-28,20260208_070531,20260208_070531-0010,3,段階2,2025-02-20 20:12:46.623000,149.94300,1.00
2025-02-01,2025-02-28,20260208_070531,20260208_070531-0010,4,段階3,2025-02-20 20:12:46.623000,149.89700,1.00
2025-02-01,2025-02-28,20260208_070531,20260208_070531-0010,5,段階4,2025-02-20 20:12:46.623000,149.84600,1.00
2025-02-01,2025-02-28,20260208_070531,20260208_070531-0010,6,段階5,2025-02-20 20:12:46.623000,149.79600,1.00
2025-02-01,2025-02-28,20260208_070531,20260208_070531-0011,1,初回,2025-02-21 13:16:44.981000,150.16200,1.00
2025-02-01,2025-02-28,20260208_070531,20260208_070531-0012,1,初回,2025-02-24 17:05:57.716000,149.53500,1.00
2025-02-01,2025-02-28,20260208_070531,20260208_070531-0012,2,段階1,2025-02-24 17:05:57.716000,149.58600,1.00
2025-02-01,2025-02-28,20260208_070531,20260208_070531-0012,3,段階2,2025-02-24 17:05:57.716000,149.63600,1.00
2025-02-01,2025-02-28,20260208_070531,20260208_070531-0012,4,段階3,2025-02-24 17:05:57.716000,149.68500,1.00
2025-02-01,2025-02-28,20260208_070531,20260208_070531-0012,5,段階4,2025-02-24 17:05:57.716000,149.73500,1.00
2025-02-01,2025-02-28,20260208_070531,20260208_070531-0012,6,段階5,2025-02-24 17:05:57.716000,149.78900,1.00
2025-02-01,2025-02-28,20260208_070531,20260208_070531-0013,1,初回,2025-02-25 13:30:14.158000,149.54400,1.00
2025-02-01,2025-02-28,20260208_070531,20260208_070531-0013,2,段階1,2025-02-25 13:30:14.158000,149.49200,1.00
2025-02-01,2025-02-28,20260208_070531,20260208_070531-0014,1,初回,2025-02-26 01:24:04.543000,148.96800,1.00
2025-02-01,2025-02-28,20260208_070531,20260208_070531-0014,2,段階1,2025-02-26 01:24:04.543000,148.91800,1.00
2025-02-01,2025-02-28,20260208_070531,20260208_070531-0014,3,段階2,2025-02-26 01:24:04.543000,148.86600,1.00
2025-02-01,2025-02-28,20260208_070531,20260208_070531-0014,4,段階3,2025-02-26 01:24:04.543000,148.81700,1.00
2025-02-01,2025-02-28,20260208_070531,20260208_070531-0015,1,初回,2025-02-26 02:12:05.267000,149.21900,1.00
2025-02-01,2025-02-28,20260208_070531,20260208_070531-0016,1,初回,2025-02-27 01:29:53.146000,149.29600,1.00
2025-02-01,2025-02-28,20260208_070531,20260208_070531-0016,2,段階1,2025-02-27 01:29:53.146000,149.24600,1.00
2025-02-01,2025-02-28,20260208_070531,20260208_070531-0016,3,段階2,2025-02-27 01:29:53.146000,149.19200,1.00
2025-02-01,2025-02-28,20260208_070531,20260208_070531-0016,4,段階3,2025-02-27 01:29:53.146000,149.14400,1.00
2025-02-01,2025-02-28,20260208_070531,20260208_070531-0016,5,段階4,2025-02-27 01:29:53.146000,149.09500,1.00
2025-02-01,2025-02-28,20260208_070531,20260208_070531-0016,6,段階5,2025-02-27 01:29:53.146000,149.04600,1.00
2025-02-01,2025-02-28,20260208_070531,20260208_070531-0017,1,初回,2025-02-27 21:28:19.689000,149.63900,1.00
2025-02-01,2025-02-28,20260208_070531,20260208_070531-0017,2,段階1,2025-02-27 21:28:19.689000,149.58200,1.00
2025-02-01,2025-02-28,20260208_070531,20260208_070531-0017,3,段階2,2025-02-27 21:28:19.689000,149.53800,1.00
2025-02-01,2025-02-28,20260208_070531,20260208_070531-0017,4,段階3,2025-02-27 21:28:19.689000,149.39100,1.00
2025-02-01,2025-02-28,20260208_070531,20260208_070531-0017,5,段階4,2025-02-27 21:28:19.689000,149.39100,1.00
2025-02-01,2025-02-28,20260208_070531,20260208_070531-0017,6,段階5,2025-02-27 21:28:19.689000,149.38700,1.00
2025-03-01,2025-03-31,20260208_070711,20260208_070711-0001,1,初回,2025-03-03 20:49:56.789000,150.97000,1.00
2025-03-01,2025-03-31,20260208_070711,20260208_070711-0001,2,段階1,2025-03-03 20:49:56.789000,151.02000,1.00
2025-03-01,2025-03-31,20260208_070711,20260208_070711-0001,3,段階2,2025-03-03 20:49:56.789000,151.07700,1.00
2025-03-01,2025-03-31,20260208_070711,20260208_070711-0001,4,段階3,2025-03-03 20:49:56.789000,151.12000,1.00
2025-03-01,2025-03-31,20260208_070711,20260208_070711-0001,5,段階4,2025-03-03 20:49:56.789000,151.17100,1.00
2025-03-01,2025-03-31,20260208_070711,20260208_070711-0001,6,段階5,2025-03-03 20:49:56.789000,151.23100,1.00
2025-03-01,2025-03-31,20260208_070711,20260208_070711-0002,1,初回,2025-03-04 15:54:39.555000,149.49700,1.00
2025-03-01,2025-03-31,20260208_070711,20260208_070711-0002,2,段階1,2025-03-04 15:54:39.555000,149.55300,1.00
2025-03-01,2025-03-31,20260208_070711,20260208_070711-0003,1,初回,2025-03-05 17:35:54.291000,149.46200,1.00
2025-03-01,2025-03-31,20260208_070711,20260208_070711-0003,2,段階1,2025-03-05 17:35:54.291000,149.40900,1.00
2025-03-01,2025-03-31,20260208_070711,20260208_070711-0003,3,段階2,2025-03-05 17:35:54.291000,149.36100,1.00
2025-03-01,2025-03-31,20260208_070711,20260208_070711-0003,4,段階3,2025-03-05 17:35:54.291000,149.31200,1.00
2025-03-01,2025-03-31,20260208_070711,20260208_070711-0003,5,段階4,2025-03-05 17:35:54.291000,149.26100,1.00
2025-03-01,2025-03-31,20260208_070711,20260208_070711-0003,6,段階5,2025-03-05 17:35:54.291000,149.21000,1.00
2025-03-01,2025-03-31,20260208_070711,20260208_070711-0004,1,初回,2025-03-06 15:46:17.574000,148.77500,1.00
2025-03-01,2025-03-31,20260208_070711,20260208_070711-0004,2,段階1,2025-03-06 15:46:17.574000,148.72000,1.00
2025-03-01,2025-03-31,20260208_070711,20260208_070711-0004,3,段階2,2025-03-06 15:46:17.574000,148.67400,1.00
2025-03-01,2025-03-31,20260208_070711,20260208_070711-0004,4,段階3,2025-03-06 15:46:17.574000,148.62400,1.00
2025-03-01,2025-03-31,20260208_070711,20260208_070711-0004,5,段階4,2025-03-06 15:46:17.574000,148.57400,1.00
2025-03-01,2025-03-31,20260208_070711,20260208_070711-0004,6,段階5,2025-03-06 15:46:17.574000,148.51500,1.00
2025-03-01,2025-03-31,20260208_070711,20260208_070711-0005,1,初回,2025-03-07 21:14:25.608000,147.73700,1.00
2025-03-01,2025-03-31,20260208_070711,20260208_070711-0005,2,段階1,2025-03-07 21:14:25.608000,147.79000,1.00
2025-03-01,2025-03-31,20260208_070711,20260208_070711-0005,3,段階2,2025-03-07 21:14:25.608000,147.83800,1.00
2025-03-01,2025-03-31,20260208_070711,20260208_070711-0006,1,初回,2025-03-12 04:50:00.234000,147.77700,1.00
2025-03-01,2025-03-31,20260208_070711,20260208_070711-0006,2,段階1,2025-03-12 04:50:00.234000,147.82700,1.00
2025-03-01,2025-03-31,20260208_070711,20260208_070711-0006,3,段階2,2025-03-12 04:50:00.234000,147.88200,1.00
2025-03-01,2025-03-31,20260208_070711,20260208_070711-0006,4,段階3,2025-03-12 04:50:00.234000,147.93300,1.00
2025-03-01,2025-03-31,20260208_070711,20260208_070711-0007,1,初回,2025-03-12 13:10:09.034000,148.15600,1.00
2025-03-01,2025-03-31,20260208_070711,20260208_070711-0007,2,段階1,2025-03-12 13:10:09.034000,148.21300,1.00
2025-03-01,2025-03-31,20260208_070711,20260208_070711-0007,3,段階2,2025-03-12 13:10:09.034000,148.25900,1.00
2025-03-01,2025-03-31,20260208_070711,20260208_070711-0007,4,段階3,2025-03-12 13:10:09.034000,148.30700,1.00
2025-03-01,2025-03-31,20260208_070711,20260208_070711-0007,5,段階4,2025-03-12 13:10:09.034000,148.36200,1.00
2025-03-01,2025-03-31,20260208_070711,20260208_070711-0007,6,段階5,2025-03-12 13:10:09.034000,148.41100,1.00
2025-03-01,2025-03-31,20260208_070711,20260208_070711-0008,1,初回,2025-03-12 19:18:50.949000,148.73100,1.00
2025-03-01,2025-03-31,20260208_070711,20260208_070711-0008,2,段階1,2025-03-12 19:18:50.949000,148.78300,1.00
2025-03-01,2025-03-31,20260208_070711,20260208_070711-0008,3,段階2,2025-03-12 19:18:50.949000,148.83200,1.00
2025-03-01,2025-03-31,20260208_070711,20260208_070711-0009,1,初回,2025-03-13 15:20:02.324000,147.62300,1.00
2025-03-01,2025-03-31,20260208_070711,20260208_070711-0010,1,初回,2025-03-14 15:55:41.119000,148.72500,1.00
2025-03-01,2025-03-31,20260208_070711,20260208_070711-0010,2,段階1,2025-03-14 15:55:41.119000,148.77700,1.00
2025-03-01,2025-03-31,20260208_070711,20260208_070711-0010,3,段階2,2025-03-14 15:55:41.119000,148.83000,1.00
2025-03-01,2025-03-31,20260208_070711,20260208_070711-0010,4,段階3,2025-03-14 15:55:41.119000,148.87500,1.00
2025-03-01,2025-03-31,20260208_070711,20260208_070711-0010,5,段階4,2025-03-14 15:55:41.119000,148.93300,1.00
2025-03-01,2025-03-31,20260208_070711,20260208_070711-0010,6,段階5,2025-03-14 15:55:41.119000,148.98000,1.00
2025-03-01,2025-03-31,20260208_070711,20260208_070711-0011,1,初回,2025-03-18 17:08:24.229000,149.87600,1.00
2025-03-01,2025-03-31,20260208_070711,20260208_070711-0012,1,初回,2025-03-19 13:37:44.090000,149.51200,1.00
2025-03-01,2025-03-31,20260208_070711,20260208_070711-0012,2,段階1,2025-03-19 13:37:44.090000,149.56300,1.00
2025-03-01,2025-03-31,20260208_070711,20260208_070711-0012,3,段階2,2025-03-19 13:37:44.090000,149.61700,1.00
2025-03-01,2025-03-31,20260208_070711,20260208_070711-0012,4,段階3,2025-03-19 13:37:44.090000,149.66500,1.00
2025-03-01,2025-03-31,20260208_070711,20260208_070711-0012,5,段階4,2025-03-19 13:37:44.090000,149.71500,1.00
2025-03-01,2025-03-31,20260208_070711,20260208_070711-0012,6,段階5,2025-03-19 13:37:44.090000,149.76300,1.00
2025-03-01,2025-03-31,20260208_070711,20260208_070711-0013,1,初回,2025-03-19 14:04:20.116000,149.56800,1.00
2025-03-01,2025-03-31,20260208_070711,20260208_070711-0013,2,段階1,2025-03-19 14:04:20.116000,149.61900,1.00
2025-03-01,2025-03-31,20260208_070711,20260208_070711-0013,3,段階2,2025-03-19 14:04:20.116000,149.66900,1.00
2025-03-01,2025-03-31,20260208_070711,20260208_070711-0013,4,段階3,2025-03-19 14:04:20.116000,149.72800,1.00
2025-03-01,2025-03-31,20260208_070711,20260208_070711-0013,5,段階4,2025-03-19 14:04:20.116000,149.76900,1.00
2025-03-01,2025-03-31,20260208_070711,20260208_070711-0013,6,段階5,2025-03-19 14:04:20.116000,149.81800,1.00
2025-03-01,2025-03-31,20260208_070711,20260208_070711-0014,1,初回,2025-03-19 22:29:21.779000,149.88100,1.00
2025-03-01,2025-03-31,20260208_070711,20260208_070711-0014,2,段階1,2025-03-19 22:29:21.779000,149.93400,1.00
2025-03-01,2025-03-31,20260208_070711,20260208_070711-0014,3,段階2,2025-03-19 22:29:21.779000,149.98200,1.00
2025-03-01,2025-03-31,20260208_070711,20260208_070711-0014,4,段階3,2025-03-19 22:29:21.779000,150.03800,1.00
2025-03-01,2025-03-31,20260208_070711,20260208_070711-0014,5,段階4,2025-03-19 22:29:21.779000,150.08500,1.00
2025-03-01,2025-03-31,20260208_070711,20260208_070711-0014,6,段階5,2025-03-19 22:29:21.779000,150.13200,1.00
2025-03-01,2025-03-31,20260208_070711,20260208_070711-0015,1,初回,2025-03-21 13:07:43.471000,149.25100,1.00
2025-03-01,2025-03-31,20260208_070711,20260208_070711-0015,2,段階1,2025-03-21 13:07:43.471000,149.30400,1.00
2025-03-01,2025-03-31,20260208_070711,20260208_070711-0015,3,段階2,2025-03-21 13:07:43.471000,149.35500,1.00
2025-03-01,2025-03-31,20260208_070711,20260208_070711-0015,4,段階3,2025-03-21 13:07:43.471000,149.40100,1.00
2025-03-01,2025-03-31,20260208_070711,20260208_070711-0015,5,段階4,2025-03-21 13:07:43.471000,149.45200,1.00
2025-03-01,2025-03-31,20260208_070711,20260208_070711-0015,6,段階5,2025-03-21 13:07:43.471000,149.51200,1.00
2025-03-01,2025-03-31,20260208_070711,20260208_070711-0016,1,初回,2025-03-21 16:01:33.115000,149.63000,1.00
2025-03-01,2025-03-31,20260208_070711,20260208_070711-0017,1,初回,2025-03-25 15:03:27.281000,150.43400,1.00
2025-03-01,2025-03-31,20260208_070711,20260208_070711-0018,1,初回,2025-03-25 12:48:18.010000,150.64800,1.00
2025-03-01,2025-03-31,20260208_070711,20260208_070711-0018,2,段階1,2025-03-25 12:48:18.010000,150.59500,1.00
2025-03-01,2025-03-31,20260208_070711,20260208_070711-0018,3,段階2,2025-03-25 12:48:18.010000,150.54500,1.00
2025-03-01,2025-03-31,20260208_070711,20260208_070711-0018,4,段階3,2025-03-25 12:48:18.010000,150.49800,1.00
2025-03-01,2025-03-31,20260208_070711,20260208_070711-0018,5,段階4,2025-03-25 12:48:18.010000,150.43700,1.00
2025-03-01,2025-03-31,20260208_070711,20260208_070711-0019,1,初回,2025-03-25 20:46:20.875000,150.07900,1.00
2025-03-01,2025-03-31,20260208_070711,20260208_070711-0019,2,段階1,2025-03-25 20:46:20.875000,150.02800,1.00
2025-03-01,2025-03-31,20260208_070711,20260208_070711-0019,3,段階2,2025-03-25 20:46:20.875000,149.97700,1.00
2025-03-01,2025-03-31,20260208_070711,20260208_070711-0019,4,段階3,2025-03-25 20:46:20.875000,149.92800,1.00
2025-03-01,2025-03-31,20260208_070711,20260208_070711-0019,5,段階4,2025-03-25 20:46:20.875000,149.87800,1.00
2025-03-01,2025-03-31,20260208_070711,20260208_070711-0019,6,段階5,2025-03-25 20:46:20.875000,149.82900,1.00
2025-03-01,2025-03-31,20260208_070711,20260208_070711-0020,1,初回,2025-03-25 22:25:35.578000,149.85800,1.00
2025-03-01,2025-03-31,20260208_070711,20260208_070711-0020,2,段階1,2025-03-25 22:25:35.578000,149.80000,1.00
2025-03-01,2025-03-31,20260208_070711,20260208_070711-0020,3,段階2,2025-03-25 22:25:35.578000,149.75600,1.00
2025-03-01,2025-03-31,20260208_070711,20260208_070711-0020,4,段階3,2025-03-25 22:25:35.578000,149.70800,1.00
2025-03-01,2025-03-31,20260208_070711,20260208_070711-0020,5,段階4,2025-03-25 22:25:35.578000,149.65500,1.00
2025-03-01,2025-03-31,20260208_070711,20260208_070711-0020,6,段階5,2025-03-25 22:25:35.578000,149.60700,1.00
2025-03-01,2025-03-31,20260208_070711,20260208_070711-0021,1,初回,2025-03-26 12:31:40.406000,150.38700,1.00
2025-03-01,2025-03-31,20260208_070711,20260208_070711-0021,2,段階1,2025-03-26 12:31:40.406000,150.43700,1.00
2025-03-01,2025-03-31,20260208_070711,20260208_070711-0021,3,段階2,2025-03-26 12:31:40.406000,150.48900,1.00
2025-03-01,2025-03-31,20260208_070711,20260208_070711-0021,4,段階3,2025-03-26 12:31:40.406000,150.53900,1.00
2025-03-01,2025-03-31,20260208_070711,20260208_070711-0021,5,段階4,2025-03-26 12:31:40.406000,150.58800,1.00
2025-03-01,2025-03-31,20260208_070711,20260208_070711-0022,1,初回,2025-03-26 12:59:11.796000,150.44800,1.00
2025-03-01,2025-03-31,20260208_070711,20260208_070711-0022,2,段階1,2025-03-26 12:59:11.796000,150.50800,1.00
2025-03-01,2025-03-31,20260208_070711,20260208_070711-0022,3,段階2,2025-03-26 12:59:11.796000,150.54900,1.00
2025-03-01,2025-03-31,20260208_070711,20260208_070711-0022,4,段階3,2025-03-26 12:59:11.796000,150.59800,1.00
2025-03-01,2025-03-31,20260208_070711,20260208_070711-0023,1,初回,2025-03-26 14:09:38.661000,150.60500,1.00
2025-03-01,2025-03-31,20260208_070711,20260208_070711-0024,1,初回,2025-03-27 18:18:06.760000,150.71500,1.00
2025-03-01,2025-03-31,20260208_070711,20260208_070711-0024,2,段階1,2025-03-27 18:18:06.760000,150.76600,1.00
2025-03-01,2025-03-31,20260208_070711,20260208_070711-0024,3,段階2,2025-03-27 18:18:06.760000,150.81600,1.00
2025-03-01,2025-03-31,20260208_070711,20260208_070711-0024,4,段階3,2025-03-27 18:18:06.760000,150.86600,1.00
2025-03-01,2025-03-31,20260208_070711,20260208_070711-0024,5,段階4,2025-03-27 18:18:06.760000,150.91600,1.00
2025-03-01,2025-03-31,20260208_070711,20260208_070711-0024,6,段階5,2025-03-27 18:18:06.760000,150.96500,1.00
2025-03-01,2025-03-31,20260208_070711,20260208_070711-0025,1,初回,2025-03-28 20:03:02.579000,150.72800,1.00
2025-03-01,2025-03-31,20260208_070711,20260208_070711-0025,2,段階1,2025-03-28 20:03:02.579000,150.78200,1.00
2025-03-01,2025-03-31,20260208_070711,20260208_070711-0025,3,段階2,2025-03-28 20:03:02.579000,150.83000,1.00
2025-03-01,2025-03-31,20260208_070711,20260208_070711-0025,4,段階3,2025-03-28 20:03:02.579000,150.93200,1.00
2025-03-01,2025-03-31,20260208_070711,20260208_070711-0025,5,段階4,2025-03-28 20:03:02.579000,150.93200,1.00
2025-03-01,2025-03-31,20260208_070711,20260208_070711-0026,1,初回,2025-03-28 20:12:25.951000,150.73700,1.00
2025-03-01,2025-03-31,20260208_070711,20260208_070711-0026,2,段階1,2025-03-28 20:12:25.951000,150.79000,1.00
2025-03-01,2025-03-31,20260208_070711,20260208_070711-0026,3,段階2,2025-03-28 20:12:25.951000,150.84100,1.00
2025-03-01,2025-03-31,20260208_070711,20260208_070711-0026,4,段階3,2025-03-28 20:12:25.951000,150.93200,1.00
2025-03-01,2025-03-31,20260208_070711,20260208_070711-0027,1,初回,2025-03-31 15:23:44.723000,148.87900,1.00
2025-03-01,2025-03-31,20260208_070711,20260208_070711-0027,2,段階1,2025-03-31 15:23:44.723000,148.82600,1.00
2025-03-01,2025-03-31,20260208_070711,20260208_070711-0027,3,段階2,2025-03-31 15:23:44.723000,148.77300,1.00
2025-03-01,2025-03-31,20260208_070711,20260208_070711-0027,4,段階3,2025-03-31 15:23:44.723000,148.72800,1.00
2025-04-01,2025-04-30,20260208_070925,20260208_070925-0001,1,初回,2025-04-02 00:09:23.048000,149.48300,1.00
2025-04-01,2025-04-30,20260208_070925,20260208_070925-0001,2,段階1,2025-04-02 00:09:23.048000,149.53400,1.00
2025-04-01,2025-04-30,20260208_070925,20260208_070925-0001,3,段階2,2025-04-02 00:09:23.048000,149.58400,1.00
2025-04-01,2025-04-30,20260208_070925,20260208_070925-0001,4,段階3,2025-04-02 00:09:23.048000,149.63700,1.00
2025-04-01,2025-04-30,20260208_070925,20260208_070925-0001,5,段階4,2025-04-02 00:09:23.048000,149.68500,1.00
2025-04-01,2025-04-30,20260208_070925,20260208_070925-0001,6,段階5,2025-04-02 00:09:23.048000,149.73400,1.00
2025-04-01,2025-04-30,20260208_070925,20260208_070925-0002,1,初回,2025-04-02 20:25:44.989000,149.24500,1.00
2025-04-01,2025-04-30,20260208_070925,20260208_070925-0002,2,段階1,2025-04-02 20:25:44.989000,149.19500,1.00
2025-04-01,2025-04-30,20260208_070925,20260208_070925-0002,3,段階2,2025-04-02 20:25:44.989000,149.14500,1.00
2025-04-01,2025-04-30,20260208_070925,20260208_070925-0003,1,初回,2025-04-03 15:12:24.274000,146.97700,1.00
2025-04-01,2025-04-30,20260208_070925,20260208_070925-0004,1,初回,2025-04-14 23:50:38.341000,143.34500,1.00
2025-04-01,2025-04-30,20260208_070925,20260208_070925-0004,2,段階1,2025-04-14 23:50:38.341000,143.29500,1.00
2025-04-01,2025-04-30,20260208_070925,20260208_070925-0004,3,段階2,2025-04-14 23:50:38.341000,143.24400,1.00
2025-04-01,2025-04-30,20260208_070925,20260208_070925-0004,4,段階3,2025-04-14 23:50:38.341000,143.17600,1.00
2025-04-01,2025-04-30,20260208_070925,20260208_070925-0004,5,段階4,2025-04-14 23:50:38.341000,143.14000,1.00
2025-04-01,2025-04-30,20260208_070925,20260208_070925-0004,6,段階5,2025-04-14 23:50:38.341000,143.09300,1.00
2025-04-01,2025-04-30,20260208_070925,20260208_070925-0005,1,初回,2025-04-15 11:32:29.755000,143.13800,1.00
2025-04-01,2025-04-30,20260208_070925,20260208_070925-0005,2,段階1,2025-04-15 11:32:29.755000,143.08700,1.00
2025-04-01,2025-04-30,20260208_070925,20260208_070925-0005,3,段階2,2025-04-15 11:32:29.755000,143.03700,1.00
2025-04-01,2025-04-30,20260208_070925,20260208_070925-0005,4,段階3,2025-04-15 11:32:29.755000,142.98400,1.00
2025-04-01,2025-04-30,20260208_070925,20260208_070925-0005,5,段階4,2025-04-15 11:32:29.755000,142.93400,1.00
2025-04-01,2025-04-30,20260208_070925,20260208_070925-0005,6,段階5,2025-04-15 11:32:29.755000,142.88800,1.00
2025-04-01,2025-04-30,20260208_070925,20260208_070925-0006,1,初回,2025-04-15 12:17:50.562000,143.09400,1.00
2025-04-01,2025-04-30,20260208_070925,20260208_070925-0006,2,段階1,2025-04-15 12:17:50.562000,143.04300,1.00
2025-04-01,2025-04-30,20260208_070925,20260208_070925-0006,3,段階2,2025-04-15 12:17:50.562000,142.99300,1.00
2025-04-01,2025-04-30,20260208_070925,20260208_070925-0006,4,段階3,2025-04-15 12:17:50.562000,142.94400,1.00
2025-04-01,2025-04-30,20260208_070925,20260208_070925-0006,5,段階4,2025-04-15 12:17:50.562000,142.89000,1.00
2025-04-01,2025-04-30,20260208_070925,20260208_070925-0007,1,初回,2025-04-16 19:54:59.675000,142.72800,1.00
2025-04-01,2025-04-30,20260208_070925,20260208_070925-0007,2,段階1,2025-04-16 19:54:59.675000,142.77900,1.00
2025-04-01,2025-04-30,20260208_070925,20260208_070925-0008,1,初回,2025-04-23 16:58:06.792000,141.91000,1.00
2025-04-01,2025-04-30,20260208_070925,20260208_070925-0009,1,初回,2025-04-23 18:21:12.492000,141.61500,1.00
2025-05-01,2025-05-31,20260208_071051,20260208_071051-0001,1,初回,2025-05-01 13:40:54.296000,143.86100,1.00
2025-05-01,2025-05-31,20260208_071051,20260208_071051-0001,2,段階1,2025-05-01 13:40:54.296000,143.91100,1.00
2025-05-01,2025-05-31,20260208_071051,20260208_071051-0001,3,段階2,2025-05-01 13:40:54.296000,143.96100,1.00
2025-05-01,2025-05-31,20260208_071051,20260208_071051-0001,4,段階3,2025-05-01 13:40:54.296000,144.01200,1.00
2025-05-01,2025-05-31,20260208_071051,20260208_071051-0001,5,段階4,2025-05-01 13:40:54.296000,144.07700,1.00
2025-05-01,2025-05-31,20260208_071051,20260208_071051-0001,6,段階5,2025-05-01 13:40:54.296000,144.11900,1.00
2025-05-01,2025-05-31,20260208_071051,20260208_071051-0002,1,初回,2025-05-01 15:21:20.078000,144.15100,1.00
2025-05-01,2025-05-31,20260208_071051,20260208_071051-0002,2,段階1,2025-05-01 15:21:20.078000,144.20200,1.00
2025-05-01,2025-05-31,20260208_071051,20260208_071051-0002,3,段階2,2025-05-01 15:21:20.078000,144.25600,1.00
2025-05-01,2025-05-31,20260208_071051,20260208_071051-0002,4,段階3,2025-05-01 15:21:20.078000,144.30900,1.00
2025-05-01,2025-05-31,20260208_071051,20260208_071051-0002,5,段階4,2025-05-01 15:21:20.078000,144.36500,1.00
2025-05-01,2025-05-31,20260208_071051,20260208_071051-0002,6,段階5,2025-05-01 15:21:20.078000,144.40500,1.00
2025-05-01,2025-05-31,20260208_071051,20260208_071051-0003,1,初回,2025-05-03 02:03:31.501000,144.71500,1.00
2025-05-01,2025-05-31,20260208_071051,20260208_071051-0003,2,段階1,2025-05-03 02:03:31.501000,144.76700,1.00
2025-05-01,2025-05-31,20260208_071051,20260208_071051-0003,3,段階2,2025-05-03 02:03:31.501000,144.81600,1.00
2025-05-01,2025-05-31,20260208_071051,20260208_071051-0003,4,段階3,2025-05-03 02:03:31.501000,144.87000,1.00
2025-05-01,2025-05-31,20260208_071051,20260208_071051-0003,5,段階4,2025-05-03 02:03:31.501000,144.91700,1.00
2025-05-01,2025-05-31,20260208_071051,20260208_071051-0003,6,段階5,2025-05-03 02:03:31.501000,144.96800,1.00
2025-05-01,2025-05-31,20260208_071051,20260208_071051-0004,1,初回,2025-05-05 15:28:13.017000,144.34400,1.00
2025-05-01,2025-05-31,20260208_071051,20260208_071051-0004,2,段階1,2025-05-05 15:28:13.017000,144.39400,1.00
2025-05-01,2025-05-31,20260208_071051,20260208_071051-0005,1,初回,2025-05-06 04:10:53.432000,143.80300,1.00
2025-05-01,2025-05-31,20260208_071051,20260208_071051-0005,2,段階1,2025-05-06 04:10:53.432000,143.74700,1.00
2025-05-01,2025-05-31,20260208_071051,20260208_071051-0005,3,段階2,2025-05-06 04:10:53.432000,143.70000,1.00
2025-05-01,2025-05-31,20260208_071051,20260208_071051-0005,4,段階3,2025-05-06 04:10:53.432000,143.65000,1.00
2025-05-01,2025-05-31,20260208_071051,20260208_071051-0006,1,初回,2025-05-10 02:05:05.836000,145.30200,1.00
2025-05-01,2025-05-31,20260208_071051,20260208_071051-0006,2,段階1,2025-05-10 02:05:05.836000,145.35200,1.00
2025-05-01,2025-05-31,20260208_071051,20260208_071051-0006,3,段階2,2025-05-10 02:05:05.836000,146.21300,1.00
2025-05-01,2025-05-31,20260208_071051,20260208_071051-0006,4,段階3,2025-05-10 02:05:05.836000,146.21300,1.00
2025-05-01,2025-05-31,20260208_071051,20260208_071051-0006,5,段階4,2025-05-10 02:05:05.836000,146.21300,1.00
2025-05-01,2025-05-31,20260208_071051,20260208_071051-0006,6,段階5,2025-05-10 02:05:05.836000,146.21300,1.00
2025-05-01,2025-05-31,20260208_071051,20260208_071051-0007,1,初回,2025-05-10 02:15:55.252000,145.32000,1.00
2025-05-01,2025-05-31,20260208_071051,20260208_071051-0007,2,段階1,2025-05-10 02:15:55.252000,145.37000,1.00
2025-05-01,2025-05-31,20260208_071051,20260208_071051-0007,3,段階2,2025-05-10 02:15:55.252000,146.21300,1.00
2025-05-01,2025-05-31,20260208_071051,20260208_071051-0007,4,段階3,2025-05-10 02:15:55.252000,146.21300,1.00
2025-05-01,2025-05-31,20260208_071051,20260208_071051-0007,5,段階4,2025-05-10 02:15:55.252000,146.21300,1.00
2025-05-01,2025-05-31,20260208_071051,20260208_071051-0007,6,段階5,2025-05-10 02:15:55.252000,146.21300,1.00
2025-05-01,2025-05-31,20260208_071051,20260208_071051-0008,1,初回,2025-05-10 04:28:04.017000,145.34900,1.00
2025-05-01,2025-05-31,20260208_071051,20260208_071051-0008,2,段階1,2025-05-10 04:28:04.017000,146.21300,1.00
2025-05-01,2025-05-31,20260208_071051,20260208_071051-0008,3,段階2,2025-05-10 04:28:04.017000,146.21300,1.00
2025-05-01,2025-05-31,20260208_071051,20260208_071051-0008,4,段階3,2025-05-10 04:28:04.017000,146.21300,1.00
2025-05-01,2025-05-31,20260208_071051,20260208_071051-0008,5,段階4,2025-05-10 04:28:04.017000,146.21300,1.00
2025-05-01,2025-05-31,20260208_071051,20260208_071051-0008,6,段階5,2025-05-10 04:28:04.017000,146.21300,1.00
2025-05-01,2025-05-31,20260208_071051,20260208_071051-0009,1,初回,2025-05-13 00:33:09.975000,148.16800,1.00
2025-05-01,2025-05-31,20260208_071051,20260208_071051-0009,2,段階1,2025-05-13 00:33:09.975000,148.22000,1.00
2025-05-01,2025-05-31,20260208_071051,20260208_071051-0009,3,段階2,2025-05-13 00:33:09.975000,148.27100,1.00
2025-05-01,2025-05-31,20260208_071051,20260208_071051-0009,4,段階3,2025-05-13 00:33:09.975000,148.31900,1.00
2025-05-01,2025-05-31,20260208_071051,20260208_071051-0009,5,段階4,2025-05-13 00:33:09.975000,148.37000,1.00
2025-05-01,2025-05-31,20260208_071051,20260208_071051-0009,6,段階5,2025-05-13 00:33:09.975000,148.42100,1.00
2025-05-01,2025-05-31,20260208_071051,20260208_071051-0010,1,初回,2025-05-14 19:57:58.093000,145.86600,1.00
2025-05-01,2025-05-31,20260208_071051,20260208_071051-0011,1,初回,2025-05-15 15:37:04.105000,145.72200,1.00
2025-05-01,2025-05-31,20260208_071051,20260208_071051-0011,2,段階1,2025-05-15 15:37:04.105000,145.66900,1.00
2025-05-01,2025-05-31,20260208_071051,20260208_071051-0011,3,段階2,2025-05-15 15:37:04.105000,145.61600,1.00
2025-05-01,2025-05-31,20260208_071051,20260208_071051-0011,4,段階3,2025-05-15 15:37:04.105000,145.57000,1.00
2025-05-01,2025-05-31,20260208_071051,20260208_071051-0011,5,段階4,2025-05-15 15:37:04.105000,145.52100,1.00
2025-05-01,2025-05-31,20260208_071051,20260208_071051-0012,1,初回,2025-05-16 15:50:35.842000,145.12200,1.00
2025-05-01,2025-05-31,20260208_071051,20260208_071051-0012,2,段階1,2025-05-16 15:50:35.842000,145.06900,1.00
2025-05-01,2025-05-31,20260208_071051,20260208_071051-0012,3,段階2,2025-05-16 15:50:35.842000,145.02100,1.00
2025-05-01,2025-05-31,20260208_071051,20260208_071051-0012,4,段階3,2025-05-16 15:50:35.842000,144.97200,1.00
2025-05-01,2025-05-31,20260208_071051,20260208_071051-0013,1,初回,2025-05-20 12:47:00.336000,144.79900,1.00
2025-05-01,2025-05-31,20260208_071051,20260208_071051-0013,2,段階1,2025-05-20 12:47:00.336000,144.74800,1.00
2025-05-01,2025-05-31,20260208_071051,20260208_071051-0013,3,段階2,2025-05-20 12:47:00.336000,144.69800,1.00
2025-05-01,2025-05-31,20260208_071051,20260208_071051-0013,4,段階3,2025-05-20 12:47:00.336000,144.64800,1.00
2025-05-01,2025-05-31,20260208_071051,20260208_071051-0013,5,段階4,2025-05-20 12:47:00.336000,144.59700,1.00
2025-05-01,2025-05-31,20260208_071051,20260208_071051-0013,6,段階5,2025-05-20 12:47:00.336000,144.54800,1.00
2025-05-01,2025-05-31,20260208_071051,20260208_071051-0014,1,初回,2025-05-23 18:24:31.352000,143.22700,1.00
2025-05-01,2025-05-31,20260208_071051,20260208_071051-0014,2,段階1,2025-05-23 18:24:31.352000,143.16800,1.00
2025-05-01,2025-05-31,20260208_071051,20260208_071051-0014,3,段階2,2025-05-23 18:24:31.352000,143.11700,1.00
2025-05-01,2025-05-31,20260208_071051,20260208_071051-0014,4,段階3,2025-05-23 18:24:31.352000,143.07600,1.00
2025-05-01,2025-05-31,20260208_071051,20260208_071051-0014,5,段階4,2025-05-23 18:24:31.352000,143.02200,1.00
2025-05-01,2025-05-31,20260208_071051,20260208_071051-0014,6,段階5,2025-05-23 18:24:31.352000,142.97700,1.00
2025-05-01,2025-05-31,20260208_071051,20260208_071051-0015,1,初回,2025-05-26 23:50:54.111000,142.77800,1.00
2025-05-01,2025-05-31,20260208_071051,20260208_071051-0015,2,段階1,2025-05-26 23:50:54.111000,142.72800,1.00
2025-05-01,2025-05-31,20260208_071051,20260208_071051-0016,1,初回,2025-05-27 02:08:26.162000,142.72500,1.00
2025-05-01,2025-05-31,20260208_071051,20260208_071051-0017,1,初回,2025-05-28 22:32:09.795000,144.84200,1.00
2025-05-01,2025-05-31,20260208_071051,20260208_071051-0017,2,段階1,2025-05-28 22:32:09.795000,144.89400,1.00
2025-05-01,2025-05-31,20260208_071051,20260208_071051-0017,3,段階2,2025-05-28 22:32:09.795000,144.94300,1.00
2025-05-01,2025-05-31,20260208_071051,20260208_071051-0018,1,初回,2025-05-29 19:22:23.961000,145.03700,1.00
2025-05-01,2025-05-31,20260208_071051,20260208_071051-0018,2,段階1,2025-05-29 19:22:23.961000,144.98200,1.00
2025-05-01,2025-05-31,20260208_071051,20260208_071051-0018,3,段階2,2025-05-29 19:22:23.961000,144.93500,1.00
2025-05-01,2025-05-31,20260208_071051,20260208_071051-0018,4,段階3,2025-05-29 19:22:23.961000,144.88600,1.00
2025-05-01,2025-05-31,20260208_071051,20260208_071051-0018,5,段階4,2025-05-29 19:22:23.961000,144.83400,1.00
2025-05-01,2025-05-31,20260208_071051,20260208_071051-0018,6,段階5,2025-05-29 19:22:23.961000,144.78700,1.00
2025-06-01,2025-06-30,20260208_071156,20260208_071156-0001,1,初回,2025-06-02 17:21:22.732000,142.81500,1.00
2025-06-01,2025-06-30,20260208_071156,20260208_071156-0001,2,段階1,2025-06-02 17:21:22.732000,142.76400,1.00
2025-06-01,2025-06-30,20260208_071156,20260208_071156-0001,3,段階2,2025-06-02 17:21:22.732000,142.71400,1.00
2025-06-01,2025-06-30,20260208_071156,20260208_071156-0001,4,段階3,2025-06-02 17:21:22.732000,142.66500,1.00
2025-06-01,2025-06-30,20260208_071156,20260208_071156-0002,1,初回,2025-06-04 15:43:49.424000,143.93900,1.00
2025-06-01,2025-06-30,20260208_071156,20260208_071156-0002,2,段階1,2025-06-04 15:43:49.424000,143.88900,1.00
2025-06-01,2025-06-30,20260208_071156,20260208_071156-0002,3,段階2,2025-06-04 15:43:49.424000,143.83800,1.00
2025-06-01,2025-06-30,20260208_071156,20260208_071156-0003,1,初回,2025-06-05 14:53:33.035000,143.14500,1.00
2025-06-01,2025-06-30,20260208_071156,20260208_071156-0003,2,段階1,2025-06-05 14:53:33.035000,143.19700,1.00
2025-06-01,2025-06-30,20260208_071156,20260208_071156-0003,3,段階2,2025-06-05 14:53:33.035000,143.24900,1.00
2025-06-01,2025-06-30,20260208_071156,20260208_071156-0003,4,段階3,2025-06-05 14:53:33.035000,143.29600,1.00
2025-06-01,2025-06-30,20260208_071156,20260208_071156-0003,5,段階4,2025-06-05 14:53:33.035000,143.35100,1.00
2025-06-01,2025-06-30,20260208_071156,20260208_071156-0003,6,段階5,2025-06-05 14:53:33.035000,143.39900,1.00
2025-06-01,2025-06-30,20260208_071156,20260208_071156-0004,1,初回,2025-06-05 16:53:32.231000,143.31600,1.00
2025-06-01,2025-06-30,20260208_071156,20260208_071156-0004,2,段階1,2025-06-05 16:53:32.231000,143.36700,1.00
2025-06-01,2025-06-30,20260208_071156,20260208_071156-0005,1,初回,2025-06-05 15:58:06.705000,143.20900,1.00
2025-06-01,2025-06-30,20260208_071156,20260208_071156-0005,2,段階1,2025-06-05 15:58:06.705000,143.26100,1.00
2025-06-01,2025-06-30,20260208_071156,20260208_071156-0005,3,段階2,2025-06-05 15:58:06.705000,143.31200,1.00
2025-06-01,2025-06-30,20260208_071156,20260208_071156-0005,4,段階3,2025-06-05 15:58:06.705000,143.36300,1.00
2025-06-01,2025-06-30,20260208_071156,20260208_071156-0006,1,初回,2025-06-07 01:38:25.784000,144.95300,1.00
2025-06-01,2025-06-30,20260208_071156,20260208_071156-0007,1,初回,2025-06-09 18:12:03.880000,144.03500,1.00
2025-06-01,2025-06-30,20260208_071156,20260208_071156-0007,2,段階1,2025-06-09 18:12:03.880000,143.98500,1.00
2025-06-01,2025-06-30,20260208_071156,20260208_071156-0008,1,初回,2025-06-13 19:49:17.758000,144.34300,1.00
2025-06-01,2025-06-30,20260208_071156,20260208_071156-0008,2,段階1,2025-06-13 19:49:17.758000,144.39400,1.00
2025-06-01,2025-06-30,20260208_071156,20260208_071156-0008,3,段階2,2025-06-13 19:49:17.758000,144.44400,1.00
2025-06-01,2025-06-30,20260208_071156,20260208_071156-0009,1,初回,2025-06-14 03:49:37.424000,143.88500,1.00
2025-06-01,2025-06-30,20260208_071156,20260208_071156-0010,1,初回,2025-06-16 20:07:14.856000,144.01400,1.00
2025-06-01,2025-06-30,20260208_071156,20260208_071156-0010,2,段階1,2025-06-16 20:07:14.856000,143.95900,1.00
2025-06-01,2025-06-30,20260208_071156,20260208_071156-0010,3,段階2,2025-06-16 20:07:14.856000,143.91200,1.00
2025-06-01,2025-06-30,20260208_071156,20260208_071156-0010,4,段階3,2025-06-16 20:07:14.856000,143.85900,1.00
2025-06-01,2025-06-30,20260208_071156,20260208_071156-0010,5,段階4,2025-06-16 20:07:14.856000,143.81300,1.00
2025-06-01,2025-06-30,20260208_071156,20260208_071156-0010,6,段階5,2025-06-16 20:07:14.856000,143.76000,1.00
2025-06-01,2025-06-30,20260208_071156,20260208_071156-0011,1,初回,2025-06-16 22:19:30.766000,143.89700,1.00
2025-06-01,2025-06-30,20260208_071156,20260208_071156-0011,2,段階1,2025-06-16 22:19:30.766000,143.84700,1.00
2025-06-01,2025-06-30,20260208_071156,20260208_071156-0011,3,段階2,2025-06-16 22:19:30.766000,143.79400,1.00
2025-06-01,2025-06-30,20260208_071156,20260208_071156-0011,4,段階3,2025-06-16 22:19:30.766000,143.74600,1.00
2025-06-01,2025-06-30,20260208_071156,20260208_071156-0011,5,段階4,2025-06-16 22:19:30.766000,143.69300,1.00
2025-06-01,2025-06-30,20260208_071156,20260208_071156-0012,1,初回,2025-06-17 03:16:30.442000,144.41000,1.00
2025-06-01,2025-06-30,20260208_071156,20260208_071156-0012,2,段階1,2025-06-17 03:16:30.442000,144.46400,1.00
2025-06-01,2025-06-30,20260208_071156,20260208_071156-0012,3,段階2,2025-06-17 03:16:30.442000,144.51100,1.00
2025-06-01,2025-06-30,20260208_071156,20260208_071156-0012,4,段階3,2025-06-17 03:16:30.442000,144.56100,1.00
2025-06-01,2025-06-30,20260208_071156,20260208_071156-0012,5,段階4,2025-06-17 03:16:30.442000,144.61000,1.00
2025-06-01,2025-06-30,20260208_071156,20260208_071156-0012,6,段階5,2025-06-17 03:16:30.442000,144.66200,1.00
2025-06-01,2025-06-30,20260208_071156,20260208_071156-0013,1,初回,2025-06-18 12:24:00.131000,145.09900,1.00
2025-06-01,2025-06-30,20260208_071156,20260208_071156-0013,2,段階1,2025-06-18 12:24:00.131000,145.04900,1.00
2025-06-01,2025-06-30,20260208_071156,20260208_071156-0013,3,段階2,2025-06-18 12:24:00.131000,144.99600,1.00
2025-06-01,2025-06-30,20260208_071156,20260208_071156-0013,4,段階3,2025-06-18 12:24:00.131000,144.94900,1.00
2025-06-01,2025-06-30,20260208_071156,20260208_071156-0013,5,段階4,2025-06-18 12:24:00.131000,144.89400,1.00
2025-06-01,2025-06-30,20260208_071156,20260208_071156-0014,1,初回,2025-06-19 01:13:06.524000,144.54600,1.00
2025-06-01,2025-06-30,20260208_071156,20260208_071156-0014,2,段階1,2025-06-19 01:13:06.524000,144.49200,1.00
2025-06-01,2025-06-30,20260208_071156,20260208_071156-0014,3,段階2,2025-06-19 01:13:06.524000,144.43500,1.00
2025-06-01,2025-06-30,20260208_071156,20260208_071156-0014,4,段階3,2025-06-19 01:13:06.524000,144.39400,1.00
2025-06-01,2025-06-30,20260208_071156,20260208_071156-0014,5,段階4,2025-06-19 01:13:06.524000,144.34500,1.00
2025-06-01,2025-06-30,20260208_071156,20260208_071156-0015,1,初回,2025-06-20 20:12:42.578000,145.45700,1.00
2025-06-01,2025-06-30,20260208_071156,20260208_071156-0015,2,段階1,2025-06-20 20:12:42.578000,145.50800,1.00
2025-06-01,2025-06-30,20260208_071156,20260208_071156-0015,3,段階2,2025-06-20 20:12:42.578000,145.55900,1.00
2025-06-01,2025-06-30,20260208_071156,20260208_071156-0015,4,段階3,2025-06-20 20:12:42.578000,145.61100,1.00
2025-06-01,2025-06-30,20260208_071156,20260208_071156-0015,5,段階4,2025-06-20 20:12:42.578000,145.66100,1.00
2025-06-01,2025-06-30,20260208_071156,20260208_071156-0015,6,段階5,2025-06-20 20:12:42.578000,145.70900,1.00
2025-06-01,2025-06-30,20260208_071156,20260208_071156-0016,1,初回,2025-06-20 20:31:00.261000,145.55900,1.00
2025-06-01,2025-06-30,20260208_071156,20260208_071156-0016,2,段階1,2025-06-20 20:31:00.261000,145.61100,1.00
2025-06-01,2025-06-30,20260208_071156,20260208_071156-0016,3,段階2,2025-06-20 20:31:00.261000,145.66100,1.00
2025-06-01,2025-06-30,20260208_071156,20260208_071156-0016,4,段階3,2025-06-20 20:31:00.261000,145.70900,1.00
2025-06-01,2025-06-30,20260208_071156,20260208_071156-0016,5,段階4,2025-06-20 20:31:00.261000,145.76300,1.00
2025-06-01,2025-06-30,20260208_071156,20260208_071156-0016,6,段階5,2025-06-20 20:31:00.261000,145.81100,1.00
2025-06-01,2025-06-30,20260208_071156,20260208_071156-0017,1,初回,2025-06-23 17:51:54.025000,147.52300,1.00
2025-06-01,2025-06-30,20260208_071156,20260208_071156-0017,2,段階1,2025-06-23 17:51:54.025000,147.57500,1.00
2025-06-01,2025-06-30,20260208_071156,20260208_071156-0017,3,段階2,2025-06-23 17:51:54.025000,147.62400,1.00
2025-06-01,2025-06-30,20260208_071156,20260208_071156-0017,4,段階3,2025-06-23 17:51:54.025000,147.67400,1.00
2025-06-01,2025-06-30,20260208_071156,20260208_071156-0017,5,段階4,2025-06-23 17:51:54.025000,147.72300,1.00
2025-06-01,2025-06-30,20260208_071156,20260208_071156-0017,6,段階5,2025-06-23 17:51:54.025000,147.77300,1.00
2025-06-01,2025-06-30,20260208_071156,20260208_071156-0018,1,初回,2025-06-24 12:29:34.260000,145.42800,1.00
2025-06-01,2025-06-30,20260208_071156,20260208_071156-0018,2,段階1,2025-06-24 12:29:34.260000,145.37800,1.00
2025-06-01,2025-06-30,20260208_071156,20260208_071156-0018,3,段階2,2025-06-24 12:29:34.260000,145.32600,1.00
2025-06-01,2025-06-30,20260208_071156,20260208_071156-0018,4,段階3,2025-06-24 12:29:34.260000,145.27300,1.00
2025-06-01,2025-06-30,20260208_071156,20260208_071156-0018,5,段階4,2025-06-24 12:29:34.260000,145.22600,1.00
2025-06-01,2025-06-30,20260208_071156,20260208_071156-0018,6,段階5,2025-06-24 12:29:34.260000,145.17300,1.00
2025-06-01,2025-06-30,20260208_071156,20260208_071156-0019,1,初回,2025-06-24 22:01:11.917000,144.91100,1.00
2025-06-01,2025-06-30,20260208_071156,20260208_071156-0019,2,段階1,2025-06-24 22:01:11.917000,144.86100,1.00
2025-06-01,2025-06-30,20260208_071156,20260208_071156-0019,3,段階2,2025-06-24 22:01:11.917000,144.81100,1.00
2025-06-01,2025-06-30,20260208_071156,20260208_071156-0019,4,段階3,2025-06-24 22:01:11.917000,144.75900,1.00
2025-06-01,2025-06-30,20260208_071156,20260208_071156-0019,5,段階4,2025-06-24 22:01:11.917000,144.71100,1.00
2025-06-01,2025-06-30,20260208_071156,20260208_071156-0019,6,段階5,2025-06-24 22:01:11.917000,144.65700,1.00
2025-06-01,2025-06-30,20260208_071156,20260208_071156-0020,1,初回,2025-06-25 18:34:27.223000,145.63700,1.00
2025-06-01,2025-06-30,20260208_071156,20260208_071156-0020,2,段階1,2025-06-25 18:34:27.223000,145.68900,1.00
2025-06-01,2025-06-30,20260208_071156,20260208_071156-0020,3,段階2,2025-06-25 18:34:27.223000,145.74100,1.00
2025-06-01,2025-06-30,20260208_071156,20260208_071156-0020,4,段階3,2025-06-25 18:34:27.223000,145.78700,1.00
2025-06-01,2025-06-30,20260208_071156,20260208_071156-0020,5,段階4,2025-06-25 18:34:27.223000,145.84100,1.00
2025-06-01,2025-06-30,20260208_071156,20260208_071156-0020,6,段階5,2025-06-25 18:34:27.223000,145.88800,1.00
2025-06-01,2025-06-30,20260208_071156,20260208_071156-0021,1,初回,2025-06-25 18:37:37.707000,145.66800,1.00
2025-06-01,2025-06-30,20260208_071156,20260208_071156-0021,2,段階1,2025-06-25 18:37:37.707000,145.72000,1.00
2025-06-01,2025-06-30,20260208_071156,20260208_071156-0021,3,段階2,2025-06-25 18:37:37.707000,145.76900,1.00
2025-06-01,2025-06-30,20260208_071156,20260208_071156-0021,4,段階3,2025-06-25 18:37:37.707000,145.81900,1.00
2025-06-01,2025-06-30,20260208_071156,20260208_071156-0021,5,段階4,2025-06-25 18:37:37.707000,145.87200,1.00
2025-06-01,2025-06-30,20260208_071156,20260208_071156-0021,6,段階5,2025-06-25 18:37:37.707000,145.92000,1.00
2025-06-01,2025-06-30,20260208_071156,20260208_071156-0022,1,初回,2025-06-25 22:06:07.995000,145.93900,1.00
2025-06-01,2025-06-30,20260208_071156,20260208_071156-0023,1,初回,2025-06-26 11:06:48.251000,144.69100,1.00
2025-06-01,2025-06-30,20260208_071156,20260208_071156-0023,2,段階1,2025-06-26 11:06:48.251000,144.63800,1.00
2025-06-01,2025-06-30,20260208_071156,20260208_071156-0023,3,段階2,2025-06-26 11:06:48.251000,144.59000,1.00
2025-06-01,2025-06-30,20260208_071156,20260208_071156-0024,1,初回,2025-06-26 20:28:42.915000,144.38800,1.00
2025-06-01,2025-06-30,20260208_071156,20260208_071156-0024,2,段階1,2025-06-26 20:28:42.915000,144.44100,1.00
2025-06-01,2025-06-30,20260208_071156,20260208_071156-0024,3,段階2,2025-06-26 20:28:42.915000,144.49200,1.00
2025-06-01,2025-06-30,20260208_071156,20260208_071156-0025,1,初回,2025-06-28 02:42:29.303000,144.81300,1.00
2025-06-01,2025-06-30,20260208_071156,20260208_071156-0025,2,段階1,2025-06-28 02:42:29.303000,144.86500,1.00
2025-06-01,2025-06-30,20260208_071156,20260208_071156-0026,1,初回,2025-06-30 13:12:36.806000,144.12400,1.00
2025-06-01,2025-06-30,20260208_071156,20260208_071156-0026,2,段階1,2025-06-30 13:12:36.806000,144.07400,1.00
2025-06-01,2025-06-30,20260208_071156,20260208_071156-0026,3,段階2,2025-06-30 13:12:36.806000,144.02200,1.00
2025-06-01,2025-06-30,20260208_071156,20260208_071156-0026,4,段階3,2025-06-30 13:12:36.806000,143.97400,1.00
2025-06-01,2025-06-30,20260208_071156,20260208_071156-0026,5,段階4,2025-06-30 13:12:36.806000,143.92400,1.00
2025-06-01,2025-06-30,20260208_071156,20260208_071156-0026,6,段階5,2025-06-30 13:12:36.806000,143.86900,1.00
2025-06-01,2025-06-30,20260208_071156,20260208_071156-0027,1,初回,2025-06-30 21:56:45.300000,144.48400,1.00
2025-07-01,2025-07-31,20260208_071254,20260208_071254-0001,1,初回,2025-07-02 03:47:49.712000,143.78300,1.00
2025-07-01,2025-07-31,20260208_071254,20260208_071254-0002,1,初回,2025-07-04 21:26:11.521000,144.42700,1.00
2025-07-01,2025-07-31,20260208_071254,20260208_071254-0002,2,段階1,2025-07-04 21:26:11.521000,144.47700,1.00
2025-07-01,2025-07-31,20260208_071254,20260208_071254-0002,3,段階2,2025-07-04 21:26:11.521000,144.53000,1.00
2025-07-01,2025-07-31,20260208_071254,20260208_071254-0003,1,初回,2025-07-07 11:51:01.280000,144.79300,1.00
2025-07-01,2025-07-31,20260208_071254,20260208_071254-0003,2,段階1,2025-07-07 11:51:01.280000,144.84400,1.00
2025-07-01,2025-07-31,20260208_071254,20260208_071254-0003,3,段階2,2025-07-07 11:51:01.280000,144.89700,1.00
2025-07-01,2025-07-31,20260208_071254,20260208_071254-0003,4,段階3,2025-07-07 11:51:01.280000,144.94300,1.00
2025-07-01,2025-07-31,20260208_071254,20260208_071254-0003,5,段階4,2025-07-07 11:51:01.280000,144.99500,1.00
2025-07-01,2025-07-31,20260208_071254,20260208_071254-0003,6,段階5,2025-07-07 11:51:01.280000,145.04800,1.00
2025-07-01,2025-07-31,20260208_071254,20260208_071254-0004,1,初回,2025-07-08 00:17:05.497000,145.87000,1.00
2025-07-01,2025-07-31,20260208_071254,20260208_071254-0004,2,段階1,2025-07-08 00:17:05.497000,145.92600,1.00
2025-07-01,2025-07-31,20260208_071254,20260208_071254-0004,3,段階2,2025-07-08 00:17:05.497000,145.97100,1.00
2025-07-01,2025-07-31,20260208_071254,20260208_071254-0004,4,段階3,2025-07-08 00:17:05.497000,146.02100,1.00
2025-07-01,2025-07-31,20260208_071254,20260208_071254-0004,5,段階4,2025-07-08 00:17:05.497000,146.07100,1.00
2025-07-01,2025-07-31,20260208_071254,20260208_071254-0004,6,段階5,2025-07-08 00:17:05.497000,146.12000,1.00
2025-07-01,2025-07-31,20260208_071254,20260208_071254-0005,1,初回,2025-07-09 11:46:43.352000,147.03800,1.00
2025-07-01,2025-07-31,20260208_071254,20260208_071254-0005,2,段階1,2025-07-09 11:46:43.352000,147.08900,1.00
2025-07-01,2025-07-31,20260208_071254,20260208_071254-0005,3,段階2,2025-07-09 11:46:43.352000,147.14300,1.00
2025-07-01,2025-07-31,20260208_071254,20260208_071254-0006,1,初回,2025-07-09 17:39:21.738000,146.71500,1.00
2025-07-01,2025-07-31,20260208_071254,20260208_071254-0006,2,段階1,2025-07-09 17:39:21.738000,146.65800,1.00
2025-07-01,2025-07-31,20260208_071254,20260208_071254-0006,3,段階2,2025-07-09 17:39:21.738000,146.61500,1.00
2025-07-01,2025-07-31,20260208_071254,20260208_071254-0006,4,段階3,2025-07-09 17:39:21.738000,146.56500,1.00
2025-07-01,2025-07-31,20260208_071254,20260208_071254-0007,1,初回,2025-07-10 12:03:46.613000,146.12900,1.00
2025-07-01,2025-07-31,20260208_071254,20260208_071254-0007,2,段階1,2025-07-10 12:03:46.613000,146.18000,1.00
2025-07-01,2025-07-31,20260208_071254,20260208_071254-0007,3,段階2,2025-07-10 12:03:46.613000,146.23000,1.00
2025-07-01,2025-07-31,20260208_071254,20260208_071254-0007,4,段階3,2025-07-10 12:03:46.613000,146.28200,1.00
2025-07-01,2025-07-31,20260208_071254,20260208_071254-0007,5,段階4,2025-07-10 12:03:46.613000,146.32900,1.00
2025-07-01,2025-07-31,20260208_071254,20260208_071254-0007,6,段階5,2025-07-10 12:03:46.613000,146.38000,1.00
2025-07-01,2025-07-31,20260208_071254,20260208_071254-0008,1,初回,2025-07-10 12:55:35.200000,146.23800,1.00
2025-07-01,2025-07-31,20260208_071254,20260208_071254-0008,2,段階1,2025-07-10 12:55:35.200000,146.29100,1.00
2025-07-01,2025-07-31,20260208_071254,20260208_071254-0008,3,段階2,2025-07-10 12:55:35.200000,146.34500,1.00
2025-07-01,2025-07-31,20260208_071254,20260208_071254-0008,4,段階3,2025-07-10 12:55:35.200000,146.39100,1.00
2025-07-01,2025-07-31,20260208_071254,20260208_071254-0008,5,段階4,2025-07-10 12:55:35.200000,146.44000,1.00
2025-07-01,2025-07-31,20260208_071254,20260208_071254-0009,1,初回,2025-07-10 13:18:34.625000,146.27900,1.00
2025-07-01,2025-07-31,20260208_071254,20260208_071254-0009,2,段階1,2025-07-10 13:18:34.625000,146.32900,1.00
2025-07-01,2025-07-31,20260208_071254,20260208_071254-0009,3,段階2,2025-07-10 13:18:34.625000,146.38000,1.00
2025-07-01,2025-07-31,20260208_071254,20260208_071254-0009,4,段階3,2025-07-10 13:18:34.625000,146.43100,1.00
2025-07-01,2025-07-31,20260208_071254,20260208_071254-0010,1,初回,2025-07-10 19:29:52.471000,146.16200,1.00
2025-07-01,2025-07-31,20260208_071254,20260208_071254-0010,2,段階1,2025-07-10 19:29:52.471000,146.10900,1.00
2025-07-01,2025-07-31,20260208_071254,20260208_071254-0011,1,初回,2025-07-11 04:50:59.640000,146.19000,1.00
2025-07-01,2025-07-31,20260208_071254,20260208_071254-0012,1,初回,2025-07-11 11:14:55.048000,146.92800,1.00
2025-07-01,2025-07-31,20260208_071254,20260208_071254-0012,2,段階1,2025-07-11 11:14:55.048000,146.98400,1.00
2025-07-01,2025-07-31,20260208_071254,20260208_071254-0012,3,段階2,2025-07-11 11:14:55.048000,147.03200,1.00
2025-07-01,2025-07-31,20260208_071254,20260208_071254-0012,4,段階3,2025-07-11 11:14:55.048000,147.08400,1.00
2025-07-01,2025-07-31,20260208_071254,20260208_071254-0012,5,段階4,2025-07-11 11:14:55.048000,147.12900,1.00
2025-07-01,2025-07-31,20260208_071254,20260208_071254-0012,6,段階5,2025-07-11 11:14:55.048000,147.18200,1.00
2025-07-01,2025-07-31,20260208_071254,20260208_071254-0013,1,初回,2025-07-14 20:45:35.300000,147.36100,1.00
2025-07-01,2025-07-31,20260208_071254,20260208_071254-0013,2,段階1,2025-07-14 20:45:35.300000,147.41100,1.00
2025-07-01,2025-07-31,20260208_071254,20260208_071254-0013,3,段階2,2025-07-14 20:45:35.300000,147.46300,1.00
2025-07-01,2025-07-31,20260208_071254,20260208_071254-0013,4,段階3,2025-07-14 20:45:35.300000,147.51300,1.00
2025-07-01,2025-07-31,20260208_071254,20260208_071254-0013,5,段階4,2025-07-14 20:45:35.300000,147.56400,1.00
2025-07-01,2025-07-31,20260208_071254,20260208_071254-0013,6,段階5,2025-07-14 20:45:35.300000,147.61100,1.00
2025-07-01,2025-07-31,20260208_071254,20260208_071254-0014,1,初回,2025-07-17 12:41:41.714000,148.61800,1.00
2025-07-01,2025-07-31,20260208_071254,20260208_071254-0014,2,段階1,2025-07-17 12:41:41.714000,148.66800,1.00
2025-07-01,2025-07-31,20260208_071254,20260208_071254-0014,3,段階2,2025-07-17 12:41:41.714000,148.72200,1.00
2025-07-01,2025-07-31,20260208_071254,20260208_071254-0014,4,段階3,2025-07-17 12:41:41.714000,148.76900,1.00
2025-07-01,2025-07-31,20260208_071254,20260208_071254-0015,1,初回,2025-07-17 19:06:57.383000,148.76800,1.00
2025-07-01,2025-07-31,20260208_071254,20260208_071254-0015,2,段階1,2025-07-17 19:06:57.383000,148.81900,1.00
2025-07-01,2025-07-31,20260208_071254,20260208_071254-0015,3,段階2,2025-07-17 19:06:57.383000,148.87300,1.00
2025-07-01,2025-07-31,20260208_071254,20260208_071254-0015,4,段階3,2025-07-17 19:06:57.383000,148.92400,1.00
2025-07-01,2025-07-31,20260208_071254,20260208_071254-0015,5,段階4,2025-07-17 19:06:57.383000,148.97100,1.00
2025-07-01,2025-07-31,20260208_071254,20260208_071254-0015,6,段階5,2025-07-17 19:06:57.383000,149.01900,1.00
2025-07-01,2025-07-31,20260208_071254,20260208_071254-0016,1,初回,2025-07-19 02:38:21.511000,148.77400,1.00
2025-07-01,2025-07-31,20260208_071254,20260208_071254-0016,2,段階1,2025-07-19 02:38:21.511000,148.82500,1.00
2025-07-01,2025-07-31,20260208_071254,20260208_071254-0017,1,初回,2025-07-19 04:13:19.215000,148.79200,1.00
2025-07-01,2025-07-31,20260208_071254,20260208_071254-0017,2,段階1,2025-07-19 04:13:19.215000,148.84500,1.00
2025-07-01,2025-07-31,20260208_071254,20260208_071254-0018,1,初回,2025-07-22 13:44:02.580000,147.62500,1.00
2025-07-01,2025-07-31,20260208_071254,20260208_071254-0018,2,段階1,2025-07-22 13:44:02.580000,147.67600,1.00
2025-07-01,2025-07-31,20260208_071254,20260208_071254-0018,3,段階2,2025-07-22 13:44:02.580000,147.72800,1.00
2025-07-01,2025-07-31,20260208_071254,20260208_071254-0018,4,段階3,2025-07-22 13:44:02.580000,147.77500,1.00
2025-07-01,2025-07-31,20260208_071254,20260208_071254-0018,5,段階4,2025-07-22 13:44:02.580000,147.82600,1.00
2025-07-01,2025-07-31,20260208_071254,20260208_071254-0018,6,段階5,2025-07-22 13:44:02.580000,147.87700,1.00
2025-07-01,2025-07-31,20260208_071254,20260208_071254-0019,1,初回,2025-07-23 13:25:14.682000,147.04300,1.00
2025-07-01,2025-07-31,20260208_071254,20260208_071254-0019,2,段階1,2025-07-23 13:25:14.682000,147.10700,1.00
2025-07-01,2025-07-31,20260208_071254,20260208_071254-0019,3,段階2,2025-07-23 13:25:14.682000,147.14600,1.00
2025-07-01,2025-07-31,20260208_071254,20260208_071254-0019,4,段階3,2025-07-23 13:25:14.682000,147.19400,1.00
2025-07-01,2025-07-31,20260208_071254,20260208_071254-0020,1,初回,2025-07-24 12:45:32.268000,145.96800,1.00
2025-07-01,2025-07-31,20260208_071254,20260208_071254-0020,2,段階1,2025-07-24 12:45:32.268000,145.91800,1.00
2025-07-01,2025-07-31,20260208_071254,20260208_071254-0021,1,初回,2025-07-25 13:11:00.077000,147.17100,1.00
2025-07-01,2025-07-31,20260208_071254,20260208_071254-0021,2,段階1,2025-07-25 13:11:00.077000,147.12000,1.00
2025-07-01,2025-07-31,20260208_071254,20260208_071254-0021,3,段階2,2025-07-25 13:11:00.077000,147.07000,1.00
2025-07-01,2025-07-31,20260208_071254,20260208_071254-0021,4,段階3,2025-07-25 13:11:00.077000,147.01800,1.00
2025-07-01,2025-07-31,20260208_071254,20260208_071254-0021,5,段階4,2025-07-25 13:11:00.077000,146.96600,1.00
2025-07-01,2025-07-31,20260208_071254,20260208_071254-0021,6,段階5,2025-07-25 13:11:00.077000,146.91400,1.00
2025-07-01,2025-07-31,20260208_071254,20260208_071254-0022,1,初回,2025-07-25 14:03:50.093000,147.11200,1.00
2025-07-01,2025-07-31,20260208_071254,20260208_071254-0022,2,段階1,2025-07-25 14:03:50.093000,147.06200,1.00
2025-07-01,2025-07-31,20260208_071254,20260208_071254-0022,3,段階2,2025-07-25 14:03:50.093000,147.00900,1.00
2025-07-01,2025-07-31,20260208_071254,20260208_071254-0022,4,段階3,2025-07-25 14:03:50.093000,146.95300,1.00
2025-07-01,2025-07-31,20260208_071254,20260208_071254-0022,5,段階4,2025-07-25 14:03:50.093000,146.91200,1.00
2025-07-01,2025-07-31,20260208_071254,20260208_071254-0022,6,段階5,2025-07-25 14:03:50.093000,146.85200,1.00
2025-07-01,2025-07-31,20260208_071254,20260208_071254-0023,1,初回,2025-07-25 21:06:21.029000,147.65400,1.00
2025-07-01,2025-07-31,20260208_071254,20260208_071254-0023,2,段階1,2025-07-25 21:06:21.029000,147.60400,1.00
2025-07-01,2025-07-31,20260208_071254,20260208_071254-0023,3,段階2,2025-07-25 21:06:21.029000,147.55300,1.00
2025-07-01,2025-07-31,20260208_071254,20260208_071254-0024,1,初回,2025-07-28 14:58:05.171000,147.84700,1.00
2025-07-01,2025-07-31,20260208_071254,20260208_071254-0024,2,段階1,2025-07-28 14:58:05.171000,147.89800,1.00
2025-07-01,2025-07-31,20260208_071254,20260208_071254-0024,3,段階2,2025-07-28 14:58:05.171000,147.95000,1.00
2025-07-01,2025-07-31,20260208_071254,20260208_071254-0024,4,段階3,2025-07-28 14:58:05.171000,148.00300,1.00
2025-07-01,2025-07-31,20260208_071254,20260208_071254-0024,5,段階4,2025-07-28 14:58:05.171000,148.04800,1.00
2025-07-01,2025-07-31,20260208_071254,20260208_071254-0024,6,段階5,2025-07-28 14:58:05.171000,148.09700,1.00
2025-07-01,2025-07-31,20260208_071254,20260208_071254-0025,1,初回,2025-07-31 18:47:39.690000,149.86100,1.00
2025-07-01,2025-07-31,20260208_071254,20260208_071254-0025,2,段階1,2025-07-31 18:47:39.690000,149.91600,1.00
2025-07-01,2025-07-31,20260208_071254,20260208_071254-0025,3,段階2,2025-07-31 18:47:39.690000,149.96100,1.00
2025-07-01,2025-07-31,20260208_071254,20260208_071254-0025,4,段階3,2025-07-31 18:47:39.690000,150.03000,1.00
2025-07-01,2025-07-31,20260208_071254,20260208_071254-0025,5,段階4,2025-07-31 18:47:39.690000,150.06100,1.00
2025-07-01,2025-07-31,20260208_071254,20260208_071254-0025,6,段階5,2025-07-31 18:47:39.690000,150.12000,1.00
2025-08-01,2025-08-31,20260208_071345,20260208_071345-0001,1,初回,2025-08-05 00:11:28.957000,147.31700,1.00
2025-08-01,2025-08-31,20260208_071345,20260208_071345-0002,1,初回,2025-08-05 13:55:55.534000,147.02500,1.00
2025-08-01,2025-08-31,20260208_071345,20260208_071345-0003,1,初回,2025-08-06 18:09:51.287000,147.86200,1.00
2025-08-01,2025-08-31,20260208_071345,20260208_071345-0004,1,初回,2025-08-06 17:35:20.836000,147.79200,1.00
2025-08-01,2025-08-31,20260208_071345,20260208_071345-0004,2,段階1,2025-08-06 17:35:20.836000,147.84400,1.00
2025-08-01,2025-08-31,20260208_071345,20260208_071345-0005,1,初回,2025-08-08 13:16:05.293000,147.15400,1.00
2025-08-01,2025-08-31,20260208_071345,20260208_071345-0006,1,初回,2025-08-08 14:36:00.426000,147.31000,1.00
2025-08-01,2025-08-31,20260208_071345,20260208_071345-0006,2,段階1,2025-08-08 14:36:00.426000,147.36100,1.00
2025-08-01,2025-08-31,20260208_071345,20260208_071345-0006,3,段階2,2025-08-08 14:36:00.426000,147.41100,1.00
2025-08-01,2025-08-31,20260208_071345,20260208_071345-0006,4,段階3,2025-08-08 14:36:00.426000,147.46000,1.00
2025-08-01,2025-08-31,20260208_071345,20260208_071345-0006,5,段階4,2025-08-08 14:36:00.426000,147.51500,1.00
2025-08-01,2025-08-31,20260208_071345,20260208_071345-0006,6,段階5,2025-08-08 14:36:00.426000,147.56000,1.00
2025-08-01,2025-08-31,20260208_071345,20260208_071345-0007,1,初回,2025-08-11 12:44:50.246000,147.46300,1.00
2025-08-01,2025-08-31,20260208_071345,20260208_071345-0007,2,段階1,2025-08-11 12:44:50.246000,147.41300,1.00
2025-08-01,2025-08-31,20260208_071345,20260208_071345-0008,1,初回,2025-08-12 04:35:22.593000,148.19000,1.00
2025-08-01,2025-08-31,20260208_071345,20260208_071345-0008,2,段階1,2025-08-12 04:35:22.593000,148.24000,1.00
2025-08-01,2025-08-31,20260208_071345,20260208_071345-0009,1,初回,2025-08-13 11:19:57.983000,148.15500,1.00
2025-08-01,2025-08-31,20260208_071345,20260208_071345-0010,1,初回,2025-08-15 18:11:02.396000,146.82900,1.00
2025-08-01,2025-08-31,20260208_071345,20260208_071345-0010,2,段階1,2025-08-15 18:11:02.396000,146.77500,1.00
2025-08-01,2025-08-31,20260208_071345,20260208_071345-0011,1,初回,2025-08-15 20:51:45.647000,147.01500,1.00
2025-08-01,2025-08-31,20260208_071345,20260208_071345-0011,2,段階1,2025-08-15 20:51:45.647000,147.06600,1.00
2025-08-01,2025-08-31,20260208_071345,20260208_071345-0011,3,段階2,2025-08-15 20:51:45.647000,147.11900,1.00
2025-08-01,2025-08-31,20260208_071345,20260208_071345-0011,4,段階3,2025-08-15 20:51:45.647000,147.16900,1.00
2025-08-01,2025-08-31,20260208_071345,20260208_071345-0011,5,段階4,2025-08-15 20:51:45.647000,147.21500,1.00
2025-08-01,2025-08-31,20260208_071345,20260208_071345-0011,6,段階5,2025-08-15 20:51:45.647000,147.26500,1.00
2025-08-01,2025-08-31,20260208_071345,20260208_071345-0012,1,初回,2025-08-15 20:37:07.930000,146.98600,1.00
2025-08-01,2025-08-31,20260208_071345,20260208_071345-0012,2,段階1,2025-08-15 20:37:07.930000,147.03600,1.00
2025-08-01,2025-08-31,20260208_071345,20260208_071345-0012,3,段階2,2025-08-15 20:37:07.930000,147.08700,1.00
2025-08-01,2025-08-31,20260208_071345,20260208_071345-0012,4,段階3,2025-08-15 20:37:07.930000,147.14200,1.00
2025-08-01,2025-08-31,20260208_071345,20260208_071345-0012,5,段階4,2025-08-15 20:37:07.930000,147.19500,1.00
2025-08-01,2025-08-31,20260208_071345,20260208_071345-0012,6,段階5,2025-08-15 20:37:07.930000,147.23900,1.00
2025-08-01,2025-08-31,20260208_071345,20260208_071345-0013,1,初回,2025-08-15 23:41:02.507000,146.84700,1.00
2025-08-01,2025-08-31,20260208_071345,20260208_071345-0014,1,初回,2025-08-16 01:21:03.166000,147.08300,1.00
2025-08-01,2025-08-31,20260208_071345,20260208_071345-0014,2,段階1,2025-08-16 01:21:03.166000,147.13400,1.00
2025-08-01,2025-08-31,20260208_071345,20260208_071345-0014,3,段階2,2025-08-16 01:21:03.166000,147.18400,1.00
2025-08-01,2025-08-31,20260208_071345,20260208_071345-0014,4,段階3,2025-08-16 01:21:03.166000,147.23400,1.00
2025-08-01,2025-08-31,20260208_071345,20260208_071345-0014,5,段階4,2025-08-16 01:21:03.166000,147.28400,1.00
2025-08-01,2025-08-31,20260208_071345,20260208_071345-0015,1,初回,2025-08-18 21:10:48.259000,147.58000,1.00
2025-08-01,2025-08-31,20260208_071345,20260208_071345-0015,2,段階1,2025-08-18 21:10:48.259000,147.63200,1.00
2025-08-01,2025-08-31,20260208_071345,20260208_071345-0015,3,段階2,2025-08-18 21:10:48.259000,147.68200,1.00
2025-08-01,2025-08-31,20260208_071345,20260208_071345-0015,4,段階3,2025-08-18 21:10:48.259000,147.73600,1.00
2025-08-01,2025-08-31,20260208_071345,20260208_071345-0015,5,段階4,2025-08-18 21:10:48.259000,147.78200,1.00
2025-08-01,2025-08-31,20260208_071345,20260208_071345-0015,6,段階5,2025-08-18 21:10:48.259000,147.83100,1.00
2025-08-01,2025-08-31,20260208_071345,20260208_071345-0016,1,初回,2025-08-21 04:05:34.942000,147.28300,1.00
2025-08-01,2025-08-31,20260208_071345,20260208_071345-0016,2,段階1,2025-08-21 04:05:34.942000,147.33300,1.00
2025-08-01,2025-08-31,20260208_071345,20260208_071345-0016,3,段階2,2025-08-21 04:05:34.942000,147.38700,1.00
2025-08-01,2025-08-31,20260208_071345,20260208_071345-0016,4,段階3,2025-08-21 04:05:34.942000,147.43300,1.00
2025-08-01,2025-08-31,20260208_071345,20260208_071345-0016,5,段階4,2025-08-21 04:05:34.942000,147.48600,1.00
2025-08-01,2025-08-31,20260208_071345,20260208_071345-0017,1,初回,2025-08-21 20:57:12.253000,147.92200,1.00
2025-08-01,2025-08-31,20260208_071345,20260208_071345-0018,1,初回,2025-08-22 13:31:02.928000,148.71300,1.00
2025-08-01,2025-08-31,20260208_071345,20260208_071345-0018,2,段階1,2025-08-22 13:31:02.928000,148.76300,1.00
2025-08-01,2025-08-31,20260208_071345,20260208_071345-0019,1,初回,2025-08-22 18:26:47.819000,148.67400,1.00
2025-08-01,2025-08-31,20260208_071345,20260208_071345-0019,2,段階1,2025-08-22 18:26:47.819000,148.72500,1.00
2025-08-01,2025-08-31,20260208_071345,20260208_071345-0020,1,初回,2025-08-25 22:16:36.782000,147.49800,1.00
2025-08-01,2025-08-31,20260208_071345,20260208_071345-0020,2,段階1,2025-08-25 22:16:36.782000,147.54800,1.00
2025-08-01,2025-08-31,20260208_071345,20260208_071345-0020,3,段階2,2025-08-25 22:16:36.782000,147.60000,1.00
2025-08-01,2025-08-31,20260208_071345,20260208_071345-0020,4,段階3,2025-08-25 22:16:36.782000,147.64800,1.00
2025-08-01,2025-08-31,20260208_071345,20260208_071345-0021,1,初回,2025-08-26 11:46:57.546000,147.58100,1.00
2025-08-01,2025-08-31,20260208_071345,20260208_071345-0021,2,段階1,2025-08-26 11:46:57.546000,147.63100,1.00
2025-08-01,2025-08-31,20260208_071345,20260208_071345-0021,3,段階2,2025-08-26 11:46:57.546000,147.68300,1.00
2025-08-01,2025-08-31,20260208_071345,20260208_071345-0021,4,段階3,2025-08-26 11:46:57.546000,147.73200,1.00
2025-08-01,2025-08-31,20260208_071345,20260208_071345-0021,5,段階4,2025-08-26 11:46:57.546000,147.78100,1.00
2025-08-01,2025-08-31,20260208_071345,20260208_071345-0021,6,段階5,2025-08-26 11:46:57.546000,147.83200,1.00
2025-08-01,2025-08-31,20260208_071345,20260208_071345-0022,1,初回,2025-08-26 14:25:43.464000,147.85900,1.00
2025-08-01,2025-08-31,20260208_071345,20260208_071345-0023,1,初回,2025-08-27 00:43:28.084000,147.34600,1.00
2025-08-01,2025-08-31,20260208_071345,20260208_071345-0023,2,段階1,2025-08-27 00:43:28.084000,147.29600,1.00
2025-08-01,2025-08-31,20260208_071345,20260208_071345-0023,3,段階2,2025-08-27 00:43:28.084000,147.24300,1.00
2025-08-01,2025-08-31,20260208_071345,20260208_071345-0023,4,段階3,2025-08-27 00:43:28.084000,147.19500,1.00
2025-08-01,2025-08-31,20260208_071345,20260208_071345-0023,5,段階4,2025-08-27 00:43:28.084000,147.14500,1.00
2025-08-01,2025-08-31,20260208_071345,20260208_071345-0024,1,初回,2025-08-27 11:15:33.594000,147.68700,1.00
2025-08-01,2025-08-31,20260208_071345,20260208_071345-0024,2,段階1,2025-08-27 11:15:33.594000,147.73800,1.00
2025-08-01,2025-08-31,20260208_071345,20260208_071345-0024,3,段階2,2025-08-27 11:15:33.594000,147.78900,1.00
2025-08-01,2025-08-31,20260208_071345,20260208_071345-0024,4,段階3,2025-08-27 11:15:33.594000,147.83900,1.00
2025-08-01,2025-08-31,20260208_071345,20260208_071345-0024,5,段階4,2025-08-27 11:15:33.594000,147.88800,1.00
2025-08-01,2025-08-31,20260208_071345,20260208_071345-0024,6,段階5,2025-08-27 11:15:33.594000,147.93700,1.00
2025-09-01,2025-09-30,20260208_071439,20260208_071439-0001,1,初回,2025-09-01 23:45:41.184000,147.28400,1.00
2025-09-01,2025-09-30,20260208_071439,20260208_071439-0002,1,初回,2025-09-02 13:23:42.116000,147.81100,1.00
2025-09-01,2025-09-30,20260208_071439,20260208_071439-0002,2,段階1,2025-09-02 13:23:42.116000,147.86200,1.00
2025-09-01,2025-09-30,20260208_071439,20260208_071439-0002,3,段階2,2025-09-02 13:23:42.116000,147.91500,1.00
2025-09-01,2025-09-30,20260208_071439,20260208_071439-0002,4,段階3,2025-09-02 13:23:42.116000,147.96400,1.00
2025-09-01,2025-09-30,20260208_071439,20260208_071439-0002,5,段階4,2025-09-02 13:23:42.116000,148.03000,1.00
2025-09-01,2025-09-30,20260208_071439,20260208_071439-0002,6,段階5,2025-09-02 13:23:42.116000,148.06600,1.00
2025-09-01,2025-09-30,20260208_071439,20260208_071439-0003,1,初回,2025-09-03 15:30:46.471000,148.55900,1.00
2025-09-01,2025-09-30,20260208_071439,20260208_071439-0004,1,初回,2025-09-04 11:51:38.124000,148.15600,1.00
2025-09-01,2025-09-30,20260208_071439,20260208_071439-0004,2,段階1,2025-09-04 11:51:38.124000,148.20700,1.00
2025-09-01,2025-09-30,20260208_071439,20260208_071439-0004,3,段階2,2025-09-04 11:51:38.124000,148.25800,1.00
2025-09-01,2025-09-30,20260208_071439,20260208_071439-0005,1,初回,2025-09-04 13:16:11.260000,148.26300,1.00
2025-09-01,2025-09-30,20260208_071439,20260208_071439-0005,2,段階1,2025-09-04 13:16:11.260000,148.31400,1.00
2025-09-01,2025-09-30,20260208_071439,20260208_071439-0005,3,段階2,2025-09-04 13:16:11.260000,148.36500,1.00
2025-09-01,2025-09-30,20260208_071439,20260208_071439-0005,4,段階3,2025-09-04 13:16:11.260000,148.41300,1.00
2025-09-01,2025-09-30,20260208_071439,20260208_071439-0006,1,初回,2025-09-05 04:20:17.837000,148.51800,1.00
2025-09-01,2025-09-30,20260208_071439,20260208_071439-0006,2,段階1,2025-09-05 04:20:17.837000,148.46800,1.00
2025-09-01,2025-09-30,20260208_071439,20260208_071439-0006,3,段階2,2025-09-05 04:20:17.837000,148.41300,1.00
2025-09-01,2025-09-30,20260208_071439,20260208_071439-0007,1,初回,2025-09-08 17:04:32.389000,147.50000,1.00
2025-09-01,2025-09-30,20260208_071439,20260208_071439-0008,1,初回,2025-09-09 04:50:03.807000,147.36800,1.00
2025-09-01,2025-09-30,20260208_071439,20260208_071439-0008,2,段階1,2025-09-09 04:50:03.807000,147.31800,1.00
2025-09-01,2025-09-30,20260208_071439,20260208_071439-0008,3,段階2,2025-09-09 04:50:03.807000,147.25600,1.00
2025-09-01,2025-09-30,20260208_071439,20260208_071439-0009,1,初回,2025-09-10 04:08:33.443000,147.43000,1.00
2025-09-01,2025-09-30,20260208_071439,20260208_071439-0010,1,初回,2025-09-10 04:16:55.899000,147.44800,1.00
2025-09-01,2025-09-30,20260208_071439,20260208_071439-0011,1,初回,2025-09-10 11:59:10.096000,147.31400,1.00
2025-09-01,2025-09-30,20260208_071439,20260208_071439-0012,1,初回,2025-09-11 18:17:39.073000,147.89200,1.00
2025-09-01,2025-09-30,20260208_071439,20260208_071439-0012,2,段階1,2025-09-11 18:17:39.073000,147.94300,1.00
2025-09-01,2025-09-30,20260208_071439,20260208_071439-0012,3,段階2,2025-09-11 18:17:39.073000,148.03000,1.00
2025-09-01,2025-09-30,20260208_071439,20260208_071439-0012,4,段階3,2025-09-11 18:17:39.073000,148.04800,1.00
2025-09-01,2025-09-30,20260208_071439,20260208_071439-0012,5,段階4,2025-09-11 18:17:39.073000,148.09300,1.00
2025-09-01,2025-09-30,20260208_071439,20260208_071439-0012,6,段階5,2025-09-11 18:17:39.073000,148.15100,1.00
2025-09-01,2025-09-30,20260208_071439,20260208_071439-0013,1,初回,2025-09-12 13:42:01.355000,147.53100,1.00
2025-09-01,2025-09-30,20260208_071439,20260208_071439-0013,2,段階1,2025-09-12 13:42:01.355000,147.59000,1.00
2025-09-01,2025-09-30,20260208_071439,20260208_071439-0013,3,段階2,2025-09-12 13:42:01.355000,147.63900,1.00
2025-09-01,2025-09-30,20260208_071439,20260208_071439-0013,4,段階3,2025-09-12 13:42:01.355000,147.68300,1.00
2025-09-01,2025-09-30,20260208_071439,20260208_071439-0013,5,段階4,2025-09-12 13:42:01.355000,147.73700,1.00
2025-09-01,2025-09-30,20260208_071439,20260208_071439-0013,6,段階5,2025-09-12 13:42:01.355000,147.78100,1.00
2025-09-01,2025-09-30,20260208_071439,20260208_071439-0014,1,初回,2025-09-13 03:44:39.691000,147.49900,1.00
2025-09-01,2025-09-30,20260208_071439,20260208_071439-0014,2,段階1,2025-09-13 03:44:39.691000,147.41300,1.00
2025-09-01,2025-09-30,20260208_071439,20260208_071439-0015,1,初回,2025-09-17 21:30:03.811000,146.45200,1.00
2025-09-01,2025-09-30,20260208_071439,20260208_071439-0016,1,初回,2025-09-19 12:19:08.122000,147.93900,1.00
2025-09-01,2025-09-30,20260208_071439,20260208_071439-0016,2,段階1,2025-09-19 12:19:08.122000,147.88900,1.00
2025-09-01,2025-09-30,20260208_071439,20260208_071439-0016,3,段階2,2025-09-19 12:19:08.122000,147.83700,1.00
2025-09-01,2025-09-30,20260208_071439,20260208_071439-0016,4,段階3,2025-09-19 12:19:08.122000,147.78800,1.00
2025-09-01,2025-09-30,20260208_071439,20260208_071439-0016,5,段階4,2025-09-19 12:19:08.122000,147.73800,1.00
2025-09-01,2025-09-30,20260208_071439,20260208_071439-0016,6,段階5,2025-09-19 12:19:08.122000,147.68900,1.00
2025-09-01,2025-09-30,20260208_071439,20260208_071439-0017,1,初回,2025-09-19 17:19:35.410000,147.97500,1.00
2025-09-01,2025-09-30,20260208_071439,20260208_071439-0017,2,段階1,2025-09-19 17:19:35.410000,148.02500,1.00
2025-09-01,2025-09-30,20260208_071439,20260208_071439-0017,3,段階2,2025-09-19 17:19:35.410000,148.07900,1.00
2025-09-01,2025-09-30,20260208_071439,20260208_071439-0017,4,段階3,2025-09-19 17:19:35.410000,148.12800,1.00
2025-09-01,2025-09-30,20260208_071439,20260208_071439-0017,5,段階4,2025-09-19 17:19:35.410000,148.17600,1.00
2025-09-01,2025-09-30,20260208_071439,20260208_071439-0018,1,初回,2025-09-24 02:51:49.514000,147.51900,1.00
2025-09-01,2025-09-30,20260208_071439,20260208_071439-0019,1,初回,2025-09-24 18:10:39.586000,148.29100,1.00
2025-09-01,2025-09-30,20260208_071439,20260208_071439-0019,2,段階1,2025-09-24 18:10:39.586000,148.34200,1.00
2025-09-01,2025-09-30,20260208_071439,20260208_071439-0019,3,段階2,2025-09-24 18:10:39.586000,148.39300,1.00
2025-09-01,2025-09-30,20260208_071439,20260208_071439-0019,4,段階3,2025-09-24 18:10:39.586000,148.44100,1.00
2025-09-01,2025-09-30,20260208_071439,20260208_071439-0019,5,段階4,2025-09-24 18:10:39.586000,148.49100,1.00
2025-09-01,2025-09-30,20260208_071439,20260208_071439-0019,6,段階5,2025-09-24 18:10:39.586000,148.54100,1.00
2025-09-01,2025-09-30,20260208_071439,20260208_071439-0020,1,初回,2025-09-24 19:07:45.685000,148.34300,1.00
2025-09-01,2025-09-30,20260208_071439,20260208_071439-0020,2,段階1,2025-09-24 19:07:45.685000,148.39300,1.00
2025-09-01,2025-09-30,20260208_071439,20260208_071439-0020,3,段階2,2025-09-24 19:07:45.685000,148.44300,1.00
2025-09-01,2025-09-30,20260208_071439,20260208_071439-0020,4,段階3,2025-09-24 19:07:45.685000,148.49300,1.00
2025-09-01,2025-09-30,20260208_071439,20260208_071439-0020,5,段階4,2025-09-24 19:07:45.685000,148.54300,1.00
2025-09-01,2025-09-30,20260208_071439,20260208_071439-0020,6,段階5,2025-09-24 19:07:45.685000,148.59300,1.00
2025-09-01,2025-09-30,20260208_071439,20260208_071439-0021,1,初回,2025-09-24 19:12:32.799000,148.34800,1.00
2025-09-01,2025-09-30,20260208_071439,20260208_071439-0021,2,段階1,2025-09-24 19:12:32.799000,148.39900,1.00
2025-09-01,2025-09-30,20260208_071439,20260208_071439-0021,3,段階2,2025-09-24 19:12:32.799000,148.44900,1.00
2025-09-01,2025-09-30,20260208_071439,20260208_071439-0021,4,段階3,2025-09-24 19:12:32.799000,148.49900,1.00
2025-09-01,2025-09-30,20260208_071439,20260208_071439-0021,5,段階4,2025-09-24 19:12:32.799000,148.54900,1.00
2025-09-01,2025-09-30,20260208_071439,20260208_071439-0021,6,段階5,2025-09-24 19:12:32.799000,148.59900,1.00
2025-09-01,2025-09-30,20260208_071439,20260208_071439-0022,1,初回,2025-09-24 19:56:06.484000,148.39700,1.00
2025-09-01,2025-09-30,20260208_071439,20260208_071439-0022,2,段階1,2025-09-24 19:56:06.484000,148.44700,1.00
2025-09-01,2025-09-30,20260208_071439,20260208_071439-0022,3,段階2,2025-09-24 19:56:06.484000,148.49700,1.00
2025-09-01,2025-09-30,20260208_071439,20260208_071439-0022,4,段階3,2025-09-24 19:56:06.484000,148.54800,1.00
2025-09-01,2025-09-30,20260208_071439,20260208_071439-0022,5,段階4,2025-09-24 19:56:06.484000,148.59900,1.00
2025-09-01,2025-09-30,20260208_071439,20260208_071439-0022,6,段階5,2025-09-24 19:56:06.484000,148.64800,1.00
2025-09-01,2025-09-30,20260208_071439,20260208_071439-0023,1,初回,2025-09-24 22:16:45.879000,148.73000,1.00
2025-09-01,2025-09-30,20260208_071439,20260208_071439-0023,2,段階1,2025-09-24 22:16:45.879000,148.78000,1.00
2025-09-01,2025-09-30,20260208_071439,20260208_071439-0024,1,初回,2025-09-25 14:50:03.122000,148.77200,1.00
2025-09-01,2025-09-30,20260208_071439,20260208_071439-0024,2,段階1,2025-09-25 14:50:03.122000,148.82300,1.00
2025-09-01,2025-09-30,20260208_071439,20260208_071439-0025,1,初回,2025-09-26 02:30:00.779000,149.88200,1.00
2025-09-01,2025-09-30,20260208_071439,20260208_071439-0026,1,初回,2025-09-29 22:47:53.848000,148.54400,1.00
2025-09-01,2025-09-30,20260208_071439,20260208_071439-0027,1,初回,2025-09-30 14:02:05.490000,148.39900,1.00
2025-09-01,2025-09-30,20260208_071439,20260208_071439-0027,2,段階1,2025-09-30 14:02:05.490000,148.34900,1.00
2025-09-01,2025-09-30,20260208_071439,20260208_071439-0027,3,段階2,2025-09-30 14:02:05.490000,148.29800,1.00
2025-09-01,2025-09-30,20260208_071439,20260208_071439-0027,4,段階3,2025-09-30 14:02:05.490000,148.24900,1.00
2025-09-01,2025-09-30,20260208_071439,20260208_071439-0027,5,段階4,2025-09-30 14:02:05.490000,148.19900,1.00
2025-09-01,2025-09-30,20260208_071439,20260208_071439-0027,6,段階5,2025-09-30 14:02:05.490000,148.14700,1.00
2025-10-01,2025-10-31,20260208_071544,20260208_071544-0001,1,初回,2025-10-01 12:08:04.016000,147.89600,1.00
2025-10-01,2025-10-31,20260208_071544,20260208_071544-0001,2,段階1,2025-10-01 12:08:04.016000,147.84500,1.00
2025-10-01,2025-10-31,20260208_071544,20260208_071544-0001,3,段階2,2025-10-01 12:08:04.016000,147.79500,1.00
2025-10-01,2025-10-31,20260208_071544,20260208_071544-0001,4,段階3,2025-10-01 12:08:04.016000,147.74600,1.00
2025-10-01,2025-10-31,20260208_071544,20260208_071544-0001,5,段階4,2025-10-01 12:08:04.016000,147.69400,1.00
2025-10-01,2025-10-31,20260208_071544,20260208_071544-0001,6,段階5,2025-10-01 12:08:04.016000,147.64400,1.00
2025-10-01,2025-10-31,20260208_071544,20260208_071544-0002,1,初回,2025-10-01 19:09:51.435000,147.23100,1.00
2025-10-01,2025-10-31,20260208_071544,20260208_071544-0003,1,初回,2025-10-03 15:37:20.988000,147.54100,1.00
2025-10-01,2025-10-31,20260208_071544,20260208_071544-0003,2,段階1,2025-10-03 15:37:20.988000,147.48900,1.00
2025-10-01,2025-10-31,20260208_071544,20260208_071544-0003,3,段階2,2025-10-03 15:37:20.988000,147.43600,1.00
2025-10-01,2025-10-31,20260208_071544,20260208_071544-0003,4,段階3,2025-10-03 15:37:20.988000,147.39000,1.00
2025-10-01,2025-10-31,20260208_071544,20260208_071544-0003,5,段階4,2025-10-03 15:37:20.988000,147.34100,1.00
2025-10-01,2025-10-31,20260208_071544,20260208_071544-0003,6,段階5,2025-10-03 15:37:20.988000,147.29100,1.00
2025-10-01,2025-10-31,20260208_071544,20260208_071544-0004,1,初回,2025-10-03 16:56:29.367000,147.43900,1.00
2025-10-01,2025-10-31,20260208_071544,20260208_071544-0004,2,段階1,2025-10-03 16:56:29.367000,147.38900,1.00
2025-10-01,2025-10-31,20260208_071544,20260208_071544-0004,3,段階2,2025-10-03 16:56:29.367000,147.33700,1.00
2025-10-01,2025-10-31,20260208_071544,20260208_071544-0004,4,段階3,2025-10-03 16:56:29.367000,147.28900,1.00
2025-10-01,2025-10-31,20260208_071544,20260208_071544-0004,5,段階4,2025-10-03 16:56:29.367000,147.23700,1.00
2025-10-01,2025-10-31,20260208_071544,20260208_071544-0005,1,初回,2025-10-04 01:46:48.793000,147.51600,1.00
2025-10-01,2025-10-31,20260208_071544,20260208_071544-0006,1,初回,2025-10-08 01:36:40.873000,151.27500,1.00
2025-10-01,2025-10-31,20260208_071544,20260208_071544-0006,2,段階1,2025-10-08 01:36:40.873000,151.33000,1.00
2025-10-01,2025-10-31,20260208_071544,20260208_071544-0006,3,段階2,2025-10-08 01:36:40.873000,151.38600,1.00
2025-10-01,2025-10-31,20260208_071544,20260208_071544-0006,4,段階3,2025-10-08 01:36:40.873000,151.42500,1.00
2025-10-01,2025-10-31,20260208_071544,20260208_071544-0006,5,段階4,2025-10-08 01:36:40.873000,151.47700,1.00
2025-10-01,2025-10-31,20260208_071544,20260208_071544-0006,6,段階5,2025-10-08 01:36:40.873000,151.52700,1.00
2025-10-01,2025-10-31,20260208_071544,20260208_071544-0007,1,初回,2025-10-08 14:37:26.361000,152.31100,1.00
2025-10-01,2025-10-31,20260208_071544,20260208_071544-0008,1,初回,2025-10-09 02:06:28.433000,152.79600,1.00
2025-10-01,2025-10-31,20260208_071544,20260208_071544-0008,2,段階1,2025-10-09 02:06:28.433000,152.84900,1.00
2025-10-01,2025-10-31,20260208_071544,20260208_071544-0008,3,段階2,2025-10-09 02:06:28.433000,152.90400,1.00
2025-10-01,2025-10-31,20260208_071544,20260208_071544-0009,1,初回,2025-10-13 23:34:25.632000,152.40600,1.00
2025-10-01,2025-10-31,20260208_071544,20260208_071544-0010,1,初回,2025-10-15 11:54:30.497000,151.05800,1.00
2025-10-01,2025-10-31,20260208_071544,20260208_071544-0010,2,段階1,2025-10-15 11:54:30.497000,151.00700,1.00
2025-10-01,2025-10-31,20260208_071544,20260208_071544-0010,3,段階2,2025-10-15 11:54:30.497000,150.95700,1.00
2025-10-01,2025-10-31,20260208_071544,20260208_071544-0011,1,初回,2025-10-16 03:09:48.186000,151.35400,1.00
2025-10-01,2025-10-31,20260208_071544,20260208_071544-0012,1,初回,2025-10-21 18:06:25.115000,151.67600,1.00
2025-10-01,2025-10-31,20260208_071544,20260208_071544-0012,2,段階1,2025-10-21 18:06:25.115000,151.72600,1.00
2025-10-01,2025-10-31,20260208_071544,20260208_071544-0012,3,段階2,2025-10-21 18:06:25.115000,151.77600,1.00
2025-10-01,2025-10-31,20260208_071544,20260208_071544-0012,4,段階3,2025-10-21 18:06:25.115000,151.83500,1.00
2025-10-01,2025-10-31,20260208_071544,20260208_071544-0012,5,段階4,2025-10-21 18:06:25.115000,151.87600,1.00
2025-10-01,2025-10-31,20260208_071544,20260208_071544-0012,6,段階5,2025-10-21 18:06:25.115000,151.92600,1.00
2025-10-01,2025-10-31,20260208_071544,20260208_071544-0013,1,初回,2025-10-21 18:36:35.519000,151.76700,1.00
2025-10-01,2025-10-31,20260208_071544,20260208_071544-0013,2,段階1,2025-10-21 18:36:35.519000,151.83500,1.00
2025-10-01,2025-10-31,20260208_071544,20260208_071544-0013,3,段階2,2025-10-21 18:36:35.519000,151.86800,1.00
2025-10-01,2025-10-31,20260208_071544,20260208_071544-0013,4,段階3,2025-10-21 18:36:35.519000,151.91700,1.00
2025-10-01,2025-10-31,20260208_071544,20260208_071544-0013,5,段階4,2025-10-21 18:36:35.519000,151.96700,1.00
2025-10-01,2025-10-31,20260208_071544,20260208_071544-0013,6,段階5,2025-10-21 18:36:35.519000,152.02300,1.00
2025-10-01,2025-10-31,20260208_071544,20260208_071544-0014,1,初回,2025-10-22 21:47:15.514000,151.90500,1.00
2025-10-01,2025-10-31,20260208_071544,20260208_071544-0014,2,段階1,2025-10-22 21:47:15.514000,151.95500,1.00
2025-10-01,2025-10-31,20260208_071544,20260208_071544-0014,3,段階2,2025-10-22 21:47:15.514000,152.00700,1.00
2025-10-01,2025-10-31,20260208_071544,20260208_071544-0015,1,初回,2025-10-23 17:35:31.250000,152.53900,1.00
2025-10-01,2025-10-31,20260208_071544,20260208_071544-0015,2,段階1,2025-10-23 17:35:31.250000,152.59300,1.00
2025-10-01,2025-10-31,20260208_071544,20260208_071544-0015,3,段階2,2025-10-23 17:35:31.250000,152.63900,1.00
2025-10-01,2025-10-31,20260208_071544,20260208_071544-0015,4,段階3,2025-10-23 17:35:31.250000,152.69000,1.00
2025-10-01,2025-10-31,20260208_071544,20260208_071544-0015,5,段階4,2025-10-23 17:35:31.250000,152.74000,1.00
2025-10-01,2025-10-31,20260208_071544,20260208_071544-0015,6,段階5,2025-10-23 17:35:31.250000,152.79000,1.00
2025-10-01,2025-10-31,20260208_071544,20260208_071544-0016,1,初回,2025-10-23 19:53:53.215000,152.71500,1.00
2025-10-01,2025-10-31,20260208_071544,20260208_071544-0016,2,段階1,2025-10-23 19:53:53.215000,152.76600,1.00
2025-10-01,2025-10-31,20260208_071544,20260208_071544-0017,1,初回,2025-10-24 03:39:00.470000,152.59200,1.00
2025-10-01,2025-10-31,20260208_071544,20260208_071544-0017,2,段階1,2025-10-24 03:39:00.470000,152.53800,1.00
2025-10-01,2025-10-31,20260208_071544,20260208_071544-0018,1,初回,2025-10-29 04:25:07.263000,152.01300,1.00
2025-10-01,2025-10-31,20260208_071544,20260208_071544-0018,2,段階1,2025-10-29 04:25:07.263000,151.96100,1.00
2025-10-01,2025-10-31,20260208_071544,20260208_071544-0019,1,初回,2025-10-29 18:17:28.213000,152.45100,1.00
2025-10-01,2025-10-31,20260208_071544,20260208_071544-0020,1,初回,2025-10-30 14:18:05.003000,152.84100,1.00
2025-10-01,2025-10-31,20260208_071544,20260208_071544-0020,2,段階1,2025-10-30 14:18:05.003000,152.89200,1.00
2025-10-01,2025-10-31,20260208_071544,20260208_071544-0020,3,段階2,2025-10-30 14:18:05.003000,152.94300,1.00
2025-10-01,2025-10-31,20260208_071544,20260208_071544-0020,4,段階3,2025-10-30 14:18:05.003000,152.99100,1.00
2025-10-01,2025-10-31,20260208_071544,20260208_071544-0020,5,段階4,2025-10-30 14:18:05.003000,153.04200,1.00
2025-10-01,2025-10-31,20260208_071544,20260208_071544-0020,6,段階5,2025-10-30 14:18:05.003000,153.09100,1.00
2025-10-01,2025-10-31,20260208_071544,20260208_071544-0021,1,初回,2025-10-31 12:26:34.724000,153.93500,1.00
2025-10-01,2025-10-31,20260208_071544,20260208_071544-0021,2,段階1,2025-10-31 12:26:34.724000,153.98600,1.00
2025-10-01,2025-10-31,20260208_071544,20260208_071544-0021,3,段階2,2025-10-31 12:26:34.724000,154.03700,1.00
2025-10-01,2025-10-31,20260208_071544,20260208_071544-0021,4,段階3,2025-10-31 12:26:34.724000,154.09000,1.00
2025-10-01,2025-10-31,20260208_071544,20260208_071544-0021,5,段階4,2025-10-31 12:26:34.724000,154.13800,1.00
2025-10-01,2025-10-31,20260208_071544,20260208_071544-0021,6,段階5,2025-10-31 12:26:34.724000,154.18600,1.00
2025-11-01,2025-11-30,20260208_071638,20260208_071638-0001,1,初回,2025-11-03 22:40:51.965000,154.28300,1.00
2025-11-01,2025-11-30,20260208_071638,20260208_071638-0002,1,初回,2025-11-12 03:46:29.800000,154.13200,1.00
2025-11-01,2025-11-30,20260208_071638,20260208_071638-0003,1,初回,2025-11-13 14:59:58.806000,154.95400,1.00
2025-11-01,2025-11-30,20260208_071638,20260208_071638-0003,2,段階1,2025-11-13 14:59:58.806000,155.00500,1.00
2025-11-01,2025-11-30,20260208_071638,20260208_071638-0004,1,初回,2025-11-13 13:49:26.781000,154.84700,1.00
2025-11-01,2025-11-30,20260208_071638,20260208_071638-0004,2,段階1,2025-11-13 13:49:26.781000,154.90100,1.00
2025-11-01,2025-11-30,20260208_071638,20260208_071638-0004,3,段階2,2025-11-13 13:49:26.781000,154.94800,1.00
2025-11-01,2025-11-30,20260208_071638,20260208_071638-0004,4,段階3,2025-11-13 13:49:26.781000,154.99700,1.00
2025-11-01,2025-11-30,20260208_071638,20260208_071638-0005,1,初回,2025-11-14 17:00:20.545000,154.67000,1.00
2025-11-01,2025-11-30,20260208_071638,20260208_071638-0005,2,段階1,2025-11-14 17:00:20.545000,154.72000,1.00
2025-11-01,2025-11-30,20260208_071638,20260208_071638-0006,1,初回,2025-11-14 19:30:12.997000,154.71400,1.00
2025-11-01,2025-11-30,20260208_071638,20260208_071638-0007,1,初回,2025-11-17 12:03:17.065000,154.74200,1.00
2025-11-01,2025-11-30,20260208_071638,20260208_071638-0007,2,段階1,2025-11-17 12:03:17.065000,154.79200,1.00
2025-11-01,2025-11-30,20260208_071638,20260208_071638-0008,1,初回,2025-11-17 23:48:38.143000,154.97800,1.00
2025-11-01,2025-11-30,20260208_071638,20260208_071638-0008,2,段階1,2025-11-17 23:48:38.143000,155.03000,1.00
2025-11-01,2025-11-30,20260208_071638,20260208_071638-0008,3,段階2,2025-11-17 23:48:38.143000,155.08100,1.00
2025-11-01,2025-11-30,20260208_071638,20260208_071638-0008,4,段階3,2025-11-17 23:48:38.143000,155.14500,1.00
2025-11-01,2025-11-30,20260208_071638,20260208_071638-0008,5,段階4,2025-11-17 23:48:38.143000,155.18000,1.00
2025-11-01,2025-11-30,20260208_071638,20260208_071638-0008,6,段階5,2025-11-17 23:48:38.143000,155.23300,1.00
2025-11-01,2025-11-30,20260208_071638,20260208_071638-0009,1,初回,2025-11-18 20:49:42.778000,155.42300,1.00
2025-11-01,2025-11-30,20260208_071638,20260208_071638-0010,1,初回,2025-11-18 19:50:01.242000,155.35900,1.00
2025-11-01,2025-11-30,20260208_071638,20260208_071638-0010,2,段階1,2025-11-18 19:50:01.242000,155.41800,1.00
2025-11-01,2025-11-30,20260208_071638,20260208_071638-0011,1,初回,2025-11-19 02:51:40.880000,155.63900,1.00
2025-11-01,2025-11-30,20260208_071638,20260208_071638-0011,2,段階1,2025-11-19 02:51:40.880000,155.69000,1.00
2025-11-01,2025-11-30,20260208_071638,20260208_071638-0012,1,初回,2025-11-19 12:04:45.639000,155.33700,1.00
2025-11-01,2025-11-30,20260208_071638,20260208_071638-0012,2,段階1,2025-11-19 12:04:45.639000,155.28500,1.00
2025-11-01,2025-11-30,20260208_071638,20260208_071638-0012,3,段階2,2025-11-19 12:04:45.639000,155.23300,1.00
2025-11-01,2025-11-30,20260208_071638,20260208_071638-0013,1,初回,2025-11-20 21:37:38.993000,157.67700,1.00
2025-11-01,2025-11-30,20260208_071638,20260208_071638-0013,2,段階1,2025-11-20 21:37:38.993000,157.72700,1.00
2025-11-01,2025-11-30,20260208_071638,20260208_071638-0013,3,段階2,2025-11-20 21:37:38.993000,157.81400,1.00
2025-11-01,2025-11-30,20260208_071638,20260208_071638-0013,4,段階3,2025-11-20 21:37:38.993000,157.84000,1.00
2025-11-01,2025-11-30,20260208_071638,20260208_071638-0014,1,初回,2025-11-21 16:25:20.091000,157.05000,1.00
2025-11-01,2025-11-30,20260208_071638,20260208_071638-0014,2,段階1,2025-11-21 16:25:20.091000,156.98800,1.00
2025-11-01,2025-11-30,20260208_071638,20260208_071638-0014,3,段階2,2025-11-21 16:25:20.091000,156.94900,1.00
2025-11-01,2025-11-30,20260208_071638,20260208_071638-0014,4,段階3,2025-11-21 16:25:20.091000,156.90000,1.00
2025-11-01,2025-11-30,20260208_071638,20260208_071638-0014,5,段階4,2025-11-21 16:25:20.091000,156.84800,1.00
2025-11-01,2025-11-30,20260208_071638,20260208_071638-0014,6,段階5,2025-11-21 16:25:20.091000,156.80000,1.00
2025-11-01,2025-11-30,20260208_071638,20260208_071638-0015,1,初回,2025-11-24 14:05:34.846000,156.52600,1.00
2025-11-01,2025-11-30,20260208_071638,20260208_071638-0016,1,初回,2025-11-24 22:07:17.548000,156.93400,1.00
2025-11-01,2025-11-30,20260208_071638,20260208_071638-0016,2,段階1,2025-11-24 22:07:17.548000,156.98600,1.00
2025-11-01,2025-11-30,20260208_071638,20260208_071638-0016,3,段階2,2025-11-24 22:07:17.548000,157.03600,1.00
2025-11-01,2025-11-30,20260208_071638,20260208_071638-0016,4,段階3,2025-11-24 22:07:17.548000,157.08500,1.00
2025-11-01,2025-11-30,20260208_071638,20260208_071638-0016,5,段階4,2025-11-24 22:07:17.548000,157.13800,1.00
2025-11-01,2025-11-30,20260208_071638,20260208_071638-0016,6,段階5,2025-11-24 22:07:17.548000,157.18400,1.00
2025-11-01,2025-11-30,20260208_071638,20260208_071638-0017,1,初回,2025-11-25 04:57:54.414000,156.77600,1.00
2025-11-01,2025-11-30,20260208_071638,20260208_071638-0017,2,段階1,2025-11-25 04:57:54.414000,156.72100,1.00
2025-11-01,2025-11-30,20260208_071638,20260208_071638-0018,1,初回,2025-11-25 18:32:34.390000,156.27800,1.00
2025-11-01,2025-11-30,20260208_071638,20260208_071638-0018,2,段階1,2025-11-25 18:32:34.390000,156.22800,1.00
2025-11-01,2025-11-30,20260208_071638,20260208_071638-0018,3,段階2,2025-11-25 18:32:34.390000,156.17600,1.00
2025-11-01,2025-11-30,20260208_071638,20260208_071638-0018,4,段階3,2025-11-25 18:32:34.390000,156.12400,1.00
2025-11-01,2025-11-30,20260208_071638,20260208_071638-0018,5,段階4,2025-11-25 18:32:34.390000,156.07700,1.00
2025-11-01,2025-11-30,20260208_071638,20260208_071638-0019,1,初回,2025-11-27 18:26:42.493000,156.39000,1.00
2025-12-01,2025-12-31,20260208_071729,20260208_071729-0001,1,初回,2025-12-01 18:45:45.915000,155.34100,1.00
2025-12-01,2025-12-31,20260208_071729,20260208_071729-0001,2,段階1,2025-12-01 18:45:45.915000,155.28800,1.00
2025-12-01,2025-12-31,20260208_071729,20260208_071729-0001,3,段階2,2025-12-01 18:45:45.915000,155.24000,1.00
2025-12-01,2025-12-31,20260208_071729,20260208_071729-0001,4,段階3,2025-12-01 18:45:45.915000,155.18400,1.00
2025-12-01,2025-12-31,20260208_071729,20260208_071729-0001,5,段階4,2025-12-01 18:45:45.915000,155.14000,1.00
2025-12-01,2025-12-31,20260208_071729,20260208_071729-0001,6,段階5,2025-12-01 18:45:45.915000,155.08900,1.00
2025-12-01,2025-12-31,20260208_071729,20260208_071729-0002,1,初回,2025-12-02 02:11:19.018000,155.31100,1.00
2025-12-01,2025-12-31,20260208_071729,20260208_071729-0002,2,段階1,2025-12-02 02:11:19.018000,155.36300,1.00
2025-12-01,2025-12-31,20260208_071729,20260208_071729-0002,3,段階2,2025-12-02 02:11:19.018000,155.41200,1.00
2025-12-01,2025-12-31,20260208_071729,20260208_071729-0002,4,段階3,2025-12-02 02:11:19.018000,155.46300,1.00
2025-12-01,2025-12-31,20260208_071729,20260208_071729-0002,5,段階4,2025-12-02 02:11:19.018000,155.51200,1.00
2025-12-01,2025-12-31,20260208_071729,20260208_071729-0003,1,初回,2025-12-02 02:52:30.344000,155.36000,1.00
2025-12-01,2025-12-31,20260208_071729,20260208_071729-0003,2,段階1,2025-12-02 02:52:30.344000,155.41200,1.00
2025-12-01,2025-12-31,20260208_071729,20260208_071729-0003,3,段階2,2025-12-02 02:52:30.344000,155.46300,1.00
2025-12-01,2025-12-31,20260208_071729,20260208_071729-0003,4,段階3,2025-12-02 02:52:30.344000,155.51200,1.00
2025-12-01,2025-12-31,20260208_071729,20260208_071729-0004,1,初回,2025-12-02 16:24:42.975000,155.82300,1.00
2025-12-01,2025-12-31,20260208_071729,20260208_071729-0004,2,段階1,2025-12-02 16:24:42.975000,155.87400,1.00
2025-12-01,2025-12-31,20260208_071729,20260208_071729-0004,3,段階2,2025-12-02 16:24:42.975000,155.92400,1.00
2025-12-01,2025-12-31,20260208_071729,20260208_071729-0004,4,段階3,2025-12-02 16:24:42.975000,155.97400,1.00
2025-12-01,2025-12-31,20260208_071729,20260208_071729-0004,5,段階4,2025-12-02 16:24:42.975000,156.02500,1.00
2025-12-01,2025-12-31,20260208_071729,20260208_071729-0004,6,段階5,2025-12-02 16:24:42.975000,156.07400,1.00
2025-12-01,2025-12-31,20260208_071729,20260208_071729-0005,1,初回,2025-12-05 19:57:54.258000,155.13500,1.00
2025-12-01,2025-12-31,20260208_071729,20260208_071729-0005,2,段階1,2025-12-05 19:57:54.258000,155.18700,1.00
2025-12-01,2025-12-31,20260208_071729,20260208_071729-0005,3,段階2,2025-12-05 19:57:54.258000,155.23600,1.00
2025-12-01,2025-12-31,20260208_071729,20260208_071729-0006,1,初回,2025-12-09 17:12:08.270000,156.27700,1.00
2025-12-01,2025-12-31,20260208_071729,20260208_071729-0006,2,段階1,2025-12-09 17:12:08.270000,156.32900,1.00
2025-12-01,2025-12-31,20260208_071729,20260208_071729-0006,3,段階2,2025-12-09 17:12:08.270000,156.37700,1.00
2025-12-01,2025-12-31,20260208_071729,20260208_071729-0006,4,段階3,2025-12-09 17:12:08.270000,156.42700,1.00
2025-12-01,2025-12-31,20260208_071729,20260208_071729-0007,1,初回,2025-12-09 21:15:45.638000,156.28600,1.00
2025-12-01,2025-12-31,20260208_071729,20260208_071729-0007,2,段階1,2025-12-09 21:15:45.638000,156.33700,1.00
2025-12-01,2025-12-31,20260208_071729,20260208_071729-0007,3,段階2,2025-12-09 21:15:45.638000,156.38700,1.00
2025-12-01,2025-12-31,20260208_071729,20260208_071729-0007,4,段階3,2025-12-09 21:15:45.638000,156.44100,1.00
2025-12-01,2025-12-31,20260208_071729,20260208_071729-0007,5,段階4,2025-12-09 21:15:45.638000,156.49500,1.00
2025-12-01,2025-12-31,20260208_071729,20260208_071729-0007,6,段階5,2025-12-09 21:15:45.638000,156.56800,1.00
2025-12-01,2025-12-31,20260208_071729,20260208_071729-0008,1,初回,2025-12-11 21:07:39.022000,155.76800,1.00
2025-12-01,2025-12-31,20260208_071729,20260208_071729-0008,2,段階1,2025-12-11 21:07:39.022000,155.71800,1.00
2025-12-01,2025-12-31,20260208_071729,20260208_071729-0008,3,段階2,2025-12-11 21:07:39.022000,155.66300,1.00
2025-12-01,2025-12-31,20260208_071729,20260208_071729-0008,4,段階3,2025-12-11 21:07:39.022000,155.61800,1.00
2025-12-01,2025-12-31,20260208_071729,20260208_071729-0008,5,段階4,2025-12-11 21:07:39.022000,155.56800,1.00
2025-12-01,2025-12-31,20260208_071729,20260208_071729-0008,6,段階5,2025-12-11 21:07:39.022000,155.51800,1.00
2025-12-01,2025-12-31,20260208_071729,20260208_071729-0009,1,初回,2025-12-12 18:22:00.440000,155.85600,1.00
2025-12-01,2025-12-31,20260208_071729,20260208_071729-0009,2,段階1,2025-12-12 18:22:00.440000,155.90700,1.00
2025-12-01,2025-12-31,20260208_071729,20260208_071729-0009,3,段階2,2025-12-12 18:22:00.440000,155.96000,1.00
2025-12-01,2025-12-31,20260208_071729,20260208_071729-0009,4,段階3,2025-12-12 18:22:00.440000,156.01000,1.00
2025-12-01,2025-12-31,20260208_071729,20260208_071729-0009,5,段階4,2025-12-12 18:22:00.440000,156.05600,1.00
2025-12-01,2025-12-31,20260208_071729,20260208_071729-0009,6,段階5,2025-12-12 18:22:00.440000,156.10600,1.00
2025-12-01,2025-12-31,20260208_071729,20260208_071729-0010,1,初回,2025-12-12 18:29:25.168000,155.86500,1.00
2025-12-01,2025-12-31,20260208_071729,20260208_071729-0010,2,段階1,2025-12-12 18:29:25.168000,155.91600,1.00
2025-12-01,2025-12-31,20260208_071729,20260208_071729-0010,3,段階2,2025-12-12 18:29:25.168000,155.96600,1.00
2025-12-01,2025-12-31,20260208_071729,20260208_071729-0010,4,段階3,2025-12-12 18:29:25.168000,156.01600,1.00
2025-12-01,2025-12-31,20260208_071729,20260208_071729-0010,5,段階4,2025-12-12 18:29:25.168000,156.06600,1.00
2025-12-01,2025-12-31,20260208_071729,20260208_071729-0010,6,段階5,2025-12-12 18:29:25.168000,156.11500,1.00
2025-12-01,2025-12-31,20260208_071729,20260208_071729-0011,1,初回,2025-12-12 19:29:09.194000,155.94800,1.00
2025-12-01,2025-12-31,20260208_071729,20260208_071729-0011,2,段階1,2025-12-12 19:29:09.194000,155.99900,1.00
2025-12-01,2025-12-31,20260208_071729,20260208_071729-0011,3,段階2,2025-12-12 19:29:09.194000,156.05400,1.00
2025-12-01,2025-12-31,20260208_071729,20260208_071729-0011,4,段階3,2025-12-12 19:29:09.194000,156.09800,1.00
2025-12-01,2025-12-31,20260208_071729,20260208_071729-0012,1,初回,2025-12-13 04:50:51.753000,155.92800,1.00
2025-12-01,2025-12-31,20260208_071729,20260208_071729-0013,1,初回,2025-12-15 13:41:25.710000,155.22600,1.00
2025-12-01,2025-12-31,20260208_071729,20260208_071729-0013,2,段階1,2025-12-15 13:41:25.710000,155.17200,1.00
2025-12-01,2025-12-31,20260208_071729,20260208_071729-0013,3,段階2,2025-12-15 13:41:25.710000,155.12500,1.00
2025-12-01,2025-12-31,20260208_071729,20260208_071729-0013,4,段階3,2025-12-15 13:41:25.710000,155.07500,1.00
2025-12-01,2025-12-31,20260208_071729,20260208_071729-0013,5,段階4,2025-12-15 13:41:25.710000,155.02600,1.00
2025-12-01,2025-12-31,20260208_071729,20260208_071729-0013,6,段階5,2025-12-15 13:41:25.710000,154.97500,1.00
2025-12-01,2025-12-31,20260208_071729,20260208_071729-0014,1,初回,2025-12-16 03:41:12.400000,155.36400,1.00
2025-12-01,2025-12-31,20260208_071729,20260208_071729-0015,1,初回,2025-12-16 14:24:30.172000,154.70500,1.00
2025-12-01,2025-12-31,20260208_071729,20260208_071729-0016,1,初回,2025-12-16 22:07:40.469000,154.60700,1.00
2025-12-01,2025-12-31,20260208_071729,20260208_071729-0016,2,段階1,2025-12-16 22:07:40.469000,154.53800,1.00
2025-12-01,2025-12-31,20260208_071729,20260208_071729-0016,3,段階2,2025-12-16 22:07:40.469000,154.50500,1.00
2025-12-01,2025-12-31,20260208_071729,20260208_071729-0016,4,段階3,2025-12-16 22:07:40.469000,154.45600,1.00
2025-12-01,2025-12-31,20260208_071729,20260208_071729-0016,5,段階4,2025-12-16 22:07:40.469000,154.40600,1.00
2025-12-01,2025-12-31,20260208_071729,20260208_071729-0017,1,初回,2025-12-18 15:19:00.280000,155.88300,1.00
2025-12-01,2025-12-31,20260208_071729,20260208_071729-0017,2,段階1,2025-12-18 15:19:00.280000,155.93400,1.00
2025-12-01,2025-12-31,20260208_071729,20260208_071729-0018,1,初回,2025-12-19 11:43:17.241000,155.79000,1.00
2025-12-01,2025-12-31,20260208_071729,20260208_071729-0018,2,段階1,2025-12-19 11:43:17.241000,155.84100,1.00
2025-12-01,2025-12-31,20260208_071729,20260208_071729-0018,3,段階2,2025-12-19 11:43:17.241000,155.89500,1.00
2025-12-01,2025-12-31,20260208_071729,20260208_071729-0018,4,段階3,2025-12-19 11:43:17.241000,155.94700,1.00
2025-12-01,2025-12-31,20260208_071729,20260208_071729-0018,5,段階4,2025-12-19 11:43:17.241000,155.99000,1.00
2025-12-01,2025-12-31,20260208_071729,20260208_071729-0018,6,段階5,2025-12-19 11:43:17.241000,156.04700,1.00
2025-12-01,2025-12-31,20260208_071729,20260208_071729-0019,1,初回,2025-12-22 11:17:55.218000,157.26400,1.00
2025-12-01,2025-12-31,20260208_071729,20260208_071729-0020,1,初回,2025-12-25 11:21:22.444000,155.75400,1.00
2025-12-01,2025-12-31,20260208_071729,20260208_071729-0020,2,段階1,2025-12-25 11:21:22.444000,155.68700,1.00
2025-12-01,2025-12-31,20260208_071729,20260208_071729-0020,3,段階2,2025-12-25 11:21:22.444000,155.65100,1.00
2025-12-01,2025-12-31,20260208_071729,20260208_071729-0020,4,段階3,2025-12-25 11:21:22.444000,155.60400,1.00
2025-12-01,2025-12-31,20260208_071729,20260208_071729-0020,5,段階4,2025-12-25 11:21:22.444000,155.48200,1.00
2025-12-01,2025-12-31,20260208_071729,20260208_071729-0020,6,段階5,2025-12-25 11:21:22.444000,155.48200,1.00
2025-12-01,2025-12-31,20260208_071729,20260208_071729-0021,1,初回,2025-12-25 12:55:40.469000,155.69900,1.00
2025-12-01,2025-12-31,20260208_071729,20260208_071729-0021,2,段階1,2025-12-25 12:55:40.469000,155.63900,1.00
2025-12-01,2025-12-31,20260208_071729,20260208_071729-0021,3,段階2,2025-12-25 12:55:40.469000,155.48200,1.00
2025-12-01,2025-12-31,20260208_071729,20260208_071729-0021,4,段階3,2025-12-25 12:55:40.469000,155.48200,1.00
2025-12-01,2025-12-31,20260208_071729,20260208_071729-0021,5,段階4,2025-12-25 12:55:40.469000,155.48200,1.00
2025-12-01,2025-12-31,20260208_071729,20260208_071729-0022,1,初回,2025-12-25 15:51:04.284000,155.85100,1.00
2025-12-01,2025-12-31,20260208_071729,20260208_071729-0022,2,段階1,2025-12-25 15:51:04.284000,155.90100,1.00
2025-12-01,2025-12-31,20260208_071729,20260208_071729-0022,3,段階2,2025-12-25 15:51:04.284000,155.97900,1.00
2025-12-01,2025-12-31,20260208_071729,20260208_071729-0022,4,段階3,2025-12-25 15:51:04.284000,156.00700,1.00
2025-12-01,2025-12-31,20260208_071729,20260208_071729-0022,5,段階4,2025-12-25 15:51:04.284000,156.05200,1.00
2025-12-01,2025-12-31,20260208_071729,20260208_071729-0023,1,初回,2025-12-25 16:50:21.770000,155.90100,1.00
2025-12-01,2025-12-31,20260208_071729,20260208_071729-0023,2,段階1,2025-12-25 16:50:21.770000,155.98800,1.00
2025-12-01,2025-12-31,20260208_071729,20260208_071729-0023,3,段階2,2025-12-25 16:50:21.770000,156.00700,1.00
2025-12-01,2025-12-31,20260208_071729,20260208_071729-0023,4,段階3,2025-12-25 16:50:21.770000,156.05200,1.00
2025-12-01,2025-12-31,20260208_071729,20260208_071729-0024,1,初回,2025-12-30 14:02:38.330000,156.05900,1.00
2025-12-01,2025-12-31,20260208_071729,20260208_071729-0024,2,段階1,2025-12-30 14:02:38.330000,156.00700,1.00
2025-12-01,2025-12-31,20260208_071729,20260208_071729-0024,3,段階2,2025-12-30 14:02:38.330000,155.95400,1.00
2025-12-01,2025-12-31,20260208_071729,20260208_071729-0024,4,段階3,2025-12-30 14:02:38.330000,155.90700,1.00
2025-12-01,2025-12-31,20260208_071729,20260208_071729-0025,1,初回,2025-12-31 13:20:48.498000,156.55900,1.00
2025-12-01,2025-12-31,20260208_071729,20260208_071729-0025,2,段階1,2025-12-31 13:20:48.498000,156.61100,1.00
2025-12-01,2025-12-31,20260208_071729,20260208_071729-0026,1,初回,2025-12-31 23:08:01.688000,156.92500,1.00
