開始日,終了日,実行ID,取引ID,段階,種別,in時刻,in価格,ロット
2025-01-01,2025-01-31,20260209_084747,20260209_084747-0001,1,初回,2025-01-03 15:39:21.390000,157.21100,1.00
2025-01-01,2025-01-31,20260209_084747,20260209_084747-0002,1,初回,2025-01-03 15:55:01.160000,157.16500,1.00
2025-01-01,2025-01-31,20260209_084747,20260209_084747-0003,1,初回,2025-01-03 16:08:40.051000,157.07900,1.00
2025-01-01,2025-01-31,20260209_084747,20260209_084747-0004,1,初回,2025-01-03 22:04:21.064000,157.06200,1.00
2025-01-01,2025-01-31,20260209_084747,20260209_084747-0005,1,初回,2025-01-04 00:14:01.968000,157.39300,1.00
2025-01-01,2025-01-31,20260209_084747,20260209_084747-0006,1,初回,2025-01-04 00:30:37.010000,157.46000,1.00
2025-01-01,2025-01-31,20260209_084747,20260209_084747-0007,1,初回,2025-01-04 02:15:23.472000,156.90900,1.00
2025-01-01,2025-01-31,20260209_084747,20260209_084747-0008,1,初回,2025-01-06 14:18:03.657000,157.79600,1.00
2025-01-01,2025-01-31,20260209_084747,20260209_084747-0009,1,初回,2025-01-06 19:26:15.952000,157.81900,1.00
2025-01-01,2025-01-31,20260209_084747,20260209_084747-0010,1,初回,2025-01-06 19:53:44.054000,157.88900,1.00
2025-01-01,2025-01-31,20260209_084747,20260209_084747-0011,1,初回,2025-01-06 20:02:41.607000,157.93200,1.00
2025-01-01,2025-01-31,20260209_084747,20260209_084747-0012,1,初回,2025-01-06 20:15:49.745000,157.52400,1.00
2025-01-01,2025-01-31,20260209_084747,20260209_084747-0013,1,初回,2025-01-06 20:31:09.536000,157.20000,1.00
2025-01-01,2025-01-31,20260209_084747,20260209_084747-0014,1,初回,2025-01-06 21:48:03.712000,156.65500,1.00
2025-01-01,2025-01-31,20260209_084747,20260209_084747-0015,1,初回,2025-01-06 22:16:11.486000,156.47100,1.00
2025-01-01,2025-01-31,20260209_084747,20260209_084747-0016,1,初回,2025-01-06 22:28:07.599000,156.27800,1.00
2025-01-01,2025-01-31,20260209_084747,20260209_084747-0017,1,初回,2025-01-06 23:40:14.859000,157.39100,1.00
2025-01-01,2025-01-31,20260209_084747,20260209_084747-0018,1,初回,2025-01-07 00:41:52.315000,157.62400,1.00
2025-01-01,2025-01-31,20260209_084747,20260209_084747-0019,1,初回,2025-01-07 03:04:27.147000,157.62600,1.00
2025-01-01,2025-01-31,20260209_084747,20260209_084747-0020,1,初回,2025-01-07 03:04:32.087000,157.64100,1.00
2025-01-01,2025-01-31,20260209_084747,20260209_084747-0021,1,初回,2025-01-07 16:59:10.853000,157.46800,1.00
2025-01-01,2025-01-31,20260209_084747,20260209_084747-0022,1,初回,2025-01-07 17:05:22.765000,157.43400,1.00
2025-01-01,2025-01-31,20260209_084747,20260209_084747-0023,1,初回,2025-01-07 18:00:07.906000,157.37200,1.00
2025-01-01,2025-01-31,20260209_084747,20260209_084747-0024,1,初回,2025-01-07 18:00:22.433000,157.40200,1.00
2025-01-01,2025-01-31,20260209_084747,20260209_084747-0025,1,初回,2025-01-08 00:00:19.283000,158.12300,1.00
2025-01-01,2025-01-31,20260209_084747,20260209_084747-0026,1,初回,2025-01-08 00:09:51.103000,158.39300,1.00
2025-01-01,2025-01-31,20260209_084747,20260209_084747-0027,1,初回,2025-01-08 00:08:12.379000,158.38300,1.00
2025-01-01,2025-01-31,20260209_084747,20260209_084747-0028,1,初回,2025-01-08 02:31:29.255000,157.65800,1.00
2025-01-01,2025-01-31,20260209_084747,20260209_084747-0029,1,初回,2025-01-08 03:17:42.089000,157.62500,1.00
2025-01-01,2025-01-31,20260209_084747,20260209_084747-0030,1,初回,2025-01-08 12:30:07.170000,158.20900,1.00
2025-01-01,2025-01-31,20260209_084747,20260209_084747-0031,1,初回,2025-01-08 14:05:01.607000,158.23500,1.00
2025-01-01,2025-01-31,20260209_084747,20260209_084747-0032,1,初回,2025-01-08 13:20:39.127000,158.23000,1.00
2025-01-01,2025-01-31,20260209_084747,20260209_084747-0033,1,初回,2025-01-08 16:06:15.471000,157.96400,1.00
2025-01-01,2025-01-31,20260209_084747,20260209_084747-0034,1,初回,2025-01-08 17:34:24.967000,158.25300,1.00
2025-01-01,2025-01-31,20260209_084747,20260209_084747-0035,1,初回,2025-01-08 19:31:29.136000,158.31800,1.00
2025-01-01,2025-01-31,20260209_084747,20260209_084747-0036,1,初回,2025-01-08 20:25:01.133000,158.39300,1.00
2025-01-01,2025-01-31,20260209_084747,20260209_084747-0037,1,初回,2025-01-08 20:33:12.754000,158.52800,1.00
2025-01-01,2025-01-31,20260209_084747,20260209_084747-0038,1,初回,2025-01-09 11:00:00.377000,158.10700,1.00
2025-01-01,2025-01-31,20260209_084747,20260209_084747-0039,1,初回,2025-01-09 11:19:28.882000,158.01900,1.00
2025-01-01,2025-01-31,20260209_084747,20260209_084747-0040,1,初回,2025-01-09 12:12:12.807000,157.95300,1.00
2025-01-01,2025-01-31,20260209_084747,20260209_084747-0041,1,初回,2025-01-09 13:23:18.340000,157.79800,1.00
2025-01-01,2025-01-31,20260209_084747,20260209_084747-0042,1,初回,2025-01-09 18:34:56.128000,158.04900,1.00
2025-01-01,2025-01-31,20260209_084747,20260209_084747-0043,1,初回,2025-01-09 19:21:33.531000,157.99400,1.00
2025-01-01,2025-01-31,20260209_084747,20260209_084747-0044,1,初回,2025-01-09 20:36:18.554000,157.86200,1.00
2025-01-01,2025-01-31,20260209_084747,20260209_084747-0045,1,初回,2025-01-09 21:21:57.244000,157.68900,1.00
2025-01-01,2025-01-31,20260209_084747,20260209_084747-0046,1,初回,2025-01-09 22:42:03.885000,157.61300,1.00
2025-01-01,2025-01-31,20260209_084747,20260209_084747-0047,1,初回,2025-01-10 11:34:20.717000,158.25900,1.00
2025-01-01,2025-01-31,20260209_084747,20260209_084747-0048,1,初回,2025-01-10 13:41:47.354000,158.37700,1.00
2025-01-01,2025-01-31,20260209_084747,20260209_084747-0049,1,初回,2025-01-10 13:50:22.956000,158.40400,1.00
2025-01-01,2025-01-31,20260209_084747,20260209_084747-0050,1,初回,2025-01-10 14:00:40.486000,158.40600,1.00
2025-01-01,2025-01-31,20260209_084747,20260209_084747-0051,1,初回,2025-01-10 17:36:21.519000,157.96900,1.00
2025-01-01,2025-01-31,20260209_084747,20260209_084747-0052,1,初回,2025-01-10 17:40:30.211000,157.78700,1.00
2025-01-01,2025-01-31,20260209_084747,20260209_084747-0053,1,初回,2025-01-10 18:10:39.782000,157.66200,1.00
2025-01-01,2025-01-31,20260209_084747,20260209_084747-0054,1,初回,2025-01-10 22:30:01.667000,158.41900,1.00
2025-01-01,2025-01-31,20260209_084747,20260209_084747-0055,1,初回,2025-01-10 22:33:45.111000,158.84800,1.00
2025-01-01,2025-01-31,20260209_084747,20260209_084747-0056,1,初回,2025-01-10 23:43:01.645000,157.80100,1.00
2025-01-01,2025-01-31,20260209_084747,20260209_084747-0057,1,初回,2025-01-11 00:17:19.551000,157.56700,1.00
2025-01-01,2025-01-31,20260209_084747,20260209_084747-0058,1,初回,2025-01-11 00:24:50.745000,157.26100,1.00
2025-01-01,2025-01-31,20260209_084747,20260209_084747-0059,1,初回,2025-01-11 03:10:07.780000,157.84400,1.00
2025-01-01,2025-01-31,20260209_084747,20260209_084747-0060,1,初回,2025-01-11 03:30:42.428000,157.93000,1.00
2025-01-01,2025-01-31,20260209_084747,20260209_084747-0061,1,初回,2025-01-11 04:01:50.468000,157.95400,1.00
2025-01-01,2025-01-31,20260209_084747,20260209_084747-0062,1,初回,2025-01-13 14:38:48.891000,157.30400,1.00
2025-01-01,2025-01-31,20260209_084747,20260209_084747-0063,1,初回,2025-01-13 15:05:03.666000,157.25600,1.00
2025-01-01,2025-01-31,20260209_084747,20260209_084747-0064,1,初回,2025-01-13 15:04:50.659000,157.28500,1.00
2025-01-01,2025-01-31,20260209_084747,20260209_084747-0065,1,初回,2025-01-13 18:48:49.933000,157.07300,1.00
2025-01-01,2025-01-31,20260209_084747,20260209_084747-0066,1,初回,2025-01-13 19:02:10.828000,157.04900,1.00
2025-01-01,2025-01-31,20260209_084747,20260209_084747-0067,1,初回,2025-01-13 21:55:48.572000,156.94100,1.00
2025-01-01,2025-01-31,20260209_084747,20260209_084747-0068,1,初回,2025-01-13 22:23:43.043000,156.94800,1.00
2025-01-01,2025-01-31,20260209_084747,20260209_084747-0069,1,初回,2025-01-14 00:11:23.388000,157.43500,1.00
2025-01-01,2025-01-31,20260209_084747,20260209_084747-0070,1,初回,2025-01-14 00:50:47.331000,157.56100,1.00
2025-01-01,2025-01-31,20260209_084747,20260209_084747-0071,1,初回,2025-01-14 01:20:07.841000,157.76700,1.00
2025-01-01,2025-01-31,20260209_084747,20260209_084747-0072,1,初回,2025-01-14 04:54:56.201000,157.78800,1.00
2025-01-01,2025-01-31,20260209_084747,20260209_084747-0073,1,初回,2025-01-14 18:40:58.895000,158.00400,1.00
2025-01-01,2025-01-31,20260209_084747,20260209_084747-0074,1,初回,2025-01-14 18:41:03.872000,157.99900,1.00
2025-01-01,2025-01-31,20260209_084747,20260209_084747-0075,1,初回,2025-01-14 21:13:02.475000,158.10000,1.00
2025-01-01,2025-01-31,20260209_084747,20260209_084747-0076,1,初回,2025-01-14 22:30:05.113000,157.40000,1.00
2025-01-01,2025-01-31,20260209_084747,20260209_084747-0077,1,初回,2025-01-15 00:35:15.438000,158.12200,1.00
2025-01-01,2025-01-31,20260209_084747,20260209_084747-0078,1,初回,2025-01-15 02:29:48.827000,158.16500,1.00
2025-01-01,2025-01-31,20260209_084747,20260209_084747-0079,1,初回,2025-01-15 13:22:18.052000,157.78000,1.00
2025-01-01,2025-01-31,20260209_084747,20260209_084747-0080,1,初回,2025-01-15 13:52:30.791000,157.62400,1.00
2025-01-01,2025-01-31,20260209_084747,20260209_084747-0081,1,初回,2025-01-15 14:38:35.255000,157.23200,1.00
2025-01-01,2025-01-31,20260209_084747,20260209_084747-0082,1,初回,2025-01-15 16:38:18.272000,157.07100,1.00
2025-01-01,2025-01-31,20260209_084747,20260209_084747-0083,1,初回,2025-01-15 16:38:23.645000,157.07000,1.00
2025-01-01,2025-01-31,20260209_084747,20260209_084747-0084,1,初回,2025-01-15 16:53:59.435000,156.94800,1.00
2025-01-01,2025-01-31,20260209_084747,20260209_084747-0085,1,初回,2025-01-15 16:54:45.553000,156.87200,1.00
2025-01-01,2025-01-31,20260209_084747,20260209_084747-0086,1,初回,2025-01-15 17:13:16.921000,156.75800,1.00
2025-01-01,2025-01-31,20260209_084747,20260209_084747-0087,1,初回,2025-01-15 18:31:37.755000,156.74000,1.00
2025-01-01,2025-01-31,20260209_084747,20260209_084747-0088,1,初回,2025-01-15 22:30:01.938000,156.42400,1.00
2025-01-01,2025-01-31,20260209_084747,20260209_084747-0089,1,初回,2025-01-15 22:37:36.628000,156.28800,1.00
2025-01-01,2025-01-31,20260209_084747,20260209_084747-0090,1,初回,2025-01-15 23:27:27.303000,155.95500,1.00
2025-01-01,2025-01-31,20260209_084747,20260209_084747-0091,1,初回,2025-01-16 01:31:22.437000,156.70200,1.00
2025-01-01,2025-01-31,20260209_084747,20260209_084747-0092,1,初回,2025-01-16 11:02:05.206000,155.51500,1.00
2025-01-01,2025-01-31,20260209_084747,20260209_084747-0093,1,初回,2025-01-16 11:02:42.256000,155.24600,1.00
2025-01-01,2025-01-31,20260209_084747,20260209_084747-0094,1,初回,2025-01-16 15:36:42.227000,156.28000,1.00
2025-01-01,2025-01-31,20260209_084747,20260209_084747-0095,1,初回,2025-01-16 22:31:58.828000,156.33300,1.00
2025-01-01,2025-01-31,20260209_084747,20260209_084747-0096,1,初回,2025-01-17 01:40:21.708000,155.13900,1.00
2025-01-01,2025-01-31,20260209_084747,20260209_084747-0097,1,初回,2025-01-17 03:14:06.470000,155.18400,1.00
2025-01-01,2025-01-31,20260209_084747,20260209_084747-0098,1,初回,2025-01-17 11:50:59.609000,155.45000,1.00
2025-01-01,2025-01-31,20260209_084747,20260209_084747-0099,1,初回,2025-01-17 13:00:38.349000,155.46500,1.00
2025-01-01,2025-01-31,20260209_084747,20260209_084747-0100,1,初回,2025-01-17 14:30:31.611000,155.52500,1.00
2025-01-01,2025-01-31,20260209_084747,20260209_084747-0101,1,初回,2025-01-17 14:41:25.453000,155.66000,1.00
2025-01-01,2025-01-31,20260209_084747,20260209_084747-0102,1,初回,2025-01-17 15:36:18.419000,155.71100,1.00
2025-01-01,2025-01-31,20260209_084747,20260209_084747-0103,1,初回,2025-01-17 16:29:26.322000,155.74500,1.00
2025-01-01,2025-01-31,20260209_084747,20260209_084747-0104,1,初回,2025-01-17 18:25:13.806000,155.81700,1.00
2025-01-01,2025-01-31,20260209_084747,20260209_084747-0105,1,初回,2025-01-17 23:39:53.820000,156.17000,1.00
2025-01-01,2025-01-31,20260209_084747,20260209_084747-0106,1,初回,2025-01-18 01:26:35.580000,156.34200,1.00
2025-01-01,2025-01-31,20260209_084747,20260209_084747-0107,1,初回,2025-01-20 22:51:26.836000,155.74700,1.00
2025-01-01,2025-01-31,20260209_084747,20260209_084747-0108,1,初回,2025-01-20 23:43:24.264000,155.45500,1.00
2025-01-01,2025-01-31,20260209_084747,20260209_084747-0109,1,初回,2025-01-21 12:14:15.150000,154.93500,1.00
2025-01-01,2025-01-31,20260209_084747,20260209_084747-0110,1,初回,2025-01-21 12:14:18.988000,154.93900,1.00
2025-01-01,2025-01-31,20260209_084747,20260209_084747-0111,1,初回,2025-01-21 12:14:59.472000,154.80200,1.00
2025-01-01,2025-01-31,20260209_084747,20260209_084747-0112,1,初回,2025-01-21 23:45:51.801000,155.36600,1.00
2025-01-01,2025-01-31,20260209_084747,20260209_084747-0113,1,初回,2025-01-22 00:42:06.287000,155.28200,1.00
2025-01-01,2025-01-31,20260209_084747,20260209_084747-0114,1,初回,2025-01-22 12:12:50.916000,155.79600,1.00
2025-01-01,2025-01-31,20260209_084747,20260209_084747-0115,1,初回,2025-01-22 12:44:03.853000,155.93100,1.00
2025-01-01,2025-01-31,20260209_084747,20260209_084747-0116,1,初回,2025-01-22 15:37:04.048000,155.94300,1.00
2025-01-01,2025-01-31,20260209_084747,20260209_084747-0117,1,初回,2025-01-22 16:50:13.478000,156.02000,1.00
2025-01-01,2025-01-31,20260209_084747,20260209_084747-0118,1,初回,2025-01-22 16:56:08.098000,156.04200,1.00
2025-01-01,2025-01-31,20260209_084747,20260209_084747-0119,1,初回,2025-01-22 17:00:07.440000,156.08400,1.00
2025-01-01,2025-01-31,20260209_084747,20260209_084747-0120,1,初回,2025-01-22 23:34:33.350000,156.08400,1.00
2025-01-01,2025-01-31,20260209_084747,20260209_084747-0121,1,初回,2025-01-22 23:44:58.276000,156.15800,1.00
2025-01-01,2025-01-31,20260209_084747,20260209_084747-0122,1,初回,2025-01-22 23:44:58.494000,156.16100,1.00
2025-01-01,2025-01-31,20260209_084747,20260209_084747-0123,1,初回,2025-01-23 00:27:33.253000,156.20200,1.00
2025-01-01,2025-01-31,20260209_084747,20260209_084747-0124,1,初回,2025-01-23 00:55:57.195000,156.39600,1.00
2025-01-01,2025-01-31,20260209_084747,20260209_084747-0125,1,初回,2025-01-23 01:01:55.607000,156.43300,1.00
2025-01-01,2025-01-31,20260209_084747,20260209_084747-0126,1,初回,2025-01-23 01:29:31.410000,156.55100,1.00
2025-01-01,2025-01-31,20260209_084747,20260209_084747-0127,1,初回,2025-01-23 01:47:26.935000,156.61400,1.00
2025-01-01,2025-01-31,20260209_084747,20260209_084747-0128,1,初回,2025-01-23 02:23:30.757000,156.68200,1.00
2025-01-01,2025-01-31,20260209_084747,20260209_084747-0129,1,初回,2025-01-23 14:29:30.344000,156.72100,1.00
2025-01-01,2025-01-31,20260209_084747,20260209_084747-0130,1,初回,2025-01-23 19:05:56.107000,156.24300,1.00
2025-01-01,2025-01-31,20260209_084747,20260209_084747-0131,1,初回,2025-01-23 22:35:09.267000,156.14000,1.00
2025-01-01,2025-01-31,20260209_084747,20260209_084747-0132,1,初回,2025-01-24 01:44:24.860000,155.89900,1.00
2025-01-01,2025-01-31,20260209_084747,20260209_084747-0133,1,初回,2025-01-24 04:52:53.833000,155.75200,1.00
2025-01-01,2025-01-31,20260209_084747,20260209_084747-0134,1,初回,2025-01-24 04:51:53.019000,155.78000,1.00
2025-01-01,2025-01-31,20260209_084747,20260209_084747-0135,1,初回,2025-01-24 12:43:36.795000,155.46300,1.00
2025-01-01,2025-01-31,20260209_084747,20260209_084747-0136,1,初回,2025-01-24 13:08:08.607000,155.28400,1.00
2025-01-01,2025-01-31,20260209_084747,20260209_084747-0137,1,初回,2025-01-24 13:25:00.882000,155.04100,1.00
2025-01-01,2025-01-31,20260209_084747,20260209_084747-0138,1,初回,2025-01-24 15:40:10.032000,154.87400,1.00
2025-01-01,2025-01-31,20260209_084747,20260209_084747-0139,1,初回,2025-01-24 15:44:22.759000,155.69100,1.00
2025-01-01,2025-01-31,20260209_084747,20260209_084747-0140,1,初回,2025-01-24 18:45:02.061000,155.61300,1.00
2025-01-01,2025-01-31,20260209_084747,20260209_084747-0141,1,初回,2025-01-24 19:43:42.333000,155.93500,1.00
2025-01-01,2025-01-31,20260209_084747,20260209_084747-0142,1,初回,2025-01-24 20:09:30.333000,156.07500,1.00
2025-01-01,2025-01-31,20260209_084747,20260209_084747-0143,1,初回,2025-01-24 21:58:07.972000,156.44200,1.00
2025-01-01,2025-01-31,20260209_084747,20260209_084747-0144,1,初回,2025-01-24 22:10:50.824000,156.56900,1.00
2025-01-01,2025-01-31,20260209_084747,20260209_084747-0145,1,初回,2025-01-24 22:10:36.284000,156.54700,1.00
2025-01-01,2025-01-31,20260209_084747,20260209_084747-0146,1,初回,2025-01-24 23:45:00.285000,156.11100,1.00
2025-01-01,2025-01-31,20260209_084747,20260209_084747-0147,1,初回,2025-01-25 00:52:05.366000,155.66500,1.00
2025-01-01,2025-01-31,20260209_084747,20260209_084747-0148,1,初回,2025-01-25 01:34:12.576000,155.61500,1.00
2025-01-01,2025-01-31,20260209_084747,20260209_084747-0149,1,初回,2025-01-25 02:09:30.062000,155.55300,1.00
2025-01-01,2025-01-31,20260209_084747,20260209_084747-0150,1,初回,2025-01-27 12:46:23.072000,155.81200,1.00
2025-01-01,2025-01-31,20260209_084747,20260209_084747-0151,1,初回,2025-01-27 12:46:23.953000,155.84800,1.00
2025-01-01,2025-01-31,20260209_084747,20260209_084747-0152,1,初回,2025-01-27 13:52:17.565000,156.02900,1.00
2025-01-01,2025-01-31,20260209_084747,20260209_084747-0153,1,初回,2025-01-27 14:06:26.308000,156.06700,1.00
2025-01-01,2025-01-31,20260209_084747,20260209_084747-0154,1,初回,2025-01-27 15:06:54.128000,156.22600,1.00
2025-01-01,2025-01-31,20260209_084747,20260209_084747-0155,1,初回,2025-01-27 16:33:05.927000,155.72000,1.00
2025-01-01,2025-01-31,20260209_084747,20260209_084747-0156,1,初回,2025-01-27 17:31:33.119000,155.32700,1.00
2025-01-01,2025-01-31,20260209_084747,20260209_084747-0157,1,初回,2025-01-27 17:31:31.689000,155.32400,1.00
2025-01-01,2025-01-31,20260209_084747,20260209_084747-0158,1,初回,2025-01-27 17:52:58.208000,155.08700,1.00
2025-01-01,2025-01-31,20260209_084747,20260209_084747-0159,1,初回,2025-01-27 18:08:54.376000,154.97300,1.00
2025-01-01,2025-01-31,20260209_084747,20260209_084747-0160,1,初回,2025-01-27 18:10:12.897000,154.87700,1.00
2025-01-01,2025-01-31,20260209_084747,20260209_084747-0161,1,初回,2025-01-27 18:16:27.206000,154.50200,1.00
2025-01-01,2025-01-31,20260209_084747,20260209_084747-0162,1,初回,2025-01-27 19:52:54.115000,153.77500,1.00
2025-01-01,2025-01-31,20260209_084747,20260209_084747-0163,1,初回,2025-01-27 20:30:33.577000,153.75000,1.00
2025-01-01,2025-01-31,20260209_084747,20260209_084747-0164,1,初回,2025-01-28 13:16:57.991000,155.91500,1.00
2025-01-01,2025-01-31,20260209_084747,20260209_084747-0165,1,初回,2025-01-28 15:00:33.577000,155.54700,1.00
2025-01-01,2025-01-31,20260209_084747,20260209_084747-0166,1,初回,2025-01-28 16:52:55.218000,155.96800,1.00
2025-01-01,2025-01-31,20260209_084747,20260209_084747-0167,1,初回,2025-01-28 16:52:52.891000,155.95100,1.00
2025-01-01,2025-01-31,20260209_084747,20260209_084747-0168,1,初回,2025-01-28 17:17:18.366000,155.58000,1.00
2025-01-01,2025-01-31,20260209_084747,20260209_084747-0169,1,初回,2025-01-28 18:32:20.255000,155.28900,1.00
2025-01-01,2025-01-31,20260209_084747,20260209_084747-0170,1,初回,2025-01-28 19:43:46.291000,155.23300,1.00
2025-01-01,2025-01-31,20260209_084747,20260209_084747-0171,1,初回,2025-01-28 23:47:24.920000,155.08500,1.00
2025-01-01,2025-01-31,20260209_084747,20260209_084747-0172,1,初回,2025-01-29 12:28:14.493000,155.46800,1.00
2025-01-01,2025-01-31,20260209_084747,20260209_084747-0173,1,初回,2025-01-29 12:37:42.223000,155.36000,1.00
2025-01-01,2025-01-31,20260209_084747,20260209_084747-0174,1,初回,2025-01-29 13:52:09.442000,155.26400,1.00
2025-01-01,2025-01-31,20260209_084747,20260209_084747-0175,1,初回,2025-01-29 14:58:17.496000,155.03700,1.00
2025-01-01,2025-01-31,20260209_084747,20260209_084747-0176,1,初回,2025-01-29 17:16:58.533000,155.03700,1.00
2025-01-01,2025-01-31,20260209_084747,20260209_084747-0177,1,初回,2025-01-29 22:36:38.687000,155.29200,1.00
2025-01-01,2025-01-31,20260209_084747,20260209_084747-0178,1,初回,2025-01-29 23:57:45.905000,155.21000,1.00
2025-01-01,2025-01-31,20260209_084747,20260209_084747-0179,1,初回,2025-01-30 00:47:05.552000,154.97600,1.00
2025-01-01,2025-01-31,20260209_084747,20260209_084747-0180,1,初回,2025-01-30 04:36:19.507000,155.58400,1.00
2025-01-01,2025-01-31,20260209_084747,20260209_084747-0181,1,初回,2025-01-30 11:05:29.902000,154.49700,1.00
2025-01-01,2025-01-31,20260209_084747,20260209_084747-0182,1,初回,2025-01-30 11:29:45.988000,154.31800,1.00
2025-01-01,2025-01-31,20260209_084747,20260209_084747-0183,1,初回,2025-01-30 21:30:03.874000,154.35500,1.00
2025-01-01,2025-01-31,20260209_084747,20260209_084747-0184,1,初回,2025-01-30 21:45:03.402000,154.21000,1.00
2025-01-01,2025-01-31,20260209_084747,20260209_084747-0185,1,初回,2025-01-30 21:50:35.923000,154.13300,1.00
2025-01-01,2025-01-31,20260209_084747,20260209_084747-0186,1,初回,2025-01-30 22:57:50.964000,153.87200,1.00
2025-01-01,2025-01-31,20260209_084747,20260209_084747-0187,1,初回,2025-01-31 00:16:42.958000,153.82700,1.00
2025-01-01,2025-01-31,20260209_084747,20260209_084747-0188,1,初回,2025-01-31 11:24:59.923000,153.94500,1.00
2025-01-01,2025-01-31,20260209_084747,20260209_084747-0189,1,初回,2025-01-31 14:01:48.335000,154.46900,1.00
2025-01-01,2025-01-31,20260209_084747,20260209_084747-0190,1,初回,2025-01-31 14:18:36.245000,154.57200,1.00
2025-01-01,2025-01-31,20260209_084747,20260209_084747-0191,1,初回,2025-01-31 14:42:05.583000,154.84500,1.00
2025-01-01,2025-01-31,20260209_084747,20260209_084747-0192,1,初回,2025-01-31 15:13:02.990000,154.90600,1.00
2025-01-01,2025-01-31,20260209_084747,20260209_084747-0193,1,初回,2025-01-31 22:35:41.700000,154.98800,1.00
2025-02-01,2025-02-28,20260209_084900,20260209_084900-0001,1,初回,2025-02-03 11:08:47.164000,155.85400,1.00
2025-02-01,2025-02-28,20260209_084900,20260209_084900-0002,1,初回,2025-02-03 14:36:38.283000,155.49600,1.00
2025-02-01,2025-02-28,20260209_084900,20260209_084900-0003,1,初回,2025-02-03 15:33:48.594000,155.31600,1.00
2025-02-01,2025-02-28,20260209_084900,20260209_084900-0004,1,初回,2025-02-03 18:53:08.590000,155.03700,1.00
2025-02-01,2025-02-28,20260209_084900,20260209_084900-0005,1,初回,2025-02-03 19:37:58.446000,154.87000,1.00
2025-02-01,2025-02-28,20260209_084900,20260209_084900-0006,1,初回,2025-02-03 20:48:00.741000,154.63500,1.00
2025-02-01,2025-02-28,20260209_084900,20260209_084900-0007,1,初回,2025-02-03 21:16:44.944000,154.56500,1.00
2025-02-01,2025-02-28,20260209_084900,20260209_084900-0008,1,初回,2025-02-03 21:33:24.304000,154.32000,1.00
2025-02-01,2025-02-28,20260209_084900,20260209_084900-0009,1,初回,2025-02-04 00:17:00.957000,154.04200,1.00
2025-02-01,2025-02-28,20260209_084900,20260209_084900-0010,1,初回,2025-02-04 03:36:36.885000,154.83600,1.00
2025-02-01,2025-02-28,20260209_084900,20260209_084900-0011,1,初回,2025-02-04 03:52:13.605000,154.97900,1.00
2025-02-01,2025-02-28,20260209_084900,20260209_084900-0012,1,初回,2025-02-04 14:07:05.258000,154.86200,1.00
2025-02-01,2025-02-28,20260209_084900,20260209_084900-0013,1,初回,2025-02-04 15:24:46.477000,155.37500,1.00
2025-02-01,2025-02-28,20260209_084900,20260209_084900-0014,1,初回,2025-02-04 15:25:05.137000,155.37100,1.00
2025-02-01,2025-02-28,20260209_084900,20260209_084900-0015,1,初回,2025-02-04 15:24:16.191000,155.36000,1.00
2025-02-01,2025-02-28,20260209_084900,20260209_084900-0016,1,初回,2025-02-04 17:18:07.086000,155.49200,1.00
2025-02-01,2025-02-28,20260209_084900,20260209_084900-0017,1,初回,2025-02-04 17:38:04.046000,155.16800,1.00
2025-02-01,2025-02-28,20260209_084900,20260209_084900-0018,1,初回,2025-02-04 18:21:56.994000,155.10500,1.00
2025-02-01,2025-02-28,20260209_084900,20260209_084900-0019,1,初回,2025-02-04 23:29:33.821000,155.10400,1.00
2025-02-01,2025-02-28,20260209_084900,20260209_084900-0020,1,初回,2025-02-04 23:41:43.827000,154.99400,1.00
2025-02-01,2025-02-28,20260209_084900,20260209_084900-0021,1,初回,2025-02-05 00:54:26.773000,154.57400,1.00
2025-02-01,2025-02-28,20260209_084900,20260209_084900-0022,1,初回,2025-02-05 00:57:20.143000,154.55300,1.00
2025-02-01,2025-02-28,20260209_084900,20260209_084900-0023,1,初回,2025-02-05 01:04:07.909000,154.50300,1.00
2025-02-01,2025-02-28,20260209_084900,20260209_084900-0024,1,初回,2025-02-05 02:37:34.260000,154.28900,1.00
2025-02-01,2025-02-28,20260209_084900,20260209_084900-0025,1,初回,2025-02-05 03:11:17.867000,154.20600,1.00
2025-02-01,2025-02-28,20260209_084900,20260209_084900-0026,1,初回,2025-02-05 11:04:13.004000,153.50700,1.00
2025-02-01,2025-02-28,20260209_084900,20260209_084900-0027,1,初回,2025-02-05 11:25:41.488000,153.19900,1.00
2025-02-01,2025-02-28,20260209_084900,20260209_084900-0028,1,初回,2025-02-05 12:41:52.316000,153.11500,1.00
2025-02-01,2025-02-28,20260209_084900,20260209_084900-0029,1,初回,2025-02-05 16:27:00.332000,153.11200,1.00
2025-02-01,2025-02-28,20260209_084900,20260209_084900-0030,1,初回,2025-02-05 17:55:14.148000,152.94800,1.00
2025-02-01,2025-02-28,20260209_084900,20260209_084900-0031,1,初回,2025-02-05 18:43:25.685000,152.68200,1.00
2025-02-01,2025-02-28,20260209_084900,20260209_084900-0032,1,初回,2025-02-05 19:34:59.291000,152.58900,1.00
2025-02-01,2025-02-28,20260209_084900,20260209_084900-0033,1,初回,2025-02-06 00:17:11.125000,152.14900,1.00
2025-02-01,2025-02-28,20260209_084900,20260209_084900-0034,1,初回,2025-02-06 18:13:54.501000,152.72300,1.00
2025-02-01,2025-02-28,20260209_084900,20260209_084900-0035,1,初回,2025-02-06 18:18:47.617000,152.87000,1.00
2025-02-01,2025-02-28,20260209_084900,20260209_084900-0036,1,初回,2025-02-06 21:04:47.472000,152.30300,1.00
2025-02-01,2025-02-28,20260209_084900,20260209_084900-0037,1,初回,2025-02-06 22:52:55.722000,152.09000,1.00
2025-02-01,2025-02-28,20260209_084900,20260209_084900-0038,1,初回,2025-02-06 23:37:03.629000,151.89600,1.00
2025-02-01,2025-02-28,20260209_084900,20260209_084900-0039,1,初回,2025-02-07 00:39:56.805000,151.84700,1.00
2025-02-01,2025-02-28,20260209_084900,20260209_084900-0040,1,初回,2025-02-07 00:55:05.474000,151.69700,1.00
2025-02-01,2025-02-28,20260209_084900,20260209_084900-0041,1,初回,2025-02-07 03:44:57.211000,151.34900,1.00
2025-02-01,2025-02-28,20260209_084900,20260209_084900-0042,1,初回,2025-02-07 04:33:05.201000,151.27400,1.00
2025-02-01,2025-02-28,20260209_084900,20260209_084900-0043,1,初回,2025-02-07 11:13:28.431000,151.70800,1.00
2025-02-01,2025-02-28,20260209_084900,20260209_084900-0044,1,初回,2025-02-07 13:51:39.861000,151.70400,1.00
2025-02-01,2025-02-28,20260209_084900,20260209_084900-0045,1,初回,2025-02-07 14:50:00.929000,151.76000,1.00
2025-02-01,2025-02-28,20260209_084900,20260209_084900-0046,1,初回,2025-02-07 15:51:58.192000,151.80700,1.00
2025-02-01,2025-02-28,20260209_084900,20260209_084900-0047,1,初回,2025-02-07 16:02:28.960000,151.85600,1.00
2025-02-01,2025-02-28,20260209_084900,20260209_084900-0048,1,初回,2025-02-07 17:00:22.440000,151.86100,1.00
2025-02-01,2025-02-28,20260209_084900,20260209_084900-0049,1,初回,2025-02-07 19:45:54.917000,152.13000,1.00
2025-02-01,2025-02-28,20260209_084900,20260209_084900-0050,1,初回,2025-02-07 20:01:27.322000,152.15200,1.00
2025-02-01,2025-02-28,20260209_084900,20260209_084900-0051,1,初回,2025-02-07 21:09:11.467000,152.18500,1.00
2025-02-01,2025-02-28,20260209_084900,20260209_084900-0052,1,初回,2025-02-07 21:12:04.545000,152.21700,1.00
2025-02-01,2025-02-28,20260209_084900,20260209_084900-0053,1,初回,2025-02-07 22:30:03.428000,151.46400,1.00
2025-02-01,2025-02-28,20260209_084900,20260209_084900-0054,1,初回,2025-02-07 22:30:06.227000,151.34900,1.00
2025-02-01,2025-02-28,20260209_084900,20260209_084900-0055,1,初回,2025-02-07 22:31:16.288000,152.39700,1.00
2025-02-01,2025-02-28,20260209_084900,20260209_084900-0056,1,初回,2025-02-08 00:03:52.223000,151.31200,1.00
2025-02-01,2025-02-28,20260209_084900,20260209_084900-0057,1,初回,2025-02-08 01:44:52.642000,150.99700,1.00
2025-02-01,2025-02-28,20260209_084900,20260209_084900-0058,1,初回,2025-02-08 01:45:08.983000,150.96700,1.00
2025-02-01,2025-02-28,20260209_084900,20260209_084900-0059,1,初回,2025-02-08 02:16:45.485000,151.73000,1.00
2025-02-01,2025-02-28,20260209_084900,20260209_084900-0060,1,初回,2025-02-08 02:16:53.029000,151.81800,1.00
2025-02-01,2025-02-28,20260209_084900,20260209_084900-0061,1,初回,2025-02-08 04:16:26.631000,151.23900,1.00
2025-02-01,2025-02-28,20260209_084900,20260209_084900-0062,1,初回,2025-02-10 11:29:23.625000,152.10600,1.00
2025-02-01,2025-02-28,20260209_084900,20260209_084900-0063,1,初回,2025-02-10 11:33:07.653000,152.18400,1.00
2025-02-01,2025-02-28,20260209_084900,20260209_084900-0064,1,初回,2025-02-10 17:22:15.635000,152.39100,1.00
2025-02-01,2025-02-28,20260209_084900,20260209_084900-0065,1,初回,2025-02-10 17:33:18.894000,152.50600,1.00
2025-02-01,2025-02-28,20260209_084900,20260209_084900-0066,1,初回,2025-02-10 17:33:18.737000,152.49600,1.00
2025-02-01,2025-02-28,20260209_084900,20260209_084900-0067,1,初回,2025-02-11 16:52:12.002000,152.03800,1.00
2025-02-01,2025-02-28,20260209_084900,20260209_084900-0068,1,初回,2025-02-11 17:09:38.965000,152.06900,1.00
2025-02-01,2025-02-28,20260209_084900,20260209_084900-0069,1,初回,2025-02-11 17:31:34.014000,151.68600,1.00
2025-02-01,2025-02-28,20260209_084900,20260209_084900-0070,1,初回,2025-02-11 19:29:00.202000,152.06900,1.00
2025-02-01,2025-02-28,20260209_084900,20260209_084900-0071,1,初回,2025-02-11 19:32:02.360000,152.11800,1.00
2025-02-01,2025-02-28,20260209_084900,20260209_084900-0072,1,初回,2025-02-11 20:51:33.687000,152.34900,1.00
2025-02-01,2025-02-28,20260209_084900,20260209_084900-0073,1,初回,2025-02-11 21:51:23.013000,152.38200,1.00
2025-02-01,2025-02-28,20260209_084900,20260209_084900-0074,1,初回,2025-02-11 22:45:39.054000,152.47900,1.00
2025-02-01,2025-02-28,20260209_084900,20260209_084900-0075,1,初回,2025-02-12 00:24:04.935000,152.57200,1.00
2025-02-01,2025-02-28,20260209_084900,20260209_084900-0076,1,初回,2025-02-12 11:10:13.403000,153.45500,1.00
2025-02-01,2025-02-28,20260209_084900,20260209_084900-0077,1,初回,2025-02-12 11:36:04.196000,153.51400,1.00
2025-02-01,2025-02-28,20260209_084900,20260209_084900-0078,1,初回,2025-02-12 12:50:18.425000,153.65200,1.00
2025-02-01,2025-02-28,20260209_084900,20260209_084900-0079,1,初回,2025-02-12 13:15:29.491000,153.71200,1.00
2025-02-01,2025-02-28,20260209_084900,20260209_084900-0080,1,初回,2025-02-12 14:01:17.172000,153.70300,1.00
2025-02-01,2025-02-28,20260209_084900,20260209_084900-0081,1,初回,2025-02-12 16:37:36.465000,153.45200,1.00
2025-02-01,2025-02-28,20260209_084900,20260209_084900-0082,1,初回,2025-02-12 17:01:04.311000,153.82400,1.00
2025-02-01,2025-02-28,20260209_084900,20260209_084900-0083,1,初回,2025-02-12 17:01:08.569000,153.85800,1.00
2025-02-01,2025-02-28,20260209_084900,20260209_084900-0084,1,初回,2025-02-12 18:15:18.423000,153.44700,1.00
2025-02-01,2025-02-28,20260209_084900,20260209_084900-0085,1,初回,2025-02-12 19:30:23.218000,153.66600,1.00
2025-02-01,2025-02-28,20260209_084900,20260209_084900-0086,1,初回,2025-02-12 21:58:34.773000,153.41100,1.00
2025-02-01,2025-02-28,20260209_084900,20260209_084900-0087,1,初回,2025-02-12 22:30:00.424000,153.30100,1.00
2025-02-01,2025-02-28,20260209_084900,20260209_084900-0088,1,初回,2025-02-12 22:32:32.650000,154.43000,1.00
2025-02-01,2025-02-28,20260209_084900,20260209_084900-0089,1,初回,2025-02-12 22:32:31.827000,154.42300,1.00
2025-02-01,2025-02-28,20260209_084900,20260209_084900-0090,1,初回,2025-02-12 23:06:07.155000,154.44500,1.00
2025-02-01,2025-02-28,20260209_084900,20260209_084900-0091,1,初回,2025-02-13 00:15:41.712000,154.58800,1.00
2025-02-01,2025-02-28,20260209_084900,20260209_084900-0092,1,初回,2025-02-13 01:23:50.835000,154.77100,1.00
2025-02-01,2025-02-28,20260209_084900,20260209_084900-0093,1,初回,2025-02-13 02:52:51.036000,154.35300,1.00
2025-02-01,2025-02-28,20260209_084900,20260209_084900-0094,1,初回,2025-02-13 03:40:47.071000,154.32300,1.00
2025-02-01,2025-02-28,20260209_084900,20260209_084900-0095,1,初回,2025-02-13 14:37:38.392000,154.16000,1.00
2025-02-01,2025-02-28,20260209_084900,20260209_084900-0096,1,初回,2025-02-13 16:00:45.295000,153.99300,1.00
2025-02-01,2025-02-28,20260209_084900,20260209_084900-0097,1,初回,2025-02-13 15:19:10.520000,153.99900,1.00
2025-02-01,2025-02-28,20260209_084900,20260209_084900-0098,1,初回,2025-02-13 18:07:17.804000,153.93400,1.00
2025-02-01,2025-02-28,20260209_084900,20260209_084900-0099,1,初回,2025-02-13 19:41:12.919000,153.80800,1.00
2025-02-01,2025-02-28,20260209_084900,20260209_084900-0100,1,初回,2025-02-13 20:10:38.526000,153.77100,1.00
2025-02-01,2025-02-28,20260209_084900,20260209_084900-0101,1,初回,2025-02-13 22:30:36.728000,153.98500,1.00
2025-02-01,2025-02-28,20260209_084900,20260209_084900-0102,1,初回,2025-02-13 22:50:57.833000,153.46000,1.00
2025-02-01,2025-02-28,20260209_084900,20260209_084900-0103,1,初回,2025-02-13 23:42:01.477000,153.38900,1.00
2025-02-01,2025-02-28,20260209_084900,20260209_084900-0104,1,初回,2025-02-14 00:52:05.584000,153.11300,1.00
2025-02-01,2025-02-28,20260209_084900,20260209_084900-0105,1,初回,2025-02-14 01:26:55.899000,152.96200,1.00
2025-02-01,2025-02-28,20260209_084900,20260209_084900-0106,1,初回,2025-02-14 04:36:04.155000,152.80900,1.00
2025-02-01,2025-02-28,20260209_084900,20260209_084900-0107,1,初回,2025-02-14 15:46:25.618000,152.48300,1.00
2025-02-01,2025-02-28,20260209_084900,20260209_084900-0108,1,初回,2025-02-14 15:45:01.362000,152.48000,1.00
2025-02-01,2025-02-28,20260209_084900,20260209_084900-0109,1,初回,2025-02-14 16:07:43.004000,152.42100,1.00
2025-02-01,2025-02-28,20260209_084900,20260209_084900-0110,1,初回,2025-02-14 22:50:27.229000,152.13600,1.00
2025-02-01,2025-02-28,20260209_084900,20260209_084900-0111,1,初回,2025-02-14 23:04:08.458000,152.10400,1.00
2025-02-01,2025-02-28,20260209_084900,20260209_084900-0112,1,初回,2025-02-15 01:16:24.807000,152.06300,1.00
2025-02-01,2025-02-28,20260209_084900,20260209_084900-0113,1,初回,2025-02-17 11:26:38.255000,151.77300,1.00
2025-02-01,2025-02-28,20260209_084900,20260209_084900-0114,1,初回,2025-02-17 11:44:14.993000,151.60700,1.00
2025-02-01,2025-02-28,20260209_084900,20260209_084900-0115,1,初回,2025-02-17 11:52:25.620000,151.54200,1.00
2025-02-01,2025-02-28,20260209_084900,20260209_084900-0116,1,初回,2025-02-17 14:56:30.367000,151.51100,1.00
2025-02-01,2025-02-28,20260209_084900,20260209_084900-0117,1,初回,2025-02-17 21:27:30.941000,151.43800,1.00
2025-02-01,2025-02-28,20260209_084900,20260209_084900-0118,1,初回,2025-02-18 00:56:38.172000,151.37600,1.00
2025-02-01,2025-02-28,20260209_084900,20260209_084900-0119,1,初回,2025-02-18 11:06:27.439000,151.76600,1.00
2025-02-01,2025-02-28,20260209_084900,20260209_084900-0120,1,初回,2025-02-18 11:24:06.900000,151.82200,1.00
2025-02-01,2025-02-28,20260209_084900,20260209_084900-0121,1,初回,2025-02-18 12:09:31.044000,151.92600,1.00
2025-02-01,2025-02-28,20260209_084900,20260209_084900-0122,1,初回,2025-02-18 12:55:42.433000,152.06100,1.00
2025-02-01,2025-02-28,20260209_084900,20260209_084900-0123,1,初回,2025-02-18 13:45:42.801000,152.16300,1.00
2025-02-01,2025-02-28,20260209_084900,20260209_084900-0124,1,初回,2025-02-18 14:05:45.824000,152.18900,1.00
2025-02-01,2025-02-28,20260209_084900,20260209_084900-0125,1,初回,2025-02-19 00:34:47.309000,151.56600,1.00
2025-02-01,2025-02-28,20260209_084900,20260209_084900-0126,1,初回,2025-02-19 11:00:01.988000,152.13000,1.00
2025-02-01,2025-02-28,20260209_084900,20260209_084900-0127,1,初回,2025-02-19 11:08:13.634000,152.19200,1.00
2025-02-01,2025-02-28,20260209_084900,20260209_084900-0128,1,初回,2025-02-19 11:09:03.263000,152.27600,1.00
2025-02-01,2025-02-28,20260209_084900,20260209_084900-0129,1,初回,2025-02-19 13:48:00.533000,151.78100,1.00
2025-02-01,2025-02-28,20260209_084900,20260209_084900-0130,1,初回,2025-02-19 13:49:02.309000,151.78200,1.00
2025-02-01,2025-02-28,20260209_084900,20260209_084900-0131,1,初回,2025-02-19 14:00:07.713000,151.73800,1.00
2025-02-01,2025-02-28,20260209_084900,20260209_084900-0132,1,初回,2025-02-19 16:00:14.653000,151.62700,1.00
2025-02-01,2025-02-28,20260209_084900,20260209_084900-0133,1,初回,2025-02-19 15:29:05.143000,151.62900,1.00
2025-02-01,2025-02-28,20260209_084900,20260209_084900-0134,1,初回,2025-02-19 18:34:33.720000,151.58900,1.00
2025-02-01,2025-02-28,20260209_084900,20260209_084900-0135,1,初回,2025-02-19 19:18:55.505000,151.80200,1.00
2025-02-01,2025-02-28,20260209_084900,20260209_084900-0136,1,初回,2025-02-19 20:38:41.637000,151.92400,1.00
2025-02-01,2025-02-28,20260209_084900,20260209_084900-0137,1,初回,2025-02-19 23:53:44.157000,151.36600,1.00
2025-02-01,2025-02-28,20260209_084900,20260209_084900-0138,1,初回,2025-02-20 00:03:02.908000,151.26900,1.00
2025-02-01,2025-02-28,20260209_084900,20260209_084900-0139,1,初回,2025-02-20 00:01:07.187000,151.27800,1.00
2025-02-01,2025-02-28,20260209_084900,20260209_084900-0140,1,初回,2025-02-20 11:02:00.841000,150.60700,1.00
2025-02-01,2025-02-28,20260209_084900,20260209_084900-0141,1,初回,2025-02-20 11:15:01.600000,150.48800,1.00
2025-02-01,2025-02-28,20260209_084900,20260209_084900-0142,1,初回,2025-02-20 12:50:42.395000,150.42400,1.00
2025-02-01,2025-02-28,20260209_084900,20260209_084900-0143,1,初回,2025-02-20 13:37:30.667000,150.28200,1.00
2025-02-01,2025-02-28,20260209_084900,20260209_084900-0144,1,初回,2025-02-20 14:01:33.229000,150.22200,1.00
2025-02-01,2025-02-28,20260209_084900,20260209_084900-0145,1,初回,2025-02-20 15:51:59.036000,150.01600,1.00
2025-02-01,2025-02-28,20260209_084900,20260209_084900-0146,1,初回,2025-02-20 16:02:34.365000,149.98600,1.00
2025-02-01,2025-02-28,20260209_084900,20260209_084900-0147,1,初回,2025-02-20 21:11:01.974000,149.96600,1.00
2025-02-01,2025-02-28,20260209_084900,20260209_084900-0148,1,初回,2025-02-20 22:32:44.386000,149.74100,1.00
2025-02-01,2025-02-28,20260209_084900,20260209_084900-0149,1,初回,2025-02-21 00:54:40.664000,149.50700,1.00
2025-02-01,2025-02-28,20260209_084900,20260209_084900-0150,1,初回,2025-02-21 02:39:43.661000,149.43700,1.00
2025-02-01,2025-02-28,20260209_084900,20260209_084900-0151,1,初回,2025-02-21 11:28:51.038000,150.41600,1.00
2025-02-01,2025-02-28,20260209_084900,20260209_084900-0152,1,初回,2025-02-21 11:32:59.193000,150.70400,1.00
2025-02-01,2025-02-28,20260209_084900,20260209_084900-0153,1,初回,2025-02-21 23:45:44.822000,149.82900,1.00
2025-02-01,2025-02-28,20260209_084900,20260209_084900-0154,1,初回,2025-02-21 23:48:11.786000,149.78100,1.00
2025-02-01,2025-02-28,20260209_084900,20260209_084900-0155,1,初回,2025-02-22 00:51:53.481000,149.54700,1.00
2025-02-01,2025-02-28,20260209_084900,20260209_084900-0156,1,初回,2025-02-22 01:26:17.120000,149.42900,1.00
2025-02-01,2025-02-28,20260209_084900,20260209_084900-0157,1,初回,2025-02-22 02:31:42.416000,149.31200,1.00
2025-02-01,2025-02-28,20260209_084900,20260209_084900-0158,1,初回,2025-02-22 02:56:33.062000,149.23700,1.00
2025-02-01,2025-02-28,20260209_084900,20260209_084900-0159,1,初回,2025-02-22 03:10:29.386000,149.00800,1.00
2025-02-01,2025-02-28,20260209_084900,20260209_084900-0160,1,初回,2025-02-22 04:25:35.353000,148.95800,1.00
2025-02-01,2025-02-28,20260209_084900,20260209_084900-0161,1,初回,2025-02-24 11:17:12.254000,149.46500,1.00
2025-02-01,2025-02-28,20260209_084900,20260209_084900-0162,1,初回,2025-02-24 15:45:54.784000,149.51500,1.00
2025-02-01,2025-02-28,20260209_084900,20260209_084900-0163,1,初回,2025-02-24 17:05:21.680000,149.54200,1.00
2025-02-01,2025-02-28,20260209_084900,20260209_084900-0164,1,初回,2025-02-24 18:29:14.397000,149.56600,1.00
2025-02-01,2025-02-28,20260209_084900,20260209_084900-0165,1,初回,2025-02-24 19:16:46.625000,149.64200,1.00
2025-02-01,2025-02-28,20260209_084900,20260209_084900-0166,1,初回,2025-02-24 20:46:39.328000,149.75900,1.00
2025-02-01,2025-02-28,20260209_084900,20260209_084900-0167,1,初回,2025-02-24 21:33:23.048000,149.80100,1.00
2025-02-01,2025-02-28,20260209_084900,20260209_084900-0168,1,初回,2025-02-24 22:09:14.307000,149.84100,1.00
2025-02-01,2025-02-28,20260209_084900,20260209_084900-0169,1,初回,2025-02-25 00:55:00.696000,149.22800,1.00
2025-02-01,2025-02-28,20260209_084900,20260209_084900-0170,1,初回,2025-02-25 01:42:36.008000,149.73100,1.00
2025-02-01,2025-02-28,20260209_084900,20260209_084900-0171,1,初回,2025-02-25 04:30:37.321000,149.77000,1.00
2025-02-01,2025-02-28,20260209_084900,20260209_084900-0172,1,初回,2025-02-25 16:33:42.617000,149.33400,1.00
2025-02-01,2025-02-28,20260209_084900,20260209_084900-0173,1,初回,2025-02-25 16:50:24.428000,149.23300,1.00
2025-02-01,2025-02-28,20260209_084900,20260209_084900-0174,1,初回,2025-02-25 23:52:53.471000,149.15100,1.00
2025-02-01,2025-02-28,20260209_084900,20260209_084900-0175,1,初回,2025-02-25 23:52:55.240000,149.14500,1.00
2025-02-01,2025-02-28,20260209_084900,20260209_084900-0176,1,初回,2025-02-26 00:14:24.311000,148.88100,1.00
2025-02-01,2025-02-28,20260209_084900,20260209_084900-0177,1,初回,2025-02-26 00:30:54.258000,148.59100,1.00
2025-02-01,2025-02-28,20260209_084900,20260209_084900-0178,1,初回,2025-02-26 02:11:14.398000,149.22600,1.00
2025-02-01,2025-02-28,20260209_084900,20260209_084900-0179,1,初回,2025-02-26 11:53:40.031000,149.44100,1.00
2025-02-01,2025-02-28,20260209_084900,20260209_084900-0180,1,初回,2025-02-26 12:05:06.300000,149.48500,1.00
2025-02-01,2025-02-28,20260209_084900,20260209_084900-0181,1,初回,2025-02-26 13:15:36.898000,149.52100,1.00
2025-02-01,2025-02-28,20260209_084900,20260209_084900-0182,1,初回,2025-02-26 14:10:34.188000,149.60000,1.00
2025-02-01,2025-02-28,20260209_084900,20260209_084900-0183,1,初回,2025-02-26 15:52:27.852000,149.60500,1.00
2025-02-01,2025-02-28,20260209_084900,20260209_084900-0184,1,初回,2025-02-26 16:13:00.165000,149.36700,1.00
2025-02-01,2025-02-28,20260209_084900,20260209_084900-0185,1,初回,2025-02-26 17:34:10.292000,149.32100,1.00
2025-02-01,2025-02-28,20260209_084900,20260209_084900-0186,1,初回,2025-02-26 17:35:44.941000,149.28800,1.00
2025-02-01,2025-02-28,20260209_084900,20260209_084900-0187,1,初回,2025-02-26 19:10:57.371000,149.26300,1.00
2025-02-01,2025-02-28,20260209_084900,20260209_084900-0188,1,初回,2025-02-26 21:57:24.866000,149.61500,1.00
2025-02-01,2025-02-28,20260209_084900,20260209_084900-0189,1,初回,2025-02-26 22:01:16.582000,149.65500,1.00
2025-02-01,2025-02-28,20260209_084900,20260209_084900-0190,1,初回,2025-02-26 23:09:31.225000,149.70100,1.00
2025-02-01,2025-02-28,20260209_084900,20260209_084900-0191,1,初回,2025-02-27 00:17:49.369000,149.86000,1.00
2025-02-01,2025-02-28,20260209_084900,20260209_084900-0192,1,初回,2025-02-27 01:58:14.115000,149.15700,1.00
2025-02-01,2025-02-28,20260209_084900,20260209_084900-0193,1,初回,2025-02-27 02:34:20.057000,149.04900,1.00
2025-02-01,2025-02-28,20260209_084900,20260209_084900-0194,1,初回,2025-02-27 03:56:22.420000,148.86500,1.00
2025-02-01,2025-02-28,20260209_084900,20260209_084900-0195,1,初回,2025-02-27 04:07:32.459000,148.84900,1.00
2025-02-01,2025-02-28,20260209_084900,20260209_084900-0196,1,初回,2025-02-27 15:01:54.756000,149.37400,1.00
2025-02-01,2025-02-28,20260209_084900,20260209_084900-0197,1,初回,2025-02-27 15:02:21.396000,149.39300,1.00
2025-02-01,2025-02-28,20260209_084900,20260209_084900-0198,1,初回,2025-02-27 17:49:48.116000,149.69900,1.00
2025-02-01,2025-02-28,20260209_084900,20260209_084900-0199,1,初回,2025-02-27 19:19:46.051000,149.94600,1.00
2025-02-01,2025-02-28,20260209_084900,20260209_084900-0200,1,初回,2025-02-27 18:54:14.693000,149.94100,1.00
2025-02-01,2025-02-28,20260209_084900,20260209_084900-0201,1,初回,2025-02-27 23:35:09.893000,150.06000,1.00
2025-02-01,2025-02-28,20260209_084900,20260209_084900-0202,1,初回,2025-02-27 23:35:56.326000,150.11300,1.00
2025-02-01,2025-02-28,20260209_084900,20260209_084900-0203,1,初回,2025-02-28 00:00:37.768000,149.57700,1.00
2025-02-01,2025-02-28,20260209_084900,20260209_084900-0204,1,初回,2025-02-28 01:17:56.383000,150.13100,1.00
2025-02-01,2025-02-28,20260209_084900,20260209_084900-0205,1,初回,2025-02-28 11:00:04.661000,149.31000,1.00
2025-02-01,2025-02-28,20260209_084900,20260209_084900-0206,1,初回,2025-02-28 11:15:21.945000,149.10900,1.00
2025-02-01,2025-02-28,20260209_084900,20260209_084900-0207,1,初回,2025-02-28 11:13:33.374000,149.13700,1.00
2025-02-01,2025-02-28,20260209_084900,20260209_084900-0208,1,初回,2025-02-28 16:42:27.867000,150.27400,1.00
2025-02-01,2025-02-28,20260209_084900,20260209_084900-0209,1,初回,2025-02-28 16:53:25.443000,150.48200,1.00
2025-02-01,2025-02-28,20260209_084900,20260209_084900-0210,1,初回,2025-02-28 16:54:36.203000,150.54900,1.00
2025-02-01,2025-02-28,20260209_084900,20260209_084900-0211,1,初回,2025-02-28 17:31:38.279000,150.65800,1.00
2025-02-01,2025-02-28,20260209_084900,20260209_084900-0212,1,初回,2025-02-28 21:56:18.393000,150.65800,1.00
2025-02-01,2025-02-28,20260209_084900,20260209_084900-0213,1,初回,2025-02-28 21:58:53.128000,150.68500,1.00
2025-02-01,2025-02-28,20260209_084900,20260209_084900-0214,1,初回,2025-02-28 22:33:34.396000,150.95900,1.00
2025-03-01,2025-03-31,20260209_085034,20260209_085034-0001,1,初回,2025-03-03 11:09:45.987000,150.30600,1.00
2025-03-01,2025-03-31,20260209_085034,20260209_085034-0002,1,初回,2025-03-03 12:22:10.297000,150.27100,1.00
2025-03-01,2025-03-31,20260209_085034,20260209_085034-0003,1,初回,2025-03-03 12:22:07.846000,150.28100,1.00
2025-03-01,2025-03-31,20260209_085034,20260209_085034-0004,1,初回,2025-03-03 14:27:13.381000,150.50000,1.00
2025-03-01,2025-03-31,20260209_085034,20260209_085034-0005,1,初回,2025-03-03 15:14:52.615000,150.30300,1.00
2025-03-01,2025-03-31,20260209_085034,20260209_085034-0006,1,初回,2025-03-03 16:58:52.908000,150.18900,1.00
2025-03-01,2025-03-31,20260209_085034,20260209_085034-0007,1,初回,2025-03-03 17:04:02.929000,150.06200,1.00
2025-03-01,2025-03-31,20260209_085034,20260209_085034-0008,1,初回,2025-03-03 18:10:03.329000,149.98500,1.00
2025-03-01,2025-03-31,20260209_085034,20260209_085034-0009,1,初回,2025-03-03 19:48:14.043000,150.86600,1.00
2025-03-01,2025-03-31,20260209_085034,20260209_085034-0010,1,初回,2025-03-03 20:49:34.506000,150.98900,1.00
2025-03-01,2025-03-31,20260209_085034,20260209_085034-0011,1,初回,2025-03-03 20:58:33.787000,151.20900,1.00
2025-03-01,2025-03-31,20260209_085034,20260209_085034-0012,1,初回,2025-03-03 21:13:55.187000,151.27200,1.00
2025-03-01,2025-03-31,20260209_085034,20260209_085034-0013,1,初回,2025-03-04 03:10:06.048000,150.08500,1.00
2025-03-01,2025-03-31,20260209_085034,20260209_085034-0014,1,初回,2025-03-04 16:29:57.277000,149.10000,1.00
2025-03-01,2025-03-31,20260209_085034,20260209_085034-0015,1,初回,2025-03-04 17:09:02.273000,149.03900,1.00
2025-03-01,2025-03-31,20260209_085034,20260209_085034-0016,1,初回,2025-03-04 18:27:29.068000,148.83600,1.00
2025-03-01,2025-03-31,20260209_085034,20260209_085034-0017,1,初回,2025-03-04 19:33:45.297000,148.80000,1.00
2025-03-01,2025-03-31,20260209_085034,20260209_085034-0018,1,初回,2025-03-04 20:31:56.177000,148.63500,1.00
2025-03-01,2025-03-31,20260209_085034,20260209_085034-0019,1,初回,2025-03-04 20:54:36.703000,148.32800,1.00
2025-03-01,2025-03-31,20260209_085034,20260209_085034-0020,1,初回,2025-03-04 21:14:59.016000,148.13600,1.00
2025-03-01,2025-03-31,20260209_085034,20260209_085034-0021,1,初回,2025-03-05 15:29:25.312000,149.60700,1.00
2025-03-01,2025-03-31,20260209_085034,20260209_085034-0022,1,初回,2025-03-05 16:46:24.550000,149.45300,1.00
2025-03-01,2025-03-31,20260209_085034,20260209_085034-0023,1,初回,2025-03-05 17:50:18.770000,149.23700,1.00
2025-03-01,2025-03-31,20260209_085034,20260209_085034-0024,1,初回,2025-03-05 18:04:03.993000,149.13600,1.00
2025-03-01,2025-03-31,20260209_085034,20260209_085034-0025,1,初回,2025-03-05 19:08:30.047000,149.53900,1.00
2025-03-01,2025-03-31,20260209_085034,20260209_085034-0026,1,初回,2025-03-05 21:21:33.607000,149.19000,1.00
2025-03-01,2025-03-31,20260209_085034,20260209_085034-0027,1,初回,2025-03-05 22:04:03.611000,149.71100,1.00
2025-03-01,2025-03-31,20260209_085034,20260209_085034-0028,1,初回,2025-03-05 22:51:44.246000,148.96700,1.00
2025-03-01,2025-03-31,20260209_085034,20260209_085034-0029,1,初回,2025-03-05 23:29:23.674000,148.72700,1.00
2025-03-01,2025-03-31,20260209_085034,20260209_085034-0030,1,初回,2025-03-05 23:56:34.018000,148.42900,1.00
2025-03-01,2025-03-31,20260209_085034,20260209_085034-0031,1,初回,2025-03-06 13:46:39.900000,149.30400,1.00
2025-03-01,2025-03-31,20260209_085034,20260209_085034-0032,1,初回,2025-03-06 16:39:10.272000,148.43200,1.00
2025-03-01,2025-03-31,20260209_085034,20260209_085034-0033,1,初回,2025-03-06 16:41:06.144000,148.30100,1.00
2025-03-01,2025-03-31,20260209_085034,20260209_085034-0034,1,初回,2025-03-06 17:31:43.178000,148.10500,1.00
2025-03-01,2025-03-31,20260209_085034,20260209_085034-0035,1,初回,2025-03-06 18:15:50.629000,147.81800,1.00
2025-03-01,2025-03-31,20260209_085034,20260209_085034-0036,1,初回,2025-03-06 19:01:51.664000,147.73700,1.00
2025-03-01,2025-03-31,20260209_085034,20260209_085034-0037,1,初回,2025-03-06 21:39:38.369000,147.59400,1.00
2025-03-01,2025-03-31,20260209_085034,20260209_085034-0038,1,初回,2025-03-06 22:21:01.053000,147.38800,1.00
2025-03-01,2025-03-31,20260209_085034,20260209_085034-0039,1,初回,2025-03-06 23:01:59.995000,147.34100,1.00
2025-03-01,2025-03-31,20260209_085034,20260209_085034-0040,1,初回,2025-03-07 04:05:33.074000,147.68300,1.00
2025-03-01,2025-03-31,20260209_085034,20260209_085034-0041,1,初回,2025-03-07 04:22:31.561000,147.60700,1.00
2025-03-01,2025-03-31,20260209_085034,20260209_085034-0042,1,初回,2025-03-07 11:55:30.971000,147.59000,1.00
2025-03-01,2025-03-31,20260209_085034,20260209_085034-0043,1,初回,2025-03-07 12:16:32.946000,147.47900,1.00
2025-03-01,2025-03-31,20260209_085034,20260209_085034-0044,1,初回,2025-03-07 15:48:49.136000,147.42600,1.00
2025-03-01,2025-03-31,20260209_085034,20260209_085034-0045,1,初回,2025-03-07 17:52:42.052000,147.23900,1.00
2025-03-01,2025-03-31,20260209_085034,20260209_085034-0046,1,初回,2025-03-07 21:17:18.204000,147.82200,1.00
2025-03-01,2025-03-31,20260209_085034,20260209_085034-0047,1,初回,2025-03-07 22:31:42.269000,147.94000,1.00
2025-03-01,2025-03-31,20260209_085034,20260209_085034-0048,1,初回,2025-03-07 22:59:00.568000,147.15600,1.00
2025-03-01,2025-03-31,20260209_085034,20260209_085034-0049,1,初回,2025-03-07 23:31:56.523000,146.97300,1.00
2025-03-01,2025-03-31,20260209_085034,20260209_085034-0050,1,初回,2025-03-08 02:11:39.603000,146.98400,1.00
2025-03-01,2025-03-31,20260209_085034,20260209_085034-0051,1,初回,2025-03-08 02:07:07.572000,146.99700,1.00
2025-03-01,2025-03-31,20260209_085034,20260209_085034-0052,1,初回,2025-03-08 02:55:07.654000,147.69700,1.00
2025-03-01,2025-03-31,20260209_085034,20260209_085034-0053,1,初回,2025-03-08 03:13:47.563000,147.93600,1.00
2025-03-01,2025-03-31,20260209_085034,20260209_085034-0054,1,初回,2025-03-08 03:38:06.115000,148.00500,1.00
2025-03-01,2025-03-31,20260209_085034,20260209_085034-0055,1,初回,2025-03-08 04:23:03.356000,148.13300,1.00
2025-03-01,2025-03-31,20260209_085034,20260209_085034-0056,1,初回,2025-03-08 04:29:38.797000,148.16900,1.00
2025-03-01,2025-03-31,20260209_085034,20260209_085034-0057,1,初回,2025-03-10 19:09:46.947000,147.12700,1.00
2025-03-01,2025-03-31,20260209_085034,20260209_085034-0058,1,初回,2025-03-10 19:33:40.742000,146.95400,1.00
2025-03-01,2025-03-31,20260209_085034,20260209_085034-0059,1,初回,2025-03-10 20:04:03.707000,146.89200,1.00
2025-03-01,2025-03-31,20260209_085034,20260209_085034-0060,1,初回,2025-03-10 21:31:56.271000,146.75900,1.00
2025-03-01,2025-03-31,20260209_085034,20260209_085034-0061,1,初回,2025-03-10 22:42:50.125000,147.14400,1.00
2025-03-01,2025-03-31,20260209_085034,20260209_085034-0062,1,初回,2025-03-10 23:41:57.717000,146.66700,1.00
2025-03-01,2025-03-31,20260209_085034,20260209_085034-0063,1,初回,2025-03-11 00:37:57.610000,147.27800,1.00
2025-03-01,2025-03-31,20260209_085034,20260209_085034-0064,1,初回,2025-03-11 02:00:35.251000,147.28700,1.00
2025-03-01,2025-03-31,20260209_085034,20260209_085034-0065,1,初回,2025-03-11 03:17:42.857000,147.35700,1.00
2025-03-01,2025-03-31,20260209_085034,20260209_085034-0066,1,初回,2025-03-11 04:34:22.320000,147.43400,1.00
2025-03-01,2025-03-31,20260209_085034,20260209_085034-0067,1,初回,2025-03-11 11:19:33.774000,147.16400,1.00
2025-03-01,2025-03-31,20260209_085034,20260209_085034-0068,1,初回,2025-03-11 13:15:35.212000,147.19000,1.00
2025-03-01,2025-03-31,20260209_085034,20260209_085034-0069,1,初回,2025-03-11 14:52:48.869000,147.25500,1.00
2025-03-01,2025-03-31,20260209_085034,20260209_085034-0070,1,初回,2025-03-11 15:10:51.070000,147.37000,1.00
2025-03-01,2025-03-31,20260209_085034,20260209_085034-0071,1,初回,2025-03-11 16:50:00.364000,146.79800,1.00
2025-03-01,2025-03-31,20260209_085034,20260209_085034-0072,1,初回,2025-03-11 18:30:05.830000,147.48700,1.00
2025-03-01,2025-03-31,20260209_085034,20260209_085034-0073,1,初回,2025-03-11 19:27:15.948000,147.61200,1.00
2025-03-01,2025-03-31,20260209_085034,20260209_085034-0074,1,初回,2025-03-11 20:31:10.820000,147.69500,1.00
2025-03-01,2025-03-31,20260209_085034,20260209_085034-0075,1,初回,2025-03-11 21:57:50.281000,147.90600,1.00
2025-03-01,2025-03-31,20260209_085034,20260209_085034-0076,1,初回,2025-03-11 22:06:25.654000,148.08500,1.00
2025-03-01,2025-03-31,20260209_085034,20260209_085034-0077,1,初回,2025-03-11 22:06:04.087000,148.08200,1.00
2025-03-01,2025-03-31,20260209_085034,20260209_085034-0078,1,初回,2025-03-11 23:00:42.353000,148.08800,1.00
2025-03-01,2025-03-31,20260209_085034,20260209_085034-0079,1,初回,2025-03-12 02:14:18.934000,147.06000,1.00
2025-03-01,2025-03-31,20260209_085034,20260209_085034-0080,1,初回,2025-03-12 13:03:02.328000,148.12200,1.00
2025-03-01,2025-03-31,20260209_085034,20260209_085034-0081,1,初回,2025-03-12 13:03:03.242000,148.12200,1.00
2025-03-01,2025-03-31,20260209_085034,20260209_085034-0082,1,初回,2025-03-12 13:19:54.519000,148.23800,1.00
2025-03-01,2025-03-31,20260209_085034,20260209_085034-0083,1,初回,2025-03-12 14:10:50.431000,148.25600,1.00
2025-03-01,2025-03-31,20260209_085034,20260209_085034-0084,1,初回,2025-03-12 15:59:10.820000,148.37600,1.00
2025-03-01,2025-03-31,20260209_085034,20260209_085034-0085,1,初回,2025-03-12 16:48:36.427000,148.57100,1.00
2025-03-01,2025-03-31,20260209_085034,20260209_085034-0086,1,初回,2025-03-12 17:00:09.923000,148.62000,1.00
2025-03-01,2025-03-31,20260209_085034,20260209_085034-0087,1,初回,2025-03-12 18:52:50.761000,148.64400,1.00
2025-03-01,2025-03-31,20260209_085034,20260209_085034-0088,1,初回,2025-03-12 19:18:24.821000,148.74100,1.00
2025-03-01,2025-03-31,20260209_085034,20260209_085034-0089,1,初回,2025-03-12 19:50:49.939000,148.75700,1.00
2025-03-01,2025-03-31,20260209_085034,20260209_085034-0090,1,初回,2025-03-12 21:58:33.885000,149.16500,1.00
2025-03-01,2025-03-31,20260209_085034,20260209_085034-0091,1,初回,2025-03-13 11:05:30.489000,148.11400,1.00
2025-03-01,2025-03-31,20260209_085034,20260209_085034-0092,1,初回,2025-03-13 12:56:51.586000,148.05200,1.00
2025-03-01,2025-03-31,20260209_085034,20260209_085034-0093,1,初回,2025-03-13 13:16:59.139000,147.99700,1.00
2025-03-01,2025-03-31,20260209_085034,20260209_085034-0094,1,初回,2025-03-13 13:17:11.797000,147.96100,1.00
2025-03-01,2025-03-31,20260209_085034,20260209_085034-0095,1,初回,2025-03-13 13:37:52.480000,147.86000,1.00
2025-03-01,2025-03-31,20260209_085034,20260209_085034-0096,1,初回,2025-03-13 14:51:31.912000,147.73400,1.00
2025-03-01,2025-03-31,20260209_085034,20260209_085034-0097,1,初回,2025-03-13 15:19:04.929000,147.61400,1.00
2025-03-01,2025-03-31,20260209_085034,20260209_085034-0098,1,初回,2025-03-13 21:30:01.218000,147.74100,1.00
2025-03-01,2025-03-31,20260209_085034,20260209_085034-0099,1,初回,2025-03-13 21:30:03.192000,147.85700,1.00
2025-03-01,2025-03-31,20260209_085034,20260209_085034-0100,1,初回,2025-03-13 22:10:05.365000,148.34000,1.00
2025-03-01,2025-03-31,20260209_085034,20260209_085034-0101,1,初回,2025-03-13 22:08:53.629000,148.32600,1.00
2025-03-01,2025-03-31,20260209_085034,20260209_085034-0102,1,初回,2025-03-14 00:40:50.818000,147.67500,1.00
2025-03-01,2025-03-31,20260209_085034,20260209_085034-0103,1,初回,2025-03-14 01:47:24.249000,147.56800,1.00
2025-03-01,2025-03-31,20260209_085034,20260209_085034-0104,1,初回,2025-03-14 02:20:17.323000,147.45000,1.00
2025-03-01,2025-03-31,20260209_085034,20260209_085034-0105,1,初回,2025-03-14 13:15:46.168000,148.40600,1.00
2025-03-01,2025-03-31,20260209_085034,20260209_085034-0106,1,初回,2025-03-14 13:16:20.852000,148.41700,1.00
2025-03-01,2025-03-31,20260209_085034,20260209_085034-0107,1,初回,2025-03-14 13:42:16.797000,148.52300,1.00
2025-03-01,2025-03-31,20260209_085034,20260209_085034-0108,1,初回,2025-03-14 14:15:09.393000,148.62000,1.00
2025-03-01,2025-03-31,20260209_085034,20260209_085034-0109,1,初回,2025-03-14 15:37:21.078000,148.72700,1.00
2025-03-01,2025-03-31,20260209_085034,20260209_085034-0110,1,初回,2025-03-14 16:25:32.894000,148.99200,1.00
2025-03-01,2025-03-31,20260209_085034,20260209_085034-0111,1,初回,2025-03-14 23:03:20.558000,148.87000,1.00
2025-03-01,2025-03-31,20260209_085034,20260209_085034-0112,1,初回,2025-03-15 00:18:24.256000,148.38500,1.00
2025-03-01,2025-03-31,20260209_085034,20260209_085034-0113,1,初回,2025-03-15 01:16:14.721000,148.29600,1.00
2025-03-01,2025-03-31,20260209_085034,20260209_085034-0114,1,初回,2025-03-17 13:05:40.375000,148.86800,1.00
2025-03-01,2025-03-31,20260209_085034,20260209_085034-0115,1,初回,2025-03-17 13:57:57.155000,149.01200,1.00
2025-03-01,2025-03-31,20260209_085034,20260209_085034-0116,1,初回,2025-03-17 14:04:38.591000,149.03600,1.00
2025-03-01,2025-03-31,20260209_085034,20260209_085034-0117,1,初回,2025-03-17 15:04:26.458000,149.06800,1.00
2025-03-01,2025-03-31,20260209_085034,20260209_085034-0118,1,初回,2025-03-17 20:05:21.485000,148.45600,1.00
2025-03-01,2025-03-31,20260209_085034,20260209_085034-0119,1,初回,2025-03-17 21:30:03.478000,148.27400,1.00
2025-03-01,2025-03-31,20260209_085034,20260209_085034-0120,1,初回,2025-03-17 21:51:02.438000,148.92200,1.00
2025-03-01,2025-03-31,20260209_085034,20260209_085034-0121,1,初回,2025-03-17 22:46:55.697000,149.06400,1.00
2025-03-01,2025-03-31,20260209_085034,20260209_085034-0122,1,初回,2025-03-18 00:30:45.400000,148.47900,1.00
2025-03-01,2025-03-31,20260209_085034,20260209_085034-0123,1,初回,2025-03-18 03:14:06.785000,149.06500,1.00
2025-03-01,2025-03-31,20260209_085034,20260209_085034-0124,1,初回,2025-03-18 03:51:23.687000,149.21300,1.00
2025-03-01,2025-03-31,20260209_085034,20260209_085034-0125,1,初回,2025-03-18 04:28:40.159000,149.25300,1.00
2025-03-01,2025-03-31,20260209_085034,20260209_085034-0126,1,初回,2025-03-18 11:16:27.917000,149.50900,1.00
2025-03-01,2025-03-31,20260209_085034,20260209_085034-0127,1,初回,2025-03-18 13:07:20.224000,149.70400,1.00
2025-03-01,2025-03-31,20260209_085034,20260209_085034-0128,1,初回,2025-03-18 11:54:36.031000,149.69200,1.00
2025-03-01,2025-03-31,20260209_085034,20260209_085034-0129,1,初回,2025-03-18 12:01:44.609000,149.69300,1.00
2025-03-01,2025-03-31,20260209_085034,20260209_085034-0130,1,初回,2025-03-18 14:58:17.378000,149.70900,1.00
2025-03-01,2025-03-31,20260209_085034,20260209_085034-0131,1,初回,2025-03-18 15:20:12.995000,149.79400,1.00
2025-03-01,2025-03-31,20260209_085034,20260209_085034-0132,1,初回,2025-03-18 15:26:55.405000,149.84800,1.00
2025-03-01,2025-03-31,20260209_085034,20260209_085034-0133,1,初回,2025-03-18 17:05:08.180000,149.87300,1.00
2025-03-01,2025-03-31,20260209_085034,20260209_085034-0134,1,初回,2025-03-18 21:33:10.572000,149.90900,1.00
2025-03-01,2025-03-31,20260209_085034,20260209_085034-0135,1,初回,2025-03-18 23:19:29.780000,149.48500,1.00
2025-03-01,2025-03-31,20260209_085034,20260209_085034-0136,1,初回,2025-03-19 00:49:09.442000,149.45500,1.00
2025-03-01,2025-03-31,20260209_085034,20260209_085034-0137,1,初回,2025-03-19 01:51:36.670000,149.32200,1.00
2025-03-01,2025-03-31,20260209_085034,20260209_085034-0138,1,初回,2025-03-19 02:08:07.905000,149.24300,1.00
2025-03-01,2025-03-31,20260209_085034,20260209_085034-0139,1,初回,2025-03-19 03:13:35.601000,149.13300,1.00
2025-03-01,2025-03-31,20260209_085034,20260209_085034-0140,1,初回,2025-03-19 11:24:39.778000,149.33600,1.00
2025-03-01,2025-03-31,20260209_085034,20260209_085034-0141,1,初回,2025-03-19 11:30:42.689000,149.22600,1.00
2025-03-01,2025-03-31,20260209_085034,20260209_085034-0142,1,初回,2025-03-19 14:33:39.074000,149.72800,1.00
2025-03-01,2025-03-31,20260209_085034,20260209_085034-0143,1,初回,2025-03-19 14:57:06.973000,149.75000,1.00
2025-03-01,2025-03-31,20260209_085034,20260209_085034-0144,1,初回,2025-03-19 15:42:27.293000,149.99000,1.00
2025-03-01,2025-03-31,20260209_085034,20260209_085034-0145,1,初回,2025-03-19 16:41:24.590000,149.17900,1.00
2025-03-01,2025-03-31,20260209_085034,20260209_085034-0146,1,初回,2025-03-19 22:53:13.528000,150.06600,1.00
2025-03-01,2025-03-31,20260209_085034,20260209_085034-0147,1,初回,2025-03-19 22:54:14.978000,150.07700,1.00
2025-03-01,2025-03-31,20260209_085034,20260209_085034-0148,1,初回,2025-03-19 23:00:19.232000,150.11600,1.00
2025-03-01,2025-03-31,20260209_085034,20260209_085034-0149,1,初回,2025-03-20 03:38:02.923000,149.08200,1.00
2025-03-01,2025-03-31,20260209_085034,20260209_085034-0150,1,初回,2025-03-20 03:46:06.220000,148.70000,1.00
2025-03-01,2025-03-31,20260209_085034,20260209_085034-0151,1,初回,2025-03-20 11:06:31.045000,148.23700,1.00
2025-03-01,2025-03-31,20260209_085034,20260209_085034-0152,1,初回,2025-03-20 11:15:40.459000,148.19200,1.00
2025-03-01,2025-03-31,20260209_085034,20260209_085034-0153,1,初回,2025-03-20 11:15:00.505000,148.21300,1.00
2025-03-01,2025-03-31,20260209_085034,20260209_085034-0154,1,初回,2025-03-20 15:12:26.402000,148.21600,1.00
2025-03-01,2025-03-31,20260209_085034,20260209_085034-0155,1,初回,2025-03-21 00:46:18.133000,148.92900,1.00
2025-03-01,2025-03-31,20260209_085034,20260209_085034-0156,1,初回,2025-03-21 12:44:33.244000,149.16300,1.00
2025-03-01,2025-03-31,20260209_085034,20260209_085034-0157,1,初回,2025-03-21 12:50:17.263000,149.21800,1.00
2025-03-01,2025-03-31,20260209_085034,20260209_085034-0158,1,初回,2025-03-21 13:55:28.851000,149.45200,1.00
2025-03-01,2025-03-31,20260209_085034,20260209_085034-0159,1,初回,2025-03-21 14:33:39.363000,149.60100,1.00
2025-03-01,2025-03-31,20260209_085034,20260209_085034-0160,1,初回,2025-03-21 16:00:44.838000,149.63000,1.00
2025-03-01,2025-03-31,20260209_085034,20260209_085034-0161,1,初回,2025-03-21 20:36:10.107000,148.97000,1.00
2025-03-01,2025-03-31,20260209_085034,20260209_085034-0162,1,初回,2025-03-21 20:50:35.900000,148.89400,1.00
2025-03-01,2025-03-31,20260209_085034,20260209_085034-0163,1,初回,2025-03-21 21:41:11.418000,148.67300,1.00
2025-03-01,2025-03-31,20260209_085034,20260209_085034-0164,1,初回,2025-03-21 22:03:26.839000,148.62500,1.00
2025-03-01,2025-03-31,20260209_085034,20260209_085034-0165,1,初回,2025-03-21 22:02:54.189000,148.64200,1.00
2025-03-01,2025-03-31,20260209_085034,20260209_085034-0166,1,初回,2025-03-24 15:32:15.487000,149.56900,1.00
2025-03-01,2025-03-31,20260209_085034,20260209_085034-0167,1,初回,2025-03-24 16:12:00.950000,149.81700,1.00
2025-03-01,2025-03-31,20260209_085034,20260209_085034-0168,1,初回,2025-03-24 17:42:16.588000,149.56800,1.00
2025-03-01,2025-03-31,20260209_085034,20260209_085034-0169,1,初回,2025-03-24 18:23:01.933000,149.55300,1.00
2025-03-01,2025-03-31,20260209_085034,20260209_085034-0170,1,初回,2025-03-24 19:19:07.894000,149.53100,1.00
2025-03-01,2025-03-31,20260209_085034,20260209_085034-0171,1,初回,2025-03-24 21:11:13.209000,149.83700,1.00
2025-03-01,2025-03-31,20260209_085034,20260209_085034-0172,1,初回,2025-03-24 22:45:23.896000,149.92100,1.00
2025-03-01,2025-03-31,20260209_085034,20260209_085034-0173,1,初回,2025-03-24 22:53:13.706000,150.13800,1.00
2025-03-01,2025-03-31,20260209_085034,20260209_085034-0174,1,初回,2025-03-24 22:53:16.907000,150.15700,1.00
2025-03-01,2025-03-31,20260209_085034,20260209_085034-0175,1,初回,2025-03-24 22:58:47.799000,150.22800,1.00
2025-03-01,2025-03-31,20260209_085034,20260209_085034-0176,1,初回,2025-03-24 23:28:41.002000,150.27300,1.00
2025-03-01,2025-03-31,20260209_085034,20260209_085034-0177,1,初回,2025-03-24 23:31:57.091000,150.30600,1.00
2025-03-01,2025-03-31,20260209_085034,20260209_085034-0178,1,初回,2025-03-24 23:57:43.597000,150.51000,1.00
2025-03-01,2025-03-31,20260209_085034,20260209_085034-0179,1,初回,2025-03-25 00:56:11.209000,150.74100,1.00
2025-03-01,2025-03-31,20260209_085034,20260209_085034-0180,1,初回,2025-03-25 20:25:18.465000,150.09800,1.00
2025-03-01,2025-03-31,20260209_085034,20260209_085034-0181,1,初回,2025-03-25 21:46:25.328000,149.90000,1.00
2025-03-01,2025-03-31,20260209_085034,20260209_085034-0182,1,初回,2025-03-25 22:43:59.589000,149.75600,1.00
2025-03-01,2025-03-31,20260209_085034,20260209_085034-0183,1,初回,2025-03-25 23:00:32.131000,149.70100,1.00
2025-03-01,2025-03-31,20260209_085034,20260209_085034-0184,1,初回,2025-03-26 00:26:50.348000,149.58500,1.00
2025-03-01,2025-03-31,20260209_085034,20260209_085034-0185,1,初回,2025-03-26 11:47:02.921000,150.25500,1.00
2025-03-01,2025-03-31,20260209_085034,20260209_085034-0186,1,初回,2025-03-26 12:47:59.026000,150.43600,1.00
2025-03-01,2025-03-31,20260209_085034,20260209_085034-0187,1,初回,2025-03-26 13:14:06.273000,150.51800,1.00
2025-03-01,2025-03-31,20260209_085034,20260209_085034-0188,1,初回,2025-03-26 14:04:14.888000,150.59200,1.00
2025-03-01,2025-03-31,20260209_085034,20260209_085034-0189,1,初回,2025-03-26 22:38:11.717000,150.52200,1.00
2025-03-01,2025-03-31,20260209_085034,20260209_085034-0190,1,初回,2025-03-26 23:53:18.337000,150.56600,1.00
2025-03-01,2025-03-31,20260209_085034,20260209_085034-0191,1,初回,2025-03-27 00:19:52.293000,150.71800,1.00
2025-03-01,2025-03-31,20260209_085034,20260209_085034-0192,1,初回,2025-03-27 12:25:57.907000,150.12300,1.00
2025-03-01,2025-03-31,20260209_085034,20260209_085034-0193,1,初回,2025-03-27 13:20:02.698000,150.09700,1.00
2025-03-01,2025-03-31,20260209_085034,20260209_085034-0194,1,初回,2025-03-27 17:17:09.069000,150.59000,1.00
2025-03-01,2025-03-31,20260209_085034,20260209_085034-0195,1,初回,2025-03-27 17:17:12.070000,150.60500,1.00
2025-03-01,2025-03-31,20260209_085034,20260209_085034-0196,1,初回,2025-03-27 18:31:45.105000,150.89900,1.00
2025-03-01,2025-03-31,20260209_085034,20260209_085034-0197,1,初回,2025-03-27 18:59:45.849000,150.91500,1.00
2025-03-01,2025-03-31,20260209_085034,20260209_085034-0198,1,初回,2025-03-27 19:02:36.241000,150.91200,1.00
2025-03-01,2025-03-31,20260209_085034,20260209_085034-0199,1,初回,2025-03-27 19:15:03.748000,150.95000,1.00
2025-03-01,2025-03-31,20260209_085034,20260209_085034-0200,1,初回,2025-03-27 20:59:28.824000,150.99300,1.00
2025-03-01,2025-03-31,20260209_085034,20260209_085034-0201,1,初回,2025-03-27 21:02:04.151000,151.05800,1.00
2025-03-01,2025-03-31,20260209_085034,20260209_085034-0202,1,初回,2025-03-28 01:41:24.935000,151.12600,1.00
2025-03-01,2025-03-31,20260209_085034,20260209_085034-0203,1,初回,2025-03-28 12:11:22.249000,150.73800,1.00
2025-03-01,2025-03-31,20260209_085034,20260209_085034-0204,1,初回,2025-03-28 15:53:23.292000,150.64600,1.00
2025-03-01,2025-03-31,20260209_085034,20260209_085034-0205,1,初回,2025-03-28 16:36:03.816000,150.42000,1.00
2025-03-01,2025-03-31,20260209_085034,20260209_085034-0206,1,初回,2025-03-28 17:00:00.290000,150.39800,1.00
2025-03-01,2025-03-31,20260209_085034,20260209_085034-0207,1,初回,2025-03-28 21:30:03.112000,150.93200,1.00
2025-03-01,2025-03-31,20260209_085034,20260209_085034-0208,1,初回,2025-03-28 23:13:34.573000,150.09800,1.00
2025-03-01,2025-03-31,20260209_085034,20260209_085034-0209,1,初回,2025-03-28 23:17:29.995000,150.05600,1.00
2025-03-01,2025-03-31,20260209_085034,20260209_085034-0210,1,初回,2025-03-28 23:35:37.182000,149.94600,1.00
2025-03-01,2025-03-31,20260209_085034,20260209_085034-0211,1,初回,2025-03-29 02:36:13.974000,149.87800,1.00
2025-03-01,2025-03-31,20260209_085034,20260209_085034-0212,1,初回,2025-03-29 02:31:16.124000,149.89700,1.00
2025-03-01,2025-03-31,20260209_085034,20260209_085034-0213,1,初回,2025-03-29 04:58:18.882000,149.78100,1.00
2025-03-01,2025-03-31,20260209_085034,20260209_085034-0214,1,初回,2025-03-31 11:09:10.406000,149.06000,1.00
2025-03-01,2025-03-31,20260209_085034,20260209_085034-0215,1,初回,2025-03-31 11:30:28.156000,148.75100,1.00
2025-03-01,2025-03-31,20260209_085034,20260209_085034-0216,1,初回,2025-03-31 16:08:41.063000,148.73700,1.00
2025-03-01,2025-03-31,20260209_085034,20260209_085034-0217,1,初回,2025-03-31 19:48:25.369000,149.40300,1.00
2025-03-01,2025-03-31,20260209_085034,20260209_085034-0218,1,初回,2025-03-31 21:51:27.702000,149.61000,1.00
2025-03-01,2025-03-31,20260209_085034,20260209_085034-0219,1,初回,2025-03-31 22:54:32.760000,149.77000,1.00
2025-03-01,2025-03-31,20260209_085034,20260209_085034-0220,1,初回,2025-03-31 23:27:46.682000,149.85500,1.00
2025-04-01,2025-04-30,20260209_085237,20260209_085237-0001,1,初回,2025-04-01 23:16:36.342000,149.00900,1.00
2025-04-01,2025-04-30,20260209_085237,20260209_085237-0002,1,初回,2025-04-02 00:03:54.101000,149.48100,1.00
2025-04-01,2025-04-30,20260209_085237,20260209_085237-0003,1,初回,2025-04-02 01:17:25.332000,149.71400,1.00
2025-04-01,2025-04-30,20260209_085237,20260209_085237-0004,1,初回,2025-04-02 14:01:27.919000,149.92200,1.00
2025-04-01,2025-04-30,20260209_085237,20260209_085237-0005,1,初回,2025-04-02 15:29:05.701000,149.97000,1.00
2025-04-01,2025-04-30,20260209_085237,20260209_085237-0006,1,初回,2025-04-02 17:08:30.367000,149.55700,1.00
2025-04-01,2025-04-30,20260209_085237,20260209_085237-0007,1,初回,2025-04-02 18:56:02.126000,149.46400,1.00
2025-04-01,2025-04-30,20260209_085237,20260209_085237-0008,1,初回,2025-04-02 19:02:20.652000,149.35200,1.00
2025-04-01,2025-04-30,20260209_085237,20260209_085237-0009,1,初回,2025-04-02 20:23:50.313000,149.24600,1.00
2025-04-01,2025-04-30,20260209_085237,20260209_085237-0010,1,初回,2025-04-02 20:25:11.329000,149.23000,1.00
2025-04-01,2025-04-30,20260209_085237,20260209_085237-0011,1,初回,2025-04-02 21:29:26.194000,149.13900,1.00
2025-04-01,2025-04-30,20260209_085237,20260209_085237-0012,1,初回,2025-04-03 00:25:17.912000,150.07600,1.00
2025-04-01,2025-04-30,20260209_085237,20260209_085237-0013,1,初回,2025-04-03 01:43:29.077000,150.23400,1.00
2025-04-01,2025-04-30,20260209_085237,20260209_085237-0014,1,初回,2025-04-03 01:42:58.032000,150.23000,1.00
2025-04-01,2025-04-30,20260209_085237,20260209_085237-0015,1,初回,2025-04-03 11:24:50.407000,147.55600,1.00
2025-04-01,2025-04-30,20260209_085237,20260209_085237-0016,1,初回,2025-04-03 11:24:47.291000,147.56300,1.00
2025-04-01,2025-04-30,20260209_085237,20260209_085237-0017,1,初回,2025-04-03 12:52:39.643000,147.15300,1.00
2025-04-01,2025-04-30,20260209_085237,20260209_085237-0018,1,初回,2025-04-03 14:44:01.188000,147.00500,1.00
2025-04-01,2025-04-30,20260209_085237,20260209_085237-0019,1,初回,2025-04-03 16:00:20.071000,146.84400,1.00
2025-04-01,2025-04-30,20260209_085237,20260209_085237-0020,1,初回,2025-04-03 15:59:00.261000,146.85300,1.00
2025-04-01,2025-04-30,20260209_085237,20260209_085237-0021,1,初回,2025-04-03 17:50:46.093000,146.72200,1.00
2025-04-01,2025-04-30,20260209_085237,20260209_085237-0022,1,初回,2025-04-03 18:34:49.182000,146.34400,1.00
2025-04-01,2025-04-30,20260209_085237,20260209_085237-0023,1,初回,2025-04-03 19:13:28.724000,146.29700,1.00
2025-04-01,2025-04-30,20260209_085237,20260209_085237-0024,1,初回,2025-04-03 20:54:57.976000,146.06000,1.00
2025-04-01,2025-04-30,20260209_085237,20260209_085237-0025,1,初回,2025-04-03 21:46:14.732000,145.77800,1.00
2025-04-01,2025-04-30,20260209_085237,20260209_085237-0026,1,初回,2025-04-03 22:21:09.841000,145.56500,1.00
2025-04-01,2025-04-30,20260209_085237,20260209_085237-0027,1,初回,2025-04-03 23:00:14.659000,145.21800,1.00
2025-04-01,2025-04-30,20260209_085237,20260209_085237-0028,1,初回,2025-04-04 14:04:20.132000,145.33800,1.00
2025-04-01,2025-04-30,20260209_085237,20260209_085237-0029,1,初回,2025-04-04 15:32:05.602000,146.13100,1.00
2025-04-01,2025-04-30,20260209_085237,20260209_085237-0030,1,初回,2025-04-04 16:58:57.688000,146.26800,1.00
2025-04-01,2025-04-30,20260209_085237,20260209_085237-0031,1,初回,2025-04-04 17:04:17.676000,146.47000,1.00
2025-04-01,2025-04-30,20260209_085237,20260209_085237-0032,1,初回,2025-04-04 18:26:13.248000,146.51700,1.00
2025-04-01,2025-04-30,20260209_085237,20260209_085237-0033,1,初回,2025-04-04 19:53:58.146000,145.07100,1.00
2025-04-01,2025-04-30,20260209_085237,20260209_085237-0034,1,初回,2025-04-04 20:13:01.372000,144.57700,1.00
2025-04-01,2025-04-30,20260209_085237,20260209_085237-0035,1,初回,2025-04-04 23:04:44.220000,145.84900,1.00
2025-04-01,2025-04-30,20260209_085237,20260209_085237-0036,1,初回,2025-04-05 00:51:08.035000,146.19100,1.00
2025-04-01,2025-04-30,20260209_085237,20260209_085237-0037,1,初回,2025-04-05 01:55:36.515000,146.75600,1.00
2025-04-01,2025-04-30,20260209_085237,20260209_085237-0038,1,初回,2025-04-05 02:11:49.989000,146.82200,1.00
2025-04-01,2025-04-30,20260209_085237,20260209_085237-0039,1,初回,2025-04-05 02:49:52.895000,147.34500,1.00
2025-04-01,2025-04-30,20260209_085237,20260209_085237-0040,1,初回,2025-04-05 03:04:05.481000,147.40000,1.00
2025-04-01,2025-04-30,20260209_085237,20260209_085237-0041,1,初回,2025-04-07 16:10:44.956000,145.10900,1.00
2025-04-01,2025-04-30,20260209_085237,20260209_085237-0042,1,初回,2025-04-07 17:43:16.497000,146.34400,1.00
2025-04-01,2025-04-30,20260209_085237,20260209_085237-0043,1,初回,2025-04-07 19:44:59.912000,146.59200,1.00
2025-04-01,2025-04-30,20260209_085237,20260209_085237-0044,1,初回,2025-04-07 21:49:25.677000,146.97200,1.00
2025-04-01,2025-04-30,20260209_085237,20260209_085237-0045,1,初回,2025-04-07 21:50:14.557000,147.02300,1.00
2025-04-01,2025-04-30,20260209_085237,20260209_085237-0046,1,初回,2025-04-07 22:57:17.629000,147.06200,1.00
2025-04-01,2025-04-30,20260209_085237,20260209_085237-0047,1,初回,2025-04-07 23:10:42.176000,147.40200,1.00
2025-04-01,2025-04-30,20260209_085237,20260209_085237-0048,1,初回,2025-04-07 23:13:59.917000,147.95000,1.00
2025-04-01,2025-04-30,20260209_085237,20260209_085237-0049,1,初回,2025-04-08 01:13:41.580000,148.07700,1.00
2025-04-01,2025-04-30,20260209_085237,20260209_085237-0050,1,初回,2025-04-08 02:00:39.074000,148.12400,1.00
2025-04-01,2025-04-30,20260209_085237,20260209_085237-0051,1,初回,2025-04-08 11:00:55.845000,147.44100,1.00
2025-04-01,2025-04-30,20260209_085237,20260209_085237-0052,1,初回,2025-04-08 11:41:26.646000,147.28700,1.00
2025-04-01,2025-04-30,20260209_085237,20260209_085237-0053,1,初回,2025-04-08 22:03:06.890000,146.70100,1.00
2025-04-01,2025-04-30,20260209_085237,20260209_085237-0054,1,初回,2025-04-08 23:26:09.743000,147.63800,1.00
2025-04-01,2025-04-30,20260209_085237,20260209_085237-0055,1,初回,2025-04-09 00:51:20.246000,146.83700,1.00
2025-04-01,2025-04-30,20260209_085237,20260209_085237-0056,1,初回,2025-04-09 01:56:16.133000,146.53600,1.00
2025-04-01,2025-04-30,20260209_085237,20260209_085237-0057,1,初回,2025-04-09 02:29:56.531000,146.28300,1.00
2025-04-01,2025-04-30,20260209_085237,20260209_085237-0058,1,初回,2025-04-09 04:35:29.134000,145.99600,1.00
2025-04-01,2025-04-30,20260209_085237,20260209_085237-0059,1,初回,2025-04-09 12:28:20.649000,145.33700,1.00
2025-04-01,2025-04-30,20260209_085237,20260209_085237-0060,1,初回,2025-04-09 12:30:00.611000,145.29500,1.00
2025-04-01,2025-04-30,20260209_085237,20260209_085237-0061,1,初回,2025-04-09 13:01:15.648000,145.16100,1.00
2025-04-01,2025-04-30,20260209_085237,20260209_085237-0062,1,初回,2025-04-09 13:21:50.762000,144.84500,1.00
2025-04-01,2025-04-30,20260209_085237,20260209_085237-0063,1,初回,2025-04-09 13:27:44.693000,144.61500,1.00
2025-04-01,2025-04-30,20260209_085237,20260209_085237-0064,1,初回,2025-04-09 14:41:35.879000,145.43000,1.00
2025-04-01,2025-04-30,20260209_085237,20260209_085237-0065,1,初回,2025-04-09 15:14:44.904000,145.51200,1.00
2025-04-01,2025-04-30,20260209_085237,20260209_085237-0066,1,初回,2025-04-09 15:53:46.659000,144.73500,1.00
2025-04-01,2025-04-30,20260209_085237,20260209_085237-0067,1,初回,2025-04-09 16:57:06.909000,145.61100,1.00
2025-04-01,2025-04-30,20260209_085237,20260209_085237-0068,1,初回,2025-04-09 17:02:18.572000,145.74900,1.00
2025-04-01,2025-04-30,20260209_085237,20260209_085237-0069,1,初回,2025-04-09 20:58:20.904000,144.68400,1.00
2025-04-01,2025-04-30,20260209_085237,20260209_085237-0070,1,初回,2025-04-09 21:38:15.197000,144.03000,1.00
2025-04-01,2025-04-30,20260209_085237,20260209_085237-0071,1,初回,2025-04-09 22:41:38.801000,145.05800,1.00
2025-04-01,2025-04-30,20260209_085237,20260209_085237-0072,1,初回,2025-04-09 23:01:35.594000,145.05900,1.00
2025-04-01,2025-04-30,20260209_085237,20260209_085237-0073,1,初回,2025-04-10 00:49:15.900000,145.06700,1.00
2025-04-01,2025-04-30,20260209_085237,20260209_085237-0074,1,初回,2025-04-10 01:03:25.092000,145.17600,1.00
2025-04-01,2025-04-30,20260209_085237,20260209_085237-0075,1,初回,2025-04-10 02:18:44.800000,144.58800,1.00
2025-04-01,2025-04-30,20260209_085237,20260209_085237-0076,1,初回,2025-04-10 02:22:10.492000,145.91200,1.00
2025-04-01,2025-04-30,20260209_085237,20260209_085237-0077,1,初回,2025-04-10 02:35:52.670000,147.22300,1.00
2025-04-01,2025-04-30,20260209_085237,20260209_085237-0078,1,初回,2025-04-10 03:01:37.560000,147.35900,1.00
2025-04-01,2025-04-30,20260209_085237,20260209_085237-0079,1,初回,2025-04-10 03:06:49.194000,147.93300,1.00
2025-04-01,2025-04-30,20260209_085237,20260209_085237-0080,1,初回,2025-04-10 03:07:57.775000,148.10900,1.00
2025-04-01,2025-04-30,20260209_085237,20260209_085237-0081,1,初回,2025-04-10 03:08:09.577000,148.25300,1.00
2025-04-01,2025-04-30,20260209_085237,20260209_085237-0082,1,初回,2025-04-10 03:08:26.570000,148.10900,1.00
2025-04-01,2025-04-30,20260209_085237,20260209_085237-0083,1,初回,2025-04-10 12:13:30.652000,146.64500,1.00
2025-04-01,2025-04-30,20260209_085237,20260209_085237-0084,1,初回,2025-04-10 13:28:16.720000,146.54100,1.00
2025-04-01,2025-04-30,20260209_085237,20260209_085237-0085,1,初回,2025-04-10 14:30:48.527000,146.48600,1.00
2025-04-01,2025-04-30,20260209_085237,20260209_085237-0086,1,初回,2025-04-10 16:57:39.401000,146.27700,1.00
2025-04-01,2025-04-30,20260209_085237,20260209_085237-0087,1,初回,2025-04-10 17:18:20.171000,146.19000,1.00
2025-04-01,2025-04-30,20260209_085237,20260209_085237-0088,1,初回,2025-04-10 18:58:24.155000,146.03500,1.00
2025-04-01,2025-04-30,20260209_085237,20260209_085237-0089,1,初回,2025-04-10 19:41:56.959000,145.58800,1.00
2025-04-01,2025-04-30,20260209_085237,20260209_085237-0090,1,初回,2025-04-10 20:30:59.190000,145.36800,1.00
2025-04-01,2025-04-30,20260209_085237,20260209_085237-0091,1,初回,2025-04-10 21:30:31.596000,144.91600,1.00
2025-04-01,2025-04-30,20260209_085237,20260209_085237-0092,1,初回,2025-04-10 22:56:05.523000,144.81700,1.00
2025-04-01,2025-04-30,20260209_085237,20260209_085237-0093,1,初回,2025-04-10 23:58:13.177000,144.60000,1.00
2025-04-01,2025-04-30,20260209_085237,20260209_085237-0094,1,初回,2025-04-11 00:38:56.419000,144.24400,1.00
2025-04-01,2025-04-30,20260209_085237,20260209_085237-0095,1,初回,2025-04-11 00:49:24.263000,144.04400,1.00
2025-04-01,2025-04-30,20260209_085237,20260209_085237-0096,1,初回,2025-04-11 02:55:52.550000,144.84400,1.00
2025-04-01,2025-04-30,20260209_085237,20260209_085237-0097,1,初回,2025-04-11 04:21:42.092000,145.02500,1.00
2025-04-01,2025-04-30,20260209_085237,20260209_085237-0098,1,初回,2025-04-11 04:26:04.525000,145.11400,1.00
2025-04-01,2025-04-30,20260209_085237,20260209_085237-0099,1,初回,2025-04-11 13:51:29.103000,142.91200,1.00
2025-04-01,2025-04-30,20260209_085237,20260209_085237-0100,1,初回,2025-04-11 16:59:02.167000,142.83400,1.00
2025-04-01,2025-04-30,20260209_085237,20260209_085237-0101,1,初回,2025-04-11 17:51:26.265000,142.10000,1.00
2025-04-01,2025-04-30,20260209_085237,20260209_085237-0102,1,初回,2025-04-11 18:51:01.144000,142.07000,1.00
2025-04-01,2025-04-30,20260209_085237,20260209_085237-0103,1,初回,2025-04-11 19:40:55.202000,143.18900,1.00
2025-04-01,2025-04-30,20260209_085237,20260209_085237-0104,1,初回,2025-04-11 21:51:27.866000,142.44400,1.00
2025-04-01,2025-04-30,20260209_085237,20260209_085237-0105,1,初回,2025-04-11 22:11:12.115000,142.25600,1.00
2025-04-01,2025-04-30,20260209_085237,20260209_085237-0106,1,初回,2025-04-11 22:39:44.041000,143.53900,1.00
2025-04-01,2025-04-30,20260209_085237,20260209_085237-0107,1,初回,2025-04-11 23:53:44.532000,143.57700,1.00
2025-04-01,2025-04-30,20260209_085237,20260209_085237-0108,1,初回,2025-04-12 00:25:29.790000,143.69000,1.00
2025-04-01,2025-04-30,20260209_085237,20260209_085237-0109,1,初回,2025-04-12 01:22:00.101000,143.97500,1.00
2025-04-01,2025-04-30,20260209_085237,20260209_085237-0110,1,初回,2025-04-12 02:57:45.319000,144.16900,1.00
2025-04-01,2025-04-30,20260209_085237,20260209_085237-0111,1,初回,2025-04-14 13:09:01.968000,143.17200,1.00
2025-04-01,2025-04-30,20260209_085237,20260209_085237-0112,1,初回,2025-04-14 14:11:20.847000,143.25300,1.00
2025-04-01,2025-04-30,20260209_085237,20260209_085237-0113,1,初回,2025-04-14 14:56:59.563000,142.67500,1.00
2025-04-01,2025-04-30,20260209_085237,20260209_085237-0114,1,初回,2025-04-14 15:20:27.074000,142.60400,1.00
2025-04-01,2025-04-30,20260209_085237,20260209_085237-0115,1,初回,2025-04-14 15:39:02.695000,142.38300,1.00
2025-04-01,2025-04-30,20260209_085237,20260209_085237-0116,1,初回,2025-04-14 16:00:20.740000,142.28100,1.00
2025-04-01,2025-04-30,20260209_085237,20260209_085237-0117,1,初回,2025-04-14 16:02:24.357000,142.25600,1.00
2025-04-01,2025-04-30,20260209_085237,20260209_085237-0118,1,初回,2025-04-14 16:00:21.048000,142.26700,1.00
2025-04-01,2025-04-30,20260209_085237,20260209_085237-0119,1,初回,2025-04-14 19:18:53.245000,143.25000,1.00
2025-04-01,2025-04-30,20260209_085237,20260209_085237-0120,1,初回,2025-04-14 19:20:11.295000,143.26900,1.00
2025-04-01,2025-04-30,20260209_085237,20260209_085237-0121,1,初回,2025-04-14 20:57:58.212000,143.33500,1.00
2025-04-01,2025-04-30,20260209_085237,20260209_085237-0122,1,初回,2025-04-14 21:57:43.454000,143.67400,1.00
2025-04-01,2025-04-30,20260209_085237,20260209_085237-0123,1,初回,2025-04-14 22:24:02.239000,144.05100,1.00
2025-04-01,2025-04-30,20260209_085237,20260209_085237-0124,1,初回,2025-04-15 01:08:30.662000,142.81900,1.00
2025-04-01,2025-04-30,20260209_085237,20260209_085237-0125,1,初回,2025-04-15 15:02:24.019000,142.88300,1.00
2025-04-01,2025-04-30,20260209_085237,20260209_085237-0126,1,初回,2025-04-15 15:02:23.299000,142.89000,1.00
2025-04-01,2025-04-30,20260209_085237,20260209_085237-0127,1,初回,2025-04-15 16:21:38.234000,143.47900,1.00
2025-04-01,2025-04-30,20260209_085237,20260209_085237-0128,1,初回,2025-04-15 17:56:48.857000,142.88200,1.00
2025-04-01,2025-04-30,20260209_085237,20260209_085237-0129,1,初回,2025-04-15 18:11:11.223000,142.72100,1.00
2025-04-01,2025-04-30,20260209_085237,20260209_085237-0130,1,初回,2025-04-15 20:28:25.506000,143.15500,1.00
2025-04-01,2025-04-30,20260209_085237,20260209_085237-0131,1,初回,2025-04-15 21:23:44.212000,142.63600,1.00
2025-04-01,2025-04-30,20260209_085237,20260209_085237-0132,1,初回,2025-04-15 23:12:01.027000,143.23400,1.00
2025-04-01,2025-04-30,20260209_085237,20260209_085237-0133,1,初回,2025-04-16 11:06:54.600000,142.70700,1.00
2025-04-01,2025-04-30,20260209_085237,20260209_085237-0134,1,初回,2025-04-16 11:07:38.636000,142.69000,1.00
2025-04-01,2025-04-30,20260209_085237,20260209_085237-0135,1,初回,2025-04-16 12:41:31.255000,142.53600,1.00
2025-04-01,2025-04-30,20260209_085237,20260209_085237-0136,1,初回,2025-04-16 13:01:31.172000,142.50400,1.00
2025-04-01,2025-04-30,20260209_085237,20260209_085237-0137,1,初回,2025-04-16 14:58:35.561000,142.13800,1.00
2025-04-01,2025-04-30,20260209_085237,20260209_085237-0138,1,初回,2025-04-16 16:48:31.884000,142.07900,1.00
2025-04-01,2025-04-30,20260209_085237,20260209_085237-0139,1,初回,2025-04-16 20:57:52.655000,142.64600,1.00
2025-04-01,2025-04-30,20260209_085237,20260209_085237-0140,1,初回,2025-04-16 21:44:22.224000,142.47000,1.00
2025-04-01,2025-04-30,20260209_085237,20260209_085237-0141,1,初回,2025-04-16 22:20:59.013000,142.44000,1.00
2025-04-01,2025-04-30,20260209_085237,20260209_085237-0142,1,初回,2025-04-16 23:04:44.402000,142.34600,1.00
2025-04-01,2025-04-30,20260209_085237,20260209_085237-0143,1,初回,2025-04-17 00:25:11.517000,142.82900,1.00
2025-04-01,2025-04-30,20260209_085237,20260209_085237-0144,1,初回,2025-04-17 02:45:33.659000,142.34700,1.00
2025-04-01,2025-04-30,20260209_085237,20260209_085237-0145,1,初回,2025-04-17 03:53:19.724000,142.10700,1.00
2025-04-01,2025-04-30,20260209_085237,20260209_085237-0146,1,初回,2025-04-17 04:25:40.358000,141.68000,1.00
2025-04-01,2025-04-30,20260209_085237,20260209_085237-0147,1,初回,2025-04-17 14:40:41.985000,142.83200,1.00
2025-04-01,2025-04-30,20260209_085237,20260209_085237-0148,1,初回,2025-04-17 14:42:50.884000,142.83600,1.00
2025-04-01,2025-04-30,20260209_085237,20260209_085237-0149,1,初回,2025-04-17 15:06:33.592000,142.85100,1.00
2025-04-01,2025-04-30,20260209_085237,20260209_085237-0150,1,初回,2025-04-17 16:23:22.283000,142.88500,1.00
2025-04-01,2025-04-30,20260209_085237,20260209_085237-0151,1,初回,2025-04-17 17:24:04.586000,143.06500,1.00
2025-04-01,2025-04-30,20260209_085237,20260209_085237-0152,1,初回,2025-04-17 19:43:24.609000,142.52200,1.00
2025-04-01,2025-04-30,20260209_085237,20260209_085237-0153,1,初回,2025-04-17 20:12:16.248000,142.49600,1.00
2025-04-01,2025-04-30,20260209_085237,20260209_085237-0154,1,初回,2025-04-17 21:30:36.554000,142.42000,1.00
2025-04-01,2025-04-30,20260209_085237,20260209_085237-0155,1,初回,2025-04-17 21:59:28.688000,142.32000,1.00
2025-04-01,2025-04-30,20260209_085237,20260209_085237-0156,1,初回,2025-04-17 22:39:04.110000,142.17800,1.00
2025-04-01,2025-04-30,20260209_085237,20260209_085237-0157,1,初回,2025-04-17 23:25:22.783000,141.93400,1.00
2025-04-01,2025-04-30,20260209_085237,20260209_085237-0158,1,初回,2025-04-18 03:11:26.412000,142.68800,1.00
2025-04-01,2025-04-30,20260209_085237,20260209_085237-0159,1,初回,2025-04-19 01:25:54.385000,142.14800,1.00
2025-04-01,2025-04-30,20260209_085237,20260209_085237-0160,1,初回,2025-04-21 11:03:19.147000,141.00800,1.00
2025-04-01,2025-04-30,20260209_085237,20260209_085237-0161,1,初回,2025-04-21 11:28:18.128000,140.65400,1.00
2025-04-01,2025-04-30,20260209_085237,20260209_085237-0162,1,初回,2025-04-21 16:40:41.805000,140.58600,1.00
2025-04-01,2025-04-30,20260209_085237,20260209_085237-0163,1,初回,2025-04-21 18:21:25.040000,140.50700,1.00
2025-04-01,2025-04-30,20260209_085237,20260209_085237-0164,1,初回,2025-04-21 20:06:28.621000,141.05300,1.00
2025-04-01,2025-04-30,20260209_085237,20260209_085237-0165,1,初回,2025-04-22 13:06:54.525000,140.13200,1.00
2025-04-01,2025-04-30,20260209_085237,20260209_085237-0166,1,初回,2025-04-22 12:10:35.151000,140.13600,1.00
2025-04-01,2025-04-30,20260209_085237,20260209_085237-0167,1,初回,2025-04-22 14:29:44.840000,139.93000,1.00
2025-04-01,2025-04-30,20260209_085237,20260209_085237-0168,1,初回,2025-04-22 15:00:00.306000,139.92300,1.00
2025-04-01,2025-04-30,20260209_085237,20260209_085237-0169,1,初回,2025-04-22 17:42:45.128000,140.60200,1.00
2025-04-01,2025-04-30,20260209_085237,20260209_085237-0170,1,初回,2025-04-22 22:41:06.504000,140.76900,1.00
2025-04-01,2025-04-30,20260209_085237,20260209_085237-0171,1,初回,2025-04-22 23:11:03.439000,140.89000,1.00
2025-04-01,2025-04-30,20260209_085237,20260209_085237-0172,1,初回,2025-04-23 00:59:35.450000,140.90000,1.00
2025-04-01,2025-04-30,20260209_085237,20260209_085237-0173,1,初回,2025-04-23 01:24:29.491000,141.14300,1.00
2025-04-01,2025-04-30,20260209_085237,20260209_085237-0174,1,初回,2025-04-23 01:55:38.116000,141.33300,1.00
2025-04-01,2025-04-30,20260209_085237,20260209_085237-0175,1,初回,2025-04-23 02:08:34.004000,141.36000,1.00
2025-04-01,2025-04-30,20260209_085237,20260209_085237-0176,1,初回,2025-04-23 03:54:28.031000,141.48000,1.00
2025-04-01,2025-04-30,20260209_085237,20260209_085237-0177,1,初回,2025-04-23 04:58:02.147000,141.61600,1.00
2025-04-01,2025-04-30,20260209_085237,20260209_085237-0178,1,初回,2025-04-23 15:50:16.668000,141.64300,1.00
2025-04-01,2025-04-30,20260209_085237,20260209_085237-0179,1,初回,2025-04-23 16:11:16.755000,141.56700,1.00
2025-04-01,2025-04-30,20260209_085237,20260209_085237-0180,1,初回,2025-04-23 20:10:29.313000,142.15900,1.00
2025-04-01,2025-04-30,20260209_085237,20260209_085237-0181,1,初回,2025-04-23 22:58:45.164000,142.66100,1.00
2025-04-01,2025-04-30,20260209_085237,20260209_085237-0182,1,初回,2025-04-23 23:00:13.421000,142.75900,1.00
2025-04-01,2025-04-30,20260209_085237,20260209_085237-0183,1,初回,2025-04-24 01:57:58.812000,143.04500,1.00
2025-04-01,2025-04-30,20260209_085237,20260209_085237-0184,1,初回,2025-04-24 02:23:27.435000,143.18800,1.00
2025-04-01,2025-04-30,20260209_085237,20260209_085237-0185,1,初回,2025-04-24 02:56:32.390000,143.24900,1.00
2025-04-01,2025-04-30,20260209_085237,20260209_085237-0186,1,初回,2025-04-24 02:57:15.295000,143.26000,1.00
2025-04-01,2025-04-30,20260209_085237,20260209_085237-0187,1,初回,2025-04-24 03:25:22.196000,143.46600,1.00
2025-04-01,2025-04-30,20260209_085237,20260209_085237-0188,1,初回,2025-04-24 19:12:40.329000,142.34400,1.00
2025-04-01,2025-04-30,20260209_085237,20260209_085237-0189,1,初回,2025-04-24 21:48:36.710000,142.32700,1.00
2025-04-01,2025-04-30,20260209_085237,20260209_085237-0190,1,初回,2025-04-24 23:11:05.260000,142.31500,1.00
2025-04-01,2025-04-30,20260209_085237,20260209_085237-0191,1,初回,2025-04-25 00:45:02.876000,142.74500,1.00
2025-04-01,2025-04-30,20260209_085237,20260209_085237-0192,1,初回,2025-04-25 01:37:08.335000,142.76000,1.00
2025-04-01,2025-04-30,20260209_085237,20260209_085237-0193,1,初回,2025-04-25 02:26:19.024000,142.80000,1.00
2025-04-01,2025-04-30,20260209_085237,20260209_085237-0194,1,初回,2025-04-25 12:23:46.274000,143.08300,1.00
2025-04-01,2025-04-30,20260209_085237,20260209_085237-0195,1,初回,2025-04-25 12:40:02.503000,143.41200,1.00
2025-04-01,2025-04-30,20260209_085237,20260209_085237-0196,1,初回,2025-04-25 12:58:14.984000,143.54100,1.00
2025-04-01,2025-04-30,20260209_085237,20260209_085237-0197,1,初回,2025-04-25 12:58:16.494000,143.56300,1.00
2025-04-01,2025-04-30,20260209_085237,20260209_085237-0198,1,初回,2025-04-25 12:59:24.299000,143.63700,1.00
2025-04-01,2025-04-30,20260209_085237,20260209_085237-0199,1,初回,2025-04-25 13:00:46.498000,143.77100,1.00
2025-04-01,2025-04-30,20260209_085237,20260209_085237-0200,1,初回,2025-04-25 15:13:03.100000,143.82100,1.00
2025-04-01,2025-04-30,20260209_085237,20260209_085237-0201,1,初回,2025-04-25 15:40:35.163000,143.47700,1.00
2025-04-01,2025-04-30,20260209_085237,20260209_085237-0202,1,初回,2025-04-25 15:46:07.698000,143.54300,1.00
2025-04-01,2025-04-30,20260209_085237,20260209_085237-0203,1,初回,2025-04-25 16:17:46.559000,143.26300,1.00
2025-04-01,2025-04-30,20260209_085237,20260209_085237-0204,1,初回,2025-04-25 18:12:37.255000,143.27500,1.00
2025-04-01,2025-04-30,20260209_085237,20260209_085237-0205,1,初回,2025-04-25 19:17:25.827000,143.66800,1.00
2025-04-01,2025-04-30,20260209_085237,20260209_085237-0206,1,初回,2025-04-25 19:19:42.706000,143.70700,1.00
2025-04-01,2025-04-30,20260209_085237,20260209_085237-0207,1,初回,2025-04-25 20:25:01.483000,143.26200,1.00
2025-04-01,2025-04-30,20260209_085237,20260209_085237-0208,1,初回,2025-04-25 22:35:30.935000,143.84500,1.00
2025-04-01,2025-04-30,20260209_085237,20260209_085237-0209,1,初回,2025-04-25 23:54:35.082000,143.96100,1.00
2025-04-01,2025-04-30,20260209_085237,20260209_085237-0210,1,初回,2025-04-26 00:23:17.889000,144.00100,1.00
2025-04-01,2025-04-30,20260209_085237,20260209_085237-0211,1,初回,2025-04-28 11:02:11.027000,143.84800,1.00
2025-04-01,2025-04-30,20260209_085237,20260209_085237-0212,1,初回,2025-04-28 11:02:03.342000,143.83400,1.00
2025-04-01,2025-04-30,20260209_085237,20260209_085237-0213,1,初回,2025-04-28 13:45:57.258000,143.37800,1.00
2025-04-01,2025-04-30,20260209_085237,20260209_085237-0214,1,初回,2025-04-28 13:52:13.415000,143.35200,1.00
2025-04-01,2025-04-30,20260209_085237,20260209_085237-0215,1,初回,2025-04-28 14:00:00.391000,143.32800,1.00
2025-04-01,2025-04-30,20260209_085237,20260209_085237-0216,1,初回,2025-04-28 16:00:15.798000,143.86500,1.00
2025-04-01,2025-04-30,20260209_085237,20260209_085237-0217,1,初回,2025-04-28 21:20:01.693000,143.26200,1.00
2025-04-01,2025-04-30,20260209_085237,20260209_085237-0218,1,初回,2025-04-28 21:25:20.818000,143.18800,1.00
2025-04-01,2025-04-30,20260209_085237,20260209_085237-0219,1,初回,2025-04-28 22:43:35.574000,143.10400,1.00
2025-04-01,2025-04-30,20260209_085237,20260209_085237-0220,1,初回,2025-04-28 23:41:07.855000,142.61700,1.00
2025-04-01,2025-04-30,20260209_085237,20260209_085237-0221,1,初回,2025-04-29 01:42:31.480000,142.48500,1.00
2025-04-01,2025-04-30,20260209_085237,20260209_085237-0222,1,初回,2025-04-29 01:57:12.694000,142.31300,1.00
2025-04-01,2025-04-30,20260209_085237,20260209_085237-0223,1,初回,2025-04-29 02:29:30.092000,142.16700,1.00
2025-04-01,2025-04-30,20260209_085237,20260209_085237-0224,1,初回,2025-04-29 03:58:10.052000,142.15100,1.00
2025-04-01,2025-04-30,20260209_085237,20260209_085237-0225,1,初回,2025-04-29 04:05:24.787000,142.07800,1.00
2025-04-01,2025-04-30,20260209_085237,20260209_085237-0226,1,初回,2025-04-29 23:00:30.139000,142.04800,1.00
2025-04-01,2025-04-30,20260209_085237,20260209_085237-0227,1,初回,2025-04-29 23:00:30.954000,142.04400,1.00
2025-04-01,2025-04-30,20260209_085237,20260209_085237-0228,1,初回,2025-04-30 01:25:32.519000,141.97800,1.00
2025-04-01,2025-04-30,20260209_085237,20260209_085237-0229,1,初回,2025-04-30 01:25:31.991000,142.00100,1.00
2025-04-01,2025-04-30,20260209_085237,20260209_085237-0230,1,初回,2025-04-30 11:00:08.041000,142.47800,1.00
2025-04-01,2025-04-30,20260209_085237,20260209_085237-0231,1,初回,2025-04-30 11:01:05.443000,142.51900,1.00
2025-04-01,2025-04-30,20260209_085237,20260209_085237-0232,1,初回,2025-04-30 13:00:01.992000,142.52500,1.00
2025-04-01,2025-04-30,20260209_085237,20260209_085237-0233,1,初回,2025-04-30 15:10:02.399000,142.68900,1.00
2025-04-01,2025-04-30,20260209_085237,20260209_085237-0234,1,初回,2025-04-30 16:24:32.459000,142.72800,1.00
2025-04-01,2025-04-30,20260209_085237,20260209_085237-0235,1,初回,2025-04-30 16:34:03.906000,142.85900,1.00
2025-04-01,2025-04-30,20260209_085237,20260209_085237-0236,1,初回,2025-04-30 17:34:22.361000,142.91600,1.00
2025-04-01,2025-04-30,20260209_085237,20260209_085237-0237,1,初回,2025-04-30 18:54:17.009000,143.12200,1.00
2025-05-01,2025-05-31,20260209_085352,20260209_085352-0001,1,初回,2025-05-01 03:21:48.892000,142.91200,1.00
2025-05-01,2025-05-31,20260209_085352,20260209_085352-0002,1,初回,2025-05-01 04:58:06.662000,142.97900,1.00
2025-05-01,2025-05-31,20260209_085352,20260209_085352-0003,1,初回,2025-05-01 11:00:34.089000,143.20900,1.00
2025-05-01,2025-05-31,20260209_085352,20260209_085352-0004,1,初回,2025-05-01 12:45:18.841000,143.72300,1.00
2025-05-01,2025-05-31,20260209_085352,20260209_085352-0005,1,初回,2025-05-01 13:36:21.425000,143.87100,1.00
2025-05-01,2025-05-31,20260209_085352,20260209_085352-0006,1,初回,2025-05-01 14:29:36.511000,144.22500,1.00
2025-05-01,2025-05-31,20260209_085352,20260209_085352-0007,1,初回,2025-05-01 15:58:23.881000,144.56500,1.00
2025-05-01,2025-05-31,20260209_085352,20260209_085352-0008,1,初回,2025-05-01 16:08:01.980000,144.72300,1.00
2025-05-01,2025-05-31,20260209_085352,20260209_085352-0009,1,初回,2025-05-01 21:54:12.630000,144.73700,1.00
2025-05-01,2025-05-31,20260209_085352,20260209_085352-0010,1,初回,2025-05-01 22:45:52.311000,144.77100,1.00
2025-05-01,2025-05-31,20260209_085352,20260209_085352-0011,1,初回,2025-05-01 23:53:06.588000,145.46800,1.00
2025-05-01,2025-05-31,20260209_085352,20260209_085352-0012,1,初回,2025-05-02 00:43:14.472000,145.62200,1.00
2025-05-01,2025-05-31,20260209_085352,20260209_085352-0013,1,初回,2025-05-02 03:01:36.336000,145.62300,1.00
2025-05-01,2025-05-31,20260209_085352,20260209_085352-0014,1,初回,2025-05-02 03:03:12.415000,145.70700,1.00
2025-05-01,2025-05-31,20260209_085352,20260209_085352-0015,1,初回,2025-05-02 12:32:10.252000,145.27900,1.00
2025-05-01,2025-05-31,20260209_085352,20260209_085352-0016,1,初回,2025-05-02 12:38:20.562000,145.18400,1.00
2025-05-01,2025-05-31,20260209_085352,20260209_085352-0017,1,初回,2025-05-02 15:23:12.178000,145.08100,1.00
2025-05-01,2025-05-31,20260209_085352,20260209_085352-0018,1,初回,2025-05-02 16:06:04.772000,145.08100,1.00
2025-05-01,2025-05-31,20260209_085352,20260209_085352-0019,1,初回,2025-05-02 17:51:19.368000,144.85900,1.00
2025-05-01,2025-05-31,20260209_085352,20260209_085352-0020,1,初回,2025-05-02 18:50:55.196000,144.47800,1.00
2025-05-01,2025-05-31,20260209_085352,20260209_085352-0021,1,初回,2025-05-02 20:35:33.343000,144.40300,1.00
2025-05-01,2025-05-31,20260209_085352,20260209_085352-0022,1,初回,2025-05-02 21:42:08.252000,144.37000,1.00
2025-05-01,2025-05-31,20260209_085352,20260209_085352-0023,1,初回,2025-05-02 22:37:58.896000,143.91200,1.00
2025-05-01,2025-05-31,20260209_085352,20260209_085352-0024,1,初回,2025-05-02 22:40:12.454000,143.76800,1.00
2025-05-01,2025-05-31,20260209_085352,20260209_085352-0025,1,初回,2025-05-02 23:01:06.027000,143.76700,1.00
2025-05-01,2025-05-31,20260209_085352,20260209_085352-0026,1,初回,2025-05-03 01:02:34.293000,144.76200,1.00
2025-05-01,2025-05-31,20260209_085352,20260209_085352-0027,1,初回,2025-05-03 03:43:22.496000,145.05900,1.00
2025-05-01,2025-05-31,20260209_085352,20260209_085352-0028,1,初回,2025-05-05 11:34:43.890000,144.13900,1.00
2025-05-01,2025-05-31,20260209_085352,20260209_085352-0029,1,初回,2025-05-05 11:35:56.810000,144.10300,1.00
2025-05-01,2025-05-31,20260209_085352,20260209_085352-0030,1,初回,2025-05-05 14:39:06.811000,144.00200,1.00
2025-05-01,2025-05-31,20260209_085352,20260209_085352-0031,1,初回,2025-05-05 17:49:00.241000,143.92300,1.00
2025-05-01,2025-05-31,20260209_085352,20260209_085352-0032,1,初回,2025-05-05 18:17:21.119000,143.85200,1.00
2025-05-01,2025-05-31,20260209_085352,20260209_085352-0033,1,初回,2025-05-05 19:00:16.505000,143.84200,1.00
2025-05-01,2025-05-31,20260209_085352,20260209_085352-0034,1,初回,2025-05-05 20:20:55.068000,143.78700,1.00
2025-05-01,2025-05-31,20260209_085352,20260209_085352-0035,1,初回,2025-05-05 21:57:15.097000,143.61100,1.00
2025-05-01,2025-05-31,20260209_085352,20260209_085352-0036,1,初回,2025-05-05 22:12:45.398000,143.57900,1.00
2025-05-01,2025-05-31,20260209_085352,20260209_085352-0037,1,初回,2025-05-06 11:20:16.965000,143.69000,1.00
2025-05-01,2025-05-31,20260209_085352,20260209_085352-0038,1,初回,2025-05-06 13:18:16.985000,143.65400,1.00
2025-05-01,2025-05-31,20260209_085352,20260209_085352-0039,1,初回,2025-05-06 16:25:30.189000,143.57900,1.00
2025-05-01,2025-05-31,20260209_085352,20260209_085352-0040,1,初回,2025-05-06 16:36:02.475000,143.24000,1.00
2025-05-01,2025-05-31,20260209_085352,20260209_085352-0041,1,初回,2025-05-06 17:24:08.329000,142.94200,1.00
2025-05-01,2025-05-31,20260209_085352,20260209_085352-0042,1,初回,2025-05-06 20:35:00.611000,142.75500,1.00
2025-05-01,2025-05-31,20260209_085352,20260209_085352-0043,1,初回,2025-05-06 20:34:56.745000,142.78300,1.00
2025-05-01,2025-05-31,20260209_085352,20260209_085352-0044,1,初回,2025-05-06 21:56:46.946000,142.52600,1.00
2025-05-01,2025-05-31,20260209_085352,20260209_085352-0045,1,初回,2025-05-06 21:56:46.791000,142.53100,1.00
2025-05-01,2025-05-31,20260209_085352,20260209_085352-0046,1,初回,2025-05-06 22:50:06.289000,142.38500,1.00
2025-05-01,2025-05-31,20260209_085352,20260209_085352-0047,1,初回,2025-05-07 01:15:12.672000,143.00800,1.00
2025-05-01,2025-05-31,20260209_085352,20260209_085352-0048,1,初回,2025-05-07 13:47:26.138000,143.27800,1.00
2025-05-01,2025-05-31,20260209_085352,20260209_085352-0049,1,初回,2025-05-07 13:56:28.298000,143.29600,1.00
2025-05-01,2025-05-31,20260209_085352,20260209_085352-0050,1,初回,2025-05-07 17:19:22.036000,143.41100,1.00
2025-05-01,2025-05-31,20260209_085352,20260209_085352-0051,1,初回,2025-05-07 18:09:05.451000,143.42300,1.00
2025-05-01,2025-05-31,20260209_085352,20260209_085352-0052,1,初回,2025-05-08 00:58:22.346000,143.44200,1.00
2025-05-01,2025-05-31,20260209_085352,20260209_085352-0053,1,初回,2025-05-08 01:01:46.995000,143.55800,1.00
2025-05-01,2025-05-31,20260209_085352,20260209_085352-0054,1,初回,2025-05-08 03:08:26.148000,142.94100,1.00
2025-05-01,2025-05-31,20260209_085352,20260209_085352-0055,1,初回,2025-05-08 03:45:57.615000,143.75100,1.00
2025-05-01,2025-05-31,20260209_085352,20260209_085352-0056,1,初回,2025-05-08 04:42:14.918000,143.94700,1.00
2025-05-01,2025-05-31,20260209_085352,20260209_085352-0057,1,初回,2025-05-08 14:11:43.207000,143.96800,1.00
2025-05-01,2025-05-31,20260209_085352,20260209_085352-0058,1,初回,2025-05-08 14:12:58.311000,144.04100,1.00
2025-05-01,2025-05-31,20260209_085352,20260209_085352-0059,1,初回,2025-05-08 14:12:55.519000,144.03000,1.00
2025-05-01,2025-05-31,20260209_085352,20260209_085352-0060,1,初回,2025-05-08 15:30:33.118000,144.24500,1.00
2025-05-01,2025-05-31,20260209_085352,20260209_085352-0061,1,初回,2025-05-08 15:34:00.978000,144.40300,1.00
2025-05-01,2025-05-31,20260209_085352,20260209_085352-0062,1,初回,2025-05-08 16:07:27.353000,144.49000,1.00
2025-05-01,2025-05-31,20260209_085352,20260209_085352-0063,1,初回,2025-05-08 17:15:19.366000,144.61000,1.00
2025-05-01,2025-05-31,20260209_085352,20260209_085352-0064,1,初回,2025-05-08 17:52:56.276000,144.81700,1.00
2025-05-01,2025-05-31,20260209_085352,20260209_085352-0065,1,初回,2025-05-08 18:33:06.801000,144.92100,1.00
2025-05-01,2025-05-31,20260209_085352,20260209_085352-0066,1,初回,2025-05-08 19:12:56.063000,144.97400,1.00
2025-05-01,2025-05-31,20260209_085352,20260209_085352-0067,1,初回,2025-05-08 23:58:59.360000,145.09000,1.00
2025-05-01,2025-05-31,20260209_085352,20260209_085352-0068,1,初回,2025-05-09 00:49:36.303000,145.47700,1.00
2025-05-01,2025-05-31,20260209_085352,20260209_085352-0069,1,初回,2025-05-09 00:50:29.767000,145.56300,1.00
2025-05-01,2025-05-31,20260209_085352,20260209_085352-0070,1,初回,2025-05-09 01:25:41.130000,145.75600,1.00
2025-05-01,2025-05-31,20260209_085352,20260209_085352-0071,1,初回,2025-05-09 02:25:38.859000,145.89400,1.00
2025-05-01,2025-05-31,20260209_085352,20260209_085352-0072,1,初回,2025-05-09 02:37:13.494000,145.92400,1.00
2025-05-01,2025-05-31,20260209_085352,20260209_085352-0073,1,初回,2025-05-09 03:41:19.589000,145.91900,1.00
2025-05-01,2025-05-31,20260209_085352,20260209_085352-0074,1,初回,2025-05-09 04:26:13.061000,146.14600,1.00
2025-05-01,2025-05-31,20260209_085352,20260209_085352-0075,1,初回,2025-05-09 12:02:29.399000,145.50000,1.00
2025-05-01,2025-05-31,20260209_085352,20260209_085352-0076,1,初回,2025-05-09 13:34:28.358000,145.48800,1.00
2025-05-01,2025-05-31,20260209_085352,20260209_085352-0077,1,初回,2025-05-09 14:43:34.881000,145.44600,1.00
2025-05-01,2025-05-31,20260209_085352,20260209_085352-0078,1,初回,2025-05-09 15:44:37.117000,145.27300,1.00
2025-05-01,2025-05-31,20260209_085352,20260209_085352-0079,1,初回,2025-05-09 16:16:27.781000,145.17000,1.00
2025-05-01,2025-05-31,20260209_085352,20260209_085352-0080,1,初回,2025-05-09 17:03:43.717000,145.11300,1.00
2025-05-01,2025-05-31,20260209_085352,20260209_085352-0081,1,初回,2025-05-09 20:27:15.901000,144.96900,1.00
2025-05-01,2025-05-31,20260209_085352,20260209_085352-0082,1,初回,2025-05-09 23:27:31.416000,144.86300,1.00
2025-05-01,2025-05-31,20260209_085352,20260209_085352-0083,1,初回,2025-05-10 01:30:55.051000,145.24100,1.00
2025-05-01,2025-05-31,20260209_085352,20260209_085352-0084,1,初回,2025-05-10 01:45:19.466000,145.26500,1.00
2025-05-01,2025-05-31,20260209_085352,20260209_085352-0085,1,初回,2025-05-10 02:10:26.164000,145.32000,1.00
2025-05-01,2025-05-31,20260209_085352,20260209_085352-0086,1,初回,2025-05-10 04:27:04.292000,145.33900,1.00
2025-05-01,2025-05-31,20260209_085352,20260209_085352-0087,1,初回,2025-05-12 12:58:21.138000,145.75600,1.00
2025-05-01,2025-05-31,20260209_085352,20260209_085352-0088,1,初回,2025-05-12 13:01:37.504000,145.75500,1.00
2025-05-01,2025-05-31,20260209_085352,20260209_085352-0089,1,初回,2025-05-12 14:48:07.260000,146.10600,1.00
2025-05-01,2025-05-31,20260209_085352,20260209_085352-0090,1,初回,2025-05-12 15:44:12.124000,146.13800,1.00
2025-05-01,2025-05-31,20260209_085352,20260209_085352-0091,1,初回,2025-05-12 16:00:06.006000,146.25400,1.00
2025-05-01,2025-05-31,20260209_085352,20260209_085352-0092,1,初回,2025-05-12 16:00:25.493000,146.25600,1.00
2025-05-01,2025-05-31,20260209_085352,20260209_085352-0093,1,初回,2025-05-12 16:57:25.025000,147.96600,1.00
2025-05-01,2025-05-31,20260209_085352,20260209_085352-0094,1,初回,2025-05-12 17:18:11.834000,148.19600,1.00
2025-05-01,2025-05-31,20260209_085352,20260209_085352-0095,1,初回,2025-05-12 19:41:03.801000,148.56200,1.00
2025-05-01,2025-05-31,20260209_085352,20260209_085352-0096,1,初回,2025-05-12 22:31:57.824000,147.84700,1.00
2025-05-01,2025-05-31,20260209_085352,20260209_085352-0097,1,初回,2025-05-12 23:23:56.790000,148.29800,1.00
2025-05-01,2025-05-31,20260209_085352,20260209_085352-0098,1,初回,2025-05-13 01:57:41.974000,148.52600,1.00
2025-05-01,2025-05-31,20260209_085352,20260209_085352-0099,1,初回,2025-05-13 03:18:02.375000,148.62100,1.00
2025-05-01,2025-05-31,20260209_085352,20260209_085352-0100,1,初回,2025-05-13 02:31:32.440000,148.61200,1.00
2025-05-01,2025-05-31,20260209_085352,20260209_085352-0101,1,初回,2025-05-13 11:08:46.596000,147.79700,1.00
2025-05-01,2025-05-31,20260209_085352,20260209_085352-0102,1,初回,2025-05-13 12:49:40.629000,147.76600,1.00
2025-05-01,2025-05-31,20260209_085352,20260209_085352-0103,1,初回,2025-05-13 13:58:31.444000,147.72900,1.00
2025-05-01,2025-05-31,20260209_085352,20260209_085352-0104,1,初回,2025-05-13 14:13:28.913000,147.66200,1.00
2025-05-01,2025-05-31,20260209_085352,20260209_085352-0105,1,初回,2025-05-13 14:13:26.099000,147.68400,1.00
2025-05-01,2025-05-31,20260209_085352,20260209_085352-0106,1,初回,2025-05-13 16:17:59.284000,148.02700,1.00
2025-05-01,2025-05-31,20260209_085352,20260209_085352-0107,1,初回,2025-05-13 17:05:59.588000,147.77000,1.00
2025-05-01,2025-05-31,20260209_085352,20260209_085352-0108,1,初回,2025-05-13 17:29:30.264000,148.03700,1.00
2025-05-01,2025-05-31,20260209_085352,20260209_085352-0109,1,初回,2025-05-13 19:07:11.830000,148.03300,1.00
2025-05-01,2025-05-31,20260209_085352,20260209_085352-0110,1,初回,2025-05-13 19:46:47.820000,148.10500,1.00
2025-05-01,2025-05-31,20260209_085352,20260209_085352-0111,1,初回,2025-05-13 20:45:52.793000,148.10900,1.00
2025-05-01,2025-05-31,20260209_085352,20260209_085352-0112,1,初回,2025-05-13 21:30:06.468000,147.87700,1.00
2025-05-01,2025-05-31,20260209_085352,20260209_085352-0113,1,初回,2025-05-13 21:34:08.910000,148.24300,1.00
2025-05-01,2025-05-31,20260209_085352,20260209_085352-0114,1,初回,2025-05-13 22:25:30.985000,147.69600,1.00
2025-05-01,2025-05-31,20260209_085352,20260209_085352-0115,1,初回,2025-05-14 01:01:26.327000,147.69600,1.00
2025-05-01,2025-05-31,20260209_085352,20260209_085352-0116,1,初回,2025-05-14 01:42:04.651000,147.49400,1.00
2025-05-01,2025-05-31,20260209_085352,20260209_085352-0117,1,初回,2025-05-14 04:50:55.875000,147.41100,1.00
2025-05-01,2025-05-31,20260209_085352,20260209_085352-0118,1,初回,2025-05-14 13:26:54.874000,147.02900,1.00
2025-05-01,2025-05-31,20260209_085352,20260209_085352-0119,1,初回,2025-05-14 13:43:11.086000,146.91700,1.00
2025-05-01,2025-05-31,20260209_085352,20260209_085352-0120,1,初回,2025-05-14 14:07:13.164000,146.87400,1.00
2025-05-01,2025-05-31,20260209_085352,20260209_085352-0121,1,初回,2025-05-14 17:57:42.773000,146.16400,1.00
2025-05-01,2025-05-31,20260209_085352,20260209_085352-0122,1,初回,2025-05-14 18:23:51.376000,145.91200,1.00
2025-05-01,2025-05-31,20260209_085352,20260209_085352-0123,1,初回,2025-05-14 18:44:07.358000,145.63600,1.00
2025-05-01,2025-05-31,20260209_085352,20260209_085352-0124,1,初回,2025-05-15 12:25:30.123000,146.11400,1.00
2025-05-01,2025-05-31,20260209_085352,20260209_085352-0125,1,初回,2025-05-15 12:36:26.146000,145.98700,1.00
2025-05-01,2025-05-31,20260209_085352,20260209_085352-0126,1,初回,2025-05-15 14:09:16.501000,145.96600,1.00
2025-05-01,2025-05-31,20260209_085352,20260209_085352-0127,1,初回,2025-05-15 15:50:26.045000,145.51400,1.00
2025-05-01,2025-05-31,20260209_085352,20260209_085352-0128,1,初回,2025-05-15 21:30:13.247000,145.66100,1.00
2025-05-01,2025-05-31,20260209_085352,20260209_085352-0129,1,初回,2025-05-15 22:08:05.936000,145.61500,1.00
2025-05-01,2025-05-31,20260209_085352,20260209_085352-0130,1,初回,2025-05-15 23:10:53.386000,145.44800,1.00
2025-05-01,2025-05-31,20260209_085352,20260209_085352-0131,1,初回,2025-05-16 15:56:10.019000,145.00000,1.00
2025-05-01,2025-05-31,20260209_085352,20260209_085352-0132,1,初回,2025-05-16 16:09:51.844000,144.95800,1.00
2025-05-01,2025-05-31,20260209_085352,20260209_085352-0133,1,初回,2025-05-16 20:53:07.198000,145.65200,1.00
2025-05-01,2025-05-31,20260209_085352,20260209_085352-0134,1,初回,2025-05-16 21:00:16.920000,145.66200,1.00
2025-05-01,2025-05-31,20260209_085352,20260209_085352-0135,1,初回,2025-05-16 23:00:29.075000,145.43000,1.00
2025-05-01,2025-05-31,20260209_085352,20260209_085352-0136,1,初回,2025-05-16 23:45:11.657000,146.01200,1.00
2025-05-01,2025-05-31,20260209_085352,20260209_085352-0137,1,初回,2025-05-16 23:46:22.132000,146.04100,1.00
2025-05-01,2025-05-31,20260209_085352,20260209_085352-0138,1,初回,2025-05-17 00:10:01.714000,146.04100,1.00
2025-05-01,2025-05-31,20260209_085352,20260209_085352-0139,1,初回,2025-05-17 01:05:24.920000,146.07000,1.00
2025-05-01,2025-05-31,20260209_085352,20260209_085352-0140,1,初回,2025-05-19 16:29:36.284000,144.84500,1.00
2025-05-01,2025-05-31,20260209_085352,20260209_085352-0141,1,初回,2025-05-19 16:37:47.903000,144.69800,1.00
2025-05-01,2025-05-31,20260209_085352,20260209_085352-0142,1,初回,2025-05-20 11:20:46.611000,144.75800,1.00
2025-05-01,2025-05-31,20260209_085352,20260209_085352-0143,1,初回,2025-05-20 11:57:42.680000,145.26800,1.00
2025-05-01,2025-05-31,20260209_085352,20260209_085352-0144,1,初回,2025-05-20 12:57:35.773000,144.78700,1.00
2025-05-01,2025-05-31,20260209_085352,20260209_085352-0145,1,初回,2025-05-20 13:31:15.103000,144.74900,1.00
2025-05-01,2025-05-31,20260209_085352,20260209_085352-0146,1,初回,2025-05-20 13:31:16.913000,144.73700,1.00
2025-05-01,2025-05-31,20260209_085352,20260209_085352-0147,1,初回,2025-05-20 15:00:54.764000,144.34200,1.00
2025-05-01,2025-05-31,20260209_085352,20260209_085352-0148,1,初回,2025-05-20 14:56:48.933000,144.35300,1.00
2025-05-01,2025-05-31,20260209_085352,20260209_085352-0149,1,初回,2025-05-20 16:17:48.878000,144.29000,1.00
2025-05-01,2025-05-31,20260209_085352,20260209_085352-0150,1,初回,2025-05-20 16:43:16.438000,144.12600,1.00
2025-05-01,2025-05-31,20260209_085352,20260209_085352-0151,1,初回,2025-05-21 04:28:47.142000,144.46700,1.00
2025-05-01,2025-05-31,20260209_085352,20260209_085352-0152,1,初回,2025-05-21 11:06:19.883000,144.08300,1.00
2025-05-01,2025-05-31,20260209_085352,20260209_085352-0153,1,初回,2025-05-21 11:54:57.330000,143.88500,1.00
2025-05-01,2025-05-31,20260209_085352,20260209_085352-0154,1,初回,2025-05-21 12:39:30.417000,143.76300,1.00
2025-05-01,2025-05-31,20260209_085352,20260209_085352-0155,1,初回,2025-05-21 13:47:17.093000,143.67600,1.00
2025-05-01,2025-05-31,20260209_085352,20260209_085352-0156,1,初回,2025-05-21 14:55:31.376000,143.56600,1.00
2025-05-01,2025-05-31,20260209_085352,20260209_085352-0157,1,初回,2025-05-21 15:37:16.104000,143.48300,1.00
2025-05-01,2025-05-31,20260209_085352,20260209_085352-0158,1,初回,2025-05-21 15:37:15.947000,143.48800,1.00
2025-05-01,2025-05-31,20260209_085352,20260209_085352-0159,1,初回,2025-05-22 02:27:06.004000,143.32200,1.00
2025-05-01,2025-05-31,20260209_085352,20260209_085352-0160,1,初回,2025-05-22 11:17:11.092000,143.23600,1.00
2025-05-01,2025-05-31,20260209_085352,20260209_085352-0161,1,初回,2025-05-22 11:36:33.489000,143.18300,1.00
2025-05-01,2025-05-31,20260209_085352,20260209_085352-0162,1,初回,2025-05-22 15:06:23.535000,143.13800,1.00
2025-05-01,2025-05-31,20260209_085352,20260209_085352-0163,1,初回,2025-05-22 16:50:35.226000,143.04000,1.00
2025-05-01,2025-05-31,20260209_085352,20260209_085352-0164,1,初回,2025-05-22 17:10:22.269000,142.83900,1.00
2025-05-01,2025-05-31,20260209_085352,20260209_085352-0165,1,初回,2025-05-22 20:00:33.630000,143.69800,1.00
2025-05-01,2025-05-31,20260209_085352,20260209_085352-0166,1,初回,2025-05-22 20:05:22.213000,143.74900,1.00
2025-05-01,2025-05-31,20260209_085352,20260209_085352-0167,1,初回,2025-05-22 22:52:00.756000,143.87000,1.00
2025-05-01,2025-05-31,20260209_085352,20260209_085352-0168,1,初回,2025-05-22 23:00:41.001000,143.93300,1.00
2025-05-01,2025-05-31,20260209_085352,20260209_085352-0169,1,初回,2025-05-23 00:08:20.017000,144.02000,1.00
2025-05-01,2025-05-31,20260209_085352,20260209_085352-0170,1,初回,2025-05-23 01:19:51.907000,144.08600,1.00
2025-05-01,2025-05-31,20260209_085352,20260209_085352-0171,1,初回,2025-05-23 02:25:13.325000,144.30000,1.00
2025-05-01,2025-05-31,20260209_085352,20260209_085352-0172,1,初回,2025-05-23 16:20:41.800000,143.30900,1.00
2025-05-01,2025-05-31,20260209_085352,20260209_085352-0173,1,初回,2025-05-23 16:49:24.757000,143.27200,1.00
2025-05-01,2025-05-31,20260209_085352,20260209_085352-0174,1,初回,2025-05-23 18:29:57.598000,143.18200,1.00
2025-05-01,2025-05-31,20260209_085352,20260209_085352-0175,1,初回,2025-05-23 20:51:47.140000,142.54600,1.00
2025-05-01,2025-05-31,20260209_085352,20260209_085352-0176,1,初回,2025-05-23 21:06:46.195000,142.48700,1.00
2025-05-01,2025-05-31,20260209_085352,20260209_085352-0177,1,初回,2025-05-24 03:19:36.373000,142.46200,1.00
2025-05-01,2025-05-31,20260209_085352,20260209_085352-0178,1,初回,2025-05-26 11:02:16.112000,142.33500,1.00
2025-05-01,2025-05-31,20260209_085352,20260209_085352-0179,1,初回,2025-05-26 11:05:44.271000,142.26200,1.00
2025-05-01,2025-05-31,20260209_085352,20260209_085352-0180,1,初回,2025-05-26 13:08:18.523000,142.53900,1.00
2025-05-01,2025-05-31,20260209_085352,20260209_085352-0181,1,初回,2025-05-26 13:27:09.885000,142.64100,1.00
2025-05-01,2025-05-31,20260209_085352,20260209_085352-0182,1,初回,2025-05-26 14:19:36.338000,142.72100,1.00
2025-05-01,2025-05-31,20260209_085352,20260209_085352-0183,1,初回,2025-05-26 15:27:08.550000,142.77300,1.00
2025-05-01,2025-05-31,20260209_085352,20260209_085352-0184,1,初回,2025-05-26 16:47:49.406000,142.89100,1.00
2025-05-01,2025-05-31,20260209_085352,20260209_085352-0185,1,初回,2025-05-26 17:56:36.364000,142.89100,1.00
2025-05-01,2025-05-31,20260209_085352,20260209_085352-0186,1,初回,2025-05-26 18:09:05.782000,142.95900,1.00
2025-05-01,2025-05-31,20260209_085352,20260209_085352-0187,1,初回,2025-05-26 21:46:42.752000,143.00500,1.00
2025-05-01,2025-05-31,20260209_085352,20260209_085352-0188,1,初回,2025-05-27 14:02:39.278000,142.95900,1.00
2025-05-01,2025-05-31,20260209_085352,20260209_085352-0189,1,初回,2025-05-27 14:34:08.227000,143.41400,1.00
2025-05-01,2025-05-31,20260209_085352,20260209_085352-0190,1,初回,2025-05-27 14:34:08.123000,143.39900,1.00
2025-05-01,2025-05-31,20260209_085352,20260209_085352-0191,1,初回,2025-05-27 15:55:40.331000,143.46000,1.00
2025-05-01,2025-05-31,20260209_085352,20260209_085352-0192,1,初回,2025-05-27 16:52:01.354000,143.83800,1.00
2025-05-01,2025-05-31,20260209_085352,20260209_085352-0193,1,初回,2025-05-27 17:52:02.156000,143.85800,1.00
2025-05-01,2025-05-31,20260209_085352,20260209_085352-0194,1,初回,2025-05-27 18:45:40.528000,144.01400,1.00
2025-05-01,2025-05-31,20260209_085352,20260209_085352-0195,1,初回,2025-05-27 19:27:20.084000,144.05200,1.00
2025-05-01,2025-05-31,20260209_085352,20260209_085352-0196,1,初回,2025-05-27 19:32:26.907000,144.14600,1.00
2025-05-01,2025-05-31,20260209_085352,20260209_085352-0197,1,初回,2025-05-27 21:05:50.958000,144.15700,1.00
2025-05-01,2025-05-31,20260209_085352,20260209_085352-0198,1,初回,2025-05-27 23:00:04.725000,144.36900,1.00
2025-05-01,2025-05-31,20260209_085352,20260209_085352-0199,1,初回,2025-05-27 23:03:04.391000,144.43000,1.00
2025-05-01,2025-05-31,20260209_085352,20260209_085352-0200,1,初回,2025-05-28 12:33:29.979000,144.74300,1.00
2025-05-01,2025-05-31,20260209_085352,20260209_085352-0201,1,初回,2025-05-28 14:20:05.905000,144.74100,1.00
2025-05-01,2025-05-31,20260209_085352,20260209_085352-0202,1,初回,2025-05-28 22:40:10.359000,144.94100,1.00
2025-05-01,2025-05-31,20260209_085352,20260209_085352-0203,1,初回,2025-05-29 00:33:33.901000,145.04800,1.00
2025-05-01,2025-05-31,20260209_085352,20260209_085352-0204,1,初回,2025-05-29 21:05:13.086000,144.78700,1.00
2025-05-01,2025-05-31,20260209_085352,20260209_085352-0205,1,初回,2025-05-29 21:57:39.156000,144.44900,1.00
2025-05-01,2025-05-31,20260209_085352,20260209_085352-0206,1,初回,2025-05-29 22:25:06.952000,144.30300,1.00
2025-05-01,2025-05-31,20260209_085352,20260209_085352-0207,1,初回,2025-05-29 23:22:05.706000,144.19100,1.00
2025-05-01,2025-05-31,20260209_085352,20260209_085352-0208,1,初回,2025-05-30 01:00:31.655000,144.08600,1.00
2025-05-01,2025-05-31,20260209_085352,20260209_085352-0209,1,初回,2025-05-30 00:57:49.444000,144.09200,1.00
2025-05-01,2025-05-31,20260209_085352,20260209_085352-0210,1,初回,2025-05-30 02:44:21.883000,144.02700,1.00
2025-05-01,2025-05-31,20260209_085352,20260209_085352-0211,1,初回,2025-05-30 02:44:36.698000,144.01500,1.00
2025-05-01,2025-05-31,20260209_085352,20260209_085352-0212,1,初回,2025-05-30 03:01:37.354000,143.99800,1.00
2025-05-01,2025-05-31,20260209_085352,20260209_085352-0213,1,初回,2025-05-30 16:22:40.643000,144.13200,1.00
2025-05-01,2025-05-31,20260209_085352,20260209_085352-0214,1,初回,2025-05-30 18:30:59.065000,144.19900,1.00
2025-05-01,2025-05-31,20260209_085352,20260209_085352-0215,1,初回,2025-05-30 19:13:28.904000,143.82300,1.00
2025-05-01,2025-05-31,20260209_085352,20260209_085352-0216,1,初回,2025-05-30 21:11:33.831000,143.47700,1.00
2025-05-01,2025-05-31,20260209_085352,20260209_085352-0217,1,初回,2025-05-30 21:11:33.624000,143.48500,1.00
2025-05-01,2025-05-31,20260209_085352,20260209_085352-0218,1,初回,2025-05-30 22:46:08.381000,144.11100,1.00
2025-05-01,2025-05-31,20260209_085352,20260209_085352-0219,1,初回,2025-05-30 23:52:48.456000,144.41900,1.00
2025-06-01,2025-06-30,20260209_085452,20260209_085452-0001,1,初回,2025-06-02 12:30:06.086000,143.61300,1.00
2025-06-01,2025-06-30,20260209_085452,20260209_085452-0002,1,初回,2025-06-02 14:46:14.111000,143.35700,1.00
2025-06-01,2025-06-30,20260209_085452,20260209_085452-0003,1,初回,2025-06-02 14:49:50.287000,143.34500,1.00
2025-06-01,2025-06-30,20260209_085452,20260209_085452-0004,1,初回,2025-06-02 15:34:22.229000,143.17100,1.00
2025-06-01,2025-06-30,20260209_085452,20260209_085452-0005,1,初回,2025-06-02 16:50:14.972000,142.86200,1.00
2025-06-01,2025-06-30,20260209_085452,20260209_085452-0006,1,初回,2025-06-02 17:15:36.469000,142.83400,1.00
2025-06-01,2025-06-30,20260209_085452,20260209_085452-0007,1,初回,2025-06-02 18:11:48.050000,142.82000,1.00
2025-06-01,2025-06-30,20260209_085452,20260209_085452-0008,1,初回,2025-06-02 19:21:44.316000,142.79300,1.00
2025-06-01,2025-06-30,20260209_085452,20260209_085452-0009,1,初回,2025-06-02 20:23:45.904000,142.66100,1.00
2025-06-01,2025-06-30,20260209_085452,20260209_085452-0010,1,初回,2025-06-02 22:33:16.745000,143.04100,1.00
2025-06-01,2025-06-30,20260209_085452,20260209_085452-0011,1,初回,2025-06-02 23:03:15.093000,142.57700,1.00
2025-06-01,2025-06-30,20260209_085452,20260209_085452-0012,1,初回,2025-06-03 11:00:56.828000,143.19700,1.00
2025-06-01,2025-06-30,20260209_085452,20260209_085452-0013,1,初回,2025-06-03 11:01:05.580000,143.22300,1.00
2025-06-01,2025-06-30,20260209_085452,20260209_085452-0014,1,初回,2025-06-03 12:35:34.064000,143.23700,1.00
2025-06-01,2025-06-30,20260209_085452,20260209_085452-0015,1,初回,2025-06-03 21:50:43.137000,143.41600,1.00
2025-06-01,2025-06-30,20260209_085452,20260209_085452-0016,1,初回,2025-06-03 22:47:02.149000,143.58600,1.00
2025-06-01,2025-06-30,20260209_085452,20260209_085452-0017,1,初回,2025-06-03 23:08:23.079000,143.91100,1.00
2025-06-01,2025-06-30,20260209_085452,20260209_085452-0018,1,初回,2025-06-04 00:48:02.397000,143.95600,1.00
2025-06-01,2025-06-30,20260209_085452,20260209_085452-0019,1,初回,2025-06-04 00:48:44.107000,143.96000,1.00
2025-06-01,2025-06-30,20260209_085452,20260209_085452-0020,1,初回,2025-06-04 01:30:56.764000,144.07700,1.00
2025-06-01,2025-06-30,20260209_085452,20260209_085452-0021,1,初回,2025-06-04 13:52:07.370000,144.26900,1.00
2025-06-01,2025-06-30,20260209_085452,20260209_085452-0022,1,初回,2025-06-04 14:34:12.132000,144.36400,1.00
2025-06-01,2025-06-30,20260209_085452,20260209_085452-0023,1,初回,2025-06-04 21:21:00.690000,143.70800,1.00
2025-06-01,2025-06-30,20260209_085452,20260209_085452-0024,1,初回,2025-06-04 21:42:31.206000,143.57300,1.00
2025-06-01,2025-06-30,20260209_085452,20260209_085452-0025,1,初回,2025-06-04 21:49:06.569000,143.54400,1.00
2025-06-01,2025-06-30,20260209_085452,20260209_085452-0026,1,初回,2025-06-04 23:42:20.884000,143.02900,1.00
2025-06-01,2025-06-30,20260209_085452,20260209_085452-0027,1,初回,2025-06-05 00:30:27.870000,142.95200,1.00
2025-06-01,2025-06-30,20260209_085452,20260209_085452-0028,1,初回,2025-06-05 01:56:20.540000,142.64300,1.00
2025-06-01,2025-06-30,20260209_085452,20260209_085452-0029,1,初回,2025-06-05 11:18:58.044000,142.94300,1.00
2025-06-01,2025-06-30,20260209_085452,20260209_085452-0030,1,初回,2025-06-05 11:18:29.663000,142.94200,1.00
2025-06-01,2025-06-30,20260209_085452,20260209_085452-0031,1,初回,2025-06-05 12:57:24.719000,143.00000,1.00
2025-06-01,2025-06-30,20260209_085452,20260209_085452-0032,1,初回,2025-06-05 13:32:35.697000,143.05300,1.00
2025-06-01,2025-06-30,20260209_085452,20260209_085452-0033,1,初回,2025-06-05 14:37:30.943000,143.14500,1.00
2025-06-01,2025-06-30,20260209_085452,20260209_085452-0034,1,初回,2025-06-05 15:45:04.675000,143.21200,1.00
2025-06-01,2025-06-30,20260209_085452,20260209_085452-0035,1,初回,2025-06-05 17:15:44.214000,143.37400,1.00
2025-06-01,2025-06-30,20260209_085452,20260209_085452-0036,1,初回,2025-06-05 16:56:02.898000,143.36300,1.00
2025-06-01,2025-06-30,20260209_085452,20260209_085452-0037,1,初回,2025-06-05 21:50:20.337000,143.66200,1.00
2025-06-01,2025-06-30,20260209_085452,20260209_085452-0038,1,初回,2025-06-06 00:48:01.960000,143.94500,1.00
2025-06-01,2025-06-30,20260209_085452,20260209_085452-0039,1,初回,2025-06-06 01:00:42.193000,143.94600,1.00
2025-06-01,2025-06-30,20260209_085452,20260209_085452-0040,1,初回,2025-06-06 11:03:45.075000,143.76000,1.00
2025-06-01,2025-06-30,20260209_085452,20260209_085452-0041,1,初回,2025-06-06 11:22:25.826000,143.87000,1.00
2025-06-01,2025-06-30,20260209_085452,20260209_085452-0042,1,初回,2025-06-06 14:23:25.312000,143.95100,1.00
2025-06-01,2025-06-30,20260209_085452,20260209_085452-0043,1,初回,2025-06-06 16:03:16.791000,144.10700,1.00
2025-06-01,2025-06-30,20260209_085452,20260209_085452-0044,1,初回,2025-06-06 15:35:20.772000,144.10200,1.00
2025-06-01,2025-06-30,20260209_085452,20260209_085452-0045,1,初回,2025-06-06 18:53:15.844000,144.16400,1.00
2025-06-01,2025-06-30,20260209_085452,20260209_085452-0046,1,初回,2025-06-06 21:10:14.529000,144.28500,1.00
2025-06-01,2025-06-30,20260209_085452,20260209_085452-0047,1,初回,2025-06-06 21:39:54.398000,144.72500,1.00
2025-06-01,2025-06-30,20260209_085452,20260209_085452-0048,1,初回,2025-06-06 22:31:13.948000,144.94200,1.00
2025-06-01,2025-06-30,20260209_085452,20260209_085452-0049,1,初回,2025-06-06 23:51:02.203000,144.98900,1.00
2025-06-01,2025-06-30,20260209_085452,20260209_085452-0050,1,初回,2025-06-07 00:09:36.578000,145.06000,1.00
2025-06-01,2025-06-30,20260209_085452,20260209_085452-0051,1,初回,2025-06-09 16:45:53.835000,144.11700,1.00
2025-06-01,2025-06-30,20260209_085452,20260209_085452-0052,1,初回,2025-06-09 17:11:56.042000,144.07700,1.00
2025-06-01,2025-06-30,20260209_085452,20260209_085452-0053,1,初回,2025-06-09 18:12:01.200000,144.01100,1.00
2025-06-01,2025-06-30,20260209_085452,20260209_085452-0054,1,初回,2025-06-09 22:13:43.229000,144.74100,1.00
2025-06-01,2025-06-30,20260209_085452,20260209_085452-0055,1,初回,2025-06-10 11:00:01.289000,145.02700,1.00
2025-06-01,2025-06-30,20260209_085452,20260209_085452-0056,1,初回,2025-06-10 11:05:16.611000,145.26100,1.00
2025-06-01,2025-06-30,20260209_085452,20260209_085452-0057,1,初回,2025-06-10 14:32:55.142000,144.47900,1.00
2025-06-01,2025-06-30,20260209_085452,20260209_085452-0058,1,初回,2025-06-10 15:13:23.258000,144.46000,1.00
2025-06-01,2025-06-30,20260209_085452,20260209_085452-0059,1,初回,2025-06-11 00:19:33.029000,144.92100,1.00
2025-06-01,2025-06-30,20260209_085452,20260209_085452-0060,1,初回,2025-06-11 01:30:23.066000,145.01900,1.00
2025-06-01,2025-06-30,20260209_085452,20260209_085452-0061,1,初回,2025-06-11 04:43:57.308000,144.81900,1.00
2025-06-01,2025-06-30,20260209_085452,20260209_085452-0062,1,初回,2025-06-11 11:07:35.584000,145.13400,1.00
2025-06-01,2025-06-30,20260209_085452,20260209_085452-0063,1,初回,2025-06-11 11:05:32.825000,145.12000,1.00
2025-06-01,2025-06-30,20260209_085452,20260209_085452-0064,1,初回,2025-06-11 15:26:24.351000,145.21500,1.00
2025-06-01,2025-06-30,20260209_085452,20260209_085452-0065,1,初回,2025-06-11 20:50:57.419000,145.30700,1.00
2025-06-01,2025-06-30,20260209_085452,20260209_085452-0066,1,初回,2025-06-11 21:05:06.661000,145.43400,1.00
2025-06-01,2025-06-30,20260209_085452,20260209_085452-0067,1,初回,2025-06-11 21:30:06.951000,144.69100,1.00
2025-06-01,2025-06-30,20260209_085452,20260209_085452-0068,1,初回,2025-06-11 21:36:22.554000,144.37800,1.00
2025-06-01,2025-06-30,20260209_085452,20260209_085452-0069,1,初回,2025-06-11 21:36:42.363000,144.36100,1.00
2025-06-01,2025-06-30,20260209_085452,20260209_085452-0070,1,初回,2025-06-12 00:29:19.859000,144.65100,1.00
2025-06-01,2025-06-30,20260209_085452,20260209_085452-0071,1,初回,2025-06-12 00:51:26.050000,144.50400,1.00
2025-06-01,2025-06-30,20260209_085452,20260209_085452-0072,1,初回,2025-06-12 01:00:05.168000,144.47800,1.00
2025-06-01,2025-06-30,20260209_085452,20260209_085452-0073,1,初回,2025-06-12 03:09:11.122000,144.36600,1.00
2025-06-01,2025-06-30,20260209_085452,20260209_085452-0074,1,初回,2025-06-12 14:46:06.806000,143.76000,1.00
2025-06-01,2025-06-30,20260209_085452,20260209_085452-0075,1,初回,2025-06-12 14:53:40.459000,143.71200,1.00
2025-06-01,2025-06-30,20260209_085452,20260209_085452-0076,1,初回,2025-06-12 15:37:52.898000,143.67000,1.00
2025-06-01,2025-06-30,20260209_085452,20260209_085452-0077,1,初回,2025-06-12 16:37:42.577000,144.08700,1.00
2025-06-01,2025-06-30,20260209_085452,20260209_085452-0078,1,初回,2025-06-12 16:37:57.207000,144.11300,1.00
2025-06-01,2025-06-30,20260209_085452,20260209_085452-0079,1,初回,2025-06-12 18:53:56.713000,143.59600,1.00
2025-06-01,2025-06-30,20260209_085452,20260209_085452-0080,1,初回,2025-06-12 19:51:12.589000,143.48800,1.00
2025-06-01,2025-06-30,20260209_085452,20260209_085452-0081,1,初回,2025-06-12 19:51:12.641000,143.48100,1.00
2025-06-01,2025-06-30,20260209_085452,20260209_085452-0082,1,初回,2025-06-12 20:04:32.217000,143.44100,1.00
2025-06-01,2025-06-30,20260209_085452,20260209_085452-0083,1,初回,2025-06-12 21:30:36.898000,143.34400,1.00
2025-06-01,2025-06-30,20260209_085452,20260209_085452-0084,1,初回,2025-06-12 21:39:22.738000,143.22300,1.00
2025-06-01,2025-06-30,20260209_085452,20260209_085452-0085,1,初回,2025-06-13 00:13:37.899000,143.87500,1.00
2025-06-01,2025-06-30,20260209_085452,20260209_085452-0086,1,初回,2025-06-13 12:14:05.125000,143.26000,1.00
2025-06-01,2025-06-30,20260209_085452,20260209_085452-0087,1,初回,2025-06-13 12:40:02.889000,143.71600,1.00
2025-06-01,2025-06-30,20260209_085452,20260209_085452-0088,1,初回,2025-06-13 13:38:01.594000,143.73700,1.00
2025-06-01,2025-06-30,20260209_085452,20260209_085452-0089,1,初回,2025-06-13 14:27:07.957000,143.84300,1.00
2025-06-01,2025-06-30,20260209_085452,20260209_085452-0090,1,初回,2025-06-13 17:02:42.819000,143.86700,1.00
2025-06-01,2025-06-30,20260209_085452,20260209_085452-0091,1,初回,2025-06-13 18:44:30.145000,144.13400,1.00
2025-06-01,2025-06-30,20260209_085452,20260209_085452-0092,1,初回,2025-06-13 19:48:21.799000,144.36900,1.00
2025-06-01,2025-06-30,20260209_085452,20260209_085452-0093,1,初回,2025-06-13 20:09:16.963000,144.41400,1.00
2025-06-01,2025-06-30,20260209_085452,20260209_085452-0094,1,初回,2025-06-13 22:30:30.365000,144.45200,1.00
2025-06-01,2025-06-30,20260209_085452,20260209_085452-0095,1,初回,2025-06-14 03:41:53.974000,143.88700,1.00
2025-06-01,2025-06-30,20260209_085452,20260209_085452-0096,1,初回,2025-06-16 16:16:10.631000,144.36400,1.00
2025-06-01,2025-06-30,20260209_085452,20260209_085452-0097,1,初回,2025-06-16 22:11:10.075000,143.90000,1.00
2025-06-01,2025-06-30,20260209_085452,20260209_085452-0098,1,初回,2025-06-16 22:29:00.605000,143.81200,1.00
2025-06-01,2025-06-30,20260209_085452,20260209_085452-0099,1,初回,2025-06-16 23:05:56.276000,143.69100,1.00
2025-06-01,2025-06-30,20260209_085452,20260209_085452-0100,1,初回,2025-06-17 02:35:00.100000,144.38400,1.00
2025-06-01,2025-06-30,20260209_085452,20260209_085452-0101,1,初回,2025-06-17 03:50:10.098000,144.57600,1.00
2025-06-01,2025-06-30,20260209_085452,20260209_085452-0102,1,初回,2025-06-17 04:41:29.342000,144.71900,1.00
2025-06-01,2025-06-30,20260209_085452,20260209_085452-0103,1,初回,2025-06-17 04:53:27.840000,144.84500,1.00
2025-06-01,2025-06-30,20260209_085452,20260209_085452-0104,1,初回,2025-06-17 13:38:54.396000,144.44100,1.00
2025-06-01,2025-06-30,20260209_085452,20260209_085452-0105,1,初回,2025-06-17 16:01:20.824000,144.99400,1.00
2025-06-01,2025-06-30,20260209_085452,20260209_085452-0106,1,初回,2025-06-17 21:30:01.162000,144.44000,1.00
2025-06-01,2025-06-30,20260209_085452,20260209_085452-0107,1,初回,2025-06-17 21:30:01.370000,144.41500,1.00
2025-06-01,2025-06-30,20260209_085452,20260209_085452-0108,1,初回,2025-06-17 23:31:29.392000,145.08100,1.00
2025-06-01,2025-06-30,20260209_085452,20260209_085452-0109,1,初回,2025-06-17 23:45:57.319000,145.26000,1.00
2025-06-01,2025-06-30,20260209_085452,20260209_085452-0110,1,初回,2025-06-18 02:10:12.777000,145.27100,1.00
2025-06-01,2025-06-30,20260209_085452,20260209_085452-0111,1,初回,2025-06-18 03:48:48.871000,145.34600,1.00
2025-06-01,2025-06-30,20260209_085452,20260209_085452-0112,1,初回,2025-06-18 04:01:56.929000,145.35000,1.00
2025-06-01,2025-06-30,20260209_085452,20260209_085452-0113,1,初回,2025-06-18 15:52:11.134000,144.89200,1.00
2025-06-01,2025-06-30,20260209_085452,20260209_085452-0114,1,初回,2025-06-18 19:40:44.870000,144.83800,1.00
2025-06-01,2025-06-30,20260209_085452,20260209_085452-0115,1,初回,2025-06-18 21:27:20.891000,144.77700,1.00
2025-06-01,2025-06-30,20260209_085452,20260209_085452-0116,1,初回,2025-06-18 22:46:23.424000,144.75300,1.00
2025-06-01,2025-06-30,20260209_085452,20260209_085452-0117,1,初回,2025-06-18 23:04:04.992000,144.71800,1.00
2025-06-01,2025-06-30,20260209_085452,20260209_085452-0118,1,初回,2025-06-19 00:38:38.105000,144.59100,1.00
2025-06-01,2025-06-30,20260209_085452,20260209_085452-0119,1,初回,2025-06-19 01:01:27.578000,144.56900,1.00
2025-06-01,2025-06-30,20260209_085452,20260209_085452-0120,1,初回,2025-06-19 03:00:44.764000,144.36700,1.00
2025-06-01,2025-06-30,20260209_085452,20260209_085452-0121,1,初回,2025-06-19 04:02:23.305000,145.19400,1.00
2025-06-01,2025-06-30,20260209_085452,20260209_085452-0122,1,初回,2025-06-19 14:50:01.464000,145.23200,1.00
2025-06-01,2025-06-30,20260209_085452,20260209_085452-0123,1,初回,2025-06-19 15:32:22.832000,145.33100,1.00
2025-06-01,2025-06-30,20260209_085452,20260209_085452-0124,1,初回,2025-06-19 17:00:04.476000,145.41000,1.00
2025-06-01,2025-06-30,20260209_085452,20260209_085452-0125,1,初回,2025-06-19 16:36:50.911000,145.37200,1.00
2025-06-01,2025-06-30,20260209_085452,20260209_085452-0126,1,初回,2025-06-19 17:00:12.225000,145.38000,1.00
2025-06-01,2025-06-30,20260209_085452,20260209_085452-0127,1,初回,2025-06-19 18:50:28.771000,145.41200,1.00
2025-06-01,2025-06-30,20260209_085452,20260209_085452-0128,1,初回,2025-06-19 18:54:13.434000,145.43300,1.00
2025-06-01,2025-06-30,20260209_085452,20260209_085452-0129,1,初回,2025-06-19 18:54:14.907000,145.44600,1.00
2025-06-01,2025-06-30,20260209_085452,20260209_085452-0130,1,初回,2025-06-19 19:56:44.271000,145.72600,1.00
2025-06-01,2025-06-30,20260209_085452,20260209_085452-0131,1,初回,2025-06-19 20:00:37.144000,145.74400,1.00
2025-06-01,2025-06-30,20260209_085452,20260209_085452-0132,1,初回,2025-06-20 21:31:02.665000,145.68600,1.00
2025-06-01,2025-06-30,20260209_085452,20260209_085452-0133,1,初回,2025-06-20 22:35:16.284000,145.73400,1.00
2025-06-01,2025-06-30,20260209_085452,20260209_085452-0134,1,初回,2025-06-20 22:41:33.304000,145.79300,1.00
2025-06-01,2025-06-30,20260209_085452,20260209_085452-0135,1,初回,2025-06-20 23:47:31.083000,145.91500,1.00
2025-06-01,2025-06-30,20260209_085452,20260209_085452-0136,1,初回,2025-06-21 00:06:30.491000,145.92700,1.00
2025-06-01,2025-06-30,20260209_085452,20260209_085452-0137,1,初回,2025-06-21 03:47:30.734000,145.96400,1.00
2025-06-01,2025-06-30,20260209_085452,20260209_085452-0138,1,初回,2025-06-21 04:53:02.521000,146.16400,1.00
2025-06-01,2025-06-30,20260209_085452,20260209_085452-0139,1,初回,2025-06-23 13:02:02.508000,146.73600,1.00
2025-06-01,2025-06-30,20260209_085452,20260209_085452-0140,1,初回,2025-06-23 13:31:23.262000,147.00300,1.00
2025-06-01,2025-06-30,20260209_085452,20260209_085452-0141,1,初回,2025-06-23 14:37:42.532000,147.27000,1.00
2025-06-01,2025-06-30,20260209_085452,20260209_085452-0142,1,初回,2025-06-23 15:29:51.757000,147.36700,1.00
2025-06-01,2025-06-30,20260209_085452,20260209_085452-0143,1,初回,2025-06-23 17:55:05.925000,147.60200,1.00
2025-06-01,2025-06-30,20260209_085452,20260209_085452-0144,1,初回,2025-06-23 18:24:50.214000,147.92200,1.00
2025-06-01,2025-06-30,20260209_085452,20260209_085452-0145,1,初回,2025-06-23 19:36:14.365000,147.95600,1.00
2025-06-01,2025-06-30,20260209_085452,20260209_085452-0146,1,初回,2025-06-23 20:06:03.394000,147.99600,1.00
2025-06-01,2025-06-30,20260209_085452,20260209_085452-0147,1,初回,2025-06-24 02:40:50.938000,146.18300,1.00
2025-06-01,2025-06-30,20260209_085452,20260209_085452-0148,1,初回,2025-06-24 03:20:58.567000,146.04900,1.00
2025-06-01,2025-06-30,20260209_085452,20260209_085452-0149,1,初回,2025-06-24 11:34:04.884000,145.51000,1.00
2025-06-01,2025-06-30,20260209_085452,20260209_085452-0150,1,初回,2025-06-24 11:45:07.399000,145.49000,1.00
2025-06-01,2025-06-30,20260209_085452,20260209_085452-0151,1,初回,2025-06-24 11:48:28.757000,145.45000,1.00
2025-06-01,2025-06-30,20260209_085452,20260209_085452-0152,1,初回,2025-06-24 12:48:34.148000,145.32600,1.00
2025-06-01,2025-06-30,20260209_085452,20260209_085452-0153,1,初回,2025-06-24 14:53:02.861000,145.32400,1.00
2025-06-01,2025-06-30,20260209_085452,20260209_085452-0154,1,初回,2025-06-24 15:01:58.646000,145.23000,1.00
2025-06-01,2025-06-30,20260209_085452,20260209_085452-0155,1,初回,2025-06-24 15:23:48.746000,145.06900,1.00
2025-06-01,2025-06-30,20260209_085452,20260209_085452-0156,1,初回,2025-06-24 15:23:38.330000,145.08300,1.00
2025-06-01,2025-06-30,20260209_085452,20260209_085452-0157,1,初回,2025-06-24 16:18:52.018000,145.02500,1.00
2025-06-01,2025-06-30,20260209_085452,20260209_085452-0158,1,初回,2025-06-24 17:25:39.923000,144.98300,1.00
2025-06-01,2025-06-30,20260209_085452,20260209_085452-0159,1,初回,2025-06-24 18:49:11.925000,144.88800,1.00
2025-06-01,2025-06-30,20260209_085452,20260209_085452-0160,1,初回,2025-06-24 21:26:46.789000,145.15400,1.00
2025-06-01,2025-06-30,20260209_085452,20260209_085452-0161,1,初回,2025-06-24 22:00:48.378000,144.89300,1.00
2025-06-01,2025-06-30,20260209_085452,20260209_085452-0162,1,初回,2025-06-24 22:15:13.693000,145.16300,1.00
2025-06-01,2025-06-30,20260209_085452,20260209_085452-0163,1,初回,2025-06-24 23:07:19.165000,144.76400,1.00
2025-06-01,2025-06-30,20260209_085452,20260209_085452-0164,1,初回,2025-06-24 23:25:05.984000,144.54700,1.00
2025-06-01,2025-06-30,20260209_085452,20260209_085452-0165,1,初回,2025-06-25 14:00:30.214000,145.01700,1.00
2025-06-01,2025-06-30,20260209_085452,20260209_085452-0166,1,初回,2025-06-25 14:31:24.568000,145.16300,1.00
2025-06-01,2025-06-30,20260209_085452,20260209_085452-0167,1,初回,2025-06-25 14:25:10.079000,145.13900,1.00
2025-06-01,2025-06-30,20260209_085452,20260209_085452-0168,1,初回,2025-06-25 15:56:29.105000,145.30500,1.00
2025-06-01,2025-06-30,20260209_085452,20260209_085452-0169,1,初回,2025-06-25 16:00:47.316000,145.34100,1.00
2025-06-01,2025-06-30,20260209_085452,20260209_085452-0170,1,初回,2025-06-25 17:30:26.979000,145.47100,1.00
2025-06-01,2025-06-30,20260209_085452,20260209_085452-0171,1,初回,2025-06-25 18:31:29.274000,145.65100,1.00
2025-06-01,2025-06-30,20260209_085452,20260209_085452-0172,1,初回,2025-06-25 19:46:20.153000,145.72000,1.00
2025-06-01,2025-06-30,20260209_085452,20260209_085452-0173,1,初回,2025-06-25 20:24:10.631000,145.76800,1.00
2025-06-01,2025-06-30,20260209_085452,20260209_085452-0174,1,初回,2025-06-25 21:47:10.854000,145.89300,1.00
2025-06-01,2025-06-30,20260209_085452,20260209_085452-0175,1,初回,2025-06-25 22:01:26.124000,145.91900,1.00
2025-06-01,2025-06-30,20260209_085452,20260209_085452-0176,1,初回,2025-06-26 12:05:06.435000,144.64200,1.00
2025-06-01,2025-06-30,20260209_085452,20260209_085452-0177,1,初回,2025-06-26 12:05:39.453000,144.60300,1.00
2025-06-01,2025-06-30,20260209_085452,20260209_085452-0178,1,初回,2025-06-26 13:12:03.187000,144.93600,1.00
2025-06-01,2025-06-30,20260209_085452,20260209_085452-0179,1,初回,2025-06-26 15:11:02.413000,144.54700,1.00
2025-06-01,2025-06-30,20260209_085452,20260209_085452-0180,1,初回,2025-06-26 15:42:51.643000,144.31800,1.00
2025-06-01,2025-06-30,20260209_085452,20260209_085452-0181,1,初回,2025-06-26 16:52:49.407000,143.96500,1.00
2025-06-01,2025-06-30,20260209_085452,20260209_085452-0182,1,初回,2025-06-26 17:30:38.889000,143.79000,1.00
2025-06-01,2025-06-30,20260209_085452,20260209_085452-0183,1,初回,2025-06-26 21:06:21.079000,144.46800,1.00
2025-06-01,2025-06-30,20260209_085452,20260209_085452-0184,1,初回,2025-06-26 23:55:48.298000,144.46900,1.00
2025-06-01,2025-06-30,20260209_085452,20260209_085452-0185,1,初回,2025-06-27 00:11:03.028000,144.50800,1.00
2025-06-01,2025-06-30,20260209_085452,20260209_085452-0186,1,初回,2025-06-27 01:31:11.035000,144.16200,1.00
2025-06-01,2025-06-30,20260209_085452,20260209_085452-0187,1,初回,2025-06-27 01:39:49.891000,144.09400,1.00
2025-06-01,2025-06-30,20260209_085452,20260209_085452-0188,1,初回,2025-06-27 22:24:21.008000,144.65100,1.00
2025-06-01,2025-06-30,20260209_085452,20260209_085452-0189,1,初回,2025-06-27 22:30:44.645000,144.77500,1.00
2025-06-01,2025-06-30,20260209_085452,20260209_085452-0190,1,初回,2025-06-27 22:31:26.853000,144.77700,1.00
2025-06-01,2025-06-30,20260209_085452,20260209_085452-0191,1,初回,2025-06-27 23:46:56.262000,144.91500,1.00
2025-06-01,2025-06-30,20260209_085452,20260209_085452-0192,1,初回,2025-06-30 11:00:14.810000,144.28200,1.00
2025-06-01,2025-06-30,20260209_085452,20260209_085452-0193,1,初回,2025-06-30 11:01:27.890000,144.21500,1.00
2025-06-01,2025-06-30,20260209_085452,20260209_085452-0194,1,初回,2025-06-30 11:17:57.314000,144.12700,1.00
2025-06-01,2025-06-30,20260209_085452,20260209_085452-0195,1,初回,2025-06-30 13:52:38.845000,143.95300,1.00
2025-06-01,2025-06-30,20260209_085452,20260209_085452-0196,1,初回,2025-06-30 14:26:40.924000,143.83300,1.00
2025-06-01,2025-06-30,20260209_085452,20260209_085452-0197,1,初回,2025-06-30 16:12:46.484000,143.81900,1.00
2025-06-01,2025-06-30,20260209_085452,20260209_085452-0198,1,初回,2025-06-30 21:32:07.659000,144.46400,1.00
2025-06-01,2025-06-30,20260209_085452,20260209_085452-0199,1,初回,2025-06-30 22:00:39.054000,144.47900,1.00
2025-06-01,2025-06-30,20260209_085452,20260209_085452-0200,1,初回,2025-06-30 23:36:50.493000,144.25100,1.00
2025-07-01,2025-07-31,20260209_085540,20260209_085540-0001,1,初回,2025-07-01 16:13:38.348000,143.47700,1.00
2025-07-01,2025-07-31,20260209_085540,20260209_085540-0002,1,初回,2025-07-01 16:56:52.480000,143.10700,1.00
2025-07-01,2025-07-31,20260209_085540,20260209_085540-0003,1,初回,2025-07-01 17:54:27.602000,142.92500,1.00
2025-07-01,2025-07-31,20260209_085540,20260209_085540-0004,1,初回,2025-07-01 18:30:46.384000,142.86200,1.00
2025-07-01,2025-07-31,20260209_085540,20260209_085540-0005,1,初回,2025-07-01 20:57:30.398000,142.74400,1.00
2025-07-01,2025-07-31,20260209_085540,20260209_085540-0006,1,初回,2025-07-01 21:00:50.968000,142.71900,1.00
2025-07-01,2025-07-31,20260209_085540,20260209_085540-0007,1,初回,2025-07-02 11:01:02.254000,143.65600,1.00
2025-07-01,2025-07-31,20260209_085540,20260209_085540-0008,1,初回,2025-07-02 11:03:40.732000,143.71800,1.00
2025-07-01,2025-07-31,20260209_085540,20260209_085540-0009,1,初回,2025-07-02 14:50:52.389000,143.82200,1.00
2025-07-01,2025-07-31,20260209_085540,20260209_085540-0010,1,初回,2025-07-02 15:47:01.508000,143.85700,1.00
2025-07-01,2025-07-31,20260209_085540,20260209_085540-0011,1,初回,2025-07-02 16:04:07.342000,143.90500,1.00
2025-07-01,2025-07-31,20260209_085540,20260209_085540-0012,1,初回,2025-07-02 16:32:05.890000,144.02000,1.00
2025-07-01,2025-07-31,20260209_085540,20260209_085540-0013,1,初回,2025-07-02 18:31:36.672000,144.21400,1.00
2025-07-01,2025-07-31,20260209_085540,20260209_085540-0014,1,初回,2025-07-03 21:30:01.420000,144.32500,1.00
2025-07-01,2025-07-31,20260209_085540,20260209_085540-0015,1,初回,2025-07-03 21:30:02.089000,144.46900,1.00
2025-07-01,2025-07-31,20260209_085540,20260209_085540-0016,1,初回,2025-07-03 21:45:43.667000,145.20300,1.00
2025-07-01,2025-07-31,20260209_085540,20260209_085540-0017,1,初回,2025-07-04 01:21:29.822000,145.18400,1.00
2025-07-01,2025-07-31,20260209_085540,20260209_085540-0018,1,初回,2025-07-04 11:34:50.416000,144.61000,1.00
2025-07-01,2025-07-31,20260209_085540,20260209_085540-0019,1,初回,2025-07-04 12:30:48.109000,144.49900,1.00
2025-07-01,2025-07-31,20260209_085540,20260209_085540-0020,1,初回,2025-07-04 13:22:57.287000,144.36200,1.00
2025-07-01,2025-07-31,20260209_085540,20260209_085540-0021,1,初回,2025-07-04 14:36:23.158000,144.34400,1.00
2025-07-01,2025-07-31,20260209_085540,20260209_085540-0022,1,初回,2025-07-04 15:24:22.084000,144.22100,1.00
2025-07-01,2025-07-31,20260209_085540,20260209_085540-0023,1,初回,2025-07-07 11:21:46.427000,144.60400,1.00
2025-07-01,2025-07-31,20260209_085540,20260209_085540-0024,1,初回,2025-07-07 11:31:23.247000,144.76000,1.00
2025-07-01,2025-07-31,20260209_085540,20260209_085540-0025,1,初回,2025-07-07 11:51:13.595000,144.81000,1.00
2025-07-01,2025-07-31,20260209_085540,20260209_085540-0026,1,初回,2025-07-07 12:00:00.793000,144.81700,1.00
2025-07-01,2025-07-31,20260209_085540,20260209_085540-0027,1,初回,2025-07-07 13:46:44.549000,144.97200,1.00
2025-07-01,2025-07-31,20260209_085540,20260209_085540-0028,1,初回,2025-07-07 14:17:01.239000,145.04800,1.00
2025-07-01,2025-07-31,20260209_085540,20260209_085540-0029,1,初回,2025-07-07 15:32:10.903000,145.12800,1.00
2025-07-01,2025-07-31,20260209_085540,20260209_085540-0030,1,初回,2025-07-07 16:43:04.117000,145.16900,1.00
2025-07-01,2025-07-31,20260209_085540,20260209_085540-0031,1,初回,2025-07-07 17:55:02.466000,145.31600,1.00
2025-07-01,2025-07-31,20260209_085540,20260209_085540-0032,1,初回,2025-07-07 18:36:49.921000,145.45900,1.00
2025-07-01,2025-07-31,20260209_085540,20260209_085540-0033,1,初回,2025-07-07 19:11:35.561000,145.50000,1.00
2025-07-01,2025-07-31,20260209_085540,20260209_085540-0034,1,初回,2025-07-07 21:35:00.672000,145.61400,1.00
2025-07-01,2025-07-31,20260209_085540,20260209_085540-0035,1,初回,2025-07-07 22:45:11.872000,145.75300,1.00
2025-07-01,2025-07-31,20260209_085540,20260209_085540-0036,1,初回,2025-07-07 23:37:44.338000,145.78100,1.00
2025-07-01,2025-07-31,20260209_085540,20260209_085540-0037,1,初回,2025-07-08 00:11:19.948000,145.86300,1.00
2025-07-01,2025-07-31,20260209_085540,20260209_085540-0038,1,初回,2025-07-08 01:35:13.345000,146.11400,1.00
2025-07-01,2025-07-31,20260209_085540,20260209_085540-0039,1,初回,2025-07-08 02:30:17.942000,146.20200,1.00
2025-07-01,2025-07-31,20260209_085540,20260209_085540-0040,1,初回,2025-07-08 03:17:33.077000,146.20900,1.00
2025-07-01,2025-07-31,20260209_085540,20260209_085540-0041,1,初回,2025-07-08 20:00:03.160000,146.41100,1.00
2025-07-01,2025-07-31,20260209_085540,20260209_085540-0042,1,初回,2025-07-08 20:46:53.509000,146.62300,1.00
2025-07-01,2025-07-31,20260209_085540,20260209_085540-0043,1,初回,2025-07-08 21:43:18.235000,146.65800,1.00
2025-07-01,2025-07-31,20260209_085540,20260209_085540-0044,1,初回,2025-07-08 22:34:22.670000,146.87200,1.00
2025-07-01,2025-07-31,20260209_085540,20260209_085540-0045,1,初回,2025-07-08 23:23:09.236000,146.93100,1.00
2025-07-01,2025-07-31,20260209_085540,20260209_085540-0046,1,初回,2025-07-09 00:03:04.397000,146.94700,1.00
2025-07-01,2025-07-31,20260209_085540,20260209_085540-0047,1,初回,2025-07-09 11:39:44.031000,147.00600,1.00
2025-07-01,2025-07-31,20260209_085540,20260209_085540-0048,1,初回,2025-07-09 11:45:31.731000,147.06400,1.00
2025-07-01,2025-07-31,20260209_085540,20260209_085540-0049,1,初回,2025-07-09 12:06:01.845000,147.15200,1.00
2025-07-01,2025-07-31,20260209_085540,20260209_085540-0050,1,初回,2025-07-09 16:17:33.026000,146.72100,1.00
2025-07-01,2025-07-31,20260209_085540,20260209_085540-0051,1,初回,2025-07-09 17:41:36.898000,146.63400,1.00
2025-07-01,2025-07-31,20260209_085540,20260209_085540-0052,1,初回,2025-07-09 18:11:23.131000,146.58000,1.00
2025-07-01,2025-07-31,20260209_085540,20260209_085540-0053,1,初回,2025-07-09 21:18:30.472000,146.54900,1.00
2025-07-01,2025-07-31,20260209_085540,20260209_085540-0054,1,初回,2025-07-09 21:57:13.598000,146.50400,1.00
2025-07-01,2025-07-31,20260209_085540,20260209_085540-0055,1,初回,2025-07-09 22:12:15.529000,146.39100,1.00
2025-07-01,2025-07-31,20260209_085540,20260209_085540-0056,1,初回,2025-07-09 23:15:26.362000,146.30900,1.00
2025-07-01,2025-07-31,20260209_085540,20260209_085540-0057,1,初回,2025-07-10 03:08:11.304000,146.29000,1.00
2025-07-01,2025-07-31,20260209_085540,20260209_085540-0058,1,初回,2025-07-10 13:33:59.974000,146.38000,1.00
2025-07-01,2025-07-31,20260209_085540,20260209_085540-0059,1,初回,2025-07-10 16:45:30.744000,146.43500,1.00
2025-07-01,2025-07-31,20260209_085540,20260209_085540-0060,1,初回,2025-07-10 21:46:41.236000,146.51200,1.00
2025-07-01,2025-07-31,20260209_085540,20260209_085540-0061,1,初回,2025-07-10 22:51:49.213000,146.58300,1.00
2025-07-01,2025-07-31,20260209_085540,20260209_085540-0062,1,初回,2025-07-10 23:28:50.524000,146.75600,1.00
2025-07-01,2025-07-31,20260209_085540,20260209_085540-0063,1,初回,2025-07-11 11:00:58.537000,146.81500,1.00
2025-07-01,2025-07-31,20260209_085540,20260209_085540-0064,1,初回,2025-07-11 11:03:51.827000,146.85000,1.00
2025-07-01,2025-07-31,20260209_085540,20260209_085540-0065,1,初回,2025-07-11 11:40:40.398000,147.01200,1.00
2025-07-01,2025-07-31,20260209_085540,20260209_085540-0066,1,初回,2025-07-11 13:29:17.063000,147.15400,1.00
2025-07-01,2025-07-31,20260209_085540,20260209_085540-0067,1,初回,2025-07-11 15:45:47.781000,146.77400,1.00
2025-07-01,2025-07-31,20260209_085540,20260209_085540-0068,1,初回,2025-07-11 16:23:43.013000,146.76000,1.00
2025-07-01,2025-07-31,20260209_085540,20260209_085540-0069,1,初回,2025-07-11 22:59:53.731000,147.25500,1.00
2025-07-01,2025-07-31,20260209_085540,20260209_085540-0070,1,初回,2025-07-11 23:15:05.795000,147.49100,1.00
2025-07-01,2025-07-31,20260209_085540,20260209_085540-0071,1,初回,2025-07-14 14:40:21.751000,147.45400,1.00
2025-07-01,2025-07-31,20260209_085540,20260209_085540-0072,1,初回,2025-07-14 17:08:51.424000,147.21200,1.00
2025-07-01,2025-07-31,20260209_085540,20260209_085540-0073,1,初回,2025-07-14 19:06:28.649000,147.19200,1.00
2025-07-01,2025-07-31,20260209_085540,20260209_085540-0074,1,初回,2025-07-14 18:23:50.430000,147.19700,1.00
2025-07-01,2025-07-31,20260209_085540,20260209_085540-0075,1,初回,2025-07-14 22:13:07.068000,147.45500,1.00
2025-07-01,2025-07-31,20260209_085540,20260209_085540-0076,1,初回,2025-07-14 23:53:02.889000,147.48900,1.00
2025-07-01,2025-07-31,20260209_085540,20260209_085540-0077,1,初回,2025-07-15 00:03:01.768000,147.55000,1.00
2025-07-01,2025-07-31,20260209_085540,20260209_085540-0078,1,初回,2025-07-15 00:55:08.376000,147.67100,1.00
2025-07-01,2025-07-31,20260209_085540,20260209_085540-0079,1,初回,2025-07-15 01:01:32.989000,147.72800,1.00
2025-07-01,2025-07-31,20260209_085540,20260209_085540-0080,1,初回,2025-07-15 02:05:01.800000,147.73200,1.00
2025-07-01,2025-07-31,20260209_085540,20260209_085540-0081,1,初回,2025-07-15 03:09:28.135000,147.73500,1.00
2025-07-01,2025-07-31,20260209_085540,20260209_085540-0082,1,初回,2025-07-15 20:17:31.150000,147.86000,1.00
2025-07-01,2025-07-31,20260209_085540,20260209_085540-0083,1,初回,2025-07-15 20:22:45.380000,147.91800,1.00
2025-07-01,2025-07-31,20260209_085540,20260209_085540-0084,1,初回,2025-07-15 21:39:59.496000,148.12200,1.00
2025-07-01,2025-07-31,20260209_085540,20260209_085540-0085,1,初回,2025-07-15 22:56:56.020000,148.63100,1.00
2025-07-01,2025-07-31,20260209_085540,20260209_085540-0086,1,初回,2025-07-15 23:26:09.512000,148.86600,1.00
2025-07-01,2025-07-31,20260209_085540,20260209_085540-0087,1,初回,2025-07-16 00:33:11.578000,148.98900,1.00
2025-07-01,2025-07-31,20260209_085540,20260209_085540-0088,1,初回,2025-07-16 12:47:26.894000,149.01000,1.00
2025-07-01,2025-07-31,20260209_085540,20260209_085540-0089,1,初回,2025-07-16 12:47:53.864000,149.05800,1.00
2025-07-01,2025-07-31,20260209_085540,20260209_085540-0090,1,初回,2025-07-16 13:21:40.629000,149.16000,1.00
2025-07-01,2025-07-31,20260209_085540,20260209_085540-0091,1,初回,2025-07-16 15:20:05.094000,148.74100,1.00
2025-07-01,2025-07-31,20260209_085540,20260209_085540-0092,1,初回,2025-07-16 16:00:29.027000,148.65600,1.00
2025-07-01,2025-07-31,20260209_085540,20260209_085540-0093,1,初回,2025-07-16 15:56:51.354000,148.66000,1.00
2025-07-01,2025-07-31,20260209_085540,20260209_085540-0094,1,初回,2025-07-16 21:30:14.937000,148.50500,1.00
2025-07-01,2025-07-31,20260209_085540,20260209_085540-0095,1,初回,2025-07-16 22:48:50.899000,148.89700,1.00
2025-07-01,2025-07-31,20260209_085540,20260209_085540-0096,1,初回,2025-07-16 23:56:24.205000,148.34400,1.00
2025-07-01,2025-07-31,20260209_085540,20260209_085540-0097,1,初回,2025-07-17 00:16:32.851000,147.68300,1.00
2025-07-01,2025-07-31,20260209_085540,20260209_085540-0098,1,初回,2025-07-17 00:16:34.064000,147.57300,1.00
2025-07-01,2025-07-31,20260209_085540,20260209_085540-0099,1,初回,2025-07-17 00:30:38.593000,146.94500,1.00
2025-07-01,2025-07-31,20260209_085540,20260209_085540-0100,1,初回,2025-07-17 19:15:01.152000,148.81900,1.00
2025-07-01,2025-07-31,20260209_085540,20260209_085540-0101,1,初回,2025-07-17 21:30:28.628000,149.05800,1.00
2025-07-01,2025-07-31,20260209_085540,20260209_085540-0102,1,初回,2025-07-17 22:11:27.408000,148.48700,1.00
2025-07-01,2025-07-31,20260209_085540,20260209_085540-0103,1,初回,2025-07-17 23:29:06.201000,148.41600,1.00
2025-07-01,2025-07-31,20260209_085540,20260209_085540-0104,1,初回,2025-07-18 13:09:25.359000,148.72300,1.00
2025-07-01,2025-07-31,20260209_085540,20260209_085540-0105,1,初回,2025-07-18 14:30:34.053000,148.77800,1.00
2025-07-01,2025-07-31,20260209_085540,20260209_085540-0106,1,初回,2025-07-18 15:40:29.659000,148.80600,1.00
2025-07-01,2025-07-31,20260209_085540,20260209_085540-0107,1,初回,2025-07-18 16:39:45.816000,148.85200,1.00
2025-07-01,2025-07-31,20260209_085540,20260209_085540-0108,1,初回,2025-07-18 22:20:02.411000,148.32500,1.00
2025-07-01,2025-07-31,20260209_085540,20260209_085540-0109,1,初回,2025-07-18 22:20:22.643000,148.32500,1.00
2025-07-01,2025-07-31,20260209_085540,20260209_085540-0110,1,初回,2025-07-18 22:24:15.537000,148.23100,1.00
2025-07-01,2025-07-31,20260209_085540,20260209_085540-0111,1,初回,2025-07-18 23:00:08.512000,148.22500,1.00
2025-07-01,2025-07-31,20260209_085540,20260209_085540-0112,1,初回,2025-07-21 15:31:20.455000,147.93400,1.00
2025-07-01,2025-07-31,20260209_085540,20260209_085540-0113,1,初回,2025-07-21 15:33:10.824000,147.81100,1.00
2025-07-01,2025-07-31,20260209_085540,20260209_085540-0114,1,初回,2025-07-21 17:36:37.473000,147.73000,1.00
2025-07-01,2025-07-31,20260209_085540,20260209_085540-0115,1,初回,2025-07-21 20:46:07.431000,147.54500,1.00
2025-07-01,2025-07-31,20260209_085540,20260209_085540-0116,1,初回,2025-07-21 21:24:04.898000,147.37200,1.00
2025-07-01,2025-07-31,20260209_085540,20260209_085540-0117,1,初回,2025-07-21 23:09:09.068000,147.31800,1.00
2025-07-01,2025-07-31,20260209_085540,20260209_085540-0118,1,初回,2025-07-22 00:20:14.229000,147.29700,1.00
2025-07-01,2025-07-31,20260209_085540,20260209_085540-0119,1,初回,2025-07-22 01:26:12.984000,147.12300,1.00
2025-07-01,2025-07-31,20260209_085540,20260209_085540-0120,1,初回,2025-07-22 16:03:04.292000,147.91900,1.00
2025-07-01,2025-07-31,20260209_085540,20260209_085540-0121,1,初回,2025-07-22 15:43:23.057000,147.90700,1.00
2025-07-01,2025-07-31,20260209_085540,20260209_085540-0122,1,初回,2025-07-22 21:11:39.268000,147.12300,1.00
2025-07-01,2025-07-31,20260209_085540,20260209_085540-0123,1,初回,2025-07-22 21:51:15.431000,146.88800,1.00
2025-07-01,2025-07-31,20260209_085540,20260209_085540-0124,1,初回,2025-07-22 21:51:39.685000,146.77400,1.00
2025-07-01,2025-07-31,20260209_085540,20260209_085540-0125,1,初回,2025-07-22 22:54:29.548000,146.54400,1.00
2025-07-01,2025-07-31,20260209_085540,20260209_085540-0126,1,初回,2025-07-22 23:54:46.634000,146.36400,1.00
2025-07-01,2025-07-31,20260209_085540,20260209_085540-0127,1,初回,2025-07-23 01:08:02.571000,146.34800,1.00
2025-07-01,2025-07-31,20260209_085540,20260209_085540-0128,1,初回,2025-07-23 11:20:58.183000,146.91600,1.00
2025-07-01,2025-07-31,20260209_085540,20260209_085540-0129,1,初回,2025-07-23 11:21:05.155000,146.91400,1.00
2025-07-01,2025-07-31,20260209_085540,20260209_085540-0130,1,初回,2025-07-23 11:31:10.246000,147.17400,1.00
2025-07-01,2025-07-31,20260209_085540,20260209_085540-0131,1,初回,2025-07-23 13:24:21.765000,147.05100,1.00
2025-07-01,2025-07-31,20260209_085540,20260209_085540-0132,1,初回,2025-07-23 15:00:04.219000,147.18800,1.00
2025-07-01,2025-07-31,20260209_085540,20260209_085540-0133,1,初回,2025-07-23 14:45:19.269000,147.17600,1.00
2025-07-01,2025-07-31,20260209_085540,20260209_085540-0134,1,初回,2025-07-23 15:30:48.469000,146.68800,1.00
2025-07-01,2025-07-31,20260209_085540,20260209_085540-0135,1,初回,2025-07-23 16:30:33.536000,146.63500,1.00
2025-07-01,2025-07-31,20260209_085540,20260209_085540-0136,1,初回,2025-07-23 18:41:52.082000,146.50800,1.00
2025-07-01,2025-07-31,20260209_085540,20260209_085540-0137,1,初回,2025-07-23 19:06:01.209000,146.46100,1.00
2025-07-01,2025-07-31,20260209_085540,20260209_085540-0138,1,初回,2025-07-23 19:25:47.297000,146.32000,1.00
2025-07-01,2025-07-31,20260209_085540,20260209_085540-0139,1,初回,2025-07-23 20:43:29.058000,146.23700,1.00
2025-07-01,2025-07-31,20260209_085540,20260209_085540-0140,1,初回,2025-07-23 20:49:07.270000,146.21800,1.00
2025-07-01,2025-07-31,20260209_085540,20260209_085540-0141,1,初回,2025-07-23 20:44:11.029000,146.17200,1.00
2025-07-01,2025-07-31,20260209_085540,20260209_085540-0142,1,初回,2025-07-23 20:44:24.862000,146.14400,1.00
2025-07-01,2025-07-31,20260209_085540,20260209_085540-0143,1,初回,2025-07-24 03:24:59.656000,146.41000,1.00
2025-07-01,2025-07-31,20260209_085540,20260209_085540-0144,1,初回,2025-07-24 18:03:50.818000,146.59400,1.00
2025-07-01,2025-07-31,20260209_085540,20260209_085540-0145,1,初回,2025-07-24 18:05:51.033000,146.61600,1.00
2025-07-01,2025-07-31,20260209_085540,20260209_085540-0146,1,初回,2025-07-24 19:14:27.681000,146.63100,1.00
2025-07-01,2025-07-31,20260209_085540,20260209_085540-0147,1,初回,2025-07-24 21:41:33.294000,146.80200,1.00
2025-07-01,2025-07-31,20260209_085540,20260209_085540-0148,1,初回,2025-07-24 22:16:18.298000,146.84400,1.00
2025-07-01,2025-07-31,20260209_085540,20260209_085540-0149,1,初回,2025-07-25 00:03:33.949000,146.84800,1.00
2025-07-01,2025-07-31,20260209_085540,20260209_085540-0150,1,初回,2025-07-25 00:11:18.051000,146.91300,1.00
2025-07-01,2025-07-31,20260209_085540,20260209_085540-0151,1,初回,2025-07-25 01:00:48.301000,146.92000,1.00
2025-07-01,2025-07-31,20260209_085540,20260209_085540-0152,1,初回,2025-07-25 04:05:44.155000,146.93800,1.00
2025-07-01,2025-07-31,20260209_085540,20260209_085540-0153,1,初回,2025-07-25 11:05:22.600000,147.42900,1.00
2025-07-01,2025-07-31,20260209_085540,20260209_085540-0154,1,初回,2025-07-25 11:38:23.637000,147.46300,1.00
2025-07-01,2025-07-31,20260209_085540,20260209_085540-0155,1,初回,2025-07-25 14:55:28.501000,146.83800,1.00
2025-07-01,2025-07-31,20260209_085540,20260209_085540-0156,1,初回,2025-07-25 17:19:21.272000,147.80800,1.00
2025-07-01,2025-07-31,20260209_085540,20260209_085540-0157,1,初回,2025-07-25 18:06:58.075000,147.86200,1.00
2025-07-01,2025-07-31,20260209_085540,20260209_085540-0158,1,初回,2025-07-25 19:00:00.165000,147.87100,1.00
2025-07-01,2025-07-31,20260209_085540,20260209_085540-0159,1,初回,2025-07-25 20:23:12.700000,147.91300,1.00
2025-07-01,2025-07-31,20260209_085540,20260209_085540-0160,1,初回,2025-07-25 23:16:18.046000,147.56600,1.00
2025-07-01,2025-07-31,20260209_085540,20260209_085540-0161,1,初回,2025-07-28 11:10:57.820000,147.99300,1.00
2025-07-01,2025-07-31,20260209_085540,20260209_085540-0162,1,初回,2025-07-28 15:36:44.141000,148.17900,1.00
2025-07-01,2025-07-31,20260209_085540,20260209_085540-0163,1,初回,2025-07-28 16:56:34.979000,148.27800,1.00
2025-07-01,2025-07-31,20260209_085540,20260209_085540-0164,1,初回,2025-07-28 16:57:41.522000,148.31100,1.00
2025-07-01,2025-07-31,20260209_085540,20260209_085540-0165,1,初回,2025-07-28 17:52:23.130000,148.35100,1.00
2025-07-01,2025-07-31,20260209_085540,20260209_085540-0166,1,初回,2025-07-28 18:35:22.215000,148.39100,1.00
2025-07-01,2025-07-31,20260209_085540,20260209_085540-0167,1,初回,2025-07-28 19:22:19.758000,148.40400,1.00
2025-07-01,2025-07-31,20260209_085540,20260209_085540-0168,1,初回,2025-07-28 20:00:16.350000,148.41600,1.00
2025-07-01,2025-07-31,20260209_085540,20260209_085540-0169,1,初回,2025-07-29 00:30:02.426000,148.46100,1.00
2025-07-01,2025-07-31,20260209_085540,20260209_085540-0170,1,初回,2025-07-29 01:00:58.096000,148.48900,1.00
2025-07-01,2025-07-31,20260209_085540,20260209_085540-0171,1,初回,2025-07-29 02:48:40.748000,148.52000,1.00
2025-07-01,2025-07-31,20260209_085540,20260209_085540-0172,1,初回,2025-07-29 03:01:45.025000,148.54500,1.00
2025-07-01,2025-07-31,20260209_085540,20260209_085540-0173,1,初回,2025-07-29 15:07:22.328000,148.18600,1.00
2025-07-01,2025-07-31,20260209_085540,20260209_085540-0174,1,初回,2025-07-29 16:15:38.697000,148.67900,1.00
2025-07-01,2025-07-31,20260209_085540,20260209_085540-0175,1,初回,2025-07-29 16:30:16.418000,148.71700,1.00
2025-07-01,2025-07-31,20260209_085540,20260209_085540-0176,1,初回,2025-07-29 20:43:08.839000,148.72900,1.00
2025-07-01,2025-07-31,20260209_085540,20260209_085540-0177,1,初回,2025-07-29 21:08:31.628000,148.74000,1.00
2025-07-01,2025-07-31,20260209_085540,20260209_085540-0178,1,初回,2025-07-29 22:33:35.120000,148.77600,1.00
2025-07-01,2025-07-31,20260209_085540,20260209_085540-0179,1,初回,2025-07-30 00:08:18.059000,148.39000,1.00
2025-07-01,2025-07-31,20260209_085540,20260209_085540-0180,1,初回,2025-07-30 00:08:16.075000,148.39300,1.00
2025-07-01,2025-07-31,20260209_085540,20260209_085540-0181,1,初回,2025-07-30 02:21:47.008000,148.37300,1.00
2025-07-01,2025-07-31,20260209_085540,20260209_085540-0182,1,初回,2025-07-30 12:02:08.650000,147.98200,1.00
2025-07-01,2025-07-31,20260209_085540,20260209_085540-0183,1,初回,2025-07-30 12:02:00.509000,147.97700,1.00
2025-07-01,2025-07-31,20260209_085540,20260209_085540-0184,1,初回,2025-07-30 12:11:44.863000,147.88500,1.00
2025-07-01,2025-07-31,20260209_085540,20260209_085540-0185,1,初回,2025-07-30 16:07:04.879000,147.83900,1.00
2025-07-01,2025-07-31,20260209_085540,20260209_085540-0186,1,初回,2025-07-30 19:36:54.536000,148.26100,1.00
2025-07-01,2025-07-31,20260209_085540,20260209_085540-0187,1,初回,2025-07-30 20:48:07.975000,148.33200,1.00
2025-07-01,2025-07-31,20260209_085540,20260209_085540-0188,1,初回,2025-07-30 21:33:05.509000,148.59400,1.00
2025-07-01,2025-07-31,20260209_085540,20260209_085540-0189,1,初回,2025-07-30 21:53:45.319000,148.81900,1.00
2025-07-01,2025-07-31,20260209_085540,20260209_085540-0190,1,初回,2025-07-30 21:57:15.712000,148.85500,1.00
2025-07-01,2025-07-31,20260209_085540,20260209_085540-0191,1,初回,2025-07-30 22:43:23.061000,149.07000,1.00
2025-07-01,2025-07-31,20260209_085540,20260209_085540-0192,1,初回,2025-07-31 00:51:45.937000,149.08700,1.00
2025-07-01,2025-07-31,20260209_085540,20260209_085540-0193,1,初回,2025-07-31 01:08:13.355000,149.09900,1.00
2025-07-01,2025-07-31,20260209_085540,20260209_085540-0194,1,初回,2025-07-31 03:58:17.650000,149.32100,1.00
2025-07-01,2025-07-31,20260209_085540,20260209_085540-0195,1,初回,2025-07-31 04:27:33.632000,149.40900,1.00
2025-07-01,2025-07-31,20260209_085540,20260209_085540-0196,1,初回,2025-07-31 16:43:16.704000,149.50400,1.00
2025-07-01,2025-07-31,20260209_085540,20260209_085540-0197,1,初回,2025-07-31 16:43:14.689000,149.51200,1.00
2025-07-01,2025-07-31,20260209_085540,20260209_085540-0198,1,初回,2025-07-31 16:46:43.732000,149.69200,1.00
2025-07-01,2025-07-31,20260209_085540,20260209_085540-0199,1,初回,2025-07-31 17:50:25.181000,149.69200,1.00
2025-07-01,2025-07-31,20260209_085540,20260209_085540-0200,1,初回,2025-07-31 18:55:51.404000,149.92800,1.00
2025-07-01,2025-07-31,20260209_085540,20260209_085540-0201,1,初回,2025-07-31 19:55:28.445000,150.03000,1.00
2025-07-01,2025-07-31,20260209_085540,20260209_085540-0202,1,初回,2025-07-31 20:24:33.652000,150.07000,1.00
2025-07-01,2025-07-31,20260209_085540,20260209_085540-0203,1,初回,2025-07-31 21:48:21.627000,150.22600,1.00
2025-07-01,2025-07-31,20260209_085540,20260209_085540-0204,1,初回,2025-07-31 22:56:00.293000,150.55400,1.00
2025-07-01,2025-07-31,20260209_085540,20260209_085540-0205,1,初回,2025-07-31 23:02:54.885000,150.60200,1.00
2025-08-01,2025-08-31,20260209_085631,20260209_085631-0001,1,初回,2025-08-01 03:30:28.072000,150.75800,1.00
2025-08-01,2025-08-31,20260209_085631,20260209_085631-0002,1,初回,2025-08-01 04:00:24.839000,150.76800,1.00
2025-08-01,2025-08-31,20260209_085631,20260209_085631-0003,1,初回,2025-08-01 11:00:26.188000,150.88800,1.00
2025-08-01,2025-08-31,20260209_085631,20260209_085631-0004,1,初回,2025-08-01 12:48:25.682000,150.59600,1.00
2025-08-01,2025-08-31,20260209_085631,20260209_085631-0005,1,初回,2025-08-01 12:48:33.385000,150.58900,1.00
2025-08-01,2025-08-31,20260209_085631,20260209_085631-0006,1,初回,2025-08-01 13:00:00.327000,150.58800,1.00
2025-08-01,2025-08-31,20260209_085631,20260209_085631-0007,1,初回,2025-08-01 14:51:20.552000,150.45400,1.00
2025-08-01,2025-08-31,20260209_085631,20260209_085631-0008,1,初回,2025-08-01 19:33:12.783000,150.38800,1.00
2025-08-01,2025-08-31,20260209_085631,20260209_085631-0009,1,初回,2025-08-01 19:33:49.196000,150.35900,1.00
2025-08-01,2025-08-31,20260209_085631,20260209_085631-0010,1,初回,2025-08-01 20:13:01.170000,150.32100,1.00
2025-08-01,2025-08-31,20260209_085631,20260209_085631-0011,1,初回,2025-08-01 21:55:32.495000,148.59000,1.00
2025-08-01,2025-08-31,20260209_085631,20260209_085631-0012,1,初回,2025-08-01 22:35:22.252000,148.02300,1.00
2025-08-01,2025-08-31,20260209_085631,20260209_085631-0013,1,初回,2025-08-01 23:00:42.220000,147.51700,1.00
2025-08-01,2025-08-31,20260209_085631,20260209_085631-0014,1,初回,2025-08-02 04:39:46.858000,147.36200,1.00
2025-08-01,2025-08-31,20260209_085631,20260209_085631-0015,1,初回,2025-08-04 13:09:53.191000,147.62600,1.00
2025-08-01,2025-08-31,20260209_085631,20260209_085631-0016,1,初回,2025-08-04 13:21:00.663000,147.59400,1.00
2025-08-01,2025-08-31,20260209_085631,20260209_085631-0017,1,初回,2025-08-04 15:45:52.100000,147.56900,1.00
2025-08-01,2025-08-31,20260209_085631,20260209_085631-0018,1,初回,2025-08-04 16:05:44.164000,147.87900,1.00
2025-08-01,2025-08-31,20260209_085631,20260209_085631-0019,1,初回,2025-08-04 16:32:51.306000,148.01400,1.00
2025-08-01,2025-08-31,20260209_085631,20260209_085631-0020,1,初回,2025-08-04 17:26:53.674000,148.05900,1.00
2025-08-01,2025-08-31,20260209_085631,20260209_085631-0021,1,初回,2025-08-04 20:55:05.278000,147.38000,1.00
2025-08-01,2025-08-31,20260209_085631,20260209_085631-0022,1,初回,2025-08-04 21:30:24.998000,147.15400,1.00
2025-08-01,2025-08-31,20260209_085631,20260209_085631-0023,1,初回,2025-08-04 21:45:14.101000,147.08900,1.00
2025-08-01,2025-08-31,20260209_085631,20260209_085631-0024,1,初回,2025-08-04 21:47:20.583000,147.04400,1.00
2025-08-01,2025-08-31,20260209_085631,20260209_085631-0025,1,初回,2025-08-04 22:10:03.075000,146.99300,1.00
2025-08-01,2025-08-31,20260209_085631,20260209_085631-0026,1,初回,2025-08-04 23:27:10.305000,146.90400,1.00
2025-08-01,2025-08-31,20260209_085631,20260209_085631-0027,1,初回,2025-08-05 16:47:24.037000,147.40800,1.00
2025-08-01,2025-08-31,20260209_085631,20260209_085631-0028,1,初回,2025-08-05 16:47:37.076000,147.45700,1.00
2025-08-01,2025-08-31,20260209_085631,20260209_085631-0029,1,初回,2025-08-05 17:45:28.666000,147.60400,1.00
2025-08-01,2025-08-31,20260209_085631,20260209_085631-0030,1,初回,2025-08-05 18:43:58.582000,147.60900,1.00
2025-08-01,2025-08-31,20260209_085631,20260209_085631-0031,1,初回,2025-08-05 19:11:45.312000,147.74700,1.00
2025-08-01,2025-08-31,20260209_085631,20260209_085631-0032,1,初回,2025-08-05 22:23:27.128000,147.54500,1.00
2025-08-01,2025-08-31,20260209_085631,20260209_085631-0033,1,初回,2025-08-05 22:53:47.570000,147.80700,1.00
2025-08-01,2025-08-31,20260209_085631,20260209_085631-0034,1,初回,2025-08-05 23:00:27.960000,147.39400,1.00
2025-08-01,2025-08-31,20260209_085631,20260209_085631-0035,1,初回,2025-08-06 00:12:42.108000,147.34200,1.00
2025-08-01,2025-08-31,20260209_085631,20260209_085631-0036,1,初回,2025-08-06 11:00:09.692000,147.70100,1.00
2025-08-01,2025-08-31,20260209_085631,20260209_085631-0037,1,初回,2025-08-06 11:00:18.047000,147.71900,1.00
2025-08-01,2025-08-31,20260209_085631,20260209_085631-0038,1,初回,2025-08-06 17:34:04.911000,147.80700,1.00
2025-08-01,2025-08-31,20260209_085631,20260209_085631-0039,1,初回,2025-08-06 17:34:05.085000,147.81300,1.00
2025-08-01,2025-08-31,20260209_085631,20260209_085631-0040,1,初回,2025-08-06 18:01:36.669000,147.85500,1.00
2025-08-01,2025-08-31,20260209_085631,20260209_085631-0041,1,初回,2025-08-06 22:20:34.930000,147.34400,1.00
2025-08-01,2025-08-31,20260209_085631,20260209_085631-0042,1,初回,2025-08-06 22:51:11.020000,147.27800,1.00
2025-08-01,2025-08-31,20260209_085631,20260209_085631-0043,1,初回,2025-08-07 00:13:04.457000,147.25000,1.00
2025-08-01,2025-08-31,20260209_085631,20260209_085631-0044,1,初回,2025-08-07 00:40:31.155000,147.63100,1.00
2025-08-01,2025-08-31,20260209_085631,20260209_085631-0045,1,初回,2025-08-07 03:36:08.648000,147.01300,1.00
2025-08-01,2025-08-31,20260209_085631,20260209_085631-0046,1,初回,2025-08-07 12:16:29.021000,147.65500,1.00
2025-08-01,2025-08-31,20260209_085631,20260209_085631-0047,1,初回,2025-08-07 12:16:27.747000,147.65700,1.00
2025-08-01,2025-08-31,20260209_085631,20260209_085631-0048,1,初回,2025-08-07 12:16:47.476000,147.68100,1.00
2025-08-01,2025-08-31,20260209_085631,20260209_085631-0049,1,初回,2025-08-07 15:40:08.401000,147.01000,1.00
2025-08-01,2025-08-31,20260209_085631,20260209_085631-0050,1,初回,2025-08-07 15:53:30.579000,146.83800,1.00
2025-08-01,2025-08-31,20260209_085631,20260209_085631-0051,1,初回,2025-08-07 16:48:08.634000,146.73000,1.00
2025-08-01,2025-08-31,20260209_085631,20260209_085631-0052,1,初回,2025-08-07 20:39:45.885000,147.46300,1.00
2025-08-01,2025-08-31,20260209_085631,20260209_085631-0053,1,初回,2025-08-07 21:33:56.308000,147.05800,1.00
2025-08-01,2025-08-31,20260209_085631,20260209_085631-0054,1,初回,2025-08-07 23:23:02.056000,147.51400,1.00
2025-08-01,2025-08-31,20260209_085631,20260209_085631-0055,1,初回,2025-08-08 00:01:10.538000,147.55400,1.00
2025-08-01,2025-08-31,20260209_085631,20260209_085631-0056,1,初回,2025-08-08 04:46:36.891000,146.98200,1.00
2025-08-01,2025-08-31,20260209_085631,20260209_085631-0057,1,初回,2025-08-08 17:48:23.857000,147.55600,1.00
2025-08-01,2025-08-31,20260209_085631,20260209_085631-0058,1,初回,2025-08-08 17:57:41.727000,147.66600,1.00
2025-08-01,2025-08-31,20260209_085631,20260209_085631-0059,1,初回,2025-08-08 18:29:21.060000,147.69800,1.00
2025-08-01,2025-08-31,20260209_085631,20260209_085631-0060,1,初回,2025-08-08 19:40:56.955000,147.80700,1.00
2025-08-01,2025-08-31,20260209_085631,20260209_085631-0061,1,初回,2025-08-08 20:09:29.882000,147.82400,1.00
2025-08-01,2025-08-31,20260209_085631,20260209_085631-0062,1,初回,2025-08-08 21:16:10.194000,147.86400,1.00
2025-08-01,2025-08-31,20260209_085631,20260209_085631-0063,1,初回,2025-08-08 22:53:34.737000,147.86900,1.00
2025-08-01,2025-08-31,20260209_085631,20260209_085631-0064,1,初回,2025-08-11 17:00:03.396000,147.38700,1.00
2025-08-01,2025-08-31,20260209_085631,20260209_085631-0065,1,初回,2025-08-11 16:44:25.753000,147.39500,1.00
2025-08-01,2025-08-31,20260209_085631,20260209_085631-0066,1,初回,2025-08-11 20:24:11.241000,147.87100,1.00
2025-08-01,2025-08-31,20260209_085631,20260209_085631-0067,1,初回,2025-08-11 20:24:42.069000,147.87100,1.00
2025-08-01,2025-08-31,20260209_085631,20260209_085631-0068,1,初回,2025-08-11 20:48:00.829000,147.91500,1.00
2025-08-01,2025-08-31,20260209_085631,20260209_085631-0069,1,初回,2025-08-11 21:02:06.536000,147.92000,1.00
2025-08-01,2025-08-31,20260209_085631,20260209_085631-0070,1,初回,2025-08-11 23:04:44.889000,148.04000,1.00
2025-08-01,2025-08-31,20260209_085631,20260209_085631-0071,1,初回,2025-08-12 00:06:06.841000,148.08200,1.00
2025-08-01,2025-08-31,20260209_085631,20260209_085631-0072,1,初回,2025-08-12 03:52:28.137000,148.13600,1.00
2025-08-01,2025-08-31,20260209_085631,20260209_085631-0073,1,初回,2025-08-12 04:47:19.773000,148.21000,1.00
2025-08-01,2025-08-31,20260209_085631,20260209_085631-0074,1,初回,2025-08-12 12:32:37.764000,148.40100,1.00
2025-08-01,2025-08-31,20260209_085631,20260209_085631-0075,1,初回,2025-08-12 13:00:34.111000,148.41400,1.00
2025-08-01,2025-08-31,20260209_085631,20260209_085631-0076,1,初回,2025-08-12 12:39:45.983000,148.41300,1.00
2025-08-01,2025-08-31,20260209_085631,20260209_085631-0077,1,初回,2025-08-12 17:36:54.602000,148.41500,1.00
2025-08-01,2025-08-31,20260209_085631,20260209_085631-0078,1,初回,2025-08-12 17:37:34.571000,148.43600,1.00
2025-08-01,2025-08-31,20260209_085631,20260209_085631-0079,1,初回,2025-08-12 18:09:23.838000,148.45200,1.00
2025-08-01,2025-08-31,20260209_085631,20260209_085631-0080,1,初回,2025-08-12 21:30:09.652000,147.89900,1.00
2025-08-01,2025-08-31,20260209_085631,20260209_085631-0081,1,初回,2025-08-12 21:30:12.300000,147.89400,1.00
2025-08-01,2025-08-31,20260209_085631,20260209_085631-0082,1,初回,2025-08-13 00:44:07.558000,147.61400,1.00
2025-08-01,2025-08-31,20260209_085631,20260209_085631-0083,1,初回,2025-08-13 16:30:56.748000,147.43900,1.00
2025-08-01,2025-08-31,20260209_085631,20260209_085631-0084,1,初回,2025-08-13 17:49:49.561000,147.23700,1.00
2025-08-01,2025-08-31,20260209_085631,20260209_085631-0085,1,初回,2025-08-13 18:03:44.669000,147.21700,1.00
2025-08-01,2025-08-31,20260209_085631,20260209_085631-0086,1,初回,2025-08-13 21:05:08.979000,147.19700,1.00
2025-08-01,2025-08-31,20260209_085631,20260209_085631-0087,1,初回,2025-08-13 23:09:15.716000,147.13800,1.00
2025-08-01,2025-08-31,20260209_085631,20260209_085631-0088,1,初回,2025-08-14 00:06:43.220000,147.12600,1.00
2025-08-01,2025-08-31,20260209_085631,20260209_085631-0089,1,初回,2025-08-14 13:22:30.172000,146.41200,1.00
2025-08-01,2025-08-31,20260209_085631,20260209_085631-0090,1,初回,2025-08-14 13:23:21.821000,146.37600,1.00
2025-08-01,2025-08-31,20260209_085631,20260209_085631-0091,1,初回,2025-08-14 15:12:27.933000,146.25300,1.00
2025-08-01,2025-08-31,20260209_085631,20260209_085631-0092,1,初回,2025-08-14 21:30:02.152000,146.74200,1.00
2025-08-01,2025-08-31,20260209_085631,20260209_085631-0093,1,初回,2025-08-14 21:30:33.750000,147.07300,1.00
2025-08-01,2025-08-31,20260209_085631,20260209_085631-0094,1,初回,2025-08-14 22:46:56.957000,147.39000,1.00
2025-08-01,2025-08-31,20260209_085631,20260209_085631-0095,1,初回,2025-08-14 23:05:33.846000,147.52800,1.00
2025-08-01,2025-08-31,20260209_085631,20260209_085631-0096,1,初回,2025-08-15 00:18:34.764000,147.76400,1.00
2025-08-01,2025-08-31,20260209_085631,20260209_085631-0097,1,初回,2025-08-15 00:18:40.058000,147.77300,1.00
2025-08-01,2025-08-31,20260209_085631,20260209_085631-0098,1,初回,2025-08-15 01:17:06.341000,147.87400,1.00
2025-08-01,2025-08-31,20260209_085631,20260209_085631-0099,1,初回,2025-08-15 02:37:07.294000,147.88300,1.00
2025-08-01,2025-08-31,20260209_085631,20260209_085631-0100,1,初回,2025-08-15 03:06:05.061000,147.93200,1.00
2025-08-01,2025-08-31,20260209_085631,20260209_085631-0101,1,初回,2025-08-15 18:17:16.468000,146.79500,1.00
2025-08-01,2025-08-31,20260209_085631,20260209_085631-0102,1,初回,2025-08-15 21:31:15.118000,147.24500,1.00
2025-08-01,2025-08-31,20260209_085631,20260209_085631-0103,1,初回,2025-08-15 21:41:11.838000,146.77500,1.00
2025-08-01,2025-08-31,20260209_085631,20260209_085631-0104,1,初回,2025-08-16 01:08:39.665000,147.06900,1.00
2025-08-01,2025-08-31,20260209_085631,20260209_085631-0105,1,初回,2025-08-16 01:56:04.114000,147.23200,1.00
2025-08-01,2025-08-31,20260209_085631,20260209_085631-0106,1,初回,2025-08-16 02:31:36.690000,147.30100,1.00
2025-08-01,2025-08-31,20260209_085631,20260209_085631-0107,1,初回,2025-08-18 16:13:44.362000,147.15700,1.00
2025-08-01,2025-08-31,20260209_085631,20260209_085631-0108,1,初回,2025-08-18 20:56:04.019000,147.55800,1.00
2025-08-01,2025-08-31,20260209_085631,20260209_085631-0109,1,初回,2025-08-18 21:36:36.924000,147.76600,1.00
2025-08-01,2025-08-31,20260209_085631,20260209_085631-0110,1,初回,2025-08-18 22:14:32.932000,147.83900,1.00
2025-08-01,2025-08-31,20260209_085631,20260209_085631-0111,1,初回,2025-08-18 22:22:44.996000,147.89000,1.00
2025-08-01,2025-08-31,20260209_085631,20260209_085631-0112,1,初回,2025-08-19 00:00:55.016000,147.95400,1.00
2025-08-01,2025-08-31,20260209_085631,20260209_085631-0113,1,初回,2025-08-18 23:48:11.065000,147.94900,1.00
2025-08-01,2025-08-31,20260209_085631,20260209_085631-0114,1,初回,2025-08-19 01:31:01.096000,147.72700,1.00
2025-08-01,2025-08-31,20260209_085631,20260209_085631-0115,1,初回,2025-08-19 01:36:12.660000,147.71700,1.00
2025-08-01,2025-08-31,20260209_085631,20260209_085631-0116,1,初回,2025-08-19 02:12:27.901000,147.69700,1.00
2025-08-01,2025-08-31,20260209_085631,20260209_085631-0117,1,初回,2025-08-19 14:41:15.546000,147.66200,1.00
2025-08-01,2025-08-31,20260209_085631,20260209_085631-0118,1,初回,2025-08-19 14:42:49.425000,147.65200,1.00
2025-08-01,2025-08-31,20260209_085631,20260209_085631-0119,1,初回,2025-08-19 15:03:38.566000,147.60900,1.00
2025-08-01,2025-08-31,20260209_085631,20260209_085631-0120,1,初回,2025-08-19 16:02:41.409000,147.56700,1.00
2025-08-01,2025-08-31,20260209_085631,20260209_085631-0121,1,初回,2025-08-19 22:12:20.072000,147.87500,1.00
2025-08-01,2025-08-31,20260209_085631,20260209_085631-0122,1,初回,2025-08-19 23:07:45.734000,147.57100,1.00
2025-08-01,2025-08-31,20260209_085631,20260209_085631-0123,1,初回,2025-08-19 23:04:28.454000,147.59100,1.00
2025-08-01,2025-08-31,20260209_085631,20260209_085631-0124,1,初回,2025-08-20 02:12:31.243000,147.48600,1.00
2025-08-01,2025-08-31,20260209_085631,20260209_085631-0125,1,初回,2025-08-20 12:54:34.108000,147.46300,1.00
2025-08-01,2025-08-31,20260209_085631,20260209_085631-0126,1,初回,2025-08-20 14:45:29.341000,147.44500,1.00
2025-08-01,2025-08-31,20260209_085631,20260209_085631-0127,1,初回,2025-08-20 15:17:00.119000,147.18000,1.00
2025-08-01,2025-08-31,20260209_085631,20260209_085631-0128,1,初回,2025-08-20 22:54:49.426000,147.11900,1.00
2025-08-01,2025-08-31,20260209_085631,20260209_085631-0129,1,初回,2025-08-20 23:51:59.940000,146.90900,1.00
2025-08-01,2025-08-31,20260209_085631,20260209_085631-0130,1,初回,2025-08-21 18:37:11.218000,147.66600,1.00
2025-08-01,2025-08-31,20260209_085631,20260209_085631-0131,1,初回,2025-08-21 18:37:12.035000,147.66600,1.00
2025-08-01,2025-08-31,20260209_085631,20260209_085631-0132,1,初回,2025-08-21 19:15:54.696000,147.78400,1.00
2025-08-01,2025-08-31,20260209_085631,20260209_085631-0133,1,初回,2025-08-21 19:41:08.010000,147.86000,1.00
2025-08-01,2025-08-31,20260209_085631,20260209_085631-0134,1,初回,2025-08-21 20:39:31.315000,147.90400,1.00
2025-08-01,2025-08-31,20260209_085631,20260209_085631-0135,1,初回,2025-08-21 22:30:27.997000,147.62000,1.00
2025-08-01,2025-08-31,20260209_085631,20260209_085631-0136,1,初回,2025-08-21 22:45:28.713000,147.90600,1.00
2025-08-01,2025-08-31,20260209_085631,20260209_085631-0137,1,初回,2025-08-21 22:45:35.278000,147.90900,1.00
2025-08-01,2025-08-31,20260209_085631,20260209_085631-0138,1,初回,2025-08-21 23:23:44.480000,148.08200,1.00
2025-08-01,2025-08-31,20260209_085631,20260209_085631-0139,1,初回,2025-08-21 23:23:41.644000,148.08700,1.00
2025-08-01,2025-08-31,20260209_085631,20260209_085631-0140,1,初回,2025-08-21 23:45:05.853000,148.13900,1.00
2025-08-01,2025-08-31,20260209_085631,20260209_085631-0141,1,初回,2025-08-22 00:11:10.623000,148.37000,1.00
2025-08-01,2025-08-31,20260209_085631,20260209_085631-0142,1,初回,2025-08-22 04:12:04.322000,148.37500,1.00
2025-08-01,2025-08-31,20260209_085631,20260209_085631-0143,1,初回,2025-08-22 12:54:35.862000,148.65800,1.00
2025-08-01,2025-08-31,20260209_085631,20260209_085631-0144,1,初回,2025-08-22 12:55:06.639000,148.68600,1.00
2025-08-01,2025-08-31,20260209_085631,20260209_085631-0145,1,初回,2025-08-22 13:50:01.383000,148.73200,1.00
2025-08-01,2025-08-31,20260209_085631,20260209_085631-0146,1,初回,2025-08-22 14:00:06.717000,148.74700,1.00
2025-08-01,2025-08-31,20260209_085631,20260209_085631-0147,1,初回,2025-08-22 23:00:01.812000,148.44500,1.00
2025-08-01,2025-08-31,20260209_085631,20260209_085631-0148,1,初回,2025-08-22 23:00:02.960000,148.30700,1.00
2025-08-01,2025-08-31,20260209_085631,20260209_085631-0149,1,初回,2025-08-22 23:18:02.353000,147.04600,1.00
2025-08-01,2025-08-31,20260209_085631,20260209_085631-0150,1,初回,2025-08-22 23:19:38.164000,146.84400,1.00
2025-08-01,2025-08-31,20260209_085631,20260209_085631-0151,1,初回,2025-08-22 23:52:49.387000,146.83300,1.00
2025-08-01,2025-08-31,20260209_085631,20260209_085631-0152,1,初回,2025-08-23 00:03:22.029000,146.77600,1.00
2025-08-01,2025-08-31,20260209_085631,20260209_085631-0153,1,初回,2025-08-23 00:26:02.691000,146.60700,1.00
2025-08-01,2025-08-31,20260209_085631,20260209_085631-0154,1,初回,2025-08-25 22:16:13.971000,147.51500,1.00
2025-08-01,2025-08-31,20260209_085631,20260209_085631-0155,1,初回,2025-08-26 00:41:48.350000,147.64000,1.00
2025-08-01,2025-08-31,20260209_085631,20260209_085631-0156,1,初回,2025-08-26 03:38:03.532000,147.79400,1.00
2025-08-01,2025-08-31,20260209_085631,20260209_085631-0157,1,初回,2025-08-26 04:06:45.426000,147.90700,1.00
2025-08-01,2025-08-31,20260209_085631,20260209_085631-0158,1,初回,2025-08-26 14:16:20.097000,147.85500,1.00
2025-08-01,2025-08-31,20260209_085631,20260209_085631-0159,1,初回,2025-08-26 16:02:32.781000,147.87800,1.00
2025-08-01,2025-08-31,20260209_085631,20260209_085631-0160,1,初回,2025-08-26 21:05:11.797000,147.36400,1.00
2025-08-01,2025-08-31,20260209_085631,20260209_085631-0161,1,初回,2025-08-26 22:04:16.997000,147.65500,1.00
2025-08-01,2025-08-31,20260209_085631,20260209_085631-0162,1,初回,2025-08-26 23:10:00.950000,147.69100,1.00
2025-08-01,2025-08-31,20260209_085631,20260209_085631-0163,1,初回,2025-08-27 00:46:42.967000,147.33300,1.00
2025-08-01,2025-08-31,20260209_085631,20260209_085631-0164,1,初回,2025-08-27 01:23:02.892000,147.13800,1.00
2025-08-01,2025-08-31,20260209_085631,20260209_085631-0165,1,初回,2025-08-27 03:15:27.394000,147.51200,1.00
2025-08-01,2025-08-31,20260209_085631,20260209_085631-0166,1,初回,2025-08-27 11:02:01.392000,147.62100,1.00
2025-08-01,2025-08-31,20260209_085631,20260209_085631-0167,1,初回,2025-08-27 11:20:51.026000,147.70600,1.00
2025-08-01,2025-08-31,20260209_085631,20260209_085631-0168,1,初回,2025-08-27 12:30:23.264000,147.82100,1.00
2025-08-01,2025-08-31,20260209_085631,20260209_085631-0169,1,初回,2025-08-27 13:20:17.142000,147.92800,1.00
2025-08-01,2025-08-31,20260209_085631,20260209_085631-0170,1,初回,2025-08-27 14:00:18.926000,147.94000,1.00
2025-08-01,2025-08-31,20260209_085631,20260209_085631-0171,1,初回,2025-08-27 17:16:06.158000,147.93900,1.00
2025-08-01,2025-08-31,20260209_085631,20260209_085631-0172,1,初回,2025-08-27 17:30:51.584000,147.97500,1.00
2025-08-01,2025-08-31,20260209_085631,20260209_085631-0173,1,初回,2025-08-27 18:57:50.256000,148.00100,1.00
2025-08-01,2025-08-31,20260209_085631,20260209_085631-0174,1,初回,2025-08-27 19:30:15.026000,148.11800,1.00
2025-08-01,2025-08-31,20260209_085631,20260209_085631-0175,1,初回,2025-08-27 20:01:40.779000,148.15300,1.00
2025-08-01,2025-08-31,20260209_085631,20260209_085631-0176,1,初回,2025-08-28 02:03:53.089000,147.33300,1.00
2025-08-01,2025-08-31,20260209_085631,20260209_085631-0177,1,初回,2025-08-28 12:16:19.184000,147.22900,1.00
2025-08-01,2025-08-31,20260209_085631,20260209_085631-0178,1,初回,2025-08-28 12:54:40.072000,147.11800,1.00
2025-08-01,2025-08-31,20260209_085631,20260209_085631-0179,1,初回,2025-08-28 14:21:49.041000,147.11600,1.00
2025-08-01,2025-08-31,20260209_085631,20260209_085631-0180,1,初回,2025-08-28 15:03:54.854000,147.02400,1.00
2025-08-01,2025-08-31,20260209_085631,20260209_085631-0181,1,初回,2025-08-28 15:03:45.658000,147.03700,1.00
2025-08-01,2025-08-31,20260209_085631,20260209_085631-0182,1,初回,2025-08-28 19:44:33.322000,146.94500,1.00
2025-08-01,2025-08-31,20260209_085631,20260209_085631-0183,1,初回,2025-08-28 20:05:25.867000,146.84200,1.00
2025-08-01,2025-08-31,20260209_085631,20260209_085631-0184,1,初回,2025-08-29 02:04:20.438000,146.79700,1.00
2025-08-01,2025-08-31,20260209_085631,20260209_085631-0185,1,初回,2025-08-29 02:09:56.633000,146.69800,1.00
2025-08-01,2025-08-31,20260209_085631,20260209_085631-0186,1,初回,2025-08-29 15:36:00.674000,147.08400,1.00
2025-08-01,2025-08-31,20260209_085631,20260209_085631-0187,1,初回,2025-08-29 15:50:49.002000,147.14200,1.00
2025-08-01,2025-08-31,20260209_085631,20260209_085631-0188,1,初回,2025-08-29 16:01:05.162000,147.16800,1.00
2025-08-01,2025-08-31,20260209_085631,20260209_085631-0189,1,初回,2025-08-29 19:53:57.811000,147.21700,1.00
2025-08-01,2025-08-31,20260209_085631,20260209_085631-0190,1,初回,2025-08-29 20:02:14.247000,147.23100,1.00
2025-08-01,2025-08-31,20260209_085631,20260209_085631-0191,1,初回,2025-08-29 21:42:28.718000,147.38000,1.00
2025-08-01,2025-08-31,20260209_085631,20260209_085631-0192,1,初回,2025-08-29 21:42:24.101000,147.37300,1.00
2025-08-01,2025-08-31,20260209_085631,20260209_085631-0193,1,初回,2025-08-29 23:58:03.525000,146.82700,1.00
2025-08-01,2025-08-31,20260209_085631,20260209_085631-0194,1,初回,2025-08-30 00:00:36.163000,146.80600,1.00
2025-09-01,2025-09-30,20260209_085723,20260209_085723-0001,1,初回,2025-09-02 13:32:13.373000,147.83200,1.00
2025-09-01,2025-09-30,20260209_085723,20260209_085723-0002,1,初回,2025-09-02 14:30:37.892000,147.89300,1.00
2025-09-01,2025-09-30,20260209_085723,20260209_085723-0003,1,初回,2025-09-02 15:23:56.720000,148.03000,1.00
2025-09-01,2025-09-30,20260209_085723,20260209_085723-0004,1,初回,2025-09-02 16:54:37.210000,148.71200,1.00
2025-09-01,2025-09-30,20260209_085723,20260209_085723-0005,1,初回,2025-09-02 17:07:45.530000,148.76300,1.00
2025-09-01,2025-09-30,20260209_085723,20260209_085723-0006,1,初回,2025-09-02 21:43:12.937000,148.91700,1.00
2025-09-01,2025-09-30,20260209_085723,20260209_085723-0007,1,初回,2025-09-03 11:38:10.279000,148.87200,1.00
2025-09-01,2025-09-30,20260209_085723,20260209_085723-0008,1,初回,2025-09-03 11:38:11.765000,148.87300,1.00
2025-09-01,2025-09-30,20260209_085723,20260209_085723-0009,1,初回,2025-09-03 12:26:49.856000,148.88700,1.00
2025-09-01,2025-09-30,20260209_085723,20260209_085723-0010,1,初回,2025-09-03 14:24:38.183000,148.52300,1.00
2025-09-01,2025-09-30,20260209_085723,20260209_085723-0011,1,初回,2025-09-03 16:18:23.187000,148.89400,1.00
2025-09-01,2025-09-30,20260209_085723,20260209_085723-0012,1,初回,2025-09-03 16:23:08.724000,149.10800,1.00
2025-09-01,2025-09-30,20260209_085723,20260209_085723-0013,1,初回,2025-09-03 18:46:07.588000,148.47000,1.00
2025-09-01,2025-09-30,20260209_085723,20260209_085723-0014,1,初回,2025-09-03 23:15:50.429000,148.11300,1.00
2025-09-01,2025-09-30,20260209_085723,20260209_085723-0015,1,初回,2025-09-04 00:30:36.905000,147.96700,1.00
2025-09-01,2025-09-30,20260209_085723,20260209_085723-0016,1,初回,2025-09-04 01:01:55.318000,147.94300,1.00
2025-09-01,2025-09-30,20260209_085723,20260209_085723-0017,1,初回,2025-09-04 02:01:04.711000,147.92000,1.00
2025-09-01,2025-09-30,20260209_085723,20260209_085723-0018,1,初回,2025-09-04 20:56:57.867000,148.38300,1.00
2025-09-01,2025-09-30,20260209_085723,20260209_085723-0019,1,初回,2025-09-04 21:15:01.816000,148.05000,1.00
2025-09-01,2025-09-30,20260209_085723,20260209_085723-0020,1,初回,2025-09-04 21:32:56.722000,148.50100,1.00
2025-09-01,2025-09-30,20260209_085723,20260209_085723-0021,1,初回,2025-09-04 22:07:05.108000,148.50200,1.00
2025-09-01,2025-09-30,20260209_085723,20260209_085723-0022,1,初回,2025-09-04 23:54:38.354000,148.72200,1.00
2025-09-01,2025-09-30,20260209_085723,20260209_085723-0023,1,初回,2025-09-05 00:01:26.225000,148.76700,1.00
2025-09-01,2025-09-30,20260209_085723,20260209_085723-0024,1,初回,2025-09-05 00:00:21.757000,148.74700,1.00
2025-09-01,2025-09-30,20260209_085723,20260209_085723-0025,1,初回,2025-09-05 11:08:41.122000,148.12000,1.00
2025-09-01,2025-09-30,20260209_085723,20260209_085723-0026,1,初回,2025-09-05 11:08:25.609000,148.12700,1.00
2025-09-01,2025-09-30,20260209_085723,20260209_085723-0027,1,初回,2025-09-05 21:30:01.201000,147.67900,1.00
2025-09-01,2025-09-30,20260209_085723,20260209_085723-0028,1,初回,2025-09-05 21:30:43.337000,147.21800,1.00
2025-09-01,2025-09-30,20260209_085723,20260209_085723-0029,1,初回,2025-09-05 22:52:13.394000,147.07300,1.00
2025-09-01,2025-09-30,20260209_085723,20260209_085723-0030,1,初回,2025-09-05 23:01:57.395000,147.03000,1.00
2025-09-01,2025-09-30,20260209_085723,20260209_085723-0031,1,初回,2025-09-06 00:49:51.454000,146.85200,1.00
2025-09-01,2025-09-30,20260209_085723,20260209_085723-0032,1,初回,2025-09-08 16:43:18.072000,147.55300,1.00
2025-09-01,2025-09-30,20260209_085723,20260209_085723-0033,1,初回,2025-09-08 17:00:58.423000,147.50300,1.00
2025-09-01,2025-09-30,20260209_085723,20260209_085723-0034,1,初回,2025-09-08 21:23:57.066000,147.85400,1.00
2025-09-01,2025-09-30,20260209_085723,20260209_085723-0035,1,初回,2025-09-08 22:33:29.198000,147.57900,1.00
2025-09-01,2025-09-30,20260209_085723,20260209_085723-0036,1,初回,2025-09-08 23:42:36.675000,147.84300,1.00
2025-09-01,2025-09-30,20260209_085723,20260209_085723-0037,1,初回,2025-09-09 03:56:38.628000,147.48600,1.00
2025-09-01,2025-09-30,20260209_085723,20260209_085723-0038,1,初回,2025-09-09 04:12:21.164000,147.37900,1.00
2025-09-01,2025-09-30,20260209_085723,20260209_085723-0039,1,初回,2025-09-09 13:27:49.754000,147.19100,1.00
2025-09-01,2025-09-30,20260209_085723,20260209_085723-0040,1,初回,2025-09-09 13:51:30.244000,147.13200,1.00
2025-09-01,2025-09-30,20260209_085723,20260209_085723-0041,1,初回,2025-09-09 14:53:51.618000,146.88200,1.00
2025-09-01,2025-09-30,20260209_085723,20260209_085723-0042,1,初回,2025-09-09 15:00:01.888000,146.85000,1.00
2025-09-01,2025-09-30,20260209_085723,20260209_085723-0043,1,初回,2025-09-09 17:26:45.542000,146.82200,1.00
2025-09-01,2025-09-30,20260209_085723,20260209_085723-0044,1,初回,2025-09-09 17:30:46.557000,146.59900,1.00
2025-09-01,2025-09-30,20260209_085723,20260209_085723-0045,1,初回,2025-09-09 18:31:13.294000,146.34700,1.00
2025-09-01,2025-09-30,20260209_085723,20260209_085723-0046,1,初回,2025-09-10 03:39:18.400000,147.40100,1.00
2025-09-01,2025-09-30,20260209_085723,20260209_085723-0047,1,初回,2025-09-10 03:34:57.167000,147.40800,1.00
2025-09-01,2025-09-30,20260209_085723,20260209_085723-0048,1,初回,2025-09-10 04:07:26.812000,147.43200,1.00
2025-09-01,2025-09-30,20260209_085723,20260209_085723-0049,1,初回,2025-09-10 15:58:27.622000,147.54100,1.00
2025-09-01,2025-09-30,20260209_085723,20260209_085723-0050,1,初回,2025-09-10 15:58:53.407000,147.55700,1.00
2025-09-01,2025-09-30,20260209_085723,20260209_085723-0051,1,初回,2025-09-10 21:30:01.427000,147.29600,1.00
2025-09-01,2025-09-30,20260209_085723,20260209_085723-0052,1,初回,2025-09-10 21:30:03.851000,147.11800,1.00
2025-09-01,2025-09-30,20260209_085723,20260209_085723-0053,1,初回,2025-09-10 21:53:19.793000,147.63200,1.00
2025-09-01,2025-09-30,20260209_085723,20260209_085723-0054,1,初回,2025-09-11 14:55:16.591000,147.57600,1.00
2025-09-01,2025-09-30,20260209_085723,20260209_085723-0055,1,初回,2025-09-11 15:30:48.680000,147.76000,1.00
2025-09-01,2025-09-30,20260209_085723,20260209_085723-0056,1,初回,2025-09-11 16:30:41.340000,147.80300,1.00
2025-09-01,2025-09-30,20260209_085723,20260209_085723-0057,1,初回,2025-09-11 17:14:55.778000,147.83400,1.00
2025-09-01,2025-09-30,20260209_085723,20260209_085723-0058,1,初回,2025-09-11 18:34:56.653000,147.96200,1.00
2025-09-01,2025-09-30,20260209_085723,20260209_085723-0059,1,初回,2025-09-11 21:30:04.708000,148.15100,1.00
2025-09-01,2025-09-30,20260209_085723,20260209_085723-0060,1,初回,2025-09-11 23:03:04.356000,147.31900,1.00
2025-09-01,2025-09-30,20260209_085723,20260209_085723-0061,1,初回,2025-09-11 23:17:57.080000,147.12400,1.00
2025-09-01,2025-09-30,20260209_085723,20260209_085723-0062,1,初回,2025-09-11 23:42:06.381000,147.02400,1.00
2025-09-01,2025-09-30,20260209_085723,20260209_085723-0063,1,初回,2025-09-12 01:09:28.168000,147.02400,1.00
2025-09-01,2025-09-30,20260209_085723,20260209_085723-0064,1,初回,2025-09-12 11:01:50.833000,147.41700,1.00
2025-09-01,2025-09-30,20260209_085723,20260209_085723-0065,1,初回,2025-09-12 11:29:20.394000,147.44800,1.00
2025-09-01,2025-09-30,20260209_085723,20260209_085723-0066,1,初回,2025-09-12 12:02:50.327000,147.44900,1.00
2025-09-01,2025-09-30,20260209_085723,20260209_085723-0067,1,初回,2025-09-12 13:12:46.819000,147.52900,1.00
2025-09-01,2025-09-30,20260209_085723,20260209_085723-0068,1,初回,2025-09-12 17:07:05.704000,147.52600,1.00
2025-09-01,2025-09-30,20260209_085723,20260209_085723-0069,1,初回,2025-09-12 17:49:06.007000,147.89600,1.00
2025-09-01,2025-09-30,20260209_085723,20260209_085723-0070,1,初回,2025-09-12 18:38:12.366000,147.95200,1.00
2025-09-01,2025-09-30,20260209_085723,20260209_085723-0071,1,初回,2025-09-12 21:33:17.350000,148.04200,1.00
2025-09-01,2025-09-30,20260209_085723,20260209_085723-0072,1,初回,2025-09-15 13:01:02.779000,147.40700,1.00
2025-09-01,2025-09-30,20260209_085723,20260209_085723-0073,1,初回,2025-09-15 13:20:13.843000,147.37900,1.00
2025-09-01,2025-09-30,20260209_085723,20260209_085723-0074,1,初回,2025-09-15 18:29:34.054000,147.34800,1.00
2025-09-01,2025-09-30,20260209_085723,20260209_085723-0075,1,初回,2025-09-15 19:22:02.842000,147.28500,1.00
2025-09-01,2025-09-30,20260209_085723,20260209_085723-0076,1,初回,2025-09-15 22:00:02.049000,147.27100,1.00
2025-09-01,2025-09-30,20260209_085723,20260209_085723-0077,1,初回,2025-09-16 11:16:02.891000,147.20600,1.00
2025-09-01,2025-09-30,20260209_085723,20260209_085723-0078,1,初回,2025-09-16 11:20:28.610000,147.15700,1.00
2025-09-01,2025-09-30,20260209_085723,20260209_085723-0079,1,初回,2025-09-16 12:33:00.421000,147.05800,1.00
2025-09-01,2025-09-30,20260209_085723,20260209_085723-0080,1,初回,2025-09-16 13:24:24.418000,147.00900,1.00
2025-09-01,2025-09-30,20260209_085723,20260209_085723-0081,1,初回,2025-09-16 14:30:04.964000,146.95300,1.00
2025-09-01,2025-09-30,20260209_085723,20260209_085723-0082,1,初回,2025-09-16 15:34:59.306000,146.81900,1.00
2025-09-01,2025-09-30,20260209_085723,20260209_085723-0083,1,初回,2025-09-16 16:13:18.564000,146.73100,1.00
2025-09-01,2025-09-30,20260209_085723,20260209_085723-0084,1,初回,2025-09-16 21:30:12.531000,147.23100,1.00
2025-09-01,2025-09-30,20260209_085723,20260209_085723-0085,1,初回,2025-09-16 23:17:07.724000,146.56100,1.00
2025-09-01,2025-09-30,20260209_085723,20260209_085723-0086,1,初回,2025-09-17 00:00:55.605000,146.54200,1.00
2025-09-01,2025-09-30,20260209_085723,20260209_085723-0087,1,初回,2025-09-17 01:55:43.041000,146.38900,1.00
2025-09-01,2025-09-30,20260209_085723,20260209_085723-0088,1,初回,2025-09-17 02:00:31.057000,146.34900,1.00
2025-09-01,2025-09-30,20260209_085723,20260209_085723-0089,1,初回,2025-09-17 02:12:03.470000,146.31700,1.00
2025-09-01,2025-09-30,20260209_085723,20260209_085723-0090,1,初回,2025-09-17 17:01:15.189000,146.65300,1.00
2025-09-01,2025-09-30,20260209_085723,20260209_085723-0091,1,初回,2025-09-17 19:03:42.748000,146.24500,1.00
2025-09-01,2025-09-30,20260209_085723,20260209_085723-0092,1,初回,2025-09-17 19:03:40.728000,146.24900,1.00
2025-09-01,2025-09-30,20260209_085723,20260209_085723-0093,1,初回,2025-09-18 03:09:10.032000,145.51800,1.00
2025-09-01,2025-09-30,20260209_085723,20260209_085723-0094,1,初回,2025-09-18 03:54:29.951000,146.82900,1.00
2025-09-01,2025-09-30,20260209_085723,20260209_085723-0095,1,初回,2025-09-18 04:01:03.551000,146.82600,1.00
2025-09-01,2025-09-30,20260209_085723,20260209_085723-0096,1,初回,2025-09-18 13:24:26.949000,147.11800,1.00
2025-09-01,2025-09-30,20260209_085723,20260209_085723-0097,1,初回,2025-09-18 13:49:59.132000,147.19000,1.00
2025-09-01,2025-09-30,20260209_085723,20260209_085723-0098,1,初回,2025-09-18 14:57:10.970000,147.37500,1.00
2025-09-01,2025-09-30,20260209_085723,20260209_085723-0099,1,初回,2025-09-18 15:13:30.451000,147.51100,1.00
2025-09-01,2025-09-30,20260209_085723,20260209_085723-0100,1,初回,2025-09-18 15:13:28.429000,147.50200,1.00
2025-09-01,2025-09-30,20260209_085723,20260209_085723-0101,1,初回,2025-09-18 21:53:36.546000,147.74600,1.00
2025-09-01,2025-09-30,20260209_085723,20260209_085723-0102,1,初回,2025-09-18 21:58:10.198000,147.77100,1.00
2025-09-01,2025-09-30,20260209_085723,20260209_085723-0103,1,初回,2025-09-18 22:43:07.693000,148.23800,1.00
2025-09-01,2025-09-30,20260209_085723,20260209_085723-0104,1,初回,2025-09-19 11:02:37.920000,148.08500,1.00
2025-09-01,2025-09-30,20260209_085723,20260209_085723-0105,1,初回,2025-09-19 12:26:44.473000,147.82900,1.00
2025-09-01,2025-09-30,20260209_085723,20260209_085723-0106,1,初回,2025-09-19 12:48:15.645000,147.40300,1.00
2025-09-01,2025-09-30,20260209_085723,20260209_085723-0107,1,初回,2025-09-19 13:11:01.668000,147.23700,1.00
2025-09-01,2025-09-30,20260209_085723,20260209_085723-0108,1,初回,2025-09-19 17:25:19.318000,148.00200,1.00
2025-09-01,2025-09-30,20260209_085723,20260209_085723-0109,1,初回,2025-09-19 20:56:19.312000,148.16900,1.00
2025-09-01,2025-09-30,20260209_085723,20260209_085723-0110,1,初回,2025-09-19 21:48:49.608000,148.25300,1.00
2025-09-01,2025-09-30,20260209_085723,20260209_085723-0111,1,初回,2025-09-22 11:12:11.380000,148.32400,1.00
2025-09-01,2025-09-30,20260209_085723,20260209_085723-0112,1,初回,2025-09-22 12:00:10.890000,148.34600,1.00
2025-09-01,2025-09-30,20260209_085723,20260209_085723-0113,1,初回,2025-09-22 17:45:14.853000,147.82800,1.00
2025-09-01,2025-09-30,20260209_085723,20260209_085723-0114,1,初回,2025-09-22 20:51:53.308000,147.79400,1.00
2025-09-01,2025-09-30,20260209_085723,20260209_085723-0115,1,初回,2025-09-22 20:51:54.495000,147.77900,1.00
2025-09-01,2025-09-30,20260209_085723,20260209_085723-0116,1,初回,2025-09-22 22:00:03.722000,147.94000,1.00
2025-09-01,2025-09-30,20260209_085723,20260209_085723-0117,1,初回,2025-09-22 22:19:22.567000,147.76900,1.00
2025-09-01,2025-09-30,20260209_085723,20260209_085723-0118,1,初回,2025-09-22 23:18:50.000000,147.95400,1.00
2025-09-01,2025-09-30,20260209_085723,20260209_085723-0119,1,初回,2025-09-23 02:43:39.566000,147.69700,1.00
2025-09-01,2025-09-30,20260209_085723,20260209_085723-0120,1,初回,2025-09-23 17:43:39.109000,147.63700,1.00
2025-09-01,2025-09-30,20260209_085723,20260209_085723-0121,1,初回,2025-09-23 17:50:22.088000,147.57400,1.00
2025-09-01,2025-09-30,20260209_085723,20260209_085723-0122,1,初回,2025-09-23 18:00:26.514000,147.54600,1.00
2025-09-01,2025-09-30,20260209_085723,20260209_085723-0123,1,初回,2025-09-23 21:36:11.442000,147.83500,1.00
2025-09-01,2025-09-30,20260209_085723,20260209_085723-0124,1,初回,2025-09-23 21:39:45.557000,147.85500,1.00
2025-09-01,2025-09-30,20260209_085723,20260209_085723-0125,1,初回,2025-09-23 22:49:57.291000,147.85600,1.00
2025-09-01,2025-09-30,20260209_085723,20260209_085723-0126,1,初回,2025-09-24 00:30:37.598000,147.89800,1.00
2025-09-01,2025-09-30,20260209_085723,20260209_085723-0127,1,初回,2025-09-24 01:36:36.204000,147.89600,1.00
2025-09-01,2025-09-30,20260209_085723,20260209_085723-0128,1,初回,2025-09-24 02:41:59.682000,147.52900,1.00
2025-09-01,2025-09-30,20260209_085723,20260209_085723-0129,1,初回,2025-09-24 03:16:23.244000,147.49700,1.00
2025-09-01,2025-09-30,20260209_085723,20260209_085723-0130,1,初回,2025-09-24 14:11:44.943000,147.93200,1.00
2025-09-01,2025-09-30,20260209_085723,20260209_085723-0131,1,初回,2025-09-24 13:18:52.133000,147.93700,1.00
2025-09-01,2025-09-30,20260209_085723,20260209_085723-0132,1,初回,2025-09-24 15:28:17.490000,148.07700,1.00
2025-09-01,2025-09-30,20260209_085723,20260209_085723-0133,1,初回,2025-09-24 17:42:36.200000,148.26400,1.00
2025-09-01,2025-09-30,20260209_085723,20260209_085723-0134,1,初回,2025-09-24 18:26:07.438000,148.31600,1.00
2025-09-01,2025-09-30,20260209_085723,20260209_085723-0135,1,初回,2025-09-24 19:07:05.692000,148.34600,1.00
2025-09-01,2025-09-30,20260209_085723,20260209_085723-0136,1,初回,2025-09-24 19:18:48.269000,148.39300,1.00
2025-09-01,2025-09-30,20260209_085723,20260209_085723-0137,1,初回,2025-09-24 20:30:01.213000,148.48700,1.00
2025-09-01,2025-09-30,20260209_085723,20260209_085723-0138,1,初回,2025-09-24 21:30:33.537000,148.54800,1.00
2025-09-01,2025-09-30,20260209_085723,20260209_085723-0139,1,初回,2025-09-24 21:51:04.877000,148.68400,1.00
2025-09-01,2025-09-30,20260209_085723,20260209_085723-0140,1,初回,2025-09-24 23:00:00.656000,148.75600,1.00
2025-09-01,2025-09-30,20260209_085723,20260209_085723-0141,1,初回,2025-09-24 22:15:37.825000,148.74700,1.00
2025-09-01,2025-09-30,20260209_085723,20260209_085723-0142,1,初回,2025-09-25 03:49:03.656000,148.84300,1.00
2025-09-01,2025-09-30,20260209_085723,20260209_085723-0143,1,初回,2025-09-25 04:00:08.256000,148.85800,1.00
2025-09-01,2025-09-30,20260209_085723,20260209_085723-0144,1,初回,2025-09-25 20:12:15.668000,148.88500,1.00
2025-09-01,2025-09-30,20260209_085723,20260209_085723-0145,1,初回,2025-09-25 20:12:28.100000,148.88500,1.00
2025-09-01,2025-09-30,20260209_085723,20260209_085723-0146,1,初回,2025-09-25 21:51:11.744000,149.32600,1.00
2025-09-01,2025-09-30,20260209_085723,20260209_085723-0147,1,初回,2025-09-25 22:53:12.649000,149.45300,1.00
2025-09-01,2025-09-30,20260209_085723,20260209_085723-0148,1,初回,2025-09-25 23:38:33.873000,149.60800,1.00
2025-09-01,2025-09-30,20260209_085723,20260209_085723-0149,1,初回,2025-09-26 00:31:15.573000,149.81500,1.00
2025-09-01,2025-09-30,20260209_085723,20260209_085723-0150,1,初回,2025-09-26 01:16:35.281000,149.83900,1.00
2025-09-01,2025-09-30,20260209_085723,20260209_085723-0151,1,初回,2025-09-26 02:31:08.151000,149.88800,1.00
2025-09-01,2025-09-30,20260209_085723,20260209_085723-0152,1,初回,2025-09-26 03:10:37.426000,149.89800,1.00
2025-09-01,2025-09-30,20260209_085723,20260209_085723-0153,1,初回,2025-09-26 19:52:34.052000,149.92500,1.00
2025-09-01,2025-09-30,20260209_085723,20260209_085723-0154,1,初回,2025-09-26 19:52:38.163000,149.92500,1.00
2025-09-01,2025-09-30,20260209_085723,20260209_085723-0155,1,初回,2025-09-26 21:18:45.478000,149.69000,1.00
2025-09-01,2025-09-30,20260209_085723,20260209_085723-0156,1,初回,2025-09-26 21:31:37.803000,149.62100,1.00
2025-09-01,2025-09-30,20260209_085723,20260209_085723-0157,1,初回,2025-09-26 22:04:08.787000,149.55200,1.00
2025-09-01,2025-09-30,20260209_085723,20260209_085723-0158,1,初回,2025-09-26 23:44:54.791000,149.50500,1.00
2025-09-01,2025-09-30,20260209_085723,20260209_085723-0159,1,初回,2025-09-27 00:29:23.752000,149.46300,1.00
2025-09-01,2025-09-30,20260209_085723,20260209_085723-0160,1,初回,2025-09-27 03:53:23.033000,149.44200,1.00
2025-09-01,2025-09-30,20260209_085723,20260209_085723-0161,1,初回,2025-09-29 11:02:04.167000,149.05300,1.00
2025-09-01,2025-09-30,20260209_085723,20260209_085723-0162,1,初回,2025-09-29 11:23:25.715000,148.93800,1.00
2025-09-01,2025-09-30,20260209_085723,20260209_085723-0163,1,初回,2025-09-29 12:03:07.637000,148.92400,1.00
2025-09-01,2025-09-30,20260209_085723,20260209_085723-0164,1,初回,2025-09-29 14:31:45.503000,148.83600,1.00
2025-09-01,2025-09-30,20260209_085723,20260209_085723-0165,1,初回,2025-09-29 14:32:14.196000,148.77800,1.00
2025-09-01,2025-09-30,20260209_085723,20260209_085723-0166,1,初回,2025-09-29 15:11:09.657000,148.75300,1.00
2025-09-01,2025-09-30,20260209_085723,20260209_085723-0167,1,初回,2025-09-29 16:49:07.414000,148.59800,1.00
2025-09-01,2025-09-30,20260209_085723,20260209_085723-0168,1,初回,2025-09-29 16:50:02.987000,148.55900,1.00
2025-09-01,2025-09-30,20260209_085723,20260209_085723-0169,1,初回,2025-09-29 17:11:54.979000,148.50900,1.00
2025-09-01,2025-09-30,20260209_085723,20260209_085723-0170,1,初回,2025-09-30 13:26:01.512000,148.47800,1.00
2025-09-01,2025-09-30,20260209_085723,20260209_085723-0171,1,初回,2025-09-30 13:26:51.054000,148.42700,1.00
2025-09-01,2025-09-30,20260209_085723,20260209_085723-0172,1,初回,2025-09-30 14:40:54.254000,148.26600,1.00
2025-09-01,2025-09-30,20260209_085723,20260209_085723-0173,1,初回,2025-09-30 15:46:16.239000,148.09100,1.00
2025-09-01,2025-09-30,20260209_085723,20260209_085723-0174,1,初回,2025-09-30 16:45:24.414000,147.98000,1.00
2025-09-01,2025-09-30,20260209_085723,20260209_085723-0175,1,初回,2025-09-30 17:42:57.945000,147.85400,1.00
2025-09-01,2025-09-30,20260209_085723,20260209_085723-0176,1,初回,2025-09-30 18:00:30.208000,147.87200,1.00
2025-09-01,2025-09-30,20260209_085723,20260209_085723-0177,1,初回,2025-09-30 17:16:04.192000,147.87600,1.00
2025-09-01,2025-09-30,20260209_085723,20260209_085723-0178,1,初回,2025-09-30 22:49:19.977000,147.85000,1.00
2025-09-01,2025-09-30,20260209_085723,20260209_085723-0179,1,初回,2025-09-30 23:57:38.225000,147.68500,1.00
2025-10-01,2025-10-31,20260209_085816,20260209_085816-0001,1,初回,2025-10-01 16:14:13.728000,147.05600,1.00
2025-10-01,2025-10-31,20260209_085816,20260209_085816-0002,1,初回,2025-10-01 17:39:30.637000,146.94100,1.00
2025-10-01,2025-10-31,20260209_085816,20260209_085816-0003,1,初回,2025-10-01 21:17:17.569000,146.62700,1.00
2025-10-01,2025-10-31,20260209_085816,20260209_085816-0004,1,初回,2025-10-02 15:37:22.096000,146.97500,1.00
2025-10-01,2025-10-31,20260209_085816,20260209_085816-0005,1,初回,2025-10-02 15:37:26.549000,146.92200,1.00
2025-10-01,2025-10-31,20260209_085816,20260209_085816-0006,1,初回,2025-10-02 15:44:45.245000,147.29200,1.00
2025-10-01,2025-10-31,20260209_085816,20260209_085816-0007,1,初回,2025-10-02 15:45:03.044000,147.34900,1.00
2025-10-01,2025-10-31,20260209_085816,20260209_085816-0008,1,初回,2025-10-02 17:17:31.223000,146.93000,1.00
2025-10-01,2025-10-31,20260209_085816,20260209_085816-0009,1,初回,2025-10-02 17:50:14.310000,146.76400,1.00
2025-10-01,2025-10-31,20260209_085816,20260209_085816-0010,1,初回,2025-10-02 18:37:40.324000,146.63700,1.00
2025-10-01,2025-10-31,20260209_085816,20260209_085816-0011,1,初回,2025-10-03 00:38:53.233000,147.48400,1.00
2025-10-01,2025-10-31,20260209_085816,20260209_085816-0012,1,初回,2025-10-03 11:15:28.219000,147.65600,1.00
2025-10-01,2025-10-31,20260209_085816,20260209_085816-0013,1,初回,2025-10-03 11:33:21.559000,147.65400,1.00
2025-10-01,2025-10-31,20260209_085816,20260209_085816-0014,1,初回,2025-10-03 12:10:26.402000,147.73600,1.00
2025-10-01,2025-10-31,20260209_085816,20260209_085816-0015,1,初回,2025-10-03 14:59:15.004000,147.78500,1.00
2025-10-01,2025-10-31,20260209_085816,20260209_085816-0016,1,初回,2025-10-03 15:23:08.237000,147.53900,1.00
2025-10-01,2025-10-31,20260209_085816,20260209_085816-0017,1,初回,2025-10-03 16:37:45.984000,147.44600,1.00
2025-10-01,2025-10-31,20260209_085816,20260209_085816-0018,1,初回,2025-10-03 17:55:00.122000,147.31800,1.00
2025-10-01,2025-10-31,20260209_085816,20260209_085816-0019,1,初回,2025-10-03 20:40:07.903000,147.25700,1.00
2025-10-01,2025-10-31,20260209_085816,20260209_085816-0020,1,初回,2025-10-03 22:00:06.980000,147.25200,1.00
2025-10-01,2025-10-31,20260209_085816,20260209_085816-0021,1,初回,2025-10-03 23:00:00.307000,147.09000,1.00
2025-10-01,2025-10-31,20260209_085816,20260209_085816-0022,1,初回,2025-10-03 23:00:00.461000,147.10600,1.00
2025-10-01,2025-10-31,20260209_085816,20260209_085816-0023,1,初回,2025-10-06 11:03:01.350000,149.83100,1.00
2025-10-01,2025-10-31,20260209_085816,20260209_085816-0024,1,初回,2025-10-06 11:36:04.901000,149.88700,1.00
2025-10-01,2025-10-31,20260209_085816,20260209_085816-0025,1,初回,2025-10-06 12:53:07.797000,150.07000,1.00
2025-10-01,2025-10-31,20260209_085816,20260209_085816-0026,1,初回,2025-10-06 13:41:02.997000,150.31300,1.00
2025-10-01,2025-10-31,20260209_085816,20260209_085816-0027,1,初回,2025-10-06 14:35:17.093000,150.40700,1.00
2025-10-01,2025-10-31,20260209_085816,20260209_085816-0028,1,初回,2025-10-06 18:42:54.742000,150.44500,1.00
2025-10-01,2025-10-31,20260209_085816,20260209_085816-0029,1,初回,2025-10-07 12:18:09.705000,150.37500,1.00
2025-10-01,2025-10-31,20260209_085816,20260209_085816-0030,1,初回,2025-10-07 13:30:28.907000,150.28400,1.00
2025-10-01,2025-10-31,20260209_085816,20260209_085816-0031,1,初回,2025-10-07 15:05:25.650000,150.58800,1.00
2025-10-01,2025-10-31,20260209_085816,20260209_085816-0032,1,初回,2025-10-07 15:12:58.721000,150.67000,1.00
2025-10-01,2025-10-31,20260209_085816,20260209_085816-0033,1,初回,2025-10-07 16:06:21.672000,150.68200,1.00
2025-10-01,2025-10-31,20260209_085816,20260209_085816-0034,1,初回,2025-10-07 17:55:56.728000,150.81100,1.00
2025-10-01,2025-10-31,20260209_085816,20260209_085816-0035,1,初回,2025-10-07 20:50:10.324000,150.92700,1.00
2025-10-01,2025-10-31,20260209_085816,20260209_085816-0036,1,初回,2025-10-07 21:23:41.425000,151.00200,1.00
2025-10-01,2025-10-31,20260209_085816,20260209_085816-0037,1,初回,2025-10-07 23:33:49.751000,151.17500,1.00
2025-10-01,2025-10-31,20260209_085816,20260209_085816-0038,1,初回,2025-10-08 00:00:35.979000,151.17400,1.00
2025-10-01,2025-10-31,20260209_085816,20260209_085816-0039,1,初回,2025-10-08 01:42:08.012000,151.38600,1.00
2025-10-01,2025-10-31,20260209_085816,20260209_085816-0040,1,初回,2025-10-08 02:35:00.363000,151.50800,1.00
2025-10-01,2025-10-31,20260209_085816,20260209_085816-0041,1,初回,2025-10-08 03:39:33.290000,151.90600,1.00
2025-10-01,2025-10-31,20260209_085816,20260209_085816-0042,1,初回,2025-10-08 04:42:01.113000,151.93000,1.00
2025-10-01,2025-10-31,20260209_085816,20260209_085816-0043,1,初回,2025-10-08 11:02:34.925000,152.57600,1.00
2025-10-01,2025-10-31,20260209_085816,20260209_085816-0044,1,初回,2025-10-08 11:00:31.337000,152.61700,1.00
2025-10-01,2025-10-31,20260209_085816,20260209_085816-0045,1,初回,2025-10-08 17:57:31.024000,152.76300,1.00
2025-10-01,2025-10-31,20260209_085816,20260209_085816-0046,1,初回,2025-10-08 18:53:53.318000,152.96800,1.00
2025-10-01,2025-10-31,20260209_085816,20260209_085816-0047,1,初回,2025-10-08 22:16:04.769000,152.41400,1.00
2025-10-01,2025-10-31,20260209_085816,20260209_085816-0048,1,初回,2025-10-09 11:52:04.690000,152.44700,1.00
2025-10-01,2025-10-31,20260209_085816,20260209_085816-0049,1,初回,2025-10-09 15:19:28.161000,152.96900,1.00
2025-10-01,2025-10-31,20260209_085816,20260209_085816-0050,1,初回,2025-10-09 15:41:26.559000,153.11800,1.00
2025-10-01,2025-10-31,20260209_085816,20260209_085816-0051,1,初回,2025-10-09 16:40:46.790000,153.18700,1.00
2025-10-01,2025-10-31,20260209_085816,20260209_085816-0052,1,初回,2025-10-09 22:11:28.107000,152.13800,1.00
2025-10-01,2025-10-31,20260209_085816,20260209_085816-0053,1,初回,2025-10-09 23:26:56.022000,153.15400,1.00
2025-10-01,2025-10-31,20260209_085816,20260209_085816-0054,1,初回,2025-10-10 00:33:02.716000,153.20100,1.00
2025-10-01,2025-10-31,20260209_085816,20260209_085816-0055,1,初回,2025-10-10 11:12:52.374000,152.87400,1.00
2025-10-01,2025-10-31,20260209_085816,20260209_085816-0056,1,初回,2025-10-10 12:23:12.313000,152.81200,1.00
2025-10-01,2025-10-31,20260209_085816,20260209_085816-0057,1,初回,2025-10-10 13:02:32.190000,152.67500,1.00
2025-10-01,2025-10-31,20260209_085816,20260209_085816-0058,1,初回,2025-10-10 12:51:06.290000,152.68300,1.00
2025-10-01,2025-10-31,20260209_085816,20260209_085816-0059,1,初回,2025-10-10 15:37:16.758000,152.41800,1.00
2025-10-01,2025-10-31,20260209_085816,20260209_085816-0060,1,初回,2025-10-11 00:30:43.951000,151.54400,1.00
2025-10-01,2025-10-31,20260209_085816,20260209_085816-0061,1,初回,2025-10-13 13:17:40.540000,151.84600,1.00
2025-10-01,2025-10-31,20260209_085816,20260209_085816-0062,1,初回,2025-10-13 14:18:16.805000,151.80400,1.00
2025-10-01,2025-10-31,20260209_085816,20260209_085816-0063,1,初回,2025-10-13 15:13:38.559000,151.75500,1.00
2025-10-01,2025-10-31,20260209_085816,20260209_085816-0064,1,初回,2025-10-13 17:35:24.355000,152.44100,1.00
2025-10-01,2025-10-31,20260209_085816,20260209_085816-0065,1,初回,2025-10-13 17:35:05.045000,152.41800,1.00
2025-10-01,2025-10-31,20260209_085816,20260209_085816-0066,1,初回,2025-10-13 20:06:48.170000,152.01800,1.00
2025-10-01,2025-10-31,20260209_085816,20260209_085816-0067,1,初回,2025-10-14 12:44:08.875000,152.15000,1.00
2025-10-01,2025-10-31,20260209_085816,20260209_085816-0068,1,初回,2025-10-14 12:45:38.359000,152.08400,1.00
2025-10-01,2025-10-31,20260209_085816,20260209_085816-0069,1,初回,2025-10-14 13:17:54.780000,151.82000,1.00
2025-10-01,2025-10-31,20260209_085816,20260209_085816-0070,1,初回,2025-10-14 14:39:32.061000,151.71100,1.00
2025-10-01,2025-10-31,20260209_085816,20260209_085816-0071,1,初回,2025-10-14 15:00:42.038000,151.65200,1.00
2025-10-01,2025-10-31,20260209_085816,20260209_085816-0072,1,初回,2025-10-14 21:23:20.376000,151.88700,1.00
2025-10-01,2025-10-31,20260209_085816,20260209_085816-0073,1,初回,2025-10-14 22:06:06.410000,152.13500,1.00
2025-10-01,2025-10-31,20260209_085816,20260209_085816-0074,1,初回,2025-10-14 22:43:36.854000,151.85700,1.00
2025-10-01,2025-10-31,20260209_085816,20260209_085816-0075,1,初回,2025-10-14 23:57:51.224000,151.85800,1.00
2025-10-01,2025-10-31,20260209_085816,20260209_085816-0076,1,初回,2025-10-15 00:39:45.272000,151.77800,1.00
2025-10-01,2025-10-31,20260209_085816,20260209_085816-0077,1,初回,2025-10-15 01:19:53.209000,151.70600,1.00
2025-10-01,2025-10-31,20260209_085816,20260209_085816-0078,1,初回,2025-10-15 04:37:12.503000,151.64400,1.00
2025-10-01,2025-10-31,20260209_085816,20260209_085816-0079,1,初回,2025-10-15 11:09:52.191000,151.15800,1.00
2025-10-01,2025-10-31,20260209_085816,20260209_085816-0080,1,初回,2025-10-15 11:38:31.238000,151.07100,1.00
2025-10-01,2025-10-31,20260209_085816,20260209_085816-0081,1,初回,2025-10-15 12:00:21.612000,151.04000,1.00
2025-10-01,2025-10-31,20260209_085816,20260209_085816-0082,1,初回,2025-10-15 15:11:44.949000,150.94000,1.00
2025-10-01,2025-10-31,20260209_085816,20260209_085816-0083,1,初回,2025-10-15 21:11:20.679000,151.57400,1.00
2025-10-01,2025-10-31,20260209_085816,20260209_085816-0084,1,初回,2025-10-15 21:17:05.407000,151.66300,1.00
2025-10-01,2025-10-31,20260209_085816,20260209_085816-0085,1,初回,2025-10-15 22:03:47.095000,151.70700,1.00
2025-10-01,2025-10-31,20260209_085816,20260209_085816-0086,1,初回,2025-10-16 00:43:40.709000,151.07700,1.00
2025-10-01,2025-10-31,20260209_085816,20260209_085816-0087,1,初回,2025-10-17 01:30:04.333000,150.55300,1.00
2025-10-01,2025-10-31,20260209_085816,20260209_085816-0088,1,初回,2025-10-17 01:30:04.437000,150.55200,1.00
2025-10-01,2025-10-31,20260209_085816,20260209_085816-0089,1,初回,2025-10-17 01:48:44.348000,150.27100,1.00
2025-10-01,2025-10-31,20260209_085816,20260209_085816-0090,1,初回,2025-10-17 03:12:13.169000,150.25900,1.00
2025-10-01,2025-10-31,20260209_085816,20260209_085816-0091,1,初回,2025-10-17 04:35:04.074000,150.24500,1.00
2025-10-01,2025-10-31,20260209_085816,20260209_085816-0092,1,初回,2025-10-17 11:36:47.777000,150.08500,1.00
2025-10-01,2025-10-31,20260209_085816,20260209_085816-0093,1,初回,2025-10-17 12:49:48.713000,149.93300,1.00
2025-10-01,2025-10-31,20260209_085816,20260209_085816-0094,1,初回,2025-10-17 14:53:00.319000,149.79200,1.00
2025-10-01,2025-10-31,20260209_085816,20260209_085816-0095,1,初回,2025-10-17 14:53:18.516000,149.77500,1.00
2025-10-01,2025-10-31,20260209_085816,20260209_085816-0096,1,初回,2025-10-17 15:54:33.096000,149.66300,1.00
2025-10-01,2025-10-31,20260209_085816,20260209_085816-0097,1,初回,2025-10-17 16:21:17.490000,149.41800,1.00
2025-10-01,2025-10-31,20260209_085816,20260209_085816-0098,1,初回,2025-10-17 21:19:22.482000,150.51400,1.00
2025-10-01,2025-10-31,20260209_085816,20260209_085816-0099,1,初回,2025-10-17 23:14:04.888000,150.56100,1.00
2025-10-01,2025-10-31,20260209_085816,20260209_085816-0100,1,初回,2025-10-18 00:37:23.026000,150.24100,1.00
2025-10-01,2025-10-31,20260209_085816,20260209_085816-0101,1,初回,2025-10-20 14:29:04.232000,150.53600,1.00
2025-10-01,2025-10-31,20260209_085816,20260209_085816-0102,1,初回,2025-10-20 18:08:19.839000,150.30500,1.00
2025-10-01,2025-10-31,20260209_085816,20260209_085816-0103,1,初回,2025-10-20 19:08:24.985000,150.80500,1.00
2025-10-01,2025-10-31,20260209_085816,20260209_085816-0104,1,初回,2025-10-20 20:34:29.660000,150.82400,1.00
2025-10-01,2025-10-31,20260209_085816,20260209_085816-0105,1,初回,2025-10-20 23:37:16.469000,150.45000,1.00
2025-10-01,2025-10-31,20260209_085816,20260209_085816-0106,1,初回,2025-10-21 11:00:40.132000,150.96400,1.00
2025-10-01,2025-10-31,20260209_085816,20260209_085816-0107,1,初回,2025-10-21 11:46:38.820000,151.11500,1.00
2025-10-01,2025-10-31,20260209_085816,20260209_085816-0108,1,初回,2025-10-21 12:00:05.044000,151.12000,1.00
2025-10-01,2025-10-31,20260209_085816,20260209_085816-0109,1,初回,2025-10-21 13:31:46.381000,151.17000,1.00
2025-10-01,2025-10-31,20260209_085816,20260209_085816-0110,1,初回,2025-10-21 13:31:50.827000,151.21400,1.00
2025-10-01,2025-10-31,20260209_085816,20260209_085816-0111,1,初回,2025-10-21 14:05:02.636000,150.88200,1.00
2025-10-01,2025-10-31,20260209_085816,20260209_085816-0112,1,初回,2025-10-21 14:16:39.631000,151.34300,1.00
2025-10-01,2025-10-31,20260209_085816,20260209_085816-0113,1,初回,2025-10-21 14:18:10.025000,151.43100,1.00
2025-10-01,2025-10-31,20260209_085816,20260209_085816-0114,1,初回,2025-10-21 14:39:35.296000,151.49100,1.00
2025-10-01,2025-10-31,20260209_085816,20260209_085816-0115,1,初回,2025-10-21 15:18:00.442000,151.58200,1.00
2025-10-01,2025-10-31,20260209_085816,20260209_085816-0116,1,初回,2025-10-21 17:50:57.883000,151.64900,1.00
2025-10-01,2025-10-31,20260209_085816,20260209_085816-0117,1,初回,2025-10-21 18:36:00.616000,151.77400,1.00
2025-10-01,2025-10-31,20260209_085816,20260209_085816-0118,1,初回,2025-10-21 19:44:27.634000,152.02300,1.00
2025-10-01,2025-10-31,20260209_085816,20260209_085816-0119,1,初回,2025-10-21 21:21:29.218000,152.07500,1.00
2025-10-01,2025-10-31,20260209_085816,20260209_085816-0120,1,初回,2025-10-21 21:34:55.813000,152.14400,1.00
2025-10-01,2025-10-31,20260209_085816,20260209_085816-0121,1,初回,2025-10-21 23:02:07.896000,151.49700,1.00
2025-10-01,2025-10-31,20260209_085816,20260209_085816-0122,1,初回,2025-10-22 15:03:13.341000,151.94100,1.00
2025-10-01,2025-10-31,20260209_085816,20260209_085816-0123,1,初回,2025-10-22 21:45:10.574000,151.91900,1.00
2025-10-01,2025-10-31,20260209_085816,20260209_085816-0124,1,初回,2025-10-22 21:50:02.075000,151.93800,1.00
2025-10-01,2025-10-31,20260209_085816,20260209_085816-0125,1,初回,2025-10-22 22:23:23.085000,152.01500,1.00
2025-10-01,2025-10-31,20260209_085816,20260209_085816-0126,1,初回,2025-10-23 01:32:51.987000,151.52500,1.00
2025-10-01,2025-10-31,20260209_085816,20260209_085816-0127,1,初回,2025-10-23 01:30:42.501000,151.54200,1.00
2025-10-01,2025-10-31,20260209_085816,20260209_085816-0128,1,初回,2025-10-23 11:00:01.160000,152.42700,1.00
2025-10-01,2025-10-31,20260209_085816,20260209_085816-0129,1,初回,2025-10-23 11:40:23.448000,152.47100,1.00
2025-10-01,2025-10-31,20260209_085816,20260209_085816-0130,1,初回,2025-10-23 11:44:33.103000,152.47300,1.00
2025-10-01,2025-10-31,20260209_085816,20260209_085816-0131,1,初回,2025-10-23 13:02:43.652000,152.54200,1.00
2025-10-01,2025-10-31,20260209_085816,20260209_085816-0132,1,初回,2025-10-23 15:41:56.654000,152.58200,1.00
2025-10-01,2025-10-31,20260209_085816,20260209_085816-0133,1,初回,2025-10-23 15:58:48.187000,152.61900,1.00
2025-10-01,2025-10-31,20260209_085816,20260209_085816-0134,1,初回,2025-10-23 17:48:24.639000,152.62100,1.00
2025-10-01,2025-10-31,20260209_085816,20260209_085816-0135,1,初回,2025-10-23 18:04:05.997000,152.63600,1.00
2025-10-01,2025-10-31,20260209_085816,20260209_085816-0136,1,初回,2025-10-23 20:00:42.097000,152.76200,1.00
2025-10-01,2025-10-31,20260209_085816,20260209_085816-0137,1,初回,2025-10-23 19:55:33.407000,152.75800,1.00
2025-10-01,2025-10-31,20260209_085816,20260209_085816-0138,1,初回,2025-10-24 01:10:39.172000,152.76700,1.00
2025-10-01,2025-10-31,20260209_085816,20260209_085816-0139,1,初回,2025-10-24 11:08:23.503000,152.87000,1.00
2025-10-01,2025-10-31,20260209_085816,20260209_085816-0140,1,初回,2025-10-24 11:07:30.185000,152.88400,1.00
2025-10-01,2025-10-31,20260209_085816,20260209_085816-0141,1,初回,2025-10-24 14:12:22.828000,153.00700,1.00
2025-10-01,2025-10-31,20260209_085816,20260209_085816-0142,1,初回,2025-10-24 15:14:04.149000,153.03100,1.00
2025-10-01,2025-10-31,20260209_085816,20260209_085816-0143,1,初回,2025-10-24 14:29:55.887000,153.02600,1.00
2025-10-01,2025-10-31,20260209_085816,20260209_085816-0144,1,初回,2025-10-24 21:30:01.350000,152.49400,1.00
2025-10-01,2025-10-31,20260209_085816,20260209_085816-0145,1,初回,2025-10-24 21:30:01.663000,152.28100,1.00
2025-10-01,2025-10-31,20260209_085816,20260209_085816-0146,1,初回,2025-10-24 22:50:13.617000,152.98700,1.00
2025-10-01,2025-10-31,20260209_085816,20260209_085816-0147,1,初回,2025-10-27 13:38:12.859000,153.14700,1.00
2025-10-01,2025-10-31,20260209_085816,20260209_085816-0148,1,初回,2025-10-27 13:38:11.662000,153.14900,1.00
2025-10-01,2025-10-31,20260209_085816,20260209_085816-0149,1,初回,2025-10-27 14:14:38.829000,153.24300,1.00
2025-10-01,2025-10-31,20260209_085816,20260209_085816-0150,1,初回,2025-10-27 14:12:54.867000,153.22500,1.00
2025-10-01,2025-10-31,20260209_085816,20260209_085816-0151,1,初回,2025-10-27 15:38:57.683000,152.86600,1.00
2025-10-01,2025-10-31,20260209_085816,20260209_085816-0152,1,初回,2025-10-27 17:37:51.177000,152.78300,1.00
2025-10-01,2025-10-31,20260209_085816,20260209_085816-0153,1,初回,2025-10-27 18:38:37.047000,152.73900,1.00
2025-10-01,2025-10-31,20260209_085816,20260209_085816-0154,1,初回,2025-10-27 20:23:35.176000,152.69000,1.00
2025-10-01,2025-10-31,20260209_085816,20260209_085816-0155,1,初回,2025-10-27 20:23:53.342000,152.63000,1.00
2025-10-01,2025-10-31,20260209_085816,20260209_085816-0156,1,初回,2025-10-27 20:58:04.483000,152.63200,1.00
2025-10-01,2025-10-31,20260209_085816,20260209_085816-0157,1,初回,2025-10-27 21:03:02.995000,152.60200,1.00
2025-10-01,2025-10-31,20260209_085816,20260209_085816-0158,1,初回,2025-10-28 12:53:14.782000,152.30100,1.00
2025-10-01,2025-10-31,20260209_085816,20260209_085816-0159,1,初回,2025-10-28 12:55:03.150000,152.18000,1.00
2025-10-01,2025-10-31,20260209_085816,20260209_085816-0160,1,初回,2025-10-28 13:46:08.158000,151.99500,1.00
2025-10-01,2025-10-31,20260209_085816,20260209_085816-0161,1,初回,2025-10-28 13:54:14.436000,151.89200,1.00
2025-10-01,2025-10-31,20260209_085816,20260209_085816-0162,1,初回,2025-10-28 14:25:02.092000,151.79800,1.00
2025-10-01,2025-10-31,20260209_085816,20260209_085816-0163,1,初回,2025-10-29 14:40:10.281000,152.51600,1.00
2025-10-01,2025-10-31,20260209_085816,20260209_085816-0164,1,初回,2025-10-29 22:20:22.408000,151.89800,1.00
2025-10-01,2025-10-31,20260209_085816,20260209_085816-0165,1,初回,2025-10-30 03:35:33.423000,152.71700,1.00
2025-10-01,2025-10-31,20260209_085816,20260209_085816-0166,1,初回,2025-10-30 03:38:55.669000,153.02600,1.00
2025-10-01,2025-10-31,20260209_085816,20260209_085816-0167,1,初回,2025-10-30 04:29:33.354000,153.02900,1.00
2025-10-01,2025-10-31,20260209_085816,20260209_085816-0168,1,初回,2025-10-30 12:03:09.834000,152.20200,1.00
2025-10-01,2025-10-31,20260209_085816,20260209_085816-0169,1,初回,2025-10-30 12:32:46.219000,153.11000,1.00
2025-10-01,2025-10-31,20260209_085816,20260209_085816-0170,1,初回,2025-10-30 15:40:13.308000,153.10800,1.00
2025-10-01,2025-10-31,20260209_085816,20260209_085816-0171,1,初回,2025-10-30 15:40:17.295000,153.16800,1.00
2025-10-01,2025-10-31,20260209_085816,20260209_085816-0172,1,初回,2025-10-30 15:44:28.210000,153.49300,1.00
2025-10-01,2025-10-31,20260209_085816,20260209_085816-0173,1,初回,2025-10-30 16:16:05.424000,153.51500,1.00
2025-10-01,2025-10-31,20260209_085816,20260209_085816-0174,1,初回,2025-10-30 17:32:11.410000,153.85600,1.00
2025-10-01,2025-10-31,20260209_085816,20260209_085816-0175,1,初回,2025-10-30 19:39:38.109000,153.93200,1.00
2025-10-01,2025-10-31,20260209_085816,20260209_085816-0176,1,初回,2025-10-30 20:56:04.316000,154.14400,1.00
2025-10-01,2025-10-31,20260209_085816,20260209_085816-0177,1,初回,2025-10-30 21:28:12.281000,154.25900,1.00
2025-10-01,2025-10-31,20260209_085816,20260209_085816-0178,1,初回,2025-10-30 22:07:24.303000,154.41400,1.00
2025-10-01,2025-10-31,20260209_085816,20260209_085816-0179,1,初回,2025-10-31 15:42:19.558000,154.13400,1.00
2025-10-01,2025-10-31,20260209_085816,20260209_085816-0180,1,初回,2025-10-31 15:51:55.427000,154.20500,1.00
2025-10-01,2025-10-31,20260209_085816,20260209_085816-0181,1,初回,2025-10-31 16:02:22.904000,154.36500,1.00
2025-10-01,2025-10-31,20260209_085816,20260209_085816-0182,1,初回,2025-10-31 17:18:07.256000,154.38300,1.00
2025-11-01,2025-11-30,20260209_085859,20260209_085859-0001,1,初回,2025-11-04 00:00:00.263000,153.92600,1.00
2025-11-01,2025-11-30,20260209_085859,20260209_085859-0002,1,初回,2025-11-04 00:00:02.820000,153.95100,1.00
2025-11-01,2025-11-30,20260209_085859,20260209_085859-0003,1,初回,2025-11-04 12:00:16.024000,154.08900,1.00
2025-11-01,2025-11-30,20260209_085859,20260209_085859-0004,1,初回,2025-11-04 13:40:52.755000,153.84700,1.00
2025-11-01,2025-11-30,20260209_085859,20260209_085859-0005,1,初回,2025-11-04 14:42:48.850000,153.72200,1.00
2025-11-01,2025-11-30,20260209_085859,20260209_085859-0006,1,初回,2025-11-04 15:24:52.035000,153.52900,1.00
2025-11-01,2025-11-30,20260209_085859,20260209_085859-0007,1,初回,2025-11-04 16:31:54.702000,153.36600,1.00
2025-11-01,2025-11-30,20260209_085859,20260209_085859-0008,1,初回,2025-11-04 19:04:51.095000,153.35400,1.00
2025-11-01,2025-11-30,20260209_085859,20260209_085859-0009,1,初回,2025-11-04 22:51:08.407000,153.35400,1.00
2025-11-01,2025-11-30,20260209_085859,20260209_085859-0010,1,初回,2025-11-05 15:42:18.191000,153.71900,1.00
2025-11-01,2025-11-30,20260209_085859,20260209_085859-0011,1,初回,2025-11-05 19:03:11.801000,153.82200,1.00
2025-11-01,2025-11-30,20260209_085859,20260209_085859-0012,1,初回,2025-11-05 22:41:24.464000,153.96100,1.00
2025-11-01,2025-11-30,20260209_085859,20260209_085859-0013,1,初回,2025-11-05 23:00:03.690000,154.01300,1.00
2025-11-01,2025-11-30,20260209_085859,20260209_085859-0014,1,初回,2025-11-06 00:00:00.316000,154.18300,1.00
2025-11-01,2025-11-30,20260209_085859,20260209_085859-0015,1,初回,2025-11-06 00:01:01.317000,154.28000,1.00
2025-11-01,2025-11-30,20260209_085859,20260209_085859-0016,1,初回,2025-11-06 01:04:15.212000,154.32900,1.00
2025-11-01,2025-11-30,20260209_085859,20260209_085859-0017,1,初回,2025-11-06 17:56:25.296000,153.60100,1.00
2025-11-01,2025-11-30,20260209_085859,20260209_085859-0018,1,初回,2025-11-06 17:56:51.177000,153.57100,1.00
2025-11-01,2025-11-30,20260209_085859,20260209_085859-0019,1,初回,2025-11-06 22:37:40.492000,153.44200,1.00
2025-11-01,2025-11-30,20260209_085859,20260209_085859-0020,1,初回,2025-11-06 23:56:04.987000,153.42600,1.00
2025-11-01,2025-11-30,20260209_085859,20260209_085859-0021,1,初回,2025-11-07 00:57:36.766000,153.08200,1.00
2025-11-01,2025-11-30,20260209_085859,20260209_085859-0022,1,初回,2025-11-07 01:57:01.005000,153.01500,1.00
2025-11-01,2025-11-30,20260209_085859,20260209_085859-0023,1,初回,2025-11-07 01:59:48.893000,152.99700,1.00
2025-11-01,2025-11-30,20260209_085859,20260209_085859-0024,1,初回,2025-11-07 02:15:37.101000,152.87100,1.00
2025-11-01,2025-11-30,20260209_085859,20260209_085859-0025,1,初回,2025-11-07 11:23:17.693000,152.98400,1.00
2025-11-01,2025-11-30,20260209_085859,20260209_085859-0026,1,初回,2025-11-07 14:41:52.165000,153.27700,1.00
2025-11-01,2025-11-30,20260209_085859,20260209_085859-0027,1,初回,2025-11-07 14:58:19.254000,153.33700,1.00
2025-11-01,2025-11-30,20260209_085859,20260209_085859-0028,1,初回,2025-11-07 15:37:07.027000,153.49600,1.00
2025-11-01,2025-11-30,20260209_085859,20260209_085859-0029,1,初回,2025-11-07 16:00:00.948000,153.50900,1.00
2025-11-01,2025-11-30,20260209_085859,20260209_085859-0030,1,初回,2025-11-08 04:40:46.010000,153.51000,1.00
2025-11-01,2025-11-30,20260209_085859,20260209_085859-0031,1,初回,2025-11-08 04:45:15.693000,153.55300,1.00
2025-11-01,2025-11-30,20260209_085859,20260209_085859-0032,1,初回,2025-11-10 12:02:48.674000,153.92800,1.00
2025-11-01,2025-11-30,20260209_085859,20260209_085859-0033,1,初回,2025-11-10 12:29:13.034000,153.99700,1.00
2025-11-01,2025-11-30,20260209_085859,20260209_085859-0034,1,初回,2025-11-10 14:15:03.470000,154.04300,1.00
2025-11-01,2025-11-30,20260209_085859,20260209_085859-0035,1,初回,2025-11-10 15:47:44.512000,154.05400,1.00
2025-11-01,2025-11-30,20260209_085859,20260209_085859-0036,1,初回,2025-11-10 16:14:54.557000,154.12300,1.00
2025-11-01,2025-11-30,20260209_085859,20260209_085859-0037,1,初回,2025-11-10 16:08:23.688000,154.11200,1.00
2025-11-01,2025-11-30,20260209_085859,20260209_085859-0038,1,初回,2025-11-10 17:57:12.503000,154.15300,1.00
2025-11-01,2025-11-30,20260209_085859,20260209_085859-0039,1,初回,2025-11-10 18:04:36.554000,154.20300,1.00
2025-11-01,2025-11-30,20260209_085859,20260209_085859-0040,1,初回,2025-11-10 20:02:53.037000,154.22000,1.00
2025-11-01,2025-11-30,20260209_085859,20260209_085859-0041,1,初回,2025-11-11 22:17:21.093000,154.12600,1.00
2025-11-01,2025-11-30,20260209_085859,20260209_085859-0042,1,初回,2025-11-11 22:24:42.423000,153.92400,1.00
2025-11-01,2025-11-30,20260209_085859,20260209_085859-0043,1,初回,2025-11-11 22:25:51.143000,153.81600,1.00
2025-11-01,2025-11-30,20260209_085859,20260209_085859-0044,1,初回,2025-11-11 22:43:56.211000,153.70000,1.00
2025-11-01,2025-11-30,20260209_085859,20260209_085859-0045,1,初回,2025-11-12 11:00:00.256000,154.32900,1.00
2025-11-01,2025-11-30,20260209_085859,20260209_085859-0046,1,初回,2025-11-12 11:16:20.748000,154.38700,1.00
2025-11-01,2025-11-30,20260209_085859,20260209_085859-0047,1,初回,2025-11-12 13:21:03.735000,154.46200,1.00
2025-11-01,2025-11-30,20260209_085859,20260209_085859-0048,1,初回,2025-11-12 13:52:03.719000,154.71800,1.00
2025-11-01,2025-11-30,20260209_085859,20260209_085859-0049,1,初回,2025-11-12 14:00:06.683000,154.76000,1.00
2025-11-01,2025-11-30,20260209_085859,20260209_085859-0050,1,初回,2025-11-12 18:30:01.754000,154.87600,1.00
2025-11-01,2025-11-30,20260209_085859,20260209_085859-0051,1,初回,2025-11-12 22:30:36.806000,154.96500,1.00
2025-11-01,2025-11-30,20260209_085859,20260209_085859-0052,1,初回,2025-11-12 23:26:59.822000,155.01400,1.00
2025-11-01,2025-11-30,20260209_085859,20260209_085859-0053,1,初回,2025-11-13 17:59:36.671000,154.53700,1.00
2025-11-01,2025-11-30,20260209_085859,20260209_085859-0054,1,初回,2025-11-13 18:30:01.140000,154.36400,1.00
2025-11-01,2025-11-30,20260209_085859,20260209_085859-0055,1,初回,2025-11-14 00:54:14.469000,154.16400,1.00
2025-11-01,2025-11-30,20260209_085859,20260209_085859-0056,1,初回,2025-11-14 12:32:13.745000,154.34900,1.00
2025-11-01,2025-11-30,20260209_085859,20260209_085859-0057,1,初回,2025-11-14 17:05:10.996000,154.71500,1.00
2025-11-01,2025-11-30,20260209_085859,20260209_085859-0058,1,初回,2025-11-14 19:35:11.189000,154.73300,1.00
2025-11-01,2025-11-30,20260209_085859,20260209_085859-0059,1,初回,2025-11-14 21:38:20.722000,154.16400,1.00
2025-11-01,2025-11-30,20260209_085859,20260209_085859-0060,1,初回,2025-11-14 21:40:08.787000,154.08500,1.00
2025-11-01,2025-11-30,20260209_085859,20260209_085859-0061,1,初回,2025-11-14 21:59:54.742000,153.84600,1.00
2025-11-01,2025-11-30,20260209_085859,20260209_085859-0062,1,初回,2025-11-14 22:21:23.117000,153.64700,1.00
2025-11-01,2025-11-30,20260209_085859,20260209_085859-0063,1,初回,2025-11-15 02:10:35.031000,154.73400,1.00
2025-11-01,2025-11-30,20260209_085859,20260209_085859-0064,1,初回,2025-11-15 02:10:03.096000,154.71300,1.00
2025-11-01,2025-11-30,20260209_085859,20260209_085859-0065,1,初回,2025-11-17 12:02:48.277000,154.75800,1.00
2025-11-01,2025-11-30,20260209_085859,20260209_085859-0066,1,初回,2025-11-17 15:05:40.251000,154.78200,1.00
2025-11-01,2025-11-30,20260209_085859,20260209_085859-0067,1,初回,2025-11-17 17:35:02.717000,154.80300,1.00
2025-11-01,2025-11-30,20260209_085859,20260209_085859-0068,1,初回,2025-11-17 19:53:18.605000,154.81500,1.00
2025-11-01,2025-11-30,20260209_085859,20260209_085859-0069,1,初回,2025-11-17 20:00:02.703000,154.84100,1.00
2025-11-01,2025-11-30,20260209_085859,20260209_085859-0070,1,初回,2025-11-17 22:02:53.717000,154.88600,1.00
2025-11-01,2025-11-30,20260209_085859,20260209_085859-0071,1,初回,2025-11-17 23:48:21.664000,154.98500,1.00
2025-11-01,2025-11-30,20260209_085859,20260209_085859-0072,1,初回,2025-11-17 23:58:38.000000,155.00500,1.00
2025-11-01,2025-11-30,20260209_085859,20260209_085859-0073,1,初回,2025-11-18 00:14:02.631000,155.27300,1.00
2025-11-01,2025-11-30,20260209_085859,20260209_085859-0074,1,初回,2025-11-18 13:23:16.108000,154.85500,1.00
2025-11-01,2025-11-30,20260209_085859,20260209_085859-0075,1,初回,2025-11-18 19:43:19.640000,155.35000,1.00
2025-11-01,2025-11-30,20260209_085859,20260209_085859-0076,1,初回,2025-11-18 19:48:36.242000,155.39300,1.00
2025-11-01,2025-11-30,20260209_085859,20260209_085859-0077,1,初回,2025-11-18 20:04:10.664000,155.41000,1.00
2025-11-01,2025-11-30,20260209_085859,20260209_085859-0078,1,初回,2025-11-19 00:04:54.450000,155.08900,1.00
2025-11-01,2025-11-30,20260209_085859,20260209_085859-0079,1,初回,2025-11-19 01:11:05.334000,155.41200,1.00
2025-11-01,2025-11-30,20260209_085859,20260209_085859-0080,1,初回,2025-11-19 01:28:26.116000,155.47900,1.00
2025-11-01,2025-11-30,20260209_085859,20260209_085859-0081,1,初回,2025-11-19 02:56:04.084000,155.66600,1.00
2025-11-01,2025-11-30,20260209_085859,20260209_085859-0082,1,初回,2025-11-19 03:02:02.021000,155.70300,1.00
2025-11-01,2025-11-30,20260209_085859,20260209_085859-0083,1,初回,2025-11-19 18:37:58.781000,155.70500,1.00
2025-11-01,2025-11-30,20260209_085859,20260209_085859-0084,1,初回,2025-11-19 18:47:16.384000,155.93400,1.00
2025-11-01,2025-11-30,20260209_085859,20260209_085859-0085,1,初回,2025-11-19 19:50:20.251000,156.22100,1.00
2025-11-01,2025-11-30,20260209_085859,20260209_085859-0086,1,初回,2025-11-19 20:00:03.356000,156.26400,1.00
2025-11-01,2025-11-30,20260209_085859,20260209_085859-0087,1,初回,2025-11-19 23:59:27.070000,156.59900,1.00
2025-11-01,2025-11-30,20260209_085859,20260209_085859-0088,1,初回,2025-11-20 00:05:02.850000,156.69200,1.00
2025-11-01,2025-11-30,20260209_085859,20260209_085859-0089,1,初回,2025-11-20 02:42:09.153000,156.83700,1.00
2025-11-01,2025-11-30,20260209_085859,20260209_085859-0090,1,初回,2025-11-20 04:53:02.193000,157.01200,1.00
2025-11-01,2025-11-30,20260209_085859,20260209_085859-0091,1,初回,2025-11-20 11:12:51.857000,157.40600,1.00
2025-11-01,2025-11-30,20260209_085859,20260209_085859-0092,1,初回,2025-11-20 11:00:32.743000,157.44600,1.00
2025-11-01,2025-11-30,20260209_085859,20260209_085859-0093,1,初回,2025-11-20 14:39:06.856000,157.54200,1.00
2025-11-01,2025-11-30,20260209_085859,20260209_085859-0094,1,初回,2025-11-20 15:51:14.397000,157.70700,1.00
2025-11-01,2025-11-30,20260209_085859,20260209_085859-0095,1,初回,2025-11-20 16:01:47.928000,157.75000,1.00
2025-11-01,2025-11-30,20260209_085859,20260209_085859-0096,1,初回,2025-11-20 22:30:03.391000,157.86200,1.00
2025-11-01,2025-11-30,20260209_085859,20260209_085859-0097,1,初回,2025-11-21 00:24:02.078000,157.86200,1.00
2025-11-01,2025-11-30,20260209_085859,20260209_085859-0098,1,初回,2025-11-21 01:16:02.041000,157.32600,1.00
2025-11-01,2025-11-30,20260209_085859,20260209_085859-0099,1,初回,2025-11-21 02:13:10.380000,157.30400,1.00
2025-11-01,2025-11-30,20260209_085859,20260209_085859-0100,1,初回,2025-11-21 03:12:34.317000,157.66900,1.00
2025-11-01,2025-11-30,20260209_085859,20260209_085859-0101,1,初回,2025-11-21 13:01:23.848000,157.24500,1.00
2025-11-01,2025-11-30,20260209_085859,20260209_085859-0102,1,初回,2025-11-21 13:01:28.436000,157.22800,1.00
2025-11-01,2025-11-30,20260209_085859,20260209_085859-0103,1,初回,2025-11-21 13:06:50.613000,157.10900,1.00
2025-11-01,2025-11-30,20260209_085859,20260209_085859-0104,1,初回,2025-11-21 15:08:47.046000,157.08700,1.00
2025-11-01,2025-11-30,20260209_085859,20260209_085859-0105,1,初回,2025-11-21 16:55:03.538000,156.66100,1.00
2025-11-01,2025-11-30,20260209_085859,20260209_085859-0106,1,初回,2025-11-21 16:55:05.345000,156.65100,1.00
2025-11-01,2025-11-30,20260209_085859,20260209_085859-0107,1,初回,2025-11-21 17:19:29.940000,156.60400,1.00
2025-11-01,2025-11-30,20260209_085859,20260209_085859-0108,1,初回,2025-11-21 19:08:34.400000,156.59300,1.00
2025-11-01,2025-11-30,20260209_085859,20260209_085859-0109,1,初回,2025-11-21 21:32:16.269000,156.64600,1.00
2025-11-01,2025-11-30,20260209_085859,20260209_085859-0110,1,初回,2025-11-21 23:34:24.173000,156.93600,1.00
2025-11-01,2025-11-30,20260209_085859,20260209_085859-0111,1,初回,2025-11-22 00:01:58.648000,156.23500,1.00
2025-11-01,2025-11-30,20260209_085859,20260209_085859-0112,1,初回,2025-11-22 02:24:01.804000,156.72600,1.00
2025-11-01,2025-11-30,20260209_085859,20260209_085859-0113,1,初回,2025-11-24 16:21:14.358000,156.76900,1.00
2025-11-01,2025-11-30,20260209_085859,20260209_085859-0114,1,初回,2025-11-24 16:52:01.296000,156.85800,1.00
2025-11-01,2025-11-30,20260209_085859,20260209_085859-0115,1,初回,2025-11-24 17:53:05.297000,156.90400,1.00
2025-11-01,2025-11-30,20260209_085859,20260209_085859-0116,1,初回,2025-11-24 18:00:26.076000,156.90500,1.00
2025-11-01,2025-11-30,20260209_085859,20260209_085859-0117,1,初回,2025-11-24 22:05:03.048000,156.90500,1.00
2025-11-01,2025-11-30,20260209_085859,20260209_085859-0118,1,初回,2025-11-24 22:08:12.386000,156.96400,1.00
2025-11-01,2025-11-30,20260209_085859,20260209_085859-0119,1,初回,2025-11-24 23:32:21.223000,157.13300,1.00
2025-11-01,2025-11-30,20260209_085859,20260209_085859-0120,1,初回,2025-11-25 00:03:34.015000,157.15600,1.00
2025-11-01,2025-11-30,20260209_085859,20260209_085859-0121,1,初回,2025-11-25 16:11:53.477000,156.59500,1.00
2025-11-01,2025-11-30,20260209_085859,20260209_085859-0122,1,初回,2025-11-25 16:31:21.886000,156.56300,1.00
2025-11-01,2025-11-30,20260209_085859,20260209_085859-0123,1,初回,2025-11-25 17:49:33.976000,156.47800,1.00
2025-11-01,2025-11-30,20260209_085859,20260209_085859-0124,1,初回,2025-11-25 18:20:17.630000,156.30000,1.00
2025-11-01,2025-11-30,20260209_085859,20260209_085859-0125,1,初回,2025-11-25 18:39:49.606000,156.18200,1.00
2025-11-01,2025-11-30,20260209_085859,20260209_085859-0126,1,初回,2025-11-25 22:16:09.864000,156.06900,1.00
2025-11-01,2025-11-30,20260209_085859,20260209_085859-0127,1,初回,2025-11-26 00:02:55.901000,155.92800,1.00
2025-11-01,2025-11-30,20260209_085859,20260209_085859-0128,1,初回,2025-11-25 23:48:04.812000,155.93300,1.00
2025-11-01,2025-11-30,20260209_085859,20260209_085859-0129,1,初回,2025-11-26 02:23:49.079000,155.84000,1.00
2025-11-01,2025-11-30,20260209_085859,20260209_085859-0130,1,初回,2025-11-26 11:28:50.990000,155.68200,1.00
2025-11-01,2025-11-30,20260209_085859,20260209_085859-0131,1,初回,2025-11-26 17:55:14.997000,156.49100,1.00
2025-11-01,2025-11-30,20260209_085859,20260209_085859-0132,1,初回,2025-11-26 20:15:52.304000,156.54800,1.00
2025-11-01,2025-11-30,20260209_085859,20260209_085859-0133,1,初回,2025-11-26 21:08:44.368000,156.55800,1.00
2025-11-01,2025-11-30,20260209_085859,20260209_085859-0134,1,初回,2025-11-26 22:18:50.085000,156.36900,1.00
2025-11-01,2025-11-30,20260209_085859,20260209_085859-0135,1,初回,2025-11-26 22:36:43.844000,156.65600,1.00
2025-11-01,2025-11-30,20260209_085859,20260209_085859-0136,1,初回,2025-11-26 23:25:06.131000,156.70500,1.00
2025-11-01,2025-11-30,20260209_085859,20260209_085859-0137,1,初回,2025-11-27 01:20:04.012000,156.32800,1.00
2025-11-01,2025-11-30,20260209_085859,20260209_085859-0138,1,初回,2025-11-27 16:44:04.414000,156.27000,1.00
2025-11-01,2025-11-30,20260209_085859,20260209_085859-0139,1,初回,2025-11-27 17:53:23.739000,156.33600,1.00
2025-11-01,2025-11-30,20260209_085859,20260209_085859-0140,1,初回,2025-11-27 18:05:59.762000,156.37400,1.00
2025-11-01,2025-11-30,20260209_085859,20260209_085859-0141,1,初回,2025-11-28 11:32:33.166000,156.20500,1.00
2025-11-01,2025-11-30,20260209_085859,20260209_085859-0142,1,初回,2025-11-28 11:32:37.077000,156.12000,1.00
2025-11-01,2025-11-30,20260209_085859,20260209_085859-0143,1,初回,2025-11-28 11:32:36.970000,156.13000,1.00
2025-11-01,2025-11-30,20260209_085859,20260209_085859-0144,1,初回,2025-11-28 22:55:13.358000,156.04200,1.00
2025-11-01,2025-11-30,20260209_085859,20260209_085859-0145,1,初回,2025-11-28 23:00:19.285000,156.02000,1.00
2025-12-01,2025-12-31,20260209_085946,20260209_085946-0001,1,初回,2025-12-01 22:44:08.234000,154.70100,1.00
2025-12-01,2025-12-31,20260209_085946,20260209_085946-0002,1,初回,2025-12-02 15:10:18.050000,155.74500,1.00
2025-12-01,2025-12-31,20260209_085946,20260209_085946-0003,1,初回,2025-12-02 15:28:14.364000,155.78600,1.00
2025-12-01,2025-12-31,20260209_085946,20260209_085946-0004,1,初回,2025-12-02 16:14:10.795000,155.80600,1.00
2025-12-01,2025-12-31,20260209_085946,20260209_085946-0005,1,初回,2025-12-02 17:43:37.146000,155.97400,1.00
2025-12-01,2025-12-31,20260209_085946,20260209_085946-0006,1,初回,2025-12-02 18:24:23.270000,156.05400,1.00
2025-12-01,2025-12-31,20260209_085946,20260209_085946-0007,1,初回,2025-12-03 00:09:35.656000,156.12200,1.00
2025-12-01,2025-12-31,20260209_085946,20260209_085946-0008,1,初回,2025-12-03 00:10:30.267000,156.15000,1.00
2025-12-01,2025-12-31,20260209_085946,20260209_085946-0009,1,初回,2025-12-03 01:16:02.757000,155.79300,1.00
2025-12-01,2025-12-31,20260209_085946,20260209_085946-0010,1,初回,2025-12-03 02:12:37.289000,156.05600,1.00
2025-12-01,2025-12-31,20260209_085946,20260209_085946-0011,1,初回,2025-12-03 15:25:39.237000,155.55100,1.00
2025-12-01,2025-12-31,20260209_085946,20260209_085946-0012,1,初回,2025-12-03 19:22:40.401000,155.54400,1.00
2025-12-01,2025-12-31,20260209_085946,20260209_085946-0013,1,初回,2025-12-03 20:02:42.427000,155.46100,1.00
2025-12-01,2025-12-31,20260209_085946,20260209_085946-0014,1,初回,2025-12-03 20:20:20.365000,155.45000,1.00
2025-12-01,2025-12-31,20260209_085946,20260209_085946-0015,1,初回,2025-12-03 21:00:34.186000,155.40100,1.00
2025-12-01,2025-12-31,20260209_085946,20260209_085946-0016,1,初回,2025-12-03 22:15:00.292000,155.24200,1.00
2025-12-01,2025-12-31,20260209_085946,20260209_085946-0017,1,初回,2025-12-04 00:02:58.662000,155.57200,1.00
2025-12-01,2025-12-31,20260209_085946,20260209_085946-0018,1,初回,2025-12-04 01:25:06.604000,155.04900,1.00
2025-12-01,2025-12-31,20260209_085946,20260209_085946-0019,1,初回,2025-12-04 11:20:22.286000,155.38200,1.00
2025-12-01,2025-12-31,20260209_085946,20260209_085946-0020,1,初回,2025-12-04 11:37:16.776000,155.39900,1.00
2025-12-01,2025-12-31,20260209_085946,20260209_085946-0021,1,初回,2025-12-04 12:22:57.054000,155.51100,1.00
2025-12-01,2025-12-31,20260209_085946,20260209_085946-0022,1,初回,2025-12-04 17:24:04.262000,154.80900,1.00
2025-12-01,2025-12-31,20260209_085946,20260209_085946-0023,1,初回,2025-12-04 19:05:52.161000,154.77800,1.00
2025-12-01,2025-12-31,20260209_085946,20260209_085946-0024,1,初回,2025-12-04 20:10:03.218000,154.56400,1.00
2025-12-01,2025-12-31,20260209_085946,20260209_085946-0025,1,初回,2025-12-04 21:00:53.724000,154.54500,1.00
2025-12-01,2025-12-31,20260209_085946,20260209_085946-0026,1,初回,2025-12-05 13:27:25.233000,154.83200,1.00
2025-12-01,2025-12-31,20260209_085946,20260209_085946-0027,1,初回,2025-12-05 14:39:56.032000,154.58400,1.00
2025-12-01,2025-12-31,20260209_085946,20260209_085946-0028,1,初回,2025-12-05 15:39:00.843000,154.49600,1.00
2025-12-01,2025-12-31,20260209_085946,20260209_085946-0029,1,初回,2025-12-05 16:30:41.909000,154.38200,1.00
2025-12-01,2025-12-31,20260209_085946,20260209_085946-0030,1,初回,2025-12-05 20:33:00.457000,155.22000,1.00
2025-12-01,2025-12-31,20260209_085946,20260209_085946-0031,1,初回,2025-12-05 21:21:07.385000,155.23600,1.00
2025-12-01,2025-12-31,20260209_085946,20260209_085946-0032,1,初回,2025-12-05 23:30:36.318000,155.25200,1.00
2025-12-01,2025-12-31,20260209_085946,20260209_085946-0033,1,初回,2025-12-06 00:05:30.731000,155.32500,1.00
2025-12-01,2025-12-31,20260209_085946,20260209_085946-0034,1,初回,2025-12-06 01:17:46.967000,155.46600,1.00
2025-12-01,2025-12-31,20260209_085946,20260209_085946-0035,1,初回,2025-12-08 11:11:31.734000,154.93900,1.00
2025-12-01,2025-12-31,20260209_085946,20260209_085946-0036,1,初回,2025-12-08 11:11:55.741000,154.95100,1.00
2025-12-01,2025-12-31,20260209_085946,20260209_085946-0037,1,初回,2025-12-08 19:02:36.152000,155.51000,1.00
2025-12-01,2025-12-31,20260209_085946,20260209_085946-0038,1,初回,2025-12-08 18:11:37.725000,155.51100,1.00
2025-12-01,2025-12-31,20260209_085946,20260209_085946-0039,1,初回,2025-12-08 20:03:11.135000,155.55900,1.00
2025-12-01,2025-12-31,20260209_085946,20260209_085946-0040,1,初回,2025-12-08 22:41:45.191000,155.63000,1.00
2025-12-01,2025-12-31,20260209_085946,20260209_085946-0041,1,初回,2025-12-08 21:08:57.438000,155.62700,1.00
2025-12-01,2025-12-31,20260209_085946,20260209_085946-0042,1,初回,2025-12-08 23:25:10.301000,155.43200,1.00
2025-12-01,2025-12-31,20260209_085946,20260209_085946-0043,1,初回,2025-12-08 23:51:40.639000,155.78300,1.00
2025-12-01,2025-12-31,20260209_085946,20260209_085946-0044,1,初回,2025-12-08 23:53:15.905000,155.84600,1.00
2025-12-01,2025-12-31,20260209_085946,20260209_085946-0045,1,初回,2025-12-09 00:39:50.709000,155.95400,1.00
2025-12-01,2025-12-31,20260209_085946,20260209_085946-0046,1,初回,2025-12-09 14:07:01.854000,156.01200,1.00
2025-12-01,2025-12-31,20260209_085946,20260209_085946-0047,1,初回,2025-12-09 14:07:23.784000,156.08800,1.00
2025-12-01,2025-12-31,20260209_085946,20260209_085946-0048,1,初回,2025-12-09 15:12:36.344000,156.10300,1.00
2025-12-01,2025-12-31,20260209_085946,20260209_085946-0049,1,初回,2025-12-09 16:52:45.062000,156.16800,1.00
2025-12-01,2025-12-31,20260209_085946,20260209_085946-0050,1,初回,2025-12-09 17:38:31.306000,156.41500,1.00
2025-12-01,2025-12-31,20260209_085946,20260209_085946-0051,1,初回,2025-12-09 22:26:50.122000,156.48500,1.00
2025-12-01,2025-12-31,20260209_085946,20260209_085946-0052,1,初回,2025-12-09 23:21:42.652000,156.50300,1.00
2025-12-01,2025-12-31,20260209_085946,20260209_085946-0053,1,初回,2025-12-10 00:53:49.066000,156.88400,1.00
2025-12-01,2025-12-31,20260209_085946,20260209_085946-0054,1,初回,2025-12-10 01:05:43.049000,156.89100,1.00
2025-12-01,2025-12-31,20260209_085946,20260209_085946-0055,1,初回,2025-12-10 02:09:21.632000,156.89500,1.00
2025-12-01,2025-12-31,20260209_085946,20260209_085946-0056,1,初回,2025-12-10 03:05:46.053000,156.89500,1.00
2025-12-01,2025-12-31,20260209_085946,20260209_085946-0057,1,初回,2025-12-10 22:34:07.351000,156.59800,1.00
2025-12-01,2025-12-31,20260209_085946,20260209_085946-0058,1,初回,2025-12-10 22:35:16.738000,156.59000,1.00
2025-12-01,2025-12-31,20260209_085946,20260209_085946-0059,1,初回,2025-12-10 23:48:04.278000,156.47900,1.00
2025-12-01,2025-12-31,20260209_085946,20260209_085946-0060,1,初回,2025-12-11 00:04:24.261000,156.39200,1.00
2025-12-01,2025-12-31,20260209_085946,20260209_085946-0061,1,初回,2025-12-11 01:26:41.960000,156.36300,1.00
2025-12-01,2025-12-31,20260209_085946,20260209_085946-0062,1,初回,2025-12-11 02:18:30.038000,156.28600,1.00
2025-12-01,2025-12-31,20260209_085946,20260209_085946-0063,1,初回,2025-12-11 04:00:39.488000,156.13900,1.00
2025-12-01,2025-12-31,20260209_085946,20260209_085946-0064,1,初回,2025-12-11 11:04:04.541000,155.60800,1.00
2025-12-01,2025-12-31,20260209_085946,20260209_085946-0065,1,初回,2025-12-11 11:31:07.477000,155.52600,1.00
2025-12-01,2025-12-31,20260209_085946,20260209_085946-0066,1,初回,2025-12-11 15:22:28.889000,156.13300,1.00
2025-12-01,2025-12-31,20260209_085946,20260209_085946-0067,1,初回,2025-12-11 17:39:10.205000,155.82200,1.00
2025-12-01,2025-12-31,20260209_085946,20260209_085946-0068,1,初回,2025-12-11 20:14:34.821000,155.79600,1.00
2025-12-01,2025-12-31,20260209_085946,20260209_085946-0069,1,初回,2025-12-11 21:44:38.959000,155.55900,1.00
2025-12-01,2025-12-31,20260209_085946,20260209_085946-0070,1,初回,2025-12-11 22:53:42.823000,155.26300,1.00
2025-12-01,2025-12-31,20260209_085946,20260209_085946-0071,1,初回,2025-12-11 23:58:48.184000,154.98500,1.00
2025-12-01,2025-12-31,20260209_085946,20260209_085946-0072,1,初回,2025-12-12 21:44:16.155000,156.04000,1.00
2025-12-01,2025-12-31,20260209_085946,20260209_085946-0073,1,初回,2025-12-12 21:45:50.985000,156.09700,1.00
2025-12-01,2025-12-31,20260209_085946,20260209_085946-0074,1,初回,2025-12-12 23:02:24.543000,156.09700,1.00
2025-12-01,2025-12-31,20260209_085946,20260209_085946-0075,1,初回,2025-12-13 01:21:02.195000,155.71400,1.00
2025-12-01,2025-12-31,20260209_085946,20260209_085946-0076,1,初回,2025-12-15 11:00:45.900000,155.64500,1.00
2025-12-01,2025-12-31,20260209_085946,20260209_085946-0077,1,初回,2025-12-15 11:42:37.445000,155.39600,1.00
2025-12-01,2025-12-31,20260209_085946,20260209_085946-0078,1,初回,2025-12-15 12:07:16.281000,155.34400,1.00
2025-12-01,2025-12-31,20260209_085946,20260209_085946-0079,1,初回,2025-12-15 13:22:58.143000,155.25000,1.00
2025-12-01,2025-12-31,20260209_085946,20260209_085946-0080,1,初回,2025-12-15 13:33:37.807000,155.22300,1.00
2025-12-01,2025-12-31,20260209_085946,20260209_085946-0081,1,初回,2025-12-15 14:58:14.815000,155.07200,1.00
2025-12-01,2025-12-31,20260209_085946,20260209_085946-0082,1,初回,2025-12-15 15:30:04.079000,154.98800,1.00
2025-12-01,2025-12-31,20260209_085946,20260209_085946-0083,1,初回,2025-12-15 18:14:11.756000,154.97800,1.00
2025-12-01,2025-12-31,20260209_085946,20260209_085946-0084,1,初回,2025-12-15 20:54:15.135000,154.88300,1.00
2025-12-01,2025-12-31,20260209_085946,20260209_085946-0085,1,初回,2025-12-16 00:02:34.349000,154.87400,1.00
2025-12-01,2025-12-31,20260209_085946,20260209_085946-0086,1,初回,2025-12-16 11:57:24.029000,154.77300,1.00
2025-12-01,2025-12-31,20260209_085946,20260209_085946-0087,1,初回,2025-12-16 12:02:11.247000,154.74300,1.00
2025-12-01,2025-12-31,20260209_085946,20260209_085946-0088,1,初回,2025-12-16 14:14:15.614000,154.72200,1.00
2025-12-01,2025-12-31,20260209_085946,20260209_085946-0089,1,初回,2025-12-16 21:55:15.849000,154.64000,1.00
2025-12-01,2025-12-31,20260209_085946,20260209_085946-0090,1,初回,2025-12-16 22:31:38.546000,154.43200,1.00
2025-12-01,2025-12-31,20260209_085946,20260209_085946-0091,1,初回,2025-12-16 23:18:01.271000,154.96800,1.00
2025-12-01,2025-12-31,20260209_085946,20260209_085946-0092,1,初回,2025-12-17 00:02:02.542000,154.50200,1.00
2025-12-01,2025-12-31,20260209_085946,20260209_085946-0093,1,初回,2025-12-17 04:25:43.194000,154.88900,1.00
2025-12-01,2025-12-31,20260209_085946,20260209_085946-0094,1,初回,2025-12-17 11:52:10.074000,154.99500,1.00
2025-12-01,2025-12-31,20260209_085946,20260209_085946-0095,1,初回,2025-12-17 12:00:48.274000,154.99500,1.00
2025-12-01,2025-12-31,20260209_085946,20260209_085946-0096,1,初回,2025-12-17 13:44:44.087000,155.12100,1.00
2025-12-01,2025-12-31,20260209_085946,20260209_085946-0097,1,初回,2025-12-17 14:48:19.676000,155.14100,1.00
2025-12-01,2025-12-31,20260209_085946,20260209_085946-0098,1,初回,2025-12-17 15:09:53.172000,155.19900,1.00
2025-12-01,2025-12-31,20260209_085946,20260209_085946-0099,1,初回,2025-12-17 15:54:56.070000,155.41600,1.00
2025-12-01,2025-12-31,20260209_085946,20260209_085946-0100,1,初回,2025-12-17 15:55:07.862000,155.44300,1.00
2025-12-01,2025-12-31,20260209_085946,20260209_085946-0101,1,初回,2025-12-17 16:50:17.996000,155.54000,1.00
2025-12-01,2025-12-31,20260209_085946,20260209_085946-0102,1,初回,2025-12-17 17:05:06.598000,155.56500,1.00
2025-12-01,2025-12-31,20260209_085946,20260209_085946-0103,1,初回,2025-12-17 22:11:28.377000,155.60900,1.00
2025-12-01,2025-12-31,20260209_085946,20260209_085946-0104,1,初回,2025-12-18 03:32:29.216000,155.64500,1.00
2025-12-01,2025-12-31,20260209_085946,20260209_085946-0105,1,初回,2025-12-18 04:39:58.014000,155.65900,1.00
2025-12-01,2025-12-31,20260209_085946,20260209_085946-0106,1,初回,2025-12-18 11:02:21.213000,155.74300,1.00
2025-12-01,2025-12-31,20260209_085946,20260209_085946-0107,1,初回,2025-12-18 11:00:00.484000,155.78100,1.00
2025-12-01,2025-12-31,20260209_085946,20260209_085946-0108,1,初回,2025-12-18 14:49:34.153000,155.85900,1.00
2025-12-01,2025-12-31,20260209_085946,20260209_085946-0109,1,初回,2025-12-18 15:18:09.739000,155.88000,1.00
2025-12-01,2025-12-31,20260209_085946,20260209_085946-0110,1,初回,2025-12-18 16:01:17.336000,155.92400,1.00
2025-12-01,2025-12-31,20260209_085946,20260209_085946-0111,1,初回,2025-12-18 22:30:03.672000,155.37700,1.00
2025-12-01,2025-12-31,20260209_085946,20260209_085946-0112,1,初回,2025-12-18 22:30:05.060000,155.37900,1.00
2025-12-01,2025-12-31,20260209_085946,20260209_085946-0113,1,初回,2025-12-18 23:40:08.256000,155.32000,1.00
2025-12-01,2025-12-31,20260209_085946,20260209_085946-0114,1,初回,2025-12-19 11:56:59.901000,155.81000,1.00
2025-12-01,2025-12-31,20260209_085946,20260209_085946-0115,1,初回,2025-12-19 11:57:00.380000,155.82100,1.00
2025-12-01,2025-12-31,20260209_085946,20260209_085946-0116,1,初回,2025-12-19 12:21:38.719000,155.94700,1.00
2025-12-01,2025-12-31,20260209_085946,20260209_085946-0117,1,初回,2025-12-19 12:21:38.773000,155.96000,1.00
2025-12-01,2025-12-31,20260209_085946,20260209_085946-0118,1,初回,2025-12-19 12:22:06.415000,156.13700,1.00
2025-12-01,2025-12-31,20260209_085946,20260209_085946-0119,1,初回,2025-12-19 15:40:54.450000,156.41600,1.00
2025-12-01,2025-12-31,20260209_085946,20260209_085946-0120,1,初回,2025-12-19 16:54:14.093000,156.71200,1.00
2025-12-01,2025-12-31,20260209_085946,20260209_085946-0121,1,初回,2025-12-19 17:00:23.421000,156.76100,1.00
2025-12-01,2025-12-31,20260209_085946,20260209_085946-0122,1,初回,2025-12-19 17:56:24.128000,156.91100,1.00
2025-12-01,2025-12-31,20260209_085946,20260209_085946-0123,1,初回,2025-12-19 17:56:45.116000,156.92300,1.00
2025-12-01,2025-12-31,20260209_085946,20260209_085946-0124,1,初回,2025-12-19 17:56:46.509000,156.92400,1.00
2025-12-01,2025-12-31,20260209_085946,20260209_085946-0125,1,初回,2025-12-19 18:58:36.709000,157.18400,1.00
2025-12-01,2025-12-31,20260209_085946,20260209_085946-0126,1,初回,2025-12-19 19:33:04.046000,157.37000,1.00
2025-12-01,2025-12-31,20260209_085946,20260209_085946-0127,1,初回,2025-12-19 23:58:47.192000,157.39600,1.00
2025-12-01,2025-12-31,20260209_085946,20260209_085946-0128,1,初回,2025-12-20 00:00:30.520000,157.46000,1.00
2025-12-01,2025-12-31,20260209_085946,20260209_085946-0129,1,初回,2025-12-20 02:14:16.751000,157.63900,1.00
2025-12-01,2025-12-31,20260209_085946,20260209_085946-0130,1,初回,2025-12-22 11:00:10.683000,157.29200,1.00
2025-12-01,2025-12-31,20260209_085946,20260209_085946-0131,1,初回,2025-12-22 11:01:32.868000,157.26700,1.00
2025-12-01,2025-12-31,20260209_085946,20260209_085946-0132,1,初回,2025-12-22 22:10:21.482000,156.90300,1.00
2025-12-01,2025-12-31,20260209_085946,20260209_085946-0133,1,初回,2025-12-23 01:15:43.454000,156.89800,1.00
2025-12-01,2025-12-31,20260209_085946,20260209_085946-0134,1,初回,2025-12-23 02:39:23.936000,156.74300,1.00
2025-12-01,2025-12-31,20260209_085946,20260209_085946-0135,1,初回,2025-12-23 11:00:18.702000,156.46100,1.00
2025-12-01,2025-12-31,20260209_085946,20260209_085946-0136,1,初回,2025-12-23 11:40:44.753000,156.31400,1.00
2025-12-01,2025-12-31,20260209_085946,20260209_085946-0137,1,初回,2025-12-23 12:54:32.192000,156.22500,1.00
2025-12-01,2025-12-31,20260209_085946,20260209_085946-0138,1,初回,2025-12-23 13:14:00.440000,155.99700,1.00
2025-12-01,2025-12-31,20260209_085946,20260209_085946-0139,1,初回,2025-12-23 14:12:54.576000,155.94900,1.00
2025-12-01,2025-12-31,20260209_085946,20260209_085946-0140,1,初回,2025-12-23 18:06:40.313000,155.69000,1.00
2025-12-01,2025-12-31,20260209_085946,20260209_085946-0141,1,初回,2025-12-23 23:34:06.502000,156.51300,1.00
2025-12-01,2025-12-31,20260209_085946,20260209_085946-0142,1,初回,2025-12-24 04:03:31.062000,156.21700,1.00
2025-12-01,2025-12-31,20260209_085946,20260209_085946-0143,1,初回,2025-12-24 11:00:01.132000,155.63300,1.00
2025-12-01,2025-12-31,20260209_085946,20260209_085946-0144,1,初回,2025-12-24 11:03:05.749000,155.59200,1.00
2025-12-01,2025-12-31,20260209_085946,20260209_085946-0145,1,初回,2025-12-25 13:05:48.301000,155.60400,1.00
2025-12-01,2025-12-31,20260209_085946,20260209_085946-0146,1,初回,2025-12-25 14:14:08.365000,155.48200,1.00
2025-12-01,2025-12-31,20260209_085946,20260209_085946-0147,1,初回,2025-12-25 14:27:40.047000,155.47400,1.00
2025-12-01,2025-12-31,20260209_085946,20260209_085946-0148,1,初回,2025-12-25 16:57:31.577000,156.04500,1.00
2025-12-01,2025-12-31,20260209_085946,20260209_085946-0149,1,初回,2025-12-26 18:24:28.067000,156.46200,1.00
2025-12-01,2025-12-31,20260209_085946,20260209_085946-0150,1,初回,2025-12-26 19:01:30.567000,156.45800,1.00
2025-12-01,2025-12-31,20260209_085946,20260209_085946-0151,1,初回,2025-12-27 00:55:36.946000,156.50600,1.00
2025-12-01,2025-12-31,20260209_085946,20260209_085946-0152,1,初回,2025-12-27 01:23:25.478000,156.62400,1.00
2025-12-01,2025-12-31,20260209_085946,20260209_085946-0153,1,初回,2025-12-27 02:33:52.347000,156.70500,1.00
2025-12-01,2025-12-31,20260209_085946,20260209_085946-0154,1,初回,2025-12-29 16:54:29.643000,156.08600,1.00
2025-12-01,2025-12-31,20260209_085946,20260209_085946-0155,1,初回,2025-12-29 16:54:40.391000,156.09500,1.00
2025-12-01,2025-12-31,20260209_085946,20260209_085946-0156,1,初回,2025-12-29 23:40:27.548000,156.04700,1.00
2025-12-01,2025-12-31,20260209_085946,20260209_085946-0157,1,初回,2025-12-30 00:58:24.616000,155.95500,1.00
2025-12-01,2025-12-31,20260209_085946,20260209_085946-0158,1,初回,2025-12-30 11:13:55.120000,156.29600,1.00
2025-12-01,2025-12-31,20260209_085946,20260209_085946-0159,1,初回,2025-12-30 11:25:09.666000,156.30700,1.00
2025-12-01,2025-12-31,20260209_085946,20260209_085946-0160,1,初回,2025-12-30 15:19:21.657000,155.95400,1.00
2025-12-01,2025-12-31,20260209_085946,20260209_085946-0161,1,初回,2025-12-30 17:01:49.782000,155.89200,1.00
2025-12-01,2025-12-31,20260209_085946,20260209_085946-0162,1,初回,2025-12-30 19:37:26.266000,155.78200,1.00
2025-12-01,2025-12-31,20260209_085946,20260209_085946-0163,1,初回,2025-12-30 19:37:25.640000,155.78600,1.00
2025-12-01,2025-12-31,20260209_085946,20260209_085946-0164,1,初回,2025-12-30 23:32:40.745000,156.30700,1.00
2025-12-01,2025-12-31,20260209_085946,20260209_085946-0165,1,初回,2025-12-31 00:41:34.165000,156.53400,1.00
2025-12-01,2025-12-31,20260209_085946,20260209_085946-0166,1,初回,2025-12-31 13:20:12.639000,156.57200,1.00
2025-12-01,2025-12-31,20260209_085946,20260209_085946-0167,1,初回,2025-12-31 13:51:58.593000,156.60600,1.00
2025-12-01,2025-12-31,20260209_085946,20260209_085946-0168,1,初回,2025-12-31 15:03:54.167000,156.62300,1.00
2025-12-01,2025-12-31,20260209_085946,20260209_085946-0169,1,初回,2025-12-31 22:50:03.418000,156.80200,1.00
2025-12-01,2025-12-31,20260209_085946,20260209_085946-0170,1,初回,2025-12-31 23:05:27.243000,156.91600,1.00
2021-01-01,2021-01-31,20260209_090641,20260209_090641-0001,1,初回,2021-01-05 00:45:27.690000,103.22400,1.00
2021-01-01,2021-01-31,20260209_090641,20260209_090641-0002,1,初回,2021-01-05 12:16:56.812000,103.07100,1.00
2021-01-01,2021-01-31,20260209_090641,20260209_090641-0003,1,初回,2021-01-05 12:39:04.451000,103.06100,1.00
2021-01-01,2021-01-31,20260209_090641,20260209_090641-0004,1,初回,2021-01-05 13:01:48.122000,103.02600,1.00
2021-01-01,2021-01-31,20260209_090641,20260209_090641-0005,1,初回,2021-01-05 14:07:29.094000,102.97400,1.00
2021-01-01,2021-01-31,20260209_090641,20260209_090641-0006,1,初回,2021-01-05 15:23:06.961000,102.92400,1.00
2021-01-01,2021-01-31,20260209_090641,20260209_090641-0007,1,初回,2021-01-05 18:07:02.812000,102.85000,1.00
2021-01-01,2021-01-31,20260209_090641,20260209_090641-0008,1,初回,2021-01-05 19:21:26.996000,102.83700,1.00
2021-01-01,2021-01-31,20260209_090641,20260209_090641-0009,1,初回,2021-01-06 00:37:00.266000,102.81300,1.00
2021-01-01,2021-01-31,20260209_090641,20260209_090641-0010,1,初回,2021-01-06 01:27:23.438000,102.75100,1.00
2021-01-01,2021-01-31,20260209_090641,20260209_090641-0011,1,初回,2021-01-06 01:37:08.120000,102.69800,1.00
2021-01-01,2021-01-31,20260209_090641,20260209_090641-0012,1,初回,2021-01-06 02:04:42.455000,102.64400,1.00
2021-01-01,2021-01-31,20260209_090641,20260209_090641-0013,1,初回,2021-01-06 17:55:37.528000,102.83900,1.00
2021-01-01,2021-01-31,20260209_090641,20260209_090641-0014,1,初回,2021-01-06 18:42:15.268000,102.85600,1.00
2021-01-01,2021-01-31,20260209_090641,20260209_090641-0015,1,初回,2021-01-06 21:47:25.885000,102.94800,1.00
2021-01-01,2021-01-31,20260209_090641,20260209_090641-0016,1,初回,2021-01-06 22:49:51.449000,103.13000,1.00
2021-01-01,2021-01-31,20260209_090641,20260209_090641-0017,1,初回,2021-01-06 22:53:27.609000,103.17200,1.00
2021-01-01,2021-01-31,20260209_090641,20260209_090641-0018,1,初回,2021-01-06 23:07:40.397000,103.22400,1.00
2021-01-01,2021-01-31,20260209_090641,20260209_090641-0019,1,初回,2021-01-07 00:16:52.419000,103.28600,1.00
2021-01-01,2021-01-31,20260209_090641,20260209_090641-0020,1,初回,2021-01-07 00:46:55.898000,103.41400,1.00
2021-01-01,2021-01-31,20260209_090641,20260209_090641-0021,1,初回,2021-01-07 15:05:22.389000,103.24700,1.00
2021-01-01,2021-01-31,20260209_090641,20260209_090641-0022,1,初回,2021-01-07 16:44:24.307000,103.35100,1.00
2021-01-01,2021-01-31,20260209_090641,20260209_090641-0023,1,初回,2021-01-07 17:19:45.029000,103.42700,1.00
2021-01-01,2021-01-31,20260209_090641,20260209_090641-0024,1,初回,2021-01-07 18:51:17.077000,103.55400,1.00
2021-01-01,2021-01-31,20260209_090641,20260209_090641-0025,1,初回,2021-01-07 19:51:05.013000,103.67700,1.00
2021-01-01,2021-01-31,20260209_090641,20260209_090641-0026,1,初回,2021-01-07 21:00:56.843000,103.72300,1.00
2021-01-01,2021-01-31,20260209_090641,20260209_090641-0027,1,初回,2021-01-07 23:39:19.704000,103.79400,1.00
2021-01-01,2021-01-31,20260209_090641,20260209_090641-0028,1,初回,2021-01-08 00:19:03.651000,103.92600,1.00
2021-01-01,2021-01-31,20260209_090641,20260209_090641-0029,1,初回,2021-01-08 02:25:28.210000,103.92700,1.00
2021-01-01,2021-01-31,20260209_090641,20260209_090641-0030,1,初回,2021-01-08 16:56:09.996000,103.96900,1.00
2021-01-01,2021-01-31,20260209_090641,20260209_090641-0031,1,初回,2021-01-08 17:09:10.229000,104.06200,1.00
2021-01-01,2021-01-31,20260209_090641,20260209_090641-0032,1,初回,2021-01-08 18:58:43.092000,103.80900,1.00
2021-01-01,2021-01-31,20260209_090641,20260209_090641-0033,1,初回,2021-01-08 22:31:29.010000,103.98100,1.00
2021-01-01,2021-01-31,20260209_090641,20260209_090641-0034,1,初回,2021-01-08 22:45:31.933000,103.64300,1.00
2021-01-01,2021-01-31,20260209_090641,20260209_090641-0035,1,初回,2021-01-09 00:23:02.098000,104.03900,1.00
2021-01-01,2021-01-31,20260209_090641,20260209_090641-0036,1,初回,2021-01-11 11:24:00.157000,104.16500,1.00
2021-01-01,2021-01-31,20260209_090641,20260209_090641-0037,1,初回,2021-01-11 11:00:01.189000,104.17300,1.00
2021-01-01,2021-01-31,20260209_090641,20260209_090641-0038,1,初回,2021-01-11 21:11:47.637000,104.19100,1.00
2021-01-01,2021-01-31,20260209_090641,20260209_090641-0039,1,初回,2021-01-11 21:11:39.905000,104.19200,1.00
2021-01-01,2021-01-31,20260209_090641,20260209_090641-0040,1,初回,2021-01-11 21:20:02.694000,104.21800,1.00
2021-01-01,2021-01-31,20260209_090641,20260209_090641-0041,1,初回,2021-01-11 22:27:56.762000,104.27200,1.00
2021-01-01,2021-01-31,20260209_090641,20260209_090641-0042,1,初回,2021-01-11 23:55:06.875000,104.36700,1.00
2021-01-01,2021-01-31,20260209_090641,20260209_090641-0043,1,初回,2021-01-12 23:51:54.788000,104.30200,1.00
2021-01-01,2021-01-31,20260209_090641,20260209_090641-0044,1,初回,2021-01-12 23:07:27.115000,104.29500,1.00
2021-01-01,2021-01-31,20260209_090641,20260209_090641-0045,1,初回,2021-01-13 01:55:33.982000,104.14700,1.00
2021-01-01,2021-01-31,20260209_090641,20260209_090641-0046,1,初回,2021-01-13 01:58:24.938000,104.12400,1.00
2021-01-01,2021-01-31,20260209_090641,20260209_090641-0047,1,初回,2021-01-13 02:36:48.350000,104.09000,1.00
2021-01-01,2021-01-31,20260209_090641,20260209_090641-0048,1,初回,2021-01-13 02:53:40.252000,104.07400,1.00
2021-01-01,2021-01-31,20260209_090641,20260209_090641-0049,1,初回,2021-01-13 03:30:11.058000,103.92400,1.00
2021-01-01,2021-01-31,20260209_090641,20260209_090641-0050,1,初回,2021-01-13 04:35:09.108000,103.82300,1.00
2021-01-01,2021-01-31,20260209_090641,20260209_090641-0051,1,初回,2021-01-13 11:04:18.661000,103.57800,1.00
2021-01-01,2021-01-31,20260209_090641,20260209_090641-0052,1,初回,2021-01-13 11:00:24.904000,103.56500,1.00
2021-01-01,2021-01-31,20260209_090641,20260209_090641-0053,1,初回,2021-01-14 11:24:36.694000,103.96700,1.00
2021-01-01,2021-01-31,20260209_090641,20260209_090641-0054,1,初回,2021-01-14 11:34:22.742000,104.16700,1.00
2021-01-01,2021-01-31,20260209_090641,20260209_090641-0055,1,初回,2021-01-15 00:53:31.563000,103.82900,1.00
2021-01-01,2021-01-31,20260209_090641,20260209_090641-0056,1,初回,2021-01-15 01:29:24.043000,103.68800,1.00
2021-01-01,2021-01-31,20260209_090641,20260209_090641-0057,1,初回,2021-01-15 02:53:21.886000,103.60300,1.00
2021-01-01,2021-01-31,20260209_090641,20260209_090641-0058,1,初回,2021-01-15 23:02:38.189000,103.79100,1.00
2021-01-01,2021-01-31,20260209_090641,20260209_090641-0059,1,初回,2021-01-15 23:51:14.740000,103.86400,1.00
2021-01-01,2021-01-31,20260209_090641,20260209_090641-0060,1,初回,2021-01-16 00:08:09.116000,103.86700,1.00
2021-01-01,2021-01-31,20260209_090641,20260209_090641-0061,1,初回,2021-01-19 00:37:21.140000,103.68000,1.00
2021-01-01,2021-01-31,20260209_090641,20260209_090641-0062,1,初回,2021-01-19 11:26:20.270000,103.90200,1.00
2021-01-01,2021-01-31,20260209_090641,20260209_090641-0063,1,初回,2021-01-19 11:27:32.743000,103.90100,1.00
2021-01-01,2021-01-31,20260209_090641,20260209_090641-0064,1,初回,2021-01-19 11:56:43.659000,104.03300,1.00
2021-01-01,2021-01-31,20260209_090641,20260209_090641-0065,1,初回,2021-01-19 12:00:00.239000,104.05200,1.00
2021-01-01,2021-01-31,20260209_090641,20260209_090641-0066,1,初回,2021-01-20 11:03:04.008000,103.78600,1.00
2021-01-01,2021-01-31,20260209_090641,20260209_090641-0067,1,初回,2021-01-20 22:59:06.619000,103.75400,1.00
2021-01-01,2021-01-31,20260209_090641,20260209_090641-0068,1,初回,2021-01-20 23:05:01.805000,103.73600,1.00
2021-01-01,2021-01-31,20260209_090641,20260209_090641-0069,1,初回,2021-01-21 00:08:28.348000,103.67500,1.00
2021-01-01,2021-01-31,20260209_090641,20260209_090641-0070,1,初回,2021-01-21 00:09:16.030000,103.67500,1.00
2021-01-01,2021-01-31,20260209_090641,20260209_090641-0071,1,初回,2021-01-21 00:13:17.013000,103.60100,1.00
2021-01-01,2021-01-31,20260209_090641,20260209_090641-0072,1,初回,2021-01-21 00:15:47.260000,103.56400,1.00
2021-01-01,2021-01-31,20260209_090641,20260209_090641-0073,1,初回,2021-01-21 00:41:46.292000,103.48400,1.00
2021-01-01,2021-01-31,20260209_090641,20260209_090641-0074,1,初回,2021-01-21 13:51:44.620000,103.42900,1.00
2021-01-01,2021-01-31,20260209_090641,20260209_090641-0075,1,初回,2021-01-21 14:22:53.898000,103.37200,1.00
2021-01-01,2021-01-31,20260209_090641,20260209_090641-0076,1,初回,2021-01-21 21:21:47.343000,103.36500,1.00
2021-01-01,2021-01-31,20260209_090641,20260209_090641-0077,1,初回,2021-01-22 15:16:40.780000,103.63200,1.00
2021-01-01,2021-01-31,20260209_090641,20260209_090641-0078,1,初回,2021-01-22 16:06:45.565000,103.66700,1.00
2021-01-01,2021-01-31,20260209_090641,20260209_090641-0079,1,初回,2021-01-22 21:48:16.153000,103.74300,1.00
2021-01-01,2021-01-31,20260209_090641,20260209_090641-0080,1,初回,2021-01-22 21:56:02.765000,103.74900,1.00
2021-01-01,2021-01-31,20260209_090641,20260209_090641-0081,1,初回,2021-01-22 22:31:00.585000,103.82700,1.00
2021-01-01,2021-01-31,20260209_090641,20260209_090641-0082,1,初回,2021-01-22 23:06:14.229000,103.85700,1.00
2021-01-01,2021-01-31,20260209_090641,20260209_090641-0083,1,初回,2021-01-25 22:30:18.453000,103.71200,1.00
2021-01-01,2021-01-31,20260209_090641,20260209_090641-0084,1,初回,2021-01-25 23:47:16.450000,103.86000,1.00
2021-01-01,2021-01-31,20260209_090641,20260209_090641-0085,1,初回,2021-01-26 00:00:00.081000,103.90600,1.00
2021-01-01,2021-01-31,20260209_090641,20260209_090641-0086,1,初回,2021-01-25 23:48:32.343000,103.89900,1.00
2021-01-01,2021-01-31,20260209_090641,20260209_090641-0087,1,初回,2021-01-25 23:48:49.212000,103.90100,1.00
2021-01-01,2021-01-31,20260209_090641,20260209_090641-0088,1,初回,2021-01-26 11:02:22.994000,103.69700,1.00
2021-01-01,2021-01-31,20260209_090641,20260209_090641-0089,1,初回,2021-01-26 22:26:14.210000,103.69700,1.00
2021-01-01,2021-01-31,20260209_090641,20260209_090641-0090,1,初回,2021-01-26 22:37:14.694000,103.66500,1.00
2021-01-01,2021-01-31,20260209_090641,20260209_090641-0091,1,初回,2021-01-26 23:51:05.414000,103.61000,1.00
2021-01-01,2021-01-31,20260209_090641,20260209_090641-0092,1,初回,2021-01-27 00:02:13.302000,103.59300,1.00
2021-01-01,2021-01-31,20260209_090641,20260209_090641-0093,1,初回,2021-01-27 18:14:57.427000,103.79800,1.00
2021-01-01,2021-01-31,20260209_090641,20260209_090641-0094,1,初回,2021-01-27 20:42:07.216000,103.83700,1.00
2021-01-01,2021-01-31,20260209_090641,20260209_090641-0095,1,初回,2021-01-27 21:14:49.118000,103.85800,1.00
2021-01-01,2021-01-31,20260209_090641,20260209_090641-0096,1,初回,2021-01-27 22:11:41.787000,103.90600,1.00
2021-01-01,2021-01-31,20260209_090641,20260209_090641-0097,1,初回,2021-01-27 22:43:50.895000,103.99900,1.00
2021-01-01,2021-01-31,20260209_090641,20260209_090641-0098,1,初回,2021-01-27 23:35:17.877000,104.05500,1.00
2021-01-01,2021-01-31,20260209_090641,20260209_090641-0099,1,初回,2021-01-27 23:34:54.007000,104.05700,1.00
2021-01-01,2021-01-31,20260209_090641,20260209_090641-0100,1,初回,2021-01-27 23:41:41.048000,104.12900,1.00
2021-01-01,2021-01-31,20260209_090641,20260209_090641-0101,1,初回,2021-01-27 23:43:08.882000,104.14900,1.00
2021-01-01,2021-01-31,20260209_090641,20260209_090641-0102,1,初回,2021-01-28 11:38:30.515000,104.31800,1.00
2021-01-01,2021-01-31,20260209_090641,20260209_090641-0103,1,初回,2021-01-28 16:26:17.255000,104.34900,1.00
2021-01-01,2021-01-31,20260209_090641,20260209_090641-0104,1,初回,2021-01-28 22:33:25.806000,104.43200,1.00
2021-01-01,2021-01-31,20260209_090641,20260209_090641-0105,1,初回,2021-01-29 03:03:32.873000,104.24200,1.00
2021-01-01,2021-01-31,20260209_090641,20260209_090641-0106,1,初回,2021-01-29 04:38:07.499000,104.21300,1.00
2021-01-01,2021-01-31,20260209_090641,20260209_090641-0107,1,初回,2021-01-29 17:31:31.616000,104.64300,1.00
2021-01-01,2021-01-31,20260209_090641,20260209_090641-0108,1,初回,2021-01-29 18:42:06.848000,104.91000,1.00
2021-02-01,2021-02-28,20260209_090707,20260209_090707-0001,1,初回,2021-02-02 17:38:07.089000,104.86600,1.00
2021-02-01,2021-02-28,20260209_090707,20260209_090707-0002,1,初回,2021-02-02 14:28:07.837000,105.00600,1.00
2021-02-01,2021-02-28,20260209_090707,20260209_090707-0003,1,初回,2021-02-02 20:38:00.471000,105.03600,1.00
2021-02-01,2021-02-28,20260209_090707,20260209_090707-0004,1,初回,2021-02-02 23:52:00.555000,105.14400,1.00
2021-02-01,2021-02-28,20260209_090707,20260209_090707-0005,1,初回,2021-02-04 11:24:03.713000,105.07500,1.00
2021-02-01,2021-02-28,20260209_090707,20260209_090707-0006,1,初回,2021-02-04 12:26:02.156000,105.10000,1.00
2021-02-01,2021-02-28,20260209_090707,20260209_090707-0007,1,初回,2021-02-04 14:02:06.082000,105.14300,1.00
2021-02-01,2021-02-28,20260209_090707,20260209_090707-0008,1,初回,2021-02-04 14:25:22.292000,105.16000,1.00
2021-02-01,2021-02-28,20260209_090707,20260209_090707-0009,1,初回,2021-02-04 15:09:34.682000,105.17100,1.00
2021-02-01,2021-02-28,20260209_090707,20260209_090707-0010,1,初回,2021-02-04 16:01:36.685000,105.23000,1.00
2021-02-01,2021-02-28,20260209_090707,20260209_090707-0011,1,初回,2021-02-04 18:01:52.407000,105.24800,1.00
2021-02-01,2021-02-28,20260209_090707,20260209_090707-0012,1,初回,2021-02-04 20:43:27.096000,105.31100,1.00
2021-02-01,2021-02-28,20260209_090707,20260209_090707-0013,1,初回,2021-02-04 23:40:40.014000,105.39400,1.00
2021-02-01,2021-02-28,20260209_090707,20260209_090707-0014,1,初回,2021-02-05 00:20:32.940000,105.46300,1.00
2021-02-01,2021-02-28,20260209_090707,20260209_090707-0015,1,初回,2021-02-05 20:01:45.046000,105.61400,1.00
2021-02-01,2021-02-28,20260209_090707,20260209_090707-0016,1,初回,2021-02-05 20:01:54.294000,105.61400,1.00
2021-02-01,2021-02-28,20260209_090707,20260209_090707-0017,1,初回,2021-02-05 20:02:09.216000,105.64100,1.00
2021-02-01,2021-02-28,20260209_090707,20260209_090707-0018,1,初回,2021-02-05 21:14:55.748000,105.67200,1.00
2021-02-01,2021-02-28,20260209_090707,20260209_090707-0019,1,初回,2021-02-05 22:05:48.759000,105.74000,1.00
2021-02-01,2021-02-28,20260209_090707,20260209_090707-0020,1,初回,2021-02-08 17:47:07.773000,105.64100,1.00
2021-02-01,2021-02-28,20260209_090707,20260209_090707-0021,1,初回,2021-02-08 23:39:45.412000,105.35500,1.00
2021-02-01,2021-02-28,20260209_090707,20260209_090707-0022,1,初回,2021-02-08 23:39:45.513000,105.35300,1.00
2021-02-01,2021-02-28,20260209_090707,20260209_090707-0023,1,初回,2021-02-09 00:28:43.708000,105.24000,1.00
2021-02-01,2021-02-28,20260209_090707,20260209_090707-0024,1,初回,2021-02-09 00:31:28.712000,105.20300,1.00
2021-02-01,2021-02-28,20260209_090707,20260209_090707-0025,1,初回,2021-02-09 01:00:56.257000,105.19000,1.00
2021-02-01,2021-02-28,20260209_090707,20260209_090707-0026,1,初回,2021-02-09 11:31:22.503000,105.01100,1.00
2021-02-01,2021-02-28,20260209_090707,20260209_090707-0027,1,初回,2021-02-09 11:50:35.822000,104.96100,1.00
2021-02-01,2021-02-28,20260209_090707,20260209_090707-0028,1,初回,2021-02-09 11:50:36.178000,104.95500,1.00
2021-02-01,2021-02-28,20260209_090707,20260209_090707-0029,1,初回,2021-02-09 12:00:25.674000,104.93900,1.00
2021-02-01,2021-02-28,20260209_090707,20260209_090707-0030,1,初回,2021-02-09 13:27:31.412000,104.87700,1.00
2021-02-01,2021-02-28,20260209_090707,20260209_090707-0031,1,初回,2021-02-09 16:14:56.976000,104.78800,1.00
2021-02-01,2021-02-28,20260209_090707,20260209_090707-0032,1,初回,2021-02-09 18:33:49.018000,104.64800,1.00
2021-02-01,2021-02-28,20260209_090707,20260209_090707-0033,1,初回,2021-02-09 18:55:49.726000,104.57400,1.00
2021-02-01,2021-02-28,20260209_090707,20260209_090707-0034,1,初回,2021-02-10 00:10:03.141000,104.53700,1.00
2021-02-01,2021-02-28,20260209_090707,20260209_090707-0035,1,初回,2021-02-10 12:38:50.638000,104.53700,1.00
2021-02-01,2021-02-28,20260209_090707,20260209_090707-0036,1,初回,2021-02-10 17:50:41.922000,104.44800,1.00
2021-02-01,2021-02-28,20260209_090707,20260209_090707-0037,1,初回,2021-02-10 18:42:24.955000,104.68300,1.00
2021-02-01,2021-02-28,20260209_090707,20260209_090707-0038,1,初回,2021-02-10 18:56:08.549000,104.81300,1.00
2021-02-01,2021-02-28,20260209_090707,20260209_090707-0039,1,初回,2021-02-11 17:18:18.378000,104.68300,1.00
2021-02-01,2021-02-28,20260209_090707,20260209_090707-0040,1,初回,2021-02-11 17:55:08.569000,104.73700,1.00
2021-02-01,2021-02-28,20260209_090707,20260209_090707-0041,1,初回,2021-02-11 23:18:48.627000,104.76200,1.00
2021-02-01,2021-02-28,20260209_090707,20260209_090707-0042,1,初回,2021-02-12 02:05:31.535000,104.77600,1.00
2021-02-01,2021-02-28,20260209_090707,20260209_090707-0043,1,初回,2021-02-12 16:49:43.349000,104.91000,1.00
2021-02-01,2021-02-28,20260209_090707,20260209_090707-0044,1,初回,2021-02-12 17:43:26.274000,105.00500,1.00
2021-02-01,2021-02-28,20260209_090707,20260209_090707-0045,1,初回,2021-02-12 18:12:53.447000,105.15100,1.00
2021-02-01,2021-02-28,20260209_090707,20260209_090707-0046,1,初回,2021-02-15 15:41:11.658000,105.11300,1.00
2021-02-01,2021-02-28,20260209_090707,20260209_090707-0047,1,初回,2021-02-15 16:32:56.715000,105.17600,1.00
2021-02-01,2021-02-28,20260209_090707,20260209_090707-0048,1,初回,2021-02-15 17:32:10.309000,105.23200,1.00
2021-02-01,2021-02-28,20260209_090707,20260209_090707-0049,1,初回,2021-02-15 17:34:04.138000,105.24400,1.00
2021-02-01,2021-02-28,20260209_090707,20260209_090707-0050,1,初回,2021-02-15 18:46:25.227000,105.36700,1.00
2021-02-01,2021-02-28,20260209_090707,20260209_090707-0051,1,初回,2021-02-15 19:02:48.480000,105.38700,1.00
2021-02-01,2021-02-28,20260209_090707,20260209_090707-0052,1,初回,2021-02-16 11:09:10.472000,105.53300,1.00
2021-02-01,2021-02-28,20260209_090707,20260209_090707-0053,1,初回,2021-02-16 11:22:28.002000,105.55800,1.00
2021-02-01,2021-02-28,20260209_090707,20260209_090707-0054,1,初回,2021-02-16 12:11:45.133000,105.56600,1.00
2021-02-01,2021-02-28,20260209_090707,20260209_090707-0055,1,初回,2021-02-16 13:07:55.819000,105.60200,1.00
2021-02-01,2021-02-28,20260209_090707,20260209_090707-0056,1,初回,2021-02-16 19:27:32.275000,105.27300,1.00
2021-02-01,2021-02-28,20260209_090707,20260209_090707-0057,1,初回,2021-02-16 20:08:55.009000,105.21200,1.00
2021-02-01,2021-02-28,20260209_090707,20260209_090707-0058,1,初回,2021-02-16 22:56:11.749000,105.70700,1.00
2021-02-01,2021-02-28,20260209_090707,20260209_090707-0059,1,初回,2021-02-16 23:29:48.595000,105.78200,1.00
2021-02-01,2021-02-28,20260209_090707,20260209_090707-0060,1,初回,2021-02-17 01:51:02.098000,105.84700,1.00
2021-02-01,2021-02-28,20260209_090707,20260209_090707-0061,1,初回,2021-02-17 02:15:42.039000,105.93600,1.00
2021-02-01,2021-02-28,20260209_090707,20260209_090707-0062,1,初回,2021-02-17 17:48:44.463000,105.87700,1.00
2021-02-01,2021-02-28,20260209_090707,20260209_090707-0063,1,初回,2021-02-17 22:30:22.551000,106.19400,1.00
2021-02-01,2021-02-28,20260209_090707,20260209_090707-0064,1,初回,2021-02-17 23:36:01.842000,105.86400,1.00
2021-02-01,2021-02-28,20260209_090707,20260209_090707-0065,1,初回,2021-02-18 01:26:10.150000,105.84800,1.00
2021-02-01,2021-02-28,20260209_090707,20260209_090707-0066,1,初回,2021-02-18 02:03:05.128000,105.81500,1.00
2021-02-01,2021-02-28,20260209_090707,20260209_090707-0067,1,初回,2021-02-18 17:45:47.815000,105.73700,1.00
2021-02-01,2021-02-28,20260209_090707,20260209_090707-0068,1,初回,2021-02-18 17:45:08.094000,105.73500,1.00
2021-02-01,2021-02-28,20260209_090707,20260209_090707-0069,1,初回,2021-02-18 18:00:51.125000,105.72900,1.00
2021-02-01,2021-02-28,20260209_090707,20260209_090707-0070,1,初回,2021-02-18 20:07:38.039000,105.66900,1.00
2021-02-01,2021-02-28,20260209_090707,20260209_090707-0071,1,初回,2021-02-18 22:52:24.383000,105.63800,1.00
2021-02-01,2021-02-28,20260209_090707,20260209_090707-0072,1,初回,2021-02-19 13:54:52.331000,105.62500,1.00
2021-02-01,2021-02-28,20260209_090707,20260209_090707-0073,1,初回,2021-02-19 14:00:59.579000,105.59800,1.00
2021-02-01,2021-02-28,20260209_090707,20260209_090707-0074,1,初回,2021-02-19 15:00:39.105000,105.58500,1.00
2021-02-01,2021-02-28,20260209_090707,20260209_090707-0075,1,初回,2021-02-19 17:42:53.138000,105.35300,1.00
2021-02-01,2021-02-28,20260209_090707,20260209_090707-0076,1,初回,2021-02-19 19:25:30.328000,105.35100,1.00
2021-02-01,2021-02-28,20260209_090707,20260209_090707-0077,1,初回,2021-02-19 20:07:49.160000,105.35000,1.00
2021-02-01,2021-02-28,20260209_090707,20260209_090707-0078,1,初回,2021-02-19 21:56:11.999000,105.28000,1.00
2021-02-01,2021-02-28,20260209_090707,20260209_090707-0079,1,初回,2021-02-22 11:17:13.471000,105.70700,1.00
2021-02-01,2021-02-28,20260209_090707,20260209_090707-0080,1,初回,2021-02-22 11:17:15.939000,105.71200,1.00
2021-02-01,2021-02-28,20260209_090707,20260209_090707-0081,1,初回,2021-02-22 16:49:21.760000,105.79500,1.00
2021-02-01,2021-02-28,20260209_090707,20260209_090707-0082,1,初回,2021-02-22 17:34:14.566000,105.81600,1.00
2021-02-01,2021-02-28,20260209_090707,20260209_090707-0083,1,初回,2021-02-22 22:04:20.421000,105.51400,1.00
2021-02-01,2021-02-28,20260209_090707,20260209_090707-0084,1,初回,2021-02-22 22:49:38.872000,105.35100,1.00
2021-02-01,2021-02-28,20260209_090707,20260209_090707-0085,1,初回,2021-02-22 23:37:17.928000,105.28000,1.00
2021-02-01,2021-02-28,20260209_090707,20260209_090707-0086,1,初回,2021-02-22 23:55:08.372000,105.14400,1.00
2021-02-01,2021-02-28,20260209_090707,20260209_090707-0087,1,初回,2021-02-23 00:12:45.494000,105.03200,1.00
2021-02-01,2021-02-28,20260209_090707,20260209_090707-0088,1,初回,2021-02-23 00:13:23.065000,105.01600,1.00
2021-02-01,2021-02-28,20260209_090707,20260209_090707-0089,1,初回,2021-02-24 11:45:27.230000,105.45700,1.00
2021-02-01,2021-02-28,20260209_090707,20260209_090707-0090,1,初回,2021-02-24 11:47:26.538000,105.46900,1.00
2021-02-01,2021-02-28,20260209_090707,20260209_090707-0091,1,初回,2021-02-24 12:45:28.469000,105.50700,1.00
2021-02-01,2021-02-28,20260209_090707,20260209_090707-0092,1,初回,2021-02-24 17:31:02.694000,105.59500,1.00
2021-02-01,2021-02-28,20260209_090707,20260209_090707-0093,1,初回,2021-02-24 17:54:30.964000,105.68000,1.00
2021-02-01,2021-02-28,20260209_090707,20260209_090707-0094,1,初回,2021-02-24 18:36:35.461000,105.78700,1.00
2021-02-01,2021-02-28,20260209_090707,20260209_090707-0095,1,初回,2021-02-24 19:17:11.099000,105.79000,1.00
2021-02-01,2021-02-28,20260209_090707,20260209_090707-0096,1,初回,2021-02-24 20:04:40.234000,105.83800,1.00
2021-02-01,2021-02-28,20260209_090707,20260209_090707-0097,1,初回,2021-02-24 21:53:30.876000,105.87900,1.00
2021-02-01,2021-02-28,20260209_090707,20260209_090707-0098,1,初回,2021-02-24 21:54:40.895000,105.89400,1.00
2021-02-01,2021-02-28,20260209_090707,20260209_090707-0099,1,初回,2021-02-25 00:10:12.647000,106.07400,1.00
2021-02-01,2021-02-28,20260209_090707,20260209_090707-0100,1,初回,2021-02-24 22:46:23.791000,106.06800,1.00
2021-02-01,2021-02-28,20260209_090707,20260209_090707-0101,1,初回,2021-02-25 00:10:02.214000,106.06800,1.00
2021-02-01,2021-02-28,20260209_090707,20260209_090707-0102,1,初回,2021-02-25 13:54:26.357000,105.86300,1.00
2021-02-01,2021-02-28,20260209_090707,20260209_090707-0103,1,初回,2021-02-25 17:30:41.327000,106.10800,1.00
2021-02-01,2021-02-28,20260209_090707,20260209_090707-0104,1,初回,2021-02-25 17:31:27.895000,106.11300,1.00
2021-02-01,2021-02-28,20260209_090707,20260209_090707-0105,1,初回,2021-02-25 19:23:05.037000,106.14100,1.00
2021-02-01,2021-02-28,20260209_090707,20260209_090707-0106,1,初回,2021-02-25 18:01:45.934000,106.14500,1.00
2021-02-01,2021-02-28,20260209_090707,20260209_090707-0107,1,初回,2021-02-25 22:30:16.812000,106.18300,1.00
2021-02-01,2021-02-28,20260209_090707,20260209_090707-0108,1,初回,2021-02-25 23:43:01.378000,106.07700,1.00
2021-02-01,2021-02-28,20260209_090707,20260209_090707-0109,1,初回,2021-02-26 00:45:44.336000,106.24300,1.00
2021-02-01,2021-02-28,20260209_090707,20260209_090707-0110,1,初回,2021-02-26 01:00:15.595000,106.26100,1.00
2021-02-01,2021-02-28,20260209_090707,20260209_090707-0111,1,初回,2021-02-26 02:54:00.921000,106.30000,1.00
2021-02-01,2021-02-28,20260209_090707,20260209_090707-0112,1,初回,2021-02-26 03:02:09.365000,106.37500,1.00
2021-02-01,2021-02-28,20260209_090707,20260209_090707-0113,1,初回,2021-02-26 03:40:34.521000,106.03200,1.00
2021-02-01,2021-02-28,20260209_090707,20260209_090707-0114,1,初回,2021-02-26 11:36:57.934000,105.88800,1.00
2021-02-01,2021-02-28,20260209_090707,20260209_090707-0115,1,初回,2021-02-26 18:57:56.613000,106.40000,1.00
2021-02-01,2021-02-28,20260209_090707,20260209_090707-0116,1,初回,2021-02-26 18:59:20.191000,106.49100,1.00
2021-02-01,2021-02-28,20260209_090707,20260209_090707-0117,1,初回,2021-02-27 00:17:33.710000,106.49100,1.00
2021-02-01,2021-02-28,20260209_090707,20260209_090707-0118,1,初回,2021-02-27 00:46:30.191000,106.58700,1.00
2021-02-01,2021-02-28,20260209_090707,20260209_090707-0119,1,初回,2021-02-27 01:19:04.340000,106.66100,1.00
2021-02-01,2021-02-28,20260209_090707,20260209_090707-0120,1,初回,2021-02-27 02:05:59.682000,106.66200,1.00
2021-03-01,2021-03-31,20260209_090739,20260209_090739-0001,1,初回,2021-03-02 00:15:56.858000,106.55800,1.00
2021-03-01,2021-03-31,20260209_090739,20260209_090739-0002,1,初回,2021-03-02 02:39:20.990000,106.74500,1.00
2021-03-01,2021-03-31,20260209_090739,20260209_090739-0003,1,初回,2021-03-02 02:39:29.457000,106.76800,1.00
2021-03-01,2021-03-31,20260209_090739,20260209_090739-0004,1,初回,2021-03-02 03:12:49.742000,106.83300,1.00
2021-03-01,2021-03-31,20260209_090739,20260209_090739-0005,1,初回,2021-03-02 04:17:46.393000,106.85900,1.00
2021-03-01,2021-03-31,20260209_090739,20260209_090739-0006,1,初回,2021-03-02 11:00:16.920000,106.89400,1.00
2021-03-01,2021-03-31,20260209_090739,20260209_090739-0007,1,初回,2021-03-02 23:50:56.596000,106.76200,1.00
2021-03-01,2021-03-31,20260209_090739,20260209_090739-0008,1,初回,2021-03-02 23:51:35.430000,106.74600,1.00
2021-03-01,2021-03-31,20260209_090739,20260209_090739-0009,1,初回,2021-03-03 01:00:35.217000,106.71600,1.00
2021-03-01,2021-03-31,20260209_090739,20260209_090739-0010,1,初回,2021-03-03 17:37:05.818000,106.91700,1.00
2021-03-01,2021-03-31,20260209_090739,20260209_090739-0011,1,初回,2021-03-03 19:28:44.157000,106.92700,1.00
2021-03-01,2021-03-31,20260209_090739,20260209_090739-0012,1,初回,2021-03-03 19:28:56.477000,106.93700,1.00
2021-03-01,2021-03-31,20260209_090739,20260209_090739-0013,1,初回,2021-03-03 20:39:29.710000,106.99900,1.00
2021-03-01,2021-03-31,20260209_090739,20260209_090739-0014,1,初回,2021-03-03 23:44:30.341000,107.06000,1.00
2021-03-01,2021-03-31,20260209_090739,20260209_090739-0015,1,初回,2021-03-04 00:39:02.250000,107.12700,1.00
2021-03-01,2021-03-31,20260209_090739,20260209_090739-0016,1,初回,2021-03-04 15:23:21.397000,107.12300,1.00
2021-03-01,2021-03-31,20260209_090739,20260209_090739-0017,1,初回,2021-03-04 16:07:43.922000,107.14200,1.00
2021-03-01,2021-03-31,20260209_090739,20260209_090739-0018,1,初回,2021-03-04 17:41:04.808000,107.33200,1.00
2021-03-01,2021-03-31,20260209_090739,20260209_090739-0019,1,初回,2021-03-04 20:06:02.230000,107.33300,1.00
2021-03-01,2021-03-31,20260209_090739,20260209_090739-0020,1,初回,2021-03-04 23:00:32.175000,107.46100,1.00
2021-03-01,2021-03-31,20260209_090739,20260209_090739-0021,1,初回,2021-03-04 22:46:29.234000,107.46300,1.00
2021-03-01,2021-03-31,20260209_090739,20260209_090739-0022,1,初回,2021-03-05 00:51:25.197000,107.61700,1.00
2021-03-01,2021-03-31,20260209_090739,20260209_090739-0023,1,初回,2021-03-05 02:35:39.316000,107.79700,1.00
2021-03-01,2021-03-31,20260209_090739,20260209_090739-0024,1,初回,2021-03-05 03:07:40.125000,107.87500,1.00
2021-03-01,2021-03-31,20260209_090739,20260209_090739-0025,1,初回,2021-03-05 04:00:29.784000,107.88800,1.00
2021-03-01,2021-03-31,20260209_090739,20260209_090739-0026,1,初回,2021-03-05 13:03:33.261000,107.98300,1.00
2021-03-01,2021-03-31,20260209_090739,20260209_090739-0027,1,初回,2021-03-05 13:22:50.476000,108.06600,1.00
2021-03-01,2021-03-31,20260209_090739,20260209_090739-0028,1,初回,2021-03-05 14:55:20.340000,108.09600,1.00
2021-03-01,2021-03-31,20260209_090739,20260209_090739-0029,1,初回,2021-03-05 15:53:45.731000,108.26700,1.00
2021-03-01,2021-03-31,20260209_090739,20260209_090739-0030,1,初回,2021-03-05 16:01:17.585000,108.31800,1.00
2021-03-01,2021-03-31,20260209_090739,20260209_090739-0031,1,初回,2021-03-05 17:49:16.905000,108.46200,1.00
2021-03-01,2021-03-31,20260209_090739,20260209_090739-0032,1,初回,2021-03-05 18:17:26.959000,108.49200,1.00
2021-03-01,2021-03-31,20260209_090739,20260209_090739-0033,1,初回,2021-03-05 19:49:18.309000,108.52600,1.00
2021-03-01,2021-03-31,20260209_090739,20260209_090739-0034,1,初回,2021-03-05 20:33:10.089000,108.26100,1.00
2021-03-01,2021-03-31,20260209_090739,20260209_090739-0035,1,初回,2021-03-05 21:24:28.841000,108.26200,1.00
2021-03-01,2021-03-31,20260209_090739,20260209_090739-0036,1,初回,2021-03-05 22:33:17.924000,108.61400,1.00
2021-03-01,2021-03-31,20260209_090739,20260209_090739-0037,1,初回,2021-03-05 23:16:45.063000,108.17500,1.00
2021-03-01,2021-03-31,20260209_090739,20260209_090739-0038,1,初回,2021-03-06 00:27:11.591000,108.13500,1.00
2021-03-01,2021-03-31,20260209_090739,20260209_090739-0039,1,初回,2021-03-08 11:43:08.681000,108.45900,1.00
2021-03-01,2021-03-31,20260209_090739,20260209_090739-0040,1,初回,2021-03-08 16:52:42.055000,108.49700,1.00
2021-03-01,2021-03-31,20260209_090739,20260209_090739-0041,1,初回,2021-03-08 17:00:01.429000,108.50400,1.00
2021-03-01,2021-03-31,20260209_090739,20260209_090739-0042,1,初回,2021-03-08 18:29:10.704000,108.57600,1.00
2021-03-01,2021-03-31,20260209_090739,20260209_090739-0043,1,初回,2021-03-08 21:50:46.857000,108.67000,1.00
2021-03-01,2021-03-31,20260209_090739,20260209_090739-0044,1,初回,2021-03-08 22:40:18.670000,108.70800,1.00
2021-03-01,2021-03-31,20260209_090739,20260209_090739-0045,1,初回,2021-03-08 23:57:14.471000,108.80400,1.00
2021-03-01,2021-03-31,20260209_090739,20260209_090739-0046,1,初回,2021-03-09 00:11:30.750000,108.83700,1.00
2021-03-01,2021-03-31,20260209_090739,20260209_090739-0047,1,初回,2021-03-09 01:46:21.188000,108.91200,1.00
2021-03-01,2021-03-31,20260209_090739,20260209_090739-0048,1,初回,2021-03-09 11:12:06.892000,109.17300,1.00
2021-03-01,2021-03-31,20260209_090739,20260209_090739-0049,1,初回,2021-03-09 11:00:52.555000,109.20300,1.00
2021-03-01,2021-03-31,20260209_090739,20260209_090739-0050,1,初回,2021-03-09 21:08:50.253000,108.80600,1.00
2021-03-01,2021-03-31,20260209_090739,20260209_090739-0051,1,初回,2021-03-09 21:48:53.107000,108.83800,1.00
2021-03-01,2021-03-31,20260209_090739,20260209_090739-0052,1,初回,2021-03-09 22:19:00.357000,108.94100,1.00
2021-03-01,2021-03-31,20260209_090739,20260209_090739-0053,1,初回,2021-03-10 01:25:35.818000,108.60000,1.00
2021-03-01,2021-03-31,20260209_090739,20260209_090739-0054,1,初回,2021-03-10 01:27:06.069000,108.58600,1.00
2021-03-01,2021-03-31,20260209_090739,20260209_090739-0055,1,初回,2021-03-10 02:41:17.046000,108.53300,1.00
2021-03-01,2021-03-31,20260209_090739,20260209_090739-0056,1,初回,2021-03-10 03:14:14.791000,108.47000,1.00
2021-03-01,2021-03-31,20260209_090739,20260209_090739-0057,1,初回,2021-03-10 04:04:52.123000,108.45500,1.00
2021-03-01,2021-03-31,20260209_090739,20260209_090739-0058,1,初回,2021-03-10 11:39:31.994000,108.80400,1.00
2021-03-01,2021-03-31,20260209_090739,20260209_090739-0059,1,初回,2021-03-10 13:35:09.442000,108.84800,1.00
2021-03-01,2021-03-31,20260209_090739,20260209_090739-0060,1,初回,2021-03-10 15:00:32.086000,108.88900,1.00
2021-03-01,2021-03-31,20260209_090739,20260209_090739-0061,1,初回,2021-03-10 14:30:44.783000,108.88200,1.00
2021-03-01,2021-03-31,20260209_090739,20260209_090739-0062,1,初回,2021-03-10 22:06:26.606000,108.67900,1.00
2021-03-01,2021-03-31,20260209_090739,20260209_090739-0063,1,初回,2021-03-10 22:32:21.424000,108.46900,1.00
2021-03-01,2021-03-31,20260209_090739,20260209_090739-0064,1,初回,2021-03-10 23:14:34.089000,108.34900,1.00
2021-03-01,2021-03-31,20260209_090739,20260209_090739-0065,1,初回,2021-03-10 23:10:29.292000,108.37600,1.00
2021-03-01,2021-03-31,20260209_090739,20260209_090739-0066,1,初回,2021-03-11 18:15:23.401000,108.39500,1.00
2021-03-01,2021-03-31,20260209_090739,20260209_090739-0067,1,初回,2021-03-12 03:03:22.272000,108.39200,1.00
2021-03-01,2021-03-31,20260209_090739,20260209_090739-0068,1,初回,2021-03-12 11:17:23.511000,108.70300,1.00
2021-03-01,2021-03-31,20260209_090739,20260209_090739-0069,1,初回,2021-03-12 11:37:17.746000,108.75400,1.00
2021-03-01,2021-03-31,20260209_090739,20260209_090739-0070,1,初回,2021-03-12 15:07:03.015000,108.83300,1.00
2021-03-01,2021-03-31,20260209_090739,20260209_090739-0071,1,初回,2021-03-12 15:12:39.570000,108.86900,1.00
2021-03-01,2021-03-31,20260209_090739,20260209_090739-0072,1,初回,2021-03-12 16:32:31.463000,109.03000,1.00
2021-03-01,2021-03-31,20260209_090739,20260209_090739-0073,1,初回,2021-03-12 17:05:11.279000,109.13600,1.00
2021-03-01,2021-03-31,20260209_090739,20260209_090739-0074,1,初回,2021-03-12 23:04:12.414000,109.13500,1.00
2021-03-01,2021-03-31,20260209_090739,20260209_090739-0075,1,初回,2021-03-15 11:28:58.814000,109.16900,1.00
2021-03-01,2021-03-31,20260209_090739,20260209_090739-0076,1,初回,2021-03-15 14:40:04.706000,109.26400,1.00
2021-03-01,2021-03-31,20260209_090739,20260209_090739-0077,1,初回,2021-03-15 15:07:15.525000,109.33500,1.00
2021-03-01,2021-03-31,20260209_090739,20260209_090739-0078,1,初回,2021-03-16 17:00:02.832000,109.25700,1.00
2021-03-01,2021-03-31,20260209_090739,20260209_090739-0079,1,初回,2021-03-16 16:49:03.792000,109.25400,1.00
2021-03-01,2021-03-31,20260209_090739,20260209_090739-0080,1,初回,2021-03-16 20:53:04.339000,109.04200,1.00
2021-03-01,2021-03-31,20260209_090739,20260209_090739-0081,1,初回,2021-03-16 21:10:14.521000,108.97800,1.00
2021-03-01,2021-03-31,20260209_090739,20260209_090739-0082,1,初回,2021-03-16 22:18:22.528000,108.86200,1.00
2021-03-01,2021-03-31,20260209_090739,20260209_090739-0083,1,初回,2021-03-16 22:43:30.430000,108.81100,1.00
2021-03-01,2021-03-31,20260209_090739,20260209_090739-0084,1,初回,2021-03-17 14:45:09.486000,109.16700,1.00
2021-03-01,2021-03-31,20260209_090739,20260209_090739-0085,1,初回,2021-03-17 15:00:11.536000,109.17900,1.00
2021-03-01,2021-03-31,20260209_090739,20260209_090739-0086,1,初回,2021-03-17 20:18:05.261000,109.20200,1.00
2021-03-01,2021-03-31,20260209_090739,20260209_090739-0087,1,初回,2021-03-17 21:10:40.852000,109.21900,1.00
2021-03-01,2021-03-31,20260209_090739,20260209_090739-0088,1,初回,2021-03-18 00:33:22.478000,109.25600,1.00
2021-03-01,2021-03-31,20260209_090739,20260209_090739-0089,1,初回,2021-03-18 01:14:33.457000,109.29600,1.00
2021-03-01,2021-03-31,20260209_090739,20260209_090739-0090,1,初回,2021-03-18 03:00:47.392000,109.06500,1.00
2021-03-01,2021-03-31,20260209_090739,20260209_090739-0091,1,初回,2021-03-18 03:43:51.834000,108.82400,1.00
2021-03-01,2021-03-31,20260209_090739,20260209_090739-0092,1,初回,2021-03-18 03:43:57.862000,108.81100,1.00
2021-03-01,2021-03-31,20260209_090739,20260209_090739-0093,1,初回,2021-03-18 04:32:41.418000,108.77800,1.00
2021-03-01,2021-03-31,20260209_090739,20260209_090739-0094,1,初回,2021-03-18 12:05:34.136000,108.74000,1.00
2021-03-01,2021-03-31,20260209_090739,20260209_090739-0095,1,初回,2021-03-18 12:06:30.062000,108.66400,1.00
2021-03-01,2021-03-31,20260209_090739,20260209_090739-0096,1,初回,2021-03-18 16:49:06.046000,109.29600,1.00
2021-03-01,2021-03-31,20260209_090739,20260209_090739-0097,1,初回,2021-03-19 12:40:24.165000,109.09800,1.00
2021-03-01,2021-03-31,20260209_090739,20260209_090739-0098,1,初回,2021-03-19 13:53:56.114000,108.85800,1.00
2021-03-01,2021-03-31,20260209_090739,20260209_090739-0099,1,初回,2021-03-19 15:38:10.542000,108.78600,1.00
2021-03-01,2021-03-31,20260209_090739,20260209_090739-0100,1,初回,2021-03-19 16:32:26.558000,108.75500,1.00
2021-03-01,2021-03-31,20260209_090739,20260209_090739-0101,1,初回,2021-03-19 17:19:38.165000,108.64700,1.00
2021-03-01,2021-03-31,20260209_090739,20260209_090739-0102,1,初回,2021-03-23 18:57:20.272000,108.65800,1.00
2021-03-01,2021-03-31,20260209_090739,20260209_090739-0103,1,初回,2021-03-23 19:02:00.511000,108.62200,1.00
2021-03-01,2021-03-31,20260209_090739,20260209_090739-0104,1,初回,2021-03-23 19:25:17.857000,108.44500,1.00
2021-03-01,2021-03-31,20260209_090739,20260209_090739-0105,1,初回,2021-03-24 19:17:01.441000,108.72700,1.00
2021-03-01,2021-03-31,20260209_090739,20260209_090739-0106,1,初回,2021-03-24 22:22:48.291000,108.84400,1.00
2021-03-01,2021-03-31,20260209_090739,20260209_090739-0107,1,初回,2021-03-24 22:31:13.746000,108.92600,1.00
2021-03-01,2021-03-31,20260209_090739,20260209_090739-0108,1,初回,2021-03-25 11:02:27.859000,108.95200,1.00
2021-03-01,2021-03-31,20260209_090739,20260209_090739-0109,1,初回,2021-03-25 11:03:43.198000,108.96000,1.00
2021-03-01,2021-03-31,20260209_090739,20260209_090739-0110,1,初回,2021-03-25 16:56:51.579000,109.01900,1.00
2021-03-01,2021-03-31,20260209_090739,20260209_090739-0111,1,初回,2021-03-25 16:56:59.992000,109.04800,1.00
2021-03-01,2021-03-31,20260209_090739,20260209_090739-0112,1,初回,2021-03-25 17:37:35.059000,109.13400,1.00
2021-03-01,2021-03-31,20260209_090739,20260209_090739-0113,1,初回,2021-03-25 23:32:40.068000,109.16200,1.00
2021-03-01,2021-03-31,20260209_090739,20260209_090739-0114,1,初回,2021-03-26 02:02:13.061000,109.20700,1.00
2021-03-01,2021-03-31,20260209_090739,20260209_090739-0115,1,初回,2021-03-26 16:47:05.036000,109.33200,1.00
2021-03-01,2021-03-31,20260209_090739,20260209_090739-0116,1,初回,2021-03-26 16:47:12.926000,109.33500,1.00
2021-03-01,2021-03-31,20260209_090739,20260209_090739-0117,1,初回,2021-03-26 17:30:23.784000,109.44900,1.00
2021-03-01,2021-03-31,20260209_090739,20260209_090739-0118,1,初回,2021-03-26 18:00:20.840000,109.46700,1.00
2021-03-01,2021-03-31,20260209_090739,20260209_090739-0119,1,初回,2021-03-26 19:39:13.221000,109.57500,1.00
2021-03-01,2021-03-31,20260209_090739,20260209_090739-0120,1,初回,2021-03-26 20:52:01.428000,109.73100,1.00
2021-03-01,2021-03-31,20260209_090739,20260209_090739-0121,1,初回,2021-03-26 21:01:14.712000,109.78700,1.00
2021-03-01,2021-03-31,20260209_090739,20260209_090739-0122,1,初回,2021-03-26 22:50:35.285000,109.81700,1.00
2021-03-01,2021-03-31,20260209_090739,20260209_090739-0123,1,初回,2021-03-29 14:14:39.216000,109.41200,1.00
2021-03-01,2021-03-31,20260209_090739,20260209_090739-0124,1,初回,2021-03-29 14:14:29.290000,109.42100,1.00
2021-03-01,2021-03-31,20260209_090739,20260209_090739-0125,1,初回,2021-03-30 00:00:43.287000,109.77300,1.00
2021-03-01,2021-03-31,20260209_090739,20260209_090739-0126,1,初回,2021-03-30 03:01:25.478000,109.80900,1.00
2021-03-01,2021-03-31,20260209_090739,20260209_090739-0127,1,初回,2021-03-30 11:16:52.349000,109.91800,1.00
2021-03-01,2021-03-31,20260209_090739,20260209_090739-0128,1,初回,2021-03-30 11:52:53.753000,109.94400,1.00
2021-03-01,2021-03-31,20260209_090739,20260209_090739-0129,1,初回,2021-03-30 12:11:21.709000,109.96000,1.00
2021-03-01,2021-03-31,20260209_090739,20260209_090739-0130,1,初回,2021-03-30 15:40:55.729000,110.15600,1.00
2021-03-01,2021-03-31,20260209_090739,20260209_090739-0131,1,初回,2021-03-30 16:42:18.380000,110.23600,1.00
2021-03-01,2021-03-31,20260209_090739,20260209_090739-0132,1,初回,2021-03-30 17:29:33.632000,110.28000,1.00
2021-03-01,2021-03-31,20260209_090739,20260209_090739-0133,1,初回,2021-03-30 19:49:59.578000,110.36400,1.00
2021-03-01,2021-03-31,20260209_090739,20260209_090739-0134,1,初回,2021-03-30 22:37:45.639000,110.39700,1.00
2021-03-01,2021-03-31,20260209_090739,20260209_090739-0135,1,初回,2021-03-31 11:55:54.893000,110.70100,1.00
2021-03-01,2021-03-31,20260209_090739,20260209_090739-0136,1,初回,2021-03-31 11:58:46.165000,110.85000,1.00
2021-03-01,2021-03-31,20260209_090739,20260209_090739-0137,1,初回,2021-03-31 12:06:06.486000,110.93600,1.00
2021-03-01,2021-03-31,20260209_090739,20260209_090739-0138,1,初回,2021-03-31 15:08:34.045000,110.93600,1.00
2021-03-01,2021-03-31,20260209_090739,20260209_090739-0139,1,初回,2021-03-31 23:57:40.104000,110.45200,1.00
2021-04-01,2021-04-30,20260209_090805,20260209_090805-0001,1,初回,2021-04-02 14:37:59.976000,110.51600,1.00
2021-04-01,2021-04-30,20260209_090805,20260209_090805-0002,1,初回,2021-04-02 15:25:04.535000,110.48000,1.00
2021-04-01,2021-04-30,20260209_090805,20260209_090805-0003,1,初回,2021-04-02 15:25:04.788000,110.47200,1.00
2021-04-01,2021-04-30,20260209_090805,20260209_090805-0004,1,初回,2021-04-02 17:53:22.077000,110.41200,1.00
2021-04-01,2021-04-30,20260209_090805,20260209_090805-0005,1,初回,2021-04-05 20:43:13.812000,110.49000,1.00
2021-04-01,2021-04-30,20260209_090805,20260209_090805-0006,1,初回,2021-04-05 21:37:16.861000,110.45600,1.00
2021-04-01,2021-04-30,20260209_090805,20260209_090805-0007,1,初回,2021-04-05 22:57:03.512000,110.29200,1.00
2021-04-01,2021-04-30,20260209_090805,20260209_090805-0008,1,初回,2021-04-05 23:31:37.726000,109.99500,1.00
2021-04-01,2021-04-30,20260209_090805,20260209_090805-0009,1,初回,2021-04-06 11:19:04.975000,110.28600,1.00
2021-04-01,2021-04-30,20260209_090805,20260209_090805-0010,1,初回,2021-04-06 11:32:02.482000,110.32700,1.00
2021-04-01,2021-04-30,20260209_090805,20260209_090805-0011,1,初回,2021-04-06 12:09:05.420000,110.37500,1.00
2021-04-01,2021-04-30,20260209_090805,20260209_090805-0012,1,初回,2021-04-06 17:36:56.516000,110.44800,1.00
2021-04-01,2021-04-30,20260209_090805,20260209_090805-0013,1,初回,2021-04-06 18:37:57.293000,110.49000,1.00
2021-04-01,2021-04-30,20260209_090805,20260209_090805-0014,1,初回,2021-04-06 19:15:52.844000,110.52100,1.00
2021-04-01,2021-04-30,20260209_090805,20260209_090805-0015,1,初回,2021-04-06 21:25:57.604000,110.18500,1.00
2021-04-01,2021-04-30,20260209_090805,20260209_090805-0016,1,初回,2021-04-06 21:39:35.999000,109.99800,1.00
2021-04-01,2021-04-30,20260209_090805,20260209_090805-0017,1,初回,2021-04-06 21:47:47.165000,109.91200,1.00
2021-04-01,2021-04-30,20260209_090805,20260209_090805-0018,1,初回,2021-04-06 22:34:07.227000,109.70600,1.00
2021-04-01,2021-04-30,20260209_090805,20260209_090805-0019,1,初回,2021-04-07 23:54:55.553000,109.61700,1.00
2021-04-01,2021-04-30,20260209_090805,20260209_090805-0020,1,初回,2021-04-07 23:55:00.296000,109.61800,1.00
2021-04-01,2021-04-30,20260209_090805,20260209_090805-0021,1,初回,2021-04-08 16:13:15.693000,109.52100,1.00
2021-04-01,2021-04-30,20260209_090805,20260209_090805-0022,1,初回,2021-04-08 17:06:17.087000,109.47700,1.00
2021-04-01,2021-04-30,20260209_090805,20260209_090805-0023,1,初回,2021-04-08 20:49:43.742000,109.22000,1.00
2021-04-01,2021-04-30,20260209_090805,20260209_090805-0024,1,初回,2021-04-08 21:42:43.317000,109.03600,1.00
2021-04-01,2021-04-30,20260209_090805,20260209_090805-0025,1,初回,2021-04-09 19:15:09.780000,109.72000,1.00
2021-04-01,2021-04-30,20260209_090805,20260209_090805-0026,1,初回,2021-04-09 21:45:15.825000,109.91100,1.00
2021-04-01,2021-04-30,20260209_090805,20260209_090805-0027,1,初回,2021-04-09 21:49:53.431000,109.93000,1.00
2021-04-01,2021-04-30,20260209_090805,20260209_090805-0028,1,初回,2021-04-12 11:00:05.374000,109.59000,1.00
2021-04-01,2021-04-30,20260209_090805,20260209_090805-0029,1,初回,2021-04-12 11:08:47.932000,109.51800,1.00
2021-04-01,2021-04-30,20260209_090805,20260209_090805-0030,1,初回,2021-04-12 12:06:04.443000,109.51000,1.00
2021-04-01,2021-04-30,20260209_090805,20260209_090805-0031,1,初回,2021-04-12 16:34:57.964000,109.45300,1.00
2021-04-01,2021-04-30,20260209_090805,20260209_090805-0032,1,初回,2021-04-12 17:01:24.255000,109.41600,1.00
2021-04-01,2021-04-30,20260209_090805,20260209_090805-0033,1,初回,2021-04-12 18:30:37.719000,109.34800,1.00
2021-04-01,2021-04-30,20260209_090805,20260209_090805-0034,1,初回,2021-04-12 19:00:17.910000,109.32700,1.00
2021-04-01,2021-04-30,20260209_090805,20260209_090805-0035,1,初回,2021-04-12 20:26:57.884000,109.28400,1.00
2021-04-01,2021-04-30,20260209_090805,20260209_090805-0036,1,初回,2021-04-13 13:12:15.183000,109.74000,1.00
2021-04-01,2021-04-30,20260209_090805,20260209_090805-0037,1,初回,2021-04-13 18:18:13.214000,109.28500,1.00
2021-04-01,2021-04-30,20260209_090805,20260209_090805-0038,1,初回,2021-04-13 18:19:04.815000,109.26500,1.00
2021-04-01,2021-04-30,20260209_090805,20260209_090805-0039,1,初回,2021-04-13 20:02:12.399000,109.23000,1.00
2021-04-01,2021-04-30,20260209_090805,20260209_090805-0040,1,初回,2021-04-13 20:02:41.701000,109.16400,1.00
2021-04-01,2021-04-30,20260209_090805,20260209_090805-0041,1,初回,2021-04-13 21:30:03.534000,109.57700,1.00
2021-04-01,2021-04-30,20260209_090805,20260209_090805-0042,1,初回,2021-04-14 01:14:38.229000,109.16500,1.00
2021-04-01,2021-04-30,20260209_090805,20260209_090805-0043,1,初回,2021-04-14 02:05:04.520000,109.08800,1.00
2021-04-01,2021-04-30,20260209_090805,20260209_090805-0044,1,初回,2021-04-14 18:43:53.261000,109.04100,1.00
2021-04-01,2021-04-30,20260209_090805,20260209_090805-0045,1,初回,2021-04-14 22:32:29.525000,109.06400,1.00
2021-04-01,2021-04-30,20260209_090805,20260209_090805-0046,1,初回,2021-04-15 16:26:34.651000,108.82800,1.00
2021-04-01,2021-04-30,20260209_090805,20260209_090805-0047,1,初回,2021-04-15 17:40:43.189000,108.79000,1.00
2021-04-01,2021-04-30,20260209_090805,20260209_090805-0048,1,初回,2021-04-15 17:40:52.681000,108.74300,1.00
2021-04-01,2021-04-30,20260209_090805,20260209_090805-0049,1,初回,2021-04-15 18:20:43.892000,108.70100,1.00
2021-04-01,2021-04-30,20260209_090805,20260209_090805-0050,1,初回,2021-04-15 22:51:06.990000,108.68600,1.00
2021-04-01,2021-04-30,20260209_090805,20260209_090805-0051,1,初回,2021-04-15 23:13:40.251000,108.65100,1.00
2021-04-01,2021-04-30,20260209_090805,20260209_090805-0052,1,初回,2021-04-16 11:54:18.130000,108.91000,1.00
2021-04-01,2021-04-30,20260209_090805,20260209_090805-0053,1,初回,2021-04-16 16:42:58.974000,108.93400,1.00
2021-04-01,2021-04-30,20260209_090805,20260209_090805-0054,1,初回,2021-04-16 16:42:57.536000,108.92700,1.00
2021-04-01,2021-04-30,20260209_090805,20260209_090805-0055,1,初回,2021-04-19 11:03:14.385000,108.63600,1.00
2021-04-01,2021-04-30,20260209_090805,20260209_090805-0056,1,初回,2021-04-19 11:04:12.944000,108.58600,1.00
2021-04-01,2021-04-30,20260209_090805,20260209_090805-0057,1,初回,2021-04-19 14:55:15.114000,108.53900,1.00
2021-04-01,2021-04-30,20260209_090805,20260209_090805-0058,1,初回,2021-04-19 15:04:27.337000,108.49900,1.00
2021-04-01,2021-04-30,20260209_090805,20260209_090805-0059,1,初回,2021-04-19 16:50:44.278000,108.24100,1.00
2021-04-01,2021-04-30,20260209_090805,20260209_090805-0060,1,初回,2021-04-19 17:18:00.867000,108.07400,1.00
2021-04-01,2021-04-30,20260209_090805,20260209_090805-0061,1,初回,2021-04-19 18:24:15.108000,108.05000,1.00
2021-04-01,2021-04-30,20260209_090805,20260209_090805-0062,1,初回,2021-04-20 00:00:01.069000,108.04800,1.00
2021-04-01,2021-04-30,20260209_090805,20260209_090805-0063,1,初回,2021-04-20 16:08:36.886000,108.53900,1.00
2021-04-01,2021-04-30,20260209_090805,20260209_090805-0064,1,初回,2021-04-20 16:08:11.894000,108.51800,1.00
2021-04-01,2021-04-30,20260209_090805,20260209_090805-0065,1,初回,2021-04-21 11:06:16.494000,107.91400,1.00
2021-04-01,2021-04-30,20260209_090805,20260209_090805-0066,1,初回,2021-04-21 16:37:32.413000,108.12100,1.00
2021-04-01,2021-04-30,20260209_090805,20260209_090805-0067,1,初回,2021-04-21 16:48:27.814000,108.25400,1.00
2021-04-01,2021-04-30,20260209_090805,20260209_090805-0068,1,初回,2021-04-22 15:48:53.206000,107.89800,1.00
2021-04-01,2021-04-30,20260209_090805,20260209_090805-0069,1,初回,2021-04-22 16:00:31.409000,107.85300,1.00
2021-04-01,2021-04-30,20260209_090805,20260209_090805-0070,1,初回,2021-04-22 21:10:16.939000,108.16600,1.00
2021-04-01,2021-04-30,20260209_090805,20260209_090805-0071,1,初回,2021-04-22 21:10:25.502000,108.18200,1.00
2021-04-01,2021-04-30,20260209_090805,20260209_090805-0072,1,初回,2021-04-23 01:51:54.456000,108.20400,1.00
2021-04-01,2021-04-30,20260209_090805,20260209_090805-0073,1,初回,2021-04-23 20:16:53.898000,107.84100,1.00
2021-04-01,2021-04-30,20260209_090805,20260209_090805-0074,1,初回,2021-04-23 20:47:38.142000,107.79300,1.00
2021-04-01,2021-04-30,20260209_090805,20260209_090805-0075,1,初回,2021-04-23 21:51:46.845000,107.51600,1.00
2021-04-01,2021-04-30,20260209_090805,20260209_090805-0076,1,初回,2021-04-26 11:00:04.399000,107.78700,1.00
2021-04-01,2021-04-30,20260209_090805,20260209_090805-0077,1,初回,2021-04-26 11:12:40.488000,107.74800,1.00
2021-04-01,2021-04-30,20260209_090805,20260209_090805-0078,1,初回,2021-04-26 12:22:09.984000,107.72000,1.00
2021-04-01,2021-04-30,20260209_090805,20260209_090805-0079,1,初回,2021-04-26 13:09:36.734000,107.68700,1.00
2021-04-01,2021-04-30,20260209_090805,20260209_090805-0080,1,初回,2021-04-26 17:16:39.372000,107.67900,1.00
2021-04-01,2021-04-30,20260209_090805,20260209_090805-0081,1,初回,2021-04-26 20:52:13.823000,108.01100,1.00
2021-04-01,2021-04-30,20260209_090805,20260209_090805-0082,1,初回,2021-04-26 21:20:08.985000,108.11700,1.00
2021-04-01,2021-04-30,20260209_090805,20260209_090805-0083,1,初回,2021-04-26 21:20:54.730000,108.13700,1.00
2021-04-01,2021-04-30,20260209_090805,20260209_090805-0084,1,初回,2021-04-27 00:08:34.691000,108.16700,1.00
2021-04-01,2021-04-30,20260209_090805,20260209_090805-0085,1,初回,2021-04-27 11:00:04.517000,108.31700,1.00
2021-04-01,2021-04-30,20260209_090805,20260209_090805-0086,1,初回,2021-04-27 11:10:05.372000,108.35700,1.00
2021-04-01,2021-04-30,20260209_090805,20260209_090805-0087,1,初回,2021-04-27 17:08:00.313000,108.35600,1.00
2021-04-01,2021-04-30,20260209_090805,20260209_090805-0088,1,初回,2021-04-27 17:09:05.897000,108.36700,1.00
2021-04-01,2021-04-30,20260209_090805,20260209_090805-0089,1,初回,2021-04-27 18:10:14.440000,108.39500,1.00
2021-04-01,2021-04-30,20260209_090805,20260209_090805-0090,1,初回,2021-04-27 22:50:52.727000,108.41200,1.00
2021-04-01,2021-04-30,20260209_090805,20260209_090805-0091,1,初回,2021-04-27 23:43:41.648000,108.49700,1.00
2021-04-01,2021-04-30,20260209_090805,20260209_090805-0092,1,初回,2021-04-28 00:40:25.162000,108.54800,1.00
2021-04-01,2021-04-30,20260209_090805,20260209_090805-0093,1,初回,2021-04-28 01:22:24.907000,108.64800,1.00
2021-04-01,2021-04-30,20260209_090805,20260209_090805-0094,1,初回,2021-04-28 02:49:14.759000,108.67300,1.00
2021-04-01,2021-04-30,20260209_090805,20260209_090805-0095,1,初回,2021-04-28 03:07:58.940000,108.71900,1.00
2021-04-01,2021-04-30,20260209_090805,20260209_090805-0096,1,初回,2021-04-28 15:04:05.316000,108.91900,1.00
2021-04-01,2021-04-30,20260209_090805,20260209_090805-0097,1,初回,2021-04-28 15:05:03.443000,108.91900,1.00
2021-04-01,2021-04-30,20260209_090805,20260209_090805-0098,1,初回,2021-04-28 15:50:38.172000,109.02600,1.00
2021-04-01,2021-04-30,20260209_090805,20260209_090805-0099,1,初回,2021-04-28 16:00:14.360000,109.04700,1.00
2021-04-01,2021-04-30,20260209_090805,20260209_090805-0100,1,初回,2021-04-28 23:02:11.090000,108.85600,1.00
2021-04-01,2021-04-30,20260209_090805,20260209_090805-0101,1,初回,2021-04-28 23:16:35.099000,108.74000,1.00
2021-04-01,2021-04-30,20260209_090805,20260209_090805-0102,1,初回,2021-04-29 03:00:30.419000,108.96800,1.00
2021-04-01,2021-04-30,20260209_090805,20260209_090805-0103,1,初回,2021-04-29 03:38:19.137000,108.61400,1.00
2021-04-01,2021-04-30,20260209_090805,20260209_090805-0104,1,初回,2021-04-29 04:40:16.998000,108.61300,1.00
2021-04-01,2021-04-30,20260209_090805,20260209_090805-0105,1,初回,2021-04-29 15:16:15.331000,108.70900,1.00
2021-04-01,2021-04-30,20260209_090805,20260209_090805-0106,1,初回,2021-04-29 15:37:42.907000,108.77600,1.00
2021-04-01,2021-04-30,20260209_090805,20260209_090805-0107,1,初回,2021-04-29 16:41:14.934000,108.86600,1.00
2021-04-01,2021-04-30,20260209_090805,20260209_090805-0108,1,初回,2021-04-29 17:33:24.151000,108.97100,1.00
2021-04-01,2021-04-30,20260209_090805,20260209_090805-0109,1,初回,2021-04-29 18:26:32.901000,109.04000,1.00
2021-04-01,2021-04-30,20260209_090805,20260209_090805-0110,1,初回,2021-04-29 22:49:06.424000,109.19300,1.00
2021-04-01,2021-04-30,20260209_090805,20260209_090805-0111,1,初回,2021-04-30 22:51:02.344000,109.02700,1.00
2021-04-01,2021-04-30,20260209_090805,20260209_090805-0112,1,初回,2021-04-30 23:57:54.061000,109.29500,1.00
2021-05-01,2021-05-31,20260209_090837,20260209_090837-0001,1,初回,2021-05-03 22:03:30.750000,109.27800,1.00
2021-05-01,2021-05-31,20260209_090837,20260209_090837-0002,1,初回,2021-05-03 22:53:22.418000,109.16100,1.00
2021-05-01,2021-05-31,20260209_090837,20260209_090837-0003,1,初回,2021-05-03 23:20:43.232000,108.93500,1.00
2021-05-01,2021-05-31,20260209_090837,20260209_090837-0004,1,初回,2021-05-04 16:25:20.626000,109.45800,1.00
2021-05-01,2021-05-31,20260209_090837,20260209_090837-0005,1,初回,2021-05-04 20:42:12.784000,109.19300,1.00
2021-05-01,2021-05-31,20260209_090837,20260209_090837-0006,1,初回,2021-05-04 21:39:56.040000,109.10600,1.00
2021-05-01,2021-05-31,20260209_090837,20260209_090837-0007,1,初回,2021-05-04 22:00:59.220000,109.08000,1.00
2021-05-01,2021-05-31,20260209_090837,20260209_090837-0008,1,初回,2021-05-05 15:26:10.477000,109.43500,1.00
2021-05-01,2021-05-31,20260209_090837,20260209_090837-0009,1,初回,2021-05-05 15:26:10.884000,109.45200,1.00
2021-05-01,2021-05-31,20260209_090837,20260209_090837-0010,1,初回,2021-05-05 22:33:15.806000,109.23400,1.00
2021-05-01,2021-05-31,20260209_090837,20260209_090837-0011,1,初回,2021-05-05 22:35:36.621000,109.18200,1.00
2021-05-01,2021-05-31,20260209_090837,20260209_090837-0012,1,初回,2021-05-06 17:55:09.515000,109.20000,1.00
2021-05-01,2021-05-31,20260209_090837,20260209_090837-0013,1,初回,2021-05-06 18:38:05.430000,109.12400,1.00
2021-05-01,2021-05-31,20260209_090837,20260209_090837-0014,1,初回,2021-05-06 19:29:25.294000,109.09900,1.00
2021-05-01,2021-05-31,20260209_090837,20260209_090837-0015,1,初回,2021-05-06 22:18:38.263000,109.38900,1.00
2021-05-01,2021-05-31,20260209_090837,20260209_090837-0016,1,初回,2021-05-06 23:11:22.052000,109.07400,1.00
2021-05-01,2021-05-31,20260209_090837,20260209_090837-0017,1,初回,2021-05-07 03:28:31.533000,109.04000,1.00
2021-05-01,2021-05-31,20260209_090837,20260209_090837-0018,1,初回,2021-05-07 21:01:15.857000,109.25800,1.00
2021-05-01,2021-05-31,20260209_090837,20260209_090837-0019,1,初回,2021-05-07 21:30:09.008000,108.97500,1.00
2021-05-01,2021-05-31,20260209_090837,20260209_090837-0020,1,初回,2021-05-07 21:30:11.428000,108.93400,1.00
2021-05-01,2021-05-31,20260209_090837,20260209_090837-0021,1,初回,2021-05-07 21:52:56.139000,108.37600,1.00
2021-05-01,2021-05-31,20260209_090837,20260209_090837-0022,1,初回,2021-05-11 16:00:14.924000,108.95200,1.00
2021-05-01,2021-05-31,20260209_090837,20260209_090837-0023,1,初回,2021-05-11 19:09:29.198000,108.77300,1.00
2021-05-01,2021-05-31,20260209_090837,20260209_090837-0024,1,初回,2021-05-11 19:24:13.527000,108.70400,1.00
2021-05-01,2021-05-31,20260209_090837,20260209_090837-0025,1,初回,2021-05-11 20:24:33.061000,108.62600,1.00
2021-05-01,2021-05-31,20260209_090837,20260209_090837-0026,1,初回,2021-05-11 21:08:10.315000,108.54000,1.00
2021-05-01,2021-05-31,20260209_090837,20260209_090837-0027,1,初回,2021-05-11 22:02:12.601000,108.50700,1.00
2021-05-01,2021-05-31,20260209_090837,20260209_090837-0028,1,初回,2021-05-11 22:06:10.123000,108.38900,1.00
2021-05-01,2021-05-31,20260209_090837,20260209_090837-0029,1,初回,2021-05-12 21:30:01.592000,108.94600,1.00
2021-05-01,2021-05-31,20260209_090837,20260209_090837-0030,1,初回,2021-05-12 21:30:01.744000,108.95800,1.00
2021-05-01,2021-05-31,20260209_090837,20260209_090837-0031,1,初回,2021-05-12 21:35:36.855000,109.18000,1.00
2021-05-01,2021-05-31,20260209_090837,20260209_090837-0032,1,初回,2021-05-12 22:49:07.860000,109.25700,1.00
2021-05-01,2021-05-31,20260209_090837,20260209_090837-0033,1,初回,2021-05-12 22:49:07.911000,109.26200,1.00
2021-05-01,2021-05-31,20260209_090837,20260209_090837-0034,1,初回,2021-05-12 23:11:03.753000,109.38300,1.00
2021-05-01,2021-05-31,20260209_090837,20260209_090837-0035,1,初回,2021-05-13 00:08:47.498000,109.43200,1.00
2021-05-01,2021-05-31,20260209_090837,20260209_090837-0036,1,初回,2021-05-13 00:31:38.730000,109.51200,1.00
2021-05-01,2021-05-31,20260209_090837,20260209_090837-0037,1,初回,2021-05-13 01:49:31.908000,109.61100,1.00
2021-05-01,2021-05-31,20260209_090837,20260209_090837-0038,1,初回,2021-05-13 21:31:24.239000,109.52000,1.00
2021-05-01,2021-05-31,20260209_090837,20260209_090837-0039,1,初回,2021-05-13 21:31:24.340000,109.51900,1.00
2021-05-01,2021-05-31,20260209_090837,20260209_090837-0040,1,初回,2021-05-14 01:48:50.979000,109.48800,1.00
2021-05-01,2021-05-31,20260209_090837,20260209_090837-0041,1,初回,2021-05-14 02:00:26.030000,109.48100,1.00
2021-05-01,2021-05-31,20260209_090837,20260209_090837-0042,1,初回,2021-05-14 03:52:25.226000,109.45000,1.00
2021-05-01,2021-05-31,20260209_090837,20260209_090837-0043,1,初回,2021-05-14 15:29:33.456000,109.44500,1.00
2021-05-01,2021-05-31,20260209_090837,20260209_090837-0044,1,初回,2021-05-14 15:45:34.399000,109.38100,1.00
2021-05-01,2021-05-31,20260209_090837,20260209_090837-0045,1,初回,2021-05-14 16:01:07.887000,109.37700,1.00
2021-05-01,2021-05-31,20260209_090837,20260209_090837-0046,1,初回,2021-05-14 17:24:58.510000,109.29500,1.00
2021-05-01,2021-05-31,20260209_090837,20260209_090837-0047,1,初回,2021-05-14 18:00:32.073000,109.28700,1.00
2021-05-01,2021-05-31,20260209_090837,20260209_090837-0048,1,初回,2021-05-14 21:31:14.688000,109.22500,1.00
2021-05-01,2021-05-31,20260209_090837,20260209_090837-0049,1,初回,2021-05-17 15:32:23.526000,109.22400,1.00
2021-05-01,2021-05-31,20260209_090837,20260209_090837-0050,1,初回,2021-05-17 15:32:44.246000,109.22100,1.00
2021-05-01,2021-05-31,20260209_090837,20260209_090837-0051,1,初回,2021-05-17 15:33:12.136000,109.21000,1.00
2021-05-01,2021-05-31,20260209_090837,20260209_090837-0052,1,初回,2021-05-17 16:03:52.979000,109.18400,1.00
2021-05-01,2021-05-31,20260209_090837,20260209_090837-0053,1,初回,2021-05-17 19:08:39.435000,109.11300,1.00
2021-05-01,2021-05-31,20260209_090837,20260209_090837-0054,1,初回,2021-05-18 11:06:00.008000,109.13600,1.00
2021-05-01,2021-05-31,20260209_090837,20260209_090837-0055,1,初回,2021-05-18 15:24:32.700000,109.06900,1.00
2021-05-01,2021-05-31,20260209_090837,20260209_090837-0056,1,初回,2021-05-18 16:26:14.547000,108.98100,1.00
2021-05-01,2021-05-31,20260209_090837,20260209_090837-0057,1,初回,2021-05-18 17:17:40.170000,108.89100,1.00
2021-05-01,2021-05-31,20260209_090837,20260209_090837-0058,1,初回,2021-05-18 21:41:38.378000,108.87000,1.00
2021-05-01,2021-05-31,20260209_090837,20260209_090837-0059,1,初回,2021-05-19 16:23:40.564000,109.04400,1.00
2021-05-01,2021-05-31,20260209_090837,20260209_090837-0060,1,初回,2021-05-19 16:48:59.364000,109.09000,1.00
2021-05-01,2021-05-31,20260209_090837,20260209_090837-0061,1,初回,2021-05-19 18:25:15.330000,109.14200,1.00
2021-05-01,2021-05-31,20260209_090837,20260209_090837-0062,1,初回,2021-05-19 19:31:42.716000,109.21900,1.00
2021-05-01,2021-05-31,20260209_090837,20260209_090837-0063,1,初回,2021-05-19 20:00:29.462000,109.25300,1.00
2021-05-01,2021-05-31,20260209_090837,20260209_090837-0064,1,初回,2021-05-19 20:12:43.825000,109.30500,1.00
2021-05-01,2021-05-31,20260209_090837,20260209_090837-0065,1,初回,2021-05-19 22:08:15.569000,108.86700,1.00
2021-05-01,2021-05-31,20260209_090837,20260209_090837-0066,1,初回,2021-05-19 22:11:01.725000,108.77200,1.00
2021-05-01,2021-05-31,20260209_090837,20260209_090837-0067,1,初回,2021-05-19 23:05:04.223000,108.70100,1.00
2021-05-01,2021-05-31,20260209_090837,20260209_090837-0068,1,初回,2021-05-19 23:58:04.228000,108.62200,1.00
2021-05-01,2021-05-31,20260209_090837,20260209_090837-0069,1,初回,2021-05-20 00:00:09.718000,108.61100,1.00
2021-05-01,2021-05-31,20260209_090837,20260209_090837-0070,1,初回,2021-05-20 22:38:39.151000,108.82600,1.00
2021-05-01,2021-05-31,20260209_090837,20260209_090837-0071,1,初回,2021-05-20 23:02:17.347000,108.79300,1.00
2021-05-01,2021-05-31,20260209_090837,20260209_090837-0072,1,初回,2021-05-21 00:41:26.539000,108.78800,1.00
2021-05-01,2021-05-31,20260209_090837,20260209_090837-0073,1,初回,2021-05-21 13:34:03.438000,108.77500,1.00
2021-05-01,2021-05-31,20260209_090837,20260209_090837-0074,1,初回,2021-05-21 14:25:09.894000,108.74800,1.00
2021-05-01,2021-05-31,20260209_090837,20260209_090837-0075,1,初回,2021-05-21 15:01:44.270000,108.71600,1.00
2021-05-01,2021-05-31,20260209_090837,20260209_090837-0076,1,初回,2021-05-21 17:02:24.652000,108.66300,1.00
2021-05-01,2021-05-31,20260209_090837,20260209_090837-0077,1,初回,2021-05-21 18:00:20.756000,108.64900,1.00
2021-05-01,2021-05-31,20260209_090837,20260209_090837-0078,1,初回,2021-05-22 01:56:32.220000,108.99500,1.00
2021-05-01,2021-05-31,20260209_090837,20260209_090837-0079,1,初回,2021-05-24 17:38:13.129000,108.97500,1.00
2021-05-01,2021-05-31,20260209_090837,20260209_090837-0080,1,初回,2021-05-24 23:21:50.607000,108.73300,1.00
2021-05-01,2021-05-31,20260209_090837,20260209_090837-0081,1,初回,2021-05-25 11:14:03.862000,108.72000,1.00
2021-05-01,2021-05-31,20260209_090837,20260209_090837-0082,1,初回,2021-05-25 15:37:59.662000,108.66300,1.00
2021-05-01,2021-05-31,20260209_090837,20260209_090837-0083,1,初回,2021-05-25 15:44:00.227000,108.64900,1.00
2021-05-01,2021-05-31,20260209_090837,20260209_090837-0084,1,初回,2021-05-25 16:10:13.270000,108.61000,1.00
2021-05-01,2021-05-31,20260209_090837,20260209_090837-0085,1,初回,2021-05-25 16:10:32.647000,108.59600,1.00
2021-05-01,2021-05-31,20260209_090837,20260209_090837-0086,1,初回,2021-05-25 18:33:01.887000,108.81200,1.00
2021-05-01,2021-05-31,20260209_090837,20260209_090837-0087,1,初回,2021-05-25 17:10:53.219000,108.81300,1.00
2021-05-01,2021-05-31,20260209_090837,20260209_090837-0088,1,初回,2021-05-25 19:27:09.631000,108.92400,1.00
2021-05-01,2021-05-31,20260209_090837,20260209_090837-0089,1,初回,2021-05-25 20:03:35.883000,108.93700,1.00
2021-05-01,2021-05-31,20260209_090837,20260209_090837-0090,1,初回,2021-05-25 19:28:23.481000,108.95300,1.00
2021-05-01,2021-05-31,20260209_090837,20260209_090837-0091,1,初回,2021-05-25 21:54:30.395000,109.02100,1.00
2021-05-01,2021-05-31,20260209_090837,20260209_090837-0092,1,初回,2021-05-25 22:22:43.147000,109.04000,1.00
2021-05-01,2021-05-31,20260209_090837,20260209_090837-0093,1,初回,2021-05-26 18:04:31.530000,108.90500,1.00
2021-05-01,2021-05-31,20260209_090837,20260209_090837-0094,1,初回,2021-05-26 22:30:13.797000,109.02800,1.00
2021-05-01,2021-05-31,20260209_090837,20260209_090837-0095,1,初回,2021-05-27 00:33:57.832000,109.11700,1.00
2021-05-01,2021-05-31,20260209_090837,20260209_090837-0096,1,初回,2021-05-27 02:43:42.606000,109.14800,1.00
2021-05-01,2021-05-31,20260209_090837,20260209_090837-0097,1,初回,2021-05-27 17:46:52.511000,109.17800,1.00
2021-05-01,2021-05-31,20260209_090837,20260209_090837-0098,1,初回,2021-05-27 17:46:53.021000,109.17900,1.00
2021-05-01,2021-05-31,20260209_090837,20260209_090837-0099,1,初回,2021-05-27 20:48:44.057000,109.23100,1.00
2021-05-01,2021-05-31,20260209_090837,20260209_090837-0100,1,初回,2021-05-27 21:05:05.877000,109.27800,1.00
2021-05-01,2021-05-31,20260209_090837,20260209_090837-0101,1,初回,2021-05-27 21:14:00.894000,109.36900,1.00
2021-05-01,2021-05-31,20260209_090837,20260209_090837-0102,1,初回,2021-05-27 21:14:02.770000,109.36900,1.00
2021-05-01,2021-05-31,20260209_090837,20260209_090837-0103,1,初回,2021-05-27 22:33:44.874000,109.48200,1.00
2021-05-01,2021-05-31,20260209_090837,20260209_090837-0104,1,初回,2021-05-27 22:45:42.270000,109.51800,1.00
2021-05-01,2021-05-31,20260209_090837,20260209_090837-0105,1,初回,2021-05-27 23:56:59.799000,109.66300,1.00
2021-05-01,2021-05-31,20260209_090837,20260209_090837-0106,1,初回,2021-05-27 23:57:38.171000,109.71900,1.00
2021-05-01,2021-05-31,20260209_090837,20260209_090837-0107,1,初回,2021-05-28 00:38:08.477000,109.75600,1.00
2021-05-01,2021-05-31,20260209_090837,20260209_090837-0108,1,初回,2021-05-28 00:50:44.225000,109.82300,1.00
2021-05-01,2021-05-31,20260209_090837,20260209_090837-0109,1,初回,2021-05-28 01:22:55.611000,109.89500,1.00
2021-05-01,2021-05-31,20260209_090837,20260209_090837-0110,1,初回,2021-05-28 20:01:49.981000,109.93000,1.00
2021-05-01,2021-05-31,20260209_090837,20260209_090837-0111,1,初回,2021-05-28 20:56:07.120000,110.05800,1.00
2021-05-01,2021-05-31,20260209_090837,20260209_090837-0112,1,初回,2021-05-28 21:50:53.753000,110.16800,1.00
2021-05-01,2021-05-31,20260209_090837,20260209_090837-0113,1,初回,2021-05-29 00:49:22.492000,109.83500,1.00
2021-05-01,2021-05-31,20260209_090837,20260209_090837-0114,1,初回,2021-05-29 01:17:12.762000,109.80100,1.00
2021-05-01,2021-05-31,20260209_090837,20260209_090837-0115,1,初回,2021-05-29 02:00:06.784000,109.78100,1.00
2021-05-01,2021-05-31,20260209_090837,20260209_090837-0116,1,初回,2021-05-31 11:13:18.926000,109.69100,1.00
2021-05-01,2021-05-31,20260209_090837,20260209_090837-0117,1,初回,2021-05-31 11:27:08.213000,109.67500,1.00
2021-05-01,2021-05-31,20260209_090837,20260209_090837-0118,1,初回,2021-05-31 23:56:58.835000,109.39800,1.00
2021-06-01,2021-06-30,20260209_090904,20260209_090904-0001,1,初回,2021-06-01 23:27:10.620000,109.37000,1.00
2021-06-01,2021-06-30,20260209_090904,20260209_090904-0002,1,初回,2021-06-02 13:48:41.448000,109.67600,1.00
2021-06-01,2021-06-30,20260209_090904,20260209_090904-0003,1,初回,2021-06-02 14:12:19.515000,109.69700,1.00
2021-06-01,2021-06-30,20260209_090904,20260209_090904-0004,1,初回,2021-06-02 15:07:06.709000,109.74400,1.00
2021-06-01,2021-06-30,20260209_090904,20260209_090904-0005,1,初回,2021-06-02 16:00:40.062000,109.75500,1.00
2021-06-01,2021-06-30,20260209_090904,20260209_090904-0006,1,初回,2021-06-02 17:49:32.494000,109.85600,1.00
2021-06-01,2021-06-30,20260209_090904,20260209_090904-0007,1,初回,2021-06-03 21:15:04.201000,109.85800,1.00
2021-06-01,2021-06-30,20260209_090904,20260209_090904-0008,1,初回,2021-06-03 21:25:34.638000,109.95900,1.00
2021-06-01,2021-06-30,20260209_090904,20260209_090904-0009,1,初回,2021-06-03 22:46:15.479000,110.13300,1.00
2021-06-01,2021-06-30,20260209_090904,20260209_090904-0010,1,初回,2021-06-03 23:45:02.524000,110.19000,1.00
2021-06-01,2021-06-30,20260209_090904,20260209_090904-0011,1,初回,2021-06-04 00:42:45.733000,110.28200,1.00
2021-06-01,2021-06-30,20260209_090904,20260209_090904-0012,1,初回,2021-06-04 01:17:47.161000,110.28400,1.00
2021-06-01,2021-06-30,20260209_090904,20260209_090904-0013,1,初回,2021-06-04 21:04:16.433000,110.08000,1.00
2021-06-01,2021-06-30,20260209_090904,20260209_090904-0014,1,初回,2021-06-04 21:55:31.974000,109.76400,1.00
2021-06-01,2021-06-30,20260209_090904,20260209_090904-0015,1,初回,2021-06-04 22:48:05.727000,109.56700,1.00
2021-06-01,2021-06-30,20260209_090904,20260209_090904-0016,1,初回,2021-06-04 22:50:50.286000,109.52400,1.00
2021-06-01,2021-06-30,20260209_090904,20260209_090904-0017,1,初回,2021-06-04 23:00:08.325000,109.49300,1.00
2021-06-01,2021-06-30,20260209_090904,20260209_090904-0018,1,初回,2021-06-04 23:32:27.861000,109.40200,1.00
2021-06-01,2021-06-30,20260209_090904,20260209_090904-0019,1,初回,2021-06-07 13:30:00.267000,109.51100,1.00
2021-06-01,2021-06-30,20260209_090904,20260209_090904-0020,1,初回,2021-06-07 13:49:55.930000,109.42100,1.00
2021-06-01,2021-06-30,20260209_090904,20260209_090904-0021,1,初回,2021-06-07 17:04:01.845000,109.38900,1.00
2021-06-01,2021-06-30,20260209_090904,20260209_090904-0022,1,初回,2021-06-07 20:30:55.798000,109.28800,1.00
2021-06-01,2021-06-30,20260209_090904,20260209_090904-0023,1,初回,2021-06-07 21:03:08.577000,109.28200,1.00
2021-06-01,2021-06-30,20260209_090904,20260209_090904-0024,1,初回,2021-06-07 22:13:21.143000,109.22700,1.00
2021-06-01,2021-06-30,20260209_090904,20260209_090904-0025,1,初回,2021-06-08 20:57:53.473000,109.40400,1.00
2021-06-01,2021-06-30,20260209_090904,20260209_090904-0026,1,初回,2021-06-08 21:30:25.488000,109.30900,1.00
2021-06-01,2021-06-30,20260209_090904,20260209_090904-0027,1,初回,2021-06-09 20:44:56.357000,109.36600,1.00
2021-06-01,2021-06-30,20260209_090904,20260209_090904-0028,1,初回,2021-06-09 22:31:09.597000,109.26400,1.00
2021-06-01,2021-06-30,20260209_090904,20260209_090904-0029,1,初回,2021-06-09 23:22:40.328000,109.48800,1.00
2021-06-01,2021-06-30,20260209_090904,20260209_090904-0030,1,初回,2021-06-09 23:32:44.409000,109.53200,1.00
2021-06-01,2021-06-30,20260209_090904,20260209_090904-0031,1,初回,2021-06-09 23:41:34.786000,109.58700,1.00
2021-06-01,2021-06-30,20260209_090904,20260209_090904-0032,1,初回,2021-06-09 23:52:02.820000,109.61100,1.00
2021-06-01,2021-06-30,20260209_090904,20260209_090904-0033,1,初回,2021-06-09 23:52:02.871000,109.61600,1.00
2021-06-01,2021-06-30,20260209_090904,20260209_090904-0034,1,初回,2021-06-10 01:01:46.373000,109.62000,1.00
2021-06-01,2021-06-30,20260209_090904,20260209_090904-0035,1,初回,2021-06-10 21:30:01.348000,109.65000,1.00
2021-06-01,2021-06-30,20260209_090904,20260209_090904-0036,1,初回,2021-06-10 21:30:01.450000,109.66000,1.00
2021-06-01,2021-06-30,20260209_090904,20260209_090904-0037,1,初回,2021-06-10 21:46:35.354000,109.73600,1.00
2021-06-01,2021-06-30,20260209_090904,20260209_090904-0038,1,初回,2021-06-10 22:17:15.846000,109.76500,1.00
2021-06-01,2021-06-30,20260209_090904,20260209_090904-0039,1,初回,2021-06-10 23:19:15.542000,109.48900,1.00
2021-06-01,2021-06-30,20260209_090904,20260209_090904-0040,1,初回,2021-06-10 23:20:14.705000,109.46000,1.00
2021-06-01,2021-06-30,20260209_090904,20260209_090904-0041,1,初回,2021-06-11 01:15:31.614000,109.45300,1.00
2021-06-01,2021-06-30,20260209_090904,20260209_090904-0042,1,初回,2021-06-11 02:06:32.840000,109.44800,1.00
2021-06-01,2021-06-30,20260209_090904,20260209_090904-0043,1,初回,2021-06-11 16:11:16.482000,109.34500,1.00
2021-06-01,2021-06-30,20260209_090904,20260209_090904-0044,1,初回,2021-06-11 04:22:20.415000,109.35100,1.00
2021-06-01,2021-06-30,20260209_090904,20260209_090904-0045,1,初回,2021-06-11 21:32:25.549000,109.61300,1.00
2021-06-01,2021-06-30,20260209_090904,20260209_090904-0046,1,初回,2021-06-11 21:32:58.800000,109.61400,1.00
2021-06-01,2021-06-30,20260209_090904,20260209_090904-0047,1,初回,2021-06-11 22:51:22.594000,109.71000,1.00
2021-06-01,2021-06-30,20260209_090904,20260209_090904-0048,1,初回,2021-06-11 23:39:13.575000,109.81500,1.00
2021-06-01,2021-06-30,20260209_090904,20260209_090904-0049,1,初回,2021-06-14 17:57:25.410000,109.63000,1.00
2021-06-01,2021-06-30,20260209_090904,20260209_090904-0050,1,初回,2021-06-14 22:26:09.595000,109.81200,1.00
2021-06-01,2021-06-30,20260209_090904,20260209_090904-0051,1,初回,2021-06-14 22:52:41.292000,109.92100,1.00
2021-06-01,2021-06-30,20260209_090904,20260209_090904-0052,1,初回,2021-06-14 23:22:46.225000,109.95500,1.00
2021-06-01,2021-06-30,20260209_090904,20260209_090904-0053,1,初回,2021-06-15 00:44:26.180000,109.97000,1.00
2021-06-01,2021-06-30,20260209_090904,20260209_090904-0054,1,初回,2021-06-15 01:01:52.624000,109.98900,1.00
2021-06-01,2021-06-30,20260209_090904,20260209_090904-0055,1,初回,2021-06-15 03:10:12.355000,110.06500,1.00
2021-06-01,2021-06-30,20260209_090904,20260209_090904-0056,1,初回,2021-06-15 17:47:01.751000,110.12100,1.00
2021-06-01,2021-06-30,20260209_090904,20260209_090904-0057,1,初回,2021-06-15 17:57:31.157000,110.12100,1.00
2021-06-01,2021-06-30,20260209_090904,20260209_090904-0058,1,初回,2021-06-15 18:00:11.990000,110.13700,1.00
2021-06-01,2021-06-30,20260209_090904,20260209_090904-0059,1,初回,2021-06-16 16:22:12.756000,109.93700,1.00
2021-06-01,2021-06-30,20260209_090904,20260209_090904-0060,1,初回,2021-06-16 22:06:30.804000,109.83700,1.00
2021-06-01,2021-06-30,20260209_090904,20260209_090904-0061,1,初回,2021-06-16 21:14:05.835000,109.84400,1.00
2021-06-01,2021-06-30,20260209_090904,20260209_090904-0062,1,初回,2021-06-17 03:00:22.570000,110.12700,1.00
2021-06-01,2021-06-30,20260209_090904,20260209_090904-0063,1,初回,2021-06-17 03:01:34.622000,110.29800,1.00
2021-06-01,2021-06-30,20260209_090904,20260209_090904-0064,1,初回,2021-06-17 03:02:20.231000,110.29900,1.00
2021-06-01,2021-06-30,20260209_090904,20260209_090904-0065,1,初回,2021-06-17 03:40:18.922000,110.47500,1.00
2021-06-01,2021-06-30,20260209_090904,20260209_090904-0066,1,初回,2021-06-17 04:56:12.935000,110.62000,1.00
2021-06-01,2021-06-30,20260209_090904,20260209_090904-0067,1,初回,2021-06-17 21:32:34.663000,110.58300,1.00
2021-06-01,2021-06-30,20260209_090904,20260209_090904-0068,1,初回,2021-06-17 21:55:43.480000,110.48900,1.00
2021-06-01,2021-06-30,20260209_090904,20260209_090904-0069,1,初回,2021-06-17 22:24:58.097000,110.40500,1.00
2021-06-01,2021-06-30,20260209_090904,20260209_090904-0070,1,初回,2021-06-17 23:52:18.173000,110.22300,1.00
2021-06-01,2021-06-30,20260209_090904,20260209_090904-0071,1,初回,2021-06-18 01:29:03.497000,110.20600,1.00
2021-06-01,2021-06-30,20260209_090904,20260209_090904-0072,1,初回,2021-06-18 11:00:24.125000,110.19300,1.00
2021-06-01,2021-06-30,20260209_090904,20260209_090904-0073,1,初回,2021-06-18 15:35:27.188000,110.01400,1.00
2021-06-01,2021-06-30,20260209_090904,20260209_090904-0074,1,初回,2021-06-18 14:53:07.109000,110.01200,1.00
2021-06-01,2021-06-30,20260209_090904,20260209_090904-0075,1,初回,2021-06-18 16:34:32.195000,109.97900,1.00
2021-06-01,2021-06-30,20260209_090904,20260209_090904-0076,1,初回,2021-06-21 11:13:22.407000,109.97400,1.00
2021-06-01,2021-06-30,20260209_090904,20260209_090904-0077,1,初回,2021-06-21 12:33:38.716000,109.84200,1.00
2021-06-01,2021-06-30,20260209_090904,20260209_090904-0078,1,初回,2021-06-21 12:37:13.973000,109.75400,1.00
2021-06-01,2021-06-30,20260209_090904,20260209_090904-0079,1,初回,2021-06-21 22:42:39.141000,110.30400,1.00
2021-06-01,2021-06-30,20260209_090904,20260209_090904-0080,1,初回,2021-06-22 11:16:31.471000,110.37200,1.00
2021-06-01,2021-06-30,20260209_090904,20260209_090904-0081,1,初回,2021-06-22 11:45:51.061000,110.44200,1.00
2021-06-01,2021-06-30,20260209_090904,20260209_090904-0082,1,初回,2021-06-22 11:46:02.742000,110.45200,1.00
2021-06-01,2021-06-30,20260209_090904,20260209_090904-0083,1,初回,2021-06-22 14:03:39.517000,110.45600,1.00
2021-06-01,2021-06-30,20260209_090904,20260209_090904-0084,1,初回,2021-06-22 15:00:04.642000,110.50800,1.00
2021-06-01,2021-06-30,20260209_090904,20260209_090904-0085,1,初回,2021-06-22 21:56:50.366000,110.67000,1.00
2021-06-01,2021-06-30,20260209_090904,20260209_090904-0086,1,初回,2021-06-22 22:00:00.078000,110.69400,1.00
2021-06-01,2021-06-30,20260209_090904,20260209_090904-0087,1,初回,2021-06-22 23:00:38.474000,110.71900,1.00
2021-06-01,2021-06-30,20260209_090904,20260209_090904-0088,1,初回,2021-06-22 23:53:49.610000,110.73800,1.00
2021-06-01,2021-06-30,20260209_090904,20260209_090904-0089,1,初回,2021-06-23 00:27:59.150000,110.76100,1.00
2021-06-01,2021-06-30,20260209_090904,20260209_090904-0090,1,初回,2021-06-23 11:00:58.791000,110.82400,1.00
2021-06-01,2021-06-30,20260209_090904,20260209_090904-0091,1,初回,2021-06-23 15:20:52.531000,110.85200,1.00
2021-06-01,2021-06-30,20260209_090904,20260209_090904-0092,1,初回,2021-06-23 16:01:39.703000,110.88800,1.00
2021-06-01,2021-06-30,20260209_090904,20260209_090904-0093,1,初回,2021-06-23 18:41:59.542000,110.93900,1.00
2021-06-01,2021-06-30,20260209_090904,20260209_090904-0094,1,初回,2021-06-23 19:10:44.170000,111.07600,1.00
2021-06-01,2021-06-30,20260209_090904,20260209_090904-0095,1,初回,2021-06-24 14:33:01.942000,110.84600,1.00
2021-06-01,2021-06-30,20260209_090904,20260209_090904-0096,1,初回,2021-06-24 15:09:00.037000,110.79900,1.00
2021-06-01,2021-06-30,20260209_090904,20260209_090904-0097,1,初回,2021-06-24 21:03:05.821000,110.75500,1.00
2021-06-01,2021-06-30,20260209_090904,20260209_090904-0098,1,初回,2021-06-25 16:00:12.574000,110.78000,1.00
2021-06-01,2021-06-30,20260209_090904,20260209_090904-0099,1,初回,2021-06-25 17:01:48.654000,110.75700,1.00
2021-06-01,2021-06-30,20260209_090904,20260209_090904-0100,1,初回,2021-06-25 18:10:40.031000,110.71600,1.00
2021-06-01,2021-06-30,20260209_090904,20260209_090904-0101,1,初回,2021-06-25 21:16:44.527000,110.66400,1.00
2021-06-01,2021-06-30,20260209_090904,20260209_090904-0102,1,初回,2021-06-25 21:33:32.264000,110.54000,1.00
2021-06-01,2021-06-30,20260209_090904,20260209_090904-0103,1,初回,2021-06-25 22:02:43.000000,110.52000,1.00
2021-06-01,2021-06-30,20260209_090904,20260209_090904-0104,1,初回,2021-06-28 20:26:28.840000,110.82900,1.00
2021-06-01,2021-06-30,20260209_090904,20260209_090904-0105,1,初回,2021-06-28 20:40:32.405000,110.90300,1.00
2021-06-01,2021-06-30,20260209_090904,20260209_090904-0106,1,初回,2021-06-28 20:48:39.620000,110.91600,1.00
2021-06-01,2021-06-30,20260209_090904,20260209_090904-0107,1,初回,2021-06-28 21:02:01.910000,110.95400,1.00
2021-06-01,2021-06-30,20260209_090904,20260209_090904-0108,1,初回,2021-06-28 21:00:26.075000,110.94600,1.00
2021-06-01,2021-06-30,20260209_090904,20260209_090904-0109,1,初回,2021-06-29 01:00:01.510000,110.52000,1.00
2021-06-01,2021-06-30,20260209_090904,20260209_090904-0110,1,初回,2021-06-29 11:22:13.039000,110.49100,1.00
2021-06-01,2021-06-30,20260209_090904,20260209_090904-0111,1,初回,2021-06-29 15:15:08.819000,110.61000,1.00
2021-06-01,2021-06-30,20260209_090904,20260209_090904-0112,1,初回,2021-06-29 16:13:56.782000,110.66300,1.00
2021-06-01,2021-06-30,20260209_090904,20260209_090904-0113,1,初回,2021-06-29 17:04:46.232000,110.72900,1.00
2021-06-01,2021-06-30,20260209_090904,20260209_090904-0114,1,初回,2021-06-30 00:10:50.900000,110.47100,1.00
2021-06-01,2021-06-30,20260209_090904,20260209_090904-0115,1,初回,2021-06-30 16:02:20.465000,110.56600,1.00
2021-06-01,2021-06-30,20260209_090904,20260209_090904-0116,1,初回,2021-06-29 23:15:33.038000,110.46600,1.00
2021-06-01,2021-06-30,20260209_090904,20260209_090904-0117,1,初回,2021-06-30 21:29:42.427000,110.64800,1.00
2021-06-01,2021-06-30,20260209_090904,20260209_090904-0118,1,初回,2021-06-30 22:04:30.781000,110.70300,1.00
2021-06-01,2021-06-30,20260209_090904,20260209_090904-0119,1,初回,2021-06-30 23:56:21.381000,110.99700,1.00
2021-07-01,2021-07-31,20260209_090936,20260209_090936-0001,1,初回,2021-07-01 19:12:48.691000,111.59600,1.00
2021-07-01,2021-07-31,20260209_090936,20260209_090936-0002,1,初回,2021-07-02 20:45:55.132000,111.38800,1.00
2021-07-01,2021-07-31,20260209_090936,20260209_090936-0003,1,初回,2021-07-02 21:56:15.018000,111.28400,1.00
2021-07-01,2021-07-31,20260209_090936,20260209_090936-0004,1,初回,2021-07-02 22:02:31.851000,111.19000,1.00
2021-07-01,2021-07-31,20260209_090936,20260209_090936-0005,1,初回,2021-07-03 02:55:28.708000,111.07800,1.00
2021-07-01,2021-07-31,20260209_090936,20260209_090936-0006,1,初回,2021-07-03 03:09:21.990000,110.98700,1.00
2021-07-01,2021-07-31,20260209_090936,20260209_090936-0007,1,初回,2021-07-05 16:54:47.679000,110.94000,1.00
2021-07-01,2021-07-31,20260209_090936,20260209_090936-0008,1,初回,2021-07-05 16:55:01.329000,110.93800,1.00
2021-07-01,2021-07-31,20260209_090936,20260209_090936-0009,1,初回,2021-07-05 17:00:40.718000,110.88900,1.00
2021-07-01,2021-07-31,20260209_090936,20260209_090936-0010,1,初回,2021-07-05 18:36:37.257000,110.84000,1.00
2021-07-01,2021-07-31,20260209_090936,20260209_090936-0011,1,初回,2021-07-06 19:55:20.861000,110.71800,1.00
2021-07-01,2021-07-31,20260209_090936,20260209_090936-0012,1,初回,2021-07-06 20:40:51.129000,110.64700,1.00
2021-07-01,2021-07-31,20260209_090936,20260209_090936-0013,1,初回,2021-07-06 21:01:32.743000,110.63400,1.00
2021-07-01,2021-07-31,20260209_090936,20260209_090936-0014,1,初回,2021-07-06 23:14:56.231000,110.56100,1.00
2021-07-01,2021-07-31,20260209_090936,20260209_090936-0015,1,初回,2021-07-07 11:09:02.470000,110.43400,1.00
2021-07-01,2021-07-31,20260209_090936,20260209_090936-0016,1,初回,2021-07-07 17:37:54.313000,110.77300,1.00
2021-07-01,2021-07-31,20260209_090936,20260209_090936-0017,1,初回,2021-07-07 19:12:55.428000,110.78600,1.00
2021-07-01,2021-07-31,20260209_090936,20260209_090936-0018,1,初回,2021-07-08 11:00:40.044000,110.43300,1.00
2021-07-01,2021-07-31,20260209_090936,20260209_090936-0019,1,初回,2021-07-08 14:14:12.339000,110.46200,1.00
2021-07-01,2021-07-31,20260209_090936,20260209_090936-0020,1,初回,2021-07-08 14:50:38.015000,110.25000,1.00
2021-07-01,2021-07-31,20260209_090936,20260209_090936-0021,1,初回,2021-07-08 15:50:59.133000,110.19000,1.00
2021-07-01,2021-07-31,20260209_090936,20260209_090936-0022,1,初回,2021-07-08 17:00:03.045000,109.79400,1.00
2021-07-01,2021-07-31,20260209_090936,20260209_090936-0023,1,初回,2021-07-08 16:56:20.456000,109.80100,1.00
2021-07-01,2021-07-31,20260209_090936,20260209_090936-0024,1,初回,2021-07-08 19:51:03.826000,109.75400,1.00
2021-07-01,2021-07-31,20260209_090936,20260209_090936-0025,1,初回,2021-07-08 20:56:30.577000,109.74300,1.00
2021-07-01,2021-07-31,20260209_090936,20260209_090936-0026,1,初回,2021-07-08 21:23:09.145000,109.64000,1.00
2021-07-01,2021-07-31,20260209_090936,20260209_090936-0027,1,初回,2021-07-08 23:12:20.361000,109.56900,1.00
2021-07-01,2021-07-31,20260209_090936,20260209_090936-0028,1,初回,2021-07-09 20:17:28.461000,109.93900,1.00
2021-07-01,2021-07-31,20260209_090936,20260209_090936-0029,1,初回,2021-07-09 22:46:59.340000,110.11200,1.00
2021-07-01,2021-07-31,20260209_090936,20260209_090936-0030,1,初回,2021-07-09 22:57:54.235000,110.16700,1.00
2021-07-01,2021-07-31,20260209_090936,20260209_090936-0031,1,初回,2021-07-09 23:04:41.711000,110.22800,1.00
2021-07-01,2021-07-31,20260209_090936,20260209_090936-0032,1,初回,2021-07-12 16:03:31.795000,110.24700,1.00
2021-07-01,2021-07-31,20260209_090936,20260209_090936-0033,1,初回,2021-07-12 16:49:39.946000,110.05000,1.00
2021-07-01,2021-07-31,20260209_090936,20260209_090936-0034,1,初回,2021-07-12 16:49:40.048000,110.04700,1.00
2021-07-01,2021-07-31,20260209_090936,20260209_090936-0035,1,初回,2021-07-12 17:04:19.660000,110.01600,1.00
2021-07-01,2021-07-31,20260209_090936,20260209_090936-0036,1,初回,2021-07-12 20:44:23.151000,110.24800,1.00
2021-07-01,2021-07-31,20260209_090936,20260209_090936-0037,1,初回,2021-07-12 22:53:24.005000,110.36400,1.00
2021-07-01,2021-07-31,20260209_090936,20260209_090936-0038,1,初回,2021-07-13 01:01:20.751000,110.37300,1.00
2021-07-01,2021-07-31,20260209_090936,20260209_090936-0039,1,初回,2021-07-13 11:03:57.336000,110.41100,1.00
2021-07-01,2021-07-31,20260209_090936,20260209_090936-0040,1,初回,2021-07-13 21:30:02.023000,110.42000,1.00
2021-07-01,2021-07-31,20260209_090936,20260209_090936-0041,1,初回,2021-07-13 21:30:22.389000,110.41600,1.00
2021-07-01,2021-07-31,20260209_090936,20260209_090936-0042,1,初回,2021-07-13 21:34:34.827000,110.52000,1.00
2021-07-01,2021-07-31,20260209_090936,20260209_090936-0043,1,初回,2021-07-13 21:55:55.326000,110.53700,1.00
2021-07-01,2021-07-31,20260209_090936,20260209_090936-0044,1,初回,2021-07-13 22:00:49.188000,110.52600,1.00
2021-07-01,2021-07-31,20260209_090936,20260209_090936-0045,1,初回,2021-07-14 02:45:07.847000,110.59700,1.00
2021-07-01,2021-07-31,20260209_090936,20260209_090936-0046,1,初回,2021-07-14 03:00:00.452000,110.61600,1.00
2021-07-01,2021-07-31,20260209_090936,20260209_090936-0047,1,初回,2021-07-14 21:41:38.761000,110.23700,1.00
2021-07-01,2021-07-31,20260209_090936,20260209_090936-0048,1,初回,2021-07-14 21:54:56.541000,110.17900,1.00
2021-07-01,2021-07-31,20260209_090936,20260209_090936-0049,1,初回,2021-07-14 22:03:05.214000,110.13900,1.00
2021-07-01,2021-07-31,20260209_090936,20260209_090936-0050,1,初回,2021-07-14 22:06:24.257000,110.09900,1.00
2021-07-01,2021-07-31,20260209_090936,20260209_090936-0051,1,初回,2021-07-14 23:50:56.460000,110.00800,1.00
2021-07-01,2021-07-31,20260209_090936,20260209_090936-0052,1,初回,2021-07-15 01:30:23.901000,109.99200,1.00
2021-07-01,2021-07-31,20260209_090936,20260209_090936-0053,1,初回,2021-07-15 02:00:15.825000,109.98700,1.00
2021-07-01,2021-07-31,20260209_090936,20260209_090936-0054,1,初回,2021-07-15 11:49:26.237000,109.85700,1.00
2021-07-01,2021-07-31,20260209_090936,20260209_090936-0055,1,初回,2021-07-15 15:01:43.224000,109.78700,1.00
2021-07-01,2021-07-31,20260209_090936,20260209_090936-0056,1,初回,2021-07-15 17:18:39.404000,109.75300,1.00
2021-07-01,2021-07-31,20260209_090936,20260209_090936-0057,1,初回,2021-07-16 11:43:49.769000,110.05800,1.00
2021-07-01,2021-07-31,20260209_090936,20260209_090936-0058,1,初回,2021-07-16 16:40:08.314000,110.16200,1.00
2021-07-01,2021-07-31,20260209_090936,20260209_090936-0059,1,初回,2021-07-16 16:46:17.016000,110.19000,1.00
2021-07-01,2021-07-31,20260209_090936,20260209_090936-0060,1,初回,2021-07-16 19:42:58.903000,110.20900,1.00
2021-07-01,2021-07-31,20260209_090936,20260209_090936-0061,1,初回,2021-07-16 21:40:22.241000,110.31100,1.00
2021-07-01,2021-07-31,20260209_090936,20260209_090936-0062,1,初回,2021-07-16 22:00:02.103000,110.31100,1.00
2021-07-01,2021-07-31,20260209_090936,20260209_090936-0063,1,初回,2021-07-19 16:35:02.332000,109.88900,1.00
2021-07-01,2021-07-31,20260209_090936,20260209_090936-0064,1,初回,2021-07-19 16:40:10.314000,109.82900,1.00
2021-07-01,2021-07-31,20260209_090936,20260209_090936-0065,1,初回,2021-07-19 17:37:14.382000,109.77000,1.00
2021-07-01,2021-07-31,20260209_090936,20260209_090936-0066,1,初回,2021-07-19 17:37:35.101000,109.75000,1.00
2021-07-01,2021-07-31,20260209_090936,20260209_090936-0067,1,初回,2021-07-19 17:37:57.128000,109.74100,1.00
2021-07-01,2021-07-31,20260209_090936,20260209_090936-0068,1,初回,2021-07-19 20:37:22.895000,109.65100,1.00
2021-07-01,2021-07-31,20260209_090936,20260209_090936-0069,1,初回,2021-07-19 21:19:03.880000,109.57200,1.00
2021-07-01,2021-07-31,20260209_090936,20260209_090936-0070,1,初回,2021-07-19 21:45:14.655000,109.46700,1.00
2021-07-01,2021-07-31,20260209_090936,20260209_090936-0071,1,初回,2021-07-19 22:53:37.876000,109.10200,1.00
2021-07-01,2021-07-31,20260209_090936,20260209_090936-0072,1,初回,2021-07-20 00:31:22.402000,109.54900,1.00
2021-07-01,2021-07-31,20260209_090936,20260209_090936-0073,1,初回,2021-07-20 13:19:37.197000,109.37900,1.00
2021-07-01,2021-07-31,20260209_090936,20260209_090936-0074,1,初回,2021-07-20 16:00:18.929000,109.57200,1.00
2021-07-01,2021-07-31,20260209_090936,20260209_090936-0075,1,初回,2021-07-20 16:33:32.778000,109.67500,1.00
2021-07-01,2021-07-31,20260209_090936,20260209_090936-0076,1,初回,2021-07-20 17:31:03.485000,109.71600,1.00
2021-07-01,2021-07-31,20260209_090936,20260209_090936-0077,1,初回,2021-07-20 19:23:50.222000,109.36700,1.00
2021-07-01,2021-07-31,20260209_090936,20260209_090936-0078,1,初回,2021-07-20 23:48:12.280000,109.91900,1.00
2021-07-01,2021-07-31,20260209_090936,20260209_090936-0079,1,初回,2021-07-21 00:00:00.497000,109.92700,1.00
2021-07-01,2021-07-31,20260209_090936,20260209_090936-0080,1,初回,2021-07-21 16:00:30.372000,109.95200,1.00
2021-07-01,2021-07-31,20260209_090936,20260209_090936-0081,1,初回,2021-07-21 16:00:31.434000,109.95100,1.00
2021-07-01,2021-07-31,20260209_090936,20260209_090936-0082,1,初回,2021-07-21 16:29:36.102000,110.00300,1.00
2021-07-01,2021-07-31,20260209_090936,20260209_090936-0083,1,初回,2021-07-21 16:45:15.961000,110.10800,1.00
2021-07-01,2021-07-31,20260209_090936,20260209_090936-0084,1,初回,2021-07-21 17:11:16.546000,110.15100,1.00
2021-07-01,2021-07-31,20260209_090936,20260209_090936-0085,1,初回,2021-07-21 21:18:44.771000,110.17100,1.00
2021-07-01,2021-07-31,20260209_090936,20260209_090936-0086,1,初回,2021-07-21 22:32:47.071000,110.31900,1.00
2021-07-01,2021-07-31,20260209_090936,20260209_090936-0087,1,初回,2021-07-21 22:32:48.598000,110.35900,1.00
2021-07-01,2021-07-31,20260209_090936,20260209_090936-0088,1,初回,2021-07-22 11:03:23.006000,110.12200,1.00
2021-07-01,2021-07-31,20260209_090936,20260209_090936-0089,1,初回,2021-07-22 17:07:04.014000,110.33000,1.00
2021-07-01,2021-07-31,20260209_090936,20260209_090936-0090,1,初回,2021-07-22 21:39:37.358000,110.10500,1.00
2021-07-01,2021-07-31,20260209_090936,20260209_090936-0091,1,初回,2021-07-22 21:50:38.710000,110.05200,1.00
2021-07-01,2021-07-31,20260209_090936,20260209_090936-0092,1,初回,2021-07-23 16:24:11.605000,110.38400,1.00
2021-07-01,2021-07-31,20260209_090936,20260209_090936-0093,1,初回,2021-07-23 17:21:05.472000,110.45500,1.00
2021-07-01,2021-07-31,20260209_090936,20260209_090936-0094,1,初回,2021-07-23 18:03:47.458000,110.46800,1.00
2021-07-01,2021-07-31,20260209_090936,20260209_090936-0095,1,初回,2021-07-23 20:31:27.797000,110.54300,1.00
2021-07-01,2021-07-31,20260209_090936,20260209_090936-0096,1,初回,2021-07-23 21:04:10.199000,110.55900,1.00
2021-07-01,2021-07-31,20260209_090936,20260209_090936-0097,1,初回,2021-07-23 23:52:42.155000,110.56400,1.00
2021-07-01,2021-07-31,20260209_090936,20260209_090936-0098,1,初回,2021-07-26 15:46:24.996000,110.25900,1.00
2021-07-01,2021-07-31,20260209_090936,20260209_090936-0099,1,初回,2021-07-26 16:25:28.731000,110.15600,1.00
2021-07-01,2021-07-31,20260209_090936,20260209_090936-0100,1,初回,2021-07-27 16:35:33.830000,110.05300,1.00
2021-07-01,2021-07-31,20260209_090936,20260209_090936-0101,1,初回,2021-07-27 16:45:04.020000,110.01600,1.00
2021-07-01,2021-07-31,20260209_090936,20260209_090936-0102,1,初回,2021-07-27 21:30:16.176000,109.97700,1.00
2021-07-01,2021-07-31,20260209_090936,20260209_090936-0103,1,初回,2021-07-27 22:31:22.207000,109.87800,1.00
2021-07-01,2021-07-31,20260209_090936,20260209_090936-0104,1,初回,2021-07-27 23:59:03.303000,109.84000,1.00
2021-07-01,2021-07-31,20260209_090936,20260209_090936-0105,1,初回,2021-07-27 23:59:13.348000,109.82400,1.00
2021-07-01,2021-07-31,20260209_090936,20260209_090936-0106,1,初回,2021-07-28 00:28:50.057000,109.65900,1.00
2021-07-01,2021-07-31,20260209_090936,20260209_090936-0107,1,初回,2021-07-28 01:06:54.982000,109.62300,1.00
2021-07-01,2021-07-31,20260209_090936,20260209_090936-0108,1,初回,2021-07-28 21:26:04.714000,110.15400,1.00
2021-07-01,2021-07-31,20260209_090936,20260209_090936-0109,1,初回,2021-07-28 23:01:01.423000,110.19500,1.00
2021-07-01,2021-07-31,20260209_090936,20260209_090936-0110,1,初回,2021-07-28 22:12:12.381000,110.18600,1.00
2021-07-01,2021-07-31,20260209_090936,20260209_090936-0111,1,初回,2021-07-29 03:00:35.026000,110.25900,1.00
2021-07-01,2021-07-31,20260209_090936,20260209_090936-0112,1,初回,2021-07-29 14:31:29.836000,109.71300,1.00
2021-07-01,2021-07-31,20260209_090936,20260209_090936-0113,1,初回,2021-07-29 21:33:18.315000,109.64100,1.00
2021-07-01,2021-07-31,20260209_090936,20260209_090936-0114,1,初回,2021-07-29 21:33:16.407000,109.64400,1.00
2021-07-01,2021-07-31,20260209_090936,20260209_090936-0115,1,初回,2021-07-29 22:11:07.460000,109.88100,1.00
2021-07-01,2021-07-31,20260209_090936,20260209_090936-0116,1,初回,2021-07-29 23:54:13.930000,109.62500,1.00
2021-07-01,2021-07-31,20260209_090936,20260209_090936-0117,1,初回,2021-07-30 00:11:30.089000,109.50900,1.00
2021-07-01,2021-07-31,20260209_090936,20260209_090936-0118,1,初回,2021-07-30 04:00:58.576000,109.46000,1.00
2021-07-01,2021-07-31,20260209_090936,20260209_090936-0119,1,初回,2021-07-30 21:53:50.159000,109.76400,1.00
2021-07-01,2021-07-31,20260209_090936,20260209_090936-0120,1,初回,2021-07-30 23:27:48.146000,109.76900,1.00
2021-07-01,2021-07-31,20260209_090936,20260209_090936-0121,1,初回,2021-07-31 02:01:21.340000,109.79600,1.00
2021-08-01,2021-08-31,20260209_091004,20260209_091004-0001,1,初回,2021-08-03 11:05:12.383000,109.22600,1.00
2021-08-01,2021-08-31,20260209_091004,20260209_091004-0002,1,初回,2021-08-03 13:17:14.295000,109.17000,1.00
2021-08-01,2021-08-31,20260209_091004,20260209_091004-0003,1,初回,2021-08-03 15:05:36.595000,109.14900,1.00
2021-08-01,2021-08-31,20260209_091004,20260209_091004-0004,1,初回,2021-08-03 21:47:18.714000,109.06700,1.00
2021-08-01,2021-08-31,20260209_091004,20260209_091004-0005,1,初回,2021-08-03 22:43:20.738000,108.91500,1.00
2021-08-01,2021-08-31,20260209_091004,20260209_091004-0006,1,初回,2021-08-04 15:14:29.770000,109.12600,1.00
2021-08-01,2021-08-31,20260209_091004,20260209_091004-0007,1,初回,2021-08-04 17:30:04.505000,109.20600,1.00
2021-08-01,2021-08-31,20260209_091004,20260209_091004-0008,1,初回,2021-08-04 21:15:14.050000,108.91400,1.00
2021-08-01,2021-08-31,20260209_091004,20260209_091004-0009,1,初回,2021-08-04 21:18:42.044000,108.79800,1.00
2021-08-01,2021-08-31,20260209_091004,20260209_091004-0010,1,初回,2021-08-04 22:05:06.467000,108.76100,1.00
2021-08-01,2021-08-31,20260209_091004,20260209_091004-0011,1,初回,2021-08-04 23:10:41.705000,109.32300,1.00
2021-08-01,2021-08-31,20260209_091004,20260209_091004-0012,1,初回,2021-08-04 23:44:37.091000,109.59600,1.00
2021-08-01,2021-08-31,20260209_091004,20260209_091004-0013,1,初回,2021-08-05 00:13:55.506000,109.64300,1.00
2021-08-01,2021-08-31,20260209_091004,20260209_091004-0014,1,初回,2021-08-05 11:02:47.823000,109.66000,1.00
2021-08-01,2021-08-31,20260209_091004,20260209_091004-0015,1,初回,2021-08-05 11:17:37.395000,109.68600,1.00
2021-08-01,2021-08-31,20260209_091004,20260209_091004-0016,1,初回,2021-08-05 15:37:28.739000,109.74000,1.00
2021-08-01,2021-08-31,20260209_091004,20260209_091004-0017,1,初回,2021-08-05 19:53:38.631000,109.46700,1.00
2021-08-01,2021-08-31,20260209_091004,20260209_091004-0018,1,初回,2021-08-05 20:01:24.409000,109.44300,1.00
2021-08-01,2021-08-31,20260209_091004,20260209_091004-0019,1,初回,2021-08-05 22:46:11.126000,109.72200,1.00
2021-08-01,2021-08-31,20260209_091004,20260209_091004-0020,1,初回,2021-08-05 22:46:40.175000,109.72200,1.00
2021-08-01,2021-08-31,20260209_091004,20260209_091004-0021,1,初回,2021-08-05 23:01:34.675000,109.74900,1.00
2021-08-01,2021-08-31,20260209_091004,20260209_091004-0022,1,初回,2021-08-06 00:39:56.887000,109.75300,1.00
2021-08-01,2021-08-31,20260209_091004,20260209_091004-0023,1,初回,2021-08-06 21:30:01.549000,109.87100,1.00
2021-08-01,2021-08-31,20260209_091004,20260209_091004-0024,1,初回,2021-08-06 21:43:33.944000,110.08800,1.00
2021-08-01,2021-08-31,20260209_091004,20260209_091004-0025,1,初回,2021-08-06 22:48:04.321000,110.25200,1.00
2021-08-01,2021-08-31,20260209_091004,20260209_091004-0026,1,初回,2021-08-06 23:20:56.565000,110.32800,1.00
2021-08-01,2021-08-31,20260209_091004,20260209_091004-0027,1,初回,2021-08-09 23:59:22.752000,110.28700,1.00
2021-08-01,2021-08-31,20260209_091004,20260209_091004-0028,1,初回,2021-08-10 16:29:54.843000,110.44000,1.00
2021-08-01,2021-08-31,20260209_091004,20260209_091004-0029,1,初回,2021-08-10 17:12:22.073000,110.47100,1.00
2021-08-01,2021-08-31,20260209_091004,20260209_091004-0030,1,初回,2021-08-10 18:17:01.451000,110.49900,1.00
2021-08-01,2021-08-31,20260209_091004,20260209_091004-0031,1,初回,2021-08-10 19:00:54.386000,110.51700,1.00
2021-08-01,2021-08-31,20260209_091004,20260209_091004-0032,1,初回,2021-08-10 22:35:35.743000,110.56500,1.00
2021-08-01,2021-08-31,20260209_091004,20260209_091004-0033,1,初回,2021-08-11 15:18:12.565000,110.72200,1.00
2021-08-01,2021-08-31,20260209_091004,20260209_091004-0034,1,初回,2021-08-11 16:13:40.612000,110.75600,1.00
2021-08-01,2021-08-31,20260209_091004,20260209_091004-0035,1,初回,2021-08-11 17:03:21.457000,110.77100,1.00
2021-08-01,2021-08-31,20260209_091004,20260209_091004-0036,1,初回,2021-08-11 21:30:01.167000,110.59100,1.00
2021-08-01,2021-08-31,20260209_091004,20260209_091004-0037,1,初回,2021-08-11 21:30:02.742000,110.43200,1.00
2021-08-01,2021-08-31,20260209_091004,20260209_091004-0038,1,初回,2021-08-11 22:31:03.175000,110.42100,1.00
2021-08-01,2021-08-31,20260209_091004,20260209_091004-0039,1,初回,2021-08-12 02:03:12.239000,110.34100,1.00
2021-08-01,2021-08-31,20260209_091004,20260209_091004-0040,1,初回,2021-08-12 02:03:14.077000,110.34700,1.00
2021-08-01,2021-08-31,20260209_091004,20260209_091004-0041,1,初回,2021-08-12 23:58:22.511000,110.35300,1.00
2021-08-01,2021-08-31,20260209_091004,20260209_091004-0042,1,初回,2021-08-13 16:02:35.771000,110.28300,1.00
2021-08-01,2021-08-31,20260209_091004,20260209_091004-0043,1,初回,2021-08-13 17:11:15.184000,110.27300,1.00
2021-08-01,2021-08-31,20260209_091004,20260209_091004-0044,1,初回,2021-08-13 22:25:41.740000,110.13500,1.00
2021-08-01,2021-08-31,20260209_091004,20260209_091004-0045,1,初回,2021-08-13 23:00:32.638000,110.06600,1.00
2021-08-01,2021-08-31,20260209_091004,20260209_091004-0046,1,初回,2021-08-13 23:15:52.029000,109.89000,1.00
2021-08-01,2021-08-31,20260209_091004,20260209_091004-0047,1,初回,2021-08-14 00:08:32.705000,109.77100,1.00
2021-08-01,2021-08-31,20260209_091004,20260209_091004-0048,1,初回,2021-08-14 01:10:11.586000,109.73800,1.00
2021-08-01,2021-08-31,20260209_091004,20260209_091004-0049,1,初回,2021-08-14 01:24:41.117000,109.68500,1.00
2021-08-01,2021-08-31,20260209_091004,20260209_091004-0050,1,初回,2021-08-14 02:35:15.700000,109.63100,1.00
2021-08-01,2021-08-31,20260209_091004,20260209_091004-0051,1,初回,2021-08-14 03:05:10.116000,109.62300,1.00
2021-08-01,2021-08-31,20260209_091004,20260209_091004-0052,1,初回,2021-08-14 04:00:34.567000,109.58300,1.00
2021-08-01,2021-08-31,20260209_091004,20260209_091004-0053,1,初回,2021-08-16 11:00:09.064000,109.44400,1.00
2021-08-01,2021-08-31,20260209_091004,20260209_091004-0054,1,初回,2021-08-16 11:00:16.063000,109.44300,1.00
2021-08-01,2021-08-31,20260209_091004,20260209_091004-0055,1,初回,2021-08-16 11:06:48.188000,109.36700,1.00
2021-08-01,2021-08-31,20260209_091004,20260209_091004-0056,1,初回,2021-08-16 16:00:23.619000,109.33600,1.00
2021-08-01,2021-08-31,20260209_091004,20260209_091004-0057,1,初回,2021-08-16 19:23:21.590000,109.29500,1.00
2021-08-01,2021-08-31,20260209_091004,20260209_091004-0058,1,初回,2021-08-16 22:36:17.482000,109.15200,1.00
2021-08-01,2021-08-31,20260209_091004,20260209_091004-0059,1,初回,2021-08-17 16:13:39.811000,109.15000,1.00
2021-08-01,2021-08-31,20260209_091004,20260209_091004-0060,1,初回,2021-08-17 16:14:31.301000,109.15600,1.00
2021-08-01,2021-08-31,20260209_091004,20260209_091004-0061,1,初回,2021-08-17 17:00:57.378000,109.40100,1.00
2021-08-01,2021-08-31,20260209_091004,20260209_091004-0062,1,初回,2021-08-17 21:30:54.897000,109.21000,1.00
2021-08-01,2021-08-31,20260209_091004,20260209_091004-0063,1,初回,2021-08-17 21:52:12.064000,109.52700,1.00
2021-08-01,2021-08-31,20260209_091004,20260209_091004-0064,1,初回,2021-08-17 22:02:03.589000,109.53500,1.00
2021-08-01,2021-08-31,20260209_091004,20260209_091004-0065,1,初回,2021-08-17 23:40:27.936000,109.60000,1.00
2021-08-01,2021-08-31,20260209_091004,20260209_091004-0066,1,初回,2021-08-18 00:20:45.074000,109.62600,1.00
2021-08-01,2021-08-31,20260209_091004,20260209_091004-0067,1,初回,2021-08-18 12:52:03.048000,109.62400,1.00
2021-08-01,2021-08-31,20260209_091004,20260209_091004-0068,1,初回,2021-08-18 13:13:05.279000,109.65700,1.00
2021-08-01,2021-08-31,20260209_091004,20260209_091004-0069,1,初回,2021-08-18 19:57:45.760000,109.72100,1.00
2021-08-01,2021-08-31,20260209_091004,20260209_091004-0070,1,初回,2021-08-18 19:57:46.472000,109.72300,1.00
2021-08-01,2021-08-31,20260209_091004,20260209_091004-0071,1,初回,2021-08-18 20:07:05.222000,109.78800,1.00
2021-08-01,2021-08-31,20260209_091004,20260209_091004-0072,1,初回,2021-08-18 21:54:03.195000,109.84800,1.00
2021-08-01,2021-08-31,20260209_091004,20260209_091004-0073,1,初回,2021-08-18 23:28:10.966000,109.86700,1.00
2021-08-01,2021-08-31,20260209_091004,20260209_091004-0074,1,初回,2021-08-19 00:10:45.134000,109.91600,1.00
2021-08-01,2021-08-31,20260209_091004,20260209_091004-0075,1,初回,2021-08-19 01:16:02.155000,109.96900,1.00
2021-08-01,2021-08-31,20260209_091004,20260209_091004-0076,1,初回,2021-08-19 02:29:40.490000,110.02000,1.00
2021-08-01,2021-08-31,20260209_091004,20260209_091004-0077,1,初回,2021-08-19 03:00:00.724000,110.03600,1.00
2021-08-01,2021-08-31,20260209_091004,20260209_091004-0078,1,初回,2021-08-19 11:01:59.194000,110.08900,1.00
2021-08-01,2021-08-31,20260209_091004,20260209_091004-0079,1,初回,2021-08-19 11:23:45.229000,110.16100,1.00
2021-08-01,2021-08-31,20260209_091004,20260209_091004-0080,1,初回,2021-08-19 12:12:03.361000,110.19800,1.00
2021-08-01,2021-08-31,20260209_091004,20260209_091004-0081,1,初回,2021-08-19 16:12:15.237000,109.76700,1.00
2021-08-01,2021-08-31,20260209_091004,20260209_091004-0082,1,初回,2021-08-19 17:38:00.370000,109.53400,1.00
2021-08-01,2021-08-31,20260209_091004,20260209_091004-0083,1,初回,2021-08-19 17:38:17.797000,109.51800,1.00
2021-08-01,2021-08-31,20260209_091004,20260209_091004-0084,1,初回,2021-08-19 18:06:22.100000,109.52300,1.00
2021-08-01,2021-08-31,20260209_091004,20260209_091004-0085,1,初回,2021-08-20 14:21:23.788000,109.67000,1.00
2021-08-01,2021-08-31,20260209_091004,20260209_091004-0086,1,初回,2021-08-20 14:23:53.897000,109.66000,1.00
2021-08-01,2021-08-31,20260209_091004,20260209_091004-0087,1,初回,2021-08-20 15:47:17.439000,109.65100,1.00
2021-08-01,2021-08-31,20260209_091004,20260209_091004-0088,1,初回,2021-08-20 16:38:37.458000,109.60900,1.00
2021-08-01,2021-08-31,20260209_091004,20260209_091004-0089,1,初回,2021-08-20 22:04:23.208000,109.81600,1.00
2021-08-01,2021-08-31,20260209_091004,20260209_091004-0090,1,初回,2021-08-20 22:17:16.175000,109.83600,1.00
2021-08-01,2021-08-31,20260209_091004,20260209_091004-0091,1,初回,2021-08-20 23:00:37.601000,109.84900,1.00
2021-08-01,2021-08-31,20260209_091004,20260209_091004-0092,1,初回,2021-08-23 14:56:35.808000,109.92200,1.00
2021-08-01,2021-08-31,20260209_091004,20260209_091004-0093,1,初回,2021-08-23 15:00:04.722000,109.95500,1.00
2021-08-01,2021-08-31,20260209_091004,20260209_091004-0094,1,初回,2021-08-23 16:02:16.646000,109.95900,1.00
2021-08-01,2021-08-31,20260209_091004,20260209_091004-0095,1,初回,2021-08-23 18:27:07.145000,110.06800,1.00
2021-08-01,2021-08-31,20260209_091004,20260209_091004-0096,1,初回,2021-08-23 20:50:01.465000,110.11600,1.00
2021-08-01,2021-08-31,20260209_091004,20260209_091004-0097,1,初回,2021-08-23 22:26:12.934000,109.77800,1.00
2021-08-01,2021-08-31,20260209_091004,20260209_091004-0098,1,初回,2021-08-23 23:53:24.034000,109.76000,1.00
2021-08-01,2021-08-31,20260209_091004,20260209_091004-0099,1,初回,2021-08-24 04:00:46.397000,109.69200,1.00
2021-08-01,2021-08-31,20260209_091004,20260209_091004-0100,1,初回,2021-08-24 18:41:26.760000,109.68000,1.00
2021-08-01,2021-08-31,20260209_091004,20260209_091004-0101,1,初回,2021-08-24 18:41:28.482000,109.67900,1.00
2021-08-01,2021-08-31,20260209_091004,20260209_091004-0102,1,初回,2021-08-24 21:15:49.447000,109.64300,1.00
2021-08-01,2021-08-31,20260209_091004,20260209_091004-0103,1,初回,2021-08-24 21:47:23.904000,109.55000,1.00
2021-08-01,2021-08-31,20260209_091004,20260209_091004-0104,1,初回,2021-08-24 22:04:00.559000,109.45100,1.00
2021-08-01,2021-08-31,20260209_091004,20260209_091004-0105,1,初回,2021-08-25 11:00:17.108000,109.83600,1.00
2021-08-01,2021-08-31,20260209_091004,20260209_091004-0106,1,初回,2021-08-25 20:29:34.992000,109.91100,1.00
2021-08-01,2021-08-31,20260209_091004,20260209_091004-0107,1,初回,2021-08-25 21:30:25.099000,109.96400,1.00
2021-08-01,2021-08-31,20260209_091004,20260209_091004-0108,1,初回,2021-08-25 22:40:27.801000,110.01000,1.00
2021-08-01,2021-08-31,20260209_091004,20260209_091004-0109,1,初回,2021-08-25 22:50:00.253000,110.01900,1.00
2021-08-01,2021-08-31,20260209_091004,20260209_091004-0110,1,初回,2021-08-25 23:35:05.643000,110.07400,1.00
2021-08-01,2021-08-31,20260209_091004,20260209_091004-0111,1,初回,2021-08-26 02:09:56.039000,110.09400,1.00
2021-08-01,2021-08-31,20260209_091004,20260209_091004-0112,1,初回,2021-08-26 15:47:11.549000,110.09400,1.00
2021-08-01,2021-08-31,20260209_091004,20260209_091004-0113,1,初回,2021-08-26 15:55:38.193000,110.12800,1.00
2021-08-01,2021-08-31,20260209_091004,20260209_091004-0114,1,初回,2021-08-26 16:27:21.709000,110.16900,1.00
2021-08-01,2021-08-31,20260209_091004,20260209_091004-0115,1,初回,2021-08-26 16:33:35.228000,110.19400,1.00
2021-08-01,2021-08-31,20260209_091004,20260209_091004-0116,1,初回,2021-08-26 17:03:07.875000,110.19600,1.00
2021-08-01,2021-08-31,20260209_091004,20260209_091004-0117,1,初回,2021-08-26 22:08:58.006000,110.19900,1.00
2021-08-01,2021-08-31,20260209_091004,20260209_091004-0118,1,初回,2021-08-27 00:04:56.540000,109.96600,1.00
2021-08-01,2021-08-31,20260209_091004,20260209_091004-0119,1,初回,2021-08-27 13:35:57.536000,109.92300,1.00
2021-08-01,2021-08-31,20260209_091004,20260209_091004-0120,1,初回,2021-08-27 21:16:36.400000,110.20000,1.00
2021-08-01,2021-08-31,20260209_091004,20260209_091004-0121,1,初回,2021-08-27 22:11:25.222000,110.23700,1.00
2021-08-01,2021-08-31,20260209_091004,20260209_091004-0122,1,初回,2021-08-27 23:15:09.869000,109.89900,1.00
2021-08-01,2021-08-31,20260209_091004,20260209_091004-0123,1,初回,2021-08-28 00:57:00.182000,109.87400,1.00
2021-08-01,2021-08-31,20260209_091004,20260209_091004-0124,1,初回,2021-08-28 01:01:30.843000,109.83900,1.00
2021-08-01,2021-08-31,20260209_091004,20260209_091004-0125,1,初回,2021-08-28 02:11:07.224000,109.83500,1.00
2021-08-01,2021-08-31,20260209_091004,20260209_091004-0126,1,初回,2021-08-30 11:02:48.774000,109.74200,1.00
2021-08-01,2021-08-31,20260209_091004,20260209_091004-0127,1,初回,2021-08-31 18:35:07.988000,109.95300,1.00
2021-08-01,2021-08-31,20260209_091004,20260209_091004-0128,1,初回,2021-08-31 21:06:10.389000,109.81500,1.00
2021-08-01,2021-08-31,20260209_091004,20260209_091004-0129,1,初回,2021-08-31 21:30:32.808000,109.74200,1.00
2021-08-01,2021-08-31,20260209_091004,20260209_091004-0130,1,初回,2021-08-31 21:35:23.110000,109.68600,1.00
2021-08-01,2021-08-31,20260209_091004,20260209_091004-0131,1,初回,2021-08-31 23:25:30.366000,109.62000,1.00
2021-08-01,2021-08-31,20260209_091004,20260209_091004-0132,1,初回,2021-08-31 23:25:29.301000,109.62500,1.00
2021-09-01,2021-09-30,20260209_091034,20260209_091034-0001,1,初回,2021-09-01 21:04:51.623000,110.38900,1.00
2021-09-01,2021-09-30,20260209_091034,20260209_091034-0002,1,初回,2021-09-03 11:51:58.535000,109.83100,1.00
2021-09-01,2021-09-30,20260209_091034,20260209_091034-0003,1,初回,2021-09-03 21:30:07.489000,109.66200,1.00
2021-09-01,2021-09-30,20260209_091034,20260209_091034-0004,1,初回,2021-09-03 22:36:21.341000,109.66000,1.00
2021-09-01,2021-09-30,20260209_091034,20260209_091034-0005,1,初回,2021-09-03 23:31:16.049000,109.62700,1.00
2021-09-01,2021-09-30,20260209_091034,20260209_091034-0006,1,初回,2021-09-07 11:51:23.730000,109.72400,1.00
2021-09-01,2021-09-30,20260209_091034,20260209_091034-0007,1,初回,2021-09-07 15:31:16.944000,109.91700,1.00
2021-09-01,2021-09-30,20260209_091034,20260209_091034-0008,1,初回,2021-09-07 15:31:16.994000,109.91900,1.00
2021-09-01,2021-09-30,20260209_091034,20260209_091034-0009,1,初回,2021-09-07 16:00:47.082000,109.93200,1.00
2021-09-01,2021-09-30,20260209_091034,20260209_091034-0010,1,初回,2021-09-07 17:03:37.664000,109.96600,1.00
2021-09-01,2021-09-30,20260209_091034,20260209_091034-0011,1,初回,2021-09-07 20:47:41.267000,110.02600,1.00
2021-09-01,2021-09-30,20260209_091034,20260209_091034-0012,1,初回,2021-09-07 20:53:33.291000,110.04200,1.00
2021-09-01,2021-09-30,20260209_091034,20260209_091034-0013,1,初回,2021-09-07 21:48:59.863000,110.07300,1.00
2021-09-01,2021-09-30,20260209_091034,20260209_091034-0014,1,初回,2021-09-07 21:57:02.863000,110.09200,1.00
2021-09-01,2021-09-30,20260209_091034,20260209_091034-0015,1,初回,2021-09-07 22:11:34.711000,110.14700,1.00
2021-09-01,2021-09-30,20260209_091034,20260209_091034-0016,1,初回,2021-09-07 23:28:16.793000,110.21300,1.00
2021-09-01,2021-09-30,20260209_091034,20260209_091034-0017,1,初回,2021-09-08 00:24:04.882000,110.22400,1.00
2021-09-01,2021-09-30,20260209_091034,20260209_091034-0018,1,初回,2021-09-08 03:49:13.648000,110.26200,1.00
2021-09-01,2021-09-30,20260209_091034,20260209_091034-0019,1,初回,2021-09-08 04:00:29.720000,110.29000,1.00
2021-09-01,2021-09-30,20260209_091034,20260209_091034-0020,1,初回,2021-09-08 14:41:37.620000,110.38100,1.00
2021-09-01,2021-09-30,20260209_091034,20260209_091034-0021,1,初回,2021-09-08 15:02:36.940000,110.41600,1.00
2021-09-01,2021-09-30,20260209_091034,20260209_091034-0022,1,初回,2021-09-09 11:01:47.862000,110.13600,1.00
2021-09-01,2021-09-30,20260209_091034,20260209_091034-0023,1,初回,2021-09-09 11:09:02.390000,110.10600,1.00
2021-09-01,2021-09-30,20260209_091034,20260209_091034-0024,1,初回,2021-09-09 15:08:26.714000,110.09300,1.00
2021-09-01,2021-09-30,20260209_091034,20260209_091034-0025,1,初回,2021-09-09 16:40:45.269000,109.93300,1.00
2021-09-01,2021-09-30,20260209_091034,20260209_091034-0026,1,初回,2021-09-09 17:13:13.945000,109.91500,1.00
2021-09-01,2021-09-30,20260209_091034,20260209_091034-0027,1,初回,2021-09-09 18:00:55.259000,109.90200,1.00
2021-09-01,2021-09-30,20260209_091034,20260209_091034-0028,1,初回,2021-09-09 22:09:12.547000,109.83500,1.00
2021-09-01,2021-09-30,20260209_091034,20260209_091034-0029,1,初回,2021-09-09 23:22:39.344000,109.81900,1.00
2021-09-01,2021-09-30,20260209_091034,20260209_091034-0030,1,初回,2021-09-10 00:23:35.556000,109.79100,1.00
2021-09-01,2021-09-30,20260209_091034,20260209_091034-0031,1,初回,2021-09-10 01:42:16.271000,109.73500,1.00
2021-09-01,2021-09-30,20260209_091034,20260209_091034-0032,1,初回,2021-09-10 02:11:49.753000,109.63000,1.00
2021-09-01,2021-09-30,20260209_091034,20260209_091034-0033,1,初回,2021-09-10 02:06:51.958000,109.65800,1.00
2021-09-01,2021-09-30,20260209_091034,20260209_091034-0034,1,初回,2021-09-13 14:19:18.243000,110.00500,1.00
2021-09-01,2021-09-30,20260209_091034,20260209_091034-0035,1,初回,2021-09-13 15:09:47.750000,110.09200,1.00
2021-09-01,2021-09-30,20260209_091034,20260209_091034-0036,1,初回,2021-09-13 16:01:38.109000,110.12800,1.00
2021-09-01,2021-09-30,20260209_091034,20260209_091034-0037,1,初回,2021-09-14 19:39:26.166000,110.11100,1.00
2021-09-01,2021-09-30,20260209_091034,20260209_091034-0038,1,初回,2021-09-14 20:19:51.870000,110.13100,1.00
2021-09-01,2021-09-30,20260209_091034,20260209_091034-0039,1,初回,2021-09-14 19:45:19.978000,110.12800,1.00
2021-09-01,2021-09-30,20260209_091034,20260209_091034-0040,1,初回,2021-09-14 21:36:19.138000,109.93800,1.00
2021-09-01,2021-09-30,20260209_091034,20260209_091034-0041,1,初回,2021-09-14 21:55:35.315000,109.90100,1.00
2021-09-01,2021-09-30,20260209_091034,20260209_091034-0042,1,初回,2021-09-14 22:02:05.208000,109.82800,1.00
2021-09-01,2021-09-30,20260209_091034,20260209_091034-0043,1,初回,2021-09-14 22:26:07.875000,109.82300,1.00
2021-09-01,2021-09-30,20260209_091034,20260209_091034-0044,1,初回,2021-09-14 23:39:32.871000,109.68500,1.00
2021-09-01,2021-09-30,20260209_091034,20260209_091034-0045,1,初回,2021-09-14 23:42:19.556000,109.66000,1.00
2021-09-01,2021-09-30,20260209_091034,20260209_091034-0046,1,初回,2021-09-15 00:20:38.281000,109.63500,1.00
2021-09-01,2021-09-30,20260209_091034,20260209_091034-0047,1,初回,2021-09-15 02:27:34.229000,109.56600,1.00
2021-09-01,2021-09-30,20260209_091034,20260209_091034-0048,1,初回,2021-09-15 15:13:56.611000,109.50500,1.00
2021-09-01,2021-09-30,20260209_091034,20260209_091034-0049,1,初回,2021-09-15 16:49:22.309000,109.46100,1.00
2021-09-01,2021-09-30,20260209_091034,20260209_091034-0050,1,初回,2021-09-15 17:45:09.736000,109.34600,1.00
2021-09-01,2021-09-30,20260209_091034,20260209_091034-0051,1,初回,2021-09-15 18:15:36.362000,109.30100,1.00
2021-09-01,2021-09-30,20260209_091034,20260209_091034-0052,1,初回,2021-09-15 19:45:11.979000,109.26300,1.00
2021-09-01,2021-09-30,20260209_091034,20260209_091034-0053,1,初回,2021-09-15 20:00:01.363000,109.26000,1.00
2021-09-01,2021-09-30,20260209_091034,20260209_091034-0054,1,初回,2021-09-15 21:18:26.424000,109.15200,1.00
2021-09-01,2021-09-30,20260209_091034,20260209_091034-0055,1,初回,2021-09-16 18:16:39.192000,109.43200,1.00
2021-09-01,2021-09-30,20260209_091034,20260209_091034-0056,1,初回,2021-09-16 21:40:40.800000,109.67100,1.00
2021-09-01,2021-09-30,20260209_091034,20260209_091034-0057,1,初回,2021-09-16 22:02:44.540000,109.71300,1.00
2021-09-01,2021-09-30,20260209_091034,20260209_091034-0058,1,初回,2021-09-16 22:32:03.614000,109.79700,1.00
2021-09-01,2021-09-30,20260209_091034,20260209_091034-0059,1,初回,2021-09-17 11:49:40.349000,109.86900,1.00
2021-09-01,2021-09-30,20260209_091034,20260209_091034-0060,1,初回,2021-09-17 11:00:10.783000,109.88700,1.00
2021-09-01,2021-09-30,20260209_091034,20260209_091034-0061,1,初回,2021-09-17 16:40:01.901000,109.92200,1.00
2021-09-01,2021-09-30,20260209_091034,20260209_091034-0062,1,初回,2021-09-17 17:00:25.831000,109.95100,1.00
2021-09-01,2021-09-30,20260209_091034,20260209_091034-0063,1,初回,2021-09-17 22:01:06.721000,110.05100,1.00
2021-09-01,2021-09-30,20260209_091034,20260209_091034-0064,1,初回,2021-09-20 11:16:49.588000,109.90900,1.00
2021-09-01,2021-09-30,20260209_091034,20260209_091034-0065,1,初回,2021-09-20 11:46:30.185000,109.89700,1.00
2021-09-01,2021-09-30,20260209_091034,20260209_091034-0066,1,初回,2021-09-20 15:18:22.779000,109.84200,1.00
2021-09-01,2021-09-30,20260209_091034,20260209_091034-0067,1,初回,2021-09-20 16:10:03.737000,109.76400,1.00
2021-09-01,2021-09-30,20260209_091034,20260209_091034-0068,1,初回,2021-09-20 17:16:32.871000,109.69600,1.00
2021-09-01,2021-09-30,20260209_091034,20260209_091034-0069,1,初回,2021-09-20 18:45:35.251000,109.66200,1.00
2021-09-01,2021-09-30,20260209_091034,20260209_091034-0070,1,初回,2021-09-20 18:45:54.439000,109.64700,1.00
2021-09-01,2021-09-30,20260209_091034,20260209_091034-0071,1,初回,2021-09-20 19:43:22.406000,109.53200,1.00
2021-09-01,2021-09-30,20260209_091034,20260209_091034-0072,1,初回,2021-09-20 21:01:36.062000,109.47000,1.00
2021-09-01,2021-09-30,20260209_091034,20260209_091034-0073,1,初回,2021-09-21 01:07:35.280000,109.43600,1.00
2021-09-01,2021-09-30,20260209_091034,20260209_091034-0074,1,初回,2021-09-21 02:05:35.299000,109.38200,1.00
2021-09-01,2021-09-30,20260209_091034,20260209_091034-0075,1,初回,2021-09-21 16:20:36.576000,109.67500,1.00
2021-09-01,2021-09-30,20260209_091034,20260209_091034-0076,1,初回,2021-09-21 21:14:30.521000,109.36100,1.00
2021-09-01,2021-09-30,20260209_091034,20260209_091034-0077,1,初回,2021-09-21 21:14:30.674000,109.36100,1.00
2021-09-01,2021-09-30,20260209_091034,20260209_091034-0078,1,初回,2021-09-21 21:53:42.904000,109.30200,1.00
2021-09-01,2021-09-30,20260209_091034,20260209_091034-0079,1,初回,2021-09-21 22:04:10.255000,109.25200,1.00
2021-09-01,2021-09-30,20260209_091034,20260209_091034-0080,1,初回,2021-09-21 22:04:10.356000,109.25100,1.00
2021-09-01,2021-09-30,20260209_091034,20260209_091034-0081,1,初回,2021-09-21 23:50:40.975000,109.22600,1.00
2021-09-01,2021-09-30,20260209_091034,20260209_091034-0082,1,初回,2021-09-22 00:04:58.422000,109.22600,1.00
2021-09-01,2021-09-30,20260209_091034,20260209_091034-0083,1,初回,2021-09-22 12:37:05.788000,109.45600,1.00
2021-09-01,2021-09-30,20260209_091034,20260209_091034-0084,1,初回,2021-09-22 13:03:59.345000,109.49100,1.00
2021-09-01,2021-09-30,20260209_091034,20260209_091034-0085,1,初回,2021-09-22 14:07:36.882000,109.52300,1.00
2021-09-01,2021-09-30,20260209_091034,20260209_091034-0086,1,初回,2021-09-22 16:00:01.141000,109.57300,1.00
2021-09-01,2021-09-30,20260209_091034,20260209_091034-0087,1,初回,2021-09-22 15:17:18.572000,109.57000,1.00
2021-09-01,2021-09-30,20260209_091034,20260209_091034-0088,1,初回,2021-09-22 21:53:42.268000,109.58400,1.00
2021-09-01,2021-09-30,20260209_091034,20260209_091034-0089,1,初回,2021-09-22 22:02:48.432000,109.59100,1.00
2021-09-01,2021-09-30,20260209_091034,20260209_091034-0090,1,初回,2021-09-22 23:57:00.132000,109.61400,1.00
2021-09-01,2021-09-30,20260209_091034,20260209_091034-0091,1,初回,2021-09-23 03:49:04.846000,109.86400,1.00
2021-09-01,2021-09-30,20260209_091034,20260209_091034-0092,1,初回,2021-09-23 04:00:18.238000,109.87100,1.00
2021-09-01,2021-09-30,20260209_091034,20260209_091034-0093,1,初回,2021-09-23 11:03:29.598000,109.89400,1.00
2021-09-01,2021-09-30,20260209_091034,20260209_091034-0094,1,初回,2021-09-23 16:12:44.044000,109.96000,1.00
2021-09-01,2021-09-30,20260209_091034,20260209_091034-0095,1,初回,2021-09-23 18:08:56.484000,109.97200,1.00
2021-09-01,2021-09-30,20260209_091034,20260209_091034-0096,1,初回,2021-09-23 19:12:51.451000,109.78800,1.00
2021-09-01,2021-09-30,20260209_091034,20260209_091034-0097,1,初回,2021-09-23 20:48:13.056000,110.00700,1.00
2021-09-01,2021-09-30,20260209_091034,20260209_091034-0098,1,初回,2021-09-23 20:48:20.526000,110.01500,1.00
2021-09-01,2021-09-30,20260209_091034,20260209_091034-0099,1,初回,2021-09-23 21:50:58.430000,110.07000,1.00
2021-09-01,2021-09-30,20260209_091034,20260209_091034-0100,1,初回,2021-09-23 22:30:43.628000,110.10500,1.00
2021-09-01,2021-09-30,20260209_091034,20260209_091034-0101,1,初回,2021-09-23 23:14:41.103000,110.11600,1.00
2021-09-01,2021-09-30,20260209_091034,20260209_091034-0102,1,初回,2021-09-24 00:08:47.993000,110.17100,1.00
2021-09-01,2021-09-30,20260209_091034,20260209_091034-0103,1,初回,2021-09-24 04:01:44.270000,110.24700,1.00
2021-09-01,2021-09-30,20260209_091034,20260209_091034-0104,1,初回,2021-09-24 04:33:00.858000,110.26200,1.00
2021-09-01,2021-09-30,20260209_091034,20260209_091034-0105,1,初回,2021-09-24 15:20:06.093000,110.54000,1.00
2021-09-01,2021-09-30,20260209_091034,20260209_091034-0106,1,初回,2021-09-24 21:27:04.318000,110.55800,1.00
2021-09-01,2021-09-30,20260209_091034,20260209_091034-0107,1,初回,2021-09-24 22:20:58.003000,110.66700,1.00
2021-09-01,2021-09-30,20260209_091034,20260209_091034-0108,1,初回,2021-09-24 23:16:28.491000,110.71300,1.00
2021-09-01,2021-09-30,20260209_091034,20260209_091034-0109,1,初回,2021-09-27 16:59:09.354000,110.77600,1.00
2021-09-01,2021-09-30,20260209_091034,20260209_091034-0110,1,初回,2021-09-27 17:34:44.682000,110.91700,1.00
2021-09-01,2021-09-30,20260209_091034,20260209_091034-0111,1,初回,2021-09-27 18:06:59.615000,110.93900,1.00
2021-09-01,2021-09-30,20260209_091034,20260209_091034-0112,1,初回,2021-09-27 19:03:09.229000,110.95500,1.00
2021-09-01,2021-09-30,20260209_091034,20260209_091034-0113,1,初回,2021-09-27 20:56:36.837000,111.03500,1.00
2021-09-01,2021-09-30,20260209_091034,20260209_091034-0114,1,初回,2021-09-28 11:33:06.972000,111.10300,1.00
2021-09-01,2021-09-30,20260209_091034,20260209_091034-0115,1,初回,2021-09-28 11:48:44.309000,111.16000,1.00
2021-09-01,2021-09-30,20260209_091034,20260209_091034-0116,1,初回,2021-09-28 12:31:22.086000,111.21200,1.00
2021-09-01,2021-09-30,20260209_091034,20260209_091034-0117,1,初回,2021-09-28 15:39:20.094000,111.35000,1.00
2021-09-01,2021-09-30,20260209_091034,20260209_091034-0118,1,初回,2021-09-28 16:09:07.282000,111.39300,1.00
2021-09-01,2021-09-30,20260209_091034,20260209_091034-0119,1,初回,2021-09-28 19:49:15.946000,111.41700,1.00
2021-09-01,2021-09-30,20260209_091034,20260209_091034-0120,1,初回,2021-09-28 20:00:05.816000,111.43500,1.00
2021-09-01,2021-09-30,20260209_091034,20260209_091034-0121,1,初回,2021-09-28 21:41:17.254000,111.61200,1.00
2021-09-01,2021-09-30,20260209_091034,20260209_091034-0122,1,初回,2021-09-28 23:24:05.119000,111.26900,1.00
2021-09-01,2021-09-30,20260209_091034,20260209_091034-0123,1,初回,2021-09-29 17:18:20.014000,111.24400,1.00
2021-09-01,2021-09-30,20260209_091034,20260209_091034-0124,1,初回,2021-09-29 23:05:18.753000,111.65200,1.00
2021-09-01,2021-09-30,20260209_091034,20260209_091034-0125,1,初回,2021-09-29 23:46:09.682000,111.89700,1.00
2021-09-01,2021-09-30,20260209_091034,20260209_091034-0126,1,初回,2021-09-30 01:50:03.215000,111.91700,1.00
2021-09-01,2021-09-30,20260209_091034,20260209_091034-0127,1,初回,2021-09-30 02:23:23.562000,112.01800,1.00
2021-09-01,2021-09-30,20260209_091034,20260209_091034-0128,1,初回,2021-09-30 16:02:20.953000,112.01900,1.00
2021-09-01,2021-09-30,20260209_091034,20260209_091034-0129,1,初回,2021-09-30 16:07:03.448000,112.03000,1.00
2021-09-01,2021-09-30,20260209_091034,20260209_091034-0130,1,初回,2021-09-30 17:03:31.747000,111.83300,1.00
2021-09-01,2021-09-30,20260209_091034,20260209_091034-0131,1,初回,2021-09-30 20:00:25.794000,112.04800,1.00
2021-09-01,2021-09-30,20260209_091034,20260209_091034-0132,1,初回,2021-09-30 22:34:21.388000,111.74500,1.00
2021-09-01,2021-09-30,20260209_091034,20260209_091034-0133,1,初回,2021-09-30 23:56:21.565000,111.58100,1.00
2021-10-01,2021-10-31,20260209_091108,20260209_091108-0001,1,初回,2021-10-01 21:47:59.677000,110.99900,1.00
2021-10-01,2021-10-31,20260209_091108,20260209_091108-0002,1,初回,2021-10-01 22:46:51.051000,110.94500,1.00
2021-10-01,2021-10-31,20260209_091108,20260209_091108-0003,1,初回,2021-10-04 16:33:00.476000,111.17600,1.00
2021-10-01,2021-10-31,20260209_091108,20260209_091108-0004,1,初回,2021-10-04 17:38:11.841000,111.22000,1.00
2021-10-01,2021-10-31,20260209_091108,20260209_091108-0005,1,初回,2021-10-04 18:19:31.618000,111.23100,1.00
2021-10-01,2021-10-31,20260209_091108,20260209_091108-0006,1,初回,2021-10-04 19:17:35.405000,111.27300,1.00
2021-10-01,2021-10-31,20260209_091108,20260209_091108-0007,1,初回,2021-10-04 21:40:39.239000,110.92300,1.00
2021-10-01,2021-10-31,20260209_091108,20260209_091108-0008,1,初回,2021-10-04 23:38:10.314000,110.92300,1.00
2021-10-01,2021-10-31,20260209_091108,20260209_091108-0009,1,初回,2021-10-04 23:39:19.264000,110.86000,1.00
2021-10-01,2021-10-31,20260209_091108,20260209_091108-0010,1,初回,2021-10-05 20:20:55.924000,111.27100,1.00
2021-10-01,2021-10-31,20260209_091108,20260209_091108-0011,1,初回,2021-10-05 20:21:00.824000,111.28300,1.00
2021-10-01,2021-10-31,20260209_091108,20260209_091108-0012,1,初回,2021-10-05 22:30:37.741000,111.39200,1.00
2021-10-01,2021-10-31,20260209_091108,20260209_091108-0013,1,初回,2021-10-05 23:49:52.425000,111.53200,1.00
2021-10-01,2021-10-31,20260209_091108,20260209_091108-0014,1,初回,2021-10-06 11:11:22.751000,111.61700,1.00
2021-10-01,2021-10-31,20260209_091108,20260209_091108-0015,1,初回,2021-10-06 13:19:03.337000,111.74100,1.00
2021-10-01,2021-10-31,20260209_091108,20260209_091108-0016,1,初回,2021-10-06 15:01:04.448000,111.75700,1.00
2021-10-01,2021-10-31,20260209_091108,20260209_091108-0017,1,初回,2021-10-06 14:02:12.706000,111.74800,1.00
2021-10-01,2021-10-31,20260209_091108,20260209_091108-0018,1,初回,2021-10-06 19:32:02.342000,111.38900,1.00
2021-10-01,2021-10-31,20260209_091108,20260209_091108-0019,1,初回,2021-10-06 20:56:06.780000,111.38500,1.00
2021-10-01,2021-10-31,20260209_091108,20260209_091108-0020,1,初回,2021-10-06 21:08:05.977000,111.31700,1.00
2021-10-01,2021-10-31,20260209_091108,20260209_091108-0021,1,初回,2021-10-06 23:17:27.235000,111.23900,1.00
2021-10-01,2021-10-31,20260209_091108,20260209_091108-0022,1,初回,2021-10-07 16:20:18.074000,111.23800,1.00
2021-10-01,2021-10-31,20260209_091108,20260209_091108-0023,1,初回,2021-10-07 18:17:15.270000,111.48200,1.00
2021-10-01,2021-10-31,20260209_091108,20260209_091108-0024,1,初回,2021-10-07 18:17:29.402000,111.49700,1.00
2021-10-01,2021-10-31,20260209_091108,20260209_091108-0025,1,初回,2021-10-07 22:03:18.488000,111.52100,1.00
2021-10-01,2021-10-31,20260209_091108,20260209_091108-0026,1,初回,2021-10-08 01:40:47.675000,111.59600,1.00
2021-10-01,2021-10-31,20260209_091108,20260209_091108-0027,1,初回,2021-10-08 03:00:53.122000,111.59900,1.00
2021-10-01,2021-10-31,20260209_091108,20260209_091108-0028,1,初回,2021-10-08 03:04:12.738000,111.61300,1.00
2021-10-01,2021-10-31,20260209_091108,20260209_091108-0029,1,初回,2021-10-08 11:00:44.410000,111.84400,1.00
2021-10-01,2021-10-31,20260209_091108,20260209_091108-0030,1,初回,2021-10-08 11:10:15.346000,111.86500,1.00
2021-10-01,2021-10-31,20260209_091108,20260209_091108-0031,1,初回,2021-10-08 16:15:23.296000,111.96200,1.00
2021-10-01,2021-10-31,20260209_091108,20260209_091108-0032,1,初回,2021-10-08 23:31:01.153000,111.96900,1.00
2021-10-01,2021-10-31,20260209_091108,20260209_091108-0033,1,初回,2021-10-08 23:41:25.679000,112.01600,1.00
2021-10-01,2021-10-31,20260209_091108,20260209_091108-0034,1,初回,2021-10-09 00:31:26.757000,112.14700,1.00
2021-10-01,2021-10-31,20260209_091108,20260209_091108-0035,1,初回,2021-10-09 01:27:16.727000,112.18200,1.00
2021-10-01,2021-10-31,20260209_091108,20260209_091108-0036,1,初回,2021-10-09 02:05:59.237000,112.21700,1.00
2021-10-01,2021-10-31,20260209_091108,20260209_091108-0037,1,初回,2021-10-11 11:00:59.932000,112.38200,1.00
2021-10-01,2021-10-31,20260209_091108,20260209_091108-0038,1,初回,2021-10-11 11:43:30.444000,112.52400,1.00
2021-10-01,2021-10-31,20260209_091108,20260209_091108-0039,1,初回,2021-10-11 12:27:41.023000,112.69100,1.00
2021-10-01,2021-10-31,20260209_091108,20260209_091108-0040,1,初回,2021-10-11 14:45:20.375000,112.72000,1.00
2021-10-01,2021-10-31,20260209_091108,20260209_091108-0041,1,初回,2021-10-11 16:03:23.049000,112.81500,1.00
2021-10-01,2021-10-31,20260209_091108,20260209_091108-0042,1,初回,2021-10-11 17:16:27.948000,112.92400,1.00
2021-10-01,2021-10-31,20260209_091108,20260209_091108-0043,1,初回,2021-10-11 18:30:17.170000,113.00400,1.00
2021-10-01,2021-10-31,20260209_091108,20260209_091108-0044,1,初回,2021-10-11 21:32:20.860000,113.21400,1.00
2021-10-01,2021-10-31,20260209_091108,20260209_091108-0045,1,初回,2021-10-11 23:48:26.958000,113.31200,1.00
2021-10-01,2021-10-31,20260209_091108,20260209_091108-0046,1,初回,2021-10-12 00:45:34.094000,113.34600,1.00
2021-10-01,2021-10-31,20260209_091108,20260209_091108-0047,1,初回,2021-10-12 01:00:58.384000,113.38200,1.00
2021-10-01,2021-10-31,20260209_091108,20260209_091108-0048,1,初回,2021-10-12 21:25:24.620000,113.45600,1.00
2021-10-01,2021-10-31,20260209_091108,20260209_091108-0049,1,初回,2021-10-12 21:38:53.401000,113.76000,1.00
2021-10-01,2021-10-31,20260209_091108,20260209_091108-0050,1,初回,2021-10-13 11:03:47.745000,113.38700,1.00
2021-10-01,2021-10-31,20260209_091108,20260209_091108-0051,1,初回,2021-10-13 11:03:09.396000,113.39500,1.00
2021-10-01,2021-10-31,20260209_091108,20260209_091108-0052,1,初回,2021-10-13 17:00:23.357000,113.58500,1.00
2021-10-01,2021-10-31,20260209_091108,20260209_091108-0053,1,初回,2021-10-13 21:39:58.538000,113.77500,1.00
2021-10-01,2021-10-31,20260209_091108,20260209_091108-0054,1,初回,2021-10-13 22:31:29.418000,113.37900,1.00
2021-10-01,2021-10-31,20260209_091108,20260209_091108-0055,1,初回,2021-10-13 23:50:03.625000,113.26800,1.00
2021-10-01,2021-10-31,20260209_091108,20260209_091108-0056,1,初回,2021-10-14 11:00:33.420000,113.51200,1.00
2021-10-01,2021-10-31,20260209_091108,20260209_091108-0057,1,初回,2021-10-14 12:15:14.850000,113.54900,1.00
2021-10-01,2021-10-31,20260209_091108,20260209_091108-0058,1,初回,2021-10-14 19:07:04.808000,113.31600,1.00
2021-10-01,2021-10-31,20260209_091108,20260209_091108-0059,1,初回,2021-10-14 22:33:28.053000,113.56200,1.00
2021-10-01,2021-10-31,20260209_091108,20260209_091108-0060,1,初回,2021-10-14 22:42:00.958000,113.62800,1.00
2021-10-01,2021-10-31,20260209_091108,20260209_091108-0061,1,初回,2021-10-14 23:47:06.097000,113.68800,1.00
2021-10-01,2021-10-31,20260209_091108,20260209_091108-0062,1,初回,2021-10-15 11:09:22.303000,113.89500,1.00
2021-10-01,2021-10-31,20260209_091108,20260209_091108-0063,1,初回,2021-10-15 11:37:59.521000,113.91800,1.00
2021-10-01,2021-10-31,20260209_091108,20260209_091108-0064,1,初回,2021-10-15 15:00:09.522000,114.13700,1.00
2021-10-01,2021-10-31,20260209_091108,20260209_091108-0065,1,初回,2021-10-15 14:49:16.556000,114.13400,1.00
2021-10-01,2021-10-31,20260209_091108,20260209_091108-0066,1,初回,2021-10-15 16:16:30.451000,114.14700,1.00
2021-10-01,2021-10-31,20260209_091108,20260209_091108-0067,1,初回,2021-10-15 17:54:45.727000,114.28500,1.00
2021-10-01,2021-10-31,20260209_091108,20260209_091108-0068,1,初回,2021-10-15 18:18:06.840000,114.37400,1.00
2021-10-01,2021-10-31,20260209_091108,20260209_091108-0069,1,初回,2021-10-15 21:55:15.118000,114.43200,1.00
2021-10-01,2021-10-31,20260209_091108,20260209_091108-0070,1,初回,2021-10-18 11:02:30.475000,114.05300,1.00
2021-10-01,2021-10-31,20260209_091108,20260209_091108-0071,1,初回,2021-10-18 12:46:18.283000,114.43400,1.00
2021-10-01,2021-10-31,20260209_091108,20260209_091108-0072,1,初回,2021-10-18 16:16:37.173000,114.42100,1.00
2021-10-01,2021-10-31,20260209_091108,20260209_091108-0073,1,初回,2021-10-18 21:10:23.069000,114.16100,1.00
2021-10-01,2021-10-31,20260209_091108,20260209_091108-0074,1,初回,2021-10-19 15:32:15.164000,113.98900,1.00
2021-10-01,2021-10-31,20260209_091108,20260209_091108-0075,1,初回,2021-10-19 16:24:27.228000,113.91800,1.00
2021-10-01,2021-10-31,20260209_091108,20260209_091108-0076,1,初回,2021-10-20 21:02:18.080000,114.32900,1.00
2021-10-01,2021-10-31,20260209_091108,20260209_091108-0077,1,初回,2021-10-20 21:40:01.088000,114.17600,1.00
2021-10-01,2021-10-31,20260209_091108,20260209_091108-0078,1,初回,2021-10-20 22:07:08.533000,114.16200,1.00
2021-10-01,2021-10-31,20260209_091108,20260209_091108-0079,1,初回,2021-10-21 02:02:00.130000,114.11700,1.00
2021-10-01,2021-10-31,20260209_091108,20260209_091108-0080,1,初回,2021-10-21 01:48:49.344000,114.12500,1.00
2021-10-01,2021-10-31,20260209_091108,20260209_091108-0081,1,初回,2021-10-21 13:34:06.615000,113.98200,1.00
2021-10-01,2021-10-31,20260209_091108,20260209_091108-0082,1,初回,2021-10-21 15:56:23.700000,113.91800,1.00
2021-10-01,2021-10-31,20260209_091108,20260209_091108-0083,1,初回,2021-10-21 15:41:03.967000,113.94700,1.00
2021-10-01,2021-10-31,20260209_091108,20260209_091108-0084,1,初回,2021-10-21 21:53:06.377000,113.88400,1.00
2021-10-01,2021-10-31,20260209_091108,20260209_091108-0085,1,初回,2021-10-21 22:35:14.187000,113.68500,1.00
2021-10-01,2021-10-31,20260209_091108,20260209_091108-0086,1,初回,2021-10-21 22:35:14.051000,113.68800,1.00
2021-10-01,2021-10-31,20260209_091108,20260209_091108-0087,1,初回,2021-10-22 23:23:18.597000,113.71600,1.00
2021-10-01,2021-10-31,20260209_091108,20260209_091108-0088,1,初回,2021-10-22 23:42:38.243000,113.60900,1.00
2021-10-01,2021-10-31,20260209_091108,20260209_091108-0089,1,初回,2021-10-23 00:50:58.157000,113.54200,1.00
2021-10-01,2021-10-31,20260209_091108,20260209_091108-0090,1,初回,2021-10-23 01:28:53.283000,113.47300,1.00
2021-10-01,2021-10-31,20260209_091108,20260209_091108-0091,1,初回,2021-10-23 03:55:56.189000,113.45200,1.00
2021-10-01,2021-10-31,20260209_091108,20260209_091108-0092,1,初回,2021-10-25 11:55:14.662000,113.79700,1.00
2021-10-01,2021-10-31,20260209_091108,20260209_091108-0093,1,初回,2021-10-25 21:57:57.524000,113.89200,1.00
2021-10-01,2021-10-31,20260209_091108,20260209_091108-0094,1,初回,2021-10-26 11:35:00.783000,113.89200,1.00
2021-10-01,2021-10-31,20260209_091108,20260209_091108-0095,1,初回,2021-10-26 11:47:28.470000,113.91100,1.00
2021-10-01,2021-10-31,20260209_091108,20260209_091108-0096,1,初回,2021-10-26 12:14:49.269000,113.91900,1.00
2021-10-01,2021-10-31,20260209_091108,20260209_091108-0097,1,初回,2021-10-26 16:37:43.209000,114.05000,1.00
2021-10-01,2021-10-31,20260209_091108,20260209_091108-0098,1,初回,2021-10-26 21:39:11.218000,114.15600,1.00
2021-10-01,2021-10-31,20260209_091108,20260209_091108-0099,1,初回,2021-10-26 22:32:55.388000,114.17300,1.00
2021-10-01,2021-10-31,20260209_091108,20260209_091108-0100,1,初回,2021-10-26 21:40:02.819000,114.17600,1.00
2021-10-01,2021-10-31,20260209_091108,20260209_091108-0101,1,初回,2021-10-26 21:40:31.467000,114.18300,1.00
2021-10-01,2021-10-31,20260209_091108,20260209_091108-0102,1,初回,2021-10-26 23:22:35.932000,114.29300,1.00
2021-10-01,2021-10-31,20260209_091108,20260209_091108-0103,1,初回,2021-10-27 16:54:41.038000,113.71500,1.00
2021-10-01,2021-10-31,20260209_091108,20260209_091108-0104,1,初回,2021-10-27 16:54:49.493000,113.70400,1.00
2021-10-01,2021-10-31,20260209_091108,20260209_091108-0105,1,初回,2021-10-27 17:42:40.851000,113.68100,1.00
2021-10-01,2021-10-31,20260209_091108,20260209_091108-0106,1,初回,2021-10-27 18:10:21.870000,113.55300,1.00
2021-10-01,2021-10-31,20260209_091108,20260209_091108-0107,1,初回,2021-10-27 18:07:03.965000,113.57700,1.00
2021-10-01,2021-10-31,20260209_091108,20260209_091108-0108,1,初回,2021-10-27 22:38:01.162000,113.45300,1.00
2021-10-01,2021-10-31,20260209_091108,20260209_091108-0109,1,初回,2021-10-27 22:38:16.087000,113.45300,1.00
2021-10-01,2021-10-31,20260209_091108,20260209_091108-0110,1,初回,2021-10-27 22:42:19.921000,113.42700,1.00
2021-10-01,2021-10-31,20260209_091108,20260209_091108-0111,1,初回,2021-10-28 11:00:18.224000,113.67500,1.00
2021-10-01,2021-10-31,20260209_091108,20260209_091108-0112,1,初回,2021-10-28 11:03:28.237000,113.58600,1.00
2021-10-01,2021-10-31,20260209_091108,20260209_091108-0113,1,初回,2021-10-28 13:24:25.267000,113.54100,1.00
2021-10-01,2021-10-31,20260209_091108,20260209_091108-0114,1,初回,2021-10-28 20:34:04.843000,113.53700,1.00
2021-10-01,2021-10-31,20260209_091108,20260209_091108-0115,1,初回,2021-10-28 22:32:06.675000,113.39300,1.00
2021-10-01,2021-10-31,20260209_091108,20260209_091108-0116,1,初回,2021-10-28 23:07:23.610000,113.34700,1.00
2021-10-01,2021-10-31,20260209_091108,20260209_091108-0117,1,初回,2021-10-29 00:29:27.899000,113.29300,1.00
2021-10-01,2021-10-31,20260209_091108,20260209_091108-0118,1,初回,2021-10-29 17:19:50.937000,113.68800,1.00
2021-10-01,2021-10-31,20260209_091108,20260209_091108-0119,1,初回,2021-10-29 17:20:24.007000,113.71400,1.00
2021-10-01,2021-10-31,20260209_091108,20260209_091108-0120,1,初回,2021-10-29 18:07:01.835000,113.75100,1.00
2021-10-01,2021-10-31,20260209_091108,20260209_091108-0121,1,初回,2021-10-29 20:28:06.807000,113.78400,1.00
2021-10-01,2021-10-31,20260209_091108,20260209_091108-0122,1,初回,2021-10-29 20:38:48.933000,113.86100,1.00
2021-10-01,2021-10-31,20260209_091108,20260209_091108-0123,1,初回,2021-10-29 21:05:44.424000,113.90700,1.00
2021-10-01,2021-10-31,20260209_091108,20260209_091108-0124,1,初回,2021-10-29 22:23:10.422000,113.95100,1.00
2021-10-01,2021-10-31,20260209_091108,20260209_091108-0125,1,初回,2021-10-29 23:09:03.527000,113.75900,1.00
2021-10-01,2021-10-31,20260209_091108,20260209_091108-0126,1,初回,2021-10-29 23:58:29.971000,114.01700,1.00
2021-10-01,2021-10-31,20260209_091108,20260209_091108-0127,1,初回,2021-10-30 00:05:04.313000,114.06800,1.00
2021-10-01,2021-10-31,20260209_091108,20260209_091108-0128,1,初回,2021-10-30 01:02:33.666000,114.06500,1.00
2021-10-01,2021-10-31,20260209_091108,20260209_091108-0129,1,初回,2021-10-30 00:04:51.708000,114.05800,1.00
2021-11-01,2021-11-30,20260209_091147,20260209_091147-0001,1,初回,2021-11-02 13:41:13.911000,113.63500,1.00
2021-11-01,2021-11-30,20260209_091147,20260209_091147-0002,1,初回,2021-11-02 16:04:29.764000,113.61900,1.00
2021-11-01,2021-11-30,20260209_091147,20260209_091147-0003,1,初回,2021-11-02 17:58:30.814000,113.54400,1.00
2021-11-01,2021-11-30,20260209_091147,20260209_091147-0004,1,初回,2021-11-02 18:02:01.925000,113.49800,1.00
2021-11-01,2021-11-30,20260209_091147,20260209_091147-0005,1,初回,2021-11-03 01:34:40.029000,113.93800,1.00
2021-11-01,2021-11-30,20260209_091147,20260209_091147-0006,1,初回,2021-11-03 04:00:00.186000,113.95400,1.00
2021-11-01,2021-11-30,20260209_091147,20260209_091147-0007,1,初回,2021-11-03 20:49:20.806000,113.78300,1.00
2021-11-01,2021-11-30,20260209_091147,20260209_091147-0008,1,初回,2021-11-03 21:03:25.791000,113.75900,1.00
2021-11-01,2021-11-30,20260209_091147,20260209_091147-0009,1,初回,2021-11-03 22:24:50.227000,113.97800,1.00
2021-11-01,2021-11-30,20260209_091147,20260209_091147-0010,1,初回,2021-11-03 22:25:01.050000,113.97800,1.00
2021-11-01,2021-11-30,20260209_091147,20260209_091147-0011,1,初回,2021-11-03 23:19:07.919000,114.11900,1.00
2021-11-01,2021-11-30,20260209_091147,20260209_091147-0012,1,初回,2021-11-04 03:33:05.363000,114.18700,1.00
2021-11-01,2021-11-30,20260209_091147,20260209_091147-0013,1,初回,2021-11-04 11:00:06.521000,114.21000,1.00
2021-11-01,2021-11-30,20260209_091147,20260209_091147-0014,1,初回,2021-11-04 11:00:13.521000,114.21300,1.00
2021-11-01,2021-11-30,20260209_091147,20260209_091147-0015,1,初回,2021-11-04 16:08:50.736000,114.24700,1.00
2021-11-01,2021-11-30,20260209_091147,20260209_091147-0016,1,初回,2021-11-04 20:15:17.672000,113.81300,1.00
2021-11-01,2021-11-30,20260209_091147,20260209_091147-0017,1,初回,2021-11-04 21:00:04.355000,113.79500,1.00
2021-11-01,2021-11-30,20260209_091147,20260209_091147-0018,1,初回,2021-11-04 23:25:24.641000,113.71700,1.00
2021-11-01,2021-11-30,20260209_091147,20260209_091147-0019,1,初回,2021-11-04 23:54:09.502000,113.54600,1.00
2021-11-01,2021-11-30,20260209_091147,20260209_091147-0020,1,初回,2021-11-05 00:06:19.384000,113.54500,1.00
2021-11-01,2021-11-30,20260209_091147,20260209_091147-0021,1,初回,2021-11-05 17:06:15.914000,113.83000,1.00
2021-11-01,2021-11-30,20260209_091147,20260209_091147-0022,1,初回,2021-11-05 19:04:20.997000,113.84200,1.00
2021-11-01,2021-11-30,20260209_091147,20260209_091147-0023,1,初回,2021-11-05 20:16:01.047000,113.89100,1.00
2021-11-01,2021-11-30,20260209_091147,20260209_091147-0024,1,初回,2021-11-05 21:31:12.710000,114.00400,1.00
2021-11-01,2021-11-30,20260209_091147,20260209_091147-0025,1,初回,2021-11-05 22:27:04.999000,113.59300,1.00
2021-11-01,2021-11-30,20260209_091147,20260209_091147-0026,1,初回,2021-11-05 22:29:01.834000,113.53800,1.00
2021-11-01,2021-11-30,20260209_091147,20260209_091147-0027,1,初回,2021-11-05 23:54:33.899000,113.52700,1.00
2021-11-01,2021-11-30,20260209_091147,20260209_091147-0028,1,初回,2021-11-06 00:30:43.941000,113.45400,1.00
2021-11-01,2021-11-30,20260209_091147,20260209_091147-0029,1,初回,2021-11-06 01:41:52.090000,113.39400,1.00
2021-11-01,2021-11-30,20260209_091147,20260209_091147-0030,1,初回,2021-11-06 02:08:04.709000,113.33900,1.00
2021-11-01,2021-11-30,20260209_091147,20260209_091147-0031,1,初回,2021-11-08 19:00:34.540000,113.39800,1.00
2021-11-01,2021-11-30,20260209_091147,20260209_091147-0032,1,初回,2021-11-08 22:23:01.219000,113.35400,1.00
2021-11-01,2021-11-30,20260209_091147,20260209_091147-0033,1,初回,2021-11-09 00:00:17.105000,113.11900,1.00
2021-11-01,2021-11-30,20260209_091147,20260209_091147-0034,1,初回,2021-11-08 23:42:00.797000,113.12500,1.00
2021-11-01,2021-11-30,20260209_091147,20260209_091147-0035,1,初回,2021-11-09 11:58:17.411000,112.96400,1.00
2021-11-01,2021-11-30,20260209_091147,20260209_091147-0036,1,初回,2021-11-09 12:42:17.206000,112.83600,1.00
2021-11-01,2021-11-30,20260209_091147,20260209_091147-0037,1,初回,2021-11-09 15:16:00.807000,112.76200,1.00
2021-11-01,2021-11-30,20260209_091147,20260209_091147-0038,1,初回,2021-11-09 14:05:26.304000,112.76300,1.00
2021-11-01,2021-11-30,20260209_091147,20260209_091147-0039,1,初回,2021-11-10 16:21:58.221000,113.08400,1.00
2021-11-01,2021-11-30,20260209_091147,20260209_091147-0040,1,初回,2021-11-10 16:39:08.688000,113.11100,1.00
2021-11-01,2021-11-30,20260209_091147,20260209_091147-0041,1,初回,2021-11-10 17:55:32.950000,113.15500,1.00
2021-11-01,2021-11-30,20260209_091147,20260209_091147-0042,1,初回,2021-11-10 18:46:58.509000,113.20700,1.00
2021-11-01,2021-11-30,20260209_091147,20260209_091147-0043,1,初回,2021-11-10 21:40:01.906000,113.30700,1.00
2021-11-01,2021-11-30,20260209_091147,20260209_091147-0044,1,初回,2021-11-10 22:31:23.623000,113.47400,1.00
2021-11-01,2021-11-30,20260209_091147,20260209_091147-0045,1,初回,2021-11-10 22:31:13.261000,113.46000,1.00
2021-11-01,2021-11-30,20260209_091147,20260209_091147-0046,1,初回,2021-11-10 23:51:42.734000,113.63800,1.00
2021-11-01,2021-11-30,20260209_091147,20260209_091147-0047,1,初回,2021-11-11 00:45:01.005000,113.88600,1.00
2021-11-01,2021-11-30,20260209_091147,20260209_091147-0048,1,初回,2021-11-11 00:49:39.589000,113.90900,1.00
2021-11-01,2021-11-30,20260209_091147,20260209_091147-0049,1,初回,2021-11-11 02:04:49.280000,113.94900,1.00
2021-11-01,2021-11-30,20260209_091147,20260209_091147-0050,1,初回,2021-11-11 03:03:53.728000,113.98700,1.00
2021-11-01,2021-11-30,20260209_091147,20260209_091147-0051,1,初回,2021-11-11 11:00:21.157000,114.06100,1.00
2021-11-01,2021-11-30,20260209_091147,20260209_091147-0052,1,初回,2021-11-11 11:54:14.899000,114.12700,1.00
2021-11-01,2021-11-30,20260209_091147,20260209_091147-0053,1,初回,2021-11-11 17:32:23.186000,114.12700,1.00
2021-11-01,2021-11-30,20260209_091147,20260209_091147-0054,1,初回,2021-11-12 11:07:54.652000,114.27100,1.00
2021-11-01,2021-11-30,20260209_091147,20260209_091147-0055,1,初回,2021-11-13 00:01:41.965000,113.84300,1.00
2021-11-01,2021-11-30,20260209_091147,20260209_091147-0056,1,初回,2021-11-13 00:03:03.827000,113.80000,1.00
2021-11-01,2021-11-30,20260209_091147,20260209_091147-0057,1,初回,2021-11-15 11:00:18.216000,113.79100,1.00
2021-11-01,2021-11-30,20260209_091147,20260209_091147-0058,1,初回,2021-11-16 00:05:21.056000,114.01500,1.00
2021-11-01,2021-11-30,20260209_091147,20260209_091147-0059,1,初回,2021-11-16 00:05:22.748000,114.02300,1.00
2021-11-01,2021-11-30,20260209_091147,20260209_091147-0060,1,初回,2021-11-16 02:52:20.429000,114.05400,1.00
2021-11-01,2021-11-30,20260209_091147,20260209_091147-0061,1,初回,2021-11-16 03:00:55.154000,114.06000,1.00
2021-11-01,2021-11-30,20260209_091147,20260209_091147-0062,1,初回,2021-11-16 11:03:42.200000,114.28200,1.00
2021-11-01,2021-11-30,20260209_091147,20260209_091147-0063,1,初回,2021-11-16 11:03:50.762000,114.28000,1.00
2021-11-01,2021-11-30,20260209_091147,20260209_091147-0064,1,初回,2021-11-16 21:45:48.494000,114.32300,1.00
2021-11-01,2021-11-30,20260209_091147,20260209_091147-0065,1,初回,2021-11-16 22:31:05.980000,114.40700,1.00
2021-11-01,2021-11-30,20260209_091147,20260209_091147-0066,1,初回,2021-11-16 22:32:07.813000,114.41300,1.00
2021-11-01,2021-11-30,20260209_091147,20260209_091147-0067,1,初回,2021-11-17 00:00:52.167000,114.60700,1.00
2021-11-01,2021-11-30,20260209_091147,20260209_091147-0068,1,初回,2021-11-16 23:55:45.837000,114.59800,1.00
2021-11-01,2021-11-30,20260209_091147,20260209_091147-0069,1,初回,2021-11-17 02:00:00.611000,114.62400,1.00
2021-11-01,2021-11-30,20260209_091147,20260209_091147-0070,1,初回,2021-11-17 04:33:23.367000,114.66500,1.00
2021-11-01,2021-11-30,20260209_091147,20260209_091147-0071,1,初回,2021-11-17 17:07:51.697000,114.94100,1.00
2021-11-01,2021-11-30,20260209_091147,20260209_091147-0072,1,初回,2021-11-17 21:01:56.383000,114.66600,1.00
2021-11-01,2021-11-30,20260209_091147,20260209_091147-0073,1,初回,2021-11-17 21:01:56.486000,114.65100,1.00
2021-11-01,2021-11-30,20260209_091147,20260209_091147-0074,1,初回,2021-11-17 22:31:40.628000,114.59100,1.00
2021-11-01,2021-11-30,20260209_091147,20260209_091147-0075,1,初回,2021-11-17 23:55:59.899000,114.57100,1.00
2021-11-01,2021-11-30,20260209_091147,20260209_091147-0076,1,初回,2021-11-18 00:10:09.055000,114.47000,1.00
2021-11-01,2021-11-30,20260209_091147,20260209_091147-0077,1,初回,2021-11-18 01:58:13.539000,114.36900,1.00
2021-11-01,2021-11-30,20260209_091147,20260209_091147-0078,1,初回,2021-11-18 02:42:33.774000,114.12600,1.00
2021-11-01,2021-11-30,20260209_091147,20260209_091147-0079,1,初回,2021-11-18 02:44:41.619000,114.03400,1.00
2021-11-01,2021-11-30,20260209_091147,20260209_091147-0080,1,初回,2021-11-18 03:20:08.496000,113.97100,1.00
2021-11-01,2021-11-30,20260209_091147,20260209_091147-0081,1,初回,2021-11-18 11:15:33.053000,113.91500,1.00
2021-11-01,2021-11-30,20260209_091147,20260209_091147-0082,1,初回,2021-11-18 14:05:19.900000,114.21000,1.00
2021-11-01,2021-11-30,20260209_091147,20260209_091147-0083,1,初回,2021-11-18 14:05:23.354000,114.23900,1.00
2021-11-01,2021-11-30,20260209_091147,20260209_091147-0084,1,初回,2021-11-18 22:20:06.006000,114.36300,1.00
2021-11-01,2021-11-30,20260209_091147,20260209_091147-0085,1,初回,2021-11-18 23:02:39.861000,114.41700,1.00
2021-11-01,2021-11-30,20260209_091147,20260209_091147-0086,1,初回,2021-11-19 00:02:05.594000,114.45600,1.00
2021-11-01,2021-11-30,20260209_091147,20260209_091147-0087,1,初回,2021-11-19 17:28:03.641000,114.45800,1.00
2021-11-01,2021-11-30,20260209_091147,20260209_091147-0088,1,初回,2021-11-19 18:06:39.428000,114.51000,1.00
2021-11-01,2021-11-30,20260209_091147,20260209_091147-0089,1,初回,2021-11-19 18:31:09.107000,114.01600,1.00
2021-11-01,2021-11-30,20260209_091147,20260209_091147-0090,1,初回,2021-11-19 18:42:25.849000,113.93600,1.00
2021-11-01,2021-11-30,20260209_091147,20260209_091147-0091,1,初回,2021-11-19 19:06:24.859000,113.84900,1.00
2021-11-01,2021-11-30,20260209_091147,20260209_091147-0092,1,初回,2021-11-19 21:02:06.982000,113.79100,1.00
2021-11-01,2021-11-30,20260209_091147,20260209_091147-0093,1,初回,2021-11-19 21:08:50.253000,113.62400,1.00
2021-11-01,2021-11-30,20260209_091147,20260209_091147-0094,1,初回,2021-11-22 23:09:40.709000,114.51000,1.00
2021-11-01,2021-11-30,20260209_091147,20260209_091147-0095,1,初回,2021-11-22 23:32:42.577000,114.71200,1.00
2021-11-01,2021-11-30,20260209_091147,20260209_091147-0096,1,初回,2021-11-23 00:22:06.815000,114.72100,1.00
2021-11-01,2021-11-30,20260209_091147,20260209_091147-0097,1,初回,2021-11-23 01:32:34.959000,114.78600,1.00
2021-11-01,2021-11-30,20260209_091147,20260209_091147-0098,1,初回,2021-11-23 02:42:07.073000,114.81400,1.00
2021-11-01,2021-11-30,20260209_091147,20260209_091147-0099,1,初回,2021-11-23 03:44:01.228000,114.90700,1.00
2021-11-01,2021-11-30,20260209_091147,20260209_091147-0100,1,初回,2021-11-23 03:44:16.414000,114.91700,1.00
2021-11-01,2021-11-30,20260209_091147,20260209_091147-0101,1,初回,2021-11-23 04:03:01.096000,114.92500,1.00
2021-11-01,2021-11-30,20260209_091147,20260209_091147-0102,1,初回,2021-11-23 11:14:23.238000,114.93000,1.00
2021-11-01,2021-11-30,20260209_091147,20260209_091147-0103,1,初回,2021-11-23 11:15:05.254000,115.07000,1.00
2021-11-01,2021-11-30,20260209_091147,20260209_091147-0104,1,初回,2021-11-23 12:00:24.040000,115.11200,1.00
2021-11-01,2021-11-30,20260209_091147,20260209_091147-0105,1,初回,2021-11-24 22:37:00.313000,115.20700,1.00
2021-11-01,2021-11-30,20260209_091147,20260209_091147-0106,1,初回,2021-11-24 22:36:42.927000,115.21100,1.00
2021-11-01,2021-11-30,20260209_091147,20260209_091147-0107,1,初回,2021-11-24 22:37:39.113000,115.22500,1.00
2021-11-01,2021-11-30,20260209_091147,20260209_091147-0108,1,初回,2021-11-24 23:10:49.309000,115.34800,1.00
2021-11-01,2021-11-30,20260209_091147,20260209_091147-0109,1,初回,2021-11-25 00:16:30.656000,115.43800,1.00
2021-11-01,2021-11-30,20260209_091147,20260209_091147-0110,1,初回,2021-11-25 01:00:32.206000,115.44900,1.00
2021-11-01,2021-11-30,20260209_091147,20260209_091147-0111,1,初回,2021-11-25 03:34:12.660000,115.45800,1.00
2021-11-01,2021-11-30,20260209_091147,20260209_091147-0112,1,初回,2021-11-25 04:01:55.453000,115.49300,1.00
2021-11-01,2021-11-30,20260209_091147,20260209_091147-0113,1,初回,2021-11-25 21:07:04.046000,115.27800,1.00
2021-11-01,2021-11-30,20260209_091147,20260209_091147-0114,1,初回,2021-11-26 11:53:05.067000,114.71700,1.00
2021-11-01,2021-11-30,20260209_091147,20260209_091147-0115,1,初回,2021-11-26 11:54:16.111000,114.67300,1.00
2021-11-01,2021-11-30,20260209_091147,20260209_091147-0116,1,初回,2021-11-26 12:01:39.780000,114.63200,1.00
2021-11-01,2021-11-30,20260209_091147,20260209_091147-0117,1,初回,2021-11-26 15:31:24.773000,114.49000,1.00
2021-11-01,2021-11-30,20260209_091147,20260209_091147-0118,1,初回,2021-11-26 16:47:51.996000,114.18500,1.00
2021-11-01,2021-11-30,20260209_091147,20260209_091147-0119,1,初回,2021-11-26 16:47:53.116000,114.17900,1.00
2021-11-01,2021-11-30,20260209_091147,20260209_091147-0120,1,初回,2021-11-26 17:19:17.481000,113.94500,1.00
2021-11-01,2021-11-30,20260209_091147,20260209_091147-0121,1,初回,2021-11-26 17:23:58.412000,113.69100,1.00
2021-11-01,2021-11-30,20260209_091147,20260209_091147-0122,1,初回,2021-11-26 23:47:30.099000,113.56300,1.00
2021-11-01,2021-11-30,20260209_091147,20260209_091147-0123,1,初回,2021-11-27 00:52:41.727000,113.22300,1.00
2021-11-01,2021-11-30,20260209_091147,20260209_091147-0124,1,初回,2021-11-27 00:57:42.286000,113.09200,1.00
2021-11-01,2021-11-30,20260209_091147,20260209_091147-0125,1,初回,2021-11-29 11:59:22.508000,113.47100,1.00
2021-11-01,2021-11-30,20260209_091147,20260209_091147-0126,1,初回,2021-11-29 14:27:48.675000,113.42700,1.00
2021-11-01,2021-11-30,20260209_091147,20260209_091147-0127,1,初回,2021-11-29 14:44:43.771000,113.28100,1.00
2021-11-01,2021-11-30,20260209_091147,20260209_091147-0128,1,初回,2021-11-29 15:18:44.612000,113.02500,1.00
2021-11-01,2021-11-30,20260209_091147,20260209_091147-0129,1,初回,2021-11-29 22:04:17.866000,113.71700,1.00
2021-11-01,2021-11-30,20260209_091147,20260209_091147-0130,1,初回,2021-11-29 22:57:59.891000,113.76400,1.00
2021-11-01,2021-11-30,20260209_091147,20260209_091147-0131,1,初回,2021-11-29 23:13:55.510000,113.84800,1.00
2021-11-01,2021-11-30,20260209_091147,20260209_091147-0132,1,初回,2021-11-29 23:13:57.156000,113.84700,1.00
2021-11-01,2021-11-30,20260209_091147,20260209_091147-0133,1,初回,2021-11-29 23:14:14.048000,113.91600,1.00
2021-11-01,2021-11-30,20260209_091147,20260209_091147-0134,1,初回,2021-11-30 00:00:11.164000,113.92500,1.00
2021-11-01,2021-11-30,20260209_091147,20260209_091147-0135,1,初回,2021-11-30 14:08:33.953000,113.44600,1.00
2021-11-01,2021-11-30,20260209_091147,20260209_091147-0136,1,初回,2021-11-30 14:24:43.455000,113.07100,1.00
2021-11-01,2021-11-30,20260209_091147,20260209_091147-0137,1,初回,2021-11-30 15:54:08.654000,112.98900,1.00
2021-11-01,2021-11-30,20260209_091147,20260209_091147-0138,1,初回,2021-11-30 17:40:23.226000,112.89600,1.00
2021-11-01,2021-11-30,20260209_091147,20260209_091147-0139,1,初回,2021-11-30 18:06:34.607000,112.81400,1.00
2021-11-01,2021-11-30,20260209_091147,20260209_091147-0140,1,初回,2021-11-30 18:30:09.979000,112.71000,1.00
2021-11-01,2021-11-30,20260209_091147,20260209_091147-0141,1,初回,2021-11-30 23:46:05.222000,112.56800,1.00
2021-12-01,2021-12-31,20260209_091223,20260209_091223-0001,1,初回,2021-12-08 01:49:03.495000,113.56500,1.00
2021-12-01,2021-12-31,20260209_091223,20260209_091223-0002,1,初回,2021-12-08 16:27:55.605000,113.39600,1.00
2021-12-01,2021-12-31,20260209_091223,20260209_091223-0003,1,初回,2021-12-08 16:28:08.256000,113.36400,1.00
2021-12-01,2021-12-31,20260209_091223,20260209_091223-0004,1,初回,2021-12-08 20:02:01.980000,113.35000,1.00
2021-12-01,2021-12-31,20260209_091223,20260209_091223-0005,1,初回,2021-12-08 20:48:02.155000,113.71700,1.00
2021-12-01,2021-12-31,20260209_091223,20260209_091223-0006,1,初回,2021-12-08 20:48:51.690000,113.74800,1.00
2021-12-01,2021-12-31,20260209_091223,20260209_091223-0007,1,初回,2021-12-08 20:48:52.399000,113.77100,1.00
2021-12-01,2021-12-31,20260209_091223,20260209_091223-0008,1,初回,2021-12-08 21:22:55.345000,113.82200,1.00
2021-12-01,2021-12-31,20260209_091223,20260209_091223-0009,1,初回,2021-12-08 22:53:58.760000,113.89800,1.00
2021-12-01,2021-12-31,20260209_091223,20260209_091223-0010,1,初回,2021-12-08 23:29:03.712000,113.92400,1.00
2021-12-01,2021-12-31,20260209_091223,20260209_091223-0011,1,初回,2021-12-09 17:09:23.939000,113.38700,1.00
2021-12-01,2021-12-31,20260209_091223,20260209_091223-0012,1,初回,2021-12-09 22:24:06.157000,113.34900,1.00
2021-12-01,2021-12-31,20260209_091223,20260209_091223-0013,1,初回,2021-12-09 22:24:09.140000,113.30900,1.00
2021-12-01,2021-12-31,20260209_091223,20260209_091223-0014,1,初回,2021-12-10 03:05:40.729000,113.62200,1.00
2021-12-01,2021-12-31,20260209_091223,20260209_091223-0015,1,初回,2021-12-10 17:52:11.821000,113.66600,1.00
2021-12-01,2021-12-31,20260209_091223,20260209_091223-0016,1,初回,2021-12-10 19:47:26.488000,113.71300,1.00
2021-12-01,2021-12-31,20260209_091223,20260209_091223-0017,1,初回,2021-12-10 20:16:55.341000,113.76200,1.00
2021-12-01,2021-12-31,20260209_091223,20260209_091223-0018,1,初回,2021-12-10 23:54:14.789000,113.37000,1.00
2021-12-01,2021-12-31,20260209_091223,20260209_091223-0019,1,初回,2021-12-11 00:02:05.665000,113.32600,1.00
2021-12-01,2021-12-31,20260209_091223,20260209_091223-0020,1,初回,2021-12-11 01:13:44.765000,113.26000,1.00
2021-12-01,2021-12-31,20260209_091223,20260209_091223-0021,1,初回,2021-12-13 17:35:26.004000,113.64300,1.00
2021-12-01,2021-12-31,20260209_091223,20260209_091223-0022,1,初回,2021-12-13 18:17:20.201000,113.69800,1.00
2021-12-01,2021-12-31,20260209_091223,20260209_091223-0023,1,初回,2021-12-14 00:25:49.703000,113.48300,1.00
2021-12-01,2021-12-31,20260209_091223,20260209_091223-0024,1,初回,2021-12-14 01:52:55.512000,113.40300,1.00
2021-12-01,2021-12-31,20260209_091223,20260209_091223-0025,1,初回,2021-12-14 17:00:02.889000,113.72400,1.00
2021-12-01,2021-12-31,20260209_091223,20260209_091223-0026,1,初回,2021-12-14 16:47:09.985000,113.71700,1.00
2021-12-01,2021-12-31,20260209_091223,20260209_091223-0027,1,初回,2021-12-14 20:41:40.598000,113.50700,1.00
2021-12-01,2021-12-31,20260209_091223,20260209_091223-0028,1,初回,2021-12-14 22:35:50.965000,113.46700,1.00
2021-12-01,2021-12-31,20260209_091223,20260209_091223-0029,1,初回,2021-12-15 00:21:30.489000,113.72400,1.00
2021-12-01,2021-12-31,20260209_091223,20260209_091223-0030,1,初回,2021-12-15 19:23:11.044000,113.76900,1.00
2021-12-01,2021-12-31,20260209_091223,20260209_091223-0031,1,初回,2021-12-15 19:49:52.055000,113.79900,1.00
2021-12-01,2021-12-31,20260209_091223,20260209_091223-0032,1,初回,2021-12-15 20:25:50.630000,113.80900,1.00
2021-12-01,2021-12-31,20260209_091223,20260209_091223-0033,1,初回,2021-12-15 21:45:58.578000,113.85200,1.00
2021-12-01,2021-12-31,20260209_091223,20260209_091223-0034,1,初回,2021-12-15 22:00:25.280000,113.86600,1.00
2021-12-01,2021-12-31,20260209_091223,20260209_091223-0035,1,初回,2021-12-16 03:03:31.461000,113.92400,1.00
2021-12-01,2021-12-31,20260209_091223,20260209_091223-0036,1,初回,2021-12-16 03:10:15.382000,113.95700,1.00
2021-12-01,2021-12-31,20260209_091223,20260209_091223-0037,1,初回,2021-12-16 04:32:18.175000,114.24300,1.00
2021-12-01,2021-12-31,20260209_091223,20260209_091223-0038,1,初回,2021-12-16 23:43:12.457000,113.76100,1.00
2021-12-01,2021-12-31,20260209_091223,20260209_091223-0039,1,初回,2021-12-16 23:56:00.013000,113.69200,1.00
2021-12-01,2021-12-31,20260209_091223,20260209_091223-0040,1,初回,2021-12-17 00:05:21.264000,113.58000,1.00
2021-12-01,2021-12-31,20260209_091223,20260209_091223-0041,1,初回,2021-12-17 00:05:20.352000,113.59600,1.00
2021-12-01,2021-12-31,20260209_091223,20260209_091223-0042,1,初回,2021-12-17 12:58:04.635000,113.50800,1.00
2021-12-01,2021-12-31,20260209_091223,20260209_091223-0043,1,初回,2021-12-17 13:04:06.719000,113.48100,1.00
2021-12-01,2021-12-31,20260209_091223,20260209_091223-0044,1,初回,2021-12-17 20:47:16.204000,113.45700,1.00
2021-12-01,2021-12-31,20260209_091223,20260209_091223-0045,1,初回,2021-12-17 21:50:37.972000,113.24100,1.00
2021-12-01,2021-12-31,20260209_091223,20260209_091223-0046,1,初回,2021-12-17 22:08:44.686000,113.17500,1.00
2021-12-01,2021-12-31,20260209_091223,20260209_091223-0047,1,初回,2021-12-20 18:06:17.633000,113.38000,1.00
2021-12-01,2021-12-31,20260209_091223,20260209_091223-0048,1,初回,2021-12-21 01:04:03.322000,113.36500,1.00
2021-12-01,2021-12-31,20260209_091223,20260209_091223-0049,1,初回,2021-12-21 04:01:37.608000,113.66100,1.00
2021-12-01,2021-12-31,20260209_091223,20260209_091223-0050,1,初回,2021-12-21 04:55:45.809000,113.68700,1.00
2021-12-01,2021-12-31,20260209_091223,20260209_091223-0051,1,初回,2021-12-21 11:21:56.357000,113.70100,1.00
2021-12-01,2021-12-31,20260209_091223,20260209_091223-0052,1,初回,2021-12-21 15:03:07.118000,113.74600,1.00
2021-12-01,2021-12-31,20260209_091223,20260209_091223-0053,1,初回,2021-12-21 14:51:13.508000,113.73800,1.00
2021-12-01,2021-12-31,20260209_091223,20260209_091223-0054,1,初回,2021-12-21 23:20:15.371000,113.82700,1.00
2021-12-01,2021-12-31,20260209_091223,20260209_091223-0055,1,初回,2021-12-21 23:30:06.247000,113.86500,1.00
2021-12-01,2021-12-31,20260209_091223,20260209_091223-0056,1,初回,2021-12-22 00:56:22.065000,114.06200,1.00
2021-12-01,2021-12-31,20260209_091223,20260209_091223-0057,1,初回,2021-12-22 01:10:06.287000,114.14200,1.00
2021-12-01,2021-12-31,20260209_091223,20260209_091223-0058,1,初回,2021-12-22 02:56:21.788000,114.21800,1.00
2021-12-01,2021-12-31,20260209_091223,20260209_091223-0059,1,初回,2021-12-22 02:32:52.328000,114.18900,1.00
2021-12-01,2021-12-31,20260209_091223,20260209_091223-0060,1,初回,2021-12-22 17:27:13.434000,114.29200,1.00
2021-12-01,2021-12-31,20260209_091223,20260209_091223-0061,1,初回,2021-12-22 19:01:36.042000,114.30400,1.00
2021-12-01,2021-12-31,20260209_091223,20260209_091223-0062,1,初回,2021-12-23 00:14:13.913000,114.30400,1.00
2021-12-01,2021-12-31,20260209_091223,20260209_091223-0063,1,初回,2021-12-23 00:35:56.889000,114.34100,1.00
2021-12-01,2021-12-31,20260209_091223,20260209_091223-0064,1,初回,2021-12-23 21:16:53.640000,114.36500,1.00
2021-12-01,2021-12-31,20260209_091223,20260209_091223-0065,1,初回,2021-12-23 22:00:33.625000,114.38200,1.00
2021-12-01,2021-12-31,20260209_091223,20260209_091223-0066,1,初回,2021-12-23 23:35:31.224000,114.40400,1.00
2021-12-01,2021-12-31,20260209_091223,20260209_091223-0067,1,初回,2021-12-24 00:38:25.423000,114.41900,1.00
2021-12-01,2021-12-31,20260209_091223,20260209_091223-0068,1,初回,2021-12-27 17:41:46.495000,114.62100,1.00
2021-12-01,2021-12-31,20260209_091223,20260209_091223-0069,1,初回,2021-12-27 18:18:02.761000,114.66700,1.00
2021-12-01,2021-12-31,20260209_091223,20260209_091223-0070,1,初回,2021-12-28 00:39:41.831000,114.86500,1.00
2021-12-01,2021-12-31,20260209_091223,20260209_091223-0071,1,初回,2021-12-28 01:00:24.437000,114.88300,1.00
2021-12-01,2021-12-31,20260209_091223,20260209_091223-0072,1,初回,2021-12-28 02:07:13.281000,114.88300,1.00
2021-12-01,2021-12-31,20260209_091223,20260209_091223-0073,1,初回,2021-12-29 01:01:42.661000,114.74400,1.00
2021-12-01,2021-12-31,20260209_091223,20260209_091223-0074,1,初回,2021-12-29 15:15:12.440000,114.89500,1.00
2021-12-01,2021-12-31,20260209_091223,20260209_091223-0075,1,初回,2021-12-29 15:51:01.766000,114.91900,1.00
2021-12-01,2021-12-31,20260209_091223,20260209_091223-0076,1,初回,2021-12-29 15:55:38.032000,114.91900,1.00
2021-12-01,2021-12-31,20260209_091223,20260209_091223-0077,1,初回,2021-12-29 17:16:58.925000,114.96300,1.00
2021-12-01,2021-12-31,20260209_091223,20260209_091223-0078,1,初回,2021-12-29 18:08:54.561000,114.97700,1.00
2021-12-01,2021-12-31,20260209_091223,20260209_091223-0079,1,初回,2021-12-29 23:24:50.899000,114.78400,1.00
2021-12-01,2021-12-31,20260209_091223,20260209_091223-0080,1,初回,2021-12-29 23:27:05.091000,114.75000,1.00
2021-12-01,2021-12-31,20260209_091223,20260209_091223-0081,1,初回,2021-12-30 00:16:11.603000,114.70400,1.00
2021-12-01,2021-12-31,20260209_091223,20260209_091223-0082,1,初回,2021-12-30 14:57:16.048000,115.09900,1.00
2021-12-01,2021-12-31,20260209_091223,20260209_091223-0083,1,初回,2021-12-30 15:57:45.382000,115.17900,1.00
2021-12-01,2021-12-31,20260209_091223,20260209_091223-0084,1,初回,2021-12-30 16:28:18.938000,115.17700,1.00
2021-12-01,2021-12-31,20260209_091223,20260209_091223-0085,1,初回,2021-12-31 18:18:46.982000,115.04400,1.00
2016-01-01,2016-01-31,20260209_091421,20260209_091421-0001,1,初回,2016-01-04 11:00:10.510000,120.04500,1.00
2016-01-01,2016-01-31,20260209_091421,20260209_091421-0002,1,初回,2016-01-04 12:43:55.319000,119.68600,1.00
2016-01-01,2016-01-31,20260209_091421,20260209_091421-0003,1,初回,2016-01-04 11:36:56.272000,119.67900,1.00
2016-01-01,2016-01-31,20260209_091421,20260209_091421-0004,1,初回,2016-01-04 13:29:22.061000,119.51200,1.00
2016-01-01,2016-01-31,20260209_091421,20260209_091421-0005,1,初回,2016-01-04 14:47:18.048000,119.27900,1.00
2016-01-01,2016-01-31,20260209_091421,20260209_091421-0006,1,初回,2016-01-04 16:51:36.183000,118.93300,1.00
2016-01-01,2016-01-31,20260209_091421,20260209_091421-0007,1,初回,2016-01-04 17:17:05.925000,118.74200,1.00
2016-01-01,2016-01-31,20260209_091421,20260209_091421-0008,1,初回,2016-01-05 18:17:40.839000,119.04100,1.00
2016-01-01,2016-01-31,20260209_091421,20260209_091421-0009,1,初回,2016-01-05 18:20:58.464000,119.00000,1.00
2016-01-01,2016-01-31,20260209_091421,20260209_091421-0010,1,初回,2016-01-05 19:09:28.610000,118.86800,1.00
2016-01-01,2016-01-31,20260209_091421,20260209_091421-0011,1,初回,2016-01-05 21:20:04.341000,118.83300,1.00
2016-01-01,2016-01-31,20260209_091421,20260209_091421-0012,1,初回,2016-01-06 00:52:45.265000,119.24500,1.00
2016-01-01,2016-01-31,20260209_091421,20260209_091421-0013,1,初回,2016-01-06 02:15:11.557000,118.87700,1.00
2016-01-01,2016-01-31,20260209_091421,20260209_091421-0014,1,初回,2016-01-06 12:35:10.779000,118.39400,1.00
2016-01-01,2016-01-31,20260209_091421,20260209_091421-0015,1,初回,2016-01-06 18:54:08.561000,118.42200,1.00
2016-01-01,2016-01-31,20260209_091421,20260209_091421-0016,1,初回,2016-01-06 19:26:21.793000,118.37800,1.00
2016-01-01,2016-01-31,20260209_091421,20260209_091421-0017,1,初回,2016-01-06 20:04:58.688000,118.29000,1.00
2016-01-01,2016-01-31,20260209_091421,20260209_091421-0018,1,初回,2016-01-07 17:42:55.492000,117.70000,1.00
2016-01-01,2016-01-31,20260209_091421,20260209_091421-0019,1,初回,2016-01-07 17:43:01.850000,117.69900,1.00
2016-01-01,2016-01-31,20260209_091421,20260209_091421-0020,1,初回,2016-01-07 17:55:02.855000,117.54800,1.00
2016-01-01,2016-01-31,20260209_091421,20260209_091421-0021,1,初回,2016-01-07 18:18:55.406000,117.36800,1.00
2016-01-01,2016-01-31,20260209_091421,20260209_091421-0022,1,初回,2016-01-08 00:55:56.637000,118.21000,1.00
2016-01-01,2016-01-31,20260209_091421,20260209_091421-0023,1,初回,2016-01-08 00:56:31.955000,118.25200,1.00
2016-01-01,2016-01-31,20260209_091421,20260209_091421-0024,1,初回,2016-01-08 12:28:26.985000,118.32600,1.00
2016-01-01,2016-01-31,20260209_091421,20260209_091421-0025,1,初回,2016-01-08 13:56:55.576000,118.33900,1.00
2016-01-01,2016-01-31,20260209_091421,20260209_091421-0026,1,初回,2016-01-08 14:00:57.304000,118.40100,1.00
2016-01-01,2016-01-31,20260209_091421,20260209_091421-0027,1,初回,2016-01-08 15:44:11.926000,118.53200,1.00
2016-01-01,2016-01-31,20260209_091421,20260209_091421-0028,1,初回,2016-01-08 22:30:02.178000,118.69200,1.00
2016-01-01,2016-01-31,20260209_091421,20260209_091421-0029,1,初回,2016-01-08 22:30:02.384000,118.74700,1.00
2016-01-01,2016-01-31,20260209_091421,20260209_091421-0030,1,初回,2016-01-08 22:30:05.752000,118.80600,1.00
2016-01-01,2016-01-31,20260209_091421,20260209_091421-0031,1,初回,2016-01-08 22:30:05.051000,118.79200,1.00
2016-01-01,2016-01-31,20260209_091421,20260209_091421-0032,1,初回,2016-01-08 23:05:07.940000,118.19300,1.00
2016-01-01,2016-01-31,20260209_091421,20260209_091421-0033,1,初回,2016-01-08 23:07:42.151000,117.96500,1.00
2016-01-01,2016-01-31,20260209_091421,20260209_091421-0034,1,初回,2016-01-09 00:59:11.651000,117.72100,1.00
2016-01-01,2016-01-31,20260209_091421,20260209_091421-0035,1,初回,2016-01-09 01:32:17.328000,117.52900,1.00
2016-01-01,2016-01-31,20260209_091421,20260209_091421-0036,1,初回,2016-01-09 01:35:42.914000,117.47200,1.00
2016-01-01,2016-01-31,20260209_091421,20260209_091421-0037,1,初回,2016-01-09 01:35:09.035000,117.48900,1.00
2016-01-01,2016-01-31,20260209_091421,20260209_091421-0038,1,初回,2016-01-11 13:16:45.494000,117.41500,1.00
2016-01-01,2016-01-31,20260209_091421,20260209_091421-0039,1,初回,2016-01-11 12:55:36.198000,117.40700,1.00
2016-01-01,2016-01-31,20260209_091421,20260209_091421-0040,1,初回,2016-01-11 17:57:39.767000,117.92000,1.00
2016-01-01,2016-01-31,20260209_091421,20260209_091421-0041,1,初回,2016-01-11 17:57:36.767000,117.89400,1.00
2016-01-01,2016-01-31,20260209_091421,20260209_091421-0042,1,初回,2016-01-11 22:37:50.746000,117.99600,1.00
2016-01-01,2016-01-31,20260209_091421,20260209_091421-0043,1,初回,2016-01-12 02:26:59.312000,117.29700,1.00
2016-01-01,2016-01-31,20260209_091421,20260209_091421-0044,1,初回,2016-01-12 03:35:49.643000,117.23200,1.00
2016-01-01,2016-01-31,20260209_091421,20260209_091421-0045,1,初回,2016-01-12 11:43:06.489000,117.52000,1.00
2016-01-01,2016-01-31,20260209_091421,20260209_091421-0046,1,初回,2016-01-12 12:45:58.347000,117.45800,1.00
2016-01-01,2016-01-31,20260209_091421,20260209_091421-0047,1,初回,2016-01-12 14:24:25.097000,117.45400,1.00
2016-01-01,2016-01-31,20260209_091421,20260209_091421-0048,1,初回,2016-01-12 15:44:12.465000,117.26000,1.00
2016-01-01,2016-01-31,20260209_091421,20260209_091421-0049,1,初回,2016-01-12 21:46:26.160000,117.86700,1.00
2016-01-01,2016-01-31,20260209_091421,20260209_091421-0050,1,初回,2016-01-12 22:03:18.345000,117.95600,1.00
2016-01-01,2016-01-31,20260209_091421,20260209_091421-0051,1,初回,2016-01-12 23:27:36.612000,117.67900,1.00
2016-01-01,2016-01-31,20260209_091421,20260209_091421-0052,1,初回,2016-01-13 00:55:25.487000,118.00300,1.00
2016-01-01,2016-01-31,20260209_091421,20260209_091421-0053,1,初回,2016-01-13 00:55:59.200000,118.05400,1.00
2016-01-01,2016-01-31,20260209_091421,20260209_091421-0054,1,初回,2016-01-13 01:34:00.943000,117.72100,1.00
2016-01-01,2016-01-31,20260209_091421,20260209_091421-0055,1,初回,2016-01-13 02:35:33.050000,117.65600,1.00
2016-01-01,2016-01-31,20260209_091421,20260209_091421-0056,1,初回,2016-01-13 03:59:08.808000,117.56400,1.00
2016-01-01,2016-01-31,20260209_091421,20260209_091421-0057,1,初回,2016-01-13 04:05:01.788000,117.42200,1.00
2016-01-01,2016-01-31,20260209_091421,20260209_091421-0058,1,初回,2016-01-13 11:00:08.215000,118.15000,1.00
2016-01-01,2016-01-31,20260209_091421,20260209_091421-0059,1,初回,2016-01-13 11:07:21.646000,118.32700,1.00
2016-01-01,2016-01-31,20260209_091421,20260209_091421-0060,1,初回,2016-01-13 18:26:29.645000,118.34900,1.00
2016-01-01,2016-01-31,20260209_091421,20260209_091421-0061,1,初回,2016-01-13 17:13:08.107000,118.34200,1.00
2016-01-01,2016-01-31,20260209_091421,20260209_091421-0062,1,初回,2016-01-14 03:43:56.991000,117.84600,1.00
2016-01-01,2016-01-31,20260209_091421,20260209_091421-0063,1,初回,2016-01-14 04:43:37.605000,117.72800,1.00
2016-01-01,2016-01-31,20260209_091421,20260209_091421-0064,1,初回,2016-01-14 12:13:08.847000,117.57000,1.00
2016-01-01,2016-01-31,20260209_091421,20260209_091421-0065,1,初回,2016-01-14 12:15:14.687000,117.59500,1.00
2016-01-01,2016-01-31,20260209_091421,20260209_091421-0066,1,初回,2016-01-14 13:36:06.760000,117.32600,1.00
2016-01-01,2016-01-31,20260209_091421,20260209_091421-0067,1,初回,2016-01-14 13:36:09.662000,117.33800,1.00
2016-01-01,2016-01-31,20260209_091421,20260209_091421-0068,1,初回,2016-01-14 13:36:05.165000,117.34100,1.00
2016-01-01,2016-01-31,20260209_091421,20260209_091421-0069,1,初回,2016-01-14 14:58:05.432000,117.67100,1.00
2016-01-01,2016-01-31,20260209_091421,20260209_091421-0070,1,初回,2016-01-14 15:49:25.374000,117.89300,1.00
2016-01-01,2016-01-31,20260209_091421,20260209_091421-0071,1,初回,2016-01-14 16:32:22.345000,118.14900,1.00
2016-01-01,2016-01-31,20260209_091421,20260209_091421-0072,1,初回,2016-01-15 00:51:11.087000,118.14800,1.00
2016-01-01,2016-01-31,20260209_091421,20260209_091421-0073,1,初回,2016-01-15 02:40:59.470000,118.22400,1.00
2016-01-01,2016-01-31,20260209_091421,20260209_091421-0074,1,初回,2016-01-15 03:21:40.640000,118.25000,1.00
2016-01-01,2016-01-31,20260209_091421,20260209_091421-0075,1,初回,2016-01-15 17:57:05.807000,117.47400,1.00
2016-01-01,2016-01-31,20260209_091421,20260209_091421-0076,1,初回,2016-01-15 17:59:04.245000,117.35100,1.00
2016-01-01,2016-01-31,20260209_091421,20260209_091421-0077,1,初回,2016-01-15 18:16:15.259000,117.27100,1.00
2016-01-01,2016-01-31,20260209_091421,20260209_091421-0078,1,初回,2016-01-15 22:18:41.320000,117.00900,1.00
2016-01-01,2016-01-31,20260209_091421,20260209_091421-0079,1,初回,2016-01-15 22:31:32.169000,116.73500,1.00
2016-01-01,2016-01-31,20260209_091421,20260209_091421-0080,1,初回,2016-01-15 22:39:09.403000,116.63800,1.00
2016-01-01,2016-01-31,20260209_091421,20260209_091421-0081,1,初回,2016-01-16 02:33:02.272000,116.54800,1.00
2016-01-01,2016-01-31,20260209_091421,20260209_091421-0082,1,初回,2016-01-18 12:46:34.778000,117.33200,1.00
2016-01-01,2016-01-31,20260209_091421,20260209_091421-0083,1,初回,2016-01-18 12:46:23.309000,117.33000,1.00
2016-01-01,2016-01-31,20260209_091421,20260209_091421-0084,1,初回,2016-01-18 17:29:02.474000,117.40900,1.00
2016-01-01,2016-01-31,20260209_091421,20260209_091421-0085,1,初回,2016-01-19 11:02:36.720000,117.63700,1.00
2016-01-01,2016-01-31,20260209_091421,20260209_091421-0086,1,初回,2016-01-19 11:03:05.845000,117.67500,1.00
2016-01-01,2016-01-31,20260209_091421,20260209_091421-0087,1,初回,2016-01-19 11:29:23.861000,117.27200,1.00
2016-01-01,2016-01-31,20260209_091421,20260209_091421-0088,1,初回,2016-01-19 13:17:42.523000,117.67500,1.00
2016-01-01,2016-01-31,20260209_091421,20260209_091421-0089,1,初回,2016-01-19 14:35:37.759000,117.81400,1.00
2016-01-01,2016-01-31,20260209_091421,20260209_091421-0090,1,初回,2016-01-19 15:54:11.179000,117.87600,1.00
2016-01-01,2016-01-31,20260209_091421,20260209_091421-0091,1,初回,2016-01-19 16:07:02.014000,117.96900,1.00
2016-01-01,2016-01-31,20260209_091421,20260209_091421-0092,1,初回,2016-01-19 19:08:07.526000,117.99900,1.00
2016-01-01,2016-01-31,20260209_091421,20260209_091421-0093,1,初回,2016-01-19 20:34:21.731000,118.08500,1.00
2016-01-01,2016-01-31,20260209_091421,20260209_091421-0094,1,初回,2016-01-20 00:32:25.357000,117.90900,1.00
2016-01-01,2016-01-31,20260209_091421,20260209_091421-0095,1,初回,2016-01-20 04:13:11.662000,117.34900,1.00
2016-01-01,2016-01-31,20260209_091421,20260209_091421-0096,1,初回,2016-01-20 11:01:04.641000,117.19800,1.00
2016-01-01,2016-01-31,20260209_091421,20260209_091421-0097,1,初回,2016-01-20 12:50:31.620000,116.96800,1.00
2016-01-01,2016-01-31,20260209_091421,20260209_091421-0098,1,初回,2016-01-20 13:18:30.157000,116.92400,1.00
2016-01-01,2016-01-31,20260209_091421,20260209_091421-0099,1,初回,2016-01-20 13:18:43.249000,116.90000,1.00
2016-01-01,2016-01-31,20260209_091421,20260209_091421-0100,1,初回,2016-01-20 14:41:48.653000,116.81800,1.00
2016-01-01,2016-01-31,20260209_091421,20260209_091421-0101,1,初回,2016-01-20 15:11:08.273000,116.64400,1.00
2016-01-01,2016-01-31,20260209_091421,20260209_091421-0102,1,初回,2016-01-20 16:09:28.334000,116.45500,1.00
2016-01-01,2016-01-31,20260209_091421,20260209_091421-0103,1,初回,2016-01-20 17:46:45.942000,116.05900,1.00
2016-01-01,2016-01-31,20260209_091421,20260209_091421-0104,1,初回,2016-01-20 18:02:17.257000,116.01400,1.00
2016-01-01,2016-01-31,20260209_091421,20260209_091421-0105,1,初回,2016-01-20 18:41:37.096000,116.94600,1.00
2016-01-01,2016-01-31,20260209_091421,20260209_091421-0106,1,初回,2016-01-21 15:25:23.748000,116.65800,1.00
2016-01-01,2016-01-31,20260209_091421,20260209_091421-0107,1,初回,2016-01-21 16:40:25.439000,116.51000,1.00
2016-01-01,2016-01-31,20260209_091421,20260209_091421-0108,1,初回,2016-01-21 17:19:57.296000,117.13800,1.00
2016-01-01,2016-01-31,20260209_091421,20260209_091421-0109,1,初回,2016-01-21 19:16:52.359000,117.06000,1.00
2016-01-01,2016-01-31,20260209_091421,20260209_091421-0110,1,初回,2016-01-21 21:15:46.632000,116.76800,1.00
2016-01-01,2016-01-31,20260209_091421,20260209_091421-0111,1,初回,2016-01-21 21:18:15.557000,116.74900,1.00
2016-01-01,2016-01-31,20260209_091421,20260209_091421-0112,1,初回,2016-01-21 22:37:10.658000,117.41100,1.00
2016-01-01,2016-01-31,20260209_091421,20260209_091421-0113,1,初回,2016-01-22 00:48:18.754000,117.44600,1.00
2016-01-01,2016-01-31,20260209_091421,20260209_091421-0114,1,初回,2016-01-22 00:44:19.002000,117.41700,1.00
2016-01-01,2016-01-31,20260209_091421,20260209_091421-0115,1,初回,2016-01-22 01:19:43.685000,117.65100,1.00
2016-01-01,2016-01-31,20260209_091421,20260209_091421-0116,1,初回,2016-01-22 01:21:19.485000,117.73600,1.00
2016-01-01,2016-01-31,20260209_091421,20260209_091421-0117,1,初回,2016-01-22 02:01:45.375000,117.72000,1.00
2016-01-01,2016-01-31,20260209_091421,20260209_091421-0118,1,初回,2016-01-22 03:07:40.137000,117.74900,1.00
2016-01-01,2016-01-31,20260209_091421,20260209_091421-0119,1,初回,2016-01-22 11:40:55.626000,117.91800,1.00
2016-01-01,2016-01-31,20260209_091421,20260209_091421-0120,1,初回,2016-01-22 14:55:08.774000,118.10900,1.00
2016-01-01,2016-01-31,20260209_091421,20260209_091421-0121,1,初回,2016-01-22 16:30:56.484000,118.15600,1.00
2016-01-01,2016-01-31,20260209_091421,20260209_091421-0122,1,初回,2016-01-22 17:56:10.886000,118.23200,1.00
2016-01-01,2016-01-31,20260209_091421,20260209_091421-0123,1,初回,2016-01-22 17:57:37.237000,118.27100,1.00
2016-01-01,2016-01-31,20260209_091421,20260209_091421-0124,1,初回,2016-01-22 18:00:00.291000,118.28600,1.00
2016-01-01,2016-01-31,20260209_091421,20260209_091421-0125,1,初回,2016-01-22 22:53:55.398000,118.00400,1.00
2016-01-01,2016-01-31,20260209_091421,20260209_091421-0126,1,初回,2016-01-22 22:56:18.452000,117.89200,1.00
2016-01-01,2016-01-31,20260209_091421,20260209_091421-0127,1,初回,2016-01-22 23:22:08.797000,118.32300,1.00
2016-01-01,2016-01-31,20260209_091421,20260209_091421-0128,1,初回,2016-01-22 23:22:33.149000,118.40500,1.00
2016-01-01,2016-01-31,20260209_091421,20260209_091421-0129,1,初回,2016-01-23 00:16:03.368000,118.61500,1.00
2016-01-01,2016-01-31,20260209_091421,20260209_091421-0130,1,初回,2016-01-23 03:50:14.441000,118.73600,1.00
2016-01-01,2016-01-31,20260209_091421,20260209_091421-0131,1,初回,2016-01-23 04:02:08.054000,118.77700,1.00
2016-01-01,2016-01-31,20260209_091421,20260209_091421-0132,1,初回,2016-01-23 04:13:29.268000,118.80000,1.00
2016-01-01,2016-01-31,20260209_091421,20260209_091421-0133,1,初回,2016-01-25 11:18:02.800000,118.84800,1.00
2016-01-01,2016-01-31,20260209_091421,20260209_091421-0134,1,初回,2016-01-25 17:13:20.043000,118.38600,1.00
2016-01-01,2016-01-31,20260209_091421,20260209_091421-0135,1,初回,2016-01-25 17:24:40.935000,118.30200,1.00
2016-01-01,2016-01-31,20260209_091421,20260209_091421-0136,1,初回,2016-01-25 18:03:30.933000,118.21000,1.00
2016-01-01,2016-01-31,20260209_091421,20260209_091421-0137,1,初回,2016-01-26 13:58:46.463000,118.05500,1.00
2016-01-01,2016-01-31,20260209_091421,20260209_091421-0138,1,初回,2016-01-26 13:58:49.340000,118.04700,1.00
2016-01-01,2016-01-31,20260209_091421,20260209_091421-0139,1,初回,2016-01-26 14:06:05.017000,118.00200,1.00
2016-01-01,2016-01-31,20260209_091421,20260209_091421-0140,1,初回,2016-01-26 15:37:34.419000,117.80700,1.00
2016-01-01,2016-01-31,20260209_091421,20260209_091421-0141,1,初回,2016-01-26 16:38:38.846000,117.69300,1.00
2016-01-01,2016-01-31,20260209_091421,20260209_091421-0142,1,初回,2016-01-26 19:30:12.176000,118.32500,1.00
2016-01-01,2016-01-31,20260209_091421,20260209_091421-0143,1,初回,2016-01-26 19:53:31.754000,118.38600,1.00
2016-01-01,2016-01-31,20260209_091421,20260209_091421-0144,1,初回,2016-01-26 20:48:50.284000,118.45600,1.00
2016-01-01,2016-01-31,20260209_091421,20260209_091421-0145,1,初回,2016-01-26 22:40:54.676000,118.49900,1.00
2016-01-01,2016-01-31,20260209_091421,20260209_091421-0146,1,初回,2016-01-26 23:12:55.140000,118.58200,1.00
2016-01-01,2016-01-31,20260209_091421,20260209_091421-0147,1,初回,2016-01-27 02:30:49.585000,118.59100,1.00
2016-01-01,2016-01-31,20260209_091421,20260209_091421-0148,1,初回,2016-01-27 12:39:29.017000,118.05800,1.00
2016-01-01,2016-01-31,20260209_091421,20260209_091421-0149,1,初回,2016-01-27 16:32:50.183000,118.19700,1.00
2016-01-01,2016-01-31,20260209_091421,20260209_091421-0150,1,初回,2016-01-27 17:11:57.085000,118.11300,1.00
2016-01-01,2016-01-31,20260209_091421,20260209_091421-0151,1,初回,2016-01-27 22:25:41.675000,118.44400,1.00
2016-01-01,2016-01-31,20260209_091421,20260209_091421-0152,1,初回,2016-01-27 22:37:57.438000,118.46500,1.00
2016-01-01,2016-01-31,20260209_091421,20260209_091421-0153,1,初回,2016-01-27 23:40:38.084000,118.54500,1.00
2016-01-01,2016-01-31,20260209_091421,20260209_091421-0154,1,初回,2016-01-27 23:45:54.612000,118.55900,1.00
2016-01-01,2016-01-31,20260209_091421,20260209_091421-0155,1,初回,2016-01-28 00:57:48.752000,118.73500,1.00
2016-01-01,2016-01-31,20260209_091421,20260209_091421-0156,1,初回,2016-01-28 01:35:47.378000,118.82700,1.00
2016-01-01,2016-01-31,20260209_091421,20260209_091421-0157,1,初回,2016-01-28 01:46:02.464000,118.90800,1.00
2016-01-01,2016-01-31,20260209_091421,20260209_091421-0158,1,初回,2016-01-28 02:04:19.631000,118.97200,1.00
2016-01-01,2016-01-31,20260209_091421,20260209_091421-0159,1,初回,2016-01-28 04:00:01.386000,118.97600,1.00
2016-01-01,2016-01-31,20260209_091421,20260209_091421-0160,1,初回,2016-01-28 04:01:07.258000,119.03800,1.00
2016-01-01,2016-01-31,20260209_091421,20260209_091421-0161,1,初回,2016-01-28 17:19:13.757000,118.91000,1.00
2016-01-01,2016-01-31,20260209_091421,20260209_091421-0162,1,初回,2016-01-28 17:19:12.644000,118.90500,1.00
2016-01-01,2016-01-31,20260209_091421,20260209_091421-0163,1,初回,2016-01-28 23:18:31.882000,118.96100,1.00
2016-01-01,2016-01-31,20260209_091421,20260209_091421-0164,1,初回,2016-01-29 01:47:04.617000,118.58500,1.00
2016-01-01,2016-01-31,20260209_091421,20260209_091421-0165,1,初回,2016-01-29 11:00:23.878000,118.56100,1.00
2016-01-01,2016-01-31,20260209_091421,20260209_091421-0166,1,初回,2016-01-29 12:21:34.845000,118.96200,1.00
2016-01-01,2016-01-31,20260209_091421,20260209_091421-0167,1,初回,2016-01-29 12:21:37.748000,119.13800,1.00
2016-01-01,2016-01-31,20260209_091421,20260209_091421-0168,1,初回,2016-01-29 12:38:19.314000,118.53200,1.00
2016-01-01,2016-01-31,20260209_091421,20260209_091421-0169,1,初回,2016-01-29 12:38:29.660000,119.66800,1.00
2016-01-01,2016-01-31,20260209_091421,20260209_091421-0170,1,初回,2016-01-29 12:38:31.629000,119.78900,1.00
2016-01-01,2016-01-31,20260209_091421,20260209_091421-0171,1,初回,2016-01-29 12:38:54.227000,120.47900,1.00
2016-01-01,2016-01-31,20260209_091421,20260209_091421-0172,1,初回,2016-01-29 12:42:06.605000,121.38600,1.00
2016-01-01,2016-01-31,20260209_091421,20260209_091421-0173,1,初回,2016-01-29 22:41:09.959000,121.26900,1.00
2016-01-01,2016-01-31,20260209_091421,20260209_091421-0174,1,初回,2016-01-29 23:51:08.800000,121.65800,1.00
2016-01-01,2016-01-31,20260209_091421,20260209_091421-0175,1,初回,2016-01-30 01:00:48.614000,120.96000,1.00
2016-01-01,2016-01-31,20260209_091421,20260209_091421-0176,1,初回,2016-01-30 01:00:42.873000,120.99200,1.00
2016-01-01,2016-01-31,20260209_091421,20260209_091421-0177,1,初回,2016-01-30 03:00:41.757000,120.95600,1.00
2016-02-01,2016-02-29,20260209_091517,20260209_091517-0001,1,初回,2016-02-01 17:03:31.321000,121.14200,1.00
2016-02-01,2016-02-29,20260209_091517,20260209_091517-0002,1,初回,2016-02-01 17:04:58.804000,121.09400,1.00
2016-02-01,2016-02-29,20260209_091517,20260209_091517-0003,1,初回,2016-02-01 23:56:30.095000,120.84300,1.00
2016-02-01,2016-02-29,20260209_091517,20260209_091517-0004,1,初回,2016-02-02 00:02:05.525000,120.71500,1.00
2016-02-01,2016-02-29,20260209_091517,20260209_091517-0005,1,初回,2016-02-02 12:42:16.401000,120.64900,1.00
2016-02-01,2016-02-29,20260209_091517,20260209_091517-0006,1,初回,2016-02-02 13:40:31.340000,120.57000,1.00
2016-02-01,2016-02-29,20260209_091517,20260209_091517-0007,1,初回,2016-02-02 14:26:20.324000,120.39600,1.00
2016-02-01,2016-02-29,20260209_091517,20260209_091517-0008,1,初回,2016-02-02 16:04:36.343000,120.72500,1.00
2016-02-01,2016-02-29,20260209_091517,20260209_091517-0009,1,初回,2016-02-02 17:08:01.237000,120.72900,1.00
2016-02-01,2016-02-29,20260209_091517,20260209_091517-0010,1,初回,2016-02-02 18:32:24.794000,120.72900,1.00
2016-02-01,2016-02-29,20260209_091517,20260209_091517-0011,1,初回,2016-02-02 19:18:14.012000,120.78900,1.00
2016-02-01,2016-02-29,20260209_091517,20260209_091517-0012,1,初回,2016-02-02 20:11:12.195000,120.83200,1.00
2016-02-01,2016-02-29,20260209_091517,20260209_091517-0013,1,初回,2016-02-02 22:54:25.223000,120.55500,1.00
2016-02-01,2016-02-29,20260209_091517,20260209_091517-0014,1,初回,2016-02-02 22:57:17.209000,120.47000,1.00
2016-02-01,2016-02-29,20260209_091517,20260209_091517-0015,1,初回,2016-02-02 23:51:03.164000,120.27300,1.00
2016-02-01,2016-02-29,20260209_091517,20260209_091517-0016,1,初回,2016-02-03 00:26:03.525000,120.19600,1.00
2016-02-01,2016-02-29,20260209_091517,20260209_091517-0017,1,初回,2016-02-03 02:15:45.254000,120.13000,1.00
2016-02-01,2016-02-29,20260209_091517,20260209_091517-0018,1,初回,2016-02-03 03:52:31.544000,120.06400,1.00
2016-02-01,2016-02-29,20260209_091517,20260209_091517-0019,1,初回,2016-02-03 12:21:19.244000,119.50900,1.00
2016-02-01,2016-02-29,20260209_091517,20260209_091517-0020,1,初回,2016-02-03 12:30:50.616000,119.45600,1.00
2016-02-01,2016-02-29,20260209_091517,20260209_091517-0021,1,初回,2016-02-03 16:01:15.305000,119.73500,1.00
2016-02-01,2016-02-29,20260209_091517,20260209_091517-0022,1,初回,2016-02-03 16:48:22.291000,119.93900,1.00
2016-02-01,2016-02-29,20260209_091517,20260209_091517-0023,1,初回,2016-02-03 17:00:51.244000,120.01300,1.00
2016-02-01,2016-02-29,20260209_091517,20260209_091517-0024,1,初回,2016-02-03 19:21:22.234000,119.26900,1.00
2016-02-01,2016-02-29,20260209_091517,20260209_091517-0025,1,初回,2016-02-03 22:24:55.172000,119.07500,1.00
2016-02-01,2016-02-29,20260209_091517,20260209_091517-0026,1,初回,2016-02-03 23:55:23.586000,118.65500,1.00
2016-02-01,2016-02-29,20260209_091517,20260209_091517-0027,1,初回,2016-02-04 00:30:52.980000,117.55200,1.00
2016-02-01,2016-02-29,20260209_091517,20260209_091517-0028,1,初回,2016-02-04 03:56:42.301000,117.09100,1.00
2016-02-01,2016-02-29,20260209_091517,20260209_091517-0029,1,初回,2016-02-04 17:20:06.145000,117.66700,1.00
2016-02-01,2016-02-29,20260209_091517,20260209_091517-0030,1,初回,2016-02-04 18:07:15.282000,117.37700,1.00
2016-02-01,2016-02-29,20260209_091517,20260209_091517-0031,1,初回,2016-02-04 22:48:15.837000,116.89000,1.00
2016-02-01,2016-02-29,20260209_091517,20260209_091517-0032,1,初回,2016-02-05 00:01:47.540000,116.76500,1.00
2016-02-01,2016-02-29,20260209_091517,20260209_091517-0033,1,初回,2016-02-05 01:43:40.150000,116.73600,1.00
2016-02-01,2016-02-29,20260209_091517,20260209_091517-0034,1,初回,2016-02-05 02:01:05.719000,116.70600,1.00
2016-02-01,2016-02-29,20260209_091517,20260209_091517-0035,1,初回,2016-02-05 03:57:44.802000,116.60200,1.00
2016-02-01,2016-02-29,20260209_091517,20260209_091517-0036,1,初回,2016-02-05 04:02:05.561000,116.56600,1.00
2016-02-01,2016-02-29,20260209_091517,20260209_091517-0037,1,初回,2016-02-05 13:12:22.677000,116.56600,1.00
2016-02-01,2016-02-29,20260209_091517,20260209_091517-0038,1,初回,2016-02-05 14:52:03.172000,116.93800,1.00
2016-02-01,2016-02-29,20260209_091517,20260209_091517-0039,1,初回,2016-02-05 18:45:47.692000,116.95000,1.00
2016-02-01,2016-02-29,20260209_091517,20260209_091517-0040,1,初回,2016-02-05 22:30:09.284000,116.32800,1.00
2016-02-01,2016-02-29,20260209_091517,20260209_091517-0041,1,初回,2016-02-05 22:45:51.255000,117.28400,1.00
2016-02-01,2016-02-29,20260209_091517,20260209_091517-0042,1,初回,2016-02-05 23:15:22.179000,117.39900,1.00
2016-02-01,2016-02-29,20260209_091517,20260209_091517-0043,1,初回,2016-02-06 01:23:17.029000,116.91100,1.00
2016-02-01,2016-02-29,20260209_091517,20260209_091517-0044,1,初回,2016-02-06 01:25:20.570000,116.87800,1.00
2016-02-01,2016-02-29,20260209_091517,20260209_091517-0045,1,初回,2016-02-06 03:13:28.084000,116.87800,1.00
2016-02-01,2016-02-29,20260209_091517,20260209_091517-0046,1,初回,2016-02-06 03:13:28.992000,116.87600,1.00
2016-02-01,2016-02-29,20260209_091517,20260209_091517-0047,1,初回,2016-02-08 11:24:49.332000,117.24800,1.00
2016-02-01,2016-02-29,20260209_091517,20260209_091517-0048,1,初回,2016-02-08 12:00:00.575000,117.24900,1.00
2016-02-01,2016-02-29,20260209_091517,20260209_091517-0049,1,初回,2016-02-08 13:40:31.839000,117.32400,1.00
2016-02-01,2016-02-29,20260209_091517,20260209_091517-0050,1,初回,2016-02-08 14:31:07.838000,117.45900,1.00
2016-02-01,2016-02-29,20260209_091517,20260209_091517-0051,1,初回,2016-02-08 15:39:46.058000,117.49500,1.00
2016-02-01,2016-02-29,20260209_091517,20260209_091517-0052,1,初回,2016-02-08 18:55:56.638000,116.84000,1.00
2016-02-01,2016-02-29,20260209_091517,20260209_091517-0053,1,初回,2016-02-08 18:56:46.081000,116.75300,1.00
2016-02-01,2016-02-29,20260209_091517,20260209_091517-0054,1,初回,2016-02-08 19:16:06.461000,116.64400,1.00
2016-02-01,2016-02-29,20260209_091517,20260209_091517-0055,1,初回,2016-02-08 20:22:50.504000,116.59300,1.00
2016-02-01,2016-02-29,20260209_091517,20260209_091517-0056,1,初回,2016-02-08 21:25:05.487000,116.16000,1.00
2016-02-01,2016-02-29,20260209_091517,20260209_091517-0057,1,初回,2016-02-08 23:36:37.895000,115.97400,1.00
2016-02-01,2016-02-29,20260209_091517,20260209_091517-0058,1,初回,2016-02-09 00:57:45.243000,115.59100,1.00
2016-02-01,2016-02-29,20260209_091517,20260209_091517-0059,1,初回,2016-02-09 01:14:11.276000,115.20900,1.00
2016-02-01,2016-02-29,20260209_091517,20260209_091517-0060,1,初回,2016-02-09 11:30:27.050000,114.90300,1.00
2016-02-01,2016-02-29,20260209_091517,20260209_091517-0061,1,初回,2016-02-09 11:40:24.094000,114.47900,1.00
2016-02-01,2016-02-29,20260209_091517,20260209_091517-0062,1,初回,2016-02-09 12:25:33.875000,114.24900,1.00
2016-02-01,2016-02-29,20260209_091517,20260209_091517-0063,1,初回,2016-02-09 20:48:12.004000,114.92800,1.00
2016-02-01,2016-02-29,20260209_091517,20260209_091517-0064,1,初回,2016-02-09 21:52:20.548000,114.76000,1.00
2016-02-01,2016-02-29,20260209_091517,20260209_091517-0065,1,初回,2016-02-09 22:57:27.609000,114.38300,1.00
2016-02-01,2016-02-29,20260209_091517,20260209_091517-0066,1,初回,2016-02-09 23:04:11.508000,114.36100,1.00
2016-02-01,2016-02-29,20260209_091517,20260209_091517-0067,1,初回,2016-02-10 00:03:36.874000,115.35500,1.00
2016-02-01,2016-02-29,20260209_091517,20260209_091517-0068,1,初回,2016-02-10 11:15:04.189000,115.11600,1.00
2016-02-01,2016-02-29,20260209_091517,20260209_091517-0069,1,初回,2016-02-10 13:17:42.549000,114.42500,1.00
2016-02-01,2016-02-29,20260209_091517,20260209_091517-0070,1,初回,2016-02-10 13:21:06.910000,114.34400,1.00
2016-02-01,2016-02-29,20260209_091517,20260209_091517-0071,1,初回,2016-02-10 16:01:53.691000,114.81500,1.00
2016-02-01,2016-02-29,20260209_091517,20260209_091517-0072,1,初回,2016-02-10 16:45:45.324000,115.01200,1.00
2016-02-01,2016-02-29,20260209_091517,20260209_091517-0073,1,初回,2016-02-10 17:18:25.690000,114.52000,1.00
2016-02-01,2016-02-29,20260209_091517,20260209_091517-0074,1,初回,2016-02-10 18:04:40.728000,114.99000,1.00
2016-02-01,2016-02-29,20260209_091517,20260209_091517-0075,1,初回,2016-02-10 19:37:49.296000,115.15600,1.00
2016-02-01,2016-02-29,20260209_091517,20260209_091517-0076,1,初回,2016-02-10 22:11:45.611000,114.88700,1.00
2016-02-01,2016-02-29,20260209_091517,20260209_091517-0077,1,初回,2016-02-10 22:38:30.738000,114.75900,1.00
2016-02-01,2016-02-29,20260209_091517,20260209_091517-0078,1,初回,2016-02-10 22:40:20.793000,114.66400,1.00
2016-02-01,2016-02-29,20260209_091517,20260209_091517-0079,1,初回,2016-02-10 23:35:14.810000,114.56800,1.00
2016-02-01,2016-02-29,20260209_091517,20260209_091517-0080,1,初回,2016-02-11 00:33:13.436000,115.16600,1.00
2016-02-01,2016-02-29,20260209_091517,20260209_091517-0081,1,初回,2016-02-11 00:32:03.616000,115.15800,1.00
2016-02-01,2016-02-29,20260209_091517,20260209_091517-0082,1,初回,2016-02-11 00:59:52.212000,114.44500,1.00
2016-02-01,2016-02-29,20260209_091517,20260209_091517-0083,1,初回,2016-02-11 01:07:45.993000,114.34500,1.00
2016-02-01,2016-02-29,20260209_091517,20260209_091517-0084,1,初回,2016-02-11 01:07:51.784000,114.29600,1.00
2016-02-01,2016-02-29,20260209_091517,20260209_091517-0085,1,初回,2016-02-11 01:40:11.147000,113.88600,1.00
2016-02-01,2016-02-29,20260209_091517,20260209_091517-0086,1,初回,2016-02-11 02:02:06.505000,113.76700,1.00
2016-02-01,2016-02-29,20260209_091517,20260209_091517-0087,1,初回,2016-02-11 04:56:39.284000,113.76900,1.00
2016-02-01,2016-02-29,20260209_091517,20260209_091517-0088,1,初回,2016-02-11 04:57:38.319000,113.65400,1.00
2016-02-01,2016-02-29,20260209_091517,20260209_091517-0089,1,初回,2016-02-11 13:57:22.356000,112.56600,1.00
2016-02-01,2016-02-29,20260209_091517,20260209_091517-0090,1,初回,2016-02-11 15:37:56.914000,112.32000,1.00
2016-02-01,2016-02-29,20260209_091517,20260209_091517-0091,1,初回,2016-02-11 17:40:39.037000,111.02000,1.00
2016-02-01,2016-02-29,20260209_091517,20260209_091517-0092,1,初回,2016-02-11 21:21:39.147000,113.16300,1.00
2016-02-01,2016-02-29,20260209_091517,20260209_091517-0093,1,初回,2016-02-12 00:39:40.481000,111.78100,1.00
2016-02-01,2016-02-29,20260209_091517,20260209_091517-0094,1,初回,2016-02-12 01:49:56.727000,111.61100,1.00
2016-02-01,2016-02-29,20260209_091517,20260209_091517-0095,1,初回,2016-02-12 04:55:05.484000,112.55300,1.00
2016-02-01,2016-02-29,20260209_091517,20260209_091517-0096,1,初回,2016-02-12 11:16:16.944000,112.11500,1.00
2016-02-01,2016-02-29,20260209_091517,20260209_091517-0097,1,初回,2016-02-12 12:31:41.706000,112.57200,1.00
2016-02-01,2016-02-29,20260209_091517,20260209_091517-0098,1,初回,2016-02-12 12:37:58.905000,112.61900,1.00
2016-02-01,2016-02-29,20260209_091517,20260209_091517-0099,1,初回,2016-02-12 12:38:22.410000,112.65800,1.00
2016-02-01,2016-02-29,20260209_091517,20260209_091517-0100,1,初回,2016-02-12 12:58:09.483000,112.98300,1.00
2016-02-01,2016-02-29,20260209_091517,20260209_091517-0101,1,初回,2016-02-12 15:54:39.206000,111.93000,1.00
2016-02-01,2016-02-29,20260209_091517,20260209_091517-0102,1,初回,2016-02-12 15:54:40.359000,111.86600,1.00
2016-02-01,2016-02-29,20260209_091517,20260209_091517-0103,1,初回,2016-02-12 15:58:07.546000,111.67900,1.00
2016-02-01,2016-02-29,20260209_091517,20260209_091517-0104,1,初回,2016-02-12 22:30:30.836000,112.98300,1.00
2016-02-01,2016-02-29,20260209_091517,20260209_091517-0105,1,初回,2016-02-12 22:34:46.904000,113.13600,1.00
2016-02-01,2016-02-29,20260209_091517,20260209_091517-0106,1,初回,2016-02-13 02:55:50.630000,113.22000,1.00
2016-02-01,2016-02-29,20260209_091517,20260209_091517-0107,1,初回,2016-02-13 03:47:11.266000,113.45400,1.00
2016-02-01,2016-02-29,20260209_091517,20260209_091517-0108,1,初回,2016-02-13 04:14:01.387000,113.51100,1.00
2016-02-01,2016-02-29,20260209_091517,20260209_091517-0109,1,初回,2016-02-15 11:11:13.779000,113.67600,1.00
2016-02-01,2016-02-29,20260209_091517,20260209_091517-0110,1,初回,2016-02-15 11:53:36.964000,113.80200,1.00
2016-02-01,2016-02-29,20260209_091517,20260209_091517-0111,1,初回,2016-02-15 12:36:35.080000,113.91700,1.00
2016-02-01,2016-02-29,20260209_091517,20260209_091517-0112,1,初回,2016-02-15 13:26:13.267000,113.95800,1.00
2016-02-01,2016-02-29,20260209_091517,20260209_091517-0113,1,初回,2016-02-15 14:09:42.960000,113.97800,1.00
2016-02-01,2016-02-29,20260209_091517,20260209_091517-0114,1,初回,2016-02-15 15:02:00.227000,114.07300,1.00
2016-02-01,2016-02-29,20260209_091517,20260209_091517-0115,1,初回,2016-02-15 17:04:11.378000,113.64000,1.00
2016-02-01,2016-02-29,20260209_091517,20260209_091517-0116,1,初回,2016-02-15 21:59:48.977000,114.11500,1.00
2016-02-01,2016-02-29,20260209_091517,20260209_091517-0117,1,初回,2016-02-15 21:59:49.838000,114.12000,1.00
2016-02-01,2016-02-29,20260209_091517,20260209_091517-0118,1,初回,2016-02-15 22:51:00.496000,114.18100,1.00
2016-02-01,2016-02-29,20260209_091517,20260209_091517-0119,1,初回,2016-02-15 23:57:36.276000,114.36200,1.00
2016-02-01,2016-02-29,20260209_091517,20260209_091517-0120,1,初回,2016-02-16 00:50:01.762000,114.53300,1.00
2016-02-01,2016-02-29,20260209_091517,20260209_091517-0121,1,初回,2016-02-16 01:18:06.706000,114.58100,1.00
2016-02-01,2016-02-29,20260209_091517,20260209_091517-0122,1,初回,2016-02-16 01:57:34.136000,114.64600,1.00
2016-02-01,2016-02-29,20260209_091517,20260209_091517-0123,1,初回,2016-02-16 02:04:38.761000,114.69000,1.00
2016-02-01,2016-02-29,20260209_091517,20260209_091517-0124,1,初回,2016-02-16 04:34:00.679000,114.69100,1.00
2016-02-01,2016-02-29,20260209_091517,20260209_091517-0125,1,初回,2016-02-16 11:40:51.753000,114.72700,1.00
2016-02-01,2016-02-29,20260209_091517,20260209_091517-0126,1,初回,2016-02-16 11:41:32.567000,114.73300,1.00
2016-02-01,2016-02-29,20260209_091517,20260209_091517-0127,1,初回,2016-02-16 13:01:58.263000,114.84700,1.00
2016-02-01,2016-02-29,20260209_091517,20260209_091517-0128,1,初回,2016-02-16 12:31:36.204000,114.83800,1.00
2016-02-01,2016-02-29,20260209_091517,20260209_091517-0129,1,初回,2016-02-16 17:11:14.888000,114.33200,1.00
2016-02-01,2016-02-29,20260209_091517,20260209_091517-0130,1,初回,2016-02-16 17:17:14.349000,114.27600,1.00
2016-02-01,2016-02-29,20260209_091517,20260209_091517-0131,1,初回,2016-02-16 18:11:02.247000,113.86400,1.00
2016-02-01,2016-02-29,20260209_091517,20260209_091517-0132,1,初回,2016-02-16 19:38:44.500000,113.68300,1.00
2016-02-01,2016-02-29,20260209_091517,20260209_091517-0133,1,初回,2016-02-16 22:05:24.737000,113.68000,1.00
2016-02-01,2016-02-29,20260209_091517,20260209_091517-0134,1,初回,2016-02-17 01:07:11.138000,113.62700,1.00
2016-02-01,2016-02-29,20260209_091517,20260209_091517-0135,1,初回,2016-02-17 13:47:05.110000,113.63400,1.00
2016-02-01,2016-02-29,20260209_091517,20260209_091517-0136,1,初回,2016-02-17 16:17:06.282000,113.40900,1.00
2016-02-01,2016-02-29,20260209_091517,20260209_091517-0137,1,初回,2016-02-17 19:25:05.921000,114.26400,1.00
2016-02-01,2016-02-29,20260209_091517,20260209_091517-0138,1,初回,2016-02-17 22:32:31.615000,114.31800,1.00
2016-02-01,2016-02-29,20260209_091517,20260209_091517-0139,1,初回,2016-02-17 23:16:02.403000,114.36400,1.00
2016-02-01,2016-02-29,20260209_091517,20260209_091517-0140,1,初回,2016-02-17 23:15:53.310000,114.33600,1.00
2016-02-01,2016-02-29,20260209_091517,20260209_091517-0141,1,初回,2016-02-18 00:29:42.085000,114.47700,1.00
2016-02-01,2016-02-29,20260209_091517,20260209_091517-0142,1,初回,2016-02-18 02:05:43.212000,114.07800,1.00
2016-02-01,2016-02-29,20260209_091517,20260209_091517-0143,1,初回,2016-02-18 03:59:24.076000,114.02500,1.00
2016-02-01,2016-02-29,20260209_091517,20260209_091517-0144,1,初回,2016-02-18 03:59:27.915000,114.00000,1.00
2016-02-01,2016-02-29,20260209_091517,20260209_091517-0145,1,初回,2016-02-18 04:50:36.274000,113.77900,1.00
2016-02-01,2016-02-29,20260209_091517,20260209_091517-0146,1,初回,2016-02-18 16:00:07.677000,113.78200,1.00
2016-02-01,2016-02-29,20260209_091517,20260209_091517-0147,1,初回,2016-02-18 17:33:38.416000,113.65500,1.00
2016-02-01,2016-02-29,20260209_091517,20260209_091517-0148,1,初回,2016-02-18 23:40:57.554000,113.65200,1.00
2016-02-01,2016-02-29,20260209_091517,20260209_091517-0149,1,初回,2016-02-18 23:40:55.381000,113.65300,1.00
2016-02-01,2016-02-29,20260209_091517,20260209_091517-0150,1,初回,2016-02-19 00:57:55.006000,113.64100,1.00
2016-02-01,2016-02-29,20260209_091517,20260209_091517-0151,1,初回,2016-02-19 01:06:15.287000,113.52000,1.00
2016-02-01,2016-02-29,20260209_091517,20260209_091517-0152,1,初回,2016-02-19 02:59:43.280000,113.49500,1.00
2016-02-01,2016-02-29,20260209_091517,20260209_091517-0153,1,初回,2016-02-19 03:00:14.535000,113.47900,1.00
2016-02-01,2016-02-29,20260209_091517,20260209_091517-0154,1,初回,2016-02-19 11:00:18.753000,112.75200,1.00
2016-02-01,2016-02-29,20260209_091517,20260209_091517-0155,1,初回,2016-02-19 22:37:37.737000,113.17500,1.00
2016-02-01,2016-02-29,20260209_091517,20260209_091517-0156,1,初回,2016-02-20 01:01:42.941000,112.75200,1.00
2016-02-01,2016-02-29,20260209_091517,20260209_091517-0157,1,初回,2016-02-20 01:06:42.713000,112.59100,1.00
2016-02-01,2016-02-29,20260209_091517,20260209_091517-0158,1,初回,2016-02-20 01:58:58.107000,112.44800,1.00
2016-02-01,2016-02-29,20260209_091517,20260209_091517-0159,1,初回,2016-02-20 02:15:27.415000,112.34400,1.00
2016-02-01,2016-02-29,20260209_091517,20260209_091517-0160,1,初回,2016-02-22 17:25:47.257000,113.02100,1.00
2016-02-01,2016-02-29,20260209_091517,20260209_091517-0161,1,初回,2016-02-22 18:50:34.327000,113.06200,1.00
2016-02-01,2016-02-29,20260209_091517,20260209_091517-0162,1,初回,2016-02-22 19:17:58.646000,113.23000,1.00
2016-02-01,2016-02-29,20260209_091517,20260209_091517-0163,1,初回,2016-02-22 20:32:17.955000,113.36000,1.00
2016-02-01,2016-02-29,20260209_091517,20260209_091517-0164,1,初回,2016-02-23 12:31:13.746000,112.03900,1.00
2016-02-01,2016-02-29,20260209_091517,20260209_091517-0165,1,初回,2016-02-23 13:03:24.793000,112.01300,1.00
2016-02-01,2016-02-29,20260209_091517,20260209_091517-0166,1,初回,2016-02-23 17:05:12.229000,111.89400,1.00
2016-02-01,2016-02-29,20260209_091517,20260209_091517-0167,1,初回,2016-02-23 22:05:35.546000,111.81000,1.00
2016-02-01,2016-02-29,20260209_091517,20260209_091517-0168,1,初回,2016-02-24 12:20:07.798000,111.79400,1.00
2016-02-01,2016-02-29,20260209_091517,20260209_091517-0169,1,初回,2016-02-24 13:35:31.964000,111.67300,1.00
2016-02-01,2016-02-29,20260209_091517,20260209_091517-0170,1,初回,2016-02-24 16:25:45.237000,112.23600,1.00
2016-02-01,2016-02-29,20260209_091517,20260209_091517-0171,1,初回,2016-02-24 23:50:06.690000,111.35600,1.00
2016-02-01,2016-02-29,20260209_091517,20260209_091517-0172,1,初回,2016-02-25 00:31:39.040000,111.14400,1.00
2016-02-01,2016-02-29,20260209_091517,20260209_091517-0173,1,初回,2016-02-25 01:17:28.081000,111.08000,1.00
2016-02-01,2016-02-29,20260209_091517,20260209_091517-0174,1,初回,2016-02-25 00:59:56.466000,111.08600,1.00
2016-02-01,2016-02-29,20260209_091517,20260209_091517-0175,1,初回,2016-02-25 11:39:04.689000,112.19800,1.00
2016-02-01,2016-02-29,20260209_091517,20260209_091517-0176,1,初回,2016-02-25 11:51:08.496000,112.38500,1.00
2016-02-01,2016-02-29,20260209_091517,20260209_091517-0177,1,初回,2016-02-25 11:51:08.801000,112.38800,1.00
2016-02-01,2016-02-29,20260209_091517,20260209_091517-0178,1,初回,2016-02-25 13:42:49.599000,112.59500,1.00
2016-02-01,2016-02-29,20260209_091517,20260209_091517-0179,1,初回,2016-02-25 21:24:11.492000,112.54600,1.00
2016-02-01,2016-02-29,20260209_091517,20260209_091517-0180,1,初回,2016-02-25 22:30:03.765000,112.66800,1.00
2016-02-01,2016-02-29,20260209_091517,20260209_091517-0181,1,初回,2016-02-25 22:55:03.646000,112.76700,1.00
2016-02-01,2016-02-29,20260209_091517,20260209_091517-0182,1,初回,2016-02-25 23:13:20.723000,112.92900,1.00
2016-02-01,2016-02-29,20260209_091517,20260209_091517-0183,1,初回,2016-02-26 03:46:42.513000,112.94700,1.00
2016-02-01,2016-02-29,20260209_091517,20260209_091517-0184,1,初回,2016-02-26 04:20:15.957000,112.99300,1.00
2016-02-01,2016-02-29,20260209_091517,20260209_091517-0185,1,初回,2016-02-26 21:06:49.656000,112.73900,1.00
2016-02-01,2016-02-29,20260209_091517,20260209_091517-0186,1,初回,2016-02-26 22:30:04.295000,113.19500,1.00
2016-02-01,2016-02-29,20260209_091517,20260209_091517-0187,1,初回,2016-02-26 22:32:06.148000,113.19000,1.00
2016-02-01,2016-02-29,20260209_091517,20260209_091517-0188,1,初回,2016-02-26 22:40:27.357000,113.35900,1.00
2016-02-01,2016-02-29,20260209_091517,20260209_091517-0189,1,初回,2016-02-26 22:52:22.995000,113.42400,1.00
2016-02-01,2016-02-29,20260209_091517,20260209_091517-0190,1,初回,2016-02-26 23:57:27.422000,113.66000,1.00
2016-02-01,2016-02-29,20260209_091517,20260209_091517-0191,1,初回,2016-02-27 00:54:57.924000,113.89800,1.00
2016-02-01,2016-02-29,20260209_091517,20260209_091517-0192,1,初回,2016-02-27 00:55:37.779000,113.91300,1.00
2016-02-01,2016-02-29,20260209_091517,20260209_091517-0193,1,初回,2016-02-27 01:01:49.035000,113.95900,1.00
2016-02-01,2016-02-29,20260209_091517,20260209_091517-0194,1,初回,2016-02-29 11:00:00.191000,113.38900,1.00
2016-02-01,2016-02-29,20260209_091517,20260209_091517-0195,1,初回,2016-02-29 11:00:09.655000,113.33900,1.00
2016-02-01,2016-02-29,20260209_091517,20260209_091517-0196,1,初回,2016-02-29 13:56:31.815000,113.13800,1.00
2016-02-01,2016-02-29,20260209_091517,20260209_091517-0197,1,初回,2016-02-29 14:50:43.878000,112.93200,1.00
2016-02-01,2016-02-29,20260209_091517,20260209_091517-0198,1,初回,2016-02-29 15:06:48.112000,112.80700,1.00
2016-02-01,2016-02-29,20260209_091517,20260209_091517-0199,1,初回,2016-02-29 19:01:04.644000,113.09900,1.00
2016-02-01,2016-02-29,20260209_091517,20260209_091517-0200,1,初回,2016-02-29 19:01:23.920000,113.15700,1.00
2016-02-01,2016-02-29,20260209_091517,20260209_091517-0201,1,初回,2016-02-29 22:36:49.821000,113.22500,1.00
2016-03-01,2016-03-31,20260209_091605,20260209_091605-0001,1,初回,2016-03-01 16:38:47.087000,112.97200,1.00
2016-03-01,2016-03-31,20260209_091605,20260209_091605-0002,1,初回,2016-03-01 16:38:48.664000,113.00100,1.00
2016-03-01,2016-03-31,20260209_091605,20260209_091605-0003,1,初回,2016-03-01 17:45:23.765000,113.31400,1.00
2016-03-01,2016-03-31,20260209_091605,20260209_091605-0004,1,初回,2016-03-02 00:36:00.819000,113.79800,1.00
2016-03-01,2016-03-31,20260209_091605,20260209_091605-0005,1,初回,2016-03-02 01:54:37.348000,113.91800,1.00
2016-03-01,2016-03-31,20260209_091605,20260209_091605-0006,1,初回,2016-03-02 02:04:41.460000,114.03900,1.00
2016-03-01,2016-03-31,20260209_091605,20260209_091605-0007,1,初回,2016-03-02 03:47:46.357000,114.06900,1.00
2016-03-01,2016-03-31,20260209_091605,20260209_091605-0008,1,初回,2016-03-02 04:09:18.300000,114.15900,1.00
2016-03-01,2016-03-31,20260209_091605,20260209_091605-0009,1,初回,2016-03-02 15:58:21.122000,114.33100,1.00
2016-03-01,2016-03-31,20260209_091605,20260209_091605-0010,1,初回,2016-03-02 18:16:10.377000,114.42400,1.00
2016-03-01,2016-03-31,20260209_091605,20260209_091605-0011,1,初回,2016-03-02 17:39:49.659000,114.42000,1.00
2016-03-01,2016-03-31,20260209_091605,20260209_091605-0012,1,初回,2016-03-02 20:42:00.252000,114.42400,1.00
2016-03-01,2016-03-31,20260209_091605,20260209_091605-0013,1,初回,2016-03-02 22:19:36.823000,114.52800,1.00
2016-03-01,2016-03-31,20260209_091605,20260209_091605-0014,1,初回,2016-03-02 22:38:05.847000,114.02900,1.00
2016-03-01,2016-03-31,20260209_091605,20260209_091605-0015,1,初回,2016-03-02 23:51:59.391000,113.83600,1.00
2016-03-01,2016-03-31,20260209_091605,20260209_091605-0016,1,初回,2016-03-03 00:30:12.860000,113.70800,1.00
2016-03-01,2016-03-31,20260209_091605,20260209_091605-0017,1,初回,2016-03-03 03:57:24.675000,113.38100,1.00
2016-03-01,2016-03-31,20260209_091605,20260209_091605-0018,1,初回,2016-03-03 04:26:31.076000,113.25300,1.00
2016-03-01,2016-03-31,20260209_091605,20260209_091605-0019,1,初回,2016-03-03 13:13:10.236000,114.02300,1.00
2016-03-01,2016-03-31,20260209_091605,20260209_091605-0020,1,初回,2016-03-03 13:15:01.542000,114.10900,1.00
2016-03-01,2016-03-31,20260209_091605,20260209_091605-0021,1,初回,2016-03-03 14:06:24.852000,114.20900,1.00
2016-03-01,2016-03-31,20260209_091605,20260209_091605-0022,1,初回,2016-03-03 15:30:25.586000,114.23800,1.00
2016-03-01,2016-03-31,20260209_091605,20260209_091605-0023,1,初回,2016-03-03 16:28:18.809000,114.03900,1.00
2016-03-01,2016-03-31,20260209_091605,20260209_091605-0024,1,初回,2016-03-03 17:45:31.614000,113.84400,1.00
2016-03-01,2016-03-31,20260209_091605,20260209_091605-0025,1,初回,2016-03-03 22:33:52.554000,113.78500,1.00
2016-03-01,2016-03-31,20260209_091605,20260209_091605-0026,1,初回,2016-03-03 23:52:00.897000,113.56500,1.00
2016-03-01,2016-03-31,20260209_091605,20260209_091605-0027,1,初回,2016-03-04 00:01:51.908000,113.49800,1.00
2016-03-01,2016-03-31,20260209_091605,20260209_091605-0028,1,初回,2016-03-04 01:36:44.029000,113.33800,1.00
2016-03-01,2016-03-31,20260209_091605,20260209_091605-0029,1,初回,2016-03-04 22:35:21.629000,114.18300,1.00
2016-03-01,2016-03-31,20260209_091605,20260209_091605-0030,1,初回,2016-03-04 22:34:16.336000,114.17600,1.00
2016-03-01,2016-03-31,20260209_091605,20260209_091605-0031,1,初回,2016-03-04 23:55:18.979000,113.27800,1.00
2016-03-01,2016-03-31,20260209_091605,20260209_091605-0032,1,初回,2016-03-04 23:53:17.825000,113.26000,1.00
2016-03-01,2016-03-31,20260209_091605,20260209_091605-0033,1,初回,2016-03-04 23:55:51.466000,113.21300,1.00
2016-03-01,2016-03-31,20260209_091605,20260209_091605-0034,1,初回,2016-03-04 23:55:57.809000,113.16000,1.00
2016-03-01,2016-03-31,20260209_091605,20260209_091605-0035,1,初回,2016-03-05 00:49:30.580000,113.90000,1.00
2016-03-01,2016-03-31,20260209_091605,20260209_091605-0036,1,初回,2016-03-05 01:17:11.080000,113.91800,1.00
2016-03-01,2016-03-31,20260209_091605,20260209_091605-0037,1,初回,2016-03-05 02:08:40.887000,113.97600,1.00
2016-03-01,2016-03-31,20260209_091605,20260209_091605-0038,1,初回,2016-03-05 03:52:58.770000,114.20800,1.00
2016-03-01,2016-03-31,20260209_091605,20260209_091605-0039,1,初回,2016-03-05 04:06:20.544000,114.22700,1.00
2016-03-01,2016-03-31,20260209_091605,20260209_091605-0040,1,初回,2016-03-08 03:55:01.352000,113.44000,1.00
2016-03-01,2016-03-31,20260209_091605,20260209_091605-0041,1,初回,2016-03-08 03:55:27.618000,113.43000,1.00
2016-03-01,2016-03-31,20260209_091605,20260209_091605-0042,1,初回,2016-03-08 04:58:57.103000,113.26500,1.00
2016-03-01,2016-03-31,20260209_091605,20260209_091605-0043,1,初回,2016-03-08 11:07:02.952000,112.81400,1.00
2016-03-01,2016-03-31,20260209_091605,20260209_091605-0044,1,初回,2016-03-08 11:08:23.802000,112.78400,1.00
2016-03-01,2016-03-31,20260209_091605,20260209_091605-0045,1,初回,2016-03-08 13:36:42.388000,113.11100,1.00
2016-03-01,2016-03-31,20260209_091605,20260209_091605-0046,1,初回,2016-03-08 13:50:34.602000,113.18700,1.00
2016-03-01,2016-03-31,20260209_091605,20260209_091605-0047,1,初回,2016-03-08 14:00:26.676000,113.21600,1.00
2016-03-01,2016-03-31,20260209_091605,20260209_091605-0048,1,初回,2016-03-08 23:31:17.046000,112.78800,1.00
2016-03-01,2016-03-31,20260209_091605,20260209_091605-0049,1,初回,2016-03-08 23:33:36.624000,112.68900,1.00
2016-03-01,2016-03-31,20260209_091605,20260209_091605-0050,1,初回,2016-03-09 00:59:16.952000,112.46400,1.00
2016-03-01,2016-03-31,20260209_091605,20260209_091605-0051,1,初回,2016-03-09 16:55:53.709000,112.45300,1.00
2016-03-01,2016-03-31,20260209_091605,20260209_091605-0052,1,初回,2016-03-09 19:20:12.294000,112.27900,1.00
2016-03-01,2016-03-31,20260209_091605,20260209_091605-0053,1,初回,2016-03-09 19:20:13.296000,112.25700,1.00
2016-03-01,2016-03-31,20260209_091605,20260209_091605-0054,1,初回,2016-03-09 22:24:27.684000,112.73200,1.00
2016-03-01,2016-03-31,20260209_091605,20260209_091605-0055,1,初回,2016-03-09 22:43:31.923000,112.81100,1.00
2016-03-01,2016-03-31,20260209_091605,20260209_091605-0056,1,初回,2016-03-09 23:41:20.077000,112.93700,1.00
2016-03-01,2016-03-31,20260209_091605,20260209_091605-0057,1,初回,2016-03-10 00:46:15.625000,113.13400,1.00
2016-03-01,2016-03-31,20260209_091605,20260209_091605-0058,1,初回,2016-03-10 03:47:57.961000,113.21500,1.00
2016-03-01,2016-03-31,20260209_091605,20260209_091605-0059,1,初回,2016-03-10 03:57:53.614000,113.24800,1.00
2016-03-01,2016-03-31,20260209_091605,20260209_091605-0060,1,初回,2016-03-10 04:09:49.979000,113.37700,1.00
2016-03-01,2016-03-31,20260209_091605,20260209_091605-0061,1,初回,2016-03-10 12:31:03.728000,113.65600,1.00
2016-03-01,2016-03-31,20260209_091605,20260209_091605-0062,1,初回,2016-03-10 12:31:09.681000,113.66800,1.00
2016-03-01,2016-03-31,20260209_091605,20260209_091605-0063,1,初回,2016-03-10 12:40:24.166000,113.76400,1.00
2016-03-01,2016-03-31,20260209_091605,20260209_091605-0064,1,初回,2016-03-10 13:00:32.301000,113.77700,1.00
2016-03-01,2016-03-31,20260209_091605,20260209_091605-0065,1,初回,2016-03-10 21:46:34.931000,113.77700,1.00
2016-03-01,2016-03-31,20260209_091605,20260209_091605-0066,1,初回,2016-03-10 21:59:20.126000,114.14700,1.00
2016-03-01,2016-03-31,20260209_091605,20260209_091605-0067,1,初回,2016-03-10 22:27:25.149000,114.22800,1.00
2016-03-01,2016-03-31,20260209_091605,20260209_091605-0068,1,初回,2016-03-10 22:43:38.558000,114.41600,1.00
2016-03-01,2016-03-31,20260209_091605,20260209_091605-0069,1,初回,2016-03-11 01:36:38.632000,112.91800,1.00
2016-03-01,2016-03-31,20260209_091605,20260209_091605-0070,1,初回,2016-03-11 02:23:30.113000,112.83700,1.00
2016-03-01,2016-03-31,20260209_091605,20260209_091605-0071,1,初回,2016-03-11 02:44:53.894000,112.63600,1.00
2016-03-01,2016-03-31,20260209_091605,20260209_091605-0072,1,初回,2016-03-11 11:00:24.749000,113.31200,1.00
2016-03-01,2016-03-31,20260209_091605,20260209_091605-0073,1,初回,2016-03-11 12:47:10.354000,113.49500,1.00
2016-03-01,2016-03-31,20260209_091605,20260209_091605-0074,1,初回,2016-03-11 12:49:01.682000,113.52200,1.00
2016-03-01,2016-03-31,20260209_091605,20260209_091605-0075,1,初回,2016-03-11 13:29:43.077000,113.55900,1.00
2016-03-01,2016-03-31,20260209_091605,20260209_091605-0076,1,初回,2016-03-11 16:24:03.577000,113.74600,1.00
2016-03-01,2016-03-31,20260209_091605,20260209_091605-0077,1,初回,2016-03-11 17:12:32.918000,113.85000,1.00
2016-03-01,2016-03-31,20260209_091605,20260209_091605-0078,1,初回,2016-03-11 19:21:44.556000,113.88700,1.00
2016-03-01,2016-03-31,20260209_091605,20260209_091605-0079,1,初回,2016-03-11 22:39:23.535000,113.52900,1.00
2016-03-01,2016-03-31,20260209_091605,20260209_091605-0080,1,初回,2016-03-11 23:59:33.676000,113.45300,1.00
2016-03-01,2016-03-31,20260209_091605,20260209_091605-0081,1,初回,2016-03-12 00:04:19.301000,113.37900,1.00
2016-03-01,2016-03-31,20260209_091605,20260209_091605-0082,1,初回,2016-03-14 17:55:27.801000,113.60100,1.00
2016-03-01,2016-03-31,20260209_091605,20260209_091605-0083,1,初回,2016-03-14 18:19:02.928000,113.54600,1.00
2016-03-01,2016-03-31,20260209_091605,20260209_091605-0084,1,初回,2016-03-15 03:35:02.783000,113.84600,1.00
2016-03-01,2016-03-31,20260209_091605,20260209_091605-0085,1,初回,2016-03-15 11:30:43.233000,113.64800,1.00
2016-03-01,2016-03-31,20260209_091605,20260209_091605-0086,1,初回,2016-03-15 11:47:06.480000,113.91500,1.00
2016-03-01,2016-03-31,20260209_091605,20260209_091605-0087,1,初回,2016-03-15 11:47:07.831000,114.01300,1.00
2016-03-01,2016-03-31,20260209_091605,20260209_091605-0088,1,初回,2016-03-15 12:31:55.611000,114.11700,1.00
2016-03-01,2016-03-31,20260209_091605,20260209_091605-0089,1,初回,2016-03-15 12:51:15.486000,113.40000,1.00
2016-03-01,2016-03-31,20260209_091605,20260209_091605-0090,1,初回,2016-03-15 13:51:11.433000,113.25900,1.00
2016-03-01,2016-03-31,20260209_091605,20260209_091605-0091,1,初回,2016-03-15 16:51:36.067000,113.08200,1.00
2016-03-01,2016-03-31,20260209_091605,20260209_091605-0092,1,初回,2016-03-15 17:20:04.159000,112.96300,1.00
2016-03-01,2016-03-31,20260209_091605,20260209_091605-0093,1,初回,2016-03-15 20:59:53.666000,112.93300,1.00
2016-03-01,2016-03-31,20260209_091605,20260209_091605-0094,1,初回,2016-03-15 21:30:28.181000,112.79100,1.00
2016-03-01,2016-03-31,20260209_091605,20260209_091605-0095,1,初回,2016-03-15 21:41:30.514000,112.64700,1.00
2016-03-01,2016-03-31,20260209_091605,20260209_091605-0096,1,初回,2016-03-15 21:32:15.036000,112.66400,1.00
2016-03-01,2016-03-31,20260209_091605,20260209_091605-0097,1,初回,2016-03-15 23:28:38.472000,112.94600,1.00
2016-03-01,2016-03-31,20260209_091605,20260209_091605-0098,1,初回,2016-03-15 23:35:10.776000,113.07000,1.00
2016-03-01,2016-03-31,20260209_091605,20260209_091605-0099,1,初回,2016-03-16 03:32:30.766000,113.10800,1.00
2016-03-01,2016-03-31,20260209_091605,20260209_091605-0100,1,初回,2016-03-16 04:01:20.833000,113.11000,1.00
2016-03-01,2016-03-31,20260209_091605,20260209_091605-0101,1,初回,2016-03-16 16:20:23.452000,113.53000,1.00
2016-03-01,2016-03-31,20260209_091605,20260209_091605-0102,1,初回,2016-03-16 16:25:12.065000,113.70500,1.00
2016-03-01,2016-03-31,20260209_091605,20260209_091605-0103,1,初回,2016-03-16 17:15:52.905000,113.72400,1.00
2016-03-01,2016-03-31,20260209_091605,20260209_091605-0104,1,初回,2016-03-16 21:30:04.594000,113.75500,1.00
2016-03-01,2016-03-31,20260209_091605,20260209_091605-0105,1,初回,2016-03-16 23:19:28.433000,113.78900,1.00
2016-03-01,2016-03-31,20260209_091605,20260209_091605-0106,1,初回,2016-03-17 03:01:25.467000,113.30900,1.00
2016-03-01,2016-03-31,20260209_091605,20260209_091605-0107,1,初回,2016-03-17 03:29:41.367000,112.71800,1.00
2016-03-01,2016-03-31,20260209_091605,20260209_091605-0108,1,初回,2016-03-17 03:54:19.311000,112.51400,1.00
2016-03-01,2016-03-31,20260209_091605,20260209_091605-0109,1,初回,2016-03-17 04:32:51.104000,112.36900,1.00
2016-03-01,2016-03-31,20260209_091605,20260209_091605-0110,1,初回,2016-03-17 13:53:07.151000,112.15900,1.00
2016-03-01,2016-03-31,20260209_091605,20260209_091605-0111,1,初回,2016-03-17 13:59:09.548000,112.01500,1.00
2016-03-01,2016-03-31,20260209_091605,20260209_091605-0112,1,初回,2016-03-17 14:02:37.796000,111.97300,1.00
2016-03-01,2016-03-31,20260209_091605,20260209_091605-0113,1,初回,2016-03-17 16:32:37.710000,111.70800,1.00
2016-03-01,2016-03-31,20260209_091605,20260209_091605-0114,1,初回,2016-03-17 17:07:08.099000,111.51300,1.00
2016-03-01,2016-03-31,20260209_091605,20260209_091605-0115,1,初回,2016-03-17 18:54:16.839000,111.41800,1.00
2016-03-01,2016-03-31,20260209_091605,20260209_091605-0116,1,初回,2016-03-17 19:30:55.554000,111.15300,1.00
2016-03-01,2016-03-31,20260209_091605,20260209_091605-0117,1,初回,2016-03-17 20:45:05.656000,110.79100,1.00
2016-03-01,2016-03-31,20260209_091605,20260209_091605-0118,1,初回,2016-03-17 21:01:37.369000,110.70300,1.00
2016-03-01,2016-03-31,20260209_091605,20260209_091605-0119,1,初回,2016-03-17 21:38:22.370000,111.97200,1.00
2016-03-01,2016-03-31,20260209_091605,20260209_091605-0120,1,初回,2016-03-18 22:33:35.147000,111.55000,1.00
2016-03-01,2016-03-31,20260209_091605,20260209_091605-0121,1,初回,2016-03-18 22:33:48.823000,111.58900,1.00
2016-03-01,2016-03-31,20260209_091605,20260209_091605-0122,1,初回,2016-03-19 03:55:29.900000,111.59200,1.00
2016-03-01,2016-03-31,20260209_091605,20260209_091605-0123,1,初回,2016-03-19 04:33:30.255000,111.72900,1.00
2016-03-01,2016-03-31,20260209_091605,20260209_091605-0124,1,初回,2016-03-21 22:14:13.408000,111.73200,1.00
2016-03-01,2016-03-31,20260209_091605,20260209_091605-0125,1,初回,2016-03-21 22:33:09.972000,111.83000,1.00
2016-03-01,2016-03-31,20260209_091605,20260209_091605-0126,1,初回,2016-03-22 03:32:39.626000,111.84700,1.00
2016-03-01,2016-03-31,20260209_091605,20260209_091605-0127,1,初回,2016-03-22 04:11:33.579000,111.90300,1.00
2016-03-01,2016-03-31,20260209_091605,20260209_091605-0128,1,初回,2016-03-22 12:58:26.629000,111.86400,1.00
2016-03-01,2016-03-31,20260209_091605,20260209_091605-0129,1,初回,2016-03-22 15:11:42.889000,112.17700,1.00
2016-03-01,2016-03-31,20260209_091605,20260209_091605-0130,1,初回,2016-03-22 15:11:17.633000,112.15200,1.00
2016-03-01,2016-03-31,20260209_091605,20260209_091605-0131,1,初回,2016-03-22 16:55:20.769000,111.71200,1.00
2016-03-01,2016-03-31,20260209_091605,20260209_091605-0132,1,初回,2016-03-22 17:33:38.124000,111.38900,1.00
2016-03-01,2016-03-31,20260209_091605,20260209_091605-0133,1,初回,2016-03-22 17:24:20.688000,111.41800,1.00
2016-03-01,2016-03-31,20260209_091605,20260209_091605-0134,1,初回,2016-03-22 19:27:28.413000,111.57100,1.00
2016-03-01,2016-03-31,20260209_091605,20260209_091605-0135,1,初回,2016-03-22 20:37:52.955000,111.81200,1.00
2016-03-01,2016-03-31,20260209_091605,20260209_091605-0136,1,初回,2016-03-22 20:37:18.013000,111.79200,1.00
2016-03-01,2016-03-31,20260209_091605,20260209_091605-0137,1,初回,2016-03-22 21:16:28.137000,111.62400,1.00
2016-03-01,2016-03-31,20260209_091605,20260209_091605-0138,1,初回,2016-03-22 22:18:57.377000,111.58000,1.00
2016-03-01,2016-03-31,20260209_091605,20260209_091605-0139,1,初回,2016-03-23 00:15:41.313000,111.80400,1.00
2016-03-01,2016-03-31,20260209_091605,20260209_091605-0140,1,初回,2016-03-23 01:55:31.846000,112.09800,1.00
2016-03-01,2016-03-31,20260209_091605,20260209_091605-0141,1,初回,2016-03-23 02:49:34.162000,112.42200,1.00
2016-03-01,2016-03-31,20260209_091605,20260209_091605-0142,1,初回,2016-03-23 03:12:25.659000,112.45900,1.00
2016-03-01,2016-03-31,20260209_091605,20260209_091605-0143,1,初回,2016-03-23 17:07:52.744000,112.55000,1.00
2016-03-01,2016-03-31,20260209_091605,20260209_091605-0144,1,初回,2016-03-23 18:03:12.726000,112.73600,1.00
2016-03-01,2016-03-31,20260209_091605,20260209_091605-0145,1,初回,2016-03-23 21:28:23.144000,112.82000,1.00
2016-03-01,2016-03-31,20260209_091605,20260209_091605-0146,1,初回,2016-03-23 22:07:47.642000,112.87600,1.00
2016-03-01,2016-03-31,20260209_091605,20260209_091605-0147,1,初回,2016-03-24 04:01:11.669000,112.38100,1.00
2016-03-01,2016-03-31,20260209_091605,20260209_091605-0148,1,初回,2016-03-24 14:03:26.712000,112.84700,1.00
2016-03-01,2016-03-31,20260209_091605,20260209_091605-0149,1,初回,2016-03-24 16:25:09.921000,112.97800,1.00
2016-03-01,2016-03-31,20260209_091605,20260209_091605-0150,1,初回,2016-03-24 21:43:41.835000,112.44200,1.00
2016-03-01,2016-03-31,20260209_091605,20260209_091605-0151,1,初回,2016-03-24 23:00:47.522000,112.40900,1.00
2016-03-01,2016-03-31,20260209_091605,20260209_091605-0152,1,初回,2016-03-28 11:52:08.708000,113.68100,1.00
2016-03-01,2016-03-31,20260209_091605,20260209_091605-0153,1,初回,2016-03-28 11:33:29.751000,113.65600,1.00
2016-03-01,2016-03-31,20260209_091605,20260209_091605-0154,1,初回,2016-03-28 12:02:27.968000,113.65700,1.00
2016-03-01,2016-03-31,20260209_091605,20260209_091605-0155,1,初回,2016-03-29 11:34:51.215000,113.63400,1.00
2016-03-01,2016-03-31,20260209_091605,20260209_091605-0156,1,初回,2016-03-29 13:19:27.308000,113.70700,1.00
2016-03-01,2016-03-31,20260209_091605,20260209_091605-0157,1,初回,2016-03-29 18:21:15.332000,113.77200,1.00
2016-03-01,2016-03-31,20260209_091605,20260209_091605-0158,1,初回,2016-03-29 23:44:20.644000,113.26600,1.00
2016-03-01,2016-03-31,20260209_091605,20260209_091605-0159,1,初回,2016-03-29 23:43:02.637000,113.28100,1.00
2016-03-01,2016-03-31,20260209_091605,20260209_091605-0160,1,初回,2016-03-30 01:22:26.444000,113.04100,1.00
2016-03-01,2016-03-31,20260209_091605,20260209_091605-0161,1,初回,2016-03-30 01:45:23.696000,112.90700,1.00
2016-03-01,2016-03-31,20260209_091605,20260209_091605-0162,1,初回,2016-03-30 02:25:21.407000,112.80800,1.00
2016-03-01,2016-03-31,20260209_091605,20260209_091605-0163,1,初回,2016-03-30 03:21:35.260000,112.78100,1.00
2016-03-01,2016-03-31,20260209_091605,20260209_091605-0164,1,初回,2016-03-30 02:26:01.648000,112.78000,1.00
2016-03-01,2016-03-31,20260209_091605,20260209_091605-0165,1,初回,2016-03-30 04:42:03.662000,112.65100,1.00
2016-03-01,2016-03-31,20260209_091605,20260209_091605-0166,1,初回,2016-03-30 12:36:35.919000,112.43100,1.00
2016-03-01,2016-03-31,20260209_091605,20260209_091605-0167,1,初回,2016-03-30 12:36:52.892000,112.43000,1.00
2016-03-01,2016-03-31,20260209_091605,20260209_091605-0168,1,初回,2016-03-30 14:12:50.223000,112.33200,1.00
2016-03-01,2016-03-31,20260209_091605,20260209_091605-0169,1,初回,2016-03-30 14:40:40.094000,112.25600,1.00
2016-03-01,2016-03-31,20260209_091605,20260209_091605-0170,1,初回,2016-03-30 16:29:40.706000,112.18000,1.00
2016-03-01,2016-03-31,20260209_091605,20260209_091605-0171,1,初回,2016-03-30 16:41:52.688000,112.05300,1.00
2016-03-01,2016-03-31,20260209_091605,20260209_091605-0172,1,初回,2016-03-30 21:34:48.313000,112.66700,1.00
2016-03-01,2016-03-31,20260209_091605,20260209_091605-0173,1,初回,2016-03-31 13:40:19.562000,112.28200,1.00
2016-03-01,2016-03-31,20260209_091605,20260209_091605-0174,1,初回,2016-03-31 13:46:32.633000,112.24900,1.00
2016-03-01,2016-03-31,20260209_091605,20260209_091605-0175,1,初回,2016-03-31 13:55:19.220000,112.19200,1.00
2016-03-01,2016-03-31,20260209_091605,20260209_091605-0176,1,初回,2016-03-31 20:40:30.637000,112.24300,1.00
2016-03-01,2016-03-31,20260209_091605,20260209_091605-0177,1,初回,2016-03-31 22:14:44.332000,112.15000,1.00
2016-03-01,2016-03-31,20260209_091605,20260209_091605-0178,1,初回,2016-03-31 23:39:06.554000,112.50400,1.00
2016-04-01,2016-04-30,20260209_091648,20260209_091648-0001,1,初回,2016-04-01 21:40:27.835000,111.84600,1.00
2016-04-01,2016-04-30,20260209_091648,20260209_091648-0002,1,初回,2016-04-01 23:11:06.063000,112.36900,1.00
2016-04-01,2016-04-30,20260209_091648,20260209_091648-0003,1,初回,2016-04-01 23:11:23.085000,112.42400,1.00
2016-04-01,2016-04-30,20260209_091648,20260209_091648-0004,1,初回,2016-04-02 01:16:10.437000,111.90900,1.00
2016-04-01,2016-04-30,20260209_091648,20260209_091648-0005,1,初回,2016-04-02 01:49:01.460000,111.72400,1.00
2016-04-01,2016-04-30,20260209_091648,20260209_091648-0006,1,初回,2016-04-02 03:49:09.492000,111.71500,1.00
2016-04-01,2016-04-30,20260209_091648,20260209_091648-0007,1,初回,2016-04-02 04:41:39.319000,111.62200,1.00
2016-04-01,2016-04-30,20260209_091648,20260209_091648-0008,1,初回,2016-04-04 11:12:00.715000,111.35500,1.00
2016-04-01,2016-04-30,20260209_091648,20260209_091648-0009,1,初回,2016-04-04 22:23:29.155000,111.35900,1.00
2016-04-01,2016-04-30,20260209_091648,20260209_091648-0010,1,初回,2016-04-04 22:30:43.791000,111.34100,1.00
2016-04-01,2016-04-30,20260209_091648,20260209_091648-0011,1,初回,2016-04-04 23:56:42.142000,111.26400,1.00
2016-04-01,2016-04-30,20260209_091648,20260209_091648-0012,1,初回,2016-04-05 00:11:54.467000,111.15700,1.00
2016-04-01,2016-04-30,20260209_091648,20260209_091648-0013,1,初回,2016-04-05 02:17:29.203000,111.13700,1.00
2016-04-01,2016-04-30,20260209_091648,20260209_091648-0014,1,初回,2016-04-05 11:13:19.926000,110.85600,1.00
2016-04-01,2016-04-30,20260209_091648,20260209_091648-0015,1,初回,2016-04-05 11:00:12.473000,110.82000,1.00
2016-04-01,2016-04-30,20260209_091648,20260209_091648-0016,1,初回,2016-04-05 14:34:17.010000,110.74000,1.00
2016-04-01,2016-04-30,20260209_091648,20260209_091648-0017,1,初回,2016-04-05 15:54:54.216000,110.37100,1.00
2016-04-01,2016-04-30,20260209_091648,20260209_091648-0018,1,初回,2016-04-05 16:01:13.798000,110.33300,1.00
2016-04-01,2016-04-30,20260209_091648,20260209_091648-0019,1,初回,2016-04-05 20:01:30.403000,110.30400,1.00
2016-04-01,2016-04-30,20260209_091648,20260209_091648-0020,1,初回,2016-04-06 00:59:41.635000,109.98500,1.00
2016-04-01,2016-04-30,20260209_091648,20260209_091648-0021,1,初回,2016-04-06 22:19:47.096000,110.11700,1.00
2016-04-01,2016-04-30,20260209_091648,20260209_091648-0022,1,初回,2016-04-06 22:30:56.535000,110.05700,1.00
2016-04-01,2016-04-30,20260209_091648,20260209_091648-0023,1,初回,2016-04-06 23:11:28.362000,109.86200,1.00
2016-04-01,2016-04-30,20260209_091648,20260209_091648-0024,1,初回,2016-04-06 23:22:17.283000,110.38300,1.00
2016-04-01,2016-04-30,20260209_091648,20260209_091648-0025,1,初回,2016-04-07 00:50:40.863000,109.61400,1.00
2016-04-01,2016-04-30,20260209_091648,20260209_091648-0026,1,初回,2016-04-07 01:01:56.820000,109.58200,1.00
2016-04-01,2016-04-30,20260209_091648,20260209_091648-0027,1,初回,2016-04-07 03:02:27.800000,109.38000,1.00
2016-04-01,2016-04-30,20260209_091648,20260209_091648-0028,1,初回,2016-04-07 11:08:51.132000,109.39300,1.00
2016-04-01,2016-04-30,20260209_091648,20260209_091648-0029,1,初回,2016-04-07 11:38:03.435000,109.19300,1.00
2016-04-01,2016-04-30,20260209_091648,20260209_091648-0030,1,初回,2016-04-07 12:33:33.277000,109.14000,1.00
2016-04-01,2016-04-30,20260209_091648,20260209_091648-0031,1,初回,2016-04-07 13:50:46.190000,109.05300,1.00
2016-04-01,2016-04-30,20260209_091648,20260209_091648-0032,1,初回,2016-04-07 14:37:33.263000,108.80000,1.00
2016-04-01,2016-04-30,20260209_091648,20260209_091648-0033,1,初回,2016-04-07 15:37:59.243000,108.76800,1.00
2016-04-01,2016-04-30,20260209_091648,20260209_091648-0034,1,初回,2016-04-07 16:51:08.697000,108.55900,1.00
2016-04-01,2016-04-30,20260209_091648,20260209_091648-0035,1,初回,2016-04-07 17:59:49.922000,108.41500,1.00
2016-04-01,2016-04-30,20260209_091648,20260209_091648-0036,1,初回,2016-04-07 18:42:04.879000,108.05500,1.00
2016-04-01,2016-04-30,20260209_091648,20260209_091648-0037,1,初回,2016-04-07 22:34:55.782000,107.94600,1.00
2016-04-01,2016-04-30,20260209_091648,20260209_091648-0038,1,初回,2016-04-07 23:50:25.922000,107.90600,1.00
2016-04-01,2016-04-30,20260209_091648,20260209_091648-0039,1,初回,2016-04-08 00:08:48.423000,107.70200,1.00
2016-04-01,2016-04-30,20260209_091648,20260209_091648-0040,1,初回,2016-04-08 02:40:23.703000,108.42600,1.00
2016-04-01,2016-04-30,20260209_091648,20260209_091648-0041,1,初回,2016-04-08 04:33:51.778000,108.42000,1.00
2016-04-01,2016-04-30,20260209_091648,20260209_091648-0042,1,初回,2016-04-08 16:40:28.452000,108.96400,1.00
2016-04-01,2016-04-30,20260209_091648,20260209_091648-0043,1,初回,2016-04-08 16:44:21.363000,109.06900,1.00
2016-04-01,2016-04-30,20260209_091648,20260209_091648-0044,1,初回,2016-04-08 21:16:46.878000,108.49800,1.00
2016-04-01,2016-04-30,20260209_091648,20260209_091648-0045,1,初回,2016-04-08 21:16:57.990000,108.50500,1.00
2016-04-01,2016-04-30,20260209_091648,20260209_091648-0046,1,初回,2016-04-08 22:11:46.799000,108.82500,1.00
2016-04-01,2016-04-30,20260209_091648,20260209_091648-0047,1,初回,2016-04-08 22:16:05.947000,108.88900,1.00
2016-04-01,2016-04-30,20260209_091648,20260209_091648-0048,1,初回,2016-04-08 23:59:30.467000,108.41700,1.00
2016-04-01,2016-04-30,20260209_091648,20260209_091648-0049,1,初回,2016-04-09 00:25:06.292000,108.24200,1.00
2016-04-01,2016-04-30,20260209_091648,20260209_091648-0050,1,初回,2016-04-09 04:45:50.590000,108.19000,1.00
2016-04-01,2016-04-30,20260209_091648,20260209_091648-0051,1,初回,2016-04-11 17:15:16.168000,108.25100,1.00
2016-04-01,2016-04-30,20260209_091648,20260209_091648-0052,1,初回,2016-04-11 19:46:02.560000,108.27000,1.00
2016-04-01,2016-04-30,20260209_091648,20260209_091648-0053,1,初回,2016-04-11 20:51:59.569000,108.32700,1.00
2016-04-01,2016-04-30,20260209_091648,20260209_091648-0054,1,初回,2016-04-11 22:23:09.232000,108.43800,1.00
2016-04-01,2016-04-30,20260209_091648,20260209_091648-0055,1,初回,2016-04-11 22:21:04.569000,108.40800,1.00
2016-04-01,2016-04-30,20260209_091648,20260209_091648-0056,1,初回,2016-04-12 12:24:58.539000,108.23700,1.00
2016-04-01,2016-04-30,20260209_091648,20260209_091648-0057,1,初回,2016-04-12 12:25:02.261000,108.24500,1.00
2016-04-01,2016-04-30,20260209_091648,20260209_091648-0058,1,初回,2016-04-12 14:49:07.812000,108.33100,1.00
2016-04-01,2016-04-30,20260209_091648,20260209_091648-0059,1,初回,2016-04-12 15:46:13.876000,108.38100,1.00
2016-04-01,2016-04-30,20260209_091648,20260209_091648-0060,1,初回,2016-04-12 19:10:18.485000,108.38300,1.00
2016-04-01,2016-04-30,20260209_091648,20260209_091648-0061,1,初回,2016-04-12 21:59:43.123000,108.40400,1.00
2016-04-01,2016-04-30,20260209_091648,20260209_091648-0062,1,初回,2016-04-12 22:57:19.216000,108.61700,1.00
2016-04-01,2016-04-30,20260209_091648,20260209_091648-0063,1,初回,2016-04-12 23:05:08.071000,108.64700,1.00
2016-04-01,2016-04-30,20260209_091648,20260209_091648-0064,1,初回,2016-04-13 00:19:37.373000,108.65900,1.00
2016-04-01,2016-04-30,20260209_091648,20260209_091648-0065,1,初回,2016-04-13 01:53:19.640000,108.75800,1.00
2016-04-01,2016-04-30,20260209_091648,20260209_091648-0066,1,初回,2016-04-13 11:03:35.783000,108.87800,1.00
2016-04-01,2016-04-30,20260209_091648,20260209_091648-0067,1,初回,2016-04-13 13:31:43.636000,108.91400,1.00
2016-04-01,2016-04-30,20260209_091648,20260209_091648-0068,1,初回,2016-04-13 14:19:09.820000,108.97100,1.00
2016-04-01,2016-04-30,20260209_091648,20260209_091648-0069,1,初回,2016-04-13 15:37:52.837000,109.01600,1.00
2016-04-01,2016-04-30,20260209_091648,20260209_091648-0070,1,初回,2016-04-13 17:53:09.732000,109.17800,1.00
2016-04-01,2016-04-30,20260209_091648,20260209_091648-0071,1,初回,2016-04-13 18:19:39.994000,109.26800,1.00
2016-04-01,2016-04-30,20260209_091648,20260209_091648-0072,1,初回,2016-04-13 19:11:52.478000,109.26800,1.00
2016-04-01,2016-04-30,20260209_091648,20260209_091648-0073,1,初回,2016-04-13 20:29:10.005000,109.30600,1.00
2016-04-01,2016-04-30,20260209_091648,20260209_091648-0074,1,初回,2016-04-13 20:34:31.744000,109.36300,1.00
2016-04-01,2016-04-30,20260209_091648,20260209_091648-0075,1,初回,2016-04-14 00:34:13.982000,109.37600,1.00
2016-04-01,2016-04-30,20260209_091648,20260209_091648-0076,1,初回,2016-04-14 17:41:55.274000,109.09700,1.00
2016-04-01,2016-04-30,20260209_091648,20260209_091648-0077,1,初回,2016-04-14 22:18:33.863000,109.04900,1.00
2016-04-01,2016-04-30,20260209_091648,20260209_091648-0078,1,初回,2016-04-14 22:22:05.191000,108.92800,1.00
2016-04-01,2016-04-30,20260209_091648,20260209_091648-0079,1,初回,2016-04-14 23:01:10.307000,108.93700,1.00
2016-04-01,2016-04-30,20260209_091648,20260209_091648-0080,1,初回,2016-04-15 04:55:20.483000,109.42400,1.00
2016-04-01,2016-04-30,20260209_091648,20260209_091648-0081,1,初回,2016-04-15 11:01:06.358000,109.69900,1.00
2016-04-01,2016-04-30,20260209_091648,20260209_091648-0082,1,初回,2016-04-15 11:01:06.460000,109.70000,1.00
2016-04-01,2016-04-30,20260209_091648,20260209_091648-0083,1,初回,2016-04-15 18:38:52.353000,109.14800,1.00
2016-04-01,2016-04-30,20260209_091648,20260209_091648-0084,1,初回,2016-04-15 18:38:54.597000,109.13800,1.00
2016-04-01,2016-04-30,20260209_091648,20260209_091648-0085,1,初回,2016-04-15 19:42:11.277000,108.92400,1.00
2016-04-01,2016-04-30,20260209_091648,20260209_091648-0086,1,初回,2016-04-15 20:22:55.516000,108.83600,1.00
2016-04-01,2016-04-30,20260209_091648,20260209_091648-0087,1,初回,2016-04-15 23:17:16.617000,108.64600,1.00
2016-04-01,2016-04-30,20260209_091648,20260209_091648-0088,1,初回,2016-04-16 01:36:37.444000,108.62700,1.00
2016-04-01,2016-04-30,20260209_091648,20260209_091648-0089,1,初回,2016-04-16 01:32:09.270000,108.64600,1.00
2016-04-01,2016-04-30,20260209_091648,20260209_091648-0090,1,初回,2016-04-18 11:00:11.805000,107.94200,1.00
2016-04-01,2016-04-30,20260209_091648,20260209_091648-0091,1,初回,2016-04-18 11:00:16.478000,107.93000,1.00
2016-04-01,2016-04-30,20260209_091648,20260209_091648-0092,1,初回,2016-04-18 11:00:20.745000,107.87800,1.00
2016-04-01,2016-04-30,20260209_091648,20260209_091648-0093,1,初回,2016-04-18 21:49:21.559000,108.76300,1.00
2016-04-01,2016-04-30,20260209_091648,20260209_091648-0094,1,初回,2016-04-18 22:46:16.264000,108.82300,1.00
2016-04-01,2016-04-30,20260209_091648,20260209_091648-0095,1,初回,2016-04-18 22:46:16.824000,108.83600,1.00
2016-04-01,2016-04-30,20260209_091648,20260209_091648-0096,1,初回,2016-04-18 23:06:53.320000,108.92700,1.00
2016-04-01,2016-04-30,20260209_091648,20260209_091648-0097,1,初回,2016-04-19 01:20:52.752000,108.95800,1.00
2016-04-01,2016-04-30,20260209_091648,20260209_091648-0098,1,初回,2016-04-19 15:42:36.767000,108.83900,1.00
2016-04-01,2016-04-30,20260209_091648,20260209_091648-0099,1,初回,2016-04-19 16:09:24.691000,108.82900,1.00
2016-04-01,2016-04-30,20260209_091648,20260209_091648-0100,1,初回,2016-04-19 17:02:34.037000,109.18800,1.00
2016-04-01,2016-04-30,20260209_091648,20260209_091648-0101,1,初回,2016-04-19 17:02:38.872000,109.18800,1.00
2016-04-01,2016-04-30,20260209_091648,20260209_091648-0102,1,初回,2016-04-19 17:58:22.804000,109.26800,1.00
2016-04-01,2016-04-30,20260209_091648,20260209_091648-0103,1,初回,2016-04-19 18:40:13.554000,109.41500,1.00
2016-04-01,2016-04-30,20260209_091648,20260209_091648-0104,1,初回,2016-04-19 19:15:49.845000,109.42700,1.00
2016-04-01,2016-04-30,20260209_091648,20260209_091648-0105,1,初回,2016-04-19 20:58:29.936000,109.45700,1.00
2016-04-01,2016-04-30,20260209_091648,20260209_091648-0106,1,初回,2016-04-20 11:02:16.520000,108.95900,1.00
2016-04-01,2016-04-30,20260209_091648,20260209_091648-0107,1,初回,2016-04-20 12:49:30.277000,108.91600,1.00
2016-04-01,2016-04-30,20260209_091648,20260209_091648-0108,1,初回,2016-04-20 14:10:28.458000,108.89400,1.00
2016-04-01,2016-04-30,20260209_091648,20260209_091648-0109,1,初回,2016-04-20 15:13:26.628000,108.80000,1.00
2016-04-01,2016-04-30,20260209_091648,20260209_091648-0110,1,初回,2016-04-20 21:57:49.465000,109.33100,1.00
2016-04-01,2016-04-30,20260209_091648,20260209_091648-0111,1,初回,2016-04-20 22:03:41.350000,109.36500,1.00
2016-04-01,2016-04-30,20260209_091648,20260209_091648-0112,1,初回,2016-04-20 23:15:41.513000,109.38400,1.00
2016-04-01,2016-04-30,20260209_091648,20260209_091648-0113,1,初回,2016-04-21 00:35:07.643000,109.45700,1.00
2016-04-01,2016-04-30,20260209_091648,20260209_091648-0114,1,初回,2016-04-21 00:59:13.647000,109.50400,1.00
2016-04-01,2016-04-30,20260209_091648,20260209_091648-0115,1,初回,2016-04-21 01:39:30.511000,109.64700,1.00
2016-04-01,2016-04-30,20260209_091648,20260209_091648-0116,1,初回,2016-04-21 01:54:50.030000,109.66700,1.00
2016-04-01,2016-04-30,20260209_091648,20260209_091648-0117,1,初回,2016-04-21 02:31:27.736000,109.79300,1.00
2016-04-01,2016-04-30,20260209_091648,20260209_091648-0118,1,初回,2016-04-21 03:56:09.267000,109.81400,1.00
2016-04-01,2016-04-30,20260209_091648,20260209_091648-0119,1,初回,2016-04-21 04:07:41.493000,109.87500,1.00
2016-04-01,2016-04-30,20260209_091648,20260209_091648-0120,1,初回,2016-04-21 04:07:38.006000,109.85600,1.00
2016-04-01,2016-04-30,20260209_091648,20260209_091648-0121,1,初回,2016-04-21 23:00:11.608000,109.35800,1.00
2016-04-01,2016-04-30,20260209_091648,20260209_091648-0122,1,初回,2016-04-22 01:03:41.529000,109.35800,1.00
2016-04-01,2016-04-30,20260209_091648,20260209_091648-0123,1,初回,2016-04-22 13:34:25.359000,109.59600,1.00
2016-04-01,2016-04-30,20260209_091648,20260209_091648-0124,1,初回,2016-04-22 13:40:52.156000,109.86600,1.00
2016-04-01,2016-04-30,20260209_091648,20260209_091648-0125,1,初回,2016-04-22 13:37:52.609000,109.86800,1.00
2016-04-01,2016-04-30,20260209_091648,20260209_091648-0126,1,初回,2016-04-22 13:44:28.986000,110.15600,1.00
2016-04-01,2016-04-30,20260209_091648,20260209_091648-0127,1,初回,2016-04-22 14:50:13.495000,110.32600,1.00
2016-04-01,2016-04-30,20260209_091648,20260209_091648-0128,1,初回,2016-04-22 15:36:00.449000,110.60800,1.00
2016-04-01,2016-04-30,20260209_091648,20260209_091648-0129,1,初回,2016-04-22 15:36:01.638000,110.61200,1.00
2016-04-01,2016-04-30,20260209_091648,20260209_091648-0130,1,初回,2016-04-22 16:34:34.186000,110.71700,1.00
2016-04-01,2016-04-30,20260209_091648,20260209_091648-0131,1,初回,2016-04-22 20:51:57.425000,110.80300,1.00
2016-04-01,2016-04-30,20260209_091648,20260209_091648-0132,1,初回,2016-04-22 20:51:58.706000,110.80900,1.00
2016-04-01,2016-04-30,20260209_091648,20260209_091648-0133,1,初回,2016-04-22 21:59:26.359000,111.15800,1.00
2016-04-01,2016-04-30,20260209_091648,20260209_091648-0134,1,初回,2016-04-22 22:24:22.397000,111.38100,1.00
2016-04-01,2016-04-30,20260209_091648,20260209_091648-0135,1,初回,2016-04-22 23:56:11.362000,111.47600,1.00
2016-04-01,2016-04-30,20260209_091648,20260209_091648-0136,1,初回,2016-04-23 00:04:39.930000,111.53300,1.00
2016-04-01,2016-04-30,20260209_091648,20260209_091648-0137,1,初回,2016-04-23 01:21:22.272000,111.70900,1.00
2016-04-01,2016-04-30,20260209_091648,20260209_091648-0138,1,初回,2016-04-23 01:20:44.323000,111.72600,1.00
2016-04-01,2016-04-30,20260209_091648,20260209_091648-0139,1,初回,2016-04-23 02:54:18.309000,111.75400,1.00
2016-04-01,2016-04-30,20260209_091648,20260209_091648-0140,1,初回,2016-04-23 03:00:20.374000,111.77500,1.00
2016-04-01,2016-04-30,20260209_091648,20260209_091648-0141,1,初回,2016-04-25 20:01:04.813000,111.06800,1.00
2016-04-01,2016-04-30,20260209_091648,20260209_091648-0142,1,初回,2016-04-25 21:08:21.662000,110.87300,1.00
2016-04-01,2016-04-30,20260209_091648,20260209_091648-0143,1,初回,2016-04-26 11:21:11.475000,110.99700,1.00
2016-04-01,2016-04-30,20260209_091648,20260209_091648-0144,1,初回,2016-04-26 11:29:26.505000,110.90000,1.00
2016-04-01,2016-04-30,20260209_091648,20260209_091648-0145,1,初回,2016-04-26 12:32:40.302000,110.88500,1.00
2016-04-01,2016-04-30,20260209_091648,20260209_091648-0146,1,初回,2016-04-26 15:55:25.718000,110.76500,1.00
2016-04-01,2016-04-30,20260209_091648,20260209_091648-0147,1,初回,2016-04-26 16:27:41.923000,110.70100,1.00
2016-04-01,2016-04-30,20260209_091648,20260209_091648-0148,1,初回,2016-04-27 00:42:39.277000,111.27200,1.00
2016-04-01,2016-04-30,20260209_091648,20260209_091648-0149,1,初回,2016-04-27 00:43:16.631000,111.29500,1.00
2016-04-01,2016-04-30,20260209_091648,20260209_091648-0150,1,初回,2016-04-27 00:43:19.660000,111.30500,1.00
2016-04-01,2016-04-30,20260209_091648,20260209_091648-0151,1,初回,2016-04-27 01:29:45.737000,111.38600,1.00
2016-04-01,2016-04-30,20260209_091648,20260209_091648-0152,1,初回,2016-04-27 02:15:03.577000,111.41900,1.00
2016-04-01,2016-04-30,20260209_091648,20260209_091648-0153,1,初回,2016-04-27 03:47:41.281000,111.44700,1.00
2016-04-01,2016-04-30,20260209_091648,20260209_091648-0154,1,初回,2016-04-27 04:27:13.321000,111.44400,1.00
2016-04-01,2016-04-30,20260209_091648,20260209_091648-0155,1,初回,2016-04-28 03:00:08.744000,111.44500,1.00
2016-04-01,2016-04-30,20260209_091648,20260209_091648-0156,1,初回,2016-04-28 03:00:47.535000,111.73000,1.00
2016-04-01,2016-04-30,20260209_091648,20260209_091648-0157,1,初回,2016-04-28 12:01:03.836000,111.59300,1.00
2016-04-01,2016-04-30,20260209_091648,20260209_091648-0158,1,初回,2016-04-28 12:01:06.482000,111.10100,1.00
2016-04-01,2016-04-30,20260209_091648,20260209_091648-0159,1,初回,2016-04-28 12:01:06.601000,111.05800,1.00
2016-04-01,2016-04-30,20260209_091648,20260209_091648-0160,1,初回,2016-04-28 12:01:09.162000,110.69800,1.00
2016-04-01,2016-04-30,20260209_091648,20260209_091648-0161,1,初回,2016-04-28 12:02:40.377000,109.36900,1.00
2016-04-01,2016-04-30,20260209_091648,20260209_091648-0162,1,初回,2016-04-28 12:02:42.753000,109.29400,1.00
2016-04-01,2016-04-30,20260209_091648,20260209_091648-0163,1,初回,2016-04-28 12:03:18.690000,109.15900,1.00
2016-04-01,2016-04-30,20260209_091648,20260209_091648-0164,1,初回,2016-04-28 12:03:44.291000,108.79200,1.00
2016-04-01,2016-04-30,20260209_091648,20260209_091648-0165,1,初回,2016-04-28 15:12:42.677000,108.73700,1.00
2016-04-01,2016-04-30,20260209_091648,20260209_091648-0166,1,初回,2016-04-28 15:47:55.323000,108.16400,1.00
2016-04-01,2016-04-30,20260209_091648,20260209_091648-0167,1,初回,2016-04-28 15:55:39.026000,108.08800,1.00
2016-04-01,2016-04-30,20260209_091648,20260209_091648-0168,1,初回,2016-04-28 17:38:33.800000,107.95400,1.00
2016-04-01,2016-04-30,20260209_091648,20260209_091648-0169,1,初回,2016-04-28 23:47:28.821000,108.70000,1.00
2016-04-01,2016-04-30,20260209_091648,20260209_091648-0170,1,初回,2016-04-29 00:55:07.166000,108.46900,1.00
2016-04-01,2016-04-30,20260209_091648,20260209_091648-0171,1,初回,2016-04-29 01:57:59.722000,108.35200,1.00
2016-04-01,2016-04-30,20260209_091648,20260209_091648-0172,1,初回,2016-04-29 02:19:21.963000,108.11600,1.00
2016-04-01,2016-04-30,20260209_091648,20260209_091648-0173,1,初回,2016-04-29 02:47:40.391000,108.03300,1.00
2016-04-01,2016-04-30,20260209_091648,20260209_091648-0174,1,初回,2016-04-29 04:34:15.735000,107.90200,1.00
2016-04-01,2016-04-30,20260209_091648,20260209_091648-0175,1,初回,2016-04-29 15:05:38.031000,107.38500,1.00
2016-04-01,2016-04-30,20260209_091648,20260209_091648-0176,1,初回,2016-04-29 16:07:15.595000,107.11500,1.00
2016-04-01,2016-04-30,20260209_091648,20260209_091648-0177,1,初回,2016-04-29 16:07:24.387000,107.11300,1.00
2016-04-01,2016-04-30,20260209_091648,20260209_091648-0178,1,初回,2016-04-29 16:25:33.311000,106.93900,1.00
2016-04-01,2016-04-30,20260209_091648,20260209_091648-0179,1,初回,2016-04-29 21:15:52.218000,107.32600,1.00
2016-04-01,2016-04-30,20260209_091648,20260209_091648-0180,1,初回,2016-04-29 22:40:18.018000,107.38400,1.00
2016-04-01,2016-04-30,20260209_091648,20260209_091648-0181,1,初回,2016-04-30 00:20:28.922000,106.65300,1.00
2016-04-01,2016-04-30,20260209_091648,20260209_091648-0182,1,初回,2016-04-30 04:53:14.289000,106.31300,1.00
2016-05-01,2016-05-31,20260209_091728,20260209_091728-0001,1,初回,2016-05-02 22:05:28.103000,106.71300,1.00
2016-05-01,2016-05-31,20260209_091728,20260209_091728-0002,1,初回,2016-05-02 23:17:35.237000,106.79000,1.00
2016-05-01,2016-05-31,20260209_091728,20260209_091728-0003,1,初回,2016-05-03 13:35:12.951000,106.08400,1.00
2016-05-01,2016-05-31,20260209_091728,20260209_091728-0004,1,初回,2016-05-03 13:36:10.386000,105.95200,1.00
2016-05-01,2016-05-31,20260209_091728,20260209_091728-0005,1,初回,2016-05-03 14:04:20.340000,105.88500,1.00
2016-05-01,2016-05-31,20260209_091728,20260209_091728-0006,1,初回,2016-05-03 15:49:48.622000,105.75000,1.00
2016-05-01,2016-05-31,20260209_091728,20260209_091728-0007,1,初回,2016-05-03 17:06:46.058000,105.58700,1.00
2016-05-01,2016-05-31,20260209_091728,20260209_091728-0008,1,初回,2016-05-03 16:45:00.739000,105.59400,1.00
2016-05-01,2016-05-31,20260209_091728,20260209_091728-0009,1,初回,2016-05-04 21:15:00.534000,106.44200,1.00
2016-05-01,2016-05-31,20260209_091728,20260209_091728-0010,1,初回,2016-05-04 21:26:35.580000,106.27500,1.00
2016-05-01,2016-05-31,20260209_091728,20260209_091728-0011,1,初回,2016-05-04 23:12:29.249000,107.16100,1.00
2016-05-01,2016-05-31,20260209_091728,20260209_091728-0012,1,初回,2016-05-05 02:24:15.606000,107.22300,1.00
2016-05-01,2016-05-31,20260209_091728,20260209_091728-0013,1,初回,2016-05-05 16:12:18.065000,107.26600,1.00
2016-05-01,2016-05-31,20260209_091728,20260209_091728-0014,1,初回,2016-05-05 17:26:23.762000,107.34900,1.00
2016-05-01,2016-05-31,20260209_091728,20260209_091728-0015,1,初回,2016-05-05 18:18:35.846000,107.36800,1.00
2016-05-01,2016-05-31,20260209_091728,20260209_091728-0016,1,初回,2016-05-05 23:04:54.818000,107.42800,1.00
2016-05-01,2016-05-31,20260209_091728,20260209_091728-0017,1,初回,2016-05-05 23:05:36.983000,107.47300,1.00
2016-05-01,2016-05-31,20260209_091728,20260209_091728-0018,1,初回,2016-05-06 21:29:47.050000,106.83400,1.00
2016-05-01,2016-05-31,20260209_091728,20260209_091728-0019,1,初回,2016-05-06 21:29:48.781000,106.80800,1.00
2016-05-01,2016-05-31,20260209_091728,20260209_091728-0020,1,初回,2016-05-06 21:30:24.897000,106.47300,1.00
2016-05-01,2016-05-31,20260209_091728,20260209_091728-0021,1,初回,2016-05-07 03:09:54.315000,106.94500,1.00
2016-05-01,2016-05-31,20260209_091728,20260209_091728-0022,1,初回,2016-05-07 03:36:26.870000,107.17400,1.00
2016-05-01,2016-05-31,20260209_091728,20260209_091728-0023,1,初回,2016-05-07 04:11:13.129000,107.20300,1.00
2016-05-01,2016-05-31,20260209_091728,20260209_091728-0024,1,初回,2016-05-09 14:38:42.879000,107.60000,1.00
2016-05-01,2016-05-31,20260209_091728,20260209_091728-0025,1,初回,2016-05-09 14:38:52.332000,107.65500,1.00
2016-05-01,2016-05-31,20260209_091728,20260209_091728-0026,1,初回,2016-05-09 15:39:34.546000,107.67400,1.00
2016-05-01,2016-05-31,20260209_091728,20260209_091728-0027,1,初回,2016-05-09 17:36:06.256000,107.84100,1.00
2016-05-01,2016-05-31,20260209_091728,20260209_091728-0028,1,初回,2016-05-09 18:06:55.953000,107.91600,1.00
2016-05-01,2016-05-31,20260209_091728,20260209_091728-0029,1,初回,2016-05-09 19:22:45.547000,108.06500,1.00
2016-05-01,2016-05-31,20260209_091728,20260209_091728-0030,1,初回,2016-05-09 20:30:24.841000,108.34300,1.00
2016-05-01,2016-05-31,20260209_091728,20260209_091728-0031,1,初回,2016-05-09 22:59:52.324000,108.57300,1.00
2016-05-01,2016-05-31,20260209_091728,20260209_091728-0032,1,初回,2016-05-10 11:09:31.927000,108.74400,1.00
2016-05-01,2016-05-31,20260209_091728,20260209_091728-0033,1,初回,2016-05-10 11:11:20.459000,108.79800,1.00
2016-05-01,2016-05-31,20260209_091728,20260209_091728-0034,1,初回,2016-05-10 14:01:00.552000,108.86000,1.00
2016-05-01,2016-05-31,20260209_091728,20260209_091728-0035,1,初回,2016-05-10 13:17:21.091000,108.85200,1.00
2016-05-01,2016-05-31,20260209_091728,20260209_091728-0036,1,初回,2016-05-10 16:35:31.300000,108.92100,1.00
2016-05-01,2016-05-31,20260209_091728,20260209_091728-0037,1,初回,2016-05-10 17:51:05.273000,109.03000,1.00
2016-05-01,2016-05-31,20260209_091728,20260209_091728-0038,1,初回,2016-05-10 18:39:56.421000,109.22900,1.00
2016-05-01,2016-05-31,20260209_091728,20260209_091728-0039,1,初回,2016-05-10 19:19:09.023000,109.24500,1.00
2016-05-01,2016-05-31,20260209_091728,20260209_091728-0040,1,初回,2016-05-10 20:49:28.497000,109.24700,1.00
2016-05-01,2016-05-31,20260209_091728,20260209_091728-0041,1,初回,2016-05-11 01:52:04.132000,109.26400,1.00
2016-05-01,2016-05-31,20260209_091728,20260209_091728-0042,1,初回,2016-05-11 02:02:58.422000,109.32900,1.00
2016-05-01,2016-05-31,20260209_091728,20260209_091728-0043,1,初回,2016-05-11 11:12:34.023000,108.74900,1.00
2016-05-01,2016-05-31,20260209_091728,20260209_091728-0044,1,初回,2016-05-11 11:15:34.949000,108.65300,1.00
2016-05-01,2016-05-31,20260209_091728,20260209_091728-0045,1,初回,2016-05-11 15:06:16.402000,108.60100,1.00
2016-05-01,2016-05-31,20260209_091728,20260209_091728-0046,1,初回,2016-05-11 16:21:35.428000,108.57800,1.00
2016-05-01,2016-05-31,20260209_091728,20260209_091728-0047,1,初回,2016-05-11 17:07:08.413000,108.55200,1.00
2016-05-01,2016-05-31,20260209_091728,20260209_091728-0048,1,初回,2016-05-11 22:53:14.671000,108.47800,1.00
2016-05-01,2016-05-31,20260209_091728,20260209_091728-0049,1,初回,2016-05-12 02:02:25.285000,108.43900,1.00
2016-05-01,2016-05-31,20260209_091728,20260209_091728-0050,1,初回,2016-05-12 03:00:07.237000,108.40900,1.00
2016-05-01,2016-05-31,20260209_091728,20260209_091728-0051,1,初回,2016-05-12 11:53:36.897000,108.55600,1.00
2016-05-01,2016-05-31,20260209_091728,20260209_091728-0052,1,初回,2016-05-12 11:55:27.812000,108.58200,1.00
2016-05-01,2016-05-31,20260209_091728,20260209_091728-0053,1,初回,2016-05-12 12:24:33.227000,108.63500,1.00
2016-05-01,2016-05-31,20260209_091728,20260209_091728-0054,1,初回,2016-05-12 13:51:48.243000,108.81600,1.00
2016-05-01,2016-05-31,20260209_091728,20260209_091728-0055,1,初回,2016-05-12 14:10:20.328000,108.91300,1.00
2016-05-01,2016-05-31,20260209_091728,20260209_091728-0056,1,初回,2016-05-12 15:09:22.019000,108.96600,1.00
2016-05-01,2016-05-31,20260209_091728,20260209_091728-0057,1,初回,2016-05-12 18:41:35.451000,109.18900,1.00
2016-05-01,2016-05-31,20260209_091728,20260209_091728-0058,1,初回,2016-05-12 18:56:31.668000,109.21000,1.00
2016-05-01,2016-05-31,20260209_091728,20260209_091728-0059,1,初回,2016-05-12 19:00:25.982000,109.21500,1.00
2016-05-01,2016-05-31,20260209_091728,20260209_091728-0060,1,初回,2016-05-12 20:59:08.751000,109.34600,1.00
2016-05-01,2016-05-31,20260209_091728,20260209_091728-0061,1,初回,2016-05-12 20:59:09.558000,109.36500,1.00
2016-05-01,2016-05-31,20260209_091728,20260209_091728-0062,1,初回,2016-05-13 11:59:52.295000,108.79400,1.00
2016-05-01,2016-05-31,20260209_091728,20260209_091728-0063,1,初回,2016-05-13 12:01:00.497000,108.76600,1.00
2016-05-01,2016-05-31,20260209_091728,20260209_091728-0064,1,初回,2016-05-13 13:18:26.151000,108.74800,1.00
2016-05-01,2016-05-31,20260209_091728,20260209_091728-0065,1,初回,2016-05-13 15:22:27.704000,108.57000,1.00
2016-05-01,2016-05-31,20260209_091728,20260209_091728-0066,1,初回,2016-05-13 16:00:18.657000,108.55200,1.00
2016-05-01,2016-05-31,20260209_091728,20260209_091728-0067,1,初回,2016-05-13 20:00:09.880000,108.92800,1.00
2016-05-01,2016-05-31,20260209_091728,20260209_091728-0068,1,初回,2016-05-13 21:38:58.837000,109.36500,1.00
2016-05-01,2016-05-31,20260209_091728,20260209_091728-0069,1,初回,2016-05-13 21:39:31.088000,109.42000,1.00
2016-05-01,2016-05-31,20260209_091728,20260209_091728-0070,1,初回,2016-05-13 23:00:34.245000,109.53800,1.00
2016-05-01,2016-05-31,20260209_091728,20260209_091728-0071,1,初回,2016-05-16 19:10:53.532000,108.95200,1.00
2016-05-01,2016-05-31,20260209_091728,20260209_091728-0072,1,初回,2016-05-17 02:23:38.743000,109.04300,1.00
2016-05-01,2016-05-31,20260209_091728,20260209_091728-0073,1,初回,2016-05-17 03:00:02.673000,109.06400,1.00
2016-05-01,2016-05-31,20260209_091728,20260209_091728-0074,1,初回,2016-05-17 14:57:42.975000,109.07500,1.00
2016-05-01,2016-05-31,20260209_091728,20260209_091728-0075,1,初回,2016-05-17 14:57:52.751000,109.16500,1.00
2016-05-01,2016-05-31,20260209_091728,20260209_091728-0076,1,初回,2016-05-17 15:29:19.418000,109.33600,1.00
2016-05-01,2016-05-31,20260209_091728,20260209_091728-0077,1,初回,2016-05-17 16:26:28.372000,109.47300,1.00
2016-05-01,2016-05-31,20260209_091728,20260209_091728-0078,1,初回,2016-05-17 17:43:12.619000,109.62000,1.00
2016-05-01,2016-05-31,20260209_091728,20260209_091728-0079,1,初回,2016-05-17 19:10:00.676000,109.62100,1.00
2016-05-01,2016-05-31,20260209_091728,20260209_091728-0080,1,初回,2016-05-17 23:50:14.038000,108.92300,1.00
2016-05-01,2016-05-31,20260209_091728,20260209_091728-0081,1,初回,2016-05-17 23:50:16.193000,108.88100,1.00
2016-05-01,2016-05-31,20260209_091728,20260209_091728-0082,1,初回,2016-05-18 11:14:33.171000,109.21600,1.00
2016-05-01,2016-05-31,20260209_091728,20260209_091728-0083,1,初回,2016-05-18 11:41:21.907000,109.35800,1.00
2016-05-01,2016-05-31,20260209_091728,20260209_091728-0084,1,初回,2016-05-18 15:59:08.901000,109.48700,1.00
2016-05-01,2016-05-31,20260209_091728,20260209_091728-0085,1,初回,2016-05-18 16:26:12.215000,109.57900,1.00
2016-05-01,2016-05-31,20260209_091728,20260209_091728-0086,1,初回,2016-05-18 22:52:55.044000,109.65500,1.00
2016-05-01,2016-05-31,20260209_091728,20260209_091728-0087,1,初回,2016-05-18 23:06:12.559000,109.81100,1.00
2016-05-01,2016-05-31,20260209_091728,20260209_091728-0088,1,初回,2016-05-19 03:14:29.312000,110.01900,1.00
2016-05-01,2016-05-31,20260209_091728,20260209_091728-0089,1,初回,2016-05-19 04:34:23.648000,110.22400,1.00
2016-05-01,2016-05-31,20260209_091728,20260209_091728-0090,1,初回,2016-05-19 14:30:51.904000,110.24300,1.00
2016-05-01,2016-05-31,20260209_091728,20260209_091728-0091,1,初回,2016-05-19 14:51:21.750000,110.35200,1.00
2016-05-01,2016-05-31,20260209_091728,20260209_091728-0092,1,初回,2016-05-19 20:25:56.322000,109.82200,1.00
2016-05-01,2016-05-31,20260209_091728,20260209_091728-0093,1,初回,2016-05-19 22:59:44.904000,109.80900,1.00
2016-05-01,2016-05-31,20260209_091728,20260209_091728-0094,1,初回,2016-05-19 23:22:10.843000,109.73700,1.00
2016-05-01,2016-05-31,20260209_091728,20260209_091728-0095,1,初回,2016-05-20 15:10:39.577000,110.19300,1.00
2016-05-01,2016-05-31,20260209_091728,20260209_091728-0096,1,初回,2016-05-20 15:10:41.367000,110.24200,1.00
2016-05-01,2016-05-31,20260209_091728,20260209_091728-0097,1,初回,2016-05-20 16:27:44.758000,110.26100,1.00
2016-05-01,2016-05-31,20260209_091728,20260209_091728-0098,1,初回,2016-05-20 17:08:42.862000,110.32700,1.00
2016-05-01,2016-05-31,20260209_091728,20260209_091728-0099,1,初回,2016-05-20 19:34:38.144000,110.36600,1.00
2016-05-01,2016-05-31,20260209_091728,20260209_091728-0100,1,初回,2016-05-20 20:19:05.585000,110.42100,1.00
2016-05-01,2016-05-31,20260209_091728,20260209_091728-0101,1,初回,2016-05-20 22:55:41.469000,110.46800,1.00
2016-05-01,2016-05-31,20260209_091728,20260209_091728-0102,1,初回,2016-05-20 23:15:25.942000,110.55800,1.00
2016-05-01,2016-05-31,20260209_091728,20260209_091728-0103,1,初回,2016-05-21 03:09:34.120000,110.11600,1.00
2016-05-01,2016-05-31,20260209_091728,20260209_091728-0104,1,初回,2016-05-23 15:58:59.623000,109.67700,1.00
2016-05-01,2016-05-31,20260209_091728,20260209_091728-0105,1,初回,2016-05-23 15:59:11.031000,109.64500,1.00
2016-05-01,2016-05-31,20260209_091728,20260209_091728-0106,1,初回,2016-05-23 16:17:11.660000,109.45500,1.00
2016-05-01,2016-05-31,20260209_091728,20260209_091728-0107,1,初回,2016-05-23 18:52:10.762000,109.34400,1.00
2016-05-01,2016-05-31,20260209_091728,20260209_091728-0108,1,初回,2016-05-23 18:52:07.519000,109.36100,1.00
2016-05-01,2016-05-31,20260209_091728,20260209_091728-0109,1,初回,2016-05-24 02:24:57.986000,109.15000,1.00
2016-05-01,2016-05-31,20260209_091728,20260209_091728-0110,1,初回,2016-05-24 18:23:01.911000,109.64700,1.00
2016-05-01,2016-05-31,20260209_091728,20260209_091728-0111,1,初回,2016-05-24 18:39:52.817000,109.68500,1.00
2016-05-01,2016-05-31,20260209_091728,20260209_091728-0112,1,初回,2016-05-24 21:04:58.292000,109.74200,1.00
2016-05-01,2016-05-31,20260209_091728,20260209_091728-0113,1,初回,2016-05-24 22:31:08.836000,109.83700,1.00
2016-05-01,2016-05-31,20260209_091728,20260209_091728-0114,1,初回,2016-05-24 23:38:02.773000,110.02900,1.00
2016-05-01,2016-05-31,20260209_091728,20260209_091728-0115,1,初回,2016-05-25 01:03:36.405000,110.04000,1.00
2016-05-01,2016-05-31,20260209_091728,20260209_091728-0116,1,初回,2016-05-25 02:22:45.472000,110.09700,1.00
2016-05-01,2016-05-31,20260209_091728,20260209_091728-0117,1,初回,2016-05-25 11:00:22.688000,110.15800,1.00
2016-05-01,2016-05-31,20260209_091728,20260209_091728-0118,1,初回,2016-05-25 17:31:21.670000,110.22300,1.00
2016-05-01,2016-05-31,20260209_091728,20260209_091728-0119,1,初回,2016-05-25 17:32:05.391000,110.25000,1.00
2016-05-01,2016-05-31,20260209_091728,20260209_091728-0120,1,初回,2016-05-25 19:40:31.314000,110.25000,1.00
2016-05-01,2016-05-31,20260209_091728,20260209_091728-0121,1,初回,2016-05-25 21:57:14.997000,110.33100,1.00
2016-05-01,2016-05-31,20260209_091728,20260209_091728-0122,1,初回,2016-05-25 22:36:19.292000,110.40000,1.00
2016-05-01,2016-05-31,20260209_091728,20260209_091728-0123,1,初回,2016-05-25 23:26:25.047000,110.41800,1.00
2016-05-01,2016-05-31,20260209_091728,20260209_091728-0124,1,初回,2016-05-26 00:29:05.325000,110.10100,1.00
2016-05-01,2016-05-31,20260209_091728,20260209_091728-0125,1,初回,2016-05-26 03:56:03.744000,110.10200,1.00
2016-05-01,2016-05-31,20260209_091728,20260209_091728-0126,1,初回,2016-05-26 21:30:06.315000,110.18300,1.00
2016-05-01,2016-05-31,20260209_091728,20260209_091728-0127,1,初回,2016-05-26 23:29:38.962000,109.56900,1.00
2016-05-01,2016-05-31,20260209_091728,20260209_091728-0128,1,初回,2016-05-27 12:32:04.394000,109.97200,1.00
2016-05-01,2016-05-31,20260209_091728,20260209_091728-0129,1,初回,2016-05-27 19:31:10.105000,109.59500,1.00
2016-05-01,2016-05-31,20260209_091728,20260209_091728-0130,1,初回,2016-05-27 21:42:54.364000,109.51100,1.00
2016-05-01,2016-05-31,20260209_091728,20260209_091728-0131,1,初回,2016-05-28 00:34:43.834000,109.94600,1.00
2016-05-01,2016-05-31,20260209_091728,20260209_091728-0132,1,初回,2016-05-28 00:35:32.561000,109.97500,1.00
2016-05-01,2016-05-31,20260209_091728,20260209_091728-0133,1,初回,2016-05-28 02:51:10.689000,110.14800,1.00
2016-05-01,2016-05-31,20260209_091728,20260209_091728-0134,1,初回,2016-05-28 03:13:11.933000,110.30200,1.00
2016-05-01,2016-05-31,20260209_091728,20260209_091728-0135,1,初回,2016-05-28 03:33:32.253000,110.41800,1.00
2016-05-01,2016-05-31,20260209_091728,20260209_091728-0136,1,初回,2016-05-30 11:00:36.816000,110.85100,1.00
2016-05-01,2016-05-31,20260209_091728,20260209_091728-0137,1,初回,2016-05-30 11:25:12.516000,110.99300,1.00
2016-05-01,2016-05-31,20260209_091728,20260209_091728-0138,1,初回,2016-05-30 12:18:57.695000,110.99600,1.00
2016-05-01,2016-05-31,20260209_091728,20260209_091728-0139,1,初回,2016-05-30 13:26:09.245000,111.12900,1.00
2016-05-01,2016-05-31,20260209_091728,20260209_091728-0140,1,初回,2016-05-30 14:44:18.365000,111.29400,1.00
2016-05-01,2016-05-31,20260209_091728,20260209_091728-0141,1,初回,2016-05-30 15:14:43.400000,111.35800,1.00
2016-05-01,2016-05-31,20260209_091728,20260209_091728-0142,1,初回,2016-05-30 16:37:54.920000,111.41600,1.00
2016-06-01,2016-06-30,20260209_091820,20260209_091820-0001,1,初回,2016-06-01 16:50:41.873000,110.14200,1.00
2016-06-01,2016-06-30,20260209_091820,20260209_091820-0002,1,初回,2016-06-01 18:18:04.459000,109.68800,1.00
2016-06-01,2016-06-30,20260209_091820,20260209_091820-0003,1,初回,2016-06-01 18:26:26.972000,109.59000,1.00
2016-06-01,2016-06-30,20260209_091820,20260209_091820-0004,1,初回,2016-06-01 19:25:42.725000,109.46800,1.00
2016-06-01,2016-06-30,20260209_091820,20260209_091820-0005,1,初回,2016-06-01 20:54:40.508000,109.21300,1.00
2016-06-01,2016-06-30,20260209_091820,20260209_091820-0006,1,初回,2016-06-01 21:54:53.914000,109.09000,1.00
2016-06-01,2016-06-30,20260209_091820,20260209_091820-0007,1,初回,2016-06-02 11:21:17.124000,108.96200,1.00
2016-06-01,2016-06-30,20260209_091820,20260209_091820-0008,1,初回,2016-06-02 11:24:31.928000,108.86900,1.00
2016-06-01,2016-06-30,20260209_091820,20260209_091820-0009,1,初回,2016-06-02 15:19:38.146000,109.29000,1.00
2016-06-01,2016-06-30,20260209_091820,20260209_091820-0010,1,初回,2016-06-02 17:04:05.064000,108.87000,1.00
2016-06-01,2016-06-30,20260209_091820,20260209_091820-0011,1,初回,2016-06-02 17:03:55.838000,108.88800,1.00
2016-06-01,2016-06-30,20260209_091820,20260209_091820-0012,1,初回,2016-06-02 21:57:00.910000,108.68300,1.00
2016-06-01,2016-06-30,20260209_091820,20260209_091820-0013,1,初回,2016-06-02 22:49:59.715000,108.56300,1.00
2016-06-01,2016-06-30,20260209_091820,20260209_091820-0014,1,初回,2016-06-03 13:51:23.927000,108.53000,1.00
2016-06-01,2016-06-30,20260209_091820,20260209_091820-0015,1,初回,2016-06-03 21:56:20.035000,107.56700,1.00
2016-06-01,2016-06-30,20260209_091820,20260209_091820-0016,1,初回,2016-06-03 22:39:15.770000,107.05000,1.00
2016-06-01,2016-06-30,20260209_091820,20260209_091820-0017,1,初回,2016-06-03 23:30:54.177000,106.72700,1.00
2016-06-01,2016-06-30,20260209_091820,20260209_091820-0018,1,初回,2016-06-04 00:09:41.133000,106.64800,1.00
2016-06-01,2016-06-30,20260209_091820,20260209_091820-0019,1,初回,2016-06-04 02:31:21.367000,106.62000,1.00
2016-06-01,2016-06-30,20260209_091820,20260209_091820-0020,1,初回,2016-06-04 03:00:38.171000,106.58800,1.00
2016-06-01,2016-06-30,20260209_091820,20260209_091820-0021,1,初回,2016-06-06 11:50:39.771000,106.90100,1.00
2016-06-01,2016-06-30,20260209_091820,20260209_091820-0022,1,初回,2016-06-06 11:55:48.673000,107.02200,1.00
2016-06-01,2016-06-30,20260209_091820,20260209_091820-0023,1,初回,2016-06-06 12:14:35.502000,107.15300,1.00
2016-06-01,2016-06-30,20260209_091820,20260209_091820-0024,1,初回,2016-06-06 16:16:40.717000,107.25600,1.00
2016-06-01,2016-06-30,20260209_091820,20260209_091820-0025,1,初回,2016-06-06 23:36:04.744000,107.40900,1.00
2016-06-01,2016-06-30,20260209_091820,20260209_091820-0026,1,初回,2016-06-07 01:30:08.733000,107.54000,1.00
2016-06-01,2016-06-30,20260209_091820,20260209_091820-0027,1,初回,2016-06-07 02:02:40.286000,106.87400,1.00
2016-06-01,2016-06-30,20260209_091820,20260209_091820-0028,1,初回,2016-06-07 04:35:22.376000,107.55600,1.00
2016-06-01,2016-06-30,20260209_091820,20260209_091820-0029,1,初回,2016-06-07 11:24:17.304000,107.62700,1.00
2016-06-01,2016-06-30,20260209_091820,20260209_091820-0030,1,初回,2016-06-07 11:27:28.167000,107.79300,1.00
2016-06-01,2016-06-30,20260209_091820,20260209_091820-0031,1,初回,2016-06-07 12:16:28.330000,107.85600,1.00
2016-06-01,2016-06-30,20260209_091820,20260209_091820-0032,1,初回,2016-06-07 18:44:36.826000,107.87300,1.00
2016-06-01,2016-06-30,20260209_091820,20260209_091820-0033,1,初回,2016-06-07 22:53:23.566000,107.32100,1.00
2016-06-01,2016-06-30,20260209_091820,20260209_091820-0034,1,初回,2016-06-07 23:54:14.493000,107.18400,1.00
2016-06-01,2016-06-30,20260209_091820,20260209_091820-0035,1,初回,2016-06-08 11:00:17.972000,106.76000,1.00
2016-06-01,2016-06-30,20260209_091820,20260209_091820-0036,1,初回,2016-06-08 23:14:56.873000,106.65500,1.00
2016-06-01,2016-06-30,20260209_091820,20260209_091820-0037,1,初回,2016-06-09 00:42:16.137000,106.63400,1.00
2016-06-01,2016-06-30,20260209_091820,20260209_091820-0038,1,初回,2016-06-09 11:54:35.706000,106.55400,1.00
2016-06-01,2016-06-30,20260209_091820,20260209_091820-0039,1,初回,2016-06-09 16:31:36.234000,106.40500,1.00
2016-06-01,2016-06-30,20260209_091820,20260209_091820-0040,1,初回,2016-06-09 16:35:08.999000,106.34000,1.00
2016-06-01,2016-06-30,20260209_091820,20260209_091820-0041,1,初回,2016-06-09 17:25:16.778000,106.29300,1.00
2016-06-01,2016-06-30,20260209_091820,20260209_091820-0042,1,初回,2016-06-10 03:59:44.542000,106.85100,1.00
2016-06-01,2016-06-30,20260209_091820,20260209_091820-0043,1,初回,2016-06-10 04:43:16.813000,107.05700,1.00
2016-06-01,2016-06-30,20260209_091820,20260209_091820-0044,1,初回,2016-06-10 04:43:37.574000,107.14600,1.00
2016-06-01,2016-06-30,20260209_091820,20260209_091820-0045,1,初回,2016-06-10 16:19:15.362000,106.75400,1.00
2016-06-01,2016-06-30,20260209_091820,20260209_091820-0046,1,初回,2016-06-10 16:20:34.126000,106.71200,1.00
2016-06-01,2016-06-30,20260209_091820,20260209_091820-0047,1,初回,2016-06-11 01:13:42.653000,107.11400,1.00
2016-06-01,2016-06-30,20260209_091820,20260209_091820-0048,1,初回,2016-06-11 01:13:43.412000,107.16300,1.00
2016-06-01,2016-06-30,20260209_091820,20260209_091820-0049,1,初回,2016-06-11 03:14:56.486000,106.59400,1.00
2016-06-01,2016-06-30,20260209_091820,20260209_091820-0050,1,初回,2016-06-13 11:01:34.615000,106.10200,1.00
2016-06-01,2016-06-30,20260209_091820,20260209_091820-0051,1,初回,2016-06-13 11:01:27.783000,106.11900,1.00
2016-06-01,2016-06-30,20260209_091820,20260209_091820-0052,1,初回,2016-06-13 13:55:18.311000,105.90300,1.00
2016-06-01,2016-06-30,20260209_091820,20260209_091820-0053,1,初回,2016-06-13 14:10:46.018000,105.84200,1.00
2016-06-01,2016-06-30,20260209_091820,20260209_091820-0054,1,初回,2016-06-13 15:00:13.120000,105.77200,1.00
2016-06-01,2016-06-30,20260209_091820,20260209_091820-0055,1,初回,2016-06-14 11:59:11.760000,105.97400,1.00
2016-06-01,2016-06-30,20260209_091820,20260209_091820-0056,1,初回,2016-06-14 14:00:33.842000,105.87400,1.00
2016-06-01,2016-06-30,20260209_091820,20260209_091820-0057,1,初回,2016-06-14 15:46:20.204000,105.77100,1.00
2016-06-01,2016-06-30,20260209_091820,20260209_091820-0058,1,初回,2016-06-14 15:48:03.750000,105.72200,1.00
2016-06-01,2016-06-30,20260209_091820,20260209_091820-0059,1,初回,2016-06-14 16:08:35.807000,105.66900,1.00
2016-06-01,2016-06-30,20260209_091820,20260209_091820-0060,1,初回,2016-06-14 21:30:04.990000,106.09600,1.00
2016-06-01,2016-06-30,20260209_091820,20260209_091820-0061,1,初回,2016-06-14 22:37:50.450000,106.11700,1.00
2016-06-01,2016-06-30,20260209_091820,20260209_091820-0062,1,初回,2016-06-15 04:46:46.343000,106.15200,1.00
2016-06-01,2016-06-30,20260209_091820,20260209_091820-0063,1,初回,2016-06-15 11:06:20.936000,106.24100,1.00
2016-06-01,2016-06-30,20260209_091820,20260209_091820-0064,1,初回,2016-06-15 11:07:07.396000,106.27900,1.00
2016-06-01,2016-06-30,20260209_091820,20260209_091820-0065,1,初回,2016-06-15 15:08:37.954000,106.31100,1.00
2016-06-01,2016-06-30,20260209_091820,20260209_091820-0066,1,初回,2016-06-15 16:16:44.116000,106.31300,1.00
2016-06-01,2016-06-30,20260209_091820,20260209_091820-0067,1,初回,2016-06-15 17:32:08.774000,106.36500,1.00
2016-06-01,2016-06-30,20260209_091820,20260209_091820-0068,1,初回,2016-06-15 23:57:31.370000,105.88500,1.00
2016-06-01,2016-06-30,20260209_091820,20260209_091820-0069,1,初回,2016-06-15 23:59:38.796000,105.84200,1.00
2016-06-01,2016-06-30,20260209_091820,20260209_091820-0070,1,初回,2016-06-16 00:12:38.637000,105.82600,1.00
2016-06-01,2016-06-30,20260209_091820,20260209_091820-0071,1,初回,2016-06-16 02:59:50.242000,105.74200,1.00
2016-06-01,2016-06-30,20260209_091820,20260209_091820-0072,1,初回,2016-06-16 03:16:37.626000,105.46000,1.00
2016-06-01,2016-06-30,20260209_091820,20260209_091820-0073,1,初回,2016-06-16 04:39:26.873000,106.10300,1.00
2016-06-01,2016-06-30,20260209_091820,20260209_091820-0074,1,初回,2016-06-16 11:20:37.840000,105.58300,1.00
2016-06-01,2016-06-30,20260209_091820,20260209_091820-0075,1,初回,2016-06-16 11:45:46.364000,104.55500,1.00
2016-06-01,2016-06-30,20260209_091820,20260209_091820-0076,1,初回,2016-06-16 13:50:24.008000,104.20300,1.00
2016-06-01,2016-06-30,20260209_091820,20260209_091820-0077,1,初回,2016-06-16 14:18:10.808000,104.04800,1.00
2016-06-01,2016-06-30,20260209_091820,20260209_091820-0078,1,初回,2016-06-16 15:56:35.341000,103.57800,1.00
2016-06-01,2016-06-30,20260209_091820,20260209_091820-0079,1,初回,2016-06-16 16:02:01.186000,103.58900,1.00
2016-06-01,2016-06-30,20260209_091820,20260209_091820-0080,1,初回,2016-06-17 02:11:26.428000,104.57600,1.00
2016-06-01,2016-06-30,20260209_091820,20260209_091820-0081,1,初回,2016-06-17 13:06:40.950000,104.16300,1.00
2016-06-01,2016-06-30,20260209_091820,20260209_091820-0082,1,初回,2016-06-17 13:06:39.930000,104.17000,1.00
2016-06-01,2016-06-30,20260209_091820,20260209_091820-0083,1,初回,2016-06-17 16:16:16.346000,104.12200,1.00
2016-06-01,2016-06-30,20260209_091820,20260209_091820-0084,1,初回,2016-06-20 23:59:00.501000,104.41200,1.00
2016-06-01,2016-06-30,20260209_091820,20260209_091820-0085,1,初回,2016-06-21 00:34:07.767000,104.34000,1.00
2016-06-01,2016-06-30,20260209_091820,20260209_091820-0086,1,初回,2016-06-21 01:13:33.054000,104.22900,1.00
2016-06-01,2016-06-30,20260209_091820,20260209_091820-0087,1,初回,2016-06-21 02:14:23.124000,104.13400,1.00
2016-06-01,2016-06-30,20260209_091820,20260209_091820-0088,1,初回,2016-06-21 02:30:56.354000,103.95300,1.00
2016-06-01,2016-06-30,20260209_091820,20260209_091820-0089,1,初回,2016-06-21 03:34:51.154000,103.85300,1.00
2016-06-01,2016-06-30,20260209_091820,20260209_091820-0090,1,初回,2016-06-21 16:16:03.835000,104.56100,1.00
2016-06-01,2016-06-30,20260209_091820,20260209_091820-0091,1,初回,2016-06-21 18:24:07.488000,104.32100,1.00
2016-06-01,2016-06-30,20260209_091820,20260209_091820-0092,1,初回,2016-06-21 19:39:02.750000,104.61400,1.00
2016-06-01,2016-06-30,20260209_091820,20260209_091820-0093,1,初回,2016-06-21 19:39:03.055000,104.63000,1.00
2016-06-01,2016-06-30,20260209_091820,20260209_091820-0094,1,初回,2016-06-21 20:13:06.569000,104.71700,1.00
2016-06-01,2016-06-30,20260209_091820,20260209_091820-0095,1,初回,2016-06-22 02:30:30.567000,104.75700,1.00
2016-06-01,2016-06-30,20260209_091820,20260209_091820-0096,1,初回,2016-06-22 03:15:23.779000,104.80100,1.00
2016-06-01,2016-06-30,20260209_091820,20260209_091820-0097,1,初回,2016-06-22 03:17:31.431000,104.81300,1.00
2016-06-01,2016-06-30,20260209_091820,20260209_091820-0098,1,初回,2016-06-22 04:23:57.090000,105.04700,1.00
2016-06-01,2016-06-30,20260209_091820,20260209_091820-0099,1,初回,2016-06-22 11:13:35.239000,104.39400,1.00
2016-06-01,2016-06-30,20260209_091820,20260209_091820-0100,1,初回,2016-06-22 16:53:56.101000,104.35600,1.00
2016-06-01,2016-06-30,20260209_091820,20260209_091820-0101,1,初回,2016-06-22 22:49:01.162000,104.62900,1.00
2016-06-01,2016-06-30,20260209_091820,20260209_091820-0102,1,初回,2016-06-22 23:47:40.393000,104.74500,1.00
2016-06-01,2016-06-30,20260209_091820,20260209_091820-0103,1,初回,2016-06-23 02:09:13.592000,104.37600,1.00
2016-06-01,2016-06-30,20260209_091820,20260209_091820-0104,1,初回,2016-06-23 15:10:36.941000,104.06200,1.00
2016-06-01,2016-06-30,20260209_091820,20260209_091820-0105,1,初回,2016-06-23 18:19:25.927000,104.94900,1.00
2016-06-01,2016-06-30,20260209_091820,20260209_091820-0106,1,初回,2016-06-23 18:20:25.479000,105.04800,1.00
2016-06-01,2016-06-30,20260209_091820,20260209_091820-0107,1,初回,2016-06-23 19:44:37.747000,105.83900,1.00
2016-06-01,2016-06-30,20260209_091820,20260209_091820-0108,1,初回,2016-06-23 21:59:03.374000,105.99500,1.00
2016-06-01,2016-06-30,20260209_091820,20260209_091820-0109,1,初回,2016-06-23 21:59:10.921000,105.99800,1.00
2016-06-01,2016-06-30,20260209_091820,20260209_091820-0110,1,初回,2016-06-23 22:00:28.349000,106.00900,1.00
2016-06-01,2016-06-30,20260209_091820,20260209_091820-0111,1,初回,2016-06-24 11:41:26.399000,103.02500,1.00
2016-06-01,2016-06-30,20260209_091820,20260209_091820-0112,1,初回,2016-06-24 11:43:48.375000,98.99500,1.00
2016-06-01,2016-06-30,20260209_091820,20260209_091820-0113,1,初回,2016-06-24 19:27:12.527000,102.58400,1.00
2016-06-01,2016-06-30,20260209_091820,20260209_091820-0114,1,初回,2016-06-24 19:55:29.004000,102.04000,1.00
2016-06-01,2016-06-30,20260209_091820,20260209_091820-0115,1,初回,2016-06-24 20:04:05.038000,102.04000,1.00
2016-06-01,2016-06-30,20260209_091820,20260209_091820-0116,1,初回,2016-06-24 21:12:38.444000,102.75500,1.00
2016-06-01,2016-06-30,20260209_091820,20260209_091820-0117,1,初回,2016-06-24 22:28:14.419000,102.09900,1.00
2016-06-01,2016-06-30,20260209_091820,20260209_091820-0118,1,初回,2016-06-24 23:10:40.785000,102.53100,1.00
2016-06-01,2016-06-30,20260209_091820,20260209_091820-0119,1,初回,2016-06-25 00:01:04.095000,102.09700,1.00
2016-06-01,2016-06-30,20260209_091820,20260209_091820-0120,1,初回,2016-06-27 13:28:30.024000,101.61100,1.00
2016-06-01,2016-06-30,20260209_091820,20260209_091820-0121,1,初回,2016-06-27 13:35:59.381000,101.51300,1.00
2016-06-01,2016-06-30,20260209_091820,20260209_091820-0122,1,初回,2016-06-27 13:35:57.971000,101.51600,1.00
2016-06-01,2016-06-30,20260209_091820,20260209_091820-0123,1,初回,2016-06-27 13:35:58.528000,101.51500,1.00
2016-06-01,2016-06-30,20260209_091820,20260209_091820-0124,1,初回,2016-06-27 16:07:55.493000,102.15300,1.00
2016-06-01,2016-06-30,20260209_091820,20260209_091820-0125,1,初回,2016-06-27 17:06:48.901000,102.15400,1.00
2016-06-01,2016-06-30,20260209_091820,20260209_091820-0126,1,初回,2016-06-27 18:41:08.084000,101.68300,1.00
2016-06-01,2016-06-30,20260209_091820,20260209_091820-0127,1,初回,2016-06-27 19:32:47.570000,101.53100,1.00
2016-06-01,2016-06-30,20260209_091820,20260209_091820-0128,1,初回,2016-06-27 20:51:32.627000,101.43600,1.00
2016-06-01,2016-06-30,20260209_091820,20260209_091820-0129,1,初回,2016-06-28 04:48:51.046000,102.09500,1.00
2016-06-01,2016-06-30,20260209_091820,20260209_091820-0130,1,初回,2016-06-28 11:48:22.520000,102.13400,1.00
2016-06-01,2016-06-30,20260209_091820,20260209_091820-0131,1,初回,2016-06-28 11:48:27.889000,102.14600,1.00
2016-06-01,2016-06-30,20260209_091820,20260209_091820-0132,1,初回,2016-06-28 12:12:36.521000,102.17600,1.00
2016-06-01,2016-06-30,20260209_091820,20260209_091820-0133,1,初回,2016-06-28 16:36:36.687000,102.29500,1.00
2016-06-01,2016-06-30,20260209_091820,20260209_091820-0134,1,初回,2016-06-28 17:11:14.343000,102.31100,1.00
2016-06-01,2016-06-30,20260209_091820,20260209_091820-0135,1,初回,2016-06-28 18:50:59.936000,102.38900,1.00
2016-06-01,2016-06-30,20260209_091820,20260209_091820-0136,1,初回,2016-06-28 21:12:51.579000,102.41500,1.00
2016-06-01,2016-06-30,20260209_091820,20260209_091820-0137,1,初回,2016-06-28 21:42:34.265000,102.44000,1.00
2016-06-01,2016-06-30,20260209_091820,20260209_091820-0138,1,初回,2016-06-28 22:58:51.391000,102.53000,1.00
2016-06-01,2016-06-30,20260209_091820,20260209_091820-0139,1,初回,2016-06-28 23:32:32.164000,102.76500,1.00
2016-06-01,2016-06-30,20260209_091820,20260209_091820-0140,1,初回,2016-06-29 00:02:45.796000,102.77000,1.00
2016-06-01,2016-06-30,20260209_091820,20260209_091820-0141,1,初回,2016-06-29 03:50:29.130000,102.81500,1.00
2016-06-01,2016-06-30,20260209_091820,20260209_091820-0142,1,初回,2016-06-30 04:31:17.162000,102.81100,1.00
2016-06-01,2016-06-30,20260209_091820,20260209_091820-0143,1,初回,2016-06-30 04:47:49.845000,102.83600,1.00
2016-06-01,2016-06-30,20260209_091820,20260209_091820-0144,1,初回,2016-06-30 14:13:55.464000,102.64600,1.00
2016-06-01,2016-06-30,20260209_091820,20260209_091820-0145,1,初回,2016-06-30 14:21:34.643000,102.61700,1.00
2016-06-01,2016-06-30,20260209_091820,20260209_091820-0146,1,初回,2016-06-30 15:34:10.812000,102.48900,1.00
2016-06-01,2016-06-30,20260209_091820,20260209_091820-0147,1,初回,2016-06-30 16:15:30.746000,102.49100,1.00
2016-06-01,2016-06-30,20260209_091820,20260209_091820-0148,1,初回,2016-06-30 18:05:38.464000,102.86300,1.00
2016-06-01,2016-06-30,20260209_091820,20260209_091820-0149,1,初回,2016-06-30 19:33:35.009000,102.89200,1.00
2016-06-01,2016-06-30,20260209_091820,20260209_091820-0150,1,初回,2016-06-30 23:39:05.823000,102.93800,1.00
2016-07-01,2016-07-31,20260209_091940,20260209_091940-0001,1,初回,2016-07-01 16:45:02.916000,102.48200,1.00
2016-07-01,2016-07-31,20260209_091940,20260209_091940-0002,1,初回,2016-07-04 11:55:54.159000,102.74300,1.00
2016-07-01,2016-07-31,20260209_091940,20260209_091940-0003,1,初回,2016-07-04 12:03:39.984000,102.77200,1.00
2016-07-01,2016-07-31,20260209_091940,20260209_091940-0004,1,初回,2016-07-05 11:31:14.396000,102.07400,1.00
2016-07-01,2016-07-31,20260209_091940,20260209_091940-0005,1,初回,2016-07-05 11:32:29.404000,102.04200,1.00
2016-07-01,2016-07-31,20260209_091940,20260209_091940-0006,1,初回,2016-07-05 13:47:48.949000,102.02700,1.00
2016-07-01,2016-07-31,20260209_091940,20260209_091940-0007,1,初回,2016-07-05 14:06:34.478000,102.02600,1.00
2016-07-01,2016-07-31,20260209_091940,20260209_091940-0008,1,初回,2016-07-05 15:06:20.760000,101.89600,1.00
2016-07-01,2016-07-31,20260209_091940,20260209_091940-0009,1,初回,2016-07-05 16:37:24.852000,101.74500,1.00
2016-07-01,2016-07-31,20260209_091940,20260209_091940-0010,1,初回,2016-07-05 17:36:52.219000,101.69500,1.00
2016-07-01,2016-07-31,20260209_091940,20260209_091940-0011,1,初回,2016-07-05 19:00:09.853000,101.68500,1.00
2016-07-01,2016-07-31,20260209_091940,20260209_091940-0012,1,初回,2016-07-05 21:57:57.436000,101.65800,1.00
2016-07-01,2016-07-31,20260209_091940,20260209_091940-0013,1,初回,2016-07-05 22:51:01.779000,101.58200,1.00
2016-07-01,2016-07-31,20260209_091940,20260209_091940-0014,1,初回,2016-07-05 23:10:28.018000,101.48500,1.00
2016-07-01,2016-07-31,20260209_091940,20260209_091940-0015,1,初回,2016-07-06 11:02:23.623000,100.83100,1.00
2016-07-01,2016-07-31,20260209_091940,20260209_091940-0016,1,初回,2016-07-06 11:13:12.097000,100.61300,1.00
2016-07-01,2016-07-31,20260209_091940,20260209_091940-0017,1,初回,2016-07-06 12:36:58.654000,101.01600,1.00
2016-07-01,2016-07-31,20260209_091940,20260209_091940-0018,1,初回,2016-07-06 14:40:19.984000,101.11300,1.00
2016-07-01,2016-07-31,20260209_091940,20260209_091940-0019,1,初回,2016-07-06 15:33:49.020000,101.21300,1.00
2016-07-01,2016-07-31,20260209_091940,20260209_091940-0020,1,初回,2016-07-06 17:44:13.015000,100.64900,1.00
2016-07-01,2016-07-31,20260209_091940,20260209_091940-0021,1,初回,2016-07-06 17:46:38.326000,100.63600,1.00
2016-07-01,2016-07-31,20260209_091940,20260209_091940-0022,1,初回,2016-07-06 18:09:48.337000,100.43700,1.00
2016-07-01,2016-07-31,20260209_091940,20260209_091940-0023,1,初回,2016-07-06 19:33:13.134000,100.23800,1.00
2016-07-01,2016-07-31,20260209_091940,20260209_091940-0024,1,初回,2016-07-06 23:04:26.771000,101.12600,1.00
2016-07-01,2016-07-31,20260209_091940,20260209_091940-0025,1,初回,2016-07-07 01:06:28.664000,101.41600,1.00
2016-07-01,2016-07-31,20260209_091940,20260209_091940-0026,1,初回,2016-07-07 02:00:25.603000,101.43500,1.00
2016-07-01,2016-07-31,20260209_091940,20260209_091940-0027,1,初回,2016-07-07 11:05:21.974000,100.78900,1.00
2016-07-01,2016-07-31,20260209_091940,20260209_091940-0028,1,初回,2016-07-07 11:05:40.898000,100.79100,1.00
2016-07-01,2016-07-31,20260209_091940,20260209_091940-0029,1,初回,2016-07-07 14:45:12.350000,100.70000,1.00
2016-07-01,2016-07-31,20260209_091940,20260209_091940-0030,1,初回,2016-07-07 15:11:22.248000,100.66300,1.00
2016-07-01,2016-07-31,20260209_091940,20260209_091940-0031,1,初回,2016-07-07 19:20:24.833000,101.16400,1.00
2016-07-01,2016-07-31,20260209_091940,20260209_091940-0032,1,初回,2016-07-07 21:55:34.370000,101.22300,1.00
2016-07-01,2016-07-31,20260209_091940,20260209_091940-0033,1,初回,2016-07-07 21:52:22.738000,101.19900,1.00
2016-07-01,2016-07-31,20260209_091940,20260209_091940-0034,1,初回,2016-07-08 02:02:32.697000,100.63500,1.00
2016-07-01,2016-07-31,20260209_091940,20260209_091940-0035,1,初回,2016-07-08 00:54:02.333000,100.63800,1.00
2016-07-01,2016-07-31,20260209_091940,20260209_091940-0036,1,初回,2016-07-08 12:57:16.502000,100.28000,1.00
2016-07-01,2016-07-31,20260209_091940,20260209_091940-0037,1,初回,2016-07-08 13:09:48.012000,100.28000,1.00
2016-07-01,2016-07-31,20260209_091940,20260209_091940-0038,1,初回,2016-07-08 18:31:51.591000,100.72500,1.00
2016-07-01,2016-07-31,20260209_091940,20260209_091940-0039,1,初回,2016-07-08 21:29:52.562000,100.26000,1.00
2016-07-01,2016-07-31,20260209_091940,20260209_091940-0040,1,初回,2016-07-08 21:30:03.515000,100.94600,1.00
2016-07-01,2016-07-31,20260209_091940,20260209_091940-0041,1,初回,2016-07-08 21:30:12.313000,101.25400,1.00
2016-07-01,2016-07-31,20260209_091940,20260209_091940-0042,1,初回,2016-07-08 22:15:15.180000,100.02700,1.00
2016-07-01,2016-07-31,20260209_091940,20260209_091940-0043,1,初回,2016-07-11 13:07:33.776000,100.85500,1.00
2016-07-01,2016-07-31,20260209_091940,20260209_091940-0044,1,初回,2016-07-11 13:54:08.146000,101.22300,1.00
2016-07-01,2016-07-31,20260209_091940,20260209_091940-0045,1,初回,2016-07-11 13:58:19.149000,101.24800,1.00
2016-07-01,2016-07-31,20260209_091940,20260209_091940-0046,1,初回,2016-07-11 14:28:47.121000,101.50600,1.00
2016-07-01,2016-07-31,20260209_091940,20260209_091940-0047,1,初回,2016-07-11 15:07:15.996000,101.74200,1.00
2016-07-01,2016-07-31,20260209_091940,20260209_091940-0048,1,初回,2016-07-11 15:35:29.122000,101.92200,1.00
2016-07-01,2016-07-31,20260209_091940,20260209_091940-0049,1,初回,2016-07-11 16:34:08.117000,102.11300,1.00
2016-07-01,2016-07-31,20260209_091940,20260209_091940-0050,1,初回,2016-07-11 17:51:51.110000,102.18600,1.00
2016-07-01,2016-07-31,20260209_091940,20260209_091940-0051,1,初回,2016-07-11 18:35:48.468000,102.20100,1.00
2016-07-01,2016-07-31,20260209_091940,20260209_091940-0052,1,初回,2016-07-11 19:42:50.919000,102.36600,1.00
2016-07-01,2016-07-31,20260209_091940,20260209_091940-0053,1,初回,2016-07-11 20:09:45.304000,102.44900,1.00
2016-07-01,2016-07-31,20260209_091940,20260209_091940-0054,1,初回,2016-07-11 21:37:59.614000,102.55500,1.00
2016-07-01,2016-07-31,20260209_091940,20260209_091940-0055,1,初回,2016-07-11 21:56:46.567000,102.63200,1.00
2016-07-01,2016-07-31,20260209_091940,20260209_091940-0056,1,初回,2016-07-11 23:38:50.404000,102.66900,1.00
2016-07-01,2016-07-31,20260209_091940,20260209_091940-0057,1,初回,2016-07-12 00:06:39.242000,102.67800,1.00
2016-07-01,2016-07-31,20260209_091940,20260209_091940-0058,1,初回,2016-07-12 01:36:39.597000,102.77200,1.00
2016-07-01,2016-07-31,20260209_091940,20260209_091940-0059,1,初回,2016-07-12 01:38:19.980000,102.78100,1.00
2016-07-01,2016-07-31,20260209_091940,20260209_091940-0060,1,初回,2016-07-12 02:16:22.696000,102.85200,1.00
2016-07-01,2016-07-31,20260209_091940,20260209_091940-0061,1,初回,2016-07-12 15:13:40.152000,103.25600,1.00
2016-07-01,2016-07-31,20260209_091940,20260209_091940-0062,1,初回,2016-07-12 15:39:26.297000,103.36600,1.00
2016-07-01,2016-07-31,20260209_091940,20260209_091940-0063,1,初回,2016-07-12 15:41:33.630000,103.48100,1.00
2016-07-01,2016-07-31,20260209_091940,20260209_091940-0064,1,初回,2016-07-12 16:25:15.645000,103.60800,1.00
2016-07-01,2016-07-31,20260209_091940,20260209_091940-0065,1,初回,2016-07-12 18:58:53.308000,103.85300,1.00
2016-07-01,2016-07-31,20260209_091940,20260209_091940-0066,1,初回,2016-07-12 19:00:18.104000,103.89400,1.00
2016-07-01,2016-07-31,20260209_091940,20260209_091940-0067,1,初回,2016-07-12 20:46:21.348000,103.92100,1.00
2016-07-01,2016-07-31,20260209_091940,20260209_091940-0068,1,初回,2016-07-12 21:59:42.354000,104.20700,1.00
2016-07-01,2016-07-31,20260209_091940,20260209_091940-0069,1,初回,2016-07-12 22:41:18.312000,104.63000,1.00
2016-07-01,2016-07-31,20260209_091940,20260209_091940-0070,1,初回,2016-07-12 23:02:10.452000,104.63600,1.00
2016-07-01,2016-07-31,20260209_091940,20260209_091940-0071,1,初回,2016-07-13 00:44:27.516000,104.77200,1.00
2016-07-01,2016-07-31,20260209_091940,20260209_091940-0072,1,初回,2016-07-13 01:32:32.686000,104.91700,1.00
2016-07-01,2016-07-31,20260209_091940,20260209_091940-0073,1,初回,2016-07-13 02:01:50.335000,104.95600,1.00
2016-07-01,2016-07-31,20260209_091940,20260209_091940-0074,1,初回,2016-07-13 11:00:54.449000,104.29600,1.00
2016-07-01,2016-07-31,20260209_091940,20260209_091940-0075,1,初回,2016-07-13 11:34:26.594000,103.98200,1.00
2016-07-01,2016-07-31,20260209_091940,20260209_091940-0076,1,初回,2016-07-13 19:59:15.696000,104.79200,1.00
2016-07-01,2016-07-31,20260209_091940,20260209_091940-0077,1,初回,2016-07-13 20:01:06.453000,104.83200,1.00
2016-07-01,2016-07-31,20260209_091940,20260209_091940-0078,1,初回,2016-07-13 22:50:05.763000,104.20500,1.00
2016-07-01,2016-07-31,20260209_091940,20260209_091940-0079,1,初回,2016-07-13 23:58:11.432000,104.19200,1.00
2016-07-01,2016-07-31,20260209_091940,20260209_091940-0080,1,初回,2016-07-14 00:52:50.425000,103.94200,1.00
2016-07-01,2016-07-31,20260209_091940,20260209_091940-0081,1,初回,2016-07-14 11:41:39.884000,104.52300,1.00
2016-07-01,2016-07-31,20260209_091940,20260209_091940-0082,1,初回,2016-07-14 11:46:54.260000,104.61600,1.00
2016-07-01,2016-07-31,20260209_091940,20260209_091940-0083,1,初回,2016-07-14 11:55:25.664000,104.64400,1.00
2016-07-01,2016-07-31,20260209_091940,20260209_091940-0084,1,初回,2016-07-14 12:08:49.153000,104.75900,1.00
2016-07-01,2016-07-31,20260209_091940,20260209_091940-0085,1,初回,2016-07-14 14:47:07.122000,104.95600,1.00
2016-07-01,2016-07-31,20260209_091940,20260209_091940-0086,1,初回,2016-07-14 14:57:25.859000,105.36900,1.00
2016-07-01,2016-07-31,20260209_091940,20260209_091940-0087,1,初回,2016-07-14 15:27:21.449000,105.71600,1.00
2016-07-01,2016-07-31,20260209_091940,20260209_091940-0088,1,初回,2016-07-14 18:56:06.202000,105.89000,1.00
2016-07-01,2016-07-31,20260209_091940,20260209_091940-0089,1,初回,2016-07-14 19:00:12.147000,105.90700,1.00
2016-07-01,2016-07-31,20260209_091940,20260209_091940-0090,1,初回,2016-07-15 11:00:09.952000,105.86500,1.00
2016-07-01,2016-07-31,20260209_091940,20260209_091940-0091,1,初回,2016-07-15 11:44:47.579000,106.29600,1.00
2016-07-01,2016-07-31,20260209_091940,20260209_091940-0092,1,初回,2016-07-15 17:10:15.181000,105.98900,1.00
2016-07-01,2016-07-31,20260209_091940,20260209_091940-0093,1,初回,2016-07-15 18:30:12.041000,106.11900,1.00
2016-07-01,2016-07-31,20260209_091940,20260209_091940-0094,1,初回,2016-07-15 19:34:58.220000,105.60200,1.00
2016-07-01,2016-07-31,20260209_091940,20260209_091940-0095,1,初回,2016-07-15 21:31:22.859000,106.09100,1.00
2016-07-01,2016-07-31,20260209_091940,20260209_091940-0096,1,初回,2016-07-16 01:38:07.238000,105.24800,1.00
2016-07-01,2016-07-31,20260209_091940,20260209_091940-0097,1,初回,2016-07-16 04:30:40.019000,105.66300,1.00
2016-07-01,2016-07-31,20260209_091940,20260209_091940-0098,1,初回,2016-07-18 22:42:18.052000,105.35600,1.00
2016-07-01,2016-07-31,20260209_091940,20260209_091940-0099,1,初回,2016-07-18 22:42:53.589000,105.31000,1.00
2016-07-01,2016-07-31,20260209_091940,20260209_091940-0100,1,初回,2016-07-19 00:08:23.132000,105.98500,1.00
2016-07-01,2016-07-31,20260209_091940,20260209_091940-0101,1,初回,2016-07-19 00:23:33.616000,106.16900,1.00
2016-07-01,2016-07-31,20260209_091940,20260209_091940-0102,1,初回,2016-07-19 02:01:22.317000,106.23400,1.00
2016-07-01,2016-07-31,20260209_091940,20260209_091940-0103,1,初回,2016-07-19 11:00:13.503000,105.72000,1.00
2016-07-01,2016-07-31,20260209_091940,20260209_091940-0104,1,初回,2016-07-19 13:29:32.548000,105.68000,1.00
2016-07-01,2016-07-31,20260209_091940,20260209_091940-0105,1,初回,2016-07-19 16:22:55.912000,106.14700,1.00
2016-07-01,2016-07-31,20260209_091940,20260209_091940-0106,1,初回,2016-07-19 18:55:43.365000,106.19800,1.00
2016-07-01,2016-07-31,20260209_091940,20260209_091940-0107,1,初回,2016-07-19 20:30:46.697000,106.23500,1.00
2016-07-01,2016-07-31,20260209_091940,20260209_091940-0108,1,初回,2016-07-19 21:09:44.943000,106.30100,1.00
2016-07-01,2016-07-31,20260209_091940,20260209_091940-0109,1,初回,2016-07-19 21:41:19.936000,106.50300,1.00
2016-07-01,2016-07-31,20260209_091940,20260209_091940-0110,1,初回,2016-07-20 03:23:54.803000,105.91800,1.00
2016-07-01,2016-07-31,20260209_091940,20260209_091940-0111,1,初回,2016-07-20 03:23:47.838000,105.92700,1.00
2016-07-01,2016-07-31,20260209_091940,20260209_091940-0112,1,初回,2016-07-20 15:11:29.822000,106.23000,1.00
2016-07-01,2016-07-31,20260209_091940,20260209_091940-0113,1,初回,2016-07-20 15:15:05.841000,106.27500,1.00
2016-07-01,2016-07-31,20260209_091940,20260209_091940-0114,1,初回,2016-07-20 16:50:32.431000,106.36300,1.00
2016-07-01,2016-07-31,20260209_091940,20260209_091940-0115,1,初回,2016-07-20 17:15:08.773000,106.44800,1.00
2016-07-01,2016-07-31,20260209_091940,20260209_091940-0116,1,初回,2016-07-20 18:48:52.639000,106.68900,1.00
2016-07-01,2016-07-31,20260209_091940,20260209_091940-0117,1,初回,2016-07-20 23:59:03.090000,106.70700,1.00
2016-07-01,2016-07-31,20260209_091940,20260209_091940-0118,1,初回,2016-07-21 00:09:41.977000,106.78500,1.00
2016-07-01,2016-07-31,20260209_091940,20260209_091940-0119,1,初回,2016-07-21 02:45:26.971000,106.89700,1.00
2016-07-01,2016-07-31,20260209_091940,20260209_091940-0120,1,初回,2016-07-21 04:37:47.586000,106.99000,1.00
2016-07-01,2016-07-31,20260209_091940,20260209_091940-0121,1,初回,2016-07-21 14:15:40.121000,106.90700,1.00
2016-07-01,2016-07-31,20260209_091940,20260209_091940-0122,1,初回,2016-07-21 16:43:13.937000,106.78800,1.00
2016-07-01,2016-07-31,20260209_091940,20260209_091940-0123,1,初回,2016-07-21 17:35:57.710000,105.95000,1.00
2016-07-01,2016-07-31,20260209_091940,20260209_091940-0124,1,初回,2016-07-21 17:47:14.692000,105.86800,1.00
2016-07-01,2016-07-31,20260209_091940,20260209_091940-0125,1,初回,2016-07-21 17:47:14.485000,105.87700,1.00
2016-07-01,2016-07-31,20260209_091940,20260209_091940-0126,1,初回,2016-07-21 18:35:45.275000,105.45700,1.00
2016-07-01,2016-07-31,20260209_091940,20260209_091940-0127,1,初回,2016-07-22 01:31:37.189000,105.73800,1.00
2016-07-01,2016-07-31,20260209_091940,20260209_091940-0128,1,初回,2016-07-22 04:23:09.641000,105.69400,1.00
2016-07-01,2016-07-31,20260209_091940,20260209_091940-0129,1,初回,2016-07-22 14:07:13.927000,105.67600,1.00
2016-07-01,2016-07-31,20260209_091940,20260209_091940-0130,1,初回,2016-07-22 18:10:34.656000,106.23000,1.00
2016-07-01,2016-07-31,20260209_091940,20260209_091940-0131,1,初回,2016-07-22 18:10:42.147000,106.25600,1.00
2016-07-01,2016-07-31,20260209_091940,20260209_091940-0132,1,初回,2016-07-23 00:02:21.506000,106.37100,1.00
2016-07-01,2016-07-31,20260209_091940,20260209_091940-0133,1,初回,2016-07-25 15:12:25.023000,106.07200,1.00
2016-07-01,2016-07-31,20260209_091940,20260209_091940-0134,1,初回,2016-07-25 15:23:17.639000,106.05100,1.00
2016-07-01,2016-07-31,20260209_091940,20260209_091940-0135,1,初回,2016-07-25 23:29:41.195000,105.94400,1.00
2016-07-01,2016-07-31,20260209_091940,20260209_091940-0136,1,初回,2016-07-26 01:31:41.381000,105.88100,1.00
2016-07-01,2016-07-31,20260209_091940,20260209_091940-0137,1,初回,2016-07-26 02:00:26.916000,105.85400,1.00
2016-07-01,2016-07-31,20260209_091940,20260209_091940-0138,1,初回,2016-07-26 03:16:28.138000,105.78000,1.00
2016-07-01,2016-07-31,20260209_091940,20260209_091940-0139,1,初回,2016-07-26 11:01:05.846000,104.79900,1.00
2016-07-01,2016-07-31,20260209_091940,20260209_091940-0140,1,初回,2016-07-26 11:05:30.072000,104.66500,1.00
2016-07-01,2016-07-31,20260209_091940,20260209_091940-0141,1,初回,2016-07-26 11:05:05.501000,104.66900,1.00
2016-07-01,2016-07-31,20260209_091940,20260209_091940-0142,1,初回,2016-07-26 13:27:42.532000,104.66500,1.00
2016-07-01,2016-07-31,20260209_091940,20260209_091940-0143,1,初回,2016-07-26 13:29:38.947000,104.31000,1.00
2016-07-01,2016-07-31,20260209_091940,20260209_091940-0144,1,初回,2016-07-26 15:23:59.191000,104.26900,1.00
2016-07-01,2016-07-31,20260209_091940,20260209_091940-0145,1,初回,2016-07-26 16:50:51.093000,104.10100,1.00
2016-07-01,2016-07-31,20260209_091940,20260209_091940-0146,1,初回,2016-07-26 16:57:01.788000,104.03300,1.00
2016-07-01,2016-07-31,20260209_091940,20260209_091940-0147,1,初回,2016-07-26 23:48:58.359000,104.78300,1.00
2016-07-01,2016-07-31,20260209_091940,20260209_091940-0148,1,初回,2016-07-27 00:51:41.591000,104.80000,1.00
2016-07-01,2016-07-31,20260209_091940,20260209_091940-0149,1,初回,2016-07-27 01:06:59.266000,104.87600,1.00
2016-07-01,2016-07-31,20260209_091940,20260209_091940-0150,1,初回,2016-07-27 01:07:09.955000,104.90300,1.00
2016-07-01,2016-07-31,20260209_091940,20260209_091940-0151,1,初回,2016-07-27 02:09:30.764000,104.95200,1.00
2016-07-01,2016-07-31,20260209_091940,20260209_091940-0152,1,初回,2016-07-27 11:07:59.908000,105.20100,1.00
2016-07-01,2016-07-31,20260209_091940,20260209_091940-0153,1,初回,2016-07-27 11:59:48.713000,105.53500,1.00
2016-07-01,2016-07-31,20260209_091940,20260209_091940-0154,1,初回,2016-07-27 12:26:46.554000,106.39100,1.00
2016-07-01,2016-07-31,20260209_091940,20260209_091940-0155,1,初回,2016-07-27 12:28:59.353000,106.51500,1.00
2016-07-01,2016-07-31,20260209_091940,20260209_091940-0156,1,初回,2016-07-27 13:56:05.266000,105.14100,1.00
2016-07-01,2016-07-31,20260209_091940,20260209_091940-0157,1,初回,2016-07-27 14:05:15.044000,106.11600,1.00
2016-07-01,2016-07-31,20260209_091940,20260209_091940-0158,1,初回,2016-07-27 23:11:59.430000,105.83800,1.00
2016-07-01,2016-07-31,20260209_091940,20260209_091940-0159,1,初回,2016-07-27 23:12:36.850000,105.85300,1.00
2016-07-01,2016-07-31,20260209_091940,20260209_091940-0160,1,初回,2016-07-28 03:01:22.500000,106.01300,1.00
2016-07-01,2016-07-31,20260209_091940,20260209_091940-0161,1,初回,2016-07-28 03:59:58.497000,105.37000,1.00
2016-07-01,2016-07-31,20260209_091940,20260209_091940-0162,1,初回,2016-07-28 04:58:32.073000,105.25200,1.00
2016-07-01,2016-07-31,20260209_091940,20260209_091940-0163,1,初回,2016-07-28 13:40:11.293000,104.67900,1.00
2016-07-01,2016-07-31,20260209_091940,20260209_091940-0164,1,初回,2016-07-28 13:40:12.195000,104.65800,1.00
2016-07-01,2016-07-31,20260209_091940,20260209_091940-0165,1,初回,2016-07-28 15:10:12.842000,104.58500,1.00
2016-07-01,2016-07-31,20260209_091940,20260209_091940-0166,1,初回,2016-07-28 15:10:14.120000,104.50400,1.00
2016-07-01,2016-07-31,20260209_091940,20260209_091940-0167,1,初回,2016-07-29 02:48:51.054000,105.03400,1.00
2016-07-01,2016-07-31,20260209_091940,20260209_091940-0168,1,初回,2016-07-29 02:56:46.963000,105.23100,1.00
2016-07-01,2016-07-31,20260209_091940,20260209_091940-0169,1,初回,2016-07-29 03:01:14.661000,105.26800,1.00
2016-07-01,2016-07-31,20260209_091940,20260209_091940-0170,1,初回,2016-07-29 03:39:23.788000,105.47200,1.00
2016-07-01,2016-07-31,20260209_091940,20260209_091940-0171,1,初回,2016-07-29 12:44:10.994000,105.59000,1.00
2016-07-01,2016-07-31,20260209_091940,20260209_091940-0172,1,初回,2016-07-29 12:44:31.034000,103.37200,1.00
2016-07-01,2016-07-31,20260209_091940,20260209_091940-0173,1,初回,2016-07-29 12:44:44.211000,102.85500,1.00
2016-07-01,2016-07-31,20260209_091940,20260209_091940-0174,1,初回,2016-07-29 12:51:16.774000,102.74000,1.00
2016-07-01,2016-07-31,20260209_091940,20260209_091940-0175,1,初回,2016-07-29 15:37:43.700000,103.17400,1.00
2016-07-01,2016-07-31,20260209_091940,20260209_091940-0176,1,初回,2016-07-29 16:50:37.887000,103.71200,1.00
2016-07-01,2016-07-31,20260209_091940,20260209_091940-0177,1,初回,2016-07-29 17:11:54.494000,103.79300,1.00
2016-07-01,2016-07-31,20260209_091940,20260209_091940-0178,1,初回,2016-07-29 17:16:00.267000,103.94000,1.00
2016-07-01,2016-07-31,20260209_091940,20260209_091940-0179,1,初回,2016-07-29 20:12:08.942000,103.27500,1.00
2016-07-01,2016-07-31,20260209_091940,20260209_091940-0180,1,初回,2016-07-29 20:12:18.625000,103.27300,1.00
2016-07-01,2016-07-31,20260209_091940,20260209_091940-0181,1,初回,2016-07-29 21:55:54.342000,102.78600,1.00
2016-07-01,2016-07-31,20260209_091940,20260209_091940-0182,1,初回,2016-07-29 22:02:08.497000,102.74000,1.00
2016-07-01,2016-07-31,20260209_091940,20260209_091940-0183,1,初回,2016-07-29 22:04:52.491000,102.65800,1.00
2016-07-01,2016-07-31,20260209_091940,20260209_091940-0184,1,初回,2016-07-29 23:58:27.678000,102.51200,1.00
2016-07-01,2016-07-31,20260209_091940,20260209_091940-0185,1,初回,2016-07-30 00:02:03.525000,102.29400,1.00
2016-07-01,2016-07-31,20260209_091940,20260209_091940-0186,1,初回,2016-07-30 01:16:41.817000,102.16200,1.00
2016-07-01,2016-07-31,20260209_091940,20260209_091940-0187,1,初回,2016-07-30 02:51:58.990000,102.05800,1.00
2016-07-01,2016-07-31,20260209_091940,20260209_091940-0188,1,初回,2016-07-30 03:18:33.974000,102.01200,1.00
