開始日,終了日,実行ID,取引ID,in時刻,out時刻,方向,in価格,out価格,ロット合計,損益,累計損益,in理由,out理由,ライン種別,ナンピン回数,平均in価格
2016-01-01,2016-01-31,20260209_091421,20260209_091421-0001,2016-01-04 11:00:10.510000,2016-01-04 11:00:23.935000,買い,120.04500,119.99500,1.00,-5.00,-5.00,水平線手前,損切,支持抵抗,0,120.04500
2016-01-01,2016-01-31,20260209_091421,20260209_091421-0002,2016-01-04 12:43:55.319000,2016-01-04 13:15:59.509000,買い,119.68600,119.63600,1.00,-5.00,-10.00,水平線手前,損切,支持抵抗,0,119.68600
2016-01-01,2016-01-31,20260209_091421,20260209_091421-0003,2016-01-04 11:36:56.272000,2016-01-04 13:16:00.890000,買い,119.67900,119.62900,1.00,-5.00,-15.00,水平線手前,損切,支持抵抗,0,119.67900
2016-01-01,2016-01-31,20260209_091421,20260209_091421-0004,2016-01-04 13:29:22.061000,2016-01-04 14:16:05.902000,買い,119.51200,119.46200,1.00,-5.00,-20.00,水平線手前,損切,支持抵抗,0,119.51200
2016-01-01,2016-01-31,20260209_091421,20260209_091421-0005,2016-01-04 14:47:18.048000,2016-01-04 15:27:58.630000,買い,119.27900,119.42900,1.00,15.00,-5.00,水平線手前,利確,支持抵抗,0,119.27900
2016-01-01,2016-01-31,20260209_091421,20260209_091421-0006,2016-01-04 16:51:36.183000,2016-01-04 17:03:44.816000,買い,118.93300,118.88300,1.00,-5.00,-10.00,水平線手前,損切,支持抵抗,0,118.93300
2016-01-01,2016-01-31,20260209_091421,20260209_091421-0007,2016-01-04 17:17:05.925000,2016-01-04 17:32:33.676000,買い,118.74200,118.89200,1.00,15.00,5.00,水平線手前,利確,支持抵抗,0,118.74200
2016-01-01,2016-01-31,20260209_091421,20260209_091421-0008,2016-01-05 18:17:40.839000,2016-01-05 18:20:58.361000,買い,119.04100,118.99100,1.00,-5.00,0.00,水平線手前,損切,支持抵抗,0,119.04100
2016-01-01,2016-01-31,20260209_091421,20260209_091421-0009,2016-01-05 18:20:58.464000,2016-01-05 19:01:15.286000,買い,119.00000,118.95000,1.00,-5.00,-5.00,水平線手前,損切,支持抵抗,0,119.00000
2016-01-01,2016-01-31,20260209_091421,20260209_091421-0010,2016-01-05 19:09:28.610000,2016-01-05 19:37:09.331000,買い,118.86800,119.01800,1.00,15.00,10.00,水平線手前,利確,支持抵抗,0,118.86800
2016-01-01,2016-01-31,20260209_091421,20260209_091421-0011,2016-01-05 21:20:04.341000,2016-01-05 22:12:45.317000,買い,118.83300,118.98300,1.00,15.00,25.00,水平線手前,利確,支持抵抗,0,118.83300
2016-01-01,2016-01-31,20260209_091421,20260209_091421-0012,2016-01-06 00:52:45.265000,2016-01-06 01:09:31.280000,売り,119.24500,119.09500,1.00,15.00,40.00,水平線手前,利確,支持抵抗,0,119.24500
2016-01-01,2016-01-31,20260209_091421,20260209_091421-0013,2016-01-06 02:15:11.557000,2016-01-06 03:54:52.907000,買い,118.87700,119.02700,1.00,15.00,55.00,水平線手前,利確,支持抵抗,0,118.87700
2016-01-01,2016-01-31,20260209_091421,20260209_091421-0014,2016-01-06 12:35:10.779000,2016-01-06 12:37:52.744000,買い,118.39400,118.54400,1.00,15.00,70.00,水平線手前,利確,支持抵抗,0,118.39400
2016-01-01,2016-01-31,20260209_091421,20260209_091421-0015,2016-01-06 18:54:08.561000,2016-01-06 19:26:20.707000,買い,118.42200,118.37200,1.00,-5.00,65.00,水平線手前,損切,支持抵抗,0,118.42200
2016-01-01,2016-01-31,20260209_091421,20260209_091421-0016,2016-01-06 19:26:21.793000,2016-01-06 20:01:56.156000,買い,118.37800,118.32800,1.00,-5.00,60.00,水平線手前,損切,支持抵抗,0,118.37800
2016-01-01,2016-01-31,20260209_091421,20260209_091421-0017,2016-01-06 20:04:58.688000,2016-01-06 21:19:52.547000,買い,118.29000,118.44000,1.00,15.00,75.00,水平線手前,利確,支持抵抗,0,118.29000
2016-01-01,2016-01-31,20260209_091421,20260209_091421-0018,2016-01-07 17:42:55.492000,2016-01-07 17:44:30.500000,買い,117.70000,117.65000,1.00,-5.00,70.00,水平線手前,損切,支持抵抗,0,117.70000
2016-01-01,2016-01-31,20260209_091421,20260209_091421-0019,2016-01-07 17:43:01.850000,2016-01-07 17:44:30.500000,買い,117.69900,117.64900,1.00,-5.00,65.00,水平線手前,損切,支持抵抗,0,117.69900
2016-01-01,2016-01-31,20260209_091421,20260209_091421-0020,2016-01-07 17:55:02.855000,2016-01-07 18:00:08.091000,買い,117.54800,117.49800,1.00,-5.00,60.00,水平線手前,損切,支持抵抗,0,117.54800
2016-01-01,2016-01-31,20260209_091421,20260209_091421-0021,2016-01-07 18:18:55.406000,2016-01-07 18:32:16.824000,買い,117.36800,117.51800,1.00,15.00,75.00,水平線手前,利確,支持抵抗,0,117.36800
2016-01-01,2016-01-31,20260209_091421,20260209_091421-0022,2016-01-08 00:55:56.637000,2016-01-08 00:56:31.955000,売り,118.21000,118.26000,1.00,-5.00,70.00,水平線手前,損切,支持抵抗,0,118.21000
2016-01-01,2016-01-31,20260209_091421,20260209_091421-0023,2016-01-08 00:56:31.955000,2016-01-08 00:59:49.242000,売り,118.25200,118.10200,1.00,15.00,85.00,水平線手前,利確,支持抵抗,0,118.25200
2016-01-01,2016-01-31,20260209_091421,20260209_091421-0024,2016-01-08 12:28:26.985000,2016-01-08 13:58:36.670000,売り,118.32600,118.37600,1.00,-5.00,80.00,水平線手前,損切,支持抵抗,0,118.32600
2016-01-01,2016-01-31,20260209_091421,20260209_091421-0025,2016-01-08 13:56:55.576000,2016-01-08 14:00:55.065000,売り,118.33900,118.38900,1.00,-5.00,75.00,水平線手前,損切,支持抵抗,0,118.33900
2016-01-01,2016-01-31,20260209_091421,20260209_091421-0026,2016-01-08 14:00:57.304000,2016-01-08 14:32:12.852000,売り,118.40100,118.25100,1.00,15.00,90.00,水平線手前,利確,支持抵抗,0,118.40100
2016-01-01,2016-01-31,20260209_091421,20260209_091421-0027,2016-01-08 15:44:11.926000,2016-01-08 16:46:33.813000,売り,118.53200,118.38200,1.00,15.00,105.00,水平線手前,利確,支持抵抗,0,118.53200
2016-01-01,2016-01-31,20260209_091421,20260209_091421-0028,2016-01-08 22:30:02.178000,2016-01-08 22:30:02.384000,売り,118.69200,118.74200,1.00,-5.00,100.00,水平線手前,損切,支持抵抗,0,118.69200
2016-01-01,2016-01-31,20260209_091421,20260209_091421-0029,2016-01-08 22:30:02.384000,2016-01-08 22:30:05.051000,売り,118.74700,118.79700,1.00,-5.00,95.00,水平線手前,損切,支持抵抗,0,118.74700
2016-01-01,2016-01-31,20260209_091421,20260209_091421-0030,2016-01-08 22:30:05.752000,2016-01-08 22:30:10.259000,売り,118.80600,118.65600,1.00,15.00,110.00,水平線手前,利確,支持抵抗,0,118.80600
2016-01-01,2016-01-31,20260209_091421,20260209_091421-0031,2016-01-08 22:30:05.051000,2016-01-08 22:30:10.745000,売り,118.79200,118.64200,1.00,15.00,125.00,水平線手前,利確,支持抵抗,0,118.79200
2016-01-01,2016-01-31,20260209_091421,20260209_091421-0032,2016-01-08 23:05:07.940000,2016-01-08 23:05:20.765000,買い,118.19300,118.14300,1.00,-5.00,120.00,水平線手前,損切,支持抵抗,0,118.19300
2016-01-01,2016-01-31,20260209_091421,20260209_091421-0033,2016-01-08 23:07:42.151000,2016-01-08 23:09:52.816000,買い,117.96500,118.11500,1.00,15.00,135.00,水平線手前,利確,支持抵抗,0,117.96500
2016-01-01,2016-01-31,20260209_091421,20260209_091421-0034,2016-01-09 00:59:11.651000,2016-01-09 01:07:19.445000,買い,117.72100,117.67100,1.00,-5.00,130.00,水平線手前,損切,支持抵抗,0,117.72100
2016-01-01,2016-01-31,20260209_091421,20260209_091421-0035,2016-01-09 01:32:17.328000,2016-01-09 01:35:09.035000,買い,117.52900,117.47900,1.00,-5.00,125.00,水平線手前,損切,支持抵抗,0,117.52900
2016-01-01,2016-01-31,20260209_091421,20260209_091421-0036,2016-01-09 01:35:42.914000,2016-01-09 01:44:28.274000,買い,117.47200,117.62200,1.00,15.00,140.00,水平線手前,利確,支持抵抗,0,117.47200
2016-01-01,2016-01-31,20260209_091421,20260209_091421-0037,2016-01-09 01:35:09.035000,2016-01-09 01:44:34.820000,買い,117.48900,117.63900,1.00,15.00,155.00,水平線手前,利確,支持抵抗,0,117.48900
2016-01-01,2016-01-31,20260209_091421,20260209_091421-0038,2016-01-11 13:16:45.494000,2016-01-11 14:22:22.324000,売り,117.41500,117.26500,1.00,15.00,170.00,水平線手前,利確,支持抵抗,0,117.41500
2016-01-01,2016-01-31,20260209_091421,20260209_091421-0039,2016-01-11 12:55:36.198000,2016-01-11 14:23:09.987000,売り,117.40700,117.25700,1.00,15.00,185.00,水平線手前,利確,支持抵抗,0,117.40700
2016-01-01,2016-01-31,20260209_091421,20260209_091421-0040,2016-01-11 17:57:39.767000,2016-01-11 18:05:19.778000,売り,117.92000,117.77000,1.00,15.00,200.00,水平線手前,利確,支持抵抗,0,117.92000
2016-01-01,2016-01-31,20260209_091421,20260209_091421-0041,2016-01-11 17:57:36.767000,2016-01-11 18:17:26.707000,売り,117.89400,117.74400,1.00,15.00,215.00,水平線手前,利確,支持抵抗,0,117.89400
2016-01-01,2016-01-31,20260209_091421,20260209_091421-0042,2016-01-11 22:37:50.746000,2016-01-11 23:05:03.796000,売り,117.99600,117.84600,1.00,15.00,230.00,水平線手前,利確,支持抵抗,0,117.99600
2016-01-01,2016-01-31,20260209_091421,20260209_091421-0043,2016-01-12 02:26:59.312000,2016-01-12 03:29:37.208000,買い,117.29700,117.24700,1.00,-5.00,225.00,水平線手前,損切,支持抵抗,0,117.29700
2016-01-01,2016-01-31,20260209_091421,20260209_091421-0044,2016-01-12 03:35:49.643000,2016-01-12 04:10:10.594000,買い,117.23200,117.38200,1.00,15.00,240.00,水平線手前,利確,支持抵抗,0,117.23200
2016-01-01,2016-01-31,20260209_091421,20260209_091421-0045,2016-01-12 11:43:06.489000,2016-01-12 12:45:44.576000,買い,117.52000,117.47000,1.00,-5.00,235.00,水平線手前,損切,支持抵抗,0,117.52000
2016-01-01,2016-01-31,20260209_091421,20260209_091421-0046,2016-01-12 12:45:58.347000,2016-01-12 15:10:20.114000,買い,117.45800,117.40800,1.00,-5.00,230.00,水平線手前,損切,支持抵抗,0,117.45800
2016-01-01,2016-01-31,20260209_091421,20260209_091421-0047,2016-01-12 14:24:25.097000,2016-01-12 15:10:20.875000,買い,117.45400,117.40400,1.00,-5.00,225.00,水平線手前,損切,支持抵抗,0,117.45400
2016-01-01,2016-01-31,20260209_091421,20260209_091421-0048,2016-01-12 15:44:12.465000,2016-01-12 16:47:34.214000,買い,117.26000,117.41000,1.00,15.00,240.00,水平線手前,利確,支持抵抗,0,117.26000
2016-01-01,2016-01-31,20260209_091421,20260209_091421-0049,2016-01-12 21:46:26.160000,2016-01-12 22:00:20.020000,売り,117.86700,117.91700,1.00,-5.00,235.00,水平線手前,損切,支持抵抗,0,117.86700
2016-01-01,2016-01-31,20260209_091421,20260209_091421-0050,2016-01-12 22:03:18.345000,2016-01-12 22:34:37.259000,売り,117.95600,117.80600,1.00,15.00,250.00,水平線手前,利確,支持抵抗,0,117.95600
2016-01-01,2016-01-31,20260209_091421,20260209_091421-0051,2016-01-12 23:27:36.612000,2016-01-12 23:43:49.009000,買い,117.67900,117.82900,1.00,15.00,265.00,水平線手前,利確,支持抵抗,0,117.67900
2016-01-01,2016-01-31,20260209_091421,20260209_091421-0052,2016-01-13 00:55:25.487000,2016-01-13 00:55:59.200000,売り,118.00300,118.05300,1.00,-5.00,260.00,水平線手前,損切,支持抵抗,0,118.00300
2016-01-01,2016-01-31,20260209_091421,20260209_091421-0053,2016-01-13 00:55:59.200000,2016-01-13 01:00:45.276000,売り,118.05400,117.90400,1.00,15.00,275.00,水平線手前,利確,支持抵抗,0,118.05400
2016-01-01,2016-01-31,20260209_091421,20260209_091421-0054,2016-01-13 01:34:00.943000,2016-01-13 02:34:53.822000,買い,117.72100,117.67100,1.00,-5.00,270.00,水平線手前,損切,支持抵抗,0,117.72100
2016-01-01,2016-01-31,20260209_091421,20260209_091421-0055,2016-01-13 02:35:33.050000,2016-01-13 03:52:39.366000,買い,117.65600,117.60600,1.00,-5.00,265.00,水平線手前,損切,支持抵抗,0,117.65600
2016-01-01,2016-01-31,20260209_091421,20260209_091421-0056,2016-01-13 03:59:08.808000,2016-01-13 04:01:18.632000,買い,117.56400,117.51400,1.00,-5.00,260.00,水平線手前,損切,支持抵抗,0,117.56400
2016-01-01,2016-01-31,20260209_091421,20260209_091421-0057,2016-01-13 04:05:01.788000,2016-01-13 04:32:58.568000,買い,117.42200,117.57200,1.00,15.00,275.00,水平線手前,利確,支持抵抗,0,117.42200
2016-01-01,2016-01-31,20260209_091421,20260209_091421-0058,2016-01-13 11:00:08.215000,2016-01-13 11:00:20.997000,売り,118.15000,118.20000,1.00,-5.00,270.00,水平線手前,損切,支持抵抗,0,118.15000
2016-01-01,2016-01-31,20260209_091421,20260209_091421-0059,2016-01-13 11:07:21.646000,2016-01-13 12:34:12.766000,売り,118.32700,118.17700,1.00,15.00,285.00,水平線手前,利確,支持抵抗,0,118.32700
2016-01-01,2016-01-31,20260209_091421,20260209_091421-0060,2016-01-13 18:26:29.645000,2016-01-13 20:38:23.029000,売り,118.34900,118.19900,1.00,15.00,300.00,水平線手前,利確,支持抵抗,0,118.34900
2016-01-01,2016-01-31,20260209_091421,20260209_091421-0061,2016-01-13 17:13:08.107000,2016-01-13 20:38:26.854000,売り,118.34200,118.19200,1.00,15.00,315.00,水平線手前,利確,支持抵抗,0,118.34200
2016-01-01,2016-01-31,20260209_091421,20260209_091421-0062,2016-01-14 03:43:56.991000,2016-01-14 04:35:02.163000,買い,117.84600,117.79600,1.00,-5.00,310.00,水平線手前,損切,支持抵抗,0,117.84600
2016-01-01,2016-01-31,20260209_091421,20260209_091421-0063,2016-01-14 04:43:37.605000,2016-01-14 05:26:20.935000,買い,117.72800,117.87800,1.00,15.00,325.00,水平線手前,利確,支持抵抗,0,117.72800
2016-01-01,2016-01-31,20260209_091421,20260209_091421-0064,2016-01-14 12:13:08.847000,2016-01-14 12:15:18.980000,売り,117.57000,117.62000,1.00,-5.00,320.00,水平線手前,損切,支持抵抗,0,117.57000
2016-01-01,2016-01-31,20260209_091421,20260209_091421-0065,2016-01-14 12:15:14.687000,2016-01-14 13:24:20.985000,売り,117.59500,117.44500,1.00,15.00,335.00,水平線手前,利確,支持抵抗,0,117.59500
2016-01-01,2016-01-31,20260209_091421,20260209_091421-0066,2016-01-14 13:36:06.760000,2016-01-14 14:14:41.613000,買い,117.32600,117.47600,1.00,15.00,350.00,水平線手前,利確,支持抵抗,0,117.32600
2016-01-01,2016-01-31,20260209_091421,20260209_091421-0067,2016-01-14 13:36:09.662000,2016-01-14 14:19:18.042000,買い,117.33800,117.48800,1.00,15.00,365.00,水平線手前,利確,支持抵抗,0,117.33800
2016-01-01,2016-01-31,20260209_091421,20260209_091421-0068,2016-01-14 13:36:05.165000,2016-01-14 14:19:19.983000,買い,117.34100,117.49100,1.00,15.00,380.00,水平線手前,利確,支持抵抗,0,117.34100
2016-01-01,2016-01-31,20260209_091421,20260209_091421-0069,2016-01-14 14:58:05.432000,2016-01-14 15:02:31.024000,売り,117.67100,117.72100,1.00,-5.00,375.00,水平線手前,損切,支持抵抗,0,117.67100
2016-01-01,2016-01-31,20260209_091421,20260209_091421-0070,2016-01-14 15:49:25.374000,2016-01-14 16:00:23.066000,売り,117.89300,117.94300,1.00,-5.00,370.00,水平線手前,損切,支持抵抗,0,117.89300
2016-01-01,2016-01-31,20260209_091421,20260209_091421-0071,2016-01-14 16:32:22.345000,2016-01-14 17:15:10.207000,売り,118.14900,117.99900,1.00,15.00,385.00,水平線手前,利確,支持抵抗,0,118.14900
2016-01-01,2016-01-31,20260209_091421,20260209_091421-0072,2016-01-15 00:51:11.087000,2016-01-15 01:03:03.457000,売り,118.14800,117.99800,1.00,15.00,400.00,水平線手前,利確,支持抵抗,0,118.14800
2016-01-01,2016-01-31,20260209_091421,20260209_091421-0073,2016-01-15 02:40:59.470000,2016-01-15 03:22:20.045000,売り,118.22400,118.27400,1.00,-5.00,395.00,水平線手前,損切,支持抵抗,0,118.22400
2016-01-01,2016-01-31,20260209_091421,20260209_091421-0074,2016-01-15 03:21:40.640000,2016-01-15 05:34:14.967000,売り,118.25000,118.10000,1.00,15.00,410.00,水平線手前,利確,支持抵抗,0,118.25000
2016-01-01,2016-01-31,20260209_091421,20260209_091421-0075,2016-01-15 17:57:05.807000,2016-01-15 17:58:10.340000,買い,117.47400,117.42400,1.00,-5.00,405.00,水平線手前,損切,支持抵抗,0,117.47400
2016-01-01,2016-01-31,20260209_091421,20260209_091421-0076,2016-01-15 17:59:04.245000,2016-01-15 18:00:54.844000,買い,117.35100,117.30100,1.00,-5.00,400.00,水平線手前,損切,支持抵抗,0,117.35100
2016-01-01,2016-01-31,20260209_091421,20260209_091421-0077,2016-01-15 18:16:15.259000,2016-01-15 18:34:46.074000,買い,117.27100,117.42100,1.00,15.00,415.00,水平線手前,利確,支持抵抗,0,117.27100
2016-01-01,2016-01-31,20260209_091421,20260209_091421-0078,2016-01-15 22:18:41.320000,2016-01-15 22:18:42.608000,買い,117.00900,116.95900,1.00,-5.00,410.00,水平線手前,損切,支持抵抗,0,117.00900
2016-01-01,2016-01-31,20260209_091421,20260209_091421-0079,2016-01-15 22:31:32.169000,2016-01-15 22:31:35.898000,買い,116.73500,116.68500,1.00,-5.00,405.00,水平線手前,損切,支持抵抗,0,116.73500
2016-01-01,2016-01-31,20260209_091421,20260209_091421-0080,2016-01-15 22:39:09.403000,2016-01-15 22:44:27.649000,買い,116.63800,116.78800,1.00,15.00,420.00,水平線手前,利確,支持抵抗,0,116.63800
2016-01-01,2016-01-31,20260209_091421,20260209_091421-0081,2016-01-16 02:33:02.272000,2016-01-16 02:45:02.283000,買い,116.54800,116.69800,1.00,15.00,435.00,水平線手前,利確,支持抵抗,0,116.54800
2016-01-01,2016-01-31,20260209_091421,20260209_091421-0082,2016-01-18 12:46:34.778000,2016-01-18 13:49:52.255000,売り,117.33200,117.18200,1.00,15.00,450.00,水平線手前,利確,支持抵抗,0,117.33200
2016-01-01,2016-01-31,20260209_091421,20260209_091421-0083,2016-01-18 12:46:23.309000,2016-01-18 13:50:16.738000,売り,117.33000,117.18000,1.00,15.00,465.00,水平線手前,利確,支持抵抗,0,117.33000
2016-01-01,2016-01-31,20260209_091421,20260209_091421-0084,2016-01-18 17:29:02.474000,2016-01-18 18:39:24.557000,売り,117.40900,117.25900,1.00,15.00,480.00,水平線手前,利確,支持抵抗,0,117.40900
2016-01-01,2016-01-31,20260209_091421,20260209_091421-0085,2016-01-19 11:02:36.720000,2016-01-19 11:03:05.946000,売り,117.63700,117.68700,1.00,-5.00,475.00,水平線手前,損切,支持抵抗,0,117.63700
2016-01-01,2016-01-31,20260209_091421,20260209_091421-0086,2016-01-19 11:03:05.845000,2016-01-19 11:15:39.945000,売り,117.67500,117.52500,1.00,15.00,490.00,水平線手前,利確,支持抵抗,0,117.67500
2016-01-01,2016-01-31,20260209_091421,20260209_091421-0087,2016-01-19 11:29:23.861000,2016-01-19 12:27:13.866000,買い,117.27200,117.42200,1.00,15.00,505.00,水平線手前,利確,支持抵抗,0,117.27200
2016-01-01,2016-01-31,20260209_091421,20260209_091421-0088,2016-01-19 13:17:42.523000,2016-01-19 14:27:24.896000,売り,117.67500,117.72500,1.00,-5.00,500.00,水平線手前,損切,支持抵抗,0,117.67500
2016-01-01,2016-01-31,20260209_091421,20260209_091421-0089,2016-01-19 14:35:37.759000,2016-01-19 15:52:30.973000,売り,117.81400,117.86400,1.00,-5.00,495.00,水平線手前,損切,支持抵抗,0,117.81400
2016-01-01,2016-01-31,20260209_091421,20260209_091421-0090,2016-01-19 15:54:11.179000,2016-01-19 16:02:32.953000,売り,117.87600,117.92600,1.00,-5.00,490.00,水平線手前,損切,支持抵抗,0,117.87600
2016-01-01,2016-01-31,20260209_091421,20260209_091421-0091,2016-01-19 16:07:02.014000,2016-01-19 17:48:38.617000,売り,117.96900,117.81900,1.00,15.00,505.00,水平線手前,利確,支持抵抗,0,117.96900
2016-01-01,2016-01-31,20260209_091421,20260209_091421-0092,2016-01-19 19:08:07.526000,2016-01-19 20:05:41.694000,売り,117.99900,118.04900,1.00,-5.00,500.00,水平線手前,損切,支持抵抗,0,117.99900
2016-01-01,2016-01-31,20260209_091421,20260209_091421-0093,2016-01-19 20:34:21.731000,2016-01-19 21:34:11.218000,売り,118.08500,117.93500,1.00,15.00,515.00,水平線手前,利確,支持抵抗,0,118.08500
2016-01-01,2016-01-31,20260209_091421,20260209_091421-0094,2016-01-20 00:32:25.357000,2016-01-20 01:01:01.947000,売り,117.90900,117.75900,1.00,15.00,530.00,水平線手前,利確,支持抵抗,0,117.90900
2016-01-01,2016-01-31,20260209_091421,20260209_091421-0095,2016-01-20 04:13:11.662000,2016-01-20 05:04:13.773000,買い,117.34900,117.49900,1.00,15.00,545.00,水平線手前,利確,支持抵抗,0,117.34900
2016-01-01,2016-01-31,20260209_091421,20260209_091421-0096,2016-01-20 11:01:04.641000,2016-01-20 11:09:30.915000,買い,117.19800,117.34800,1.00,15.00,560.00,水平線手前,利確,支持抵抗,0,117.19800
2016-01-01,2016-01-31,20260209_091421,20260209_091421-0097,2016-01-20 12:50:31.620000,2016-01-20 13:18:29.801000,買い,116.96800,116.91800,1.00,-5.00,555.00,水平線手前,損切,支持抵抗,0,116.96800
2016-01-01,2016-01-31,20260209_091421,20260209_091421-0098,2016-01-20 13:18:30.157000,2016-01-20 14:01:17.975000,買い,116.92400,116.87400,1.00,-5.00,550.00,水平線手前,損切,支持抵抗,0,116.92400
2016-01-01,2016-01-31,20260209_091421,20260209_091421-0099,2016-01-20 13:18:43.249000,2016-01-20 14:34:40.008000,買い,116.90000,116.85000,1.00,-5.00,545.00,水平線手前,損切,支持抵抗,0,116.90000
2016-01-01,2016-01-31,20260209_091421,20260209_091421-0100,2016-01-20 14:41:48.653000,2016-01-20 15:07:02.874000,買い,116.81800,116.76800,1.00,-5.00,540.00,水平線手前,損切,支持抵抗,0,116.81800
2016-01-01,2016-01-31,20260209_091421,20260209_091421-0101,2016-01-20 15:11:08.273000,2016-01-20 16:00:54.708000,買い,116.64400,116.59400,1.00,-5.00,535.00,水平線手前,損切,支持抵抗,0,116.64400
2016-01-01,2016-01-31,20260209_091421,20260209_091421-0102,2016-01-20 16:09:28.334000,2016-01-20 16:17:48.211000,買い,116.45500,116.60500,1.00,15.00,550.00,水平線手前,利確,支持抵抗,0,116.45500
2016-01-01,2016-01-31,20260209_091421,20260209_091421-0103,2016-01-20 17:46:45.942000,2016-01-20 18:01:12.083000,買い,116.05900,116.00900,1.00,-5.00,545.00,水平線手前,損切,支持抵抗,0,116.05900
2016-01-01,2016-01-31,20260209_091421,20260209_091421-0104,2016-01-20 18:02:17.257000,2016-01-20 18:17:33.965000,買い,116.01400,116.16400,1.00,15.00,560.00,水平線手前,利確,支持抵抗,0,116.01400
2016-01-01,2016-01-31,20260209_091421,20260209_091421-0105,2016-01-20 18:41:37.096000,2016-01-20 18:42:06.356000,売り,116.94600,116.79600,1.00,15.00,575.00,水平線手前,利確,支持抵抗,0,116.94600
2016-01-01,2016-01-31,20260209_091421,20260209_091421-0106,2016-01-21 15:25:23.748000,2016-01-21 16:22:59.896000,買い,116.65800,116.60800,1.00,-5.00,570.00,水平線手前,損切,支持抵抗,0,116.65800
2016-01-01,2016-01-31,20260209_091421,20260209_091421-0107,2016-01-21 16:40:25.439000,2016-01-21 16:53:06.483000,買い,116.51000,116.66000,1.00,15.00,585.00,水平線手前,利確,支持抵抗,0,116.51000
2016-01-01,2016-01-31,20260209_091421,20260209_091421-0108,2016-01-21 17:19:57.296000,2016-01-21 17:32:11.528000,売り,117.13800,116.98800,1.00,15.00,600.00,水平線手前,利確,支持抵抗,0,117.13800
2016-01-01,2016-01-31,20260209_091421,20260209_091421-0109,2016-01-21 19:16:52.359000,2016-01-21 19:46:27.952000,売り,117.06000,116.91000,1.00,15.00,615.00,水平線手前,利確,支持抵抗,0,117.06000
2016-01-01,2016-01-31,20260209_091421,20260209_091421-0110,2016-01-21 21:15:46.632000,2016-01-21 21:19:01.597000,買い,116.76800,116.71800,1.00,-5.00,610.00,水平線手前,損切,支持抵抗,0,116.76800
2016-01-01,2016-01-31,20260209_091421,20260209_091421-0111,2016-01-21 21:18:15.557000,2016-01-21 21:48:00.947000,買い,116.74900,116.89900,1.00,15.00,625.00,水平線手前,利確,支持抵抗,0,116.74900
2016-01-01,2016-01-31,20260209_091421,20260209_091421-0112,2016-01-21 22:37:10.658000,2016-01-21 22:43:11.377000,売り,117.41100,117.26100,1.00,15.00,640.00,水平線手前,利確,支持抵抗,0,117.41100
2016-01-01,2016-01-31,20260209_091421,20260209_091421-0113,2016-01-22 00:48:18.754000,2016-01-22 00:59:46.122000,売り,117.44600,117.29600,1.00,15.00,655.00,水平線手前,利確,支持抵抗,0,117.44600
2016-01-01,2016-01-31,20260209_091421,20260209_091421-0114,2016-01-22 00:44:19.002000,2016-01-22 01:01:07.811000,売り,117.41700,117.26700,1.00,15.00,670.00,水平線手前,利確,支持抵抗,0,117.41700
2016-01-01,2016-01-31,20260209_091421,20260209_091421-0115,2016-01-22 01:19:43.685000,2016-01-22 01:21:15.620000,売り,117.65100,117.70100,1.00,-5.00,665.00,水平線手前,損切,支持抵抗,0,117.65100
2016-01-01,2016-01-31,20260209_091421,20260209_091421-0116,2016-01-22 01:21:19.485000,2016-01-22 01:42:21.777000,売り,117.73600,117.58600,1.00,15.00,680.00,水平線手前,利確,支持抵抗,0,117.73600
2016-01-01,2016-01-31,20260209_091421,20260209_091421-0117,2016-01-22 02:01:45.375000,2016-01-22 02:12:00.991000,売り,117.72000,117.57000,1.00,15.00,695.00,水平線手前,利確,支持抵抗,0,117.72000
2016-01-01,2016-01-31,20260209_091421,20260209_091421-0118,2016-01-22 03:07:40.137000,2016-01-22 03:31:21.124000,売り,117.74900,117.59900,1.00,15.00,710.00,水平線手前,利確,支持抵抗,0,117.74900
2016-01-01,2016-01-31,20260209_091421,20260209_091421-0119,2016-01-22 11:40:55.626000,2016-01-22 12:13:06.270000,売り,117.91800,117.76800,1.00,15.00,725.00,水平線手前,利確,支持抵抗,0,117.91800
2016-01-01,2016-01-31,20260209_091421,20260209_091421-0120,2016-01-22 14:55:08.774000,2016-01-22 15:45:44.060000,売り,118.10900,117.95900,1.00,15.00,740.00,水平線手前,利確,支持抵抗,0,118.10900
2016-01-01,2016-01-31,20260209_091421,20260209_091421-0121,2016-01-22 16:30:56.484000,2016-01-22 16:37:07.466000,売り,118.15600,118.00600,1.00,15.00,755.00,水平線手前,利確,支持抵抗,0,118.15600
2016-01-01,2016-01-31,20260209_091421,20260209_091421-0122,2016-01-22 17:56:10.886000,2016-01-22 17:57:54.304000,売り,118.23200,118.28200,1.00,-5.00,750.00,水平線手前,損切,支持抵抗,0,118.23200
2016-01-01,2016-01-31,20260209_091421,20260209_091421-0123,2016-01-22 17:57:37.237000,2016-01-22 18:04:43.307000,売り,118.27100,118.32100,1.00,-5.00,745.00,水平線手前,損切,支持抵抗,0,118.27100
2016-01-01,2016-01-31,20260209_091421,20260209_091421-0124,2016-01-22 18:00:00.291000,2016-01-22 19:41:28.612000,売り,118.28600,118.13600,1.00,15.00,760.00,水平線手前,利確,支持抵抗,0,118.28600
2016-01-01,2016-01-31,20260209_091421,20260209_091421-0125,2016-01-22 22:53:55.398000,2016-01-22 22:56:16.495000,買い,118.00400,117.95400,1.00,-5.00,755.00,水平線手前,損切,支持抵抗,0,118.00400
2016-01-01,2016-01-31,20260209_091421,20260209_091421-0126,2016-01-22 22:56:18.452000,2016-01-22 22:58:37.362000,買い,117.89200,118.04200,1.00,15.00,770.00,水平線手前,利確,支持抵抗,0,117.89200
2016-01-01,2016-01-31,20260209_091421,20260209_091421-0127,2016-01-22 23:22:08.797000,2016-01-22 23:22:15.797000,売り,118.32300,118.37300,1.00,-5.00,765.00,水平線手前,損切,支持抵抗,0,118.32300
2016-01-01,2016-01-31,20260209_091421,20260209_091421-0128,2016-01-22 23:22:33.149000,2016-01-22 23:36:53.396000,売り,118.40500,118.25500,1.00,15.00,780.00,水平線手前,利確,支持抵抗,0,118.40500
2016-01-01,2016-01-31,20260209_091421,20260209_091421-0129,2016-01-23 00:16:03.368000,2016-01-23 00:44:54.521000,売り,118.61500,118.46500,1.00,15.00,795.00,水平線手前,利確,支持抵抗,0,118.61500
2016-01-01,2016-01-31,20260209_091421,20260209_091421-0130,2016-01-23 03:50:14.441000,2016-01-23 04:02:08.054000,売り,118.73600,118.78600,1.00,-5.00,790.00,水平線手前,損切,支持抵抗,0,118.73600
2016-01-01,2016-01-31,20260209_091421,20260209_091421-0131,2016-01-23 04:02:08.054000,2016-01-23 05:43:46.421000,売り,118.77700,118.82700,1.00,-5.00,785.00,水平線手前,損切,支持抵抗,0,118.77700
2016-01-01,2016-01-31,20260209_091421,20260209_091421-0132,2016-01-23 04:13:29.268000,2016-01-23 05:54:03.007000,売り,118.80000,118.85000,1.00,-5.00,780.00,水平線手前,損切,支持抵抗,0,118.80000
2016-01-01,2016-01-31,20260209_091421,20260209_091421-0133,2016-01-25 11:18:02.800000,2016-01-25 12:51:05.800000,売り,118.84800,118.69800,1.00,15.00,795.00,水平線手前,利確,支持抵抗,0,118.84800
2016-01-01,2016-01-31,20260209_091421,20260209_091421-0134,2016-01-25 17:13:20.043000,2016-01-25 17:18:22.520000,買い,118.38600,118.33600,1.00,-5.00,790.00,水平線手前,損切,支持抵抗,0,118.38600
2016-01-01,2016-01-31,20260209_091421,20260209_091421-0135,2016-01-25 17:24:40.935000,2016-01-25 18:03:12.510000,買い,118.30200,118.25200,1.00,-5.00,785.00,水平線手前,損切,支持抵抗,0,118.30200
2016-01-01,2016-01-31,20260209_091421,20260209_091421-0136,2016-01-25 18:03:30.933000,2016-01-25 18:28:18.816000,買い,118.21000,118.36000,1.00,15.00,800.00,水平線手前,利確,支持抵抗,0,118.21000
2016-01-01,2016-01-31,20260209_091421,20260209_091421-0137,2016-01-26 13:58:46.463000,2016-01-26 14:00:12.510000,買い,118.05500,118.00500,1.00,-5.00,795.00,水平線手前,損切,支持抵抗,0,118.05500
2016-01-01,2016-01-31,20260209_091421,20260209_091421-0138,2016-01-26 13:58:49.340000,2016-01-26 14:06:02.498000,買い,118.04700,117.99700,1.00,-5.00,790.00,水平線手前,損切,支持抵抗,0,118.04700
2016-01-01,2016-01-31,20260209_091421,20260209_091421-0139,2016-01-26 14:06:05.017000,2016-01-26 15:12:41.440000,買い,118.00200,117.95200,1.00,-5.00,785.00,水平線手前,損切,支持抵抗,0,118.00200
2016-01-01,2016-01-31,20260209_091421,20260209_091421-0140,2016-01-26 15:37:34.419000,2016-01-26 16:30:11.436000,買い,117.80700,117.75700,1.00,-5.00,780.00,水平線手前,損切,支持抵抗,0,117.80700
2016-01-01,2016-01-31,20260209_091421,20260209_091421-0141,2016-01-26 16:38:38.846000,2016-01-26 17:04:46.860000,買い,117.69300,117.84300,1.00,15.00,795.00,水平線手前,利確,支持抵抗,0,117.69300
2016-01-01,2016-01-31,20260209_091421,20260209_091421-0142,2016-01-26 19:30:12.176000,2016-01-26 19:50:26.970000,売り,118.32500,118.37500,1.00,-5.00,790.00,水平線手前,損切,支持抵抗,0,118.32500
2016-01-01,2016-01-31,20260209_091421,20260209_091421-0143,2016-01-26 19:53:31.754000,2016-01-26 20:42:06.442000,売り,118.38600,118.43600,1.00,-5.00,785.00,水平線手前,損切,支持抵抗,0,118.38600
2016-01-01,2016-01-31,20260209_091421,20260209_091421-0144,2016-01-26 20:48:50.284000,2016-01-26 22:01:25.954000,売り,118.45600,118.30600,1.00,15.00,800.00,水平線手前,利確,支持抵抗,0,118.45600
2016-01-01,2016-01-31,20260209_091421,20260209_091421-0145,2016-01-26 22:40:54.676000,2016-01-26 23:05:55.318000,売り,118.49900,118.54900,1.00,-5.00,795.00,水平線手前,損切,支持抵抗,0,118.49900
2016-01-01,2016-01-31,20260209_091421,20260209_091421-0146,2016-01-26 23:12:55.140000,2016-01-26 23:47:52.148000,売り,118.58200,118.43200,1.00,15.00,810.00,水平線手前,利確,支持抵抗,0,118.58200
2016-01-01,2016-01-31,20260209_091421,20260209_091421-0147,2016-01-27 02:30:49.585000,2016-01-27 05:05:00.885000,売り,118.59100,118.44100,1.00,15.00,825.00,水平線手前,利確,支持抵抗,0,118.59100
2016-01-01,2016-01-31,20260209_091421,20260209_091421-0148,2016-01-27 12:39:29.017000,2016-01-27 13:39:34.173000,買い,118.05800,118.20800,1.00,15.00,840.00,水平線手前,利確,支持抵抗,0,118.05800
2016-01-01,2016-01-31,20260209_091421,20260209_091421-0149,2016-01-27 16:32:50.183000,2016-01-27 17:09:09.149000,買い,118.19700,118.14700,1.00,-5.00,835.00,水平線手前,損切,支持抵抗,0,118.19700
2016-01-01,2016-01-31,20260209_091421,20260209_091421-0150,2016-01-27 17:11:57.085000,2016-01-27 17:31:22.199000,買い,118.11300,118.26300,1.00,15.00,850.00,水平線手前,利確,支持抵抗,0,118.11300
2016-01-01,2016-01-31,20260209_091421,20260209_091421-0151,2016-01-27 22:25:41.675000,2016-01-27 22:38:27.946000,売り,118.44400,118.49400,1.00,-5.00,845.00,水平線手前,損切,支持抵抗,0,118.44400
2016-01-01,2016-01-31,20260209_091421,20260209_091421-0152,2016-01-27 22:37:57.438000,2016-01-27 23:23:00.701000,売り,118.46500,118.51500,1.00,-5.00,840.00,水平線手前,損切,支持抵抗,0,118.46500
2016-01-01,2016-01-31,20260209_091421,20260209_091421-0153,2016-01-27 23:40:38.084000,2016-01-27 23:47:12.779000,売り,118.54500,118.59500,1.00,-5.00,835.00,水平線手前,損切,支持抵抗,0,118.54500
2016-01-01,2016-01-31,20260209_091421,20260209_091421-0154,2016-01-27 23:45:54.612000,2016-01-28 00:38:13.493000,売り,118.55900,118.60900,1.00,-5.00,830.00,水平線手前,損切,支持抵抗,0,118.55900
2016-01-01,2016-01-31,20260209_091421,20260209_091421-0155,2016-01-28 00:57:48.752000,2016-01-28 01:28:59.035000,売り,118.73500,118.78500,1.00,-5.00,825.00,水平線手前,損切,支持抵抗,0,118.73500
2016-01-01,2016-01-31,20260209_091421,20260209_091421-0156,2016-01-28 01:35:47.378000,2016-01-28 01:44:30.879000,売り,118.82700,118.87700,1.00,-5.00,820.00,水平線手前,損切,支持抵抗,0,118.82700
2016-01-01,2016-01-31,20260209_091421,20260209_091421-0157,2016-01-28 01:46:02.464000,2016-01-28 02:02:22.897000,売り,118.90800,118.95800,1.00,-5.00,815.00,水平線手前,損切,支持抵抗,0,118.90800
2016-01-01,2016-01-31,20260209_091421,20260209_091421-0158,2016-01-28 02:04:19.631000,2016-01-28 04:00:55.635000,売り,118.97200,119.02200,1.00,-5.00,810.00,水平線手前,損切,支持抵抗,0,118.97200
2016-01-01,2016-01-31,20260209_091421,20260209_091421-0159,2016-01-28 04:00:01.386000,2016-01-28 04:00:55.635000,売り,118.97600,119.02600,1.00,-5.00,805.00,水平線手前,損切,支持抵抗,0,118.97600
2016-01-01,2016-01-31,20260209_091421,20260209_091421-0160,2016-01-28 04:01:07.258000,2016-01-28 04:02:25.388000,売り,119.03800,118.88800,1.00,15.00,820.00,水平線手前,利確,支持抵抗,0,119.03800
2016-01-01,2016-01-31,20260209_091421,20260209_091421-0161,2016-01-28 17:19:13.757000,2016-01-28 17:37:46.170000,売り,118.91000,118.76000,1.00,15.00,835.00,水平線手前,利確,支持抵抗,0,118.91000
2016-01-01,2016-01-31,20260209_091421,20260209_091421-0162,2016-01-28 17:19:12.644000,2016-01-28 17:37:46.221000,売り,118.90500,118.75500,1.00,15.00,850.00,水平線手前,利確,支持抵抗,0,118.90500
2016-01-01,2016-01-31,20260209_091421,20260209_091421-0163,2016-01-28 23:18:31.882000,2016-01-29 00:18:29.991000,売り,118.96100,118.81100,1.00,15.00,865.00,水平線手前,利確,支持抵抗,0,118.96100
2016-01-01,2016-01-31,20260209_091421,20260209_091421-0164,2016-01-29 01:47:04.617000,2016-01-29 02:14:02.794000,買い,118.58500,118.73500,1.00,15.00,880.00,水平線手前,利確,支持抵抗,0,118.58500
2016-01-01,2016-01-31,20260209_091421,20260209_091421-0165,2016-01-29 11:00:23.878000,2016-01-29 12:21:22.416000,買い,118.56100,118.71100,1.00,15.00,895.00,水平線手前,利確,支持抵抗,0,118.56100
2016-01-01,2016-01-31,20260209_091421,20260209_091421-0166,2016-01-29 12:21:34.845000,2016-01-29 12:21:35.775000,売り,118.96200,119.01200,1.00,-5.00,890.00,水平線手前,損切,支持抵抗,0,118.96200
2016-01-01,2016-01-31,20260209_091421,20260209_091421-0167,2016-01-29 12:21:37.748000,2016-01-29 12:21:39.585000,売り,119.13800,119.18800,1.00,-5.00,885.00,水平線手前,損切,支持抵抗,0,119.13800
2016-01-01,2016-01-31,20260209_091421,20260209_091421-0168,2016-01-29 12:38:19.314000,2016-01-29 12:38:20.286000,買い,118.53200,118.68200,1.00,15.00,900.00,水平線手前,利確,支持抵抗,0,118.53200
2016-01-01,2016-01-31,20260209_091421,20260209_091421-0169,2016-01-29 12:38:29.660000,2016-01-29 12:38:30.227000,売り,119.66800,119.71800,1.00,-5.00,895.00,水平線手前,損切,支持抵抗,0,119.66800
2016-01-01,2016-01-31,20260209_091421,20260209_091421-0170,2016-01-29 12:38:31.629000,2016-01-29 12:38:32.032000,売り,119.78900,119.83900,1.00,-5.00,890.00,水平線手前,損切,支持抵抗,0,119.78900
2016-01-01,2016-01-31,20260209_091421,20260209_091421-0171,2016-01-29 12:38:54.227000,2016-01-29 12:38:57.359000,売り,120.47900,120.52900,1.00,-5.00,885.00,水平線手前,損切,支持抵抗,0,120.47900
2016-01-01,2016-01-31,20260209_091421,20260209_091421-0172,2016-01-29 12:42:06.605000,2016-01-29 12:42:20.068000,売り,121.38600,121.23600,1.00,15.00,900.00,水平線手前,利確,支持抵抗,0,121.38600
2016-01-01,2016-01-31,20260209_091421,20260209_091421-0173,2016-01-29 22:41:09.959000,2016-01-29 23:15:47.476000,売り,121.26900,121.31900,1.00,-5.00,895.00,水平線手前,損切,支持抵抗,0,121.26900
2016-01-01,2016-01-31,20260209_091421,20260209_091421-0174,2016-01-29 23:51:08.800000,2016-01-30 00:23:38.306000,売り,121.65800,121.50800,1.00,15.00,910.00,水平線手前,利確,支持抵抗,0,121.65800
2016-01-01,2016-01-31,20260209_091421,20260209_091421-0175,2016-01-30 01:00:48.614000,2016-01-30 01:02:54.104000,買い,120.96000,121.11000,1.00,15.00,925.00,水平線手前,利確,支持抵抗,0,120.96000
2016-01-01,2016-01-31,20260209_091421,20260209_091421-0176,2016-01-30 01:00:42.873000,2016-01-30 01:03:31.421000,買い,120.99200,121.14200,1.00,15.00,940.00,水平線手前,利確,支持抵抗,0,120.99200
2016-01-01,2016-01-31,20260209_091421,20260209_091421-0177,2016-01-30 03:00:41.757000,2016-01-30 03:21:02.171000,買い,120.95600,121.10600,1.00,15.00,955.00,水平線手前,利確,支持抵抗,0,120.95600
2016-02-01,2016-02-29,20260209_091517,20260209_091517-0001,2016-02-01 17:03:31.321000,2016-02-01 17:04:57.728000,買い,121.14200,121.09200,1.00,-5.00,950.00,水平線手前,損切,支持抵抗,0,121.14200
2016-02-01,2016-02-29,20260209_091517,20260209_091517-0002,2016-02-01 17:04:58.804000,2016-02-01 17:51:08.838000,買い,121.09400,121.24400,1.00,15.00,965.00,水平線手前,利確,支持抵抗,0,121.09400
2016-02-01,2016-02-29,20260209_091517,20260209_091517-0003,2016-02-01 23:56:30.095000,2016-02-02 00:00:11.761000,買い,120.84300,120.79300,1.00,-5.00,960.00,水平線手前,損切,支持抵抗,0,120.84300
2016-02-01,2016-02-29,20260209_091517,20260209_091517-0004,2016-02-02 00:02:05.525000,2016-02-02 00:09:13.111000,買い,120.71500,120.86500,1.00,15.00,975.00,水平線手前,利確,支持抵抗,0,120.71500
2016-02-01,2016-02-29,20260209_091517,20260209_091517-0005,2016-02-02 12:42:16.401000,2016-02-02 13:39:24.259000,買い,120.64900,120.59900,1.00,-5.00,970.00,水平線手前,損切,支持抵抗,0,120.64900
2016-02-01,2016-02-29,20260209_091517,20260209_091517-0006,2016-02-02 13:40:31.340000,2016-02-02 14:25:48.805000,買い,120.57000,120.52000,1.00,-5.00,965.00,水平線手前,損切,支持抵抗,0,120.57000
2016-02-01,2016-02-29,20260209_091517,20260209_091517-0007,2016-02-02 14:26:20.324000,2016-02-02 15:13:10.575000,買い,120.39600,120.54600,1.00,15.00,980.00,水平線手前,利確,支持抵抗,0,120.39600
2016-02-01,2016-02-29,20260209_091517,20260209_091517-0008,2016-02-02 16:04:36.343000,2016-02-02 16:09:04.754000,売り,120.72500,120.57500,1.00,15.00,995.00,水平線手前,利確,支持抵抗,0,120.72500
2016-02-01,2016-02-29,20260209_091517,20260209_091517-0009,2016-02-02 17:08:01.237000,2016-02-02 19:18:01.940000,売り,120.72900,120.77900,1.00,-5.00,990.00,水平線手前,損切,支持抵抗,0,120.72900
2016-02-01,2016-02-29,20260209_091517,20260209_091517-0010,2016-02-02 18:32:24.794000,2016-02-02 19:18:01.940000,売り,120.72900,120.77900,1.00,-5.00,985.00,水平線手前,損切,支持抵抗,0,120.72900
2016-02-01,2016-02-29,20260209_091517,20260209_091517-0011,2016-02-02 19:18:14.012000,2016-02-02 20:11:12.195000,売り,120.78900,120.83900,1.00,-5.00,980.00,水平線手前,損切,支持抵抗,0,120.78900
2016-02-01,2016-02-29,20260209_091517,20260209_091517-0012,2016-02-02 20:11:12.195000,2016-02-02 22:17:13.684000,売り,120.83200,120.68200,1.00,15.00,995.00,水平線手前,利確,支持抵抗,0,120.83200
2016-02-01,2016-02-29,20260209_091517,20260209_091517-0013,2016-02-02 22:54:25.223000,2016-02-02 22:56:40.828000,買い,120.55500,120.50500,1.00,-5.00,990.00,水平線手前,損切,支持抵抗,0,120.55500
2016-02-01,2016-02-29,20260209_091517,20260209_091517-0014,2016-02-02 22:57:17.209000,2016-02-02 23:10:31.689000,買い,120.47000,120.42000,1.00,-5.00,985.00,水平線手前,損切,支持抵抗,0,120.47000
2016-02-01,2016-02-29,20260209_091517,20260209_091517-0015,2016-02-02 23:51:03.164000,2016-02-03 00:06:53.827000,買い,120.27300,120.42300,1.00,15.00,1000.00,水平線手前,利確,支持抵抗,0,120.27300
2016-02-01,2016-02-29,20260209_091517,20260209_091517-0016,2016-02-03 00:26:03.525000,2016-02-03 01:13:47.243000,買い,120.19600,120.34600,1.00,15.00,1015.00,水平線手前,利確,支持抵抗,0,120.19600
2016-02-01,2016-02-29,20260209_091517,20260209_091517-0017,2016-02-03 02:15:45.254000,2016-02-03 03:51:19.288000,買い,120.13000,120.08000,1.00,-5.00,1010.00,水平線手前,損切,支持抵抗,0,120.13000
2016-02-01,2016-02-29,20260209_091517,20260209_091517-0018,2016-02-03 03:52:31.544000,2016-02-03 05:09:40.012000,買い,120.06400,120.01400,1.00,-5.00,1005.00,水平線手前,損切,支持抵抗,0,120.06400
2016-02-01,2016-02-29,20260209_091517,20260209_091517-0019,2016-02-03 12:21:19.244000,2016-02-03 12:30:47.088000,買い,119.50900,119.45900,1.00,-5.00,1000.00,水平線手前,損切,支持抵抗,0,119.50900
2016-02-01,2016-02-29,20260209_091517,20260209_091517-0020,2016-02-03 12:30:50.616000,2016-02-03 12:47:33.570000,買い,119.45600,119.60600,1.00,15.00,1015.00,水平線手前,利確,支持抵抗,0,119.45600
2016-02-01,2016-02-29,20260209_091517,20260209_091517-0021,2016-02-03 16:01:15.305000,2016-02-03 16:01:52.768000,売り,119.73500,119.78500,1.00,-5.00,1010.00,水平線手前,損切,支持抵抗,0,119.73500
2016-02-01,2016-02-29,20260209_091517,20260209_091517-0022,2016-02-03 16:48:22.291000,2016-02-03 17:00:02.302000,売り,119.93900,119.98900,1.00,-5.00,1005.00,水平線手前,損切,支持抵抗,0,119.93900
2016-02-01,2016-02-29,20260209_091517,20260209_091517-0023,2016-02-03 17:00:51.244000,2016-02-03 17:13:53.229000,売り,120.01300,119.86300,1.00,15.00,1020.00,水平線手前,利確,支持抵抗,0,120.01300
2016-02-01,2016-02-29,20260209_091517,20260209_091517-0024,2016-02-03 19:21:22.234000,2016-02-03 19:30:33.660000,買い,119.26900,119.41900,1.00,15.00,1035.00,水平線手前,利確,支持抵抗,0,119.26900
2016-02-01,2016-02-29,20260209_091517,20260209_091517-0025,2016-02-03 22:24:55.172000,2016-02-03 22:31:50.167000,買い,119.07500,119.22500,1.00,15.00,1050.00,水平線手前,利確,支持抵抗,0,119.07500
2016-02-01,2016-02-29,20260209_091517,20260209_091517-0026,2016-02-03 23:55:23.586000,2016-02-04 00:00:01.813000,買い,118.65500,118.60500,1.00,-5.00,1045.00,水平線手前,損切,支持抵抗,0,118.65500
2016-02-01,2016-02-29,20260209_091517,20260209_091517-0027,2016-02-04 00:30:52.980000,2016-02-04 00:31:36.242000,買い,117.55200,117.70200,1.00,15.00,1060.00,水平線手前,利確,支持抵抗,0,117.55200
2016-02-01,2016-02-29,20260209_091517,20260209_091517-0028,2016-02-04 03:56:42.301000,2016-02-04 04:06:51.497000,買い,117.09100,117.24100,1.00,15.00,1075.00,水平線手前,利確,支持抵抗,0,117.09100
2016-02-01,2016-02-29,20260209_091517,20260209_091517-0029,2016-02-04 17:20:06.145000,2016-02-04 17:38:27.553000,買い,117.66700,117.81700,1.00,15.00,1090.00,水平線手前,利確,支持抵抗,0,117.66700
2016-02-01,2016-02-29,20260209_091517,20260209_091517-0030,2016-02-04 18:07:15.282000,2016-02-04 18:09:40.471000,買い,117.37700,117.52700,1.00,15.00,1105.00,水平線手前,利確,支持抵抗,0,117.37700
2016-02-01,2016-02-29,20260209_091517,20260209_091517-0031,2016-02-04 22:48:15.837000,2016-02-04 22:52:04.552000,買い,116.89000,117.04000,1.00,15.00,1120.00,水平線手前,利確,支持抵抗,0,116.89000
2016-02-01,2016-02-29,20260209_091517,20260209_091517-0032,2016-02-05 00:01:47.540000,2016-02-05 00:04:08.641000,買い,116.76500,116.91500,1.00,15.00,1135.00,水平線手前,利確,支持抵抗,0,116.76500
2016-02-01,2016-02-29,20260209_091517,20260209_091517-0033,2016-02-05 01:43:40.150000,2016-02-05 02:01:05.947000,買い,116.73600,116.68600,1.00,-5.00,1130.00,水平線手前,損切,支持抵抗,0,116.73600
2016-02-01,2016-02-29,20260209_091517,20260209_091517-0034,2016-02-05 02:01:05.719000,2016-02-05 02:09:10.880000,買い,116.70600,116.85600,1.00,15.00,1145.00,水平線手前,利確,支持抵抗,0,116.70600
2016-02-01,2016-02-29,20260209_091517,20260209_091517-0035,2016-02-05 03:57:44.802000,2016-02-05 04:02:07.971000,買い,116.60200,116.55200,1.00,-5.00,1140.00,水平線手前,損切,支持抵抗,0,116.60200
2016-02-01,2016-02-29,20260209_091517,20260209_091517-0036,2016-02-05 04:02:05.561000,2016-02-05 04:56:45.737000,買い,116.56600,116.71600,1.00,15.00,1155.00,水平線手前,利確,支持抵抗,0,116.56600
2016-02-01,2016-02-29,20260209_091517,20260209_091517-0037,2016-02-05 13:12:22.677000,2016-02-05 13:45:24.400000,買い,116.56600,116.71600,1.00,15.00,1170.00,水平線手前,利確,支持抵抗,0,116.56600
2016-02-01,2016-02-29,20260209_091517,20260209_091517-0038,2016-02-05 14:52:03.172000,2016-02-05 15:09:32.308000,売り,116.93800,116.78800,1.00,15.00,1185.00,水平線手前,利確,支持抵抗,0,116.93800
2016-02-01,2016-02-29,20260209_091517,20260209_091517-0039,2016-02-05 18:45:47.692000,2016-02-05 20:00:02.393000,売り,116.95000,116.80000,1.00,15.00,1200.00,水平線手前,利確,支持抵抗,0,116.95000
2016-02-01,2016-02-29,20260209_091517,20260209_091517-0040,2016-02-05 22:30:09.284000,2016-02-05 22:30:15.534000,買い,116.32800,116.47800,1.00,15.00,1215.00,水平線手前,利確,支持抵抗,0,116.32800
2016-02-01,2016-02-29,20260209_091517,20260209_091517-0041,2016-02-05 22:45:51.255000,2016-02-05 22:48:40.374000,売り,117.28400,117.13400,1.00,15.00,1230.00,水平線手前,利確,支持抵抗,0,117.28400
2016-02-01,2016-02-29,20260209_091517,20260209_091517-0042,2016-02-05 23:15:22.179000,2016-02-05 23:25:44.865000,売り,117.39900,117.24900,1.00,15.00,1245.00,水平線手前,利確,支持抵抗,0,117.39900
2016-02-01,2016-02-29,20260209_091517,20260209_091517-0043,2016-02-06 01:23:17.029000,2016-02-06 01:25:22.397000,買い,116.91100,116.86100,1.00,-5.00,1240.00,水平線手前,損切,支持抵抗,0,116.91100
2016-02-01,2016-02-29,20260209_091517,20260209_091517-0044,2016-02-06 01:25:20.570000,2016-02-06 01:31:35.191000,買い,116.87800,117.02800,1.00,15.00,1255.00,水平線手前,利確,支持抵抗,0,116.87800
2016-02-01,2016-02-29,20260209_091517,20260209_091517-0045,2016-02-06 03:13:28.084000,2016-02-06 06:54:44.214000,買い,116.87800,116.82800,1.00,-5.00,1250.00,水平線手前,損切,支持抵抗,0,116.87800
2016-02-01,2016-02-29,20260209_091517,20260209_091517-0046,2016-02-06 03:13:28.992000,2016-02-06 06:54:44.551000,買い,116.87600,116.82600,1.00,-5.00,1245.00,水平線手前,損切,支持抵抗,0,116.87600
2016-02-01,2016-02-29,20260209_091517,20260209_091517-0047,2016-02-08 11:24:49.332000,2016-02-08 13:32:58.638000,売り,117.24800,117.29800,1.00,-5.00,1240.00,水平線手前,損切,支持抵抗,0,117.24800
2016-02-01,2016-02-29,20260209_091517,20260209_091517-0048,2016-02-08 12:00:00.575000,2016-02-08 13:32:58.638000,売り,117.24900,117.29900,1.00,-5.00,1235.00,水平線手前,損切,支持抵抗,0,117.24900
2016-02-01,2016-02-29,20260209_091517,20260209_091517-0049,2016-02-08 13:40:31.839000,2016-02-08 14:10:25.377000,売り,117.32400,117.37400,1.00,-5.00,1230.00,水平線手前,損切,支持抵抗,0,117.32400
2016-02-01,2016-02-29,20260209_091517,20260209_091517-0050,2016-02-08 14:31:07.838000,2016-02-08 15:44:53.640000,売り,117.45900,117.50900,1.00,-5.00,1225.00,水平線手前,損切,支持抵抗,0,117.45900
2016-02-01,2016-02-29,20260209_091517,20260209_091517-0051,2016-02-08 15:39:46.058000,2016-02-08 16:19:37.914000,売り,117.49500,117.34500,1.00,15.00,1240.00,水平線手前,利確,支持抵抗,0,117.49500
2016-02-01,2016-02-29,20260209_091517,20260209_091517-0052,2016-02-08 18:55:56.638000,2016-02-08 18:56:29.082000,買い,116.84000,116.79000,1.00,-5.00,1235.00,水平線手前,損切,支持抵抗,0,116.84000
2016-02-01,2016-02-29,20260209_091517,20260209_091517-0053,2016-02-08 18:56:46.081000,2016-02-08 19:01:12.332000,買い,116.75300,116.70300,1.00,-5.00,1230.00,水平線手前,損切,支持抵抗,0,116.75300
2016-02-01,2016-02-29,20260209_091517,20260209_091517-0054,2016-02-08 19:16:06.461000,2016-02-08 19:40:05.472000,買い,116.64400,116.79400,1.00,15.00,1245.00,水平線手前,利確,支持抵抗,0,116.64400
2016-02-01,2016-02-29,20260209_091517,20260209_091517-0055,2016-02-08 20:22:50.504000,2016-02-08 20:44:42.438000,買い,116.59300,116.74300,1.00,15.00,1260.00,水平線手前,利確,支持抵抗,0,116.59300
2016-02-01,2016-02-29,20260209_091517,20260209_091517-0056,2016-02-08 21:25:05.487000,2016-02-08 21:38:03.559000,買い,116.16000,116.31000,1.00,15.00,1275.00,水平線手前,利確,支持抵抗,0,116.16000
2016-02-01,2016-02-29,20260209_091517,20260209_091517-0057,2016-02-08 23:36:37.895000,2016-02-08 23:40:37.492000,買い,115.97400,116.12400,1.00,15.00,1290.00,水平線手前,利確,支持抵抗,0,115.97400
2016-02-01,2016-02-29,20260209_091517,20260209_091517-0058,2016-02-09 00:57:45.243000,2016-02-09 01:00:41.980000,買い,115.59100,115.54100,1.00,-5.00,1285.00,水平線手前,損切,支持抵抗,0,115.59100
2016-02-01,2016-02-29,20260209_091517,20260209_091517-0059,2016-02-09 01:14:11.276000,2016-02-09 01:17:10.439000,買い,115.20900,115.35900,1.00,15.00,1300.00,水平線手前,利確,支持抵抗,0,115.20900
2016-02-01,2016-02-29,20260209_091517,20260209_091517-0060,2016-02-09 11:30:27.050000,2016-02-09 11:37:41.503000,買い,114.90300,114.85300,1.00,-5.00,1295.00,水平線手前,損切,支持抵抗,0,114.90300
2016-02-01,2016-02-29,20260209_091517,20260209_091517-0061,2016-02-09 11:40:24.094000,2016-02-09 11:42:27.747000,買い,114.47900,114.62900,1.00,15.00,1310.00,水平線手前,利確,支持抵抗,0,114.47900
2016-02-01,2016-02-29,20260209_091517,20260209_091517-0062,2016-02-09 12:25:33.875000,2016-02-09 12:30:25.459000,買い,114.24900,114.39900,1.00,15.00,1325.00,水平線手前,利確,支持抵抗,0,114.24900
2016-02-01,2016-02-29,20260209_091517,20260209_091517-0063,2016-02-09 20:48:12.004000,2016-02-09 21:01:22.954000,買い,114.92800,115.07800,1.00,15.00,1340.00,水平線手前,利確,支持抵抗,0,114.92800
2016-02-01,2016-02-29,20260209_091517,20260209_091517-0064,2016-02-09 21:52:20.548000,2016-02-09 22:16:37.510000,買い,114.76000,114.91000,1.00,15.00,1355.00,水平線手前,利確,支持抵抗,0,114.76000
2016-02-01,2016-02-29,20260209_091517,20260209_091517-0065,2016-02-09 22:57:27.609000,2016-02-09 23:04:19.867000,買い,114.38300,114.33300,1.00,-5.00,1350.00,水平線手前,損切,支持抵抗,0,114.38300
2016-02-01,2016-02-29,20260209_091517,20260209_091517-0066,2016-02-09 23:04:11.508000,2016-02-09 23:10:52.622000,買い,114.36100,114.51100,1.00,15.00,1365.00,水平線手前,利確,支持抵抗,0,114.36100
2016-02-01,2016-02-29,20260209_091517,20260209_091517-0067,2016-02-10 00:03:36.874000,2016-02-10 00:11:03.897000,売り,115.35500,115.20500,1.00,15.00,1380.00,水平線手前,利確,支持抵抗,0,115.35500
2016-02-01,2016-02-29,20260209_091517,20260209_091517-0068,2016-02-10 11:15:04.189000,2016-02-10 11:15:11.887000,売り,115.11600,114.96600,1.00,15.00,1395.00,水平線手前,利確,支持抵抗,0,115.11600
2016-02-01,2016-02-29,20260209_091517,20260209_091517-0069,2016-02-10 13:17:42.549000,2016-02-10 13:17:53.630000,買い,114.42500,114.37500,1.00,-5.00,1390.00,水平線手前,損切,支持抵抗,0,114.42500
2016-02-01,2016-02-29,20260209_091517,20260209_091517-0070,2016-02-10 13:21:06.910000,2016-02-10 13:37:00.944000,買い,114.34400,114.49400,1.00,15.00,1405.00,水平線手前,利確,支持抵抗,0,114.34400
2016-02-01,2016-02-29,20260209_091517,20260209_091517-0071,2016-02-10 16:01:53.691000,2016-02-10 16:03:06.194000,売り,114.81500,114.86500,1.00,-5.00,1400.00,水平線手前,損切,支持抵抗,0,114.81500
2016-02-01,2016-02-29,20260209_091517,20260209_091517-0072,2016-02-10 16:45:45.324000,2016-02-10 17:01:57.771000,売り,115.01200,114.86200,1.00,15.00,1415.00,水平線手前,利確,支持抵抗,0,115.01200
2016-02-01,2016-02-29,20260209_091517,20260209_091517-0073,2016-02-10 17:18:25.690000,2016-02-10 17:33:03.414000,買い,114.52000,114.67000,1.00,15.00,1430.00,水平線手前,利確,支持抵抗,0,114.52000
2016-02-01,2016-02-29,20260209_091517,20260209_091517-0074,2016-02-10 18:04:40.728000,2016-02-10 18:10:22.249000,売り,114.99000,114.84000,1.00,15.00,1445.00,水平線手前,利確,支持抵抗,0,114.99000
2016-02-01,2016-02-29,20260209_091517,20260209_091517-0075,2016-02-10 19:37:49.296000,2016-02-10 20:07:50.772000,売り,115.15600,115.00600,1.00,15.00,1460.00,水平線手前,利確,支持抵抗,0,115.15600
2016-02-01,2016-02-29,20260209_091517,20260209_091517-0076,2016-02-10 22:11:45.611000,2016-02-10 22:30:05.297000,買い,114.88700,114.83700,1.00,-5.00,1455.00,水平線手前,損切,支持抵抗,0,114.88700
2016-02-01,2016-02-29,20260209_091517,20260209_091517-0077,2016-02-10 22:38:30.738000,2016-02-10 22:40:04.299000,買い,114.75900,114.70900,1.00,-5.00,1450.00,水平線手前,損切,支持抵抗,0,114.75900
2016-02-01,2016-02-29,20260209_091517,20260209_091517-0078,2016-02-10 22:40:20.793000,2016-02-10 22:43:59.274000,買い,114.66400,114.81400,1.00,15.00,1465.00,水平線手前,利確,支持抵抗,0,114.66400
2016-02-01,2016-02-29,20260209_091517,20260209_091517-0079,2016-02-10 23:35:14.810000,2016-02-10 23:49:38.866000,買い,114.56800,114.71800,1.00,15.00,1480.00,水平線手前,利確,支持抵抗,0,114.56800
2016-02-01,2016-02-29,20260209_091517,20260209_091517-0080,2016-02-11 00:33:13.436000,2016-02-11 00:36:29.561000,売り,115.16600,115.01600,1.00,15.00,1495.00,水平線手前,利確,支持抵抗,0,115.16600
2016-02-01,2016-02-29,20260209_091517,20260209_091517-0081,2016-02-11 00:32:03.616000,2016-02-11 00:36:51.587000,売り,115.15800,115.00800,1.00,15.00,1510.00,水平線手前,利確,支持抵抗,0,115.15800
2016-02-01,2016-02-29,20260209_091517,20260209_091517-0082,2016-02-11 00:59:52.212000,2016-02-11 01:04:10.943000,買い,114.44500,114.59500,1.00,15.00,1525.00,水平線手前,利確,支持抵抗,0,114.44500
2016-02-01,2016-02-29,20260209_091517,20260209_091517-0083,2016-02-11 01:07:45.993000,2016-02-11 01:07:51.682000,買い,114.34500,114.29500,1.00,-5.00,1520.00,水平線手前,損切,支持抵抗,0,114.34500
2016-02-01,2016-02-29,20260209_091517,20260209_091517-0084,2016-02-11 01:07:51.784000,2016-02-11 01:07:53.245000,買い,114.29600,114.24600,1.00,-5.00,1515.00,水平線手前,損切,支持抵抗,0,114.29600
2016-02-01,2016-02-29,20260209_091517,20260209_091517-0085,2016-02-11 01:40:11.147000,2016-02-11 01:45:05.302000,買い,113.88600,114.03600,1.00,15.00,1530.00,水平線手前,利確,支持抵抗,0,113.88600
2016-02-01,2016-02-29,20260209_091517,20260209_091517-0086,2016-02-11 02:02:06.505000,2016-02-11 02:09:36.859000,買い,113.76700,113.91700,1.00,15.00,1545.00,水平線手前,利確,支持抵抗,0,113.76700
2016-02-01,2016-02-29,20260209_091517,20260209_091517-0087,2016-02-11 04:56:39.284000,2016-02-11 04:57:20.308000,買い,113.76900,113.71900,1.00,-5.00,1540.00,水平線手前,損切,支持抵抗,0,113.76900
2016-02-01,2016-02-29,20260209_091517,20260209_091517-0088,2016-02-11 04:57:38.319000,2016-02-11 05:16:32.559000,買い,113.65400,113.60400,1.00,-5.00,1535.00,水平線手前,損切,支持抵抗,0,113.65400
2016-02-01,2016-02-29,20260209_091517,20260209_091517-0089,2016-02-11 13:57:22.356000,2016-02-11 14:08:29.300000,買い,112.56600,112.71600,1.00,15.00,1550.00,水平線手前,利確,支持抵抗,0,112.56600
2016-02-01,2016-02-29,20260209_091517,20260209_091517-0090,2016-02-11 15:37:56.914000,2016-02-11 15:56:33.962000,買い,112.32000,112.47000,1.00,15.00,1565.00,水平線手前,利確,支持抵抗,0,112.32000
2016-02-01,2016-02-29,20260209_091517,20260209_091517-0091,2016-02-11 17:40:39.037000,2016-02-11 17:41:25.007000,買い,111.02000,111.17000,1.00,15.00,1580.00,水平線手前,利確,支持抵抗,0,111.02000
2016-02-01,2016-02-29,20260209_091517,20260209_091517-0092,2016-02-11 21:21:39.147000,2016-02-11 21:21:42.014000,売り,113.16300,113.01300,1.00,15.00,1595.00,水平線手前,利確,支持抵抗,0,113.16300
2016-02-01,2016-02-29,20260209_091517,20260209_091517-0093,2016-02-12 00:39:40.481000,2016-02-12 00:46:49.020000,買い,111.78100,111.93100,1.00,15.00,1610.00,水平線手前,利確,支持抵抗,0,111.78100
2016-02-01,2016-02-29,20260209_091517,20260209_091517-0094,2016-02-12 01:49:56.727000,2016-02-12 01:56:29.089000,買い,111.61100,111.76100,1.00,15.00,1625.00,水平線手前,利確,支持抵抗,0,111.61100
2016-02-01,2016-02-29,20260209_091517,20260209_091517-0095,2016-02-12 04:55:05.484000,2016-02-12 04:57:11.464000,売り,112.55300,112.40300,1.00,15.00,1640.00,水平線手前,利確,支持抵抗,0,112.55300
2016-02-01,2016-02-29,20260209_091517,20260209_091517-0096,2016-02-12 11:16:16.944000,2016-02-12 11:41:30.348000,買い,112.11500,112.26500,1.00,15.00,1655.00,水平線手前,利確,支持抵抗,0,112.11500
2016-02-01,2016-02-29,20260209_091517,20260209_091517-0097,2016-02-12 12:31:41.706000,2016-02-12 12:36:06.076000,売り,112.57200,112.62200,1.00,-5.00,1650.00,水平線手前,損切,支持抵抗,0,112.57200
2016-02-01,2016-02-29,20260209_091517,20260209_091517-0098,2016-02-12 12:37:58.905000,2016-02-12 12:38:22.564000,売り,112.61900,112.66900,1.00,-5.00,1645.00,水平線手前,損切,支持抵抗,0,112.61900
2016-02-01,2016-02-29,20260209_091517,20260209_091517-0099,2016-02-12 12:38:22.410000,2016-02-12 12:39:43.978000,売り,112.65800,112.70800,1.00,-5.00,1640.00,水平線手前,損切,支持抵抗,0,112.65800
2016-02-01,2016-02-29,20260209_091517,20260209_091517-0100,2016-02-12 12:58:09.483000,2016-02-12 13:03:08.308000,売り,112.98300,112.83300,1.00,15.00,1655.00,水平線手前,利確,支持抵抗,0,112.98300
2016-02-01,2016-02-29,20260209_091517,20260209_091517-0101,2016-02-12 15:54:39.206000,2016-02-12 15:54:40.205000,買い,111.93000,111.88000,1.00,-5.00,1650.00,水平線手前,損切,支持抵抗,0,111.93000
2016-02-01,2016-02-29,20260209_091517,20260209_091517-0102,2016-02-12 15:54:40.359000,2016-02-12 15:54:42.772000,買い,111.86600,111.81600,1.00,-5.00,1645.00,水平線手前,損切,支持抵抗,0,111.86600
2016-02-01,2016-02-29,20260209_091517,20260209_091517-0103,2016-02-12 15:58:07.546000,2016-02-12 16:00:17.313000,買い,111.67900,111.82900,1.00,15.00,1660.00,水平線手前,利確,支持抵抗,0,111.67900
2016-02-01,2016-02-29,20260209_091517,20260209_091517-0104,2016-02-12 22:30:30.836000,2016-02-12 22:32:03.389000,売り,112.98300,113.03300,1.00,-5.00,1655.00,水平線手前,損切,支持抵抗,0,112.98300
2016-02-01,2016-02-29,20260209_091517,20260209_091517-0105,2016-02-12 22:34:46.904000,2016-02-12 22:40:05.466000,売り,113.13600,112.98600,1.00,15.00,1670.00,水平線手前,利確,支持抵抗,0,113.13600
2016-02-01,2016-02-29,20260209_091517,20260209_091517-0106,2016-02-13 02:55:50.630000,2016-02-13 03:01:13.166000,売り,113.22000,113.27000,1.00,-5.00,1665.00,水平線手前,損切,支持抵抗,0,113.22000
2016-02-01,2016-02-29,20260209_091517,20260209_091517-0107,2016-02-13 03:47:11.266000,2016-02-13 04:08:51.205000,売り,113.45400,113.50400,1.00,-5.00,1660.00,水平線手前,損切,支持抵抗,0,113.45400
2016-02-01,2016-02-29,20260209_091517,20260209_091517-0108,2016-02-13 04:14:01.387000,2016-02-13 04:40:36.126000,売り,113.51100,113.36100,1.00,15.00,1675.00,水平線手前,利確,支持抵抗,0,113.51100
2016-02-01,2016-02-29,20260209_091517,20260209_091517-0109,2016-02-15 11:11:13.779000,2016-02-15 11:13:30.159000,売り,113.67600,113.72600,1.00,-5.00,1670.00,水平線手前,損切,支持抵抗,0,113.67600
2016-02-01,2016-02-29,20260209_091517,20260209_091517-0110,2016-02-15 11:53:36.964000,2016-02-15 12:00:33.349000,売り,113.80200,113.85200,1.00,-5.00,1665.00,水平線手前,損切,支持抵抗,0,113.80200
2016-02-01,2016-02-29,20260209_091517,20260209_091517-0111,2016-02-15 12:36:35.080000,2016-02-15 13:26:13.267000,売り,113.91700,113.96700,1.00,-5.00,1660.00,水平線手前,損切,支持抵抗,0,113.91700
2016-02-01,2016-02-29,20260209_091517,20260209_091517-0112,2016-02-15 13:26:13.267000,2016-02-15 14:37:23.792000,売り,113.95800,114.00800,1.00,-5.00,1655.00,水平線手前,損切,支持抵抗,0,113.95800
2016-02-01,2016-02-29,20260209_091517,20260209_091517-0113,2016-02-15 14:09:42.960000,2016-02-15 15:01:57.615000,売り,113.97800,114.02800,1.00,-5.00,1650.00,水平線手前,損切,支持抵抗,0,113.97800
2016-02-01,2016-02-29,20260209_091517,20260209_091517-0114,2016-02-15 15:02:00.227000,2016-02-15 15:16:01.951000,売り,114.07300,113.92300,1.00,15.00,1665.00,水平線手前,利確,支持抵抗,0,114.07300
2016-02-01,2016-02-29,20260209_091517,20260209_091517-0115,2016-02-15 17:04:11.378000,2016-02-15 17:21:44.088000,買い,113.64000,113.79000,1.00,15.00,1680.00,水平線手前,利確,支持抵抗,0,113.64000
2016-02-01,2016-02-29,20260209_091517,20260209_091517-0116,2016-02-15 21:59:48.977000,2016-02-15 22:36:53.850000,売り,114.11500,114.16500,1.00,-5.00,1675.00,水平線手前,損切,支持抵抗,0,114.11500
2016-02-01,2016-02-29,20260209_091517,20260209_091517-0117,2016-02-15 21:59:49.838000,2016-02-15 22:36:56.694000,売り,114.12000,114.17000,1.00,-5.00,1670.00,水平線手前,損切,支持抵抗,0,114.12000
2016-02-01,2016-02-29,20260209_091517,20260209_091517-0118,2016-02-15 22:51:00.496000,2016-02-15 23:21:20.325000,売り,114.18100,114.23100,1.00,-5.00,1665.00,水平線手前,損切,支持抵抗,0,114.18100
2016-02-01,2016-02-29,20260209_091517,20260209_091517-0119,2016-02-15 23:57:36.276000,2016-02-16 00:09:45.159000,売り,114.36200,114.41200,1.00,-5.00,1660.00,水平線手前,損切,支持抵抗,0,114.36200
2016-02-01,2016-02-29,20260209_091517,20260209_091517-0120,2016-02-16 00:50:01.762000,2016-02-16 01:18:04.756000,売り,114.53300,114.58300,1.00,-5.00,1655.00,水平線手前,損切,支持抵抗,0,114.53300
2016-02-01,2016-02-29,20260209_091517,20260209_091517-0121,2016-02-16 01:18:06.706000,2016-02-16 01:31:21.334000,売り,114.58100,114.63100,1.00,-5.00,1650.00,水平線手前,損切,支持抵抗,0,114.58100
2016-02-01,2016-02-29,20260209_091517,20260209_091517-0122,2016-02-16 01:57:34.136000,2016-02-16 02:03:39.321000,売り,114.64600,114.69600,1.00,-5.00,1645.00,水平線手前,損切,支持抵抗,0,114.64600
2016-02-01,2016-02-29,20260209_091517,20260209_091517-0123,2016-02-16 02:04:38.761000,2016-02-16 03:14:50.995000,売り,114.69000,114.54000,1.00,15.00,1660.00,水平線手前,利確,支持抵抗,0,114.69000
2016-02-01,2016-02-29,20260209_091517,20260209_091517-0124,2016-02-16 04:34:00.679000,2016-02-16 07:45:25.118000,売り,114.69100,114.54100,1.00,15.00,1675.00,水平線手前,利確,支持抵抗,0,114.69100
2016-02-01,2016-02-29,20260209_091517,20260209_091517-0125,2016-02-16 11:40:51.753000,2016-02-16 12:26:12.903000,売り,114.72700,114.77700,1.00,-5.00,1670.00,水平線手前,損切,支持抵抗,0,114.72700
2016-02-01,2016-02-29,20260209_091517,20260209_091517-0126,2016-02-16 11:41:32.567000,2016-02-16 12:26:15.262000,売り,114.73300,114.78300,1.00,-5.00,1665.00,水平線手前,損切,支持抵抗,0,114.73300
2016-02-01,2016-02-29,20260209_091517,20260209_091517-0127,2016-02-16 13:01:58.263000,2016-02-16 13:40:40.907000,売り,114.84700,114.69700,1.00,15.00,1680.00,水平線手前,利確,支持抵抗,0,114.84700
2016-02-01,2016-02-29,20260209_091517,20260209_091517-0128,2016-02-16 12:31:36.204000,2016-02-16 13:40:48.288000,売り,114.83800,114.68800,1.00,15.00,1695.00,水平線手前,利確,支持抵抗,0,114.83800
2016-02-01,2016-02-29,20260209_091517,20260209_091517-0129,2016-02-16 17:11:14.888000,2016-02-16 17:17:13.657000,買い,114.33200,114.28200,1.00,-5.00,1690.00,水平線手前,損切,支持抵抗,0,114.33200
2016-02-01,2016-02-29,20260209_091517,20260209_091517-0130,2016-02-16 17:17:14.349000,2016-02-16 17:40:45.507000,買い,114.27600,114.42600,1.00,15.00,1705.00,水平線手前,利確,支持抵抗,0,114.27600
2016-02-01,2016-02-29,20260209_091517,20260209_091517-0131,2016-02-16 18:11:02.247000,2016-02-16 18:15:11.366000,買い,113.86400,114.01400,1.00,15.00,1720.00,水平線手前,利確,支持抵抗,0,113.86400
2016-02-01,2016-02-29,20260209_091517,20260209_091517-0132,2016-02-16 19:38:44.500000,2016-02-16 20:16:06.811000,買い,113.68300,113.83300,1.00,15.00,1735.00,水平線手前,利確,支持抵抗,0,113.68300
2016-02-01,2016-02-29,20260209_091517,20260209_091517-0133,2016-02-16 22:05:24.737000,2016-02-16 22:24:50.340000,買い,113.68000,113.83000,1.00,15.00,1750.00,水平線手前,利確,支持抵抗,0,113.68000
2016-02-01,2016-02-29,20260209_091517,20260209_091517-0134,2016-02-17 01:07:11.138000,2016-02-17 01:31:28.276000,買い,113.62700,113.77700,1.00,15.00,1765.00,水平線手前,利確,支持抵抗,0,113.62700
2016-02-01,2016-02-29,20260209_091517,20260209_091517-0135,2016-02-17 13:47:05.110000,2016-02-17 14:07:24.659000,買い,113.63400,113.78400,1.00,15.00,1780.00,水平線手前,利確,支持抵抗,0,113.63400
2016-02-01,2016-02-29,20260209_091517,20260209_091517-0136,2016-02-17 16:17:06.282000,2016-02-17 16:45:01.670000,買い,113.40900,113.55900,1.00,15.00,1795.00,水平線手前,利確,支持抵抗,0,113.40900
2016-02-01,2016-02-29,20260209_091517,20260209_091517-0137,2016-02-17 19:25:05.921000,2016-02-17 20:01:32.335000,売り,114.26400,114.11400,1.00,15.00,1810.00,水平線手前,利確,支持抵抗,0,114.26400
2016-02-01,2016-02-29,20260209_091517,20260209_091517-0138,2016-02-17 22:32:31.615000,2016-02-17 23:16:02.174000,売り,114.31800,114.36800,1.00,-5.00,1805.00,水平線手前,損切,支持抵抗,0,114.31800
2016-02-01,2016-02-29,20260209_091517,20260209_091517-0139,2016-02-17 23:16:02.403000,2016-02-17 23:42:43.915000,売り,114.36400,114.21400,1.00,15.00,1820.00,水平線手前,利確,支持抵抗,0,114.36400
2016-02-01,2016-02-29,20260209_091517,20260209_091517-0140,2016-02-17 23:15:53.310000,2016-02-17 23:44:46.506000,売り,114.33600,114.18600,1.00,15.00,1835.00,水平線手前,利確,支持抵抗,0,114.33600
2016-02-01,2016-02-29,20260209_091517,20260209_091517-0141,2016-02-18 00:29:42.085000,2016-02-18 00:57:33.019000,売り,114.47700,114.32700,1.00,15.00,1850.00,水平線手前,利確,支持抵抗,0,114.47700
2016-02-01,2016-02-29,20260209_091517,20260209_091517-0142,2016-02-18 02:05:43.212000,2016-02-18 02:34:28.765000,買い,114.07800,114.22800,1.00,15.00,1865.00,水平線手前,利確,支持抵抗,0,114.07800
2016-02-01,2016-02-29,20260209_091517,20260209_091517-0143,2016-02-18 03:59:24.076000,2016-02-18 04:00:28.683000,買い,114.02500,113.97500,1.00,-5.00,1860.00,水平線手前,損切,支持抵抗,0,114.02500
2016-02-01,2016-02-29,20260209_091517,20260209_091517-0144,2016-02-18 03:59:27.915000,2016-02-18 04:00:29.724000,買い,114.00000,113.95000,1.00,-5.00,1855.00,水平線手前,損切,支持抵抗,0,114.00000
2016-02-01,2016-02-29,20260209_091517,20260209_091517-0145,2016-02-18 04:50:36.274000,2016-02-18 06:14:28.147000,買い,113.77900,113.92900,1.00,15.00,1870.00,水平線手前,利確,支持抵抗,0,113.77900
2016-02-01,2016-02-29,20260209_091517,20260209_091517-0146,2016-02-18 16:00:07.677000,2016-02-18 16:13:22.766000,買い,113.78200,113.93200,1.00,15.00,1885.00,水平線手前,利確,支持抵抗,0,113.78200
2016-02-01,2016-02-29,20260209_091517,20260209_091517-0147,2016-02-18 17:33:38.416000,2016-02-18 18:34:31.050000,買い,113.65500,113.80500,1.00,15.00,1900.00,水平線手前,利確,支持抵抗,0,113.65500
2016-02-01,2016-02-29,20260209_091517,20260209_091517-0148,2016-02-18 23:40:57.554000,2016-02-19 00:04:38.296000,買い,113.65200,113.80200,1.00,15.00,1915.00,水平線手前,利確,支持抵抗,0,113.65200
2016-02-01,2016-02-29,20260209_091517,20260209_091517-0149,2016-02-18 23:40:55.381000,2016-02-19 00:04:38.402000,買い,113.65300,113.80300,1.00,15.00,1930.00,水平線手前,利確,支持抵抗,0,113.65300
2016-02-01,2016-02-29,20260209_091517,20260209_091517-0150,2016-02-19 00:57:55.006000,2016-02-19 01:00:05.119000,買い,113.64100,113.59100,1.00,-5.00,1925.00,水平線手前,損切,支持抵抗,0,113.64100
2016-02-01,2016-02-29,20260209_091517,20260209_091517-0151,2016-02-19 01:06:15.287000,2016-02-19 02:59:47.240000,買い,113.52000,113.47000,1.00,-5.00,1920.00,水平線手前,損切,支持抵抗,0,113.52000
2016-02-01,2016-02-29,20260209_091517,20260209_091517-0152,2016-02-19 02:59:43.280000,2016-02-19 03:39:53.975000,買い,113.49500,113.44500,1.00,-5.00,1915.00,水平線手前,損切,支持抵抗,0,113.49500
2016-02-01,2016-02-29,20260209_091517,20260209_091517-0153,2016-02-19 03:00:14.535000,2016-02-19 04:07:51.167000,買い,113.47900,113.62900,1.00,15.00,1930.00,水平線手前,利確,支持抵抗,0,113.47900
2016-02-01,2016-02-29,20260209_091517,20260209_091517-0154,2016-02-19 11:00:18.753000,2016-02-19 11:39:11.300000,買い,112.75200,112.90200,1.00,15.00,1945.00,水平線手前,利確,支持抵抗,0,112.75200
2016-02-01,2016-02-29,20260209_091517,20260209_091517-0155,2016-02-19 22:37:37.737000,2016-02-19 22:47:30.783000,売り,113.17500,113.02500,1.00,15.00,1960.00,水平線手前,利確,支持抵抗,0,113.17500
2016-02-01,2016-02-29,20260209_091517,20260209_091517-0156,2016-02-20 01:01:42.941000,2016-02-20 01:03:42.942000,買い,112.75200,112.70200,1.00,-5.00,1955.00,水平線手前,損切,支持抵抗,0,112.75200
2016-02-01,2016-02-29,20260209_091517,20260209_091517-0157,2016-02-20 01:06:42.713000,2016-02-20 01:46:10.006000,買い,112.59100,112.54100,1.00,-5.00,1950.00,水平線手前,損切,支持抵抗,0,112.59100
2016-02-01,2016-02-29,20260209_091517,20260209_091517-0158,2016-02-20 01:58:58.107000,2016-02-20 02:02:28.741000,買い,112.44800,112.39800,1.00,-5.00,1945.00,水平線手前,損切,支持抵抗,0,112.44800
2016-02-01,2016-02-29,20260209_091517,20260209_091517-0159,2016-02-20 02:15:27.415000,2016-02-20 03:16:32.369000,買い,112.34400,112.49400,1.00,15.00,1960.00,水平線手前,利確,支持抵抗,0,112.34400
2016-02-01,2016-02-29,20260209_091517,20260209_091517-0160,2016-02-22 17:25:47.257000,2016-02-22 17:39:30.556000,売り,113.02100,112.87100,1.00,15.00,1975.00,水平線手前,利確,支持抵抗,0,113.02100
2016-02-01,2016-02-29,20260209_091517,20260209_091517-0161,2016-02-22 18:50:34.327000,2016-02-22 19:00:14.739000,売り,113.06200,113.11200,1.00,-5.00,1970.00,水平線手前,損切,支持抵抗,0,113.06200
2016-02-01,2016-02-29,20260209_091517,20260209_091517-0162,2016-02-22 19:17:58.646000,2016-02-22 20:22:26.146000,売り,113.23000,113.28000,1.00,-5.00,1965.00,水平線手前,損切,支持抵抗,0,113.23000
2016-02-01,2016-02-29,20260209_091517,20260209_091517-0163,2016-02-22 20:32:17.955000,2016-02-22 21:31:40.711000,売り,113.36000,113.21000,1.00,15.00,1980.00,水平線手前,利確,支持抵抗,0,113.36000
2016-02-01,2016-02-29,20260209_091517,20260209_091517-0164,2016-02-23 12:31:13.746000,2016-02-23 13:03:26.035000,買い,112.03900,111.98900,1.00,-5.00,1975.00,水平線手前,損切,支持抵抗,0,112.03900
2016-02-01,2016-02-29,20260209_091517,20260209_091517-0165,2016-02-23 13:03:24.793000,2016-02-23 13:07:55.997000,買い,112.01300,112.16300,1.00,15.00,1990.00,水平線手前,利確,支持抵抗,0,112.01300
2016-02-01,2016-02-29,20260209_091517,20260209_091517-0166,2016-02-23 17:05:12.229000,2016-02-23 17:22:32.455000,買い,111.89400,112.04400,1.00,15.00,2005.00,水平線手前,利確,支持抵抗,0,111.89400
2016-02-01,2016-02-29,20260209_091517,20260209_091517-0167,2016-02-23 22:05:35.546000,2016-02-23 22:22:41.604000,買い,111.81000,111.96000,1.00,15.00,2020.00,水平線手前,利確,支持抵抗,0,111.81000
2016-02-01,2016-02-29,20260209_091517,20260209_091517-0168,2016-02-24 12:20:07.798000,2016-02-24 13:14:04.603000,買い,111.79400,111.74400,1.00,-5.00,2015.00,水平線手前,損切,支持抵抗,0,111.79400
2016-02-01,2016-02-29,20260209_091517,20260209_091517-0169,2016-02-24 13:35:31.964000,2016-02-24 15:21:19.371000,買い,111.67300,111.82300,1.00,15.00,2030.00,水平線手前,利確,支持抵抗,0,111.67300
2016-02-01,2016-02-29,20260209_091517,20260209_091517-0170,2016-02-24 16:25:45.237000,2016-02-24 17:00:46.507000,売り,112.23600,112.08600,1.00,15.00,2045.00,水平線手前,利確,支持抵抗,0,112.23600
2016-02-01,2016-02-29,20260209_091517,20260209_091517-0171,2016-02-24 23:50:06.690000,2016-02-25 00:20:17.513000,買い,111.35600,111.30600,1.00,-5.00,2040.00,水平線手前,損切,支持抵抗,0,111.35600
2016-02-01,2016-02-29,20260209_091517,20260209_091517-0172,2016-02-25 00:31:39.040000,2016-02-25 00:31:44.548000,買い,111.14400,111.09400,1.00,-5.00,2035.00,水平線手前,損切,支持抵抗,0,111.14400
2016-02-01,2016-02-29,20260209_091517,20260209_091517-0173,2016-02-25 01:17:28.081000,2016-02-25 01:36:34.971000,買い,111.08000,111.23000,1.00,15.00,2050.00,水平線手前,利確,支持抵抗,0,111.08000
2016-02-01,2016-02-29,20260209_091517,20260209_091517-0174,2016-02-25 00:59:56.466000,2016-02-25 01:36:43.580000,買い,111.08600,111.23600,1.00,15.00,2065.00,水平線手前,利確,支持抵抗,0,111.08600
2016-02-01,2016-02-29,20260209_091517,20260209_091517-0175,2016-02-25 11:39:04.689000,2016-02-25 11:41:33.601000,売り,112.19800,112.24800,1.00,-5.00,2060.00,水平線手前,損切,支持抵抗,0,112.19800
2016-02-01,2016-02-29,20260209_091517,20260209_091517-0176,2016-02-25 11:51:08.496000,2016-02-25 12:35:55.651000,売り,112.38500,112.23500,1.00,15.00,2075.00,水平線手前,利確,支持抵抗,0,112.38500
2016-02-01,2016-02-29,20260209_091517,20260209_091517-0177,2016-02-25 11:51:08.801000,2016-02-25 12:35:55.651000,売り,112.38800,112.23800,1.00,15.00,2090.00,水平線手前,利確,支持抵抗,0,112.38800
2016-02-01,2016-02-29,20260209_091517,20260209_091517-0178,2016-02-25 13:42:49.599000,2016-02-25 15:13:02.639000,売り,112.59500,112.44500,1.00,15.00,2105.00,水平線手前,利確,支持抵抗,0,112.59500
2016-02-01,2016-02-29,20260209_091517,20260209_091517-0179,2016-02-25 21:24:11.492000,2016-02-25 22:30:00.520000,売り,112.54600,112.59600,1.00,-5.00,2100.00,水平線手前,損切,支持抵抗,0,112.54600
2016-02-01,2016-02-29,20260209_091517,20260209_091517-0180,2016-02-25 22:30:03.765000,2016-02-25 22:31:23.717000,売り,112.66800,112.71800,1.00,-5.00,2095.00,水平線手前,損切,支持抵抗,0,112.66800
2016-02-01,2016-02-29,20260209_091517,20260209_091517-0181,2016-02-25 22:55:03.646000,2016-02-25 23:05:48.620000,売り,112.76700,112.81700,1.00,-5.00,2090.00,水平線手前,損切,支持抵抗,0,112.76700
2016-02-01,2016-02-29,20260209_091517,20260209_091517-0182,2016-02-25 23:13:20.723000,2016-02-25 23:41:03.251000,売り,112.92900,112.77900,1.00,15.00,2105.00,水平線手前,利確,支持抵抗,0,112.92900
2016-02-01,2016-02-29,20260209_091517,20260209_091517-0183,2016-02-26 03:46:42.513000,2016-02-26 04:18:59.983000,売り,112.94700,112.99700,1.00,-5.00,2100.00,水平線手前,損切,支持抵抗,0,112.94700
2016-02-01,2016-02-29,20260209_091517,20260209_091517-0184,2016-02-26 04:20:15.957000,2016-02-26 04:35:54.553000,売り,112.99300,112.84300,1.00,15.00,2115.00,水平線手前,利確,支持抵抗,0,112.99300
2016-02-01,2016-02-29,20260209_091517,20260209_091517-0185,2016-02-26 21:06:49.656000,2016-02-26 21:34:32.173000,買い,112.73900,112.88900,1.00,15.00,2130.00,水平線手前,利確,支持抵抗,0,112.73900
2016-02-01,2016-02-29,20260209_091517,20260209_091517-0186,2016-02-26 22:30:04.295000,2016-02-26 22:30:05.569000,売り,113.19500,113.24500,1.00,-5.00,2125.00,水平線手前,損切,支持抵抗,0,113.19500
2016-02-01,2016-02-29,20260209_091517,20260209_091517-0187,2016-02-26 22:32:06.148000,2016-02-26 22:32:25.025000,売り,113.19000,113.24000,1.00,-5.00,2120.00,水平線手前,損切,支持抵抗,0,113.19000
2016-02-01,2016-02-29,20260209_091517,20260209_091517-0188,2016-02-26 22:40:27.357000,2016-02-26 22:52:20.127000,売り,113.35900,113.40900,1.00,-5.00,2115.00,水平線手前,損切,支持抵抗,0,113.35900
2016-02-01,2016-02-29,20260209_091517,20260209_091517-0189,2016-02-26 22:52:22.995000,2016-02-26 23:07:10.907000,売り,113.42400,113.47400,1.00,-5.00,2110.00,水平線手前,損切,支持抵抗,0,113.42400
2016-02-01,2016-02-29,20260209_091517,20260209_091517-0190,2016-02-26 23:57:27.422000,2016-02-27 00:00:06.009000,売り,113.66000,113.71000,1.00,-5.00,2105.00,水平線手前,損切,支持抵抗,0,113.66000
2016-02-01,2016-02-29,20260209_091517,20260209_091517-0191,2016-02-27 00:54:57.924000,2016-02-27 00:58:48.702000,売り,113.89800,113.94800,1.00,-5.00,2100.00,水平線手前,損切,支持抵抗,0,113.89800
2016-02-01,2016-02-29,20260209_091517,20260209_091517-0192,2016-02-27 00:55:37.779000,2016-02-27 01:00:52.934000,売り,113.91300,113.96300,1.00,-5.00,2095.00,水平線手前,損切,支持抵抗,0,113.91300
2016-02-01,2016-02-29,20260209_091517,20260209_091517-0193,2016-02-27 01:01:49.035000,2016-02-27 01:29:10.881000,売り,113.95900,113.80900,1.00,15.00,2110.00,水平線手前,利確,支持抵抗,0,113.95900
2016-02-01,2016-02-29,20260209_091517,20260209_091517-0194,2016-02-29 11:00:00.191000,2016-02-29 11:00:08.642000,買い,113.38900,113.33900,1.00,-5.00,2105.00,水平線手前,損切,支持抵抗,0,113.38900
2016-02-01,2016-02-29,20260209_091517,20260209_091517-0195,2016-02-29 11:00:09.655000,2016-02-29 13:06:47.651000,買い,113.33900,113.28900,1.00,-5.00,2100.00,水平線手前,損切,支持抵抗,0,113.33900
2016-02-01,2016-02-29,20260209_091517,20260209_091517-0196,2016-02-29 13:56:31.815000,2016-02-29 14:05:30.639000,買い,113.13800,113.08800,1.00,-5.00,2095.00,水平線手前,損切,支持抵抗,0,113.13800
2016-02-01,2016-02-29,20260209_091517,20260209_091517-0197,2016-02-29 14:50:43.878000,2016-02-29 15:02:13.210000,買い,112.93200,112.88200,1.00,-5.00,2090.00,水平線手前,損切,支持抵抗,0,112.93200
2016-02-01,2016-02-29,20260209_091517,20260209_091517-0198,2016-02-29 15:06:48.112000,2016-02-29 15:45:07.261000,買い,112.80700,112.95700,1.00,15.00,2105.00,水平線手前,利確,支持抵抗,0,112.80700
2016-02-01,2016-02-29,20260209_091517,20260209_091517-0199,2016-02-29 19:01:04.644000,2016-02-29 19:01:23.056000,売り,113.09900,113.14900,1.00,-5.00,2100.00,水平線手前,損切,支持抵抗,0,113.09900
2016-02-01,2016-02-29,20260209_091517,20260209_091517-0200,2016-02-29 19:01:23.920000,2016-02-29 19:10:59.901000,売り,113.15700,113.00700,1.00,15.00,2115.00,水平線手前,利確,支持抵抗,0,113.15700
2016-02-01,2016-02-29,20260209_091517,20260209_091517-0201,2016-02-29 22:36:49.821000,2016-02-29 23:10:08.660000,売り,113.22500,113.07500,1.00,15.00,2130.00,水平線手前,利確,支持抵抗,0,113.22500
2016-03-01,2016-03-31,20260209_091605,20260209_091605-0001,2016-03-01 16:38:47.087000,2016-03-01 16:38:49.321000,売り,112.97200,113.02200,1.00,-5.00,2125.00,水平線手前,損切,支持抵抗,0,112.97200
2016-03-01,2016-03-31,20260209_091605,20260209_091605-0002,2016-03-01 16:38:48.664000,2016-03-01 17:11:23.911000,売り,113.00100,113.05100,1.00,-5.00,2120.00,水平線手前,損切,支持抵抗,0,113.00100
2016-03-01,2016-03-31,20260209_091605,20260209_091605-0003,2016-03-01 17:45:23.765000,2016-03-01 18:27:00.125000,売り,113.31400,113.16400,1.00,15.00,2135.00,水平線手前,利確,支持抵抗,0,113.31400
2016-03-01,2016-03-31,20260209_091605,20260209_091605-0004,2016-03-02 00:36:00.819000,2016-03-02 00:48:36.534000,売り,113.79800,113.64800,1.00,15.00,2150.00,水平線手前,利確,支持抵抗,0,113.79800
2016-03-01,2016-03-31,20260209_091605,20260209_091605-0005,2016-03-02 01:54:37.348000,2016-03-02 02:00:57.638000,売り,113.91800,113.96800,1.00,-5.00,2145.00,水平線手前,損切,支持抵抗,0,113.91800
2016-03-01,2016-03-31,20260209_091605,20260209_091605-0006,2016-03-02 02:04:41.460000,2016-03-02 03:47:52.764000,売り,114.03900,114.08900,1.00,-5.00,2140.00,水平線手前,損切,支持抵抗,0,114.03900
2016-03-01,2016-03-31,20260209_091605,20260209_091605-0007,2016-03-02 03:47:46.357000,2016-03-02 04:01:49.349000,売り,114.06900,114.11900,1.00,-5.00,2135.00,水平線手前,損切,支持抵抗,0,114.06900
2016-03-01,2016-03-31,20260209_091605,20260209_091605-0008,2016-03-02 04:09:18.300000,2016-03-02 05:16:05.086000,売り,114.15900,114.00900,1.00,15.00,2150.00,水平線手前,利確,支持抵抗,0,114.15900
2016-03-01,2016-03-31,20260209_091605,20260209_091605-0009,2016-03-02 15:58:21.122000,2016-03-02 17:36:07.790000,売り,114.33100,114.38100,1.00,-5.00,2145.00,水平線手前,損切,支持抵抗,0,114.33100
2016-03-01,2016-03-31,20260209_091605,20260209_091605-0010,2016-03-02 18:16:10.377000,2016-03-02 20:20:48.891000,売り,114.42400,114.27400,1.00,15.00,2160.00,水平線手前,利確,支持抵抗,0,114.42400
2016-03-01,2016-03-31,20260209_091605,20260209_091605-0011,2016-03-02 17:39:49.659000,2016-03-02 20:20:49.499000,売り,114.42000,114.27000,1.00,15.00,2175.00,水平線手前,利確,支持抵抗,0,114.42000
2016-03-01,2016-03-31,20260209_091605,20260209_091605-0012,2016-03-02 20:42:00.252000,2016-03-02 22:15:06.115000,売り,114.42400,114.47400,1.00,-5.00,2170.00,水平線手前,損切,支持抵抗,0,114.42400
2016-03-01,2016-03-31,20260209_091605,20260209_091605-0013,2016-03-02 22:19:36.823000,2016-03-02 22:30:07.265000,売り,114.52800,114.37800,1.00,15.00,2185.00,水平線手前,利確,支持抵抗,0,114.52800
2016-03-01,2016-03-31,20260209_091605,20260209_091605-0014,2016-03-02 22:38:05.847000,2016-03-02 22:46:10.334000,買い,114.02900,114.17900,1.00,15.00,2200.00,水平線手前,利確,支持抵抗,0,114.02900
2016-03-01,2016-03-31,20260209_091605,20260209_091605-0015,2016-03-02 23:51:59.391000,2016-03-03 00:30:09.473000,買い,113.83600,113.78600,1.00,-5.00,2195.00,水平線手前,損切,支持抵抗,0,113.83600
2016-03-01,2016-03-31,20260209_091605,20260209_091605-0016,2016-03-03 00:30:12.860000,2016-03-03 00:36:07.251000,買い,113.70800,113.85800,1.00,15.00,2210.00,水平線手前,利確,支持抵抗,0,113.70800
2016-03-01,2016-03-31,20260209_091605,20260209_091605-0017,2016-03-03 03:57:24.675000,2016-03-03 04:19:12.627000,買い,113.38100,113.33100,1.00,-5.00,2205.00,水平線手前,損切,支持抵抗,0,113.38100
2016-03-01,2016-03-31,20260209_091605,20260209_091605-0018,2016-03-03 04:26:31.076000,2016-03-03 04:39:04.867000,買い,113.25300,113.40300,1.00,15.00,2220.00,水平線手前,利確,支持抵抗,0,113.25300
2016-03-01,2016-03-31,20260209_091605,20260209_091605-0019,2016-03-03 13:13:10.236000,2016-03-03 13:14:12.016000,売り,114.02300,114.07300,1.00,-5.00,2215.00,水平線手前,損切,支持抵抗,0,114.02300
2016-03-01,2016-03-31,20260209_091605,20260209_091605-0020,2016-03-03 13:15:01.542000,2016-03-03 14:02:27.229000,売り,114.10900,114.15900,1.00,-5.00,2210.00,水平線手前,損切,支持抵抗,0,114.10900
2016-03-01,2016-03-31,20260209_091605,20260209_091605-0021,2016-03-03 14:06:24.852000,2016-03-03 15:30:26.519000,売り,114.20900,114.25900,1.00,-5.00,2205.00,水平線手前,損切,支持抵抗,0,114.20900
2016-03-01,2016-03-31,20260209_091605,20260209_091605-0022,2016-03-03 15:30:25.586000,2016-03-03 15:45:42.426000,売り,114.23800,114.08800,1.00,15.00,2220.00,水平線手前,利確,支持抵抗,0,114.23800
2016-03-01,2016-03-31,20260209_091605,20260209_091605-0023,2016-03-03 16:28:18.809000,2016-03-03 17:00:06.732000,買い,114.03900,114.18900,1.00,15.00,2235.00,水平線手前,利確,支持抵抗,0,114.03900
2016-03-01,2016-03-31,20260209_091605,20260209_091605-0024,2016-03-03 17:45:31.614000,2016-03-03 18:07:32.876000,買い,113.84400,113.99400,1.00,15.00,2250.00,水平線手前,利確,支持抵抗,0,113.84400
2016-03-01,2016-03-31,20260209_091605,20260209_091605-0025,2016-03-03 22:33:52.554000,2016-03-03 23:39:28.882000,買い,113.78500,113.73500,1.00,-5.00,2245.00,水平線手前,損切,支持抵抗,0,113.78500
2016-03-01,2016-03-31,20260209_091605,20260209_091605-0026,2016-03-03 23:52:00.897000,2016-03-04 00:01:01.712000,買い,113.56500,113.51500,1.00,-5.00,2240.00,水平線手前,損切,支持抵抗,0,113.56500
2016-03-01,2016-03-31,20260209_091605,20260209_091605-0027,2016-03-04 00:01:51.908000,2016-03-04 00:08:46.865000,買い,113.49800,113.64800,1.00,15.00,2255.00,水平線手前,利確,支持抵抗,0,113.49800
2016-03-01,2016-03-31,20260209_091605,20260209_091605-0028,2016-03-04 01:36:44.029000,2016-03-04 01:46:20.647000,買い,113.33800,113.48800,1.00,15.00,2270.00,水平線手前,利確,支持抵抗,0,113.33800
2016-03-01,2016-03-31,20260209_091605,20260209_091605-0029,2016-03-04 22:35:21.629000,2016-03-04 22:39:36.899000,売り,114.18300,114.03300,1.00,15.00,2285.00,水平線手前,利確,支持抵抗,0,114.18300
2016-03-01,2016-03-31,20260209_091605,20260209_091605-0030,2016-03-04 22:34:16.336000,2016-03-04 22:39:39.796000,売り,114.17600,114.02600,1.00,15.00,2300.00,水平線手前,利確,支持抵抗,0,114.17600
2016-03-01,2016-03-31,20260209_091605,20260209_091605-0031,2016-03-04 23:55:18.979000,2016-03-04 23:55:51.255000,買い,113.27800,113.22800,1.00,-5.00,2295.00,水平線手前,損切,支持抵抗,0,113.27800
2016-03-01,2016-03-31,20260209_091605,20260209_091605-0032,2016-03-04 23:53:17.825000,2016-03-04 23:55:51.360000,買い,113.26000,113.21000,1.00,-5.00,2290.00,水平線手前,損切,支持抵抗,0,113.26000
2016-03-01,2016-03-31,20260209_091605,20260209_091605-0033,2016-03-04 23:55:51.466000,2016-03-04 23:55:57.707000,買い,113.21300,113.16300,1.00,-5.00,2285.00,水平線手前,損切,支持抵抗,0,113.21300
2016-03-01,2016-03-31,20260209_091605,20260209_091605-0034,2016-03-04 23:55:57.809000,2016-03-04 23:59:21.001000,買い,113.16000,113.31000,1.00,15.00,2300.00,水平線手前,利確,支持抵抗,0,113.16000
2016-03-01,2016-03-31,20260209_091605,20260209_091605-0035,2016-03-05 00:49:30.580000,2016-03-05 01:25:20.942000,売り,113.90000,113.95000,1.00,-5.00,2295.00,水平線手前,損切,支持抵抗,0,113.90000
2016-03-01,2016-03-31,20260209_091605,20260209_091605-0036,2016-03-05 01:17:11.080000,2016-03-05 02:06:47.010000,売り,113.91800,113.96800,1.00,-5.00,2290.00,水平線手前,損切,支持抵抗,0,113.91800
2016-03-01,2016-03-31,20260209_091605,20260209_091605-0037,2016-03-05 02:08:40.887000,2016-03-05 03:28:19.614000,売り,113.97600,114.02600,1.00,-5.00,2285.00,水平線手前,損切,支持抵抗,0,113.97600
2016-03-01,2016-03-31,20260209_091605,20260209_091605-0038,2016-03-05 03:52:58.770000,2016-03-05 04:07:08.811000,売り,114.20800,114.25800,1.00,-5.00,2280.00,水平線手前,損切,支持抵抗,0,114.20800
2016-03-01,2016-03-31,20260209_091605,20260209_091605-0039,2016-03-05 04:06:20.544000,2016-03-05 04:42:06.457000,売り,114.22700,114.07700,1.00,15.00,2295.00,水平線手前,利確,支持抵抗,0,114.22700
2016-03-01,2016-03-31,20260209_091605,20260209_091605-0040,2016-03-08 03:55:01.352000,2016-03-08 03:56:57.996000,買い,113.44000,113.39000,1.00,-5.00,2290.00,水平線手前,損切,支持抵抗,0,113.44000
2016-03-01,2016-03-31,20260209_091605,20260209_091605-0041,2016-03-08 03:55:27.618000,2016-03-08 04:17:02.044000,買い,113.43000,113.38000,1.00,-5.00,2285.00,水平線手前,損切,支持抵抗,0,113.43000
2016-03-01,2016-03-31,20260209_091605,20260209_091605-0042,2016-03-08 04:58:57.103000,2016-03-08 06:01:40.943000,買い,113.26500,113.41500,1.00,15.00,2300.00,水平線手前,利確,支持抵抗,0,113.26500
2016-03-01,2016-03-31,20260209_091605,20260209_091605-0043,2016-03-08 11:07:02.952000,2016-03-08 11:08:24.109000,買い,112.81400,112.76400,1.00,-5.00,2295.00,水平線手前,損切,支持抵抗,0,112.81400
2016-03-01,2016-03-31,20260209_091605,20260209_091605-0044,2016-03-08 11:08:23.802000,2016-03-08 12:24:48.417000,買い,112.78400,112.93400,1.00,15.00,2310.00,水平線手前,利確,支持抵抗,0,112.78400
2016-03-01,2016-03-31,20260209_091605,20260209_091605-0045,2016-03-08 13:36:42.388000,2016-03-08 13:39:41.722000,売り,113.11100,113.16100,1.00,-5.00,2305.00,水平線手前,損切,支持抵抗,0,113.11100
2016-03-01,2016-03-31,20260209_091605,20260209_091605-0046,2016-03-08 13:50:34.602000,2016-03-08 14:00:35.987000,売り,113.18700,113.23700,1.00,-5.00,2300.00,水平線手前,損切,支持抵抗,0,113.18700
2016-03-01,2016-03-31,20260209_091605,20260209_091605-0047,2016-03-08 14:00:26.676000,2016-03-08 15:29:08.125000,売り,113.21600,113.06600,1.00,15.00,2315.00,水平線手前,利確,支持抵抗,0,113.21600
2016-03-01,2016-03-31,20260209_091605,20260209_091605-0048,2016-03-08 23:31:17.046000,2016-03-08 23:33:30.391000,買い,112.78800,112.73800,1.00,-5.00,2310.00,水平線手前,損切,支持抵抗,0,112.78800
2016-03-01,2016-03-31,20260209_091605,20260209_091605-0049,2016-03-08 23:33:36.624000,2016-03-09 00:26:29.419000,買い,112.68900,112.63900,1.00,-5.00,2305.00,水平線手前,損切,支持抵抗,0,112.68900
2016-03-01,2016-03-31,20260209_091605,20260209_091605-0050,2016-03-09 00:59:16.952000,2016-03-09 01:52:01.570000,買い,112.46400,112.61400,1.00,15.00,2320.00,水平線手前,利確,支持抵抗,0,112.46400
2016-03-01,2016-03-31,20260209_091605,20260209_091605-0051,2016-03-09 16:55:53.709000,2016-03-09 17:31:56.243000,買い,112.45300,112.60300,1.00,15.00,2335.00,水平線手前,利確,支持抵抗,0,112.45300
2016-03-01,2016-03-31,20260209_091605,20260209_091605-0052,2016-03-09 19:20:12.294000,2016-03-09 19:27:52.208000,買い,112.27900,112.22900,1.00,-5.00,2330.00,水平線手前,損切,支持抵抗,0,112.27900
2016-03-01,2016-03-31,20260209_091605,20260209_091605-0053,2016-03-09 19:20:13.296000,2016-03-09 20:12:02.851000,買い,112.25700,112.40700,1.00,15.00,2345.00,水平線手前,利確,支持抵抗,0,112.25700
2016-03-01,2016-03-31,20260209_091605,20260209_091605-0054,2016-03-09 22:24:27.684000,2016-03-09 22:41:16.327000,売り,112.73200,112.78200,1.00,-5.00,2340.00,水平線手前,損切,支持抵抗,0,112.73200
2016-03-01,2016-03-31,20260209_091605,20260209_091605-0055,2016-03-09 22:43:31.923000,2016-03-09 23:40:19.307000,売り,112.81100,112.86100,1.00,-5.00,2335.00,水平線手前,損切,支持抵抗,0,112.81100
2016-03-01,2016-03-31,20260209_091605,20260209_091605-0056,2016-03-09 23:41:20.077000,2016-03-10 00:00:41.790000,売り,112.93700,112.98700,1.00,-5.00,2330.00,水平線手前,損切,支持抵抗,0,112.93700
2016-03-01,2016-03-31,20260209_091605,20260209_091605-0057,2016-03-10 00:46:15.625000,2016-03-10 00:51:59.712000,売り,113.13400,112.98400,1.00,15.00,2345.00,水平線手前,利確,支持抵抗,0,113.13400
2016-03-01,2016-03-31,20260209_091605,20260209_091605-0058,2016-03-10 03:47:57.961000,2016-03-10 03:58:29.000000,売り,113.21500,113.26500,1.00,-5.00,2340.00,水平線手前,損切,支持抵抗,0,113.21500
2016-03-01,2016-03-31,20260209_091605,20260209_091605-0059,2016-03-10 03:57:53.614000,2016-03-10 04:02:01.839000,売り,113.24800,113.29800,1.00,-5.00,2335.00,水平線手前,損切,支持抵抗,0,113.24800
2016-03-01,2016-03-31,20260209_091605,20260209_091605-0060,2016-03-10 04:09:49.979000,2016-03-10 05:00:38.945000,売り,113.37700,113.42700,1.00,-5.00,2330.00,水平線手前,損切,支持抵抗,0,113.37700
2016-03-01,2016-03-31,20260209_091605,20260209_091605-0061,2016-03-10 12:31:03.728000,2016-03-10 12:34:52.244000,売り,113.65600,113.70600,1.00,-5.00,2325.00,水平線手前,損切,支持抵抗,0,113.65600
2016-03-01,2016-03-31,20260209_091605,20260209_091605-0062,2016-03-10 12:31:09.681000,2016-03-10 12:35:03.541000,売り,113.66800,113.71800,1.00,-5.00,2320.00,水平線手前,損切,支持抵抗,0,113.66800
2016-03-01,2016-03-31,20260209_091605,20260209_091605-0063,2016-03-10 12:40:24.166000,2016-03-10 13:16:16.821000,売り,113.76400,113.81400,1.00,-5.00,2315.00,水平線手前,損切,支持抵抗,0,113.76400
2016-03-01,2016-03-31,20260209_091605,20260209_091605-0064,2016-03-10 13:00:32.301000,2016-03-10 15:46:19.562000,売り,113.77700,113.62700,1.00,15.00,2330.00,水平線手前,利確,支持抵抗,0,113.77700
2016-03-01,2016-03-31,20260209_091605,20260209_091605-0065,2016-03-10 21:46:34.931000,2016-03-10 21:47:06.155000,売り,113.77700,113.82700,1.00,-5.00,2325.00,水平線手前,損切,支持抵抗,0,113.77700
2016-03-01,2016-03-31,20260209_091605,20260209_091605-0066,2016-03-10 21:59:20.126000,2016-03-10 22:00:24.081000,売り,114.14700,114.19700,1.00,-5.00,2320.00,水平線手前,損切,支持抵抗,0,114.14700
2016-03-01,2016-03-31,20260209_091605,20260209_091605-0067,2016-03-10 22:27:25.149000,2016-03-10 22:28:16.136000,売り,114.22800,114.27800,1.00,-5.00,2315.00,水平線手前,損切,支持抵抗,0,114.22800
2016-03-01,2016-03-31,20260209_091605,20260209_091605-0068,2016-03-10 22:43:38.558000,2016-03-10 22:46:54.805000,売り,114.41600,114.26600,1.00,15.00,2330.00,水平線手前,利確,支持抵抗,0,114.41600
2016-03-01,2016-03-31,20260209_091605,20260209_091605-0069,2016-03-11 01:36:38.632000,2016-03-11 01:41:38.899000,買い,112.91800,113.06800,1.00,15.00,2345.00,水平線手前,利確,支持抵抗,0,112.91800
2016-03-01,2016-03-31,20260209_091605,20260209_091605-0070,2016-03-11 02:23:30.113000,2016-03-11 02:36:19.854000,買い,112.83700,112.78700,1.00,-5.00,2340.00,水平線手前,損切,支持抵抗,0,112.83700
2016-03-01,2016-03-31,20260209_091605,20260209_091605-0071,2016-03-11 02:44:53.894000,2016-03-11 02:54:20.774000,買い,112.63600,112.78600,1.00,15.00,2355.00,水平線手前,利確,支持抵抗,0,112.63600
2016-03-01,2016-03-31,20260209_091605,20260209_091605-0072,2016-03-11 11:00:24.749000,2016-03-11 11:23:09.643000,売り,113.31200,113.16200,1.00,15.00,2370.00,水平線手前,利確,支持抵抗,0,113.31200
2016-03-01,2016-03-31,20260209_091605,20260209_091605-0073,2016-03-11 12:47:10.354000,2016-03-11 13:29:20.230000,売り,113.49500,113.54500,1.00,-5.00,2365.00,水平線手前,損切,支持抵抗,0,113.49500
2016-03-01,2016-03-31,20260209_091605,20260209_091605-0074,2016-03-11 12:49:01.682000,2016-03-11 13:29:43.382000,売り,113.52200,113.57200,1.00,-5.00,2360.00,水平線手前,損切,支持抵抗,0,113.52200
2016-03-01,2016-03-31,20260209_091605,20260209_091605-0075,2016-03-11 13:29:43.077000,2016-03-11 14:41:26.483000,売り,113.55900,113.40900,1.00,15.00,2375.00,水平線手前,利確,支持抵抗,0,113.55900
2016-03-01,2016-03-31,20260209_091605,20260209_091605-0076,2016-03-11 16:24:03.577000,2016-03-11 17:00:04.219000,売り,113.74600,113.79600,1.00,-5.00,2370.00,水平線手前,損切,支持抵抗,0,113.74600
2016-03-01,2016-03-31,20260209_091605,20260209_091605-0077,2016-03-11 17:12:32.918000,2016-03-11 17:57:31.195000,売り,113.85000,113.70000,1.00,15.00,2385.00,水平線手前,利確,支持抵抗,0,113.85000
2016-03-01,2016-03-31,20260209_091605,20260209_091605-0078,2016-03-11 19:21:44.556000,2016-03-11 21:07:03.869000,売り,113.88700,113.73700,1.00,15.00,2400.00,水平線手前,利確,支持抵抗,0,113.88700
2016-03-01,2016-03-31,20260209_091605,20260209_091605-0079,2016-03-11 22:39:23.535000,2016-03-11 23:05:11.013000,買い,113.52900,113.67900,1.00,15.00,2415.00,水平線手前,利確,支持抵抗,0,113.52900
2016-03-01,2016-03-31,20260209_091605,20260209_091605-0080,2016-03-11 23:59:33.676000,2016-03-12 00:02:59.781000,買い,113.45300,113.40300,1.00,-5.00,2410.00,水平線手前,損切,支持抵抗,0,113.45300
2016-03-01,2016-03-31,20260209_091605,20260209_091605-0081,2016-03-12 00:04:19.301000,2016-03-12 00:42:50.677000,買い,113.37900,113.52900,1.00,15.00,2425.00,水平線手前,利確,支持抵抗,0,113.37900
2016-03-01,2016-03-31,20260209_091605,20260209_091605-0082,2016-03-14 17:55:27.801000,2016-03-14 18:18:48.651000,買い,113.60100,113.55100,1.00,-5.00,2420.00,水平線手前,損切,支持抵抗,0,113.60100
2016-03-01,2016-03-31,20260209_091605,20260209_091605-0083,2016-03-14 18:19:02.928000,2016-03-14 19:27:28.419000,買い,113.54600,113.69600,1.00,15.00,2435.00,水平線手前,利確,支持抵抗,0,113.54600
2016-03-01,2016-03-31,20260209_091605,20260209_091605-0084,2016-03-15 03:35:02.783000,2016-03-15 09:52:16.034000,売り,113.84600,113.89600,1.00,-5.00,2430.00,水平線手前,損切,支持抵抗,0,113.84600
2016-03-01,2016-03-31,20260209_091605,20260209_091605-0085,2016-03-15 11:30:43.233000,2016-03-15 11:47:04.324000,買い,113.64800,113.79800,1.00,15.00,2445.00,水平線手前,利確,支持抵抗,0,113.64800
2016-03-01,2016-03-31,20260209_091605,20260209_091605-0086,2016-03-15 11:47:06.480000,2016-03-15 11:47:07.092000,売り,113.91500,113.96500,1.00,-5.00,2440.00,水平線手前,損切,支持抵抗,0,113.91500
2016-03-01,2016-03-31,20260209_091605,20260209_091605-0087,2016-03-15 11:47:07.831000,2016-03-15 11:47:10.796000,売り,114.01300,113.86300,1.00,15.00,2455.00,水平線手前,利確,支持抵抗,0,114.01300
2016-03-01,2016-03-31,20260209_091605,20260209_091605-0088,2016-03-15 12:31:55.611000,2016-03-15 12:31:58.157000,売り,114.11700,113.96700,1.00,15.00,2470.00,水平線手前,利確,支持抵抗,0,114.11700
2016-03-01,2016-03-31,20260209_091605,20260209_091605-0089,2016-03-15 12:51:15.486000,2016-03-15 13:03:04.978000,買い,113.40000,113.55000,1.00,15.00,2485.00,水平線手前,利確,支持抵抗,0,113.40000
2016-03-01,2016-03-31,20260209_091605,20260209_091605-0090,2016-03-15 13:51:11.433000,2016-03-15 14:34:03.392000,買い,113.25900,113.40900,1.00,15.00,2500.00,水平線手前,利確,支持抵抗,0,113.25900
2016-03-01,2016-03-31,20260209_091605,20260209_091605-0091,2016-03-15 16:51:36.067000,2016-03-15 17:00:04.767000,買い,113.08200,113.03200,1.00,-5.00,2495.00,水平線手前,損切,支持抵抗,0,113.08200
2016-03-01,2016-03-31,20260209_091605,20260209_091605-0092,2016-03-15 17:20:04.159000,2016-03-15 18:18:49.631000,買い,112.96300,113.11300,1.00,15.00,2510.00,水平線手前,利確,支持抵抗,0,112.96300
2016-03-01,2016-03-31,20260209_091605,20260209_091605-0093,2016-03-15 20:59:53.666000,2016-03-15 21:02:03.627000,買い,112.93300,112.88300,1.00,-5.00,2505.00,水平線手前,損切,支持抵抗,0,112.93300
2016-03-01,2016-03-31,20260209_091605,20260209_091605-0094,2016-03-15 21:30:28.181000,2016-03-15 21:31:44.595000,買い,112.79100,112.74100,1.00,-5.00,2500.00,水平線手前,損切,支持抵抗,0,112.79100
2016-03-01,2016-03-31,20260209_091605,20260209_091605-0095,2016-03-15 21:41:30.514000,2016-03-15 22:12:43.325000,買い,112.64700,112.79700,1.00,15.00,2515.00,水平線手前,利確,支持抵抗,0,112.64700
2016-03-01,2016-03-31,20260209_091605,20260209_091605-0096,2016-03-15 21:32:15.036000,2016-03-15 22:13:17.113000,買い,112.66400,112.81400,1.00,15.00,2530.00,水平線手前,利確,支持抵抗,0,112.66400
2016-03-01,2016-03-31,20260209_091605,20260209_091605-0097,2016-03-15 23:28:38.472000,2016-03-15 23:30:20.324000,売り,112.94600,112.99600,1.00,-5.00,2525.00,水平線手前,損切,支持抵抗,0,112.94600
2016-03-01,2016-03-31,20260209_091605,20260209_091605-0098,2016-03-15 23:35:10.776000,2016-03-16 00:42:47.515000,売り,113.07000,112.92000,1.00,15.00,2540.00,水平線手前,利確,支持抵抗,0,113.07000
2016-03-01,2016-03-31,20260209_091605,20260209_091605-0099,2016-03-16 03:32:30.766000,2016-03-16 05:18:24.124000,売り,113.10800,113.15800,1.00,-5.00,2535.00,水平線手前,損切,支持抵抗,0,113.10800
2016-03-01,2016-03-31,20260209_091605,20260209_091605-0100,2016-03-16 04:01:20.833000,2016-03-16 05:18:24.124000,売り,113.11000,113.16000,1.00,-5.00,2530.00,水平線手前,損切,支持抵抗,0,113.11000
2016-03-01,2016-03-31,20260209_091605,20260209_091605-0101,2016-03-16 16:20:23.452000,2016-03-16 16:20:30.046000,売り,113.53000,113.58000,1.00,-5.00,2525.00,水平線手前,損切,支持抵抗,0,113.53000
2016-03-01,2016-03-31,20260209_091605,20260209_091605-0102,2016-03-16 16:25:12.065000,2016-03-16 17:20:15.913000,売り,113.70500,113.75500,1.00,-5.00,2520.00,水平線手前,損切,支持抵抗,0,113.70500
2016-03-01,2016-03-31,20260209_091605,20260209_091605-0103,2016-03-16 17:15:52.905000,2016-03-16 18:58:50.518000,売り,113.72400,113.57400,1.00,15.00,2535.00,水平線手前,利確,支持抵抗,0,113.72400
2016-03-01,2016-03-31,20260209_091605,20260209_091605-0104,2016-03-16 21:30:04.594000,2016-03-16 22:00:55.489000,売り,113.75500,113.60500,1.00,15.00,2550.00,水平線手前,利確,支持抵抗,0,113.75500
2016-03-01,2016-03-31,20260209_091605,20260209_091605-0105,2016-03-16 23:19:28.433000,2016-03-17 00:50:47.560000,売り,113.78900,113.63900,1.00,15.00,2565.00,水平線手前,利確,支持抵抗,0,113.78900
2016-03-01,2016-03-31,20260209_091605,20260209_091605-0106,2016-03-17 03:01:25.467000,2016-03-17 03:01:43.697000,買い,113.30900,113.25900,1.00,-5.00,2560.00,水平線手前,損切,支持抵抗,0,113.30900
2016-03-01,2016-03-31,20260209_091605,20260209_091605-0107,2016-03-17 03:29:41.367000,2016-03-17 03:33:30.187000,買い,112.71800,112.86800,1.00,15.00,2575.00,水平線手前,利確,支持抵抗,0,112.71800
2016-03-01,2016-03-31,20260209_091605,20260209_091605-0108,2016-03-17 03:54:19.311000,2016-03-17 03:58:04.929000,買い,112.51400,112.66400,1.00,15.00,2590.00,水平線手前,利確,支持抵抗,0,112.51400
2016-03-01,2016-03-31,20260209_091605,20260209_091605-0109,2016-03-17 04:32:51.104000,2016-03-17 04:46:38.713000,買い,112.36900,112.51900,1.00,15.00,2605.00,水平線手前,利確,支持抵抗,0,112.36900
2016-03-01,2016-03-31,20260209_091605,20260209_091605-0110,2016-03-17 13:53:07.151000,2016-03-17 13:55:09.622000,買い,112.15900,112.10900,1.00,-5.00,2600.00,水平線手前,損切,支持抵抗,0,112.15900
2016-03-01,2016-03-31,20260209_091605,20260209_091605-0111,2016-03-17 13:59:09.548000,2016-03-17 14:02:37.796000,買い,112.01500,111.96500,1.00,-5.00,2595.00,水平線手前,損切,支持抵抗,0,112.01500
2016-03-01,2016-03-31,20260209_091605,20260209_091605-0112,2016-03-17 14:02:37.796000,2016-03-17 14:43:32.803000,買い,111.97300,112.12300,1.00,15.00,2610.00,水平線手前,利確,支持抵抗,0,111.97300
2016-03-01,2016-03-31,20260209_091605,20260209_091605-0113,2016-03-17 16:32:37.710000,2016-03-17 17:02:40.183000,買い,111.70800,111.65800,1.00,-5.00,2605.00,水平線手前,損切,支持抵抗,0,111.70800
2016-03-01,2016-03-31,20260209_091605,20260209_091605-0114,2016-03-17 17:07:08.099000,2016-03-17 17:25:47.501000,買い,111.51300,111.66300,1.00,15.00,2620.00,水平線手前,利確,支持抵抗,0,111.51300
2016-03-01,2016-03-31,20260209_091605,20260209_091605-0115,2016-03-17 18:54:16.839000,2016-03-17 19:00:45.922000,買い,111.41800,111.36800,1.00,-5.00,2615.00,水平線手前,損切,支持抵抗,0,111.41800
2016-03-01,2016-03-31,20260209_091605,20260209_091605-0116,2016-03-17 19:30:55.554000,2016-03-17 19:42:54.893000,買い,111.15300,111.30300,1.00,15.00,2630.00,水平線手前,利確,支持抵抗,0,111.15300
2016-03-01,2016-03-31,20260209_091605,20260209_091605-0117,2016-03-17 20:45:05.656000,2016-03-17 20:52:38.913000,買い,110.79100,110.94100,1.00,15.00,2645.00,水平線手前,利確,支持抵抗,0,110.79100
2016-03-01,2016-03-31,20260209_091605,20260209_091605-0118,2016-03-17 21:01:37.369000,2016-03-17 21:09:10.363000,買い,110.70300,110.85300,1.00,15.00,2660.00,水平線手前,利確,支持抵抗,0,110.70300
2016-03-01,2016-03-31,20260209_091605,20260209_091605-0119,2016-03-17 21:38:22.370000,2016-03-17 21:41:26.164000,売り,111.97200,111.82200,1.00,15.00,2675.00,水平線手前,利確,支持抵抗,0,111.97200
2016-03-01,2016-03-31,20260209_091605,20260209_091605-0120,2016-03-18 22:33:35.147000,2016-03-18 22:33:49.090000,売り,111.55000,111.60000,1.00,-5.00,2670.00,水平線手前,損切,支持抵抗,0,111.55000
2016-03-01,2016-03-31,20260209_091605,20260209_091605-0121,2016-03-18 22:33:48.823000,2016-03-18 23:38:57.529000,売り,111.58900,111.43900,1.00,15.00,2685.00,水平線手前,利確,支持抵抗,0,111.58900
2016-03-01,2016-03-31,20260209_091605,20260209_091605-0122,2016-03-19 03:55:29.900000,2016-03-19 04:03:27.680000,売り,111.59200,111.64200,1.00,-5.00,2680.00,水平線手前,損切,支持抵抗,0,111.59200
2016-03-01,2016-03-31,20260209_091605,20260209_091605-0123,2016-03-19 04:33:30.255000,2016-03-19 05:03:02.051000,売り,111.72900,111.57900,1.00,15.00,2695.00,水平線手前,利確,支持抵抗,0,111.72900
2016-03-01,2016-03-31,20260209_091605,20260209_091605-0124,2016-03-21 22:14:13.408000,2016-03-21 22:15:40.039000,売り,111.73200,111.78200,1.00,-5.00,2690.00,水平線手前,損切,支持抵抗,0,111.73200
2016-03-01,2016-03-31,20260209_091605,20260209_091605-0125,2016-03-21 22:33:09.972000,2016-03-21 23:30:07.192000,売り,111.83000,111.68000,1.00,15.00,2705.00,水平線手前,利確,支持抵抗,0,111.83000
2016-03-01,2016-03-31,20260209_091605,20260209_091605-0126,2016-03-22 03:32:39.626000,2016-03-22 04:11:23.898000,売り,111.84700,111.89700,1.00,-5.00,2700.00,水平線手前,損切,支持抵抗,0,111.84700
2016-03-01,2016-03-31,20260209_091605,20260209_091605-0127,2016-03-22 04:11:33.579000,2016-03-22 05:53:17.525000,売り,111.90300,111.95300,1.00,-5.00,2695.00,水平線手前,損切,支持抵抗,0,111.90300
2016-03-01,2016-03-31,20260209_091605,20260209_091605-0128,2016-03-22 12:58:26.629000,2016-03-22 14:00:50.865000,買い,111.86400,112.01400,1.00,15.00,2710.00,水平線手前,利確,支持抵抗,0,111.86400
2016-03-01,2016-03-31,20260209_091605,20260209_091605-0129,2016-03-22 15:11:42.889000,2016-03-22 16:18:36.820000,売り,112.17700,112.02700,1.00,15.00,2725.00,水平線手前,利確,支持抵抗,0,112.17700
2016-03-01,2016-03-31,20260209_091605,20260209_091605-0130,2016-03-22 15:11:17.633000,2016-03-22 16:19:55.440000,売り,112.15200,112.00200,1.00,15.00,2740.00,水平線手前,利確,支持抵抗,0,112.15200
2016-03-01,2016-03-31,20260209_091605,20260209_091605-0131,2016-03-22 16:55:20.769000,2016-03-22 17:00:04.183000,買い,111.71200,111.66200,1.00,-5.00,2735.00,水平線手前,損切,支持抵抗,0,111.71200
2016-03-01,2016-03-31,20260209_091605,20260209_091605-0132,2016-03-22 17:33:38.124000,2016-03-22 17:40:37.566000,買い,111.38900,111.53900,1.00,15.00,2750.00,水平線手前,利確,支持抵抗,0,111.38900
2016-03-01,2016-03-31,20260209_091605,20260209_091605-0133,2016-03-22 17:24:20.688000,2016-03-22 17:50:07.781000,買い,111.41800,111.56800,1.00,15.00,2765.00,水平線手前,利確,支持抵抗,0,111.41800
2016-03-01,2016-03-31,20260209_091605,20260209_091605-0134,2016-03-22 19:27:28.413000,2016-03-22 20:05:10.228000,買い,111.57100,111.72100,1.00,15.00,2780.00,水平線手前,利確,支持抵抗,0,111.57100
2016-03-01,2016-03-31,20260209_091605,20260209_091605-0135,2016-03-22 20:37:52.955000,2016-03-22 21:15:14.222000,売り,111.81200,111.66200,1.00,15.00,2795.00,水平線手前,利確,支持抵抗,0,111.81200
2016-03-01,2016-03-31,20260209_091605,20260209_091605-0136,2016-03-22 20:37:18.013000,2016-03-22 21:15:31.739000,売り,111.79200,111.64200,1.00,15.00,2810.00,水平線手前,利確,支持抵抗,0,111.79200
2016-03-01,2016-03-31,20260209_091605,20260209_091605-0137,2016-03-22 21:16:28.137000,2016-03-22 22:18:57.377000,買い,111.62400,111.57400,1.00,-5.00,2805.00,水平線手前,損切,支持抵抗,0,111.62400
2016-03-01,2016-03-31,20260209_091605,20260209_091605-0138,2016-03-22 22:18:57.377000,2016-03-22 23:52:34.597000,買い,111.58000,111.73000,1.00,15.00,2820.00,水平線手前,利確,支持抵抗,0,111.58000
2016-03-01,2016-03-31,20260209_091605,20260209_091605-0139,2016-03-23 00:15:41.313000,2016-03-23 01:00:53.614000,売り,111.80400,111.85400,1.00,-5.00,2815.00,水平線手前,損切,支持抵抗,0,111.80400
2016-03-01,2016-03-31,20260209_091605,20260209_091605-0140,2016-03-23 01:55:31.846000,2016-03-23 02:22:24.455000,売り,112.09800,112.14800,1.00,-5.00,2810.00,水平線手前,損切,支持抵抗,0,112.09800
2016-03-01,2016-03-31,20260209_091605,20260209_091605-0141,2016-03-23 02:49:34.162000,2016-03-23 03:12:25.964000,売り,112.42200,112.47200,1.00,-5.00,2805.00,水平線手前,損切,支持抵抗,0,112.42200
2016-03-01,2016-03-31,20260209_091605,20260209_091605-0142,2016-03-23 03:12:25.659000,2016-03-23 03:59:45.666000,売り,112.45900,112.30900,1.00,15.00,2820.00,水平線手前,利確,支持抵抗,0,112.45900
2016-03-01,2016-03-31,20260209_091605,20260209_091605-0143,2016-03-23 17:07:52.744000,2016-03-23 18:00:06.707000,売り,112.55000,112.60000,1.00,-5.00,2815.00,水平線手前,損切,支持抵抗,0,112.55000
2016-03-01,2016-03-31,20260209_091605,20260209_091605-0144,2016-03-23 18:03:12.726000,2016-03-23 21:27:58.243000,売り,112.73600,112.78600,1.00,-5.00,2810.00,水平線手前,損切,支持抵抗,0,112.73600
2016-03-01,2016-03-31,20260209_091605,20260209_091605-0145,2016-03-23 21:28:23.144000,2016-03-23 22:07:43.301000,売り,112.82000,112.87000,1.00,-5.00,2805.00,水平線手前,損切,支持抵抗,0,112.82000
2016-03-01,2016-03-31,20260209_091605,20260209_091605-0146,2016-03-23 22:07:47.642000,2016-03-23 22:43:29.285000,売り,112.87600,112.72600,1.00,15.00,2820.00,水平線手前,利確,支持抵抗,0,112.87600
2016-03-01,2016-03-31,20260209_091605,20260209_091605-0147,2016-03-24 04:01:11.669000,2016-03-24 09:32:01.681000,買い,112.38100,112.33100,1.00,-5.00,2815.00,水平線手前,損切,支持抵抗,0,112.38100
2016-03-01,2016-03-31,20260209_091605,20260209_091605-0148,2016-03-24 14:03:26.712000,2016-03-24 16:01:16.586000,売り,112.84700,112.89700,1.00,-5.00,2810.00,水平線手前,損切,支持抵抗,0,112.84700
2016-03-01,2016-03-31,20260209_091605,20260209_091605-0149,2016-03-24 16:25:09.921000,2016-03-24 16:52:12.877000,売り,112.97800,112.82800,1.00,15.00,2825.00,水平線手前,利確,支持抵抗,0,112.97800
2016-03-01,2016-03-31,20260209_091605,20260209_091605-0150,2016-03-24 21:43:41.835000,2016-03-24 23:00:55.247000,買い,112.44200,112.39200,1.00,-5.00,2820.00,水平線手前,損切,支持抵抗,0,112.44200
2016-03-01,2016-03-31,20260209_091605,20260209_091605-0151,2016-03-24 23:00:47.522000,2016-03-24 23:47:49.263000,買い,112.40900,112.55900,1.00,15.00,2835.00,水平線手前,利確,支持抵抗,0,112.40900
2016-03-01,2016-03-31,20260209_091605,20260209_091605-0152,2016-03-28 11:52:08.708000,2016-03-28 13:33:22.957000,売り,113.68100,113.53100,1.00,15.00,2850.00,水平線手前,利確,支持抵抗,0,113.68100
2016-03-01,2016-03-31,20260209_091605,20260209_091605-0153,2016-03-28 11:33:29.751000,2016-03-28 13:34:58.303000,売り,113.65600,113.50600,1.00,15.00,2865.00,水平線手前,利確,支持抵抗,0,113.65600
2016-03-01,2016-03-31,20260209_091605,20260209_091605-0154,2016-03-28 12:02:27.968000,2016-03-28 13:34:58.303000,売り,113.65700,113.50700,1.00,15.00,2880.00,水平線手前,利確,支持抵抗,0,113.65700
2016-03-01,2016-03-31,20260209_091605,20260209_091605-0155,2016-03-29 11:34:51.215000,2016-03-29 12:35:44.499000,売り,113.63400,113.48400,1.00,15.00,2895.00,水平線手前,利確,支持抵抗,0,113.63400
2016-03-01,2016-03-31,20260209_091605,20260209_091605-0156,2016-03-29 13:19:27.308000,2016-03-29 14:46:49.687000,売り,113.70700,113.55700,1.00,15.00,2910.00,水平線手前,利確,支持抵抗,0,113.70700
2016-03-01,2016-03-31,20260209_091605,20260209_091605-0157,2016-03-29 18:21:15.332000,2016-03-29 18:41:54.142000,売り,113.77200,113.62200,1.00,15.00,2925.00,水平線手前,利確,支持抵抗,0,113.77200
2016-03-01,2016-03-31,20260209_091605,20260209_091605-0158,2016-03-29 23:44:20.644000,2016-03-30 00:00:28.802000,買い,113.26600,113.41600,1.00,15.00,2940.00,水平線手前,利確,支持抵抗,0,113.26600
2016-03-01,2016-03-31,20260209_091605,20260209_091605-0159,2016-03-29 23:43:02.637000,2016-03-30 00:00:34.758000,買い,113.28100,113.43100,1.00,15.00,2955.00,水平線手前,利確,支持抵抗,0,113.28100
2016-03-01,2016-03-31,20260209_091605,20260209_091605-0160,2016-03-30 01:22:26.444000,2016-03-30 01:23:26.413000,買い,113.04100,112.99100,1.00,-5.00,2950.00,水平線手前,損切,支持抵抗,0,113.04100
2016-03-01,2016-03-31,20260209_091605,20260209_091605-0161,2016-03-30 01:45:23.696000,2016-03-30 02:23:29.861000,買い,112.90700,112.85700,1.00,-5.00,2945.00,水平線手前,損切,支持抵抗,0,112.90700
2016-03-01,2016-03-31,20260209_091605,20260209_091605-0162,2016-03-30 02:25:21.407000,2016-03-30 03:57:49.519000,買い,112.80800,112.75800,1.00,-5.00,2940.00,水平線手前,損切,支持抵抗,0,112.80800
2016-03-01,2016-03-31,20260209_091605,20260209_091605-0163,2016-03-30 03:21:35.260000,2016-03-30 04:04:43.580000,買い,112.78100,112.73100,1.00,-5.00,2935.00,水平線手前,損切,支持抵抗,0,112.78100
2016-03-01,2016-03-31,20260209_091605,20260209_091605-0164,2016-03-30 02:26:01.648000,2016-03-30 04:04:54.556000,買い,112.78000,112.73000,1.00,-5.00,2930.00,水平線手前,損切,支持抵抗,0,112.78000
2016-03-01,2016-03-31,20260209_091605,20260209_091605-0165,2016-03-30 04:42:03.662000,2016-03-30 07:23:01.905000,買い,112.65100,112.80100,1.00,15.00,2945.00,水平線手前,利確,支持抵抗,0,112.65100
2016-03-01,2016-03-31,20260209_091605,20260209_091605-0166,2016-03-30 12:36:35.919000,2016-03-30 14:12:26.249000,買い,112.43100,112.38100,1.00,-5.00,2940.00,水平線手前,損切,支持抵抗,0,112.43100
2016-03-01,2016-03-31,20260209_091605,20260209_091605-0167,2016-03-30 12:36:52.892000,2016-03-30 14:12:26.452000,買い,112.43000,112.38000,1.00,-5.00,2935.00,水平線手前,損切,支持抵抗,0,112.43000
2016-03-01,2016-03-31,20260209_091605,20260209_091605-0168,2016-03-30 14:12:50.223000,2016-03-30 14:14:53.961000,買い,112.33200,112.28200,1.00,-5.00,2930.00,水平線手前,損切,支持抵抗,0,112.33200
2016-03-01,2016-03-31,20260209_091605,20260209_091605-0169,2016-03-30 14:40:40.094000,2016-03-30 15:13:45.712000,買い,112.25600,112.40600,1.00,15.00,2945.00,水平線手前,利確,支持抵抗,0,112.25600
2016-03-01,2016-03-31,20260209_091605,20260209_091605-0170,2016-03-30 16:29:40.706000,2016-03-30 16:38:46.428000,買い,112.18000,112.13000,1.00,-5.00,2940.00,水平線手前,損切,支持抵抗,0,112.18000
2016-03-01,2016-03-31,20260209_091605,20260209_091605-0171,2016-03-30 16:41:52.688000,2016-03-30 17:57:19.497000,買い,112.05300,112.20300,1.00,15.00,2955.00,水平線手前,利確,支持抵抗,0,112.05300
2016-03-01,2016-03-31,20260209_091605,20260209_091605-0172,2016-03-30 21:34:48.313000,2016-03-30 23:07:30.390000,売り,112.66700,112.51700,1.00,15.00,2970.00,水平線手前,利確,支持抵抗,0,112.66700
2016-03-01,2016-03-31,20260209_091605,20260209_091605-0173,2016-03-31 13:40:19.562000,2016-03-31 13:46:35.285000,買い,112.28200,112.23200,1.00,-5.00,2965.00,水平線手前,損切,支持抵抗,0,112.28200
2016-03-01,2016-03-31,20260209_091605,20260209_091605-0174,2016-03-31 13:46:32.633000,2016-03-31 13:50:09.292000,買い,112.24900,112.19900,1.00,-5.00,2960.00,水平線手前,損切,支持抵抗,0,112.24900
2016-03-01,2016-03-31,20260209_091605,20260209_091605-0175,2016-03-31 13:55:19.220000,2016-03-31 14:15:41.799000,買い,112.19200,112.34200,1.00,15.00,2975.00,水平線手前,利確,支持抵抗,0,112.19200
2016-03-01,2016-03-31,20260209_091605,20260209_091605-0176,2016-03-31 20:40:30.637000,2016-03-31 22:11:14.790000,買い,112.24300,112.19300,1.00,-5.00,2970.00,水平線手前,損切,支持抵抗,0,112.24300
2016-03-01,2016-03-31,20260209_091605,20260209_091605-0177,2016-03-31 22:14:44.332000,2016-03-31 23:15:21.284000,買い,112.15000,112.30000,1.00,15.00,2985.00,水平線手前,利確,支持抵抗,0,112.15000
2016-03-01,2016-03-31,20260209_091605,20260209_091605-0178,2016-03-31 23:39:06.554000,2016-03-31 23:57:25.002000,売り,112.50400,112.35400,1.00,15.00,3000.00,水平線手前,利確,支持抵抗,0,112.50400
2016-04-01,2016-04-30,20260209_091648,20260209_091648-0001,2016-04-01 21:40:27.835000,2016-04-01 21:43:41.611000,買い,111.84600,111.99600,1.00,15.00,3015.00,水平線手前,利確,支持抵抗,0,111.84600
2016-04-01,2016-04-30,20260209_091648,20260209_091648-0002,2016-04-01 23:11:06.063000,2016-04-01 23:11:22.066000,売り,112.36900,112.41900,1.00,-5.00,3010.00,水平線手前,損切,支持抵抗,0,112.36900
2016-04-01,2016-04-30,20260209_091648,20260209_091648-0003,2016-04-01 23:11:23.085000,2016-04-02 00:22:46.867000,売り,112.42400,112.27400,1.00,15.00,3025.00,水平線手前,利確,支持抵抗,0,112.42400
2016-04-01,2016-04-30,20260209_091648,20260209_091648-0004,2016-04-02 01:16:10.437000,2016-04-02 01:19:15.225000,買い,111.90900,111.85900,1.00,-5.00,3020.00,水平線手前,損切,支持抵抗,0,111.90900
2016-04-01,2016-04-30,20260209_091648,20260209_091648-0005,2016-04-02 01:49:01.460000,2016-04-02 04:24:49.126000,買い,111.72400,111.67400,1.00,-5.00,3015.00,水平線手前,損切,支持抵抗,0,111.72400
2016-04-01,2016-04-30,20260209_091648,20260209_091648-0006,2016-04-02 03:49:09.492000,2016-04-02 04:24:54.894000,買い,111.71500,111.66500,1.00,-5.00,3010.00,水平線手前,損切,支持抵抗,0,111.71500
2016-04-01,2016-04-30,20260209_091648,20260209_091648-0007,2016-04-02 04:41:39.319000,2016-04-04 06:52:34.377000,買い,111.62200,111.57200,1.00,-5.00,3005.00,水平線手前,損切,支持抵抗,0,111.62200
2016-04-01,2016-04-30,20260209_091648,20260209_091648-0008,2016-04-04 11:12:00.715000,2016-04-04 11:54:46.751000,買い,111.35500,111.50500,1.00,15.00,3020.00,水平線手前,利確,支持抵抗,0,111.35500
2016-04-01,2016-04-30,20260209_091648,20260209_091648-0009,2016-04-04 22:23:29.155000,2016-04-04 22:52:09.407000,買い,111.35900,111.30900,1.00,-5.00,3015.00,水平線手前,損切,支持抵抗,0,111.35900
2016-04-01,2016-04-30,20260209_091648,20260209_091648-0010,2016-04-04 22:30:43.791000,2016-04-04 23:55:54.882000,買い,111.34100,111.29100,1.00,-5.00,3010.00,水平線手前,損切,支持抵抗,0,111.34100
2016-04-01,2016-04-30,20260209_091648,20260209_091648-0011,2016-04-04 23:56:42.142000,2016-04-05 00:03:25.730000,買い,111.26400,111.21400,1.00,-5.00,3005.00,水平線手前,損切,支持抵抗,0,111.26400
2016-04-01,2016-04-30,20260209_091648,20260209_091648-0012,2016-04-05 00:11:54.467000,2016-04-05 02:35:28.877000,買い,111.15700,111.10700,1.00,-5.00,3000.00,水平線手前,損切,支持抵抗,0,111.15700
2016-04-01,2016-04-30,20260209_091648,20260209_091648-0013,2016-04-05 02:17:29.203000,2016-04-05 04:08:15.412000,買い,111.13700,111.28700,1.00,15.00,3015.00,水平線手前,利確,支持抵抗,0,111.13700
2016-04-01,2016-04-30,20260209_091648,20260209_091648-0014,2016-04-05 11:13:19.926000,2016-04-05 11:21:52.979000,買い,110.85600,110.80600,1.00,-5.00,3010.00,水平線手前,損切,支持抵抗,0,110.85600
2016-04-01,2016-04-30,20260209_091648,20260209_091648-0015,2016-04-05 11:00:12.473000,2016-04-05 13:15:26.676000,買い,110.82000,110.97000,1.00,15.00,3025.00,水平線手前,利確,支持抵抗,0,110.82000
2016-04-01,2016-04-30,20260209_091648,20260209_091648-0016,2016-04-05 14:34:17.010000,2016-04-05 15:16:40.406000,買い,110.74000,110.69000,1.00,-5.00,3020.00,水平線手前,損切,支持抵抗,0,110.74000
2016-04-01,2016-04-30,20260209_091648,20260209_091648-0017,2016-04-05 15:54:54.216000,2016-04-05 16:01:15.084000,買い,110.37100,110.32100,1.00,-5.00,3015.00,水平線手前,損切,支持抵抗,0,110.37100
2016-04-01,2016-04-30,20260209_091648,20260209_091648-0018,2016-04-05 16:01:13.798000,2016-04-05 16:05:53.054000,買い,110.33300,110.48300,1.00,15.00,3030.00,水平線手前,利確,支持抵抗,0,110.33300
2016-04-01,2016-04-30,20260209_091648,20260209_091648-0019,2016-04-05 20:01:30.403000,2016-04-05 20:13:55.781000,買い,110.30400,110.45400,1.00,15.00,3045.00,水平線手前,利確,支持抵抗,0,110.30400
2016-04-01,2016-04-30,20260209_091648,20260209_091648-0020,2016-04-06 00:59:41.635000,2016-04-06 01:00:01.250000,買い,109.98500,110.13500,1.00,15.00,3060.00,水平線手前,利確,支持抵抗,0,109.98500
2016-04-01,2016-04-30,20260209_091648,20260209_091648-0021,2016-04-06 22:19:47.096000,2016-04-06 22:24:04.684000,買い,110.11700,110.06700,1.00,-5.00,3055.00,水平線手前,損切,支持抵抗,0,110.11700
2016-04-01,2016-04-30,20260209_091648,20260209_091648-0022,2016-04-06 22:30:56.535000,2016-04-06 23:10:30.015000,買い,110.05700,110.00700,1.00,-5.00,3050.00,水平線手前,損切,支持抵抗,0,110.05700
2016-04-01,2016-04-30,20260209_091648,20260209_091648-0023,2016-04-06 23:11:28.362000,2016-04-06 23:22:13.352000,買い,109.86200,110.01200,1.00,15.00,3065.00,水平線手前,利確,支持抵抗,0,109.86200
2016-04-01,2016-04-30,20260209_091648,20260209_091648-0024,2016-04-06 23:22:17.283000,2016-04-06 23:22:21.961000,売り,110.38300,110.23300,1.00,15.00,3080.00,水平線手前,利確,支持抵抗,0,110.38300
2016-04-01,2016-04-30,20260209_091648,20260209_091648-0025,2016-04-07 00:50:40.863000,2016-04-07 01:01:57.522000,買い,109.61400,109.56400,1.00,-5.00,3075.00,水平線手前,損切,支持抵抗,0,109.61400
2016-04-01,2016-04-30,20260209_091648,20260209_091648-0026,2016-04-07 01:01:56.820000,2016-04-07 01:30:10.827000,買い,109.58200,109.73200,1.00,15.00,3090.00,水平線手前,利確,支持抵抗,0,109.58200
2016-04-01,2016-04-30,20260209_091648,20260209_091648-0027,2016-04-07 03:02:27.800000,2016-04-07 03:05:14.488000,買い,109.38000,109.53000,1.00,15.00,3105.00,水平線手前,利確,支持抵抗,0,109.38000
2016-04-01,2016-04-30,20260209_091648,20260209_091648-0028,2016-04-07 11:08:51.132000,2016-04-07 11:11:50.367000,買い,109.39300,109.34300,1.00,-5.00,3100.00,水平線手前,損切,支持抵抗,0,109.39300
2016-04-01,2016-04-30,20260209_091648,20260209_091648-0029,2016-04-07 11:38:03.435000,2016-04-07 11:44:21.583000,買い,109.19300,109.34300,1.00,15.00,3115.00,水平線手前,利確,支持抵抗,0,109.19300
2016-04-01,2016-04-30,20260209_091648,20260209_091648-0030,2016-04-07 12:33:33.277000,2016-04-07 12:59:42.142000,買い,109.14000,109.29000,1.00,15.00,3130.00,水平線手前,利確,支持抵抗,0,109.14000
2016-04-01,2016-04-30,20260209_091648,20260209_091648-0031,2016-04-07 13:50:46.190000,2016-04-07 14:18:07.416000,買い,109.05300,109.00300,1.00,-5.00,3125.00,水平線手前,損切,支持抵抗,0,109.05300
2016-04-01,2016-04-30,20260209_091648,20260209_091648-0032,2016-04-07 14:37:33.263000,2016-04-07 15:25:10.093000,買い,108.80000,108.95000,1.00,15.00,3140.00,水平線手前,利確,支持抵抗,0,108.80000
2016-04-01,2016-04-30,20260209_091648,20260209_091648-0033,2016-04-07 15:37:59.243000,2016-04-07 16:02:53.801000,買い,108.76800,108.71800,1.00,-5.00,3135.00,水平線手前,損切,支持抵抗,0,108.76800
2016-04-01,2016-04-30,20260209_091648,20260209_091648-0034,2016-04-07 16:51:08.697000,2016-04-07 17:55:02.444000,買い,108.55900,108.50900,1.00,-5.00,3130.00,水平線手前,損切,支持抵抗,0,108.55900
2016-04-01,2016-04-30,20260209_091648,20260209_091648-0035,2016-04-07 17:59:49.922000,2016-04-07 18:01:19.660000,買い,108.41500,108.36500,1.00,-5.00,3125.00,水平線手前,損切,支持抵抗,0,108.41500
2016-04-01,2016-04-30,20260209_091648,20260209_091648-0036,2016-04-07 18:42:04.879000,2016-04-07 18:44:15.138000,買い,108.05500,108.20500,1.00,15.00,3140.00,水平線手前,利確,支持抵抗,0,108.05500
2016-04-01,2016-04-30,20260209_091648,20260209_091648-0037,2016-04-07 22:34:55.782000,2016-04-07 22:35:14.209000,買い,107.94600,108.09600,1.00,15.00,3155.00,水平線手前,利確,支持抵抗,0,107.94600
2016-04-01,2016-04-30,20260209_091648,20260209_091648-0038,2016-04-07 23:50:25.922000,2016-04-07 23:55:20.167000,買い,107.90600,108.05600,1.00,15.00,3170.00,水平線手前,利確,支持抵抗,0,107.90600
2016-04-01,2016-04-30,20260209_091648,20260209_091648-0039,2016-04-08 00:08:48.423000,2016-04-08 00:14:45.874000,買い,107.70200,107.85200,1.00,15.00,3185.00,水平線手前,利確,支持抵抗,0,107.70200
2016-04-01,2016-04-30,20260209_091648,20260209_091648-0040,2016-04-08 02:40:23.703000,2016-04-08 02:48:54.687000,売り,108.42600,108.27600,1.00,15.00,3200.00,水平線手前,利確,支持抵抗,0,108.42600
2016-04-01,2016-04-30,20260209_091648,20260209_091648-0041,2016-04-08 04:33:51.778000,2016-04-08 05:51:39.599000,売り,108.42000,108.27000,1.00,15.00,3215.00,水平線手前,利確,支持抵抗,0,108.42000
2016-04-01,2016-04-30,20260209_091648,20260209_091648-0042,2016-04-08 16:40:28.452000,2016-04-08 16:41:11.796000,売り,108.96400,109.01400,1.00,-5.00,3210.00,水平線手前,損切,支持抵抗,0,108.96400
2016-04-01,2016-04-30,20260209_091648,20260209_091648-0043,2016-04-08 16:44:21.363000,2016-04-08 16:50:09.713000,売り,109.06900,108.91900,1.00,15.00,3225.00,水平線手前,利確,支持抵抗,0,109.06900
2016-04-01,2016-04-30,20260209_091648,20260209_091648-0044,2016-04-08 21:16:46.878000,2016-04-08 21:35:02.476000,買い,108.49800,108.64800,1.00,15.00,3240.00,水平線手前,利確,支持抵抗,0,108.49800
2016-04-01,2016-04-30,20260209_091648,20260209_091648-0045,2016-04-08 21:16:57.990000,2016-04-08 21:35:02.476000,買い,108.50500,108.65500,1.00,15.00,3255.00,水平線手前,利確,支持抵抗,0,108.50500
2016-04-01,2016-04-30,20260209_091648,20260209_091648-0046,2016-04-08 22:11:46.799000,2016-04-08 22:16:04.300000,売り,108.82500,108.87500,1.00,-5.00,3250.00,水平線手前,損切,支持抵抗,0,108.82500
2016-04-01,2016-04-30,20260209_091648,20260209_091648-0047,2016-04-08 22:16:05.947000,2016-04-08 22:28:32.320000,売り,108.88900,108.73900,1.00,15.00,3265.00,水平線手前,利確,支持抵抗,0,108.88900
2016-04-01,2016-04-30,20260209_091648,20260209_091648-0048,2016-04-08 23:59:30.467000,2016-04-09 00:01:30.973000,買い,108.41700,108.36700,1.00,-5.00,3260.00,水平線手前,損切,支持抵抗,0,108.41700
2016-04-01,2016-04-30,20260209_091648,20260209_091648-0049,2016-04-09 00:25:06.292000,2016-04-09 01:09:28.887000,買い,108.24200,108.39200,1.00,15.00,3275.00,水平線手前,利確,支持抵抗,0,108.24200
2016-04-01,2016-04-30,20260209_091648,20260209_091648-0050,2016-04-09 04:45:50.590000,2016-04-09 05:25:17.556000,買い,108.19000,108.14000,1.00,-5.00,3270.00,水平線手前,損切,支持抵抗,0,108.19000
2016-04-01,2016-04-30,20260209_091648,20260209_091648-0051,2016-04-11 17:15:16.168000,2016-04-11 17:26:16.105000,売り,108.25100,108.10100,1.00,15.00,3285.00,水平線手前,利確,支持抵抗,0,108.25100
2016-04-01,2016-04-30,20260209_091648,20260209_091648-0052,2016-04-11 19:46:02.560000,2016-04-11 20:30:42.015000,売り,108.27000,108.12000,1.00,15.00,3300.00,水平線手前,利確,支持抵抗,0,108.27000
2016-04-01,2016-04-30,20260209_091648,20260209_091648-0053,2016-04-11 20:51:59.569000,2016-04-11 21:21:49.628000,売り,108.32700,108.17700,1.00,15.00,3315.00,水平線手前,利確,支持抵抗,0,108.32700
2016-04-01,2016-04-30,20260209_091648,20260209_091648-0054,2016-04-11 22:23:09.232000,2016-04-11 22:34:12.040000,売り,108.43800,108.28800,1.00,15.00,3330.00,水平線手前,利確,支持抵抗,0,108.43800
2016-04-01,2016-04-30,20260209_091648,20260209_091648-0055,2016-04-11 22:21:04.569000,2016-04-11 22:42:28.342000,売り,108.40800,108.25800,1.00,15.00,3345.00,水平線手前,利確,支持抵抗,0,108.40800
2016-04-01,2016-04-30,20260209_091648,20260209_091648-0056,2016-04-12 12:24:58.539000,2016-04-12 14:24:13.881000,売り,108.23700,108.28700,1.00,-5.00,3340.00,水平線手前,損切,支持抵抗,0,108.23700
2016-04-01,2016-04-30,20260209_091648,20260209_091648-0057,2016-04-12 12:25:02.261000,2016-04-12 14:24:33.220000,売り,108.24500,108.29500,1.00,-5.00,3335.00,水平線手前,損切,支持抵抗,0,108.24500
2016-04-01,2016-04-30,20260209_091648,20260209_091648-0058,2016-04-12 14:49:07.812000,2016-04-12 15:45:44.636000,売り,108.33100,108.38100,1.00,-5.00,3330.00,水平線手前,損切,支持抵抗,0,108.33100
2016-04-01,2016-04-30,20260209_091648,20260209_091648-0059,2016-04-12 15:46:13.876000,2016-04-12 16:13:01.561000,売り,108.38100,108.23100,1.00,15.00,3345.00,水平線手前,利確,支持抵抗,0,108.38100
2016-04-01,2016-04-30,20260209_091648,20260209_091648-0060,2016-04-12 19:10:18.485000,2016-04-12 19:43:26.420000,売り,108.38300,108.23300,1.00,15.00,3360.00,水平線手前,利確,支持抵抗,0,108.38300
2016-04-01,2016-04-30,20260209_091648,20260209_091648-0061,2016-04-12 21:59:43.123000,2016-04-12 22:00:38.459000,売り,108.40400,108.45400,1.00,-5.00,3355.00,水平線手前,損切,支持抵抗,0,108.40400
2016-04-01,2016-04-30,20260209_091648,20260209_091648-0062,2016-04-12 22:57:19.216000,2016-04-12 23:05:09.903000,売り,108.61700,108.66700,1.00,-5.00,3350.00,水平線手前,損切,支持抵抗,0,108.61700
2016-04-01,2016-04-30,20260209_091648,20260209_091648-0063,2016-04-12 23:05:08.071000,2016-04-12 23:23:18.944000,売り,108.64700,108.49700,1.00,15.00,3365.00,水平線手前,利確,支持抵抗,0,108.64700
2016-04-01,2016-04-30,20260209_091648,20260209_091648-0064,2016-04-13 00:19:37.373000,2016-04-13 01:43:15.623000,売り,108.65900,108.70900,1.00,-5.00,3360.00,水平線手前,損切,支持抵抗,0,108.65900
2016-04-01,2016-04-30,20260209_091648,20260209_091648-0065,2016-04-13 01:53:19.640000,2016-04-13 03:00:50.871000,売り,108.75800,108.60800,1.00,15.00,3375.00,水平線手前,利確,支持抵抗,0,108.75800
2016-04-01,2016-04-30,20260209_091648,20260209_091648-0066,2016-04-13 11:03:35.783000,2016-04-13 13:31:43.839000,売り,108.87800,108.92800,1.00,-5.00,3370.00,水平線手前,損切,支持抵抗,0,108.87800
2016-04-01,2016-04-30,20260209_091648,20260209_091648-0067,2016-04-13 13:31:43.636000,2016-04-13 14:18:33.753000,売り,108.91400,108.96400,1.00,-5.00,3365.00,水平線手前,損切,支持抵抗,0,108.91400
2016-04-01,2016-04-30,20260209_091648,20260209_091648-0068,2016-04-13 14:19:09.820000,2016-04-13 15:37:52.784000,売り,108.97100,109.02100,1.00,-5.00,3360.00,水平線手前,損切,支持抵抗,0,108.97100
2016-04-01,2016-04-30,20260209_091648,20260209_091648-0069,2016-04-13 15:37:52.837000,2016-04-13 16:00:12.758000,売り,109.01600,108.86600,1.00,15.00,3375.00,水平線手前,利確,支持抵抗,0,109.01600
2016-04-01,2016-04-30,20260209_091648,20260209_091648-0070,2016-04-13 17:53:09.732000,2016-04-13 18:11:49.648000,売り,109.17800,109.22800,1.00,-5.00,3370.00,水平線手前,損切,支持抵抗,0,109.17800
2016-04-01,2016-04-30,20260209_091648,20260209_091648-0071,2016-04-13 18:19:39.994000,2016-04-13 20:29:10.108000,売り,109.26800,109.31800,1.00,-5.00,3365.00,水平線手前,損切,支持抵抗,0,109.26800
2016-04-01,2016-04-30,20260209_091648,20260209_091648-0072,2016-04-13 19:11:52.478000,2016-04-13 20:29:10.108000,売り,109.26800,109.31800,1.00,-5.00,3360.00,水平線手前,損切,支持抵抗,0,109.26800
2016-04-01,2016-04-30,20260209_091648,20260209_091648-0073,2016-04-13 20:29:10.005000,2016-04-13 20:34:24.253000,売り,109.30600,109.35600,1.00,-5.00,3355.00,水平線手前,損切,支持抵抗,0,109.30600
2016-04-01,2016-04-30,20260209_091648,20260209_091648-0074,2016-04-13 20:34:31.744000,2016-04-13 21:30:01.748000,売り,109.36300,109.21300,1.00,15.00,3370.00,水平線手前,利確,支持抵抗,0,109.36300
2016-04-01,2016-04-30,20260209_091648,20260209_091648-0075,2016-04-14 00:34:13.982000,2016-04-14 00:54:00.247000,売り,109.37600,109.22600,1.00,15.00,3385.00,水平線手前,利確,支持抵抗,0,109.37600
2016-04-01,2016-04-30,20260209_091648,20260209_091648-0076,2016-04-14 17:41:55.274000,2016-04-14 18:50:16.951000,買い,109.09700,109.24700,1.00,15.00,3400.00,水平線手前,利確,支持抵抗,0,109.09700
2016-04-01,2016-04-30,20260209_091648,20260209_091648-0077,2016-04-14 22:18:33.863000,2016-04-14 22:20:58.443000,買い,109.04900,108.99900,1.00,-5.00,3395.00,水平線手前,損切,支持抵抗,0,109.04900
2016-04-01,2016-04-30,20260209_091648,20260209_091648-0078,2016-04-14 22:22:05.191000,2016-04-14 22:43:14.941000,買い,108.92800,109.07800,1.00,15.00,3410.00,水平線手前,利確,支持抵抗,0,108.92800
2016-04-01,2016-04-30,20260209_091648,20260209_091648-0079,2016-04-14 23:01:10.307000,2016-04-14 23:25:52.797000,買い,108.93700,109.08700,1.00,15.00,3425.00,水平線手前,利確,支持抵抗,0,108.93700
2016-04-01,2016-04-30,20260209_091648,20260209_091648-0080,2016-04-15 04:55:20.483000,2016-04-15 09:10:35.107000,売り,109.42400,109.47400,1.00,-5.00,3420.00,水平線手前,損切,支持抵抗,0,109.42400
2016-04-01,2016-04-30,20260209_091648,20260209_091648-0081,2016-04-15 11:01:06.358000,2016-04-15 15:06:18.181000,売り,109.69900,109.54900,1.00,15.00,3435.00,水平線手前,利確,支持抵抗,0,109.69900
2016-04-01,2016-04-30,20260209_091648,20260209_091648-0082,2016-04-15 11:01:06.460000,2016-04-15 15:06:18.181000,売り,109.70000,109.55000,1.00,15.00,3450.00,水平線手前,利確,支持抵抗,0,109.70000
2016-04-01,2016-04-30,20260209_091648,20260209_091648-0083,2016-04-15 18:38:52.353000,2016-04-15 19:01:22.710000,買い,109.14800,109.09800,1.00,-5.00,3445.00,水平線手前,損切,支持抵抗,0,109.14800
2016-04-01,2016-04-30,20260209_091648,20260209_091648-0084,2016-04-15 18:38:54.597000,2016-04-15 19:01:23.752000,買い,109.13800,109.08800,1.00,-5.00,3440.00,水平線手前,損切,支持抵抗,0,109.13800
2016-04-01,2016-04-30,20260209_091648,20260209_091648-0085,2016-04-15 19:42:11.277000,2016-04-15 20:08:01.138000,買い,108.92400,108.87400,1.00,-5.00,3435.00,水平線手前,損切,支持抵抗,0,108.92400
2016-04-01,2016-04-30,20260209_091648,20260209_091648-0086,2016-04-15 20:22:55.516000,2016-04-15 21:30:42.870000,買い,108.83600,108.98600,1.00,15.00,3450.00,水平線手前,利確,支持抵抗,0,108.83600
2016-04-01,2016-04-30,20260209_091648,20260209_091648-0087,2016-04-15 23:17:16.617000,2016-04-16 00:13:03.194000,買い,108.64600,108.79600,1.00,15.00,3465.00,水平線手前,利確,支持抵抗,0,108.64600
2016-04-01,2016-04-30,20260209_091648,20260209_091648-0088,2016-04-16 01:36:37.444000,2016-04-16 05:50:42.198000,買い,108.62700,108.77700,1.00,15.00,3480.00,水平線手前,利確,支持抵抗,0,108.62700
2016-04-01,2016-04-30,20260209_091648,20260209_091648-0089,2016-04-16 01:32:09.270000,2016-04-18 06:00:08.996000,買い,108.64600,108.59600,1.00,-5.00,3475.00,水平線手前,損切,支持抵抗,0,108.64600
2016-04-01,2016-04-30,20260209_091648,20260209_091648-0090,2016-04-18 11:00:11.805000,2016-04-18 11:00:19.889000,買い,107.94200,107.89200,1.00,-5.00,3470.00,水平線手前,損切,支持抵抗,0,107.94200
2016-04-01,2016-04-30,20260209_091648,20260209_091648-0091,2016-04-18 11:00:16.478000,2016-04-18 11:00:20.554000,買い,107.93000,107.88000,1.00,-5.00,3465.00,水平線手前,損切,支持抵抗,0,107.93000
2016-04-01,2016-04-30,20260209_091648,20260209_091648-0092,2016-04-18 11:00:20.745000,2016-04-18 11:51:23.816000,買い,107.87800,108.02800,1.00,15.00,3480.00,水平線手前,利確,支持抵抗,0,107.87800
2016-04-01,2016-04-30,20260209_091648,20260209_091648-0093,2016-04-18 21:49:21.559000,2016-04-18 22:01:36.751000,売り,108.76300,108.61300,1.00,15.00,3495.00,水平線手前,利確,支持抵抗,0,108.76300
2016-04-01,2016-04-30,20260209_091648,20260209_091648-0094,2016-04-18 22:46:16.264000,2016-04-18 22:53:34.937000,売り,108.82300,108.87300,1.00,-5.00,3490.00,水平線手前,損切,支持抵抗,0,108.82300
2016-04-01,2016-04-30,20260209_091648,20260209_091648-0095,2016-04-18 22:46:16.824000,2016-04-18 23:01:42.584000,売り,108.83600,108.88600,1.00,-5.00,3485.00,水平線手前,損切,支持抵抗,0,108.83600
2016-04-01,2016-04-30,20260209_091648,20260209_091648-0096,2016-04-18 23:06:53.320000,2016-04-18 23:46:29.879000,売り,108.92700,108.77700,1.00,15.00,3500.00,水平線手前,利確,支持抵抗,0,108.92700
2016-04-01,2016-04-30,20260209_091648,20260209_091648-0097,2016-04-19 01:20:52.752000,2016-04-19 02:20:07.220000,売り,108.95800,108.80800,1.00,15.00,3515.00,水平線手前,利確,支持抵抗,0,108.95800
2016-04-01,2016-04-30,20260209_091648,20260209_091648-0098,2016-04-19 15:42:36.767000,2016-04-19 15:58:39.384000,買い,108.83900,108.98900,1.00,15.00,3530.00,水平線手前,利確,支持抵抗,0,108.83900
2016-04-01,2016-04-30,20260209_091648,20260209_091648-0099,2016-04-19 16:09:24.691000,2016-04-19 16:34:12.327000,買い,108.82900,108.97900,1.00,15.00,3545.00,水平線手前,利確,支持抵抗,0,108.82900
2016-04-01,2016-04-30,20260209_091648,20260209_091648-0100,2016-04-19 17:02:34.037000,2016-04-19 17:56:54.176000,売り,109.18800,109.23800,1.00,-5.00,3540.00,水平線手前,損切,支持抵抗,0,109.18800
2016-04-01,2016-04-30,20260209_091648,20260209_091648-0101,2016-04-19 17:02:38.872000,2016-04-19 17:56:54.176000,売り,109.18800,109.23800,1.00,-5.00,3535.00,水平線手前,損切,支持抵抗,0,109.18800
2016-04-01,2016-04-30,20260209_091648,20260209_091648-0102,2016-04-19 17:58:22.804000,2016-04-19 18:00:19.270000,売り,109.26800,109.31800,1.00,-5.00,3530.00,水平線手前,損切,支持抵抗,0,109.26800
2016-04-01,2016-04-30,20260209_091648,20260209_091648-0103,2016-04-19 18:40:13.554000,2016-04-19 20:58:28.719000,売り,109.41500,109.46500,1.00,-5.00,3525.00,水平線手前,損切,支持抵抗,0,109.41500
2016-04-01,2016-04-30,20260209_091648,20260209_091648-0104,2016-04-19 19:15:49.845000,2016-04-19 20:58:37.358000,売り,109.42700,109.47700,1.00,-5.00,3520.00,水平線手前,損切,支持抵抗,0,109.42700
2016-04-01,2016-04-30,20260209_091648,20260209_091648-0105,2016-04-19 20:58:29.936000,2016-04-19 21:30:02.280000,売り,109.45700,109.30700,1.00,15.00,3535.00,水平線手前,利確,支持抵抗,0,109.45700
2016-04-01,2016-04-30,20260209_091648,20260209_091648-0106,2016-04-20 11:02:16.520000,2016-04-20 12:49:30.277000,買い,108.95900,108.90900,1.00,-5.00,3530.00,水平線手前,損切,支持抵抗,0,108.95900
2016-04-01,2016-04-30,20260209_091648,20260209_091648-0107,2016-04-20 12:49:30.277000,2016-04-20 14:10:48.911000,買い,108.91600,108.86600,1.00,-5.00,3525.00,水平線手前,損切,支持抵抗,0,108.91600
2016-04-01,2016-04-30,20260209_091648,20260209_091648-0108,2016-04-20 14:10:28.458000,2016-04-20 15:09:18.559000,買い,108.89400,108.84400,1.00,-5.00,3520.00,水平線手前,損切,支持抵抗,0,108.89400
2016-04-01,2016-04-30,20260209_091648,20260209_091648-0109,2016-04-20 15:13:26.628000,2016-04-20 17:01:45.312000,買い,108.80000,108.95000,1.00,15.00,3535.00,水平線手前,利確,支持抵抗,0,108.80000
2016-04-01,2016-04-30,20260209_091648,20260209_091648-0110,2016-04-20 21:57:49.465000,2016-04-20 22:03:44.714000,売り,109.33100,109.38100,1.00,-5.00,3530.00,水平線手前,損切,支持抵抗,0,109.33100
2016-04-01,2016-04-30,20260209_091648,20260209_091648-0111,2016-04-20 22:03:41.350000,2016-04-20 23:17:02.773000,売り,109.36500,109.41500,1.00,-5.00,3525.00,水平線手前,損切,支持抵抗,0,109.36500
2016-04-01,2016-04-30,20260209_091648,20260209_091648-0112,2016-04-20 23:15:41.513000,2016-04-20 23:57:33.134000,売り,109.38400,109.23400,1.00,15.00,3540.00,水平線手前,利確,支持抵抗,0,109.38400
2016-04-01,2016-04-30,20260209_091648,20260209_091648-0113,2016-04-21 00:35:07.643000,2016-04-21 00:59:11.560000,売り,109.45700,109.50700,1.00,-5.00,3535.00,水平線手前,損切,支持抵抗,0,109.45700
2016-04-01,2016-04-30,20260209_091648,20260209_091648-0114,2016-04-21 00:59:13.647000,2016-04-21 01:03:39.787000,売り,109.50400,109.55400,1.00,-5.00,3530.00,水平線手前,損切,支持抵抗,0,109.50400
2016-04-01,2016-04-30,20260209_091648,20260209_091648-0115,2016-04-21 01:39:30.511000,2016-04-21 01:55:29.093000,売り,109.64700,109.69700,1.00,-5.00,3525.00,水平線手前,損切,支持抵抗,0,109.64700
2016-04-01,2016-04-30,20260209_091648,20260209_091648-0116,2016-04-21 01:54:50.030000,2016-04-21 02:02:58.387000,売り,109.66700,109.71700,1.00,-5.00,3520.00,水平線手前,損切,支持抵抗,0,109.66700
2016-04-01,2016-04-30,20260209_091648,20260209_091648-0117,2016-04-21 02:31:27.736000,2016-04-21 03:57:10.462000,売り,109.79300,109.84300,1.00,-5.00,3515.00,水平線手前,損切,支持抵抗,0,109.79300
2016-04-01,2016-04-30,20260209_091648,20260209_091648-0118,2016-04-21 03:56:09.267000,2016-04-21 04:07:38.006000,売り,109.81400,109.86400,1.00,-5.00,3510.00,水平線手前,損切,支持抵抗,0,109.81400
2016-04-01,2016-04-30,20260209_091648,20260209_091648-0119,2016-04-21 04:07:41.493000,2016-04-21 04:50:07.394000,売り,109.87500,109.72500,1.00,15.00,3525.00,水平線手前,利確,支持抵抗,0,109.87500
2016-04-01,2016-04-30,20260209_091648,20260209_091648-0120,2016-04-21 04:07:38.006000,2016-04-21 08:17:13.109000,売り,109.85600,109.90600,1.00,-5.00,3520.00,水平線手前,損切,支持抵抗,0,109.85600
2016-04-01,2016-04-30,20260209_091648,20260209_091648-0121,2016-04-21 23:00:11.608000,2016-04-21 23:25:53.584000,買い,109.35800,109.50800,1.00,15.00,3535.00,水平線手前,利確,支持抵抗,0,109.35800
2016-04-01,2016-04-30,20260209_091648,20260209_091648-0122,2016-04-22 01:03:41.529000,2016-04-22 01:43:55.064000,買い,109.35800,109.50800,1.00,15.00,3550.00,水平線手前,利確,支持抵抗,0,109.35800
2016-04-01,2016-04-30,20260209_091648,20260209_091648-0123,2016-04-22 13:34:25.359000,2016-04-22 13:34:25.940000,売り,109.59600,109.64600,1.00,-5.00,3545.00,水平線手前,損切,支持抵抗,0,109.59600
2016-04-01,2016-04-30,20260209_091648,20260209_091648-0124,2016-04-22 13:40:52.156000,2016-04-22 13:40:53.538000,売り,109.86600,109.91600,1.00,-5.00,3540.00,水平線手前,損切,支持抵抗,0,109.86600
2016-04-01,2016-04-30,20260209_091648,20260209_091648-0125,2016-04-22 13:37:52.609000,2016-04-22 13:40:53.589000,売り,109.86800,109.91800,1.00,-5.00,3535.00,水平線手前,損切,支持抵抗,0,109.86800
2016-04-01,2016-04-30,20260209_091648,20260209_091648-0126,2016-04-22 13:44:28.986000,2016-04-22 13:49:26.737000,売り,110.15600,110.00600,1.00,15.00,3550.00,水平線手前,利確,支持抵抗,0,110.15600
2016-04-01,2016-04-30,20260209_091648,20260209_091648-0127,2016-04-22 14:50:13.495000,2016-04-22 15:00:19.318000,売り,110.32600,110.37600,1.00,-5.00,3545.00,水平線手前,損切,支持抵抗,0,110.32600
2016-04-01,2016-04-30,20260209_091648,20260209_091648-0128,2016-04-22 15:36:00.449000,2016-04-22 16:30:48.004000,売り,110.60800,110.65800,1.00,-5.00,3540.00,水平線手前,損切,支持抵抗,0,110.60800
2016-04-01,2016-04-30,20260209_091648,20260209_091648-0129,2016-04-22 15:36:01.638000,2016-04-22 16:30:48.362000,売り,110.61200,110.66200,1.00,-5.00,3535.00,水平線手前,損切,支持抵抗,0,110.61200
2016-04-01,2016-04-30,20260209_091648,20260209_091648-0130,2016-04-22 16:34:34.186000,2016-04-22 17:00:32.655000,売り,110.71700,110.56700,1.00,15.00,3550.00,水平線手前,利確,支持抵抗,0,110.71700
2016-04-01,2016-04-30,20260209_091648,20260209_091648-0131,2016-04-22 20:51:57.425000,2016-04-22 21:00:27.834000,売り,110.80300,110.85300,1.00,-5.00,3545.00,水平線手前,損切,支持抵抗,0,110.80300
2016-04-01,2016-04-30,20260209_091648,20260209_091648-0132,2016-04-22 20:51:58.706000,2016-04-22 21:01:13.608000,売り,110.80900,110.85900,1.00,-5.00,3540.00,水平線手前,損切,支持抵抗,0,110.80900
2016-04-01,2016-04-30,20260209_091648,20260209_091648-0133,2016-04-22 21:59:26.359000,2016-04-22 22:01:34.113000,売り,111.15800,111.20800,1.00,-5.00,3535.00,水平線手前,損切,支持抵抗,0,111.15800
2016-04-01,2016-04-30,20260209_091648,20260209_091648-0134,2016-04-22 22:24:22.397000,2016-04-22 22:41:20.927000,売り,111.38100,111.23100,1.00,15.00,3550.00,水平線手前,利確,支持抵抗,0,111.38100
2016-04-01,2016-04-30,20260209_091648,20260209_091648-0135,2016-04-22 23:56:11.362000,2016-04-23 00:04:39.930000,売り,111.47600,111.52600,1.00,-5.00,3545.00,水平線手前,損切,支持抵抗,0,111.47600
2016-04-01,2016-04-30,20260209_091648,20260209_091648-0136,2016-04-23 00:04:39.930000,2016-04-23 00:17:31.501000,売り,111.53300,111.38300,1.00,15.00,3560.00,水平線手前,利確,支持抵抗,0,111.53300
2016-04-01,2016-04-30,20260209_091648,20260209_091648-0137,2016-04-23 01:21:22.272000,2016-04-23 02:54:18.207000,売り,111.70900,111.75900,1.00,-5.00,3555.00,水平線手前,損切,支持抵抗,0,111.70900
2016-04-01,2016-04-30,20260209_091648,20260209_091648-0138,2016-04-23 01:20:44.323000,2016-04-23 02:54:45.751000,売り,111.72600,111.77600,1.00,-5.00,3550.00,水平線手前,損切,支持抵抗,0,111.72600
2016-04-01,2016-04-30,20260209_091648,20260209_091648-0139,2016-04-23 02:54:18.309000,2016-04-23 03:01:54.283000,売り,111.75400,111.80400,1.00,-5.00,3545.00,水平線手前,損切,支持抵抗,0,111.75400
2016-04-01,2016-04-30,20260209_091648,20260209_091648-0140,2016-04-23 03:00:20.374000,2016-04-23 04:12:22.561000,売り,111.77500,111.62500,1.00,15.00,3560.00,水平線手前,利確,支持抵抗,0,111.77500
2016-04-01,2016-04-30,20260209_091648,20260209_091648-0141,2016-04-25 20:01:04.813000,2016-04-25 21:08:09.595000,買い,111.06800,111.01800,1.00,-5.00,3555.00,水平線手前,損切,支持抵抗,0,111.06800
2016-04-01,2016-04-30,20260209_091648,20260209_091648-0142,2016-04-25 21:08:21.662000,2016-04-25 21:38:14.175000,買い,110.87300,111.02300,1.00,15.00,3570.00,水平線手前,利確,支持抵抗,0,110.87300
2016-04-01,2016-04-30,20260209_091648,20260209_091648-0143,2016-04-26 11:21:11.475000,2016-04-26 11:25:43.921000,買い,110.99700,110.94700,1.00,-5.00,3565.00,水平線手前,損切,支持抵抗,0,110.99700
2016-04-01,2016-04-30,20260209_091648,20260209_091648-0144,2016-04-26 11:29:26.505000,2016-04-26 12:33:07.298000,買い,110.90000,110.85000,1.00,-5.00,3560.00,水平線手前,損切,支持抵抗,0,110.90000
2016-04-01,2016-04-30,20260209_091648,20260209_091648-0145,2016-04-26 12:32:40.302000,2016-04-26 13:30:19.746000,買い,110.88500,111.03500,1.00,15.00,3575.00,水平線手前,利確,支持抵抗,0,110.88500
2016-04-01,2016-04-30,20260209_091648,20260209_091648-0146,2016-04-26 15:55:25.718000,2016-04-26 16:27:24.289000,買い,110.76500,110.71500,1.00,-5.00,3570.00,水平線手前,損切,支持抵抗,0,110.76500
2016-04-01,2016-04-30,20260209_091648,20260209_091648-0147,2016-04-26 16:27:41.923000,2016-04-26 16:37:35.292000,買い,110.70100,110.85100,1.00,15.00,3585.00,水平線手前,利確,支持抵抗,0,110.70100
2016-04-01,2016-04-30,20260209_091648,20260209_091648-0148,2016-04-27 00:42:39.277000,2016-04-27 00:43:24.025000,売り,111.27200,111.32200,1.00,-5.00,3580.00,水平線手前,損切,支持抵抗,0,111.27200
2016-04-01,2016-04-30,20260209_091648,20260209_091648-0149,2016-04-27 00:43:16.631000,2016-04-27 01:06:21.509000,売り,111.29500,111.34500,1.00,-5.00,3575.00,水平線手前,損切,支持抵抗,0,111.29500
2016-04-01,2016-04-30,20260209_091648,20260209_091648-0150,2016-04-27 00:43:19.660000,2016-04-27 01:06:22.736000,売り,111.30500,111.35500,1.00,-5.00,3570.00,水平線手前,損切,支持抵抗,0,111.30500
2016-04-01,2016-04-30,20260209_091648,20260209_091648-0151,2016-04-27 01:29:45.737000,2016-04-27 02:16:53.394000,売り,111.38600,111.43600,1.00,-5.00,3565.00,水平線手前,損切,支持抵抗,0,111.38600
2016-04-01,2016-04-30,20260209_091648,20260209_091648-0152,2016-04-27 02:15:03.577000,2016-04-27 03:49:01.379000,売り,111.41900,111.46900,1.00,-5.00,3560.00,水平線手前,損切,支持抵抗,0,111.41900
2016-04-01,2016-04-30,20260209_091648,20260209_091648-0153,2016-04-27 03:47:41.281000,2016-04-27 06:39:14.302000,売り,111.44700,111.29700,1.00,15.00,3575.00,水平線手前,利確,支持抵抗,0,111.44700
2016-04-01,2016-04-30,20260209_091648,20260209_091648-0154,2016-04-27 04:27:13.321000,2016-04-27 06:39:30.423000,売り,111.44400,111.29400,1.00,15.00,3590.00,水平線手前,利確,支持抵抗,0,111.44400
2016-04-01,2016-04-30,20260209_091648,20260209_091648-0155,2016-04-28 03:00:08.744000,2016-04-28 03:00:10.446000,売り,111.44500,111.49500,1.00,-5.00,3585.00,水平線手前,損切,支持抵抗,0,111.44500
2016-04-01,2016-04-30,20260209_091648,20260209_091648-0156,2016-04-28 03:00:47.535000,2016-04-28 03:02:40.230000,売り,111.73000,111.58000,1.00,15.00,3600.00,水平線手前,利確,支持抵抗,0,111.73000
2016-04-01,2016-04-30,20260209_091648,20260209_091648-0157,2016-04-28 12:01:03.836000,2016-04-28 12:01:04.152000,買い,111.59300,111.54300,1.00,-5.00,3595.00,水平線手前,損切,支持抵抗,0,111.59300
2016-04-01,2016-04-30,20260209_091648,20260209_091648-0158,2016-04-28 12:01:06.482000,2016-04-28 12:01:06.601000,買い,111.10100,111.05100,1.00,-5.00,3590.00,水平線手前,損切,支持抵抗,0,111.10100
2016-04-01,2016-04-30,20260209_091648,20260209_091648-0159,2016-04-28 12:01:06.601000,2016-04-28 12:01:07.290000,買い,111.05800,111.00800,1.00,-5.00,3585.00,水平線手前,損切,支持抵抗,0,111.05800
2016-04-01,2016-04-30,20260209_091648,20260209_091648-0160,2016-04-28 12:01:09.162000,2016-04-28 12:01:09.783000,買い,110.69800,110.64800,1.00,-5.00,3580.00,水平線手前,損切,支持抵抗,0,110.69800
2016-04-01,2016-04-30,20260209_091648,20260209_091648-0161,2016-04-28 12:02:40.377000,2016-04-28 12:02:42.342000,買い,109.36900,109.31900,1.00,-5.00,3575.00,水平線手前,損切,支持抵抗,0,109.36900
2016-04-01,2016-04-30,20260209_091648,20260209_091648-0162,2016-04-28 12:02:42.753000,2016-04-28 12:02:44.589000,買い,109.29400,109.24400,1.00,-5.00,3570.00,水平線手前,損切,支持抵抗,0,109.29400
2016-04-01,2016-04-30,20260209_091648,20260209_091648-0163,2016-04-28 12:03:18.690000,2016-04-28 12:03:22.118000,買い,109.15900,109.10900,1.00,-5.00,3565.00,水平線手前,損切,支持抵抗,0,109.15900
2016-04-01,2016-04-30,20260209_091648,20260209_091648-0164,2016-04-28 12:03:44.291000,2016-04-28 12:04:04.541000,買い,108.79200,108.94200,1.00,15.00,3580.00,水平線手前,利確,支持抵抗,0,108.79200
2016-04-01,2016-04-30,20260209_091648,20260209_091648-0165,2016-04-28 15:12:42.677000,2016-04-28 15:14:54.664000,買い,108.73700,108.68700,1.00,-5.00,3575.00,水平線手前,損切,支持抵抗,0,108.73700
2016-04-01,2016-04-30,20260209_091648,20260209_091648-0166,2016-04-28 15:47:55.323000,2016-04-28 15:47:58.089000,買い,108.16400,108.11400,1.00,-5.00,3570.00,水平線手前,損切,支持抵抗,0,108.16400
2016-04-01,2016-04-30,20260209_091648,20260209_091648-0167,2016-04-28 15:55:39.026000,2016-04-28 15:58:49.792000,買い,108.08800,108.23800,1.00,15.00,3585.00,水平線手前,利確,支持抵抗,0,108.08800
2016-04-01,2016-04-30,20260209_091648,20260209_091648-0168,2016-04-28 17:38:33.800000,2016-04-28 17:43:55.148000,買い,107.95400,108.10400,1.00,15.00,3600.00,水平線手前,利確,支持抵抗,0,107.95400
2016-04-01,2016-04-30,20260209_091648,20260209_091648-0169,2016-04-28 23:47:28.821000,2016-04-28 23:59:04.183000,売り,108.70000,108.55000,1.00,15.00,3615.00,水平線手前,利確,支持抵抗,0,108.70000
2016-04-01,2016-04-30,20260209_091648,20260209_091648-0170,2016-04-29 00:55:07.166000,2016-04-29 01:21:34.357000,買い,108.46900,108.41900,1.00,-5.00,3610.00,水平線手前,損切,支持抵抗,0,108.46900
2016-04-01,2016-04-30,20260209_091648,20260209_091648-0171,2016-04-29 01:57:59.722000,2016-04-29 02:00:53.979000,買い,108.35200,108.30200,1.00,-5.00,3605.00,水平線手前,損切,支持抵抗,0,108.35200
2016-04-01,2016-04-30,20260209_091648,20260209_091648-0172,2016-04-29 02:19:21.963000,2016-04-29 02:42:54.177000,買い,108.11600,108.06600,1.00,-5.00,3600.00,水平線手前,損切,支持抵抗,0,108.11600
2016-04-01,2016-04-30,20260209_091648,20260209_091648-0173,2016-04-29 02:47:40.391000,2016-04-29 04:29:12.895000,買い,108.03300,107.98300,1.00,-5.00,3595.00,水平線手前,損切,支持抵抗,0,108.03300
2016-04-01,2016-04-30,20260209_091648,20260209_091648-0174,2016-04-29 04:34:15.735000,2016-04-29 04:36:27.659000,買い,107.90200,108.05200,1.00,15.00,3610.00,水平線手前,利確,支持抵抗,0,107.90200
2016-04-01,2016-04-30,20260209_091648,20260209_091648-0175,2016-04-29 15:05:38.031000,2016-04-29 15:53:02.382000,売り,107.38500,107.23500,1.00,15.00,3625.00,水平線手前,利確,支持抵抗,0,107.38500
2016-04-01,2016-04-30,20260209_091648,20260209_091648-0176,2016-04-29 16:07:15.595000,2016-04-29 16:18:09.420000,買い,107.11500,107.06500,1.00,-5.00,3620.00,水平線手前,損切,支持抵抗,0,107.11500
2016-04-01,2016-04-30,20260209_091648,20260209_091648-0177,2016-04-29 16:07:24.387000,2016-04-29 16:18:09.645000,買い,107.11300,107.06300,1.00,-5.00,3615.00,水平線手前,損切,支持抵抗,0,107.11300
2016-04-01,2016-04-30,20260209_091648,20260209_091648-0178,2016-04-29 16:25:33.311000,2016-04-29 16:41:54.522000,買い,106.93900,107.08900,1.00,15.00,3630.00,水平線手前,利確,支持抵抗,0,106.93900
2016-04-01,2016-04-30,20260209_091648,20260209_091648-0179,2016-04-29 21:15:52.218000,2016-04-29 21:38:52.170000,売り,107.32600,107.17600,1.00,15.00,3645.00,水平線手前,利確,支持抵抗,0,107.32600
2016-04-01,2016-04-30,20260209_091648,20260209_091648-0180,2016-04-29 22:40:18.018000,2016-04-29 23:42:58.038000,売り,107.38400,107.23400,1.00,15.00,3660.00,水平線手前,利確,支持抵抗,0,107.38400
2016-04-01,2016-04-30,20260209_091648,20260209_091648-0181,2016-04-30 00:20:28.922000,2016-04-30 00:21:03.576000,買い,106.65300,106.80300,1.00,15.00,3675.00,水平線手前,利確,支持抵抗,0,106.65300
2016-04-01,2016-04-30,20260209_091648,20260209_091648-0182,2016-04-30 04:53:14.289000,2016-04-30 05:00:52.864000,買い,106.31300,106.46300,1.00,15.00,3690.00,水平線手前,利確,支持抵抗,0,106.31300
2016-05-01,2016-05-31,20260209_091728,20260209_091728-0001,2016-05-02 22:05:28.103000,2016-05-02 23:00:03.866000,売り,106.71300,106.56300,1.00,15.00,3705.00,水平線手前,利確,支持抵抗,0,106.71300
2016-05-01,2016-05-31,20260209_091728,20260209_091728-0002,2016-05-02 23:17:35.237000,2016-05-02 23:39:26.317000,売り,106.79000,106.64000,1.00,15.00,3720.00,水平線手前,利確,支持抵抗,0,106.79000
2016-05-01,2016-05-31,20260209_091728,20260209_091728-0003,2016-05-03 13:35:12.951000,2016-05-03 13:35:20.973000,買い,106.08400,106.03400,1.00,-5.00,3715.00,水平線手前,損切,支持抵抗,0,106.08400
2016-05-01,2016-05-31,20260209_091728,20260209_091728-0004,2016-05-03 13:36:10.386000,2016-05-03 14:02:36.804000,買い,105.95200,105.90200,1.00,-5.00,3710.00,水平線手前,損切,支持抵抗,0,105.95200
2016-05-01,2016-05-31,20260209_091728,20260209_091728-0005,2016-05-03 14:04:20.340000,2016-05-03 15:02:49.995000,買い,105.88500,105.83500,1.00,-5.00,3705.00,水平線手前,損切,支持抵抗,0,105.88500
2016-05-01,2016-05-31,20260209_091728,20260209_091728-0006,2016-05-03 15:49:48.622000,2016-05-03 16:31:02.319000,買い,105.75000,105.70000,1.00,-5.00,3700.00,水平線手前,損切,支持抵抗,0,105.75000
2016-05-01,2016-05-31,20260209_091728,20260209_091728-0007,2016-05-03 17:06:46.058000,2016-05-03 17:30:59.806000,買い,105.58700,105.73700,1.00,15.00,3715.00,水平線手前,利確,支持抵抗,0,105.58700
2016-05-01,2016-05-31,20260209_091728,20260209_091728-0008,2016-05-03 16:45:00.739000,2016-05-03 17:31:20.183000,買い,105.59400,105.74400,1.00,15.00,3730.00,水平線手前,利確,支持抵抗,0,105.59400
2016-05-01,2016-05-31,20260209_091728,20260209_091728-0009,2016-05-04 21:15:00.534000,2016-05-04 21:15:01.404000,買い,106.44200,106.39200,1.00,-5.00,3725.00,水平線手前,損切,支持抵抗,0,106.44200
2016-05-01,2016-05-31,20260209_091728,20260209_091728-0010,2016-05-04 21:26:35.580000,2016-05-04 21:33:49.776000,買い,106.27500,106.42500,1.00,15.00,3740.00,水平線手前,利確,支持抵抗,0,106.27500
2016-05-01,2016-05-31,20260209_091728,20260209_091728-0011,2016-05-04 23:12:29.249000,2016-05-04 23:30:35.951000,売り,107.16100,107.01100,1.00,15.00,3755.00,水平線手前,利確,支持抵抗,0,107.16100
2016-05-01,2016-05-31,20260209_091728,20260209_091728-0012,2016-05-05 02:24:15.606000,2016-05-05 03:11:28.507000,売り,107.22300,107.07300,1.00,15.00,3770.00,水平線手前,利確,支持抵抗,0,107.22300
2016-05-01,2016-05-31,20260209_091728,20260209_091728-0013,2016-05-05 16:12:18.065000,2016-05-05 16:36:14.233000,売り,107.26600,107.11600,1.00,15.00,3785.00,水平線手前,利確,支持抵抗,0,107.26600
2016-05-01,2016-05-31,20260209_091728,20260209_091728-0014,2016-05-05 17:26:23.762000,2016-05-05 18:22:36.250000,売り,107.34900,107.39900,1.00,-5.00,3780.00,水平線手前,損切,支持抵抗,0,107.34900
2016-05-01,2016-05-31,20260209_091728,20260209_091728-0015,2016-05-05 18:18:35.846000,2016-05-05 19:14:48.659000,売り,107.36800,107.21800,1.00,15.00,3795.00,水平線手前,利確,支持抵抗,0,107.36800
2016-05-01,2016-05-31,20260209_091728,20260209_091728-0016,2016-05-05 23:04:54.818000,2016-05-05 23:05:36.983000,売り,107.42800,107.47800,1.00,-5.00,3790.00,水平線手前,損切,支持抵抗,0,107.42800
2016-05-01,2016-05-31,20260209_091728,20260209_091728-0017,2016-05-05 23:05:36.983000,2016-05-05 23:16:34.902000,売り,107.47300,107.32300,1.00,15.00,3805.00,水平線手前,利確,支持抵抗,0,107.47300
2016-05-01,2016-05-31,20260209_091728,20260209_091728-0018,2016-05-06 21:29:47.050000,2016-05-06 21:29:50.443000,買い,106.83400,106.78400,1.00,-5.00,3800.00,水平線手前,損切,支持抵抗,0,106.83400
2016-05-01,2016-05-31,20260209_091728,20260209_091728-0019,2016-05-06 21:29:48.781000,2016-05-06 21:29:50.443000,買い,106.80800,106.75800,1.00,-5.00,3795.00,水平線手前,損切,支持抵抗,0,106.80800
2016-05-01,2016-05-31,20260209_091728,20260209_091728-0020,2016-05-06 21:30:24.897000,2016-05-06 21:30:57.364000,買い,106.47300,106.62300,1.00,15.00,3810.00,水平線手前,利確,支持抵抗,0,106.47300
2016-05-01,2016-05-31,20260209_091728,20260209_091728-0021,2016-05-07 03:09:54.315000,2016-05-07 03:17:14.993000,売り,106.94500,106.99500,1.00,-5.00,3805.00,水平線手前,損切,支持抵抗,0,106.94500
2016-05-01,2016-05-31,20260209_091728,20260209_091728-0022,2016-05-07 03:36:26.870000,2016-05-07 04:13:49.198000,売り,107.17400,107.22400,1.00,-5.00,3800.00,水平線手前,損切,支持抵抗,0,107.17400
2016-05-01,2016-05-31,20260209_091728,20260209_091728-0023,2016-05-07 04:11:13.129000,2016-05-09 06:46:06.858000,売り,107.20300,107.25300,1.00,-5.00,3795.00,水平線手前,損切,支持抵抗,0,107.20300
2016-05-01,2016-05-31,20260209_091728,20260209_091728-0024,2016-05-09 14:38:42.879000,2016-05-09 14:38:51.817000,売り,107.60000,107.65000,1.00,-5.00,3790.00,水平線手前,損切,支持抵抗,0,107.60000
2016-05-01,2016-05-31,20260209_091728,20260209_091728-0025,2016-05-09 14:38:52.332000,2016-05-09 15:39:49.867000,売り,107.65500,107.70500,1.00,-5.00,3785.00,水平線手前,損切,支持抵抗,0,107.65500
2016-05-01,2016-05-31,20260209_091728,20260209_091728-0026,2016-05-09 15:39:34.546000,2016-05-09 16:09:42.589000,売り,107.67400,107.52400,1.00,15.00,3800.00,水平線手前,利確,支持抵抗,0,107.67400
2016-05-01,2016-05-31,20260209_091728,20260209_091728-0027,2016-05-09 17:36:06.256000,2016-05-09 18:05:18.298000,売り,107.84100,107.89100,1.00,-5.00,3795.00,水平線手前,損切,支持抵抗,0,107.84100
2016-05-01,2016-05-31,20260209_091728,20260209_091728-0028,2016-05-09 18:06:55.953000,2016-05-09 19:12:07.105000,売り,107.91600,107.96600,1.00,-5.00,3790.00,水平線手前,損切,支持抵抗,0,107.91600
2016-05-01,2016-05-31,20260209_091728,20260209_091728-0029,2016-05-09 19:22:45.547000,2016-05-09 20:07:43.768000,売り,108.06500,108.11500,1.00,-5.00,3785.00,水平線手前,損切,支持抵抗,0,108.06500
2016-05-01,2016-05-31,20260209_091728,20260209_091728-0030,2016-05-09 20:30:24.841000,2016-05-09 21:36:33.046000,売り,108.34300,108.19300,1.00,15.00,3800.00,水平線手前,利確,支持抵抗,0,108.34300
2016-05-01,2016-05-31,20260209_091728,20260209_091728-0031,2016-05-09 22:59:52.324000,2016-05-09 23:25:47.439000,売り,108.57300,108.42300,1.00,15.00,3815.00,水平線手前,利確,支持抵抗,0,108.57300
2016-05-01,2016-05-31,20260209_091728,20260209_091728-0032,2016-05-10 11:09:31.927000,2016-05-10 11:10:54.224000,売り,108.74400,108.79400,1.00,-5.00,3810.00,水平線手前,損切,支持抵抗,0,108.74400
2016-05-01,2016-05-31,20260209_091728,20260209_091728-0033,2016-05-10 11:11:20.459000,2016-05-10 11:51:13.739000,売り,108.79800,108.64800,1.00,15.00,3825.00,水平線手前,利確,支持抵抗,0,108.79800
2016-05-01,2016-05-31,20260209_091728,20260209_091728-0034,2016-05-10 14:01:00.552000,2016-05-10 15:28:36.693000,売り,108.86000,108.71000,1.00,15.00,3840.00,水平線手前,利確,支持抵抗,0,108.86000
2016-05-01,2016-05-31,20260209_091728,20260209_091728-0035,2016-05-10 13:17:21.091000,2016-05-10 15:29:03.562000,売り,108.85200,108.70200,1.00,15.00,3855.00,水平線手前,利確,支持抵抗,0,108.85200
2016-05-01,2016-05-31,20260209_091728,20260209_091728-0036,2016-05-10 16:35:31.300000,2016-05-10 17:30:02.533000,売り,108.92100,108.97100,1.00,-5.00,3850.00,水平線手前,損切,支持抵抗,0,108.92100
2016-05-01,2016-05-31,20260209_091728,20260209_091728-0037,2016-05-10 17:51:05.273000,2016-05-10 18:13:03.866000,売り,109.03000,109.08000,1.00,-5.00,3845.00,水平線手前,損切,支持抵抗,0,109.03000
2016-05-01,2016-05-31,20260209_091728,20260209_091728-0038,2016-05-10 18:39:56.421000,2016-05-10 19:20:31.318000,売り,109.22900,109.27900,1.00,-5.00,3840.00,水平線手前,損切,支持抵抗,0,109.22900
2016-05-01,2016-05-31,20260209_091728,20260209_091728-0039,2016-05-10 19:19:09.023000,2016-05-10 20:03:25.833000,売り,109.24500,109.09500,1.00,15.00,3855.00,水平線手前,利確,支持抵抗,0,109.24500
2016-05-01,2016-05-31,20260209_091728,20260209_091728-0040,2016-05-10 20:49:28.497000,2016-05-10 21:08:58.084000,売り,109.24700,109.09700,1.00,15.00,3870.00,水平線手前,利確,支持抵抗,0,109.24700
2016-05-01,2016-05-31,20260209_091728,20260209_091728-0041,2016-05-11 01:52:04.132000,2016-05-11 02:02:58.269000,売り,109.26400,109.31400,1.00,-5.00,3865.00,水平線手前,損切,支持抵抗,0,109.26400
2016-05-01,2016-05-31,20260209_091728,20260209_091728-0042,2016-05-11 02:02:58.422000,2016-05-11 06:37:22.311000,売り,109.32900,109.37900,1.00,-5.00,3860.00,水平線手前,損切,支持抵抗,0,109.32900
2016-05-01,2016-05-31,20260209_091728,20260209_091728-0043,2016-05-11 11:12:34.023000,2016-05-11 11:15:01.726000,買い,108.74900,108.69900,1.00,-5.00,3855.00,水平線手前,損切,支持抵抗,0,108.74900
2016-05-01,2016-05-31,20260209_091728,20260209_091728-0044,2016-05-11 11:15:34.949000,2016-05-11 12:12:04.004000,買い,108.65300,108.80300,1.00,15.00,3870.00,水平線手前,利確,支持抵抗,0,108.65300
2016-05-01,2016-05-31,20260209_091728,20260209_091728-0045,2016-05-11 15:06:16.402000,2016-05-11 15:48:18.599000,買い,108.60100,108.75100,1.00,15.00,3885.00,水平線手前,利確,支持抵抗,0,108.60100
2016-05-01,2016-05-31,20260209_091728,20260209_091728-0046,2016-05-11 16:21:35.428000,2016-05-11 17:07:37.436000,買い,108.57800,108.52800,1.00,-5.00,3880.00,水平線手前,損切,支持抵抗,0,108.57800
2016-05-01,2016-05-31,20260209_091728,20260209_091728-0047,2016-05-11 17:07:08.413000,2016-05-11 17:41:29.892000,買い,108.55200,108.70200,1.00,15.00,3895.00,水平線手前,利確,支持抵抗,0,108.55200
2016-05-01,2016-05-31,20260209_091728,20260209_091728-0048,2016-05-11 22:53:14.671000,2016-05-11 23:31:27.158000,買い,108.47800,108.62800,1.00,15.00,3910.00,水平線手前,利確,支持抵抗,0,108.47800
2016-05-01,2016-05-31,20260209_091728,20260209_091728-0049,2016-05-12 02:02:25.285000,2016-05-12 03:00:07.441000,買い,108.43900,108.38900,1.00,-5.00,3905.00,水平線手前,損切,支持抵抗,0,108.43900
2016-05-01,2016-05-31,20260209_091728,20260209_091728-0050,2016-05-12 03:00:07.237000,2016-05-12 08:41:54.779000,買い,108.40900,108.35900,1.00,-5.00,3900.00,水平線手前,損切,支持抵抗,0,108.40900
2016-05-01,2016-05-31,20260209_091728,20260209_091728-0051,2016-05-12 11:53:36.897000,2016-05-12 11:55:41.167000,売り,108.55600,108.60600,1.00,-5.00,3895.00,水平線手前,損切,支持抵抗,0,108.55600
2016-05-01,2016-05-31,20260209_091728,20260209_091728-0052,2016-05-12 11:55:27.812000,2016-05-12 12:24:19.114000,売り,108.58200,108.63200,1.00,-5.00,3890.00,水平線手前,損切,支持抵抗,0,108.58200
2016-05-01,2016-05-31,20260209_091728,20260209_091728-0053,2016-05-12 12:24:33.227000,2016-05-12 13:00:01.118000,売り,108.63500,108.68500,1.00,-5.00,3885.00,水平線手前,損切,支持抵抗,0,108.63500
2016-05-01,2016-05-31,20260209_091728,20260209_091728-0054,2016-05-12 13:51:48.243000,2016-05-12 14:00:13.444000,売り,108.81600,108.86600,1.00,-5.00,3880.00,水平線手前,損切,支持抵抗,0,108.81600
2016-05-01,2016-05-31,20260209_091728,20260209_091728-0055,2016-05-12 14:10:20.328000,2016-05-12 15:09:20.648000,売り,108.91300,108.96300,1.00,-5.00,3875.00,水平線手前,損切,支持抵抗,0,108.91300
2016-05-01,2016-05-31,20260209_091728,20260209_091728-0056,2016-05-12 15:09:22.019000,2016-05-12 16:22:26.605000,売り,108.96600,108.81600,1.00,15.00,3890.00,水平線手前,利確,支持抵抗,0,108.96600
2016-05-01,2016-05-31,20260209_091728,20260209_091728-0057,2016-05-12 18:41:35.451000,2016-05-12 18:56:32.639000,売り,109.18900,109.23900,1.00,-5.00,3885.00,水平線手前,損切,支持抵抗,0,109.18900
2016-05-01,2016-05-31,20260209_091728,20260209_091728-0058,2016-05-12 18:56:31.668000,2016-05-12 20:01:09.792000,売り,109.21000,109.26000,1.00,-5.00,3880.00,水平線手前,損切,支持抵抗,0,109.21000
2016-05-01,2016-05-31,20260209_091728,20260209_091728-0059,2016-05-12 19:00:25.982000,2016-05-12 20:01:29.200000,売り,109.21500,109.26500,1.00,-5.00,3875.00,水平線手前,損切,支持抵抗,0,109.21500
2016-05-01,2016-05-31,20260209_091728,20260209_091728-0060,2016-05-12 20:59:08.751000,2016-05-12 20:59:23.937000,売り,109.34600,109.39600,1.00,-5.00,3870.00,水平線手前,損切,支持抵抗,0,109.34600
2016-05-01,2016-05-31,20260209_091728,20260209_091728-0061,2016-05-12 20:59:09.558000,2016-05-12 21:41:47.293000,売り,109.36500,109.21500,1.00,15.00,3885.00,水平線手前,利確,支持抵抗,0,109.36500
2016-05-01,2016-05-31,20260209_091728,20260209_091728-0062,2016-05-13 11:59:52.295000,2016-05-13 12:01:04.367000,買い,108.79400,108.74400,1.00,-5.00,3880.00,水平線手前,損切,支持抵抗,0,108.79400
2016-05-01,2016-05-31,20260209_091728,20260209_091728-0063,2016-05-13 12:01:00.497000,2016-05-13 13:25:52.748000,買い,108.76600,108.71600,1.00,-5.00,3875.00,水平線手前,損切,支持抵抗,0,108.76600
2016-05-01,2016-05-31,20260209_091728,20260209_091728-0064,2016-05-13 13:18:26.151000,2016-05-13 15:14:51.250000,買い,108.74800,108.69800,1.00,-5.00,3870.00,水平線手前,損切,支持抵抗,0,108.74800
2016-05-01,2016-05-31,20260209_091728,20260209_091728-0065,2016-05-13 15:22:27.704000,2016-05-13 16:00:22.880000,買い,108.57000,108.52000,1.00,-5.00,3865.00,水平線手前,損切,支持抵抗,0,108.57000
2016-05-01,2016-05-31,20260209_091728,20260209_091728-0066,2016-05-13 16:00:18.657000,2016-05-13 16:19:46.649000,買い,108.55200,108.70200,1.00,15.00,3880.00,水平線手前,利確,支持抵抗,0,108.55200
2016-05-01,2016-05-31,20260209_091728,20260209_091728-0067,2016-05-13 20:00:09.880000,2016-05-13 21:30:00.644000,売り,108.92800,108.97800,1.00,-5.00,3875.00,水平線手前,損切,支持抵抗,0,108.92800
2016-05-01,2016-05-31,20260209_091728,20260209_091728-0068,2016-05-13 21:38:58.837000,2016-05-13 21:39:30.731000,売り,109.36500,109.41500,1.00,-5.00,3870.00,水平線手前,損切,支持抵抗,0,109.36500
2016-05-01,2016-05-31,20260209_091728,20260209_091728-0069,2016-05-13 21:39:31.088000,2016-05-13 21:45:49.724000,売り,109.42000,109.27000,1.00,15.00,3885.00,水平線手前,利確,支持抵抗,0,109.42000
2016-05-01,2016-05-31,20260209_091728,20260209_091728-0070,2016-05-13 23:00:34.245000,2016-05-13 23:02:07.720000,売り,109.53800,109.38800,1.00,15.00,3900.00,水平線手前,利確,支持抵抗,0,109.53800
2016-05-01,2016-05-31,20260209_091728,20260209_091728-0071,2016-05-16 19:10:53.532000,2016-05-16 21:30:00.269000,売り,108.95200,108.80200,1.00,15.00,3915.00,水平線手前,利確,支持抵抗,0,108.95200
2016-05-01,2016-05-31,20260209_091728,20260209_091728-0072,2016-05-17 02:23:38.743000,2016-05-17 03:04:24.254000,売り,109.04300,109.09300,1.00,-5.00,3910.00,水平線手前,損切,支持抵抗,0,109.04300
2016-05-01,2016-05-31,20260209_091728,20260209_091728-0073,2016-05-17 03:00:02.673000,2016-05-17 08:49:54.694000,売り,109.06400,109.11400,1.00,-5.00,3905.00,水平線手前,損切,支持抵抗,0,109.06400
2016-05-01,2016-05-31,20260209_091728,20260209_091728-0074,2016-05-17 14:57:42.975000,2016-05-17 14:57:46.786000,売り,109.07500,109.12500,1.00,-5.00,3900.00,水平線手前,損切,支持抵抗,0,109.07500
2016-05-01,2016-05-31,20260209_091728,20260209_091728-0075,2016-05-17 14:57:52.751000,2016-05-17 15:00:15.125000,売り,109.16500,109.21500,1.00,-5.00,3895.00,水平線手前,損切,支持抵抗,0,109.16500
2016-05-01,2016-05-31,20260209_091728,20260209_091728-0076,2016-05-17 15:29:19.418000,2016-05-17 16:00:03.597000,売り,109.33600,109.38600,1.00,-5.00,3890.00,水平線手前,損切,支持抵抗,0,109.33600
2016-05-01,2016-05-31,20260209_091728,20260209_091728-0077,2016-05-17 16:26:28.372000,2016-05-17 17:35:05.801000,売り,109.47300,109.52300,1.00,-5.00,3885.00,水平線手前,損切,支持抵抗,0,109.47300
2016-05-01,2016-05-31,20260209_091728,20260209_091728-0078,2016-05-17 17:43:12.619000,2016-05-17 20:13:22.801000,売り,109.62000,109.47000,1.00,15.00,3900.00,水平線手前,利確,支持抵抗,0,109.62000
2016-05-01,2016-05-31,20260209_091728,20260209_091728-0079,2016-05-17 19:10:00.676000,2016-05-17 20:13:22.801000,売り,109.62100,109.47100,1.00,15.00,3915.00,水平線手前,利確,支持抵抗,0,109.62100
2016-05-01,2016-05-31,20260209_091728,20260209_091728-0080,2016-05-17 23:50:14.038000,2016-05-17 23:50:16.193000,買い,108.92300,108.87300,1.00,-5.00,3910.00,水平線手前,損切,支持抵抗,0,108.92300
2016-05-01,2016-05-31,20260209_091728,20260209_091728-0081,2016-05-17 23:50:16.193000,2016-05-18 00:16:07.844000,買い,108.88100,109.03100,1.00,15.00,3925.00,水平線手前,利確,支持抵抗,0,108.88100
2016-05-01,2016-05-31,20260209_091728,20260209_091728-0082,2016-05-18 11:14:33.171000,2016-05-18 11:40:12.886000,売り,109.21600,109.26600,1.00,-5.00,3920.00,水平線手前,損切,支持抵抗,0,109.21600
2016-05-01,2016-05-31,20260209_091728,20260209_091728-0083,2016-05-18 11:41:21.907000,2016-05-18 12:32:21.768000,売り,109.35800,109.20800,1.00,15.00,3935.00,水平線手前,利確,支持抵抗,0,109.35800
2016-05-01,2016-05-31,20260209_091728,20260209_091728-0084,2016-05-18 15:59:08.901000,2016-05-18 16:02:56.118000,売り,109.48700,109.53700,1.00,-5.00,3930.00,水平線手前,損切,支持抵抗,0,109.48700
2016-05-01,2016-05-31,20260209_091728,20260209_091728-0085,2016-05-18 16:26:12.215000,2016-05-18 17:49:46.301000,売り,109.57900,109.42900,1.00,15.00,3945.00,水平線手前,利確,支持抵抗,0,109.57900
2016-05-01,2016-05-31,20260209_091728,20260209_091728-0086,2016-05-18 22:52:55.044000,2016-05-18 23:04:10.332000,売り,109.65500,109.70500,1.00,-5.00,3940.00,水平線手前,損切,支持抵抗,0,109.65500
2016-05-01,2016-05-31,20260209_091728,20260209_091728-0087,2016-05-18 23:06:12.559000,2016-05-18 23:38:33.353000,売り,109.81100,109.66100,1.00,15.00,3955.00,水平線手前,利確,支持抵抗,0,109.81100
2016-05-01,2016-05-31,20260209_091728,20260209_091728-0088,2016-05-19 03:14:29.312000,2016-05-19 03:29:31.761000,売り,110.01900,109.86900,1.00,15.00,3970.00,水平線手前,利確,支持抵抗,0,110.01900
2016-05-01,2016-05-31,20260209_091728,20260209_091728-0089,2016-05-19 04:34:23.648000,2016-05-19 08:23:13.685000,売り,110.22400,110.07400,1.00,15.00,3985.00,水平線手前,利確,支持抵抗,0,110.22400
2016-05-01,2016-05-31,20260209_091728,20260209_091728-0090,2016-05-19 14:30:51.904000,2016-05-19 14:46:59.859000,売り,110.24300,110.29300,1.00,-5.00,3980.00,水平線手前,損切,支持抵抗,0,110.24300
2016-05-01,2016-05-31,20260209_091728,20260209_091728-0091,2016-05-19 14:51:21.750000,2016-05-19 15:19:35.345000,売り,110.35200,110.20200,1.00,15.00,3995.00,水平線手前,利確,支持抵抗,0,110.35200
2016-05-01,2016-05-31,20260209_091728,20260209_091728-0092,2016-05-19 20:25:56.322000,2016-05-19 21:06:50.177000,買い,109.82200,109.97200,1.00,15.00,4010.00,水平線手前,利確,支持抵抗,0,109.82200
2016-05-01,2016-05-31,20260209_091728,20260209_091728-0093,2016-05-19 22:59:44.904000,2016-05-19 23:22:02.985000,買い,109.80900,109.75900,1.00,-5.00,4005.00,水平線手前,損切,支持抵抗,0,109.80900
2016-05-01,2016-05-31,20260209_091728,20260209_091728-0094,2016-05-19 23:22:10.843000,2016-05-19 23:50:52.669000,買い,109.73700,109.88700,1.00,15.00,4020.00,水平線手前,利確,支持抵抗,0,109.73700
2016-05-01,2016-05-31,20260209_091728,20260209_091728-0095,2016-05-20 15:10:39.577000,2016-05-20 15:10:41.367000,売り,110.19300,110.24300,1.00,-5.00,4015.00,水平線手前,損切,支持抵抗,0,110.19300
2016-05-01,2016-05-31,20260209_091728,20260209_091728-0096,2016-05-20 15:10:41.367000,2016-05-20 16:27:50.085000,売り,110.24200,110.29200,1.00,-5.00,4010.00,水平線手前,損切,支持抵抗,0,110.24200
2016-05-01,2016-05-31,20260209_091728,20260209_091728-0097,2016-05-20 16:27:44.758000,2016-05-20 17:05:15.943000,売り,110.26100,110.31100,1.00,-5.00,4005.00,水平線手前,損切,支持抵抗,0,110.26100
2016-05-01,2016-05-31,20260209_091728,20260209_091728-0098,2016-05-20 17:08:42.862000,2016-05-20 19:34:45.562000,売り,110.32700,110.37700,1.00,-5.00,4000.00,水平線手前,損切,支持抵抗,0,110.32700
2016-05-01,2016-05-31,20260209_091728,20260209_091728-0099,2016-05-20 19:34:38.144000,2016-05-20 20:19:04.832000,売り,110.36600,110.41600,1.00,-5.00,3995.00,水平線手前,損切,支持抵抗,0,110.36600
2016-05-01,2016-05-31,20260209_091728,20260209_091728-0100,2016-05-20 20:19:05.585000,2016-05-20 22:55:18.019000,売り,110.42100,110.47100,1.00,-5.00,3990.00,水平線手前,損切,支持抵抗,0,110.42100
2016-05-01,2016-05-31,20260209_091728,20260209_091728-0101,2016-05-20 22:55:41.469000,2016-05-20 23:00:13.442000,売り,110.46800,110.51800,1.00,-5.00,3985.00,水平線手前,損切,支持抵抗,0,110.46800
2016-05-01,2016-05-31,20260209_091728,20260209_091728-0102,2016-05-20 23:15:25.942000,2016-05-21 02:05:30.577000,売り,110.55800,110.40800,1.00,15.00,4000.00,水平線手前,利確,支持抵抗,0,110.55800
2016-05-01,2016-05-31,20260209_091728,20260209_091728-0103,2016-05-21 03:09:34.120000,2016-05-23 08:52:14.088000,買い,110.11600,110.06600,1.00,-5.00,3995.00,水平線手前,損切,支持抵抗,0,110.11600
2016-05-01,2016-05-31,20260209_091728,20260209_091728-0104,2016-05-23 15:58:59.623000,2016-05-23 15:59:12.096000,買い,109.67700,109.62700,1.00,-5.00,3990.00,水平線手前,損切,支持抵抗,0,109.67700
2016-05-01,2016-05-31,20260209_091728,20260209_091728-0105,2016-05-23 15:59:11.031000,2016-05-23 16:00:12.550000,買い,109.64500,109.59500,1.00,-5.00,3985.00,水平線手前,損切,支持抵抗,0,109.64500
2016-05-01,2016-05-31,20260209_091728,20260209_091728-0106,2016-05-23 16:17:11.660000,2016-05-23 17:08:58.868000,買い,109.45500,109.60500,1.00,15.00,4000.00,水平線手前,利確,支持抵抗,0,109.45500
2016-05-01,2016-05-31,20260209_091728,20260209_091728-0107,2016-05-23 18:52:10.762000,2016-05-23 19:36:59.531000,買い,109.34400,109.49400,1.00,15.00,4015.00,水平線手前,利確,支持抵抗,0,109.34400
2016-05-01,2016-05-31,20260209_091728,20260209_091728-0108,2016-05-23 18:52:07.519000,2016-05-23 19:38:32.674000,買い,109.36100,109.51100,1.00,15.00,4030.00,水平線手前,利確,支持抵抗,0,109.36100
2016-05-01,2016-05-31,20260209_091728,20260209_091728-0109,2016-05-24 02:24:57.986000,2016-05-24 07:44:31.796000,買い,109.15000,109.30000,1.00,15.00,4045.00,水平線手前,利確,支持抵抗,0,109.15000
2016-05-01,2016-05-31,20260209_091728,20260209_091728-0110,2016-05-24 18:23:01.911000,2016-05-24 18:40:11.832000,売り,109.64700,109.69700,1.00,-5.00,4040.00,水平線手前,損切,支持抵抗,0,109.64700
2016-05-01,2016-05-31,20260209_091728,20260209_091728-0111,2016-05-24 18:39:52.817000,2016-05-24 21:04:54.505000,売り,109.68500,109.73500,1.00,-5.00,4035.00,水平線手前,損切,支持抵抗,0,109.68500
2016-05-01,2016-05-31,20260209_091728,20260209_091728-0112,2016-05-24 21:04:58.292000,2016-05-24 22:09:11.885000,売り,109.74200,109.79200,1.00,-5.00,4030.00,水平線手前,損切,支持抵抗,0,109.74200
2016-05-01,2016-05-31,20260209_091728,20260209_091728-0113,2016-05-24 22:31:08.836000,2016-05-24 23:00:00.566000,売り,109.83700,109.88700,1.00,-5.00,4025.00,水平線手前,損切,支持抵抗,0,109.83700
2016-05-01,2016-05-31,20260209_091728,20260209_091728-0114,2016-05-24 23:38:02.773000,2016-05-24 23:59:34.910000,売り,110.02900,109.87900,1.00,15.00,4040.00,水平線手前,利確,支持抵抗,0,110.02900
2016-05-01,2016-05-31,20260209_091728,20260209_091728-0115,2016-05-25 01:03:36.405000,2016-05-25 02:22:31.029000,売り,110.04000,110.09000,1.00,-5.00,4035.00,水平線手前,損切,支持抵抗,0,110.04000
2016-05-01,2016-05-31,20260209_091728,20260209_091728-0116,2016-05-25 02:22:45.472000,2016-05-25 08:35:20.599000,売り,110.09700,110.14700,1.00,-5.00,4030.00,水平線手前,損切,支持抵抗,0,110.09700
2016-05-01,2016-05-31,20260209_091728,20260209_091728-0117,2016-05-25 11:00:22.688000,2016-05-25 12:27:36.184000,売り,110.15800,110.00800,1.00,15.00,4045.00,水平線手前,利確,支持抵抗,0,110.15800
2016-05-01,2016-05-31,20260209_091728,20260209_091728-0118,2016-05-25 17:31:21.670000,2016-05-25 17:32:07.167000,売り,110.22300,110.27300,1.00,-5.00,4040.00,水平線手前,損切,支持抵抗,0,110.22300
2016-05-01,2016-05-31,20260209_091728,20260209_091728-0119,2016-05-25 17:32:05.391000,2016-05-25 21:55:16.182000,売り,110.25000,110.30000,1.00,-5.00,4035.00,水平線手前,損切,支持抵抗,0,110.25000
2016-05-01,2016-05-31,20260209_091728,20260209_091728-0120,2016-05-25 19:40:31.314000,2016-05-25 21:55:16.182000,売り,110.25000,110.30000,1.00,-5.00,4030.00,水平線手前,損切,支持抵抗,0,110.25000
2016-05-01,2016-05-31,20260209_091728,20260209_091728-0121,2016-05-25 21:57:14.997000,2016-05-25 22:00:49.282000,売り,110.33100,110.38100,1.00,-5.00,4025.00,水平線手前,損切,支持抵抗,0,110.33100
2016-05-01,2016-05-31,20260209_091728,20260209_091728-0122,2016-05-25 22:36:19.292000,2016-05-25 23:30:55.273000,売り,110.40000,110.45000,1.00,-5.00,4020.00,水平線手前,損切,支持抵抗,0,110.40000
2016-05-01,2016-05-31,20260209_091728,20260209_091728-0123,2016-05-25 23:26:25.047000,2016-05-25 23:58:37.183000,売り,110.41800,110.26800,1.00,15.00,4035.00,水平線手前,利確,支持抵抗,0,110.41800
2016-05-01,2016-05-31,20260209_091728,20260209_091728-0124,2016-05-26 00:29:05.325000,2016-05-26 01:07:26.128000,買い,110.10100,110.25100,1.00,15.00,4050.00,水平線手前,利確,支持抵抗,0,110.10100
2016-05-01,2016-05-31,20260209_091728,20260209_091728-0125,2016-05-26 03:56:03.744000,2016-05-26 09:03:24.485000,買い,110.10200,110.05200,1.00,-5.00,4045.00,水平線手前,損切,支持抵抗,0,110.10200
2016-05-01,2016-05-31,20260209_091728,20260209_091728-0126,2016-05-26 21:30:06.315000,2016-05-26 21:31:12.736000,売り,110.18300,110.03300,1.00,15.00,4060.00,水平線手前,利確,支持抵抗,0,110.18300
2016-05-01,2016-05-31,20260209_091728,20260209_091728-0127,2016-05-26 23:29:38.962000,2016-05-27 00:04:44.761000,買い,109.56900,109.71900,1.00,15.00,4075.00,水平線手前,利確,支持抵抗,0,109.56900
2016-05-01,2016-05-31,20260209_091728,20260209_091728-0128,2016-05-27 12:32:04.394000,2016-05-27 14:13:59.835000,売り,109.97200,109.82200,1.00,15.00,4090.00,水平線手前,利確,支持抵抗,0,109.97200
2016-05-01,2016-05-31,20260209_091728,20260209_091728-0129,2016-05-27 19:31:10.105000,2016-05-27 21:42:52.939000,買い,109.59500,109.54500,1.00,-5.00,4085.00,水平線手前,損切,支持抵抗,0,109.59500
2016-05-01,2016-05-31,20260209_091728,20260209_091728-0130,2016-05-27 21:42:54.364000,2016-05-27 22:02:10.506000,買い,109.51100,109.66100,1.00,15.00,4100.00,水平線手前,利確,支持抵抗,0,109.51100
2016-05-01,2016-05-31,20260209_091728,20260209_091728-0131,2016-05-28 00:34:43.834000,2016-05-28 02:35:30.162000,売り,109.94600,109.99600,1.00,-5.00,4095.00,水平線手前,損切,支持抵抗,0,109.94600
2016-05-01,2016-05-31,20260209_091728,20260209_091728-0132,2016-05-28 00:35:32.561000,2016-05-28 02:35:36.176000,売り,109.97500,110.02500,1.00,-5.00,4090.00,水平線手前,損切,支持抵抗,0,109.97500
2016-05-01,2016-05-31,20260209_091728,20260209_091728-0133,2016-05-28 02:51:10.689000,2016-05-28 03:00:27.625000,売り,110.14800,110.19800,1.00,-5.00,4085.00,水平線手前,損切,支持抵抗,0,110.14800
2016-05-01,2016-05-31,20260209_091728,20260209_091728-0134,2016-05-28 03:13:11.933000,2016-05-28 03:13:38.962000,売り,110.30200,110.35200,1.00,-5.00,4080.00,水平線手前,損切,支持抵抗,0,110.30200
2016-05-01,2016-05-31,20260209_091728,20260209_091728-0135,2016-05-28 03:33:32.253000,2016-05-28 05:56:04.683000,売り,110.41800,110.26800,1.00,15.00,4095.00,水平線手前,利確,支持抵抗,0,110.41800
2016-05-01,2016-05-31,20260209_091728,20260209_091728-0136,2016-05-30 11:00:36.816000,2016-05-30 11:05:27.761000,売り,110.85100,110.90100,1.00,-5.00,4090.00,水平線手前,損切,支持抵抗,0,110.85100
2016-05-01,2016-05-31,20260209_091728,20260209_091728-0137,2016-05-30 11:25:12.516000,2016-05-30 13:22:43.062000,売り,110.99300,111.04300,1.00,-5.00,4085.00,水平線手前,損切,支持抵抗,0,110.99300
2016-05-01,2016-05-31,20260209_091728,20260209_091728-0138,2016-05-30 12:18:57.695000,2016-05-30 13:22:43.062000,売り,110.99600,111.04600,1.00,-5.00,4080.00,水平線手前,損切,支持抵抗,0,110.99600
2016-05-01,2016-05-31,20260209_091728,20260209_091728-0139,2016-05-30 13:26:09.245000,2016-05-30 14:04:41.722000,売り,111.12900,111.17900,1.00,-5.00,4075.00,水平線手前,損切,支持抵抗,0,111.12900
2016-05-01,2016-05-31,20260209_091728,20260209_091728-0140,2016-05-30 14:44:18.365000,2016-05-30 15:13:53.222000,売り,111.29400,111.34400,1.00,-5.00,4070.00,水平線手前,損切,支持抵抗,0,111.29400
2016-05-01,2016-05-31,20260209_091728,20260209_091728-0141,2016-05-30 15:14:43.400000,2016-05-30 16:37:52.659000,売り,111.35800,111.40800,1.00,-5.00,4065.00,水平線手前,損切,支持抵抗,0,111.35800
2016-05-01,2016-05-31,20260209_091728,20260209_091728-0142,2016-05-30 16:37:54.920000,2016-05-30 17:21:12.557000,売り,111.41600,111.26600,1.00,15.00,4080.00,水平線手前,利確,支持抵抗,0,111.41600
2016-06-01,2016-06-30,20260209_091820,20260209_091820-0001,2016-06-01 16:50:41.873000,2016-06-01 17:24:26.649000,売り,110.14200,109.99200,1.00,15.00,4095.00,水平線手前,利確,支持抵抗,0,110.14200
2016-06-01,2016-06-30,20260209_091820,20260209_091820-0002,2016-06-01 18:18:04.459000,2016-06-01 18:19:20.277000,買い,109.68800,109.63800,1.00,-5.00,4090.00,水平線手前,損切,支持抵抗,0,109.68800
2016-06-01,2016-06-30,20260209_091820,20260209_091820-0003,2016-06-01 18:26:26.972000,2016-06-01 19:18:42.717000,買い,109.59000,109.54000,1.00,-5.00,4085.00,水平線手前,損切,支持抵抗,0,109.59000
2016-06-01,2016-06-30,20260209_091820,20260209_091820-0004,2016-06-01 19:25:42.725000,2016-06-01 20:05:27.736000,買い,109.46800,109.41800,1.00,-5.00,4080.00,水平線手前,損切,支持抵抗,0,109.46800
2016-06-01,2016-06-30,20260209_091820,20260209_091820-0005,2016-06-01 20:54:40.508000,2016-06-01 21:01:28.368000,買い,109.21300,109.16300,1.00,-5.00,4075.00,水平線手前,損切,支持抵抗,0,109.21300
2016-06-01,2016-06-30,20260209_091820,20260209_091820-0006,2016-06-01 21:54:53.914000,2016-06-01 22:36:37.937000,買い,109.09000,109.24000,1.00,15.00,4090.00,水平線手前,利確,支持抵抗,0,109.09000
2016-06-01,2016-06-30,20260209_091820,20260209_091820-0007,2016-06-02 11:21:17.124000,2016-06-02 11:24:29.865000,買い,108.96200,108.91200,1.00,-5.00,4085.00,水平線手前,損切,支持抵抗,0,108.96200
2016-06-01,2016-06-30,20260209_091820,20260209_091820-0008,2016-06-02 11:24:31.928000,2016-06-02 11:35:12.338000,買い,108.86900,109.01900,1.00,15.00,4100.00,水平線手前,利確,支持抵抗,0,108.86900
2016-06-01,2016-06-30,20260209_091820,20260209_091820-0009,2016-06-02 15:19:38.146000,2016-06-02 15:51:29.381000,売り,109.29000,109.14000,1.00,15.00,4115.00,水平線手前,利確,支持抵抗,0,109.29000
2016-06-01,2016-06-30,20260209_091820,20260209_091820-0010,2016-06-02 17:04:05.064000,2016-06-02 17:43:10.535000,買い,108.87000,109.02000,1.00,15.00,4130.00,水平線手前,利確,支持抵抗,0,108.87000
2016-06-01,2016-06-30,20260209_091820,20260209_091820-0011,2016-06-02 17:03:55.838000,2016-06-02 18:06:20.073000,買い,108.88800,109.03800,1.00,15.00,4145.00,水平線手前,利確,支持抵抗,0,108.88800
2016-06-01,2016-06-30,20260209_091820,20260209_091820-0012,2016-06-02 21:57:00.910000,2016-06-02 22:10:03.733000,買い,108.68300,108.83300,1.00,15.00,4160.00,水平線手前,利確,支持抵抗,0,108.68300
2016-06-01,2016-06-30,20260209_091820,20260209_091820-0013,2016-06-02 22:49:59.715000,2016-06-03 00:14:55.973000,買い,108.56300,108.71300,1.00,15.00,4175.00,水平線手前,利確,支持抵抗,0,108.56300
2016-06-01,2016-06-30,20260209_091820,20260209_091820-0014,2016-06-03 13:51:23.927000,2016-06-03 14:05:31.337000,買い,108.53000,108.68000,1.00,15.00,4190.00,水平線手前,利確,支持抵抗,0,108.53000
2016-06-01,2016-06-30,20260209_091820,20260209_091820-0015,2016-06-03 21:56:20.035000,2016-06-03 22:08:18.608000,買い,107.56700,107.51700,1.00,-5.00,4185.00,水平線手前,損切,支持抵抗,0,107.56700
2016-06-01,2016-06-30,20260209_091820,20260209_091820-0016,2016-06-03 22:39:15.770000,2016-06-03 22:42:45.971000,買い,107.05000,107.20000,1.00,15.00,4200.00,水平線手前,利確,支持抵抗,0,107.05000
2016-06-01,2016-06-30,20260209_091820,20260209_091820-0017,2016-06-03 23:30:54.177000,2016-06-03 23:35:48.425000,買い,106.72700,106.87700,1.00,15.00,4215.00,水平線手前,利確,支持抵抗,0,106.72700
2016-06-01,2016-06-30,20260209_091820,20260209_091820-0018,2016-06-04 00:09:41.133000,2016-06-04 00:21:15.058000,買い,106.64800,106.79800,1.00,15.00,4230.00,水平線手前,利確,支持抵抗,0,106.64800
2016-06-01,2016-06-30,20260209_091820,20260209_091820-0019,2016-06-04 02:31:21.367000,2016-06-04 03:03:15.497000,買い,106.62000,106.57000,1.00,-5.00,4225.00,水平線手前,損切,支持抵抗,0,106.62000
2016-06-01,2016-06-30,20260209_091820,20260209_091820-0020,2016-06-04 03:00:38.171000,2016-06-04 03:14:48.442000,買い,106.58800,106.73800,1.00,15.00,4240.00,水平線手前,利確,支持抵抗,0,106.58800
2016-06-01,2016-06-30,20260209_091820,20260209_091820-0021,2016-06-06 11:50:39.771000,2016-06-06 11:50:43.833000,売り,106.90100,106.95100,1.00,-5.00,4235.00,水平線手前,損切,支持抵抗,0,106.90100
2016-06-01,2016-06-30,20260209_091820,20260209_091820-0022,2016-06-06 11:55:48.673000,2016-06-06 12:01:20.230000,売り,107.02200,107.07200,1.00,-5.00,4230.00,水平線手前,損切,支持抵抗,0,107.02200
2016-06-01,2016-06-30,20260209_091820,20260209_091820-0023,2016-06-06 12:14:35.502000,2016-06-06 13:05:33.660000,売り,107.15300,107.00300,1.00,15.00,4245.00,水平線手前,利確,支持抵抗,0,107.15300
2016-06-01,2016-06-30,20260209_091820,20260209_091820-0024,2016-06-06 16:16:40.717000,2016-06-06 17:03:00.699000,売り,107.25600,107.10600,1.00,15.00,4260.00,水平線手前,利確,支持抵抗,0,107.25600
2016-06-01,2016-06-30,20260209_091820,20260209_091820-0025,2016-06-06 23:36:04.744000,2016-06-07 00:00:03.976000,売り,107.40900,107.25900,1.00,15.00,4275.00,水平線手前,利確,支持抵抗,0,107.40900
2016-06-01,2016-06-30,20260209_091820,20260209_091820-0026,2016-06-07 01:30:08.733000,2016-06-07 01:30:55.676000,売り,107.54000,107.39000,1.00,15.00,4290.00,水平線手前,利確,支持抵抗,0,107.54000
2016-06-01,2016-06-30,20260209_091820,20260209_091820-0027,2016-06-07 02:02:40.286000,2016-06-07 02:17:32.050000,買い,106.87400,107.02400,1.00,15.00,4305.00,水平線手前,利確,支持抵抗,0,106.87400
2016-06-01,2016-06-30,20260209_091820,20260209_091820-0028,2016-06-07 04:35:22.376000,2016-06-07 05:00:53.371000,売り,107.55600,107.60600,1.00,-5.00,4300.00,水平線手前,損切,支持抵抗,0,107.55600
2016-06-01,2016-06-30,20260209_091820,20260209_091820-0029,2016-06-07 11:24:17.304000,2016-06-07 11:24:18.860000,売り,107.62700,107.67700,1.00,-5.00,4295.00,水平線手前,損切,支持抵抗,0,107.62700
2016-06-01,2016-06-30,20260209_091820,20260209_091820-0030,2016-06-07 11:27:28.167000,2016-06-07 12:16:28.208000,売り,107.79300,107.84300,1.00,-5.00,4290.00,水平線手前,損切,支持抵抗,0,107.79300
2016-06-01,2016-06-30,20260209_091820,20260209_091820-0031,2016-06-07 12:16:28.330000,2016-06-07 13:56:04.594000,売り,107.85600,107.70600,1.00,15.00,4305.00,水平線手前,利確,支持抵抗,0,107.85600
2016-06-01,2016-06-30,20260209_091820,20260209_091820-0032,2016-06-07 18:44:36.826000,2016-06-07 19:30:49.322000,売り,107.87300,107.72300,1.00,15.00,4320.00,水平線手前,利確,支持抵抗,0,107.87300
2016-06-01,2016-06-30,20260209_091820,20260209_091820-0033,2016-06-07 22:53:23.566000,2016-06-07 23:17:18.254000,買い,107.32100,107.27100,1.00,-5.00,4315.00,水平線手前,損切,支持抵抗,0,107.32100
2016-06-01,2016-06-30,20260209_091820,20260209_091820-0034,2016-06-07 23:54:14.493000,2016-06-08 00:30:41.187000,買い,107.18400,107.33400,1.00,15.00,4330.00,水平線手前,利確,支持抵抗,0,107.18400
2016-06-01,2016-06-30,20260209_091820,20260209_091820-0035,2016-06-08 11:00:17.972000,2016-06-08 11:46:47.855000,買い,106.76000,106.91000,1.00,15.00,4345.00,水平線手前,利確,支持抵抗,0,106.76000
2016-06-01,2016-06-30,20260209_091820,20260209_091820-0036,2016-06-08 23:14:56.873000,2016-06-08 23:31:11.637000,買い,106.65500,106.80500,1.00,15.00,4360.00,水平線手前,利確,支持抵抗,0,106.65500
2016-06-01,2016-06-30,20260209_091820,20260209_091820-0037,2016-06-09 00:42:16.137000,2016-06-09 01:33:28.815000,買い,106.63400,106.78400,1.00,15.00,4375.00,水平線手前,利確,支持抵抗,0,106.63400
2016-06-01,2016-06-30,20260209_091820,20260209_091820-0038,2016-06-09 11:54:35.706000,2016-06-09 14:17:04.214000,買い,106.55400,106.70400,1.00,15.00,4390.00,水平線手前,利確,支持抵抗,0,106.55400
2016-06-01,2016-06-30,20260209_091820,20260209_091820-0039,2016-06-09 16:31:36.234000,2016-06-09 16:35:07.522000,買い,106.40500,106.35500,1.00,-5.00,4385.00,水平線手前,損切,支持抵抗,0,106.40500
2016-06-01,2016-06-30,20260209_091820,20260209_091820-0040,2016-06-09 16:35:08.999000,2016-06-09 17:25:15.377000,買い,106.34000,106.29000,1.00,-5.00,4380.00,水平線手前,損切,支持抵抗,0,106.34000
2016-06-01,2016-06-30,20260209_091820,20260209_091820-0041,2016-06-09 17:25:16.778000,2016-06-09 17:44:00.893000,買い,106.29300,106.44300,1.00,15.00,4395.00,水平線手前,利確,支持抵抗,0,106.29300
2016-06-01,2016-06-30,20260209_091820,20260209_091820-0042,2016-06-10 03:59:44.542000,2016-06-10 04:23:59.493000,売り,106.85100,106.90100,1.00,-5.00,4390.00,水平線手前,損切,支持抵抗,0,106.85100
2016-06-01,2016-06-30,20260209_091820,20260209_091820-0043,2016-06-10 04:43:16.813000,2016-06-10 04:43:33.842000,売り,107.05700,107.10700,1.00,-5.00,4385.00,水平線手前,損切,支持抵抗,0,107.05700
2016-06-01,2016-06-30,20260209_091820,20260209_091820-0044,2016-06-10 04:43:37.574000,2016-06-10 06:46:37.376000,売り,107.14600,106.99600,1.00,15.00,4400.00,水平線手前,利確,支持抵抗,0,107.14600
2016-06-01,2016-06-30,20260209_091820,20260209_091820-0045,2016-06-10 16:19:15.362000,2016-06-10 16:20:34.126000,買い,106.75400,106.70400,1.00,-5.00,4395.00,水平線手前,損切,支持抵抗,0,106.75400
2016-06-01,2016-06-30,20260209_091820,20260209_091820-0046,2016-06-10 16:20:34.126000,2016-06-10 16:57:07.512000,買い,106.71200,106.86200,1.00,15.00,4410.00,水平線手前,利確,支持抵抗,0,106.71200
2016-06-01,2016-06-30,20260209_091820,20260209_091820-0047,2016-06-11 01:13:42.653000,2016-06-11 01:13:43.412000,売り,107.11400,107.16400,1.00,-5.00,4405.00,水平線手前,損切,支持抵抗,0,107.11400
2016-06-01,2016-06-30,20260209_091820,20260209_091820-0048,2016-06-11 01:13:43.412000,2016-06-11 02:46:30.844000,売り,107.16300,107.01300,1.00,15.00,4420.00,水平線手前,利確,支持抵抗,0,107.16300
2016-06-01,2016-06-30,20260209_091820,20260209_091820-0049,2016-06-11 03:14:56.486000,2016-06-11 03:57:36.960000,買い,106.59400,106.74400,1.00,15.00,4435.00,水平線手前,利確,支持抵抗,0,106.59400
2016-06-01,2016-06-30,20260209_091820,20260209_091820-0050,2016-06-13 11:01:34.615000,2016-06-13 11:05:15.345000,買い,106.10200,106.25200,1.00,15.00,4450.00,水平線手前,利確,支持抵抗,0,106.10200
2016-06-01,2016-06-30,20260209_091820,20260209_091820-0051,2016-06-13 11:01:27.783000,2016-06-13 11:06:09.824000,買い,106.11900,106.26900,1.00,15.00,4465.00,水平線手前,利確,支持抵抗,0,106.11900
2016-06-01,2016-06-30,20260209_091820,20260209_091820-0052,2016-06-13 13:55:18.311000,2016-06-13 14:04:09.900000,買い,105.90300,105.85300,1.00,-5.00,4460.00,水平線手前,損切,支持抵抗,0,105.90300
2016-06-01,2016-06-30,20260209_091820,20260209_091820-0053,2016-06-13 14:10:46.018000,2016-06-13 15:00:01.447000,買い,105.84200,105.79200,1.00,-5.00,4455.00,水平線手前,損切,支持抵抗,0,105.84200
2016-06-01,2016-06-30,20260209_091820,20260209_091820-0054,2016-06-13 15:00:13.120000,2016-06-13 15:31:05.734000,買い,105.77200,105.92200,1.00,15.00,4470.00,水平線手前,利確,支持抵抗,0,105.77200
2016-06-01,2016-06-30,20260209_091820,20260209_091820-0055,2016-06-14 11:59:11.760000,2016-06-14 14:00:31.876000,買い,105.97400,105.92400,1.00,-5.00,4465.00,水平線手前,損切,支持抵抗,0,105.97400
2016-06-01,2016-06-30,20260209_091820,20260209_091820-0056,2016-06-14 14:00:33.842000,2016-06-14 15:12:15.271000,買い,105.87400,105.82400,1.00,-5.00,4460.00,水平線手前,損切,支持抵抗,0,105.87400
2016-06-01,2016-06-30,20260209_091820,20260209_091820-0057,2016-06-14 15:46:20.204000,2016-06-14 15:46:49.430000,買い,105.77100,105.72100,1.00,-5.00,4455.00,水平線手前,損切,支持抵抗,0,105.77100
2016-06-01,2016-06-30,20260209_091820,20260209_091820-0058,2016-06-14 15:48:03.750000,2016-06-14 16:08:34.547000,買い,105.72200,105.67200,1.00,-5.00,4450.00,水平線手前,損切,支持抵抗,0,105.72200
2016-06-01,2016-06-30,20260209_091820,20260209_091820-0059,2016-06-14 16:08:35.807000,2016-06-14 16:30:27.110000,買い,105.66900,105.81900,1.00,15.00,4465.00,水平線手前,利確,支持抵抗,0,105.66900
2016-06-01,2016-06-30,20260209_091820,20260209_091820-0060,2016-06-14 21:30:04.990000,2016-06-14 21:31:45.824000,売り,106.09600,105.94600,1.00,15.00,4480.00,水平線手前,利確,支持抵抗,0,106.09600
2016-06-01,2016-06-30,20260209_091820,20260209_091820-0061,2016-06-14 22:37:50.450000,2016-06-14 22:53:11.973000,売り,106.11700,105.96700,1.00,15.00,4495.00,水平線手前,利確,支持抵抗,0,106.11700
2016-06-01,2016-06-30,20260209_091820,20260209_091820-0062,2016-06-15 04:46:46.343000,2016-06-15 06:12:32.317000,売り,106.15200,106.00200,1.00,15.00,4510.00,水平線手前,利確,支持抵抗,0,106.15200
2016-06-01,2016-06-30,20260209_091820,20260209_091820-0063,2016-06-15 11:06:20.936000,2016-06-15 11:07:07.498000,売り,106.24100,106.29100,1.00,-5.00,4505.00,水平線手前,損切,支持抵抗,0,106.24100
2016-06-01,2016-06-30,20260209_091820,20260209_091820-0064,2016-06-15 11:07:07.396000,2016-06-15 13:48:42.744000,売り,106.27900,106.12900,1.00,15.00,4520.00,水平線手前,利確,支持抵抗,0,106.27900
2016-06-01,2016-06-30,20260209_091820,20260209_091820-0065,2016-06-15 15:08:37.954000,2016-06-15 17:31:43.360000,売り,106.31100,106.36100,1.00,-5.00,4515.00,水平線手前,損切,支持抵抗,0,106.31100
2016-06-01,2016-06-30,20260209_091820,20260209_091820-0066,2016-06-15 16:16:44.116000,2016-06-15 17:31:53.881000,売り,106.31300,106.36300,1.00,-5.00,4510.00,水平線手前,損切,支持抵抗,0,106.31300
2016-06-01,2016-06-30,20260209_091820,20260209_091820-0067,2016-06-15 17:32:08.774000,2016-06-15 20:43:26.798000,売り,106.36500,106.21500,1.00,15.00,4525.00,水平線手前,利確,支持抵抗,0,106.36500
2016-06-01,2016-06-30,20260209_091820,20260209_091820-0068,2016-06-15 23:57:31.370000,2016-06-15 23:59:38.002000,買い,105.88500,105.83500,1.00,-5.00,4520.00,水平線手前,損切,支持抵抗,0,105.88500
2016-06-01,2016-06-30,20260209_091820,20260209_091820-0069,2016-06-15 23:59:38.796000,2016-06-16 00:30:51.215000,買い,105.84200,105.79200,1.00,-5.00,4515.00,水平線手前,損切,支持抵抗,0,105.84200
2016-06-01,2016-06-30,20260209_091820,20260209_091820-0070,2016-06-16 00:12:38.637000,2016-06-16 01:49:01.573000,買い,105.82600,105.97600,1.00,15.00,4530.00,水平線手前,利確,支持抵抗,0,105.82600
2016-06-01,2016-06-30,20260209_091820,20260209_091820-0071,2016-06-16 02:59:50.242000,2016-06-16 03:00:00.595000,買い,105.74200,105.69200,1.00,-5.00,4525.00,水平線手前,損切,支持抵抗,0,105.74200
2016-06-01,2016-06-30,20260209_091820,20260209_091820-0072,2016-06-16 03:16:37.626000,2016-06-16 03:17:09.000000,買い,105.46000,105.61000,1.00,15.00,4540.00,水平線手前,利確,支持抵抗,0,105.46000
2016-06-01,2016-06-30,20260209_091820,20260209_091820-0073,2016-06-16 04:39:26.873000,2016-06-16 04:52:08.733000,売り,106.10300,105.95300,1.00,15.00,4555.00,水平線手前,利確,支持抵抗,0,106.10300
2016-06-01,2016-06-30,20260209_091820,20260209_091820-0074,2016-06-16 11:20:37.840000,2016-06-16 11:34:18.421000,買い,105.58300,105.53300,1.00,-5.00,4550.00,水平線手前,損切,支持抵抗,0,105.58300
2016-06-01,2016-06-30,20260209_091820,20260209_091820-0075,2016-06-16 11:45:46.364000,2016-06-16 11:46:06.237000,買い,104.55500,104.70500,1.00,15.00,4565.00,水平線手前,利確,支持抵抗,0,104.55500
2016-06-01,2016-06-30,20260209_091820,20260209_091820-0076,2016-06-16 13:50:24.008000,2016-06-16 14:02:16.803000,買い,104.20300,104.15300,1.00,-5.00,4560.00,水平線手前,損切,支持抵抗,0,104.20300
2016-06-01,2016-06-30,20260209_091820,20260209_091820-0077,2016-06-16 14:18:10.808000,2016-06-16 14:20:00.641000,買い,104.04800,104.19800,1.00,15.00,4575.00,水平線手前,利確,支持抵抗,0,104.04800
2016-06-01,2016-06-30,20260209_091820,20260209_091820-0078,2016-06-16 15:56:35.341000,2016-06-16 16:00:01.667000,買い,103.57800,103.72800,1.00,15.00,4590.00,水平線手前,利確,支持抵抗,0,103.57800
2016-06-01,2016-06-30,20260209_091820,20260209_091820-0079,2016-06-16 16:02:01.186000,2016-06-16 16:03:55.176000,買い,103.58900,103.73900,1.00,15.00,4605.00,水平線手前,利確,支持抵抗,0,103.58900
2016-06-01,2016-06-30,20260209_091820,20260209_091820-0080,2016-06-17 02:11:26.428000,2016-06-17 02:17:28.233000,売り,104.57600,104.42600,1.00,15.00,4620.00,水平線手前,利確,支持抵抗,0,104.57600
2016-06-01,2016-06-30,20260209_091820,20260209_091820-0081,2016-06-17 13:06:40.950000,2016-06-17 14:30:06.556000,買い,104.16300,104.31300,1.00,15.00,4635.00,水平線手前,利確,支持抵抗,0,104.16300
2016-06-01,2016-06-30,20260209_091820,20260209_091820-0082,2016-06-17 13:06:39.930000,2016-06-17 14:30:10.315000,買い,104.17000,104.32000,1.00,15.00,4650.00,水平線手前,利確,支持抵抗,0,104.17000
2016-06-01,2016-06-30,20260209_091820,20260209_091820-0083,2016-06-17 16:16:16.346000,2016-06-17 16:29:39.233000,買い,104.12200,104.27200,1.00,15.00,4665.00,水平線手前,利確,支持抵抗,0,104.12200
2016-06-01,2016-06-30,20260209_091820,20260209_091820-0084,2016-06-20 23:59:00.501000,2016-06-21 00:33:40.869000,買い,104.41200,104.36200,1.00,-5.00,4660.00,水平線手前,損切,支持抵抗,0,104.41200
2016-06-01,2016-06-30,20260209_091820,20260209_091820-0085,2016-06-21 00:34:07.767000,2016-06-21 01:03:40.734000,買い,104.34000,104.29000,1.00,-5.00,4655.00,水平線手前,損切,支持抵抗,0,104.34000
2016-06-01,2016-06-30,20260209_091820,20260209_091820-0086,2016-06-21 01:13:33.054000,2016-06-21 02:12:25.423000,買い,104.22900,104.17900,1.00,-5.00,4650.00,水平線手前,損切,支持抵抗,0,104.22900
2016-06-01,2016-06-30,20260209_091820,20260209_091820-0087,2016-06-21 02:14:23.124000,2016-06-21 02:14:23.765000,買い,104.13400,104.08400,1.00,-5.00,4645.00,水平線手前,損切,支持抵抗,0,104.13400
2016-06-01,2016-06-30,20260209_091820,20260209_091820-0088,2016-06-21 02:30:56.354000,2016-06-21 03:27:07.602000,買い,103.95300,103.90300,1.00,-5.00,4640.00,水平線手前,損切,支持抵抗,0,103.95300
2016-06-01,2016-06-30,20260209_091820,20260209_091820-0089,2016-06-21 03:34:51.154000,2016-06-21 04:14:50.718000,買い,103.85300,104.00300,1.00,15.00,4655.00,水平線手前,利確,支持抵抗,0,103.85300
2016-06-01,2016-06-30,20260209_091820,20260209_091820-0090,2016-06-21 16:16:03.835000,2016-06-21 17:23:05.926000,売り,104.56100,104.41100,1.00,15.00,4670.00,水平線手前,利確,支持抵抗,0,104.56100
2016-06-01,2016-06-30,20260209_091820,20260209_091820-0091,2016-06-21 18:24:07.488000,2016-06-21 19:08:05.150000,買い,104.32100,104.47100,1.00,15.00,4685.00,水平線手前,利確,支持抵抗,0,104.32100
2016-06-01,2016-06-30,20260209_091820,20260209_091820-0092,2016-06-21 19:39:02.750000,2016-06-21 20:02:24.911000,売り,104.61400,104.66400,1.00,-5.00,4680.00,水平線手前,損切,支持抵抗,0,104.61400
2016-06-01,2016-06-30,20260209_091820,20260209_091820-0093,2016-06-21 19:39:03.055000,2016-06-21 20:08:25.882000,売り,104.63000,104.68000,1.00,-5.00,4675.00,水平線手前,損切,支持抵抗,0,104.63000
2016-06-01,2016-06-30,20260209_091820,20260209_091820-0094,2016-06-21 20:13:06.569000,2016-06-21 21:25:28.319000,売り,104.71700,104.56700,1.00,15.00,4690.00,水平線手前,利確,支持抵抗,0,104.71700
2016-06-01,2016-06-30,20260209_091820,20260209_091820-0095,2016-06-22 02:30:30.567000,2016-06-22 03:15:19.930000,売り,104.75700,104.80700,1.00,-5.00,4685.00,水平線手前,損切,支持抵抗,0,104.75700
2016-06-01,2016-06-30,20260209_091820,20260209_091820-0096,2016-06-22 03:15:23.779000,2016-06-22 04:17:48.750000,売り,104.80100,104.85100,1.00,-5.00,4680.00,水平線手前,損切,支持抵抗,0,104.80100
2016-06-01,2016-06-30,20260209_091820,20260209_091820-0097,2016-06-22 03:17:31.431000,2016-06-22 04:17:49.096000,売り,104.81300,104.86300,1.00,-5.00,4675.00,水平線手前,損切,支持抵抗,0,104.81300
2016-06-01,2016-06-30,20260209_091820,20260209_091820-0098,2016-06-22 04:23:57.090000,2016-06-22 04:43:09.497000,売り,105.04700,104.89700,1.00,15.00,4690.00,水平線手前,利確,支持抵抗,0,105.04700
2016-06-01,2016-06-30,20260209_091820,20260209_091820-0099,2016-06-22 11:13:35.239000,2016-06-22 13:20:28.280000,買い,104.39400,104.54400,1.00,15.00,4705.00,水平線手前,利確,支持抵抗,0,104.39400
2016-06-01,2016-06-30,20260209_091820,20260209_091820-0100,2016-06-22 16:53:56.101000,2016-06-22 18:51:21.189000,買い,104.35600,104.50600,1.00,15.00,4720.00,水平線手前,利確,支持抵抗,0,104.35600
2016-06-01,2016-06-30,20260209_091820,20260209_091820-0101,2016-06-22 22:49:01.162000,2016-06-22 23:14:54.261000,売り,104.62900,104.67900,1.00,-5.00,4715.00,水平線手前,損切,支持抵抗,0,104.62900
2016-06-01,2016-06-30,20260209_091820,20260209_091820-0102,2016-06-22 23:47:40.393000,2016-06-23 00:30:07.674000,売り,104.74500,104.59500,1.00,15.00,4730.00,水平線手前,利確,支持抵抗,0,104.74500
2016-06-01,2016-06-30,20260209_091820,20260209_091820-0103,2016-06-23 02:09:13.592000,2016-06-23 05:01:14.329000,買い,104.37600,104.52600,1.00,15.00,4745.00,水平線手前,利確,支持抵抗,0,104.37600
2016-06-01,2016-06-30,20260209_091820,20260209_091820-0104,2016-06-23 15:10:36.941000,2016-06-23 15:10:43.214000,買い,104.06200,104.21200,1.00,15.00,4760.00,水平線手前,利確,支持抵抗,0,104.06200
2016-06-01,2016-06-30,20260209_091820,20260209_091820-0105,2016-06-23 18:19:25.927000,2016-06-23 18:20:01.417000,売り,104.94900,104.99900,1.00,-5.00,4755.00,水平線手前,損切,支持抵抗,0,104.94900
2016-06-01,2016-06-30,20260209_091820,20260209_091820-0106,2016-06-23 18:20:25.479000,2016-06-23 18:22:11.523000,売り,105.04800,104.89800,1.00,15.00,4770.00,水平線手前,利確,支持抵抗,0,105.04800
2016-06-01,2016-06-30,20260209_091820,20260209_091820-0107,2016-06-23 19:44:37.747000,2016-06-23 19:56:44.116000,売り,105.83900,105.68900,1.00,15.00,4785.00,水平線手前,利確,支持抵抗,0,105.83900
2016-06-01,2016-06-30,20260209_091820,20260209_091820-0108,2016-06-23 21:59:03.374000,2016-06-23 22:00:35.727000,売り,105.99500,106.04500,1.00,-5.00,4780.00,水平線手前,損切,支持抵抗,0,105.99500
2016-06-01,2016-06-30,20260209_091820,20260209_091820-0109,2016-06-23 21:59:10.921000,2016-06-23 22:00:37.403000,売り,105.99800,106.04800,1.00,-5.00,4775.00,水平線手前,損切,支持抵抗,0,105.99800
2016-06-01,2016-06-30,20260209_091820,20260209_091820-0110,2016-06-23 22:00:28.349000,2016-06-23 22:37:02.308000,売り,106.00900,105.85900,1.00,15.00,4790.00,水平線手前,利確,支持抵抗,0,106.00900
2016-06-01,2016-06-30,20260209_091820,20260209_091820-0111,2016-06-24 11:41:26.399000,2016-06-24 11:41:37.118000,買い,103.02500,102.97500,1.00,-5.00,4785.00,水平線手前,損切,支持抵抗,0,103.02500
2016-06-01,2016-06-30,20260209_091820,20260209_091820-0112,2016-06-24 11:43:48.375000,2016-06-24 11:43:48.679000,買い,98.99500,99.14500,1.00,15.00,4800.00,水平線手前,利確,支持抵抗,0,98.99500
2016-06-01,2016-06-30,20260209_091820,20260209_091820-0113,2016-06-24 19:27:12.527000,2016-06-24 19:38:43.637000,買い,102.58400,102.53400,1.00,-5.00,4795.00,水平線手前,損切,支持抵抗,0,102.58400
2016-06-01,2016-06-30,20260209_091820,20260209_091820-0114,2016-06-24 19:55:29.004000,2016-06-24 19:56:09.669000,買い,102.04000,102.19000,1.00,15.00,4810.00,水平線手前,利確,支持抵抗,0,102.04000
2016-06-01,2016-06-30,20260209_091820,20260209_091820-0115,2016-06-24 20:04:05.038000,2016-06-24 20:06:21.966000,買い,102.04000,102.19000,1.00,15.00,4825.00,水平線手前,利確,支持抵抗,0,102.04000
2016-06-01,2016-06-30,20260209_091820,20260209_091820-0116,2016-06-24 21:12:38.444000,2016-06-24 21:12:58.889000,売り,102.75500,102.60500,1.00,15.00,4840.00,水平線手前,利確,支持抵抗,0,102.75500
2016-06-01,2016-06-30,20260209_091820,20260209_091820-0117,2016-06-24 22:28:14.419000,2016-06-24 22:31:37.064000,買い,102.09900,102.24900,1.00,15.00,4855.00,水平線手前,利確,支持抵抗,0,102.09900
2016-06-01,2016-06-30,20260209_091820,20260209_091820-0118,2016-06-24 23:10:40.785000,2016-06-24 23:27:41.361000,売り,102.53100,102.38100,1.00,15.00,4870.00,水平線手前,利確,支持抵抗,0,102.53100
2016-06-01,2016-06-30,20260209_091820,20260209_091820-0119,2016-06-25 00:01:04.095000,2016-06-25 00:06:53.905000,買い,102.09700,102.24700,1.00,15.00,4885.00,水平線手前,利確,支持抵抗,0,102.09700
2016-06-01,2016-06-30,20260209_091820,20260209_091820-0120,2016-06-27 13:28:30.024000,2016-06-27 13:35:41.065000,買い,101.61100,101.56100,1.00,-5.00,4880.00,水平線手前,損切,支持抵抗,0,101.61100
2016-06-01,2016-06-30,20260209_091820,20260209_091820-0121,2016-06-27 13:35:59.381000,2016-06-27 13:49:50.358000,買い,101.51300,101.66300,1.00,15.00,4895.00,水平線手前,利確,支持抵抗,0,101.51300
2016-06-01,2016-06-30,20260209_091820,20260209_091820-0122,2016-06-27 13:35:57.971000,2016-06-27 13:49:50.612000,買い,101.51600,101.66600,1.00,15.00,4910.00,水平線手前,利確,支持抵抗,0,101.51600
2016-06-01,2016-06-30,20260209_091820,20260209_091820-0123,2016-06-27 13:35:58.528000,2016-06-27 13:49:50.612000,買い,101.51500,101.66500,1.00,15.00,4925.00,水平線手前,利確,支持抵抗,0,101.51500
2016-06-01,2016-06-30,20260209_091820,20260209_091820-0124,2016-06-27 16:07:55.493000,2016-06-27 16:39:35.813000,売り,102.15300,102.00300,1.00,15.00,4940.00,水平線手前,利確,支持抵抗,0,102.15300
2016-06-01,2016-06-30,20260209_091820,20260209_091820-0125,2016-06-27 17:06:48.901000,2016-06-27 17:30:32.695000,売り,102.15400,102.00400,1.00,15.00,4955.00,水平線手前,利確,支持抵抗,0,102.15400
2016-06-01,2016-06-30,20260209_091820,20260209_091820-0126,2016-06-27 18:41:08.084000,2016-06-27 19:00:29.867000,買い,101.68300,101.83300,1.00,15.00,4970.00,水平線手前,利確,支持抵抗,0,101.68300
2016-06-01,2016-06-30,20260209_091820,20260209_091820-0127,2016-06-27 19:32:47.570000,2016-06-27 20:27:50.562000,買い,101.53100,101.68100,1.00,15.00,4985.00,水平線手前,利確,支持抵抗,0,101.53100
2016-06-01,2016-06-30,20260209_091820,20260209_091820-0128,2016-06-27 20:51:32.627000,2016-06-27 21:01:05.320000,買い,101.43600,101.58600,1.00,15.00,5000.00,水平線手前,利確,支持抵抗,0,101.43600
2016-06-01,2016-06-30,20260209_091820,20260209_091820-0129,2016-06-28 04:48:51.046000,2016-06-28 06:05:09.369000,売り,102.09500,101.94500,1.00,15.00,5015.00,水平線手前,利確,支持抵抗,0,102.09500
2016-06-01,2016-06-30,20260209_091820,20260209_091820-0130,2016-06-28 11:48:22.520000,2016-06-28 12:12:35.599000,売り,102.13400,102.18400,1.00,-5.00,5010.00,水平線手前,損切,支持抵抗,0,102.13400
2016-06-01,2016-06-30,20260209_091820,20260209_091820-0131,2016-06-28 11:48:27.889000,2016-06-28 12:13:09.175000,売り,102.14600,102.19600,1.00,-5.00,5005.00,水平線手前,損切,支持抵抗,0,102.14600
2016-06-01,2016-06-30,20260209_091820,20260209_091820-0132,2016-06-28 12:12:36.521000,2016-06-28 13:29:25.329000,売り,102.17600,102.02600,1.00,15.00,5020.00,水平線手前,利確,支持抵抗,0,102.17600
2016-06-01,2016-06-30,20260209_091820,20260209_091820-0133,2016-06-28 16:36:36.687000,2016-06-28 17:11:29.433000,売り,102.29500,102.34500,1.00,-5.00,5015.00,水平線手前,損切,支持抵抗,0,102.29500
2016-06-01,2016-06-30,20260209_091820,20260209_091820-0134,2016-06-28 17:11:14.343000,2016-06-28 17:49:01.020000,売り,102.31100,102.16100,1.00,15.00,5030.00,水平線手前,利確,支持抵抗,0,102.31100
2016-06-01,2016-06-30,20260209_091820,20260209_091820-0135,2016-06-28 18:50:59.936000,2016-06-28 21:42:23.449000,売り,102.38900,102.43900,1.00,-5.00,5025.00,水平線手前,損切,支持抵抗,0,102.38900
2016-06-01,2016-06-30,20260209_091820,20260209_091820-0136,2016-06-28 21:12:51.579000,2016-06-28 22:31:34.018000,売り,102.41500,102.46500,1.00,-5.00,5020.00,水平線手前,損切,支持抵抗,0,102.41500
2016-06-01,2016-06-30,20260209_091820,20260209_091820-0137,2016-06-28 21:42:34.265000,2016-06-28 22:40:04.762000,売り,102.44000,102.49000,1.00,-5.00,5015.00,水平線手前,損切,支持抵抗,0,102.44000
2016-06-01,2016-06-30,20260209_091820,20260209_091820-0138,2016-06-28 22:58:51.391000,2016-06-28 23:00:00.531000,売り,102.53000,102.58000,1.00,-5.00,5010.00,水平線手前,損切,支持抵抗,0,102.53000
2016-06-01,2016-06-30,20260209_091820,20260209_091820-0139,2016-06-28 23:32:32.164000,2016-06-29 03:50:23.972000,売り,102.76500,102.81500,1.00,-5.00,5005.00,水平線手前,損切,支持抵抗,0,102.76500
2016-06-01,2016-06-30,20260209_091820,20260209_091820-0140,2016-06-29 00:02:45.796000,2016-06-29 03:50:29.028000,売り,102.77000,102.82000,1.00,-5.00,5000.00,水平線手前,損切,支持抵抗,0,102.77000
2016-06-01,2016-06-30,20260209_091820,20260209_091820-0141,2016-06-29 03:50:29.130000,2016-06-29 04:28:03.020000,売り,102.81500,102.66500,1.00,15.00,5015.00,水平線手前,利確,支持抵抗,0,102.81500
2016-06-01,2016-06-30,20260209_091820,20260209_091820-0142,2016-06-30 04:31:17.162000,2016-06-30 04:51:27.863000,売り,102.81100,102.86100,1.00,-5.00,5010.00,水平線手前,損切,支持抵抗,0,102.81100
2016-06-01,2016-06-30,20260209_091820,20260209_091820-0143,2016-06-30 04:47:49.845000,2016-06-30 05:21:54.019000,売り,102.83600,102.88600,1.00,-5.00,5005.00,水平線手前,損切,支持抵抗,0,102.83600
2016-06-01,2016-06-30,20260209_091820,20260209_091820-0144,2016-06-30 14:13:55.464000,2016-06-30 14:21:44.322000,買い,102.64600,102.59600,1.00,-5.00,5000.00,水平線手前,損切,支持抵抗,0,102.64600
2016-06-01,2016-06-30,20260209_091820,20260209_091820-0145,2016-06-30 14:21:34.643000,2016-06-30 15:05:29.031000,買い,102.61700,102.56700,1.00,-5.00,4995.00,水平線手前,損切,支持抵抗,0,102.61700
2016-06-01,2016-06-30,20260209_091820,20260209_091820-0146,2016-06-30 15:34:10.812000,2016-06-30 15:55:52.350000,買い,102.48900,102.63900,1.00,15.00,5010.00,水平線手前,利確,支持抵抗,0,102.48900
2016-06-01,2016-06-30,20260209_091820,20260209_091820-0147,2016-06-30 16:15:30.746000,2016-06-30 16:39:33.693000,買い,102.49100,102.64100,1.00,15.00,5025.00,水平線手前,利確,支持抵抗,0,102.49100
2016-06-01,2016-06-30,20260209_091820,20260209_091820-0148,2016-06-30 18:05:38.464000,2016-06-30 19:36:25.990000,売り,102.86300,102.91300,1.00,-5.00,5020.00,水平線手前,損切,支持抵抗,0,102.86300
2016-06-01,2016-06-30,20260209_091820,20260209_091820-0149,2016-06-30 19:33:35.009000,2016-06-30 20:39:19.620000,売り,102.89200,102.74200,1.00,15.00,5035.00,水平線手前,利確,支持抵抗,0,102.89200
2016-06-01,2016-06-30,20260209_091820,20260209_091820-0150,2016-06-30 23:39:05.823000,2016-06-30 23:55:40.691000,売り,102.93800,102.78800,1.00,15.00,5050.00,水平線手前,利確,支持抵抗,0,102.93800
2016-07-01,2016-07-31,20260209_091940,20260209_091940-0001,2016-07-01 16:45:02.916000,2016-07-01 17:19:10.938000,買い,102.48200,102.63200,1.00,15.00,5065.00,水平線手前,利確,支持抵抗,0,102.48200
2016-07-01,2016-07-31,20260209_091940,20260209_091940-0002,2016-07-04 11:55:54.159000,2016-07-04 12:35:47.978000,売り,102.74300,102.79300,1.00,-5.00,5060.00,水平線手前,損切,支持抵抗,0,102.74300
2016-07-01,2016-07-31,20260209_091940,20260209_091940-0003,2016-07-04 12:03:39.984000,2016-07-04 15:20:20.933000,売り,102.77200,102.62200,1.00,15.00,5075.00,水平線手前,利確,支持抵抗,0,102.77200
2016-07-01,2016-07-31,20260209_091940,20260209_091940-0004,2016-07-05 11:31:14.396000,2016-07-05 11:32:31.849000,買い,102.07400,102.02400,1.00,-5.00,5070.00,水平線手前,損切,支持抵抗,0,102.07400
2016-07-01,2016-07-31,20260209_091940,20260209_091940-0005,2016-07-05 11:32:29.404000,2016-07-05 13:49:34.764000,買い,102.04200,101.99200,1.00,-5.00,5065.00,水平線手前,損切,支持抵抗,0,102.04200
2016-07-01,2016-07-31,20260209_091940,20260209_091940-0006,2016-07-05 13:47:48.949000,2016-07-05 15:06:17.859000,買い,102.02700,101.97700,1.00,-5.00,5060.00,水平線手前,損切,支持抵抗,0,102.02700
2016-07-01,2016-07-31,20260209_091940,20260209_091940-0007,2016-07-05 14:06:34.478000,2016-07-05 15:06:17.859000,買い,102.02600,101.97600,1.00,-5.00,5055.00,水平線手前,損切,支持抵抗,0,102.02600
2016-07-01,2016-07-31,20260209_091940,20260209_091940-0008,2016-07-05 15:06:20.760000,2016-07-05 15:37:46.774000,買い,101.89600,102.04600,1.00,15.00,5070.00,水平線手前,利確,支持抵抗,0,101.89600
2016-07-01,2016-07-31,20260209_091940,20260209_091940-0009,2016-07-05 16:37:24.852000,2016-07-05 17:29:54.862000,買い,101.74500,101.69500,1.00,-5.00,5065.00,水平線手前,損切,支持抵抗,0,101.74500
2016-07-01,2016-07-31,20260209_091940,20260209_091940-0010,2016-07-05 17:36:52.219000,2016-07-05 19:04:49.696000,買い,101.69500,101.64500,1.00,-5.00,5060.00,水平線手前,損切,支持抵抗,0,101.69500
2016-07-01,2016-07-31,20260209_091940,20260209_091940-0011,2016-07-05 19:00:09.853000,2016-07-05 21:09:40.557000,買い,101.68500,101.83500,1.00,15.00,5075.00,水平線手前,利確,支持抵抗,0,101.68500
2016-07-01,2016-07-31,20260209_091940,20260209_091940-0012,2016-07-05 21:57:57.436000,2016-07-05 22:03:21.897000,買い,101.65800,101.60800,1.00,-5.00,5070.00,水平線手前,損切,支持抵抗,0,101.65800
2016-07-01,2016-07-31,20260209_091940,20260209_091940-0013,2016-07-05 22:51:01.779000,2016-07-05 23:00:36.849000,買い,101.58200,101.53200,1.00,-5.00,5065.00,水平線手前,損切,支持抵抗,0,101.58200
2016-07-01,2016-07-31,20260209_091940,20260209_091940-0014,2016-07-05 23:10:28.018000,2016-07-05 23:40:16.713000,買い,101.48500,101.63500,1.00,15.00,5080.00,水平線手前,利確,支持抵抗,0,101.48500
2016-07-01,2016-07-31,20260209_091940,20260209_091940-0015,2016-07-06 11:02:23.623000,2016-07-06 11:05:19.178000,買い,100.83100,100.78100,1.00,-5.00,5075.00,水平線手前,損切,支持抵抗,0,100.83100
2016-07-01,2016-07-31,20260209_091940,20260209_091940-0016,2016-07-06 11:13:12.097000,2016-07-06 11:28:56.208000,買い,100.61300,100.76300,1.00,15.00,5090.00,水平線手前,利確,支持抵抗,0,100.61300
2016-07-01,2016-07-31,20260209_091940,20260209_091940-0017,2016-07-06 12:36:58.654000,2016-07-06 12:51:54.562000,売り,101.01600,100.86600,1.00,15.00,5105.00,水平線手前,利確,支持抵抗,0,101.01600
2016-07-01,2016-07-31,20260209_091940,20260209_091940-0018,2016-07-06 14:40:19.984000,2016-07-06 15:33:40.536000,売り,101.11300,101.16300,1.00,-5.00,5100.00,水平線手前,損切,支持抵抗,0,101.11300
2016-07-01,2016-07-31,20260209_091940,20260209_091940-0019,2016-07-06 15:33:49.020000,2016-07-06 15:47:46.501000,売り,101.21300,101.06300,1.00,15.00,5115.00,水平線手前,利確,支持抵抗,0,101.21300
2016-07-01,2016-07-31,20260209_091940,20260209_091940-0020,2016-07-06 17:44:13.015000,2016-07-06 17:46:41.919000,買い,100.64900,100.59900,1.00,-5.00,5110.00,水平線手前,損切,支持抵抗,0,100.64900
2016-07-01,2016-07-31,20260209_091940,20260209_091940-0021,2016-07-06 17:46:38.326000,2016-07-06 18:09:45.796000,買い,100.63600,100.58600,1.00,-5.00,5105.00,水平線手前,損切,支持抵抗,0,100.63600
2016-07-01,2016-07-31,20260209_091940,20260209_091940-0022,2016-07-06 18:09:48.337000,2016-07-06 19:13:04.015000,買い,100.43700,100.38700,1.00,-5.00,5100.00,水平線手前,損切,支持抵抗,0,100.43700
2016-07-01,2016-07-31,20260209_091940,20260209_091940-0023,2016-07-06 19:33:13.134000,2016-07-06 20:05:45.416000,買い,100.23800,100.38800,1.00,15.00,5115.00,水平線手前,利確,支持抵抗,0,100.23800
2016-07-01,2016-07-31,20260209_091940,20260209_091940-0024,2016-07-06 23:04:26.771000,2016-07-06 23:20:55.227000,売り,101.12600,100.97600,1.00,15.00,5130.00,水平線手前,利確,支持抵抗,0,101.12600
2016-07-01,2016-07-31,20260209_091940,20260209_091940-0025,2016-07-07 01:06:28.664000,2016-07-07 02:02:07.216000,売り,101.41600,101.46600,1.00,-5.00,5125.00,水平線手前,損切,支持抵抗,0,101.41600
2016-07-01,2016-07-31,20260209_091940,20260209_091940-0026,2016-07-07 02:00:25.603000,2016-07-07 02:38:18.379000,売り,101.43500,101.28500,1.00,15.00,5140.00,水平線手前,利確,支持抵抗,0,101.43500
2016-07-01,2016-07-31,20260209_091940,20260209_091940-0027,2016-07-07 11:05:21.974000,2016-07-07 11:25:36.059000,買い,100.78900,100.93900,1.00,15.00,5155.00,水平線手前,利確,支持抵抗,0,100.78900
2016-07-01,2016-07-31,20260209_091940,20260209_091940-0028,2016-07-07 11:05:40.898000,2016-07-07 11:25:36.160000,買い,100.79100,100.94100,1.00,15.00,5170.00,水平線手前,利確,支持抵抗,0,100.79100
2016-07-01,2016-07-31,20260209_091940,20260209_091940-0029,2016-07-07 14:45:12.350000,2016-07-07 15:11:23.628000,買い,100.70000,100.65000,1.00,-5.00,5165.00,水平線手前,損切,支持抵抗,0,100.70000
2016-07-01,2016-07-31,20260209_091940,20260209_091940-0030,2016-07-07 15:11:22.248000,2016-07-07 15:38:43.750000,買い,100.66300,100.81300,1.00,15.00,5180.00,水平線手前,利確,支持抵抗,0,100.66300
2016-07-01,2016-07-31,20260209_091940,20260209_091940-0031,2016-07-07 19:20:24.833000,2016-07-07 20:49:24.791000,売り,101.16400,101.01400,1.00,15.00,5195.00,水平線手前,利確,支持抵抗,0,101.16400
2016-07-01,2016-07-31,20260209_091940,20260209_091940-0032,2016-07-07 21:55:34.370000,2016-07-07 22:16:29.253000,売り,101.22300,101.07300,1.00,15.00,5210.00,水平線手前,利確,支持抵抗,0,101.22300
2016-07-01,2016-07-31,20260209_091940,20260209_091940-0033,2016-07-07 21:52:22.738000,2016-07-07 22:24:10.083000,売り,101.19900,101.04900,1.00,15.00,5225.00,水平線手前,利確,支持抵抗,0,101.19900
2016-07-01,2016-07-31,20260209_091940,20260209_091940-0034,2016-07-08 02:02:32.697000,2016-07-08 03:23:46.916000,買い,100.63500,100.78500,1.00,15.00,5240.00,水平線手前,利確,支持抵抗,0,100.63500
2016-07-01,2016-07-31,20260209_091940,20260209_091940-0035,2016-07-08 00:54:02.333000,2016-07-08 03:23:46.997000,買い,100.63800,100.78800,1.00,15.00,5255.00,水平線手前,利確,支持抵抗,0,100.63800
2016-07-01,2016-07-31,20260209_091940,20260209_091940-0036,2016-07-08 12:57:16.502000,2016-07-08 13:33:07.422000,買い,100.28000,100.43000,1.00,15.00,5270.00,水平線手前,利確,支持抵抗,0,100.28000
2016-07-01,2016-07-31,20260209_091940,20260209_091940-0037,2016-07-08 13:09:48.012000,2016-07-08 13:33:07.422000,買い,100.28000,100.43000,1.00,15.00,5285.00,水平線手前,利確,支持抵抗,0,100.28000
2016-07-01,2016-07-31,20260209_091940,20260209_091940-0038,2016-07-08 18:31:51.591000,2016-07-08 19:11:11.816000,売り,100.72500,100.57500,1.00,15.00,5300.00,水平線手前,利確,支持抵抗,0,100.72500
2016-07-01,2016-07-31,20260209_091940,20260209_091940-0039,2016-07-08 21:29:52.562000,2016-07-08 21:30:02.259000,買い,100.26000,100.41000,1.00,15.00,5315.00,水平線手前,利確,支持抵抗,0,100.26000
2016-07-01,2016-07-31,20260209_091940,20260209_091940-0040,2016-07-08 21:30:03.515000,2016-07-08 21:30:04.522000,売り,100.94600,100.99600,1.00,-5.00,5310.00,水平線手前,損切,支持抵抗,0,100.94600
2016-07-01,2016-07-31,20260209_091940,20260209_091940-0041,2016-07-08 21:30:12.313000,2016-07-08 21:31:07.964000,売り,101.25400,101.10400,1.00,15.00,5325.00,水平線手前,利確,支持抵抗,0,101.25400
2016-07-01,2016-07-31,20260209_091940,20260209_091940-0042,2016-07-08 22:15:15.180000,2016-07-08 22:16:02.293000,買い,100.02700,100.17700,1.00,15.00,5340.00,水平線手前,利確,支持抵抗,0,100.02700
2016-07-01,2016-07-31,20260209_091940,20260209_091940-0043,2016-07-11 13:07:33.776000,2016-07-11 13:14:44.023000,売り,100.85500,100.90500,1.00,-5.00,5335.00,水平線手前,損切,支持抵抗,0,100.85500
2016-07-01,2016-07-31,20260209_091940,20260209_091940-0044,2016-07-11 13:54:08.146000,2016-07-11 14:01:31.241000,売り,101.22300,101.27300,1.00,-5.00,5330.00,水平線手前,損切,支持抵抗,0,101.22300
2016-07-01,2016-07-31,20260209_091940,20260209_091940-0045,2016-07-11 13:58:19.149000,2016-07-11 14:01:34.074000,売り,101.24800,101.29800,1.00,-5.00,5325.00,水平線手前,損切,支持抵抗,0,101.24800
2016-07-01,2016-07-31,20260209_091940,20260209_091940-0046,2016-07-11 14:28:47.121000,2016-07-11 15:01:03.799000,売り,101.50600,101.55600,1.00,-5.00,5320.00,水平線手前,損切,支持抵抗,0,101.50600
2016-07-01,2016-07-31,20260209_091940,20260209_091940-0047,2016-07-11 15:07:15.996000,2016-07-11 15:07:49.873000,売り,101.74200,101.79200,1.00,-5.00,5315.00,水平線手前,損切,支持抵抗,0,101.74200
2016-07-01,2016-07-31,20260209_091940,20260209_091940-0048,2016-07-11 15:35:29.122000,2016-07-11 16:06:22.170000,売り,101.92200,101.97200,1.00,-5.00,5310.00,水平線手前,損切,支持抵抗,0,101.92200
2016-07-01,2016-07-31,20260209_091940,20260209_091940-0049,2016-07-11 16:34:08.117000,2016-07-11 16:47:19.720000,売り,102.11300,101.96300,1.00,15.00,5325.00,水平線手前,利確,支持抵抗,0,102.11300
2016-07-01,2016-07-31,20260209_091940,20260209_091940-0050,2016-07-11 17:51:51.110000,2016-07-11 18:40:36.174000,売り,102.18600,102.23600,1.00,-5.00,5320.00,水平線手前,損切,支持抵抗,0,102.18600
2016-07-01,2016-07-31,20260209_091940,20260209_091940-0051,2016-07-11 18:35:48.468000,2016-07-11 19:00:27.772000,売り,102.20100,102.25100,1.00,-5.00,5315.00,水平線手前,損切,支持抵抗,0,102.20100
2016-07-01,2016-07-31,20260209_091940,20260209_091940-0052,2016-07-11 19:42:50.919000,2016-07-11 20:01:34.297000,売り,102.36600,102.41600,1.00,-5.00,5310.00,水平線手前,損切,支持抵抗,0,102.36600
2016-07-01,2016-07-31,20260209_091940,20260209_091940-0053,2016-07-11 20:09:45.304000,2016-07-11 20:46:23.618000,売り,102.44900,102.29900,1.00,15.00,5325.00,水平線手前,利確,支持抵抗,0,102.44900
2016-07-01,2016-07-31,20260209_091940,20260209_091940-0054,2016-07-11 21:37:59.614000,2016-07-11 21:55:46.551000,売り,102.55500,102.60500,1.00,-5.00,5320.00,水平線手前,損切,支持抵抗,0,102.55500
2016-07-01,2016-07-31,20260209_091940,20260209_091940-0055,2016-07-11 21:56:46.567000,2016-07-11 22:29:00.353000,売り,102.63200,102.48200,1.00,15.00,5335.00,水平線手前,利確,支持抵抗,0,102.63200
2016-07-01,2016-07-31,20260209_091940,20260209_091940-0056,2016-07-11 23:38:50.404000,2016-07-12 01:11:17.125000,売り,102.66900,102.71900,1.00,-5.00,5330.00,水平線手前,損切,支持抵抗,0,102.66900
2016-07-01,2016-07-31,20260209_091940,20260209_091940-0057,2016-07-12 00:06:39.242000,2016-07-12 01:11:22.256000,売り,102.67800,102.72800,1.00,-5.00,5325.00,水平線手前,損切,支持抵抗,0,102.67800
2016-07-01,2016-07-31,20260209_091940,20260209_091940-0058,2016-07-12 01:36:39.597000,2016-07-12 02:01:34.480000,売り,102.77200,102.82200,1.00,-5.00,5320.00,水平線手前,損切,支持抵抗,0,102.77200
2016-07-01,2016-07-31,20260209_091940,20260209_091940-0059,2016-07-12 01:38:19.980000,2016-07-12 02:01:42.658000,売り,102.78100,102.83100,1.00,-5.00,5315.00,水平線手前,損切,支持抵抗,0,102.78100
2016-07-01,2016-07-31,20260209_091940,20260209_091940-0060,2016-07-12 02:16:22.696000,2016-07-12 05:00:41.992000,売り,102.85200,102.90200,1.00,-5.00,5310.00,水平線手前,損切,支持抵抗,0,102.85200
2016-07-01,2016-07-31,20260209_091940,20260209_091940-0061,2016-07-12 15:13:40.152000,2016-07-12 15:15:48.689000,売り,103.25600,103.30600,1.00,-5.00,5305.00,水平線手前,損切,支持抵抗,0,103.25600
2016-07-01,2016-07-31,20260209_091940,20260209_091940-0062,2016-07-12 15:39:26.297000,2016-07-12 15:39:29.397000,売り,103.36600,103.41600,1.00,-5.00,5300.00,水平線手前,損切,支持抵抗,0,103.36600
2016-07-01,2016-07-31,20260209_091940,20260209_091940-0063,2016-07-12 15:41:33.630000,2016-07-12 15:48:57.360000,売り,103.48100,103.33100,1.00,15.00,5315.00,水平線手前,利確,支持抵抗,0,103.48100
2016-07-01,2016-07-31,20260209_091940,20260209_091940-0064,2016-07-12 16:25:15.645000,2016-07-12 16:33:56.466000,売り,103.60800,103.45800,1.00,15.00,5330.00,水平線手前,利確,支持抵抗,0,103.60800
2016-07-01,2016-07-31,20260209_091940,20260209_091940-0065,2016-07-12 18:58:53.308000,2016-07-12 19:00:18.104000,売り,103.85300,103.90300,1.00,-5.00,5325.00,水平線手前,損切,支持抵抗,0,103.85300
2016-07-01,2016-07-31,20260209_091940,20260209_091940-0066,2016-07-12 19:00:18.104000,2016-07-12 19:07:41.014000,売り,103.89400,103.74400,1.00,15.00,5340.00,水平線手前,利確,支持抵抗,0,103.89400
2016-07-01,2016-07-31,20260209_091940,20260209_091940-0067,2016-07-12 20:46:21.348000,2016-07-12 21:04:06.332000,売り,103.92100,103.97100,1.00,-5.00,5335.00,水平線手前,損切,支持抵抗,0,103.92100
2016-07-01,2016-07-31,20260209_091940,20260209_091940-0068,2016-07-12 21:59:42.354000,2016-07-12 22:05:18.714000,売り,104.20700,104.25700,1.00,-5.00,5330.00,水平線手前,損切,支持抵抗,0,104.20700
2016-07-01,2016-07-31,20260209_091940,20260209_091940-0069,2016-07-12 22:41:18.312000,2016-07-12 22:54:37.363000,売り,104.63000,104.48000,1.00,15.00,5345.00,水平線手前,利確,支持抵抗,0,104.63000
2016-07-01,2016-07-31,20260209_091940,20260209_091940-0070,2016-07-12 23:02:10.452000,2016-07-12 23:11:25.702000,売り,104.63600,104.48600,1.00,15.00,5360.00,水平線手前,利確,支持抵抗,0,104.63600
2016-07-01,2016-07-31,20260209_091940,20260209_091940-0071,2016-07-13 00:44:27.516000,2016-07-13 01:09:25.928000,売り,104.77200,104.82200,1.00,-5.00,5355.00,水平線手前,損切,支持抵抗,0,104.77200
2016-07-01,2016-07-31,20260209_091940,20260209_091940-0072,2016-07-13 01:32:32.686000,2016-07-13 02:01:50.530000,売り,104.91700,104.96700,1.00,-5.00,5350.00,水平線手前,損切,支持抵抗,0,104.91700
2016-07-01,2016-07-31,20260209_091940,20260209_091940-0073,2016-07-13 02:01:50.335000,2016-07-13 03:57:45.478000,売り,104.95600,104.80600,1.00,15.00,5365.00,水平線手前,利確,支持抵抗,0,104.95600
2016-07-01,2016-07-31,20260209_091940,20260209_091940-0074,2016-07-13 11:00:54.449000,2016-07-13 11:06:04.575000,買い,104.29600,104.24600,1.00,-5.00,5360.00,水平線手前,損切,支持抵抗,0,104.29600
2016-07-01,2016-07-31,20260209_091940,20260209_091940-0075,2016-07-13 11:34:26.594000,2016-07-13 11:41:23.869000,買い,103.98200,104.13200,1.00,15.00,5375.00,水平線手前,利確,支持抵抗,0,103.98200
2016-07-01,2016-07-31,20260209_091940,20260209_091940-0076,2016-07-13 19:59:15.696000,2016-07-13 20:01:06.453000,売り,104.79200,104.84200,1.00,-5.00,5370.00,水平線手前,損切,支持抵抗,0,104.79200
2016-07-01,2016-07-31,20260209_091940,20260209_091940-0077,2016-07-13 20:01:06.453000,2016-07-13 20:27:45.319000,売り,104.83200,104.68200,1.00,15.00,5385.00,水平線手前,利確,支持抵抗,0,104.83200
2016-07-01,2016-07-31,20260209_091940,20260209_091940-0078,2016-07-13 22:50:05.763000,2016-07-13 23:01:09.341000,買い,104.20500,104.35500,1.00,15.00,5400.00,水平線手前,利確,支持抵抗,0,104.20500
2016-07-01,2016-07-31,20260209_091940,20260209_091940-0079,2016-07-13 23:58:11.432000,2016-07-14 00:03:22.948000,買い,104.19200,104.34200,1.00,15.00,5415.00,水平線手前,利確,支持抵抗,0,104.19200
2016-07-01,2016-07-31,20260209_091940,20260209_091940-0080,2016-07-14 00:52:50.425000,2016-07-14 00:56:01.363000,買い,103.94200,104.09200,1.00,15.00,5430.00,水平線手前,利確,支持抵抗,0,103.94200
2016-07-01,2016-07-31,20260209_091940,20260209_091940-0081,2016-07-14 11:41:39.884000,2016-07-14 11:41:46.341000,売り,104.52300,104.57300,1.00,-5.00,5425.00,水平線手前,損切,支持抵抗,0,104.52300
2016-07-01,2016-07-31,20260209_091940,20260209_091940-0082,2016-07-14 11:46:54.260000,2016-07-14 11:55:35.306000,売り,104.61600,104.66600,1.00,-5.00,5420.00,水平線手前,損切,支持抵抗,0,104.61600
2016-07-01,2016-07-31,20260209_091940,20260209_091940-0083,2016-07-14 11:55:25.664000,2016-07-14 12:03:43.225000,売り,104.64400,104.69400,1.00,-5.00,5415.00,水平線手前,損切,支持抵抗,0,104.64400
2016-07-01,2016-07-31,20260209_091940,20260209_091940-0084,2016-07-14 12:08:49.153000,2016-07-14 13:08:39.990000,売り,104.75900,104.60900,1.00,15.00,5430.00,水平線手前,利確,支持抵抗,0,104.75900
2016-07-01,2016-07-31,20260209_091940,20260209_091940-0085,2016-07-14 14:47:07.122000,2016-07-14 14:50:16.319000,売り,104.95600,105.00600,1.00,-5.00,5425.00,水平線手前,損切,支持抵抗,0,104.95600
2016-07-01,2016-07-31,20260209_091940,20260209_091940-0086,2016-07-14 14:57:25.859000,2016-07-14 15:03:42.773000,売り,105.36900,105.21900,1.00,15.00,5440.00,水平線手前,利確,支持抵抗,0,105.36900
2016-07-01,2016-07-31,20260209_091940,20260209_091940-0087,2016-07-14 15:27:21.449000,2016-07-14 15:33:44.500000,売り,105.71600,105.56600,1.00,15.00,5455.00,水平線手前,利確,支持抵抗,0,105.71600
2016-07-01,2016-07-31,20260209_091940,20260209_091940-0088,2016-07-14 18:56:06.202000,2016-07-14 19:03:03.878000,売り,105.89000,105.94000,1.00,-5.00,5450.00,水平線手前,損切,支持抵抗,0,105.89000
2016-07-01,2016-07-31,20260209_091940,20260209_091940-0089,2016-07-14 19:00:12.147000,2016-07-14 19:20:33.025000,売り,105.90700,105.75700,1.00,15.00,5465.00,水平線手前,利確,支持抵抗,0,105.90700
2016-07-01,2016-07-31,20260209_091940,20260209_091940-0090,2016-07-15 11:00:09.952000,2016-07-15 11:00:37.080000,売り,105.86500,105.91500,1.00,-5.00,5460.00,水平線手前,損切,支持抵抗,0,105.86500
2016-07-01,2016-07-31,20260209_091940,20260209_091940-0091,2016-07-15 11:44:47.579000,2016-07-15 12:07:23.438000,売り,106.29600,106.14600,1.00,15.00,5475.00,水平線手前,利確,支持抵抗,0,106.29600
2016-07-01,2016-07-31,20260209_091940,20260209_091940-0092,2016-07-15 17:10:15.181000,2016-07-15 18:19:16.418000,売り,105.98900,106.03900,1.00,-5.00,5470.00,水平線手前,損切,支持抵抗,0,105.98900
2016-07-01,2016-07-31,20260209_091940,20260209_091940-0093,2016-07-15 18:30:12.041000,2016-07-15 18:52:36.889000,売り,106.11900,105.96900,1.00,15.00,5485.00,水平線手前,利確,支持抵抗,0,106.11900
2016-07-01,2016-07-31,20260209_091940,20260209_091940-0094,2016-07-15 19:34:58.220000,2016-07-15 19:57:12.070000,買い,105.60200,105.75200,1.00,15.00,5500.00,水平線手前,利確,支持抵抗,0,105.60200
2016-07-01,2016-07-31,20260209_091940,20260209_091940-0095,2016-07-15 21:31:22.859000,2016-07-15 21:36:04.778000,売り,106.09100,105.94100,1.00,15.00,5515.00,水平線手前,利確,支持抵抗,0,106.09100
2016-07-01,2016-07-31,20260209_091940,20260209_091940-0096,2016-07-16 01:38:07.238000,2016-07-16 01:59:34.497000,買い,105.24800,105.39800,1.00,15.00,5530.00,水平線手前,利確,支持抵抗,0,105.24800
2016-07-01,2016-07-31,20260209_091940,20260209_091940-0097,2016-07-16 04:30:40.019000,2016-07-16 04:43:24.757000,売り,105.66300,105.51300,1.00,15.00,5545.00,水平線手前,利確,支持抵抗,0,105.66300
2016-07-01,2016-07-31,20260209_091940,20260209_091940-0098,2016-07-18 22:42:18.052000,2016-07-18 22:42:52.667000,買い,105.35600,105.30600,1.00,-5.00,5540.00,水平線手前,損切,支持抵抗,0,105.35600
2016-07-01,2016-07-31,20260209_091940,20260209_091940-0099,2016-07-18 22:42:53.589000,2016-07-18 22:55:58.383000,買い,105.31000,105.46000,1.00,15.00,5555.00,水平線手前,利確,支持抵抗,0,105.31000
2016-07-01,2016-07-31,20260209_091940,20260209_091940-0100,2016-07-19 00:08:23.132000,2016-07-19 00:08:50.033000,売り,105.98500,106.03500,1.00,-5.00,5550.00,水平線手前,損切,支持抵抗,0,105.98500
2016-07-01,2016-07-31,20260209_091940,20260209_091940-0101,2016-07-19 00:23:33.616000,2016-07-19 00:45:53.866000,売り,106.16900,106.01900,1.00,15.00,5565.00,水平線手前,利確,支持抵抗,0,106.16900
2016-07-01,2016-07-31,20260209_091940,20260209_091940-0102,2016-07-19 02:01:22.317000,2016-07-19 02:27:41.218000,売り,106.23400,106.08400,1.00,15.00,5580.00,水平線手前,利確,支持抵抗,0,106.23400
2016-07-01,2016-07-31,20260209_091940,20260209_091940-0103,2016-07-19 11:00:13.503000,2016-07-19 11:38:25.024000,買い,105.72000,105.87000,1.00,15.00,5595.00,水平線手前,利確,支持抵抗,0,105.72000
2016-07-01,2016-07-31,20260209_091940,20260209_091940-0104,2016-07-19 13:29:32.548000,2016-07-19 14:06:25.140000,買い,105.68000,105.83000,1.00,15.00,5610.00,水平線手前,利確,支持抵抗,0,105.68000
2016-07-01,2016-07-31,20260209_091940,20260209_091940-0105,2016-07-19 16:22:55.912000,2016-07-19 16:33:45.311000,売り,106.14700,105.99700,1.00,15.00,5625.00,水平線手前,利確,支持抵抗,0,106.14700
2016-07-01,2016-07-31,20260209_091940,20260209_091940-0106,2016-07-19 18:55:43.365000,2016-07-19 20:30:46.857000,売り,106.19800,106.24800,1.00,-5.00,5620.00,水平線手前,損切,支持抵抗,0,106.19800
2016-07-01,2016-07-31,20260209_091940,20260209_091940-0107,2016-07-19 20:30:46.697000,2016-07-19 21:09:40.232000,売り,106.23500,106.28500,1.00,-5.00,5615.00,水平線手前,損切,支持抵抗,0,106.23500
2016-07-01,2016-07-31,20260209_091940,20260209_091940-0108,2016-07-19 21:09:44.943000,2016-07-19 21:30:09.618000,売り,106.30100,106.35100,1.00,-5.00,5610.00,水平線手前,損切,支持抵抗,0,106.30100
2016-07-01,2016-07-31,20260209_091940,20260209_091940-0109,2016-07-19 21:41:19.936000,2016-07-19 22:33:39.048000,売り,106.50300,106.35300,1.00,15.00,5625.00,水平線手前,利確,支持抵抗,0,106.50300
2016-07-01,2016-07-31,20260209_091940,20260209_091940-0110,2016-07-20 03:23:54.803000,2016-07-20 03:55:20.064000,買い,105.91800,106.06800,1.00,15.00,5640.00,水平線手前,利確,支持抵抗,0,105.91800
2016-07-01,2016-07-31,20260209_091940,20260209_091940-0111,2016-07-20 03:23:47.838000,2016-07-20 04:00:46.894000,買い,105.92700,106.07700,1.00,15.00,5655.00,水平線手前,利確,支持抵抗,0,105.92700
2016-07-01,2016-07-31,20260209_091940,20260209_091940-0112,2016-07-20 15:11:29.822000,2016-07-20 15:15:05.633000,売り,106.23000,106.28000,1.00,-5.00,5650.00,水平線手前,損切,支持抵抗,0,106.23000
2016-07-01,2016-07-31,20260209_091940,20260209_091940-0113,2016-07-20 15:15:05.841000,2016-07-20 16:14:33.104000,売り,106.27500,106.12500,1.00,15.00,5665.00,水平線手前,利確,支持抵抗,0,106.27500
2016-07-01,2016-07-31,20260209_091940,20260209_091940-0114,2016-07-20 16:50:32.431000,2016-07-20 17:13:05.392000,売り,106.36300,106.41300,1.00,-5.00,5660.00,水平線手前,損切,支持抵抗,0,106.36300
2016-07-01,2016-07-31,20260209_091940,20260209_091940-0115,2016-07-20 17:15:08.773000,2016-07-20 18:05:10.248000,売り,106.44800,106.49800,1.00,-5.00,5655.00,水平線手前,損切,支持抵抗,0,106.44800
2016-07-01,2016-07-31,20260209_091940,20260209_091940-0116,2016-07-20 18:48:52.639000,2016-07-20 19:40:50.709000,売り,106.68900,106.53900,1.00,15.00,5670.00,水平線手前,利確,支持抵抗,0,106.68900
2016-07-01,2016-07-31,20260209_091940,20260209_091940-0117,2016-07-20 23:59:03.090000,2016-07-21 00:00:59.101000,売り,106.70700,106.75700,1.00,-5.00,5665.00,水平線手前,損切,支持抵抗,0,106.70700
2016-07-01,2016-07-31,20260209_091940,20260209_091940-0118,2016-07-21 00:09:41.977000,2016-07-21 00:44:30.927000,売り,106.78500,106.63500,1.00,15.00,5680.00,水平線手前,利確,支持抵抗,0,106.78500
2016-07-01,2016-07-31,20260209_091940,20260209_091940-0119,2016-07-21 02:45:26.971000,2016-07-21 04:07:03.949000,売り,106.89700,106.94700,1.00,-5.00,5675.00,水平線手前,損切,支持抵抗,0,106.89700
2016-07-01,2016-07-31,20260209_091940,20260209_091940-0120,2016-07-21 04:37:47.586000,2016-07-21 05:17:32.143000,売り,106.99000,106.84000,1.00,15.00,5690.00,水平線手前,利確,支持抵抗,0,106.99000
2016-07-01,2016-07-31,20260209_091940,20260209_091940-0121,2016-07-21 14:15:40.121000,2016-07-21 14:31:13.633000,買い,106.90700,107.05700,1.00,15.00,5705.00,水平線手前,利確,支持抵抗,0,106.90700
2016-07-01,2016-07-31,20260209_091940,20260209_091940-0122,2016-07-21 16:43:13.937000,2016-07-21 17:28:31.826000,買い,106.78800,106.73800,1.00,-5.00,5700.00,水平線手前,損切,支持抵抗,0,106.78800
2016-07-01,2016-07-31,20260209_091940,20260209_091940-0123,2016-07-21 17:35:57.710000,2016-07-21 17:36:51.984000,買い,105.95000,105.90000,1.00,-5.00,5695.00,水平線手前,損切,支持抵抗,0,105.95000
2016-07-01,2016-07-31,20260209_091940,20260209_091940-0124,2016-07-21 17:47:14.692000,2016-07-21 17:51:31.587000,買い,105.86800,106.01800,1.00,15.00,5710.00,水平線手前,利確,支持抵抗,0,105.86800
2016-07-01,2016-07-31,20260209_091940,20260209_091940-0125,2016-07-21 17:47:14.485000,2016-07-21 17:51:34.310000,買い,105.87700,106.02700,1.00,15.00,5725.00,水平線手前,利確,支持抵抗,0,105.87700
2016-07-01,2016-07-31,20260209_091940,20260209_091940-0126,2016-07-21 18:35:45.275000,2016-07-21 18:44:31.648000,買い,105.45700,105.60700,1.00,15.00,5740.00,水平線手前,利確,支持抵抗,0,105.45700
2016-07-01,2016-07-31,20260209_091940,20260209_091940-0127,2016-07-22 01:31:37.189000,2016-07-22 02:04:14.718000,買い,105.73800,105.88800,1.00,15.00,5755.00,水平線手前,利確,支持抵抗,0,105.73800
2016-07-01,2016-07-31,20260209_091940,20260209_091940-0128,2016-07-22 04:23:09.641000,2016-07-22 05:50:43.439000,買い,105.69400,105.84400,1.00,15.00,5770.00,水平線手前,利確,支持抵抗,0,105.69400
2016-07-01,2016-07-31,20260209_091940,20260209_091940-0129,2016-07-22 14:07:13.927000,2016-07-22 14:49:43.428000,買い,105.67600,105.82600,1.00,15.00,5785.00,水平線手前,利確,支持抵抗,0,105.67600
2016-07-01,2016-07-31,20260209_091940,20260209_091940-0130,2016-07-22 18:10:34.656000,2016-07-22 18:10:42.974000,売り,106.23000,106.28000,1.00,-5.00,5780.00,水平線手前,損切,支持抵抗,0,106.23000
2016-07-01,2016-07-31,20260209_091940,20260209_091940-0131,2016-07-22 18:10:42.147000,2016-07-22 18:45:02.918000,売り,106.25600,106.10600,1.00,15.00,5795.00,水平線手前,利確,支持抵抗,0,106.25600
2016-07-01,2016-07-31,20260209_091940,20260209_091940-0132,2016-07-23 00:02:21.506000,2016-07-23 00:38:40.033000,売り,106.37100,106.22100,1.00,15.00,5810.00,水平線手前,利確,支持抵抗,0,106.37100
2016-07-01,2016-07-31,20260209_091940,20260209_091940-0133,2016-07-25 15:12:25.023000,2016-07-25 15:23:20.026000,買い,106.07200,106.02200,1.00,-5.00,5805.00,水平線手前,損切,支持抵抗,0,106.07200
2016-07-01,2016-07-31,20260209_091940,20260209_091940-0134,2016-07-25 15:23:17.639000,2016-07-25 16:00:28.607000,買い,106.05100,106.20100,1.00,15.00,5820.00,水平線手前,利確,支持抵抗,0,106.05100
2016-07-01,2016-07-31,20260209_091940,20260209_091940-0135,2016-07-25 23:29:41.195000,2016-07-25 23:52:46.142000,買い,105.94400,106.09400,1.00,15.00,5835.00,水平線手前,利確,支持抵抗,0,105.94400
2016-07-01,2016-07-31,20260209_091940,20260209_091940-0136,2016-07-26 01:31:41.381000,2016-07-26 02:01:36.579000,買い,105.88100,105.83100,1.00,-5.00,5830.00,水平線手前,損切,支持抵抗,0,105.88100
2016-07-01,2016-07-31,20260209_091940,20260209_091940-0137,2016-07-26 02:00:26.916000,2016-07-26 02:18:29.916000,買い,105.85400,106.00400,1.00,15.00,5845.00,水平線手前,利確,支持抵抗,0,105.85400
2016-07-01,2016-07-31,20260209_091940,20260209_091940-0138,2016-07-26 03:16:28.138000,2016-07-26 08:01:38.751000,買い,105.78000,105.73000,1.00,-5.00,5840.00,水平線手前,損切,支持抵抗,0,105.78000
2016-07-01,2016-07-31,20260209_091940,20260209_091940-0139,2016-07-26 11:01:05.846000,2016-07-26 11:01:11.955000,買い,104.79900,104.74900,1.00,-5.00,5835.00,水平線手前,損切,支持抵抗,0,104.79900
2016-07-01,2016-07-31,20260209_091940,20260209_091940-0140,2016-07-26 11:05:30.072000,2016-07-26 11:49:08.003000,買い,104.66500,104.81500,1.00,15.00,5850.00,水平線手前,利確,支持抵抗,0,104.66500
2016-07-01,2016-07-31,20260209_091940,20260209_091940-0141,2016-07-26 11:05:05.501000,2016-07-26 11:49:43.478000,買い,104.66900,104.81900,1.00,15.00,5865.00,水平線手前,利確,支持抵抗,0,104.66900
2016-07-01,2016-07-31,20260209_091940,20260209_091940-0142,2016-07-26 13:27:42.532000,2016-07-26 13:28:13.913000,買い,104.66500,104.61500,1.00,-5.00,5860.00,水平線手前,損切,支持抵抗,0,104.66500
2016-07-01,2016-07-31,20260209_091940,20260209_091940-0143,2016-07-26 13:29:38.947000,2016-07-26 14:33:05.769000,買い,104.31000,104.46000,1.00,15.00,5875.00,水平線手前,利確,支持抵抗,0,104.31000
2016-07-01,2016-07-31,20260209_091940,20260209_091940-0144,2016-07-26 15:23:59.191000,2016-07-26 16:00:56.984000,買い,104.26900,104.21900,1.00,-5.00,5870.00,水平線手前,損切,支持抵抗,0,104.26900
2016-07-01,2016-07-31,20260209_091940,20260209_091940-0145,2016-07-26 16:50:51.093000,2016-07-26 16:54:57.913000,買い,104.10100,104.05100,1.00,-5.00,5865.00,水平線手前,損切,支持抵抗,0,104.10100
2016-07-01,2016-07-31,20260209_091940,20260209_091940-0146,2016-07-26 16:57:01.788000,2016-07-26 17:17:20.309000,買い,104.03300,104.18300,1.00,15.00,5880.00,水平線手前,利確,支持抵抗,0,104.03300
2016-07-01,2016-07-31,20260209_091940,20260209_091940-0147,2016-07-26 23:48:58.359000,2016-07-26 23:55:29.489000,売り,104.78300,104.63300,1.00,15.00,5895.00,水平線手前,利確,支持抵抗,0,104.78300
2016-07-01,2016-07-31,20260209_091940,20260209_091940-0148,2016-07-27 00:51:41.591000,2016-07-27 01:06:17.713000,売り,104.80000,104.85000,1.00,-5.00,5890.00,水平線手前,損切,支持抵抗,0,104.80000
2016-07-01,2016-07-31,20260209_091940,20260209_091940-0149,2016-07-27 01:06:59.266000,2016-07-27 02:09:23.989000,売り,104.87600,104.92600,1.00,-5.00,5885.00,水平線手前,損切,支持抵抗,0,104.87600
2016-07-01,2016-07-31,20260209_091940,20260209_091940-0150,2016-07-27 01:07:09.955000,2016-07-27 02:09:30.662000,売り,104.90300,104.95300,1.00,-5.00,5880.00,水平線手前,損切,支持抵抗,0,104.90300
2016-07-01,2016-07-31,20260209_091940,20260209_091940-0151,2016-07-27 02:09:30.764000,2016-07-27 02:21:31.477000,売り,104.95200,104.80200,1.00,15.00,5895.00,水平線手前,利確,支持抵抗,0,104.95200
2016-07-01,2016-07-31,20260209_091940,20260209_091940-0152,2016-07-27 11:07:59.908000,2016-07-27 11:44:23.144000,売り,105.20100,105.25100,1.00,-5.00,5890.00,水平線手前,損切,支持抵抗,0,105.20100
2016-07-01,2016-07-31,20260209_091940,20260209_091940-0153,2016-07-27 11:59:48.713000,2016-07-27 12:00:03.987000,売り,105.53500,105.58500,1.00,-5.00,5885.00,水平線手前,損切,支持抵抗,0,105.53500
2016-07-01,2016-07-31,20260209_091940,20260209_091940-0154,2016-07-27 12:26:46.554000,2016-07-27 12:26:47.250000,売り,106.39100,106.44100,1.00,-5.00,5880.00,水平線手前,損切,支持抵抗,0,106.39100
2016-07-01,2016-07-31,20260209_091940,20260209_091940-0155,2016-07-27 12:28:59.353000,2016-07-27 12:30:51.432000,売り,106.51500,106.36500,1.00,15.00,5895.00,水平線手前,利確,支持抵抗,0,106.51500
2016-07-01,2016-07-31,20260209_091940,20260209_091940-0156,2016-07-27 13:56:05.266000,2016-07-27 14:00:42.626000,買い,105.14100,105.29100,1.00,15.00,5910.00,水平線手前,利確,支持抵抗,0,105.14100
2016-07-01,2016-07-31,20260209_091940,20260209_091940-0157,2016-07-27 14:05:15.044000,2016-07-27 14:05:30.157000,売り,106.11600,105.96600,1.00,15.00,5925.00,水平線手前,利確,支持抵抗,0,106.11600
2016-07-01,2016-07-31,20260209_091940,20260209_091940-0158,2016-07-27 23:11:59.430000,2016-07-27 23:14:31.372000,売り,105.83800,105.88800,1.00,-5.00,5920.00,水平線手前,損切,支持抵抗,0,105.83800
2016-07-01,2016-07-31,20260209_091940,20260209_091940-0159,2016-07-27 23:12:36.850000,2016-07-27 23:27:49.535000,売り,105.85300,105.70300,1.00,15.00,5935.00,水平線手前,利確,支持抵抗,0,105.85300
2016-07-01,2016-07-31,20260209_091940,20260209_091940-0160,2016-07-28 03:01:22.500000,2016-07-28 03:02:24.114000,売り,106.01300,105.86300,1.00,15.00,5950.00,水平線手前,利確,支持抵抗,0,106.01300
2016-07-01,2016-07-31,20260209_091940,20260209_091940-0161,2016-07-28 03:59:58.497000,2016-07-28 04:42:39.749000,買い,105.37000,105.32000,1.00,-5.00,5945.00,水平線手前,損切,支持抵抗,0,105.37000
2016-07-01,2016-07-31,20260209_091940,20260209_091940-0162,2016-07-28 04:58:32.073000,2016-07-28 05:15:00.907000,買い,105.25200,105.20200,1.00,-5.00,5940.00,水平線手前,損切,支持抵抗,0,105.25200
2016-07-01,2016-07-31,20260209_091940,20260209_091940-0163,2016-07-28 13:40:11.293000,2016-07-28 13:40:13.813000,買い,104.67900,104.62900,1.00,-5.00,5935.00,水平線手前,損切,支持抵抗,0,104.67900
2016-07-01,2016-07-31,20260209_091940,20260209_091940-0164,2016-07-28 13:40:12.195000,2016-07-28 14:14:00.992000,買い,104.65800,104.80800,1.00,15.00,5950.00,水平線手前,利確,支持抵抗,0,104.65800
2016-07-01,2016-07-31,20260209_091940,20260209_091940-0165,2016-07-28 15:10:12.842000,2016-07-28 15:10:13.965000,買い,104.58500,104.53500,1.00,-5.00,5945.00,水平線手前,損切,支持抵抗,0,104.58500
2016-07-01,2016-07-31,20260209_091940,20260209_091940-0166,2016-07-28 15:10:14.120000,2016-07-28 15:11:34.145000,買い,104.50400,104.65400,1.00,15.00,5960.00,水平線手前,利確,支持抵抗,0,104.50400
2016-07-01,2016-07-31,20260209_091940,20260209_091940-0167,2016-07-29 02:48:51.054000,2016-07-29 02:49:49.490000,売り,105.03400,105.08400,1.00,-5.00,5955.00,水平線手前,損切,支持抵抗,0,105.03400
2016-07-01,2016-07-31,20260209_091940,20260209_091940-0168,2016-07-29 02:56:46.963000,2016-07-29 03:01:18.383000,売り,105.23100,105.28100,1.00,-5.00,5950.00,水平線手前,損切,支持抵抗,0,105.23100
2016-07-01,2016-07-31,20260209_091940,20260209_091940-0169,2016-07-29 03:01:14.661000,2016-07-29 03:07:32.833000,売り,105.26800,105.31800,1.00,-5.00,5945.00,水平線手前,損切,支持抵抗,0,105.26800
2016-07-01,2016-07-31,20260209_091940,20260209_091940-0170,2016-07-29 03:39:23.788000,2016-07-29 05:00:11.630000,売り,105.47200,105.32200,1.00,15.00,5960.00,水平線手前,利確,支持抵抗,0,105.47200
2016-07-01,2016-07-31,20260209_091940,20260209_091940-0171,2016-07-29 12:44:10.994000,2016-07-29 12:44:13.077000,売り,105.59000,105.44000,1.00,15.00,5975.00,水平線手前,利確,支持抵抗,0,105.59000
2016-07-01,2016-07-31,20260209_091940,20260209_091940-0172,2016-07-29 12:44:31.034000,2016-07-29 12:44:31.927000,買い,103.37200,103.32200,1.00,-5.00,5970.00,水平線手前,損切,支持抵抗,0,103.37200
2016-07-01,2016-07-31,20260209_091940,20260209_091940-0173,2016-07-29 12:44:44.211000,2016-07-29 12:44:48.143000,買い,102.85500,103.00500,1.00,15.00,5985.00,水平線手前,利確,支持抵抗,0,102.85500
2016-07-01,2016-07-31,20260209_091940,20260209_091940-0174,2016-07-29 12:51:16.774000,2016-07-29 12:51:40.548000,買い,102.74000,102.89000,1.00,15.00,6000.00,水平線手前,利確,支持抵抗,0,102.74000
2016-07-01,2016-07-31,20260209_091940,20260209_091940-0175,2016-07-29 15:37:43.700000,2016-07-29 15:38:57.074000,買い,103.17400,103.32400,1.00,15.00,6015.00,水平線手前,利確,支持抵抗,0,103.17400
2016-07-01,2016-07-31,20260209_091940,20260209_091940-0176,2016-07-29 16:50:37.887000,2016-07-29 17:11:53.412000,売り,103.71200,103.76200,1.00,-5.00,6010.00,水平線手前,損切,支持抵抗,0,103.71200
2016-07-01,2016-07-31,20260209_091940,20260209_091940-0177,2016-07-29 17:11:54.494000,2016-07-29 17:12:03.064000,売り,103.79300,103.84300,1.00,-5.00,6005.00,水平線手前,損切,支持抵抗,0,103.79300
2016-07-01,2016-07-31,20260209_091940,20260209_091940-0178,2016-07-29 17:16:00.267000,2016-07-29 17:35:32.545000,売り,103.94000,103.79000,1.00,15.00,6020.00,水平線手前,利確,支持抵抗,0,103.94000
2016-07-01,2016-07-31,20260209_091940,20260209_091940-0179,2016-07-29 20:12:08.942000,2016-07-29 21:30:01.581000,買い,103.27500,103.22500,1.00,-5.00,6015.00,水平線手前,損切,支持抵抗,0,103.27500
2016-07-01,2016-07-31,20260209_091940,20260209_091940-0180,2016-07-29 20:12:18.625000,2016-07-29 21:30:01.581000,買い,103.27300,103.22300,1.00,-5.00,6010.00,水平線手前,損切,支持抵抗,0,103.27300
2016-07-01,2016-07-31,20260209_091940,20260209_091940-0181,2016-07-29 21:55:54.342000,2016-07-29 22:02:07.631000,買い,102.78600,102.73600,1.00,-5.00,6005.00,水平線手前,損切,支持抵抗,0,102.78600
2016-07-01,2016-07-31,20260209_091940,20260209_091940-0182,2016-07-29 22:02:08.497000,2016-07-29 22:04:52.050000,買い,102.74000,102.69000,1.00,-5.00,6000.00,水平線手前,損切,支持抵抗,0,102.74000
2016-07-01,2016-07-31,20260209_091940,20260209_091940-0183,2016-07-29 22:04:52.491000,2016-07-29 22:09:48.914000,買い,102.65800,102.80800,1.00,15.00,6015.00,水平線手前,利確,支持抵抗,0,102.65800
2016-07-01,2016-07-31,20260209_091940,20260209_091940-0184,2016-07-29 23:58:27.678000,2016-07-30 00:00:15.343000,買い,102.51200,102.46200,1.00,-5.00,6010.00,水平線手前,損切,支持抵抗,0,102.51200
2016-07-01,2016-07-31,20260209_091940,20260209_091940-0185,2016-07-30 00:02:03.525000,2016-07-30 00:07:48.430000,買い,102.29400,102.44400,1.00,15.00,6025.00,水平線手前,利確,支持抵抗,0,102.29400
2016-07-01,2016-07-31,20260209_091940,20260209_091940-0186,2016-07-30 01:16:41.817000,2016-07-30 01:55:20.615000,買い,102.16200,102.31200,1.00,15.00,6040.00,水平線手前,利確,支持抵抗,0,102.16200
2016-07-01,2016-07-31,20260209_091940,20260209_091940-0187,2016-07-30 02:51:58.990000,2016-07-30 03:17:31.910000,買い,102.05800,102.00800,1.00,-5.00,6035.00,水平線手前,損切,支持抵抗,0,102.05800
2016-07-01,2016-07-31,20260209_091940,20260209_091940-0188,2016-07-30 03:18:33.974000,2016-07-30 05:15:04.793000,買い,102.01200,102.16200,1.00,15.00,6050.00,水平線手前,利確,支持抵抗,0,102.01200
2021-01-01,2021-01-31,20260209_090641,20260209_090641-0001,2021-01-05 00:45:27.690000,2021-01-05 12:14:49.523000,売り,103.22400,103.07400,1.00,15.00,6065.00,水平線手前,利確,支持抵抗,0,103.22400
2021-01-01,2021-01-31,20260209_090641,20260209_090641-0002,2021-01-05 12:16:56.812000,2021-01-05 12:58:17.318000,買い,103.07100,103.02100,1.00,-5.00,6060.00,水平線手前,損切,支持抵抗,0,103.07100
2021-01-01,2021-01-31,20260209_090641,20260209_090641-0003,2021-01-05 12:39:04.451000,2021-01-05 13:02:41.662000,買い,103.06100,103.01100,1.00,-5.00,6055.00,水平線手前,損切,支持抵抗,0,103.06100
2021-01-01,2021-01-31,20260209_090641,20260209_090641-0004,2021-01-05 13:01:48.122000,2021-01-05 14:00:50.698000,買い,103.02600,102.97600,1.00,-5.00,6050.00,水平線手前,損切,支持抵抗,0,103.02600
2021-01-01,2021-01-31,20260209_090641,20260209_090641-0005,2021-01-05 14:07:29.094000,2021-01-05 15:23:00.863000,買い,102.97400,102.92400,1.00,-5.00,6045.00,水平線手前,損切,支持抵抗,0,102.97400
2021-01-01,2021-01-31,20260209_090641,20260209_090641-0006,2021-01-05 15:23:06.961000,2021-01-05 18:05:39.802000,買い,102.92400,102.87400,1.00,-5.00,6040.00,水平線手前,損切,支持抵抗,0,102.92400
2021-01-01,2021-01-31,20260209_090641,20260209_090641-0007,2021-01-05 18:07:02.812000,2021-01-05 19:22:32.522000,買い,102.85000,102.80000,1.00,-5.00,6035.00,水平線手前,損切,支持抵抗,0,102.85000
2021-01-01,2021-01-31,20260209_090641,20260209_090641-0008,2021-01-05 19:21:26.996000,2021-01-06 00:37:17.753000,買い,102.83700,102.78700,1.00,-5.00,6030.00,水平線手前,損切,支持抵抗,0,102.83700
2021-01-01,2021-01-31,20260209_090641,20260209_090641-0009,2021-01-06 00:37:00.266000,2021-01-06 01:21:20.979000,買い,102.81300,102.76300,1.00,-5.00,6025.00,水平線手前,損切,支持抵抗,0,102.81300
2021-01-01,2021-01-31,20260209_090641,20260209_090641-0010,2021-01-06 01:27:23.438000,2021-01-06 01:37:07.866000,買い,102.75100,102.70100,1.00,-5.00,6020.00,水平線手前,損切,支持抵抗,0,102.75100
2021-01-01,2021-01-31,20260209_090641,20260209_090641-0011,2021-01-06 01:37:08.120000,2021-01-06 02:04:42.199000,買い,102.69800,102.64800,1.00,-5.00,6015.00,水平線手前,損切,支持抵抗,0,102.69800
2021-01-01,2021-01-31,20260209_090641,20260209_090641-0012,2021-01-06 02:04:42.455000,2021-01-06 09:23:25.113000,買い,102.64400,102.59400,1.00,-5.00,6010.00,水平線手前,損切,支持抵抗,0,102.64400
2021-01-01,2021-01-31,20260209_090641,20260209_090641-0013,2021-01-06 17:55:37.528000,2021-01-06 18:50:58.871000,売り,102.83900,102.88900,1.00,-5.00,6005.00,水平線手前,損切,支持抵抗,0,102.83900
2021-01-01,2021-01-31,20260209_090641,20260209_090641-0014,2021-01-06 18:42:15.268000,2021-01-06 21:46:22.486000,売り,102.85600,102.90600,1.00,-5.00,6000.00,水平線手前,損切,支持抵抗,0,102.85600
2021-01-01,2021-01-31,20260209_090641,20260209_090641-0015,2021-01-06 21:47:25.885000,2021-01-06 22:01:54.243000,売り,102.94800,102.99800,1.00,-5.00,5995.00,水平線手前,損切,支持抵抗,0,102.94800
2021-01-01,2021-01-31,20260209_090641,20260209_090641-0016,2021-01-06 22:49:51.449000,2021-01-06 22:53:27.609000,売り,103.13000,103.18000,1.00,-5.00,5990.00,水平線手前,損切,支持抵抗,0,103.13000
2021-01-01,2021-01-31,20260209_090641,20260209_090641-0017,2021-01-06 22:53:27.609000,2021-01-06 23:07:37.591000,売り,103.17200,103.22200,1.00,-5.00,5985.00,水平線手前,損切,支持抵抗,0,103.17200
2021-01-01,2021-01-31,20260209_090641,20260209_090641-0018,2021-01-06 23:07:40.397000,2021-01-07 00:14:36.129000,売り,103.22400,103.27400,1.00,-5.00,5980.00,水平線手前,損切,支持抵抗,0,103.22400
2021-01-01,2021-01-31,20260209_090641,20260209_090641-0019,2021-01-07 00:16:52.419000,2021-01-07 00:29:25.244000,売り,103.28600,103.33600,1.00,-5.00,5975.00,水平線手前,損切,支持抵抗,0,103.28600
2021-01-01,2021-01-31,20260209_090641,20260209_090641-0020,2021-01-07 00:46:55.898000,2021-01-07 01:57:07.360000,売り,103.41400,103.26400,1.00,15.00,5990.00,水平線手前,利確,支持抵抗,0,103.41400
2021-01-01,2021-01-31,20260209_090641,20260209_090641-0021,2021-01-07 15:05:22.389000,2021-01-07 16:09:03.779000,売り,103.24700,103.29700,1.00,-5.00,5985.00,水平線手前,損切,支持抵抗,0,103.24700
2021-01-01,2021-01-31,20260209_090641,20260209_090641-0022,2021-01-07 16:44:24.307000,2021-01-07 17:06:10.156000,売り,103.35100,103.40100,1.00,-5.00,5980.00,水平線手前,損切,支持抵抗,0,103.35100
2021-01-01,2021-01-31,20260209_090641,20260209_090641-0023,2021-01-07 17:19:45.029000,2021-01-07 18:13:12.771000,売り,103.42700,103.47700,1.00,-5.00,5975.00,水平線手前,損切,支持抵抗,0,103.42700
2021-01-01,2021-01-31,20260209_090641,20260209_090641-0024,2021-01-07 18:51:17.077000,2021-01-07 19:27:59.855000,売り,103.55400,103.60400,1.00,-5.00,5970.00,水平線手前,損切,支持抵抗,0,103.55400
2021-01-01,2021-01-31,20260209_090641,20260209_090641-0025,2021-01-07 19:51:05.013000,2021-01-07 21:00:56.843000,売り,103.67700,103.72700,1.00,-5.00,5965.00,水平線手前,損切,支持抵抗,0,103.67700
2021-01-01,2021-01-31,20260209_090641,20260209_090641-0026,2021-01-07 21:00:56.843000,2021-01-07 22:14:31.833000,売り,103.72300,103.57300,1.00,15.00,5980.00,水平線手前,利確,支持抵抗,0,103.72300
2021-01-01,2021-01-31,20260209_090641,20260209_090641-0027,2021-01-07 23:39:19.704000,2021-01-08 00:00:27.446000,売り,103.79400,103.84400,1.00,-5.00,5975.00,水平線手前,損切,支持抵抗,0,103.79400
2021-01-01,2021-01-31,20260209_090641,20260209_090641-0028,2021-01-08 00:19:03.651000,2021-01-08 01:11:17.013000,売り,103.92600,103.77600,1.00,15.00,5990.00,水平線手前,利確,支持抵抗,0,103.92600
2021-01-01,2021-01-31,20260209_090641,20260209_090641-0029,2021-01-08 02:25:28.210000,2021-01-08 10:14:55.656000,売り,103.92700,103.97700,1.00,-5.00,5985.00,水平線手前,損切,支持抵抗,0,103.92700
2021-01-01,2021-01-31,20260209_090641,20260209_090641-0030,2021-01-08 16:56:09.996000,2021-01-08 17:05:33.721000,売り,103.96900,104.01900,1.00,-5.00,5980.00,水平線手前,損切,支持抵抗,0,103.96900
2021-01-01,2021-01-31,20260209_090641,20260209_090641-0031,2021-01-08 17:09:10.229000,2021-01-08 17:49:41.369000,売り,104.06200,103.91200,1.00,15.00,5995.00,水平線手前,利確,支持抵抗,0,104.06200
2021-01-01,2021-01-31,20260209_090641,20260209_090641-0032,2021-01-08 18:58:43.092000,2021-01-08 22:30:10.938000,買い,103.80900,103.75900,1.00,-5.00,5990.00,水平線手前,損切,支持抵抗,0,103.80900
2021-01-01,2021-01-31,20260209_090641,20260209_090641-0033,2021-01-08 22:31:29.010000,2021-01-08 22:38:07.834000,売り,103.98100,103.83100,1.00,15.00,6005.00,水平線手前,利確,支持抵抗,0,103.98100
2021-01-01,2021-01-31,20260209_090641,20260209_090641-0034,2021-01-08 22:45:31.933000,2021-01-08 23:40:11.341000,買い,103.64300,103.79300,1.00,15.00,6020.00,水平線手前,利確,支持抵抗,0,103.64300
2021-01-01,2021-01-31,20260209_090641,20260209_090641-0035,2021-01-09 00:23:02.098000,2021-01-09 00:56:08.560000,売り,104.03900,103.88900,1.00,15.00,6035.00,水平線手前,利確,支持抵抗,0,104.03900
2021-01-01,2021-01-31,20260209_090641,20260209_090641-0036,2021-01-11 11:24:00.157000,2021-01-11 13:27:53.497000,売り,104.16500,104.21500,1.00,-5.00,6030.00,水平線手前,損切,支持抵抗,0,104.16500
2021-01-01,2021-01-31,20260209_090641,20260209_090641-0037,2021-01-11 11:00:01.189000,2021-01-11 13:29:15.700000,売り,104.17300,104.22300,1.00,-5.00,6025.00,水平線手前,損切,支持抵抗,0,104.17300
2021-01-01,2021-01-31,20260209_090641,20260209_090641-0038,2021-01-11 21:11:47.637000,2021-01-11 21:20:46.524000,売り,104.19100,104.24100,1.00,-5.00,6020.00,水平線手前,損切,支持抵抗,0,104.19100
2021-01-01,2021-01-31,20260209_090641,20260209_090641-0039,2021-01-11 21:11:39.905000,2021-01-11 21:21:16.444000,売り,104.19200,104.24200,1.00,-5.00,6015.00,水平線手前,損切,支持抵抗,0,104.19200
2021-01-01,2021-01-31,20260209_090641,20260209_090641-0040,2021-01-11 21:20:02.694000,2021-01-11 22:26:18.776000,売り,104.21800,104.26800,1.00,-5.00,6010.00,水平線手前,損切,支持抵抗,0,104.21800
2021-01-01,2021-01-31,20260209_090641,20260209_090641-0041,2021-01-11 22:27:56.762000,2021-01-11 23:45:36.869000,売り,104.27200,104.32200,1.00,-5.00,6005.00,水平線手前,損切,支持抵抗,0,104.27200
2021-01-01,2021-01-31,20260209_090641,20260209_090641-0042,2021-01-11 23:55:06.875000,2021-01-12 01:28:36.550000,売り,104.36700,104.21700,1.00,15.00,6020.00,水平線手前,利確,支持抵抗,0,104.36700
2021-01-01,2021-01-31,20260209_090641,20260209_090641-0043,2021-01-12 23:51:54.788000,2021-01-13 01:53:34.715000,売り,104.30200,104.15200,1.00,15.00,6035.00,水平線手前,利確,支持抵抗,0,104.30200
2021-01-01,2021-01-31,20260209_090641,20260209_090641-0044,2021-01-12 23:07:27.115000,2021-01-13 01:55:38.818000,売り,104.29500,104.14500,1.00,15.00,6050.00,水平線手前,利確,支持抵抗,0,104.29500
2021-01-01,2021-01-31,20260209_090641,20260209_090641-0045,2021-01-13 01:55:33.982000,2021-01-13 01:58:42.900000,買い,104.14700,104.09700,1.00,-5.00,6045.00,水平線手前,損切,支持抵抗,0,104.14700
2021-01-01,2021-01-31,20260209_090641,20260209_090641-0046,2021-01-13 01:58:24.938000,2021-01-13 02:52:10.183000,買い,104.12400,104.07400,1.00,-5.00,6040.00,水平線手前,損切,支持抵抗,0,104.12400
2021-01-01,2021-01-31,20260209_090641,20260209_090641-0047,2021-01-13 02:36:48.350000,2021-01-13 03:09:00.319000,買い,104.09000,104.04000,1.00,-5.00,6035.00,水平線手前,損切,支持抵抗,0,104.09000
2021-01-01,2021-01-31,20260209_090641,20260209_090641-0048,2021-01-13 02:53:40.252000,2021-01-13 03:09:55.121000,買い,104.07400,104.02400,1.00,-5.00,6030.00,水平線手前,損切,支持抵抗,0,104.07400
2021-01-01,2021-01-31,20260209_090641,20260209_090641-0049,2021-01-13 03:30:11.058000,2021-01-13 04:14:18.172000,買い,103.92400,103.87400,1.00,-5.00,6025.00,水平線手前,損切,支持抵抗,0,103.92400
2021-01-01,2021-01-31,20260209_090641,20260209_090641-0050,2021-01-13 04:35:09.108000,2021-01-13 05:13:05.646000,買い,103.82300,103.77300,1.00,-5.00,6020.00,水平線手前,損切,支持抵抗,0,103.82300
2021-01-01,2021-01-31,20260209_090641,20260209_090641-0051,2021-01-13 11:04:18.661000,2021-01-13 11:15:49.224000,買い,103.57800,103.52800,1.00,-5.00,6015.00,水平線手前,損切,支持抵抗,0,103.57800
2021-01-01,2021-01-31,20260209_090641,20260209_090641-0052,2021-01-13 11:00:24.904000,2021-01-13 17:02:39.509000,買い,103.56500,103.71500,1.00,15.00,6030.00,水平線手前,利確,支持抵抗,0,103.56500
2021-01-01,2021-01-31,20260209_090641,20260209_090641-0053,2021-01-14 11:24:36.694000,2021-01-14 11:28:32.993000,売り,103.96700,104.01700,1.00,-5.00,6025.00,水平線手前,損切,支持抵抗,0,103.96700
2021-01-01,2021-01-31,20260209_090641,20260209_090641-0054,2021-01-14 11:34:22.742000,2021-01-14 11:53:03.572000,売り,104.16700,104.01700,1.00,15.00,6040.00,水平線手前,利確,支持抵抗,0,104.16700
2021-01-01,2021-01-31,20260209_090641,20260209_090641-0055,2021-01-15 00:53:31.563000,2021-01-15 01:14:24.915000,買い,103.82900,103.77900,1.00,-5.00,6035.00,水平線手前,損切,支持抵抗,0,103.82900
2021-01-01,2021-01-31,20260209_090641,20260209_090641-0056,2021-01-15 01:29:24.043000,2021-01-15 02:01:45.010000,買い,103.68800,103.63800,1.00,-5.00,6030.00,水平線手前,損切,支持抵抗,0,103.68800
2021-01-01,2021-01-31,20260209_090641,20260209_090641-0057,2021-01-15 02:53:21.886000,2021-01-15 03:15:27.794000,買い,103.60300,103.75300,1.00,15.00,6045.00,水平線手前,利確,支持抵抗,0,103.60300
2021-01-01,2021-01-31,20260209_090641,20260209_090641-0058,2021-01-15 23:02:38.189000,2021-01-15 23:49:45.230000,売り,103.79100,103.84100,1.00,-5.00,6040.00,水平線手前,損切,支持抵抗,0,103.79100
2021-01-01,2021-01-31,20260209_090641,20260209_090641-0059,2021-01-15 23:51:14.740000,2021-01-16 06:49:17.226000,売り,103.86400,103.91400,1.00,-5.00,6035.00,水平線手前,損切,支持抵抗,0,103.86400
2021-01-01,2021-01-31,20260209_090641,20260209_090641-0060,2021-01-16 00:08:09.116000,2021-01-16 06:49:26.230000,売り,103.86700,103.91700,1.00,-5.00,6030.00,水平線手前,損切,支持抵抗,0,103.86700
2021-01-01,2021-01-31,20260209_090641,20260209_090641-0061,2021-01-19 00:37:21.140000,2021-01-19 10:57:32.541000,買い,103.68000,103.83000,1.00,15.00,6045.00,水平線手前,利確,支持抵抗,0,103.68000
2021-01-01,2021-01-31,20260209_090641,20260209_090641-0062,2021-01-19 11:26:20.270000,2021-01-19 11:38:21.748000,売り,103.90200,103.95200,1.00,-5.00,6040.00,水平線手前,損切,支持抵抗,0,103.90200
2021-01-01,2021-01-31,20260209_090641,20260209_090641-0063,2021-01-19 11:27:32.743000,2021-01-19 11:38:21.748000,売り,103.90100,103.95100,1.00,-5.00,6035.00,水平線手前,損切,支持抵抗,0,103.90100
2021-01-01,2021-01-31,20260209_090641,20260209_090641-0064,2021-01-19 11:56:43.659000,2021-01-19 12:00:35.511000,売り,104.03300,104.08300,1.00,-5.00,6030.00,水平線手前,損切,支持抵抗,0,104.03300
2021-01-01,2021-01-31,20260209_090641,20260209_090641-0065,2021-01-19 12:00:00.239000,2021-01-19 22:35:24.858000,売り,104.05200,103.90200,1.00,15.00,6045.00,水平線手前,利確,支持抵抗,0,104.05200
2021-01-01,2021-01-31,20260209_090641,20260209_090641-0066,2021-01-20 11:03:04.008000,2021-01-20 13:15:18.272000,買い,103.78600,103.73600,1.00,-5.00,6040.00,水平線手前,損切,支持抵抗,0,103.78600
2021-01-01,2021-01-31,20260209_090641,20260209_090641-0067,2021-01-20 22:59:06.619000,2021-01-20 23:36:21.057000,買い,103.75400,103.70400,1.00,-5.00,6035.00,水平線手前,損切,支持抵抗,0,103.75400
2021-01-01,2021-01-31,20260209_090641,20260209_090641-0068,2021-01-20 23:05:01.805000,2021-01-21 00:08:14.531000,買い,103.73600,103.68600,1.00,-5.00,6030.00,水平線手前,損切,支持抵抗,0,103.73600
2021-01-01,2021-01-31,20260209_090641,20260209_090641-0069,2021-01-21 00:08:28.348000,2021-01-21 00:10:12.843000,買い,103.67500,103.62500,1.00,-5.00,6025.00,水平線手前,損切,支持抵抗,0,103.67500
2021-01-01,2021-01-31,20260209_090641,20260209_090641-0070,2021-01-21 00:09:16.030000,2021-01-21 00:10:12.843000,買い,103.67500,103.62500,1.00,-5.00,6020.00,水平線手前,損切,支持抵抗,0,103.67500
2021-01-01,2021-01-31,20260209_090641,20260209_090641-0071,2021-01-21 00:13:17.013000,2021-01-21 00:16:30.611000,買い,103.60100,103.55100,1.00,-5.00,6015.00,水平線手前,損切,支持抵抗,0,103.60100
2021-01-01,2021-01-31,20260209_090641,20260209_090641-0072,2021-01-21 00:15:47.260000,2021-01-21 00:19:04.458000,買い,103.56400,103.51400,1.00,-5.00,6010.00,水平線手前,損切,支持抵抗,0,103.56400
2021-01-01,2021-01-31,20260209_090641,20260209_090641-0073,2021-01-21 00:41:46.292000,2021-01-21 03:09:51.339000,買い,103.48400,103.63400,1.00,15.00,6025.00,水平線手前,利確,支持抵抗,0,103.48400
2021-01-01,2021-01-31,20260209_090641,20260209_090641-0074,2021-01-21 13:51:44.620000,2021-01-21 14:20:14.502000,買い,103.42900,103.37900,1.00,-5.00,6020.00,水平線手前,損切,支持抵抗,0,103.42900
2021-01-01,2021-01-31,20260209_090641,20260209_090641-0075,2021-01-21 14:22:53.898000,2021-01-21 16:55:57.272000,買い,103.37200,103.52200,1.00,15.00,6035.00,水平線手前,利確,支持抵抗,0,103.37200
2021-01-01,2021-01-31,20260209_090641,20260209_090641-0076,2021-01-21 21:21:47.343000,2021-01-21 22:38:24.187000,買い,103.36500,103.51500,1.00,15.00,6050.00,水平線手前,利確,支持抵抗,0,103.36500
2021-01-01,2021-01-31,20260209_090641,20260209_090641-0077,2021-01-22 15:16:40.780000,2021-01-22 16:06:48.211000,売り,103.63200,103.68200,1.00,-5.00,6045.00,水平線手前,損切,支持抵抗,0,103.63200
2021-01-01,2021-01-31,20260209_090641,20260209_090641-0078,2021-01-22 16:06:45.565000,2021-01-22 19:20:05.785000,売り,103.66700,103.71700,1.00,-5.00,6040.00,水平線手前,損切,支持抵抗,0,103.66700
2021-01-01,2021-01-31,20260209_090641,20260209_090641-0079,2021-01-22 21:48:16.153000,2021-01-22 22:10:24.950000,売り,103.74300,103.79300,1.00,-5.00,6035.00,水平線手前,損切,支持抵抗,0,103.74300
2021-01-01,2021-01-31,20260209_090641,20260209_090641-0080,2021-01-22 21:56:02.765000,2021-01-22 22:10:45.492000,売り,103.74900,103.79900,1.00,-5.00,6030.00,水平線手前,損切,支持抵抗,0,103.74900
2021-01-01,2021-01-31,20260209_090641,20260209_090641-0081,2021-01-22 22:31:00.585000,2021-01-22 23:06:53.134000,売り,103.82700,103.87700,1.00,-5.00,6025.00,水平線手前,損切,支持抵抗,0,103.82700
2021-01-01,2021-01-31,20260209_090641,20260209_090641-0082,2021-01-22 23:06:14.229000,2021-01-25 14:31:26.416000,売り,103.85700,103.70700,1.00,15.00,6040.00,水平線手前,利確,支持抵抗,0,103.85700
2021-01-01,2021-01-31,20260209_090641,20260209_090641-0083,2021-01-25 22:30:18.453000,2021-01-25 23:47:25.621000,買い,103.71200,103.86200,1.00,15.00,6055.00,水平線手前,利確,支持抵抗,0,103.71200
2021-01-01,2021-01-31,20260209_090641,20260209_090641-0084,2021-01-25 23:47:16.450000,2021-01-25 23:48:49.212000,売り,103.86000,103.91000,1.00,-5.00,6050.00,水平線手前,損切,支持抵抗,0,103.86000
2021-01-01,2021-01-31,20260209_090641,20260209_090641-0085,2021-01-26 00:00:00.081000,2021-01-26 04:05:26.397000,売り,103.90600,103.75600,1.00,15.00,6065.00,水平線手前,利確,支持抵抗,0,103.90600
2021-01-01,2021-01-31,20260209_090641,20260209_090641-0086,2021-01-25 23:48:32.343000,2021-01-26 07:00:00.064000,売り,103.89900,103.74900,1.00,15.00,6080.00,水平線手前,利確,支持抵抗,0,103.89900
2021-01-01,2021-01-31,20260209_090641,20260209_090641-0087,2021-01-25 23:48:49.212000,2021-01-26 07:00:00.064000,売り,103.90100,103.75100,1.00,15.00,6095.00,水平線手前,利確,支持抵抗,0,103.90100
2021-01-01,2021-01-31,20260209_090641,20260209_090641-0088,2021-01-26 11:02:22.994000,2021-01-26 22:38:20.061000,買い,103.69700,103.64700,1.00,-5.00,6090.00,水平線手前,損切,支持抵抗,0,103.69700
2021-01-01,2021-01-31,20260209_090641,20260209_090641-0089,2021-01-26 22:26:14.210000,2021-01-26 22:38:20.061000,買い,103.69700,103.64700,1.00,-5.00,6085.00,水平線手前,損切,支持抵抗,0,103.69700
2021-01-01,2021-01-31,20260209_090641,20260209_090641-0090,2021-01-26 22:37:14.694000,2021-01-26 23:41:54.082000,買い,103.66500,103.61500,1.00,-5.00,6080.00,水平線手前,損切,支持抵抗,0,103.66500
2021-01-01,2021-01-31,20260209_090641,20260209_090641-0091,2021-01-26 23:51:05.414000,2021-01-27 00:09:54.755000,買い,103.61000,103.56000,1.00,-5.00,6075.00,水平線手前,損切,支持抵抗,0,103.61000
2021-01-01,2021-01-31,20260209_090641,20260209_090641-0092,2021-01-27 00:02:13.302000,2021-01-27 12:43:32.651000,買い,103.59300,103.74300,1.00,15.00,6090.00,水平線手前,利確,支持抵抗,0,103.59300
2021-01-01,2021-01-31,20260209_090641,20260209_090641-0093,2021-01-27 18:14:57.427000,2021-01-27 20:42:07.419000,売り,103.79800,103.84800,1.00,-5.00,6085.00,水平線手前,損切,支持抵抗,0,103.79800
2021-01-01,2021-01-31,20260209_090641,20260209_090641-0094,2021-01-27 20:42:07.216000,2021-01-27 21:16:01.483000,売り,103.83700,103.88700,1.00,-5.00,6080.00,水平線手前,損切,支持抵抗,0,103.83700
2021-01-01,2021-01-31,20260209_090641,20260209_090641-0095,2021-01-27 21:14:49.118000,2021-01-27 22:11:28.390000,売り,103.85800,103.90800,1.00,-5.00,6075.00,水平線手前,損切,支持抵抗,0,103.85800
2021-01-01,2021-01-31,20260209_090641,20260209_090641-0096,2021-01-27 22:11:41.787000,2021-01-27 22:35:39.681000,売り,103.90600,103.95600,1.00,-5.00,6070.00,水平線手前,損切,支持抵抗,0,103.90600
2021-01-01,2021-01-31,20260209_090641,20260209_090641-0097,2021-01-27 22:43:50.895000,2021-01-27 23:33:04.441000,売り,103.99900,104.04900,1.00,-5.00,6065.00,水平線手前,損切,支持抵抗,0,103.99900
2021-01-01,2021-01-31,20260209_090641,20260209_090641-0098,2021-01-27 23:35:17.877000,2021-01-27 23:37:28.899000,売り,104.05500,104.10500,1.00,-5.00,6060.00,水平線手前,損切,支持抵抗,0,104.05500
2021-01-01,2021-01-31,20260209_090641,20260209_090641-0099,2021-01-27 23:34:54.007000,2021-01-27 23:37:33.870000,売り,104.05700,104.10700,1.00,-5.00,6055.00,水平線手前,損切,支持抵抗,0,104.05700
2021-01-01,2021-01-31,20260209_090641,20260209_090641-0100,2021-01-27 23:41:41.048000,2021-01-27 23:49:05.501000,売り,104.12900,104.17900,1.00,-5.00,6050.00,水平線手前,損切,支持抵抗,0,104.12900
2021-01-01,2021-01-31,20260209_090641,20260209_090641-0101,2021-01-27 23:43:08.882000,2021-01-28 05:22:30.330000,売り,104.14900,104.19900,1.00,-5.00,6045.00,水平線手前,損切,支持抵抗,0,104.14900
2021-01-01,2021-01-31,20260209_090641,20260209_090641-0102,2021-01-28 11:38:30.515000,2021-01-28 12:37:04.073000,売り,104.31800,104.36800,1.00,-5.00,6040.00,水平線手前,損切,支持抵抗,0,104.31800
2021-01-01,2021-01-31,20260209_090641,20260209_090641-0103,2021-01-28 16:26:17.255000,2021-01-28 22:05:50.153000,売り,104.34900,104.39900,1.00,-5.00,6035.00,水平線手前,損切,支持抵抗,0,104.34900
2021-01-01,2021-01-31,20260209_090641,20260209_090641-0104,2021-01-28 22:33:25.806000,2021-01-28 23:00:11.274000,売り,104.43200,104.28200,1.00,15.00,6050.00,水平線手前,利確,支持抵抗,0,104.43200
2021-01-01,2021-01-31,20260209_090641,20260209_090641-0105,2021-01-29 03:03:32.873000,2021-01-29 04:41:35.847000,買い,104.24200,104.19200,1.00,-5.00,6045.00,水平線手前,損切,支持抵抗,0,104.24200
2021-01-01,2021-01-31,20260209_090641,20260209_090641-0106,2021-01-29 04:38:07.499000,2021-01-29 09:16:06.311000,買い,104.21300,104.36300,1.00,15.00,6060.00,水平線手前,利確,支持抵抗,0,104.21300
2021-01-01,2021-01-31,20260209_090641,20260209_090641-0107,2021-01-29 17:31:31.616000,2021-01-29 18:16:34.954000,売り,104.64300,104.69300,1.00,-5.00,6055.00,水平線手前,損切,支持抵抗,0,104.64300
2021-01-01,2021-01-31,20260209_090641,20260209_090641-0108,2021-01-29 18:42:06.848000,2021-01-29 19:55:51.724000,売り,104.91000,104.76000,1.00,15.00,6070.00,水平線手前,利確,支持抵抗,0,104.91000
2021-02-01,2021-02-28,20260209_090707,20260209_090707-0001,2021-02-02 17:38:07.089000,2021-02-02 20:32:26.391000,買い,104.86600,105.01600,1.00,15.00,6085.00,水平線手前,利確,支持抵抗,0,104.86600
2021-02-01,2021-02-28,20260209_090707,20260209_090707-0002,2021-02-02 14:28:07.837000,2021-02-02 20:38:15.683000,売り,105.00600,105.05600,1.00,-5.00,6080.00,水平線手前,損切,支持抵抗,0,105.00600
2021-02-01,2021-02-28,20260209_090707,20260209_090707-0003,2021-02-02 20:38:00.471000,2021-02-02 23:37:40.648000,売り,105.03600,105.08600,1.00,-5.00,6075.00,水平線手前,損切,支持抵抗,0,105.03600
2021-02-01,2021-02-28,20260209_090707,20260209_090707-0004,2021-02-02 23:52:00.555000,2021-02-03 06:55:07.041000,売り,105.14400,104.99400,1.00,15.00,6090.00,水平線手前,利確,支持抵抗,0,105.14400
2021-02-01,2021-02-28,20260209_090707,20260209_090707-0005,2021-02-04 11:24:03.713000,2021-02-04 12:54:23.769000,売り,105.07500,105.12500,1.00,-5.00,6085.00,水平線手前,損切,支持抵抗,0,105.07500
2021-02-01,2021-02-28,20260209_090707,20260209_090707-0006,2021-02-04 12:26:02.156000,2021-02-04 14:02:04.665000,売り,105.10000,105.15000,1.00,-5.00,6080.00,水平線手前,損切,支持抵抗,0,105.10000
2021-02-01,2021-02-28,20260209_090707,20260209_090707-0007,2021-02-04 14:02:06.082000,2021-02-04 14:29:35.083000,売り,105.14300,105.19300,1.00,-5.00,6075.00,水平線手前,損切,支持抵抗,0,105.14300
2021-02-01,2021-02-28,20260209_090707,20260209_090707-0008,2021-02-04 14:25:22.292000,2021-02-04 15:27:40.297000,売り,105.16000,105.21000,1.00,-5.00,6070.00,水平線手前,損切,支持抵抗,0,105.16000
2021-02-01,2021-02-28,20260209_090707,20260209_090707-0009,2021-02-04 15:09:34.682000,2021-02-04 16:00:36.342000,売り,105.17100,105.22100,1.00,-5.00,6065.00,水平線手前,損切,支持抵抗,0,105.17100
2021-02-01,2021-02-28,20260209_090707,20260209_090707-0010,2021-02-04 16:01:36.685000,2021-02-04 18:04:08.516000,売り,105.23000,105.28000,1.00,-5.00,6060.00,水平線手前,損切,支持抵抗,0,105.23000
2021-02-01,2021-02-28,20260209_090707,20260209_090707-0011,2021-02-04 18:01:52.407000,2021-02-04 19:56:37.346000,売り,105.24800,105.29800,1.00,-5.00,6055.00,水平線手前,損切,支持抵抗,0,105.24800
2021-02-01,2021-02-28,20260209_090707,20260209_090707-0012,2021-02-04 20:43:27.096000,2021-02-04 23:13:54.395000,売り,105.31100,105.36100,1.00,-5.00,6050.00,水平線手前,損切,支持抵抗,0,105.31100
2021-02-01,2021-02-28,20260209_090707,20260209_090707-0013,2021-02-04 23:40:40.014000,2021-02-05 00:15:12.209000,売り,105.39400,105.44400,1.00,-5.00,6045.00,水平線手前,損切,支持抵抗,0,105.39400
2021-02-01,2021-02-28,20260209_090707,20260209_090707-0014,2021-02-05 00:20:32.940000,2021-02-05 04:32:06.657000,売り,105.46300,105.51300,1.00,-5.00,6040.00,水平線手前,損切,支持抵抗,0,105.46300
2021-02-01,2021-02-28,20260209_090707,20260209_090707-0015,2021-02-05 20:01:45.046000,2021-02-05 20:02:17.528000,売り,105.61400,105.66400,1.00,-5.00,6035.00,水平線手前,損切,支持抵抗,0,105.61400
2021-02-01,2021-02-28,20260209_090707,20260209_090707-0016,2021-02-05 20:01:54.294000,2021-02-05 20:02:17.528000,売り,105.61400,105.66400,1.00,-5.00,6030.00,水平線手前,損切,支持抵抗,0,105.61400
2021-02-01,2021-02-28,20260209_090707,20260209_090707-0017,2021-02-05 20:02:09.216000,2021-02-05 21:14:56.661000,売り,105.64100,105.69100,1.00,-5.00,6025.00,水平線手前,損切,支持抵抗,0,105.64100
2021-02-01,2021-02-28,20260209_090707,20260209_090707-0018,2021-02-05 21:14:55.748000,2021-02-05 22:03:37.411000,売り,105.67200,105.72200,1.00,-5.00,6020.00,水平線手前,損切,支持抵抗,0,105.67200
2021-02-01,2021-02-28,20260209_090707,20260209_090707-0019,2021-02-05 22:05:48.759000,2021-02-05 22:30:47.172000,売り,105.74000,105.59000,1.00,15.00,6035.00,水平線手前,利確,支持抵抗,0,105.74000
2021-02-01,2021-02-28,20260209_090707,20260209_090707-0020,2021-02-08 17:47:07.773000,2021-02-08 22:49:22.351000,売り,105.64100,105.49100,1.00,15.00,6050.00,水平線手前,利確,支持抵抗,0,105.64100
2021-02-01,2021-02-28,20260209_090707,20260209_090707-0021,2021-02-08 23:39:45.412000,2021-02-09 00:05:06.496000,買い,105.35500,105.30500,1.00,-5.00,6045.00,水平線手前,損切,支持抵抗,0,105.35500
2021-02-01,2021-02-28,20260209_090707,20260209_090707-0022,2021-02-08 23:39:45.513000,2021-02-09 00:05:08.552000,買い,105.35300,105.30300,1.00,-5.00,6040.00,水平線手前,損切,支持抵抗,0,105.35300
2021-02-01,2021-02-28,20260209_090707,20260209_090707-0023,2021-02-09 00:28:43.708000,2021-02-09 00:31:31.314000,買い,105.24000,105.19000,1.00,-5.00,6035.00,水平線手前,損切,支持抵抗,0,105.24000
2021-02-01,2021-02-28,20260209_090707,20260209_090707-0024,2021-02-09 00:31:28.712000,2021-02-09 01:13:42.281000,買い,105.20300,105.15300,1.00,-5.00,6030.00,水平線手前,損切,支持抵抗,0,105.20300
2021-02-01,2021-02-28,20260209_090707,20260209_090707-0025,2021-02-09 01:00:56.257000,2021-02-09 09:58:04.876000,買い,105.19000,105.14000,1.00,-5.00,6025.00,水平線手前,損切,支持抵抗,0,105.19000
2021-02-01,2021-02-28,20260209_090707,20260209_090707-0026,2021-02-09 11:31:22.503000,2021-02-09 11:50:35.669000,買い,105.01100,104.96100,1.00,-5.00,6020.00,水平線手前,損切,支持抵抗,0,105.01100
2021-02-01,2021-02-28,20260209_090707,20260209_090707-0027,2021-02-09 11:50:35.822000,2021-02-09 12:30:56.970000,買い,104.96100,104.91100,1.00,-5.00,6015.00,水平線手前,損切,支持抵抗,0,104.96100
2021-02-01,2021-02-28,20260209_090707,20260209_090707-0028,2021-02-09 11:50:36.178000,2021-02-09 12:32:21.527000,買い,104.95500,104.90500,1.00,-5.00,6010.00,水平線手前,損切,支持抵抗,0,104.95500
2021-02-01,2021-02-28,20260209_090707,20260209_090707-0029,2021-02-09 12:00:25.674000,2021-02-09 13:24:17.027000,買い,104.93900,104.88900,1.00,-5.00,6005.00,水平線手前,損切,支持抵抗,0,104.93900
2021-02-01,2021-02-28,20260209_090707,20260209_090707-0030,2021-02-09 13:27:31.412000,2021-02-09 16:07:58.534000,買い,104.87700,104.82700,1.00,-5.00,6000.00,水平線手前,損切,支持抵抗,0,104.87700
2021-02-01,2021-02-28,20260209_090707,20260209_090707-0031,2021-02-09 16:14:56.976000,2021-02-09 18:07:30.700000,買い,104.78800,104.73800,1.00,-5.00,5995.00,水平線手前,損切,支持抵抗,0,104.78800
2021-02-01,2021-02-28,20260209_090707,20260209_090707-0032,2021-02-09 18:33:49.018000,2021-02-09 18:49:01.153000,買い,104.64800,104.59800,1.00,-5.00,5990.00,水平線手前,損切,支持抵抗,0,104.64800
2021-02-01,2021-02-28,20260209_090707,20260209_090707-0033,2021-02-09 18:55:49.726000,2021-02-09 20:12:59.007000,買い,104.57400,104.72400,1.00,15.00,6005.00,水平線手前,利確,支持抵抗,0,104.57400
2021-02-01,2021-02-28,20260209_090707,20260209_090707-0034,2021-02-10 00:10:03.141000,2021-02-10 10:16:31.568000,買い,104.53700,104.68700,1.00,15.00,6020.00,水平線手前,利確,支持抵抗,0,104.53700
2021-02-01,2021-02-28,20260209_090707,20260209_090707-0035,2021-02-10 12:38:50.638000,2021-02-10 17:35:23.124000,買い,104.53700,104.48700,1.00,-5.00,6015.00,水平線手前,損切,支持抵抗,0,104.53700
2021-02-01,2021-02-28,20260209_090707,20260209_090707-0036,2021-02-10 17:50:41.922000,2021-02-10 18:39:19.934000,買い,104.44800,104.59800,1.00,15.00,6030.00,水平線手前,利確,支持抵抗,0,104.44800
2021-02-01,2021-02-28,20260209_090707,20260209_090707-0037,2021-02-10 18:42:24.955000,2021-02-10 18:49:03.742000,売り,104.68300,104.73300,1.00,-5.00,6025.00,水平線手前,損切,支持抵抗,0,104.68300
2021-02-01,2021-02-28,20260209_090707,20260209_090707-0038,2021-02-10 18:56:08.549000,2021-02-10 22:30:39.837000,売り,104.81300,104.66300,1.00,15.00,6040.00,水平線手前,利確,支持抵抗,0,104.81300
2021-02-01,2021-02-28,20260209_090707,20260209_090707-0039,2021-02-11 17:18:18.378000,2021-02-11 17:52:04.657000,売り,104.68300,104.73300,1.00,-5.00,6035.00,水平線手前,損切,支持抵抗,0,104.68300
2021-02-01,2021-02-28,20260209_090707,20260209_090707-0040,2021-02-11 17:55:08.569000,2021-02-11 23:22:08.405000,売り,104.73700,104.78700,1.00,-5.00,6030.00,水平線手前,損切,支持抵抗,0,104.73700
2021-02-01,2021-02-28,20260209_090707,20260209_090707-0041,2021-02-11 23:18:48.627000,2021-02-12 02:18:25.781000,売り,104.76200,104.81200,1.00,-5.00,6025.00,水平線手前,損切,支持抵抗,0,104.76200
2021-02-01,2021-02-28,20260209_090707,20260209_090707-0042,2021-02-12 02:05:31.535000,2021-02-12 10:39:52.436000,売り,104.77600,104.82600,1.00,-5.00,6020.00,水平線手前,損切,支持抵抗,0,104.77600
2021-02-01,2021-02-28,20260209_090707,20260209_090707-0043,2021-02-12 16:49:43.349000,2021-02-12 17:16:22.275000,売り,104.91000,104.96000,1.00,-5.00,6015.00,水平線手前,損切,支持抵抗,0,104.91000
2021-02-01,2021-02-28,20260209_090707,20260209_090707-0044,2021-02-12 17:43:26.274000,2021-02-12 18:01:12.029000,売り,105.00500,105.05500,1.00,-5.00,6010.00,水平線手前,損切,支持抵抗,0,105.00500
2021-02-01,2021-02-28,20260209_090707,20260209_090707-0045,2021-02-12 18:12:53.447000,2021-02-12 19:26:53.081000,売り,105.15100,105.00100,1.00,15.00,6025.00,水平線手前,利確,支持抵抗,0,105.15100
2021-02-01,2021-02-28,20260209_090707,20260209_090707-0046,2021-02-15 15:41:11.658000,2021-02-15 16:31:28.267000,売り,105.11300,105.16300,1.00,-5.00,6020.00,水平線手前,損切,支持抵抗,0,105.11300
2021-02-01,2021-02-28,20260209_090707,20260209_090707-0047,2021-02-15 16:32:56.715000,2021-02-15 17:30:21.203000,売り,105.17600,105.22600,1.00,-5.00,6015.00,水平線手前,損切,支持抵抗,0,105.17600
2021-02-01,2021-02-28,20260209_090707,20260209_090707-0048,2021-02-15 17:32:10.309000,2021-02-15 17:55:17.796000,売り,105.23200,105.28200,1.00,-5.00,6010.00,水平線手前,損切,支持抵抗,0,105.23200
2021-02-01,2021-02-28,20260209_090707,20260209_090707-0049,2021-02-15 17:34:04.138000,2021-02-15 18:03:11.639000,売り,105.24400,105.29400,1.00,-5.00,6005.00,水平線手前,損切,支持抵抗,0,105.24400
2021-02-01,2021-02-28,20260209_090707,20260209_090707-0050,2021-02-15 18:46:25.227000,2021-02-15 19:04:06.240000,売り,105.36700,105.41700,1.00,-5.00,6000.00,水平線手前,損切,支持抵抗,0,105.36700
2021-02-01,2021-02-28,20260209_090707,20260209_090707-0051,2021-02-15 19:02:48.480000,2021-02-16 09:00:47.669000,売り,105.38700,105.43700,1.00,-5.00,5995.00,水平線手前,損切,支持抵抗,0,105.38700
2021-02-01,2021-02-28,20260209_090707,20260209_090707-0052,2021-02-16 11:09:10.472000,2021-02-16 11:26:20.411000,売り,105.53300,105.58300,1.00,-5.00,5990.00,水平線手前,損切,支持抵抗,0,105.53300
2021-02-01,2021-02-28,20260209_090707,20260209_090707-0053,2021-02-16 11:22:28.002000,2021-02-16 13:06:28.636000,売り,105.55800,105.60800,1.00,-5.00,5985.00,水平線手前,損切,支持抵抗,0,105.55800
2021-02-01,2021-02-28,20260209_090707,20260209_090707-0054,2021-02-16 12:11:45.133000,2021-02-16 13:13:44.491000,売り,105.56600,105.61600,1.00,-5.00,5980.00,水平線手前,損切,支持抵抗,0,105.56600
2021-02-01,2021-02-28,20260209_090707,20260209_090707-0055,2021-02-16 13:07:55.819000,2021-02-16 14:42:37.748000,売り,105.60200,105.45200,1.00,15.00,5995.00,水平線手前,利確,支持抵抗,0,105.60200
2021-02-01,2021-02-28,20260209_090707,20260209_090707-0056,2021-02-16 19:27:32.275000,2021-02-16 20:02:46.197000,買い,105.27300,105.22300,1.00,-5.00,5990.00,水平線手前,損切,支持抵抗,0,105.27300
2021-02-01,2021-02-28,20260209_090707,20260209_090707-0057,2021-02-16 20:08:55.009000,2021-02-16 20:57:53.114000,買い,105.21200,105.36200,1.00,15.00,6005.00,水平線手前,利確,支持抵抗,0,105.21200
2021-02-01,2021-02-28,20260209_090707,20260209_090707-0058,2021-02-16 22:56:11.749000,2021-02-16 23:01:46.381000,売り,105.70700,105.75700,1.00,-5.00,6000.00,水平線手前,損切,支持抵抗,0,105.70700
2021-02-01,2021-02-28,20260209_090707,20260209_090707-0059,2021-02-16 23:29:48.595000,2021-02-17 01:30:22.731000,売り,105.78200,105.83200,1.00,-5.00,5995.00,水平線手前,損切,支持抵抗,0,105.78200
2021-02-01,2021-02-28,20260209_090707,20260209_090707-0060,2021-02-17 01:51:02.098000,2021-02-17 02:04:07.639000,売り,105.84700,105.89700,1.00,-5.00,5990.00,水平線手前,損切,支持抵抗,0,105.84700
2021-02-01,2021-02-28,20260209_090707,20260209_090707-0061,2021-02-17 02:15:42.039000,2021-02-17 06:20:49.624000,売り,105.93600,105.98600,1.00,-5.00,5985.00,水平線手前,損切,支持抵抗,0,105.93600
2021-02-01,2021-02-28,20260209_090707,20260209_090707-0062,2021-02-17 17:48:44.463000,2021-02-17 18:47:57.966000,買い,105.87700,106.02700,1.00,15.00,6000.00,水平線手前,利確,支持抵抗,0,105.87700
2021-02-01,2021-02-28,20260209_090707,20260209_090707-0063,2021-02-17 22:30:22.551000,2021-02-17 23:22:30.134000,売り,106.19400,106.04400,1.00,15.00,6015.00,水平線手前,利確,支持抵抗,0,106.19400
2021-02-01,2021-02-28,20260209_090707,20260209_090707-0064,2021-02-17 23:36:01.842000,2021-02-18 01:36:39.823000,買い,105.86400,105.81400,1.00,-5.00,6010.00,水平線手前,損切,支持抵抗,0,105.86400
2021-02-01,2021-02-28,20260209_090707,20260209_090707-0065,2021-02-18 01:26:10.150000,2021-02-18 02:12:52.690000,買い,105.84800,105.79800,1.00,-5.00,6005.00,水平線手前,損切,支持抵抗,0,105.84800
2021-02-01,2021-02-28,20260209_090707,20260209_090707-0066,2021-02-18 02:03:05.128000,2021-02-18 09:21:32.028000,買い,105.81500,105.76500,1.00,-5.00,6000.00,水平線手前,損切,支持抵抗,0,105.81500
2021-02-01,2021-02-28,20260209_090707,20260209_090707-0067,2021-02-18 17:45:47.815000,2021-02-18 20:07:09.364000,買い,105.73700,105.68700,1.00,-5.00,5995.00,水平線手前,損切,支持抵抗,0,105.73700
2021-02-01,2021-02-28,20260209_090707,20260209_090707-0068,2021-02-18 17:45:08.094000,2021-02-18 20:07:30.695000,買い,105.73500,105.68500,1.00,-5.00,5990.00,水平線手前,損切,支持抵抗,0,105.73500
2021-02-01,2021-02-28,20260209_090707,20260209_090707-0069,2021-02-18 18:00:51.125000,2021-02-18 20:07:34.695000,買い,105.72900,105.67900,1.00,-5.00,5985.00,水平線手前,損切,支持抵抗,0,105.72900
2021-02-01,2021-02-28,20260209_090707,20260209_090707-0070,2021-02-18 20:07:38.039000,2021-02-18 22:56:07.226000,買い,105.66900,105.61900,1.00,-5.00,5980.00,水平線手前,損切,支持抵抗,0,105.66900
2021-02-01,2021-02-28,20260209_090707,20260209_090707-0071,2021-02-18 22:52:24.383000,2021-02-18 23:32:33.517000,買い,105.63800,105.78800,1.00,15.00,5995.00,水平線手前,利確,支持抵抗,0,105.63800
2021-02-01,2021-02-28,20260209_090707,20260209_090707-0072,2021-02-19 13:54:52.331000,2021-02-19 14:06:18.573000,買い,105.62500,105.57500,1.00,-5.00,5990.00,水平線手前,損切,支持抵抗,0,105.62500
2021-02-01,2021-02-28,20260209_090707,20260209_090707-0073,2021-02-19 14:00:59.579000,2021-02-19 15:08:18.265000,買い,105.59800,105.54800,1.00,-5.00,5985.00,水平線手前,損切,支持抵抗,0,105.59800
2021-02-01,2021-02-28,20260209_090707,20260209_090707-0074,2021-02-19 15:00:39.105000,2021-02-19 17:15:09.761000,買い,105.58500,105.53500,1.00,-5.00,5980.00,水平線手前,損切,支持抵抗,0,105.58500
2021-02-01,2021-02-28,20260209_090707,20260209_090707-0075,2021-02-19 17:42:53.138000,2021-02-19 21:55:26.073000,買い,105.35300,105.30300,1.00,-5.00,5975.00,水平線手前,損切,支持抵抗,0,105.35300
2021-02-01,2021-02-28,20260209_090707,20260209_090707-0076,2021-02-19 19:25:30.328000,2021-02-19 21:55:27.952000,買い,105.35100,105.30100,1.00,-5.00,5970.00,水平線手前,損切,支持抵抗,0,105.35100
2021-02-01,2021-02-28,20260209_090707,20260209_090707-0077,2021-02-19 20:07:49.160000,2021-02-19 21:55:28.660000,買い,105.35000,105.30000,1.00,-5.00,5965.00,水平線手前,損切,支持抵抗,0,105.35000
2021-02-01,2021-02-28,20260209_090707,20260209_090707-0078,2021-02-19 21:56:11.999000,2021-02-19 22:36:41.394000,買い,105.28000,105.43000,1.00,15.00,5980.00,水平線手前,利確,支持抵抗,0,105.28000
2021-02-01,2021-02-28,20260209_090707,20260209_090707-0079,2021-02-22 11:17:13.471000,2021-02-22 16:27:22.995000,売り,105.70700,105.75700,1.00,-5.00,5975.00,水平線手前,損切,支持抵抗,0,105.70700
2021-02-01,2021-02-28,20260209_090707,20260209_090707-0080,2021-02-22 11:17:15.939000,2021-02-22 16:27:54.616000,売り,105.71200,105.76200,1.00,-5.00,5970.00,水平線手前,損切,支持抵抗,0,105.71200
2021-02-01,2021-02-28,20260209_090707,20260209_090707-0081,2021-02-22 16:49:21.760000,2021-02-22 17:47:29.292000,売り,105.79500,105.84500,1.00,-5.00,5965.00,水平線手前,損切,支持抵抗,0,105.79500
2021-02-01,2021-02-28,20260209_090707,20260209_090707-0082,2021-02-22 17:34:14.566000,2021-02-22 18:53:14.894000,売り,105.81600,105.66600,1.00,15.00,5980.00,水平線手前,利確,支持抵抗,0,105.81600
2021-02-01,2021-02-28,20260209_090707,20260209_090707-0083,2021-02-22 22:04:20.421000,2021-02-22 22:22:33.816000,買い,105.51400,105.46400,1.00,-5.00,5975.00,水平線手前,損切,支持抵抗,0,105.51400
2021-02-01,2021-02-28,20260209_090707,20260209_090707-0084,2021-02-22 22:49:38.872000,2021-02-22 23:34:42.010000,買い,105.35100,105.30100,1.00,-5.00,5970.00,水平線手前,損切,支持抵抗,0,105.35100
2021-02-01,2021-02-28,20260209_090707,20260209_090707-0085,2021-02-22 23:37:17.928000,2021-02-22 23:47:25.135000,買い,105.28000,105.23000,1.00,-5.00,5965.00,水平線手前,損切,支持抵抗,0,105.28000
2021-02-01,2021-02-28,20260209_090707,20260209_090707-0086,2021-02-22 23:55:08.372000,2021-02-23 00:03:10.974000,買い,105.14400,105.09400,1.00,-5.00,5960.00,水平線手前,損切,支持抵抗,0,105.14400
2021-02-01,2021-02-28,20260209_090707,20260209_090707-0087,2021-02-23 00:12:45.494000,2021-02-23 08:32:42.948000,買い,105.03200,104.98200,1.00,-5.00,5955.00,水平線手前,損切,支持抵抗,0,105.03200
2021-02-01,2021-02-28,20260209_090707,20260209_090707-0088,2021-02-23 00:13:23.065000,2021-02-23 08:33:18.109000,買い,105.01600,104.96600,1.00,-5.00,5950.00,水平線手前,損切,支持抵抗,0,105.01600
2021-02-01,2021-02-28,20260209_090707,20260209_090707-0089,2021-02-24 11:45:27.230000,2021-02-24 11:57:57.626000,売り,105.45700,105.50700,1.00,-5.00,5945.00,水平線手前,損切,支持抵抗,0,105.45700
2021-02-01,2021-02-28,20260209_090707,20260209_090707-0090,2021-02-24 11:47:26.538000,2021-02-24 12:49:47.870000,売り,105.46900,105.51900,1.00,-5.00,5940.00,水平線手前,損切,支持抵抗,0,105.46900
2021-02-01,2021-02-28,20260209_090707,20260209_090707-0091,2021-02-24 12:45:28.469000,2021-02-24 14:48:40.811000,売り,105.50700,105.55700,1.00,-5.00,5935.00,水平線手前,損切,支持抵抗,0,105.50700
2021-02-01,2021-02-28,20260209_090707,20260209_090707-0092,2021-02-24 17:31:02.694000,2021-02-24 17:43:06.380000,売り,105.59500,105.64500,1.00,-5.00,5930.00,水平線手前,損切,支持抵抗,0,105.59500
2021-02-01,2021-02-28,20260209_090707,20260209_090707-0093,2021-02-24 17:54:30.964000,2021-02-24 18:18:29.136000,売り,105.68000,105.73000,1.00,-5.00,5925.00,水平線手前,損切,支持抵抗,0,105.68000
2021-02-01,2021-02-28,20260209_090707,20260209_090707-0094,2021-02-24 18:36:35.461000,2021-02-24 20:04:37.433000,売り,105.78700,105.83700,1.00,-5.00,5920.00,水平線手前,損切,支持抵抗,0,105.78700
2021-02-01,2021-02-28,20260209_090707,20260209_090707-0095,2021-02-24 19:17:11.099000,2021-02-24 20:04:39.273000,売り,105.79000,105.84000,1.00,-5.00,5915.00,水平線手前,損切,支持抵抗,0,105.79000
2021-02-01,2021-02-28,20260209_090707,20260209_090707-0096,2021-02-24 20:04:40.234000,2021-02-24 21:53:26.442000,売り,105.83800,105.88800,1.00,-5.00,5910.00,水平線手前,損切,支持抵抗,0,105.83800
2021-02-01,2021-02-28,20260209_090707,20260209_090707-0097,2021-02-24 21:53:30.876000,2021-02-24 22:08:40.800000,売り,105.87900,105.92900,1.00,-5.00,5905.00,水平線手前,損切,支持抵抗,0,105.87900
2021-02-01,2021-02-28,20260209_090707,20260209_090707-0098,2021-02-24 21:54:40.895000,2021-02-24 22:09:25.414000,売り,105.89400,105.94400,1.00,-5.00,5900.00,水平線手前,損切,支持抵抗,0,105.89400
2021-02-01,2021-02-28,20260209_090707,20260209_090707-0099,2021-02-25 00:10:12.647000,2021-02-25 01:01:28.940000,売り,106.07400,105.92400,1.00,15.00,5915.00,水平線手前,利確,支持抵抗,0,106.07400
2021-02-01,2021-02-28,20260209_090707,20260209_090707-0100,2021-02-24 22:46:23.791000,2021-02-25 01:01:30.398000,売り,106.06800,105.91800,1.00,15.00,5930.00,水平線手前,利確,支持抵抗,0,106.06800
2021-02-01,2021-02-28,20260209_090707,20260209_090707-0101,2021-02-25 00:10:02.214000,2021-02-25 01:01:30.398000,売り,106.06800,105.91800,1.00,15.00,5945.00,水平線手前,利確,支持抵抗,0,106.06800
2021-02-01,2021-02-28,20260209_090707,20260209_090707-0102,2021-02-25 13:54:26.357000,2021-02-25 16:33:54.422000,買い,105.86300,106.01300,1.00,15.00,5960.00,水平線手前,利確,支持抵抗,0,105.86300
2021-02-01,2021-02-28,20260209_090707,20260209_090707-0103,2021-02-25 17:30:41.327000,2021-02-25 18:01:46.036000,売り,106.10800,106.15800,1.00,-5.00,5955.00,水平線手前,損切,支持抵抗,0,106.10800
2021-02-01,2021-02-28,20260209_090707,20260209_090707-0104,2021-02-25 17:31:27.895000,2021-02-25 18:03:18.461000,売り,106.11300,106.16300,1.00,-5.00,5950.00,水平線手前,損切,支持抵抗,0,106.11300
2021-02-01,2021-02-28,20260209_090707,20260209_090707-0105,2021-02-25 19:23:05.037000,2021-02-25 22:30:16.760000,売り,106.14100,106.19100,1.00,-5.00,5945.00,水平線手前,損切,支持抵抗,0,106.14100
2021-02-01,2021-02-28,20260209_090707,20260209_090707-0106,2021-02-25 18:01:45.934000,2021-02-25 22:32:48.509000,売り,106.14500,106.19500,1.00,-5.00,5940.00,水平線手前,損切,支持抵抗,0,106.14500
2021-02-01,2021-02-28,20260209_090707,20260209_090707-0107,2021-02-25 22:30:16.812000,2021-02-26 00:45:32.547000,売り,106.18300,106.23300,1.00,-5.00,5935.00,水平線手前,損切,支持抵抗,0,106.18300
2021-02-01,2021-02-28,20260209_090707,20260209_090707-0108,2021-02-25 23:43:01.378000,2021-02-26 00:45:32.598000,買い,106.07700,106.22700,1.00,15.00,5950.00,水平線手前,利確,支持抵抗,0,106.07700
2021-02-01,2021-02-28,20260209_090707,20260209_090707-0109,2021-02-26 00:45:44.336000,2021-02-26 01:01:24.155000,売り,106.24300,106.29300,1.00,-5.00,5945.00,水平線手前,損切,支持抵抗,0,106.24300
2021-02-01,2021-02-28,20260209_090707,20260209_090707-0110,2021-02-26 01:00:15.595000,2021-02-26 02:54:06.535000,売り,106.26100,106.31100,1.00,-5.00,5940.00,水平線手前,損切,支持抵抗,0,106.26100
2021-02-01,2021-02-28,20260209_090707,20260209_090707-0111,2021-02-26 02:54:00.921000,2021-02-26 03:01:54.076000,売り,106.30000,106.35000,1.00,-5.00,5935.00,水平線手前,損切,支持抵抗,0,106.30000
2021-02-01,2021-02-28,20260209_090707,20260209_090707-0112,2021-02-26 03:02:09.365000,2021-02-26 03:18:26.951000,売り,106.37500,106.22500,1.00,15.00,5950.00,水平線手前,利確,支持抵抗,0,106.37500
2021-02-01,2021-02-28,20260209_090707,20260209_090707-0113,2021-02-26 03:40:34.521000,2021-02-26 04:18:03.976000,買い,106.03200,106.18200,1.00,15.00,5965.00,水平線手前,利確,支持抵抗,0,106.03200
2021-02-01,2021-02-28,20260209_090707,20260209_090707-0114,2021-02-26 11:36:57.934000,2021-02-26 12:47:01.018000,買い,105.88800,106.03800,1.00,15.00,5980.00,水平線手前,利確,支持抵抗,0,105.88800
2021-02-01,2021-02-28,20260209_090707,20260209_090707-0115,2021-02-26 18:57:56.613000,2021-02-26 18:58:48.481000,売り,106.40000,106.45000,1.00,-5.00,5975.00,水平線手前,損切,支持抵抗,0,106.40000
2021-02-01,2021-02-28,20260209_090707,20260209_090707-0116,2021-02-26 18:59:20.191000,2021-02-26 20:57:35.099000,売り,106.49100,106.34100,1.00,15.00,5990.00,水平線手前,利確,支持抵抗,0,106.49100
2021-02-01,2021-02-28,20260209_090707,20260209_090707-0117,2021-02-27 00:17:33.710000,2021-02-27 00:31:07.530000,売り,106.49100,106.54100,1.00,-5.00,5985.00,水平線手前,損切,支持抵抗,0,106.49100
2021-02-01,2021-02-28,20260209_090707,20260209_090707-0118,2021-02-27 00:46:30.191000,2021-02-27 01:13:00.833000,売り,106.58700,106.63700,1.00,-5.00,5980.00,水平線手前,損切,支持抵抗,0,106.58700
2021-02-01,2021-02-28,20260209_090707,20260209_090707-0119,2021-02-27 01:19:04.340000,2021-02-27 06:56:40.006000,売り,106.66100,106.51100,1.00,15.00,5995.00,水平線手前,利確,支持抵抗,0,106.66100
2021-02-01,2021-02-28,20260209_090707,20260209_090707-0120,2021-02-27 02:05:59.682000,2021-02-27 06:56:40.006000,売り,106.66200,106.51200,1.00,15.00,6010.00,水平線手前,利確,支持抵抗,0,106.66200
2021-03-01,2021-03-31,20260209_090739,20260209_090739-0001,2021-03-02 00:15:56.858000,2021-03-02 02:29:04.187000,買い,106.55800,106.70800,1.00,15.00,6025.00,水平線手前,利確,支持抵抗,0,106.55800
2021-03-01,2021-03-31,20260209_090739,20260209_090739-0002,2021-03-02 02:39:20.990000,2021-03-02 02:53:27.267000,売り,106.74500,106.79500,1.00,-5.00,6020.00,水平線手前,損切,支持抵抗,0,106.74500
2021-03-01,2021-03-31,20260209_090739,20260209_090739-0003,2021-03-02 02:39:29.457000,2021-03-02 03:10:06.830000,売り,106.76800,106.81800,1.00,-5.00,6015.00,水平線手前,損切,支持抵抗,0,106.76800
2021-03-01,2021-03-31,20260209_090739,20260209_090739-0004,2021-03-02 03:12:49.742000,2021-03-02 04:18:39.029000,売り,106.83300,106.88300,1.00,-5.00,6010.00,水平線手前,損切,支持抵抗,0,106.83300
2021-03-01,2021-03-31,20260209_090739,20260209_090739-0005,2021-03-02 04:17:46.393000,2021-03-02 07:01:59.896000,売り,106.85900,106.70900,1.00,15.00,6025.00,水平線手前,利確,支持抵抗,0,106.85900
2021-03-01,2021-03-31,20260209_090739,20260209_090739-0006,2021-03-02 11:00:16.920000,2021-03-02 11:59:00.921000,売り,106.89400,106.74400,1.00,15.00,6040.00,水平線手前,利確,支持抵抗,0,106.89400
2021-03-01,2021-03-31,20260209_090739,20260209_090739-0007,2021-03-02 23:50:56.596000,2021-03-02 23:52:48.706000,買い,106.76200,106.71200,1.00,-5.00,6035.00,水平線手前,損切,支持抵抗,0,106.76200
2021-03-01,2021-03-31,20260209_090739,20260209_090739-0008,2021-03-02 23:51:35.430000,2021-03-03 01:00:49.214000,買い,106.74600,106.69600,1.00,-5.00,6030.00,水平線手前,損切,支持抵抗,0,106.74600
2021-03-01,2021-03-31,20260209_090739,20260209_090739-0009,2021-03-03 01:00:35.217000,2021-03-03 12:44:41.353000,買い,106.71600,106.86600,1.00,15.00,6045.00,水平線手前,利確,支持抵抗,0,106.71600
2021-03-01,2021-03-31,20260209_090739,20260209_090739-0010,2021-03-03 17:37:05.818000,2021-03-03 19:34:26.369000,売り,106.91700,106.96700,1.00,-5.00,6040.00,水平線手前,損切,支持抵抗,0,106.91700
2021-03-01,2021-03-31,20260209_090739,20260209_090739-0011,2021-03-03 19:28:44.157000,2021-03-03 19:37:20.084000,売り,106.92700,106.97700,1.00,-5.00,6035.00,水平線手前,損切,支持抵抗,0,106.92700
2021-03-01,2021-03-31,20260209_090739,20260209_090739-0012,2021-03-03 19:28:56.477000,2021-03-03 20:24:24.929000,売り,106.93700,106.98700,1.00,-5.00,6030.00,水平線手前,損切,支持抵抗,0,106.93700
2021-03-01,2021-03-31,20260209_090739,20260209_090739-0013,2021-03-03 20:39:29.710000,2021-03-03 22:15:07.895000,売り,106.99900,106.84900,1.00,15.00,6045.00,水平線手前,利確,支持抵抗,0,106.99900
2021-03-01,2021-03-31,20260209_090739,20260209_090739-0014,2021-03-03 23:44:30.341000,2021-03-04 00:21:29.607000,売り,107.06000,107.11000,1.00,-5.00,6040.00,水平線手前,損切,支持抵抗,0,107.06000
2021-03-01,2021-03-31,20260209_090739,20260209_090739-0015,2021-03-04 00:39:02.250000,2021-03-04 00:57:52.991000,売り,107.12700,106.97700,1.00,15.00,6055.00,水平線手前,利確,支持抵抗,0,107.12700
2021-03-01,2021-03-31,20260209_090739,20260209_090739-0016,2021-03-04 15:23:21.397000,2021-03-04 16:17:27.234000,売り,107.12300,107.17300,1.00,-5.00,6050.00,水平線手前,損切,支持抵抗,0,107.12300
2021-03-01,2021-03-31,20260209_090739,20260209_090739-0017,2021-03-04 16:07:43.922000,2021-03-04 17:04:05.349000,売り,107.14200,107.19200,1.00,-5.00,6045.00,水平線手前,損切,支持抵抗,0,107.14200
2021-03-01,2021-03-31,20260209_090739,20260209_090739-0018,2021-03-04 17:41:04.808000,2021-03-04 21:38:26.863000,売り,107.33200,107.38200,1.00,-5.00,6040.00,水平線手前,損切,支持抵抗,0,107.33200
2021-03-01,2021-03-31,20260209_090739,20260209_090739-0019,2021-03-04 20:06:02.230000,2021-03-04 21:38:26.964000,売り,107.33300,107.38300,1.00,-5.00,6035.00,水平線手前,損切,支持抵抗,0,107.33300
2021-03-01,2021-03-31,20260209_090739,20260209_090739-0020,2021-03-04 23:00:32.175000,2021-03-05 00:19:09.727000,売り,107.46100,107.51100,1.00,-5.00,6030.00,水平線手前,損切,支持抵抗,0,107.46100
2021-03-01,2021-03-31,20260209_090739,20260209_090739-0021,2021-03-04 22:46:29.234000,2021-03-05 00:19:10.132000,売り,107.46300,107.51300,1.00,-5.00,6025.00,水平線手前,損切,支持抵抗,0,107.46300
2021-03-01,2021-03-31,20260209_090739,20260209_090739-0022,2021-03-05 00:51:25.197000,2021-03-05 02:11:17.852000,売り,107.61700,107.66700,1.00,-5.00,6020.00,水平線手前,損切,支持抵抗,0,107.61700
2021-03-01,2021-03-31,20260209_090739,20260209_090739-0023,2021-03-05 02:35:39.316000,2021-03-05 03:06:00.511000,売り,107.79700,107.84700,1.00,-5.00,6015.00,水平線手前,損切,支持抵抗,0,107.79700
2021-03-01,2021-03-31,20260209_090739,20260209_090739-0024,2021-03-05 03:07:40.125000,2021-03-05 04:59:57.933000,売り,107.87500,107.92500,1.00,-5.00,6010.00,水平線手前,損切,支持抵抗,0,107.87500
2021-03-01,2021-03-31,20260209_090739,20260209_090739-0025,2021-03-05 04:00:29.784000,2021-03-05 05:00:20.655000,売り,107.88800,107.93800,1.00,-5.00,6005.00,水平線手前,損切,支持抵抗,0,107.88800
2021-03-01,2021-03-31,20260209_090739,20260209_090739-0026,2021-03-05 13:03:33.261000,2021-03-05 13:15:38.035000,売り,107.98300,108.03300,1.00,-5.00,6000.00,水平線手前,損切,支持抵抗,0,107.98300
2021-03-01,2021-03-31,20260209_090739,20260209_090739-0027,2021-03-05 13:22:50.476000,2021-03-05 14:55:25.613000,売り,108.06600,108.11600,1.00,-5.00,5995.00,水平線手前,損切,支持抵抗,0,108.06600
2021-03-01,2021-03-31,20260209_090739,20260209_090739-0028,2021-03-05 14:55:20.340000,2021-03-05 15:06:27.653000,売り,108.09600,108.14600,1.00,-5.00,5990.00,水平線手前,損切,支持抵抗,0,108.09600
2021-03-01,2021-03-31,20260209_090739,20260209_090739-0029,2021-03-05 15:53:45.731000,2021-03-05 16:01:10.089000,売り,108.26700,108.31700,1.00,-5.00,5985.00,水平線手前,損切,支持抵抗,0,108.26700
2021-03-01,2021-03-31,20260209_090739,20260209_090739-0030,2021-03-05 16:01:17.585000,2021-03-05 17:18:23.332000,売り,108.31800,108.36800,1.00,-5.00,5980.00,水平線手前,損切,支持抵抗,0,108.31800
2021-03-01,2021-03-31,20260209_090739,20260209_090739-0031,2021-03-05 17:49:16.905000,2021-03-05 18:17:45.236000,売り,108.46200,108.51200,1.00,-5.00,5975.00,水平線手前,損切,支持抵抗,0,108.46200
2021-03-01,2021-03-31,20260209_090739,20260209_090739-0032,2021-03-05 18:17:26.959000,2021-03-05 19:49:19.623000,売り,108.49200,108.54200,1.00,-5.00,5970.00,水平線手前,損切,支持抵抗,0,108.49200
2021-03-01,2021-03-31,20260209_090739,20260209_090739-0033,2021-03-05 19:49:18.309000,2021-03-05 20:33:03.562000,売り,108.52600,108.37600,1.00,15.00,5985.00,水平線手前,利確,支持抵抗,0,108.52600
2021-03-01,2021-03-31,20260209_090739,20260209_090739-0034,2021-03-05 20:33:10.089000,2021-03-05 20:33:44.274000,買い,108.26100,108.41100,1.00,15.00,6000.00,水平線手前,利確,支持抵抗,0,108.26100
2021-03-01,2021-03-31,20260209_090739,20260209_090739-0035,2021-03-05 21:24:28.841000,2021-03-05 22:30:01.259000,買い,108.26200,108.41200,1.00,15.00,6015.00,水平線手前,利確,支持抵抗,0,108.26200
2021-03-01,2021-03-31,20260209_090739,20260209_090739-0036,2021-03-05 22:33:17.924000,2021-03-05 22:42:32.880000,売り,108.61400,108.46400,1.00,15.00,6030.00,水平線手前,利確,支持抵抗,0,108.61400
2021-03-01,2021-03-31,20260209_090739,20260209_090739-0037,2021-03-05 23:16:45.063000,2021-03-05 23:34:59.886000,買い,108.17500,108.32500,1.00,15.00,6045.00,水平線手前,利確,支持抵抗,0,108.17500
2021-03-01,2021-03-31,20260209_090739,20260209_090739-0038,2021-03-06 00:27:11.591000,2021-03-06 01:02:46.307000,買い,108.13500,108.28500,1.00,15.00,6060.00,水平線手前,利確,支持抵抗,0,108.13500
2021-03-01,2021-03-31,20260209_090739,20260209_090739-0039,2021-03-08 11:43:08.681000,2021-03-08 16:52:42.106000,売り,108.45900,108.50900,1.00,-5.00,6055.00,水平線手前,損切,支持抵抗,0,108.45900
2021-03-01,2021-03-31,20260209_090739,20260209_090739-0040,2021-03-08 16:52:42.055000,2021-03-08 18:11:44.177000,売り,108.49700,108.54700,1.00,-5.00,6050.00,水平線手前,損切,支持抵抗,0,108.49700
2021-03-01,2021-03-31,20260209_090739,20260209_090739-0041,2021-03-08 17:00:01.429000,2021-03-08 18:26:45.199000,売り,108.50400,108.55400,1.00,-5.00,6045.00,水平線手前,損切,支持抵抗,0,108.50400
2021-03-01,2021-03-31,20260209_090739,20260209_090739-0042,2021-03-08 18:29:10.704000,2021-03-08 21:07:18.060000,売り,108.57600,108.62600,1.00,-5.00,6040.00,水平線手前,損切,支持抵抗,0,108.57600
2021-03-01,2021-03-31,20260209_090739,20260209_090739-0043,2021-03-08 21:50:46.857000,2021-03-08 22:40:18.771000,売り,108.67000,108.72000,1.00,-5.00,6035.00,水平線手前,損切,支持抵抗,0,108.67000
2021-03-01,2021-03-31,20260209_090739,20260209_090739-0044,2021-03-08 22:40:18.670000,2021-03-08 23:42:12.517000,売り,108.70800,108.75800,1.00,-5.00,6030.00,水平線手前,損切,支持抵抗,0,108.70800
2021-03-01,2021-03-31,20260209_090739,20260209_090739-0045,2021-03-08 23:57:14.471000,2021-03-09 00:45:39.740000,売り,108.80400,108.85400,1.00,-5.00,6025.00,水平線手前,損切,支持抵抗,0,108.80400
2021-03-01,2021-03-31,20260209_090739,20260209_090739-0046,2021-03-09 00:11:30.750000,2021-03-09 01:39:11.694000,売り,108.83700,108.88700,1.00,-5.00,6020.00,水平線手前,損切,支持抵抗,0,108.83700
2021-03-01,2021-03-31,20260209_090739,20260209_090739-0047,2021-03-09 01:46:21.188000,2021-03-09 08:26:09.194000,売り,108.91200,108.96200,1.00,-5.00,6015.00,水平線手前,損切,支持抵抗,0,108.91200
2021-03-01,2021-03-31,20260209_090739,20260209_090739-0048,2021-03-09 11:12:06.892000,2021-03-09 11:45:54.846000,売り,109.17300,109.22300,1.00,-5.00,6010.00,水平線手前,損切,支持抵抗,0,109.17300
2021-03-01,2021-03-31,20260209_090739,20260209_090739-0049,2021-03-09 11:00:52.555000,2021-03-09 16:21:36.415000,売り,109.20300,109.05300,1.00,15.00,6025.00,水平線手前,利確,支持抵抗,0,109.20300
2021-03-01,2021-03-31,20260209_090739,20260209_090739-0050,2021-03-09 21:08:50.253000,2021-03-09 21:49:06.033000,売り,108.80600,108.85600,1.00,-5.00,6020.00,水平線手前,損切,支持抵抗,0,108.80600
2021-03-01,2021-03-31,20260209_090739,20260209_090739-0051,2021-03-09 21:48:53.107000,2021-03-09 22:11:31.610000,売り,108.83800,108.88800,1.00,-5.00,6015.00,水平線手前,損切,支持抵抗,0,108.83800
2021-03-01,2021-03-31,20260209_090739,20260209_090739-0052,2021-03-09 22:19:00.357000,2021-03-09 23:13:10.022000,売り,108.94100,108.79100,1.00,15.00,6030.00,水平線手前,利確,支持抵抗,0,108.94100
2021-03-01,2021-03-31,20260209_090739,20260209_090739-0053,2021-03-10 01:25:35.818000,2021-03-10 01:27:45.027000,買い,108.60000,108.55000,1.00,-5.00,6025.00,水平線手前,損切,支持抵抗,0,108.60000
2021-03-01,2021-03-31,20260209_090739,20260209_090739-0054,2021-03-10 01:27:06.069000,2021-03-10 02:16:30.581000,買い,108.58600,108.53600,1.00,-5.00,6020.00,水平線手前,損切,支持抵抗,0,108.58600
2021-03-01,2021-03-31,20260209_090739,20260209_090739-0055,2021-03-10 02:41:17.046000,2021-03-10 03:02:18.227000,買い,108.53300,108.48300,1.00,-5.00,6015.00,水平線手前,損切,支持抵抗,0,108.53300
2021-03-01,2021-03-31,20260209_090739,20260209_090739-0056,2021-03-10 03:14:14.791000,2021-03-10 04:10:22.728000,買い,108.47000,108.42000,1.00,-5.00,6010.00,水平線手前,損切,支持抵抗,0,108.47000
2021-03-01,2021-03-31,20260209_090739,20260209_090739-0057,2021-03-10 04:04:52.123000,2021-03-10 08:17:25.622000,買い,108.45500,108.60500,1.00,15.00,6025.00,水平線手前,利確,支持抵抗,0,108.45500
2021-03-01,2021-03-31,20260209_090739,20260209_090739-0058,2021-03-10 11:39:31.994000,2021-03-10 13:35:07.216000,売り,108.80400,108.85400,1.00,-5.00,6020.00,水平線手前,損切,支持抵抗,0,108.80400
2021-03-01,2021-03-31,20260209_090739,20260209_090739-0059,2021-03-10 13:35:09.442000,2021-03-10 14:45:46.168000,売り,108.84800,108.89800,1.00,-5.00,6015.00,水平線手前,損切,支持抵抗,0,108.84800
2021-03-01,2021-03-31,20260209_090739,20260209_090739-0060,2021-03-10 15:00:32.086000,2021-03-10 16:47:26.832000,売り,108.88900,108.73900,1.00,15.00,6030.00,水平線手前,利確,支持抵抗,0,108.88900
2021-03-01,2021-03-31,20260209_090739,20260209_090739-0061,2021-03-10 14:30:44.783000,2021-03-10 16:48:03.584000,売り,108.88200,108.73200,1.00,15.00,6045.00,水平線手前,利確,支持抵抗,0,108.88200
2021-03-01,2021-03-31,20260209_090739,20260209_090739-0062,2021-03-10 22:06:26.606000,2021-03-10 22:06:27.573000,買い,108.67900,108.62900,1.00,-5.00,6040.00,水平線手前,損切,支持抵抗,0,108.67900
2021-03-01,2021-03-31,20260209_090739,20260209_090739-0063,2021-03-10 22:32:21.424000,2021-03-10 22:41:52.922000,買い,108.46900,108.61900,1.00,15.00,6055.00,水平線手前,利確,支持抵抗,0,108.46900
2021-03-01,2021-03-31,20260209_090739,20260209_090739-0064,2021-03-10 23:14:34.089000,2021-03-10 23:56:47.608000,買い,108.34900,108.49900,1.00,15.00,6070.00,水平線手前,利確,支持抵抗,0,108.34900
2021-03-01,2021-03-31,20260209_090739,20260209_090739-0065,2021-03-10 23:10:29.292000,2021-03-10 23:59:44.588000,買い,108.37600,108.52600,1.00,15.00,6085.00,水平線手前,利確,支持抵抗,0,108.37600
2021-03-01,2021-03-31,20260209_090739,20260209_090739-0066,2021-03-11 18:15:23.401000,2021-03-11 21:02:58.547000,買い,108.39500,108.54500,1.00,15.00,6100.00,水平線手前,利確,支持抵抗,0,108.39500
2021-03-01,2021-03-31,20260209_090739,20260209_090739-0067,2021-03-12 03:03:22.272000,2021-03-12 08:05:22.306000,買い,108.39200,108.54200,1.00,15.00,6115.00,水平線手前,利確,支持抵抗,0,108.39200
2021-03-01,2021-03-31,20260209_090739,20260209_090739-0068,2021-03-12 11:17:23.511000,2021-03-12 11:21:51.735000,売り,108.70300,108.75300,1.00,-5.00,6110.00,水平線手前,損切,支持抵抗,0,108.70300
2021-03-01,2021-03-31,20260209_090739,20260209_090739-0069,2021-03-12 11:37:17.746000,2021-03-12 15:03:32.045000,売り,108.75400,108.80400,1.00,-5.00,6105.00,水平線手前,損切,支持抵抗,0,108.75400
2021-03-01,2021-03-31,20260209_090739,20260209_090739-0070,2021-03-12 15:07:03.015000,2021-03-12 15:12:39.824000,売り,108.83300,108.88300,1.00,-5.00,6100.00,水平線手前,損切,支持抵抗,0,108.83300
2021-03-01,2021-03-31,20260209_090739,20260209_090739-0071,2021-03-12 15:12:39.570000,2021-03-12 16:07:19.226000,売り,108.86900,108.91900,1.00,-5.00,6095.00,水平線手前,損切,支持抵抗,0,108.86900
2021-03-01,2021-03-31,20260209_090739,20260209_090739-0072,2021-03-12 16:32:31.463000,2021-03-12 17:00:42.898000,売り,109.03000,109.08000,1.00,-5.00,6090.00,水平線手前,損切,支持抵抗,0,109.03000
2021-03-01,2021-03-31,20260209_090739,20260209_090739-0073,2021-03-12 17:05:11.279000,2021-03-12 20:34:35.482000,売り,109.13600,108.98600,1.00,15.00,6105.00,水平線手前,利確,支持抵抗,0,109.13600
2021-03-01,2021-03-31,20260209_090739,20260209_090739-0074,2021-03-12 23:04:12.414000,2021-03-12 23:45:13.273000,売り,109.13500,108.98500,1.00,15.00,6120.00,水平線手前,利確,支持抵抗,0,109.13500
2021-03-01,2021-03-31,20260209_090739,20260209_090739-0075,2021-03-15 11:28:58.814000,2021-03-15 14:24:12.596000,売り,109.16900,109.21900,1.00,-5.00,6115.00,水平線手前,損切,支持抵抗,0,109.16900
2021-03-01,2021-03-31,20260209_090739,20260209_090739-0076,2021-03-15 14:40:04.706000,2021-03-15 15:03:05.012000,売り,109.26400,109.31400,1.00,-5.00,6110.00,水平線手前,損切,支持抵抗,0,109.26400
2021-03-01,2021-03-31,20260209_090739,20260209_090739-0077,2021-03-15 15:07:15.525000,2021-03-15 16:33:49.560000,売り,109.33500,109.18500,1.00,15.00,6125.00,水平線手前,利確,支持抵抗,0,109.33500
2021-03-01,2021-03-31,20260209_090739,20260209_090739-0078,2021-03-16 17:00:02.832000,2021-03-16 20:26:39.279000,売り,109.25700,109.10700,1.00,15.00,6140.00,水平線手前,利確,支持抵抗,0,109.25700
2021-03-01,2021-03-31,20260209_090739,20260209_090739-0079,2021-03-16 16:49:03.792000,2021-03-16 20:26:46.863000,売り,109.25400,109.10400,1.00,15.00,6155.00,水平線手前,利確,支持抵抗,0,109.25400
2021-03-01,2021-03-31,20260209_090739,20260209_090739-0080,2021-03-16 20:53:04.339000,2021-03-16 21:10:07.890000,買い,109.04200,108.99200,1.00,-5.00,6150.00,水平線手前,損切,支持抵抗,0,109.04200
2021-03-01,2021-03-31,20260209_090739,20260209_090739-0081,2021-03-16 21:10:14.521000,2021-03-16 22:04:30.546000,買い,108.97800,108.92800,1.00,-5.00,6145.00,水平線手前,損切,支持抵抗,0,108.97800
2021-03-01,2021-03-31,20260209_090739,20260209_090739-0082,2021-03-16 22:18:22.528000,2021-03-16 22:36:16.084000,買い,108.86200,108.81200,1.00,-5.00,6140.00,水平線手前,損切,支持抵抗,0,108.86200
2021-03-01,2021-03-31,20260209_090739,20260209_090739-0083,2021-03-16 22:43:30.430000,2021-03-17 00:17:12.810000,買い,108.81100,108.96100,1.00,15.00,6155.00,水平線手前,利確,支持抵抗,0,108.81100
2021-03-01,2021-03-31,20260209_090739,20260209_090739-0084,2021-03-17 14:45:09.486000,2021-03-17 15:06:57.658000,売り,109.16700,109.21700,1.00,-5.00,6150.00,水平線手前,損切,支持抵抗,0,109.16700
2021-03-01,2021-03-31,20260209_090739,20260209_090739-0085,2021-03-17 15:00:11.536000,2021-03-17 20:28:43.090000,売り,109.17900,109.22900,1.00,-5.00,6145.00,水平線手前,損切,支持抵抗,0,109.17900
2021-03-01,2021-03-31,20260209_090739,20260209_090739-0086,2021-03-17 20:18:05.261000,2021-03-17 21:29:27.204000,売り,109.20200,109.25200,1.00,-5.00,6140.00,水平線手前,損切,支持抵抗,0,109.20200
2021-03-01,2021-03-31,20260209_090739,20260209_090739-0087,2021-03-17 21:10:40.852000,2021-03-18 00:38:03.559000,売り,109.21900,109.26900,1.00,-5.00,6135.00,水平線手前,損切,支持抵抗,0,109.21900
2021-03-01,2021-03-31,20260209_090739,20260209_090739-0088,2021-03-18 00:33:22.478000,2021-03-18 01:14:33.457000,売り,109.25600,109.30600,1.00,-5.00,6130.00,水平線手前,損切,支持抵抗,0,109.25600
2021-03-01,2021-03-31,20260209_090739,20260209_090739-0089,2021-03-18 01:14:33.457000,2021-03-18 03:00:23.128000,売り,109.29600,109.14600,1.00,15.00,6145.00,水平線手前,利確,支持抵抗,0,109.29600
2021-03-01,2021-03-31,20260209_090739,20260209_090739-0090,2021-03-18 03:00:47.392000,2021-03-18 03:01:06.189000,買い,109.06500,109.01500,1.00,-5.00,6140.00,水平線手前,損切,支持抵抗,0,109.06500
2021-03-01,2021-03-31,20260209_090739,20260209_090739-0091,2021-03-18 03:43:51.834000,2021-03-18 04:32:41.418000,買い,108.82400,108.77400,1.00,-5.00,6135.00,水平線手前,損切,支持抵抗,0,108.82400
2021-03-01,2021-03-31,20260209_090739,20260209_090739-0092,2021-03-18 03:43:57.862000,2021-03-18 04:32:41.520000,買い,108.81100,108.76100,1.00,-5.00,6130.00,水平線手前,損切,支持抵抗,0,108.81100
2021-03-01,2021-03-31,20260209_090739,20260209_090739-0093,2021-03-18 04:32:41.418000,2021-03-18 07:26:32.669000,買い,108.77800,108.72800,1.00,-5.00,6125.00,水平線手前,損切,支持抵抗,0,108.77800
2021-03-01,2021-03-31,20260209_090739,20260209_090739-0094,2021-03-18 12:05:34.136000,2021-03-18 12:05:36.019000,買い,108.74000,108.69000,1.00,-5.00,6120.00,水平線手前,損切,支持抵抗,0,108.74000
2021-03-01,2021-03-31,20260209_090739,20260209_090739-0095,2021-03-18 12:06:30.062000,2021-03-18 12:08:26.674000,買い,108.66400,108.81400,1.00,15.00,6135.00,水平線手前,利確,支持抵抗,0,108.66400
2021-03-01,2021-03-31,20260209_090739,20260209_090739-0096,2021-03-18 16:49:06.046000,2021-03-18 17:28:50.710000,売り,109.29600,109.14600,1.00,15.00,6150.00,水平線手前,利確,支持抵抗,0,109.29600
2021-03-01,2021-03-31,20260209_090739,20260209_090739-0097,2021-03-19 12:40:24.165000,2021-03-19 12:43:02.236000,売り,109.09800,108.94800,1.00,15.00,6165.00,水平線手前,利確,支持抵抗,0,109.09800
2021-03-01,2021-03-31,20260209_090739,20260209_090739-0098,2021-03-19 13:53:56.114000,2021-03-19 15:18:51.347000,買い,108.85800,108.80800,1.00,-5.00,6160.00,水平線手前,損切,支持抵抗,0,108.85800
2021-03-01,2021-03-31,20260209_090739,20260209_090739-0099,2021-03-19 15:38:10.542000,2021-03-19 16:32:31.486000,買い,108.78600,108.73600,1.00,-5.00,6155.00,水平線手前,損切,支持抵抗,0,108.78600
2021-03-01,2021-03-31,20260209_090739,20260209_090739-0100,2021-03-19 16:32:26.558000,2021-03-19 17:12:44.441000,買い,108.75500,108.70500,1.00,-5.00,6150.00,水平線手前,損切,支持抵抗,0,108.75500
2021-03-01,2021-03-31,20260209_090739,20260209_090739-0101,2021-03-19 17:19:38.165000,2021-03-19 18:51:05.427000,買い,108.64700,108.79700,1.00,15.00,6165.00,水平線手前,利確,支持抵抗,0,108.64700
2021-03-01,2021-03-31,20260209_090739,20260209_090739-0102,2021-03-23 18:57:20.272000,2021-03-23 19:02:06.117000,買い,108.65800,108.60800,1.00,-5.00,6160.00,水平線手前,損切,支持抵抗,0,108.65800
2021-03-01,2021-03-31,20260209_090739,20260209_090739-0103,2021-03-23 19:02:00.511000,2021-03-23 19:02:49.261000,買い,108.62200,108.57200,1.00,-5.00,6155.00,水平線手前,損切,支持抵抗,0,108.62200
2021-03-01,2021-03-31,20260209_090739,20260209_090739-0104,2021-03-23 19:25:17.857000,2021-03-23 22:05:16.873000,買い,108.44500,108.59500,1.00,15.00,6170.00,水平線手前,利確,支持抵抗,0,108.44500
2021-03-01,2021-03-31,20260209_090739,20260209_090739-0105,2021-03-24 19:17:01.441000,2021-03-24 22:09:02.775000,売り,108.72700,108.77700,1.00,-5.00,6165.00,水平線手前,損切,支持抵抗,0,108.72700
2021-03-01,2021-03-31,20260209_090739,20260209_090739-0106,2021-03-24 22:22:48.291000,2021-03-24 22:25:21.278000,売り,108.84400,108.89400,1.00,-5.00,6160.00,水平線手前,損切,支持抵抗,0,108.84400
2021-03-01,2021-03-31,20260209_090739,20260209_090739-0107,2021-03-24 22:31:13.746000,2021-03-25 01:21:55.246000,売り,108.92600,108.77600,1.00,15.00,6175.00,水平線手前,利確,支持抵抗,0,108.92600
2021-03-01,2021-03-31,20260209_090739,20260209_090739-0108,2021-03-25 11:02:27.859000,2021-03-25 16:16:19.989000,売り,108.95200,109.00200,1.00,-5.00,6170.00,水平線手前,損切,支持抵抗,0,108.95200
2021-03-01,2021-03-31,20260209_090739,20260209_090739-0109,2021-03-25 11:03:43.198000,2021-03-25 16:56:17.665000,売り,108.96000,109.01000,1.00,-5.00,6165.00,水平線手前,損切,支持抵抗,0,108.96000
2021-03-01,2021-03-31,20260209_090739,20260209_090739-0110,2021-03-25 16:56:51.579000,2021-03-25 16:57:18.036000,売り,109.01900,109.06900,1.00,-5.00,6160.00,水平線手前,損切,支持抵抗,0,109.01900
2021-03-01,2021-03-31,20260209_090739,20260209_090739-0111,2021-03-25 16:56:59.992000,2021-03-25 17:00:41.401000,売り,109.04800,109.09800,1.00,-5.00,6155.00,水平線手前,損切,支持抵抗,0,109.04800
2021-03-01,2021-03-31,20260209_090739,20260209_090739-0112,2021-03-25 17:37:35.059000,2021-03-25 23:34:07.696000,売り,109.13400,109.18400,1.00,-5.00,6150.00,水平線手前,損切,支持抵抗,0,109.13400
2021-03-01,2021-03-31,20260209_090739,20260209_090739-0113,2021-03-25 23:32:40.068000,2021-03-26 02:02:12.858000,売り,109.16200,109.21200,1.00,-5.00,6145.00,水平線手前,損切,支持抵抗,0,109.16200
2021-03-01,2021-03-31,20260209_090739,20260209_090739-0114,2021-03-26 02:02:13.061000,2021-03-26 09:37:09.633000,売り,109.20700,109.25700,1.00,-5.00,6140.00,水平線手前,損切,支持抵抗,0,109.20700
2021-03-01,2021-03-31,20260209_090739,20260209_090739-0115,2021-03-26 16:47:05.036000,2021-03-26 17:03:49.315000,売り,109.33200,109.38200,1.00,-5.00,6135.00,水平線手前,損切,支持抵抗,0,109.33200
2021-03-01,2021-03-31,20260209_090739,20260209_090739-0116,2021-03-26 16:47:12.926000,2021-03-26 17:03:49.435000,売り,109.33500,109.38500,1.00,-5.00,6130.00,水平線手前,損切,支持抵抗,0,109.33500
2021-03-01,2021-03-31,20260209_090739,20260209_090739-0117,2021-03-26 17:30:23.784000,2021-03-26 18:06:32.127000,売り,109.44900,109.49900,1.00,-5.00,6125.00,水平線手前,損切,支持抵抗,0,109.44900
2021-03-01,2021-03-31,20260209_090739,20260209_090739-0118,2021-03-26 18:00:20.840000,2021-03-26 19:14:32.879000,売り,109.46700,109.51700,1.00,-5.00,6120.00,水平線手前,損切,支持抵抗,0,109.46700
2021-03-01,2021-03-31,20260209_090739,20260209_090739-0119,2021-03-26 19:39:13.221000,2021-03-26 20:12:14.502000,売り,109.57500,109.62500,1.00,-5.00,6115.00,水平線手前,損切,支持抵抗,0,109.57500
2021-03-01,2021-03-31,20260209_090739,20260209_090739-0120,2021-03-26 20:52:01.428000,2021-03-26 21:01:01.776000,売り,109.73100,109.78100,1.00,-5.00,6110.00,水平線手前,損切,支持抵抗,0,109.73100
2021-03-01,2021-03-31,20260209_090739,20260209_090739-0121,2021-03-26 21:01:14.712000,2021-03-26 22:54:04.404000,売り,109.78700,109.83700,1.00,-5.00,6105.00,水平線手前,損切,支持抵抗,0,109.78700
2021-03-01,2021-03-31,20260209_090739,20260209_090739-0122,2021-03-26 22:50:35.285000,2021-03-27 00:03:10.983000,売り,109.81700,109.66700,1.00,15.00,6120.00,水平線手前,利確,支持抵抗,0,109.81700
2021-03-01,2021-03-31,20260209_090739,20260209_090739-0123,2021-03-29 14:14:39.216000,2021-03-29 15:35:09.449000,買い,109.41200,109.56200,1.00,15.00,6135.00,水平線手前,利確,支持抵抗,0,109.41200
2021-03-01,2021-03-31,20260209_090739,20260209_090739-0124,2021-03-29 14:14:29.290000,2021-03-29 15:35:16.499000,買い,109.42100,109.57100,1.00,15.00,6150.00,水平線手前,利確,支持抵抗,0,109.42100
2021-03-01,2021-03-31,20260209_090739,20260209_090739-0125,2021-03-30 00:00:43.287000,2021-03-30 03:15:01.431000,売り,109.77300,109.82300,1.00,-5.00,6145.00,水平線手前,損切,支持抵抗,0,109.77300
2021-03-01,2021-03-31,20260209_090739,20260209_090739-0126,2021-03-30 03:01:25.478000,2021-03-30 08:04:45.085000,売り,109.80900,109.85900,1.00,-5.00,6140.00,水平線手前,損切,支持抵抗,0,109.80900
2021-03-01,2021-03-31,20260209_090739,20260209_090739-0127,2021-03-30 11:16:52.349000,2021-03-30 11:53:07.949000,売り,109.91800,109.96800,1.00,-5.00,6135.00,水平線手前,損切,支持抵抗,0,109.91800
2021-03-01,2021-03-31,20260209_090739,20260209_090739-0128,2021-03-30 11:52:53.753000,2021-03-30 12:10:10.737000,売り,109.94400,109.99400,1.00,-5.00,6130.00,水平線手前,損切,支持抵抗,0,109.94400
2021-03-01,2021-03-31,20260209_090739,20260209_090739-0129,2021-03-30 12:11:21.709000,2021-03-30 15:02:53.363000,売り,109.96000,110.01000,1.00,-5.00,6125.00,水平線手前,損切,支持抵抗,0,109.96000
2021-03-01,2021-03-31,20260209_090739,20260209_090739-0130,2021-03-30 15:40:55.729000,2021-03-30 16:03:40.392000,売り,110.15600,110.20600,1.00,-5.00,6120.00,水平線手前,損切,支持抵抗,0,110.15600
2021-03-01,2021-03-31,20260209_090739,20260209_090739-0131,2021-03-30 16:42:18.380000,2021-03-30 17:29:27.924000,売り,110.23600,110.28600,1.00,-5.00,6115.00,水平線手前,損切,支持抵抗,0,110.23600
2021-03-01,2021-03-31,20260209_090739,20260209_090739-0132,2021-03-30 17:29:33.632000,2021-03-30 19:42:11.700000,売り,110.28000,110.33000,1.00,-5.00,6110.00,水平線手前,損切,支持抵抗,0,110.28000
2021-03-01,2021-03-31,20260209_090739,20260209_090739-0133,2021-03-30 19:49:59.578000,2021-03-30 22:37:48.113000,売り,110.36400,110.41400,1.00,-5.00,6105.00,水平線手前,損切,支持抵抗,0,110.36400
2021-03-01,2021-03-31,20260209_090739,20260209_090739-0134,2021-03-30 22:37:45.639000,2021-03-31 00:46:51.944000,売り,110.39700,110.24700,1.00,15.00,6120.00,水平線手前,利確,支持抵抗,0,110.39700
2021-03-01,2021-03-31,20260209_090739,20260209_090739-0135,2021-03-31 11:55:54.893000,2021-03-31 11:57:36.385000,売り,110.70100,110.75100,1.00,-5.00,6115.00,水平線手前,損切,支持抵抗,0,110.70100
2021-03-01,2021-03-31,20260209_090739,20260209_090739-0136,2021-03-31 11:58:46.165000,2021-03-31 12:05:30.365000,売り,110.85000,110.90000,1.00,-5.00,6110.00,水平線手前,損切,支持抵抗,0,110.85000
2021-03-01,2021-03-31,20260209_090739,20260209_090739-0137,2021-03-31 12:06:06.486000,2021-03-31 15:19:15.589000,売り,110.93600,110.78600,1.00,15.00,6125.00,水平線手前,利確,支持抵抗,0,110.93600
2021-03-01,2021-03-31,20260209_090739,20260209_090739-0138,2021-03-31 15:08:34.045000,2021-03-31 15:19:15.589000,売り,110.93600,110.78600,1.00,15.00,6140.00,水平線手前,利確,支持抵抗,0,110.93600
2021-03-01,2021-03-31,20260209_090739,20260209_090739-0139,2021-03-31 23:57:40.104000,2021-03-31 23:59:58.756000,買い,110.45200,110.51500,1.00,6.30,6146.30,水平線手前,終了,支持抵抗,0,110.45200
2021-04-01,2021-04-30,20260209_090805,20260209_090805-0001,2021-04-02 14:37:59.976000,2021-04-02 15:25:04.788000,買い,110.51600,110.46600,1.00,-5.00,6141.30,水平線手前,損切,支持抵抗,0,110.51600
2021-04-01,2021-04-30,20260209_090805,20260209_090805-0002,2021-04-02 15:25:04.535000,2021-04-02 17:52:21.044000,買い,110.48000,110.43000,1.00,-5.00,6136.30,水平線手前,損切,支持抵抗,0,110.48000
2021-04-01,2021-04-30,20260209_090805,20260209_090805-0003,2021-04-02 15:25:04.788000,2021-04-02 17:52:21.299000,買い,110.47200,110.42200,1.00,-5.00,6131.30,水平線手前,損切,支持抵抗,0,110.47200
2021-04-01,2021-04-30,20260209_090805,20260209_090805-0004,2021-04-02 17:53:22.077000,2021-04-02 21:19:55.643000,買い,110.41200,110.56200,1.00,15.00,6146.30,水平線手前,利確,支持抵抗,0,110.41200
2021-04-01,2021-04-30,20260209_090805,20260209_090805-0005,2021-04-05 20:43:13.812000,2021-04-05 21:38:25.647000,買い,110.49000,110.44000,1.00,-5.00,6141.30,水平線手前,損切,支持抵抗,0,110.49000
2021-04-01,2021-04-30,20260209_090805,20260209_090805-0006,2021-04-05 21:37:16.861000,2021-04-05 22:34:39.661000,買い,110.45600,110.40600,1.00,-5.00,6136.30,水平線手前,損切,支持抵抗,0,110.45600
2021-04-01,2021-04-30,20260209_090805,20260209_090805-0007,2021-04-05 22:57:03.512000,2021-04-05 23:01:18.295000,買い,110.29200,110.24200,1.00,-5.00,6131.30,水平線手前,損切,支持抵抗,0,110.29200
2021-04-01,2021-04-30,20260209_090805,20260209_090805-0008,2021-04-05 23:31:37.726000,2021-04-06 00:01:02.777000,買い,109.99500,110.14500,1.00,15.00,6146.30,水平線手前,利確,支持抵抗,0,109.99500
2021-04-01,2021-04-30,20260209_090805,20260209_090805-0009,2021-04-06 11:19:04.975000,2021-04-06 11:32:02.482000,売り,110.28600,110.33600,1.00,-5.00,6141.30,水平線手前,損切,支持抵抗,0,110.28600
2021-04-01,2021-04-30,20260209_090805,20260209_090805-0010,2021-04-06 11:32:02.482000,2021-04-06 12:07:25.893000,売り,110.32700,110.37700,1.00,-5.00,6136.30,水平線手前,損切,支持抵抗,0,110.32700
2021-04-01,2021-04-30,20260209_090805,20260209_090805-0011,2021-04-06 12:09:05.420000,2021-04-06 14:02:28.202000,売り,110.37500,110.22500,1.00,15.00,6151.30,水平線手前,利確,支持抵抗,0,110.37500
2021-04-01,2021-04-30,20260209_090805,20260209_090805-0012,2021-04-06 17:36:56.516000,2021-04-06 18:37:39.465000,売り,110.44800,110.49800,1.00,-5.00,6146.30,水平線手前,損切,支持抵抗,0,110.44800
2021-04-01,2021-04-30,20260209_090805,20260209_090805-0013,2021-04-06 18:37:57.293000,2021-04-06 19:24:57.043000,売り,110.49000,110.54000,1.00,-5.00,6141.30,水平線手前,損切,支持抵抗,0,110.49000
2021-04-01,2021-04-30,20260209_090805,20260209_090805-0014,2021-04-06 19:15:52.844000,2021-04-06 20:54:31.624000,売り,110.52100,110.37100,1.00,15.00,6156.30,水平線手前,利確,支持抵抗,0,110.52100
2021-04-01,2021-04-30,20260209_090805,20260209_090805-0015,2021-04-06 21:25:57.604000,2021-04-06 21:26:51.142000,買い,110.18500,110.13500,1.00,-5.00,6151.30,水平線手前,損切,支持抵抗,0,110.18500
2021-04-01,2021-04-30,20260209_090805,20260209_090805-0016,2021-04-06 21:39:35.999000,2021-04-06 21:47:46.128000,買い,109.99800,109.94800,1.00,-5.00,6146.30,水平線手前,損切,支持抵抗,0,109.99800
2021-04-01,2021-04-30,20260209_090805,20260209_090805-0017,2021-04-06 21:47:47.165000,2021-04-06 22:15:43.215000,買い,109.91200,109.86200,1.00,-5.00,6141.30,水平線手前,損切,支持抵抗,0,109.91200
2021-04-01,2021-04-30,20260209_090805,20260209_090805-0018,2021-04-06 22:34:07.227000,2021-04-06 22:56:24.533000,買い,109.70600,109.85600,1.00,15.00,6156.30,水平線手前,利確,支持抵抗,0,109.70600
2021-04-01,2021-04-30,20260209_090805,20260209_090805-0019,2021-04-07 23:54:55.553000,2021-04-08 02:54:37.032000,買い,109.61700,109.76700,1.00,15.00,6171.30,水平線手前,利確,支持抵抗,0,109.61700
2021-04-01,2021-04-30,20260209_090805,20260209_090805-0020,2021-04-07 23:55:00.296000,2021-04-08 02:55:01.564000,買い,109.61800,109.76800,1.00,15.00,6186.30,水平線手前,利確,支持抵抗,0,109.61800
2021-04-01,2021-04-30,20260209_090805,20260209_090805-0021,2021-04-08 16:13:15.693000,2021-04-08 17:06:16.783000,買い,109.52100,109.47100,1.00,-5.00,6181.30,水平線手前,損切,支持抵抗,0,109.52100
2021-04-01,2021-04-30,20260209_090805,20260209_090805-0022,2021-04-08 17:06:17.087000,2021-04-08 20:17:42.921000,買い,109.47700,109.42700,1.00,-5.00,6176.30,水平線手前,損切,支持抵抗,0,109.47700
2021-04-01,2021-04-30,20260209_090805,20260209_090805-0023,2021-04-08 20:49:43.742000,2021-04-08 21:04:02.780000,買い,109.22000,109.17000,1.00,-5.00,6171.30,水平線手前,損切,支持抵抗,0,109.22000
2021-04-01,2021-04-30,20260209_090805,20260209_090805-0024,2021-04-08 21:42:43.317000,2021-04-08 23:27:08.086000,買い,109.03600,109.18600,1.00,15.00,6186.30,水平線手前,利確,支持抵抗,0,109.03600
2021-04-01,2021-04-30,20260209_090805,20260209_090805-0025,2021-04-09 19:15:09.780000,2021-04-09 21:23:16.024000,売り,109.72000,109.77000,1.00,-5.00,6181.30,水平線手前,損切,支持抵抗,0,109.72000
2021-04-01,2021-04-30,20260209_090805,20260209_090805-0026,2021-04-09 21:45:15.825000,2021-04-09 21:54:02.793000,売り,109.91100,109.96100,1.00,-5.00,6176.30,水平線手前,損切,支持抵抗,0,109.91100
2021-04-01,2021-04-30,20260209_090805,20260209_090805-0027,2021-04-09 21:49:53.431000,2021-04-09 22:56:36.947000,売り,109.93000,109.78000,1.00,15.00,6191.30,水平線手前,利確,支持抵抗,0,109.93000
2021-04-01,2021-04-30,20260209_090805,20260209_090805-0028,2021-04-12 11:00:05.374000,2021-04-12 11:04:07.154000,買い,109.59000,109.54000,1.00,-5.00,6186.30,水平線手前,損切,支持抵抗,0,109.59000
2021-04-01,2021-04-30,20260209_090805,20260209_090805-0029,2021-04-12 11:08:47.932000,2021-04-12 16:34:43.404000,買い,109.51800,109.46800,1.00,-5.00,6181.30,水平線手前,損切,支持抵抗,0,109.51800
2021-04-01,2021-04-30,20260209_090805,20260209_090805-0030,2021-04-12 12:06:04.443000,2021-04-12 16:34:43.557000,買い,109.51000,109.46000,1.00,-5.00,6176.30,水平線手前,損切,支持抵抗,0,109.51000
2021-04-01,2021-04-30,20260209_090805,20260209_090805-0031,2021-04-12 16:34:57.964000,2021-04-12 17:01:24.356000,買い,109.45300,109.40300,1.00,-5.00,6171.30,水平線手前,損切,支持抵抗,0,109.45300
2021-04-01,2021-04-30,20260209_090805,20260209_090805-0032,2021-04-12 17:01:24.255000,2021-04-12 18:20:41.926000,買い,109.41600,109.36600,1.00,-5.00,6166.30,水平線手前,損切,支持抵抗,0,109.41600
2021-04-01,2021-04-30,20260209_090805,20260209_090805-0033,2021-04-12 18:30:37.719000,2021-04-12 19:32:52.034000,買い,109.34800,109.29800,1.00,-5.00,6161.30,水平線手前,損切,支持抵抗,0,109.34800
2021-04-01,2021-04-30,20260209_090805,20260209_090805-0034,2021-04-12 19:00:17.910000,2021-04-12 20:26:57.731000,買い,109.32700,109.27700,1.00,-5.00,6156.30,水平線手前,損切,支持抵抗,0,109.32700
2021-04-01,2021-04-30,20260209_090805,20260209_090805-0035,2021-04-12 20:26:57.884000,2021-04-12 22:51:56.543000,買い,109.28400,109.43400,1.00,15.00,6171.30,水平線手前,利確,支持抵抗,0,109.28400
2021-04-01,2021-04-30,20260209_090805,20260209_090805-0036,2021-04-13 13:12:15.183000,2021-04-13 15:22:23.994000,売り,109.74000,109.59000,1.00,15.00,6186.30,水平線手前,利確,支持抵抗,0,109.74000
2021-04-01,2021-04-30,20260209_090805,20260209_090805-0037,2021-04-13 18:18:13.214000,2021-04-13 18:19:30.905000,買い,109.28500,109.23500,1.00,-5.00,6181.30,水平線手前,損切,支持抵抗,0,109.28500
2021-04-01,2021-04-30,20260209_090805,20260209_090805-0038,2021-04-13 18:19:04.815000,2021-04-13 19:33:26.327000,買い,109.26500,109.41500,1.00,15.00,6196.30,水平線手前,利確,支持抵抗,0,109.26500
2021-04-01,2021-04-30,20260209_090805,20260209_090805-0039,2021-04-13 20:02:12.399000,2021-04-13 20:02:41.447000,買い,109.23000,109.18000,1.00,-5.00,6191.30,水平線手前,損切,支持抵抗,0,109.23000
2021-04-01,2021-04-30,20260209_090805,20260209_090805-0040,2021-04-13 20:02:41.701000,2021-04-13 20:33:19.170000,買い,109.16400,109.31400,1.00,15.00,6206.30,水平線手前,利確,支持抵抗,0,109.16400
2021-04-01,2021-04-30,20260209_090805,20260209_090805-0041,2021-04-13 21:30:03.534000,2021-04-13 21:30:42.934000,売り,109.57700,109.42700,1.00,15.00,6221.30,水平線手前,利確,支持抵抗,0,109.57700
2021-04-01,2021-04-30,20260209_090805,20260209_090805-0042,2021-04-14 01:14:38.229000,2021-04-14 02:02:25.739000,買い,109.16500,109.11500,1.00,-5.00,6216.30,水平線手前,損切,支持抵抗,0,109.16500
2021-04-01,2021-04-30,20260209_090805,20260209_090805-0043,2021-04-14 02:05:04.520000,2021-04-14 04:57:33.963000,買い,109.08800,109.03800,1.00,-5.00,6211.30,水平線手前,損切,支持抵抗,0,109.08800
2021-04-01,2021-04-30,20260209_090805,20260209_090805-0044,2021-04-14 18:43:53.261000,2021-04-14 22:32:44.060000,売り,109.04100,109.09100,1.00,-5.00,6206.30,水平線手前,損切,支持抵抗,0,109.04100
2021-04-01,2021-04-30,20260209_090805,20260209_090805-0045,2021-04-14 22:32:29.525000,2021-04-15 04:57:55.311000,売り,109.06400,108.91400,1.00,15.00,6221.30,水平線手前,利確,支持抵抗,0,109.06400
2021-04-01,2021-04-30,20260209_090805,20260209_090805-0046,2021-04-15 16:26:34.651000,2021-04-15 17:40:43.241000,買い,108.82800,108.77800,1.00,-5.00,6216.30,水平線手前,損切,支持抵抗,0,108.82800
2021-04-01,2021-04-30,20260209_090805,20260209_090805-0047,2021-04-15 17:40:43.189000,2021-04-15 17:40:52.525000,買い,108.79000,108.74000,1.00,-5.00,6211.30,水平線手前,損切,支持抵抗,0,108.79000
2021-04-01,2021-04-30,20260209_090805,20260209_090805-0048,2021-04-15 17:40:52.681000,2021-04-15 18:20:43.892000,買い,108.74300,108.69300,1.00,-5.00,6206.30,水平線手前,損切,支持抵抗,0,108.74300
2021-04-01,2021-04-30,20260209_090805,20260209_090805-0049,2021-04-15 18:20:43.892000,2021-04-15 21:30:15.641000,買い,108.70100,108.85100,1.00,15.00,6221.30,水平線手前,利確,支持抵抗,0,108.70100
2021-04-01,2021-04-30,20260209_090805,20260209_090805-0050,2021-04-15 22:51:06.990000,2021-04-15 23:13:48.068000,買い,108.68600,108.63600,1.00,-5.00,6216.30,水平線手前,損切,支持抵抗,0,108.68600
2021-04-01,2021-04-30,20260209_090805,20260209_090805-0051,2021-04-15 23:13:40.251000,2021-04-16 10:01:22.798000,買い,108.65100,108.80100,1.00,15.00,6231.30,水平線手前,利確,支持抵抗,0,108.65100
2021-04-01,2021-04-30,20260209_090805,20260209_090805-0052,2021-04-16 11:54:18.130000,2021-04-16 16:43:03.835000,売り,108.91000,108.96000,1.00,-5.00,6226.30,水平線手前,損切,支持抵抗,0,108.91000
2021-04-01,2021-04-30,20260209_090805,20260209_090805-0053,2021-04-16 16:42:58.974000,2021-04-16 19:23:04.989000,売り,108.93400,108.78400,1.00,15.00,6241.30,水平線手前,利確,支持抵抗,0,108.93400
2021-04-01,2021-04-30,20260209_090805,20260209_090805-0054,2021-04-16 16:42:57.536000,2021-04-16 19:23:05.091000,売り,108.92700,108.77700,1.00,15.00,6256.30,水平線手前,利確,支持抵抗,0,108.92700
2021-04-01,2021-04-30,20260209_090805,20260209_090805-0055,2021-04-19 11:03:14.385000,2021-04-19 11:04:07.490000,買い,108.63600,108.58600,1.00,-5.00,6251.30,水平線手前,損切,支持抵抗,0,108.63600
2021-04-01,2021-04-30,20260209_090805,20260209_090805-0056,2021-04-19 11:04:12.944000,2021-04-19 14:55:06.559000,買い,108.58600,108.53600,1.00,-5.00,6246.30,水平線手前,損切,支持抵抗,0,108.58600
2021-04-01,2021-04-30,20260209_090805,20260209_090805-0057,2021-04-19 14:55:15.114000,2021-04-19 15:04:27.337000,買い,108.53900,108.48900,1.00,-5.00,6241.30,水平線手前,損切,支持抵抗,0,108.53900
2021-04-01,2021-04-30,20260209_090805,20260209_090805-0058,2021-04-19 15:04:27.337000,2021-04-19 16:30:29.067000,買い,108.49900,108.44900,1.00,-5.00,6236.30,水平線手前,損切,支持抵抗,0,108.49900
2021-04-01,2021-04-30,20260209_090805,20260209_090805-0059,2021-04-19 16:50:44.278000,2021-04-19 17:01:29.387000,買い,108.24100,108.19100,1.00,-5.00,6231.30,水平線手前,損切,支持抵抗,0,108.24100
2021-04-01,2021-04-30,20260209_090805,20260209_090805-0060,2021-04-19 17:18:00.867000,2021-04-19 18:24:22.632000,買い,108.07400,108.02400,1.00,-5.00,6226.30,水平線手前,損切,支持抵抗,0,108.07400
2021-04-01,2021-04-30,20260209_090805,20260209_090805-0061,2021-04-19 18:24:15.108000,2021-04-19 22:18:18.398000,買い,108.05000,108.20000,1.00,15.00,6241.30,水平線手前,利確,支持抵抗,0,108.05000
2021-04-01,2021-04-30,20260209_090805,20260209_090805-0062,2021-04-20 00:00:01.069000,2021-04-20 09:19:19.597000,買い,108.04800,107.99800,1.00,-5.00,6236.30,水平線手前,損切,支持抵抗,0,108.04800
2021-04-01,2021-04-30,20260209_090805,20260209_090805-0063,2021-04-20 16:08:36.886000,2021-04-20 16:36:10.505000,売り,108.53900,108.38900,1.00,15.00,6251.30,水平線手前,利確,支持抵抗,0,108.53900
2021-04-01,2021-04-30,20260209_090805,20260209_090805-0064,2021-04-20 16:08:11.894000,2021-04-20 16:36:35.351000,売り,108.51800,108.36800,1.00,15.00,6266.30,水平線手前,利確,支持抵抗,0,108.51800
2021-04-01,2021-04-30,20260209_090805,20260209_090805-0065,2021-04-21 11:06:16.494000,2021-04-21 13:35:42.397000,買い,107.91400,108.06400,1.00,15.00,6281.30,水平線手前,利確,支持抵抗,0,107.91400
2021-04-01,2021-04-30,20260209_090805,20260209_090805-0066,2021-04-21 16:37:32.413000,2021-04-21 16:39:38.658000,売り,108.12100,108.17100,1.00,-5.00,6276.30,水平線手前,損切,支持抵抗,0,108.12100
2021-04-01,2021-04-30,20260209_090805,20260209_090805-0067,2021-04-21 16:48:27.814000,2021-04-21 18:56:36.882000,売り,108.25400,108.10400,1.00,15.00,6291.30,水平線手前,利確,支持抵抗,0,108.25400
2021-04-01,2021-04-30,20260209_090805,20260209_090805-0068,2021-04-22 15:48:53.206000,2021-04-22 16:00:31.358000,買い,107.89800,107.84800,1.00,-5.00,6286.30,水平線手前,損切,支持抵抗,0,107.89800
2021-04-01,2021-04-30,20260209_090805,20260209_090805-0069,2021-04-22 16:00:31.409000,2021-04-22 17:32:10.259000,買い,107.85300,108.00300,1.00,15.00,6301.30,水平線手前,利確,支持抵抗,0,107.85300
2021-04-01,2021-04-30,20260209_090805,20260209_090805-0070,2021-04-22 21:10:16.939000,2021-04-22 21:18:07.441000,売り,108.16600,108.21600,1.00,-5.00,6296.30,水平線手前,損切,支持抵抗,0,108.16600
2021-04-01,2021-04-30,20260209_090805,20260209_090805-0071,2021-04-22 21:10:25.502000,2021-04-22 23:00:11.928000,売り,108.18200,108.03200,1.00,15.00,6311.30,水平線手前,利確,支持抵抗,0,108.18200
2021-04-01,2021-04-30,20260209_090805,20260209_090805-0072,2021-04-23 01:51:54.456000,2021-04-23 03:00:41.753000,売り,108.20400,108.05400,1.00,15.00,6326.30,水平線手前,利確,支持抵抗,0,108.20400
2021-04-01,2021-04-30,20260209_090805,20260209_090805-0073,2021-04-23 20:16:53.898000,2021-04-23 20:47:38.142000,買い,107.84100,107.79100,1.00,-5.00,6321.30,水平線手前,損切,支持抵抗,0,107.84100
2021-04-01,2021-04-30,20260209_090805,20260209_090805-0074,2021-04-23 20:47:38.142000,2021-04-23 21:01:43.735000,買い,107.79300,107.74300,1.00,-5.00,6316.30,水平線手前,損切,支持抵抗,0,107.79300
2021-04-01,2021-04-30,20260209_090805,20260209_090805-0075,2021-04-23 21:51:46.845000,2021-04-23 22:39:03.677000,買い,107.51600,107.66600,1.00,15.00,6331.30,水平線手前,利確,支持抵抗,0,107.51600
2021-04-01,2021-04-30,20260209_090805,20260209_090805-0076,2021-04-26 11:00:04.399000,2021-04-26 11:12:42.667000,買い,107.78700,107.73700,1.00,-5.00,6326.30,水平線手前,損切,支持抵抗,0,107.78700
2021-04-01,2021-04-30,20260209_090805,20260209_090805-0077,2021-04-26 11:12:40.488000,2021-04-26 12:24:12.669000,買い,107.74800,107.69800,1.00,-5.00,6321.30,水平線手前,損切,支持抵抗,0,107.74800
2021-04-01,2021-04-30,20260209_090805,20260209_090805-0078,2021-04-26 12:22:09.984000,2021-04-26 13:23:04.499000,買い,107.72000,107.67000,1.00,-5.00,6316.30,水平線手前,損切,支持抵抗,0,107.72000
2021-04-01,2021-04-30,20260209_090805,20260209_090805-0079,2021-04-26 13:09:36.734000,2021-04-26 15:32:19.673000,買い,107.68700,107.83700,1.00,15.00,6331.30,水平線手前,利確,支持抵抗,0,107.68700
2021-04-01,2021-04-30,20260209_090805,20260209_090805-0080,2021-04-26 17:16:39.372000,2021-04-26 20:12:04.754000,買い,107.67900,107.82900,1.00,15.00,6346.30,水平線手前,利確,支持抵抗,0,107.67900
2021-04-01,2021-04-30,20260209_090805,20260209_090805-0081,2021-04-26 20:52:13.823000,2021-04-26 21:17:26.850000,売り,108.01100,108.06100,1.00,-5.00,6341.30,水平線手前,損切,支持抵抗,0,108.01100
2021-04-01,2021-04-30,20260209_090805,20260209_090805-0082,2021-04-26 21:20:08.985000,2021-04-26 21:21:00.709000,売り,108.11700,108.16700,1.00,-5.00,6336.30,水平線手前,損切,支持抵抗,0,108.11700
2021-04-01,2021-04-30,20260209_090805,20260209_090805-0083,2021-04-26 21:20:54.730000,2021-04-26 22:31:02.458000,売り,108.13700,107.98700,1.00,15.00,6351.30,水平線手前,利確,支持抵抗,0,108.13700
2021-04-01,2021-04-30,20260209_090805,20260209_090805-0084,2021-04-27 00:08:34.691000,2021-04-27 08:04:04.881000,売り,108.16700,108.21700,1.00,-5.00,6346.30,水平線手前,損切,支持抵抗,0,108.16700
2021-04-01,2021-04-30,20260209_090805,20260209_090805-0085,2021-04-27 11:00:04.517000,2021-04-27 11:10:05.372000,売り,108.31700,108.36700,1.00,-5.00,6341.30,水平線手前,損切,支持抵抗,0,108.31700
2021-04-01,2021-04-30,20260209_090805,20260209_090805-0086,2021-04-27 11:10:05.372000,2021-04-27 14:46:52.281000,売り,108.35700,108.20700,1.00,15.00,6356.30,水平線手前,利確,支持抵抗,0,108.35700
2021-04-01,2021-04-30,20260209_090805,20260209_090805-0087,2021-04-27 17:08:00.313000,2021-04-27 17:11:27.755000,売り,108.35600,108.40600,1.00,-5.00,6351.30,水平線手前,損切,支持抵抗,0,108.35600
2021-04-01,2021-04-30,20260209_090805,20260209_090805-0088,2021-04-27 17:09:05.897000,2021-04-27 18:10:20.996000,売り,108.36700,108.41700,1.00,-5.00,6346.30,水平線手前,損切,支持抵抗,0,108.36700
2021-04-01,2021-04-30,20260209_090805,20260209_090805-0089,2021-04-27 18:10:14.440000,2021-04-27 20:45:44.844000,売り,108.39500,108.24500,1.00,15.00,6361.30,水平線手前,利確,支持抵抗,0,108.39500
2021-04-01,2021-04-30,20260209_090805,20260209_090805-0090,2021-04-27 22:50:52.727000,2021-04-27 23:02:21.892000,売り,108.41200,108.46200,1.00,-5.00,6356.30,水平線手前,損切,支持抵抗,0,108.41200
2021-04-01,2021-04-30,20260209_090805,20260209_090805-0091,2021-04-27 23:43:41.648000,2021-04-28 00:29:02.428000,売り,108.49700,108.54700,1.00,-5.00,6351.30,水平線手前,損切,支持抵抗,0,108.49700
2021-04-01,2021-04-30,20260209_090805,20260209_090805-0092,2021-04-28 00:40:25.162000,2021-04-28 01:03:46.166000,売り,108.54800,108.59800,1.00,-5.00,6346.30,水平線手前,損切,支持抵抗,0,108.54800
2021-04-01,2021-04-30,20260209_090805,20260209_090805-0093,2021-04-28 01:22:24.907000,2021-04-28 02:55:51.936000,売り,108.64800,108.69800,1.00,-5.00,6341.30,水平線手前,損切,支持抵抗,0,108.64800
2021-04-01,2021-04-30,20260209_090805,20260209_090805-0094,2021-04-28 02:49:14.759000,2021-04-28 03:06:52.976000,売り,108.67300,108.72300,1.00,-5.00,6336.30,水平線手前,損切,支持抵抗,0,108.67300
2021-04-01,2021-04-30,20260209_090805,20260209_090805-0095,2021-04-28 03:07:58.940000,2021-04-28 05:07:16.773000,売り,108.71900,108.76900,1.00,-5.00,6331.30,水平線手前,損切,支持抵抗,0,108.71900
2021-04-01,2021-04-30,20260209_090805,20260209_090805-0096,2021-04-28 15:04:05.316000,2021-04-28 15:25:46.297000,売り,108.91900,108.96900,1.00,-5.00,6326.30,水平線手前,損切,支持抵抗,0,108.91900
2021-04-01,2021-04-30,20260209_090805,20260209_090805-0097,2021-04-28 15:05:03.443000,2021-04-28 15:25:46.297000,売り,108.91900,108.96900,1.00,-5.00,6321.30,水平線手前,損切,支持抵抗,0,108.91900
2021-04-01,2021-04-30,20260209_090805,20260209_090805-0098,2021-04-28 15:50:38.172000,2021-04-28 16:02:20.697000,売り,109.02600,109.07600,1.00,-5.00,6316.30,水平線手前,損切,支持抵抗,0,109.02600
2021-04-01,2021-04-30,20260209_090805,20260209_090805-0099,2021-04-28 16:00:14.360000,2021-04-28 17:27:51.988000,売り,109.04700,108.89700,1.00,15.00,6331.30,水平線手前,利確,支持抵抗,0,109.04700
2021-04-01,2021-04-30,20260209_090805,20260209_090805-0100,2021-04-28 23:02:11.090000,2021-04-28 23:10:12.694000,買い,108.85600,108.80600,1.00,-5.00,6326.30,水平線手前,損切,支持抵抗,0,108.85600
2021-04-01,2021-04-30,20260209_090805,20260209_090805-0101,2021-04-28 23:16:35.099000,2021-04-28 23:56:26.835000,買い,108.74000,108.89000,1.00,15.00,6341.30,水平線手前,利確,支持抵抗,0,108.74000
2021-04-01,2021-04-30,20260209_090805,20260209_090805-0102,2021-04-29 03:00:30.419000,2021-04-29 03:08:37.890000,売り,108.96800,108.81800,1.00,15.00,6356.30,水平線手前,利確,支持抵抗,0,108.96800
2021-04-01,2021-04-30,20260209_090805,20260209_090805-0103,2021-04-29 03:38:19.137000,2021-04-29 07:45:37.943000,買い,108.61400,108.56400,1.00,-5.00,6351.30,水平線手前,損切,支持抵抗,0,108.61400
2021-04-01,2021-04-30,20260209_090805,20260209_090805-0104,2021-04-29 04:40:16.998000,2021-04-29 07:46:06.366000,買い,108.61300,108.56300,1.00,-5.00,6346.30,水平線手前,損切,支持抵抗,0,108.61300
2021-04-01,2021-04-30,20260209_090805,20260209_090805-0105,2021-04-29 15:16:15.331000,2021-04-29 15:25:53.342000,売り,108.70900,108.75900,1.00,-5.00,6341.30,水平線手前,損切,支持抵抗,0,108.70900
2021-04-01,2021-04-30,20260209_090805,20260209_090805-0106,2021-04-29 15:37:42.907000,2021-04-29 16:16:18.100000,売り,108.77600,108.82600,1.00,-5.00,6336.30,水平線手前,損切,支持抵抗,0,108.77600
2021-04-01,2021-04-30,20260209_090805,20260209_090805-0107,2021-04-29 16:41:14.934000,2021-04-29 17:01:49.391000,売り,108.86600,108.91600,1.00,-5.00,6331.30,水平線手前,損切,支持抵抗,0,108.86600
2021-04-01,2021-04-30,20260209_090805,20260209_090805-0108,2021-04-29 17:33:24.151000,2021-04-29 18:26:32.086000,売り,108.97100,109.02100,1.00,-5.00,6326.30,水平線手前,損切,支持抵抗,0,108.97100
2021-04-01,2021-04-30,20260209_090805,20260209_090805-0109,2021-04-29 18:26:32.901000,2021-04-29 20:05:26.919000,売り,109.04000,108.89000,1.00,15.00,6341.30,水平線手前,利確,支持抵抗,0,109.04000
2021-04-01,2021-04-30,20260209_090805,20260209_090805-0110,2021-04-29 22:49:06.424000,2021-04-29 23:19:05.002000,売り,109.19300,109.04300,1.00,15.00,6356.30,水平線手前,利確,支持抵抗,0,109.19300
2021-04-01,2021-04-30,20260209_090805,20260209_090805-0111,2021-04-30 22:51:02.344000,2021-04-30 23:05:07.252000,売り,109.02700,109.07700,1.00,-5.00,6351.30,水平線手前,損切,支持抵抗,0,109.02700
2021-04-01,2021-04-30,20260209_090805,20260209_090805-0112,2021-04-30 23:57:54.061000,2021-04-30 23:59:58.966000,売り,109.29500,109.29600,1.00,-0.10,6351.20,水平線手前,終了,支持抵抗,0,109.29500
2021-05-01,2021-05-31,20260209_090837,20260209_090837-0001,2021-05-03 22:03:30.750000,2021-05-03 22:16:11.401000,買い,109.27800,109.22800,1.00,-5.00,6346.20,水平線手前,損切,支持抵抗,0,109.27800
2021-05-01,2021-05-31,20260209_090837,20260209_090837-0002,2021-05-03 22:53:22.418000,2021-05-03 23:00:00.242000,買い,109.16100,109.11100,1.00,-5.00,6341.20,水平線手前,損切,支持抵抗,0,109.16100
2021-05-01,2021-05-31,20260209_090837,20260209_090837-0003,2021-05-03 23:20:43.232000,2021-05-04 00:49:09.376000,買い,108.93500,109.08500,1.00,15.00,6356.20,水平線手前,利確,支持抵抗,0,108.93500
2021-05-01,2021-05-31,20260209_090837,20260209_090837-0004,2021-05-04 16:25:20.626000,2021-05-04 20:40:38.934000,売り,109.45800,109.30800,1.00,15.00,6371.20,水平線手前,利確,支持抵抗,0,109.45800
2021-05-01,2021-05-31,20260209_090837,20260209_090837-0005,2021-05-04 20:42:12.784000,2021-05-04 21:25:09.886000,買い,109.19300,109.14300,1.00,-5.00,6366.20,水平線手前,損切,支持抵抗,0,109.19300
2021-05-01,2021-05-31,20260209_090837,20260209_090837-0006,2021-05-04 21:39:56.040000,2021-05-04 22:02:08.234000,買い,109.10600,109.05600,1.00,-5.00,6361.20,水平線手前,損切,支持抵抗,0,109.10600
2021-05-01,2021-05-31,20260209_090837,20260209_090837-0007,2021-05-04 22:00:59.220000,2021-05-04 23:23:07.168000,買い,109.08000,109.23000,1.00,15.00,6376.20,水平線手前,利確,支持抵抗,0,109.08000
2021-05-01,2021-05-31,20260209_090837,20260209_090837-0008,2021-05-05 15:26:10.477000,2021-05-05 15:31:47.261000,売り,109.43500,109.48500,1.00,-5.00,6371.20,水平線手前,損切,支持抵抗,0,109.43500
2021-05-01,2021-05-31,20260209_090837,20260209_090837-0009,2021-05-05 15:26:10.884000,2021-05-05 17:34:13.920000,売り,109.45200,109.30200,1.00,15.00,6386.20,水平線手前,利確,支持抵抗,0,109.45200
2021-05-01,2021-05-31,20260209_090837,20260209_090837-0010,2021-05-05 22:33:15.806000,2021-05-05 22:35:09.298000,買い,109.23400,109.18400,1.00,-5.00,6381.20,水平線手前,損切,支持抵抗,0,109.23400
2021-05-01,2021-05-31,20260209_090837,20260209_090837-0011,2021-05-05 22:35:36.621000,2021-05-06 10:01:07.902000,買い,109.18200,109.33200,1.00,15.00,6396.20,水平線手前,利確,支持抵抗,0,109.18200
2021-05-01,2021-05-31,20260209_090837,20260209_090837-0012,2021-05-06 17:55:09.515000,2021-05-06 18:29:19.011000,買い,109.20000,109.15000,1.00,-5.00,6391.20,水平線手前,損切,支持抵抗,0,109.20000
2021-05-01,2021-05-31,20260209_090837,20260209_090837-0013,2021-05-06 18:38:05.430000,2021-05-06 19:30:16.801000,買い,109.12400,109.07400,1.00,-5.00,6386.20,水平線手前,損切,支持抵抗,0,109.12400
2021-05-01,2021-05-31,20260209_090837,20260209_090837-0014,2021-05-06 19:29:25.294000,2021-05-06 21:31:56.209000,買い,109.09900,109.24900,1.00,15.00,6401.20,水平線手前,利確,支持抵抗,0,109.09900
2021-05-01,2021-05-31,20260209_090837,20260209_090837-0015,2021-05-06 22:18:38.263000,2021-05-06 22:36:24.530000,売り,109.38900,109.23900,1.00,15.00,6416.20,水平線手前,利確,支持抵抗,0,109.38900
2021-05-01,2021-05-31,20260209_090837,20260209_090837-0016,2021-05-06 23:11:22.052000,2021-05-07 03:31:17.211000,買い,109.07400,109.02400,1.00,-5.00,6411.20,水平線手前,損切,支持抵抗,0,109.07400
2021-05-01,2021-05-31,20260209_090837,20260209_090837-0017,2021-05-07 03:28:31.533000,2021-05-07 09:01:04.618000,買い,109.04000,108.99000,1.00,-5.00,6406.20,水平線手前,損切,支持抵抗,0,109.04000
2021-05-01,2021-05-31,20260209_090837,20260209_090837-0018,2021-05-07 21:01:15.857000,2021-05-07 21:30:01.472000,売り,109.25800,109.10800,1.00,15.00,6421.20,水平線手前,利確,支持抵抗,0,109.25800
2021-05-01,2021-05-31,20260209_090837,20260209_090837-0019,2021-05-07 21:30:09.008000,2021-05-07 21:30:11.428000,買い,108.97500,108.92500,1.00,-5.00,6416.20,水平線手前,損切,支持抵抗,0,108.97500
2021-05-01,2021-05-31,20260209_090837,20260209_090837-0020,2021-05-07 21:30:11.428000,2021-05-07 21:30:13.625000,買い,108.93400,108.88400,1.00,-5.00,6411.20,水平線手前,損切,支持抵抗,0,108.93400
2021-05-01,2021-05-31,20260209_090837,20260209_090837-0021,2021-05-07 21:52:56.139000,2021-05-07 21:56:19.169000,買い,108.37600,108.52600,1.00,15.00,6426.20,水平線手前,利確,支持抵抗,0,108.37600
2021-05-01,2021-05-31,20260209_090837,20260209_090837-0022,2021-05-11 16:00:14.924000,2021-05-11 19:08:54.337000,売り,108.95200,108.80200,1.00,15.00,6441.20,水平線手前,利確,支持抵抗,0,108.95200
2021-05-01,2021-05-31,20260209_090837,20260209_090837-0023,2021-05-11 19:09:29.198000,2021-05-11 19:23:12.730000,買い,108.77300,108.72300,1.00,-5.00,6436.20,水平線手前,損切,支持抵抗,0,108.77300
2021-05-01,2021-05-31,20260209_090837,20260209_090837-0024,2021-05-11 19:24:13.527000,2021-05-11 20:21:36.219000,買い,108.70400,108.65400,1.00,-5.00,6431.20,水平線手前,損切,支持抵抗,0,108.70400
2021-05-01,2021-05-31,20260209_090837,20260209_090837-0025,2021-05-11 20:24:33.061000,2021-05-11 21:00:52.257000,買い,108.62600,108.57600,1.00,-5.00,6426.20,水平線手前,損切,支持抵抗,0,108.62600
2021-05-01,2021-05-31,20260209_090837,20260209_090837-0026,2021-05-11 21:08:10.315000,2021-05-11 22:02:13.919000,買い,108.54000,108.49000,1.00,-5.00,6421.20,水平線手前,損切,支持抵抗,0,108.54000
2021-05-01,2021-05-31,20260209_090837,20260209_090837-0027,2021-05-11 22:02:12.601000,2021-05-11 22:02:29.752000,買い,108.50700,108.45700,1.00,-5.00,6416.20,水平線手前,損切,支持抵抗,0,108.50700
2021-05-01,2021-05-31,20260209_090837,20260209_090837-0028,2021-05-11 22:06:10.123000,2021-05-11 22:30:56.504000,買い,108.38900,108.53900,1.00,15.00,6431.20,水平線手前,利確,支持抵抗,0,108.38900
2021-05-01,2021-05-31,20260209_090837,20260209_090837-0029,2021-05-12 21:30:01.592000,2021-05-12 21:30:02.558000,売り,108.94600,108.99600,1.00,-5.00,6426.20,水平線手前,損切,支持抵抗,0,108.94600
2021-05-01,2021-05-31,20260209_090837,20260209_090837-0030,2021-05-12 21:30:01.744000,2021-05-12 21:30:02.916000,売り,108.95800,109.00800,1.00,-5.00,6421.20,水平線手前,損切,支持抵抗,0,108.95800
2021-05-01,2021-05-31,20260209_090837,20260209_090837-0031,2021-05-12 21:35:36.855000,2021-05-12 21:54:44.138000,売り,109.18000,109.03000,1.00,15.00,6436.20,水平線手前,利確,支持抵抗,0,109.18000
2021-05-01,2021-05-31,20260209_090837,20260209_090837-0032,2021-05-12 22:49:07.860000,2021-05-12 23:01:17.754000,売り,109.25700,109.30700,1.00,-5.00,6431.20,水平線手前,損切,支持抵抗,0,109.25700
2021-05-01,2021-05-31,20260209_090837,20260209_090837-0033,2021-05-12 22:49:07.911000,2021-05-12 23:01:18.160000,売り,109.26200,109.31200,1.00,-5.00,6426.20,水平線手前,損切,支持抵抗,0,109.26200
2021-05-01,2021-05-31,20260209_090837,20260209_090837-0034,2021-05-12 23:11:03.753000,2021-05-13 00:08:00.666000,売り,109.38300,109.43300,1.00,-5.00,6421.20,水平線手前,損切,支持抵抗,0,109.38300
2021-05-01,2021-05-31,20260209_090837,20260209_090837-0035,2021-05-13 00:08:47.498000,2021-05-13 00:13:58.757000,売り,109.43200,109.48200,1.00,-5.00,6416.20,水平線手前,損切,支持抵抗,0,109.43200
2021-05-01,2021-05-31,20260209_090837,20260209_090837-0036,2021-05-13 00:31:38.730000,2021-05-13 01:06:52.636000,売り,109.51200,109.56200,1.00,-5.00,6411.20,水平線手前,損切,支持抵抗,0,109.51200
2021-05-01,2021-05-31,20260209_090837,20260209_090837-0037,2021-05-13 01:49:31.908000,2021-05-13 05:36:03.799000,売り,109.61100,109.66100,1.00,-5.00,6406.20,水平線手前,損切,支持抵抗,0,109.61100
2021-05-01,2021-05-31,20260209_090837,20260209_090837-0038,2021-05-13 21:31:24.239000,2021-05-14 01:48:53.853000,買い,109.52000,109.47000,1.00,-5.00,6401.20,水平線手前,損切,支持抵抗,0,109.52000
2021-05-01,2021-05-31,20260209_090837,20260209_090837-0039,2021-05-13 21:31:24.340000,2021-05-14 01:48:53.954000,買い,109.51900,109.46900,1.00,-5.00,6396.20,水平線手前,損切,支持抵抗,0,109.51900
2021-05-01,2021-05-31,20260209_090837,20260209_090837-0040,2021-05-14 01:48:50.979000,2021-05-14 03:52:28.998000,買い,109.48800,109.43800,1.00,-5.00,6391.20,水平線手前,損切,支持抵抗,0,109.48800
2021-05-01,2021-05-31,20260209_090837,20260209_090837-0041,2021-05-14 02:00:26.030000,2021-05-14 03:52:29.151000,買い,109.48100,109.43100,1.00,-5.00,6386.20,水平線手前,損切,支持抵抗,0,109.48100
2021-05-01,2021-05-31,20260209_090837,20260209_090837-0042,2021-05-14 03:52:25.226000,2021-05-14 09:27:53.077000,買い,109.45000,109.60000,1.00,15.00,6401.20,水平線手前,利確,支持抵抗,0,109.45000
2021-05-01,2021-05-31,20260209_090837,20260209_090837-0043,2021-05-14 15:29:33.456000,2021-05-14 15:41:35.014000,買い,109.44500,109.39500,1.00,-5.00,6396.20,水平線手前,損切,支持抵抗,0,109.44500
2021-05-01,2021-05-31,20260209_090837,20260209_090837-0044,2021-05-14 15:45:34.399000,2021-05-14 17:10:04.949000,買い,109.38100,109.33100,1.00,-5.00,6391.20,水平線手前,損切,支持抵抗,0,109.38100
2021-05-01,2021-05-31,20260209_090837,20260209_090837-0045,2021-05-14 16:01:07.887000,2021-05-14 17:12:06.580000,買い,109.37700,109.32700,1.00,-5.00,6386.20,水平線手前,損切,支持抵抗,0,109.37700
2021-05-01,2021-05-31,20260209_090837,20260209_090837-0046,2021-05-14 17:24:58.510000,2021-05-14 21:31:06.403000,買い,109.29500,109.24500,1.00,-5.00,6381.20,水平線手前,損切,支持抵抗,0,109.29500
2021-05-01,2021-05-31,20260209_090837,20260209_090837-0047,2021-05-14 18:00:32.073000,2021-05-14 21:31:07.454000,買い,109.28700,109.23700,1.00,-5.00,6376.20,水平線手前,損切,支持抵抗,0,109.28700
2021-05-01,2021-05-31,20260209_090837,20260209_090837-0048,2021-05-14 21:31:14.688000,2021-05-14 21:36:47.611000,買い,109.22500,109.37500,1.00,15.00,6391.20,水平線手前,利確,支持抵抗,0,109.22500
2021-05-01,2021-05-31,20260209_090837,20260209_090837-0049,2021-05-17 15:32:23.526000,2021-05-17 15:36:28.712000,買い,109.22400,109.17400,1.00,-5.00,6386.20,水平線手前,損切,支持抵抗,0,109.22400
2021-05-01,2021-05-31,20260209_090837,20260209_090837-0050,2021-05-17 15:32:44.246000,2021-05-17 15:37:33.936000,買い,109.22100,109.17100,1.00,-5.00,6381.20,水平線手前,損切,支持抵抗,0,109.22100
2021-05-01,2021-05-31,20260209_090837,20260209_090837-0051,2021-05-17 15:33:12.136000,2021-05-17 16:04:29.453000,買い,109.21000,109.16000,1.00,-5.00,6376.20,水平線手前,損切,支持抵抗,0,109.21000
2021-05-01,2021-05-31,20260209_090837,20260209_090837-0052,2021-05-17 16:03:52.979000,2021-05-17 19:07:56.603000,買い,109.18400,109.13400,1.00,-5.00,6371.20,水平線手前,損切,支持抵抗,0,109.18400
2021-05-01,2021-05-31,20260209_090837,20260209_090837-0053,2021-05-17 19:08:39.435000,2021-05-17 21:28:19.258000,買い,109.11300,109.26300,1.00,15.00,6386.20,水平線手前,利確,支持抵抗,0,109.11300
2021-05-01,2021-05-31,20260209_090837,20260209_090837-0054,2021-05-18 11:06:00.008000,2021-05-18 15:22:47.197000,買い,109.13600,109.08600,1.00,-5.00,6381.20,水平線手前,損切,支持抵抗,0,109.13600
2021-05-01,2021-05-31,20260209_090837,20260209_090837-0055,2021-05-18 15:24:32.700000,2021-05-18 16:09:48.641000,買い,109.06900,109.01900,1.00,-5.00,6376.20,水平線手前,損切,支持抵抗,0,109.06900
2021-05-01,2021-05-31,20260209_090837,20260209_090837-0056,2021-05-18 16:26:14.547000,2021-05-18 17:04:40.799000,買い,108.98100,108.93100,1.00,-5.00,6371.20,水平線手前,損切,支持抵抗,0,108.98100
2021-05-01,2021-05-31,20260209_090837,20260209_090837-0057,2021-05-18 17:17:40.170000,2021-05-18 20:10:53.976000,買い,108.89100,109.04100,1.00,15.00,6386.20,水平線手前,利確,支持抵抗,0,108.89100
2021-05-01,2021-05-31,20260209_090837,20260209_090837-0058,2021-05-18 21:41:38.378000,2021-05-19 10:01:25.266000,買い,108.87000,109.02000,1.00,15.00,6401.20,水平線手前,利確,支持抵抗,0,108.87000
2021-05-01,2021-05-31,20260209_090837,20260209_090837-0059,2021-05-19 16:23:40.564000,2021-05-19 16:48:56.988000,売り,109.04400,109.09400,1.00,-5.00,6396.20,水平線手前,損切,支持抵抗,0,109.04400
2021-05-01,2021-05-31,20260209_090837,20260209_090837-0060,2021-05-19 16:48:59.364000,2021-05-19 18:17:38.438000,売り,109.09000,109.14000,1.00,-5.00,6391.20,水平線手前,損切,支持抵抗,0,109.09000
2021-05-01,2021-05-31,20260209_090837,20260209_090837-0061,2021-05-19 18:25:15.330000,2021-05-19 19:11:27.696000,売り,109.14200,109.19200,1.00,-5.00,6386.20,水平線手前,損切,支持抵抗,0,109.14200
2021-05-01,2021-05-31,20260209_090837,20260209_090837-0062,2021-05-19 19:31:42.716000,2021-05-19 20:00:48.802000,売り,109.21900,109.26900,1.00,-5.00,6381.20,水平線手前,損切,支持抵抗,0,109.21900
2021-05-01,2021-05-31,20260209_090837,20260209_090837-0063,2021-05-19 20:00:29.462000,2021-05-19 20:09:34.229000,売り,109.25300,109.30300,1.00,-5.00,6376.20,水平線手前,損切,支持抵抗,0,109.25300
2021-05-01,2021-05-31,20260209_090837,20260209_090837-0064,2021-05-19 20:12:43.825000,2021-05-19 21:05:04.301000,売り,109.30500,109.15500,1.00,15.00,6391.20,水平線手前,利確,支持抵抗,0,109.30500
2021-05-01,2021-05-31,20260209_090837,20260209_090837-0065,2021-05-19 22:08:15.569000,2021-05-19 22:08:44.750000,買い,108.86700,108.81700,1.00,-5.00,6386.20,水平線手前,損切,支持抵抗,0,108.86700
2021-05-01,2021-05-31,20260209_090837,20260209_090837-0066,2021-05-19 22:11:01.725000,2021-05-19 22:25:26.505000,買い,108.77200,108.92200,1.00,15.00,6401.20,水平線手前,利確,支持抵抗,0,108.77200
2021-05-01,2021-05-31,20260209_090837,20260209_090837-0067,2021-05-19 23:05:04.223000,2021-05-19 23:36:19.308000,買い,108.70100,108.65100,1.00,-5.00,6396.20,水平線手前,損切,支持抵抗,0,108.70100
2021-05-01,2021-05-31,20260209_090837,20260209_090837-0068,2021-05-19 23:58:04.228000,2021-05-20 00:01:35.070000,買い,108.62200,108.57200,1.00,-5.00,6391.20,水平線手前,損切,支持抵抗,0,108.62200
2021-05-01,2021-05-31,20260209_090837,20260209_090837-0069,2021-05-20 00:00:09.718000,2021-05-20 00:53:08.932000,買い,108.61100,108.76100,1.00,15.00,6406.20,水平線手前,利確,支持抵抗,0,108.61100
2021-05-01,2021-05-31,20260209_090837,20260209_090837-0070,2021-05-20 22:38:39.151000,2021-05-20 23:02:40.169000,買い,108.82600,108.77600,1.00,-5.00,6401.20,水平線手前,損切,支持抵抗,0,108.82600
2021-05-01,2021-05-31,20260209_090837,20260209_090837-0071,2021-05-20 23:02:17.347000,2021-05-21 13:36:17.688000,買い,108.79300,108.74300,1.00,-5.00,6396.20,水平線手前,損切,支持抵抗,0,108.79300
2021-05-01,2021-05-31,20260209_090837,20260209_090837-0072,2021-05-21 00:41:26.539000,2021-05-21 13:36:58.991000,買い,108.78800,108.73800,1.00,-5.00,6391.20,水平線手前,損切,支持抵抗,0,108.78800
2021-05-01,2021-05-31,20260209_090837,20260209_090837-0073,2021-05-21 13:34:03.438000,2021-05-21 14:29:06.022000,買い,108.77500,108.72500,1.00,-5.00,6386.20,水平線手前,損切,支持抵抗,0,108.77500
2021-05-01,2021-05-31,20260209_090837,20260209_090837-0074,2021-05-21 14:25:09.894000,2021-05-21 15:03:27.138000,買い,108.74800,108.69800,1.00,-5.00,6381.20,水平線手前,損切,支持抵抗,0,108.74800
2021-05-01,2021-05-31,20260209_090837,20260209_090837-0075,2021-05-21 15:01:44.270000,2021-05-21 17:01:43.417000,買い,108.71600,108.66600,1.00,-5.00,6376.20,水平線手前,損切,支持抵抗,0,108.71600
2021-05-01,2021-05-31,20260209_090837,20260209_090837-0076,2021-05-21 17:02:24.652000,2021-05-21 18:21:43.605000,買い,108.66300,108.61300,1.00,-5.00,6371.20,水平線手前,損切,支持抵抗,0,108.66300
2021-05-01,2021-05-31,20260209_090837,20260209_090837-0077,2021-05-21 18:00:20.756000,2021-05-21 20:58:42.178000,買い,108.64900,108.79900,1.00,15.00,6386.20,水平線手前,利確,支持抵抗,0,108.64900
2021-05-01,2021-05-31,20260209_090837,20260209_090837-0078,2021-05-22 01:56:32.220000,2021-05-24 13:05:54.566000,売り,108.99500,108.84500,1.00,15.00,6401.20,水平線手前,利確,支持抵抗,0,108.99500
2021-05-01,2021-05-31,20260209_090837,20260209_090837-0079,2021-05-24 17:38:13.129000,2021-05-24 22:37:04.115000,売り,108.97500,108.82500,1.00,15.00,6416.20,水平線手前,利確,支持抵抗,0,108.97500
2021-05-01,2021-05-31,20260209_090837,20260209_090837-0080,2021-05-24 23:21:50.607000,2021-05-25 10:18:26.682000,買い,108.73300,108.68300,1.00,-5.00,6411.20,水平線手前,損切,支持抵抗,0,108.73300
2021-05-01,2021-05-31,20260209_090837,20260209_090837-0081,2021-05-25 11:14:03.862000,2021-05-25 15:36:04.419000,買い,108.72000,108.67000,1.00,-5.00,6406.20,水平線手前,損切,支持抵抗,0,108.72000
2021-05-01,2021-05-31,20260209_090837,20260209_090837-0082,2021-05-25 15:37:59.662000,2021-05-25 16:04:55.059000,買い,108.66300,108.61300,1.00,-5.00,6401.20,水平線手前,損切,支持抵抗,0,108.66300
2021-05-01,2021-05-31,20260209_090837,20260209_090837-0083,2021-05-25 15:44:00.227000,2021-05-25 16:10:23.306000,買い,108.64900,108.59900,1.00,-5.00,6396.20,水平線手前,損切,支持抵抗,0,108.64900
2021-05-01,2021-05-31,20260209_090837,20260209_090837-0084,2021-05-25 16:10:13.270000,2021-05-25 16:11:16.438000,買い,108.61000,108.56000,1.00,-5.00,6391.20,水平線手前,損切,支持抵抗,0,108.61000
2021-05-01,2021-05-31,20260209_090837,20260209_090837-0085,2021-05-25 16:10:32.647000,2021-05-25 17:03:27.237000,買い,108.59600,108.74600,1.00,15.00,6406.20,水平線手前,利確,支持抵抗,0,108.59600
2021-05-01,2021-05-31,20260209_090837,20260209_090837-0086,2021-05-25 18:33:01.887000,2021-05-25 19:05:32.453000,売り,108.81200,108.86200,1.00,-5.00,6401.20,水平線手前,損切,支持抵抗,0,108.81200
2021-05-01,2021-05-31,20260209_090837,20260209_090837-0087,2021-05-25 17:10:53.219000,2021-05-25 19:05:32.605000,売り,108.81300,108.86300,1.00,-5.00,6396.20,水平線手前,損切,支持抵抗,0,108.81300
2021-05-01,2021-05-31,20260209_090837,20260209_090837-0088,2021-05-25 19:27:09.631000,2021-05-25 20:21:12.789000,売り,108.92400,108.97400,1.00,-5.00,6391.20,水平線手前,損切,支持抵抗,0,108.92400
2021-05-01,2021-05-31,20260209_090837,20260209_090837-0089,2021-05-25 20:03:35.883000,2021-05-25 21:52:33.631000,売り,108.93700,108.98700,1.00,-5.00,6386.20,水平線手前,損切,支持抵抗,0,108.93700
2021-05-01,2021-05-31,20260209_090837,20260209_090837-0090,2021-05-25 19:28:23.481000,2021-05-25 21:52:40.276000,売り,108.95300,109.00300,1.00,-5.00,6381.20,水平線手前,損切,支持抵抗,0,108.95300
2021-05-01,2021-05-31,20260209_090837,20260209_090837-0091,2021-05-25 21:54:30.395000,2021-05-25 22:26:00.353000,売り,109.02100,109.07100,1.00,-5.00,6376.20,水平線手前,損切,支持抵抗,0,109.02100
2021-05-01,2021-05-31,20260209_090837,20260209_090837-0092,2021-05-25 22:22:43.147000,2021-05-25 23:17:23.607000,売り,109.04000,108.89000,1.00,15.00,6391.20,水平線手前,利確,支持抵抗,0,109.04000
2021-05-01,2021-05-31,20260209_090837,20260209_090837-0093,2021-05-26 18:04:31.530000,2021-05-26 22:02:20.339000,売り,108.90500,108.95500,1.00,-5.00,6386.20,水平線手前,損切,支持抵抗,0,108.90500
2021-05-01,2021-05-31,20260209_090837,20260209_090837-0094,2021-05-26 22:30:13.797000,2021-05-27 00:01:26.908000,売り,109.02800,109.07800,1.00,-5.00,6381.20,水平線手前,損切,支持抵抗,0,109.02800
2021-05-01,2021-05-31,20260209_090837,20260209_090837-0095,2021-05-27 00:33:57.832000,2021-05-27 02:44:01.839000,売り,109.11700,109.16700,1.00,-5.00,6376.20,水平線手前,損切,支持抵抗,0,109.11700
2021-05-01,2021-05-31,20260209_090837,20260209_090837-0096,2021-05-27 02:43:42.606000,2021-05-27 09:00:55.170000,売り,109.14800,109.19800,1.00,-5.00,6371.20,水平線手前,損切,支持抵抗,0,109.14800
2021-05-01,2021-05-31,20260209_090837,20260209_090837-0097,2021-05-27 17:46:52.511000,2021-05-27 20:48:43.852000,売り,109.17800,109.22800,1.00,-5.00,6366.20,水平線手前,損切,支持抵抗,0,109.17800
2021-05-01,2021-05-31,20260209_090837,20260209_090837-0098,2021-05-27 17:46:53.021000,2021-05-27 20:48:43.852000,売り,109.17900,109.22900,1.00,-5.00,6361.20,水平線手前,損切,支持抵抗,0,109.17900
2021-05-01,2021-05-31,20260209_090837,20260209_090837-0099,2021-05-27 20:48:44.057000,2021-05-27 21:05:05.572000,売り,109.23100,109.28100,1.00,-5.00,6356.20,水平線手前,損切,支持抵抗,0,109.23100
2021-05-01,2021-05-31,20260209_090837,20260209_090837-0100,2021-05-27 21:05:05.877000,2021-05-27 21:09:08.024000,売り,109.27800,109.32800,1.00,-5.00,6351.20,水平線手前,損切,支持抵抗,0,109.27800
2021-05-01,2021-05-31,20260209_090837,20260209_090837-0101,2021-05-27 21:14:00.894000,2021-05-27 22:16:05.578000,売り,109.36900,109.41900,1.00,-5.00,6346.20,水平線手前,損切,支持抵抗,0,109.36900
2021-05-01,2021-05-31,20260209_090837,20260209_090837-0102,2021-05-27 21:14:02.770000,2021-05-27 22:16:05.578000,売り,109.36900,109.41900,1.00,-5.00,6341.20,水平線手前,損切,支持抵抗,0,109.36900
2021-05-01,2021-05-31,20260209_090837,20260209_090837-0103,2021-05-27 22:33:44.874000,2021-05-27 22:45:42.372000,売り,109.48200,109.53200,1.00,-5.00,6336.20,水平線手前,損切,支持抵抗,0,109.48200
2021-05-01,2021-05-31,20260209_090837,20260209_090837-0104,2021-05-27 22:45:42.270000,2021-05-27 23:47:23.507000,売り,109.51800,109.56800,1.00,-5.00,6331.20,水平線手前,損切,支持抵抗,0,109.51800
2021-05-01,2021-05-31,20260209_090837,20260209_090837-0105,2021-05-27 23:56:59.799000,2021-05-27 23:57:32.339000,売り,109.66300,109.71300,1.00,-5.00,6326.20,水平線手前,損切,支持抵抗,0,109.66300
2021-05-01,2021-05-31,20260209_090837,20260209_090837-0106,2021-05-27 23:57:38.171000,2021-05-28 00:38:15.601000,売り,109.71900,109.76900,1.00,-5.00,6321.20,水平線手前,損切,支持抵抗,0,109.71900
2021-05-01,2021-05-31,20260209_090837,20260209_090837-0107,2021-05-28 00:38:08.477000,2021-05-28 00:50:26.750000,売り,109.75600,109.80600,1.00,-5.00,6316.20,水平線手前,損切,支持抵抗,0,109.75600
2021-05-01,2021-05-31,20260209_090837,20260209_090837-0108,2021-05-28 00:50:44.225000,2021-05-28 01:08:50.348000,売り,109.82300,109.87300,1.00,-5.00,6311.20,水平線手前,損切,支持抵抗,0,109.82300
2021-05-01,2021-05-31,20260209_090837,20260209_090837-0109,2021-05-28 01:22:55.611000,2021-05-28 09:30:40.259000,売り,109.89500,109.94500,1.00,-5.00,6306.20,水平線手前,損切,支持抵抗,0,109.89500
2021-05-01,2021-05-31,20260209_090837,20260209_090837-0110,2021-05-28 20:01:49.981000,2021-05-28 20:19:12.084000,売り,109.93000,109.98000,1.00,-5.00,6301.20,水平線手前,損切,支持抵抗,0,109.93000
2021-05-01,2021-05-31,20260209_090837,20260209_090837-0111,2021-05-28 20:56:07.120000,2021-05-28 21:29:30.947000,売り,110.05800,110.10800,1.00,-5.00,6296.20,水平線手前,損切,支持抵抗,0,110.05800
2021-05-01,2021-05-31,20260209_090837,20260209_090837-0112,2021-05-28 21:50:53.753000,2021-05-28 22:40:41.456000,売り,110.16800,110.01800,1.00,15.00,6311.20,水平線手前,利確,支持抵抗,0,110.16800
2021-05-01,2021-05-31,20260209_090837,20260209_090837-0113,2021-05-29 00:49:22.492000,2021-05-29 01:17:26.118000,買い,109.83500,109.78500,1.00,-5.00,6306.20,水平線手前,損切,支持抵抗,0,109.83500
2021-05-01,2021-05-31,20260209_090837,20260209_090837-0114,2021-05-29 01:17:12.762000,2021-05-29 02:36:01.364000,買い,109.80100,109.75100,1.00,-5.00,6301.20,水平線手前,損切,支持抵抗,0,109.80100
2021-05-01,2021-05-31,20260209_090837,20260209_090837-0115,2021-05-29 02:00:06.784000,2021-05-31 08:53:10.195000,買い,109.78100,109.93100,1.00,15.00,6316.20,水平線手前,利確,支持抵抗,0,109.78100
2021-05-01,2021-05-31,20260209_090837,20260209_090837-0116,2021-05-31 11:13:18.926000,2021-05-31 11:32:58.366000,買い,109.69100,109.64100,1.00,-5.00,6311.20,水平線手前,損切,支持抵抗,0,109.69100
2021-05-01,2021-05-31,20260209_090837,20260209_090837-0117,2021-05-31 11:27:08.213000,2021-05-31 22:12:15.994000,買い,109.67500,109.62500,1.00,-5.00,6306.20,水平線手前,損切,支持抵抗,0,109.67500
2021-05-01,2021-05-31,20260209_090837,20260209_090837-0118,2021-05-31 23:56:58.835000,2021-05-31 23:59:58.999000,買い,109.39800,109.39700,1.00,-0.10,6306.10,水平線手前,終了,支持抵抗,0,109.39800
2021-06-01,2021-06-30,20260209_090904,20260209_090904-0001,2021-06-01 23:27:10.620000,2021-06-02 09:01:48.901000,買い,109.37000,109.52000,1.00,15.00,6321.10,水平線手前,利確,支持抵抗,0,109.37000
2021-06-01,2021-06-30,20260209_090904,20260209_090904-0002,2021-06-02 13:48:41.448000,2021-06-02 14:14:49.366000,売り,109.67600,109.72600,1.00,-5.00,6316.10,水平線手前,損切,支持抵抗,0,109.67600
2021-06-01,2021-06-30,20260209_090904,20260209_090904-0003,2021-06-02 14:12:19.515000,2021-06-02 15:04:49.953000,売り,109.69700,109.74700,1.00,-5.00,6311.10,水平線手前,損切,支持抵抗,0,109.69700
2021-06-01,2021-06-30,20260209_090904,20260209_090904-0004,2021-06-02 15:07:06.709000,2021-06-02 16:58:02.826000,売り,109.74400,109.79400,1.00,-5.00,6306.10,水平線手前,損切,支持抵抗,0,109.74400
2021-06-01,2021-06-30,20260209_090904,20260209_090904-0005,2021-06-02 16:00:40.062000,2021-06-02 17:08:06.980000,売り,109.75500,109.80500,1.00,-5.00,6301.10,水平線手前,損切,支持抵抗,0,109.75500
2021-06-01,2021-06-30,20260209_090904,20260209_090904-0006,2021-06-02 17:49:32.494000,2021-06-02 21:20:12.833000,売り,109.85600,109.70600,1.00,15.00,6316.10,水平線手前,利確,支持抵抗,0,109.85600
2021-06-01,2021-06-30,20260209_090904,20260209_090904-0007,2021-06-03 21:15:04.201000,2021-06-03 21:22:54.517000,売り,109.85800,109.90800,1.00,-5.00,6311.10,水平線手前,損切,支持抵抗,0,109.85800
2021-06-01,2021-06-30,20260209_090904,20260209_090904-0008,2021-06-03 21:25:34.638000,2021-06-03 22:23:17.596000,売り,109.95900,110.00900,1.00,-5.00,6306.10,水平線手前,損切,支持抵抗,0,109.95900
2021-06-01,2021-06-30,20260209_090904,20260209_090904-0009,2021-06-03 22:46:15.479000,2021-06-03 23:16:51.811000,売り,110.13300,110.18300,1.00,-5.00,6301.10,水平線手前,損切,支持抵抗,0,110.13300
2021-06-01,2021-06-30,20260209_090904,20260209_090904-0010,2021-06-03 23:45:02.524000,2021-06-04 00:16:39.237000,売り,110.19000,110.24000,1.00,-5.00,6296.10,水平線手前,損切,支持抵抗,0,110.19000
2021-06-01,2021-06-30,20260209_090904,20260209_090904-0011,2021-06-04 00:42:45.733000,2021-06-04 07:06:25.279000,売り,110.28200,110.33200,1.00,-5.00,6291.10,水平線手前,損切,支持抵抗,0,110.28200
2021-06-01,2021-06-30,20260209_090904,20260209_090904-0012,2021-06-04 01:17:47.161000,2021-06-04 07:06:25.481000,売り,110.28400,110.33400,1.00,-5.00,6286.10,水平線手前,損切,支持抵抗,0,110.28400
2021-06-01,2021-06-30,20260209_090904,20260209_090904-0013,2021-06-04 21:04:16.433000,2021-06-04 21:30:02.038000,買い,110.08000,110.03000,1.00,-5.00,6281.10,水平線手前,損切,支持抵抗,0,110.08000
2021-06-01,2021-06-30,20260209_090904,20260209_090904-0014,2021-06-04 21:55:31.974000,2021-06-04 22:04:01.193000,買い,109.76400,109.71400,1.00,-5.00,6276.10,水平線手前,損切,支持抵抗,0,109.76400
2021-06-01,2021-06-30,20260209_090904,20260209_090904-0015,2021-06-04 22:48:05.727000,2021-06-04 22:50:49.114000,買い,109.56700,109.51700,1.00,-5.00,6271.10,水平線手前,損切,支持抵抗,0,109.56700
2021-06-01,2021-06-30,20260209_090904,20260209_090904-0016,2021-06-04 22:50:50.286000,2021-06-04 23:00:21.529000,買い,109.52400,109.47400,1.00,-5.00,6266.10,水平線手前,損切,支持抵抗,0,109.52400
2021-06-01,2021-06-30,20260209_090904,20260209_090904-0017,2021-06-04 23:00:08.325000,2021-06-04 23:19:09.500000,買い,109.49300,109.44300,1.00,-5.00,6261.10,水平線手前,損切,支持抵抗,0,109.49300
2021-06-01,2021-06-30,20260209_090904,20260209_090904-0018,2021-06-04 23:32:27.861000,2021-06-05 04:15:08.383000,買い,109.40200,109.55200,1.00,15.00,6276.10,水平線手前,利確,支持抵抗,0,109.40200
2021-06-01,2021-06-30,20260209_090904,20260209_090904-0019,2021-06-07 13:30:00.267000,2021-06-07 13:35:37.388000,買い,109.51100,109.46100,1.00,-5.00,6271.10,水平線手前,損切,支持抵抗,0,109.51100
2021-06-01,2021-06-30,20260209_090904,20260209_090904-0020,2021-06-07 13:49:55.930000,2021-06-07 16:06:50.276000,買い,109.42100,109.57100,1.00,15.00,6286.10,水平線手前,利確,支持抵抗,0,109.42100
2021-06-01,2021-06-30,20260209_090904,20260209_090904-0021,2021-06-07 17:04:01.845000,2021-06-07 20:30:19.977000,買い,109.38900,109.33900,1.00,-5.00,6281.10,水平線手前,損切,支持抵抗,0,109.38900
2021-06-01,2021-06-30,20260209_090904,20260209_090904-0022,2021-06-07 20:30:55.798000,2021-06-07 22:13:07.252000,買い,109.28800,109.23800,1.00,-5.00,6276.10,水平線手前,損切,支持抵抗,0,109.28800
2021-06-01,2021-06-30,20260209_090904,20260209_090904-0023,2021-06-07 21:03:08.577000,2021-06-07 22:13:13.603000,買い,109.28200,109.23200,1.00,-5.00,6271.10,水平線手前,損切,支持抵抗,0,109.28200
2021-06-01,2021-06-30,20260209_090904,20260209_090904-0024,2021-06-07 22:13:21.143000,2021-06-08 09:41:36.445000,買い,109.22700,109.37700,1.00,15.00,6286.10,水平線手前,利確,支持抵抗,0,109.22700
2021-06-01,2021-06-30,20260209_090904,20260209_090904-0025,2021-06-08 20:57:53.473000,2021-06-08 21:25:27.016000,買い,109.40400,109.35400,1.00,-5.00,6281.10,水平線手前,損切,支持抵抗,0,109.40400
2021-06-01,2021-06-30,20260209_090904,20260209_090904-0026,2021-06-08 21:30:25.488000,2021-06-08 22:47:03.883000,買い,109.30900,109.45900,1.00,15.00,6296.10,水平線手前,利確,支持抵抗,0,109.30900
2021-06-01,2021-06-30,20260209_090904,20260209_090904-0027,2021-06-09 20:44:56.357000,2021-06-09 22:23:03.729000,買い,109.36600,109.31600,1.00,-5.00,6291.10,水平線手前,損切,支持抵抗,0,109.36600
2021-06-01,2021-06-30,20260209_090904,20260209_090904-0028,2021-06-09 22:31:09.597000,2021-06-09 23:09:39.605000,買い,109.26400,109.41400,1.00,15.00,6306.10,水平線手前,利確,支持抵抗,0,109.26400
2021-06-01,2021-06-30,20260209_090904,20260209_090904-0029,2021-06-09 23:22:40.328000,2021-06-09 23:32:44.409000,売り,109.48800,109.53800,1.00,-5.00,6301.10,水平線手前,損切,支持抵抗,0,109.48800
2021-06-01,2021-06-30,20260209_090904,20260209_090904-0030,2021-06-09 23:32:44.409000,2021-06-09 23:35:37.275000,売り,109.53200,109.58200,1.00,-5.00,6296.10,水平線手前,損切,支持抵抗,0,109.53200
2021-06-01,2021-06-30,20260209_090904,20260209_090904-0031,2021-06-09 23:41:34.786000,2021-06-09 23:52:25.627000,売り,109.58700,109.63700,1.00,-5.00,6291.10,水平線手前,損切,支持抵抗,0,109.58700
2021-06-01,2021-06-30,20260209_090904,20260209_090904-0032,2021-06-09 23:52:02.820000,2021-06-10 04:43:13.007000,売り,109.61100,109.66100,1.00,-5.00,6286.10,水平線手前,損切,支持抵抗,0,109.61100
2021-06-01,2021-06-30,20260209_090904,20260209_090904-0033,2021-06-09 23:52:02.871000,2021-06-10 04:43:13.108000,売り,109.61600,109.66600,1.00,-5.00,6281.10,水平線手前,損切,支持抵抗,0,109.61600
2021-06-01,2021-06-30,20260209_090904,20260209_090904-0034,2021-06-10 01:01:46.373000,2021-06-10 07:08:26.525000,売り,109.62000,109.67000,1.00,-5.00,6276.10,水平線手前,損切,支持抵抗,0,109.62000
2021-06-01,2021-06-30,20260209_090904,20260209_090904-0035,2021-06-10 21:30:01.348000,2021-06-10 21:30:02.260000,売り,109.65000,109.70000,1.00,-5.00,6271.10,水平線手前,損切,支持抵抗,0,109.65000
2021-06-01,2021-06-30,20260209_090904,20260209_090904-0036,2021-06-10 21:30:01.450000,2021-06-10 21:30:02.632000,売り,109.66000,109.71000,1.00,-5.00,6266.10,水平線手前,損切,支持抵抗,0,109.66000
2021-06-01,2021-06-30,20260209_090904,20260209_090904-0037,2021-06-10 21:46:35.354000,2021-06-10 22:31:01.142000,売り,109.73600,109.78600,1.00,-5.00,6261.10,水平線手前,損切,支持抵抗,0,109.73600
2021-06-01,2021-06-30,20260209_090904,20260209_090904-0038,2021-06-10 22:17:15.846000,2021-06-10 22:48:04.138000,売り,109.76500,109.61500,1.00,15.00,6276.10,水平線手前,利確,支持抵抗,0,109.76500
2021-06-01,2021-06-30,20260209_090904,20260209_090904-0039,2021-06-10 23:19:15.542000,2021-06-10 23:20:16.074000,買い,109.48900,109.43900,1.00,-5.00,6271.10,水平線手前,損切,支持抵抗,0,109.48900
2021-06-01,2021-06-30,20260209_090904,20260209_090904-0040,2021-06-10 23:20:14.705000,2021-06-10 23:59:24.107000,買い,109.46000,109.61000,1.00,15.00,6286.10,水平線手前,利確,支持抵抗,0,109.46000
2021-06-01,2021-06-30,20260209_090904,20260209_090904-0041,2021-06-11 01:15:31.614000,2021-06-11 04:11:00.122000,買い,109.45300,109.40300,1.00,-5.00,6281.10,水平線手前,損切,支持抵抗,0,109.45300
2021-06-01,2021-06-30,20260209_090904,20260209_090904-0042,2021-06-11 02:06:32.840000,2021-06-11 04:12:11.268000,買い,109.44800,109.39800,1.00,-5.00,6276.10,水平線手前,損切,支持抵抗,0,109.44800
2021-06-01,2021-06-30,20260209_090904,20260209_090904-0043,2021-06-11 16:11:16.482000,2021-06-11 17:22:06.268000,買い,109.34500,109.49500,1.00,15.00,6291.10,水平線手前,利確,支持抵抗,0,109.34500
2021-06-01,2021-06-30,20260209_090904,20260209_090904-0044,2021-06-11 04:22:20.415000,2021-06-11 17:22:52.239000,買い,109.35100,109.50100,1.00,15.00,6306.10,水平線手前,利確,支持抵抗,0,109.35100
2021-06-01,2021-06-30,20260209_090904,20260209_090904-0045,2021-06-11 21:32:25.549000,2021-06-11 22:02:23.003000,売り,109.61300,109.66300,1.00,-5.00,6301.10,水平線手前,損切,支持抵抗,0,109.61300
2021-06-01,2021-06-30,20260209_090904,20260209_090904-0046,2021-06-11 21:32:58.800000,2021-06-11 22:02:23.003000,売り,109.61400,109.66400,1.00,-5.00,6296.10,水平線手前,損切,支持抵抗,0,109.61400
2021-06-01,2021-06-30,20260209_090904,20260209_090904-0047,2021-06-11 22:51:22.594000,2021-06-11 23:13:59.725000,売り,109.71000,109.76000,1.00,-5.00,6291.10,水平線手前,損切,支持抵抗,0,109.71000
2021-06-01,2021-06-30,20260209_090904,20260209_090904-0048,2021-06-11 23:39:13.575000,2021-06-12 05:00:16.158000,売り,109.81500,109.66500,1.00,15.00,6306.10,水平線手前,利確,支持抵抗,0,109.81500
2021-06-01,2021-06-30,20260209_090904,20260209_090904-0049,2021-06-14 17:57:25.410000,2021-06-14 21:44:37.850000,買い,109.63000,109.78000,1.00,15.00,6321.10,水平線手前,利確,支持抵抗,0,109.63000
2021-06-01,2021-06-30,20260209_090904,20260209_090904-0050,2021-06-14 22:26:09.595000,2021-06-14 22:33:07.908000,売り,109.81200,109.86200,1.00,-5.00,6316.10,水平線手前,損切,支持抵抗,0,109.81200
2021-06-01,2021-06-30,20260209_090904,20260209_090904-0051,2021-06-14 22:52:41.292000,2021-06-14 23:41:19.357000,売り,109.92100,109.97100,1.00,-5.00,6311.10,水平線手前,損切,支持抵抗,0,109.92100
2021-06-01,2021-06-30,20260209_090904,20260209_090904-0052,2021-06-14 23:22:46.225000,2021-06-15 00:16:08.756000,売り,109.95500,110.00500,1.00,-5.00,6306.10,水平線手前,損切,支持抵抗,0,109.95500
2021-06-01,2021-06-30,20260209_090904,20260209_090904-0053,2021-06-15 00:44:26.180000,2021-06-15 01:59:19.054000,売り,109.97000,110.02000,1.00,-5.00,6301.10,水平線手前,損切,支持抵抗,0,109.97000
2021-06-01,2021-06-30,20260209_090904,20260209_090904-0054,2021-06-15 01:01:52.624000,2021-06-15 02:08:26.017000,売り,109.98900,110.03900,1.00,-5.00,6296.10,水平線手前,損切,支持抵抗,0,109.98900
2021-06-01,2021-06-30,20260209_090904,20260209_090904-0055,2021-06-15 03:10:12.355000,2021-06-15 09:54:03.579000,売り,110.06500,110.11500,1.00,-5.00,6291.10,水平線手前,損切,支持抵抗,0,110.06500
2021-06-01,2021-06-30,20260209_090904,20260209_090904-0056,2021-06-15 17:47:01.751000,2021-06-15 18:58:29.741000,売り,110.12100,110.17100,1.00,-5.00,6286.10,水平線手前,損切,支持抵抗,0,110.12100
2021-06-01,2021-06-30,20260209_090904,20260209_090904-0057,2021-06-15 17:57:31.157000,2021-06-15 18:58:29.741000,売り,110.12100,110.17100,1.00,-5.00,6281.10,水平線手前,損切,支持抵抗,0,110.12100
2021-06-01,2021-06-30,20260209_090904,20260209_090904-0058,2021-06-15 18:00:11.990000,2021-06-16 16:06:09.638000,売り,110.13700,109.98700,1.00,15.00,6296.10,水平線手前,利確,支持抵抗,0,110.13700
2021-06-01,2021-06-30,20260209_090904,20260209_090904-0059,2021-06-16 16:22:12.756000,2021-06-16 21:10:46.734000,買い,109.93700,109.88700,1.00,-5.00,6291.10,水平線手前,損切,支持抵抗,0,109.93700
2021-06-01,2021-06-30,20260209_090904,20260209_090904-0060,2021-06-16 22:06:30.804000,2021-06-17 03:00:00.497000,買い,109.83700,109.98700,1.00,15.00,6306.10,水平線手前,利確,支持抵抗,0,109.83700
2021-06-01,2021-06-30,20260209_090904,20260209_090904-0061,2021-06-16 21:14:05.835000,2021-06-17 03:00:00.956000,買い,109.84400,109.99400,1.00,15.00,6321.10,水平線手前,利確,支持抵抗,0,109.84400
2021-06-01,2021-06-30,20260209_090904,20260209_090904-0062,2021-06-17 03:00:22.570000,2021-06-17 03:00:34.150000,売り,110.12700,110.17700,1.00,-5.00,6316.10,水平線手前,損切,支持抵抗,0,110.12700
2021-06-01,2021-06-30,20260209_090904,20260209_090904-0063,2021-06-17 03:01:34.622000,2021-06-17 03:04:42.347000,売り,110.29800,110.34800,1.00,-5.00,6311.10,水平線手前,損切,支持抵抗,0,110.29800
2021-06-01,2021-06-30,20260209_090904,20260209_090904-0064,2021-06-17 03:02:20.231000,2021-06-17 03:04:42.347000,売り,110.29900,110.34900,1.00,-5.00,6306.10,水平線手前,損切,支持抵抗,0,110.29900
2021-06-01,2021-06-30,20260209_090904,20260209_090904-0065,2021-06-17 03:40:18.922000,2021-06-17 04:00:20.265000,売り,110.47500,110.52500,1.00,-5.00,6301.10,水平線手前,損切,支持抵抗,0,110.47500
2021-06-01,2021-06-30,20260209_090904,20260209_090904-0066,2021-06-17 04:56:12.935000,2021-06-17 05:06:35.476000,売り,110.62000,110.67000,1.00,-5.00,6296.10,水平線手前,損切,支持抵抗,0,110.62000
2021-06-01,2021-06-30,20260209_090904,20260209_090904-0067,2021-06-17 21:32:34.663000,2021-06-17 21:50:05.583000,買い,110.58300,110.53300,1.00,-5.00,6291.10,水平線手前,損切,支持抵抗,0,110.58300
2021-06-01,2021-06-30,20260209_090904,20260209_090904-0068,2021-06-17 21:55:43.480000,2021-06-17 22:06:22.949000,買い,110.48900,110.43900,1.00,-5.00,6286.10,水平線手前,損切,支持抵抗,0,110.48900
2021-06-01,2021-06-30,20260209_090904,20260209_090904-0069,2021-06-17 22:24:58.097000,2021-06-17 23:32:55.209000,買い,110.40500,110.35500,1.00,-5.00,6281.10,水平線手前,損切,支持抵抗,0,110.40500
2021-06-01,2021-06-30,20260209_090904,20260209_090904-0070,2021-06-17 23:52:18.173000,2021-06-18 01:29:39.075000,買い,110.22300,110.17300,1.00,-5.00,6276.10,水平線手前,損切,支持抵抗,0,110.22300
2021-06-01,2021-06-30,20260209_090904,20260209_090904-0071,2021-06-18 01:29:03.497000,2021-06-18 11:41:12.631000,買い,110.20600,110.15600,1.00,-5.00,6271.10,水平線手前,損切,支持抵抗,0,110.20600
2021-06-01,2021-06-30,20260209_090904,20260209_090904-0072,2021-06-18 11:00:24.125000,2021-06-18 14:47:13.377000,買い,110.19300,110.14300,1.00,-5.00,6266.10,水平線手前,損切,支持抵抗,0,110.19300
2021-06-01,2021-06-30,20260209_090904,20260209_090904-0073,2021-06-18 15:35:27.188000,2021-06-18 16:56:46.030000,買い,110.01400,109.96400,1.00,-5.00,6261.10,水平線手前,損切,支持抵抗,0,110.01400
2021-06-01,2021-06-30,20260209_090904,20260209_090904-0074,2021-06-18 14:53:07.109000,2021-06-18 16:56:46.435000,買い,110.01200,109.96200,1.00,-5.00,6256.10,水平線手前,損切,支持抵抗,0,110.01200
2021-06-01,2021-06-30,20260209_090904,20260209_090904-0075,2021-06-18 16:34:32.195000,2021-06-18 17:35:44.578000,買い,109.97900,110.12900,1.00,15.00,6271.10,水平線手前,利確,支持抵抗,0,109.97900
2021-06-01,2021-06-30,20260209_090904,20260209_090904-0076,2021-06-21 11:13:22.407000,2021-06-21 12:17:18.152000,買い,109.97400,109.92400,1.00,-5.00,6266.10,水平線手前,損切,支持抵抗,0,109.97400
2021-06-01,2021-06-30,20260209_090904,20260209_090904-0077,2021-06-21 12:33:38.716000,2021-06-21 12:36:17.392000,買い,109.84200,109.79200,1.00,-5.00,6261.10,水平線手前,損切,支持抵抗,0,109.84200
2021-06-01,2021-06-30,20260209_090904,20260209_090904-0078,2021-06-21 12:37:13.973000,2021-06-21 15:15:45.013000,買い,109.75400,109.90400,1.00,15.00,6276.10,水平線手前,利確,支持抵抗,0,109.75400
2021-06-01,2021-06-30,20260209_090904,20260209_090904-0079,2021-06-21 22:42:39.141000,2021-06-22 01:56:43.728000,売り,110.30400,110.15400,1.00,15.00,6291.10,水平線手前,利確,支持抵抗,0,110.30400
2021-06-01,2021-06-30,20260209_090904,20260209_090904-0080,2021-06-22 11:16:31.471000,2021-06-22 11:28:14.894000,売り,110.37200,110.42200,1.00,-5.00,6286.10,水平線手前,損切,支持抵抗,0,110.37200
2021-06-01,2021-06-30,20260209_090904,20260209_090904-0081,2021-06-22 11:45:51.061000,2021-06-22 14:59:58.979000,売り,110.44200,110.49200,1.00,-5.00,6281.10,水平線手前,損切,支持抵抗,0,110.44200
2021-06-01,2021-06-30,20260209_090904,20260209_090904-0082,2021-06-22 11:46:02.742000,2021-06-22 15:00:02.023000,売り,110.45200,110.50200,1.00,-5.00,6276.10,水平線手前,損切,支持抵抗,0,110.45200
2021-06-01,2021-06-30,20260209_090904,20260209_090904-0083,2021-06-22 14:03:39.517000,2021-06-22 15:00:03.578000,売り,110.45600,110.50600,1.00,-5.00,6271.10,水平線手前,損切,支持抵抗,0,110.45600
2021-06-01,2021-06-30,20260209_090904,20260209_090904-0084,2021-06-22 15:00:04.642000,2021-06-22 21:01:32.149000,売り,110.50800,110.55800,1.00,-5.00,6266.10,水平線手前,損切,支持抵抗,0,110.50800
2021-06-01,2021-06-30,20260209_090904,20260209_090904-0085,2021-06-22 21:56:50.366000,2021-06-22 22:07:09.949000,売り,110.67000,110.72000,1.00,-5.00,6261.10,水平線手前,損切,支持抵抗,0,110.67000
2021-06-01,2021-06-30,20260209_090904,20260209_090904-0086,2021-06-22 22:00:00.078000,2021-06-22 23:52:42.139000,売り,110.69400,110.74400,1.00,-5.00,6256.10,水平線手前,損切,支持抵抗,0,110.69400
2021-06-01,2021-06-30,20260209_090904,20260209_090904-0087,2021-06-22 23:00:38.474000,2021-06-23 00:27:28.536000,売り,110.71900,110.76900,1.00,-5.00,6251.10,水平線手前,損切,支持抵抗,0,110.71900
2021-06-01,2021-06-30,20260209_090904,20260209_090904-0088,2021-06-22 23:53:49.610000,2021-06-23 00:29:03.495000,売り,110.73800,110.78800,1.00,-5.00,6246.10,水平線手前,損切,支持抵抗,0,110.73800
2021-06-01,2021-06-30,20260209_090904,20260209_090904-0089,2021-06-23 00:27:59.150000,2021-06-23 04:08:04.861000,売り,110.76100,110.61100,1.00,15.00,6261.10,水平線手前,利確,支持抵抗,0,110.76100
2021-06-01,2021-06-30,20260209_090904,20260209_090904-0090,2021-06-23 11:00:58.791000,2021-06-23 15:20:58.862000,売り,110.82400,110.87400,1.00,-5.00,6256.10,水平線手前,損切,支持抵抗,0,110.82400
2021-06-01,2021-06-30,20260209_090904,20260209_090904-0091,2021-06-23 15:20:52.531000,2021-06-23 16:02:14.690000,売り,110.85200,110.90200,1.00,-5.00,6251.10,水平線手前,損切,支持抵抗,0,110.85200
2021-06-01,2021-06-30,20260209_090904,20260209_090904-0092,2021-06-23 16:01:39.703000,2021-06-23 18:29:09.678000,売り,110.88800,110.93800,1.00,-5.00,6246.10,水平線手前,損切,支持抵抗,0,110.88800
2021-06-01,2021-06-30,20260209_090904,20260209_090904-0093,2021-06-23 18:41:59.542000,2021-06-23 19:03:30.239000,売り,110.93900,110.98900,1.00,-5.00,6241.10,水平線手前,損切,支持抵抗,0,110.93900
2021-06-01,2021-06-30,20260209_090904,20260209_090904-0094,2021-06-23 19:10:44.170000,2021-06-23 20:34:16.492000,売り,111.07600,110.92600,1.00,15.00,6256.10,水平線手前,利確,支持抵抗,0,111.07600
2021-06-01,2021-06-30,20260209_090904,20260209_090904-0095,2021-06-24 14:33:01.942000,2021-06-24 15:08:56.005000,買い,110.84600,110.79600,1.00,-5.00,6251.10,水平線手前,損切,支持抵抗,0,110.84600
2021-06-01,2021-06-30,20260209_090904,20260209_090904-0096,2021-06-24 15:09:00.037000,2021-06-24 21:03:05.417000,買い,110.79900,110.74900,1.00,-5.00,6246.10,水平線手前,損切,支持抵抗,0,110.79900
2021-06-01,2021-06-30,20260209_090904,20260209_090904-0097,2021-06-24 21:03:05.821000,2021-06-24 23:00:20.311000,買い,110.75500,110.70500,1.00,-5.00,6241.10,水平線手前,損切,支持抵抗,0,110.75500
2021-06-01,2021-06-30,20260209_090904,20260209_090904-0098,2021-06-25 16:00:12.574000,2021-06-25 17:02:42.745000,買い,110.78000,110.73000,1.00,-5.00,6236.10,水平線手前,損切,支持抵抗,0,110.78000
2021-06-01,2021-06-30,20260209_090904,20260209_090904-0099,2021-06-25 17:01:48.654000,2021-06-25 18:10:40.031000,買い,110.75700,110.70700,1.00,-5.00,6231.10,水平線手前,損切,支持抵抗,0,110.75700
2021-06-01,2021-06-30,20260209_090904,20260209_090904-0100,2021-06-25 18:10:40.031000,2021-06-25 21:16:00.473000,買い,110.71600,110.66600,1.00,-5.00,6226.10,水平線手前,損切,支持抵抗,0,110.71600
2021-06-01,2021-06-30,20260209_090904,20260209_090904-0101,2021-06-25 21:16:44.527000,2021-06-25 21:27:41.217000,買い,110.66400,110.61400,1.00,-5.00,6221.10,水平線手前,損切,支持抵抗,0,110.66400
2021-06-01,2021-06-30,20260209_090904,20260209_090904-0102,2021-06-25 21:33:32.264000,2021-06-25 22:05:46.875000,買い,110.54000,110.49000,1.00,-5.00,6216.10,水平線手前,損切,支持抵抗,0,110.54000
2021-06-01,2021-06-30,20260209_090904,20260209_090904-0103,2021-06-25 22:02:43.000000,2021-06-25 23:30:49.467000,買い,110.52000,110.67000,1.00,15.00,6231.10,水平線手前,利確,支持抵抗,0,110.52000
2021-06-01,2021-06-30,20260209_090904,20260209_090904-0104,2021-06-28 20:26:28.840000,2021-06-28 20:33:16.242000,売り,110.82900,110.87900,1.00,-5.00,6226.10,水平線手前,損切,支持抵抗,0,110.82900
2021-06-01,2021-06-30,20260209_090904,20260209_090904-0105,2021-06-28 20:40:32.405000,2021-06-28 20:55:32.028000,売り,110.90300,110.95300,1.00,-5.00,6221.10,水平線手前,損切,支持抵抗,0,110.90300
2021-06-01,2021-06-30,20260209_090904,20260209_090904-0106,2021-06-28 20:48:39.620000,2021-06-28 21:02:02.011000,売り,110.91600,110.96600,1.00,-5.00,6216.10,水平線手前,損切,支持抵抗,0,110.91600
2021-06-01,2021-06-30,20260209_090904,20260209_090904-0107,2021-06-28 21:02:01.910000,2021-06-28 22:37:10.545000,売り,110.95400,110.80400,1.00,15.00,6231.10,水平線手前,利確,支持抵抗,0,110.95400
2021-06-01,2021-06-30,20260209_090904,20260209_090904-0108,2021-06-28 21:00:26.075000,2021-06-28 22:37:24.174000,売り,110.94600,110.79600,1.00,15.00,6246.10,水平線手前,利確,支持抵抗,0,110.94600
2021-06-01,2021-06-30,20260209_090904,20260209_090904-0109,2021-06-29 01:00:01.510000,2021-06-29 10:07:38.112000,買い,110.52000,110.47000,1.00,-5.00,6241.10,水平線手前,損切,支持抵抗,0,110.52000
2021-06-01,2021-06-30,20260209_090904,20260209_090904-0110,2021-06-29 11:22:13.039000,2021-06-29 16:10:12.093000,買い,110.49100,110.64100,1.00,15.00,6256.10,水平線手前,利確,支持抵抗,0,110.49100
2021-06-01,2021-06-30,20260209_090904,20260209_090904-0111,2021-06-29 15:15:08.819000,2021-06-29 16:10:28.316000,売り,110.61000,110.66000,1.00,-5.00,6251.10,水平線手前,損切,支持抵抗,0,110.61000
2021-06-01,2021-06-30,20260209_090904,20260209_090904-0112,2021-06-29 16:13:56.782000,2021-06-29 17:00:21.643000,売り,110.66300,110.71300,1.00,-5.00,6246.10,水平線手前,損切,支持抵抗,0,110.66300
2021-06-01,2021-06-30,20260209_090904,20260209_090904-0113,2021-06-29 17:04:46.232000,2021-06-29 18:39:45.658000,売り,110.72900,110.57900,1.00,15.00,6261.10,水平線手前,利確,支持抵抗,0,110.72900
2021-06-01,2021-06-30,20260209_090904,20260209_090904-0114,2021-06-30 00:10:50.900000,2021-06-30 17:36:46.943000,買い,110.47100,110.42100,1.00,-5.00,6256.10,水平線手前,損切,支持抵抗,0,110.47100
2021-06-01,2021-06-30,20260209_090904,20260209_090904-0115,2021-06-30 16:02:20.465000,2021-06-30 21:22:03.955000,売り,110.56600,110.61600,1.00,-5.00,6251.10,水平線手前,損切,支持抵抗,0,110.56600
2021-06-01,2021-06-30,20260209_090904,20260209_090904-0116,2021-06-29 23:15:33.038000,2021-06-30 21:22:35.383000,買い,110.46600,110.61600,1.00,15.00,6266.10,水平線手前,利確,支持抵抗,0,110.46600
2021-06-01,2021-06-30,20260209_090904,20260209_090904-0117,2021-06-30 21:29:42.427000,2021-06-30 22:03:14.087000,売り,110.64800,110.69800,1.00,-5.00,6261.10,水平線手前,損切,支持抵抗,0,110.64800
2021-06-01,2021-06-30,20260209_090904,20260209_090904-0118,2021-06-30 22:04:30.781000,2021-06-30 23:03:36.527000,売り,110.70300,110.75300,1.00,-5.00,6256.10,水平線手前,損切,支持抵抗,0,110.70300
2021-06-01,2021-06-30,20260209_090904,20260209_090904-0119,2021-06-30 23:56:21.381000,2021-06-30 23:59:58.891000,売り,110.99700,110.98400,1.00,1.30,6257.40,水平線手前,終了,支持抵抗,0,110.99700
2021-07-01,2021-07-31,20260209_090936,20260209_090936-0001,2021-07-01 19:12:48.691000,2021-07-01 20:01:01.885000,売り,111.59600,111.44600,1.00,15.00,6272.40,水平線手前,利確,支持抵抗,0,111.59600
2021-07-01,2021-07-31,20260209_090936,20260209_090936-0002,2021-07-02 20:45:55.132000,2021-07-02 21:30:01.684000,買い,111.38800,111.53800,1.00,15.00,6287.40,水平線手前,利確,支持抵抗,0,111.38800
2021-07-01,2021-07-31,20260209_090936,20260209_090936-0003,2021-07-02 21:56:15.018000,2021-07-02 22:00:31.679000,買い,111.28400,111.23400,1.00,-5.00,6282.40,水平線手前,損切,支持抵抗,0,111.28400
2021-07-01,2021-07-31,20260209_090936,20260209_090936-0004,2021-07-02 22:02:31.851000,2021-07-02 22:35:40.052000,買い,111.19000,111.34000,1.00,15.00,6297.40,水平線手前,利確,支持抵抗,0,111.19000
2021-07-01,2021-07-31,20260209_090936,20260209_090936-0005,2021-07-03 02:55:28.708000,2021-07-03 03:01:01.985000,買い,111.07800,111.02800,1.00,-5.00,6292.40,水平線手前,損切,支持抵抗,0,111.07800
2021-07-01,2021-07-31,20260209_090936,20260209_090936-0006,2021-07-03 03:09:21.990000,2021-07-05 06:00:00.269000,買い,110.98700,110.93700,1.00,-5.00,6287.40,水平線手前,損切,支持抵抗,0,110.98700
2021-07-01,2021-07-31,20260209_090936,20260209_090936-0007,2021-07-05 16:54:47.679000,2021-07-05 17:00:36.535000,買い,110.94000,110.89000,1.00,-5.00,6282.40,水平線手前,損切,支持抵抗,0,110.94000
2021-07-01,2021-07-31,20260209_090936,20260209_090936-0008,2021-07-05 16:55:01.329000,2021-07-05 17:00:36.535000,買い,110.93800,110.88800,1.00,-5.00,6277.40,水平線手前,損切,支持抵抗,0,110.93800
2021-07-01,2021-07-31,20260209_090936,20260209_090936-0009,2021-07-05 17:00:40.718000,2021-07-05 18:35:52.374000,買い,110.88900,110.83900,1.00,-5.00,6272.40,水平線手前,損切,支持抵抗,0,110.88900
2021-07-01,2021-07-31,20260209_090936,20260209_090936-0010,2021-07-05 18:36:37.257000,2021-07-06 10:38:04.470000,買い,110.84000,110.79000,1.00,-5.00,6267.40,水平線手前,損切,支持抵抗,0,110.84000
2021-07-01,2021-07-31,20260209_090936,20260209_090936-0011,2021-07-06 19:55:20.861000,2021-07-06 20:29:05.664000,買い,110.71800,110.66800,1.00,-5.00,6262.40,水平線手前,損切,支持抵抗,0,110.71800
2021-07-01,2021-07-31,20260209_090936,20260209_090936-0012,2021-07-06 20:40:51.129000,2021-07-06 21:36:03.744000,買い,110.64700,110.59700,1.00,-5.00,6257.40,水平線手前,損切,支持抵抗,0,110.64700
2021-07-01,2021-07-31,20260209_090936,20260209_090936-0013,2021-07-06 21:01:32.743000,2021-07-06 22:15:02.188000,買い,110.63400,110.78400,1.00,15.00,6272.40,水平線手前,利確,支持抵抗,0,110.63400
2021-07-01,2021-07-31,20260209_090936,20260209_090936-0014,2021-07-06 23:14:56.231000,2021-07-07 09:08:01.381000,買い,110.56100,110.51100,1.00,-5.00,6267.40,水平線手前,損切,支持抵抗,0,110.56100
2021-07-01,2021-07-31,20260209_090936,20260209_090936-0015,2021-07-07 11:09:02.470000,2021-07-07 12:35:08.193000,買い,110.43400,110.58400,1.00,15.00,6282.40,水平線手前,利確,支持抵抗,0,110.43400
2021-07-01,2021-07-31,20260209_090936,20260209_090936-0016,2021-07-07 17:37:54.313000,2021-07-07 19:31:56.092000,売り,110.77300,110.82300,1.00,-5.00,6277.40,水平線手前,損切,支持抵抗,0,110.77300
2021-07-01,2021-07-31,20260209_090936,20260209_090936-0017,2021-07-07 19:12:55.428000,2021-07-07 21:03:52.217000,売り,110.78600,110.63600,1.00,15.00,6292.40,水平線手前,利確,支持抵抗,0,110.78600
2021-07-01,2021-07-31,20260209_090936,20260209_090936-0018,2021-07-08 11:00:40.044000,2021-07-08 11:31:06.791000,買い,110.43300,110.58300,1.00,15.00,6307.40,水平線手前,利確,支持抵抗,0,110.43300
2021-07-01,2021-07-31,20260209_090936,20260209_090936-0019,2021-07-08 14:14:12.339000,2021-07-08 14:16:21.303000,買い,110.46200,110.41200,1.00,-5.00,6302.40,水平線手前,損切,支持抵抗,0,110.46200
2021-07-01,2021-07-31,20260209_090936,20260209_090936-0020,2021-07-08 14:50:38.015000,2021-07-08 15:46:51.393000,買い,110.25000,110.20000,1.00,-5.00,6297.40,水平線手前,損切,支持抵抗,0,110.25000
2021-07-01,2021-07-31,20260209_090936,20260209_090936-0021,2021-07-08 15:50:59.133000,2021-07-08 16:03:46.042000,買い,110.19000,110.14000,1.00,-5.00,6292.40,水平線手前,損切,支持抵抗,0,110.19000
2021-07-01,2021-07-31,20260209_090936,20260209_090936-0022,2021-07-08 17:00:03.045000,2021-07-08 18:30:47.198000,買い,109.79400,109.94400,1.00,15.00,6307.40,水平線手前,利確,支持抵抗,0,109.79400
2021-07-01,2021-07-31,20260209_090936,20260209_090936-0023,2021-07-08 16:56:20.456000,2021-07-08 18:32:56.283000,買い,109.80100,109.95100,1.00,15.00,6322.40,水平線手前,利確,支持抵抗,0,109.80100
2021-07-01,2021-07-31,20260209_090936,20260209_090936-0024,2021-07-08 19:51:03.826000,2021-07-08 20:57:31.062000,買い,109.75400,109.70400,1.00,-5.00,6317.40,水平線手前,損切,支持抵抗,0,109.75400
2021-07-01,2021-07-31,20260209_090936,20260209_090936-0025,2021-07-08 20:56:30.577000,2021-07-08 21:02:59.417000,買い,109.74300,109.69300,1.00,-5.00,6312.40,水平線手前,損切,支持抵抗,0,109.74300
2021-07-01,2021-07-31,20260209_090936,20260209_090936-0026,2021-07-08 21:23:09.145000,2021-07-08 23:11:48.973000,買い,109.64000,109.59000,1.00,-5.00,6307.40,水平線手前,損切,支持抵抗,0,109.64000
2021-07-01,2021-07-31,20260209_090936,20260209_090936-0027,2021-07-08 23:12:20.361000,2021-07-09 00:16:04.844000,買い,109.56900,109.71900,1.00,15.00,6322.40,水平線手前,利確,支持抵抗,0,109.56900
2021-07-01,2021-07-31,20260209_090936,20260209_090936-0028,2021-07-09 20:17:28.461000,2021-07-09 22:46:34.868000,買い,109.93900,110.08900,1.00,15.00,6337.40,水平線手前,利確,支持抵抗,0,109.93900
2021-07-01,2021-07-31,20260209_090936,20260209_090936-0029,2021-07-09 22:46:59.340000,2021-07-09 22:54:42.438000,売り,110.11200,110.16200,1.00,-5.00,6332.40,水平線手前,損切,支持抵抗,0,110.11200
2021-07-01,2021-07-31,20260209_090936,20260209_090936-0030,2021-07-09 22:57:54.235000,2021-07-09 23:02:31.946000,売り,110.16700,110.21700,1.00,-5.00,6327.40,水平線手前,損切,支持抵抗,0,110.16700
2021-07-01,2021-07-31,20260209_090936,20260209_090936-0031,2021-07-09 23:04:41.711000,2021-07-12 10:20:27.997000,売り,110.22800,110.07800,1.00,15.00,6342.40,水平線手前,利確,支持抵抗,0,110.22800
2021-07-01,2021-07-31,20260209_090936,20260209_090936-0032,2021-07-12 16:03:31.795000,2021-07-12 16:45:30.820000,売り,110.24700,110.09700,1.00,15.00,6357.40,水平線手前,利確,支持抵抗,0,110.24700
2021-07-01,2021-07-31,20260209_090936,20260209_090936-0033,2021-07-12 16:49:39.946000,2021-07-12 17:04:46.288000,買い,110.05000,110.00000,1.00,-5.00,6352.40,水平線手前,損切,支持抵抗,0,110.05000
2021-07-01,2021-07-31,20260209_090936,20260209_090936-0034,2021-07-12 16:49:40.048000,2021-07-12 17:04:57.065000,買い,110.04700,109.99700,1.00,-5.00,6347.40,水平線手前,損切,支持抵抗,0,110.04700
2021-07-01,2021-07-31,20260209_090936,20260209_090936-0035,2021-07-12 17:04:19.660000,2021-07-12 19:48:43.955000,買い,110.01600,110.16600,1.00,15.00,6362.40,水平線手前,利確,支持抵抗,0,110.01600
2021-07-01,2021-07-31,20260209_090936,20260209_090936-0036,2021-07-12 20:44:23.151000,2021-07-12 22:37:48.895000,売り,110.24800,110.29800,1.00,-5.00,6357.40,水平線手前,損切,支持抵抗,0,110.24800
2021-07-01,2021-07-31,20260209_090936,20260209_090936-0037,2021-07-12 22:53:24.005000,2021-07-13 11:03:53.937000,売り,110.36400,110.41400,1.00,-5.00,6352.40,水平線手前,損切,支持抵抗,0,110.36400
2021-07-01,2021-07-31,20260209_090936,20260209_090936-0038,2021-07-13 01:01:20.751000,2021-07-13 11:03:57.488000,売り,110.37300,110.42300,1.00,-5.00,6347.40,水平線手前,損切,支持抵抗,0,110.37300
2021-07-01,2021-07-31,20260209_090936,20260209_090936-0039,2021-07-13 11:03:57.336000,2021-07-13 18:56:17.284000,売り,110.41100,110.26100,1.00,15.00,6362.40,水平線手前,利確,支持抵抗,0,110.41100
2021-07-01,2021-07-31,20260209_090936,20260209_090936-0040,2021-07-13 21:30:02.023000,2021-07-13 21:30:02.581000,売り,110.42000,110.47000,1.00,-5.00,6357.40,水平線手前,損切,支持抵抗,0,110.42000
2021-07-01,2021-07-31,20260209_090936,20260209_090936-0041,2021-07-13 21:30:22.389000,2021-07-13 21:30:29.333000,売り,110.41600,110.46600,1.00,-5.00,6352.40,水平線手前,損切,支持抵抗,0,110.41600
2021-07-01,2021-07-31,20260209_090936,20260209_090936-0042,2021-07-13 21:34:34.827000,2021-07-13 21:38:59.474000,売り,110.52000,110.37000,1.00,15.00,6367.40,水平線手前,利確,支持抵抗,0,110.52000
2021-07-01,2021-07-31,20260209_090936,20260209_090936-0043,2021-07-13 21:55:55.326000,2021-07-13 22:25:18.615000,売り,110.53700,110.38700,1.00,15.00,6382.40,水平線手前,利確,支持抵抗,0,110.53700
2021-07-01,2021-07-31,20260209_090936,20260209_090936-0044,2021-07-13 22:00:49.188000,2021-07-13 23:27:10.299000,売り,110.52600,110.37600,1.00,15.00,6397.40,水平線手前,利確,支持抵抗,0,110.52600
2021-07-01,2021-07-31,20260209_090936,20260209_090936-0045,2021-07-14 02:45:07.847000,2021-07-14 03:00:55.220000,売り,110.59700,110.64700,1.00,-5.00,6392.40,水平線手前,損切,支持抵抗,0,110.59700
2021-07-01,2021-07-31,20260209_090936,20260209_090936-0046,2021-07-14 03:00:00.452000,2021-07-14 09:09:10.617000,売り,110.61600,110.66600,1.00,-5.00,6387.40,水平線手前,損切,支持抵抗,0,110.61600
2021-07-01,2021-07-31,20260209_090936,20260209_090936-0047,2021-07-14 21:41:38.761000,2021-07-14 21:53:09.589000,買い,110.23700,110.18700,1.00,-5.00,6382.40,水平線手前,損切,支持抵抗,0,110.23700
2021-07-01,2021-07-31,20260209_090936,20260209_090936-0048,2021-07-14 21:54:56.541000,2021-07-14 22:03:05.214000,買い,110.17900,110.12900,1.00,-5.00,6377.40,水平線手前,損切,支持抵抗,0,110.17900
2021-07-01,2021-07-31,20260209_090936,20260209_090936-0049,2021-07-14 22:03:05.214000,2021-07-14 22:06:24.257000,買い,110.13900,110.08900,1.00,-5.00,6372.40,水平線手前,損切,支持抵抗,0,110.13900
2021-07-01,2021-07-31,20260209_090936,20260209_090936-0050,2021-07-14 22:06:24.257000,2021-07-14 23:02:02.272000,買い,110.09900,110.04900,1.00,-5.00,6367.40,水平線手前,損切,支持抵抗,0,110.09900
2021-07-01,2021-07-31,20260209_090936,20260209_090936-0051,2021-07-14 23:50:56.460000,2021-07-15 01:36:10.966000,買い,110.00800,109.95800,1.00,-5.00,6362.40,水平線手前,損切,支持抵抗,0,110.00800
2021-07-01,2021-07-31,20260209_090936,20260209_090936-0052,2021-07-15 01:30:23.901000,2021-07-15 05:49:15.337000,買い,109.99200,109.94200,1.00,-5.00,6357.40,水平線手前,損切,支持抵抗,0,109.99200
2021-07-01,2021-07-31,20260209_090936,20260209_090936-0053,2021-07-15 02:00:15.825000,2021-07-15 05:50:03.135000,買い,109.98700,109.93700,1.00,-5.00,6352.40,水平線手前,損切,支持抵抗,0,109.98700
2021-07-01,2021-07-31,20260209_090936,20260209_090936-0054,2021-07-15 11:49:26.237000,2021-07-15 15:00:46.181000,買い,109.85700,109.80700,1.00,-5.00,6347.40,水平線手前,損切,支持抵抗,0,109.85700
2021-07-01,2021-07-31,20260209_090936,20260209_090936-0055,2021-07-15 15:01:43.224000,2021-07-15 17:18:43.380000,買い,109.78700,109.73700,1.00,-5.00,6342.40,水平線手前,損切,支持抵抗,0,109.78700
2021-07-01,2021-07-31,20260209_090936,20260209_090936-0056,2021-07-15 17:18:39.404000,2021-07-15 19:02:35.454000,買い,109.75300,109.90300,1.00,15.00,6357.40,水平線手前,利確,支持抵抗,0,109.75300
2021-07-01,2021-07-31,20260209_090936,20260209_090936-0057,2021-07-16 11:43:49.769000,2021-07-16 16:31:52.329000,売り,110.05800,110.10800,1.00,-5.00,6352.40,水平線手前,損切,支持抵抗,0,110.05800
2021-07-01,2021-07-31,20260209_090936,20260209_090936-0058,2021-07-16 16:40:08.314000,2021-07-16 16:50:42.994000,売り,110.16200,110.21200,1.00,-5.00,6347.40,水平線手前,損切,支持抵抗,0,110.16200
2021-07-01,2021-07-31,20260209_090936,20260209_090936-0059,2021-07-16 16:46:17.016000,2021-07-16 19:46:15.730000,売り,110.19000,110.24000,1.00,-5.00,6342.40,水平線手前,損切,支持抵抗,0,110.19000
2021-07-01,2021-07-31,20260209_090936,20260209_090936-0060,2021-07-16 19:42:58.903000,2021-07-16 21:30:20.309000,売り,110.20900,110.25900,1.00,-5.00,6337.40,水平線手前,損切,支持抵抗,0,110.20900
2021-07-01,2021-07-31,20260209_090936,20260209_090936-0061,2021-07-16 21:40:22.241000,2021-07-16 23:24:28.638000,売り,110.31100,110.16100,1.00,15.00,6352.40,水平線手前,利確,支持抵抗,0,110.31100
2021-07-01,2021-07-31,20260209_090936,20260209_090936-0062,2021-07-16 22:00:02.103000,2021-07-16 23:24:28.638000,売り,110.31100,110.16100,1.00,15.00,6367.40,水平線手前,利確,支持抵抗,0,110.31100
2021-07-01,2021-07-31,20260209_090936,20260209_090936-0063,2021-07-19 16:35:02.332000,2021-07-19 16:36:54.348000,買い,109.88900,109.83900,1.00,-5.00,6362.40,水平線手前,損切,支持抵抗,0,109.88900
2021-07-01,2021-07-31,20260209_090936,20260209_090936-0064,2021-07-19 16:40:10.314000,2021-07-19 17:30:44.052000,買い,109.82900,109.77900,1.00,-5.00,6357.40,水平線手前,損切,支持抵抗,0,109.82900
2021-07-01,2021-07-31,20260209_090936,20260209_090936-0065,2021-07-19 17:37:14.382000,2021-07-19 17:38:29.466000,買い,109.77000,109.72000,1.00,-5.00,6352.40,水平線手前,損切,支持抵抗,0,109.77000
2021-07-01,2021-07-31,20260209_090936,20260209_090936-0066,2021-07-19 17:37:35.101000,2021-07-19 20:31:51.250000,買い,109.75000,109.70000,1.00,-5.00,6347.40,水平線手前,損切,支持抵抗,0,109.75000
2021-07-01,2021-07-31,20260209_090936,20260209_090936-0067,2021-07-19 17:37:57.128000,2021-07-19 20:31:54.388000,買い,109.74100,109.69100,1.00,-5.00,6342.40,水平線手前,損切,支持抵抗,0,109.74100
2021-07-01,2021-07-31,20260209_090936,20260209_090936-0068,2021-07-19 20:37:22.895000,2021-07-19 21:13:06.643000,買い,109.65100,109.60100,1.00,-5.00,6337.40,水平線手前,損切,支持抵抗,0,109.65100
2021-07-01,2021-07-31,20260209_090936,20260209_090936-0069,2021-07-19 21:19:03.880000,2021-07-19 21:30:39.387000,買い,109.57200,109.52200,1.00,-5.00,6332.40,水平線手前,損切,支持抵抗,0,109.57200
2021-07-01,2021-07-31,20260209_090936,20260209_090936-0070,2021-07-19 21:45:14.655000,2021-07-19 22:02:41.918000,買い,109.46700,109.41700,1.00,-5.00,6327.40,水平線手前,損切,支持抵抗,0,109.46700
2021-07-01,2021-07-31,20260209_090936,20260209_090936-0071,2021-07-19 22:53:37.876000,2021-07-19 22:58:58.116000,買い,109.10200,109.25200,1.00,15.00,6342.40,水平線手前,利確,支持抵抗,0,109.10200
2021-07-01,2021-07-31,20260209_090936,20260209_090936-0072,2021-07-20 00:31:22.402000,2021-07-20 01:12:20.845000,売り,109.54900,109.39900,1.00,15.00,6357.40,水平線手前,利確,支持抵抗,0,109.54900
2021-07-01,2021-07-31,20260209_090936,20260209_090936-0073,2021-07-20 13:19:37.197000,2021-07-20 14:24:27.642000,買い,109.37900,109.52900,1.00,15.00,6372.40,水平線手前,利確,支持抵抗,0,109.37900
2021-07-01,2021-07-31,20260209_090936,20260209_090936-0074,2021-07-20 16:00:18.929000,2021-07-20 16:10:09.372000,売り,109.57200,109.62200,1.00,-5.00,6367.40,水平線手前,損切,支持抵抗,0,109.57200
2021-07-01,2021-07-31,20260209_090936,20260209_090936-0075,2021-07-20 16:33:32.778000,2021-07-20 17:31:03.485000,売り,109.67500,109.72500,1.00,-5.00,6362.40,水平線手前,損切,支持抵抗,0,109.67500
2021-07-01,2021-07-31,20260209_090936,20260209_090936-0076,2021-07-20 17:31:03.485000,2021-07-20 18:32:05.539000,売り,109.71600,109.56600,1.00,15.00,6377.40,水平線手前,利確,支持抵抗,0,109.71600
2021-07-01,2021-07-31,20260209_090936,20260209_090936-0077,2021-07-20 19:23:50.222000,2021-07-20 20:18:35.046000,買い,109.36700,109.51700,1.00,15.00,6392.40,水平線手前,利確,支持抵抗,0,109.36700
2021-07-01,2021-07-31,20260209_090936,20260209_090936-0078,2021-07-20 23:48:12.280000,2021-07-21 09:54:46.144000,売り,109.91900,109.96900,1.00,-5.00,6387.40,水平線手前,損切,支持抵抗,0,109.91900
2021-07-01,2021-07-31,20260209_090936,20260209_090936-0079,2021-07-21 00:00:00.497000,2021-07-21 09:55:02.395000,売り,109.92700,109.97700,1.00,-5.00,6382.40,水平線手前,損切,支持抵抗,0,109.92700
2021-07-01,2021-07-31,20260209_090936,20260209_090936-0080,2021-07-21 16:00:30.372000,2021-07-21 16:28:05.214000,売り,109.95200,110.00200,1.00,-5.00,6377.40,水平線手前,損切,支持抵抗,0,109.95200
2021-07-01,2021-07-31,20260209_090936,20260209_090936-0081,2021-07-21 16:00:31.434000,2021-07-21 16:28:05.214000,売り,109.95100,110.00100,1.00,-5.00,6372.40,水平線手前,損切,支持抵抗,0,109.95100
2021-07-01,2021-07-31,20260209_090936,20260209_090936-0082,2021-07-21 16:29:36.102000,2021-07-21 16:34:57.505000,売り,110.00300,110.05300,1.00,-5.00,6367.40,水平線手前,損切,支持抵抗,0,110.00300
2021-07-01,2021-07-31,20260209_090936,20260209_090936-0083,2021-07-21 16:45:15.961000,2021-07-21 17:11:16.546000,売り,110.10800,110.15800,1.00,-5.00,6362.40,水平線手前,損切,支持抵抗,0,110.10800
2021-07-01,2021-07-31,20260209_090936,20260209_090936-0084,2021-07-21 17:11:16.546000,2021-07-21 21:19:18.592000,売り,110.15100,110.20100,1.00,-5.00,6357.40,水平線手前,損切,支持抵抗,0,110.15100
2021-07-01,2021-07-31,20260209_090936,20260209_090936-0085,2021-07-21 21:18:44.771000,2021-07-21 22:00:48.978000,売り,110.17100,110.22100,1.00,-5.00,6352.40,水平線手前,損切,支持抵抗,0,110.17100
2021-07-01,2021-07-31,20260209_090936,20260209_090936-0086,2021-07-21 22:32:47.071000,2021-07-21 22:32:48.598000,売り,110.31900,110.36900,1.00,-5.00,6347.40,水平線手前,損切,支持抵抗,0,110.31900
2021-07-01,2021-07-31,20260209_090936,20260209_090936-0087,2021-07-21 22:32:48.598000,2021-07-22 09:06:32.009000,売り,110.35900,110.20900,1.00,15.00,6362.40,水平線手前,利確,支持抵抗,0,110.35900
2021-07-01,2021-07-31,20260209_090936,20260209_090936-0088,2021-07-22 11:03:23.006000,2021-07-22 15:39:44.702000,買い,110.12200,110.07200,1.00,-5.00,6357.40,水平線手前,損切,支持抵抗,0,110.12200
2021-07-01,2021-07-31,20260209_090936,20260209_090936-0089,2021-07-22 17:07:04.014000,2021-07-22 21:30:21.592000,売り,110.33000,110.18000,1.00,15.00,6372.40,水平線手前,利確,支持抵抗,0,110.33000
2021-07-01,2021-07-31,20260209_090936,20260209_090936-0090,2021-07-22 21:39:37.358000,2021-07-22 21:50:22.202000,買い,110.10500,110.05500,1.00,-5.00,6367.40,水平線手前,損切,支持抵抗,0,110.10500
2021-07-01,2021-07-31,20260209_090936,20260209_090936-0091,2021-07-22 21:50:38.710000,2021-07-22 22:47:26.626000,買い,110.05200,110.20200,1.00,15.00,6382.40,水平線手前,利確,支持抵抗,0,110.05200
2021-07-01,2021-07-31,20260209_090936,20260209_090936-0092,2021-07-23 16:24:11.605000,2021-07-23 17:20:20.783000,売り,110.38400,110.43400,1.00,-5.00,6377.40,水平線手前,損切,支持抵抗,0,110.38400
2021-07-01,2021-07-31,20260209_090936,20260209_090936-0093,2021-07-23 17:21:05.472000,2021-07-23 18:00:35.241000,売り,110.45500,110.50500,1.00,-5.00,6372.40,水平線手前,損切,支持抵抗,0,110.45500
2021-07-01,2021-07-31,20260209_090936,20260209_090936-0094,2021-07-23 18:03:47.458000,2021-07-23 20:25:55.713000,売り,110.46800,110.51800,1.00,-5.00,6367.40,水平線手前,損切,支持抵抗,0,110.46800
2021-07-01,2021-07-31,20260209_090936,20260209_090936-0095,2021-07-23 20:31:27.797000,2021-07-23 21:06:35.182000,売り,110.54300,110.59300,1.00,-5.00,6362.40,水平線手前,損切,支持抵抗,0,110.54300
2021-07-01,2021-07-31,20260209_090936,20260209_090936-0096,2021-07-23 21:04:10.199000,2021-07-23 22:53:12.104000,売り,110.55900,110.40900,1.00,15.00,6377.40,水平線手前,利確,支持抵抗,0,110.55900
2021-07-01,2021-07-31,20260209_090936,20260209_090936-0097,2021-07-23 23:52:42.155000,2021-07-26 10:10:45.788000,売り,110.56400,110.41400,1.00,15.00,6392.40,水平線手前,利確,支持抵抗,0,110.56400
2021-07-01,2021-07-31,20260209_090936,20260209_090936-0098,2021-07-26 15:46:24.996000,2021-07-26 16:14:56.371000,買い,110.25900,110.20900,1.00,-5.00,6387.40,水平線手前,損切,支持抵抗,0,110.25900
2021-07-01,2021-07-31,20260209_090936,20260209_090936-0099,2021-07-26 16:25:28.731000,2021-07-26 18:15:12.217000,買い,110.15600,110.30600,1.00,15.00,6402.40,水平線手前,利確,支持抵抗,0,110.15600
2021-07-01,2021-07-31,20260209_090936,20260209_090936-0100,2021-07-27 16:35:33.830000,2021-07-27 16:45:04.529000,買い,110.05300,110.00300,1.00,-5.00,6397.40,水平線手前,損切,支持抵抗,0,110.05300
2021-07-01,2021-07-31,20260209_090936,20260209_090936-0101,2021-07-27 16:45:04.020000,2021-07-27 17:10:51.289000,買い,110.01600,110.16600,1.00,15.00,6412.40,水平線手前,利確,支持抵抗,0,110.01600
2021-07-01,2021-07-31,20260209_090936,20260209_090936-0102,2021-07-27 21:30:16.176000,2021-07-27 22:00:27.729000,買い,109.97700,109.92700,1.00,-5.00,6407.40,水平線手前,損切,支持抵抗,0,109.97700
2021-07-01,2021-07-31,20260209_090936,20260209_090936-0103,2021-07-27 22:31:22.207000,2021-07-27 23:59:03.404000,買い,109.87800,109.82800,1.00,-5.00,6402.40,水平線手前,損切,支持抵抗,0,109.87800
2021-07-01,2021-07-31,20260209_090936,20260209_090936-0104,2021-07-27 23:59:03.303000,2021-07-27 23:59:20.960000,買い,109.84000,109.79000,1.00,-5.00,6397.40,水平線手前,損切,支持抵抗,0,109.84000
2021-07-01,2021-07-31,20260209_090936,20260209_090936-0105,2021-07-27 23:59:13.348000,2021-07-28 00:02:18.606000,買い,109.82400,109.77400,1.00,-5.00,6392.40,水平線手前,損切,支持抵抗,0,109.82400
2021-07-01,2021-07-31,20260209_090936,20260209_090936-0106,2021-07-28 00:28:50.057000,2021-07-28 01:07:26.604000,買い,109.65900,109.60900,1.00,-5.00,6387.40,水平線手前,損切,支持抵抗,0,109.65900
2021-07-01,2021-07-31,20260209_090936,20260209_090936-0107,2021-07-28 01:06:54.982000,2021-07-28 05:42:02.417000,買い,109.62300,109.77300,1.00,15.00,6402.40,水平線手前,利確,支持抵抗,0,109.62300
2021-07-01,2021-07-31,20260209_090936,20260209_090936-0108,2021-07-28 21:26:04.714000,2021-07-28 22:12:16.248000,売り,110.15400,110.20400,1.00,-5.00,6397.40,水平線手前,損切,支持抵抗,0,110.15400
2021-07-01,2021-07-31,20260209_090936,20260209_090936-0109,2021-07-28 23:01:01.423000,2021-07-29 01:16:45.806000,売り,110.19500,110.04500,1.00,15.00,6412.40,水平線手前,利確,支持抵抗,0,110.19500
2021-07-01,2021-07-31,20260209_090936,20260209_090936-0110,2021-07-28 22:12:12.381000,2021-07-29 01:45:15.230000,売り,110.18600,110.03600,1.00,15.00,6427.40,水平線手前,利確,支持抵抗,0,110.18600
2021-07-01,2021-07-31,20260209_090936,20260209_090936-0111,2021-07-29 03:00:35.026000,2021-07-29 03:13:19.997000,売り,110.25900,110.10900,1.00,15.00,6442.40,水平線手前,利確,支持抵抗,0,110.25900
2021-07-01,2021-07-31,20260209_090936,20260209_090936-0112,2021-07-29 14:31:29.836000,2021-07-29 16:02:02.531000,買い,109.71300,109.86300,1.00,15.00,6457.40,水平線手前,利確,支持抵抗,0,109.71300
2021-07-01,2021-07-31,20260209_090936,20260209_090936-0113,2021-07-29 21:33:18.315000,2021-07-29 22:01:12.089000,買い,109.64100,109.79100,1.00,15.00,6472.40,水平線手前,利確,支持抵抗,0,109.64100
2021-07-01,2021-07-31,20260209_090936,20260209_090936-0114,2021-07-29 21:33:16.407000,2021-07-29 22:01:12.191000,買い,109.64400,109.79400,1.00,15.00,6487.40,水平線手前,利確,支持抵抗,0,109.64400
2021-07-01,2021-07-31,20260209_090936,20260209_090936-0115,2021-07-29 22:11:07.460000,2021-07-29 22:52:31.961000,売り,109.88100,109.73100,1.00,15.00,6502.40,水平線手前,利確,支持抵抗,0,109.88100
2021-07-01,2021-07-31,20260209_090936,20260209_090936-0116,2021-07-29 23:54:13.930000,2021-07-30 00:02:33.766000,買い,109.62500,109.57500,1.00,-5.00,6497.40,水平線手前,損切,支持抵抗,0,109.62500
2021-07-01,2021-07-31,20260209_090936,20260209_090936-0117,2021-07-30 00:11:30.089000,2021-07-30 03:59:59.149000,買い,109.50900,109.45900,1.00,-5.00,6492.40,水平線手前,損切,支持抵抗,0,109.50900
2021-07-01,2021-07-31,20260209_090936,20260209_090936-0118,2021-07-30 04:00:58.576000,2021-07-30 08:14:24.030000,買い,109.46000,109.41000,1.00,-5.00,6487.40,水平線手前,損切,支持抵抗,0,109.46000
2021-07-01,2021-07-31,20260209_090936,20260209_090936-0119,2021-07-30 21:53:50.159000,2021-07-31 02:23:04.040000,売り,109.76400,109.81400,1.00,-5.00,6482.40,水平線手前,損切,支持抵抗,0,109.76400
2021-07-01,2021-07-31,20260209_090936,20260209_090936-0120,2021-07-30 23:27:48.146000,2021-07-31 02:23:06.089000,売り,109.76900,109.81900,1.00,-5.00,6477.40,水平線手前,損切,支持抵抗,0,109.76900
2021-07-01,2021-07-31,20260209_090936,20260209_090936-0121,2021-07-31 02:01:21.340000,2021-07-31 05:59:59.022000,売り,109.79600,109.68200,1.00,11.40,6488.80,水平線手前,終了,支持抵抗,0,109.79600
2021-08-01,2021-08-31,20260209_091004,20260209_091004-0001,2021-08-03 11:05:12.383000,2021-08-03 13:16:24.798000,買い,109.22600,109.17600,1.00,-5.00,6483.80,水平線手前,損切,支持抵抗,0,109.22600
2021-08-01,2021-08-31,20260209_091004,20260209_091004-0002,2021-08-03 13:17:14.295000,2021-08-03 15:29:19.668000,買い,109.17000,109.12000,1.00,-5.00,6478.80,水平線手前,損切,支持抵抗,0,109.17000
2021-08-01,2021-08-31,20260209_091004,20260209_091004-0003,2021-08-03 15:05:36.595000,2021-08-03 16:03:01.048000,買い,109.14900,109.09900,1.00,-5.00,6473.80,水平線手前,損切,支持抵抗,0,109.14900
2021-08-01,2021-08-31,20260209_091004,20260209_091004-0004,2021-08-03 21:47:18.714000,2021-08-03 22:00:18.232000,買い,109.06700,109.01700,1.00,-5.00,6468.80,水平線手前,損切,支持抵抗,0,109.06700
2021-08-01,2021-08-31,20260209_091004,20260209_091004-0005,2021-08-03 22:43:20.738000,2021-08-04 00:23:30.763000,買い,108.91500,109.06500,1.00,15.00,6483.80,水平線手前,利確,支持抵抗,0,108.91500
2021-08-01,2021-08-31,20260209_091004,20260209_091004-0006,2021-08-04 15:14:29.770000,2021-08-04 17:16:20.234000,売り,109.12600,109.17600,1.00,-5.00,6478.80,水平線手前,損切,支持抵抗,0,109.12600
2021-08-01,2021-08-31,20260209_091004,20260209_091004-0007,2021-08-04 17:30:04.505000,2021-08-04 20:25:23.727000,売り,109.20600,109.05600,1.00,15.00,6493.80,水平線手前,利確,支持抵抗,0,109.20600
2021-08-01,2021-08-31,20260209_091004,20260209_091004-0008,2021-08-04 21:15:14.050000,2021-08-04 21:15:17.105000,買い,108.91400,108.86400,1.00,-5.00,6488.80,水平線手前,損切,支持抵抗,0,108.91400
2021-08-01,2021-08-31,20260209_091004,20260209_091004-0009,2021-08-04 21:18:42.044000,2021-08-04 22:05:25.414000,買い,108.79800,108.74800,1.00,-5.00,6483.80,水平線手前,損切,支持抵抗,0,108.79800
2021-08-01,2021-08-31,20260209_091004,20260209_091004-0010,2021-08-04 22:05:06.467000,2021-08-04 23:00:17.186000,買い,108.76100,108.91100,1.00,15.00,6498.80,水平線手前,利確,支持抵抗,0,108.76100
2021-08-01,2021-08-31,20260209_091004,20260209_091004-0011,2021-08-04 23:10:41.705000,2021-08-04 23:13:10.588000,売り,109.32300,109.37300,1.00,-5.00,6493.80,水平線手前,損切,支持抵抗,0,109.32300
2021-08-01,2021-08-31,20260209_091004,20260209_091004-0012,2021-08-04 23:44:37.091000,2021-08-05 00:13:38.090000,売り,109.59600,109.64600,1.00,-5.00,6488.80,水平線手前,損切,支持抵抗,0,109.59600
2021-08-01,2021-08-31,20260209_091004,20260209_091004-0013,2021-08-05 00:13:55.506000,2021-08-05 00:54:29.164000,売り,109.64300,109.49300,1.00,15.00,6503.80,水平線手前,利確,支持抵抗,0,109.64300
2021-08-01,2021-08-31,20260209_091004,20260209_091004-0014,2021-08-05 11:02:47.823000,2021-08-05 11:25:06.080000,売り,109.66000,109.71000,1.00,-5.00,6498.80,水平線手前,損切,支持抵抗,0,109.66000
2021-08-01,2021-08-31,20260209_091004,20260209_091004-0015,2021-08-05 11:17:37.395000,2021-08-05 15:37:19.868000,売り,109.68600,109.73600,1.00,-5.00,6493.80,水平線手前,損切,支持抵抗,0,109.68600
2021-08-01,2021-08-31,20260209_091004,20260209_091004-0016,2021-08-05 15:37:28.739000,2021-08-05 16:48:23.371000,売り,109.74000,109.59000,1.00,15.00,6508.80,水平線手前,利確,支持抵抗,0,109.74000
2021-08-01,2021-08-31,20260209_091004,20260209_091004-0017,2021-08-05 19:53:38.631000,2021-08-05 20:21:15.052000,買い,109.46700,109.41700,1.00,-5.00,6503.80,水平線手前,損切,支持抵抗,0,109.46700
2021-08-01,2021-08-31,20260209_091004,20260209_091004-0018,2021-08-05 20:01:24.409000,2021-08-05 21:27:30.253000,買い,109.44300,109.59300,1.00,15.00,6518.80,水平線手前,利確,支持抵抗,0,109.44300
2021-08-01,2021-08-31,20260209_091004,20260209_091004-0019,2021-08-05 22:46:11.126000,2021-08-05 23:05:00.682000,売り,109.72200,109.77200,1.00,-5.00,6513.80,水平線手前,損切,支持抵抗,0,109.72200
2021-08-01,2021-08-31,20260209_091004,20260209_091004-0020,2021-08-05 22:46:40.175000,2021-08-05 23:05:00.682000,売り,109.72200,109.77200,1.00,-5.00,6508.80,水平線手前,損切,支持抵抗,0,109.72200
2021-08-01,2021-08-31,20260209_091004,20260209_091004-0021,2021-08-05 23:01:34.675000,2021-08-06 07:56:52.193000,売り,109.74900,109.79900,1.00,-5.00,6503.80,水平線手前,損切,支持抵抗,0,109.74900
2021-08-01,2021-08-31,20260209_091004,20260209_091004-0022,2021-08-06 00:39:56.887000,2021-08-06 09:05:56.755000,売り,109.75300,109.80300,1.00,-5.00,6498.80,水平線手前,損切,支持抵抗,0,109.75300
2021-08-01,2021-08-31,20260209_091004,20260209_091004-0023,2021-08-06 21:30:01.549000,2021-08-06 21:30:02.267000,売り,109.87100,109.92100,1.00,-5.00,6493.80,水平線手前,損切,支持抵抗,0,109.87100
2021-08-01,2021-08-31,20260209_091004,20260209_091004-0024,2021-08-06 21:43:33.944000,2021-08-06 22:00:01.613000,売り,110.08800,110.13800,1.00,-5.00,6488.80,水平線手前,損切,支持抵抗,0,110.08800
2021-08-01,2021-08-31,20260209_091004,20260209_091004-0025,2021-08-06 22:48:04.321000,2021-08-06 23:00:45.550000,売り,110.25200,110.30200,1.00,-5.00,6483.80,水平線手前,損切,支持抵抗,0,110.25200
2021-08-01,2021-08-31,20260209_091004,20260209_091004-0026,2021-08-06 23:20:56.565000,2021-08-09 15:02:13.906000,売り,110.32800,110.17800,1.00,15.00,6498.80,水平線手前,利確,支持抵抗,0,110.32800
2021-08-01,2021-08-31,20260209_091004,20260209_091004-0027,2021-08-09 23:59:22.752000,2021-08-10 04:58:45.698000,売り,110.28700,110.33700,1.00,-5.00,6493.80,水平線手前,損切,支持抵抗,0,110.28700
2021-08-01,2021-08-31,20260209_091004,20260209_091004-0028,2021-08-10 16:29:54.843000,2021-08-10 17:29:42.075000,売り,110.44000,110.49000,1.00,-5.00,6488.80,水平線手前,損切,支持抵抗,0,110.44000
2021-08-01,2021-08-31,20260209_091004,20260209_091004-0029,2021-08-10 17:12:22.073000,2021-08-10 18:29:11.441000,売り,110.47100,110.52100,1.00,-5.00,6483.80,水平線手前,損切,支持抵抗,0,110.47100
2021-08-01,2021-08-31,20260209_091004,20260209_091004-0030,2021-08-10 18:17:01.451000,2021-08-10 19:13:25.252000,売り,110.49900,110.54900,1.00,-5.00,6478.80,水平線手前,損切,支持抵抗,0,110.49900
2021-08-01,2021-08-31,20260209_091004,20260209_091004-0031,2021-08-10 19:00:54.386000,2021-08-10 22:35:35.540000,売り,110.51700,110.56700,1.00,-5.00,6473.80,水平線手前,損切,支持抵抗,0,110.51700
2021-08-01,2021-08-31,20260209_091004,20260209_091004-0032,2021-08-10 22:35:35.743000,2021-08-11 09:01:48.727000,売り,110.56500,110.61500,1.00,-5.00,6468.80,水平線手前,損切,支持抵抗,0,110.56500
2021-08-01,2021-08-31,20260209_091004,20260209_091004-0033,2021-08-11 15:18:12.565000,2021-08-11 16:13:50.674000,売り,110.72200,110.77200,1.00,-5.00,6463.80,水平線手前,損切,支持抵抗,0,110.72200
2021-08-01,2021-08-31,20260209_091004,20260209_091004-0034,2021-08-11 16:13:40.612000,2021-08-11 17:40:26.924000,売り,110.75600,110.80600,1.00,-5.00,6458.80,水平線手前,損切,支持抵抗,0,110.75600
2021-08-01,2021-08-31,20260209_091004,20260209_091004-0035,2021-08-11 17:03:21.457000,2021-08-11 21:30:01.167000,売り,110.77100,110.62100,1.00,15.00,6473.80,水平線手前,利確,支持抵抗,0,110.77100
2021-08-01,2021-08-31,20260209_091004,20260209_091004-0036,2021-08-11 21:30:01.167000,2021-08-11 21:30:01.421000,買い,110.59100,110.54100,1.00,-5.00,6468.80,水平線手前,損切,支持抵抗,0,110.59100
2021-08-01,2021-08-31,20260209_091004,20260209_091004-0037,2021-08-11 21:30:02.742000,2021-08-11 21:30:18.314000,買い,110.43200,110.58200,1.00,15.00,6483.80,水平線手前,利確,支持抵抗,0,110.43200
2021-08-01,2021-08-31,20260209_091004,20260209_091004-0038,2021-08-11 22:31:03.175000,2021-08-12 02:02:13.995000,買い,110.42100,110.37100,1.00,-5.00,6478.80,水平線手前,損切,支持抵抗,0,110.42100
2021-08-01,2021-08-31,20260209_091004,20260209_091004-0039,2021-08-12 02:03:12.239000,2021-08-12 21:30:15.922000,買い,110.34100,110.49100,1.00,15.00,6493.80,水平線手前,利確,支持抵抗,0,110.34100
2021-08-01,2021-08-31,20260209_091004,20260209_091004-0040,2021-08-12 02:03:14.077000,2021-08-12 21:30:17.393000,買い,110.34700,110.49700,1.00,15.00,6508.80,水平線手前,利確,支持抵抗,0,110.34700
2021-08-01,2021-08-31,20260209_091004,20260209_091004-0041,2021-08-12 23:58:22.511000,2021-08-13 16:02:31.610000,買い,110.35300,110.30300,1.00,-5.00,6503.80,水平線手前,損切,支持抵抗,0,110.35300
2021-08-01,2021-08-31,20260209_091004,20260209_091004-0042,2021-08-13 16:02:35.771000,2021-08-13 17:24:18.928000,買い,110.28300,110.23300,1.00,-5.00,6498.80,水平線手前,損切,支持抵抗,0,110.28300
2021-08-01,2021-08-31,20260209_091004,20260209_091004-0043,2021-08-13 17:11:15.184000,2021-08-13 20:30:21.128000,買い,110.27300,110.22300,1.00,-5.00,6493.80,水平線手前,損切,支持抵抗,0,110.27300
2021-08-01,2021-08-31,20260209_091004,20260209_091004-0044,2021-08-13 22:25:41.740000,2021-08-13 23:00:24.687000,買い,110.13500,110.08500,1.00,-5.00,6488.80,水平線手前,損切,支持抵抗,0,110.13500
2021-08-01,2021-08-31,20260209_091004,20260209_091004-0045,2021-08-13 23:00:32.638000,2021-08-13 23:05:07.468000,買い,110.06600,110.01600,1.00,-5.00,6483.80,水平線手前,損切,支持抵抗,0,110.06600
2021-08-01,2021-08-31,20260209_091004,20260209_091004-0046,2021-08-13 23:15:52.029000,2021-08-14 00:01:58.718000,買い,109.89000,109.84000,1.00,-5.00,6478.80,水平線手前,損切,支持抵抗,0,109.89000
2021-08-01,2021-08-31,20260209_091004,20260209_091004-0047,2021-08-14 00:08:32.705000,2021-08-14 01:10:53.079000,買い,109.77100,109.72100,1.00,-5.00,6473.80,水平線手前,損切,支持抵抗,0,109.77100
2021-08-01,2021-08-31,20260209_091004,20260209_091004-0048,2021-08-14 01:10:11.586000,2021-08-14 01:22:40.645000,買い,109.73800,109.68800,1.00,-5.00,6468.80,水平線手前,損切,支持抵抗,0,109.73800
2021-08-01,2021-08-31,20260209_091004,20260209_091004-0049,2021-08-14 01:24:41.117000,2021-08-14 02:33:57.146000,買い,109.68500,109.63500,1.00,-5.00,6463.80,水平線手前,損切,支持抵抗,0,109.68500
2021-08-01,2021-08-31,20260209_091004,20260209_091004-0050,2021-08-14 02:35:15.700000,2021-08-14 04:00:00.807000,買い,109.63100,109.58100,1.00,-5.00,6458.80,水平線手前,損切,支持抵抗,0,109.63100
2021-08-01,2021-08-31,20260209_091004,20260209_091004-0051,2021-08-14 03:05:10.116000,2021-08-14 04:00:34.567000,買い,109.62300,109.57300,1.00,-5.00,6453.80,水平線手前,損切,支持抵抗,0,109.62300
2021-08-01,2021-08-31,20260209_091004,20260209_091004-0052,2021-08-14 04:00:34.567000,2021-08-16 07:29:15.404000,買い,109.58300,109.73300,1.00,15.00,6468.80,水平線手前,利確,支持抵抗,0,109.58300
2021-08-01,2021-08-31,20260209_091004,20260209_091004-0053,2021-08-16 11:00:09.064000,2021-08-16 11:03:55.586000,買い,109.44400,109.39400,1.00,-5.00,6463.80,水平線手前,損切,支持抵抗,0,109.44400
2021-08-01,2021-08-31,20260209_091004,20260209_091004-0054,2021-08-16 11:00:16.063000,2021-08-16 11:03:55.586000,買い,109.44300,109.39300,1.00,-5.00,6458.80,水平線手前,損切,支持抵抗,0,109.44300
2021-08-01,2021-08-31,20260209_091004,20260209_091004-0055,2021-08-16 11:06:48.188000,2021-08-16 16:00:29.142000,買い,109.36700,109.31700,1.00,-5.00,6453.80,水平線手前,損切,支持抵抗,0,109.36700
2021-08-01,2021-08-31,20260209_091004,20260209_091004-0056,2021-08-16 16:00:23.619000,2021-08-16 19:23:21.590000,買い,109.33600,109.28600,1.00,-5.00,6448.80,水平線手前,損切,支持抵抗,0,109.33600
2021-08-01,2021-08-31,20260209_091004,20260209_091004-0057,2021-08-16 19:23:21.590000,2021-08-16 22:09:27.843000,買い,109.29500,109.24500,1.00,-5.00,6443.80,水平線手前,損切,支持抵抗,0,109.29500
2021-08-01,2021-08-31,20260209_091004,20260209_091004-0058,2021-08-16 22:36:17.482000,2021-08-17 08:35:05.734000,買い,109.15200,109.30200,1.00,15.00,6458.80,水平線手前,利確,支持抵抗,0,109.15200
2021-08-01,2021-08-31,20260209_091004,20260209_091004-0059,2021-08-17 16:13:39.811000,2021-08-17 16:46:48.848000,買い,109.15000,109.30000,1.00,15.00,6473.80,水平線手前,利確,支持抵抗,0,109.15000
2021-08-01,2021-08-31,20260209_091004,20260209_091004-0060,2021-08-17 16:14:31.301000,2021-08-17 16:48:04.057000,買い,109.15600,109.30600,1.00,15.00,6488.80,水平線手前,利確,支持抵抗,0,109.15600
2021-08-01,2021-08-31,20260209_091004,20260209_091004-0061,2021-08-17 17:00:57.378000,2021-08-17 20:18:25.856000,売り,109.40100,109.25100,1.00,15.00,6503.80,水平線手前,利確,支持抵抗,0,109.40100
2021-08-01,2021-08-31,20260209_091004,20260209_091004-0062,2021-08-17 21:30:54.897000,2021-08-17 21:33:39.223000,買い,109.21000,109.36000,1.00,15.00,6518.80,水平線手前,利確,支持抵抗,0,109.21000
2021-08-01,2021-08-31,20260209_091004,20260209_091004-0063,2021-08-17 21:52:12.064000,2021-08-17 23:33:20.566000,売り,109.52700,109.57700,1.00,-5.00,6513.80,水平線手前,損切,支持抵抗,0,109.52700
2021-08-01,2021-08-31,20260209_091004,20260209_091004-0064,2021-08-17 22:02:03.589000,2021-08-17 23:33:28.773000,売り,109.53500,109.58500,1.00,-5.00,6508.80,水平線手前,損切,支持抵抗,0,109.53500
2021-08-01,2021-08-31,20260209_091004,20260209_091004-0065,2021-08-17 23:40:27.936000,2021-08-18 00:34:05.882000,売り,109.60000,109.65000,1.00,-5.00,6503.80,水平線手前,損切,支持抵抗,0,109.60000
2021-08-01,2021-08-31,20260209_091004,20260209_091004-0066,2021-08-18 00:20:45.074000,2021-08-18 13:13:05.688000,売り,109.62600,109.67600,1.00,-5.00,6498.80,水平線手前,損切,支持抵抗,0,109.62600
2021-08-01,2021-08-31,20260209_091004,20260209_091004-0067,2021-08-18 12:52:03.048000,2021-08-18 13:13:05.688000,売り,109.62400,109.67400,1.00,-5.00,6493.80,水平線手前,損切,支持抵抗,0,109.62400
2021-08-01,2021-08-31,20260209_091004,20260209_091004-0068,2021-08-18 13:13:05.279000,2021-08-18 19:43:03.257000,売り,109.65700,109.70700,1.00,-5.00,6488.80,水平線手前,損切,支持抵抗,0,109.65700
2021-08-01,2021-08-31,20260209_091004,20260209_091004-0069,2021-08-18 19:57:45.760000,2021-08-18 20:00:33.582000,売り,109.72100,109.77100,1.00,-5.00,6483.80,水平線手前,損切,支持抵抗,0,109.72100
2021-08-01,2021-08-31,20260209_091004,20260209_091004-0070,2021-08-18 19:57:46.472000,2021-08-18 20:00:33.582000,売り,109.72300,109.77300,1.00,-5.00,6478.80,水平線手前,損切,支持抵抗,0,109.72300
2021-08-01,2021-08-31,20260209_091004,20260209_091004-0071,2021-08-18 20:07:05.222000,2021-08-18 21:53:06.130000,売り,109.78800,109.83800,1.00,-5.00,6473.80,水平線手前,損切,支持抵抗,0,109.78800
2021-08-01,2021-08-31,20260209_091004,20260209_091004-0072,2021-08-18 21:54:03.195000,2021-08-18 23:28:34.257000,売り,109.84800,109.89800,1.00,-5.00,6468.80,水平線手前,損切,支持抵抗,0,109.84800
2021-08-01,2021-08-31,20260209_091004,20260209_091004-0073,2021-08-18 23:28:10.966000,2021-08-19 00:01:57.811000,売り,109.86700,109.91700,1.00,-5.00,6463.80,水平線手前,損切,支持抵抗,0,109.86700
2021-08-01,2021-08-31,20260209_091004,20260209_091004-0074,2021-08-19 00:10:45.134000,2021-08-19 01:14:03.821000,売り,109.91600,109.96600,1.00,-5.00,6458.80,水平線手前,損切,支持抵抗,0,109.91600
2021-08-01,2021-08-31,20260209_091004,20260209_091004-0075,2021-08-19 01:16:02.155000,2021-08-19 02:27:27.050000,売り,109.96900,110.01900,1.00,-5.00,6453.80,水平線手前,損切,支持抵抗,0,109.96900
2021-08-01,2021-08-31,20260209_091004,20260209_091004-0076,2021-08-19 02:29:40.490000,2021-08-19 03:00:39.535000,売り,110.02000,110.07000,1.00,-5.00,6448.80,水平線手前,損切,支持抵抗,0,110.02000
2021-08-01,2021-08-31,20260209_091004,20260209_091004-0077,2021-08-19 03:00:00.724000,2021-08-19 03:04:10.037000,売り,110.03600,109.88600,1.00,15.00,6463.80,水平線手前,利確,支持抵抗,0,110.03600
2021-08-01,2021-08-31,20260209_091004,20260209_091004-0078,2021-08-19 11:01:59.194000,2021-08-19 11:18:11.146000,売り,110.08900,110.13900,1.00,-5.00,6458.80,水平線手前,損切,支持抵抗,0,110.08900
2021-08-01,2021-08-31,20260209_091004,20260209_091004-0079,2021-08-19 11:23:45.229000,2021-08-19 12:12:06.208000,売り,110.16100,110.21100,1.00,-5.00,6453.80,水平線手前,損切,支持抵抗,0,110.16100
2021-08-01,2021-08-31,20260209_091004,20260209_091004-0080,2021-08-19 12:12:03.361000,2021-08-19 15:16:39.538000,売り,110.19800,110.04800,1.00,15.00,6468.80,水平線手前,利確,支持抵抗,0,110.19800
2021-08-01,2021-08-31,20260209_091004,20260209_091004-0081,2021-08-19 16:12:15.237000,2021-08-19 17:07:23.147000,買い,109.76700,109.71700,1.00,-5.00,6463.80,水平線手前,損切,支持抵抗,0,109.76700
2021-08-01,2021-08-31,20260209_091004,20260209_091004-0082,2021-08-19 17:38:00.370000,2021-08-19 18:18:06.280000,買い,109.53400,109.48400,1.00,-5.00,6458.80,水平線手前,損切,支持抵抗,0,109.53400
2021-08-01,2021-08-31,20260209_091004,20260209_091004-0083,2021-08-19 17:38:17.797000,2021-08-19 18:35:00.016000,買い,109.51800,109.66800,1.00,15.00,6473.80,水平線手前,利確,支持抵抗,0,109.51800
2021-08-01,2021-08-31,20260209_091004,20260209_091004-0084,2021-08-19 18:06:22.100000,2021-08-19 18:36:18.773000,買い,109.52300,109.67300,1.00,15.00,6488.80,水平線手前,利確,支持抵抗,0,109.52300
2021-08-01,2021-08-31,20260209_091004,20260209_091004-0085,2021-08-20 14:21:23.788000,2021-08-20 15:47:30.103000,買い,109.67000,109.62000,1.00,-5.00,6483.80,水平線手前,損切,支持抵抗,0,109.67000
2021-08-01,2021-08-31,20260209_091004,20260209_091004-0086,2021-08-20 14:23:53.897000,2021-08-20 16:30:04.987000,買い,109.66000,109.61000,1.00,-5.00,6478.80,水平線手前,損切,支持抵抗,0,109.66000
2021-08-01,2021-08-31,20260209_091004,20260209_091004-0087,2021-08-20 15:47:17.439000,2021-08-20 16:38:31.198000,買い,109.65100,109.60100,1.00,-5.00,6473.80,水平線手前,損切,支持抵抗,0,109.65100
2021-08-01,2021-08-31,20260209_091004,20260209_091004-0088,2021-08-20 16:38:37.458000,2021-08-20 21:57:54.621000,買い,109.60900,109.75900,1.00,15.00,6488.80,水平線手前,利確,支持抵抗,0,109.60900
2021-08-01,2021-08-31,20260209_091004,20260209_091004-0089,2021-08-20 22:04:23.208000,2021-08-20 22:47:04.561000,売り,109.81600,109.86600,1.00,-5.00,6483.80,水平線手前,損切,支持抵抗,0,109.81600
2021-08-01,2021-08-31,20260209_091004,20260209_091004-0090,2021-08-20 22:17:16.175000,2021-08-20 23:35:28.320000,売り,109.83600,109.88600,1.00,-5.00,6478.80,水平線手前,損切,支持抵抗,0,109.83600
2021-08-01,2021-08-31,20260209_091004,20260209_091004-0091,2021-08-20 23:00:37.601000,2021-08-23 06:14:34.786000,売り,109.84900,109.69900,1.00,15.00,6493.80,水平線手前,利確,支持抵抗,0,109.84900
2021-08-01,2021-08-31,20260209_091004,20260209_091004-0092,2021-08-23 14:56:35.808000,2021-08-23 15:12:32.386000,売り,109.92200,109.97200,1.00,-5.00,6488.80,水平線手前,損切,支持抵抗,0,109.92200
2021-08-01,2021-08-31,20260209_091004,20260209_091004-0093,2021-08-23 15:00:04.722000,2021-08-23 18:06:28.619000,売り,109.95500,110.00500,1.00,-5.00,6483.80,水平線手前,損切,支持抵抗,0,109.95500
2021-08-01,2021-08-31,20260209_091004,20260209_091004-0094,2021-08-23 16:02:16.646000,2021-08-23 18:08:03.468000,売り,109.95900,110.00900,1.00,-5.00,6478.80,水平線手前,損切,支持抵抗,0,109.95900
2021-08-01,2021-08-31,20260209_091004,20260209_091004-0095,2021-08-23 18:27:07.145000,2021-08-23 20:49:06.695000,売り,110.06800,110.11800,1.00,-5.00,6473.80,水平線手前,損切,支持抵抗,0,110.06800
2021-08-01,2021-08-31,20260209_091004,20260209_091004-0096,2021-08-23 20:50:01.465000,2021-08-23 22:02:10.744000,売り,110.11600,109.96600,1.00,15.00,6488.80,水平線手前,利確,支持抵抗,0,110.11600
2021-08-01,2021-08-31,20260209_091004,20260209_091004-0097,2021-08-23 22:26:12.934000,2021-08-23 23:55:56.262000,買い,109.77800,109.72800,1.00,-5.00,6483.80,水平線手前,損切,支持抵抗,0,109.77800
2021-08-01,2021-08-31,20260209_091004,20260209_091004-0098,2021-08-23 23:53:24.034000,2021-08-24 03:25:07.056000,買い,109.76000,109.71000,1.00,-5.00,6478.80,水平線手前,損切,支持抵抗,0,109.76000
2021-08-01,2021-08-31,20260209_091004,20260209_091004-0099,2021-08-24 04:00:46.397000,2021-08-24 09:04:22.513000,買い,109.69200,109.64200,1.00,-5.00,6473.80,水平線手前,損切,支持抵抗,0,109.69200
2021-08-01,2021-08-31,20260209_091004,20260209_091004-0100,2021-08-24 18:41:26.760000,2021-08-24 21:15:49.548000,買い,109.68000,109.63000,1.00,-5.00,6468.80,水平線手前,損切,支持抵抗,0,109.68000
2021-08-01,2021-08-31,20260209_091004,20260209_091004-0101,2021-08-24 18:41:28.482000,2021-08-24 21:15:49.650000,買い,109.67900,109.62900,1.00,-5.00,6463.80,水平線手前,損切,支持抵抗,0,109.67900
2021-08-01,2021-08-31,20260209_091004,20260209_091004-0102,2021-08-24 21:15:49.447000,2021-08-24 21:42:04.057000,買い,109.64300,109.59300,1.00,-5.00,6458.80,水平線手前,損切,支持抵抗,0,109.64300
2021-08-01,2021-08-31,20260209_091004,20260209_091004-0103,2021-08-24 21:47:23.904000,2021-08-24 22:02:47.157000,買い,109.55000,109.50000,1.00,-5.00,6453.80,水平線手前,損切,支持抵抗,0,109.55000
2021-08-01,2021-08-31,20260209_091004,20260209_091004-0104,2021-08-24 22:04:00.559000,2021-08-24 22:32:05.270000,買い,109.45100,109.60100,1.00,15.00,6468.80,水平線手前,利確,支持抵抗,0,109.45100
2021-08-01,2021-08-31,20260209_091004,20260209_091004-0105,2021-08-25 11:00:17.108000,2021-08-25 20:08:34.622000,売り,109.83600,109.88600,1.00,-5.00,6463.80,水平線手前,損切,支持抵抗,0,109.83600
2021-08-01,2021-08-31,20260209_091004,20260209_091004-0106,2021-08-25 20:29:34.992000,2021-08-25 21:30:21.210000,売り,109.91100,109.96100,1.00,-5.00,6458.80,水平線手前,損切,支持抵抗,0,109.91100
2021-08-01,2021-08-31,20260209_091004,20260209_091004-0107,2021-08-25 21:30:25.099000,2021-08-25 22:40:27.086000,売り,109.96400,110.01400,1.00,-5.00,6453.80,水平線手前,損切,支持抵抗,0,109.96400
2021-08-01,2021-08-31,20260209_091004,20260209_091004-0108,2021-08-25 22:40:27.801000,2021-08-25 23:33:21.677000,売り,110.01000,110.06000,1.00,-5.00,6448.80,水平線手前,損切,支持抵抗,0,110.01000
2021-08-01,2021-08-31,20260209_091004,20260209_091004-0109,2021-08-25 22:50:00.253000,2021-08-25 23:33:37.449000,売り,110.01900,110.06900,1.00,-5.00,6443.80,水平線手前,損切,支持抵抗,0,110.01900
2021-08-01,2021-08-31,20260209_091004,20260209_091004-0110,2021-08-25 23:35:05.643000,2021-08-26 02:18:11.680000,売り,110.07400,110.12400,1.00,-5.00,6438.80,水平線手前,損切,支持抵抗,0,110.07400
2021-08-01,2021-08-31,20260209_091004,20260209_091004-0111,2021-08-26 02:09:56.039000,2021-08-26 12:15:23.684000,売り,110.09400,109.94400,1.00,15.00,6453.80,水平線手前,利確,支持抵抗,0,110.09400
2021-08-01,2021-08-31,20260209_091004,20260209_091004-0112,2021-08-26 15:47:11.549000,2021-08-26 15:55:38.244000,売り,110.09400,110.14400,1.00,-5.00,6448.80,水平線手前,損切,支持抵抗,0,110.09400
2021-08-01,2021-08-31,20260209_091004,20260209_091004-0113,2021-08-26 15:55:38.193000,2021-08-26 16:27:21.709000,売り,110.12800,110.17800,1.00,-5.00,6443.80,水平線手前,損切,支持抵抗,0,110.12800
2021-08-01,2021-08-31,20260209_091004,20260209_091004-0114,2021-08-26 16:27:21.709000,2021-08-26 16:34:37.759000,売り,110.16900,110.21900,1.00,-5.00,6438.80,水平線手前,損切,支持抵抗,0,110.16900
2021-08-01,2021-08-31,20260209_091004,20260209_091004-0115,2021-08-26 16:33:35.228000,2021-08-26 20:19:13.395000,売り,110.19400,110.04400,1.00,15.00,6453.80,水平線手前,利確,支持抵抗,0,110.19400
2021-08-01,2021-08-31,20260209_091004,20260209_091004-0116,2021-08-26 17:03:07.875000,2021-08-26 20:19:13.395000,売り,110.19600,110.04600,1.00,15.00,6468.80,水平線手前,利確,支持抵抗,0,110.19600
2021-08-01,2021-08-31,20260209_091004,20260209_091004-0117,2021-08-26 22:08:58.006000,2021-08-27 00:00:40.743000,売り,110.19900,110.04900,1.00,15.00,6483.80,水平線手前,利確,支持抵抗,0,110.19900
2021-08-01,2021-08-31,20260209_091004,20260209_091004-0118,2021-08-27 00:04:56.540000,2021-08-27 01:12:41.913000,買い,109.96600,110.11600,1.00,15.00,6498.80,水平線手前,利確,支持抵抗,0,109.96600
2021-08-01,2021-08-31,20260209_091004,20260209_091004-0119,2021-08-27 13:35:57.536000,2021-08-27 16:33:11.349000,買い,109.92300,110.07300,1.00,15.00,6513.80,水平線手前,利確,支持抵抗,0,109.92300
2021-08-01,2021-08-31,20260209_091004,20260209_091004-0120,2021-08-27 21:16:36.400000,2021-08-27 21:52:27.150000,売り,110.20000,110.05000,1.00,15.00,6528.80,水平線手前,利確,支持抵抗,0,110.20000
2021-08-01,2021-08-31,20260209_091004,20260209_091004-0121,2021-08-27 22:11:25.222000,2021-08-27 23:00:20.444000,売り,110.23700,110.08700,1.00,15.00,6543.80,水平線手前,利確,支持抵抗,0,110.23700
2021-08-01,2021-08-31,20260209_091004,20260209_091004-0122,2021-08-27 23:15:09.869000,2021-08-28 00:57:16.515000,買い,109.89900,109.84900,1.00,-5.00,6538.80,水平線手前,損切,支持抵抗,0,109.89900
2021-08-01,2021-08-31,20260209_091004,20260209_091004-0123,2021-08-28 00:57:00.182000,2021-08-28 01:02:19.184000,買い,109.87400,109.82400,1.00,-5.00,6533.80,水平線手前,損切,支持抵抗,0,109.87400
2021-08-01,2021-08-31,20260209_091004,20260209_091004-0124,2021-08-28 01:01:30.843000,2021-08-28 04:18:43.439000,買い,109.83900,109.78900,1.00,-5.00,6528.80,水平線手前,損切,支持抵抗,0,109.83900
2021-08-01,2021-08-31,20260209_091004,20260209_091004-0125,2021-08-28 02:11:07.224000,2021-08-28 04:20:44.660000,買い,109.83500,109.78500,1.00,-5.00,6523.80,水平線手前,損切,支持抵抗,0,109.83500
2021-08-01,2021-08-31,20260209_091004,20260209_091004-0126,2021-08-30 11:02:48.774000,2021-08-30 21:22:33.873000,買い,109.74200,109.89200,1.00,15.00,6538.80,水平線手前,利確,支持抵抗,0,109.74200
2021-08-01,2021-08-31,20260209_091004,20260209_091004-0127,2021-08-31 18:35:07.988000,2021-08-31 21:06:29.647000,売り,109.95300,109.80300,1.00,15.00,6553.80,水平線手前,利確,支持抵抗,0,109.95300
2021-08-01,2021-08-31,20260209_091004,20260209_091004-0128,2021-08-31 21:06:10.389000,2021-08-31 21:18:09.599000,買い,109.81500,109.76500,1.00,-5.00,6548.80,水平線手前,損切,支持抵抗,0,109.81500
2021-08-01,2021-08-31,20260209_091004,20260209_091004-0129,2021-08-31 21:30:32.808000,2021-08-31 21:35:22.247000,買い,109.74200,109.69200,1.00,-5.00,6543.80,水平線手前,損切,支持抵抗,0,109.74200
2021-08-01,2021-08-31,20260209_091004,20260209_091004-0130,2021-08-31 21:35:23.110000,2021-08-31 22:05:03.780000,買い,109.68600,109.83600,1.00,15.00,6558.80,水平線手前,利確,支持抵抗,0,109.68600
2021-08-01,2021-08-31,20260209_091004,20260209_091004-0131,2021-08-31 23:25:30.366000,2021-08-31 23:50:38.973000,買い,109.62000,109.77000,1.00,15.00,6573.80,水平線手前,利確,支持抵抗,0,109.62000
2021-08-01,2021-08-31,20260209_091004,20260209_091004-0132,2021-08-31 23:25:29.301000,2021-08-31 23:50:39.890000,買い,109.62500,109.77500,1.00,15.00,6588.80,水平線手前,利確,支持抵抗,0,109.62500
2021-09-01,2021-09-30,20260209_091034,20260209_091034-0001,2021-09-01 21:04:51.623000,2021-09-01 21:15:05.604000,売り,110.38900,110.23900,1.00,15.00,6603.80,水平線手前,利確,支持抵抗,0,110.38900
2021-09-01,2021-09-30,20260209_091034,20260209_091034-0002,2021-09-03 11:51:58.535000,2021-09-03 11:58:36.631000,買い,109.83100,109.98100,1.00,15.00,6618.80,水平線手前,利確,支持抵抗,0,109.83100
2021-09-01,2021-09-30,20260209_091034,20260209_091034-0003,2021-09-03 21:30:07.489000,2021-09-03 21:34:13.136000,買い,109.66200,109.81200,1.00,15.00,6633.80,水平線手前,利確,支持抵抗,0,109.66200
2021-09-01,2021-09-30,20260209_091034,20260209_091034-0004,2021-09-03 22:36:21.341000,2021-09-03 23:31:19.582000,買い,109.66000,109.61000,1.00,-5.00,6628.80,水平線手前,損切,支持抵抗,0,109.66000
2021-09-01,2021-09-30,20260209_091034,20260209_091034-0005,2021-09-03 23:31:16.049000,2021-09-06 06:31:49.850000,買い,109.62700,109.77700,1.00,15.00,6643.80,水平線手前,利確,支持抵抗,0,109.62700
2021-09-01,2021-09-30,20260209_091034,20260209_091034-0006,2021-09-07 11:51:23.730000,2021-09-07 15:09:00.924000,買い,109.72400,109.87400,1.00,15.00,6658.80,水平線手前,利確,支持抵抗,0,109.72400
2021-09-01,2021-09-30,20260209_091034,20260209_091034-0007,2021-09-07 15:31:16.944000,2021-09-07 16:06:53.569000,売り,109.91700,109.96700,1.00,-5.00,6653.80,水平線手前,損切,支持抵抗,0,109.91700
2021-09-01,2021-09-30,20260209_091034,20260209_091034-0008,2021-09-07 15:31:16.994000,2021-09-07 16:06:53.569000,売り,109.91900,109.96900,1.00,-5.00,6648.80,水平線手前,損切,支持抵抗,0,109.91900
2021-09-01,2021-09-30,20260209_091034,20260209_091034-0009,2021-09-07 16:00:47.082000,2021-09-07 17:07:15.676000,売り,109.93200,109.98200,1.00,-5.00,6643.80,水平線手前,損切,支持抵抗,0,109.93200
2021-09-01,2021-09-30,20260209_091034,20260209_091034-0010,2021-09-07 17:03:37.664000,2021-09-07 20:47:32.213000,売り,109.96600,110.01600,1.00,-5.00,6638.80,水平線手前,損切,支持抵抗,0,109.96600
2021-09-01,2021-09-30,20260209_091034,20260209_091034-0011,2021-09-07 20:47:41.267000,2021-09-07 21:48:01.474000,売り,110.02600,110.07600,1.00,-5.00,6633.80,水平線手前,損切,支持抵抗,0,110.02600
2021-09-01,2021-09-30,20260209_091034,20260209_091034-0012,2021-09-07 20:53:33.291000,2021-09-07 21:51:35.484000,売り,110.04200,110.09200,1.00,-5.00,6628.80,水平線手前,損切,支持抵抗,0,110.04200
2021-09-01,2021-09-30,20260209_091034,20260209_091034-0013,2021-09-07 21:48:59.863000,2021-09-07 22:09:29.629000,売り,110.07300,110.12300,1.00,-5.00,6623.80,水平線手前,損切,支持抵抗,0,110.07300
2021-09-01,2021-09-30,20260209_091034,20260209_091034-0014,2021-09-07 21:57:02.863000,2021-09-07 22:10:01.624000,売り,110.09200,110.14200,1.00,-5.00,6618.80,水平線手前,損切,支持抵抗,0,110.09200
2021-09-01,2021-09-30,20260209_091034,20260209_091034-0015,2021-09-07 22:11:34.711000,2021-09-07 23:05:30.392000,売り,110.14700,110.19700,1.00,-5.00,6613.80,水平線手前,損切,支持抵抗,0,110.14700
2021-09-01,2021-09-30,20260209_091034,20260209_091034-0016,2021-09-07 23:28:16.793000,2021-09-08 00:30:01.756000,売り,110.21300,110.26300,1.00,-5.00,6608.80,水平線手前,損切,支持抵抗,0,110.21300
2021-09-01,2021-09-30,20260209_091034,20260209_091034-0017,2021-09-08 00:24:04.882000,2021-09-08 03:49:14.916000,売り,110.22400,110.27400,1.00,-5.00,6603.80,水平線手前,損切,支持抵抗,0,110.22400
2021-09-01,2021-09-30,20260209_091034,20260209_091034-0018,2021-09-08 03:49:13.648000,2021-09-08 04:40:42.233000,売り,110.26200,110.31200,1.00,-5.00,6598.80,水平線手前,損切,支持抵抗,0,110.26200
2021-09-01,2021-09-30,20260209_091034,20260209_091034-0019,2021-09-08 04:00:29.720000,2021-09-08 09:13:32.354000,売り,110.29000,110.34000,1.00,-5.00,6593.80,水平線手前,損切,支持抵抗,0,110.29000
2021-09-01,2021-09-30,20260209_091034,20260209_091034-0020,2021-09-08 14:41:37.620000,2021-09-08 15:02:57.705000,売り,110.38100,110.43100,1.00,-5.00,6588.80,水平線手前,損切,支持抵抗,0,110.38100
2021-09-01,2021-09-30,20260209_091034,20260209_091034-0021,2021-09-08 15:02:36.940000,2021-09-08 16:11:35.085000,売り,110.41600,110.26600,1.00,15.00,6603.80,水平線手前,利確,支持抵抗,0,110.41600
2021-09-01,2021-09-30,20260209_091034,20260209_091034-0022,2021-09-09 11:01:47.862000,2021-09-09 15:08:26.714000,買い,110.13600,110.08600,1.00,-5.00,6598.80,水平線手前,損切,支持抵抗,0,110.13600
2021-09-01,2021-09-30,20260209_091034,20260209_091034-0023,2021-09-09 11:09:02.390000,2021-09-09 15:20:47.926000,買い,110.10600,110.05600,1.00,-5.00,6593.80,水平線手前,損切,支持抵抗,0,110.10600
2021-09-01,2021-09-30,20260209_091034,20260209_091034-0024,2021-09-09 15:08:26.714000,2021-09-09 16:02:57.747000,買い,110.09300,110.04300,1.00,-5.00,6588.80,水平線手前,損切,支持抵抗,0,110.09300
2021-09-01,2021-09-30,20260209_091034,20260209_091034-0025,2021-09-09 16:40:45.269000,2021-09-09 17:16:23.729000,買い,109.93300,109.88300,1.00,-5.00,6583.80,水平線手前,損切,支持抵抗,0,109.93300
2021-09-01,2021-09-30,20260209_091034,20260209_091034-0026,2021-09-09 17:13:13.945000,2021-09-09 18:02:14.766000,買い,109.91500,109.86500,1.00,-5.00,6578.80,水平線手前,損切,支持抵抗,0,109.91500
2021-09-01,2021-09-30,20260209_091034,20260209_091034-0027,2021-09-09 18:00:55.259000,2021-09-09 20:50:34.474000,買い,109.90200,109.85200,1.00,-5.00,6573.80,水平線手前,損切,支持抵抗,0,109.90200
2021-09-01,2021-09-30,20260209_091034,20260209_091034-0028,2021-09-09 22:09:12.547000,2021-09-09 23:50:54.074000,買い,109.83500,109.78500,1.00,-5.00,6568.80,水平線手前,損切,支持抵抗,0,109.83500
2021-09-01,2021-09-30,20260209_091034,20260209_091034-0029,2021-09-09 23:22:39.344000,2021-09-10 00:26:50.097000,買い,109.81900,109.76900,1.00,-5.00,6563.80,水平線手前,損切,支持抵抗,0,109.81900
2021-09-01,2021-09-30,20260209_091034,20260209_091034-0030,2021-09-10 00:23:35.556000,2021-09-10 01:27:24.971000,買い,109.79100,109.74100,1.00,-5.00,6558.80,水平線手前,損切,支持抵抗,0,109.79100
2021-09-01,2021-09-30,20260209_091034,20260209_091034-0031,2021-09-10 01:42:16.271000,2021-09-10 02:01:55.874000,買い,109.73500,109.68500,1.00,-5.00,6553.80,水平線手前,損切,支持抵抗,0,109.73500
2021-09-01,2021-09-30,20260209_091034,20260209_091034-0032,2021-09-10 02:11:49.753000,2021-09-10 07:16:47.083000,買い,109.63000,109.78000,1.00,15.00,6568.80,水平線手前,利確,支持抵抗,0,109.63000
2021-09-01,2021-09-30,20260209_091034,20260209_091034-0033,2021-09-10 02:06:51.958000,2021-09-10 07:58:37.102000,買い,109.65800,109.80800,1.00,15.00,6583.80,水平線手前,利確,支持抵抗,0,109.65800
2021-09-01,2021-09-30,20260209_091034,20260209_091034-0034,2021-09-13 14:19:18.243000,2021-09-13 15:00:35.508000,売り,110.00500,110.05500,1.00,-5.00,6578.80,水平線手前,損切,支持抵抗,0,110.00500
2021-09-01,2021-09-30,20260209_091034,20260209_091034-0035,2021-09-13 15:09:47.750000,2021-09-13 16:01:39.255000,売り,110.09200,110.14200,1.00,-5.00,6573.80,水平線手前,損切,支持抵抗,0,110.09200
2021-09-01,2021-09-30,20260209_091034,20260209_091034-0036,2021-09-13 16:01:38.109000,2021-09-13 22:54:15.662000,売り,110.12800,109.97800,1.00,15.00,6588.80,水平線手前,利確,支持抵抗,0,110.12800
2021-09-01,2021-09-30,20260209_091034,20260209_091034-0037,2021-09-14 19:39:26.166000,2021-09-14 20:02:27.090000,売り,110.11100,110.16100,1.00,-5.00,6583.80,水平線手前,損切,支持抵抗,0,110.11100
2021-09-01,2021-09-30,20260209_091034,20260209_091034-0038,2021-09-14 20:19:51.870000,2021-09-14 21:30:01.388000,売り,110.13100,109.98100,1.00,15.00,6598.80,水平線手前,利確,支持抵抗,0,110.13100
2021-09-01,2021-09-30,20260209_091034,20260209_091034-0039,2021-09-14 19:45:19.978000,2021-09-14 21:30:01.562000,売り,110.12800,109.97800,1.00,15.00,6613.80,水平線手前,利確,支持抵抗,0,110.12800
2021-09-01,2021-09-30,20260209_091034,20260209_091034-0040,2021-09-14 21:36:19.138000,2021-09-14 21:55:35.366000,買い,109.93800,109.88800,1.00,-5.00,6608.80,水平線手前,損切,支持抵抗,0,109.93800
2021-09-01,2021-09-30,20260209_091034,20260209_091034-0041,2021-09-14 21:55:35.315000,2021-09-14 22:00:54.302000,買い,109.90100,109.85100,1.00,-5.00,6603.80,水平線手前,損切,支持抵抗,0,109.90100
2021-09-01,2021-09-30,20260209_091034,20260209_091034-0042,2021-09-14 22:02:05.208000,2021-09-14 23:01:34.890000,買い,109.82800,109.77800,1.00,-5.00,6598.80,水平線手前,損切,支持抵抗,0,109.82800
2021-09-01,2021-09-30,20260209_091034,20260209_091034-0043,2021-09-14 22:26:07.875000,2021-09-14 23:01:35.195000,買い,109.82300,109.77300,1.00,-5.00,6593.80,水平線手前,損切,支持抵抗,0,109.82300
2021-09-01,2021-09-30,20260209_091034,20260209_091034-0044,2021-09-14 23:39:32.871000,2021-09-15 00:19:30.776000,買い,109.68500,109.63500,1.00,-5.00,6588.80,水平線手前,損切,支持抵抗,0,109.68500
2021-09-01,2021-09-30,20260209_091034,20260209_091034-0045,2021-09-14 23:42:19.556000,2021-09-15 00:20:38.434000,買い,109.66000,109.61000,1.00,-5.00,6583.80,水平線手前,損切,支持抵抗,0,109.66000
2021-09-01,2021-09-30,20260209_091034,20260209_091034-0046,2021-09-15 00:20:38.281000,2021-09-15 02:24:33.682000,買い,109.63500,109.58500,1.00,-5.00,6578.80,水平線手前,損切,支持抵抗,0,109.63500
2021-09-01,2021-09-30,20260209_091034,20260209_091034-0047,2021-09-15 02:27:34.229000,2021-09-15 07:16:24.192000,買い,109.56600,109.71600,1.00,15.00,6593.80,水平線手前,利確,支持抵抗,0,109.56600
2021-09-01,2021-09-30,20260209_091034,20260209_091034-0048,2021-09-15 15:13:56.611000,2021-09-15 16:46:35.997000,買い,109.50500,109.45500,1.00,-5.00,6588.80,水平線手前,損切,支持抵抗,0,109.50500
2021-09-01,2021-09-30,20260209_091034,20260209_091034-0049,2021-09-15 16:49:22.309000,2021-09-15 17:15:42.021000,買い,109.46100,109.41100,1.00,-5.00,6583.80,水平線手前,損切,支持抵抗,0,109.46100
2021-09-01,2021-09-30,20260209_091034,20260209_091034-0050,2021-09-15 17:45:09.736000,2021-09-15 18:15:35.805000,買い,109.34600,109.29600,1.00,-5.00,6578.80,水平線手前,損切,支持抵抗,0,109.34600
2021-09-01,2021-09-30,20260209_091034,20260209_091034-0051,2021-09-15 18:15:36.362000,2021-09-15 19:45:14.232000,買い,109.30100,109.25100,1.00,-5.00,6573.80,水平線手前,損切,支持抵抗,0,109.30100
2021-09-01,2021-09-30,20260209_091034,20260209_091034-0052,2021-09-15 19:45:11.979000,2021-09-15 21:01:15.766000,買い,109.26300,109.21300,1.00,-5.00,6568.80,水平線手前,損切,支持抵抗,0,109.26300
2021-09-01,2021-09-30,20260209_091034,20260209_091034-0053,2021-09-15 20:00:01.363000,2021-09-15 21:01:16.084000,買い,109.26000,109.21000,1.00,-5.00,6563.80,水平線手前,損切,支持抵抗,0,109.26000
2021-09-01,2021-09-30,20260209_091034,20260209_091034-0054,2021-09-15 21:18:26.424000,2021-09-15 21:35:33.931000,買い,109.15200,109.30200,1.00,15.00,6578.80,水平線手前,利確,支持抵抗,0,109.15200
2021-09-01,2021-09-30,20260209_091034,20260209_091034-0055,2021-09-16 18:16:39.192000,2021-09-16 21:30:11.680000,売り,109.43200,109.48200,1.00,-5.00,6573.80,水平線手前,損切,支持抵抗,0,109.43200
2021-09-01,2021-09-30,20260209_091034,20260209_091034-0056,2021-09-16 21:40:40.800000,2021-09-16 22:02:44.438000,売り,109.67100,109.72100,1.00,-5.00,6568.80,水平線手前,損切,支持抵抗,0,109.67100
2021-09-01,2021-09-30,20260209_091034,20260209_091034-0057,2021-09-16 22:02:44.540000,2021-09-16 22:12:56.114000,売り,109.71300,109.76300,1.00,-5.00,6563.80,水平線手前,損切,支持抵抗,0,109.71300
2021-09-01,2021-09-30,20260209_091034,20260209_091034-0058,2021-09-16 22:32:03.614000,2021-09-16 23:04:59.327000,売り,109.79700,109.64700,1.00,15.00,6578.80,水平線手前,利確,支持抵抗,0,109.79700
2021-09-01,2021-09-30,20260209_091034,20260209_091034-0059,2021-09-17 11:49:40.349000,2021-09-17 16:37:19.239000,売り,109.86900,109.91900,1.00,-5.00,6573.80,水平線手前,損切,支持抵抗,0,109.86900
2021-09-01,2021-09-30,20260209_091034,20260209_091034-0060,2021-09-17 11:00:10.783000,2021-09-17 16:42:46.536000,売り,109.88700,109.93700,1.00,-5.00,6568.80,水平線手前,損切,支持抵抗,0,109.88700
2021-09-01,2021-09-30,20260209_091034,20260209_091034-0061,2021-09-17 16:40:01.901000,2021-09-17 17:43:44.231000,売り,109.92200,109.97200,1.00,-5.00,6563.80,水平線手前,損切,支持抵抗,0,109.92200
2021-09-01,2021-09-30,20260209_091034,20260209_091034-0062,2021-09-17 17:00:25.831000,2021-09-17 18:49:02.059000,売り,109.95100,110.00100,1.00,-5.00,6558.80,水平線手前,損切,支持抵抗,0,109.95100
2021-09-01,2021-09-30,20260209_091034,20260209_091034-0063,2021-09-17 22:01:06.721000,2021-09-18 00:25:58.254000,売り,110.05100,109.90100,1.00,15.00,6573.80,水平線手前,利確,支持抵抗,0,110.05100
2021-09-01,2021-09-30,20260209_091034,20260209_091034-0064,2021-09-20 11:16:49.588000,2021-09-20 11:53:07.149000,買い,109.90900,109.85900,1.00,-5.00,6568.80,水平線手前,損切,支持抵抗,0,109.90900
2021-09-01,2021-09-30,20260209_091034,20260209_091034-0065,2021-09-20 11:46:30.185000,2021-09-20 15:18:20.857000,買い,109.89700,109.84700,1.00,-5.00,6563.80,水平線手前,損切,支持抵抗,0,109.89700
2021-09-01,2021-09-30,20260209_091034,20260209_091034-0066,2021-09-20 15:18:22.779000,2021-09-20 16:04:09.740000,買い,109.84200,109.79200,1.00,-5.00,6558.80,水平線手前,損切,支持抵抗,0,109.84200
2021-09-01,2021-09-30,20260209_091034,20260209_091034-0067,2021-09-20 16:10:03.737000,2021-09-20 17:02:36.020000,買い,109.76400,109.71400,1.00,-5.00,6553.80,水平線手前,損切,支持抵抗,0,109.76400
2021-09-01,2021-09-30,20260209_091034,20260209_091034-0068,2021-09-20 17:16:32.871000,2021-09-20 18:45:41.039000,買い,109.69600,109.64600,1.00,-5.00,6548.80,水平線手前,損切,支持抵抗,0,109.69600
2021-09-01,2021-09-30,20260209_091034,20260209_091034-0069,2021-09-20 18:45:35.251000,2021-09-20 19:33:40.693000,買い,109.66200,109.61200,1.00,-5.00,6543.80,水平線手前,損切,支持抵抗,0,109.66200
2021-09-01,2021-09-30,20260209_091034,20260209_091034-0070,2021-09-20 18:45:54.439000,2021-09-20 19:34:49.984000,買い,109.64700,109.59700,1.00,-5.00,6538.80,水平線手前,損切,支持抵抗,0,109.64700
2021-09-01,2021-09-30,20260209_091034,20260209_091034-0071,2021-09-20 19:43:22.406000,2021-09-20 21:01:16.178000,買い,109.53200,109.48200,1.00,-5.00,6533.80,水平線手前,損切,支持抵抗,0,109.53200
2021-09-01,2021-09-30,20260209_091034,20260209_091034-0072,2021-09-20 21:01:36.062000,2021-09-20 22:14:14.982000,買い,109.47000,109.62000,1.00,15.00,6548.80,水平線手前,利確,支持抵抗,0,109.47000
2021-09-01,2021-09-30,20260209_091034,20260209_091034-0073,2021-09-21 01:07:35.280000,2021-09-21 02:05:13.308000,買い,109.43600,109.38600,1.00,-5.00,6543.80,水平線手前,損切,支持抵抗,0,109.43600
2021-09-01,2021-09-30,20260209_091034,20260209_091034-0074,2021-09-21 02:05:35.299000,2021-09-21 03:36:34.979000,買い,109.38200,109.33200,1.00,-5.00,6538.80,水平線手前,損切,支持抵抗,0,109.38200
2021-09-01,2021-09-30,20260209_091034,20260209_091034-0075,2021-09-21 16:20:36.576000,2021-09-21 19:18:47.042000,売り,109.67500,109.52500,1.00,15.00,6553.80,水平線手前,利確,支持抵抗,0,109.67500
2021-09-01,2021-09-30,20260209_091034,20260209_091034-0076,2021-09-21 21:14:30.521000,2021-09-21 21:53:27.501000,買い,109.36100,109.31100,1.00,-5.00,6548.80,水平線手前,損切,支持抵抗,0,109.36100
2021-09-01,2021-09-30,20260209_091034,20260209_091034-0077,2021-09-21 21:14:30.674000,2021-09-21 21:53:27.501000,買い,109.36100,109.31100,1.00,-5.00,6543.80,水平線手前,損切,支持抵抗,0,109.36100
2021-09-01,2021-09-30,20260209_091034,20260209_091034-0078,2021-09-21 21:53:42.904000,2021-09-21 22:01:29.218000,買い,109.30200,109.25200,1.00,-5.00,6538.80,水平線手前,損切,支持抵抗,0,109.30200
2021-09-01,2021-09-30,20260209_091034,20260209_091034-0079,2021-09-21 22:04:10.255000,2021-09-21 23:57:44.297000,買い,109.25200,109.20200,1.00,-5.00,6533.80,水平線手前,損切,支持抵抗,0,109.25200
2021-09-01,2021-09-30,20260209_091034,20260209_091034-0080,2021-09-21 22:04:10.356000,2021-09-21 23:57:46.313000,買い,109.25100,109.20100,1.00,-5.00,6528.80,水平線手前,損切,支持抵抗,0,109.25100
2021-09-01,2021-09-30,20260209_091034,20260209_091034-0081,2021-09-21 23:50:40.975000,2021-09-22 08:04:08.547000,買い,109.22600,109.17600,1.00,-5.00,6523.80,水平線手前,損切,支持抵抗,0,109.22600
2021-09-01,2021-09-30,20260209_091034,20260209_091034-0082,2021-09-22 00:04:58.422000,2021-09-22 08:04:08.547000,買い,109.22600,109.17600,1.00,-5.00,6518.80,水平線手前,損切,支持抵抗,0,109.22600
2021-09-01,2021-09-30,20260209_091034,20260209_091034-0083,2021-09-22 12:37:05.788000,2021-09-22 13:09:32.261000,売り,109.45600,109.50600,1.00,-5.00,6513.80,水平線手前,損切,支持抵抗,0,109.45600
2021-09-01,2021-09-30,20260209_091034,20260209_091034-0084,2021-09-22 13:03:59.345000,2021-09-22 14:08:33.284000,売り,109.49100,109.54100,1.00,-5.00,6508.80,水平線手前,損切,支持抵抗,0,109.49100
2021-09-01,2021-09-30,20260209_091034,20260209_091034-0085,2021-09-22 14:07:36.882000,2021-09-22 15:17:13.011000,売り,109.52300,109.57300,1.00,-5.00,6503.80,水平線手前,損切,支持抵抗,0,109.52300
2021-09-01,2021-09-30,20260209_091034,20260209_091034-0086,2021-09-22 16:00:01.141000,2021-09-22 16:47:44.618000,売り,109.57300,109.42300,1.00,15.00,6518.80,水平線手前,利確,支持抵抗,0,109.57300
2021-09-01,2021-09-30,20260209_091034,20260209_091034-0087,2021-09-22 15:17:18.572000,2021-09-22 21:55:26.769000,売り,109.57000,109.62000,1.00,-5.00,6513.80,水平線手前,損切,支持抵抗,0,109.57000
2021-09-01,2021-09-30,20260209_091034,20260209_091034-0088,2021-09-22 21:53:42.268000,2021-09-22 23:57:10.260000,売り,109.58400,109.63400,1.00,-5.00,6508.80,水平線手前,損切,支持抵抗,0,109.58400
2021-09-01,2021-09-30,20260209_091034,20260209_091034-0089,2021-09-22 22:02:48.432000,2021-09-22 23:57:41.021000,売り,109.59100,109.64100,1.00,-5.00,6503.80,水平線手前,損切,支持抵抗,0,109.59100
2021-09-01,2021-09-30,20260209_091034,20260209_091034-0090,2021-09-22 23:57:00.132000,2021-09-23 03:00:00.139000,売り,109.61400,109.66400,1.00,-5.00,6498.80,水平線手前,損切,支持抵抗,0,109.61400
2021-09-01,2021-09-30,20260209_091034,20260209_091034-0091,2021-09-23 03:49:04.846000,2021-09-23 11:08:52.157000,売り,109.86400,109.91400,1.00,-5.00,6493.80,水平線手前,損切,支持抵抗,0,109.86400
2021-09-01,2021-09-30,20260209_091034,20260209_091034-0092,2021-09-23 04:00:18.238000,2021-09-23 11:09:24.095000,売り,109.87100,109.92100,1.00,-5.00,6488.80,水平線手前,損切,支持抵抗,0,109.87100
2021-09-01,2021-09-30,20260209_091034,20260209_091034-0093,2021-09-23 11:03:29.598000,2021-09-23 16:10:06.416000,売り,109.89400,109.94400,1.00,-5.00,6483.80,水平線手前,損切,支持抵抗,0,109.89400
2021-09-01,2021-09-30,20260209_091034,20260209_091034-0094,2021-09-23 16:12:44.044000,2021-09-23 18:22:01.061000,売り,109.96000,110.01000,1.00,-5.00,6478.80,水平線手前,損切,支持抵抗,0,109.96000
2021-09-01,2021-09-30,20260209_091034,20260209_091034-0095,2021-09-23 18:08:56.484000,2021-09-23 19:12:42.926000,売り,109.97200,109.82200,1.00,15.00,6493.80,水平線手前,利確,支持抵抗,0,109.97200
2021-09-01,2021-09-30,20260209_091034,20260209_091034-0096,2021-09-23 19:12:51.451000,2021-09-23 20:29:11.928000,買い,109.78800,109.93800,1.00,15.00,6508.80,水平線手前,利確,支持抵抗,0,109.78800
2021-09-01,2021-09-30,20260209_091034,20260209_091034-0097,2021-09-23 20:48:13.056000,2021-09-23 21:23:48.015000,売り,110.00700,110.05700,1.00,-5.00,6503.80,水平線手前,損切,支持抵抗,0,110.00700
2021-09-01,2021-09-30,20260209_091034,20260209_091034-0098,2021-09-23 20:48:20.526000,2021-09-23 21:30:35.841000,売り,110.01500,110.06500,1.00,-5.00,6498.80,水平線手前,損切,支持抵抗,0,110.01500
2021-09-01,2021-09-30,20260209_091034,20260209_091034-0099,2021-09-23 21:50:58.430000,2021-09-23 22:30:44.137000,売り,110.07000,110.12000,1.00,-5.00,6493.80,水平線手前,損切,支持抵抗,0,110.07000
2021-09-01,2021-09-30,20260209_091034,20260209_091034-0100,2021-09-23 22:30:43.628000,2021-09-23 23:51:02.223000,売り,110.10500,110.15500,1.00,-5.00,6488.80,水平線手前,損切,支持抵抗,0,110.10500
2021-09-01,2021-09-30,20260209_091034,20260209_091034-0101,2021-09-23 23:14:41.103000,2021-09-24 00:07:18.454000,売り,110.11600,110.16600,1.00,-5.00,6483.80,水平線手前,損切,支持抵抗,0,110.11600
2021-09-01,2021-09-30,20260209_091034,20260209_091034-0102,2021-09-24 00:08:47.993000,2021-09-24 03:39:47.929000,売り,110.17100,110.22100,1.00,-5.00,6478.80,水平線手前,損切,支持抵抗,0,110.17100
2021-09-01,2021-09-30,20260209_091034,20260209_091034-0103,2021-09-24 04:01:44.270000,2021-09-24 04:45:25.191000,売り,110.24700,110.29700,1.00,-5.00,6473.80,水平線手前,損切,支持抵抗,0,110.24700
2021-09-01,2021-09-30,20260209_091034,20260209_091034-0104,2021-09-24 04:33:00.858000,2021-09-24 05:09:28.464000,売り,110.26200,110.31200,1.00,-5.00,6468.80,水平線手前,損切,支持抵抗,0,110.26200
2021-09-01,2021-09-30,20260209_091034,20260209_091034-0105,2021-09-24 15:20:06.093000,2021-09-24 17:10:26.258000,売り,110.54000,110.39000,1.00,15.00,6483.80,水平線手前,利確,支持抵抗,0,110.54000
2021-09-01,2021-09-30,20260209_091034,20260209_091034-0106,2021-09-24 21:27:04.318000,2021-09-24 22:17:03.747000,売り,110.55800,110.60800,1.00,-5.00,6478.80,水平線手前,損切,支持抵抗,0,110.55800
2021-09-01,2021-09-30,20260209_091034,20260209_091034-0107,2021-09-24 22:20:58.003000,2021-09-24 23:15:25.854000,売り,110.66700,110.71700,1.00,-5.00,6473.80,水平線手前,損切,支持抵抗,0,110.66700
2021-09-01,2021-09-30,20260209_091034,20260209_091034-0108,2021-09-24 23:16:28.491000,2021-09-25 01:51:07.121000,売り,110.71300,110.76300,1.00,-5.00,6468.80,水平線手前,損切,支持抵抗,0,110.71300
2021-09-01,2021-09-30,20260209_091034,20260209_091034-0109,2021-09-27 16:59:09.354000,2021-09-27 17:25:02.897000,売り,110.77600,110.82600,1.00,-5.00,6463.80,水平線手前,損切,支持抵抗,0,110.77600
2021-09-01,2021-09-30,20260209_091034,20260209_091034-0110,2021-09-27 17:34:44.682000,2021-09-27 18:31:08.700000,売り,110.91700,110.96700,1.00,-5.00,6458.80,水平線手前,損切,支持抵抗,0,110.91700
2021-09-01,2021-09-30,20260209_091034,20260209_091034-0111,2021-09-27 18:06:59.615000,2021-09-27 19:12:02.575000,売り,110.93900,110.98900,1.00,-5.00,6453.80,水平線手前,損切,支持抵抗,0,110.93900
2021-09-01,2021-09-30,20260209_091034,20260209_091034-0112,2021-09-27 19:03:09.229000,2021-09-27 20:33:32.042000,売り,110.95500,111.00500,1.00,-5.00,6448.80,水平線手前,損切,支持抵抗,0,110.95500
2021-09-01,2021-09-30,20260209_091034,20260209_091034-0113,2021-09-27 20:56:36.837000,2021-09-27 21:43:55.442000,売り,111.03500,110.88500,1.00,15.00,6463.80,水平線手前,利確,支持抵抗,0,111.03500
2021-09-01,2021-09-30,20260209_091034,20260209_091034-0114,2021-09-28 11:33:06.972000,2021-09-28 11:48:41.301000,売り,111.10300,111.15300,1.00,-5.00,6458.80,水平線手前,損切,支持抵抗,0,111.10300
2021-09-01,2021-09-30,20260209_091034,20260209_091034-0115,2021-09-28 11:48:44.309000,2021-09-28 12:25:44.252000,売り,111.16000,111.21000,1.00,-5.00,6453.80,水平線手前,損切,支持抵抗,0,111.16000
2021-09-01,2021-09-30,20260209_091034,20260209_091034-0116,2021-09-28 12:31:22.086000,2021-09-28 15:17:46.330000,売り,111.21200,111.26200,1.00,-5.00,6448.80,水平線手前,損切,支持抵抗,0,111.21200
2021-09-01,2021-09-30,20260209_091034,20260209_091034-0117,2021-09-28 15:39:20.094000,2021-09-28 16:06:01.644000,売り,111.35000,111.40000,1.00,-5.00,6443.80,水平線手前,損切,支持抵抗,0,111.35000
2021-09-01,2021-09-30,20260209_091034,20260209_091034-0118,2021-09-28 16:09:07.282000,2021-09-28 16:45:03.007000,売り,111.39300,111.24300,1.00,15.00,6458.80,水平線手前,利確,支持抵抗,0,111.39300
2021-09-01,2021-09-30,20260209_091034,20260209_091034-0119,2021-09-28 19:49:15.946000,2021-09-28 20:18:47.825000,売り,111.41700,111.46700,1.00,-5.00,6453.80,水平線手前,損切,支持抵抗,0,111.41700
2021-09-01,2021-09-30,20260209_091034,20260209_091034-0120,2021-09-28 20:00:05.816000,2021-09-28 21:11:02.378000,売り,111.43500,111.48500,1.00,-5.00,6448.80,水平線手前,損切,支持抵抗,0,111.43500
2021-09-01,2021-09-30,20260209_091034,20260209_091034-0121,2021-09-28 21:41:17.254000,2021-09-28 22:28:07.214000,売り,111.61200,111.46200,1.00,15.00,6463.80,水平線手前,利確,支持抵抗,0,111.61200
2021-09-01,2021-09-30,20260209_091034,20260209_091034-0122,2021-09-28 23:24:05.119000,2021-09-28 23:55:15.133000,買い,111.26900,111.41900,1.00,15.00,6478.80,水平線手前,利確,支持抵抗,0,111.26900
2021-09-01,2021-09-30,20260209_091034,20260209_091034-0123,2021-09-29 17:18:20.014000,2021-09-29 20:16:12.620000,買い,111.24400,111.39400,1.00,15.00,6493.80,水平線手前,利確,支持抵抗,0,111.24400
2021-09-01,2021-09-30,20260209_091034,20260209_091034-0124,2021-09-29 23:05:18.753000,2021-09-29 23:14:03.530000,売り,111.65200,111.70200,1.00,-5.00,6488.80,水平線手前,損切,支持抵抗,0,111.65200
2021-09-01,2021-09-30,20260209_091034,20260209_091034-0125,2021-09-29 23:46:09.682000,2021-09-30 01:56:42.763000,売り,111.89700,111.94700,1.00,-5.00,6483.80,水平線手前,損切,支持抵抗,0,111.89700
2021-09-01,2021-09-30,20260209_091034,20260209_091034-0126,2021-09-30 01:50:03.215000,2021-09-30 02:12:00.684000,売り,111.91700,111.96700,1.00,-5.00,6478.80,水平線手前,損切,支持抵抗,0,111.91700
2021-09-01,2021-09-30,20260209_091034,20260209_091034-0127,2021-09-30 02:23:23.562000,2021-09-30 09:31:08.372000,売り,112.01800,111.86800,1.00,15.00,6493.80,水平線手前,利確,支持抵抗,0,112.01800
2021-09-01,2021-09-30,20260209_091034,20260209_091034-0128,2021-09-30 16:02:20.953000,2021-09-30 16:07:08.268000,売り,112.01900,112.06900,1.00,-5.00,6488.80,水平線手前,損切,支持抵抗,0,112.01900
2021-09-01,2021-09-30,20260209_091034,20260209_091034-0129,2021-09-30 16:07:03.448000,2021-09-30 17:00:16.283000,売り,112.03000,111.88000,1.00,15.00,6503.80,水平線手前,利確,支持抵抗,0,112.03000
2021-09-01,2021-09-30,20260209_091034,20260209_091034-0130,2021-09-30 17:03:31.747000,2021-09-30 19:31:55.246000,買い,111.83300,111.98300,1.00,15.00,6518.80,水平線手前,利確,支持抵抗,0,111.83300
2021-09-01,2021-09-30,20260209_091034,20260209_091034-0131,2021-09-30 20:00:25.794000,2021-09-30 21:52:35.929000,売り,112.04800,111.89800,1.00,15.00,6533.80,水平線手前,利確,支持抵抗,0,112.04800
2021-09-01,2021-09-30,20260209_091034,20260209_091034-0132,2021-09-30 22:34:21.388000,2021-09-30 23:55:21.351000,買い,111.74500,111.69500,1.00,-5.00,6528.80,水平線手前,損切,支持抵抗,0,111.74500
2021-09-01,2021-09-30,20260209_091034,20260209_091034-0133,2021-09-30 23:56:21.565000,2021-09-30 23:59:58.665000,買い,111.58100,111.57700,1.00,-0.40,6528.40,水平線手前,終了,支持抵抗,0,111.58100
2021-10-01,2021-10-31,20260209_091108,20260209_091108-0001,2021-10-01 21:47:59.677000,2021-10-01 22:46:34.011000,買い,110.99900,110.94900,1.00,-5.00,6523.40,水平線手前,損切,支持抵抗,0,110.99900
2021-10-01,2021-10-31,20260209_091108,20260209_091108-0002,2021-10-01 22:46:51.051000,2021-10-01 23:00:20.635000,買い,110.94500,111.09500,1.00,15.00,6538.40,水平線手前,利確,支持抵抗,0,110.94500
2021-10-01,2021-10-31,20260209_091108,20260209_091108-0003,2021-10-04 16:33:00.476000,2021-10-04 17:37:51.036000,売り,111.17600,111.22600,1.00,-5.00,6533.40,水平線手前,損切,支持抵抗,0,111.17600
2021-10-01,2021-10-31,20260209_091108,20260209_091108-0004,2021-10-04 17:38:11.841000,2021-10-04 18:46:33.926000,売り,111.22000,111.27000,1.00,-5.00,6528.40,水平線手前,損切,支持抵抗,0,111.22000
2021-10-01,2021-10-31,20260209_091108,20260209_091108-0005,2021-10-04 18:19:31.618000,2021-10-04 19:17:35.405000,売り,111.23100,111.28100,1.00,-5.00,6523.40,水平線手前,損切,支持抵抗,0,111.23100
2021-10-01,2021-10-31,20260209_091108,20260209_091108-0006,2021-10-04 19:17:35.405000,2021-10-04 20:49:12.934000,売り,111.27300,111.12300,1.00,15.00,6538.40,水平線手前,利確,支持抵抗,0,111.27300
2021-10-01,2021-10-31,20260209_091108,20260209_091108-0007,2021-10-04 21:40:39.239000,2021-10-04 21:59:15.443000,買い,110.92300,111.07300,1.00,15.00,6553.40,水平線手前,利確,支持抵抗,0,110.92300
2021-10-01,2021-10-31,20260209_091108,20260209_091108-0008,2021-10-04 23:38:10.314000,2021-10-04 23:39:04.155000,買い,110.92300,110.87300,1.00,-5.00,6548.40,水平線手前,損切,支持抵抗,0,110.92300
2021-10-01,2021-10-31,20260209_091108,20260209_091108-0009,2021-10-04 23:39:19.264000,2021-10-05 10:16:59.911000,買い,110.86000,111.01000,1.00,15.00,6563.40,水平線手前,利確,支持抵抗,0,110.86000
2021-10-01,2021-10-31,20260209_091108,20260209_091108-0010,2021-10-05 20:20:55.924000,2021-10-05 20:21:12.925000,売り,111.27100,111.32100,1.00,-5.00,6558.40,水平線手前,損切,支持抵抗,0,111.27100
2021-10-01,2021-10-31,20260209_091108,20260209_091108-0011,2021-10-05 20:21:00.824000,2021-10-05 22:07:36.263000,売り,111.28300,111.33300,1.00,-5.00,6553.40,水平線手前,損切,支持抵抗,0,111.28300
2021-10-01,2021-10-31,20260209_091108,20260209_091108-0012,2021-10-05 22:30:37.741000,2021-10-05 23:04:49.527000,売り,111.39200,111.44200,1.00,-5.00,6548.40,水平線手前,損切,支持抵抗,0,111.39200
2021-10-01,2021-10-31,20260209_091108,20260209_091108-0013,2021-10-05 23:49:52.425000,2021-10-06 00:27:37.741000,売り,111.53200,111.38200,1.00,15.00,6563.40,水平線手前,利確,支持抵抗,0,111.53200
2021-10-01,2021-10-31,20260209_091108,20260209_091108-0014,2021-10-06 11:11:22.751000,2021-10-06 12:22:02.544000,売り,111.61700,111.66700,1.00,-5.00,6558.40,水平線手前,損切,支持抵抗,0,111.61700
2021-10-01,2021-10-31,20260209_091108,20260209_091108-0015,2021-10-06 13:19:03.337000,2021-10-06 15:31:33.787000,売り,111.74100,111.79100,1.00,-5.00,6553.40,水平線手前,損切,支持抵抗,0,111.74100
2021-10-01,2021-10-31,20260209_091108,20260209_091108-0016,2021-10-06 15:01:04.448000,2021-10-06 16:24:12.375000,売り,111.75700,111.60700,1.00,15.00,6568.40,水平線手前,利確,支持抵抗,0,111.75700
2021-10-01,2021-10-31,20260209_091108,20260209_091108-0017,2021-10-06 14:02:12.706000,2021-10-06 17:04:52.401000,売り,111.74800,111.59800,1.00,15.00,6583.40,水平線手前,利確,支持抵抗,0,111.74800
2021-10-01,2021-10-31,20260209_091108,20260209_091108-0018,2021-10-06 19:32:02.342000,2021-10-06 21:00:40.022000,買い,111.38900,111.33900,1.00,-5.00,6578.40,水平線手前,損切,支持抵抗,0,111.38900
2021-10-01,2021-10-31,20260209_091108,20260209_091108-0019,2021-10-06 20:56:06.780000,2021-10-06 21:00:41.236000,買い,111.38500,111.33500,1.00,-5.00,6573.40,水平線手前,損切,支持抵抗,0,111.38500
2021-10-01,2021-10-31,20260209_091108,20260209_091108-0020,2021-10-06 21:08:05.977000,2021-10-06 23:01:06.760000,買い,111.31700,111.26700,1.00,-5.00,6568.40,水平線手前,損切,支持抵抗,0,111.31700
2021-10-01,2021-10-31,20260209_091108,20260209_091108-0021,2021-10-06 23:17:27.235000,2021-10-07 00:28:51.695000,買い,111.23900,111.38900,1.00,15.00,6583.40,水平線手前,利確,支持抵抗,0,111.23900
2021-10-01,2021-10-31,20260209_091108,20260209_091108-0022,2021-10-07 16:20:18.074000,2021-10-07 17:45:19.906000,買い,111.23800,111.38800,1.00,15.00,6598.40,水平線手前,利確,支持抵抗,0,111.23800
2021-10-01,2021-10-31,20260209_091108,20260209_091108-0023,2021-10-07 18:17:15.270000,2021-10-07 18:26:03.057000,売り,111.48200,111.53200,1.00,-5.00,6593.40,水平線手前,損切,支持抵抗,0,111.48200
2021-10-01,2021-10-31,20260209_091108,20260209_091108-0024,2021-10-07 18:17:29.402000,2021-10-07 20:14:05.759000,売り,111.49700,111.34700,1.00,15.00,6608.40,水平線手前,利確,支持抵抗,0,111.49700
2021-10-01,2021-10-31,20260209_091108,20260209_091108-0025,2021-10-07 22:03:18.488000,2021-10-08 01:29:50.005000,売り,111.52100,111.57100,1.00,-5.00,6603.40,水平線手前,損切,支持抵抗,0,111.52100
2021-10-01,2021-10-31,20260209_091108,20260209_091108-0026,2021-10-08 01:40:47.675000,2021-10-08 03:32:02.481000,売り,111.59600,111.64600,1.00,-5.00,6598.40,水平線手前,損切,支持抵抗,0,111.59600
2021-10-01,2021-10-31,20260209_091108,20260209_091108-0027,2021-10-08 03:00:53.122000,2021-10-08 03:41:17.088000,売り,111.59900,111.64900,1.00,-5.00,6593.40,水平線手前,損切,支持抵抗,0,111.59900
2021-10-01,2021-10-31,20260209_091108,20260209_091108-0028,2021-10-08 03:04:12.738000,2021-10-08 07:56:39.194000,売り,111.61300,111.66300,1.00,-5.00,6588.40,水平線手前,損切,支持抵抗,0,111.61300
2021-10-01,2021-10-31,20260209_091108,20260209_091108-0029,2021-10-08 11:00:44.410000,2021-10-08 11:19:42.075000,売り,111.84400,111.89400,1.00,-5.00,6583.40,水平線手前,損切,支持抵抗,0,111.84400
2021-10-01,2021-10-31,20260209_091108,20260209_091108-0030,2021-10-08 11:10:15.346000,2021-10-08 13:45:55.470000,売り,111.86500,111.91500,1.00,-5.00,6578.40,水平線手前,損切,支持抵抗,0,111.86500
2021-10-01,2021-10-31,20260209_091108,20260209_091108-0031,2021-10-08 16:15:23.296000,2021-10-08 19:58:09.274000,売り,111.96200,111.81200,1.00,15.00,6593.40,水平線手前,利確,支持抵抗,0,111.96200
2021-10-01,2021-10-31,20260209_091108,20260209_091108-0032,2021-10-08 23:31:01.153000,2021-10-08 23:41:25.627000,売り,111.96900,112.01900,1.00,-5.00,6588.40,水平線手前,損切,支持抵抗,0,111.96900
2021-10-01,2021-10-31,20260209_091108,20260209_091108-0033,2021-10-08 23:41:25.679000,2021-10-09 00:23:36.184000,売り,112.01600,112.06600,1.00,-5.00,6583.40,水平線手前,損切,支持抵抗,0,112.01600
2021-10-01,2021-10-31,20260209_091108,20260209_091108-0034,2021-10-09 00:31:26.757000,2021-10-09 01:27:22.233000,売り,112.14700,112.19700,1.00,-5.00,6578.40,水平線手前,損切,支持抵抗,0,112.14700
2021-10-01,2021-10-31,20260209_091108,20260209_091108-0035,2021-10-09 01:27:16.727000,2021-10-09 02:06:16.048000,売り,112.18200,112.23200,1.00,-5.00,6573.40,水平線手前,損切,支持抵抗,0,112.18200
2021-10-01,2021-10-31,20260209_091108,20260209_091108-0036,2021-10-09 02:05:59.237000,2021-10-11 07:12:32.242000,売り,112.21700,112.26700,1.00,-5.00,6568.40,水平線手前,損切,支持抵抗,0,112.21700
2021-10-01,2021-10-31,20260209_091108,20260209_091108-0037,2021-10-11 11:00:59.932000,2021-10-11 11:22:07.592000,売り,112.38200,112.43200,1.00,-5.00,6563.40,水平線手前,損切,支持抵抗,0,112.38200
2021-10-01,2021-10-31,20260209_091108,20260209_091108-0038,2021-10-11 11:43:30.444000,2021-10-11 12:02:09.022000,売り,112.52400,112.57400,1.00,-5.00,6558.40,水平線手前,損切,支持抵抗,0,112.52400
2021-10-01,2021-10-31,20260209_091108,20260209_091108-0039,2021-10-11 12:27:41.023000,2021-10-11 14:45:45.356000,売り,112.69100,112.74100,1.00,-5.00,6553.40,水平線手前,損切,支持抵抗,0,112.69100
2021-10-01,2021-10-31,20260209_091108,20260209_091108-0040,2021-10-11 14:45:20.375000,2021-10-11 16:01:42.914000,売り,112.72000,112.77000,1.00,-5.00,6548.40,水平線手前,損切,支持抵抗,0,112.72000
2021-10-01,2021-10-31,20260209_091108,20260209_091108-0041,2021-10-11 16:03:23.049000,2021-10-11 17:03:12.976000,売り,112.81500,112.86500,1.00,-5.00,6543.40,水平線手前,損切,支持抵抗,0,112.81500
2021-10-01,2021-10-31,20260209_091108,20260209_091108-0042,2021-10-11 17:16:27.948000,2021-10-11 18:16:43.797000,売り,112.92400,112.97400,1.00,-5.00,6538.40,水平線手前,損切,支持抵抗,0,112.92400
2021-10-01,2021-10-31,20260209_091108,20260209_091108-0043,2021-10-11 18:30:17.170000,2021-10-11 21:23:03.298000,売り,113.00400,113.05400,1.00,-5.00,6533.40,水平線手前,損切,支持抵抗,0,113.00400
2021-10-01,2021-10-31,20260209_091108,20260209_091108-0044,2021-10-11 21:32:20.860000,2021-10-11 22:25:57.301000,売り,113.21400,113.06400,1.00,15.00,6548.40,水平線手前,利確,支持抵抗,0,113.21400
2021-10-01,2021-10-31,20260209_091108,20260209_091108-0045,2021-10-11 23:48:26.958000,2021-10-12 00:52:23.342000,売り,113.31200,113.36200,1.00,-5.00,6543.40,水平線手前,損切,支持抵抗,0,113.31200
2021-10-01,2021-10-31,20260209_091108,20260209_091108-0046,2021-10-12 00:45:34.094000,2021-10-12 01:00:58.485000,売り,113.34600,113.39600,1.00,-5.00,6538.40,水平線手前,損切,支持抵抗,0,113.34600
2021-10-01,2021-10-31,20260209_091108,20260209_091108-0047,2021-10-12 01:00:58.384000,2021-10-12 06:10:01.324000,売り,113.38200,113.23200,1.00,15.00,6553.40,水平線手前,利確,支持抵抗,0,113.38200
2021-10-01,2021-10-31,20260209_091108,20260209_091108-0048,2021-10-12 21:25:24.620000,2021-10-12 21:27:02.285000,売り,113.45600,113.50600,1.00,-5.00,6548.40,水平線手前,損切,支持抵抗,0,113.45600
2021-10-01,2021-10-31,20260209_091108,20260209_091108-0049,2021-10-12 21:38:53.401000,2021-10-12 22:06:57.979000,売り,113.76000,113.61000,1.00,15.00,6563.40,水平線手前,利確,支持抵抗,0,113.76000
2021-10-01,2021-10-31,20260209_091108,20260209_091108-0050,2021-10-13 11:03:47.745000,2021-10-13 14:13:20.639000,買い,113.38700,113.53700,1.00,15.00,6578.40,水平線手前,利確,支持抵抗,0,113.38700
2021-10-01,2021-10-31,20260209_091108,20260209_091108-0051,2021-10-13 11:03:09.396000,2021-10-13 16:00:27.658000,買い,113.39500,113.54500,1.00,15.00,6593.40,水平線手前,利確,支持抵抗,0,113.39500
2021-10-01,2021-10-31,20260209_091108,20260209_091108-0052,2021-10-13 17:00:23.357000,2021-10-13 21:34:00.946000,売り,113.58500,113.63500,1.00,-5.00,6588.40,水平線手前,損切,支持抵抗,0,113.58500
2021-10-01,2021-10-31,20260209_091108,20260209_091108-0053,2021-10-13 21:39:58.538000,2021-10-13 21:54:03.413000,売り,113.77500,113.62500,1.00,15.00,6603.40,水平線手前,利確,支持抵抗,0,113.77500
2021-10-01,2021-10-31,20260209_091108,20260209_091108-0054,2021-10-13 22:31:29.418000,2021-10-13 23:21:34.826000,買い,113.37900,113.32900,1.00,-5.00,6598.40,水平線手前,損切,支持抵抗,0,113.37900
2021-10-01,2021-10-31,20260209_091108,20260209_091108-0055,2021-10-13 23:50:03.625000,2021-10-14 00:18:39.328000,買い,113.26800,113.41800,1.00,15.00,6613.40,水平線手前,利確,支持抵抗,0,113.26800
2021-10-01,2021-10-31,20260209_091108,20260209_091108-0056,2021-10-14 11:00:33.420000,2021-10-14 12:15:14.901000,売り,113.51200,113.56200,1.00,-5.00,6608.40,水平線手前,損切,支持抵抗,0,113.51200
2021-10-01,2021-10-31,20260209_091108,20260209_091108-0057,2021-10-14 12:15:14.850000,2021-10-14 14:21:40.286000,売り,113.54900,113.59900,1.00,-5.00,6603.40,水平線手前,損切,支持抵抗,0,113.54900
2021-10-01,2021-10-31,20260209_091108,20260209_091108-0058,2021-10-14 19:07:04.808000,2021-10-14 21:14:07.838000,買い,113.31600,113.46600,1.00,15.00,6618.40,水平線手前,利確,支持抵抗,0,113.31600
2021-10-01,2021-10-31,20260209_091108,20260209_091108-0059,2021-10-14 22:33:28.053000,2021-10-14 22:37:16.121000,売り,113.56200,113.61200,1.00,-5.00,6613.40,水平線手前,損切,支持抵抗,0,113.56200
2021-10-01,2021-10-31,20260209_091108,20260209_091108-0060,2021-10-14 22:42:00.958000,2021-10-14 23:41:05.560000,売り,113.62800,113.67800,1.00,-5.00,6608.40,水平線手前,損切,支持抵抗,0,113.62800
2021-10-01,2021-10-31,20260209_091108,20260209_091108-0061,2021-10-14 23:47:06.097000,2021-10-15 01:15:34.310000,売り,113.68800,113.53800,1.00,15.00,6623.40,水平線手前,利確,支持抵抗,0,113.68800
2021-10-01,2021-10-31,20260209_091108,20260209_091108-0062,2021-10-15 11:09:22.303000,2021-10-15 11:40:29.825000,売り,113.89500,113.94500,1.00,-5.00,6618.40,水平線手前,損切,支持抵抗,0,113.89500
2021-10-01,2021-10-31,20260209_091108,20260209_091108-0063,2021-10-15 11:37:59.521000,2021-10-15 13:32:18.095000,売り,113.91800,113.96800,1.00,-5.00,6613.40,水平線手前,損切,支持抵抗,0,113.91800
2021-10-01,2021-10-31,20260209_091108,20260209_091108-0064,2021-10-15 15:00:09.522000,2021-10-15 15:41:51.970000,売り,114.13700,113.98700,1.00,15.00,6628.40,水平線手前,利確,支持抵抗,0,114.13700
2021-10-01,2021-10-31,20260209_091108,20260209_091108-0065,2021-10-15 14:49:16.556000,2021-10-15 15:42:05.755000,売り,114.13400,113.98400,1.00,15.00,6643.40,水平線手前,利確,支持抵抗,0,114.13400
2021-10-01,2021-10-31,20260209_091108,20260209_091108-0066,2021-10-15 16:16:30.451000,2021-10-15 17:38:12.888000,売り,114.14700,114.19700,1.00,-5.00,6638.40,水平線手前,損切,支持抵抗,0,114.14700
2021-10-01,2021-10-31,20260209_091108,20260209_091108-0067,2021-10-15 17:54:45.727000,2021-10-15 18:06:13.362000,売り,114.28500,114.33500,1.00,-5.00,6633.40,水平線手前,損切,支持抵抗,0,114.28500
2021-10-01,2021-10-31,20260209_091108,20260209_091108-0068,2021-10-15 18:18:06.840000,2021-10-15 21:50:52.534000,売り,114.37400,114.42400,1.00,-5.00,6628.40,水平線手前,損切,支持抵抗,0,114.37400
2021-10-01,2021-10-31,20260209_091108,20260209_091108-0069,2021-10-15 21:55:15.118000,2021-10-15 23:29:10.026000,売り,114.43200,114.28200,1.00,15.00,6643.40,水平線手前,利確,支持抵抗,0,114.43200
2021-10-01,2021-10-31,20260209_091108,20260209_091108-0070,2021-10-18 11:02:30.475000,2021-10-18 12:07:29.643000,買い,114.05300,114.20300,1.00,15.00,6658.40,水平線手前,利確,支持抵抗,0,114.05300
2021-10-01,2021-10-31,20260209_091108,20260209_091108-0071,2021-10-18 12:46:18.283000,2021-10-18 15:00:20.251000,売り,114.43400,114.28400,1.00,15.00,6673.40,水平線手前,利確,支持抵抗,0,114.43400
2021-10-01,2021-10-31,20260209_091108,20260209_091108-0072,2021-10-18 16:16:37.173000,2021-10-18 16:35:44.262000,売り,114.42100,114.27100,1.00,15.00,6688.40,水平線手前,利確,支持抵抗,0,114.42100
2021-10-01,2021-10-31,20260209_091108,20260209_091108-0073,2021-10-18 21:10:23.069000,2021-10-18 21:45:34.777000,買い,114.16100,114.31100,1.00,15.00,6703.40,水平線手前,利確,支持抵抗,0,114.16100
2021-10-01,2021-10-31,20260209_091108,20260209_091108-0074,2021-10-19 15:32:15.164000,2021-10-19 16:24:26.720000,買い,113.98900,113.93900,1.00,-5.00,6698.40,水平線手前,損切,支持抵抗,0,113.98900
2021-10-01,2021-10-31,20260209_091108,20260209_091108-0075,2021-10-19 16:24:27.228000,2021-10-19 18:27:41.785000,買い,113.91800,114.06800,1.00,15.00,6713.40,水平線手前,利確,支持抵抗,0,113.91800
2021-10-01,2021-10-31,20260209_091108,20260209_091108-0076,2021-10-20 21:02:18.080000,2021-10-20 21:03:42.285000,買い,114.32900,114.27900,1.00,-5.00,6708.40,水平線手前,損切,支持抵抗,0,114.32900
2021-10-01,2021-10-31,20260209_091108,20260209_091108-0077,2021-10-20 21:40:01.088000,2021-10-20 22:07:17.063000,買い,114.17600,114.12600,1.00,-5.00,6703.40,水平線手前,損切,支持抵抗,0,114.17600
2021-10-01,2021-10-31,20260209_091108,20260209_091108-0078,2021-10-20 22:07:08.533000,2021-10-20 22:29:35.637000,買い,114.16200,114.31200,1.00,15.00,6718.40,水平線手前,利確,支持抵抗,0,114.16200
2021-10-01,2021-10-31,20260209_091108,20260209_091108-0079,2021-10-21 02:02:00.130000,2021-10-21 04:06:51.704000,買い,114.11700,114.26700,1.00,15.00,6733.40,水平線手前,利確,支持抵抗,0,114.11700
2021-10-01,2021-10-31,20260209_091108,20260209_091108-0080,2021-10-21 01:48:49.344000,2021-10-21 04:07:39.317000,買い,114.12500,114.27500,1.00,15.00,6748.40,水平線手前,利確,支持抵抗,0,114.12500
2021-10-01,2021-10-31,20260209_091108,20260209_091108-0081,2021-10-21 13:34:06.615000,2021-10-21 15:44:42.743000,買い,113.98200,113.93200,1.00,-5.00,6743.40,水平線手前,損切,支持抵抗,0,113.98200
2021-10-01,2021-10-31,20260209_091108,20260209_091108-0082,2021-10-21 15:56:23.700000,2021-10-21 16:09:58.249000,買い,113.91800,114.06800,1.00,15.00,6758.40,水平線手前,利確,支持抵抗,0,113.91800
2021-10-01,2021-10-31,20260209_091108,20260209_091108-0083,2021-10-21 15:41:03.967000,2021-10-21 16:33:40.704000,買い,113.94700,114.09700,1.00,15.00,6773.40,水平線手前,利確,支持抵抗,0,113.94700
2021-10-01,2021-10-31,20260209_091108,20260209_091108-0084,2021-10-21 21:53:06.377000,2021-10-21 22:15:29.971000,買い,113.88400,113.83400,1.00,-5.00,6768.40,水平線手前,損切,支持抵抗,0,113.88400
2021-10-01,2021-10-31,20260209_091108,20260209_091108-0085,2021-10-21 22:35:14.187000,2021-10-21 23:00:35.487000,買い,113.68500,113.83500,1.00,15.00,6783.40,水平線手前,利確,支持抵抗,0,113.68500
2021-10-01,2021-10-31,20260209_091108,20260209_091108-0086,2021-10-21 22:35:14.051000,2021-10-21 23:00:36.337000,買い,113.68800,113.83800,1.00,15.00,6798.40,水平線手前,利確,支持抵抗,0,113.68800
2021-10-01,2021-10-31,20260209_091108,20260209_091108-0087,2021-10-22 23:23:18.597000,2021-10-22 23:26:22.575000,買い,113.71600,113.66600,1.00,-5.00,6793.40,水平線手前,損切,支持抵抗,0,113.71600
2021-10-01,2021-10-31,20260209_091108,20260209_091108-0088,2021-10-22 23:42:38.243000,2021-10-23 00:14:43.709000,買い,113.60900,113.75900,1.00,15.00,6808.40,水平線手前,利確,支持抵抗,0,113.60900
2021-10-01,2021-10-31,20260209_091108,20260209_091108-0089,2021-10-23 00:50:58.157000,2021-10-23 01:25:23.890000,買い,113.54200,113.49200,1.00,-5.00,6803.40,水平線手前,損切,支持抵抗,0,113.54200
2021-10-01,2021-10-31,20260209_091108,20260209_091108-0090,2021-10-23 01:28:53.283000,2021-10-23 03:57:44.372000,買い,113.47300,113.42300,1.00,-5.00,6798.40,水平線手前,損切,支持抵抗,0,113.47300
2021-10-01,2021-10-31,20260209_091108,20260209_091108-0091,2021-10-23 03:55:56.189000,2021-10-25 08:21:36.527000,買い,113.45200,113.60200,1.00,15.00,6813.40,水平線手前,利確,支持抵抗,0,113.45200
2021-10-01,2021-10-31,20260209_091108,20260209_091108-0092,2021-10-25 11:55:14.662000,2021-10-25 12:52:45.334000,売り,113.79700,113.64700,1.00,15.00,6828.40,水平線手前,利確,支持抵抗,0,113.79700
2021-10-01,2021-10-31,20260209_091108,20260209_091108-0093,2021-10-25 21:57:57.524000,2021-10-25 22:19:24.796000,売り,113.89200,113.74200,1.00,15.00,6843.40,水平線手前,利確,支持抵抗,0,113.89200
2021-10-01,2021-10-31,20260209_091108,20260209_091108-0094,2021-10-26 11:35:00.783000,2021-10-26 11:47:58.796000,売り,113.89200,113.94200,1.00,-5.00,6838.40,水平線手前,損切,支持抵抗,0,113.89200
2021-10-01,2021-10-31,20260209_091108,20260209_091108-0095,2021-10-26 11:47:28.470000,2021-10-26 13:28:28.843000,売り,113.91100,113.96100,1.00,-5.00,6833.40,水平線手前,損切,支持抵抗,0,113.91100
2021-10-01,2021-10-31,20260209_091108,20260209_091108-0096,2021-10-26 12:14:49.269000,2021-10-26 13:32:49.909000,売り,113.91900,113.96900,1.00,-5.00,6828.40,水平線手前,損切,支持抵抗,0,113.91900
2021-10-01,2021-10-31,20260209_091108,20260209_091108-0097,2021-10-26 16:37:43.209000,2021-10-26 21:21:30.430000,売り,114.05000,114.10000,1.00,-5.00,6823.40,水平線手前,損切,支持抵抗,0,114.05000
2021-10-01,2021-10-31,20260209_091108,20260209_091108-0098,2021-10-26 21:39:11.218000,2021-10-26 22:35:42.497000,売り,114.15600,114.20600,1.00,-5.00,6818.40,水平線手前,損切,支持抵抗,0,114.15600
2021-10-01,2021-10-31,20260209_091108,20260209_091108-0099,2021-10-26 22:32:55.388000,2021-10-26 23:01:43.910000,売り,114.17300,114.22300,1.00,-5.00,6813.40,水平線手前,損切,支持抵抗,0,114.17300
2021-10-01,2021-10-31,20260209_091108,20260209_091108-0100,2021-10-26 21:40:02.819000,2021-10-26 23:01:45.430000,売り,114.17600,114.22600,1.00,-5.00,6808.40,水平線手前,損切,支持抵抗,0,114.17600
2021-10-01,2021-10-31,20260209_091108,20260209_091108-0101,2021-10-26 21:40:31.467000,2021-10-26 23:01:46.747000,売り,114.18300,114.23300,1.00,-5.00,6803.40,水平線手前,損切,支持抵抗,0,114.18300
2021-10-01,2021-10-31,20260209_091108,20260209_091108-0102,2021-10-26 23:22:35.932000,2021-10-27 02:11:25.521000,売り,114.29300,114.14300,1.00,15.00,6818.40,水平線手前,利確,支持抵抗,0,114.29300
2021-10-01,2021-10-31,20260209_091108,20260209_091108-0103,2021-10-27 16:54:41.038000,2021-10-27 17:48:01.681000,買い,113.71500,113.66500,1.00,-5.00,6813.40,水平線手前,損切,支持抵抗,0,113.71500
2021-10-01,2021-10-31,20260209_091108,20260209_091108-0104,2021-10-27 16:54:49.493000,2021-10-27 17:54:48.238000,買い,113.70400,113.65400,1.00,-5.00,6808.40,水平線手前,損切,支持抵抗,0,113.70400
2021-10-01,2021-10-31,20260209_091108,20260209_091108-0105,2021-10-27 17:42:40.851000,2021-10-27 18:01:36.623000,買い,113.68100,113.63100,1.00,-5.00,6803.40,水平線手前,損切,支持抵抗,0,113.68100
2021-10-01,2021-10-31,20260209_091108,20260209_091108-0106,2021-10-27 18:10:21.870000,2021-10-27 19:02:13.921000,買い,113.55300,113.70300,1.00,15.00,6818.40,水平線手前,利確,支持抵抗,0,113.55300
2021-10-01,2021-10-31,20260209_091108,20260209_091108-0107,2021-10-27 18:07:03.965000,2021-10-27 19:08:27.251000,買い,113.57700,113.72700,1.00,15.00,6833.40,水平線手前,利確,支持抵抗,0,113.57700
2021-10-01,2021-10-31,20260209_091108,20260209_091108-0108,2021-10-27 22:38:01.162000,2021-10-27 22:42:34.671000,買い,113.45300,113.40300,1.00,-5.00,6828.40,水平線手前,損切,支持抵抗,0,113.45300
2021-10-01,2021-10-31,20260209_091108,20260209_091108-0109,2021-10-27 22:38:16.087000,2021-10-27 22:42:34.671000,買い,113.45300,113.40300,1.00,-5.00,6823.40,水平線手前,損切,支持抵抗,0,113.45300
2021-10-01,2021-10-31,20260209_091108,20260209_091108-0110,2021-10-27 22:42:19.921000,2021-10-27 23:00:29.248000,買い,113.42700,113.57700,1.00,15.00,6838.40,水平線手前,利確,支持抵抗,0,113.42700
2021-10-01,2021-10-31,20260209_091108,20260209_091108-0111,2021-10-28 11:00:18.224000,2021-10-28 11:01:25.696000,買い,113.67500,113.62500,1.00,-5.00,6833.40,水平線手前,損切,支持抵抗,0,113.67500
2021-10-01,2021-10-31,20260209_091108,20260209_091108-0112,2021-10-28 11:03:28.237000,2021-10-28 13:24:12.051000,買い,113.58600,113.53600,1.00,-5.00,6828.40,水平線手前,損切,支持抵抗,0,113.58600
2021-10-01,2021-10-31,20260209_091108,20260209_091108-0113,2021-10-28 13:24:25.267000,2021-10-28 15:58:47.006000,買い,113.54100,113.69100,1.00,15.00,6843.40,水平線手前,利確,支持抵抗,0,113.54100
2021-10-01,2021-10-31,20260209_091108,20260209_091108-0114,2021-10-28 20:34:04.843000,2021-10-28 21:59:21.445000,買い,113.53700,113.68700,1.00,15.00,6858.40,水平線手前,利確,支持抵抗,0,113.53700
2021-10-01,2021-10-31,20260209_091108,20260209_091108-0115,2021-10-28 22:32:06.675000,2021-10-28 23:07:23.610000,買い,113.39300,113.34300,1.00,-5.00,6853.40,水平線手前,損切,支持抵抗,0,113.39300
2021-10-01,2021-10-31,20260209_091108,20260209_091108-0116,2021-10-28 23:07:23.610000,2021-10-29 00:29:22.186000,買い,113.34700,113.29700,1.00,-5.00,6848.40,水平線手前,損切,支持抵抗,0,113.34700
2021-10-01,2021-10-31,20260209_091108,20260209_091108-0117,2021-10-29 00:29:27.899000,2021-10-29 01:57:31.869000,買い,113.29300,113.44300,1.00,15.00,6863.40,水平線手前,利確,支持抵抗,0,113.29300
2021-10-01,2021-10-31,20260209_091108,20260209_091108-0118,2021-10-29 17:19:50.937000,2021-10-29 17:34:37.056000,売り,113.68800,113.73800,1.00,-5.00,6858.40,水平線手前,損切,支持抵抗,0,113.68800
2021-10-01,2021-10-31,20260209_091108,20260209_091108-0119,2021-10-29 17:20:24.007000,2021-10-29 18:07:01.937000,売り,113.71400,113.76400,1.00,-5.00,6853.40,水平線手前,損切,支持抵抗,0,113.71400
2021-10-01,2021-10-31,20260209_091108,20260209_091108-0120,2021-10-29 18:07:01.835000,2021-10-29 20:28:20.619000,売り,113.75100,113.80100,1.00,-5.00,6848.40,水平線手前,損切,支持抵抗,0,113.75100
2021-10-01,2021-10-31,20260209_091108,20260209_091108-0121,2021-10-29 20:28:06.807000,2021-10-29 20:31:51.637000,売り,113.78400,113.83400,1.00,-5.00,6843.40,水平線手前,損切,支持抵抗,0,113.78400
2021-10-01,2021-10-31,20260209_091108,20260209_091108-0122,2021-10-29 20:38:48.933000,2021-10-29 21:05:30.639000,売り,113.86100,113.91100,1.00,-5.00,6838.40,水平線手前,損切,支持抵抗,0,113.86100
2021-10-01,2021-10-31,20260209_091108,20260209_091108-0123,2021-10-29 21:05:44.424000,2021-10-29 22:23:08.486000,売り,113.90700,113.95700,1.00,-5.00,6833.40,水平線手前,損切,支持抵抗,0,113.90700
2021-10-01,2021-10-31,20260209_091108,20260209_091108-0124,2021-10-29 22:23:10.422000,2021-10-29 23:08:39.219000,売り,113.95100,113.80100,1.00,15.00,6848.40,水平線手前,利確,支持抵抗,0,113.95100
2021-10-01,2021-10-31,20260209_091108,20260209_091108-0125,2021-10-29 23:09:03.527000,2021-10-29 23:27:02.245000,買い,113.75900,113.90900,1.00,15.00,6863.40,水平線手前,利確,支持抵抗,0,113.75900
2021-10-01,2021-10-31,20260209_091108,20260209_091108-0126,2021-10-29 23:58:29.971000,2021-10-30 00:04:51.708000,売り,114.01700,114.06700,1.00,-5.00,6858.40,水平線手前,損切,支持抵抗,0,114.01700
2021-10-01,2021-10-31,20260209_091108,20260209_091108-0127,2021-10-30 00:05:04.313000,2021-10-30 03:32:57.016000,売り,114.06800,113.91800,1.00,15.00,6873.40,水平線手前,利確,支持抵抗,0,114.06800
2021-10-01,2021-10-31,20260209_091108,20260209_091108-0128,2021-10-30 01:02:33.666000,2021-10-30 03:32:57.016000,売り,114.06500,113.91500,1.00,15.00,6888.40,水平線手前,利確,支持抵抗,0,114.06500
2021-10-01,2021-10-31,20260209_091108,20260209_091108-0129,2021-10-30 00:04:51.708000,2021-10-30 03:33:10.097000,売り,114.05800,113.90800,1.00,15.00,6903.40,水平線手前,利確,支持抵抗,0,114.05800
2021-11-01,2021-11-30,20260209_091147,20260209_091147-0001,2021-11-02 13:41:13.911000,2021-11-02 16:06:05.074000,買い,113.63500,113.58500,1.00,-5.00,6898.40,水平線手前,損切,支持抵抗,0,113.63500
2021-11-01,2021-11-30,20260209_091147,20260209_091147-0002,2021-11-02 16:04:29.764000,2021-11-02 17:54:56.177000,買い,113.61900,113.56900,1.00,-5.00,6893.40,水平線手前,損切,支持抵抗,0,113.61900
2021-11-01,2021-11-30,20260209_091147,20260209_091147-0003,2021-11-02 17:58:30.814000,2021-11-02 18:02:01.925000,買い,113.54400,113.49400,1.00,-5.00,6888.40,水平線手前,損切,支持抵抗,0,113.54400
2021-11-01,2021-11-30,20260209_091147,20260209_091147-0004,2021-11-02 18:02:01.925000,2021-11-02 20:21:34.930000,買い,113.49800,113.64800,1.00,15.00,6903.40,水平線手前,利確,支持抵抗,0,113.49800
2021-11-01,2021-11-30,20260209_091147,20260209_091147-0005,2021-11-03 01:34:40.029000,2021-11-03 04:11:16.923000,売り,113.93800,113.98800,1.00,-5.00,6898.40,水平線手前,損切,支持抵抗,0,113.93800
2021-11-01,2021-11-30,20260209_091147,20260209_091147-0006,2021-11-03 04:00:00.186000,2021-11-03 07:41:05.921000,売り,113.95400,114.00400,1.00,-5.00,6893.40,水平線手前,損切,支持抵抗,0,113.95400
2021-11-01,2021-11-30,20260209_091147,20260209_091147-0007,2021-11-03 20:49:20.806000,2021-11-03 21:03:36.730000,買い,113.78300,113.73300,1.00,-5.00,6888.40,水平線手前,損切,支持抵抗,0,113.78300
2021-11-01,2021-11-30,20260209_091147,20260209_091147-0008,2021-11-03 21:03:25.791000,2021-11-03 22:13:06.953000,買い,113.75900,113.90900,1.00,15.00,6903.40,水平線手前,利確,支持抵抗,0,113.75900
2021-11-01,2021-11-30,20260209_091147,20260209_091147-0009,2021-11-03 22:24:50.227000,2021-11-03 23:00:00.973000,売り,113.97800,114.02800,1.00,-5.00,6898.40,水平線手前,損切,支持抵抗,0,113.97800
2021-11-01,2021-11-30,20260209_091147,20260209_091147-0010,2021-11-03 22:25:01.050000,2021-11-03 23:00:00.973000,売り,113.97800,114.02800,1.00,-5.00,6893.40,水平線手前,損切,支持抵抗,0,113.97800
2021-11-01,2021-11-30,20260209_091147,20260209_091147-0011,2021-11-03 23:19:07.919000,2021-11-04 02:57:46.686000,売り,114.11900,113.96900,1.00,15.00,6908.40,水平線手前,利確,支持抵抗,0,114.11900
2021-11-01,2021-11-30,20260209_091147,20260209_091147-0012,2021-11-04 03:33:05.363000,2021-11-04 03:48:10.446000,売り,114.18700,114.03700,1.00,15.00,6923.40,水平線手前,利確,支持抵抗,0,114.18700
2021-11-01,2021-11-30,20260209_091147,20260209_091147-0013,2021-11-04 11:00:06.521000,2021-11-04 16:10:23.489000,売り,114.21000,114.26000,1.00,-5.00,6918.40,水平線手前,損切,支持抵抗,0,114.21000
2021-11-01,2021-11-30,20260209_091147,20260209_091147-0014,2021-11-04 11:00:13.521000,2021-11-04 16:10:24.923000,売り,114.21300,114.26300,1.00,-5.00,6913.40,水平線手前,損切,支持抵抗,0,114.21300
2021-11-01,2021-11-30,20260209_091147,20260209_091147-0015,2021-11-04 16:08:50.736000,2021-11-04 17:22:33.740000,売り,114.24700,114.09700,1.00,15.00,6928.40,水平線手前,利確,支持抵抗,0,114.24700
2021-11-01,2021-11-30,20260209_091147,20260209_091147-0016,2021-11-04 20:15:17.672000,2021-11-04 21:00:13.948000,買い,113.81300,113.76300,1.00,-5.00,6923.40,水平線手前,損切,支持抵抗,0,113.81300
2021-11-01,2021-11-30,20260209_091147,20260209_091147-0017,2021-11-04 21:00:04.355000,2021-11-04 21:29:28.180000,買い,113.79500,113.94500,1.00,15.00,6938.40,水平線手前,利確,支持抵抗,0,113.79500
2021-11-01,2021-11-30,20260209_091147,20260209_091147-0018,2021-11-04 23:25:24.641000,2021-11-04 23:33:07.890000,買い,113.71700,113.66700,1.00,-5.00,6933.40,水平線手前,損切,支持抵抗,0,113.71700
2021-11-01,2021-11-30,20260209_091147,20260209_091147-0019,2021-11-04 23:54:09.502000,2021-11-05 00:27:12.439000,買い,113.54600,113.69600,1.00,15.00,6948.40,水平線手前,利確,支持抵抗,0,113.54600
2021-11-01,2021-11-30,20260209_091147,20260209_091147-0020,2021-11-05 00:06:19.384000,2021-11-05 00:27:12.439000,買い,113.54500,113.69500,1.00,15.00,6963.40,水平線手前,利確,支持抵抗,0,113.54500
2021-11-01,2021-11-30,20260209_091147,20260209_091147-0021,2021-11-05 17:06:15.914000,2021-11-05 19:08:01.194000,売り,113.83000,113.88000,1.00,-5.00,6958.40,水平線手前,損切,支持抵抗,0,113.83000
2021-11-01,2021-11-30,20260209_091147,20260209_091147-0022,2021-11-05 19:04:20.997000,2021-11-05 20:15:01.216000,売り,113.84200,113.89200,1.00,-5.00,6953.40,水平線手前,損切,支持抵抗,0,113.84200
2021-11-01,2021-11-30,20260209_091147,20260209_091147-0023,2021-11-05 20:16:01.047000,2021-11-05 21:30:06.722000,売り,113.89100,113.94100,1.00,-5.00,6948.40,水平線手前,損切,支持抵抗,0,113.89100
2021-11-01,2021-11-30,20260209_091147,20260209_091147-0024,2021-11-05 21:31:12.710000,2021-11-05 21:37:47.239000,売り,114.00400,113.85400,1.00,15.00,6963.40,水平線手前,利確,支持抵抗,0,114.00400
2021-11-01,2021-11-30,20260209_091147,20260209_091147-0025,2021-11-05 22:27:04.999000,2021-11-05 22:28:27.682000,買い,113.59300,113.54300,1.00,-5.00,6958.40,水平線手前,損切,支持抵抗,0,113.59300
2021-11-01,2021-11-30,20260209_091147,20260209_091147-0026,2021-11-05 22:29:01.834000,2021-11-05 22:43:33.667000,買い,113.53800,113.68800,1.00,15.00,6973.40,水平線手前,利確,支持抵抗,0,113.53800
2021-11-01,2021-11-30,20260209_091147,20260209_091147-0027,2021-11-05 23:54:33.899000,2021-11-06 00:30:10.975000,買い,113.52700,113.47700,1.00,-5.00,6968.40,水平線手前,損切,支持抵抗,0,113.52700
2021-11-01,2021-11-30,20260209_091147,20260209_091147-0028,2021-11-06 00:30:43.941000,2021-11-06 01:26:24.181000,買い,113.45400,113.40400,1.00,-5.00,6963.40,水平線手前,損切,支持抵抗,0,113.45400
2021-11-01,2021-11-30,20260209_091147,20260209_091147-0029,2021-11-06 01:41:52.090000,2021-11-06 02:07:14.437000,買い,113.39400,113.34400,1.00,-5.00,6958.40,水平線手前,損切,支持抵抗,0,113.39400
2021-11-01,2021-11-30,20260209_091147,20260209_091147-0030,2021-11-06 02:08:04.709000,2021-11-08 08:23:07.950000,買い,113.33900,113.48900,1.00,15.00,6973.40,水平線手前,利確,支持抵抗,0,113.33900
2021-11-01,2021-11-30,20260209_091147,20260209_091147-0031,2021-11-08 19:00:34.540000,2021-11-08 22:22:36.933000,買い,113.39800,113.34800,1.00,-5.00,6968.40,水平線手前,損切,支持抵抗,0,113.39800
2021-11-01,2021-11-30,20260209_091147,20260209_091147-0032,2021-11-08 22:23:01.219000,2021-11-08 23:01:15.037000,買い,113.35400,113.30400,1.00,-5.00,6963.40,水平線手前,損切,支持抵抗,0,113.35400
2021-11-01,2021-11-30,20260209_091147,20260209_091147-0033,2021-11-09 00:00:17.105000,2021-11-09 03:07:44.472000,買い,113.11900,113.26900,1.00,15.00,6978.40,水平線手前,利確,支持抵抗,0,113.11900
2021-11-01,2021-11-30,20260209_091147,20260209_091147-0034,2021-11-08 23:42:00.797000,2021-11-09 05:07:16.519000,買い,113.12500,113.27500,1.00,15.00,6993.40,水平線手前,利確,支持抵抗,0,113.12500
2021-11-01,2021-11-30,20260209_091147,20260209_091147-0035,2021-11-09 11:58:17.411000,2021-11-09 12:14:34.972000,買い,112.96400,112.91400,1.00,-5.00,6988.40,水平線手前,損切,支持抵抗,0,112.96400
2021-11-01,2021-11-30,20260209_091147,20260209_091147-0036,2021-11-09 12:42:17.206000,2021-11-09 14:03:08.201000,買い,112.83600,112.78600,1.00,-5.00,6983.40,水平線手前,損切,支持抵抗,0,112.83600
2021-11-01,2021-11-30,20260209_091147,20260209_091147-0037,2021-11-09 15:16:00.807000,2021-11-09 16:03:40.797000,買い,112.76200,112.91200,1.00,15.00,6998.40,水平線手前,利確,支持抵抗,0,112.76200
2021-11-01,2021-11-30,20260209_091147,20260209_091147-0038,2021-11-09 14:05:26.304000,2021-11-09 16:03:41.253000,買い,112.76300,112.91300,1.00,15.00,7013.40,水平線手前,利確,支持抵抗,0,112.76300
2021-11-01,2021-11-30,20260209_091147,20260209_091147-0039,2021-11-10 16:21:58.221000,2021-11-10 16:39:11.437000,売り,113.08400,113.13400,1.00,-5.00,7008.40,水平線手前,損切,支持抵抗,0,113.08400
2021-11-01,2021-11-30,20260209_091147,20260209_091147-0040,2021-11-10 16:39:08.688000,2021-11-10 17:55:11.755000,売り,113.11100,113.16100,1.00,-5.00,7003.40,水平線手前,損切,支持抵抗,0,113.11100
2021-11-01,2021-11-30,20260209_091147,20260209_091147-0041,2021-11-10 17:55:32.950000,2021-11-10 18:20:49.131000,売り,113.15500,113.20500,1.00,-5.00,6998.40,水平線手前,損切,支持抵抗,0,113.15500
2021-11-01,2021-11-30,20260209_091147,20260209_091147-0042,2021-11-10 18:46:58.509000,2021-11-10 20:49:07.222000,売り,113.20700,113.25700,1.00,-5.00,6993.40,水平線手前,損切,支持抵抗,0,113.20700
2021-11-01,2021-11-30,20260209_091147,20260209_091147-0043,2021-11-10 21:40:01.906000,2021-11-10 22:30:01.447000,売り,113.30700,113.35700,1.00,-5.00,6988.40,水平線手前,損切,支持抵抗,0,113.30700
2021-11-01,2021-11-30,20260209_091147,20260209_091147-0044,2021-11-10 22:31:23.623000,2021-11-10 22:50:49.117000,売り,113.47400,113.32400,1.00,15.00,7003.40,水平線手前,利確,支持抵抗,0,113.47400
2021-11-01,2021-11-30,20260209_091147,20260209_091147-0045,2021-11-10 22:31:13.261000,2021-11-10 22:50:51.911000,売り,113.46000,113.31000,1.00,15.00,7018.40,水平線手前,利確,支持抵抗,0,113.46000
2021-11-01,2021-11-30,20260209_091147,20260209_091147-0046,2021-11-10 23:51:42.734000,2021-11-11 00:00:36.936000,売り,113.63800,113.68800,1.00,-5.00,7013.40,水平線手前,損切,支持抵抗,0,113.63800
2021-11-01,2021-11-30,20260209_091147,20260209_091147-0047,2021-11-11 00:45:01.005000,2021-11-11 00:55:03.451000,売り,113.88600,113.93600,1.00,-5.00,7008.40,水平線手前,損切,支持抵抗,0,113.88600
2021-11-01,2021-11-30,20260209_091147,20260209_091147-0048,2021-11-11 00:49:39.589000,2021-11-11 02:04:49.280000,売り,113.90900,113.95900,1.00,-5.00,7003.40,水平線手前,損切,支持抵抗,0,113.90900
2021-11-01,2021-11-30,20260209_091147,20260209_091147-0049,2021-11-11 02:04:49.280000,2021-11-11 03:03:53.836000,売り,113.94900,113.99900,1.00,-5.00,6998.40,水平線手前,損切,支持抵抗,0,113.94900
2021-11-01,2021-11-30,20260209_091147,20260209_091147-0050,2021-11-11 03:03:53.728000,2021-11-11 03:57:34.760000,売り,113.98700,113.83700,1.00,15.00,7013.40,水平線手前,利確,支持抵抗,0,113.98700
2021-11-01,2021-11-30,20260209_091147,20260209_091147-0051,2021-11-11 11:00:21.157000,2021-11-11 11:53:02.886000,売り,114.06100,114.11100,1.00,-5.00,7008.40,水平線手前,損切,支持抵抗,0,114.06100
2021-11-01,2021-11-30,20260209_091147,20260209_091147-0052,2021-11-11 11:54:14.899000,2021-11-11 13:06:56.263000,売り,114.12700,113.97700,1.00,15.00,7023.40,水平線手前,利確,支持抵抗,0,114.12700
2021-11-01,2021-11-30,20260209_091147,20260209_091147-0053,2021-11-11 17:32:23.186000,2021-11-11 19:58:58.607000,売り,114.12700,113.97700,1.00,15.00,7038.40,水平線手前,利確,支持抵抗,0,114.12700
2021-11-01,2021-11-30,20260209_091147,20260209_091147-0054,2021-11-12 11:07:54.652000,2021-11-12 16:45:08.560000,売り,114.27100,114.12100,1.00,15.00,7053.40,水平線手前,利確,支持抵抗,0,114.27100
2021-11-01,2021-11-30,20260209_091147,20260209_091147-0055,2021-11-13 00:01:41.965000,2021-11-13 00:03:03.777000,買い,113.84300,113.79300,1.00,-5.00,7048.40,水平線手前,損切,支持抵抗,0,113.84300
2021-11-01,2021-11-30,20260209_091147,20260209_091147-0056,2021-11-13 00:03:03.827000,2021-11-13 00:54:14.425000,買い,113.80000,113.95000,1.00,15.00,7063.40,水平線手前,利確,支持抵抗,0,113.80000
2021-11-01,2021-11-30,20260209_091147,20260209_091147-0057,2021-11-15 11:00:18.216000,2021-11-15 15:53:58.030000,買い,113.79100,113.94100,1.00,15.00,7078.40,水平線手前,利確,支持抵抗,0,113.79100
2021-11-01,2021-11-30,20260209_091147,20260209_091147-0058,2021-11-16 00:05:21.056000,2021-11-16 02:52:20.531000,売り,114.01500,114.06500,1.00,-5.00,7073.40,水平線手前,損切,支持抵抗,0,114.01500
2021-11-01,2021-11-30,20260209_091147,20260209_091147-0059,2021-11-16 00:05:22.748000,2021-11-16 02:52:52.259000,売り,114.02300,114.07300,1.00,-5.00,7068.40,水平線手前,損切,支持抵抗,0,114.02300
2021-11-01,2021-11-30,20260209_091147,20260209_091147-0060,2021-11-16 02:52:20.429000,2021-11-16 05:02:13.871000,売り,114.05400,114.10400,1.00,-5.00,7063.40,水平線手前,損切,支持抵抗,0,114.05400
2021-11-01,2021-11-30,20260209_091147,20260209_091147-0061,2021-11-16 03:00:55.154000,2021-11-16 05:06:12.403000,売り,114.06000,114.11000,1.00,-5.00,7058.40,水平線手前,損切,支持抵抗,0,114.06000
2021-11-01,2021-11-30,20260209_091147,20260209_091147-0062,2021-11-16 11:03:42.200000,2021-11-16 13:26:53.222000,売り,114.28200,114.13200,1.00,15.00,7073.40,水平線手前,利確,支持抵抗,0,114.28200
2021-11-01,2021-11-30,20260209_091147,20260209_091147-0063,2021-11-16 11:03:50.762000,2021-11-16 13:30:28.712000,売り,114.28000,114.13000,1.00,15.00,7088.40,水平線手前,利確,支持抵抗,0,114.28000
2021-11-01,2021-11-30,20260209_091147,20260209_091147-0064,2021-11-16 21:45:48.494000,2021-11-16 22:30:26.525000,売り,114.32300,114.37300,1.00,-5.00,7083.40,水平線手前,損切,支持抵抗,0,114.32300
2021-11-01,2021-11-30,20260209_091147,20260209_091147-0065,2021-11-16 22:31:05.980000,2021-11-16 23:01:06.718000,売り,114.40700,114.45700,1.00,-5.00,7078.40,水平線手前,損切,支持抵抗,0,114.40700
2021-11-01,2021-11-30,20260209_091147,20260209_091147-0066,2021-11-16 22:32:07.813000,2021-11-16 23:01:08.102000,売り,114.41300,114.46300,1.00,-5.00,7073.40,水平線手前,損切,支持抵抗,0,114.41300
2021-11-01,2021-11-30,20260209_091147,20260209_091147-0067,2021-11-17 00:00:52.167000,2021-11-17 00:24:47.773000,売り,114.60700,114.45700,1.00,15.00,7088.40,水平線手前,利確,支持抵抗,0,114.60700
2021-11-01,2021-11-30,20260209_091147,20260209_091147-0068,2021-11-16 23:55:45.837000,2021-11-17 00:24:47.824000,売り,114.59800,114.44800,1.00,15.00,7103.40,水平線手前,利確,支持抵抗,0,114.59800
2021-11-01,2021-11-30,20260209_091147,20260209_091147-0069,2021-11-17 02:00:00.611000,2021-11-17 04:32:07.904000,売り,114.62400,114.67400,1.00,-5.00,7098.40,水平線手前,損切,支持抵抗,0,114.62400
2021-11-01,2021-11-30,20260209_091147,20260209_091147-0070,2021-11-17 04:33:23.367000,2021-11-17 05:32:25.043000,売り,114.66500,114.71500,1.00,-5.00,7093.40,水平線手前,損切,支持抵抗,0,114.66500
2021-11-01,2021-11-30,20260209_091147,20260209_091147-0071,2021-11-17 17:07:51.697000,2021-11-17 19:08:03.995000,売り,114.94100,114.79100,1.00,15.00,7108.40,水平線手前,利確,支持抵抗,0,114.94100
2021-11-01,2021-11-30,20260209_091147,20260209_091147-0072,2021-11-17 21:01:56.383000,2021-11-17 22:31:38.750000,買い,114.66600,114.61600,1.00,-5.00,7103.40,水平線手前,損切,支持抵抗,0,114.66600
2021-11-01,2021-11-30,20260209_091147,20260209_091147-0073,2021-11-17 21:01:56.486000,2021-11-17 22:31:40.118000,買い,114.65100,114.60100,1.00,-5.00,7098.40,水平線手前,損切,支持抵抗,0,114.65100
2021-11-01,2021-11-30,20260209_091147,20260209_091147-0074,2021-11-17 22:31:40.628000,2021-11-17 22:59:33.574000,買い,114.59100,114.74100,1.00,15.00,7113.40,水平線手前,利確,支持抵抗,0,114.59100
2021-11-01,2021-11-30,20260209_091147,20260209_091147-0075,2021-11-17 23:55:59.899000,2021-11-18 00:08:34.479000,買い,114.57100,114.52100,1.00,-5.00,7108.40,水平線手前,損切,支持抵抗,0,114.57100
2021-11-01,2021-11-30,20260209_091147,20260209_091147-0076,2021-11-18 00:10:09.055000,2021-11-18 01:45:56.277000,買い,114.47000,114.42000,1.00,-5.00,7103.40,水平線手前,損切,支持抵抗,0,114.47000
2021-11-01,2021-11-30,20260209_091147,20260209_091147-0077,2021-11-18 01:58:13.539000,2021-11-18 02:17:15.353000,買い,114.36900,114.31900,1.00,-5.00,7098.40,水平線手前,損切,支持抵抗,0,114.36900
2021-11-01,2021-11-30,20260209_091147,20260209_091147-0078,2021-11-18 02:42:33.774000,2021-11-18 02:43:54.632000,買い,114.12600,114.07600,1.00,-5.00,7093.40,水平線手前,損切,支持抵抗,0,114.12600
2021-11-01,2021-11-30,20260209_091147,20260209_091147-0079,2021-11-18 02:44:41.619000,2021-11-18 03:07:43.389000,買い,114.03400,113.98400,1.00,-5.00,7088.40,水平線手前,損切,支持抵抗,0,114.03400
2021-11-01,2021-11-30,20260209_091147,20260209_091147-0080,2021-11-18 03:20:08.496000,2021-11-18 04:46:26.414000,買い,113.97100,114.12100,1.00,15.00,7103.40,水平線手前,利確,支持抵抗,0,113.97100
2021-11-01,2021-11-30,20260209_091147,20260209_091147-0081,2021-11-18 11:15:33.053000,2021-11-18 11:46:15.086000,買い,113.91500,114.06500,1.00,15.00,7118.40,水平線手前,利確,支持抵抗,0,113.91500
2021-11-01,2021-11-30,20260209_091147,20260209_091147-0082,2021-11-18 14:05:19.900000,2021-11-18 14:05:23.864000,売り,114.21000,114.26000,1.00,-5.00,7113.40,水平線手前,損切,支持抵抗,0,114.21000
2021-11-01,2021-11-30,20260209_091147,20260209_091147-0083,2021-11-18 14:05:23.354000,2021-11-18 16:27:01.152000,売り,114.23900,114.08900,1.00,15.00,7128.40,水平線手前,利確,支持抵抗,0,114.23900
2021-11-01,2021-11-30,20260209_091147,20260209_091147-0084,2021-11-18 22:20:06.006000,2021-11-18 23:02:36.915000,売り,114.36300,114.41300,1.00,-5.00,7123.40,水平線手前,損切,支持抵抗,0,114.36300
2021-11-01,2021-11-30,20260209_091147,20260209_091147-0085,2021-11-18 23:02:39.861000,2021-11-19 00:02:12.250000,売り,114.41700,114.46700,1.00,-5.00,7118.40,水平線手前,損切,支持抵抗,0,114.41700
2021-11-01,2021-11-30,20260209_091147,20260209_091147-0086,2021-11-19 00:02:05.594000,2021-11-19 00:16:40.714000,売り,114.45600,114.30600,1.00,15.00,7133.40,水平線手前,利確,支持抵抗,0,114.45600
2021-11-01,2021-11-30,20260209_091147,20260209_091147-0087,2021-11-19 17:28:03.641000,2021-11-19 18:06:34.854000,売り,114.45800,114.50800,1.00,-5.00,7128.40,水平線手前,損切,支持抵抗,0,114.45800
2021-11-01,2021-11-30,20260209_091147,20260209_091147-0088,2021-11-19 18:06:39.428000,2021-11-19 18:26:20.626000,売り,114.51000,114.36000,1.00,15.00,7143.40,水平線手前,利確,支持抵抗,0,114.51000
2021-11-01,2021-11-30,20260209_091147,20260209_091147-0089,2021-11-19 18:31:09.107000,2021-11-19 18:34:58.872000,買い,114.01600,114.16600,1.00,15.00,7158.40,水平線手前,利確,支持抵抗,0,114.01600
2021-11-01,2021-11-30,20260209_091147,20260209_091147-0090,2021-11-19 18:42:25.849000,2021-11-19 19:04:18.566000,買い,113.93600,113.88600,1.00,-5.00,7153.40,水平線手前,損切,支持抵抗,0,113.93600
2021-11-01,2021-11-30,20260209_091147,20260209_091147-0091,2021-11-19 19:06:24.859000,2021-11-19 19:36:22.130000,買い,113.84900,113.99900,1.00,15.00,7168.40,水平線手前,利確,支持抵抗,0,113.84900
2021-11-01,2021-11-30,20260209_091147,20260209_091147-0092,2021-11-19 21:02:06.982000,2021-11-19 21:02:50.002000,買い,113.79100,113.74100,1.00,-5.00,7163.40,水平線手前,損切,支持抵抗,0,113.79100
2021-11-01,2021-11-30,20260209_091147,20260209_091147-0093,2021-11-19 21:08:50.253000,2021-11-19 22:01:35.211000,買い,113.62400,113.77400,1.00,15.00,7178.40,水平線手前,利確,支持抵抗,0,113.62400
2021-11-01,2021-11-30,20260209_091147,20260209_091147-0094,2021-11-22 23:09:40.709000,2021-11-22 23:16:20.052000,売り,114.51000,114.56000,1.00,-5.00,7173.40,水平線手前,損切,支持抵抗,0,114.51000
2021-11-01,2021-11-30,20260209_091147,20260209_091147-0095,2021-11-22 23:32:42.577000,2021-11-22 23:47:25.609000,売り,114.71200,114.56200,1.00,15.00,7188.40,水平線手前,利確,支持抵抗,0,114.71200
2021-11-01,2021-11-30,20260209_091147,20260209_091147-0096,2021-11-23 00:22:06.815000,2021-11-23 01:32:22.314000,売り,114.72100,114.77100,1.00,-5.00,7183.40,水平線手前,損切,支持抵抗,0,114.72100
2021-11-01,2021-11-30,20260209_091147,20260209_091147-0097,2021-11-23 01:32:34.959000,2021-11-23 01:57:57.226000,売り,114.78600,114.63600,1.00,15.00,7198.40,水平線手前,利確,支持抵抗,0,114.78600
2021-11-01,2021-11-30,20260209_091147,20260209_091147-0098,2021-11-23 02:42:07.073000,2021-11-23 03:08:19.942000,売り,114.81400,114.86400,1.00,-5.00,7193.40,水平線手前,損切,支持抵抗,0,114.81400
2021-11-01,2021-11-30,20260209_091147,20260209_091147-0099,2021-11-23 03:44:01.228000,2021-11-23 04:59:34.988000,売り,114.90700,114.95700,1.00,-5.00,7188.40,水平線手前,損切,支持抵抗,0,114.90700
2021-11-01,2021-11-30,20260209_091147,20260209_091147-0100,2021-11-23 03:44:16.414000,2021-11-23 05:18:12.400000,売り,114.91700,114.96700,1.00,-5.00,7183.40,水平線手前,損切,支持抵抗,0,114.91700
2021-11-01,2021-11-30,20260209_091147,20260209_091147-0101,2021-11-23 04:03:01.096000,2021-11-23 09:25:18.777000,売り,114.92500,114.77500,1.00,15.00,7198.40,水平線手前,利確,支持抵抗,0,114.92500
2021-11-01,2021-11-30,20260209_091147,20260209_091147-0102,2021-11-23 11:14:23.238000,2021-11-23 11:14:40.789000,売り,114.93000,114.98000,1.00,-5.00,7193.40,水平線手前,損切,支持抵抗,0,114.93000
2021-11-01,2021-11-30,20260209_091147,20260209_091147-0103,2021-11-23 11:15:05.254000,2021-11-23 12:00:24.040000,売り,115.07000,115.12000,1.00,-5.00,7188.40,水平線手前,損切,支持抵抗,0,115.07000
2021-11-01,2021-11-30,20260209_091147,20260209_091147-0104,2021-11-23 12:00:24.040000,2021-11-23 16:08:03.921000,売り,115.11200,115.16200,1.00,-5.00,7183.40,水平線手前,損切,支持抵抗,0,115.11200
2021-11-01,2021-11-30,20260209_091147,20260209_091147-0105,2021-11-24 22:37:00.313000,2021-11-24 22:37:51.935000,売り,115.20700,115.25700,1.00,-5.00,7178.40,水平線手前,損切,支持抵抗,0,115.20700
2021-11-01,2021-11-30,20260209_091147,20260209_091147-0106,2021-11-24 22:36:42.927000,2021-11-24 22:38:02.813000,売り,115.21100,115.26100,1.00,-5.00,7173.40,水平線手前,損切,支持抵抗,0,115.21100
2021-11-01,2021-11-30,20260209_091147,20260209_091147-0107,2021-11-24 22:37:39.113000,2021-11-24 23:06:07.847000,売り,115.22500,115.27500,1.00,-5.00,7168.40,水平線手前,損切,支持抵抗,0,115.22500
2021-11-01,2021-11-30,20260209_091147,20260209_091147-0108,2021-11-24 23:10:49.309000,2021-11-25 00:04:38.786000,売り,115.34800,115.39800,1.00,-5.00,7163.40,水平線手前,損切,支持抵抗,0,115.34800
2021-11-01,2021-11-30,20260209_091147,20260209_091147-0109,2021-11-25 00:16:30.656000,2021-11-25 01:09:35.877000,売り,115.43800,115.48800,1.00,-5.00,7158.40,水平線手前,損切,支持抵抗,0,115.43800
2021-11-01,2021-11-30,20260209_091147,20260209_091147-0110,2021-11-25 01:00:32.206000,2021-11-25 01:47:48.910000,売り,115.44900,115.29900,1.00,15.00,7173.40,水平線手前,利確,支持抵抗,0,115.44900
2021-11-01,2021-11-30,20260209_091147,20260209_091147-0111,2021-11-25 03:34:12.660000,2021-11-25 04:01:56.214000,売り,115.45800,115.50800,1.00,-5.00,7168.40,水平線手前,損切,支持抵抗,0,115.45800
2021-11-01,2021-11-30,20260209_091147,20260209_091147-0112,2021-11-25 04:01:55.453000,2021-11-25 09:54:17.421000,売り,115.49300,115.34300,1.00,15.00,7183.40,水平線手前,利確,支持抵抗,0,115.49300
2021-11-01,2021-11-30,20260209_091147,20260209_091147-0113,2021-11-25 21:07:04.046000,2021-11-26 08:25:43.575000,買い,115.27800,115.22800,1.00,-5.00,7178.40,水平線手前,損切,支持抵抗,0,115.27800
2021-11-01,2021-11-30,20260209_091147,20260209_091147-0114,2021-11-26 11:53:05.067000,2021-11-26 11:54:15.958000,買い,114.71700,114.66700,1.00,-5.00,7173.40,水平線手前,損切,支持抵抗,0,114.71700
2021-11-01,2021-11-30,20260209_091147,20260209_091147-0115,2021-11-26 11:54:16.111000,2021-11-26 12:01:39.780000,買い,114.67300,114.62300,1.00,-5.00,7168.40,水平線手前,損切,支持抵抗,0,114.67300
2021-11-01,2021-11-30,20260209_091147,20260209_091147-0116,2021-11-26 12:01:39.780000,2021-11-26 15:17:08.613000,買い,114.63200,114.58200,1.00,-5.00,7163.40,水平線手前,損切,支持抵抗,0,114.63200
2021-11-01,2021-11-30,20260209_091147,20260209_091147-0117,2021-11-26 15:31:24.773000,2021-11-26 16:26:55.416000,買い,114.49000,114.44000,1.00,-5.00,7158.40,水平線手前,損切,支持抵抗,0,114.49000
2021-11-01,2021-11-30,20260209_091147,20260209_091147-0118,2021-11-26 16:47:51.996000,2021-11-26 17:03:51.815000,買い,114.18500,114.13500,1.00,-5.00,7153.40,水平線手前,損切,支持抵抗,0,114.18500
2021-11-01,2021-11-30,20260209_091147,20260209_091147-0119,2021-11-26 16:47:53.116000,2021-11-26 17:03:52.474000,買い,114.17900,114.12900,1.00,-5.00,7148.40,水平線手前,損切,支持抵抗,0,114.17900
2021-11-01,2021-11-30,20260209_091147,20260209_091147-0120,2021-11-26 17:19:17.481000,2021-11-26 17:20:10.317000,買い,113.94500,113.89500,1.00,-5.00,7143.40,水平線手前,損切,支持抵抗,0,113.94500
2021-11-01,2021-11-30,20260209_091147,20260209_091147-0121,2021-11-26 17:23:58.412000,2021-11-26 17:29:03.948000,買い,113.69100,113.84100,1.00,15.00,7158.40,水平線手前,利確,支持抵抗,0,113.69100
2021-11-01,2021-11-30,20260209_091147,20260209_091147-0122,2021-11-26 23:47:30.099000,2021-11-27 00:00:36.261000,買い,113.56300,113.51300,1.00,-5.00,7153.40,水平線手前,損切,支持抵抗,0,113.56300
2021-11-01,2021-11-30,20260209_091147,20260209_091147-0123,2021-11-27 00:52:41.727000,2021-11-27 00:53:58.936000,買い,113.22300,113.17300,1.00,-5.00,7148.40,水平線手前,損切,支持抵抗,0,113.22300
2021-11-01,2021-11-30,20260209_091147,20260209_091147-0124,2021-11-27 00:57:42.286000,2021-11-27 01:02:49.717000,買い,113.09200,113.24200,1.00,15.00,7163.40,水平線手前,利確,支持抵抗,0,113.09200
2021-11-01,2021-11-30,20260209_091147,20260209_091147-0125,2021-11-29 11:59:22.508000,2021-11-29 12:33:09.245000,買い,113.47100,113.62100,1.00,15.00,7178.40,水平線手前,利確,支持抵抗,0,113.47100
2021-11-01,2021-11-30,20260209_091147,20260209_091147-0126,2021-11-29 14:27:48.675000,2021-11-29 14:28:35.719000,買い,113.42700,113.37700,1.00,-5.00,7173.40,水平線手前,損切,支持抵抗,0,113.42700
2021-11-01,2021-11-30,20260209_091147,20260209_091147-0127,2021-11-29 14:44:43.771000,2021-11-29 15:03:06.899000,買い,113.28100,113.23100,1.00,-5.00,7168.40,水平線手前,損切,支持抵抗,0,113.28100
2021-11-01,2021-11-30,20260209_091147,20260209_091147-0128,2021-11-29 15:18:44.612000,2021-11-29 15:38:29.910000,買い,113.02500,113.17500,1.00,15.00,7183.40,水平線手前,利確,支持抵抗,0,113.02500
2021-11-01,2021-11-30,20260209_091147,20260209_091147-0129,2021-11-29 22:04:17.866000,2021-11-29 22:51:24.900000,売り,113.71700,113.76700,1.00,-5.00,7178.40,水平線手前,損切,支持抵抗,0,113.71700
2021-11-01,2021-11-30,20260209_091147,20260209_091147-0130,2021-11-29 22:57:59.891000,2021-11-29 23:12:47.241000,売り,113.76400,113.81400,1.00,-5.00,7173.40,水平線手前,損切,支持抵抗,0,113.76400
2021-11-01,2021-11-30,20260209_091147,20260209_091147-0131,2021-11-29 23:13:55.510000,2021-11-29 23:14:04.952000,売り,113.84800,113.89800,1.00,-5.00,7168.40,水平線手前,損切,支持抵抗,0,113.84800
2021-11-01,2021-11-30,20260209_091147,20260209_091147-0132,2021-11-29 23:13:57.156000,2021-11-29 23:14:04.952000,売り,113.84700,113.89700,1.00,-5.00,7163.40,水平線手前,損切,支持抵抗,0,113.84700
2021-11-01,2021-11-30,20260209_091147,20260209_091147-0133,2021-11-29 23:14:14.048000,2021-11-29 23:46:22.438000,売り,113.91600,113.76600,1.00,15.00,7178.40,水平線手前,利確,支持抵抗,0,113.91600
2021-11-01,2021-11-30,20260209_091147,20260209_091147-0134,2021-11-30 00:00:11.164000,2021-11-30 00:08:17.745000,売り,113.92500,113.77500,1.00,15.00,7193.40,水平線手前,利確,支持抵抗,0,113.92500
2021-11-01,2021-11-30,20260209_091147,20260209_091147-0135,2021-11-30 14:08:33.953000,2021-11-30 14:10:34.343000,買い,113.44600,113.39600,1.00,-5.00,7188.40,水平線手前,損切,支持抵抗,0,113.44600
2021-11-01,2021-11-30,20260209_091147,20260209_091147-0136,2021-11-30 14:24:43.455000,2021-11-30 14:28:26.645000,買い,113.07100,113.22100,1.00,15.00,7203.40,水平線手前,利確,支持抵抗,0,113.07100
2021-11-01,2021-11-30,20260209_091147,20260209_091147-0137,2021-11-30 15:54:08.654000,2021-11-30 15:55:03.671000,買い,112.98900,113.13900,1.00,15.00,7218.40,水平線手前,利確,支持抵抗,0,112.98900
2021-11-01,2021-11-30,20260209_091147,20260209_091147-0138,2021-11-30 17:40:23.226000,2021-11-30 18:01:13.155000,買い,112.89600,112.84600,1.00,-5.00,7213.40,水平線手前,損切,支持抵抗,0,112.89600
2021-11-01,2021-11-30,20260209_091147,20260209_091147-0139,2021-11-30 18:06:34.607000,2021-11-30 18:16:18.195000,買い,112.81400,112.76400,1.00,-5.00,7208.40,水平線手前,損切,支持抵抗,0,112.81400
2021-11-01,2021-11-30,20260209_091147,20260209_091147-0140,2021-11-30 18:30:09.979000,2021-11-30 18:38:26.884000,買い,112.71000,112.86000,1.00,15.00,7223.40,水平線手前,利確,支持抵抗,0,112.71000
2021-11-01,2021-11-30,20260209_091147,20260209_091147-0141,2021-11-30 23:46:05.222000,2021-11-30 23:59:58.867000,買い,112.56800,112.62200,1.00,5.40,7228.80,水平線手前,終了,支持抵抗,0,112.56800
2021-12-01,2021-12-31,20260209_091223,20260209_091223-0001,2021-12-08 01:49:03.495000,2021-12-08 02:52:16.151000,買い,113.56500,113.71500,1.00,15.00,7243.80,水平線手前,利確,支持抵抗,0,113.56500
2021-12-01,2021-12-31,20260209_091223,20260209_091223-0002,2021-12-08 16:27:55.605000,2021-12-08 16:28:13.123000,買い,113.39600,113.34600,1.00,-5.00,7238.80,水平線手前,損切,支持抵抗,0,113.39600
2021-12-01,2021-12-31,20260209_091223,20260209_091223-0003,2021-12-08 16:28:08.256000,2021-12-08 17:29:15.926000,買い,113.36400,113.51400,1.00,15.00,7253.80,水平線手前,利確,支持抵抗,0,113.36400
2021-12-01,2021-12-31,20260209_091223,20260209_091223-0004,2021-12-08 20:02:01.980000,2021-12-08 20:40:39.214000,買い,113.35000,113.50000,1.00,15.00,7268.80,水平線手前,利確,支持抵抗,0,113.35000
2021-12-01,2021-12-31,20260209_091223,20260209_091223-0005,2021-12-08 20:48:02.155000,2021-12-08 20:48:51.791000,売り,113.71700,113.76700,1.00,-5.00,7263.80,水平線手前,損切,支持抵抗,0,113.71700
2021-12-01,2021-12-31,20260209_091223,20260209_091223-0006,2021-12-08 20:48:51.690000,2021-12-08 20:48:53.920000,売り,113.74800,113.79800,1.00,-5.00,7258.80,水平線手前,損切,支持抵抗,0,113.74800
2021-12-01,2021-12-31,20260209_091223,20260209_091223-0007,2021-12-08 20:48:52.399000,2021-12-08 21:22:49.821000,売り,113.77100,113.82100,1.00,-5.00,7253.80,水平線手前,損切,支持抵抗,0,113.77100
2021-12-01,2021-12-31,20260209_091223,20260209_091223-0008,2021-12-08 21:22:55.345000,2021-12-08 21:46:29.282000,売り,113.82200,113.67200,1.00,15.00,7268.80,水平線手前,利確,支持抵抗,0,113.82200
2021-12-01,2021-12-31,20260209_091223,20260209_091223-0009,2021-12-08 22:53:58.760000,2021-12-08 23:50:06.530000,売り,113.89800,113.94800,1.00,-5.00,7263.80,水平線手前,損切,支持抵抗,0,113.89800
2021-12-01,2021-12-31,20260209_091223,20260209_091223-0010,2021-12-08 23:29:03.712000,2021-12-09 00:35:47.903000,売り,113.92400,113.77400,1.00,15.00,7278.80,水平線手前,利確,支持抵抗,0,113.92400
2021-12-01,2021-12-31,20260209_091223,20260209_091223-0011,2021-12-09 17:09:23.939000,2021-12-09 18:09:05.471000,買い,113.38700,113.53700,1.00,15.00,7293.80,水平線手前,利確,支持抵抗,0,113.38700
2021-12-01,2021-12-31,20260209_091223,20260209_091223-0012,2021-12-09 22:24:06.157000,2021-12-09 22:24:09.140000,買い,113.34900,113.29900,1.00,-5.00,7288.80,水平線手前,損切,支持抵抗,0,113.34900
2021-12-01,2021-12-31,20260209_091223,20260209_091223-0013,2021-12-09 22:24:09.140000,2021-12-09 23:35:05.498000,買い,113.30900,113.45900,1.00,15.00,7303.80,水平線手前,利確,支持抵抗,0,113.30900
2021-12-01,2021-12-31,20260209_091223,20260209_091223-0014,2021-12-10 03:05:40.729000,2021-12-10 04:54:20.382000,売り,113.62200,113.47200,1.00,15.00,7318.80,水平線手前,利確,支持抵抗,0,113.62200
2021-12-01,2021-12-31,20260209_091223,20260209_091223-0015,2021-12-10 17:52:11.821000,2021-12-10 19:46:13.295000,売り,113.66600,113.71600,1.00,-5.00,7313.80,水平線手前,損切,支持抵抗,0,113.66600
2021-12-01,2021-12-31,20260209_091223,20260209_091223-0016,2021-12-10 19:47:26.488000,2021-12-10 20:10:33.603000,売り,113.71300,113.76300,1.00,-5.00,7308.80,水平線手前,損切,支持抵抗,0,113.71300
2021-12-01,2021-12-31,20260209_091223,20260209_091223-0017,2021-12-10 20:16:55.341000,2021-12-10 22:30:11.081000,売り,113.76200,113.61200,1.00,15.00,7323.80,水平線手前,利確,支持抵抗,0,113.76200
2021-12-01,2021-12-31,20260209_091223,20260209_091223-0018,2021-12-10 23:54:14.789000,2021-12-11 00:02:00.524000,買い,113.37000,113.32000,1.00,-5.00,7318.80,水平線手前,損切,支持抵抗,0,113.37000
2021-12-01,2021-12-31,20260209_091223,20260209_091223-0019,2021-12-11 00:02:05.665000,2021-12-11 01:11:45.830000,買い,113.32600,113.27600,1.00,-5.00,7313.80,水平線手前,損切,支持抵抗,0,113.32600
2021-12-01,2021-12-31,20260209_091223,20260209_091223-0020,2021-12-11 01:13:44.765000,2021-12-11 04:12:29.237000,買い,113.26000,113.41000,1.00,15.00,7328.80,水平線手前,利確,支持抵抗,0,113.26000
2021-12-01,2021-12-31,20260209_091223,20260209_091223-0021,2021-12-13 17:35:26.004000,2021-12-13 18:14:17.104000,売り,113.64300,113.69300,1.00,-5.00,7323.80,水平線手前,損切,支持抵抗,0,113.64300
2021-12-01,2021-12-31,20260209_091223,20260209_091223-0022,2021-12-13 18:17:20.201000,2021-12-13 23:26:33.658000,売り,113.69800,113.54800,1.00,15.00,7338.80,水平線手前,利確,支持抵抗,0,113.69800
2021-12-01,2021-12-31,20260209_091223,20260209_091223-0023,2021-12-14 00:25:49.703000,2021-12-14 01:36:10.133000,買い,113.48300,113.43300,1.00,-5.00,7333.80,水平線手前,損切,支持抵抗,0,113.48300
2021-12-01,2021-12-31,20260209_091223,20260209_091223-0024,2021-12-14 01:52:55.512000,2021-12-14 05:35:06.033000,買い,113.40300,113.55300,1.00,15.00,7348.80,水平線手前,利確,支持抵抗,0,113.40300
2021-12-01,2021-12-31,20260209_091223,20260209_091223-0025,2021-12-14 17:00:02.889000,2021-12-14 18:56:11.532000,売り,113.72400,113.57400,1.00,15.00,7363.80,水平線手前,利確,支持抵抗,0,113.72400
2021-12-01,2021-12-31,20260209_091223,20260209_091223-0026,2021-12-14 16:47:09.985000,2021-12-14 18:56:11.583000,売り,113.71700,113.56700,1.00,15.00,7378.80,水平線手前,利確,支持抵抗,0,113.71700
2021-12-01,2021-12-31,20260209_091223,20260209_091223-0027,2021-12-14 20:41:40.598000,2021-12-14 22:35:50.965000,買い,113.50700,113.45700,1.00,-5.00,7373.80,水平線手前,損切,支持抵抗,0,113.50700
2021-12-01,2021-12-31,20260209_091223,20260209_091223-0028,2021-12-14 22:35:50.965000,2021-12-14 23:08:52.541000,買い,113.46700,113.61700,1.00,15.00,7388.80,水平線手前,利確,支持抵抗,0,113.46700
2021-12-01,2021-12-31,20260209_091223,20260209_091223-0029,2021-12-15 00:21:30.489000,2021-12-15 09:01:08.788000,売り,113.72400,113.77400,1.00,-5.00,7383.80,水平線手前,損切,支持抵抗,0,113.72400
2021-12-01,2021-12-31,20260209_091223,20260209_091223-0030,2021-12-15 19:23:11.044000,2021-12-15 19:53:01.154000,売り,113.76900,113.81900,1.00,-5.00,7378.80,水平線手前,損切,支持抵抗,0,113.76900
2021-12-01,2021-12-31,20260209_091223,20260209_091223-0031,2021-12-15 19:49:52.055000,2021-12-15 21:45:06.923000,売り,113.79900,113.84900,1.00,-5.00,7373.80,水平線手前,損切,支持抵抗,0,113.79900
2021-12-01,2021-12-31,20260209_091223,20260209_091223-0032,2021-12-15 20:25:50.630000,2021-12-15 21:45:58.527000,売り,113.80900,113.85900,1.00,-5.00,7368.80,水平線手前,損切,支持抵抗,0,113.80900
2021-12-01,2021-12-31,20260209_091223,20260209_091223-0033,2021-12-15 21:45:58.578000,2021-12-15 22:26:18.410000,売り,113.85200,113.90200,1.00,-5.00,7363.80,水平線手前,損切,支持抵抗,0,113.85200
2021-12-01,2021-12-31,20260209_091223,20260209_091223-0034,2021-12-15 22:00:25.280000,2021-12-16 02:59:16.228000,売り,113.86600,113.91600,1.00,-5.00,7358.80,水平線手前,損切,支持抵抗,0,113.86600
2021-12-01,2021-12-31,20260209_091223,20260209_091223-0035,2021-12-16 03:03:31.461000,2021-12-16 03:10:35.065000,売り,113.92400,113.97400,1.00,-5.00,7353.80,水平線手前,損切,支持抵抗,0,113.92400
2021-12-01,2021-12-31,20260209_091223,20260209_091223-0036,2021-12-16 03:10:15.382000,2021-12-16 04:00:03.224000,売り,113.95700,114.00700,1.00,-5.00,7348.80,水平線手前,損切,支持抵抗,0,113.95700
2021-12-01,2021-12-31,20260209_091223,20260209_091223-0037,2021-12-16 04:32:18.175000,2021-12-16 04:53:33.800000,売り,114.24300,114.09300,1.00,15.00,7363.80,水平線手前,利確,支持抵抗,0,114.24300
2021-12-01,2021-12-31,20260209_091223,20260209_091223-0038,2021-12-16 23:43:12.457000,2021-12-16 23:55:47.055000,買い,113.76100,113.71100,1.00,-5.00,7358.80,水平線手前,損切,支持抵抗,0,113.76100
2021-12-01,2021-12-31,20260209_091223,20260209_091223-0039,2021-12-16 23:56:00.013000,2021-12-17 00:02:42.242000,買い,113.69200,113.64200,1.00,-5.00,7353.80,水平線手前,損切,支持抵抗,0,113.69200
2021-12-01,2021-12-31,20260209_091223,20260209_091223-0040,2021-12-17 00:05:21.264000,2021-12-17 00:27:00.483000,買い,113.58000,113.73000,1.00,15.00,7368.80,水平線手前,利確,支持抵抗,0,113.58000
2021-12-01,2021-12-31,20260209_091223,20260209_091223-0041,2021-12-17 00:05:20.352000,2021-12-17 00:28:31.274000,買い,113.59600,113.74600,1.00,15.00,7383.80,水平線手前,利確,支持抵抗,0,113.59600
2021-12-01,2021-12-31,20260209_091223,20260209_091223-0042,2021-12-17 12:58:04.635000,2021-12-17 13:04:08.242000,買い,113.50800,113.45800,1.00,-5.00,7378.80,水平線手前,損切,支持抵抗,0,113.50800
2021-12-01,2021-12-31,20260209_091223,20260209_091223-0043,2021-12-17 13:04:06.719000,2021-12-17 16:41:47.084000,買い,113.48100,113.63100,1.00,15.00,7393.80,水平線手前,利確,支持抵抗,0,113.48100
2021-12-01,2021-12-31,20260209_091223,20260209_091223-0044,2021-12-17 20:47:16.204000,2021-12-17 21:14:43.098000,買い,113.45700,113.40700,1.00,-5.00,7388.80,水平線手前,損切,支持抵抗,0,113.45700
2021-12-01,2021-12-31,20260209_091223,20260209_091223-0045,2021-12-17 21:50:37.972000,2021-12-17 22:02:19.619000,買い,113.24100,113.19100,1.00,-5.00,7383.80,水平線手前,損切,支持抵抗,0,113.24100
2021-12-01,2021-12-31,20260209_091223,20260209_091223-0046,2021-12-17 22:08:44.686000,2021-12-17 22:26:48.909000,買い,113.17500,113.32500,1.00,15.00,7398.80,水平線手前,利確,支持抵抗,0,113.17500
2021-12-01,2021-12-31,20260209_091223,20260209_091223-0047,2021-12-20 18:06:17.633000,2021-12-20 18:47:58.475000,買い,113.38000,113.53000,1.00,15.00,7413.80,水平線手前,利確,支持抵抗,0,113.38000
2021-12-01,2021-12-31,20260209_091223,20260209_091223-0048,2021-12-21 01:04:03.322000,2021-12-21 02:10:24.835000,買い,113.36500,113.51500,1.00,15.00,7428.80,水平線手前,利確,支持抵抗,0,113.36500
2021-12-01,2021-12-31,20260209_091223,20260209_091223-0049,2021-12-21 04:01:37.608000,2021-12-21 04:59:32.113000,売り,113.66100,113.71100,1.00,-5.00,7423.80,水平線手前,損切,支持抵抗,0,113.66100
2021-12-01,2021-12-31,20260209_091223,20260209_091223-0050,2021-12-21 04:55:45.809000,2021-12-21 05:02:59.880000,売り,113.68700,113.73700,1.00,-5.00,7418.80,水平線手前,損切,支持抵抗,0,113.68700
2021-12-01,2021-12-31,20260209_091223,20260209_091223-0051,2021-12-21 11:21:56.357000,2021-12-21 14:51:16.568000,売り,113.70100,113.75100,1.00,-5.00,7413.80,水平線手前,損切,支持抵抗,0,113.70100
2021-12-01,2021-12-31,20260209_091223,20260209_091223-0052,2021-12-21 15:03:07.118000,2021-12-21 17:26:02.379000,売り,113.74600,113.59600,1.00,15.00,7428.80,水平線手前,利確,支持抵抗,0,113.74600
2021-12-01,2021-12-31,20260209_091223,20260209_091223-0053,2021-12-21 14:51:13.508000,2021-12-21 17:26:15.295000,売り,113.73800,113.58800,1.00,15.00,7443.80,水平線手前,利確,支持抵抗,0,113.73800
2021-12-01,2021-12-31,20260209_091223,20260209_091223-0054,2021-12-21 23:20:15.371000,2021-12-21 23:30:06.450000,売り,113.82700,113.87700,1.00,-5.00,7438.80,水平線手前,損切,支持抵抗,0,113.82700
2021-12-01,2021-12-31,20260209_091223,20260209_091223-0055,2021-12-21 23:30:06.247000,2021-12-22 00:11:02.703000,売り,113.86500,113.91500,1.00,-5.00,7433.80,水平線手前,損切,支持抵抗,0,113.86500
2021-12-01,2021-12-31,20260209_091223,20260209_091223-0056,2021-12-22 00:56:22.065000,2021-12-22 01:02:55.769000,売り,114.06200,114.11200,1.00,-5.00,7428.80,水平線手前,損切,支持抵抗,0,114.06200
2021-12-01,2021-12-31,20260209_091223,20260209_091223-0057,2021-12-22 01:10:06.287000,2021-12-22 02:31:19.219000,売り,114.14200,114.19200,1.00,-5.00,7423.80,水平線手前,損切,支持抵抗,0,114.14200
2021-12-01,2021-12-31,20260209_091223,20260209_091223-0058,2021-12-22 02:56:21.788000,2021-12-22 07:18:38.537000,売り,114.21800,114.06800,1.00,15.00,7438.80,水平線手前,利確,支持抵抗,0,114.21800
2021-12-01,2021-12-31,20260209_091223,20260209_091223-0059,2021-12-22 02:32:52.328000,2021-12-22 08:13:11.257000,売り,114.18900,114.03900,1.00,15.00,7453.80,水平線手前,利確,支持抵抗,0,114.18900
2021-12-01,2021-12-31,20260209_091223,20260209_091223-0060,2021-12-22 17:27:13.434000,2021-12-22 19:15:25.533000,売り,114.29200,114.34200,1.00,-5.00,7448.80,水平線手前,損切,支持抵抗,0,114.29200
2021-12-01,2021-12-31,20260209_091223,20260209_091223-0061,2021-12-22 19:01:36.042000,2021-12-22 23:05:28.849000,売り,114.30400,114.15400,1.00,15.00,7463.80,水平線手前,利確,支持抵抗,0,114.30400
2021-12-01,2021-12-31,20260209_091223,20260209_091223-0062,2021-12-23 00:14:13.913000,2021-12-23 00:35:56.991000,売り,114.30400,114.35400,1.00,-5.00,7458.80,水平線手前,損切,支持抵抗,0,114.30400
2021-12-01,2021-12-31,20260209_091223,20260209_091223-0063,2021-12-23 00:35:56.889000,2021-12-23 01:07:25.199000,売り,114.34100,114.19100,1.00,15.00,7473.80,水平線手前,利確,支持抵抗,0,114.34100
2021-12-01,2021-12-31,20260209_091223,20260209_091223-0064,2021-12-23 21:16:53.640000,2021-12-23 22:02:59.630000,売り,114.36500,114.41500,1.00,-5.00,7468.80,水平線手前,損切,支持抵抗,0,114.36500
2021-12-01,2021-12-31,20260209_091223,20260209_091223-0065,2021-12-23 22:00:33.625000,2021-12-23 23:39:28.011000,売り,114.38200,114.43200,1.00,-5.00,7463.80,水平線手前,損切,支持抵抗,0,114.38200
2021-12-01,2021-12-31,20260209_091223,20260209_091223-0066,2021-12-23 23:35:31.224000,2021-12-24 00:49:25.050000,売り,114.40400,114.45400,1.00,-5.00,7458.80,水平線手前,損切,支持抵抗,0,114.40400
2021-12-01,2021-12-31,20260209_091223,20260209_091223-0067,2021-12-24 00:38:25.423000,2021-12-24 03:33:03.655000,売り,114.41900,114.46900,1.00,-5.00,7453.80,水平線手前,損切,支持抵抗,0,114.41900
2021-12-01,2021-12-31,20260209_091223,20260209_091223-0068,2021-12-27 17:41:46.495000,2021-12-27 18:17:53.247000,売り,114.62100,114.67100,1.00,-5.00,7448.80,水平線手前,損切,支持抵抗,0,114.62100
2021-12-01,2021-12-31,20260209_091223,20260209_091223-0069,2021-12-27 18:18:02.761000,2021-12-27 21:18:25.977000,売り,114.66700,114.71700,1.00,-5.00,7443.80,水平線手前,損切,支持抵抗,0,114.66700
2021-12-01,2021-12-31,20260209_091223,20260209_091223-0070,2021-12-28 00:39:41.831000,2021-12-28 01:02:30.117000,売り,114.86500,114.91500,1.00,-5.00,7438.80,水平線手前,損切,支持抵抗,0,114.86500
2021-12-01,2021-12-31,20260209_091223,20260209_091223-0071,2021-12-28 01:00:24.437000,2021-12-28 09:45:16.995000,売り,114.88300,114.93300,1.00,-5.00,7433.80,水平線手前,損切,支持抵抗,0,114.88300
2021-12-01,2021-12-31,20260209_091223,20260209_091223-0072,2021-12-28 02:07:13.281000,2021-12-28 09:45:16.995000,売り,114.88300,114.93300,1.00,-5.00,7428.80,水平線手前,損切,支持抵抗,0,114.88300
2021-12-01,2021-12-31,20260209_091223,20260209_091223-0073,2021-12-29 01:01:42.661000,2021-12-29 15:13:09.838000,買い,114.74400,114.89400,1.00,15.00,7443.80,水平線手前,利確,支持抵抗,0,114.74400
2021-12-01,2021-12-31,20260209_091223,20260209_091223-0074,2021-12-29 15:15:12.440000,2021-12-29 17:07:19.131000,売り,114.89500,114.94500,1.00,-5.00,7438.80,水平線手前,損切,支持抵抗,0,114.89500
2021-12-01,2021-12-31,20260209_091223,20260209_091223-0075,2021-12-29 15:51:01.766000,2021-12-29 17:16:54.492000,売り,114.91900,114.96900,1.00,-5.00,7433.80,水平線手前,損切,支持抵抗,0,114.91900
2021-12-01,2021-12-31,20260209_091223,20260209_091223-0076,2021-12-29 15:55:38.032000,2021-12-29 17:16:54.492000,売り,114.91900,114.96900,1.00,-5.00,7428.80,水平線手前,損切,支持抵抗,0,114.91900
2021-12-01,2021-12-31,20260209_091223,20260209_091223-0077,2021-12-29 17:16:58.925000,2021-12-29 18:48:28.463000,売り,114.96300,115.01300,1.00,-5.00,7423.80,水平線手前,損切,支持抵抗,0,114.96300
2021-12-01,2021-12-31,20260209_091223,20260209_091223-0078,2021-12-29 18:08:54.561000,2021-12-29 19:20:38.223000,売り,114.97700,115.02700,1.00,-5.00,7418.80,水平線手前,損切,支持抵抗,0,114.97700
2021-12-01,2021-12-31,20260209_091223,20260209_091223-0079,2021-12-29 23:24:50.899000,2021-12-29 23:48:14.730000,買い,114.78400,114.73400,1.00,-5.00,7413.80,水平線手前,損切,支持抵抗,0,114.78400
2021-12-01,2021-12-31,20260209_091223,20260209_091223-0080,2021-12-29 23:27:05.091000,2021-12-30 00:16:11.552000,買い,114.75000,114.70000,1.00,-5.00,7408.80,水平線手前,損切,支持抵抗,0,114.75000
2021-12-01,2021-12-31,20260209_091223,20260209_091223-0081,2021-12-30 00:16:11.603000,2021-12-30 00:52:50.226000,買い,114.70400,114.85400,1.00,15.00,7423.80,水平線手前,利確,支持抵抗,0,114.70400
2021-12-01,2021-12-31,20260209_091223,20260209_091223-0082,2021-12-30 14:57:16.048000,2021-12-30 15:21:22.400000,売り,115.09900,115.14900,1.00,-5.00,7418.80,水平線手前,損切,支持抵抗,0,115.09900
2021-12-01,2021-12-31,20260209_091223,20260209_091223-0083,2021-12-30 15:57:45.382000,2021-12-31 18:19:11.401000,売り,115.17900,115.02900,1.00,15.00,7433.80,水平線手前,利確,支持抵抗,0,115.17900
2021-12-01,2021-12-31,20260209_091223,20260209_091223-0084,2021-12-30 16:28:18.938000,2021-12-31 18:19:11.401000,売り,115.17700,115.02700,1.00,15.00,7448.80,水平線手前,利確,支持抵抗,0,115.17700
2021-12-01,2021-12-31,20260209_091223,20260209_091223-0085,2021-12-31 18:18:46.982000,2021-12-31 23:59:58.944000,買い,115.04400,115.08800,1.00,4.40,7453.20,水平線手前,終了,支持抵抗,0,115.04400
2025-01-01,2025-01-31,20260209_084747,20260209_084747-0001,2025-01-03 15:39:21.390000,2025-01-03 15:55:01.054000,買い,157.21100,157.16100,1.00,-5.00,7448.20,水平線手前,損切,支持抵抗,0,157.21100
2025-01-01,2025-01-31,20260209_084747,20260209_084747-0002,2025-01-03 15:55:01.160000,2025-01-03 16:01:10.882000,買い,157.16500,157.11500,1.00,-5.00,7443.20,水平線手前,損切,支持抵抗,0,157.16500
2025-01-01,2025-01-31,20260209_084747,20260209_084747-0003,2025-01-03 16:08:40.051000,2025-01-03 16:30:08.124000,買い,157.07900,157.22900,1.00,15.00,7458.20,水平線手前,利確,支持抵抗,0,157.07900
2025-01-01,2025-01-31,20260209_084747,20260209_084747-0004,2025-01-03 22:04:21.064000,2025-01-03 22:23:36.711000,買い,157.06200,157.21200,1.00,15.00,7473.20,水平線手前,利確,支持抵抗,0,157.06200
2025-01-01,2025-01-31,20260209_084747,20260209_084747-0005,2025-01-04 00:14:01.968000,2025-01-04 00:14:30.249000,売り,157.39300,157.44300,1.00,-5.00,7468.20,水平線手前,損切,支持抵抗,0,157.39300
2025-01-01,2025-01-31,20260209_084747,20260209_084747-0006,2025-01-04 00:30:37.010000,2025-01-04 01:36:00.891000,売り,157.46000,157.31000,1.00,15.00,7483.20,水平線手前,利確,支持抵抗,0,157.46000
2025-01-01,2025-01-31,20260209_084747,20260209_084747-0007,2025-01-04 02:15:23.472000,2025-01-04 02:37:44.652000,買い,156.90900,157.05900,1.00,15.00,7498.20,水平線手前,利確,支持抵抗,0,156.90900
2025-01-01,2025-01-31,20260209_084747,20260209_084747-0008,2025-01-06 14:18:03.657000,2025-01-06 15:44:26.617000,売り,157.79600,157.64600,1.00,15.00,7513.20,水平線手前,利確,支持抵抗,0,157.79600
2025-01-01,2025-01-31,20260209_084747,20260209_084747-0009,2025-01-06 19:26:15.952000,2025-01-06 19:28:33.831000,売り,157.81900,157.86900,1.00,-5.00,7508.20,水平線手前,損切,支持抵抗,0,157.81900
2025-01-01,2025-01-31,20260209_084747,20260209_084747-0010,2025-01-06 19:53:44.054000,2025-01-06 20:02:41.607000,売り,157.88900,157.93900,1.00,-5.00,7503.20,水平線手前,損切,支持抵抗,0,157.88900
2025-01-01,2025-01-31,20260209_084747,20260209_084747-0011,2025-01-06 20:02:41.607000,2025-01-06 20:12:39.289000,売り,157.93200,157.78200,1.00,15.00,7518.20,水平線手前,利確,支持抵抗,0,157.93200
2025-01-01,2025-01-31,20260209_084747,20260209_084747-0012,2025-01-06 20:15:49.745000,2025-01-06 20:16:03.790000,買い,157.52400,157.47400,1.00,-5.00,7513.20,水平線手前,損切,支持抵抗,0,157.52400
2025-01-01,2025-01-31,20260209_084747,20260209_084747-0013,2025-01-06 20:31:09.536000,2025-01-06 20:43:00.617000,買い,157.20000,157.35000,1.00,15.00,7528.20,水平線手前,利確,支持抵抗,0,157.20000
2025-01-01,2025-01-31,20260209_084747,20260209_084747-0014,2025-01-06 21:48:03.712000,2025-01-06 21:51:41.671000,買い,156.65500,156.80500,1.00,15.00,7543.20,水平線手前,利確,支持抵抗,0,156.65500
2025-01-01,2025-01-31,20260209_084747,20260209_084747-0015,2025-01-06 22:16:11.486000,2025-01-06 22:21:23.195000,買い,156.47100,156.42100,1.00,-5.00,7538.20,水平線手前,損切,支持抵抗,0,156.47100
2025-01-01,2025-01-31,20260209_084747,20260209_084747-0016,2025-01-06 22:28:07.599000,2025-01-06 22:36:33.366000,買い,156.27800,156.42800,1.00,15.00,7553.20,水平線手前,利確,支持抵抗,0,156.27800
2025-01-01,2025-01-31,20260209_084747,20260209_084747-0017,2025-01-06 23:40:14.859000,2025-01-06 23:45:02.536000,売り,157.39100,157.24100,1.00,15.00,7568.20,水平線手前,利確,支持抵抗,0,157.39100
2025-01-01,2025-01-31,20260209_084747,20260209_084747-0018,2025-01-07 00:41:52.315000,2025-01-07 01:02:11.450000,売り,157.62400,157.47400,1.00,15.00,7583.20,水平線手前,利確,支持抵抗,0,157.62400
2025-01-01,2025-01-31,20260209_084747,20260209_084747-0019,2025-01-07 03:04:27.147000,2025-01-07 03:04:38.554000,売り,157.62600,157.67600,1.00,-5.00,7578.20,水平線手前,損切,支持抵抗,0,157.62600
2025-01-01,2025-01-31,20260209_084747,20260209_084747-0020,2025-01-07 03:04:32.087000,2025-01-07 03:25:01.841000,売り,157.64100,157.49100,1.00,15.00,7593.20,水平線手前,利確,支持抵抗,0,157.64100
2025-01-01,2025-01-31,20260209_084747,20260209_084747-0021,2025-01-07 16:59:10.853000,2025-01-07 17:12:17.968000,買い,157.46800,157.41800,1.00,-5.00,7588.20,水平線手前,損切,支持抵抗,0,157.46800
2025-01-01,2025-01-31,20260209_084747,20260209_084747-0022,2025-01-07 17:05:22.765000,2025-01-07 17:40:14.282000,買い,157.43400,157.58400,1.00,15.00,7603.20,水平線手前,利確,支持抵抗,0,157.43400
2025-01-01,2025-01-31,20260209_084747,20260209_084747-0023,2025-01-07 18:00:07.906000,2025-01-07 18:11:39.761000,買い,157.37200,157.52200,1.00,15.00,7618.20,水平線手前,利確,支持抵抗,0,157.37200
2025-01-01,2025-01-31,20260209_084747,20260209_084747-0024,2025-01-07 18:00:22.433000,2025-01-07 18:12:24.143000,買い,157.40200,157.55200,1.00,15.00,7633.20,水平線手前,利確,支持抵抗,0,157.40200
2025-01-01,2025-01-31,20260209_084747,20260209_084747-0025,2025-01-08 00:00:19.283000,2025-01-08 00:00:38.540000,売り,158.12300,158.17300,1.00,-5.00,7628.20,水平線手前,損切,支持抵抗,0,158.12300
2025-01-01,2025-01-31,20260209_084747,20260209_084747-0026,2025-01-08 00:09:51.103000,2025-01-08 00:17:25.830000,売り,158.39300,158.24300,1.00,15.00,7643.20,水平線手前,利確,支持抵抗,0,158.39300
2025-01-01,2025-01-31,20260209_084747,20260209_084747-0027,2025-01-08 00:08:12.379000,2025-01-08 00:17:33.252000,売り,158.38300,158.23300,1.00,15.00,7658.20,水平線手前,利確,支持抵抗,0,158.38300
2025-01-01,2025-01-31,20260209_084747,20260209_084747-0028,2025-01-08 02:31:29.255000,2025-01-08 03:17:51.041000,買い,157.65800,157.60800,1.00,-5.00,7653.20,水平線手前,損切,支持抵抗,0,157.65800
2025-01-01,2025-01-31,20260209_084747,20260209_084747-0029,2025-01-08 03:17:42.089000,2025-01-08 03:34:34.553000,買い,157.62500,157.77500,1.00,15.00,7668.20,水平線手前,利確,支持抵抗,0,157.62500
2025-01-01,2025-01-31,20260209_084747,20260209_084747-0030,2025-01-08 12:30:07.170000,2025-01-08 13:21:30.877000,売り,158.20900,158.25900,1.00,-5.00,7663.20,水平線手前,損切,支持抵抗,0,158.20900
2025-01-01,2025-01-31,20260209_084747,20260209_084747-0031,2025-01-08 14:05:01.607000,2025-01-08 15:14:38.274000,売り,158.23500,158.08500,1.00,15.00,7678.20,水平線手前,利確,支持抵抗,0,158.23500
2025-01-01,2025-01-31,20260209_084747,20260209_084747-0032,2025-01-08 13:20:39.127000,2025-01-08 15:14:46.690000,売り,158.23000,158.08000,1.00,15.00,7693.20,水平線手前,利確,支持抵抗,0,158.23000
2025-01-01,2025-01-31,20260209_084747,20260209_084747-0033,2025-01-08 16:06:15.471000,2025-01-08 16:55:27.029000,買い,157.96400,158.11400,1.00,15.00,7708.20,水平線手前,利確,支持抵抗,0,157.96400
2025-01-01,2025-01-31,20260209_084747,20260209_084747-0034,2025-01-08 17:34:24.967000,2025-01-08 18:05:54.489000,売り,158.25300,158.10300,1.00,15.00,7723.20,水平線手前,利確,支持抵抗,0,158.25300
2025-01-01,2025-01-31,20260209_084747,20260209_084747-0035,2025-01-08 19:31:29.136000,2025-01-08 20:13:01.332000,売り,158.31800,158.36800,1.00,-5.00,7718.20,水平線手前,損切,支持抵抗,0,158.31800
2025-01-01,2025-01-31,20260209_084747,20260209_084747-0036,2025-01-08 20:25:01.133000,2025-01-08 20:27:01.299000,売り,158.39300,158.44300,1.00,-5.00,7713.20,水平線手前,損切,支持抵抗,0,158.39300
2025-01-01,2025-01-31,20260209_084747,20260209_084747-0037,2025-01-08 20:33:12.754000,2025-01-08 20:50:26.847000,売り,158.52800,158.37800,1.00,15.00,7728.20,水平線手前,利確,支持抵抗,0,158.52800
2025-01-01,2025-01-31,20260209_084747,20260209_084747-0038,2025-01-09 11:00:00.377000,2025-01-09 11:08:26.973000,買い,158.10700,158.05700,1.00,-5.00,7723.20,水平線手前,損切,支持抵抗,0,158.10700
2025-01-01,2025-01-31,20260209_084747,20260209_084747-0039,2025-01-09 11:19:28.882000,2025-01-09 12:09:39.273000,買い,158.01900,157.96900,1.00,-5.00,7718.20,水平線手前,損切,支持抵抗,0,158.01900
2025-01-01,2025-01-31,20260209_084747,20260209_084747-0040,2025-01-09 12:12:12.807000,2025-01-09 13:01:52.879000,買い,157.95300,157.90300,1.00,-5.00,7713.20,水平線手前,損切,支持抵抗,0,157.95300
2025-01-01,2025-01-31,20260209_084747,20260209_084747-0041,2025-01-09 13:23:18.340000,2025-01-09 13:51:39.653000,買い,157.79800,157.94800,1.00,15.00,7728.20,水平線手前,利確,支持抵抗,0,157.79800
2025-01-01,2025-01-31,20260209_084747,20260209_084747-0042,2025-01-09 18:34:56.128000,2025-01-09 19:21:33.368000,買い,158.04900,157.99900,1.00,-5.00,7723.20,水平線手前,損切,支持抵抗,0,158.04900
2025-01-01,2025-01-31,20260209_084747,20260209_084747-0043,2025-01-09 19:21:33.531000,2025-01-09 20:12:43.142000,買い,157.99400,157.94400,1.00,-5.00,7718.20,水平線手前,損切,支持抵抗,0,157.99400
2025-01-01,2025-01-31,20260209_084747,20260209_084747-0044,2025-01-09 20:36:18.554000,2025-01-09 21:09:05.339000,買い,157.86200,157.81200,1.00,-5.00,7713.20,水平線手前,損切,支持抵抗,0,157.86200
2025-01-01,2025-01-31,20260209_084747,20260209_084747-0045,2025-01-09 21:21:57.244000,2025-01-09 22:20:38.715000,買い,157.68900,157.83900,1.00,15.00,7728.20,水平線手前,利確,支持抵抗,0,157.68900
2025-01-01,2025-01-31,20260209_084747,20260209_084747-0046,2025-01-09 22:42:03.885000,2025-01-09 23:04:01.064000,買い,157.61300,157.76300,1.00,15.00,7743.20,水平線手前,利確,支持抵抗,0,157.61300
2025-01-01,2025-01-31,20260209_084747,20260209_084747-0047,2025-01-10 11:34:20.717000,2025-01-10 13:10:18.663000,売り,158.25900,158.30900,1.00,-5.00,7738.20,水平線手前,損切,支持抵抗,0,158.25900
2025-01-01,2025-01-31,20260209_084747,20260209_084747-0048,2025-01-10 13:41:47.354000,2025-01-10 14:28:28.717000,売り,158.37700,158.42700,1.00,-5.00,7733.20,水平線手前,損切,支持抵抗,0,158.37700
2025-01-01,2025-01-31,20260209_084747,20260209_084747-0049,2025-01-10 13:50:22.956000,2025-01-10 17:30:04.964000,売り,158.40400,158.25400,1.00,15.00,7748.20,水平線手前,利確,支持抵抗,0,158.40400
2025-01-01,2025-01-31,20260209_084747,20260209_084747-0050,2025-01-10 14:00:40.486000,2025-01-10 17:30:04.964000,売り,158.40600,158.25600,1.00,15.00,7763.20,水平線手前,利確,支持抵抗,0,158.40600
2025-01-01,2025-01-31,20260209_084747,20260209_084747-0051,2025-01-10 17:36:21.519000,2025-01-10 17:36:24.897000,買い,157.96900,157.91900,1.00,-5.00,7758.20,水平線手前,損切,支持抵抗,0,157.96900
2025-01-01,2025-01-31,20260209_084747,20260209_084747-0052,2025-01-10 17:40:30.211000,2025-01-10 17:48:12.770000,買い,157.78700,157.93700,1.00,15.00,7773.20,水平線手前,利確,支持抵抗,0,157.78700
2025-01-01,2025-01-31,20260209_084747,20260209_084747-0053,2025-01-10 18:10:39.782000,2025-01-10 18:32:38.120000,買い,157.66200,157.81200,1.00,15.00,7788.20,水平線手前,利確,支持抵抗,0,157.66200
2025-01-01,2025-01-31,20260209_084747,20260209_084747-0054,2025-01-10 22:30:01.667000,2025-01-10 22:30:01.968000,売り,158.41900,158.26900,1.00,15.00,7803.20,水平線手前,利確,支持抵抗,0,158.41900
2025-01-01,2025-01-31,20260209_084747,20260209_084747-0055,2025-01-10 22:33:45.111000,2025-01-10 22:37:08.968000,売り,158.84800,158.69800,1.00,15.00,7818.20,水平線手前,利確,支持抵抗,0,158.84800
2025-01-01,2025-01-31,20260209_084747,20260209_084747-0056,2025-01-10 23:43:01.645000,2025-01-10 23:47:02.803000,買い,157.80100,157.95100,1.00,15.00,7833.20,水平線手前,利確,支持抵抗,0,157.80100
2025-01-01,2025-01-31,20260209_084747,20260209_084747-0057,2025-01-11 00:17:19.551000,2025-01-11 00:17:26.775000,買い,157.56700,157.51700,1.00,-5.00,7828.20,水平線手前,損切,支持抵抗,0,157.56700
2025-01-01,2025-01-31,20260209_084747,20260209_084747-0058,2025-01-11 00:24:50.745000,2025-01-11 00:26:54.061000,買い,157.26100,157.41100,1.00,15.00,7843.20,水平線手前,利確,支持抵抗,0,157.26100
2025-01-01,2025-01-31,20260209_084747,20260209_084747-0059,2025-01-11 03:10:07.780000,2025-01-11 03:16:20.868000,売り,157.84400,157.89400,1.00,-5.00,7838.20,水平線手前,損切,支持抵抗,0,157.84400
2025-01-01,2025-01-31,20260209_084747,20260209_084747-0060,2025-01-11 03:30:42.428000,2025-01-11 04:02:00.729000,売り,157.93000,157.98000,1.00,-5.00,7833.20,水平線手前,損切,支持抵抗,0,157.93000
2025-01-01,2025-01-31,20260209_084747,20260209_084747-0061,2025-01-11 04:01:50.468000,2025-01-11 06:00:17.838000,売り,157.95400,157.80400,1.00,15.00,7848.20,水平線手前,利確,支持抵抗,0,157.95400
2025-01-01,2025-01-31,20260209_084747,20260209_084747-0062,2025-01-13 14:38:48.891000,2025-01-13 15:05:02.948000,買い,157.30400,157.25400,1.00,-5.00,7843.20,水平線手前,損切,支持抵抗,0,157.30400
2025-01-01,2025-01-31,20260209_084747,20260209_084747-0063,2025-01-13 15:05:03.666000,2025-01-13 15:09:14.823000,買い,157.25600,157.40600,1.00,15.00,7858.20,水平線手前,利確,支持抵抗,0,157.25600
2025-01-01,2025-01-31,20260209_084747,20260209_084747-0064,2025-01-13 15:04:50.659000,2025-01-13 15:10:00.342000,買い,157.28500,157.43500,1.00,15.00,7873.20,水平線手前,利確,支持抵抗,0,157.28500
2025-01-01,2025-01-31,20260209_084747,20260209_084747-0065,2025-01-13 18:48:49.933000,2025-01-13 19:03:00.177000,買い,157.07300,157.02300,1.00,-5.00,7868.20,水平線手前,損切,支持抵抗,0,157.07300
2025-01-01,2025-01-31,20260209_084747,20260209_084747-0066,2025-01-13 19:02:10.828000,2025-01-13 19:18:49.329000,買い,157.04900,157.19900,1.00,15.00,7883.20,水平線手前,利確,支持抵抗,0,157.04900
2025-01-01,2025-01-31,20260209_084747,20260209_084747-0067,2025-01-13 21:55:48.572000,2025-01-13 22:06:39.795000,買い,156.94100,157.09100,1.00,15.00,7898.20,水平線手前,利確,支持抵抗,0,156.94100
2025-01-01,2025-01-31,20260209_084747,20260209_084747-0068,2025-01-13 22:23:43.043000,2025-01-13 22:44:20.291000,買い,156.94800,157.09800,1.00,15.00,7913.20,水平線手前,利確,支持抵抗,0,156.94800
2025-01-01,2025-01-31,20260209_084747,20260209_084747-0069,2025-01-14 00:11:23.388000,2025-01-14 00:33:51.577000,売り,157.43500,157.48500,1.00,-5.00,7908.20,水平線手前,損切,支持抵抗,0,157.43500
2025-01-01,2025-01-31,20260209_084747,20260209_084747-0070,2025-01-14 00:50:47.331000,2025-01-14 01:10:16.588000,売り,157.56100,157.61100,1.00,-5.00,7903.20,水平線手前,損切,支持抵抗,0,157.56100
2025-01-01,2025-01-31,20260209_084747,20260209_084747-0071,2025-01-14 01:20:07.841000,2025-01-14 01:35:16.165000,売り,157.76700,157.61700,1.00,15.00,7918.20,水平線手前,利確,支持抵抗,0,157.76700
2025-01-01,2025-01-31,20260209_084747,20260209_084747-0072,2025-01-14 04:54:56.201000,2025-01-14 05:39:30.701000,売り,157.78800,157.63800,1.00,15.00,7933.20,水平線手前,利確,支持抵抗,0,157.78800
2025-01-01,2025-01-31,20260209_084747,20260209_084747-0073,2025-01-14 18:40:58.895000,2025-01-14 19:15:44.672000,売り,158.00400,157.85400,1.00,15.00,7948.20,水平線手前,利確,支持抵抗,0,158.00400
2025-01-01,2025-01-31,20260209_084747,20260209_084747-0074,2025-01-14 18:41:03.872000,2025-01-14 19:16:07.025000,売り,157.99900,157.84900,1.00,15.00,7963.20,水平線手前,利確,支持抵抗,0,157.99900
2025-01-01,2025-01-31,20260209_084747,20260209_084747-0075,2025-01-14 21:13:02.475000,2025-01-14 21:27:34.684000,売り,158.10000,157.95000,1.00,15.00,7978.20,水平線手前,利確,支持抵抗,0,158.10000
2025-01-01,2025-01-31,20260209_084747,20260209_084747-0076,2025-01-14 22:30:05.113000,2025-01-14 22:30:07.864000,買い,157.40000,157.55000,1.00,15.00,7993.20,水平線手前,利確,支持抵抗,0,157.40000
2025-01-01,2025-01-31,20260209_084747,20260209_084747-0077,2025-01-15 00:35:15.438000,2025-01-15 00:56:49.483000,売り,158.12200,157.97200,1.00,15.00,8008.20,水平線手前,利確,支持抵抗,0,158.12200
2025-01-01,2025-01-31,20260209_084747,20260209_084747-0078,2025-01-15 02:29:48.827000,2025-01-15 03:36:58.962000,売り,158.16500,158.01500,1.00,15.00,8023.20,水平線手前,利確,支持抵抗,0,158.16500
2025-01-01,2025-01-31,20260209_084747,20260209_084747-0079,2025-01-15 13:22:18.052000,2025-01-15 13:23:08.422000,買い,157.78000,157.73000,1.00,-5.00,8018.20,水平線手前,損切,支持抵抗,0,157.78000
2025-01-01,2025-01-31,20260209_084747,20260209_084747-0080,2025-01-15 13:52:30.791000,2025-01-15 14:00:38.898000,買い,157.62400,157.57400,1.00,-5.00,8013.20,水平線手前,損切,支持抵抗,0,157.62400
2025-01-01,2025-01-31,20260209_084747,20260209_084747-0081,2025-01-15 14:38:35.255000,2025-01-15 15:19:45.701000,買い,157.23200,157.38200,1.00,15.00,8028.20,水平線手前,利確,支持抵抗,0,157.23200
2025-01-01,2025-01-31,20260209_084747,20260209_084747-0082,2025-01-15 16:38:18.272000,2025-01-15 16:46:33.595000,買い,157.07100,157.02100,1.00,-5.00,8023.20,水平線手前,損切,支持抵抗,0,157.07100
2025-01-01,2025-01-31,20260209_084747,20260209_084747-0083,2025-01-15 16:38:23.645000,2025-01-15 16:46:33.595000,買い,157.07000,157.02000,1.00,-5.00,8018.20,水平線手前,損切,支持抵抗,0,157.07000
2025-01-01,2025-01-31,20260209_084747,20260209_084747-0084,2025-01-15 16:53:59.435000,2025-01-15 16:54:43.660000,買い,156.94800,156.89800,1.00,-5.00,8013.20,水平線手前,損切,支持抵抗,0,156.94800
2025-01-01,2025-01-31,20260209_084747,20260209_084747-0085,2025-01-15 16:54:45.553000,2025-01-15 17:02:52.147000,買い,156.87200,156.82200,1.00,-5.00,8008.20,水平線手前,損切,支持抵抗,0,156.87200
2025-01-01,2025-01-31,20260209_084747,20260209_084747-0086,2025-01-15 17:13:16.921000,2025-01-15 17:19:11.917000,買い,156.75800,156.90800,1.00,15.00,8023.20,水平線手前,利確,支持抵抗,0,156.75800
2025-01-01,2025-01-31,20260209_084747,20260209_084747-0087,2025-01-15 18:31:37.755000,2025-01-15 18:58:45.280000,買い,156.74000,156.89000,1.00,15.00,8038.20,水平線手前,利確,支持抵抗,0,156.74000
2025-01-01,2025-01-31,20260209_084747,20260209_084747-0088,2025-01-15 22:30:01.938000,2025-01-15 22:30:14.490000,買い,156.42400,156.57400,1.00,15.00,8053.20,水平線手前,利確,支持抵抗,0,156.42400
2025-01-01,2025-01-31,20260209_084747,20260209_084747-0089,2025-01-15 22:37:36.628000,2025-01-15 22:39:29.069000,買い,156.28800,156.43800,1.00,15.00,8068.20,水平線手前,利確,支持抵抗,0,156.28800
2025-01-01,2025-01-31,20260209_084747,20260209_084747-0090,2025-01-15 23:27:27.303000,2025-01-15 23:32:10.567000,買い,155.95500,156.10500,1.00,15.00,8083.20,水平線手前,利確,支持抵抗,0,155.95500
2025-01-01,2025-01-31,20260209_084747,20260209_084747-0091,2025-01-16 01:31:22.437000,2025-01-16 02:09:17.862000,売り,156.70200,156.55200,1.00,15.00,8098.20,水平線手前,利確,支持抵抗,0,156.70200
2025-01-01,2025-01-31,20260209_084747,20260209_084747-0092,2025-01-16 11:02:05.206000,2025-01-16 11:02:06.555000,買い,155.51500,155.46500,1.00,-5.00,8093.20,水平線手前,損切,支持抵抗,0,155.51500
2025-01-01,2025-01-31,20260209_084747,20260209_084747-0093,2025-01-16 11:02:42.256000,2025-01-16 11:03:30.220000,買い,155.24600,155.39600,1.00,15.00,8108.20,水平線手前,利確,支持抵抗,0,155.24600
2025-01-01,2025-01-31,20260209_084747,20260209_084747-0094,2025-01-16 15:36:42.227000,2025-01-16 15:53:42.023000,売り,156.28000,156.13000,1.00,15.00,8123.20,水平線手前,利確,支持抵抗,0,156.28000
2025-01-01,2025-01-31,20260209_084747,20260209_084747-0095,2025-01-16 22:31:58.828000,2025-01-16 22:32:43.347000,売り,156.33300,156.18300,1.00,15.00,8138.20,水平線手前,利確,支持抵抗,0,156.33300
2025-01-01,2025-01-31,20260209_084747,20260209_084747-0096,2025-01-17 01:40:21.708000,2025-01-17 01:51:34.119000,買い,155.13900,155.28900,1.00,15.00,8153.20,水平線手前,利確,支持抵抗,0,155.13900
2025-01-01,2025-01-31,20260209_084747,20260209_084747-0097,2025-01-17 03:14:06.470000,2025-01-17 03:34:01.443000,買い,155.18400,155.33400,1.00,15.00,8168.20,水平線手前,利確,支持抵抗,0,155.18400
2025-01-01,2025-01-31,20260209_084747,20260209_084747-0098,2025-01-17 11:50:59.609000,2025-01-17 13:02:31.059000,売り,155.45000,155.50000,1.00,-5.00,8163.20,水平線手前,損切,支持抵抗,0,155.45000
2025-01-01,2025-01-31,20260209_084747,20260209_084747-0099,2025-01-17 13:00:38.349000,2025-01-17 14:30:31.501000,売り,155.46500,155.51500,1.00,-5.00,8158.20,水平線手前,損切,支持抵抗,0,155.46500
2025-01-01,2025-01-31,20260209_084747,20260209_084747-0100,2025-01-17 14:30:31.611000,2025-01-17 14:32:34.742000,売り,155.52500,155.57500,1.00,-5.00,8153.20,水平線手前,損切,支持抵抗,0,155.52500
2025-01-01,2025-01-31,20260209_084747,20260209_084747-0101,2025-01-17 14:41:25.453000,2025-01-17 15:36:18.366000,売り,155.66000,155.71000,1.00,-5.00,8148.20,水平線手前,損切,支持抵抗,0,155.66000
2025-01-01,2025-01-31,20260209_084747,20260209_084747-0102,2025-01-17 15:36:18.419000,2025-01-17 16:03:49.734000,売り,155.71100,155.56100,1.00,15.00,8163.20,水平線手前,利確,支持抵抗,0,155.71100
2025-01-01,2025-01-31,20260209_084747,20260209_084747-0103,2025-01-17 16:29:26.322000,2025-01-17 16:51:59.733000,売り,155.74500,155.59500,1.00,15.00,8178.20,水平線手前,利確,支持抵抗,0,155.74500
2025-01-01,2025-01-31,20260209_084747,20260209_084747-0104,2025-01-17 18:25:13.806000,2025-01-17 19:07:08.287000,売り,155.81700,155.66700,1.00,15.00,8193.20,水平線手前,利確,支持抵抗,0,155.81700
2025-01-01,2025-01-31,20260209_084747,20260209_084747-0105,2025-01-17 23:39:53.820000,2025-01-17 23:53:31.226000,売り,156.17000,156.02000,1.00,15.00,8208.20,水平線手前,利確,支持抵抗,0,156.17000
2025-01-01,2025-01-31,20260209_084747,20260209_084747-0106,2025-01-18 01:26:35.580000,2025-01-18 03:18:28.366000,売り,156.34200,156.19200,1.00,15.00,8223.20,水平線手前,利確,支持抵抗,0,156.34200
2025-01-01,2025-01-31,20260209_084747,20260209_084747-0107,2025-01-20 22:51:26.836000,2025-01-20 23:00:33.739000,買い,155.74700,155.69700,1.00,-5.00,8218.20,水平線手前,損切,支持抵抗,0,155.74700
2025-01-01,2025-01-31,20260209_084747,20260209_084747-0108,2025-01-20 23:43:24.264000,2025-01-20 23:58:00.692000,買い,155.45500,155.60500,1.00,15.00,8233.20,水平線手前,利確,支持抵抗,0,155.45500
2025-01-01,2025-01-31,20260209_084747,20260209_084747-0109,2025-01-21 12:14:15.150000,2025-01-21 12:14:49.032000,買い,154.93500,154.88500,1.00,-5.00,8228.20,水平線手前,損切,支持抵抗,0,154.93500
2025-01-01,2025-01-31,20260209_084747,20260209_084747-0110,2025-01-21 12:14:18.988000,2025-01-21 12:14:49.032000,買い,154.93900,154.88900,1.00,-5.00,8223.20,水平線手前,損切,支持抵抗,0,154.93900
2025-01-01,2025-01-31,20260209_084747,20260209_084747-0111,2025-01-21 12:14:59.472000,2025-01-21 12:29:39.727000,買い,154.80200,154.95200,1.00,15.00,8238.20,水平線手前,利確,支持抵抗,0,154.80200
2025-01-01,2025-01-31,20260209_084747,20260209_084747-0112,2025-01-21 23:45:51.801000,2025-01-21 23:49:07.386000,買い,155.36600,155.51600,1.00,15.00,8253.20,水平線手前,利確,支持抵抗,0,155.36600
2025-01-01,2025-01-31,20260209_084747,20260209_084747-0113,2025-01-22 00:42:06.287000,2025-01-22 01:15:41.194000,買い,155.28200,155.43200,1.00,15.00,8268.20,水平線手前,利確,支持抵抗,0,155.28200
2025-01-01,2025-01-31,20260209_084747,20260209_084747-0114,2025-01-22 12:12:50.916000,2025-01-22 12:22:39.906000,売り,155.79600,155.84600,1.00,-5.00,8263.20,水平線手前,損切,支持抵抗,0,155.79600
2025-01-01,2025-01-31,20260209_084747,20260209_084747-0115,2025-01-22 12:44:03.853000,2025-01-22 13:22:37.619000,売り,155.93100,155.78100,1.00,15.00,8278.20,水平線手前,利確,支持抵抗,0,155.93100
2025-01-01,2025-01-31,20260209_084747,20260209_084747-0116,2025-01-22 15:37:04.048000,2025-01-22 16:30:07.550000,売り,155.94300,155.99300,1.00,-5.00,8273.20,水平線手前,損切,支持抵抗,0,155.94300
2025-01-01,2025-01-31,20260209_084747,20260209_084747-0117,2025-01-22 16:50:13.478000,2025-01-22 16:56:13.073000,売り,156.02000,156.07000,1.00,-5.00,8268.20,水平線手前,損切,支持抵抗,0,156.02000
2025-01-01,2025-01-31,20260209_084747,20260209_084747-0118,2025-01-22 16:56:08.098000,2025-01-22 17:00:07.440000,売り,156.04200,156.09200,1.00,-5.00,8263.20,水平線手前,損切,支持抵抗,0,156.04200
2025-01-01,2025-01-31,20260209_084747,20260209_084747-0119,2025-01-22 17:00:07.440000,2025-01-22 17:20:09.486000,売り,156.08400,155.93400,1.00,15.00,8278.20,水平線手前,利確,支持抵抗,0,156.08400
2025-01-01,2025-01-31,20260209_084747,20260209_084747-0120,2025-01-22 23:34:33.350000,2025-01-22 23:35:11.575000,売り,156.08400,156.13400,1.00,-5.00,8273.20,水平線手前,損切,支持抵抗,0,156.08400
2025-01-01,2025-01-31,20260209_084747,20260209_084747-0121,2025-01-22 23:44:58.276000,2025-01-23 00:27:07.291000,売り,156.15800,156.20800,1.00,-5.00,8268.20,水平線手前,損切,支持抵抗,0,156.15800
2025-01-01,2025-01-31,20260209_084747,20260209_084747-0122,2025-01-22 23:44:58.494000,2025-01-23 00:27:33.253000,売り,156.16100,156.21100,1.00,-5.00,8263.20,水平線手前,損切,支持抵抗,0,156.16100
2025-01-01,2025-01-31,20260209_084747,20260209_084747-0123,2025-01-23 00:27:33.253000,2025-01-23 00:29:05.754000,売り,156.20200,156.25200,1.00,-5.00,8258.20,水平線手前,損切,支持抵抗,0,156.20200
2025-01-01,2025-01-31,20260209_084747,20260209_084747-0124,2025-01-23 00:55:57.195000,2025-01-23 01:01:56.393000,売り,156.39600,156.44600,1.00,-5.00,8253.20,水平線手前,損切,支持抵抗,0,156.39600
2025-01-01,2025-01-31,20260209_084747,20260209_084747-0125,2025-01-23 01:01:55.607000,2025-01-23 01:16:16.343000,売り,156.43300,156.48300,1.00,-5.00,8248.20,水平線手前,損切,支持抵抗,0,156.43300
2025-01-01,2025-01-31,20260209_084747,20260209_084747-0126,2025-01-23 01:29:31.410000,2025-01-23 01:47:25.600000,売り,156.55100,156.60100,1.00,-5.00,8243.20,水平線手前,損切,支持抵抗,0,156.55100
2025-01-01,2025-01-31,20260209_084747,20260209_084747-0127,2025-01-23 01:47:26.935000,2025-01-23 02:22:23.648000,売り,156.61400,156.66400,1.00,-5.00,8238.20,水平線手前,損切,支持抵抗,0,156.61400
2025-01-01,2025-01-31,20260209_084747,20260209_084747-0128,2025-01-23 02:23:30.757000,2025-01-23 03:23:34.765000,売り,156.68200,156.53200,1.00,15.00,8253.20,水平線手前,利確,支持抵抗,0,156.68200
2025-01-01,2025-01-31,20260209_084747,20260209_084747-0129,2025-01-23 14:29:30.344000,2025-01-23 15:03:52.553000,売り,156.72100,156.57100,1.00,15.00,8268.20,水平線手前,利確,支持抵抗,0,156.72100
2025-01-01,2025-01-31,20260209_084747,20260209_084747-0130,2025-01-23 19:05:56.107000,2025-01-23 19:59:47.719000,買い,156.24300,156.39300,1.00,15.00,8283.20,水平線手前,利確,支持抵抗,0,156.24300
2025-01-01,2025-01-31,20260209_084747,20260209_084747-0131,2025-01-23 22:35:09.267000,2025-01-23 23:12:18.110000,買い,156.14000,156.29000,1.00,15.00,8298.20,水平線手前,利確,支持抵抗,0,156.14000
2025-01-01,2025-01-31,20260209_084747,20260209_084747-0132,2025-01-24 01:44:24.860000,2025-01-24 01:51:43.944000,買い,155.89900,156.04900,1.00,15.00,8313.20,水平線手前,利確,支持抵抗,0,155.89900
2025-01-01,2025-01-31,20260209_084747,20260209_084747-0133,2025-01-24 04:52:53.833000,2025-01-24 05:48:53.592000,買い,155.75200,155.90200,1.00,15.00,8328.20,水平線手前,利確,支持抵抗,0,155.75200
2025-01-01,2025-01-31,20260209_084747,20260209_084747-0134,2025-01-24 04:51:53.019000,2025-01-24 05:50:14.085000,買い,155.78000,155.93000,1.00,15.00,8343.20,水平線手前,利確,支持抵抗,0,155.78000
2025-01-01,2025-01-31,20260209_084747,20260209_084747-0135,2025-01-24 12:43:36.795000,2025-01-24 12:46:53.803000,買い,155.46300,155.61300,1.00,15.00,8358.20,水平線手前,利確,支持抵抗,0,155.46300
2025-01-01,2025-01-31,20260209_084747,20260209_084747-0136,2025-01-24 13:08:08.607000,2025-01-24 13:15:04.806000,買い,155.28400,155.23400,1.00,-5.00,8353.20,水平線手前,損切,支持抵抗,0,155.28400
2025-01-01,2025-01-31,20260209_084747,20260209_084747-0137,2025-01-24 13:25:00.882000,2025-01-24 13:32:53.919000,買い,155.04100,155.19100,1.00,15.00,8368.20,水平線手前,利確,支持抵抗,0,155.04100
2025-01-01,2025-01-31,20260209_084747,20260209_084747-0138,2025-01-24 15:40:10.032000,2025-01-24 15:43:53.503000,買い,154.87400,155.02400,1.00,15.00,8383.20,水平線手前,利確,支持抵抗,0,154.87400
2025-01-01,2025-01-31,20260209_084747,20260209_084747-0139,2025-01-24 15:44:22.759000,2025-01-24 15:44:24.055000,売り,155.69100,155.54100,1.00,15.00,8398.20,水平線手前,利確,支持抵抗,0,155.69100
2025-01-01,2025-01-31,20260209_084747,20260209_084747-0140,2025-01-24 18:45:02.061000,2025-01-24 19:04:11.684000,売り,155.61300,155.66300,1.00,-5.00,8393.20,水平線手前,損切,支持抵抗,0,155.61300
2025-01-01,2025-01-31,20260209_084747,20260209_084747-0141,2025-01-24 19:43:42.333000,2025-01-24 20:05:13.032000,売り,155.93500,155.98500,1.00,-5.00,8388.20,水平線手前,損切,支持抵抗,0,155.93500
2025-01-01,2025-01-31,20260209_084747,20260209_084747-0142,2025-01-24 20:09:30.333000,2025-01-24 20:30:32.855000,売り,156.07500,155.92500,1.00,15.00,8403.20,水平線手前,利確,支持抵抗,0,156.07500
2025-01-01,2025-01-31,20260209_084747,20260209_084747-0143,2025-01-24 21:58:07.972000,2025-01-24 22:00:04.304000,売り,156.44200,156.49200,1.00,-5.00,8398.20,水平線手前,損切,支持抵抗,0,156.44200
2025-01-01,2025-01-31,20260209_084747,20260209_084747-0144,2025-01-24 22:10:50.824000,2025-01-24 22:16:19.443000,売り,156.56900,156.41900,1.00,15.00,8413.20,水平線手前,利確,支持抵抗,0,156.56900
2025-01-01,2025-01-31,20260209_084747,20260209_084747-0145,2025-01-24 22:10:36.284000,2025-01-24 22:16:31.036000,売り,156.54700,156.39700,1.00,15.00,8428.20,水平線手前,利確,支持抵抗,0,156.54700
2025-01-01,2025-01-31,20260209_084747,20260209_084747-0146,2025-01-24 23:45:00.285000,2025-01-24 23:46:00.074000,買い,156.11100,156.26100,1.00,15.00,8443.20,水平線手前,利確,支持抵抗,0,156.11100
2025-01-01,2025-01-31,20260209_084747,20260209_084747-0147,2025-01-25 00:52:05.366000,2025-01-25 01:33:39.417000,買い,155.66500,155.61500,1.00,-5.00,8438.20,水平線手前,損切,支持抵抗,0,155.66500
2025-01-01,2025-01-31,20260209_084747,20260209_084747-0148,2025-01-25 01:34:12.576000,2025-01-25 01:46:58.349000,買い,155.61500,155.76500,1.00,15.00,8453.20,水平線手前,利確,支持抵抗,0,155.61500
2025-01-01,2025-01-31,20260209_084747,20260209_084747-0149,2025-01-25 02:09:30.062000,2025-01-25 02:46:39.400000,買い,155.55300,155.70300,1.00,15.00,8468.20,水平線手前,利確,支持抵抗,0,155.55300
2025-01-01,2025-01-31,20260209_084747,20260209_084747-0150,2025-01-27 12:46:23.072000,2025-01-27 12:46:24.489000,売り,155.81200,155.86200,1.00,-5.00,8463.20,水平線手前,損切,支持抵抗,0,155.81200
2025-01-01,2025-01-31,20260209_084747,20260209_084747-0151,2025-01-27 12:46:23.953000,2025-01-27 13:14:43.127000,売り,155.84800,155.89800,1.00,-5.00,8458.20,水平線手前,損切,支持抵抗,0,155.84800
2025-01-01,2025-01-31,20260209_084747,20260209_084747-0152,2025-01-27 13:52:17.565000,2025-01-27 14:06:28.618000,売り,156.02900,156.07900,1.00,-5.00,8453.20,水平線手前,損切,支持抵抗,0,156.02900
2025-01-01,2025-01-31,20260209_084747,20260209_084747-0153,2025-01-27 14:06:26.308000,2025-01-27 15:04:17.771000,売り,156.06700,156.11700,1.00,-5.00,8448.20,水平線手前,損切,支持抵抗,0,156.06700
2025-01-01,2025-01-31,20260209_084747,20260209_084747-0154,2025-01-27 15:06:54.128000,2025-01-27 15:38:41.726000,売り,156.22600,156.07600,1.00,15.00,8463.20,水平線手前,利確,支持抵抗,0,156.22600
2025-01-01,2025-01-31,20260209_084747,20260209_084747-0155,2025-01-27 16:33:05.927000,2025-01-27 16:54:02.495000,買い,155.72000,155.87000,1.00,15.00,8478.20,水平線手前,利確,支持抵抗,0,155.72000
2025-01-01,2025-01-31,20260209_084747,20260209_084747-0156,2025-01-27 17:31:33.119000,2025-01-27 17:31:56.074000,買い,155.32700,155.27700,1.00,-5.00,8473.20,水平線手前,損切,支持抵抗,0,155.32700
2025-01-01,2025-01-31,20260209_084747,20260209_084747-0157,2025-01-27 17:31:31.689000,2025-01-27 17:32:30.561000,買い,155.32400,155.27400,1.00,-5.00,8468.20,水平線手前,損切,支持抵抗,0,155.32400
2025-01-01,2025-01-31,20260209_084747,20260209_084747-0158,2025-01-27 17:52:58.208000,2025-01-27 18:05:30.959000,買い,155.08700,155.03700,1.00,-5.00,8463.20,水平線手前,損切,支持抵抗,0,155.08700
2025-01-01,2025-01-31,20260209_084747,20260209_084747-0159,2025-01-27 18:08:54.376000,2025-01-27 18:09:16.144000,買い,154.97300,154.92300,1.00,-5.00,8458.20,水平線手前,損切,支持抵抗,0,154.97300
2025-01-01,2025-01-31,20260209_084747,20260209_084747-0160,2025-01-27 18:10:12.897000,2025-01-27 18:10:22.310000,買い,154.87700,154.82700,1.00,-5.00,8453.20,水平線手前,損切,支持抵抗,0,154.87700
2025-01-01,2025-01-31,20260209_084747,20260209_084747-0161,2025-01-27 18:16:27.206000,2025-01-27 18:19:17.364000,買い,154.50200,154.65200,1.00,15.00,8468.20,水平線手前,利確,支持抵抗,0,154.50200
2025-01-01,2025-01-31,20260209_084747,20260209_084747-0162,2025-01-27 19:52:54.115000,2025-01-27 19:57:29.236000,買い,153.77500,153.92500,1.00,15.00,8483.20,水平線手前,利確,支持抵抗,0,153.77500
2025-01-01,2025-01-31,20260209_084747,20260209_084747-0163,2025-01-27 20:30:33.577000,2025-01-27 20:34:08.898000,買い,153.75000,153.90000,1.00,15.00,8498.20,水平線手前,利確,支持抵抗,0,153.75000
2025-01-01,2025-01-31,20260209_084747,20260209_084747-0164,2025-01-28 13:16:57.991000,2025-01-28 14:02:50.247000,売り,155.91500,155.76500,1.00,15.00,8513.20,水平線手前,利確,支持抵抗,0,155.91500
2025-01-01,2025-01-31,20260209_084747,20260209_084747-0165,2025-01-28 15:00:33.577000,2025-01-28 15:39:03.536000,買い,155.54700,155.69700,1.00,15.00,8528.20,水平線手前,利確,支持抵抗,0,155.54700
2025-01-01,2025-01-31,20260209_084747,20260209_084747-0166,2025-01-28 16:52:55.218000,2025-01-28 17:06:39.829000,売り,155.96800,155.81800,1.00,15.00,8543.20,水平線手前,利確,支持抵抗,0,155.96800
2025-01-01,2025-01-31,20260209_084747,20260209_084747-0167,2025-01-28 16:52:52.891000,2025-01-28 17:06:48.004000,売り,155.95100,155.80100,1.00,15.00,8558.20,水平線手前,利確,支持抵抗,0,155.95100
2025-01-01,2025-01-31,20260209_084747,20260209_084747-0168,2025-01-28 17:17:18.366000,2025-01-28 17:23:41.723000,買い,155.58000,155.73000,1.00,15.00,8573.20,水平線手前,利確,支持抵抗,0,155.58000
2025-01-01,2025-01-31,20260209_084747,20260209_084747-0169,2025-01-28 18:32:20.255000,2025-01-28 18:33:59.909000,買い,155.28900,155.43900,1.00,15.00,8588.20,水平線手前,利確,支持抵抗,0,155.28900
2025-01-01,2025-01-31,20260209_084747,20260209_084747-0170,2025-01-28 19:43:46.291000,2025-01-28 19:50:09.786000,買い,155.23300,155.38300,1.00,15.00,8603.20,水平線手前,利確,支持抵抗,0,155.23300
2025-01-01,2025-01-31,20260209_084747,20260209_084747-0171,2025-01-28 23:47:24.920000,2025-01-28 23:57:56.108000,買い,155.08500,155.23500,1.00,15.00,8618.20,水平線手前,利確,支持抵抗,0,155.08500
2025-01-01,2025-01-31,20260209_084747,20260209_084747-0172,2025-01-29 12:28:14.493000,2025-01-29 12:30:43.387000,買い,155.46800,155.41800,1.00,-5.00,8613.20,水平線手前,損切,支持抵抗,0,155.46800
2025-01-01,2025-01-31,20260209_084747,20260209_084747-0173,2025-01-29 12:37:42.223000,2025-01-29 13:12:56.957000,買い,155.36000,155.31000,1.00,-5.00,8608.20,水平線手前,損切,支持抵抗,0,155.36000
2025-01-01,2025-01-31,20260209_084747,20260209_084747-0174,2025-01-29 13:52:09.442000,2025-01-29 14:07:05.487000,買い,155.26400,155.21400,1.00,-5.00,8603.20,水平線手前,損切,支持抵抗,0,155.26400
2025-01-01,2025-01-31,20260209_084747,20260209_084747-0175,2025-01-29 14:58:17.496000,2025-01-29 15:25:00.725000,買い,155.03700,155.18700,1.00,15.00,8618.20,水平線手前,利確,支持抵抗,0,155.03700
2025-01-01,2025-01-31,20260209_084747,20260209_084747-0176,2025-01-29 17:16:58.533000,2025-01-29 17:25:08.890000,買い,155.03700,155.18700,1.00,15.00,8633.20,水平線手前,利確,支持抵抗,0,155.03700
2025-01-01,2025-01-31,20260209_084747,20260209_084747-0177,2025-01-29 22:36:38.687000,2025-01-29 22:55:00.429000,買い,155.29200,155.44200,1.00,15.00,8648.20,水平線手前,利確,支持抵抗,0,155.29200
2025-01-01,2025-01-31,20260209_084747,20260209_084747-0178,2025-01-29 23:57:45.905000,2025-01-30 00:15:22.201000,買い,155.21000,155.16000,1.00,-5.00,8643.20,水平線手前,損切,支持抵抗,0,155.21000
2025-01-01,2025-01-31,20260209_084747,20260209_084747-0179,2025-01-30 00:47:05.552000,2025-01-30 01:12:32.856000,買い,154.97600,155.12600,1.00,15.00,8658.20,水平線手前,利確,支持抵抗,0,154.97600
2025-01-01,2025-01-31,20260209_084747,20260209_084747-0180,2025-01-30 04:36:19.507000,2025-01-30 04:38:02.599000,売り,155.58400,155.43400,1.00,15.00,8673.20,水平線手前,利確,支持抵抗,0,155.58400
2025-01-01,2025-01-31,20260209_084747,20260209_084747-0181,2025-01-30 11:05:29.902000,2025-01-30 11:07:06.318000,買い,154.49700,154.44700,1.00,-5.00,8668.20,水平線手前,損切,支持抵抗,0,154.49700
2025-01-01,2025-01-31,20260209_084747,20260209_084747-0182,2025-01-30 11:29:45.988000,2025-01-30 11:49:21.929000,買い,154.31800,154.46800,1.00,15.00,8683.20,水平線手前,利確,支持抵抗,0,154.31800
2025-01-01,2025-01-31,20260209_084747,20260209_084747-0183,2025-01-30 21:30:03.874000,2025-01-30 21:37:46.247000,買い,154.35500,154.30500,1.00,-5.00,8678.20,水平線手前,損切,支持抵抗,0,154.35500
2025-01-01,2025-01-31,20260209_084747,20260209_084747-0184,2025-01-30 21:45:03.402000,2025-01-30 21:50:10.183000,買い,154.21000,154.16000,1.00,-5.00,8673.20,水平線手前,損切,支持抵抗,0,154.21000
2025-01-01,2025-01-31,20260209_084747,20260209_084747-0185,2025-01-30 21:50:35.923000,2025-01-30 22:10:30.485000,買い,154.13300,154.08300,1.00,-5.00,8668.20,水平線手前,損切,支持抵抗,0,154.13300
2025-01-01,2025-01-31,20260209_084747,20260209_084747-0186,2025-01-30 22:57:50.964000,2025-01-30 23:05:33.147000,買い,153.87200,154.02200,1.00,15.00,8683.20,水平線手前,利確,支持抵抗,0,153.87200
2025-01-01,2025-01-31,20260209_084747,20260209_084747-0187,2025-01-31 00:16:42.958000,2025-01-31 00:42:28.029000,買い,153.82700,153.97700,1.00,15.00,8698.20,水平線手前,利確,支持抵抗,0,153.82700
2025-01-01,2025-01-31,20260209_084747,20260209_084747-0188,2025-01-31 11:24:59.923000,2025-01-31 11:52:11.653000,買い,153.94500,154.09500,1.00,15.00,8713.20,水平線手前,利確,支持抵抗,0,153.94500
2025-01-01,2025-01-31,20260209_084747,20260209_084747-0189,2025-01-31 14:01:48.335000,2025-01-31 14:11:21.722000,売り,154.46900,154.51900,1.00,-5.00,8708.20,水平線手前,損切,支持抵抗,0,154.46900
2025-01-01,2025-01-31,20260209_084747,20260209_084747-0190,2025-01-31 14:18:36.245000,2025-01-31 14:21:34.721000,売り,154.57200,154.62200,1.00,-5.00,8703.20,水平線手前,損切,支持抵抗,0,154.57200
2025-01-01,2025-01-31,20260209_084747,20260209_084747-0191,2025-01-31 14:42:05.583000,2025-01-31 15:00:14.356000,売り,154.84500,154.69500,1.00,15.00,8718.20,水平線手前,利確,支持抵抗,0,154.84500
2025-01-01,2025-01-31,20260209_084747,20260209_084747-0192,2025-01-31 15:13:02.990000,2025-01-31 15:29:19.093000,売り,154.90600,154.75600,1.00,15.00,8733.20,水平線手前,利確,支持抵抗,0,154.90600
2025-01-01,2025-01-31,20260209_084747,20260209_084747-0193,2025-01-31 22:35:41.700000,2025-01-31 22:39:58.133000,売り,154.98800,154.83800,1.00,15.00,8748.20,水平線手前,利確,支持抵抗,0,154.98800
2025-02-01,2025-02-28,20260209_084900,20260209_084900-0001,2025-02-03 11:08:47.164000,2025-02-03 11:36:02.007000,売り,155.85400,155.70400,1.00,15.00,8763.20,水平線手前,利確,支持抵抗,0,155.85400
2025-02-01,2025-02-28,20260209_084900,20260209_084900-0002,2025-02-03 14:36:38.283000,2025-02-03 15:21:04.477000,買い,155.49600,155.44600,1.00,-5.00,8758.20,水平線手前,損切,支持抵抗,0,155.49600
2025-02-01,2025-02-28,20260209_084900,20260209_084900-0003,2025-02-03 15:33:48.594000,2025-02-03 16:01:18.650000,買い,155.31600,155.46600,1.00,15.00,8773.20,水平線手前,利確,支持抵抗,0,155.31600
2025-02-01,2025-02-28,20260209_084900,20260209_084900-0004,2025-02-03 18:53:08.590000,2025-02-03 19:33:44.957000,買い,155.03700,154.98700,1.00,-5.00,8768.20,水平線手前,損切,支持抵抗,0,155.03700
2025-02-01,2025-02-28,20260209_084900,20260209_084900-0005,2025-02-03 19:37:58.446000,2025-02-03 20:09:53.607000,買い,154.87000,154.82000,1.00,-5.00,8763.20,水平線手前,損切,支持抵抗,0,154.87000
2025-02-01,2025-02-28,20260209_084900,20260209_084900-0006,2025-02-03 20:48:00.741000,2025-02-03 21:03:42.279000,買い,154.63500,154.58500,1.00,-5.00,8758.20,水平線手前,損切,支持抵抗,0,154.63500
2025-02-01,2025-02-28,20260209_084900,20260209_084900-0007,2025-02-03 21:16:44.944000,2025-02-03 21:23:54.326000,買い,154.56500,154.51500,1.00,-5.00,8753.20,水平線手前,損切,支持抵抗,0,154.56500
2025-02-01,2025-02-28,20260209_084900,20260209_084900-0008,2025-02-03 21:33:24.304000,2025-02-03 21:48:36.593000,買い,154.32000,154.47000,1.00,15.00,8768.20,水平線手前,利確,支持抵抗,0,154.32000
2025-02-01,2025-02-28,20260209_084900,20260209_084900-0009,2025-02-04 00:17:00.957000,2025-02-04 00:22:25.649000,買い,154.04200,154.19200,1.00,15.00,8783.20,水平線手前,利確,支持抵抗,0,154.04200
2025-02-01,2025-02-28,20260209_084900,20260209_084900-0010,2025-02-04 03:36:36.885000,2025-02-04 03:37:42.348000,売り,154.83600,154.88600,1.00,-5.00,8778.20,水平線手前,損切,支持抵抗,0,154.83600
2025-02-01,2025-02-28,20260209_084900,20260209_084900-0011,2025-02-04 03:52:13.605000,2025-02-04 05:03:47.029000,売り,154.97900,154.82900,1.00,15.00,8793.20,水平線手前,利確,支持抵抗,0,154.97900
2025-02-01,2025-02-28,20260209_084900,20260209_084900-0012,2025-02-04 14:07:05.258000,2025-02-04 14:12:56.040000,買い,154.86200,155.01200,1.00,15.00,8808.20,水平線手前,利確,支持抵抗,0,154.86200
2025-02-01,2025-02-28,20260209_084900,20260209_084900-0013,2025-02-04 15:24:46.477000,2025-02-04 15:44:12.921000,売り,155.37500,155.22500,1.00,15.00,8823.20,水平線手前,利確,支持抵抗,0,155.37500
2025-02-01,2025-02-28,20260209_084900,20260209_084900-0014,2025-02-04 15:25:05.137000,2025-02-04 15:44:14.142000,売り,155.37100,155.22100,1.00,15.00,8838.20,水平線手前,利確,支持抵抗,0,155.37100
2025-02-01,2025-02-28,20260209_084900,20260209_084900-0015,2025-02-04 15:24:16.191000,2025-02-04 15:44:29.255000,売り,155.36000,155.21000,1.00,15.00,8853.20,水平線手前,利確,支持抵抗,0,155.36000
2025-02-01,2025-02-28,20260209_084900,20260209_084900-0016,2025-02-04 17:18:07.086000,2025-02-04 17:31:16.316000,売り,155.49200,155.34200,1.00,15.00,8868.20,水平線手前,利確,支持抵抗,0,155.49200
2025-02-01,2025-02-28,20260209_084900,20260209_084900-0017,2025-02-04 17:38:04.046000,2025-02-04 18:01:44.768000,買い,155.16800,155.31800,1.00,15.00,8883.20,水平線手前,利確,支持抵抗,0,155.16800
2025-02-01,2025-02-28,20260209_084900,20260209_084900-0018,2025-02-04 18:21:56.994000,2025-02-04 18:45:25.438000,買い,155.10500,155.25500,1.00,15.00,8898.20,水平線手前,利確,支持抵抗,0,155.10500
2025-02-01,2025-02-28,20260209_084900,20260209_084900-0019,2025-02-04 23:29:33.821000,2025-02-04 23:31:58.781000,買い,155.10400,155.05400,1.00,-5.00,8893.20,水平線手前,損切,支持抵抗,0,155.10400
2025-02-01,2025-02-28,20260209_084900,20260209_084900-0020,2025-02-04 23:41:43.827000,2025-02-05 00:00:01.228000,買い,154.99400,154.94400,1.00,-5.00,8888.20,水平線手前,損切,支持抵抗,0,154.99400
2025-02-01,2025-02-28,20260209_084900,20260209_084900-0021,2025-02-05 00:54:26.773000,2025-02-05 01:03:19.034000,買い,154.57400,154.52400,1.00,-5.00,8883.20,水平線手前,損切,支持抵抗,0,154.57400
2025-02-01,2025-02-28,20260209_084900,20260209_084900-0022,2025-02-05 00:57:20.143000,2025-02-05 01:03:33.660000,買い,154.55300,154.50300,1.00,-5.00,8878.20,水平線手前,損切,支持抵抗,0,154.55300
2025-02-01,2025-02-28,20260209_084900,20260209_084900-0023,2025-02-05 01:04:07.909000,2025-02-05 02:22:25.472000,買い,154.50300,154.45300,1.00,-5.00,8873.20,水平線手前,損切,支持抵抗,0,154.50300
2025-02-01,2025-02-28,20260209_084900,20260209_084900-0024,2025-02-05 02:37:34.260000,2025-02-05 03:08:00.714000,買い,154.28900,154.23900,1.00,-5.00,8868.20,水平線手前,損切,支持抵抗,0,154.28900
2025-02-01,2025-02-28,20260209_084900,20260209_084900-0025,2025-02-05 03:11:17.867000,2025-02-05 07:29:00.879000,買い,154.20600,154.35600,1.00,15.00,8883.20,水平線手前,利確,支持抵抗,0,154.20600
2025-02-01,2025-02-28,20260209_084900,20260209_084900-0026,2025-02-05 11:04:13.004000,2025-02-05 11:04:28.446000,買い,153.50700,153.45700,1.00,-5.00,8878.20,水平線手前,損切,支持抵抗,0,153.50700
2025-02-01,2025-02-28,20260209_084900,20260209_084900-0027,2025-02-05 11:25:41.488000,2025-02-05 11:35:10.179000,買い,153.19900,153.34900,1.00,15.00,8893.20,水平線手前,利確,支持抵抗,0,153.19900
2025-02-01,2025-02-28,20260209_084900,20260209_084900-0028,2025-02-05 12:41:52.316000,2025-02-05 12:47:52.883000,買い,153.11500,153.26500,1.00,15.00,8908.20,水平線手前,利確,支持抵抗,0,153.11500
2025-02-01,2025-02-28,20260209_084900,20260209_084900-0029,2025-02-05 16:27:00.332000,2025-02-05 16:37:50.516000,買い,153.11200,153.26200,1.00,15.00,8923.20,水平線手前,利確,支持抵抗,0,153.11200
2025-02-01,2025-02-28,20260209_084900,20260209_084900-0030,2025-02-05 17:55:14.148000,2025-02-05 18:03:51.836000,買い,152.94800,153.09800,1.00,15.00,8938.20,水平線手前,利確,支持抵抗,0,152.94800
2025-02-01,2025-02-28,20260209_084900,20260209_084900-0031,2025-02-05 18:43:25.685000,2025-02-05 18:53:00.068000,買い,152.68200,152.83200,1.00,15.00,8953.20,水平線手前,利確,支持抵抗,0,152.68200
2025-02-01,2025-02-28,20260209_084900,20260209_084900-0032,2025-02-05 19:34:59.291000,2025-02-05 20:07:45.465000,買い,152.58900,152.73900,1.00,15.00,8968.20,水平線手前,利確,支持抵抗,0,152.58900
2025-02-01,2025-02-28,20260209_084900,20260209_084900-0033,2025-02-06 00:17:11.125000,2025-02-06 00:21:42.298000,買い,152.14900,152.29900,1.00,15.00,8983.20,水平線手前,利確,支持抵抗,0,152.14900
2025-02-01,2025-02-28,20260209_084900,20260209_084900-0034,2025-02-06 18:13:54.501000,2025-02-06 18:14:07.047000,売り,152.72300,152.77300,1.00,-5.00,8978.20,水平線手前,損切,支持抵抗,0,152.72300
2025-02-01,2025-02-28,20260209_084900,20260209_084900-0035,2025-02-06 18:18:47.617000,2025-02-06 18:34:49.171000,売り,152.87000,152.72000,1.00,15.00,8993.20,水平線手前,利確,支持抵抗,0,152.87000
2025-02-01,2025-02-28,20260209_084900,20260209_084900-0036,2025-02-06 21:04:47.472000,2025-02-06 22:01:09.835000,買い,152.30300,152.45300,1.00,15.00,9008.20,水平線手前,利確,支持抵抗,0,152.30300
2025-02-01,2025-02-28,20260209_084900,20260209_084900-0037,2025-02-06 22:52:55.722000,2025-02-06 23:29:45.576000,買い,152.09000,152.04000,1.00,-5.00,9003.20,水平線手前,損切,支持抵抗,0,152.09000
2025-02-01,2025-02-28,20260209_084900,20260209_084900-0038,2025-02-06 23:37:03.629000,2025-02-06 23:49:42.235000,買い,151.89600,152.04600,1.00,15.00,9018.20,水平線手前,利確,支持抵抗,0,151.89600
2025-02-01,2025-02-28,20260209_084900,20260209_084900-0039,2025-02-07 00:39:56.805000,2025-02-07 00:42:37.049000,買い,151.84700,151.79700,1.00,-5.00,9013.20,水平線手前,損切,支持抵抗,0,151.84700
2025-02-01,2025-02-28,20260209_084900,20260209_084900-0040,2025-02-07 00:55:05.474000,2025-02-07 01:09:33.423000,買い,151.69700,151.84700,1.00,15.00,9028.20,水平線手前,利確,支持抵抗,0,151.69700
2025-02-01,2025-02-28,20260209_084900,20260209_084900-0041,2025-02-07 03:44:57.211000,2025-02-07 04:00:31.211000,買い,151.34900,151.29900,1.00,-5.00,9023.20,水平線手前,損切,支持抵抗,0,151.34900
2025-02-01,2025-02-28,20260209_084900,20260209_084900-0042,2025-02-07 04:33:05.201000,2025-02-07 04:56:58.945000,買い,151.27400,151.42400,1.00,15.00,9038.20,水平線手前,利確,支持抵抗,0,151.27400
2025-02-01,2025-02-28,20260209_084900,20260209_084900-0043,2025-02-07 11:13:28.431000,2025-02-07 11:40:53.959000,売り,151.70800,151.55800,1.00,15.00,9053.20,水平線手前,利確,支持抵抗,0,151.70800
2025-02-01,2025-02-28,20260209_084900,20260209_084900-0044,2025-02-07 13:51:39.861000,2025-02-07 14:46:07.789000,売り,151.70400,151.75400,1.00,-5.00,9048.20,水平線手前,損切,支持抵抗,0,151.70400
2025-02-01,2025-02-28,20260209_084900,20260209_084900-0045,2025-02-07 14:50:00.929000,2025-02-07 15:14:20.292000,売り,151.76000,151.61000,1.00,15.00,9063.20,水平線手前,利確,支持抵抗,0,151.76000
2025-02-01,2025-02-28,20260209_084900,20260209_084900-0046,2025-02-07 15:51:58.192000,2025-02-07 16:00:59.526000,売り,151.80700,151.85700,1.00,-5.00,9058.20,水平線手前,損切,支持抵抗,0,151.80700
2025-02-01,2025-02-28,20260209_084900,20260209_084900-0047,2025-02-07 16:02:28.960000,2025-02-07 16:39:48.660000,売り,151.85600,151.70600,1.00,15.00,9073.20,水平線手前,利確,支持抵抗,0,151.85600
2025-02-01,2025-02-28,20260209_084900,20260209_084900-0048,2025-02-07 17:00:22.440000,2025-02-07 17:17:54.318000,売り,151.86100,151.71100,1.00,15.00,9088.20,水平線手前,利確,支持抵抗,0,151.86100
2025-02-01,2025-02-28,20260209_084900,20260209_084900-0049,2025-02-07 19:45:54.917000,2025-02-07 20:55:10.571000,売り,152.13000,152.18000,1.00,-5.00,9083.20,水平線手前,損切,支持抵抗,0,152.13000
2025-02-01,2025-02-28,20260209_084900,20260209_084900-0050,2025-02-07 20:01:27.322000,2025-02-07 21:10:23.935000,売り,152.15200,152.20200,1.00,-5.00,9078.20,水平線手前,損切,支持抵抗,0,152.15200
2025-02-01,2025-02-28,20260209_084900,20260209_084900-0051,2025-02-07 21:09:11.467000,2025-02-07 21:12:09.737000,売り,152.18500,152.23500,1.00,-5.00,9073.20,水平線手前,損切,支持抵抗,0,152.18500
2025-02-01,2025-02-28,20260209_084900,20260209_084900-0052,2025-02-07 21:12:04.545000,2025-02-07 21:40:43.464000,売り,152.21700,152.06700,1.00,15.00,9088.20,水平線手前,利確,支持抵抗,0,152.21700
2025-02-01,2025-02-28,20260209_084900,20260209_084900-0053,2025-02-07 22:30:03.428000,2025-02-07 22:30:04.468000,買い,151.46400,151.41400,1.00,-5.00,9083.20,水平線手前,損切,支持抵抗,0,151.46400
2025-02-01,2025-02-28,20260209_084900,20260209_084900-0054,2025-02-07 22:30:06.227000,2025-02-07 22:30:15.276000,買い,151.34900,151.49900,1.00,15.00,9098.20,水平線手前,利確,支持抵抗,0,151.34900
2025-02-01,2025-02-28,20260209_084900,20260209_084900-0055,2025-02-07 22:31:16.288000,2025-02-07 22:32:09.121000,売り,152.39700,152.24700,1.00,15.00,9113.20,水平線手前,利確,支持抵抗,0,152.39700
2025-02-01,2025-02-28,20260209_084900,20260209_084900-0056,2025-02-08 00:03:52.223000,2025-02-08 00:10:52.028000,買い,151.31200,151.46200,1.00,15.00,9128.20,水平線手前,利確,支持抵抗,0,151.31200
2025-02-01,2025-02-28,20260209_084900,20260209_084900-0057,2025-02-08 01:44:52.642000,2025-02-08 01:45:28.603000,買い,150.99700,150.94700,1.00,-5.00,9123.20,水平線手前,損切,支持抵抗,0,150.99700
2025-02-01,2025-02-28,20260209_084900,20260209_084900-0058,2025-02-08 01:45:08.983000,2025-02-08 01:48:24.584000,買い,150.96700,151.11700,1.00,15.00,9138.20,水平線手前,利確,支持抵抗,0,150.96700
2025-02-01,2025-02-28,20260209_084900,20260209_084900-0059,2025-02-08 02:16:45.485000,2025-02-08 02:16:47.543000,売り,151.73000,151.78000,1.00,-5.00,9133.20,水平線手前,損切,支持抵抗,0,151.73000
2025-02-01,2025-02-28,20260209_084900,20260209_084900-0060,2025-02-08 02:16:53.029000,2025-02-08 02:17:11.539000,売り,151.81800,151.66800,1.00,15.00,9148.20,水平線手前,利確,支持抵抗,0,151.81800
2025-02-01,2025-02-28,20260209_084900,20260209_084900-0061,2025-02-08 04:16:26.631000,2025-02-08 04:28:47.656000,買い,151.23900,151.38900,1.00,15.00,9163.20,水平線手前,利確,支持抵抗,0,151.23900
2025-02-01,2025-02-28,20260209_084900,20260209_084900-0062,2025-02-10 11:29:23.625000,2025-02-10 11:30:04.519000,売り,152.10600,152.15600,1.00,-5.00,9158.20,水平線手前,損切,支持抵抗,0,152.10600
2025-02-01,2025-02-28,20260209_084900,20260209_084900-0063,2025-02-10 11:33:07.653000,2025-02-10 12:15:19.926000,売り,152.18400,152.03400,1.00,15.00,9173.20,水平線手前,利確,支持抵抗,0,152.18400
2025-02-01,2025-02-28,20260209_084900,20260209_084900-0064,2025-02-10 17:22:15.635000,2025-02-10 17:23:14.802000,売り,152.39100,152.44100,1.00,-5.00,9168.20,水平線手前,損切,支持抵抗,0,152.39100
2025-02-01,2025-02-28,20260209_084900,20260209_084900-0065,2025-02-10 17:33:18.894000,2025-02-10 17:49:34.304000,売り,152.50600,152.35600,1.00,15.00,9183.20,水平線手前,利確,支持抵抗,0,152.50600
2025-02-01,2025-02-28,20260209_084900,20260209_084900-0066,2025-02-10 17:33:18.737000,2025-02-10 17:49:35.751000,売り,152.49600,152.34600,1.00,15.00,9198.20,水平線手前,利確,支持抵抗,0,152.49600
2025-02-01,2025-02-28,20260209_084900,20260209_084900-0067,2025-02-11 16:52:12.002000,2025-02-11 17:09:39.895000,売り,152.03800,152.08800,1.00,-5.00,9193.20,水平線手前,損切,支持抵抗,0,152.03800
2025-02-01,2025-02-28,20260209_084900,20260209_084900-0068,2025-02-11 17:09:38.965000,2025-02-11 17:27:02.929000,売り,152.06900,151.91900,1.00,15.00,9208.20,水平線手前,利確,支持抵抗,0,152.06900
2025-02-01,2025-02-28,20260209_084900,20260209_084900-0069,2025-02-11 17:31:34.014000,2025-02-11 17:44:01.268000,買い,151.68600,151.83600,1.00,15.00,9223.20,水平線手前,利確,支持抵抗,0,151.68600
2025-02-01,2025-02-28,20260209_084900,20260209_084900-0070,2025-02-11 19:29:00.202000,2025-02-11 19:32:01.895000,売り,152.06900,152.11900,1.00,-5.00,9218.20,水平線手前,損切,支持抵抗,0,152.06900
2025-02-01,2025-02-28,20260209_084900,20260209_084900-0071,2025-02-11 19:32:02.360000,2025-02-11 20:02:02.545000,売り,152.11800,152.16800,1.00,-5.00,9213.20,水平線手前,損切,支持抵抗,0,152.11800
2025-02-01,2025-02-28,20260209_084900,20260209_084900-0072,2025-02-11 20:51:33.687000,2025-02-11 21:51:27.717000,売り,152.34900,152.39900,1.00,-5.00,9208.20,水平線手前,損切,支持抵抗,0,152.34900
2025-02-01,2025-02-28,20260209_084900,20260209_084900-0073,2025-02-11 21:51:23.013000,2025-02-11 22:20:22.106000,売り,152.38200,152.43200,1.00,-5.00,9203.20,水平線手前,損切,支持抵抗,0,152.38200
2025-02-01,2025-02-28,20260209_084900,20260209_084900-0074,2025-02-11 22:45:39.054000,2025-02-11 22:59:35.839000,売り,152.47900,152.32900,1.00,15.00,9218.20,水平線手前,利確,支持抵抗,0,152.47900
2025-02-01,2025-02-28,20260209_084900,20260209_084900-0075,2025-02-12 00:24:04.935000,2025-02-12 01:06:28.115000,売り,152.57200,152.42200,1.00,15.00,9233.20,水平線手前,利確,支持抵抗,0,152.57200
2025-02-01,2025-02-28,20260209_084900,20260209_084900-0076,2025-02-12 11:10:13.403000,2025-02-12 11:36:04.196000,売り,153.45500,153.50500,1.00,-5.00,9228.20,水平線手前,損切,支持抵抗,0,153.45500
2025-02-01,2025-02-28,20260209_084900,20260209_084900-0077,2025-02-12 11:36:04.196000,2025-02-12 12:11:01.161000,売り,153.51400,153.56400,1.00,-5.00,9223.20,水平線手前,損切,支持抵抗,0,153.51400
2025-02-01,2025-02-28,20260209_084900,20260209_084900-0078,2025-02-12 12:50:18.425000,2025-02-12 13:13:51.228000,売り,153.65200,153.70200,1.00,-5.00,9218.20,水平線手前,損切,支持抵抗,0,153.65200
2025-02-01,2025-02-28,20260209_084900,20260209_084900-0079,2025-02-12 13:15:29.491000,2025-02-12 14:52:18.363000,売り,153.71200,153.56200,1.00,15.00,9233.20,水平線手前,利確,支持抵抗,0,153.71200
2025-02-01,2025-02-28,20260209_084900,20260209_084900-0080,2025-02-12 14:01:17.172000,2025-02-12 14:52:24.253000,売り,153.70300,153.55300,1.00,15.00,9248.20,水平線手前,利確,支持抵抗,0,153.70300
2025-02-01,2025-02-28,20260209_084900,20260209_084900-0081,2025-02-12 16:37:36.465000,2025-02-12 16:55:30.849000,買い,153.45200,153.60200,1.00,15.00,9263.20,水平線手前,利確,支持抵抗,0,153.45200
2025-02-01,2025-02-28,20260209_084900,20260209_084900-0082,2025-02-12 17:01:04.311000,2025-02-12 17:01:08.674000,売り,153.82400,153.87400,1.00,-5.00,9258.20,水平線手前,損切,支持抵抗,0,153.82400
2025-02-01,2025-02-28,20260209_084900,20260209_084900-0083,2025-02-12 17:01:08.569000,2025-02-12 17:09:59.892000,売り,153.85800,153.70800,1.00,15.00,9273.20,水平線手前,利確,支持抵抗,0,153.85800
2025-02-01,2025-02-28,20260209_084900,20260209_084900-0084,2025-02-12 18:15:18.423000,2025-02-12 19:10:22.938000,買い,153.44700,153.59700,1.00,15.00,9288.20,水平線手前,利確,支持抵抗,0,153.44700
2025-02-01,2025-02-28,20260209_084900,20260209_084900-0085,2025-02-12 19:30:23.218000,2025-02-12 20:38:22.198000,売り,153.66600,153.51600,1.00,15.00,9303.20,水平線手前,利確,支持抵抗,0,153.66600
2025-02-01,2025-02-28,20260209_084900,20260209_084900-0086,2025-02-12 21:58:34.773000,2025-02-12 21:59:31.226000,買い,153.41100,153.56100,1.00,15.00,9318.20,水平線手前,利確,支持抵抗,0,153.41100
2025-02-01,2025-02-28,20260209_084900,20260209_084900-0087,2025-02-12 22:30:00.424000,2025-02-12 22:30:01.299000,買い,153.30100,153.45100,1.00,15.00,9333.20,水平線手前,利確,支持抵抗,0,153.30100
2025-02-01,2025-02-28,20260209_084900,20260209_084900-0088,2025-02-12 22:32:32.650000,2025-02-12 22:34:44.860000,売り,154.43000,154.28000,1.00,15.00,9348.20,水平線手前,利確,支持抵抗,0,154.43000
2025-02-01,2025-02-28,20260209_084900,20260209_084900-0089,2025-02-12 22:32:31.827000,2025-02-12 22:34:47.803000,売り,154.42300,154.27300,1.00,15.00,9363.20,水平線手前,利確,支持抵抗,0,154.42300
2025-02-01,2025-02-28,20260209_084900,20260209_084900-0090,2025-02-12 23:06:07.155000,2025-02-12 23:16:13.869000,売り,154.44500,154.29500,1.00,15.00,9378.20,水平線手前,利確,支持抵抗,0,154.44500
2025-02-01,2025-02-28,20260209_084900,20260209_084900-0091,2025-02-13 00:15:41.712000,2025-02-13 00:42:35.885000,売り,154.58800,154.43800,1.00,15.00,9393.20,水平線手前,利確,支持抵抗,0,154.58800
2025-02-01,2025-02-28,20260209_084900,20260209_084900-0092,2025-02-13 01:23:50.835000,2025-02-13 01:56:30.623000,売り,154.77100,154.62100,1.00,15.00,9408.20,水平線手前,利確,支持抵抗,0,154.77100
2025-02-01,2025-02-28,20260209_084900,20260209_084900-0093,2025-02-13 02:52:51.036000,2025-02-13 03:40:56.568000,買い,154.35300,154.30300,1.00,-5.00,9403.20,水平線手前,損切,支持抵抗,0,154.35300
2025-02-01,2025-02-28,20260209_084900,20260209_084900-0094,2025-02-13 03:40:47.071000,2025-02-13 04:45:54.191000,買い,154.32300,154.47300,1.00,15.00,9418.20,水平線手前,利確,支持抵抗,0,154.32300
2025-02-01,2025-02-28,20260209_084900,20260209_084900-0095,2025-02-13 14:37:38.392000,2025-02-13 15:07:48.343000,買い,154.16000,154.11000,1.00,-5.00,9413.20,水平線手前,損切,支持抵抗,0,154.16000
2025-02-01,2025-02-28,20260209_084900,20260209_084900-0096,2025-02-13 16:00:45.295000,2025-02-13 16:14:23.396000,買い,153.99300,154.14300,1.00,15.00,9428.20,水平線手前,利確,支持抵抗,0,153.99300
2025-02-01,2025-02-28,20260209_084900,20260209_084900-0097,2025-02-13 15:19:10.520000,2025-02-13 16:20:04.297000,買い,153.99900,154.14900,1.00,15.00,9443.20,水平線手前,利確,支持抵抗,0,153.99900
2025-02-01,2025-02-28,20260209_084900,20260209_084900-0098,2025-02-13 18:07:17.804000,2025-02-13 18:42:07.397000,買い,153.93400,154.08400,1.00,15.00,9458.20,水平線手前,利確,支持抵抗,0,153.93400
2025-02-01,2025-02-28,20260209_084900,20260209_084900-0099,2025-02-13 19:41:12.919000,2025-02-13 20:35:54.891000,買い,153.80800,153.75800,1.00,-5.00,9453.20,水平線手前,損切,支持抵抗,0,153.80800
2025-02-01,2025-02-28,20260209_084900,20260209_084900-0100,2025-02-13 20:10:38.526000,2025-02-13 22:30:01.397000,買い,153.77100,153.92100,1.00,15.00,9468.20,水平線手前,利確,支持抵抗,0,153.77100
2025-02-01,2025-02-28,20260209_084900,20260209_084900-0101,2025-02-13 22:30:36.728000,2025-02-13 22:33:16.953000,売り,153.98500,153.83500,1.00,15.00,9483.20,水平線手前,利確,支持抵抗,0,153.98500
2025-02-01,2025-02-28,20260209_084900,20260209_084900-0102,2025-02-13 22:50:57.833000,2025-02-13 23:12:25.165000,買い,153.46000,153.41000,1.00,-5.00,9478.20,水平線手前,損切,支持抵抗,0,153.46000
2025-02-01,2025-02-28,20260209_084900,20260209_084900-0103,2025-02-13 23:42:01.477000,2025-02-14 00:00:44.874000,買い,153.38900,153.53900,1.00,15.00,9493.20,水平線手前,利確,支持抵抗,0,153.38900
2025-02-01,2025-02-28,20260209_084900,20260209_084900-0104,2025-02-14 00:52:05.584000,2025-02-14 01:05:27.031000,買い,153.11300,153.06300,1.00,-5.00,9488.20,水平線手前,損切,支持抵抗,0,153.11300
2025-02-01,2025-02-28,20260209_084900,20260209_084900-0105,2025-02-14 01:26:55.899000,2025-02-14 01:39:32.417000,買い,152.96200,153.11200,1.00,15.00,9503.20,水平線手前,利確,支持抵抗,0,152.96200
2025-02-01,2025-02-28,20260209_084900,20260209_084900-0106,2025-02-14 04:36:04.155000,2025-02-14 04:44:31.118000,買い,152.80900,152.95900,1.00,15.00,9518.20,水平線手前,利確,支持抵抗,0,152.80900
2025-02-01,2025-02-28,20260209_084900,20260209_084900-0107,2025-02-14 15:46:25.618000,2025-02-14 16:06:37.744000,買い,152.48300,152.43300,1.00,-5.00,9513.20,水平線手前,損切,支持抵抗,0,152.48300
2025-02-01,2025-02-28,20260209_084900,20260209_084900-0108,2025-02-14 15:45:01.362000,2025-02-14 16:06:38.410000,買い,152.48000,152.43000,1.00,-5.00,9508.20,水平線手前,損切,支持抵抗,0,152.48000
2025-02-01,2025-02-28,20260209_084900,20260209_084900-0109,2025-02-14 16:07:43.004000,2025-02-14 16:17:10.070000,買い,152.42100,152.57100,1.00,15.00,9523.20,水平線手前,利確,支持抵抗,0,152.42100
2025-02-01,2025-02-28,20260209_084900,20260209_084900-0110,2025-02-14 22:50:27.229000,2025-02-14 23:04:09.175000,買い,152.13600,152.08600,1.00,-5.00,9518.20,水平線手前,損切,支持抵抗,0,152.13600
2025-02-01,2025-02-28,20260209_084900,20260209_084900-0111,2025-02-14 23:04:08.458000,2025-02-14 23:32:18.653000,買い,152.10400,152.25400,1.00,15.00,9533.20,水平線手前,利確,支持抵抗,0,152.10400
2025-02-01,2025-02-28,20260209_084900,20260209_084900-0112,2025-02-15 01:16:24.807000,2025-02-15 01:44:54.619000,買い,152.06300,152.21300,1.00,15.00,9548.20,水平線手前,利確,支持抵抗,0,152.06300
2025-02-01,2025-02-28,20260209_084900,20260209_084900-0113,2025-02-17 11:26:38.255000,2025-02-17 11:32:10.821000,買い,151.77300,151.72300,1.00,-5.00,9543.20,水平線手前,損切,支持抵抗,0,151.77300
2025-02-01,2025-02-28,20260209_084900,20260209_084900-0114,2025-02-17 11:44:14.993000,2025-02-17 11:50:54.508000,買い,151.60700,151.55700,1.00,-5.00,9538.20,水平線手前,損切,支持抵抗,0,151.60700
2025-02-01,2025-02-28,20260209_084900,20260209_084900-0115,2025-02-17 11:52:25.620000,2025-02-17 13:09:37.205000,買い,151.54200,151.69200,1.00,15.00,9553.20,水平線手前,利確,支持抵抗,0,151.54200
2025-02-01,2025-02-28,20260209_084900,20260209_084900-0116,2025-02-17 14:56:30.367000,2025-02-17 15:24:16.109000,買い,151.51100,151.66100,1.00,15.00,9568.20,水平線手前,利確,支持抵抗,0,151.51100
2025-02-01,2025-02-28,20260209_084900,20260209_084900-0117,2025-02-17 21:27:30.941000,2025-02-18 00:56:14.981000,買い,151.43800,151.38800,1.00,-5.00,9563.20,水平線手前,損切,支持抵抗,0,151.43800
2025-02-01,2025-02-28,20260209_084900,20260209_084900-0118,2025-02-18 00:56:38.172000,2025-02-18 06:56:53.742000,買い,151.37600,151.52600,1.00,15.00,9578.20,水平線手前,利確,支持抵抗,0,151.37600
2025-02-01,2025-02-28,20260209_084900,20260209_084900-0119,2025-02-18 11:06:27.439000,2025-02-18 11:24:06.847000,売り,151.76600,151.81600,1.00,-5.00,9573.20,水平線手前,損切,支持抵抗,0,151.76600
2025-02-01,2025-02-28,20260209_084900,20260209_084900-0120,2025-02-18 11:24:06.900000,2025-02-18 12:05:56.163000,売り,151.82200,151.87200,1.00,-5.00,9568.20,水平線手前,損切,支持抵抗,0,151.82200
2025-02-01,2025-02-28,20260209_084900,20260209_084900-0121,2025-02-18 12:09:31.044000,2025-02-18 12:17:33.108000,売り,151.92600,151.97600,1.00,-5.00,9563.20,水平線手前,損切,支持抵抗,0,151.92600
2025-02-01,2025-02-28,20260209_084900,20260209_084900-0122,2025-02-18 12:55:42.433000,2025-02-18 13:00:01.552000,売り,152.06100,152.11100,1.00,-5.00,9558.20,水平線手前,損切,支持抵抗,0,152.06100
2025-02-01,2025-02-28,20260209_084900,20260209_084900-0123,2025-02-18 13:45:42.801000,2025-02-18 14:08:48.599000,売り,152.16300,152.21300,1.00,-5.00,9553.20,水平線手前,損切,支持抵抗,0,152.16300
2025-02-01,2025-02-28,20260209_084900,20260209_084900-0124,2025-02-18 14:05:45.824000,2025-02-18 14:36:12.841000,売り,152.18900,152.03900,1.00,15.00,9568.20,水平線手前,利確,支持抵抗,0,152.18900
2025-02-01,2025-02-28,20260209_084900,20260209_084900-0125,2025-02-19 00:34:47.309000,2025-02-19 01:10:39.425000,買い,151.56600,151.71600,1.00,15.00,9583.20,水平線手前,利確,支持抵抗,0,151.56600
2025-02-01,2025-02-28,20260209_084900,20260209_084900-0126,2025-02-19 11:00:01.988000,2025-02-19 11:08:07.820000,売り,152.13000,152.18000,1.00,-5.00,9578.20,水平線手前,損切,支持抵抗,0,152.13000
2025-02-01,2025-02-28,20260209_084900,20260209_084900-0127,2025-02-19 11:08:13.634000,2025-02-19 11:08:32.538000,売り,152.19200,152.24200,1.00,-5.00,9573.20,水平線手前,損切,支持抵抗,0,152.19200
2025-02-01,2025-02-28,20260209_084900,20260209_084900-0128,2025-02-19 11:09:03.263000,2025-02-19 11:27:37.203000,売り,152.27600,152.12600,1.00,15.00,9588.20,水平線手前,利確,支持抵抗,0,152.27600
2025-02-01,2025-02-28,20260209_084900,20260209_084900-0129,2025-02-19 13:48:00.533000,2025-02-19 14:00:07.713000,買い,151.78100,151.73100,1.00,-5.00,9583.20,水平線手前,損切,支持抵抗,0,151.78100
2025-02-01,2025-02-28,20260209_084900,20260209_084900-0130,2025-02-19 13:49:02.309000,2025-02-19 14:00:07.713000,買い,151.78200,151.73200,1.00,-5.00,9578.20,水平線手前,損切,支持抵抗,0,151.78200
2025-02-01,2025-02-28,20260209_084900,20260209_084900-0131,2025-02-19 14:00:07.713000,2025-02-19 15:03:16.783000,買い,151.73800,151.68800,1.00,-5.00,9573.20,水平線手前,損切,支持抵抗,0,151.73800
2025-02-01,2025-02-28,20260209_084900,20260209_084900-0132,2025-02-19 16:00:14.653000,2025-02-19 16:28:12.282000,買い,151.62700,151.77700,1.00,15.00,9588.20,水平線手前,利確,支持抵抗,0,151.62700
2025-02-01,2025-02-28,20260209_084900,20260209_084900-0133,2025-02-19 15:29:05.143000,2025-02-19 16:28:29.349000,買い,151.62900,151.77900,1.00,15.00,9603.20,水平線手前,利確,支持抵抗,0,151.62900
2025-02-01,2025-02-28,20260209_084900,20260209_084900-0134,2025-02-19 18:34:33.720000,2025-02-19 19:07:05.396000,買い,151.58900,151.73900,1.00,15.00,9618.20,水平線手前,利確,支持抵抗,0,151.58900
2025-02-01,2025-02-28,20260209_084900,20260209_084900-0135,2025-02-19 19:18:55.505000,2025-02-19 20:16:43.863000,売り,151.80200,151.85200,1.00,-5.00,9613.20,水平線手前,損切,支持抵抗,0,151.80200
2025-02-01,2025-02-28,20260209_084900,20260209_084900-0136,2025-02-19 20:38:41.637000,2025-02-19 21:17:04.068000,売り,151.92400,151.77400,1.00,15.00,9628.20,水平線手前,利確,支持抵抗,0,151.92400
2025-02-01,2025-02-28,20260209_084900,20260209_084900-0137,2025-02-19 23:53:44.157000,2025-02-20 00:00:31.359000,買い,151.36600,151.31600,1.00,-5.00,9623.20,水平線手前,損切,支持抵抗,0,151.36600
2025-02-01,2025-02-28,20260209_084900,20260209_084900-0138,2025-02-20 00:03:02.908000,2025-02-20 00:35:46.368000,買い,151.26900,151.41900,1.00,15.00,9638.20,水平線手前,利確,支持抵抗,0,151.26900
2025-02-01,2025-02-28,20260209_084900,20260209_084900-0139,2025-02-20 00:01:07.187000,2025-02-20 00:35:51.528000,買い,151.27800,151.42800,1.00,15.00,9653.20,水平線手前,利確,支持抵抗,0,151.27800
2025-02-01,2025-02-28,20260209_084900,20260209_084900-0140,2025-02-20 11:02:00.841000,2025-02-20 11:02:52.705000,買い,150.60700,150.55700,1.00,-5.00,9648.20,水平線手前,損切,支持抵抗,0,150.60700
2025-02-01,2025-02-28,20260209_084900,20260209_084900-0141,2025-02-20 11:15:01.600000,2025-02-20 11:29:02.970000,買い,150.48800,150.63800,1.00,15.00,9663.20,水平線手前,利確,支持抵抗,0,150.48800
2025-02-01,2025-02-28,20260209_084900,20260209_084900-0142,2025-02-20 12:50:42.395000,2025-02-20 13:00:36.889000,買い,150.42400,150.37400,1.00,-5.00,9658.20,水平線手前,損切,支持抵抗,0,150.42400
2025-02-01,2025-02-28,20260209_084900,20260209_084900-0143,2025-02-20 13:37:30.667000,2025-02-20 14:00:02.885000,買い,150.28200,150.23200,1.00,-5.00,9653.20,水平線手前,損切,支持抵抗,0,150.28200
2025-02-01,2025-02-28,20260209_084900,20260209_084900-0144,2025-02-20 14:01:33.229000,2025-02-20 14:35:28.783000,買い,150.22200,150.37200,1.00,15.00,9668.20,水平線手前,利確,支持抵抗,0,150.22200
2025-02-01,2025-02-28,20260209_084900,20260209_084900-0145,2025-02-20 15:51:59.036000,2025-02-20 16:02:40.426000,買い,150.01600,149.96600,1.00,-5.00,9663.20,水平線手前,損切,支持抵抗,0,150.01600
2025-02-01,2025-02-28,20260209_084900,20260209_084900-0146,2025-02-20 16:02:34.365000,2025-02-20 16:19:44.873000,買い,149.98600,150.13600,1.00,15.00,9678.20,水平線手前,利確,支持抵抗,0,149.98600
2025-02-01,2025-02-28,20260209_084900,20260209_084900-0147,2025-02-20 21:11:01.974000,2025-02-20 21:47:27.088000,買い,149.96600,150.11600,1.00,15.00,9693.20,水平線手前,利確,支持抵抗,0,149.96600
2025-02-01,2025-02-28,20260209_084900,20260209_084900-0148,2025-02-20 22:32:44.386000,2025-02-20 22:36:59.022000,買い,149.74100,149.89100,1.00,15.00,9708.20,水平線手前,利確,支持抵抗,0,149.74100
2025-02-01,2025-02-28,20260209_084900,20260209_084900-0149,2025-02-21 00:54:40.664000,2025-02-21 01:16:50.115000,買い,149.50700,149.65700,1.00,15.00,9723.20,水平線手前,利確,支持抵抗,0,149.50700
2025-02-01,2025-02-28,20260209_084900,20260209_084900-0150,2025-02-21 02:39:43.661000,2025-02-21 03:23:00.102000,買い,149.43700,149.58700,1.00,15.00,9738.20,水平線手前,利確,支持抵抗,0,149.43700
2025-02-01,2025-02-28,20260209_084900,20260209_084900-0151,2025-02-21 11:28:51.038000,2025-02-21 11:28:55.830000,売り,150.41600,150.46600,1.00,-5.00,9733.20,水平線手前,損切,支持抵抗,0,150.41600
2025-02-01,2025-02-28,20260209_084900,20260209_084900-0152,2025-02-21 11:32:59.193000,2025-02-21 11:42:43.093000,売り,150.70400,150.55400,1.00,15.00,9748.20,水平線手前,利確,支持抵抗,0,150.70400
2025-02-01,2025-02-28,20260209_084900,20260209_084900-0153,2025-02-21 23:45:44.822000,2025-02-21 23:47:23.077000,買い,149.82900,149.77900,1.00,-5.00,9743.20,水平線手前,損切,支持抵抗,0,149.82900
2025-02-01,2025-02-28,20260209_084900,20260209_084900-0154,2025-02-21 23:48:11.786000,2025-02-22 00:00:24.036000,買い,149.78100,149.73100,1.00,-5.00,9738.20,水平線手前,損切,支持抵抗,0,149.78100
2025-02-01,2025-02-28,20260209_084900,20260209_084900-0155,2025-02-22 00:51:53.481000,2025-02-22 01:10:49.181000,買い,149.54700,149.49700,1.00,-5.00,9733.20,水平線手前,損切,支持抵抗,0,149.54700
2025-02-01,2025-02-28,20260209_084900,20260209_084900-0156,2025-02-22 01:26:17.120000,2025-02-22 02:22:48.472000,買い,149.42900,149.37900,1.00,-5.00,9728.20,水平線手前,損切,支持抵抗,0,149.42900
2025-02-01,2025-02-28,20260209_084900,20260209_084900-0157,2025-02-22 02:31:42.416000,2025-02-22 02:50:19.839000,買い,149.31200,149.26200,1.00,-5.00,9723.20,水平線手前,損切,支持抵抗,0,149.31200
2025-02-01,2025-02-28,20260209_084900,20260209_084900-0158,2025-02-22 02:56:33.062000,2025-02-22 03:00:32.227000,買い,149.23700,149.18700,1.00,-5.00,9718.20,水平線手前,損切,支持抵抗,0,149.23700
2025-02-01,2025-02-28,20260209_084900,20260209_084900-0159,2025-02-22 03:10:29.386000,2025-02-22 03:15:37.008000,買い,149.00800,149.15800,1.00,15.00,9733.20,水平線手前,利確,支持抵抗,0,149.00800
2025-02-01,2025-02-28,20260209_084900,20260209_084900-0160,2025-02-22 04:25:35.353000,2025-02-22 04:56:42.266000,買い,148.95800,149.10800,1.00,15.00,9748.20,水平線手前,利確,支持抵抗,0,148.95800
2025-02-01,2025-02-28,20260209_084900,20260209_084900-0161,2025-02-24 11:17:12.254000,2025-02-24 11:38:38.240000,売り,149.46500,149.31500,1.00,15.00,9763.20,水平線手前,利確,支持抵抗,0,149.46500
2025-02-01,2025-02-28,20260209_084900,20260209_084900-0162,2025-02-24 15:45:54.784000,2025-02-24 16:44:26.592000,売り,149.51500,149.36500,1.00,15.00,9778.20,水平線手前,利確,支持抵抗,0,149.51500
2025-02-01,2025-02-28,20260209_084900,20260209_084900-0163,2025-02-24 17:05:21.680000,2025-02-24 17:11:23.782000,売り,149.54200,149.39200,1.00,15.00,9793.20,水平線手前,利確,支持抵抗,0,149.54200
2025-02-01,2025-02-28,20260209_084900,20260209_084900-0164,2025-02-24 18:29:14.397000,2025-02-24 19:07:09.647000,売り,149.56600,149.61600,1.00,-5.00,9788.20,水平線手前,損切,支持抵抗,0,149.56600
2025-02-01,2025-02-28,20260209_084900,20260209_084900-0165,2025-02-24 19:16:46.625000,2025-02-24 20:04:35.381000,売り,149.64200,149.69200,1.00,-5.00,9783.20,水平線手前,損切,支持抵抗,0,149.64200
2025-02-01,2025-02-28,20260209_084900,20260209_084900-0166,2025-02-24 20:46:39.328000,2025-02-24 21:33:22.994000,売り,149.75900,149.80900,1.00,-5.00,9778.20,水平線手前,損切,支持抵抗,0,149.75900
2025-02-01,2025-02-28,20260209_084900,20260209_084900-0167,2025-02-24 21:33:23.048000,2025-02-24 22:09:14.307000,売り,149.80100,149.85100,1.00,-5.00,9773.20,水平線手前,損切,支持抵抗,0,149.80100
2025-02-01,2025-02-28,20260209_084900,20260209_084900-0168,2025-02-24 22:09:14.307000,2025-02-24 22:19:46.392000,売り,149.84100,149.69100,1.00,15.00,9788.20,水平線手前,利確,支持抵抗,0,149.84100
2025-02-01,2025-02-28,20260209_084900,20260209_084900-0169,2025-02-25 00:55:00.696000,2025-02-25 01:00:59.730000,買い,149.22800,149.37800,1.00,15.00,9803.20,水平線手前,利確,支持抵抗,0,149.22800
2025-02-01,2025-02-28,20260209_084900,20260209_084900-0170,2025-02-25 01:42:36.008000,2025-02-25 01:59:05.215000,売り,149.73100,149.58100,1.00,15.00,9818.20,水平線手前,利確,支持抵抗,0,149.73100
2025-02-01,2025-02-28,20260209_084900,20260209_084900-0171,2025-02-25 04:30:37.321000,2025-02-25 07:04:01.439000,売り,149.77000,149.62000,1.00,15.00,9833.20,水平線手前,利確,支持抵抗,0,149.77000
2025-02-01,2025-02-28,20260209_084900,20260209_084900-0172,2025-02-25 16:33:42.617000,2025-02-25 16:49:21.191000,買い,149.33400,149.28400,1.00,-5.00,9828.20,水平線手前,損切,支持抵抗,0,149.33400
2025-02-01,2025-02-28,20260209_084900,20260209_084900-0173,2025-02-25 16:50:24.428000,2025-02-25 17:05:53.502000,買い,149.23300,149.38300,1.00,15.00,9843.20,水平線手前,利確,支持抵抗,0,149.23300
2025-02-01,2025-02-28,20260209_084900,20260209_084900-0174,2025-02-25 23:52:53.471000,2025-02-26 00:00:05.840000,買い,149.15100,149.10100,1.00,-5.00,9838.20,水平線手前,損切,支持抵抗,0,149.15100
2025-02-01,2025-02-28,20260209_084900,20260209_084900-0175,2025-02-25 23:52:55.240000,2025-02-26 00:00:05.840000,買い,149.14500,149.09500,1.00,-5.00,9833.20,水平線手前,損切,支持抵抗,0,149.14500
2025-02-01,2025-02-28,20260209_084900,20260209_084900-0176,2025-02-26 00:14:24.311000,2025-02-26 00:17:26.597000,買い,148.88100,148.83100,1.00,-5.00,9828.20,水平線手前,損切,支持抵抗,0,148.88100
2025-02-01,2025-02-28,20260209_084900,20260209_084900-0177,2025-02-26 00:30:54.258000,2025-02-26 00:34:55.667000,買い,148.59100,148.74100,1.00,15.00,9843.20,水平線手前,利確,支持抵抗,0,148.59100
2025-02-01,2025-02-28,20260209_084900,20260209_084900-0178,2025-02-26 02:11:14.398000,2025-02-26 02:21:01.914000,売り,149.22600,149.07600,1.00,15.00,9858.20,水平線手前,利確,支持抵抗,0,149.22600
2025-02-01,2025-02-28,20260209_084900,20260209_084900-0179,2025-02-26 11:53:40.031000,2025-02-26 12:03:38.711000,売り,149.44100,149.49100,1.00,-5.00,9853.20,水平線手前,損切,支持抵抗,0,149.44100
2025-02-01,2025-02-28,20260209_084900,20260209_084900-0180,2025-02-26 12:05:06.300000,2025-02-26 12:50:36.245000,売り,149.48500,149.33500,1.00,15.00,9868.20,水平線手前,利確,支持抵抗,0,149.48500
2025-02-01,2025-02-28,20260209_084900,20260209_084900-0181,2025-02-26 13:15:36.898000,2025-02-26 13:26:34.244000,売り,149.52100,149.37100,1.00,15.00,9883.20,水平線手前,利確,支持抵抗,0,149.52100
2025-02-01,2025-02-28,20260209_084900,20260209_084900-0182,2025-02-26 14:10:34.188000,2025-02-26 14:57:40.007000,売り,149.60000,149.45000,1.00,15.00,9898.20,水平線手前,利確,支持抵抗,0,149.60000
2025-02-01,2025-02-28,20260209_084900,20260209_084900-0183,2025-02-26 15:52:27.852000,2025-02-26 16:06:39.678000,売り,149.60500,149.45500,1.00,15.00,9913.20,水平線手前,利確,支持抵抗,0,149.60500
2025-02-01,2025-02-28,20260209_084900,20260209_084900-0184,2025-02-26 16:13:00.165000,2025-02-26 16:50:05.005000,買い,149.36700,149.51700,1.00,15.00,9928.20,水平線手前,利確,支持抵抗,0,149.36700
2025-02-01,2025-02-28,20260209_084900,20260209_084900-0185,2025-02-26 17:34:10.292000,2025-02-26 17:35:51.374000,買い,149.32100,149.27100,1.00,-5.00,9923.20,水平線手前,損切,支持抵抗,0,149.32100
2025-02-01,2025-02-28,20260209_084900,20260209_084900-0186,2025-02-26 17:35:44.941000,2025-02-26 18:55:14.812000,買い,149.28800,149.43800,1.00,15.00,9938.20,水平線手前,利確,支持抵抗,0,149.28800
2025-02-01,2025-02-28,20260209_084900,20260209_084900-0187,2025-02-26 19:10:57.371000,2025-02-26 19:49:19.159000,買い,149.26300,149.41300,1.00,15.00,9953.20,水平線手前,利確,支持抵抗,0,149.26300
2025-02-01,2025-02-28,20260209_084900,20260209_084900-0188,2025-02-26 21:57:24.866000,2025-02-26 22:01:16.687000,売り,149.61500,149.66500,1.00,-5.00,9948.20,水平線手前,損切,支持抵抗,0,149.61500
2025-02-01,2025-02-28,20260209_084900,20260209_084900-0189,2025-02-26 22:01:16.582000,2025-02-26 22:05:29.207000,売り,149.65500,149.50500,1.00,15.00,9963.20,水平線手前,利確,支持抵抗,0,149.65500
2025-02-01,2025-02-28,20260209_084900,20260209_084900-0190,2025-02-26 23:09:31.225000,2025-02-26 23:28:28.613000,売り,149.70100,149.55100,1.00,15.00,9978.20,水平線手前,利確,支持抵抗,0,149.70100
2025-02-01,2025-02-28,20260209_084900,20260209_084900-0191,2025-02-27 00:17:49.369000,2025-02-27 00:28:00.148000,売り,149.86000,149.71000,1.00,15.00,9993.20,水平線手前,利確,支持抵抗,0,149.86000
2025-02-01,2025-02-28,20260209_084900,20260209_084900-0192,2025-02-27 01:58:14.115000,2025-02-27 02:00:27.528000,買い,149.15700,149.10700,1.00,-5.00,9988.20,水平線手前,損切,支持抵抗,0,149.15700
2025-02-01,2025-02-28,20260209_084900,20260209_084900-0193,2025-02-27 02:34:20.057000,2025-02-27 03:16:04.237000,買い,149.04900,148.99900,1.00,-5.00,9983.20,水平線手前,損切,支持抵抗,0,149.04900
2025-02-01,2025-02-28,20260209_084900,20260209_084900-0194,2025-02-27 03:56:22.420000,2025-02-27 04:59:37.094000,買い,148.86500,148.81500,1.00,-5.00,9978.20,水平線手前,損切,支持抵抗,0,148.86500
2025-02-01,2025-02-28,20260209_084900,20260209_084900-0195,2025-02-27 04:07:32.459000,2025-02-27 05:44:13.759000,買い,148.84900,148.99900,1.00,15.00,9993.20,水平線手前,利確,支持抵抗,0,148.84900
2025-02-01,2025-02-28,20260209_084900,20260209_084900-0196,2025-02-27 15:01:54.756000,2025-02-27 15:23:06.496000,売り,149.37400,149.42400,1.00,-5.00,9988.20,水平線手前,損切,支持抵抗,0,149.37400
2025-02-01,2025-02-28,20260209_084900,20260209_084900-0197,2025-02-27 15:02:21.396000,2025-02-27 15:52:28.400000,売り,149.39300,149.24300,1.00,15.00,10003.20,水平線手前,利確,支持抵抗,0,149.39300
2025-02-01,2025-02-28,20260209_084900,20260209_084900-0198,2025-02-27 17:49:48.116000,2025-02-27 18:00:48.285000,売り,149.69900,149.74900,1.00,-5.00,9998.20,水平線手前,損切,支持抵抗,0,149.69900
2025-02-01,2025-02-28,20260209_084900,20260209_084900-0199,2025-02-27 19:19:46.051000,2025-02-27 20:31:46.057000,売り,149.94600,149.79600,1.00,15.00,10013.20,水平線手前,利確,支持抵抗,0,149.94600
2025-02-01,2025-02-28,20260209_084900,20260209_084900-0200,2025-02-27 18:54:14.693000,2025-02-27 20:32:07.816000,売り,149.94100,149.79100,1.00,15.00,10028.20,水平線手前,利確,支持抵抗,0,149.94100
2025-02-01,2025-02-28,20260209_084900,20260209_084900-0201,2025-02-27 23:35:09.893000,2025-02-27 23:35:27.677000,売り,150.06000,150.11000,1.00,-5.00,10023.20,水平線手前,損切,支持抵抗,0,150.06000
2025-02-01,2025-02-28,20260209_084900,20260209_084900-0202,2025-02-27 23:35:56.326000,2025-02-27 23:42:51.586000,売り,150.11300,149.96300,1.00,15.00,10038.20,水平線手前,利確,支持抵抗,0,150.11300
2025-02-01,2025-02-28,20260209_084900,20260209_084900-0203,2025-02-28 00:00:37.768000,2025-02-28 00:11:14.257000,買い,149.57700,149.72700,1.00,15.00,10053.20,水平線手前,利確,支持抵抗,0,149.57700
2025-02-01,2025-02-28,20260209_084900,20260209_084900-0204,2025-02-28 01:17:56.383000,2025-02-28 01:29:10.302000,売り,150.13100,149.98100,1.00,15.00,10068.20,水平線手前,利確,支持抵抗,0,150.13100
2025-02-01,2025-02-28,20260209_084900,20260209_084900-0205,2025-02-28 11:00:04.661000,2025-02-28 11:00:09.749000,買い,149.31000,149.26000,1.00,-5.00,10063.20,水平線手前,損切,支持抵抗,0,149.31000
2025-02-01,2025-02-28,20260209_084900,20260209_084900-0206,2025-02-28 11:15:21.945000,2025-02-28 11:20:25.607000,買い,149.10900,149.25900,1.00,15.00,10078.20,水平線手前,利確,支持抵抗,0,149.10900
2025-02-01,2025-02-28,20260209_084900,20260209_084900-0207,2025-02-28 11:13:33.374000,2025-02-28 11:21:01.424000,買い,149.13700,149.28700,1.00,15.00,10093.20,水平線手前,利確,支持抵抗,0,149.13700
2025-02-01,2025-02-28,20260209_084900,20260209_084900-0208,2025-02-28 16:42:27.867000,2025-02-28 16:42:57.270000,売り,150.27400,150.32400,1.00,-5.00,10088.20,水平線手前,損切,支持抵抗,0,150.27400
2025-02-01,2025-02-28,20260209_084900,20260209_084900-0209,2025-02-28 16:53:25.443000,2025-02-28 16:54:36.203000,売り,150.48200,150.53200,1.00,-5.00,10083.20,水平線手前,損切,支持抵抗,0,150.48200
2025-02-01,2025-02-28,20260209_084900,20260209_084900-0210,2025-02-28 16:54:36.203000,2025-02-28 17:05:24.973000,売り,150.54900,150.39900,1.00,15.00,10098.20,水平線手前,利確,支持抵抗,0,150.54900
2025-02-01,2025-02-28,20260209_084900,20260209_084900-0211,2025-02-28 17:31:38.279000,2025-02-28 18:03:03.037000,売り,150.65800,150.50800,1.00,15.00,10113.20,水平線手前,利確,支持抵抗,0,150.65800
2025-02-01,2025-02-28,20260209_084900,20260209_084900-0212,2025-02-28 21:56:18.393000,2025-02-28 21:59:08.948000,売り,150.65800,150.70800,1.00,-5.00,10108.20,水平線手前,損切,支持抵抗,0,150.65800
2025-02-01,2025-02-28,20260209_084900,20260209_084900-0213,2025-02-28 21:58:53.128000,2025-02-28 22:00:54.254000,売り,150.68500,150.73500,1.00,-5.00,10103.20,水平線手前,損切,支持抵抗,0,150.68500
2025-02-01,2025-02-28,20260209_084900,20260209_084900-0214,2025-02-28 22:33:34.396000,2025-02-28 22:39:15.412000,売り,150.95900,150.80900,1.00,15.00,10118.20,水平線手前,利確,支持抵抗,0,150.95900
2025-03-01,2025-03-31,20260209_085034,20260209_085034-0001,2025-03-03 11:09:45.987000,2025-03-03 11:42:16.868000,買い,150.30600,150.45600,1.00,15.00,10133.20,水平線手前,利確,支持抵抗,0,150.30600
2025-03-01,2025-03-31,20260209_085034,20260209_085034-0002,2025-03-03 12:22:10.297000,2025-03-03 12:45:25.893000,買い,150.27100,150.42100,1.00,15.00,10148.20,水平線手前,利確,支持抵抗,0,150.27100
2025-03-01,2025-03-31,20260209_085034,20260209_085034-0003,2025-03-03 12:22:07.846000,2025-03-03 12:45:26.964000,買い,150.28100,150.43100,1.00,15.00,10163.20,水平線手前,利確,支持抵抗,0,150.28100
2025-03-01,2025-03-31,20260209_085034,20260209_085034-0004,2025-03-03 14:27:13.381000,2025-03-03 15:06:44.702000,売り,150.50000,150.35000,1.00,15.00,10178.20,水平線手前,利確,支持抵抗,0,150.50000
2025-03-01,2025-03-31,20260209_085034,20260209_085034-0005,2025-03-03 15:14:52.615000,2025-03-03 15:37:56.944000,買い,150.30300,150.45300,1.00,15.00,10193.20,水平線手前,利確,支持抵抗,0,150.30300
2025-03-01,2025-03-31,20260209_085034,20260209_085034-0006,2025-03-03 16:58:52.908000,2025-03-03 17:00:31.716000,買い,150.18900,150.13900,1.00,-5.00,10188.20,水平線手前,損切,支持抵抗,0,150.18900
2025-03-01,2025-03-31,20260209_085034,20260209_085034-0007,2025-03-03 17:04:02.929000,2025-03-03 17:08:39.954000,買い,150.06200,150.21200,1.00,15.00,10203.20,水平線手前,利確,支持抵抗,0,150.06200
2025-03-01,2025-03-31,20260209_085034,20260209_085034-0008,2025-03-03 18:10:03.329000,2025-03-03 18:30:12.615000,買い,149.98500,150.13500,1.00,15.00,10218.20,水平線手前,利確,支持抵抗,0,149.98500
2025-03-01,2025-03-31,20260209_085034,20260209_085034-0009,2025-03-03 19:48:14.043000,2025-03-03 20:04:20.918000,売り,150.86600,150.91600,1.00,-5.00,10213.20,水平線手前,損切,支持抵抗,0,150.86600
2025-03-01,2025-03-31,20260209_085034,20260209_085034-0010,2025-03-03 20:49:34.506000,2025-03-03 20:52:10.736000,売り,150.98900,151.03900,1.00,-5.00,10208.20,水平線手前,損切,支持抵抗,0,150.98900
2025-03-01,2025-03-31,20260209_085034,20260209_085034-0011,2025-03-03 20:58:33.787000,2025-03-03 21:13:38.937000,売り,151.20900,151.25900,1.00,-5.00,10203.20,水平線手前,損切,支持抵抗,0,151.20900
2025-03-01,2025-03-31,20260209_085034,20260209_085034-0012,2025-03-03 21:13:55.187000,2025-03-03 22:20:52.649000,売り,151.27200,151.12200,1.00,15.00,10218.20,水平線手前,利確,支持抵抗,0,151.27200
2025-03-01,2025-03-31,20260209_085034,20260209_085034-0013,2025-03-04 03:10:06.048000,2025-03-04 03:48:15.846000,買い,150.08500,150.23500,1.00,15.00,10233.20,水平線手前,利確,支持抵抗,0,150.08500
2025-03-01,2025-03-31,20260209_085034,20260209_085034-0014,2025-03-04 16:29:57.277000,2025-03-04 16:34:15.715000,買い,149.10000,149.25000,1.00,15.00,10248.20,水平線手前,利確,支持抵抗,0,149.10000
2025-03-01,2025-03-31,20260209_085034,20260209_085034-0015,2025-03-04 17:09:02.273000,2025-03-04 17:24:17.475000,買い,149.03900,149.18900,1.00,15.00,10263.20,水平線手前,利確,支持抵抗,0,149.03900
2025-03-01,2025-03-31,20260209_085034,20260209_085034-0016,2025-03-04 18:27:29.068000,2025-03-04 18:44:45.350000,買い,148.83600,148.98600,1.00,15.00,10278.20,水平線手前,利確,支持抵抗,0,148.83600
2025-03-01,2025-03-31,20260209_085034,20260209_085034-0017,2025-03-04 19:33:45.297000,2025-03-04 20:15:02.840000,買い,148.80000,148.75000,1.00,-5.00,10273.20,水平線手前,損切,支持抵抗,0,148.80000
2025-03-01,2025-03-31,20260209_085034,20260209_085034-0018,2025-03-04 20:31:56.177000,2025-03-04 20:32:00.014000,買い,148.63500,148.58500,1.00,-5.00,10268.20,水平線手前,損切,支持抵抗,0,148.63500
2025-03-01,2025-03-31,20260209_085034,20260209_085034-0019,2025-03-04 20:54:36.703000,2025-03-04 21:02:06.122000,買い,148.32800,148.27800,1.00,-5.00,10263.20,水平線手前,損切,支持抵抗,0,148.32800
2025-03-01,2025-03-31,20260209_085034,20260209_085034-0020,2025-03-04 21:14:59.016000,2025-03-04 21:36:14.225000,買い,148.13600,148.28600,1.00,15.00,10278.20,水平線手前,利確,支持抵抗,0,148.13600
2025-03-01,2025-03-31,20260209_085034,20260209_085034-0021,2025-03-05 15:29:25.312000,2025-03-05 16:01:14.619000,買い,149.60700,149.75700,1.00,15.00,10293.20,水平線手前,利確,支持抵抗,0,149.60700
2025-03-01,2025-03-31,20260209_085034,20260209_085034-0022,2025-03-05 16:46:24.550000,2025-03-05 17:02:06.914000,買い,149.45300,149.40300,1.00,-5.00,10288.20,水平線手前,損切,支持抵抗,0,149.45300
2025-03-01,2025-03-31,20260209_085034,20260209_085034-0023,2025-03-05 17:50:18.770000,2025-03-05 18:01:31.531000,買い,149.23700,149.18700,1.00,-5.00,10283.20,水平線手前,損切,支持抵抗,0,149.23700
2025-03-01,2025-03-31,20260209_085034,20260209_085034-0024,2025-03-05 18:04:03.993000,2025-03-05 18:22:09.641000,買い,149.13600,149.28600,1.00,15.00,10298.20,水平線手前,利確,支持抵抗,0,149.13600
2025-03-01,2025-03-31,20260209_085034,20260209_085034-0025,2025-03-05 19:08:30.047000,2025-03-05 19:16:26.226000,売り,149.53900,149.38900,1.00,15.00,10313.20,水平線手前,利確,支持抵抗,0,149.53900
2025-03-01,2025-03-31,20260209_085034,20260209_085034-0026,2025-03-05 21:21:33.607000,2025-03-05 21:30:57.173000,買い,149.19000,149.34000,1.00,15.00,10328.20,水平線手前,利確,支持抵抗,0,149.19000
2025-03-01,2025-03-31,20260209_085034,20260209_085034-0027,2025-03-05 22:04:03.611000,2025-03-05 22:15:01.037000,売り,149.71100,149.56100,1.00,15.00,10343.20,水平線手前,利確,支持抵抗,0,149.71100
2025-03-01,2025-03-31,20260209_085034,20260209_085034-0028,2025-03-05 22:51:44.246000,2025-03-05 23:02:18.990000,買い,148.96700,148.91700,1.00,-5.00,10338.20,水平線手前,損切,支持抵抗,0,148.96700
2025-03-01,2025-03-31,20260209_085034,20260209_085034-0029,2025-03-05 23:29:23.674000,2025-03-05 23:31:58.028000,買い,148.72700,148.67700,1.00,-5.00,10333.20,水平線手前,損切,支持抵抗,0,148.72700
2025-03-01,2025-03-31,20260209_085034,20260209_085034-0030,2025-03-05 23:56:34.018000,2025-03-06 00:00:00.157000,買い,148.42900,148.57900,1.00,15.00,10348.20,水平線手前,利確,支持抵抗,0,148.42900
2025-03-01,2025-03-31,20260209_085034,20260209_085034-0031,2025-03-06 13:46:39.900000,2025-03-06 14:05:18.917000,売り,149.30400,149.15400,1.00,15.00,10363.20,水平線手前,利確,支持抵抗,0,149.30400
2025-03-01,2025-03-31,20260209_085034,20260209_085034-0032,2025-03-06 16:39:10.272000,2025-03-06 16:39:27.885000,買い,148.43200,148.38200,1.00,-5.00,10358.20,水平線手前,損切,支持抵抗,0,148.43200
2025-03-01,2025-03-31,20260209_085034,20260209_085034-0033,2025-03-06 16:41:06.144000,2025-03-06 17:05:28.207000,買い,148.30100,148.25100,1.00,-5.00,10353.20,水平線手前,損切,支持抵抗,0,148.30100
2025-03-01,2025-03-31,20260209_085034,20260209_085034-0034,2025-03-06 17:31:43.178000,2025-03-06 17:36:11.876000,買い,148.10500,148.25500,1.00,15.00,10368.20,水平線手前,利確,支持抵抗,0,148.10500
2025-03-01,2025-03-31,20260209_085034,20260209_085034-0035,2025-03-06 18:15:50.629000,2025-03-06 18:48:16.562000,買い,147.81800,147.96800,1.00,15.00,10383.20,水平線手前,利確,支持抵抗,0,147.81800
2025-03-01,2025-03-31,20260209_085034,20260209_085034-0036,2025-03-06 19:01:51.664000,2025-03-06 19:20:33.306000,買い,147.73700,147.88700,1.00,15.00,10398.20,水平線手前,利確,支持抵抗,0,147.73700
2025-03-01,2025-03-31,20260209_085034,20260209_085034-0037,2025-03-06 21:39:38.369000,2025-03-06 21:50:35.048000,買い,147.59400,147.74400,1.00,15.00,10413.20,水平線手前,利確,支持抵抗,0,147.59400
2025-03-01,2025-03-31,20260209_085034,20260209_085034-0038,2025-03-06 22:21:01.053000,2025-03-06 22:30:04.877000,買い,147.38800,147.53800,1.00,15.00,10428.20,水平線手前,利確,支持抵抗,0,147.38800
2025-03-01,2025-03-31,20260209_085034,20260209_085034-0039,2025-03-06 23:01:59.995000,2025-03-06 23:04:23.825000,買い,147.34100,147.49100,1.00,15.00,10443.20,水平線手前,利確,支持抵抗,0,147.34100
2025-03-01,2025-03-31,20260209_085034,20260209_085034-0040,2025-03-07 04:05:33.074000,2025-03-07 04:19:18.412000,買い,147.68300,147.63300,1.00,-5.00,10438.20,水平線手前,損切,支持抵抗,0,147.68300
2025-03-01,2025-03-31,20260209_085034,20260209_085034-0041,2025-03-07 04:22:31.561000,2025-03-07 04:46:52.654000,買い,147.60700,147.75700,1.00,15.00,10453.20,水平線手前,利確,支持抵抗,0,147.60700
2025-03-01,2025-03-31,20260209_085034,20260209_085034-0042,2025-03-07 11:55:30.971000,2025-03-07 12:01:03.410000,買い,147.59000,147.54000,1.00,-5.00,10448.20,水平線手前,損切,支持抵抗,0,147.59000
2025-03-01,2025-03-31,20260209_085034,20260209_085034-0043,2025-03-07 12:16:32.946000,2025-03-07 12:47:26.966000,買い,147.47900,147.62900,1.00,15.00,10463.20,水平線手前,利確,支持抵抗,0,147.47900
2025-03-01,2025-03-31,20260209_085034,20260209_085034-0044,2025-03-07 15:48:49.136000,2025-03-07 16:01:18.186000,買い,147.42600,147.57600,1.00,15.00,10478.20,水平線手前,利確,支持抵抗,0,147.42600
2025-03-01,2025-03-31,20260209_085034,20260209_085034-0045,2025-03-07 17:52:42.052000,2025-03-07 18:03:15.548000,買い,147.23900,147.38900,1.00,15.00,10493.20,水平線手前,利確,支持抵抗,0,147.23900
2025-03-01,2025-03-31,20260209_085034,20260209_085034-0046,2025-03-07 21:17:18.204000,2025-03-07 21:46:52.793000,売り,147.82200,147.67200,1.00,15.00,10508.20,水平線手前,利確,支持抵抗,0,147.82200
2025-03-01,2025-03-31,20260209_085034,20260209_085034-0047,2025-03-07 22:31:42.269000,2025-03-07 22:32:20.676000,売り,147.94000,147.79000,1.00,15.00,10523.20,水平線手前,利確,支持抵抗,0,147.94000
2025-03-01,2025-03-31,20260209_085034,20260209_085034-0048,2025-03-07 22:59:00.568000,2025-03-07 23:01:37.694000,買い,147.15600,147.30600,1.00,15.00,10538.20,水平線手前,利確,支持抵抗,0,147.15600
2025-03-01,2025-03-31,20260209_085034,20260209_085034-0049,2025-03-07 23:31:56.523000,2025-03-07 23:33:59.875000,買い,146.97300,147.12300,1.00,15.00,10553.20,水平線手前,利確,支持抵抗,0,146.97300
2025-03-01,2025-03-31,20260209_085034,20260209_085034-0050,2025-03-08 02:11:39.603000,2025-03-08 02:20:14.472000,買い,146.98400,147.13400,1.00,15.00,10568.20,水平線手前,利確,支持抵抗,0,146.98400
2025-03-01,2025-03-31,20260209_085034,20260209_085034-0051,2025-03-08 02:07:07.572000,2025-03-08 02:20:15.746000,買い,146.99700,147.14700,1.00,15.00,10583.20,水平線手前,利確,支持抵抗,0,146.99700
2025-03-01,2025-03-31,20260209_085034,20260209_085034-0052,2025-03-08 02:55:07.654000,2025-03-08 02:58:00.602000,売り,147.69700,147.54700,1.00,15.00,10598.20,水平線手前,利確,支持抵抗,0,147.69700
2025-03-01,2025-03-31,20260209_085034,20260209_085034-0053,2025-03-08 03:13:47.563000,2025-03-08 03:37:36.490000,売り,147.93600,147.98600,1.00,-5.00,10593.20,水平線手前,損切,支持抵抗,0,147.93600
2025-03-01,2025-03-31,20260209_085034,20260209_085034-0054,2025-03-08 03:38:06.115000,2025-03-08 03:44:24.427000,売り,148.00500,147.85500,1.00,15.00,10608.20,水平線手前,利確,支持抵抗,0,148.00500
2025-03-01,2025-03-31,20260209_085034,20260209_085034-0055,2025-03-08 04:23:03.356000,2025-03-08 04:30:42.632000,売り,148.13300,148.18300,1.00,-5.00,10603.20,水平線手前,損切,支持抵抗,0,148.13300
2025-03-01,2025-03-31,20260209_085034,20260209_085034-0056,2025-03-08 04:29:38.797000,2025-03-08 04:59:45.695000,売り,148.16900,148.01900,1.00,15.00,10618.20,水平線手前,利確,支持抵抗,0,148.16900
2025-03-01,2025-03-31,20260209_085034,20260209_085034-0057,2025-03-10 19:09:46.947000,2025-03-10 19:10:08.710000,買い,147.12700,147.07700,1.00,-5.00,10613.20,水平線手前,損切,支持抵抗,0,147.12700
2025-03-01,2025-03-31,20260209_085034,20260209_085034-0058,2025-03-10 19:33:40.742000,2025-03-10 20:04:03.655000,買い,146.95400,146.90400,1.00,-5.00,10608.20,水平線手前,損切,支持抵抗,0,146.95400
2025-03-01,2025-03-31,20260209_085034,20260209_085034-0059,2025-03-10 20:04:03.707000,2025-03-10 20:06:48.310000,買い,146.89200,147.04200,1.00,15.00,10623.20,水平線手前,利確,支持抵抗,0,146.89200
2025-03-01,2025-03-31,20260209_085034,20260209_085034-0060,2025-03-10 21:31:56.271000,2025-03-10 21:46:14.191000,買い,146.75900,146.90900,1.00,15.00,10638.20,水平線手前,利確,支持抵抗,0,146.75900
2025-03-01,2025-03-31,20260209_085034,20260209_085034-0061,2025-03-10 22:42:50.125000,2025-03-10 22:54:20.120000,売り,147.14400,146.99400,1.00,15.00,10653.20,水平線手前,利確,支持抵抗,0,147.14400
2025-03-01,2025-03-31,20260209_085034,20260209_085034-0062,2025-03-10 23:41:57.717000,2025-03-11 00:01:43.836000,買い,146.66700,146.81700,1.00,15.00,10668.20,水平線手前,利確,支持抵抗,0,146.66700
2025-03-01,2025-03-31,20260209_085034,20260209_085034-0063,2025-03-11 00:37:57.610000,2025-03-11 01:03:02.521000,売り,147.27800,147.12800,1.00,15.00,10683.20,水平線手前,利確,支持抵抗,0,147.27800
2025-03-01,2025-03-31,20260209_085034,20260209_085034-0064,2025-03-11 02:00:35.251000,2025-03-11 02:11:25.866000,売り,147.28700,147.13700,1.00,15.00,10698.20,水平線手前,利確,支持抵抗,0,147.28700
2025-03-01,2025-03-31,20260209_085034,20260209_085034-0065,2025-03-11 03:17:42.857000,2025-03-11 04:02:17.642000,売り,147.35700,147.20700,1.00,15.00,10713.20,水平線手前,利確,支持抵抗,0,147.35700
2025-03-01,2025-03-31,20260209_085034,20260209_085034-0066,2025-03-11 04:34:22.320000,2025-03-11 04:58:28.445000,売り,147.43400,147.28400,1.00,15.00,10728.20,水平線手前,利確,支持抵抗,0,147.43400
2025-03-01,2025-03-31,20260209_085034,20260209_085034-0067,2025-03-11 11:19:33.774000,2025-03-11 11:40:34.445000,売り,147.16400,147.01400,1.00,15.00,10743.20,水平線手前,利確,支持抵抗,0,147.16400
2025-03-01,2025-03-31,20260209_085034,20260209_085034-0068,2025-03-11 13:15:35.212000,2025-03-11 13:37:21.148000,売り,147.19000,147.04000,1.00,15.00,10758.20,水平線手前,利確,支持抵抗,0,147.19000
2025-03-01,2025-03-31,20260209_085034,20260209_085034-0069,2025-03-11 14:52:48.869000,2025-03-11 15:08:17.469000,売り,147.25500,147.30500,1.00,-5.00,10753.20,水平線手前,損切,支持抵抗,0,147.25500
2025-03-01,2025-03-31,20260209_085034,20260209_085034-0070,2025-03-11 15:10:51.070000,2025-03-11 15:41:38.113000,売り,147.37000,147.22000,1.00,15.00,10768.20,水平線手前,利確,支持抵抗,0,147.37000
2025-03-01,2025-03-31,20260209_085034,20260209_085034-0071,2025-03-11 16:50:00.364000,2025-03-11 17:00:49.762000,買い,146.79800,146.94800,1.00,15.00,10783.20,水平線手前,利確,支持抵抗,0,146.79800
2025-03-01,2025-03-31,20260209_085034,20260209_085034-0072,2025-03-11 18:30:05.830000,2025-03-11 18:48:53.194000,売り,147.48700,147.33700,1.00,15.00,10798.20,水平線手前,利確,支持抵抗,0,147.48700
2025-03-01,2025-03-31,20260209_085034,20260209_085034-0073,2025-03-11 19:27:15.948000,2025-03-11 20:30:48.821000,売り,147.61200,147.66200,1.00,-5.00,10793.20,水平線手前,損切,支持抵抗,0,147.61200
2025-03-01,2025-03-31,20260209_085034,20260209_085034-0074,2025-03-11 20:31:10.820000,2025-03-11 21:07:19.300000,売り,147.69500,147.54500,1.00,15.00,10808.20,水平線手前,利確,支持抵抗,0,147.69500
2025-03-01,2025-03-31,20260209_085034,20260209_085034-0075,2025-03-11 21:57:50.281000,2025-03-11 22:04:14.919000,売り,147.90600,147.95600,1.00,-5.00,10803.20,水平線手前,損切,支持抵抗,0,147.90600
2025-03-01,2025-03-31,20260209_085034,20260209_085034-0076,2025-03-11 22:06:25.654000,2025-03-11 22:11:33.457000,売り,148.08500,147.93500,1.00,15.00,10818.20,水平線手前,利確,支持抵抗,0,148.08500
2025-03-01,2025-03-31,20260209_085034,20260209_085034-0077,2025-03-11 22:06:04.087000,2025-03-11 22:25:35.876000,売り,148.08200,147.93200,1.00,15.00,10833.20,水平線手前,利確,支持抵抗,0,148.08200
2025-03-01,2025-03-31,20260209_085034,20260209_085034-0078,2025-03-11 23:00:42.353000,2025-03-11 23:01:51.816000,売り,148.08800,147.93800,1.00,15.00,10848.20,水平線手前,利確,支持抵抗,0,148.08800
2025-03-01,2025-03-31,20260209_085034,20260209_085034-0079,2025-03-12 02:14:18.934000,2025-03-12 02:47:50.573000,買い,147.06000,147.21000,1.00,15.00,10863.20,水平線手前,利確,支持抵抗,0,147.06000
2025-03-01,2025-03-31,20260209_085034,20260209_085034-0080,2025-03-12 13:03:02.328000,2025-03-12 13:08:19.718000,売り,148.12200,148.17200,1.00,-5.00,10858.20,水平線手前,損切,支持抵抗,0,148.12200
2025-03-01,2025-03-31,20260209_085034,20260209_085034-0081,2025-03-12 13:03:03.242000,2025-03-12 13:08:19.718000,売り,148.12200,148.17200,1.00,-5.00,10853.20,水平線手前,損切,支持抵抗,0,148.12200
2025-03-01,2025-03-31,20260209_085034,20260209_085034-0082,2025-03-12 13:19:54.519000,2025-03-12 14:11:04.277000,売り,148.23800,148.28800,1.00,-5.00,10848.20,水平線手前,損切,支持抵抗,0,148.23800
2025-03-01,2025-03-31,20260209_085034,20260209_085034-0083,2025-03-12 14:10:50.431000,2025-03-12 14:55:10.046000,売り,148.25600,148.10600,1.00,15.00,10863.20,水平線手前,利確,支持抵抗,0,148.25600
2025-03-01,2025-03-31,20260209_085034,20260209_085034-0084,2025-03-12 15:59:10.820000,2025-03-12 16:03:34.289000,売り,148.37600,148.42600,1.00,-5.00,10858.20,水平線手前,損切,支持抵抗,0,148.37600
2025-03-01,2025-03-31,20260209_085034,20260209_085034-0085,2025-03-12 16:48:36.427000,2025-03-12 17:00:05.325000,売り,148.57100,148.62100,1.00,-5.00,10853.20,水平線手前,損切,支持抵抗,0,148.57100
2025-03-01,2025-03-31,20260209_085034,20260209_085034-0086,2025-03-12 17:00:09.923000,2025-03-12 17:06:13.094000,売り,148.62000,148.47000,1.00,15.00,10868.20,水平線手前,利確,支持抵抗,0,148.62000
2025-03-01,2025-03-31,20260209_085034,20260209_085034-0087,2025-03-12 18:52:50.761000,2025-03-12 19:15:41.095000,売り,148.64400,148.69400,1.00,-5.00,10863.20,水平線手前,損切,支持抵抗,0,148.64400
2025-03-01,2025-03-31,20260209_085034,20260209_085034-0088,2025-03-12 19:18:24.821000,2025-03-12 19:31:01.705000,売り,148.74100,148.59100,1.00,15.00,10878.20,水平線手前,利確,支持抵抗,0,148.74100
2025-03-01,2025-03-31,20260209_085034,20260209_085034-0089,2025-03-12 19:50:49.939000,2025-03-12 20:36:51.168000,売り,148.75700,148.60700,1.00,15.00,10893.20,水平線手前,利確,支持抵抗,0,148.75700
2025-03-01,2025-03-31,20260209_085034,20260209_085034-0090,2025-03-12 21:58:33.885000,2025-03-12 22:06:21.713000,売り,149.16500,149.01500,1.00,15.00,10908.20,水平線手前,利確,支持抵抗,0,149.16500
2025-03-01,2025-03-31,20260209_085034,20260209_085034-0091,2025-03-13 11:05:30.489000,2025-03-13 12:49:50.828000,買い,148.11400,148.06400,1.00,-5.00,10903.20,水平線手前,損切,支持抵抗,0,148.11400
2025-03-01,2025-03-31,20260209_085034,20260209_085034-0092,2025-03-13 12:56:51.586000,2025-03-13 13:16:21.434000,買い,148.05200,148.00200,1.00,-5.00,10898.20,水平線手前,損切,支持抵抗,0,148.05200
2025-03-01,2025-03-31,20260209_085034,20260209_085034-0093,2025-03-13 13:16:59.139000,2025-03-13 13:17:15.505000,買い,147.99700,147.94700,1.00,-5.00,10893.20,水平線手前,損切,支持抵抗,0,147.99700
2025-03-01,2025-03-31,20260209_085034,20260209_085034-0094,2025-03-13 13:17:11.797000,2025-03-13 13:30:27.695000,買い,147.96100,147.91100,1.00,-5.00,10888.20,水平線手前,損切,支持抵抗,0,147.96100
2025-03-01,2025-03-31,20260209_085034,20260209_085034-0095,2025-03-13 13:37:52.480000,2025-03-13 14:19:23.501000,買い,147.86000,147.81000,1.00,-5.00,10883.20,水平線手前,損切,支持抵抗,0,147.86000
2025-03-01,2025-03-31,20260209_085034,20260209_085034-0096,2025-03-13 14:51:31.912000,2025-03-13 15:09:22.603000,買い,147.73400,147.68400,1.00,-5.00,10878.20,水平線手前,損切,支持抵抗,0,147.73400
2025-03-01,2025-03-31,20260209_085034,20260209_085034-0097,2025-03-13 15:19:04.929000,2025-03-13 15:49:37.106000,買い,147.61400,147.76400,1.00,15.00,10893.20,水平線手前,利確,支持抵抗,0,147.61400
2025-03-01,2025-03-31,20260209_085034,20260209_085034-0098,2025-03-13 21:30:01.218000,2025-03-13 21:30:04.483000,買い,147.74100,147.89100,1.00,15.00,10908.20,水平線手前,利確,支持抵抗,0,147.74100
2025-03-01,2025-03-31,20260209_085034,20260209_085034-0099,2025-03-13 21:30:03.192000,2025-03-13 21:32:33.931000,買い,147.85700,148.00700,1.00,15.00,10923.20,水平線手前,利確,支持抵抗,0,147.85700
2025-03-01,2025-03-31,20260209_085034,20260209_085034-0100,2025-03-13 22:10:05.365000,2025-03-13 22:30:02.150000,売り,148.34000,148.19000,1.00,15.00,10938.20,水平線手前,利確,支持抵抗,0,148.34000
2025-03-01,2025-03-31,20260209_085034,20260209_085034-0101,2025-03-13 22:08:53.629000,2025-03-13 22:30:14.417000,売り,148.32600,148.17600,1.00,15.00,10953.20,水平線手前,利確,支持抵抗,0,148.32600
2025-03-01,2025-03-31,20260209_085034,20260209_085034-0102,2025-03-14 00:40:50.818000,2025-03-14 00:44:10.844000,買い,147.67500,147.82500,1.00,15.00,10968.20,水平線手前,利確,支持抵抗,0,147.67500
2025-03-01,2025-03-31,20260209_085034,20260209_085034-0103,2025-03-14 01:47:24.249000,2025-03-14 02:15:05.519000,買い,147.56800,147.51800,1.00,-5.00,10963.20,水平線手前,損切,支持抵抗,0,147.56800
2025-03-01,2025-03-31,20260209_085034,20260209_085034-0104,2025-03-14 02:20:17.323000,2025-03-14 02:52:17.423000,買い,147.45000,147.60000,1.00,15.00,10978.20,水平線手前,利確,支持抵抗,0,147.45000
2025-03-01,2025-03-31,20260209_085034,20260209_085034-0105,2025-03-14 13:15:46.168000,2025-03-14 13:17:12.360000,売り,148.40600,148.45600,1.00,-5.00,10973.20,水平線手前,損切,支持抵抗,0,148.40600
2025-03-01,2025-03-31,20260209_085034,20260209_085034-0106,2025-03-14 13:16:20.852000,2025-03-14 13:17:20.775000,売り,148.41700,148.46700,1.00,-5.00,10968.20,水平線手前,損切,支持抵抗,0,148.41700
2025-03-01,2025-03-31,20260209_085034,20260209_085034-0107,2025-03-14 13:42:16.797000,2025-03-14 14:04:51.174000,売り,148.52300,148.57300,1.00,-5.00,10963.20,水平線手前,損切,支持抵抗,0,148.52300
2025-03-01,2025-03-31,20260209_085034,20260209_085034-0108,2025-03-14 14:15:09.393000,2025-03-14 14:57:53.915000,売り,148.62000,148.47000,1.00,15.00,10978.20,水平線手前,利確,支持抵抗,0,148.62000
2025-03-01,2025-03-31,20260209_085034,20260209_085034-0109,2025-03-14 15:37:21.078000,2025-03-14 16:01:15.037000,売り,148.72700,148.77700,1.00,-5.00,10973.20,水平線手前,損切,支持抵抗,0,148.72700
2025-03-01,2025-03-31,20260209_085034,20260209_085034-0110,2025-03-14 16:25:32.894000,2025-03-14 16:33:42.987000,売り,148.99200,148.84200,1.00,15.00,10988.20,水平線手前,利確,支持抵抗,0,148.99200
2025-03-01,2025-03-31,20260209_085034,20260209_085034-0111,2025-03-14 23:03:20.558000,2025-03-14 23:08:30.468000,売り,148.87000,148.72000,1.00,15.00,11003.20,水平線手前,利確,支持抵抗,0,148.87000
2025-03-01,2025-03-31,20260209_085034,20260209_085034-0112,2025-03-15 00:18:24.256000,2025-03-15 00:28:32.208000,買い,148.38500,148.53500,1.00,15.00,11018.20,水平線手前,利確,支持抵抗,0,148.38500
2025-03-01,2025-03-31,20260209_085034,20260209_085034-0113,2025-03-15 01:16:14.721000,2025-03-15 02:42:43.851000,買い,148.29600,148.44600,1.00,15.00,11033.20,水平線手前,利確,支持抵抗,0,148.29600
2025-03-01,2025-03-31,20260209_085034,20260209_085034-0114,2025-03-17 13:05:40.375000,2025-03-17 13:06:18.663000,売り,148.86800,148.91800,1.00,-5.00,11028.20,水平線手前,損切,支持抵抗,0,148.86800
2025-03-01,2025-03-31,20260209_085034,20260209_085034-0115,2025-03-17 13:57:57.155000,2025-03-17 14:04:49.028000,売り,149.01200,149.06200,1.00,-5.00,11023.20,水平線手前,損切,支持抵抗,0,149.01200
2025-03-01,2025-03-31,20260209_085034,20260209_085034-0116,2025-03-17 14:04:38.591000,2025-03-17 15:04:39.363000,売り,149.03600,149.08600,1.00,-5.00,11018.20,水平線手前,損切,支持抵抗,0,149.03600
2025-03-01,2025-03-31,20260209_085034,20260209_085034-0117,2025-03-17 15:04:26.458000,2025-03-17 15:22:19.678000,売り,149.06800,148.91800,1.00,15.00,11033.20,水平線手前,利確,支持抵抗,0,149.06800
2025-03-01,2025-03-31,20260209_085034,20260209_085034-0118,2025-03-17 20:05:21.485000,2025-03-17 21:08:05.242000,買い,148.45600,148.40600,1.00,-5.00,11028.20,水平線手前,損切,支持抵抗,0,148.45600
2025-03-01,2025-03-31,20260209_085034,20260209_085034-0119,2025-03-17 21:30:03.478000,2025-03-17 21:30:05.879000,買い,148.27400,148.42400,1.00,15.00,11043.20,水平線手前,利確,支持抵抗,0,148.27400
2025-03-01,2025-03-31,20260209_085034,20260209_085034-0120,2025-03-17 21:51:02.438000,2025-03-17 22:04:18.029000,売り,148.92200,148.77200,1.00,15.00,11058.20,水平線手前,利確,支持抵抗,0,148.92200
2025-03-01,2025-03-31,20260209_085034,20260209_085034-0121,2025-03-17 22:46:55.697000,2025-03-17 22:50:07.653000,売り,149.06400,148.91400,1.00,15.00,11073.20,水平線手前,利確,支持抵抗,0,149.06400
2025-03-01,2025-03-31,20260209_085034,20260209_085034-0122,2025-03-18 00:30:45.400000,2025-03-18 01:14:23.497000,買い,148.47900,148.62900,1.00,15.00,11088.20,水平線手前,利確,支持抵抗,0,148.47900
2025-03-01,2025-03-31,20260209_085034,20260209_085034-0123,2025-03-18 03:14:06.785000,2025-03-18 03:45:35.543000,売り,149.06500,149.11500,1.00,-5.00,11083.20,水平線手前,損切,支持抵抗,0,149.06500
2025-03-01,2025-03-31,20260209_085034,20260209_085034-0124,2025-03-18 03:51:23.687000,2025-03-18 04:28:41.582000,売り,149.21300,149.26300,1.00,-5.00,11078.20,水平線手前,損切,支持抵抗,0,149.21300
2025-03-01,2025-03-31,20260209_085034,20260209_085034-0125,2025-03-18 04:28:40.159000,2025-03-18 05:01:30.124000,売り,149.25300,149.10300,1.00,15.00,11093.20,水平線手前,利確,支持抵抗,0,149.25300
2025-03-01,2025-03-31,20260209_085034,20260209_085034-0126,2025-03-18 11:16:27.917000,2025-03-18 11:44:22.677000,売り,149.50900,149.55900,1.00,-5.00,11088.20,水平線手前,損切,支持抵抗,0,149.50900
2025-03-01,2025-03-31,20260209_085034,20260209_085034-0127,2025-03-18 13:07:20.224000,2025-03-18 13:44:19.081000,売り,149.70400,149.55400,1.00,15.00,11103.20,水平線手前,利確,支持抵抗,0,149.70400
2025-03-01,2025-03-31,20260209_085034,20260209_085034-0128,2025-03-18 11:54:36.031000,2025-03-18 14:04:14.700000,売り,149.69200,149.54200,1.00,15.00,11118.20,水平線手前,利確,支持抵抗,0,149.69200
2025-03-01,2025-03-31,20260209_085034,20260209_085034-0129,2025-03-18 12:01:44.609000,2025-03-18 14:04:14.700000,売り,149.69300,149.54300,1.00,15.00,11133.20,水平線手前,利確,支持抵抗,0,149.69300
2025-03-01,2025-03-31,20260209_085034,20260209_085034-0130,2025-03-18 14:58:17.378000,2025-03-18 15:01:15.748000,売り,149.70900,149.75900,1.00,-5.00,11128.20,水平線手前,損切,支持抵抗,0,149.70900
2025-03-01,2025-03-31,20260209_085034,20260209_085034-0131,2025-03-18 15:20:12.995000,2025-03-18 15:25:01.917000,売り,149.79400,149.84400,1.00,-5.00,11123.20,水平線手前,損切,支持抵抗,0,149.79400
2025-03-01,2025-03-31,20260209_085034,20260209_085034-0132,2025-03-18 15:26:55.405000,2025-03-18 17:06:08.630000,売り,149.84800,149.89800,1.00,-5.00,11118.20,水平線手前,損切,支持抵抗,0,149.84800
2025-03-01,2025-03-31,20260209_085034,20260209_085034-0133,2025-03-18 17:05:08.180000,2025-03-18 17:41:59.379000,売り,149.87300,149.72300,1.00,15.00,11133.20,水平線手前,利確,支持抵抗,0,149.87300
2025-03-01,2025-03-31,20260209_085034,20260209_085034-0134,2025-03-18 21:33:10.572000,2025-03-18 22:02:03.495000,売り,149.90900,149.75900,1.00,15.00,11148.20,水平線手前,利確,支持抵抗,0,149.90900
2025-03-01,2025-03-31,20260209_085034,20260209_085034-0135,2025-03-18 23:19:29.780000,2025-03-18 23:36:41.946000,買い,149.48500,149.63500,1.00,15.00,11163.20,水平線手前,利確,支持抵抗,0,149.48500
2025-03-01,2025-03-31,20260209_085034,20260209_085034-0136,2025-03-19 00:49:09.442000,2025-03-19 01:12:42.560000,買い,149.45500,149.60500,1.00,15.00,11178.20,水平線手前,利確,支持抵抗,0,149.45500
2025-03-01,2025-03-31,20260209_085034,20260209_085034-0137,2025-03-19 01:51:36.670000,2025-03-19 02:06:21.177000,買い,149.32200,149.27200,1.00,-5.00,11173.20,水平線手前,損切,支持抵抗,0,149.32200
2025-03-01,2025-03-31,20260209_085034,20260209_085034-0138,2025-03-19 02:08:07.905000,2025-03-19 03:01:56.256000,買い,149.24300,149.19300,1.00,-5.00,11168.20,水平線手前,損切,支持抵抗,0,149.24300
2025-03-01,2025-03-31,20260209_085034,20260209_085034-0139,2025-03-19 03:13:35.601000,2025-03-19 04:57:26.580000,買い,149.13300,149.28300,1.00,15.00,11183.20,水平線手前,利確,支持抵抗,0,149.13300
2025-03-01,2025-03-31,20260209_085034,20260209_085034-0140,2025-03-19 11:24:39.778000,2025-03-19 11:25:34.451000,買い,149.33600,149.48600,1.00,15.00,11198.20,水平線手前,利確,支持抵抗,0,149.33600
2025-03-01,2025-03-31,20260209_085034,20260209_085034-0141,2025-03-19 11:30:42.689000,2025-03-19 11:37:45.122000,買い,149.22600,149.37600,1.00,15.00,11213.20,水平線手前,利確,支持抵抗,0,149.22600
2025-03-01,2025-03-31,20260209_085034,20260209_085034-0142,2025-03-19 14:33:39.074000,2025-03-19 14:59:07.534000,売り,149.72800,149.77800,1.00,-5.00,11208.20,水平線手前,損切,支持抵抗,0,149.72800
2025-03-01,2025-03-31,20260209_085034,20260209_085034-0143,2025-03-19 14:57:06.973000,2025-03-19 15:00:16.666000,売り,149.75000,149.80000,1.00,-5.00,11203.20,水平線手前,損切,支持抵抗,0,149.75000
2025-03-01,2025-03-31,20260209_085034,20260209_085034-0144,2025-03-19 15:42:27.293000,2025-03-19 15:48:34.022000,売り,149.99000,149.84000,1.00,15.00,11218.20,水平線手前,利確,支持抵抗,0,149.99000
2025-03-01,2025-03-31,20260209_085034,20260209_085034-0145,2025-03-19 16:41:24.590000,2025-03-19 16:54:23.955000,買い,149.17900,149.32900,1.00,15.00,11233.20,水平線手前,利確,支持抵抗,0,149.17900
2025-03-01,2025-03-31,20260209_085034,20260209_085034-0146,2025-03-19 22:53:13.528000,2025-03-19 23:00:08.026000,売り,150.06600,150.11600,1.00,-5.00,11228.20,水平線手前,損切,支持抵抗,0,150.06600
2025-03-01,2025-03-31,20260209_085034,20260209_085034-0147,2025-03-19 22:54:14.978000,2025-03-19 23:00:29.021000,売り,150.07700,150.12700,1.00,-5.00,11223.20,水平線手前,損切,支持抵抗,0,150.07700
2025-03-01,2025-03-31,20260209_085034,20260209_085034-0148,2025-03-19 23:00:19.232000,2025-03-19 23:24:29.066000,売り,150.11600,149.96600,1.00,15.00,11238.20,水平線手前,利確,支持抵抗,0,150.11600
2025-03-01,2025-03-31,20260209_085034,20260209_085034-0149,2025-03-20 03:38:02.923000,2025-03-20 03:40:00.840000,買い,149.08200,149.03200,1.00,-5.00,11233.20,水平線手前,損切,支持抵抗,0,149.08200
2025-03-01,2025-03-31,20260209_085034,20260209_085034-0150,2025-03-20 03:46:06.220000,2025-03-20 03:48:31.883000,買い,148.70000,148.85000,1.00,15.00,11248.20,水平線手前,利確,支持抵抗,0,148.70000
2025-03-01,2025-03-31,20260209_085034,20260209_085034-0151,2025-03-20 11:06:31.045000,2025-03-20 11:15:07.914000,買い,148.23700,148.18700,1.00,-5.00,11243.20,水平線手前,損切,支持抵抗,0,148.23700
2025-03-01,2025-03-31,20260209_085034,20260209_085034-0152,2025-03-20 11:15:40.459000,2025-03-20 11:50:25.770000,買い,148.19200,148.34200,1.00,15.00,11258.20,水平線手前,利確,支持抵抗,0,148.19200
2025-03-01,2025-03-31,20260209_085034,20260209_085034-0153,2025-03-20 11:15:00.505000,2025-03-20 11:50:38.933000,買い,148.21300,148.36300,1.00,15.00,11273.20,水平線手前,利確,支持抵抗,0,148.21300
2025-03-01,2025-03-31,20260209_085034,20260209_085034-0154,2025-03-20 15:12:26.402000,2025-03-20 16:06:55.007000,買い,148.21600,148.36600,1.00,15.00,11288.20,水平線手前,利確,支持抵抗,0,148.21600
2025-03-01,2025-03-31,20260209_085034,20260209_085034-0155,2025-03-21 00:46:18.133000,2025-03-21 01:28:31.928000,売り,148.92900,148.77900,1.00,15.00,11303.20,水平線手前,利確,支持抵抗,0,148.92900
2025-03-01,2025-03-31,20260209_085034,20260209_085034-0156,2025-03-21 12:44:33.244000,2025-03-21 12:49:11.275000,売り,149.16300,149.21300,1.00,-5.00,11298.20,水平線手前,損切,支持抵抗,0,149.16300
2025-03-01,2025-03-31,20260209_085034,20260209_085034-0157,2025-03-21 12:50:17.263000,2025-03-21 13:06:45.739000,売り,149.21800,149.26800,1.00,-5.00,11293.20,水平線手前,損切,支持抵抗,0,149.21800
2025-03-01,2025-03-31,20260209_085034,20260209_085034-0158,2025-03-21 13:55:28.851000,2025-03-21 14:05:26.956000,売り,149.45200,149.50200,1.00,-5.00,11288.20,水平線手前,損切,支持抵抗,0,149.45200
2025-03-01,2025-03-31,20260209_085034,20260209_085034-0159,2025-03-21 14:33:39.363000,2025-03-21 15:37:39.000000,売り,149.60100,149.45100,1.00,15.00,11303.20,水平線手前,利確,支持抵抗,0,149.60100
2025-03-01,2025-03-31,20260209_085034,20260209_085034-0160,2025-03-21 16:00:44.838000,2025-03-21 16:11:25.234000,売り,149.63000,149.48000,1.00,15.00,11318.20,水平線手前,利確,支持抵抗,0,149.63000
2025-03-01,2025-03-31,20260209_085034,20260209_085034-0161,2025-03-21 20:36:10.107000,2025-03-21 20:43:58.539000,買い,148.97000,148.92000,1.00,-5.00,11313.20,水平線手前,損切,支持抵抗,0,148.97000
2025-03-01,2025-03-31,20260209_085034,20260209_085034-0162,2025-03-21 20:50:35.900000,2025-03-21 21:07:16.166000,買い,148.89400,148.84400,1.00,-5.00,11308.20,水平線手前,損切,支持抵抗,0,148.89400
2025-03-01,2025-03-31,20260209_085034,20260209_085034-0163,2025-03-21 21:41:11.418000,2025-03-21 22:03:25.053000,買い,148.67300,148.62300,1.00,-5.00,11303.20,水平線手前,損切,支持抵抗,0,148.67300
2025-03-01,2025-03-31,20260209_085034,20260209_085034-0164,2025-03-21 22:03:26.839000,2025-03-21 22:18:05.871000,買い,148.62500,148.77500,1.00,15.00,11318.20,水平線手前,利確,支持抵抗,0,148.62500
2025-03-01,2025-03-31,20260209_085034,20260209_085034-0165,2025-03-21 22:02:54.189000,2025-03-21 22:19:33.000000,買い,148.64200,148.79200,1.00,15.00,11333.20,水平線手前,利確,支持抵抗,0,148.64200
2025-03-01,2025-03-31,20260209_085034,20260209_085034-0166,2025-03-24 15:32:15.487000,2025-03-24 16:04:13.053000,買い,149.56900,149.71900,1.00,15.00,11348.20,水平線手前,利確,支持抵抗,0,149.56900
2025-03-01,2025-03-31,20260209_085034,20260209_085034-0167,2025-03-24 16:12:00.950000,2025-03-24 16:59:27.732000,売り,149.81700,149.66700,1.00,15.00,11363.20,水平線手前,利確,支持抵抗,0,149.81700
2025-03-01,2025-03-31,20260209_085034,20260209_085034-0168,2025-03-24 17:42:16.588000,2025-03-24 18:24:53.523000,買い,149.56800,149.51800,1.00,-5.00,11358.20,水平線手前,損切,支持抵抗,0,149.56800
2025-03-01,2025-03-31,20260209_085034,20260209_085034-0169,2025-03-24 18:23:01.933000,2025-03-24 18:47:11.666000,買い,149.55300,149.70300,1.00,15.00,11373.20,水平線手前,利確,支持抵抗,0,149.55300
2025-03-01,2025-03-31,20260209_085034,20260209_085034-0170,2025-03-24 19:19:07.894000,2025-03-24 20:27:00.867000,買い,149.53100,149.68100,1.00,15.00,11388.20,水平線手前,利確,支持抵抗,0,149.53100
2025-03-01,2025-03-31,20260209_085034,20260209_085034-0171,2025-03-24 21:11:13.209000,2025-03-24 22:45:00.186000,売り,149.83700,149.88700,1.00,-5.00,11383.20,水平線手前,損切,支持抵抗,0,149.83700
2025-03-01,2025-03-31,20260209_085034,20260209_085034-0172,2025-03-24 22:45:23.896000,2025-03-24 22:45:31.941000,売り,149.92100,149.97100,1.00,-5.00,11378.20,水平線手前,損切,支持抵抗,0,149.92100
2025-03-01,2025-03-31,20260209_085034,20260209_085034-0173,2025-03-24 22:53:13.706000,2025-03-24 22:55:27.662000,売り,150.13800,150.18800,1.00,-5.00,11373.20,水平線手前,損切,支持抵抗,0,150.13800
2025-03-01,2025-03-31,20260209_085034,20260209_085034-0174,2025-03-24 22:53:16.907000,2025-03-24 22:58:38.429000,売り,150.15700,150.20700,1.00,-5.00,11368.20,水平線手前,損切,支持抵抗,0,150.15700
2025-03-01,2025-03-31,20260209_085034,20260209_085034-0175,2025-03-24 22:58:47.799000,2025-03-24 23:09:06.161000,売り,150.22800,150.27800,1.00,-5.00,11363.20,水平線手前,損切,支持抵抗,0,150.22800
2025-03-01,2025-03-31,20260209_085034,20260209_085034-0176,2025-03-24 23:28:41.002000,2025-03-24 23:32:02.703000,売り,150.27300,150.32300,1.00,-5.00,11358.20,水平線手前,損切,支持抵抗,0,150.27300
2025-03-01,2025-03-31,20260209_085034,20260209_085034-0177,2025-03-24 23:31:57.091000,2025-03-24 23:33:17.923000,売り,150.30600,150.35600,1.00,-5.00,11353.20,水平線手前,損切,支持抵抗,0,150.30600
2025-03-01,2025-03-31,20260209_085034,20260209_085034-0178,2025-03-24 23:57:43.597000,2025-03-25 00:07:31.892000,売り,150.51000,150.56000,1.00,-5.00,11348.20,水平線手前,損切,支持抵抗,0,150.51000
2025-03-01,2025-03-31,20260209_085034,20260209_085034-0179,2025-03-25 00:56:11.209000,2025-03-25 01:26:36.892000,売り,150.74100,150.59100,1.00,15.00,11363.20,水平線手前,利確,支持抵抗,0,150.74100
2025-03-01,2025-03-31,20260209_085034,20260209_085034-0180,2025-03-25 20:25:18.465000,2025-03-25 21:30:27.250000,買い,150.09800,150.04800,1.00,-5.00,11358.20,水平線手前,損切,支持抵抗,0,150.09800
2025-03-01,2025-03-31,20260209_085034,20260209_085034-0181,2025-03-25 21:46:25.328000,2025-03-25 22:21:46.379000,買い,149.90000,149.85000,1.00,-5.00,11353.20,水平線手前,損切,支持抵抗,0,149.90000
2025-03-01,2025-03-31,20260209_085034,20260209_085034-0182,2025-03-25 22:43:59.589000,2025-03-25 23:00:29.713000,買い,149.75600,149.70600,1.00,-5.00,11348.20,水平線手前,損切,支持抵抗,0,149.75600
2025-03-01,2025-03-31,20260209_085034,20260209_085034-0183,2025-03-25 23:00:32.131000,2025-03-25 23:11:46.619000,買い,149.70100,149.85100,1.00,15.00,11363.20,水平線手前,利確,支持抵抗,0,149.70100
2025-03-01,2025-03-31,20260209_085034,20260209_085034-0184,2025-03-26 00:26:50.348000,2025-03-26 00:58:09.817000,買い,149.58500,149.73500,1.00,15.00,11378.20,水平線手前,利確,支持抵抗,0,149.58500
2025-03-01,2025-03-31,20260209_085034,20260209_085034-0185,2025-03-26 11:47:02.921000,2025-03-26 12:03:03.120000,売り,150.25500,150.30500,1.00,-5.00,11373.20,水平線手前,損切,支持抵抗,0,150.25500
2025-03-01,2025-03-31,20260209_085034,20260209_085034-0186,2025-03-26 12:47:59.026000,2025-03-26 13:03:19.798000,売り,150.43600,150.48600,1.00,-5.00,11368.20,水平線手前,損切,支持抵抗,0,150.43600
2025-03-01,2025-03-31,20260209_085034,20260209_085034-0187,2025-03-26 13:14:06.273000,2025-03-26 14:03:40.241000,売り,150.51800,150.56800,1.00,-5.00,11363.20,水平線手前,損切,支持抵抗,0,150.51800
2025-03-01,2025-03-31,20260209_085034,20260209_085034-0188,2025-03-26 14:04:14.888000,2025-03-26 16:00:00.748000,売り,150.59200,150.44200,1.00,15.00,11378.20,水平線手前,利確,支持抵抗,0,150.59200
2025-03-01,2025-03-31,20260209_085034,20260209_085034-0189,2025-03-26 22:38:11.717000,2025-03-26 22:57:15.148000,売り,150.52200,150.37200,1.00,15.00,11393.20,水平線手前,利確,支持抵抗,0,150.52200
2025-03-01,2025-03-31,20260209_085034,20260209_085034-0190,2025-03-26 23:53:18.337000,2025-03-27 00:02:32.487000,売り,150.56600,150.61600,1.00,-5.00,11388.20,水平線手前,損切,支持抵抗,0,150.56600
2025-03-01,2025-03-31,20260209_085034,20260209_085034-0191,2025-03-27 00:19:52.293000,2025-03-27 01:02:10.234000,売り,150.71800,150.56800,1.00,15.00,11403.20,水平線手前,利確,支持抵抗,0,150.71800
2025-03-01,2025-03-31,20260209_085034,20260209_085034-0192,2025-03-27 12:25:57.907000,2025-03-27 13:20:15.035000,買い,150.12300,150.07300,1.00,-5.00,11398.20,水平線手前,損切,支持抵抗,0,150.12300
2025-03-01,2025-03-31,20260209_085034,20260209_085034-0193,2025-03-27 13:20:02.698000,2025-03-27 14:27:19.811000,買い,150.09700,150.24700,1.00,15.00,11413.20,水平線手前,利確,支持抵抗,0,150.09700
2025-03-01,2025-03-31,20260209_085034,20260209_085034-0194,2025-03-27 17:17:09.069000,2025-03-27 18:00:00.394000,売り,150.59000,150.64000,1.00,-5.00,11408.20,水平線手前,損切,支持抵抗,0,150.59000
2025-03-01,2025-03-31,20260209_085034,20260209_085034-0195,2025-03-27 17:17:12.070000,2025-03-27 18:00:13.050000,売り,150.60500,150.65500,1.00,-5.00,11403.20,水平線手前,損切,支持抵抗,0,150.60500
2025-03-01,2025-03-31,20260209_085034,20260209_085034-0196,2025-03-27 18:31:45.105000,2025-03-27 19:00:02.111000,売り,150.89900,150.94900,1.00,-5.00,11398.20,水平線手前,損切,支持抵抗,0,150.89900
2025-03-01,2025-03-31,20260209_085034,20260209_085034-0197,2025-03-27 18:59:45.849000,2025-03-27 19:25:03.019000,売り,150.91500,150.96500,1.00,-5.00,11393.20,水平線手前,損切,支持抵抗,0,150.91500
2025-03-01,2025-03-31,20260209_085034,20260209_085034-0198,2025-03-27 19:02:36.241000,2025-03-27 19:25:03.019000,売り,150.91200,150.96200,1.00,-5.00,11388.20,水平線手前,損切,支持抵抗,0,150.91200
2025-03-01,2025-03-31,20260209_085034,20260209_085034-0199,2025-03-27 19:15:03.748000,2025-03-27 20:59:27.054000,売り,150.95000,151.00000,1.00,-5.00,11383.20,水平線手前,損切,支持抵抗,0,150.95000
2025-03-01,2025-03-31,20260209_085034,20260209_085034-0200,2025-03-27 20:59:28.824000,2025-03-27 21:00:10.726000,売り,150.99300,151.04300,1.00,-5.00,11378.20,水平線手前,損切,支持抵抗,0,150.99300
2025-03-01,2025-03-31,20260209_085034,20260209_085034-0201,2025-03-27 21:02:04.151000,2025-03-27 21:14:15.581000,売り,151.05800,150.90800,1.00,15.00,11393.20,水平線手前,利確,支持抵抗,0,151.05800
2025-03-01,2025-03-31,20260209_085034,20260209_085034-0202,2025-03-28 01:41:24.935000,2025-03-28 02:05:47.234000,売り,151.12600,150.97600,1.00,15.00,11408.20,水平線手前,利確,支持抵抗,0,151.12600
2025-03-01,2025-03-31,20260209_085034,20260209_085034-0203,2025-03-28 12:11:22.249000,2025-03-28 13:21:30.662000,買い,150.73800,150.88800,1.00,15.00,11423.20,水平線手前,利確,支持抵抗,0,150.73800
2025-03-01,2025-03-31,20260209_085034,20260209_085034-0204,2025-03-28 15:53:23.292000,2025-03-28 16:00:14.891000,買い,150.64600,150.59600,1.00,-5.00,11418.20,水平線手前,損切,支持抵抗,0,150.64600
2025-03-01,2025-03-31,20260209_085034,20260209_085034-0205,2025-03-28 16:36:03.816000,2025-03-28 17:01:57.035000,買い,150.42000,150.37000,1.00,-5.00,11413.20,水平線手前,損切,支持抵抗,0,150.42000
2025-03-01,2025-03-31,20260209_085034,20260209_085034-0206,2025-03-28 17:00:00.290000,2025-03-28 18:01:09.511000,買い,150.39800,150.54800,1.00,15.00,11428.20,水平線手前,利確,支持抵抗,0,150.39800
2025-03-01,2025-03-31,20260209_085034,20260209_085034-0207,2025-03-28 21:30:03.112000,2025-03-28 21:30:21.867000,売り,150.93200,150.78200,1.00,15.00,11443.20,水平線手前,利確,支持抵抗,0,150.93200
2025-03-01,2025-03-31,20260209_085034,20260209_085034-0208,2025-03-28 23:13:34.573000,2025-03-28 23:17:29.995000,買い,150.09800,150.04800,1.00,-5.00,11438.20,水平線手前,損切,支持抵抗,0,150.09800
2025-03-01,2025-03-31,20260209_085034,20260209_085034-0209,2025-03-28 23:17:29.995000,2025-03-28 23:20:12.543000,買い,150.05600,150.00600,1.00,-5.00,11433.20,水平線手前,損切,支持抵抗,0,150.05600
2025-03-01,2025-03-31,20260209_085034,20260209_085034-0210,2025-03-28 23:35:37.182000,2025-03-28 23:39:55.352000,買い,149.94600,150.09600,1.00,15.00,11448.20,水平線手前,利確,支持抵抗,0,149.94600
2025-03-01,2025-03-31,20260209_085034,20260209_085034-0211,2025-03-29 02:36:13.974000,2025-03-29 03:06:11.373000,買い,149.87800,150.02800,1.00,15.00,11463.20,水平線手前,利確,支持抵抗,0,149.87800
2025-03-01,2025-03-31,20260209_085034,20260209_085034-0212,2025-03-29 02:31:16.124000,2025-03-29 03:06:33.151000,買い,149.89700,150.04700,1.00,15.00,11478.20,水平線手前,利確,支持抵抗,0,149.89700
2025-03-01,2025-03-31,20260209_085034,20260209_085034-0213,2025-03-29 04:58:18.882000,2025-03-29 05:00:28.963000,買い,149.78100,149.73100,1.00,-5.00,11473.20,水平線手前,損切,支持抵抗,0,149.78100
2025-03-01,2025-03-31,20260209_085034,20260209_085034-0214,2025-03-31 11:09:10.406000,2025-03-31 11:20:56.403000,買い,149.06000,149.01000,1.00,-5.00,11468.20,水平線手前,損切,支持抵抗,0,149.06000
2025-03-01,2025-03-31,20260209_085034,20260209_085034-0215,2025-03-31 11:30:28.156000,2025-03-31 11:55:05.855000,買い,148.75100,148.90100,1.00,15.00,11483.20,水平線手前,利確,支持抵抗,0,148.75100
2025-03-01,2025-03-31,20260209_085034,20260209_085034-0216,2025-03-31 16:08:41.063000,2025-03-31 16:36:07.414000,買い,148.73700,148.88700,1.00,15.00,11498.20,水平線手前,利確,支持抵抗,0,148.73700
2025-03-01,2025-03-31,20260209_085034,20260209_085034-0217,2025-03-31 19:48:25.369000,2025-03-31 20:06:02.819000,売り,149.40300,149.25300,1.00,15.00,11513.20,水平線手前,利確,支持抵抗,0,149.40300
2025-03-01,2025-03-31,20260209_085034,20260209_085034-0218,2025-03-31 21:51:27.702000,2025-03-31 22:07:04.808000,売り,149.61000,149.66000,1.00,-5.00,11508.20,水平線手前,損切,支持抵抗,0,149.61000
2025-03-01,2025-03-31,20260209_085034,20260209_085034-0219,2025-03-31 22:54:32.760000,2025-03-31 23:06:09.960000,売り,149.77000,149.82000,1.00,-5.00,11503.20,水平線手前,損切,支持抵抗,0,149.77000
2025-03-01,2025-03-31,20260209_085034,20260209_085034-0220,2025-03-31 23:27:46.682000,2025-03-31 23:51:51.131000,売り,149.85500,149.70500,1.00,15.00,11518.20,水平線手前,利確,支持抵抗,0,149.85500
2025-04-01,2025-04-30,20260209_085237,20260209_085237-0001,2025-04-01 23:16:36.342000,2025-04-01 23:23:00.419000,買い,149.00900,149.15900,1.00,15.00,11533.20,水平線手前,利確,支持抵抗,0,149.00900
2025-04-01,2025-04-30,20260209_085237,20260209_085237-0002,2025-04-02 00:03:54.101000,2025-04-02 00:29:22.760000,売り,149.48100,149.33100,1.00,15.00,11548.20,水平線手前,利確,支持抵抗,0,149.48100
2025-04-01,2025-04-30,20260209_085237,20260209_085237-0003,2025-04-02 01:17:25.332000,2025-04-02 01:28:09.453000,売り,149.71400,149.56400,1.00,15.00,11563.20,水平線手前,利確,支持抵抗,0,149.71400
2025-04-01,2025-04-30,20260209_085237,20260209_085237-0004,2025-04-02 14:01:27.919000,2025-04-02 15:28:02.577000,売り,149.92200,149.97200,1.00,-5.00,11558.20,水平線手前,損切,支持抵抗,0,149.92200
2025-04-01,2025-04-30,20260209_085237,20260209_085237-0005,2025-04-02 15:29:05.701000,2025-04-02 15:35:23.817000,売り,149.97000,149.82000,1.00,15.00,11573.20,水平線手前,利確,支持抵抗,0,149.97000
2025-04-01,2025-04-30,20260209_085237,20260209_085237-0006,2025-04-02 17:08:30.367000,2025-04-02 18:00:28.552000,買い,149.55700,149.50700,1.00,-5.00,11568.20,水平線手前,損切,支持抵抗,0,149.55700
2025-04-01,2025-04-30,20260209_085237,20260209_085237-0007,2025-04-02 18:56:02.126000,2025-04-02 19:02:07.209000,買い,149.46400,149.41400,1.00,-5.00,11563.20,水平線手前,損切,支持抵抗,0,149.46400
2025-04-01,2025-04-30,20260209_085237,20260209_085237-0008,2025-04-02 19:02:20.652000,2025-04-02 20:17:34.635000,買い,149.35200,149.30200,1.00,-5.00,11558.20,水平線手前,損切,支持抵抗,0,149.35200
2025-04-01,2025-04-30,20260209_085237,20260209_085237-0009,2025-04-02 20:23:50.313000,2025-04-02 20:58:27.770000,買い,149.24600,149.19600,1.00,-5.00,11553.20,水平線手前,損切,支持抵抗,0,149.24600
2025-04-01,2025-04-30,20260209_085237,20260209_085237-0010,2025-04-02 20:25:11.329000,2025-04-02 21:15:01.354000,買い,149.23000,149.38000,1.00,15.00,11568.20,水平線手前,利確,支持抵抗,0,149.23000
2025-04-01,2025-04-30,20260209_085237,20260209_085237-0011,2025-04-02 21:29:26.194000,2025-04-02 22:30:24.352000,買い,149.13900,149.28900,1.00,15.00,11583.20,水平線手前,利確,支持抵抗,0,149.13900
2025-04-01,2025-04-30,20260209_085237,20260209_085237-0012,2025-04-03 00:25:17.912000,2025-04-03 00:47:53.616000,売り,150.07600,149.92600,1.00,15.00,11598.20,水平線手前,利確,支持抵抗,0,150.07600
2025-04-01,2025-04-30,20260209_085237,20260209_085237-0013,2025-04-03 01:43:29.077000,2025-04-03 02:42:59.309000,売り,150.23400,150.08400,1.00,15.00,11613.20,水平線手前,利確,支持抵抗,0,150.23400
2025-04-01,2025-04-30,20260209_085237,20260209_085237-0014,2025-04-03 01:42:58.032000,2025-04-03 02:43:00.278000,売り,150.23000,150.08000,1.00,15.00,11628.20,水平線手前,利確,支持抵抗,0,150.23000
2025-04-01,2025-04-30,20260209_085237,20260209_085237-0015,2025-04-03 11:24:50.407000,2025-04-03 11:41:00.373000,買い,147.55600,147.70600,1.00,15.00,11643.20,水平線手前,利確,支持抵抗,0,147.55600
2025-04-01,2025-04-30,20260209_085237,20260209_085237-0016,2025-04-03 11:24:47.291000,2025-04-03 11:41:00.730000,買い,147.56300,147.71300,1.00,15.00,11658.20,水平線手前,利確,支持抵抗,0,147.56300
2025-04-01,2025-04-30,20260209_085237,20260209_085237-0017,2025-04-03 12:52:39.643000,2025-04-03 13:02:23.673000,買い,147.15300,147.30300,1.00,15.00,11673.20,水平線手前,利確,支持抵抗,0,147.15300
2025-04-01,2025-04-30,20260209_085237,20260209_085237-0018,2025-04-03 14:44:01.188000,2025-04-03 15:05:06.725000,買い,147.00500,147.15500,1.00,15.00,11688.20,水平線手前,利確,支持抵抗,0,147.00500
2025-04-01,2025-04-30,20260209_085237,20260209_085237-0019,2025-04-03 16:00:20.071000,2025-04-03 16:06:03.211000,買い,146.84400,146.99400,1.00,15.00,11703.20,水平線手前,利確,支持抵抗,0,146.84400
2025-04-01,2025-04-30,20260209_085237,20260209_085237-0020,2025-04-03 15:59:00.261000,2025-04-03 16:06:08.053000,買い,146.85300,147.00300,1.00,15.00,11718.20,水平線手前,利確,支持抵抗,0,146.85300
2025-04-01,2025-04-30,20260209_085237,20260209_085237-0021,2025-04-03 17:50:46.093000,2025-04-03 17:58:11.734000,買い,146.72200,146.87200,1.00,15.00,11733.20,水平線手前,利確,支持抵抗,0,146.72200
2025-04-01,2025-04-30,20260209_085237,20260209_085237-0022,2025-04-03 18:34:49.182000,2025-04-03 18:37:04.381000,買い,146.34400,146.49400,1.00,15.00,11748.20,水平線手前,利確,支持抵抗,0,146.34400
2025-04-01,2025-04-30,20260209_085237,20260209_085237-0023,2025-04-03 19:13:28.724000,2025-04-03 19:17:52.675000,買い,146.29700,146.44700,1.00,15.00,11763.20,水平線手前,利確,支持抵抗,0,146.29700
2025-04-01,2025-04-30,20260209_085237,20260209_085237-0024,2025-04-03 20:54:57.976000,2025-04-03 21:02:09.348000,買い,146.06000,146.01000,1.00,-5.00,11758.20,水平線手前,損切,支持抵抗,0,146.06000
2025-04-01,2025-04-30,20260209_085237,20260209_085237-0025,2025-04-03 21:46:14.732000,2025-04-03 21:52:00.866000,買い,145.77800,145.92800,1.00,15.00,11773.20,水平線手前,利確,支持抵抗,0,145.77800
2025-04-01,2025-04-30,20260209_085237,20260209_085237-0026,2025-04-03 22:21:09.841000,2025-04-03 22:28:58.564000,買い,145.56500,145.71500,1.00,15.00,11788.20,水平線手前,利確,支持抵抗,0,145.56500
2025-04-01,2025-04-30,20260209_085237,20260209_085237-0027,2025-04-03 23:00:14.659000,2025-04-03 23:00:28.970000,買い,145.21800,145.36800,1.00,15.00,11803.20,水平線手前,利確,支持抵抗,0,145.21800
2025-04-01,2025-04-30,20260209_085237,20260209_085237-0028,2025-04-04 14:04:20.132000,2025-04-04 14:09:59.063000,買い,145.33800,145.48800,1.00,15.00,11818.20,水平線手前,利確,支持抵抗,0,145.33800
2025-04-01,2025-04-30,20260209_085237,20260209_085237-0029,2025-04-04 15:32:05.602000,2025-04-04 15:34:52.308000,売り,146.13100,145.98100,1.00,15.00,11833.20,水平線手前,利確,支持抵抗,0,146.13100
2025-04-01,2025-04-30,20260209_085237,20260209_085237-0030,2025-04-04 16:58:57.688000,2025-04-04 17:00:12.456000,売り,146.26800,146.31800,1.00,-5.00,11828.20,水平線手前,損切,支持抵抗,0,146.26800
2025-04-01,2025-04-30,20260209_085237,20260209_085237-0031,2025-04-04 17:04:17.676000,2025-04-04 17:05:47.886000,売り,146.47000,146.32000,1.00,15.00,11843.20,水平線手前,利確,支持抵抗,0,146.47000
2025-04-01,2025-04-30,20260209_085237,20260209_085237-0032,2025-04-04 18:26:13.248000,2025-04-04 18:57:42.968000,売り,146.51700,146.36700,1.00,15.00,11858.20,水平線手前,利確,支持抵抗,0,146.51700
2025-04-01,2025-04-30,20260209_085237,20260209_085237-0033,2025-04-04 19:53:58.146000,2025-04-04 20:00:53.509000,買い,145.07100,145.22100,1.00,15.00,11873.20,水平線手前,利確,支持抵抗,0,145.07100
2025-04-01,2025-04-30,20260209_085237,20260209_085237-0034,2025-04-04 20:13:01.372000,2025-04-04 20:13:55.759000,買い,144.57700,144.72700,1.00,15.00,11888.20,水平線手前,利確,支持抵抗,0,144.57700
2025-04-01,2025-04-30,20260209_085237,20260209_085237-0035,2025-04-04 23:04:44.220000,2025-04-04 23:07:38.152000,売り,145.84900,145.69900,1.00,15.00,11903.20,水平線手前,利確,支持抵抗,0,145.84900
2025-04-01,2025-04-30,20260209_085237,20260209_085237-0036,2025-04-05 00:51:08.035000,2025-04-05 00:53:32.684000,売り,146.19100,146.04100,1.00,15.00,11918.20,水平線手前,利確,支持抵抗,0,146.19100
2025-04-01,2025-04-30,20260209_085237,20260209_085237-0037,2025-04-05 01:55:36.515000,2025-04-05 02:01:41.199000,売り,146.75600,146.60600,1.00,15.00,11933.20,水平線手前,利確,支持抵抗,0,146.75600
2025-04-01,2025-04-30,20260209_085237,20260209_085237-0038,2025-04-05 02:11:49.989000,2025-04-05 02:12:38.747000,売り,146.82200,146.87200,1.00,-5.00,11928.20,水平線手前,損切,支持抵抗,0,146.82200
2025-04-01,2025-04-30,20260209_085237,20260209_085237-0039,2025-04-05 02:49:52.895000,2025-04-05 02:51:12.987000,売り,147.34500,147.19500,1.00,15.00,11943.20,水平線手前,利確,支持抵抗,0,147.34500
2025-04-01,2025-04-30,20260209_085237,20260209_085237-0040,2025-04-05 03:04:05.481000,2025-04-05 03:09:11.380000,売り,147.40000,147.25000,1.00,15.00,11958.20,水平線手前,利確,支持抵抗,0,147.40000
2025-04-01,2025-04-30,20260209_085237,20260209_085237-0041,2025-04-07 16:10:44.956000,2025-04-07 16:14:22.106000,買い,145.10900,145.25900,1.00,15.00,11973.20,水平線手前,利確,支持抵抗,0,145.10900
2025-04-01,2025-04-30,20260209_085237,20260209_085237-0042,2025-04-07 17:43:16.497000,2025-04-07 17:53:28.455000,売り,146.34400,146.19400,1.00,15.00,11988.20,水平線手前,利確,支持抵抗,0,146.34400
2025-04-01,2025-04-30,20260209_085237,20260209_085237-0043,2025-04-07 19:44:59.912000,2025-04-07 19:49:20.248000,売り,146.59200,146.44200,1.00,15.00,12003.20,水平線手前,利確,支持抵抗,0,146.59200
2025-04-01,2025-04-30,20260209_085237,20260209_085237-0044,2025-04-07 21:49:25.677000,2025-04-07 21:50:14.092000,売り,146.97200,147.02200,1.00,-5.00,11998.20,水平線手前,損切,支持抵抗,0,146.97200
2025-04-01,2025-04-30,20260209_085237,20260209_085237-0045,2025-04-07 21:50:14.557000,2025-04-07 22:00:10.279000,売り,147.02300,146.87300,1.00,15.00,12013.20,水平線手前,利確,支持抵抗,0,147.02300
2025-04-01,2025-04-30,20260209_085237,20260209_085237-0046,2025-04-07 22:57:17.629000,2025-04-07 23:10:20.746000,売り,147.06200,147.11200,1.00,-5.00,12008.20,水平線手前,損切,支持抵抗,0,147.06200
2025-04-01,2025-04-30,20260209_085237,20260209_085237-0047,2025-04-07 23:10:42.176000,2025-04-07 23:10:44.817000,売り,147.40200,147.45200,1.00,-5.00,12003.20,水平線手前,損切,支持抵抗,0,147.40200
2025-04-01,2025-04-30,20260209_085237,20260209_085237-0048,2025-04-07 23:13:59.917000,2025-04-07 23:14:20.723000,売り,147.95000,147.80000,1.00,15.00,12018.20,水平線手前,利確,支持抵抗,0,147.95000
2025-04-01,2025-04-30,20260209_085237,20260209_085237-0049,2025-04-08 01:13:41.580000,2025-04-08 01:18:24.892000,売り,148.07700,147.92700,1.00,15.00,12033.20,水平線手前,利確,支持抵抗,0,148.07700
2025-04-01,2025-04-30,20260209_085237,20260209_085237-0050,2025-04-08 02:00:39.074000,2025-04-08 02:05:14.223000,売り,148.12400,147.97400,1.00,15.00,12048.20,水平線手前,利確,支持抵抗,0,148.12400
2025-04-01,2025-04-30,20260209_085237,20260209_085237-0051,2025-04-08 11:00:55.845000,2025-04-08 11:07:25.542000,買い,147.44100,147.39100,1.00,-5.00,12043.20,水平線手前,損切,支持抵抗,0,147.44100
2025-04-01,2025-04-30,20260209_085237,20260209_085237-0052,2025-04-08 11:41:26.646000,2025-04-08 13:00:00.033000,買い,147.28700,147.43700,1.00,15.00,12058.20,水平線手前,利確,支持抵抗,0,147.28700
2025-04-01,2025-04-30,20260209_085237,20260209_085237-0053,2025-04-08 22:03:06.890000,2025-04-08 22:09:13.619000,買い,146.70100,146.85100,1.00,15.00,12073.20,水平線手前,利確,支持抵抗,0,146.70100
2025-04-01,2025-04-30,20260209_085237,20260209_085237-0054,2025-04-08 23:26:09.743000,2025-04-08 23:31:07.700000,売り,147.63800,147.48800,1.00,15.00,12088.20,水平線手前,利確,支持抵抗,0,147.63800
2025-04-01,2025-04-30,20260209_085237,20260209_085237-0055,2025-04-09 00:51:20.246000,2025-04-09 00:56:57.016000,買い,146.83700,146.98700,1.00,15.00,12103.20,水平線手前,利確,支持抵抗,0,146.83700
2025-04-01,2025-04-30,20260209_085237,20260209_085237-0056,2025-04-09 01:56:16.133000,2025-04-09 02:08:43.770000,買い,146.53600,146.48600,1.00,-5.00,12098.20,水平線手前,損切,支持抵抗,0,146.53600
2025-04-01,2025-04-30,20260209_085237,20260209_085237-0057,2025-04-09 02:29:56.531000,2025-04-09 02:35:23.274000,買い,146.28300,146.43300,1.00,15.00,12113.20,水平線手前,利確,支持抵抗,0,146.28300
2025-04-01,2025-04-30,20260209_085237,20260209_085237-0058,2025-04-09 04:35:29.134000,2025-04-09 04:47:48.929000,買い,145.99600,146.14600,1.00,15.00,12128.20,水平線手前,利確,支持抵抗,0,145.99600
2025-04-01,2025-04-30,20260209_085237,20260209_085237-0059,2025-04-09 12:28:20.649000,2025-04-09 12:30:00.611000,買い,145.33700,145.28700,1.00,-5.00,12123.20,水平線手前,損切,支持抵抗,0,145.33700
2025-04-01,2025-04-30,20260209_085237,20260209_085237-0060,2025-04-09 12:30:00.611000,2025-04-09 12:48:07.101000,買い,145.29500,145.44500,1.00,15.00,12138.20,水平線手前,利確,支持抵抗,0,145.29500
2025-04-01,2025-04-30,20260209_085237,20260209_085237-0061,2025-04-09 13:01:15.648000,2025-04-09 13:01:32.747000,買い,145.16100,145.31100,1.00,15.00,12153.20,水平線手前,利確,支持抵抗,0,145.16100
2025-04-01,2025-04-30,20260209_085237,20260209_085237-0062,2025-04-09 13:21:50.762000,2025-04-09 13:25:16.185000,買い,144.84500,144.79500,1.00,-5.00,12148.20,水平線手前,損切,支持抵抗,0,144.84500
2025-04-01,2025-04-30,20260209_085237,20260209_085237-0063,2025-04-09 13:27:44.693000,2025-04-09 13:33:01.431000,買い,144.61500,144.76500,1.00,15.00,12163.20,水平線手前,利確,支持抵抗,0,144.61500
2025-04-01,2025-04-30,20260209_085237,20260209_085237-0064,2025-04-09 14:41:35.879000,2025-04-09 14:50:06.696000,売り,145.43000,145.28000,1.00,15.00,12178.20,水平線手前,利確,支持抵抗,0,145.43000
2025-04-01,2025-04-30,20260209_085237,20260209_085237-0065,2025-04-09 15:14:44.904000,2025-04-09 15:17:18.583000,売り,145.51200,145.36200,1.00,15.00,12193.20,水平線手前,利確,支持抵抗,0,145.51200
2025-04-01,2025-04-30,20260209_085237,20260209_085237-0066,2025-04-09 15:53:46.659000,2025-04-09 16:00:17.302000,買い,144.73500,144.88500,1.00,15.00,12208.20,水平線手前,利確,支持抵抗,0,144.73500
2025-04-01,2025-04-30,20260209_085237,20260209_085237-0067,2025-04-09 16:57:06.909000,2025-04-09 17:01:35.975000,売り,145.61100,145.66100,1.00,-5.00,12203.20,水平線手前,損切,支持抵抗,0,145.61100
2025-04-01,2025-04-30,20260209_085237,20260209_085237-0068,2025-04-09 17:02:18.572000,2025-04-09 17:04:41.921000,売り,145.74900,145.59900,1.00,15.00,12218.20,水平線手前,利確,支持抵抗,0,145.74900
2025-04-01,2025-04-30,20260209_085237,20260209_085237-0069,2025-04-09 20:58:20.904000,2025-04-09 21:00:09.048000,買い,144.68400,144.63400,1.00,-5.00,12213.20,水平線手前,損切,支持抵抗,0,144.68400
2025-04-01,2025-04-30,20260209_085237,20260209_085237-0070,2025-04-09 21:38:15.197000,2025-04-09 21:45:35.464000,買い,144.03000,144.18000,1.00,15.00,12228.20,水平線手前,利確,支持抵抗,0,144.03000
2025-04-01,2025-04-30,20260209_085237,20260209_085237-0071,2025-04-09 22:41:38.801000,2025-04-09 22:44:21.578000,売り,145.05800,144.90800,1.00,15.00,12243.20,水平線手前,利確,支持抵抗,0,145.05800
2025-04-01,2025-04-30,20260209_085237,20260209_085237-0072,2025-04-09 23:01:35.594000,2025-04-09 23:05:37.520000,売り,145.05900,144.90900,1.00,15.00,12258.20,水平線手前,利確,支持抵抗,0,145.05900
2025-04-01,2025-04-30,20260209_085237,20260209_085237-0073,2025-04-10 00:49:15.900000,2025-04-10 01:00:52.811000,売り,145.06700,145.11700,1.00,-5.00,12253.20,水平線手前,損切,支持抵抗,0,145.06700
2025-04-01,2025-04-30,20260209_085237,20260209_085237-0074,2025-04-10 01:03:25.092000,2025-04-10 01:36:32.985000,売り,145.17600,145.02600,1.00,15.00,12268.20,水平線手前,利確,支持抵抗,0,145.17600
2025-04-01,2025-04-30,20260209_085237,20260209_085237-0075,2025-04-10 02:18:44.800000,2025-04-10 02:18:59.816000,買い,144.58800,144.73800,1.00,15.00,12283.20,水平線手前,利確,支持抵抗,0,144.58800
2025-04-01,2025-04-30,20260209_085237,20260209_085237-0076,2025-04-10 02:22:10.492000,2025-04-10 02:22:20.057000,売り,145.91200,145.96200,1.00,-5.00,12278.20,水平線手前,損切,支持抵抗,0,145.91200
2025-04-01,2025-04-30,20260209_085237,20260209_085237-0077,2025-04-10 02:35:52.670000,2025-04-10 02:36:12.501000,売り,147.22300,147.07300,1.00,15.00,12293.20,水平線手前,利確,支持抵抗,0,147.22300
2025-04-01,2025-04-30,20260209_085237,20260209_085237-0078,2025-04-10 03:01:37.560000,2025-04-10 03:04:23.564000,売り,147.35900,147.40900,1.00,-5.00,12288.20,水平線手前,損切,支持抵抗,0,147.35900
2025-04-01,2025-04-30,20260209_085237,20260209_085237-0079,2025-04-10 03:06:49.194000,2025-04-10 03:06:52.630000,売り,147.93300,147.98300,1.00,-5.00,12283.20,水平線手前,損切,支持抵抗,0,147.93300
2025-04-01,2025-04-30,20260209_085237,20260209_085237-0080,2025-04-10 03:07:57.775000,2025-04-10 03:07:59.374000,売り,148.10900,148.15900,1.00,-5.00,12278.20,水平線手前,損切,支持抵抗,0,148.10900
2025-04-01,2025-04-30,20260209_085237,20260209_085237-0081,2025-04-10 03:08:09.577000,2025-04-10 03:08:21.831000,売り,148.25300,148.10300,1.00,15.00,12293.20,水平線手前,利確,支持抵抗,0,148.25300
2025-04-01,2025-04-30,20260209_085237,20260209_085237-0082,2025-04-10 03:08:26.570000,2025-04-10 03:08:33.059000,売り,148.10900,148.15900,1.00,-5.00,12288.20,水平線手前,損切,支持抵抗,0,148.10900
2025-04-01,2025-04-30,20260209_085237,20260209_085237-0083,2025-04-10 12:13:30.652000,2025-04-10 12:42:20.368000,買い,146.64500,146.79500,1.00,15.00,12303.20,水平線手前,利確,支持抵抗,0,146.64500
2025-04-01,2025-04-30,20260209_085237,20260209_085237-0084,2025-04-10 13:28:16.720000,2025-04-10 14:02:01.677000,買い,146.54100,146.69100,1.00,15.00,12318.20,水平線手前,利確,支持抵抗,0,146.54100
2025-04-01,2025-04-30,20260209_085237,20260209_085237-0085,2025-04-10 14:30:48.527000,2025-04-10 14:41:41.109000,買い,146.48600,146.63600,1.00,15.00,12333.20,水平線手前,利確,支持抵抗,0,146.48600
2025-04-01,2025-04-30,20260209_085237,20260209_085237-0086,2025-04-10 16:57:39.401000,2025-04-10 17:00:54.689000,買い,146.27700,146.22700,1.00,-5.00,12328.20,水平線手前,損切,支持抵抗,0,146.27700
2025-04-01,2025-04-30,20260209_085237,20260209_085237-0087,2025-04-10 17:18:20.171000,2025-04-10 17:32:34.232000,買い,146.19000,146.34000,1.00,15.00,12343.20,水平線手前,利確,支持抵抗,0,146.19000
2025-04-01,2025-04-30,20260209_085237,20260209_085237-0088,2025-04-10 18:58:24.155000,2025-04-10 19:00:07.907000,買い,146.03500,145.98500,1.00,-5.00,12338.20,水平線手前,損切,支持抵抗,0,146.03500
2025-04-01,2025-04-30,20260209_085237,20260209_085237-0089,2025-04-10 19:41:56.959000,2025-04-10 20:09:55.793000,買い,145.58800,145.53800,1.00,-5.00,12333.20,水平線手前,損切,支持抵抗,0,145.58800
2025-04-01,2025-04-30,20260209_085237,20260209_085237-0090,2025-04-10 20:30:59.190000,2025-04-10 20:53:30.610000,買い,145.36800,145.51800,1.00,15.00,12348.20,水平線手前,利確,支持抵抗,0,145.36800
2025-04-01,2025-04-30,20260209_085237,20260209_085237-0091,2025-04-10 21:30:31.596000,2025-04-10 21:30:53.806000,買い,144.91600,145.06600,1.00,15.00,12363.20,水平線手前,利確,支持抵抗,0,144.91600
2025-04-01,2025-04-30,20260209_085237,20260209_085237-0092,2025-04-10 22:56:05.523000,2025-04-10 23:01:01.587000,買い,144.81700,144.76700,1.00,-5.00,12358.20,水平線手前,損切,支持抵抗,0,144.81700
2025-04-01,2025-04-30,20260209_085237,20260209_085237-0093,2025-04-10 23:58:13.177000,2025-04-11 00:01:22.056000,買い,144.60000,144.55000,1.00,-5.00,12353.20,水平線手前,損切,支持抵抗,0,144.60000
2025-04-01,2025-04-30,20260209_085237,20260209_085237-0094,2025-04-11 00:38:56.419000,2025-04-11 00:43:10.444000,買い,144.24400,144.19400,1.00,-5.00,12348.20,水平線手前,損切,支持抵抗,0,144.24400
2025-04-01,2025-04-30,20260209_085237,20260209_085237-0095,2025-04-11 00:49:24.263000,2025-04-11 00:52:36.329000,買い,144.04400,144.19400,1.00,15.00,12363.20,水平線手前,利確,支持抵抗,0,144.04400
2025-04-01,2025-04-30,20260209_085237,20260209_085237-0096,2025-04-11 02:55:52.550000,2025-04-11 03:00:45.611000,売り,144.84400,144.69400,1.00,15.00,12378.20,水平線手前,利確,支持抵抗,0,144.84400
2025-04-01,2025-04-30,20260209_085237,20260209_085237-0097,2025-04-11 04:21:42.092000,2025-04-11 04:26:00.746000,売り,145.02500,145.07500,1.00,-5.00,12373.20,水平線手前,損切,支持抵抗,0,145.02500
2025-04-01,2025-04-30,20260209_085237,20260209_085237-0098,2025-04-11 04:26:04.525000,2025-04-11 04:36:36.945000,売り,145.11400,144.96400,1.00,15.00,12388.20,水平線手前,利確,支持抵抗,0,145.11400
2025-04-01,2025-04-30,20260209_085237,20260209_085237-0099,2025-04-11 13:51:29.103000,2025-04-11 14:02:21.195000,買い,142.91200,143.06200,1.00,15.00,12403.20,水平線手前,利確,支持抵抗,0,142.91200
2025-04-01,2025-04-30,20260209_085237,20260209_085237-0100,2025-04-11 16:59:02.167000,2025-04-11 17:00:04.250000,買い,142.83400,142.78400,1.00,-5.00,12398.20,水平線手前,損切,支持抵抗,0,142.83400
2025-04-01,2025-04-30,20260209_085237,20260209_085237-0101,2025-04-11 17:51:26.265000,2025-04-11 17:54:02.072000,買い,142.10000,142.25000,1.00,15.00,12413.20,水平線手前,利確,支持抵抗,0,142.10000
2025-04-01,2025-04-30,20260209_085237,20260209_085237-0102,2025-04-11 18:51:01.144000,2025-04-11 18:51:06.401000,買い,142.07000,142.22000,1.00,15.00,12428.20,水平線手前,利確,支持抵抗,0,142.07000
2025-04-01,2025-04-30,20260209_085237,20260209_085237-0103,2025-04-11 19:40:55.202000,2025-04-11 19:45:23.361000,売り,143.18900,143.03900,1.00,15.00,12443.20,水平線手前,利確,支持抵抗,0,143.18900
2025-04-01,2025-04-30,20260209_085237,20260209_085237-0104,2025-04-11 21:51:27.866000,2025-04-11 22:04:23.799000,買い,142.44400,142.59400,1.00,15.00,12458.20,水平線手前,利確,支持抵抗,0,142.44400
2025-04-01,2025-04-30,20260209_085237,20260209_085237-0105,2025-04-11 22:11:12.115000,2025-04-11 22:22:37.217000,買い,142.25600,142.40600,1.00,15.00,12473.20,水平線手前,利確,支持抵抗,0,142.25600
2025-04-01,2025-04-30,20260209_085237,20260209_085237-0106,2025-04-11 22:39:44.041000,2025-04-11 22:40:00.451000,売り,143.53900,143.38900,1.00,15.00,12488.20,水平線手前,利確,支持抵抗,0,143.53900
2025-04-01,2025-04-30,20260209_085237,20260209_085237-0107,2025-04-11 23:53:44.532000,2025-04-12 00:00:24.732000,売り,143.57700,143.62700,1.00,-5.00,12483.20,水平線手前,損切,支持抵抗,0,143.57700
2025-04-01,2025-04-30,20260209_085237,20260209_085237-0108,2025-04-12 00:25:29.790000,2025-04-12 00:28:03.547000,売り,143.69000,143.54000,1.00,15.00,12498.20,水平線手前,利確,支持抵抗,0,143.69000
2025-04-01,2025-04-30,20260209_085237,20260209_085237-0109,2025-04-12 01:22:00.101000,2025-04-12 01:40:53.646000,売り,143.97500,143.82500,1.00,15.00,12513.20,水平線手前,利確,支持抵抗,0,143.97500
2025-04-01,2025-04-30,20260209_085237,20260209_085237-0110,2025-04-12 02:57:45.319000,2025-04-12 03:10:35.143000,売り,144.16900,144.01900,1.00,15.00,12528.20,水平線手前,利確,支持抵抗,0,144.16900
2025-04-01,2025-04-30,20260209_085237,20260209_085237-0111,2025-04-14 13:09:01.968000,2025-04-14 13:15:39.847000,売り,143.17200,143.02200,1.00,15.00,12543.20,水平線手前,利確,支持抵抗,0,143.17200
2025-04-01,2025-04-30,20260209_085237,20260209_085237-0112,2025-04-14 14:11:20.847000,2025-04-14 14:19:40.005000,売り,143.25300,143.10300,1.00,15.00,12558.20,水平線手前,利確,支持抵抗,0,143.25300
2025-04-01,2025-04-30,20260209_085237,20260209_085237-0113,2025-04-14 14:56:59.563000,2025-04-14 15:01:30.656000,買い,142.67500,142.82500,1.00,15.00,12573.20,水平線手前,利確,支持抵抗,0,142.67500
2025-04-01,2025-04-30,20260209_085237,20260209_085237-0114,2025-04-14 15:20:27.074000,2025-04-14 15:24:03.665000,買い,142.60400,142.55400,1.00,-5.00,12568.20,水平線手前,損切,支持抵抗,0,142.60400
2025-04-01,2025-04-30,20260209_085237,20260209_085237-0115,2025-04-14 15:39:02.695000,2025-04-14 15:57:36.189000,買い,142.38300,142.53300,1.00,15.00,12583.20,水平線手前,利確,支持抵抗,0,142.38300
2025-04-01,2025-04-30,20260209_085237,20260209_085237-0116,2025-04-14 16:00:20.740000,2025-04-14 16:02:24.667000,買い,142.28100,142.23100,1.00,-5.00,12578.20,水平線手前,損切,支持抵抗,0,142.28100
2025-04-01,2025-04-30,20260209_085237,20260209_085237-0117,2025-04-14 16:02:24.357000,2025-04-14 16:04:02.067000,買い,142.25600,142.40600,1.00,15.00,12593.20,水平線手前,利確,支持抵抗,0,142.25600
2025-04-01,2025-04-30,20260209_085237,20260209_085237-0118,2025-04-14 16:00:21.048000,2025-04-14 16:04:23.665000,買い,142.26700,142.41700,1.00,15.00,12608.20,水平線手前,利確,支持抵抗,0,142.26700
2025-04-01,2025-04-30,20260209_085237,20260209_085237-0119,2025-04-14 19:18:53.245000,2025-04-14 19:24:07.623000,売り,143.25000,143.30000,1.00,-5.00,12603.20,水平線手前,損切,支持抵抗,0,143.25000
2025-04-01,2025-04-30,20260209_085237,20260209_085237-0120,2025-04-14 19:20:11.295000,2025-04-14 19:49:03.710000,売り,143.26900,143.11900,1.00,15.00,12618.20,水平線手前,利確,支持抵抗,0,143.26900
2025-04-01,2025-04-30,20260209_085237,20260209_085237-0121,2025-04-14 20:57:58.212000,2025-04-14 21:02:50.379000,売り,143.33500,143.18500,1.00,15.00,12633.20,水平線手前,利確,支持抵抗,0,143.33500
2025-04-01,2025-04-30,20260209_085237,20260209_085237-0122,2025-04-14 21:57:43.454000,2025-04-14 22:04:17.569000,売り,143.67400,143.72400,1.00,-5.00,12628.20,水平線手前,損切,支持抵抗,0,143.67400
2025-04-01,2025-04-30,20260209_085237,20260209_085237-0123,2025-04-14 22:24:02.239000,2025-04-14 22:30:51.291000,売り,144.05100,143.90100,1.00,15.00,12643.20,水平線手前,利確,支持抵抗,0,144.05100
2025-04-01,2025-04-30,20260209_085237,20260209_085237-0124,2025-04-15 01:08:30.662000,2025-04-15 01:18:47.960000,買い,142.81900,142.96900,1.00,15.00,12658.20,水平線手前,利確,支持抵抗,0,142.81900
2025-04-01,2025-04-30,20260209_085237,20260209_085237-0125,2025-04-15 15:02:24.019000,2025-04-15 15:28:01.538000,買い,142.88300,143.03300,1.00,15.00,12673.20,水平線手前,利確,支持抵抗,0,142.88300
2025-04-01,2025-04-30,20260209_085237,20260209_085237-0126,2025-04-15 15:02:23.299000,2025-04-15 15:28:02.104000,買い,142.89000,143.04000,1.00,15.00,12688.20,水平線手前,利確,支持抵抗,0,142.89000
2025-04-01,2025-04-30,20260209_085237,20260209_085237-0127,2025-04-15 16:21:38.234000,2025-04-15 16:53:38.292000,売り,143.47900,143.32900,1.00,15.00,12703.20,水平線手前,利確,支持抵抗,0,143.47900
2025-04-01,2025-04-30,20260209_085237,20260209_085237-0128,2025-04-15 17:56:48.857000,2025-04-15 18:00:53.995000,買い,142.88200,142.83200,1.00,-5.00,12698.20,水平線手前,損切,支持抵抗,0,142.88200
2025-04-01,2025-04-30,20260209_085237,20260209_085237-0129,2025-04-15 18:11:11.223000,2025-04-15 18:49:04.135000,買い,142.72100,142.87100,1.00,15.00,12713.20,水平線手前,利確,支持抵抗,0,142.72100
2025-04-01,2025-04-30,20260209_085237,20260209_085237-0130,2025-04-15 20:28:25.506000,2025-04-15 20:50:02.985000,売り,143.15500,143.00500,1.00,15.00,12728.20,水平線手前,利確,支持抵抗,0,143.15500
2025-04-01,2025-04-30,20260209_085237,20260209_085237-0131,2025-04-15 21:23:44.212000,2025-04-15 21:44:37.411000,買い,142.63600,142.78600,1.00,15.00,12743.20,水平線手前,利確,支持抵抗,0,142.63600
2025-04-01,2025-04-30,20260209_085237,20260209_085237-0132,2025-04-15 23:12:01.027000,2025-04-15 23:17:47.462000,売り,143.23400,143.08400,1.00,15.00,12758.20,水平線手前,利確,支持抵抗,0,143.23400
2025-04-01,2025-04-30,20260209_085237,20260209_085237-0133,2025-04-16 11:06:54.600000,2025-04-16 11:20:54.844000,買い,142.70700,142.65700,1.00,-5.00,12753.20,水平線手前,損切,支持抵抗,0,142.70700
2025-04-01,2025-04-30,20260209_085237,20260209_085237-0134,2025-04-16 11:07:38.636000,2025-04-16 12:34:41.584000,買い,142.69000,142.64000,1.00,-5.00,12748.20,水平線手前,損切,支持抵抗,0,142.69000
2025-04-01,2025-04-30,20260209_085237,20260209_085237-0135,2025-04-16 12:41:31.255000,2025-04-16 13:01:54.254000,買い,142.53600,142.48600,1.00,-5.00,12743.20,水平線手前,損切,支持抵抗,0,142.53600
2025-04-01,2025-04-30,20260209_085237,20260209_085237-0136,2025-04-16 13:01:31.172000,2025-04-16 13:31:16.533000,買い,142.50400,142.65400,1.00,15.00,12758.20,水平線手前,利確,支持抵抗,0,142.50400
2025-04-01,2025-04-30,20260209_085237,20260209_085237-0137,2025-04-16 14:58:35.561000,2025-04-16 15:06:51.086000,買い,142.13800,142.28800,1.00,15.00,12773.20,水平線手前,利確,支持抵抗,0,142.13800
2025-04-01,2025-04-30,20260209_085237,20260209_085237-0138,2025-04-16 16:48:31.884000,2025-04-16 17:11:21.508000,買い,142.07900,142.22900,1.00,15.00,12788.20,水平線手前,利確,支持抵抗,0,142.07900
2025-04-01,2025-04-30,20260209_085237,20260209_085237-0139,2025-04-16 20:57:52.655000,2025-04-16 21:15:11.934000,買い,142.64600,142.59600,1.00,-5.00,12783.20,水平線手前,損切,支持抵抗,0,142.64600
2025-04-01,2025-04-30,20260209_085237,20260209_085237-0140,2025-04-16 21:44:22.224000,2025-04-16 21:52:54.409000,買い,142.47000,142.62000,1.00,15.00,12798.20,水平線手前,利確,支持抵抗,0,142.47000
2025-04-01,2025-04-30,20260209_085237,20260209_085237-0141,2025-04-16 22:20:59.013000,2025-04-16 22:36:03.054000,買い,142.44000,142.59000,1.00,15.00,12813.20,水平線手前,利確,支持抵抗,0,142.44000
2025-04-01,2025-04-30,20260209_085237,20260209_085237-0142,2025-04-16 23:04:44.402000,2025-04-16 23:13:57.179000,買い,142.34600,142.49600,1.00,15.00,12828.20,水平線手前,利確,支持抵抗,0,142.34600
2025-04-01,2025-04-30,20260209_085237,20260209_085237-0143,2025-04-17 00:25:11.517000,2025-04-17 00:42:20.103000,売り,142.82900,142.67900,1.00,15.00,12843.20,水平線手前,利確,支持抵抗,0,142.82900
2025-04-01,2025-04-30,20260209_085237,20260209_085237-0144,2025-04-17 02:45:33.659000,2025-04-17 03:04:09.577000,買い,142.34700,142.29700,1.00,-5.00,12838.20,水平線手前,損切,支持抵抗,0,142.34700
2025-04-01,2025-04-30,20260209_085237,20260209_085237-0145,2025-04-17 03:53:19.724000,2025-04-17 04:02:21.186000,買い,142.10700,142.05700,1.00,-5.00,12833.20,水平線手前,損切,支持抵抗,0,142.10700
2025-04-01,2025-04-30,20260209_085237,20260209_085237-0146,2025-04-17 04:25:40.358000,2025-04-17 04:29:37.148000,買い,141.68000,141.83000,1.00,15.00,12848.20,水平線手前,利確,支持抵抗,0,141.68000
2025-04-01,2025-04-30,20260209_085237,20260209_085237-0147,2025-04-17 14:40:41.985000,2025-04-17 15:06:35.129000,売り,142.83200,142.88200,1.00,-5.00,12843.20,水平線手前,損切,支持抵抗,0,142.83200
2025-04-01,2025-04-30,20260209_085237,20260209_085237-0148,2025-04-17 14:42:50.884000,2025-04-17 15:06:35.233000,売り,142.83600,142.88600,1.00,-5.00,12838.20,水平線手前,損切,支持抵抗,0,142.83600
2025-04-01,2025-04-30,20260209_085237,20260209_085237-0149,2025-04-17 15:06:33.592000,2025-04-17 15:37:44.978000,売り,142.85100,142.70100,1.00,15.00,12853.20,水平線手前,利確,支持抵抗,0,142.85100
2025-04-01,2025-04-30,20260209_085237,20260209_085237-0150,2025-04-17 16:23:22.283000,2025-04-17 16:28:03.565000,売り,142.88500,142.73500,1.00,15.00,12868.20,水平線手前,利確,支持抵抗,0,142.88500
2025-04-01,2025-04-30,20260209_085237,20260209_085237-0151,2025-04-17 17:24:04.586000,2025-04-17 17:27:51.905000,売り,143.06500,142.91500,1.00,15.00,12883.20,水平線手前,利確,支持抵抗,0,143.06500
2025-04-01,2025-04-30,20260209_085237,20260209_085237-0152,2025-04-17 19:43:24.609000,2025-04-17 20:20:06.360000,買い,142.52200,142.47200,1.00,-5.00,12878.20,水平線手前,損切,支持抵抗,0,142.52200
2025-04-01,2025-04-30,20260209_085237,20260209_085237-0153,2025-04-17 20:12:16.248000,2025-04-17 21:03:03.606000,買い,142.49600,142.64600,1.00,15.00,12893.20,水平線手前,利確,支持抵抗,0,142.49600
2025-04-01,2025-04-30,20260209_085237,20260209_085237-0154,2025-04-17 21:30:36.554000,2025-04-17 21:57:45.358000,買い,142.42000,142.37000,1.00,-5.00,12888.20,水平線手前,損切,支持抵抗,0,142.42000
2025-04-01,2025-04-30,20260209_085237,20260209_085237-0155,2025-04-17 21:59:28.688000,2025-04-17 22:00:07.348000,買い,142.32000,142.27000,1.00,-5.00,12883.20,水平線手前,損切,支持抵抗,0,142.32000
2025-04-01,2025-04-30,20260209_085237,20260209_085237-0156,2025-04-17 22:39:04.110000,2025-04-17 23:00:00.852000,買い,142.17800,142.12800,1.00,-5.00,12878.20,水平線手前,損切,支持抵抗,0,142.17800
2025-04-01,2025-04-30,20260209_085237,20260209_085237-0157,2025-04-17 23:25:22.783000,2025-04-17 23:33:51.407000,買い,141.93400,142.08400,1.00,15.00,12893.20,水平線手前,利確,支持抵抗,0,141.93400
2025-04-01,2025-04-30,20260209_085237,20260209_085237-0158,2025-04-18 03:11:26.412000,2025-04-18 03:26:26.625000,売り,142.68800,142.53800,1.00,15.00,12908.20,水平線手前,利確,支持抵抗,0,142.68800
2025-04-01,2025-04-30,20260209_085237,20260209_085237-0159,2025-04-19 01:25:54.385000,2025-04-19 05:48:39.996000,買い,142.14800,142.09800,1.00,-5.00,12903.20,水平線手前,損切,支持抵抗,0,142.14800
2025-04-01,2025-04-30,20260209_085237,20260209_085237-0160,2025-04-21 11:03:19.147000,2025-04-21 11:12:50.213000,買い,141.00800,140.95800,1.00,-5.00,12898.20,水平線手前,損切,支持抵抗,0,141.00800
2025-04-01,2025-04-30,20260209_085237,20260209_085237-0161,2025-04-21 11:28:18.128000,2025-04-21 11:50:54.937000,買い,140.65400,140.80400,1.00,15.00,12913.20,水平線手前,利確,支持抵抗,0,140.65400
2025-04-01,2025-04-30,20260209_085237,20260209_085237-0162,2025-04-21 16:40:41.805000,2025-04-21 18:15:50.709000,買い,140.58600,140.53600,1.00,-5.00,12908.20,水平線手前,損切,支持抵抗,0,140.58600
2025-04-01,2025-04-30,20260209_085237,20260209_085237-0163,2025-04-21 18:21:25.040000,2025-04-21 18:49:39.608000,買い,140.50700,140.65700,1.00,15.00,12923.20,水平線手前,利確,支持抵抗,0,140.50700
2025-04-01,2025-04-30,20260209_085237,20260209_085237-0164,2025-04-21 20:06:28.621000,2025-04-21 20:29:16.625000,売り,141.05300,140.90300,1.00,15.00,12938.20,水平線手前,利確,支持抵抗,0,141.05300
2025-04-01,2025-04-30,20260209_085237,20260209_085237-0165,2025-04-22 13:06:54.525000,2025-04-22 14:06:47.986000,買い,140.13200,140.28200,1.00,15.00,12953.20,水平線手前,利確,支持抵抗,0,140.13200
2025-04-01,2025-04-30,20260209_085237,20260209_085237-0166,2025-04-22 12:10:35.151000,2025-04-22 14:06:48.039000,買い,140.13600,140.28600,1.00,15.00,12968.20,水平線手前,利確,支持抵抗,0,140.13600
2025-04-01,2025-04-30,20260209_085237,20260209_085237-0167,2025-04-22 14:29:44.840000,2025-04-22 14:31:22.082000,買い,139.93000,140.08000,1.00,15.00,12983.20,水平線手前,利確,支持抵抗,0,139.93000
2025-04-01,2025-04-30,20260209_085237,20260209_085237-0168,2025-04-22 15:00:00.306000,2025-04-22 15:21:34.007000,買い,139.92300,140.07300,1.00,15.00,12998.20,水平線手前,利確,支持抵抗,0,139.92300
2025-04-01,2025-04-30,20260209_085237,20260209_085237-0169,2025-04-22 17:42:45.128000,2025-04-22 18:19:00.595000,売り,140.60200,140.45200,1.00,15.00,13013.20,水平線手前,利確,支持抵抗,0,140.60200
2025-04-01,2025-04-30,20260209_085237,20260209_085237-0170,2025-04-22 22:41:06.504000,2025-04-22 23:01:32.936000,売り,140.76900,140.81900,1.00,-5.00,13008.20,水平線手前,損切,支持抵抗,0,140.76900
2025-04-01,2025-04-30,20260209_085237,20260209_085237-0171,2025-04-22 23:11:03.439000,2025-04-22 23:33:15.775000,売り,140.89000,140.74000,1.00,15.00,13023.20,水平線手前,利確,支持抵抗,0,140.89000
2025-04-01,2025-04-30,20260209_085237,20260209_085237-0172,2025-04-23 00:59:35.450000,2025-04-23 01:00:11.937000,売り,140.90000,140.95000,1.00,-5.00,13018.20,水平線手前,損切,支持抵抗,0,140.90000
2025-04-01,2025-04-30,20260209_085237,20260209_085237-0173,2025-04-23 01:24:29.491000,2025-04-23 01:25:45.312000,売り,141.14300,141.19300,1.00,-5.00,13013.20,水平線手前,損切,支持抵抗,0,141.14300
2025-04-01,2025-04-30,20260209_085237,20260209_085237-0174,2025-04-23 01:55:38.116000,2025-04-23 02:08:44.203000,売り,141.33300,141.38300,1.00,-5.00,13008.20,水平線手前,損切,支持抵抗,0,141.33300
2025-04-01,2025-04-30,20260209_085237,20260209_085237-0175,2025-04-23 02:08:34.004000,2025-04-23 02:12:15.812000,売り,141.36000,141.21000,1.00,15.00,13023.20,水平線手前,利確,支持抵抗,0,141.36000
2025-04-01,2025-04-30,20260209_085237,20260209_085237-0176,2025-04-23 03:54:28.031000,2025-04-23 04:00:44.880000,売り,141.48000,141.53000,1.00,-5.00,13018.20,水平線手前,損切,支持抵抗,0,141.48000
2025-04-01,2025-04-30,20260209_085237,20260209_085237-0177,2025-04-23 04:58:02.147000,2025-04-23 05:00:56.953000,売り,141.61600,141.66600,1.00,-5.00,13013.20,水平線手前,損切,支持抵抗,0,141.61600
2025-04-01,2025-04-30,20260209_085237,20260209_085237-0178,2025-04-23 15:50:16.668000,2025-04-23 16:11:08.542000,買い,141.64300,141.59300,1.00,-5.00,13008.20,水平線手前,損切,支持抵抗,0,141.64300
2025-04-01,2025-04-30,20260209_085237,20260209_085237-0179,2025-04-23 16:11:16.755000,2025-04-23 16:34:07.652000,買い,141.56700,141.71700,1.00,15.00,13023.20,水平線手前,利確,支持抵抗,0,141.56700
2025-04-01,2025-04-30,20260209_085237,20260209_085237-0180,2025-04-23 20:10:29.313000,2025-04-23 20:19:59.539000,売り,142.15900,142.00900,1.00,15.00,13038.20,水平線手前,利確,支持抵抗,0,142.15900
2025-04-01,2025-04-30,20260209_085237,20260209_085237-0181,2025-04-23 22:58:45.164000,2025-04-23 23:00:02.717000,売り,142.66100,142.71100,1.00,-5.00,13033.20,水平線手前,損切,支持抵抗,0,142.66100
2025-04-01,2025-04-30,20260209_085237,20260209_085237-0182,2025-04-23 23:00:13.421000,2025-04-23 23:06:04.007000,売り,142.75900,142.60900,1.00,15.00,13048.20,水平線手前,利確,支持抵抗,0,142.75900
2025-04-01,2025-04-30,20260209_085237,20260209_085237-0183,2025-04-24 01:57:58.812000,2025-04-24 02:15:17.939000,売り,143.04500,143.09500,1.00,-5.00,13043.20,水平線手前,損切,支持抵抗,0,143.04500
2025-04-01,2025-04-30,20260209_085237,20260209_085237-0184,2025-04-24 02:23:27.435000,2025-04-24 02:26:27.185000,売り,143.18800,143.23800,1.00,-5.00,13038.20,水平線手前,損切,支持抵抗,0,143.18800
2025-04-01,2025-04-30,20260209_085237,20260209_085237-0185,2025-04-24 02:56:32.390000,2025-04-24 03:01:44.473000,売り,143.24900,143.29900,1.00,-5.00,13033.20,水平線手前,損切,支持抵抗,0,143.24900
2025-04-01,2025-04-30,20260209_085237,20260209_085237-0186,2025-04-24 02:57:15.295000,2025-04-24 03:02:10.837000,売り,143.26000,143.31000,1.00,-5.00,13028.20,水平線手前,損切,支持抵抗,0,143.26000
2025-04-01,2025-04-30,20260209_085237,20260209_085237-0187,2025-04-24 03:25:22.196000,2025-04-24 04:20:45.197000,売り,143.46600,143.31600,1.00,15.00,13043.20,水平線手前,利確,支持抵抗,0,143.46600
2025-04-01,2025-04-30,20260209_085237,20260209_085237-0188,2025-04-24 19:12:40.329000,2025-04-24 19:55:30.318000,買い,142.34400,142.49400,1.00,15.00,13058.20,水平線手前,利確,支持抵抗,0,142.34400
2025-04-01,2025-04-30,20260209_085237,20260209_085237-0189,2025-04-24 21:48:36.710000,2025-04-24 22:40:30.270000,買い,142.32700,142.47700,1.00,15.00,13073.20,水平線手前,利確,支持抵抗,0,142.32700
2025-04-01,2025-04-30,20260209_085237,20260209_085237-0190,2025-04-24 23:11:05.260000,2025-04-24 23:18:33.984000,買い,142.31500,142.46500,1.00,15.00,13088.20,水平線手前,利確,支持抵抗,0,142.31500
2025-04-01,2025-04-30,20260209_085237,20260209_085237-0191,2025-04-25 00:45:02.876000,2025-04-25 01:26:27.440000,売り,142.74500,142.59500,1.00,15.00,13103.20,水平線手前,利確,支持抵抗,0,142.74500
2025-04-01,2025-04-30,20260209_085237,20260209_085237-0192,2025-04-25 01:37:08.335000,2025-04-25 02:26:19.024000,売り,142.76000,142.81000,1.00,-5.00,13098.20,水平線手前,損切,支持抵抗,0,142.76000
2025-04-01,2025-04-30,20260209_085237,20260209_085237-0193,2025-04-25 02:26:19.024000,2025-04-25 04:13:14.624000,売り,142.80000,142.65000,1.00,15.00,13113.20,水平線手前,利確,支持抵抗,0,142.80000
2025-04-01,2025-04-30,20260209_085237,20260209_085237-0194,2025-04-25 12:23:46.274000,2025-04-25 12:23:57.254000,売り,143.08300,143.13300,1.00,-5.00,13108.20,水平線手前,損切,支持抵抗,0,143.08300
2025-04-01,2025-04-30,20260209_085237,20260209_085237-0195,2025-04-25 12:40:02.503000,2025-04-25 12:52:14.146000,売り,143.41200,143.46200,1.00,-5.00,13103.20,水平線手前,損切,支持抵抗,0,143.41200
2025-04-01,2025-04-30,20260209_085237,20260209_085237-0196,2025-04-25 12:58:14.984000,2025-04-25 12:58:22.162000,売り,143.54100,143.59100,1.00,-5.00,13098.20,水平線手前,損切,支持抵抗,0,143.54100
2025-04-01,2025-04-30,20260209_085237,20260209_085237-0197,2025-04-25 12:58:16.494000,2025-04-25 12:58:37.385000,売り,143.56300,143.61300,1.00,-5.00,13093.20,水平線手前,損切,支持抵抗,0,143.56300
2025-04-01,2025-04-30,20260209_085237,20260209_085237-0198,2025-04-25 12:59:24.299000,2025-04-25 13:00:16.461000,売り,143.63700,143.68700,1.00,-5.00,13088.20,水平線手前,損切,支持抵抗,0,143.63700
2025-04-01,2025-04-30,20260209_085237,20260209_085237-0199,2025-04-25 13:00:46.498000,2025-04-25 13:26:53.700000,売り,143.77100,143.62100,1.00,15.00,13103.20,水平線手前,利確,支持抵抗,0,143.77100
2025-04-01,2025-04-30,20260209_085237,20260209_085237-0200,2025-04-25 15:13:03.100000,2025-04-25 15:29:49.503000,売り,143.82100,143.67100,1.00,15.00,13118.20,水平線手前,利確,支持抵抗,0,143.82100
2025-04-01,2025-04-30,20260209_085237,20260209_085237-0201,2025-04-25 15:40:35.163000,2025-04-25 16:04:46.414000,買い,143.47700,143.62700,1.00,15.00,13133.20,水平線手前,利確,支持抵抗,0,143.47700
2025-04-01,2025-04-30,20260209_085237,20260209_085237-0202,2025-04-25 15:46:07.698000,2025-04-25 16:13:43.998000,買い,143.54300,143.49300,1.00,-5.00,13128.20,水平線手前,損切,支持抵抗,0,143.54300
2025-04-01,2025-04-30,20260209_085237,20260209_085237-0203,2025-04-25 16:17:46.559000,2025-04-25 16:46:10.341000,買い,143.26300,143.41300,1.00,15.00,13143.20,水平線手前,利確,支持抵抗,0,143.26300
2025-04-01,2025-04-30,20260209_085237,20260209_085237-0204,2025-04-25 18:12:37.255000,2025-04-25 18:47:20.908000,買い,143.27500,143.42500,1.00,15.00,13158.20,水平線手前,利確,支持抵抗,0,143.27500
2025-04-01,2025-04-30,20260209_085237,20260209_085237-0205,2025-04-25 19:17:25.827000,2025-04-25 19:19:51.997000,売り,143.66800,143.71800,1.00,-5.00,13153.20,水平線手前,損切,支持抵抗,0,143.66800
2025-04-01,2025-04-30,20260209_085237,20260209_085237-0206,2025-04-25 19:19:42.706000,2025-04-25 19:31:15.166000,売り,143.70700,143.55700,1.00,15.00,13168.20,水平線手前,利確,支持抵抗,0,143.70700
2025-04-01,2025-04-30,20260209_085237,20260209_085237-0207,2025-04-25 20:25:01.483000,2025-04-25 21:22:21.436000,買い,143.26200,143.41200,1.00,15.00,13183.20,水平線手前,利確,支持抵抗,0,143.26200
2025-04-01,2025-04-30,20260209_085237,20260209_085237-0208,2025-04-25 22:35:30.935000,2025-04-25 23:00:49.551000,売り,143.84500,143.89500,1.00,-5.00,13178.20,水平線手前,損切,支持抵抗,0,143.84500
2025-04-01,2025-04-30,20260209_085237,20260209_085237-0209,2025-04-25 23:54:35.082000,2025-04-26 00:24:26.622000,売り,143.96100,144.01100,1.00,-5.00,13173.20,水平線手前,損切,支持抵抗,0,143.96100
2025-04-01,2025-04-30,20260209_085237,20260209_085237-0210,2025-04-26 00:23:17.889000,2025-04-26 00:39:05.430000,売り,144.00100,143.85100,1.00,15.00,13188.20,水平線手前,利確,支持抵抗,0,144.00100
2025-04-01,2025-04-30,20260209_085237,20260209_085237-0211,2025-04-28 11:02:11.027000,2025-04-28 11:47:28.817000,売り,143.84800,143.69800,1.00,15.00,13203.20,水平線手前,利確,支持抵抗,0,143.84800
2025-04-01,2025-04-30,20260209_085237,20260209_085237-0212,2025-04-28 11:02:03.342000,2025-04-28 11:50:19.174000,売り,143.83400,143.68400,1.00,15.00,13218.20,水平線手前,利確,支持抵抗,0,143.83400
2025-04-01,2025-04-30,20260209_085237,20260209_085237-0213,2025-04-28 13:45:57.258000,2025-04-28 13:59:30.254000,買い,143.37800,143.32800,1.00,-5.00,13213.20,水平線手前,損切,支持抵抗,0,143.37800
2025-04-01,2025-04-30,20260209_085237,20260209_085237-0214,2025-04-28 13:52:13.415000,2025-04-28 14:00:03.960000,買い,143.35200,143.30200,1.00,-5.00,13208.20,水平線手前,損切,支持抵抗,0,143.35200
2025-04-01,2025-04-30,20260209_085237,20260209_085237-0215,2025-04-28 14:00:00.391000,2025-04-28 14:22:59.222000,買い,143.32800,143.47800,1.00,15.00,13223.20,水平線手前,利確,支持抵抗,0,143.32800
2025-04-01,2025-04-30,20260209_085237,20260209_085237-0216,2025-04-28 16:00:15.798000,2025-04-28 16:38:04.886000,売り,143.86500,143.71500,1.00,15.00,13238.20,水平線手前,利確,支持抵抗,0,143.86500
2025-04-01,2025-04-30,20260209_085237,20260209_085237-0217,2025-04-28 21:20:01.693000,2025-04-28 21:24:34.721000,買い,143.26200,143.21200,1.00,-5.00,13233.20,水平線手前,損切,支持抵抗,0,143.26200
2025-04-01,2025-04-30,20260209_085237,20260209_085237-0218,2025-04-28 21:25:20.818000,2025-04-28 21:53:52.458000,買い,143.18800,143.33800,1.00,15.00,13248.20,水平線手前,利確,支持抵抗,0,143.18800
2025-04-01,2025-04-30,20260209_085237,20260209_085237-0219,2025-04-28 22:43:35.574000,2025-04-28 23:00:25.627000,買い,143.10400,143.05400,1.00,-5.00,13243.20,水平線手前,損切,支持抵抗,0,143.10400
2025-04-01,2025-04-30,20260209_085237,20260209_085237-0220,2025-04-28 23:41:07.855000,2025-04-28 23:54:43.400000,買い,142.61700,142.76700,1.00,15.00,13258.20,水平線手前,利確,支持抵抗,0,142.61700
2025-04-01,2025-04-30,20260209_085237,20260209_085237-0221,2025-04-29 01:42:31.480000,2025-04-29 01:43:03.956000,買い,142.48500,142.43500,1.00,-5.00,13253.20,水平線手前,損切,支持抵抗,0,142.48500
2025-04-01,2025-04-30,20260209_085237,20260209_085237-0222,2025-04-29 01:57:12.694000,2025-04-29 02:09:42.751000,買い,142.31300,142.26300,1.00,-5.00,13248.20,水平線手前,損切,支持抵抗,0,142.31300
2025-04-01,2025-04-30,20260209_085237,20260209_085237-0223,2025-04-29 02:29:30.092000,2025-04-29 02:51:00.619000,買い,142.16700,142.31700,1.00,15.00,13263.20,水平線手前,利確,支持抵抗,0,142.16700
2025-04-01,2025-04-30,20260209_085237,20260209_085237-0224,2025-04-29 03:58:10.052000,2025-04-29 04:01:00.294000,買い,142.15100,142.10100,1.00,-5.00,13258.20,水平線手前,損切,支持抵抗,0,142.15100
2025-04-01,2025-04-30,20260209_085237,20260209_085237-0225,2025-04-29 04:05:24.787000,2025-04-29 05:20:48.521000,買い,142.07800,142.02800,1.00,-5.00,13253.20,水平線手前,損切,支持抵抗,0,142.07800
2025-04-01,2025-04-30,20260209_085237,20260209_085237-0226,2025-04-29 23:00:30.139000,2025-04-29 23:05:31.121000,買い,142.04800,142.19800,1.00,15.00,13268.20,水平線手前,利確,支持抵抗,0,142.04800
2025-04-01,2025-04-30,20260209_085237,20260209_085237-0227,2025-04-29 23:00:30.954000,2025-04-29 23:05:31.121000,買い,142.04400,142.19400,1.00,15.00,13283.20,水平線手前,利確,支持抵抗,0,142.04400
2025-04-01,2025-04-30,20260209_085237,20260209_085237-0228,2025-04-30 01:25:32.519000,2025-04-30 02:07:16.515000,買い,141.97800,142.12800,1.00,15.00,13298.20,水平線手前,利確,支持抵抗,0,141.97800
2025-04-01,2025-04-30,20260209_085237,20260209_085237-0229,2025-04-30 01:25:31.991000,2025-04-30 02:17:18.646000,買い,142.00100,142.15100,1.00,15.00,13313.20,水平線手前,利確,支持抵抗,0,142.00100
2025-04-01,2025-04-30,20260209_085237,20260209_085237-0230,2025-04-30 11:00:08.041000,2025-04-30 11:01:05.443000,売り,142.47800,142.52800,1.00,-5.00,13308.20,水平線手前,損切,支持抵抗,0,142.47800
2025-04-01,2025-04-30,20260209_085237,20260209_085237-0231,2025-04-30 11:01:05.443000,2025-04-30 12:10:58.143000,売り,142.51900,142.36900,1.00,15.00,13323.20,水平線手前,利確,支持抵抗,0,142.51900
2025-04-01,2025-04-30,20260209_085237,20260209_085237-0232,2025-04-30 13:00:01.992000,2025-04-30 15:04:42.522000,売り,142.52500,142.57500,1.00,-5.00,13318.20,水平線手前,損切,支持抵抗,0,142.52500
2025-04-01,2025-04-30,20260209_085237,20260209_085237-0233,2025-04-30 15:10:02.399000,2025-04-30 15:29:28.716000,売り,142.68900,142.53900,1.00,15.00,13333.20,水平線手前,利確,支持抵抗,0,142.68900
2025-04-01,2025-04-30,20260209_085237,20260209_085237-0234,2025-04-30 16:24:32.459000,2025-04-30 16:26:51.235000,売り,142.72800,142.77800,1.00,-5.00,13328.20,水平線手前,損切,支持抵抗,0,142.72800
2025-04-01,2025-04-30,20260209_085237,20260209_085237-0235,2025-04-30 16:34:03.906000,2025-04-30 17:28:54.639000,売り,142.85900,142.90900,1.00,-5.00,13323.20,水平線手前,損切,支持抵抗,0,142.85900
2025-04-01,2025-04-30,20260209_085237,20260209_085237-0236,2025-04-30 17:34:22.361000,2025-04-30 18:04:53.985000,売り,142.91600,142.96600,1.00,-5.00,13318.20,水平線手前,損切,支持抵抗,0,142.91600
2025-04-01,2025-04-30,20260209_085237,20260209_085237-0237,2025-04-30 18:54:17.009000,2025-04-30 20:36:31.806000,売り,143.12200,142.97200,1.00,15.00,13333.20,水平線手前,利確,支持抵抗,0,143.12200
2025-05-01,2025-05-31,20260209_085352,20260209_085352-0001,2025-05-01 03:21:48.892000,2025-05-01 03:27:04.295000,売り,142.91200,142.96200,1.00,-5.00,13328.20,水平線手前,損切,支持抵抗,0,142.91200
2025-05-01,2025-05-31,20260209_085352,20260209_085352-0002,2025-05-01 04:58:06.662000,2025-05-01 05:01:19.765000,売り,142.97900,143.02900,1.00,-5.00,13323.20,水平線手前,損切,支持抵抗,0,142.97900
2025-05-01,2025-05-31,20260209_085352,20260209_085352-0003,2025-05-01 11:00:34.089000,2025-05-01 12:02:17.264000,売り,143.20900,143.05900,1.00,15.00,13338.20,水平線手前,利確,支持抵抗,0,143.20900
2025-05-01,2025-05-31,20260209_085352,20260209_085352-0004,2025-05-01 12:45:18.841000,2025-05-01 13:01:52.434000,売り,143.72300,143.77300,1.00,-5.00,13333.20,水平線手前,損切,支持抵抗,0,143.72300
2025-05-01,2025-05-31,20260209_085352,20260209_085352-0005,2025-05-01 13:36:21.425000,2025-05-01 14:01:07.712000,売り,143.87100,143.92100,1.00,-5.00,13328.20,水平線手前,損切,支持抵抗,0,143.87100
2025-05-01,2025-05-31,20260209_085352,20260209_085352-0006,2025-05-01 14:29:36.511000,2025-05-01 14:51:38.616000,売り,144.22500,144.07500,1.00,15.00,13343.20,水平線手前,利確,支持抵抗,0,144.22500
2025-05-01,2025-05-31,20260209_085352,20260209_085352-0007,2025-05-01 15:58:23.881000,2025-05-01 16:00:45.686000,売り,144.56500,144.61500,1.00,-5.00,13338.20,水平線手前,損切,支持抵抗,0,144.56500
2025-05-01,2025-05-31,20260209_085352,20260209_085352-0008,2025-05-01 16:08:01.980000,2025-05-01 16:23:23.700000,売り,144.72300,144.57300,1.00,15.00,13353.20,水平線手前,利確,支持抵抗,0,144.72300
2025-05-01,2025-05-31,20260209_085352,20260209_085352-0009,2025-05-01 21:54:12.630000,2025-05-01 22:06:43.441000,売り,144.73700,144.58700,1.00,15.00,13368.20,水平線手前,利確,支持抵抗,0,144.73700
2025-05-01,2025-05-31,20260209_085352,20260209_085352-0010,2025-05-01 22:45:52.311000,2025-05-01 22:59:10.421000,売り,144.77100,144.62100,1.00,15.00,13383.20,水平線手前,利確,支持抵抗,0,144.77100
2025-05-01,2025-05-31,20260209_085352,20260209_085352-0011,2025-05-01 23:53:06.588000,2025-05-02 00:01:39.970000,売り,145.46800,145.31800,1.00,15.00,13398.20,水平線手前,利確,支持抵抗,0,145.46800
2025-05-01,2025-05-31,20260209_085352,20260209_085352-0012,2025-05-02 00:43:14.472000,2025-05-02 00:58:05.271000,売り,145.62200,145.47200,1.00,15.00,13413.20,水平線手前,利確,支持抵抗,0,145.62200
2025-05-01,2025-05-31,20260209_085352,20260209_085352-0013,2025-05-02 03:01:36.336000,2025-05-02 03:02:53.194000,売り,145.62300,145.67300,1.00,-5.00,13408.20,水平線手前,損切,支持抵抗,0,145.62300
2025-05-01,2025-05-31,20260209_085352,20260209_085352-0014,2025-05-02 03:03:12.415000,2025-05-02 03:10:52.465000,売り,145.70700,145.55700,1.00,15.00,13423.20,水平線手前,利確,支持抵抗,0,145.70700
2025-05-01,2025-05-31,20260209_085352,20260209_085352-0015,2025-05-02 12:32:10.252000,2025-05-02 12:33:45.885000,買い,145.27900,145.22900,1.00,-5.00,13418.20,水平線手前,損切,支持抵抗,0,145.27900
2025-05-01,2025-05-31,20260209_085352,20260209_085352-0016,2025-05-02 12:38:20.562000,2025-05-02 13:10:04.149000,買い,145.18400,145.33400,1.00,15.00,13433.20,水平線手前,利確,支持抵抗,0,145.18400
2025-05-01,2025-05-31,20260209_085352,20260209_085352-0017,2025-05-02 15:23:12.178000,2025-05-02 15:37:19.861000,買い,145.08100,145.23100,1.00,15.00,13448.20,水平線手前,利確,支持抵抗,0,145.08100
2025-05-01,2025-05-31,20260209_085352,20260209_085352-0018,2025-05-02 16:06:04.772000,2025-05-02 16:33:04.534000,買い,145.08100,145.23100,1.00,15.00,13463.20,水平線手前,利確,支持抵抗,0,145.08100
2025-05-01,2025-05-31,20260209_085352,20260209_085352-0019,2025-05-02 17:51:19.368000,2025-05-02 18:09:02.100000,買い,144.85900,144.80900,1.00,-5.00,13458.20,水平線手前,損切,支持抵抗,0,144.85900
2025-05-01,2025-05-31,20260209_085352,20260209_085352-0020,2025-05-02 18:50:55.196000,2025-05-02 19:09:45.648000,買い,144.47800,144.62800,1.00,15.00,13473.20,水平線手前,利確,支持抵抗,0,144.47800
2025-05-01,2025-05-31,20260209_085352,20260209_085352-0021,2025-05-02 20:35:33.343000,2025-05-02 20:56:11.348000,買い,144.40300,144.55300,1.00,15.00,13488.20,水平線手前,利確,支持抵抗,0,144.40300
2025-05-01,2025-05-31,20260209_085352,20260209_085352-0022,2025-05-02 21:42:08.252000,2025-05-02 21:45:45.230000,買い,144.37000,144.52000,1.00,15.00,13503.20,水平線手前,利確,支持抵抗,0,144.37000
2025-05-01,2025-05-31,20260209_085352,20260209_085352-0023,2025-05-02 22:37:58.896000,2025-05-02 22:39:06.425000,買い,143.91200,143.86200,1.00,-5.00,13498.20,水平線手前,損切,支持抵抗,0,143.91200
2025-05-01,2025-05-31,20260209_085352,20260209_085352-0024,2025-05-02 22:40:12.454000,2025-05-02 22:43:05.758000,買い,143.76800,143.91800,1.00,15.00,13513.20,水平線手前,利確,支持抵抗,0,143.76800
2025-05-01,2025-05-31,20260209_085352,20260209_085352-0025,2025-05-02 23:01:06.027000,2025-05-02 23:04:11.579000,買い,143.76700,143.91700,1.00,15.00,13528.20,水平線手前,利確,支持抵抗,0,143.76700
2025-05-01,2025-05-31,20260209_085352,20260209_085352-0026,2025-05-03 01:02:34.293000,2025-05-03 01:09:33.788000,売り,144.76200,144.61200,1.00,15.00,13543.20,水平線手前,利確,支持抵抗,0,144.76200
2025-05-01,2025-05-31,20260209_085352,20260209_085352-0027,2025-05-03 03:43:22.496000,2025-05-03 04:11:18.666000,売り,145.05900,144.90900,1.00,15.00,13558.20,水平線手前,利確,支持抵抗,0,145.05900
2025-05-01,2025-05-31,20260209_085352,20260209_085352-0028,2025-05-05 11:34:43.890000,2025-05-05 11:35:56.863000,買い,144.13900,144.08900,1.00,-5.00,13553.20,水平線手前,損切,支持抵抗,0,144.13900
2025-05-01,2025-05-31,20260209_085352,20260209_085352-0029,2025-05-05 11:35:56.810000,2025-05-05 12:11:28.356000,買い,144.10300,144.25300,1.00,15.00,13568.20,水平線手前,利確,支持抵抗,0,144.10300
2025-05-01,2025-05-31,20260209_085352,20260209_085352-0030,2025-05-05 14:39:06.811000,2025-05-05 14:45:10.029000,買い,144.00200,144.15200,1.00,15.00,13583.20,水平線手前,利確,支持抵抗,0,144.00200
2025-05-01,2025-05-31,20260209_085352,20260209_085352-0031,2025-05-05 17:49:00.241000,2025-05-05 17:56:46.093000,買い,143.92300,144.07300,1.00,15.00,13598.20,水平線手前,利確,支持抵抗,0,143.92300
2025-05-01,2025-05-31,20260209_085352,20260209_085352-0032,2025-05-05 18:17:21.119000,2025-05-05 19:05:00.323000,買い,143.85200,143.80200,1.00,-5.00,13593.20,水平線手前,損切,支持抵抗,0,143.85200
2025-05-01,2025-05-31,20260209_085352,20260209_085352-0033,2025-05-05 19:00:16.505000,2025-05-05 19:52:18.124000,買い,143.84200,143.99200,1.00,15.00,13608.20,水平線手前,利確,支持抵抗,0,143.84200
2025-05-01,2025-05-31,20260209_085352,20260209_085352-0034,2025-05-05 20:20:55.068000,2025-05-05 21:25:51.948000,買い,143.78700,143.73700,1.00,-5.00,13603.20,水平線手前,損切,支持抵抗,0,143.78700
2025-05-01,2025-05-31,20260209_085352,20260209_085352-0035,2025-05-05 21:57:15.097000,2025-05-05 22:12:49.865000,買い,143.61100,143.56100,1.00,-5.00,13598.20,水平線手前,損切,支持抵抗,0,143.61100
2025-05-01,2025-05-31,20260209_085352,20260209_085352-0036,2025-05-05 22:12:45.398000,2025-05-05 22:33:10.359000,買い,143.57900,143.72900,1.00,15.00,13613.20,水平線手前,利確,支持抵抗,0,143.57900
2025-05-01,2025-05-31,20260209_085352,20260209_085352-0037,2025-05-06 11:20:16.965000,2025-05-06 11:50:12.930000,買い,143.69000,143.84000,1.00,15.00,13628.20,水平線手前,利確,支持抵抗,0,143.69000
2025-05-01,2025-05-31,20260209_085352,20260209_085352-0038,2025-05-06 13:18:16.985000,2025-05-06 14:23:12.917000,買い,143.65400,143.80400,1.00,15.00,13643.20,水平線手前,利確,支持抵抗,0,143.65400
2025-05-01,2025-05-31,20260209_085352,20260209_085352-0039,2025-05-06 16:25:30.189000,2025-05-06 16:25:47.673000,買い,143.57900,143.52900,1.00,-5.00,13638.20,水平線手前,損切,支持抵抗,0,143.57900
2025-05-01,2025-05-31,20260209_085352,20260209_085352-0040,2025-05-06 16:36:02.475000,2025-05-06 17:13:41.227000,買い,143.24000,143.19000,1.00,-5.00,13633.20,水平線手前,損切,支持抵抗,0,143.24000
2025-05-01,2025-05-31,20260209_085352,20260209_085352-0041,2025-05-06 17:24:08.329000,2025-05-06 17:55:45.606000,買い,142.94200,143.09200,1.00,15.00,13648.20,水平線手前,利確,支持抵抗,0,142.94200
2025-05-01,2025-05-31,20260209_085352,20260209_085352-0042,2025-05-06 20:35:00.611000,2025-05-06 21:03:26.821000,買い,142.75500,142.90500,1.00,15.00,13663.20,水平線手前,利確,支持抵抗,0,142.75500
2025-05-01,2025-05-31,20260209_085352,20260209_085352-0043,2025-05-06 20:34:56.745000,2025-05-06 21:03:44.308000,買い,142.78300,142.93300,1.00,15.00,13678.20,水平線手前,利確,支持抵抗,0,142.78300
2025-05-01,2025-05-31,20260209_085352,20260209_085352-0044,2025-05-06 21:56:46.946000,2025-05-06 22:06:30.466000,買い,142.52600,142.67600,1.00,15.00,13693.20,水平線手前,利確,支持抵抗,0,142.52600
2025-05-01,2025-05-31,20260209_085352,20260209_085352-0045,2025-05-06 21:56:46.791000,2025-05-06 22:06:32.492000,買い,142.53100,142.68100,1.00,15.00,13708.20,水平線手前,利確,支持抵抗,0,142.53100
2025-05-01,2025-05-31,20260209_085352,20260209_085352-0046,2025-05-06 22:50:06.289000,2025-05-06 23:02:42.991000,買い,142.38500,142.53500,1.00,15.00,13723.20,水平線手前,利確,支持抵抗,0,142.38500
2025-05-01,2025-05-31,20260209_085352,20260209_085352-0047,2025-05-07 01:15:12.672000,2025-05-07 01:21:44.174000,売り,143.00800,142.85800,1.00,15.00,13738.20,水平線手前,利確,支持抵抗,0,143.00800
2025-05-01,2025-05-31,20260209_085352,20260209_085352-0048,2025-05-07 13:47:26.138000,2025-05-07 13:57:57.984000,売り,143.27800,143.32800,1.00,-5.00,13733.20,水平線手前,損切,支持抵抗,0,143.27800
2025-05-01,2025-05-31,20260209_085352,20260209_085352-0049,2025-05-07 13:56:28.298000,2025-05-07 14:31:02.200000,売り,143.29600,143.14600,1.00,15.00,13748.20,水平線手前,利確,支持抵抗,0,143.29600
2025-05-01,2025-05-31,20260209_085352,20260209_085352-0050,2025-05-07 17:19:22.036000,2025-05-07 17:43:27.052000,売り,143.41100,143.26100,1.00,15.00,13763.20,水平線手前,利確,支持抵抗,0,143.41100
2025-05-01,2025-05-31,20260209_085352,20260209_085352-0051,2025-05-07 18:09:05.451000,2025-05-07 18:49:20.866000,売り,143.42300,143.27300,1.00,15.00,13778.20,水平線手前,利確,支持抵抗,0,143.42300
2025-05-01,2025-05-31,20260209_085352,20260209_085352-0052,2025-05-08 00:58:22.346000,2025-05-08 01:00:31.737000,売り,143.44200,143.49200,1.00,-5.00,13773.20,水平線手前,損切,支持抵抗,0,143.44200
2025-05-01,2025-05-31,20260209_085352,20260209_085352-0053,2025-05-08 01:01:46.995000,2025-05-08 02:10:34.424000,売り,143.55800,143.40800,1.00,15.00,13788.20,水平線手前,利確,支持抵抗,0,143.55800
2025-05-01,2025-05-31,20260209_085352,20260209_085352-0054,2025-05-08 03:08:26.148000,2025-05-08 03:17:42.185000,買い,142.94100,143.09100,1.00,15.00,13803.20,水平線手前,利確,支持抵抗,0,142.94100
2025-05-01,2025-05-31,20260209_085352,20260209_085352-0055,2025-05-08 03:45:57.615000,2025-05-08 03:48:46.745000,売り,143.75100,143.60100,1.00,15.00,13818.20,水平線手前,利確,支持抵抗,0,143.75100
2025-05-01,2025-05-31,20260209_085352,20260209_085352-0056,2025-05-08 04:42:14.918000,2025-05-08 04:47:28.808000,売り,143.94700,143.79700,1.00,15.00,13833.20,水平線手前,利確,支持抵抗,0,143.94700
2025-05-01,2025-05-31,20260209_085352,20260209_085352-0057,2025-05-08 14:11:43.207000,2025-05-08 14:12:51.392000,売り,143.96800,144.01800,1.00,-5.00,13828.20,水平線手前,損切,支持抵抗,0,143.96800
2025-05-01,2025-05-31,20260209_085352,20260209_085352-0058,2025-05-08 14:12:58.311000,2025-05-08 14:33:40.834000,売り,144.04100,143.89100,1.00,15.00,13843.20,水平線手前,利確,支持抵抗,0,144.04100
2025-05-01,2025-05-31,20260209_085352,20260209_085352-0059,2025-05-08 14:12:55.519000,2025-05-08 14:33:53.289000,売り,144.03000,143.88000,1.00,15.00,13858.20,水平線手前,利確,支持抵抗,0,144.03000
2025-05-01,2025-05-31,20260209_085352,20260209_085352-0060,2025-05-08 15:30:33.118000,2025-05-08 15:31:02.485000,売り,144.24500,144.29500,1.00,-5.00,13853.20,水平線手前,損切,支持抵抗,0,144.24500
2025-05-01,2025-05-31,20260209_085352,20260209_085352-0061,2025-05-08 15:34:00.978000,2025-05-08 16:00:37.553000,売り,144.40300,144.45300,1.00,-5.00,13848.20,水平線手前,損切,支持抵抗,0,144.40300
2025-05-01,2025-05-31,20260209_085352,20260209_085352-0062,2025-05-08 16:07:27.353000,2025-05-08 16:58:51.486000,売り,144.49000,144.34000,1.00,15.00,13863.20,水平線手前,利確,支持抵抗,0,144.49000
2025-05-01,2025-05-31,20260209_085352,20260209_085352-0063,2025-05-08 17:15:19.366000,2025-05-08 17:17:49.660000,売り,144.61000,144.66000,1.00,-5.00,13858.20,水平線手前,損切,支持抵抗,0,144.61000
2025-05-01,2025-05-31,20260209_085352,20260209_085352-0064,2025-05-08 17:52:56.276000,2025-05-08 18:33:04.626000,売り,144.81700,144.86700,1.00,-5.00,13853.20,水平線手前,損切,支持抵抗,0,144.81700
2025-05-01,2025-05-31,20260209_085352,20260209_085352-0065,2025-05-08 18:33:06.801000,2025-05-08 18:48:39.609000,売り,144.92100,144.77100,1.00,15.00,13868.20,水平線手前,利確,支持抵抗,0,144.92100
2025-05-01,2025-05-31,20260209_085352,20260209_085352-0066,2025-05-08 19:12:56.063000,2025-05-08 19:21:59.387000,売り,144.97400,144.82400,1.00,15.00,13883.20,水平線手前,利確,支持抵抗,0,144.97400
2025-05-01,2025-05-31,20260209_085352,20260209_085352-0067,2025-05-08 23:58:59.360000,2025-05-09 00:02:29.181000,売り,145.09000,144.94000,1.00,15.00,13898.20,水平線手前,利確,支持抵抗,0,145.09000
2025-05-01,2025-05-31,20260209_085352,20260209_085352-0068,2025-05-09 00:49:36.303000,2025-05-09 00:49:57.626000,売り,145.47700,145.52700,1.00,-5.00,13893.20,水平線手前,損切,支持抵抗,0,145.47700
2025-05-01,2025-05-31,20260209_085352,20260209_085352-0069,2025-05-09 00:50:29.767000,2025-05-09 00:53:13.054000,売り,145.56300,145.41300,1.00,15.00,13908.20,水平線手前,利確,支持抵抗,0,145.56300
2025-05-01,2025-05-31,20260209_085352,20260209_085352-0070,2025-05-09 01:25:41.130000,2025-05-09 01:33:29.327000,売り,145.75600,145.60600,1.00,15.00,13923.20,水平線手前,利確,支持抵抗,0,145.75600
2025-05-01,2025-05-31,20260209_085352,20260209_085352-0071,2025-05-09 02:25:38.859000,2025-05-09 02:42:59.257000,売り,145.89400,145.94400,1.00,-5.00,13918.20,水平線手前,損切,支持抵抗,0,145.89400
2025-05-01,2025-05-31,20260209_085352,20260209_085352-0072,2025-05-09 02:37:13.494000,2025-05-09 02:54:49.265000,売り,145.92400,145.77400,1.00,15.00,13933.20,水平線手前,利確,支持抵抗,0,145.92400
2025-05-01,2025-05-31,20260209_085352,20260209_085352-0073,2025-05-09 03:41:19.589000,2025-05-09 04:20:21.701000,売り,145.91900,145.96900,1.00,-5.00,13928.20,水平線手前,損切,支持抵抗,0,145.91900
2025-05-01,2025-05-31,20260209_085352,20260209_085352-0074,2025-05-09 04:26:13.061000,2025-05-09 04:43:34.719000,売り,146.14600,145.99600,1.00,15.00,13943.20,水平線手前,利確,支持抵抗,0,146.14600
2025-05-01,2025-05-31,20260209_085352,20260209_085352-0075,2025-05-09 12:02:29.399000,2025-05-09 12:22:58.048000,買い,145.50000,145.65000,1.00,15.00,13958.20,水平線手前,利確,支持抵抗,0,145.50000
2025-05-01,2025-05-31,20260209_085352,20260209_085352-0076,2025-05-09 13:34:28.358000,2025-05-09 14:43:34.829000,買い,145.48800,145.43800,1.00,-5.00,13953.20,水平線手前,損切,支持抵抗,0,145.48800
2025-05-01,2025-05-31,20260209_085352,20260209_085352-0077,2025-05-09 14:43:34.881000,2025-05-09 15:01:37.099000,買い,145.44600,145.39600,1.00,-5.00,13948.20,水平線手前,損切,支持抵抗,0,145.44600
2025-05-01,2025-05-31,20260209_085352,20260209_085352-0078,2025-05-09 15:44:37.117000,2025-05-09 16:11:50.631000,買い,145.27300,145.22300,1.00,-5.00,13943.20,水平線手前,損切,支持抵抗,0,145.27300
2025-05-01,2025-05-31,20260209_085352,20260209_085352-0079,2025-05-09 16:16:27.781000,2025-05-09 16:33:24.730000,買い,145.17000,145.32000,1.00,15.00,13958.20,水平線手前,利確,支持抵抗,0,145.17000
2025-05-01,2025-05-31,20260209_085352,20260209_085352-0080,2025-05-09 17:03:43.717000,2025-05-09 17:23:41.978000,買い,145.11300,145.26300,1.00,15.00,13973.20,水平線手前,利確,支持抵抗,0,145.11300
2025-05-01,2025-05-31,20260209_085352,20260209_085352-0081,2025-05-09 20:27:15.901000,2025-05-09 20:29:23.930000,買い,144.96900,145.11900,1.00,15.00,13988.20,水平線手前,利確,支持抵抗,0,144.96900
2025-05-01,2025-05-31,20260209_085352,20260209_085352-0082,2025-05-09 23:27:31.416000,2025-05-09 23:42:57.706000,買い,144.86300,145.01300,1.00,15.00,14003.20,水平線手前,利確,支持抵抗,0,144.86300
2025-05-01,2025-05-31,20260209_085352,20260209_085352-0083,2025-05-10 01:30:55.051000,2025-05-10 01:54:52.815000,売り,145.24100,145.29100,1.00,-5.00,13998.20,水平線手前,損切,支持抵抗,0,145.24100
2025-05-01,2025-05-31,20260209_085352,20260209_085352-0084,2025-05-10 01:45:19.466000,2025-05-10 02:04:30.857000,売り,145.26500,145.31500,1.00,-5.00,13993.20,水平線手前,損切,支持抵抗,0,145.26500
2025-05-01,2025-05-31,20260209_085352,20260209_085352-0085,2025-05-10 02:10:26.164000,2025-05-10 03:02:26.115000,売り,145.32000,145.17000,1.00,15.00,14008.20,水平線手前,利確,支持抵抗,0,145.32000
2025-05-01,2025-05-31,20260209_085352,20260209_085352-0086,2025-05-10 04:27:04.292000,2025-05-12 06:00:07.001000,売り,145.33900,145.38900,1.00,-5.00,14003.20,水平線手前,損切,支持抵抗,0,145.33900
2025-05-01,2025-05-31,20260209_085352,20260209_085352-0087,2025-05-12 12:58:21.138000,2025-05-12 13:39:45.382000,買い,145.75600,145.90600,1.00,15.00,14018.20,水平線手前,利確,支持抵抗,0,145.75600
2025-05-01,2025-05-31,20260209_085352,20260209_085352-0088,2025-05-12 13:01:37.504000,2025-05-12 13:39:45.382000,買い,145.75500,145.90500,1.00,15.00,14033.20,水平線手前,利確,支持抵抗,0,145.75500
2025-05-01,2025-05-31,20260209_085352,20260209_085352-0089,2025-05-12 14:48:07.260000,2025-05-12 15:02:11.141000,売り,146.10600,145.95600,1.00,15.00,14048.20,水平線手前,利確,支持抵抗,0,146.10600
2025-05-01,2025-05-31,20260209_085352,20260209_085352-0090,2025-05-12 15:44:12.124000,2025-05-12 16:00:03.440000,売り,146.13800,146.18800,1.00,-5.00,14043.20,水平線手前,損切,支持抵抗,0,146.13800
2025-05-01,2025-05-31,20260209_085352,20260209_085352-0091,2025-05-12 16:00:06.006000,2025-05-12 16:00:08.455000,売り,146.25400,146.30400,1.00,-5.00,14038.20,水平線手前,損切,支持抵抗,0,146.25400
2025-05-01,2025-05-31,20260209_085352,20260209_085352-0092,2025-05-12 16:00:25.493000,2025-05-12 16:00:28.657000,売り,146.25600,146.30600,1.00,-5.00,14033.20,水平線手前,損切,支持抵抗,0,146.25600
2025-05-01,2025-05-31,20260209_085352,20260209_085352-0093,2025-05-12 16:57:25.025000,2025-05-12 17:01:32.444000,売り,147.96600,147.81600,1.00,15.00,14048.20,水平線手前,利確,支持抵抗,0,147.96600
2025-05-01,2025-05-31,20260209_085352,20260209_085352-0094,2025-05-12 17:18:11.834000,2025-05-12 17:23:05.798000,売り,148.19600,148.04600,1.00,15.00,14063.20,水平線手前,利確,支持抵抗,0,148.19600
2025-05-01,2025-05-31,20260209_085352,20260209_085352-0095,2025-05-12 19:41:03.801000,2025-05-12 19:52:20.005000,売り,148.56200,148.41200,1.00,15.00,14078.20,水平線手前,利確,支持抵抗,0,148.56200
2025-05-01,2025-05-31,20260209_085352,20260209_085352-0096,2025-05-12 22:31:57.824000,2025-05-12 22:49:00.974000,買い,147.84700,147.99700,1.00,15.00,14093.20,水平線手前,利確,支持抵抗,0,147.84700
2025-05-01,2025-05-31,20260209_085352,20260209_085352-0097,2025-05-12 23:23:56.790000,2025-05-12 23:28:31.273000,売り,148.29800,148.14800,1.00,15.00,14108.20,水平線手前,利確,支持抵抗,0,148.29800
2025-05-01,2025-05-31,20260209_085352,20260209_085352-0098,2025-05-13 01:57:41.974000,2025-05-13 02:08:27.608000,売り,148.52600,148.57600,1.00,-5.00,14103.20,水平線手前,損切,支持抵抗,0,148.52600
2025-05-01,2025-05-31,20260209_085352,20260209_085352-0099,2025-05-13 03:18:02.375000,2025-05-13 03:45:35.386000,売り,148.62100,148.47100,1.00,15.00,14118.20,水平線手前,利確,支持抵抗,0,148.62100
2025-05-01,2025-05-31,20260209_085352,20260209_085352-0100,2025-05-13 02:31:32.440000,2025-05-13 03:45:43.212000,売り,148.61200,148.46200,1.00,15.00,14133.20,水平線手前,利確,支持抵抗,0,148.61200
2025-05-01,2025-05-31,20260209_085352,20260209_085352-0101,2025-05-13 11:08:46.596000,2025-05-13 11:21:48.778000,買い,147.79700,147.94700,1.00,15.00,14148.20,水平線手前,利確,支持抵抗,0,147.79700
2025-05-01,2025-05-31,20260209_085352,20260209_085352-0102,2025-05-13 12:49:40.629000,2025-05-13 13:22:57.768000,買い,147.76600,147.91600,1.00,15.00,14163.20,水平線手前,利確,支持抵抗,0,147.76600
2025-05-01,2025-05-31,20260209_085352,20260209_085352-0103,2025-05-13 13:58:31.444000,2025-05-13 14:13:25.482000,買い,147.72900,147.67900,1.00,-5.00,14158.20,水平線手前,損切,支持抵抗,0,147.72900
2025-05-01,2025-05-31,20260209_085352,20260209_085352-0104,2025-05-13 14:13:28.913000,2025-05-13 14:38:44.107000,買い,147.66200,147.81200,1.00,15.00,14173.20,水平線手前,利確,支持抵抗,0,147.66200
2025-05-01,2025-05-31,20260209_085352,20260209_085352-0105,2025-05-13 14:13:26.099000,2025-05-13 14:38:57.859000,買い,147.68400,147.83400,1.00,15.00,14188.20,水平線手前,利確,支持抵抗,0,147.68400
2025-05-01,2025-05-31,20260209_085352,20260209_085352-0106,2025-05-13 16:17:59.284000,2025-05-13 16:23:47.038000,売り,148.02700,147.87700,1.00,15.00,14203.20,水平線手前,利確,支持抵抗,0,148.02700
2025-05-01,2025-05-31,20260209_085352,20260209_085352-0107,2025-05-13 17:05:59.588000,2025-05-13 17:16:53.547000,買い,147.77000,147.92000,1.00,15.00,14218.20,水平線手前,利確,支持抵抗,0,147.77000
2025-05-01,2025-05-31,20260209_085352,20260209_085352-0108,2025-05-13 17:29:30.264000,2025-05-13 18:33:55.542000,売り,148.03700,147.88700,1.00,15.00,14233.20,水平線手前,利確,支持抵抗,0,148.03700
2025-05-01,2025-05-31,20260209_085352,20260209_085352-0109,2025-05-13 19:07:11.830000,2025-05-13 19:07:36.440000,売り,148.03300,148.08300,1.00,-5.00,14228.20,水平線手前,損切,支持抵抗,0,148.03300
2025-05-01,2025-05-31,20260209_085352,20260209_085352-0110,2025-05-13 19:46:47.820000,2025-05-13 21:02:33.799000,売り,148.10500,148.15500,1.00,-5.00,14223.20,水平線手前,損切,支持抵抗,0,148.10500
2025-05-01,2025-05-31,20260209_085352,20260209_085352-0111,2025-05-13 20:45:52.793000,2025-05-13 21:02:48.535000,売り,148.10900,148.15900,1.00,-5.00,14218.20,水平線手前,損切,支持抵抗,0,148.10900
2025-05-01,2025-05-31,20260209_085352,20260209_085352-0112,2025-05-13 21:30:06.468000,2025-05-13 21:31:39.872000,買い,147.87700,148.02700,1.00,15.00,14233.20,水平線手前,利確,支持抵抗,0,147.87700
2025-05-01,2025-05-31,20260209_085352,20260209_085352-0113,2025-05-13 21:34:08.910000,2025-05-13 21:40:51.057000,売り,148.24300,148.09300,1.00,15.00,14248.20,水平線手前,利確,支持抵抗,0,148.24300
2025-05-01,2025-05-31,20260209_085352,20260209_085352-0114,2025-05-13 22:25:30.985000,2025-05-13 22:40:41.162000,買い,147.69600,147.84600,1.00,15.00,14263.20,水平線手前,利確,支持抵抗,0,147.69600
2025-05-01,2025-05-31,20260209_085352,20260209_085352-0115,2025-05-14 01:01:26.327000,2025-05-14 01:06:45.292000,買い,147.69600,147.64600,1.00,-5.00,14258.20,水平線手前,損切,支持抵抗,0,147.69600
2025-05-01,2025-05-31,20260209_085352,20260209_085352-0116,2025-05-14 01:42:04.651000,2025-05-14 01:52:28.475000,買い,147.49400,147.64400,1.00,15.00,14273.20,水平線手前,利確,支持抵抗,0,147.49400
2025-05-01,2025-05-31,20260209_085352,20260209_085352-0117,2025-05-14 04:50:55.875000,2025-05-14 07:03:29.158000,買い,147.41100,147.36100,1.00,-5.00,14268.20,水平線手前,損切,支持抵抗,0,147.41100
2025-05-01,2025-05-31,20260209_085352,20260209_085352-0118,2025-05-14 13:26:54.874000,2025-05-14 13:28:36.365000,買い,147.02900,146.97900,1.00,-5.00,14263.20,水平線手前,損切,支持抵抗,0,147.02900
2025-05-01,2025-05-31,20260209_085352,20260209_085352-0119,2025-05-14 13:43:11.086000,2025-05-14 14:07:13.164000,買い,146.91700,146.86700,1.00,-5.00,14258.20,水平線手前,損切,支持抵抗,0,146.91700
2025-05-01,2025-05-31,20260209_085352,20260209_085352-0120,2025-05-14 14:07:13.164000,2025-05-14 14:48:14.520000,買い,146.87400,147.02400,1.00,15.00,14273.20,水平線手前,利確,支持抵抗,0,146.87400
2025-05-01,2025-05-31,20260209_085352,20260209_085352-0121,2025-05-14 17:57:42.773000,2025-05-14 18:02:01.394000,買い,146.16400,146.31400,1.00,15.00,14288.20,水平線手前,利確,支持抵抗,0,146.16400
2025-05-01,2025-05-31,20260209_085352,20260209_085352-0122,2025-05-14 18:23:51.376000,2025-05-14 18:24:28.472000,買い,145.91200,145.86200,1.00,-5.00,14283.20,水平線手前,損切,支持抵抗,0,145.91200
2025-05-01,2025-05-31,20260209_085352,20260209_085352-0123,2025-05-14 18:44:07.358000,2025-05-14 18:55:25.852000,買い,145.63600,145.78600,1.00,15.00,14298.20,水平線手前,利確,支持抵抗,0,145.63600
2025-05-01,2025-05-31,20260209_085352,20260209_085352-0124,2025-05-15 12:25:30.123000,2025-05-15 12:27:01.572000,買い,146.11400,146.06400,1.00,-5.00,14293.20,水平線手前,損切,支持抵抗,0,146.11400
2025-05-01,2025-05-31,20260209_085352,20260209_085352-0125,2025-05-15 12:36:26.146000,2025-05-15 13:43:46.744000,買い,145.98700,146.13700,1.00,15.00,14308.20,水平線手前,利確,支持抵抗,0,145.98700
2025-05-01,2025-05-31,20260209_085352,20260209_085352-0126,2025-05-15 14:09:16.501000,2025-05-15 14:30:07.437000,買い,145.96600,146.11600,1.00,15.00,14323.20,水平線手前,利確,支持抵抗,0,145.96600
2025-05-01,2025-05-31,20260209_085352,20260209_085352-0127,2025-05-15 15:50:26.045000,2025-05-15 16:01:37.183000,買い,145.51400,145.66400,1.00,15.00,14338.20,水平線手前,利確,支持抵抗,0,145.51400
2025-05-01,2025-05-31,20260209_085352,20260209_085352-0128,2025-05-15 21:30:13.247000,2025-05-15 21:31:05.164000,買い,145.66100,145.81100,1.00,15.00,14353.20,水平線手前,利確,支持抵抗,0,145.66100
2025-05-01,2025-05-31,20260209_085352,20260209_085352-0129,2025-05-15 22:08:05.936000,2025-05-15 22:11:43.829000,買い,145.61500,145.76500,1.00,15.00,14368.20,水平線手前,利確,支持抵抗,0,145.61500
2025-05-01,2025-05-31,20260209_085352,20260209_085352-0130,2025-05-15 23:10:53.386000,2025-05-15 23:14:00.056000,買い,145.44800,145.59800,1.00,15.00,14383.20,水平線手前,利確,支持抵抗,0,145.44800
2025-05-01,2025-05-31,20260209_085352,20260209_085352-0131,2025-05-16 15:56:10.019000,2025-05-16 16:09:51.844000,買い,145.00000,144.95000,1.00,-5.00,14378.20,水平線手前,損切,支持抵抗,0,145.00000
2025-05-01,2025-05-31,20260209_085352,20260209_085352-0132,2025-05-16 16:09:51.844000,2025-05-16 16:17:13.576000,買い,144.95800,145.10800,1.00,15.00,14393.20,水平線手前,利確,支持抵抗,0,144.95800
2025-05-01,2025-05-31,20260209_085352,20260209_085352-0133,2025-05-16 20:53:07.198000,2025-05-16 21:00:29.336000,売り,145.65200,145.70200,1.00,-5.00,14388.20,水平線手前,損切,支持抵抗,0,145.65200
2025-05-01,2025-05-31,20260209_085352,20260209_085352-0134,2025-05-16 21:00:16.920000,2025-05-16 21:57:07.347000,売り,145.66200,145.51200,1.00,15.00,14403.20,水平線手前,利確,支持抵抗,0,145.66200
2025-05-01,2025-05-31,20260209_085352,20260209_085352-0135,2025-05-16 23:00:29.075000,2025-05-16 23:02:30.691000,買い,145.43000,145.58000,1.00,15.00,14418.20,水平線手前,利確,支持抵抗,0,145.43000
2025-05-01,2025-05-31,20260209_085352,20260209_085352-0136,2025-05-16 23:45:11.657000,2025-05-16 23:46:23.014000,売り,146.01200,146.06200,1.00,-5.00,14413.20,水平線手前,損切,支持抵抗,0,146.01200
2025-05-01,2025-05-31,20260209_085352,20260209_085352-0137,2025-05-16 23:46:22.132000,2025-05-17 01:01:13.993000,売り,146.04100,145.89100,1.00,15.00,14428.20,水平線手前,利確,支持抵抗,0,146.04100
2025-05-01,2025-05-31,20260209_085352,20260209_085352-0138,2025-05-17 00:10:01.714000,2025-05-17 01:01:13.993000,売り,146.04100,145.89100,1.00,15.00,14443.20,水平線手前,利確,支持抵抗,0,146.04100
2025-05-01,2025-05-31,20260209_085352,20260209_085352-0139,2025-05-17 01:05:24.920000,2025-05-17 01:44:34.067000,売り,146.07000,145.92000,1.00,15.00,14458.20,水平線手前,利確,支持抵抗,0,146.07000
2025-05-01,2025-05-31,20260209_085352,20260209_085352-0140,2025-05-19 16:29:36.284000,2025-05-19 16:34:06.862000,買い,144.84500,144.79500,1.00,-5.00,14453.20,水平線手前,損切,支持抵抗,0,144.84500
2025-05-01,2025-05-31,20260209_085352,20260209_085352-0141,2025-05-19 16:37:47.903000,2025-05-19 16:59:31.874000,買い,144.69800,144.84800,1.00,15.00,14468.20,水平線手前,利確,支持抵抗,0,144.69800
2025-05-01,2025-05-31,20260209_085352,20260209_085352-0142,2025-05-20 11:20:46.611000,2025-05-20 11:55:47.313000,買い,144.75800,144.90800,1.00,15.00,14483.20,水平線手前,利確,支持抵抗,0,144.75800
2025-05-01,2025-05-31,20260209_085352,20260209_085352-0143,2025-05-20 11:57:42.680000,2025-05-20 11:59:03.322000,売り,145.26800,145.11800,1.00,15.00,14498.20,水平線手前,利確,支持抵抗,0,145.26800
2025-05-01,2025-05-31,20260209_085352,20260209_085352-0144,2025-05-20 12:57:35.773000,2025-05-20 13:31:15.828000,買い,144.78700,144.73700,1.00,-5.00,14493.20,水平線手前,損切,支持抵抗,0,144.78700
2025-05-01,2025-05-31,20260209_085352,20260209_085352-0145,2025-05-20 13:31:15.103000,2025-05-20 14:00:21.164000,買い,144.74900,144.69900,1.00,-5.00,14488.20,水平線手前,損切,支持抵抗,0,144.74900
2025-05-01,2025-05-31,20260209_085352,20260209_085352-0146,2025-05-20 13:31:16.913000,2025-05-20 14:00:35.704000,買い,144.73700,144.68700,1.00,-5.00,14483.20,水平線手前,損切,支持抵抗,0,144.73700
2025-05-01,2025-05-31,20260209_085352,20260209_085352-0147,2025-05-20 15:00:54.764000,2025-05-20 15:26:22.602000,買い,144.34200,144.49200,1.00,15.00,14498.20,水平線手前,利確,支持抵抗,0,144.34200
2025-05-01,2025-05-31,20260209_085352,20260209_085352-0148,2025-05-20 14:56:48.933000,2025-05-20 15:30:39.928000,買い,144.35300,144.50300,1.00,15.00,14513.20,水平線手前,利確,支持抵抗,0,144.35300
2025-05-01,2025-05-31,20260209_085352,20260209_085352-0149,2025-05-20 16:17:48.878000,2025-05-20 16:22:52.744000,買い,144.29000,144.24000,1.00,-5.00,14508.20,水平線手前,損切,支持抵抗,0,144.29000
2025-05-01,2025-05-31,20260209_085352,20260209_085352-0150,2025-05-20 16:43:16.438000,2025-05-20 17:08:19.444000,買い,144.12600,144.27600,1.00,15.00,14523.20,水平線手前,利確,支持抵抗,0,144.12600
2025-05-01,2025-05-31,20260209_085352,20260209_085352-0151,2025-05-21 04:28:47.142000,2025-05-21 07:05:04.802000,買い,144.46700,144.41700,1.00,-5.00,14518.20,水平線手前,損切,支持抵抗,0,144.46700
2025-05-01,2025-05-31,20260209_085352,20260209_085352-0152,2025-05-21 11:06:19.883000,2025-05-21 11:09:18.745000,買い,144.08300,144.03300,1.00,-5.00,14513.20,水平線手前,損切,支持抵抗,0,144.08300
2025-05-01,2025-05-31,20260209_085352,20260209_085352-0153,2025-05-21 11:54:57.330000,2025-05-21 12:30:31.164000,買い,143.88500,143.83500,1.00,-5.00,14508.20,水平線手前,損切,支持抵抗,0,143.88500
2025-05-01,2025-05-31,20260209_085352,20260209_085352-0154,2025-05-21 12:39:30.417000,2025-05-21 13:45:39.088000,買い,143.76300,143.71300,1.00,-5.00,14503.20,水平線手前,損切,支持抵抗,0,143.76300
2025-05-01,2025-05-31,20260209_085352,20260209_085352-0155,2025-05-21 13:47:17.093000,2025-05-21 14:41:47.377000,買い,143.67600,143.62600,1.00,-5.00,14498.20,水平線手前,損切,支持抵抗,0,143.67600
2025-05-01,2025-05-31,20260209_085352,20260209_085352-0156,2025-05-21 14:55:31.376000,2025-05-21 15:04:12.816000,買い,143.56600,143.71600,1.00,15.00,14513.20,水平線手前,利確,支持抵抗,0,143.56600
2025-05-01,2025-05-31,20260209_085352,20260209_085352-0157,2025-05-21 15:37:16.104000,2025-05-21 15:50:39.374000,買い,143.48300,143.63300,1.00,15.00,14528.20,水平線手前,利確,支持抵抗,0,143.48300
2025-05-01,2025-05-31,20260209_085352,20260209_085352-0158,2025-05-21 15:37:15.947000,2025-05-21 15:51:53.929000,買い,143.48800,143.63800,1.00,15.00,14543.20,水平線手前,利確,支持抵抗,0,143.48800
2025-05-01,2025-05-31,20260209_085352,20260209_085352-0159,2025-05-22 02:27:06.004000,2025-05-22 02:32:36.616000,買い,143.32200,143.47200,1.00,15.00,14558.20,水平線手前,利確,支持抵抗,0,143.32200
2025-05-01,2025-05-31,20260209_085352,20260209_085352-0160,2025-05-22 11:17:11.092000,2025-05-22 11:36:33.226000,買い,143.23600,143.18600,1.00,-5.00,14553.20,水平線手前,損切,支持抵抗,0,143.23600
2025-05-01,2025-05-31,20260209_085352,20260209_085352-0161,2025-05-22 11:36:33.489000,2025-05-22 12:48:49.095000,買い,143.18300,143.33300,1.00,15.00,14568.20,水平線手前,利確,支持抵抗,0,143.18300
2025-05-01,2025-05-31,20260209_085352,20260209_085352-0162,2025-05-22 15:06:23.535000,2025-05-22 15:31:25.836000,買い,143.13800,143.28800,1.00,15.00,14583.20,水平線手前,利確,支持抵抗,0,143.13800
2025-05-01,2025-05-31,20260209_085352,20260209_085352-0163,2025-05-22 16:50:35.226000,2025-05-22 17:05:44.631000,買い,143.04000,142.99000,1.00,-5.00,14578.20,水平線手前,損切,支持抵抗,0,143.04000
2025-05-01,2025-05-31,20260209_085352,20260209_085352-0164,2025-05-22 17:10:22.269000,2025-05-22 17:18:41.400000,買い,142.83900,142.98900,1.00,15.00,14593.20,水平線手前,利確,支持抵抗,0,142.83900
2025-05-01,2025-05-31,20260209_085352,20260209_085352-0165,2025-05-22 20:00:33.630000,2025-05-22 20:04:36.873000,売り,143.69800,143.74800,1.00,-5.00,14588.20,水平線手前,損切,支持抵抗,0,143.69800
2025-05-01,2025-05-31,20260209_085352,20260209_085352-0166,2025-05-22 20:05:22.213000,2025-05-22 20:29:30.791000,売り,143.74900,143.59900,1.00,15.00,14603.20,水平線手前,利確,支持抵抗,0,143.74900
2025-05-01,2025-05-31,20260209_085352,20260209_085352-0167,2025-05-22 22:52:00.756000,2025-05-22 23:00:26.480000,売り,143.87000,143.92000,1.00,-5.00,14598.20,水平線手前,損切,支持抵抗,0,143.87000
2025-05-01,2025-05-31,20260209_085352,20260209_085352-0168,2025-05-22 23:00:41.001000,2025-05-22 23:26:33.714000,売り,143.93300,143.78300,1.00,15.00,14613.20,水平線手前,利確,支持抵抗,0,143.93300
2025-05-01,2025-05-31,20260209_085352,20260209_085352-0169,2025-05-23 00:08:20.017000,2025-05-23 00:18:51.997000,売り,144.02000,143.87000,1.00,15.00,14628.20,水平線手前,利確,支持抵抗,0,144.02000
2025-05-01,2025-05-31,20260209_085352,20260209_085352-0170,2025-05-23 01:19:51.907000,2025-05-23 01:40:06.110000,売り,144.08600,143.93600,1.00,15.00,14643.20,水平線手前,利確,支持抵抗,0,144.08600
2025-05-01,2025-05-31,20260209_085352,20260209_085352-0171,2025-05-23 02:25:13.325000,2025-05-23 03:45:57.549000,売り,144.30000,144.15000,1.00,15.00,14658.20,水平線手前,利確,支持抵抗,0,144.30000
2025-05-01,2025-05-31,20260209_085352,20260209_085352-0172,2025-05-23 16:20:41.800000,2025-05-23 16:49:30.800000,買い,143.30900,143.25900,1.00,-5.00,14653.20,水平線手前,損切,支持抵抗,0,143.30900
2025-05-01,2025-05-31,20260209_085352,20260209_085352-0173,2025-05-23 16:49:24.757000,2025-05-23 18:13:32.920000,買い,143.27200,143.22200,1.00,-5.00,14648.20,水平線手前,損切,支持抵抗,0,143.27200
2025-05-01,2025-05-31,20260209_085352,20260209_085352-0174,2025-05-23 18:29:57.598000,2025-05-23 19:01:10.830000,買い,143.18200,143.33200,1.00,15.00,14663.20,水平線手前,利確,支持抵抗,0,143.18200
2025-05-01,2025-05-31,20260209_085352,20260209_085352-0175,2025-05-23 20:51:47.140000,2025-05-23 20:54:52.386000,買い,142.54600,142.69600,1.00,15.00,14678.20,水平線手前,利確,支持抵抗,0,142.54600
2025-05-01,2025-05-31,20260209_085352,20260209_085352-0176,2025-05-23 21:06:46.195000,2025-05-23 21:11:29.912000,買い,142.48700,142.63700,1.00,15.00,14693.20,水平線手前,利確,支持抵抗,0,142.48700
2025-05-01,2025-05-31,20260209_085352,20260209_085352-0177,2025-05-24 03:19:36.373000,2025-05-26 06:15:13.399000,買い,142.46200,142.41200,1.00,-5.00,14688.20,水平線手前,損切,支持抵抗,0,142.46200
2025-05-01,2025-05-31,20260209_085352,20260209_085352-0178,2025-05-26 11:02:16.112000,2025-05-26 11:04:11.005000,買い,142.33500,142.28500,1.00,-5.00,14683.20,水平線手前,損切,支持抵抗,0,142.33500
2025-05-01,2025-05-31,20260209_085352,20260209_085352-0179,2025-05-26 11:05:44.271000,2025-05-26 12:09:17.807000,買い,142.26200,142.41200,1.00,15.00,14698.20,水平線手前,利確,支持抵抗,0,142.26200
2025-05-01,2025-05-31,20260209_085352,20260209_085352-0180,2025-05-26 13:08:18.523000,2025-05-26 13:22:07.846000,売り,142.53900,142.58900,1.00,-5.00,14693.20,水平線手前,損切,支持抵抗,0,142.53900
2025-05-01,2025-05-31,20260209_085352,20260209_085352-0181,2025-05-26 13:27:09.885000,2025-05-26 14:18:42.694000,売り,142.64100,142.69100,1.00,-5.00,14688.20,水平線手前,損切,支持抵抗,0,142.64100
2025-05-01,2025-05-31,20260209_085352,20260209_085352-0182,2025-05-26 14:19:36.338000,2025-05-26 14:53:23.448000,売り,142.72100,142.57100,1.00,15.00,14703.20,水平線手前,利確,支持抵抗,0,142.72100
2025-05-01,2025-05-31,20260209_085352,20260209_085352-0183,2025-05-26 15:27:08.550000,2025-05-26 16:14:32.261000,売り,142.77300,142.82300,1.00,-5.00,14698.20,水平線手前,損切,支持抵抗,0,142.77300
2025-05-01,2025-05-31,20260209_085352,20260209_085352-0184,2025-05-26 16:47:49.406000,2025-05-26 18:04:26.569000,売り,142.89100,142.94100,1.00,-5.00,14693.20,水平線手前,損切,支持抵抗,0,142.89100
2025-05-01,2025-05-31,20260209_085352,20260209_085352-0185,2025-05-26 17:56:36.364000,2025-05-26 18:04:26.569000,売り,142.89100,142.94100,1.00,-5.00,14688.20,水平線手前,損切,支持抵抗,0,142.89100
2025-05-01,2025-05-31,20260209_085352,20260209_085352-0186,2025-05-26 18:09:05.782000,2025-05-26 21:46:42.752000,売り,142.95900,143.00900,1.00,-5.00,14683.20,水平線手前,損切,支持抵抗,0,142.95900
2025-05-01,2025-05-31,20260209_085352,20260209_085352-0187,2025-05-26 21:46:42.752000,2025-05-26 22:55:21.131000,売り,143.00500,142.85500,1.00,15.00,14698.20,水平線手前,利確,支持抵抗,0,143.00500
2025-05-01,2025-05-31,20260209_085352,20260209_085352-0188,2025-05-27 14:02:39.278000,2025-05-27 14:05:33.251000,売り,142.95900,143.00900,1.00,-5.00,14693.20,水平線手前,損切,支持抵抗,0,142.95900
2025-05-01,2025-05-31,20260209_085352,20260209_085352-0189,2025-05-27 14:34:08.227000,2025-05-27 14:45:21.139000,売り,143.41400,143.26400,1.00,15.00,14708.20,水平線手前,利確,支持抵抗,0,143.41400
2025-05-01,2025-05-31,20260209_085352,20260209_085352-0190,2025-05-27 14:34:08.123000,2025-05-27 14:50:44.280000,売り,143.39900,143.24900,1.00,15.00,14723.20,水平線手前,利確,支持抵抗,0,143.39900
2025-05-01,2025-05-31,20260209_085352,20260209_085352-0191,2025-05-27 15:55:40.331000,2025-05-27 16:01:10.286000,売り,143.46000,143.51000,1.00,-5.00,14718.20,水平線手前,損切,支持抵抗,0,143.46000
2025-05-01,2025-05-31,20260209_085352,20260209_085352-0192,2025-05-27 16:52:01.354000,2025-05-27 17:18:49.225000,売り,143.83800,143.68800,1.00,15.00,14733.20,水平線手前,利確,支持抵抗,0,143.83800
2025-05-01,2025-05-31,20260209_085352,20260209_085352-0193,2025-05-27 17:52:02.156000,2025-05-27 18:01:05.988000,売り,143.85800,143.90800,1.00,-5.00,14728.20,水平線手前,損切,支持抵抗,0,143.85800
2025-05-01,2025-05-31,20260209_085352,20260209_085352-0194,2025-05-27 18:45:40.528000,2025-05-27 19:30:06.689000,売り,144.01400,144.06400,1.00,-5.00,14723.20,水平線手前,損切,支持抵抗,0,144.01400
2025-05-01,2025-05-31,20260209_085352,20260209_085352-0195,2025-05-27 19:27:20.084000,2025-05-27 19:30:22.120000,売り,144.05200,144.10200,1.00,-5.00,14718.20,水平線手前,損切,支持抵抗,0,144.05200
2025-05-01,2025-05-31,20260209_085352,20260209_085352-0196,2025-05-27 19:32:26.907000,2025-05-27 21:06:43.929000,売り,144.14600,144.19600,1.00,-5.00,14713.20,水平線手前,損切,支持抵抗,0,144.14600
2025-05-01,2025-05-31,20260209_085352,20260209_085352-0197,2025-05-27 21:05:50.958000,2025-05-27 22:00:07.079000,売り,144.15700,144.00700,1.00,15.00,14728.20,水平線手前,利確,支持抵抗,0,144.15700
2025-05-01,2025-05-31,20260209_085352,20260209_085352-0198,2025-05-27 23:00:04.725000,2025-05-27 23:03:03.351000,売り,144.36900,144.41900,1.00,-5.00,14723.20,水平線手前,損切,支持抵抗,0,144.36900
2025-05-01,2025-05-31,20260209_085352,20260209_085352-0199,2025-05-27 23:03:04.391000,2025-05-27 23:09:49.328000,売り,144.43000,144.28000,1.00,15.00,14738.20,水平線手前,利確,支持抵抗,0,144.43000
2025-05-01,2025-05-31,20260209_085352,20260209_085352-0200,2025-05-28 12:33:29.979000,2025-05-28 12:35:10.116000,売り,144.74300,144.59300,1.00,15.00,14753.20,水平線手前,利確,支持抵抗,0,144.74300
2025-05-01,2025-05-31,20260209_085352,20260209_085352-0201,2025-05-28 14:20:05.905000,2025-05-28 14:21:16.139000,売り,144.74100,144.59100,1.00,15.00,14768.20,水平線手前,利確,支持抵抗,0,144.74100
2025-05-01,2025-05-31,20260209_085352,20260209_085352-0202,2025-05-28 22:40:10.359000,2025-05-28 23:05:09.055000,売り,144.94100,144.79100,1.00,15.00,14783.20,水平線手前,利確,支持抵抗,0,144.94100
2025-05-01,2025-05-31,20260209_085352,20260209_085352-0203,2025-05-29 00:33:33.901000,2025-05-29 02:04:25.671000,売り,145.04800,144.89800,1.00,15.00,14798.20,水平線手前,利確,支持抵抗,0,145.04800
2025-05-01,2025-05-31,20260209_085352,20260209_085352-0204,2025-05-29 21:05:13.086000,2025-05-29 21:05:15.484000,買い,144.78700,144.73700,1.00,-5.00,14793.20,水平線手前,損切,支持抵抗,0,144.78700
2025-05-01,2025-05-31,20260209_085352,20260209_085352-0205,2025-05-29 21:57:39.156000,2025-05-29 22:00:29.794000,買い,144.44900,144.39900,1.00,-5.00,14788.20,水平線手前,損切,支持抵抗,0,144.44900
2025-05-01,2025-05-31,20260209_085352,20260209_085352-0206,2025-05-29 22:25:06.952000,2025-05-29 23:08:18.201000,買い,144.30300,144.25300,1.00,-5.00,14783.20,水平線手前,損切,支持抵抗,0,144.30300
2025-05-01,2025-05-31,20260209_085352,20260209_085352-0207,2025-05-29 23:22:05.706000,2025-05-29 23:27:24.643000,買い,144.19100,144.34100,1.00,15.00,14798.20,水平線手前,利確,支持抵抗,0,144.19100
2025-05-01,2025-05-31,20260209_085352,20260209_085352-0208,2025-05-30 01:00:31.655000,2025-05-30 02:20:00.639000,買い,144.08600,144.23600,1.00,15.00,14813.20,水平線手前,利確,支持抵抗,0,144.08600
2025-05-01,2025-05-31,20260209_085352,20260209_085352-0209,2025-05-30 00:57:49.444000,2025-05-30 02:20:09.118000,買い,144.09200,144.24200,1.00,15.00,14828.20,水平線手前,利確,支持抵抗,0,144.09200
2025-05-01,2025-05-31,20260209_085352,20260209_085352-0210,2025-05-30 02:44:21.883000,2025-05-30 03:02:01.388000,買い,144.02700,143.97700,1.00,-5.00,14823.20,水平線手前,損切,支持抵抗,0,144.02700
2025-05-01,2025-05-31,20260209_085352,20260209_085352-0211,2025-05-30 02:44:36.698000,2025-05-30 03:19:09.712000,買い,144.01500,143.96500,1.00,-5.00,14818.20,水平線手前,損切,支持抵抗,0,144.01500
2025-05-01,2025-05-31,20260209_085352,20260209_085352-0212,2025-05-30 03:01:37.354000,2025-05-30 05:01:31.274000,買い,143.99800,144.14800,1.00,15.00,14833.20,水平線手前,利確,支持抵抗,0,143.99800
2025-05-01,2025-05-31,20260209_085352,20260209_085352-0213,2025-05-30 16:22:40.643000,2025-05-30 16:56:11.514000,売り,144.13200,143.98200,1.00,15.00,14848.20,水平線手前,利確,支持抵抗,0,144.13200
2025-05-01,2025-05-31,20260209_085352,20260209_085352-0214,2025-05-30 18:30:59.065000,2025-05-30 18:41:32.355000,売り,144.19900,144.04900,1.00,15.00,14863.20,水平線手前,利確,支持抵抗,0,144.19900
2025-05-01,2025-05-31,20260209_085352,20260209_085352-0215,2025-05-30 19:13:28.904000,2025-05-30 20:12:01.797000,買い,143.82300,143.97300,1.00,15.00,14878.20,水平線手前,利確,支持抵抗,0,143.82300
2025-05-01,2025-05-31,20260209_085352,20260209_085352-0216,2025-05-30 21:11:33.831000,2025-05-30 21:17:38.150000,買い,143.47700,143.62700,1.00,15.00,14893.20,水平線手前,利確,支持抵抗,0,143.47700
2025-05-01,2025-05-31,20260209_085352,20260209_085352-0217,2025-05-30 21:11:33.624000,2025-05-30 21:17:39.336000,買い,143.48500,143.63500,1.00,15.00,14908.20,水平線手前,利確,支持抵抗,0,143.48500
2025-05-01,2025-05-31,20260209_085352,20260209_085352-0218,2025-05-30 22:46:08.381000,2025-05-30 22:56:31.194000,売り,144.11100,143.96100,1.00,15.00,14923.20,水平線手前,利確,支持抵抗,0,144.11100
2025-05-01,2025-05-31,20260209_085352,20260209_085352-0219,2025-05-30 23:52:48.456000,2025-05-30 23:54:12.085000,売り,144.41900,144.26900,1.00,15.00,14938.20,水平線手前,利確,支持抵抗,0,144.41900
2025-06-01,2025-06-30,20260209_085452,20260209_085452-0001,2025-06-02 12:30:06.086000,2025-06-02 14:11:31.031000,売り,143.61300,143.46300,1.00,15.00,14953.20,水平線手前,利確,支持抵抗,0,143.61300
2025-06-01,2025-06-30,20260209_085452,20260209_085452-0002,2025-06-02 14:46:14.111000,2025-06-02 14:56:17.084000,買い,143.35700,143.30700,1.00,-5.00,14948.20,水平線手前,損切,支持抵抗,0,143.35700
2025-06-01,2025-06-30,20260209_085452,20260209_085452-0003,2025-06-02 14:49:50.287000,2025-06-02 15:15:13.490000,買い,143.34500,143.29500,1.00,-5.00,14943.20,水平線手前,損切,支持抵抗,0,143.34500
2025-06-01,2025-06-30,20260209_085452,20260209_085452-0004,2025-06-02 15:34:22.229000,2025-06-02 16:13:58.502000,買い,143.17100,143.12100,1.00,-5.00,14938.20,水平線手前,損切,支持抵抗,0,143.17100
2025-06-01,2025-06-30,20260209_085452,20260209_085452-0005,2025-06-02 16:50:14.972000,2025-06-02 17:15:43.785000,買い,142.86200,142.81200,1.00,-5.00,14933.20,水平線手前,損切,支持抵抗,0,142.86200
2025-06-01,2025-06-30,20260209_085452,20260209_085452-0006,2025-06-02 17:15:36.469000,2025-06-02 18:18:31.265000,買い,142.83400,142.78400,1.00,-5.00,14928.20,水平線手前,損切,支持抵抗,0,142.83400
2025-06-01,2025-06-30,20260209_085452,20260209_085452-0007,2025-06-02 18:11:48.050000,2025-06-02 19:11:32.936000,買い,142.82000,142.97000,1.00,15.00,14943.20,水平線手前,利確,支持抵抗,0,142.82000
2025-06-01,2025-06-30,20260209_085452,20260209_085452-0008,2025-06-02 19:21:44.316000,2025-06-02 20:08:28.126000,買い,142.79300,142.74300,1.00,-5.00,14938.20,水平線手前,損切,支持抵抗,0,142.79300
2025-06-01,2025-06-30,20260209_085452,20260209_085452-0009,2025-06-02 20:23:45.904000,2025-06-02 21:01:04.968000,買い,142.66100,142.81100,1.00,15.00,14953.20,水平線手前,利確,支持抵抗,0,142.66100
2025-06-01,2025-06-30,20260209_085452,20260209_085452-0010,2025-06-02 22:33:16.745000,2025-06-02 22:50:50.625000,売り,143.04100,142.89100,1.00,15.00,14968.20,水平線手前,利確,支持抵抗,0,143.04100
2025-06-01,2025-06-30,20260209_085452,20260209_085452-0011,2025-06-02 23:03:15.093000,2025-06-02 23:40:20.453000,買い,142.57700,142.72700,1.00,15.00,14983.20,水平線手前,利確,支持抵抗,0,142.57700
2025-06-01,2025-06-30,20260209_085452,20260209_085452-0012,2025-06-03 11:00:56.828000,2025-06-03 11:03:02.518000,売り,143.19700,143.24700,1.00,-5.00,14978.20,水平線手前,損切,支持抵抗,0,143.19700
2025-06-01,2025-06-30,20260209_085452,20260209_085452-0013,2025-06-03 11:01:05.580000,2025-06-03 11:15:02.333000,売り,143.22300,143.07300,1.00,15.00,14993.20,水平線手前,利確,支持抵抗,0,143.22300
2025-06-01,2025-06-30,20260209_085452,20260209_085452-0014,2025-06-03 12:35:34.064000,2025-06-03 13:18:45.429000,売り,143.23700,143.08700,1.00,15.00,15008.20,水平線手前,利確,支持抵抗,0,143.23700
2025-06-01,2025-06-30,20260209_085452,20260209_085452-0015,2025-06-03 21:50:43.137000,2025-06-03 22:30:04.408000,売り,143.41600,143.46600,1.00,-5.00,15003.20,水平線手前,損切,支持抵抗,0,143.41600
2025-06-01,2025-06-30,20260209_085452,20260209_085452-0016,2025-06-03 22:47:02.149000,2025-06-03 23:00:01.222000,売り,143.58600,143.63600,1.00,-5.00,14998.20,水平線手前,損切,支持抵抗,0,143.58600
2025-06-01,2025-06-30,20260209_085452,20260209_085452-0017,2025-06-03 23:08:23.079000,2025-06-03 23:17:59.854000,売り,143.91100,143.76100,1.00,15.00,15013.20,水平線手前,利確,支持抵抗,0,143.91100
2025-06-01,2025-06-30,20260209_085452,20260209_085452-0018,2025-06-04 00:48:02.397000,2025-06-04 01:28:54.300000,売り,143.95600,144.00600,1.00,-5.00,15008.20,水平線手前,損切,支持抵抗,0,143.95600
2025-06-01,2025-06-30,20260209_085452,20260209_085452-0019,2025-06-04 00:48:44.107000,2025-06-04 01:29:22.449000,売り,143.96000,144.01000,1.00,-5.00,15003.20,水平線手前,損切,支持抵抗,0,143.96000
2025-06-01,2025-06-30,20260209_085452,20260209_085452-0020,2025-06-04 01:30:56.764000,2025-06-04 02:21:23.460000,売り,144.07700,143.92700,1.00,15.00,15018.20,水平線手前,利確,支持抵抗,0,144.07700
2025-06-01,2025-06-30,20260209_085452,20260209_085452-0021,2025-06-04 13:52:07.370000,2025-06-04 14:34:09.313000,売り,144.26900,144.31900,1.00,-5.00,15013.20,水平線手前,損切,支持抵抗,0,144.26900
2025-06-01,2025-06-30,20260209_085452,20260209_085452-0022,2025-06-04 14:34:12.132000,2025-06-04 14:44:24.092000,売り,144.36400,144.21400,1.00,15.00,15028.20,水平線手前,利確,支持抵抗,0,144.36400
2025-06-01,2025-06-30,20260209_085452,20260209_085452-0023,2025-06-04 21:21:00.690000,2025-06-04 21:21:20.986000,買い,143.70800,143.65800,1.00,-5.00,15023.20,水平線手前,損切,支持抵抗,0,143.70800
2025-06-01,2025-06-30,20260209_085452,20260209_085452-0024,2025-06-04 21:42:31.206000,2025-06-04 21:49:16.528000,買い,143.57300,143.52300,1.00,-5.00,15018.20,水平線手前,損切,支持抵抗,0,143.57300
2025-06-01,2025-06-30,20260209_085452,20260209_085452-0025,2025-06-04 21:49:06.569000,2025-06-04 22:15:41.168000,買い,143.54400,143.69400,1.00,15.00,15033.20,水平線手前,利確,支持抵抗,0,143.54400
2025-06-01,2025-06-30,20260209_085452,20260209_085452-0026,2025-06-04 23:42:20.884000,2025-06-05 00:02:46.011000,買い,143.02900,143.17900,1.00,15.00,15048.20,水平線手前,利確,支持抵抗,0,143.02900
2025-06-01,2025-06-30,20260209_085452,20260209_085452-0027,2025-06-05 00:30:27.870000,2025-06-05 01:00:22.812000,買い,142.95200,142.90200,1.00,-5.00,15043.20,水平線手前,損切,支持抵抗,0,142.95200
2025-06-01,2025-06-30,20260209_085452,20260209_085452-0028,2025-06-05 01:56:20.540000,2025-06-05 03:01:14.493000,買い,142.64300,142.79300,1.00,15.00,15058.20,水平線手前,利確,支持抵抗,0,142.64300
2025-06-01,2025-06-30,20260209_085452,20260209_085452-0029,2025-06-05 11:18:58.044000,2025-06-05 12:35:00.196000,売り,142.94300,142.79300,1.00,15.00,15073.20,水平線手前,利確,支持抵抗,0,142.94300
2025-06-01,2025-06-30,20260209_085452,20260209_085452-0030,2025-06-05 11:18:29.663000,2025-06-05 12:35:00.248000,売り,142.94200,142.79200,1.00,15.00,15088.20,水平線手前,利確,支持抵抗,0,142.94200
2025-06-01,2025-06-30,20260209_085452,20260209_085452-0031,2025-06-05 12:57:24.719000,2025-06-05 13:03:29.850000,売り,143.00000,143.05000,1.00,-5.00,15083.20,水平線手前,損切,支持抵抗,0,143.00000
2025-06-01,2025-06-30,20260209_085452,20260209_085452-0032,2025-06-05 13:32:35.697000,2025-06-05 14:27:21.563000,売り,143.05300,143.10300,1.00,-5.00,15078.20,水平線手前,損切,支持抵抗,0,143.05300
2025-06-01,2025-06-30,20260209_085452,20260209_085452-0033,2025-06-05 14:37:30.943000,2025-06-05 15:37:31.879000,売り,143.14500,143.19500,1.00,-5.00,15073.20,水平線手前,損切,支持抵抗,0,143.14500
2025-06-01,2025-06-30,20260209_085452,20260209_085452-0034,2025-06-05 15:45:04.675000,2025-06-05 16:00:11.106000,売り,143.21200,143.26200,1.00,-5.00,15068.20,水平線手前,損切,支持抵抗,0,143.21200
2025-06-01,2025-06-30,20260209_085452,20260209_085452-0035,2025-06-05 17:15:44.214000,2025-06-05 18:02:28.096000,売り,143.37400,143.22400,1.00,15.00,15083.20,水平線手前,利確,支持抵抗,0,143.37400
2025-06-01,2025-06-30,20260209_085452,20260209_085452-0036,2025-06-05 16:56:02.898000,2025-06-05 18:12:29.626000,売り,143.36300,143.21300,1.00,15.00,15098.20,水平線手前,利確,支持抵抗,0,143.36300
2025-06-01,2025-06-30,20260209_085452,20260209_085452-0037,2025-06-05 21:50:20.337000,2025-06-05 21:50:25.545000,売り,143.66200,143.51200,1.00,15.00,15113.20,水平線手前,利確,支持抵抗,0,143.66200
2025-06-01,2025-06-30,20260209_085452,20260209_085452-0038,2025-06-06 00:48:01.960000,2025-06-06 01:17:16.335000,売り,143.94500,143.79500,1.00,15.00,15128.20,水平線手前,利確,支持抵抗,0,143.94500
2025-06-01,2025-06-30,20260209_085452,20260209_085452-0039,2025-06-06 01:00:42.193000,2025-06-06 01:17:16.335000,売り,143.94600,143.79600,1.00,15.00,15143.20,水平線手前,利確,支持抵抗,0,143.94600
2025-06-01,2025-06-30,20260209_085452,20260209_085452-0040,2025-06-06 11:03:45.075000,2025-06-06 11:10:16.721000,売り,143.76000,143.81000,1.00,-5.00,15138.20,水平線手前,損切,支持抵抗,0,143.76000
2025-06-01,2025-06-30,20260209_085452,20260209_085452-0041,2025-06-06 11:22:25.826000,2025-06-06 14:21:01.624000,売り,143.87000,143.92000,1.00,-5.00,15133.20,水平線手前,損切,支持抵抗,0,143.87000
2025-06-01,2025-06-30,20260209_085452,20260209_085452-0042,2025-06-06 14:23:25.312000,2025-06-06 15:22:04.189000,売り,143.95100,144.00100,1.00,-5.00,15128.20,水平線手前,損切,支持抵抗,0,143.95100
2025-06-01,2025-06-30,20260209_085452,20260209_085452-0043,2025-06-06 16:03:16.791000,2025-06-06 16:18:18.826000,売り,144.10700,143.95700,1.00,15.00,15143.20,水平線手前,利確,支持抵抗,0,144.10700
2025-06-01,2025-06-30,20260209_085452,20260209_085452-0044,2025-06-06 15:35:20.772000,2025-06-06 16:20:39.029000,売り,144.10200,143.95200,1.00,15.00,15158.20,水平線手前,利確,支持抵抗,0,144.10200
2025-06-01,2025-06-30,20260209_085452,20260209_085452-0045,2025-06-06 18:53:15.844000,2025-06-06 21:06:27.032000,売り,144.16400,144.21400,1.00,-5.00,15153.20,水平線手前,損切,支持抵抗,0,144.16400
2025-06-01,2025-06-30,20260209_085452,20260209_085452-0046,2025-06-06 21:10:14.529000,2025-06-06 21:13:15.929000,売り,144.28500,144.33500,1.00,-5.00,15148.20,水平線手前,損切,支持抵抗,0,144.28500
2025-06-01,2025-06-30,20260209_085452,20260209_085452-0047,2025-06-06 21:39:54.398000,2025-06-06 21:43:37.335000,売り,144.72500,144.57500,1.00,15.00,15163.20,水平線手前,利確,支持抵抗,0,144.72500
2025-06-01,2025-06-30,20260209_085452,20260209_085452-0048,2025-06-06 22:31:13.948000,2025-06-06 22:34:14.226000,売り,144.94200,144.79200,1.00,15.00,15178.20,水平線手前,利確,支持抵抗,0,144.94200
2025-06-01,2025-06-30,20260209_085452,20260209_085452-0049,2025-06-06 23:51:02.203000,2025-06-07 00:09:02.145000,売り,144.98900,145.03900,1.00,-5.00,15173.20,水平線手前,損切,支持抵抗,0,144.98900
2025-06-01,2025-06-30,20260209_085452,20260209_085452-0050,2025-06-07 00:09:36.578000,2025-06-07 00:20:14.513000,売り,145.06000,144.91000,1.00,15.00,15188.20,水平線手前,利確,支持抵抗,0,145.06000
2025-06-01,2025-06-30,20260209_085452,20260209_085452-0051,2025-06-09 16:45:53.835000,2025-06-09 17:11:57.110000,買い,144.11700,144.06700,1.00,-5.00,15183.20,水平線手前,損切,支持抵抗,0,144.11700
2025-06-01,2025-06-30,20260209_085452,20260209_085452-0052,2025-06-09 17:11:56.042000,2025-06-09 18:07:03.418000,買い,144.07700,144.02700,1.00,-5.00,15178.20,水平線手前,損切,支持抵抗,0,144.07700
2025-06-01,2025-06-30,20260209_085452,20260209_085452-0053,2025-06-09 18:12:01.200000,2025-06-09 19:49:17.825000,買い,144.01100,144.16100,1.00,15.00,15193.20,水平線手前,利確,支持抵抗,0,144.01100
2025-06-01,2025-06-30,20260209_085452,20260209_085452-0054,2025-06-09 22:13:43.229000,2025-06-09 23:08:47.358000,売り,144.74100,144.59100,1.00,15.00,15208.20,水平線手前,利確,支持抵抗,0,144.74100
2025-06-01,2025-06-30,20260209_085452,20260209_085452-0055,2025-06-10 11:00:01.289000,2025-06-10 11:00:14.366000,売り,145.02700,145.07700,1.00,-5.00,15203.20,水平線手前,損切,支持抵抗,0,145.02700
2025-06-01,2025-06-30,20260209_085452,20260209_085452-0056,2025-06-10 11:05:16.611000,2025-06-10 11:20:29.929000,売り,145.26100,145.11100,1.00,15.00,15218.20,水平線手前,利確,支持抵抗,0,145.26100
2025-06-01,2025-06-30,20260209_085452,20260209_085452-0057,2025-06-10 14:32:55.142000,2025-06-10 14:41:53.608000,買い,144.47900,144.62900,1.00,15.00,15233.20,水平線手前,利確,支持抵抗,0,144.47900
2025-06-01,2025-06-30,20260209_085452,20260209_085452-0058,2025-06-10 15:13:23.258000,2025-06-10 15:51:10.609000,買い,144.46000,144.61000,1.00,15.00,15248.20,水平線手前,利確,支持抵抗,0,144.46000
2025-06-01,2025-06-30,20260209_085452,20260209_085452-0059,2025-06-11 00:19:33.029000,2025-06-11 01:10:01.974000,売り,144.92100,144.97100,1.00,-5.00,15243.20,水平線手前,損切,支持抵抗,0,144.92100
2025-06-01,2025-06-30,20260209_085452,20260209_085452-0060,2025-06-11 01:30:23.066000,2025-06-11 04:22:31.509000,売り,145.01900,144.86900,1.00,15.00,15258.20,水平線手前,利確,支持抵抗,0,145.01900
2025-06-01,2025-06-30,20260209_085452,20260209_085452-0061,2025-06-11 04:43:57.308000,2025-06-11 08:01:03.224000,買い,144.81900,144.96900,1.00,15.00,15273.20,水平線手前,利確,支持抵抗,0,144.81900
2025-06-01,2025-06-30,20260209_085452,20260209_085452-0062,2025-06-11 11:07:35.584000,2025-06-11 11:32:42.989000,売り,145.13400,144.98400,1.00,15.00,15288.20,水平線手前,利確,支持抵抗,0,145.13400
2025-06-01,2025-06-30,20260209_085452,20260209_085452-0063,2025-06-11 11:05:32.825000,2025-06-11 11:35:00.899000,売り,145.12000,144.97000,1.00,15.00,15303.20,水平線手前,利確,支持抵抗,0,145.12000
2025-06-01,2025-06-30,20260209_085452,20260209_085452-0064,2025-06-11 15:26:24.351000,2025-06-11 17:07:17.126000,売り,145.21500,145.06500,1.00,15.00,15318.20,水平線手前,利確,支持抵抗,0,145.21500
2025-06-01,2025-06-30,20260209_085452,20260209_085452-0065,2025-06-11 20:50:57.419000,2025-06-11 21:04:18.752000,売り,145.30700,145.35700,1.00,-5.00,15313.20,水平線手前,損切,支持抵抗,0,145.30700
2025-06-01,2025-06-30,20260209_085452,20260209_085452-0066,2025-06-11 21:05:06.661000,2025-06-11 21:16:13.948000,売り,145.43400,145.28400,1.00,15.00,15328.20,水平線手前,利確,支持抵抗,0,145.43400
2025-06-01,2025-06-30,20260209_085452,20260209_085452-0067,2025-06-11 21:30:06.951000,2025-06-11 21:30:11.901000,買い,144.69100,144.84100,1.00,15.00,15343.20,水平線手前,利確,支持抵抗,0,144.69100
2025-06-01,2025-06-30,20260209_085452,20260209_085452-0068,2025-06-11 21:36:22.554000,2025-06-11 21:36:51.037000,買い,144.37800,144.32800,1.00,-5.00,15338.20,水平線手前,損切,支持抵抗,0,144.37800
2025-06-01,2025-06-30,20260209_085452,20260209_085452-0069,2025-06-11 21:36:42.363000,2025-06-11 21:38:47.853000,買い,144.36100,144.51100,1.00,15.00,15353.20,水平線手前,利確,支持抵抗,0,144.36100
2025-06-01,2025-06-30,20260209_085452,20260209_085452-0070,2025-06-12 00:29:19.859000,2025-06-12 00:34:54.301000,買い,144.65100,144.60100,1.00,-5.00,15348.20,水平線手前,損切,支持抵抗,0,144.65100
2025-06-01,2025-06-30,20260209_085452,20260209_085452-0071,2025-06-12 00:51:26.050000,2025-06-12 01:03:05.912000,買い,144.50400,144.45400,1.00,-5.00,15343.20,水平線手前,損切,支持抵抗,0,144.50400
2025-06-01,2025-06-30,20260209_085452,20260209_085452-0072,2025-06-12 01:00:05.168000,2025-06-12 01:59:28.322000,買い,144.47800,144.62800,1.00,15.00,15358.20,水平線手前,利確,支持抵抗,0,144.47800
2025-06-01,2025-06-30,20260209_085452,20260209_085452-0073,2025-06-12 03:09:11.122000,2025-06-12 03:40:28.035000,買い,144.36600,144.51600,1.00,15.00,15373.20,水平線手前,利確,支持抵抗,0,144.36600
2025-06-01,2025-06-30,20260209_085452,20260209_085452-0074,2025-06-12 14:46:06.806000,2025-06-12 14:53:38.440000,買い,143.76000,143.71000,1.00,-5.00,15368.20,水平線手前,損切,支持抵抗,0,143.76000
2025-06-01,2025-06-30,20260209_085452,20260209_085452-0075,2025-06-12 14:53:40.459000,2025-06-12 15:15:40.166000,買い,143.71200,143.86200,1.00,15.00,15383.20,水平線手前,利確,支持抵抗,0,143.71200
2025-06-01,2025-06-30,20260209_085452,20260209_085452-0076,2025-06-12 15:37:52.898000,2025-06-12 15:46:24.837000,買い,143.67000,143.82000,1.00,15.00,15398.20,水平線手前,利確,支持抵抗,0,143.67000
2025-06-01,2025-06-30,20260209_085452,20260209_085452-0077,2025-06-12 16:37:42.577000,2025-06-12 16:38:00.908000,売り,144.08700,144.13700,1.00,-5.00,15393.20,水平線手前,損切,支持抵抗,0,144.08700
2025-06-01,2025-06-30,20260209_085452,20260209_085452-0078,2025-06-12 16:37:57.207000,2025-06-12 16:55:17.268000,売り,144.11300,143.96300,1.00,15.00,15408.20,水平線手前,利確,支持抵抗,0,144.11300
2025-06-01,2025-06-30,20260209_085452,20260209_085452-0079,2025-06-12 18:53:56.713000,2025-06-12 19:01:42.854000,買い,143.59600,143.74600,1.00,15.00,15423.20,水平線手前,利確,支持抵抗,0,143.59600
2025-06-01,2025-06-30,20260209_085452,20260209_085452-0080,2025-06-12 19:51:12.589000,2025-06-12 20:04:17.743000,買い,143.48800,143.43800,1.00,-5.00,15418.20,水平線手前,損切,支持抵抗,0,143.48800
2025-06-01,2025-06-30,20260209_085452,20260209_085452-0081,2025-06-12 19:51:12.641000,2025-06-12 20:04:32.326000,買い,143.48100,143.43100,1.00,-5.00,15413.20,水平線手前,損切,支持抵抗,0,143.48100
2025-06-01,2025-06-30,20260209_085452,20260209_085452-0082,2025-06-12 20:04:32.217000,2025-06-12 20:28:33.703000,買い,143.44100,143.59100,1.00,15.00,15428.20,水平線手前,利確,支持抵抗,0,143.44100
2025-06-01,2025-06-30,20260209_085452,20260209_085452-0083,2025-06-12 21:30:36.898000,2025-06-12 21:35:19.006000,買い,143.34400,143.29400,1.00,-5.00,15423.20,水平線手前,損切,支持抵抗,0,143.34400
2025-06-01,2025-06-30,20260209_085452,20260209_085452-0084,2025-06-12 21:39:22.738000,2025-06-12 22:13:16.588000,買い,143.22300,143.37300,1.00,15.00,15438.20,水平線手前,利確,支持抵抗,0,143.22300
2025-06-01,2025-06-30,20260209_085452,20260209_085452-0085,2025-06-13 00:13:37.899000,2025-06-13 00:26:45.168000,売り,143.87500,143.72500,1.00,15.00,15453.20,水平線手前,利確,支持抵抗,0,143.87500
2025-06-01,2025-06-30,20260209_085452,20260209_085452-0086,2025-06-13 12:14:05.125000,2025-06-13 12:14:05.545000,売り,143.26000,143.31000,1.00,-5.00,15448.20,水平線手前,損切,支持抵抗,0,143.26000
2025-06-01,2025-06-30,20260209_085452,20260209_085452-0087,2025-06-13 12:40:02.889000,2025-06-13 12:45:30.087000,売り,143.71600,143.56600,1.00,15.00,15463.20,水平線手前,利確,支持抵抗,0,143.71600
2025-06-01,2025-06-30,20260209_085452,20260209_085452-0088,2025-06-13 13:38:01.594000,2025-06-13 14:06:08.161000,売り,143.73700,143.58700,1.00,15.00,15478.20,水平線手前,利確,支持抵抗,0,143.73700
2025-06-01,2025-06-30,20260209_085452,20260209_085452-0089,2025-06-13 14:27:07.957000,2025-06-13 14:38:31.740000,売り,143.84300,143.69300,1.00,15.00,15493.20,水平線手前,利確,支持抵抗,0,143.84300
2025-06-01,2025-06-30,20260209_085452,20260209_085452-0090,2025-06-13 17:02:42.819000,2025-06-13 17:24:56.223000,売り,143.86700,143.71700,1.00,15.00,15508.20,水平線手前,利確,支持抵抗,0,143.86700
2025-06-01,2025-06-30,20260209_085452,20260209_085452-0091,2025-06-13 18:44:30.145000,2025-06-13 19:06:24.867000,売り,144.13400,143.98400,1.00,15.00,15523.20,水平線手前,利確,支持抵抗,0,144.13400
2025-06-01,2025-06-30,20260209_085452,20260209_085452-0092,2025-06-13 19:48:21.799000,2025-06-13 20:09:14.357000,売り,144.36900,144.41900,1.00,-5.00,15518.20,水平線手前,損切,支持抵抗,0,144.36900
2025-06-01,2025-06-30,20260209_085452,20260209_085452-0093,2025-06-13 20:09:16.963000,2025-06-13 20:33:02.686000,売り,144.41400,144.26400,1.00,15.00,15533.20,水平線手前,利確,支持抵抗,0,144.41400
2025-06-01,2025-06-30,20260209_085452,20260209_085452-0094,2025-06-13 22:30:30.365000,2025-06-13 22:36:31.995000,売り,144.45200,144.30200,1.00,15.00,15548.20,水平線手前,利確,支持抵抗,0,144.45200
2025-06-01,2025-06-30,20260209_085452,20260209_085452-0095,2025-06-14 03:41:53.974000,2025-06-14 05:05:01.395000,買い,143.88700,144.03700,1.00,15.00,15563.20,水平線手前,利確,支持抵抗,0,143.88700
2025-06-01,2025-06-30,20260209_085452,20260209_085452-0096,2025-06-16 16:16:10.631000,2025-06-16 16:41:00.729000,売り,144.36400,144.21400,1.00,15.00,15578.20,水平線手前,利確,支持抵抗,0,144.36400
2025-06-01,2025-06-30,20260209_085452,20260209_085452-0097,2025-06-16 22:11:10.075000,2025-06-16 22:20:00.667000,買い,143.90000,143.85000,1.00,-5.00,15573.20,水平線手前,損切,支持抵抗,0,143.90000
2025-06-01,2025-06-30,20260209_085452,20260209_085452-0098,2025-06-16 22:29:00.605000,2025-06-16 22:54:02.020000,買い,143.81200,143.96200,1.00,15.00,15588.20,水平線手前,利確,支持抵抗,0,143.81200
2025-06-01,2025-06-30,20260209_085452,20260209_085452-0099,2025-06-16 23:05:56.276000,2025-06-16 23:37:29.786000,買い,143.69100,143.84100,1.00,15.00,15603.20,水平線手前,利確,支持抵抗,0,143.69100
2025-06-01,2025-06-30,20260209_085452,20260209_085452-0100,2025-06-17 02:35:00.100000,2025-06-17 03:17:12.211000,売り,144.38400,144.43400,1.00,-5.00,15598.20,水平線手前,損切,支持抵抗,0,144.38400
2025-06-01,2025-06-30,20260209_085452,20260209_085452-0101,2025-06-17 03:50:10.098000,2025-06-17 04:00:58.723000,売り,144.57600,144.62600,1.00,-5.00,15593.20,水平線手前,損切,支持抵抗,0,144.57600
2025-06-01,2025-06-30,20260209_085452,20260209_085452-0102,2025-06-17 04:41:29.342000,2025-06-17 04:46:21.619000,売り,144.71900,144.76900,1.00,-5.00,15588.20,水平線手前,損切,支持抵抗,0,144.71900
2025-06-01,2025-06-30,20260209_085452,20260209_085452-0103,2025-06-17 04:53:27.840000,2025-06-17 06:01:12.102000,売り,144.84500,144.69500,1.00,15.00,15603.20,水平線手前,利確,支持抵抗,0,144.84500
2025-06-01,2025-06-30,20260209_085452,20260209_085452-0104,2025-06-17 13:38:54.396000,2025-06-17 13:55:29.884000,買い,144.44100,144.59100,1.00,15.00,15618.20,水平線手前,利確,支持抵抗,0,144.44100
2025-06-01,2025-06-30,20260209_085452,20260209_085452-0105,2025-06-17 16:01:20.824000,2025-06-17 16:08:33.531000,売り,144.99400,144.84400,1.00,15.00,15633.20,水平線手前,利確,支持抵抗,0,144.99400
2025-06-01,2025-06-30,20260209_085452,20260209_085452-0106,2025-06-17 21:30:01.162000,2025-06-17 21:30:01.423000,買い,144.44000,144.39000,1.00,-5.00,15628.20,水平線手前,損切,支持抵抗,0,144.44000
2025-06-01,2025-06-30,20260209_085452,20260209_085452-0107,2025-06-17 21:30:01.370000,2025-06-17 21:30:11.643000,買い,144.41500,144.56500,1.00,15.00,15643.20,水平線手前,利確,支持抵抗,0,144.41500
2025-06-01,2025-06-30,20260209_085452,20260209_085452-0108,2025-06-17 23:31:29.392000,2025-06-17 23:32:57.030000,売り,145.08100,145.13100,1.00,-5.00,15638.20,水平線手前,損切,支持抵抗,0,145.08100
2025-06-01,2025-06-30,20260209_085452,20260209_085452-0109,2025-06-17 23:45:57.319000,2025-06-18 00:05:49.423000,売り,145.26000,145.11000,1.00,15.00,15653.20,水平線手前,利確,支持抵抗,0,145.26000
2025-06-01,2025-06-30,20260209_085452,20260209_085452-0110,2025-06-18 02:10:12.777000,2025-06-18 03:48:32.909000,売り,145.27100,145.32100,1.00,-5.00,15648.20,水平線手前,損切,支持抵抗,0,145.27100
2025-06-01,2025-06-30,20260209_085452,20260209_085452-0111,2025-06-18 03:48:48.871000,2025-06-18 06:04:02.604000,売り,145.34600,145.19600,1.00,15.00,15663.20,水平線手前,利確,支持抵抗,0,145.34600
2025-06-01,2025-06-30,20260209_085452,20260209_085452-0112,2025-06-18 04:01:56.929000,2025-06-18 06:04:02.604000,売り,145.35000,145.20000,1.00,15.00,15678.20,水平線手前,利確,支持抵抗,0,145.35000
2025-06-01,2025-06-30,20260209_085452,20260209_085452-0113,2025-06-18 15:52:11.134000,2025-06-18 16:47:54.073000,買い,144.89200,145.04200,1.00,15.00,15693.20,水平線手前,利確,支持抵抗,0,144.89200
2025-06-01,2025-06-30,20260209_085452,20260209_085452-0114,2025-06-18 19:40:44.870000,2025-06-18 21:24:37.469000,買い,144.83800,144.78800,1.00,-5.00,15688.20,水平線手前,損切,支持抵抗,0,144.83800
2025-06-01,2025-06-30,20260209_085452,20260209_085452-0115,2025-06-18 21:27:20.891000,2025-06-18 21:46:47.612000,買い,144.77700,144.92700,1.00,15.00,15703.20,水平線手前,利確,支持抵抗,0,144.77700
2025-06-01,2025-06-30,20260209_085452,20260209_085452-0116,2025-06-18 22:46:23.424000,2025-06-18 23:04:17.021000,買い,144.75300,144.70300,1.00,-5.00,15698.20,水平線手前,損切,支持抵抗,0,144.75300
2025-06-01,2025-06-30,20260209_085452,20260209_085452-0117,2025-06-18 23:04:04.992000,2025-06-18 23:10:50.959000,買い,144.71800,144.86800,1.00,15.00,15713.20,水平線手前,利確,支持抵抗,0,144.71800
2025-06-01,2025-06-30,20260209_085452,20260209_085452-0118,2025-06-19 00:38:38.105000,2025-06-19 01:04:54.149000,買い,144.59100,144.54100,1.00,-5.00,15708.20,水平線手前,損切,支持抵抗,0,144.59100
2025-06-01,2025-06-30,20260209_085452,20260209_085452-0119,2025-06-19 01:01:27.578000,2025-06-19 02:23:26.491000,買い,144.56900,144.71900,1.00,15.00,15723.20,水平線手前,利確,支持抵抗,0,144.56900
2025-06-01,2025-06-30,20260209_085452,20260209_085452-0120,2025-06-19 03:00:44.764000,2025-06-19 03:00:57.705000,買い,144.36700,144.51700,1.00,15.00,15738.20,水平線手前,利確,支持抵抗,0,144.36700
2025-06-01,2025-06-30,20260209_085452,20260209_085452-0121,2025-06-19 04:02:23.305000,2025-06-19 04:15:00.231000,売り,145.19400,145.04400,1.00,15.00,15753.20,水平線手前,利確,支持抵抗,0,145.19400
2025-06-01,2025-06-30,20260209_085452,20260209_085452-0122,2025-06-19 14:50:01.464000,2025-06-19 15:30:18.185000,売り,145.23200,145.28200,1.00,-5.00,15748.20,水平線手前,損切,支持抵抗,0,145.23200
2025-06-01,2025-06-30,20260209_085452,20260209_085452-0123,2025-06-19 15:32:22.832000,2025-06-19 16:36:50.911000,売り,145.33100,145.38100,1.00,-5.00,15743.20,水平線手前,損切,支持抵抗,0,145.33100
2025-06-01,2025-06-30,20260209_085452,20260209_085452-0124,2025-06-19 17:00:04.476000,2025-06-19 18:01:46.947000,売り,145.41000,145.26000,1.00,15.00,15758.20,水平線手前,利確,支持抵抗,0,145.41000
2025-06-01,2025-06-30,20260209_085452,20260209_085452-0125,2025-06-19 16:36:50.911000,2025-06-19 18:50:30.365000,売り,145.37200,145.42200,1.00,-5.00,15753.20,水平線手前,損切,支持抵抗,0,145.37200
2025-06-01,2025-06-30,20260209_085452,20260209_085452-0126,2025-06-19 17:00:12.225000,2025-06-19 18:51:06.874000,売り,145.38000,145.43000,1.00,-5.00,15748.20,水平線手前,損切,支持抵抗,0,145.38000
2025-06-01,2025-06-30,20260209_085452,20260209_085452-0127,2025-06-19 18:50:28.771000,2025-06-19 18:54:48.463000,売り,145.41200,145.46200,1.00,-5.00,15743.20,水平線手前,損切,支持抵抗,0,145.41200
2025-06-01,2025-06-30,20260209_085452,20260209_085452-0128,2025-06-19 18:54:13.434000,2025-06-19 18:54:57.376000,売り,145.43300,145.48300,1.00,-5.00,15738.20,水平線手前,損切,支持抵抗,0,145.43300
2025-06-01,2025-06-30,20260209_085452,20260209_085452-0129,2025-06-19 18:54:14.907000,2025-06-19 19:07:23.111000,売り,145.44600,145.49600,1.00,-5.00,15733.20,水平線手前,損切,支持抵抗,0,145.44600
2025-06-01,2025-06-30,20260209_085452,20260209_085452-0130,2025-06-19 19:56:44.271000,2025-06-19 20:11:13.052000,売り,145.72600,145.77600,1.00,-5.00,15728.20,水平線手前,損切,支持抵抗,0,145.72600
2025-06-01,2025-06-30,20260209_085452,20260209_085452-0131,2025-06-19 20:00:37.144000,2025-06-19 21:35:48.835000,売り,145.74400,145.59400,1.00,15.00,15743.20,水平線手前,利確,支持抵抗,0,145.74400
2025-06-01,2025-06-30,20260209_085452,20260209_085452-0132,2025-06-20 21:31:02.665000,2025-06-20 21:34:37.133000,売り,145.68600,145.53600,1.00,15.00,15758.20,水平線手前,利確,支持抵抗,0,145.68600
2025-06-01,2025-06-30,20260209_085452,20260209_085452-0133,2025-06-20 22:35:16.284000,2025-06-20 22:39:07.583000,売り,145.73400,145.78400,1.00,-5.00,15753.20,水平線手前,損切,支持抵抗,0,145.73400
2025-06-01,2025-06-30,20260209_085452,20260209_085452-0134,2025-06-20 22:41:33.304000,2025-06-20 23:12:53.157000,売り,145.79300,145.84300,1.00,-5.00,15748.20,水平線手前,損切,支持抵抗,0,145.79300
2025-06-01,2025-06-30,20260209_085452,20260209_085452-0135,2025-06-20 23:47:31.083000,2025-06-21 00:54:23.180000,売り,145.91500,145.96500,1.00,-5.00,15743.20,水平線手前,損切,支持抵抗,0,145.91500
2025-06-01,2025-06-30,20260209_085452,20260209_085452-0136,2025-06-21 00:06:30.491000,2025-06-21 03:47:30.842000,売り,145.92700,145.97700,1.00,-5.00,15738.20,水平線手前,損切,支持抵抗,0,145.92700
2025-06-01,2025-06-30,20260209_085452,20260209_085452-0137,2025-06-21 03:47:30.734000,2025-06-21 04:32:35.079000,売り,145.96400,146.01400,1.00,-5.00,15733.20,水平線手前,損切,支持抵抗,0,145.96400
2025-06-01,2025-06-30,20260209_085452,20260209_085452-0138,2025-06-21 04:53:02.521000,2025-06-21 05:00:24.672000,売り,146.16400,146.21400,1.00,-5.00,15728.20,水平線手前,損切,支持抵抗,0,146.16400
2025-06-01,2025-06-30,20260209_085452,20260209_085452-0139,2025-06-23 13:02:02.508000,2025-06-23 13:07:55.407000,売り,146.73600,146.78600,1.00,-5.00,15723.20,水平線手前,損切,支持抵抗,0,146.73600
2025-06-01,2025-06-30,20260209_085452,20260209_085452-0140,2025-06-23 13:31:23.262000,2025-06-23 14:05:31.603000,売り,147.00300,147.05300,1.00,-5.00,15718.20,水平線手前,損切,支持抵抗,0,147.00300
2025-06-01,2025-06-30,20260209_085452,20260209_085452-0141,2025-06-23 14:37:42.532000,2025-06-23 14:59:34.301000,売り,147.27000,147.12000,1.00,15.00,15733.20,水平線手前,利確,支持抵抗,0,147.27000
2025-06-01,2025-06-30,20260209_085452,20260209_085452-0142,2025-06-23 15:29:51.757000,2025-06-23 15:54:29.081000,売り,147.36700,147.21700,1.00,15.00,15748.20,水平線手前,利確,支持抵抗,0,147.36700
2025-06-01,2025-06-30,20260209_085452,20260209_085452-0143,2025-06-23 17:55:05.925000,2025-06-23 18:00:15.209000,売り,147.60200,147.65200,1.00,-5.00,15743.20,水平線手前,損切,支持抵抗,0,147.60200
2025-06-01,2025-06-30,20260209_085452,20260209_085452-0144,2025-06-23 18:24:50.214000,2025-06-23 18:41:21.495000,売り,147.92200,147.77200,1.00,15.00,15758.20,水平線手前,利確,支持抵抗,0,147.92200
2025-06-01,2025-06-30,20260209_085452,20260209_085452-0145,2025-06-23 19:36:14.365000,2025-06-23 20:06:03.394000,売り,147.95600,148.00600,1.00,-5.00,15753.20,水平線手前,損切,支持抵抗,0,147.95600
2025-06-01,2025-06-30,20260209_085452,20260209_085452-0146,2025-06-23 20:06:03.394000,2025-06-23 20:13:14.243000,売り,147.99600,147.84600,1.00,15.00,15768.20,水平線手前,利確,支持抵抗,0,147.99600
2025-06-01,2025-06-30,20260209_085452,20260209_085452-0147,2025-06-24 02:40:50.938000,2025-06-24 03:03:59.712000,買い,146.18300,146.13300,1.00,-5.00,15763.20,水平線手前,損切,支持抵抗,0,146.18300
2025-06-01,2025-06-30,20260209_085452,20260209_085452-0148,2025-06-24 03:20:58.567000,2025-06-24 03:32:46.688000,買い,146.04900,146.19900,1.00,15.00,15778.20,水平線手前,利確,支持抵抗,0,146.04900
2025-06-01,2025-06-30,20260209_085452,20260209_085452-0149,2025-06-24 11:34:04.884000,2025-06-24 11:48:07.696000,買い,145.51000,145.46000,1.00,-5.00,15773.20,水平線手前,損切,支持抵抗,0,145.51000
2025-06-01,2025-06-30,20260209_085452,20260209_085452-0150,2025-06-24 11:45:07.399000,2025-06-24 11:48:28.860000,買い,145.49000,145.44000,1.00,-5.00,15768.20,水平線手前,損切,支持抵抗,0,145.49000
2025-06-01,2025-06-30,20260209_085452,20260209_085452-0151,2025-06-24 11:48:28.757000,2025-06-24 12:28:37.062000,買い,145.45000,145.40000,1.00,-5.00,15763.20,水平線手前,損切,支持抵抗,0,145.45000
2025-06-01,2025-06-30,20260209_085452,20260209_085452-0152,2025-06-24 12:48:34.148000,2025-06-24 13:04:08.128000,買い,145.32600,145.47600,1.00,15.00,15778.20,水平線手前,利確,支持抵抗,0,145.32600
2025-06-01,2025-06-30,20260209_085452,20260209_085452-0153,2025-06-24 14:53:02.861000,2025-06-24 15:00:18.249000,買い,145.32400,145.27400,1.00,-5.00,15773.20,水平線手前,損切,支持抵抗,0,145.32400
2025-06-01,2025-06-30,20260209_085452,20260209_085452-0154,2025-06-24 15:01:58.646000,2025-06-24 15:16:56.465000,買い,145.23000,145.18000,1.00,-5.00,15768.20,水平線手前,損切,支持抵抗,0,145.23000
2025-06-01,2025-06-30,20260209_085452,20260209_085452-0155,2025-06-24 15:23:48.746000,2025-06-24 15:35:00.521000,買い,145.06900,145.21900,1.00,15.00,15783.20,水平線手前,利確,支持抵抗,0,145.06900
2025-06-01,2025-06-30,20260209_085452,20260209_085452-0156,2025-06-24 15:23:38.330000,2025-06-24 15:35:16.437000,買い,145.08300,145.23300,1.00,15.00,15798.20,水平線手前,利確,支持抵抗,0,145.08300
2025-06-01,2025-06-30,20260209_085452,20260209_085452-0157,2025-06-24 16:18:52.018000,2025-06-24 16:31:07.572000,買い,145.02500,145.17500,1.00,15.00,15813.20,水平線手前,利確,支持抵抗,0,145.02500
2025-06-01,2025-06-30,20260209_085452,20260209_085452-0158,2025-06-24 17:25:39.923000,2025-06-24 18:13:23.622000,買い,144.98300,145.13300,1.00,15.00,15828.20,水平線手前,利確,支持抵抗,0,144.98300
2025-06-01,2025-06-30,20260209_085452,20260209_085452-0159,2025-06-24 18:49:11.925000,2025-06-24 19:10:33.854000,買い,144.88800,145.03800,1.00,15.00,15843.20,水平線手前,利確,支持抵抗,0,144.88800
2025-06-01,2025-06-30,20260209_085452,20260209_085452-0160,2025-06-24 21:26:46.789000,2025-06-24 21:34:41.333000,売り,145.15400,145.00400,1.00,15.00,15858.20,水平線手前,利確,支持抵抗,0,145.15400
2025-06-01,2025-06-30,20260209_085452,20260209_085452-0161,2025-06-24 22:00:48.378000,2025-06-24 22:04:04.264000,買い,144.89300,145.04300,1.00,15.00,15873.20,水平線手前,利確,支持抵抗,0,144.89300
2025-06-01,2025-06-30,20260209_085452,20260209_085452-0162,2025-06-24 22:15:13.693000,2025-06-24 23:00:01.605000,売り,145.16300,145.01300,1.00,15.00,15888.20,水平線手前,利確,支持抵抗,0,145.16300
2025-06-01,2025-06-30,20260209_085452,20260209_085452-0163,2025-06-24 23:07:19.165000,2025-06-24 23:18:23.548000,買い,144.76400,144.71400,1.00,-5.00,15883.20,水平線手前,損切,支持抵抗,0,144.76400
2025-06-01,2025-06-30,20260209_085452,20260209_085452-0164,2025-06-24 23:25:05.984000,2025-06-24 23:57:55.253000,買い,144.54700,144.69700,1.00,15.00,15898.20,水平線手前,利確,支持抵抗,0,144.54700
2025-06-01,2025-06-30,20260209_085452,20260209_085452-0165,2025-06-25 14:00:30.214000,2025-06-25 14:18:01.446000,売り,145.01700,145.06700,1.00,-5.00,15893.20,水平線手前,損切,支持抵抗,0,145.01700
2025-06-01,2025-06-30,20260209_085452,20260209_085452-0166,2025-06-25 14:31:24.568000,2025-06-25 14:43:27.140000,売り,145.16300,145.01300,1.00,15.00,15908.20,水平線手前,利確,支持抵抗,0,145.16300
2025-06-01,2025-06-30,20260209_085452,20260209_085452-0167,2025-06-25 14:25:10.079000,2025-06-25 15:10:11.455000,売り,145.13900,145.18900,1.00,-5.00,15903.20,水平線手前,損切,支持抵抗,0,145.13900
2025-06-01,2025-06-30,20260209_085452,20260209_085452-0168,2025-06-25 15:56:29.105000,2025-06-25 16:01:00.488000,売り,145.30500,145.35500,1.00,-5.00,15898.20,水平線手前,損切,支持抵抗,0,145.30500
2025-06-01,2025-06-30,20260209_085452,20260209_085452-0169,2025-06-25 16:00:47.316000,2025-06-25 17:15:08.152000,売り,145.34100,145.39100,1.00,-5.00,15893.20,水平線手前,損切,支持抵抗,0,145.34100
2025-06-01,2025-06-30,20260209_085452,20260209_085452-0170,2025-06-25 17:30:26.979000,2025-06-25 18:05:43.490000,売り,145.47100,145.52100,1.00,-5.00,15888.20,水平線手前,損切,支持抵抗,0,145.47100
2025-06-01,2025-06-30,20260209_085452,20260209_085452-0171,2025-06-25 18:31:29.274000,2025-06-25 19:35:36.894000,売り,145.65100,145.70100,1.00,-5.00,15883.20,水平線手前,損切,支持抵抗,0,145.65100
2025-06-01,2025-06-30,20260209_085452,20260209_085452-0172,2025-06-25 19:46:20.153000,2025-06-25 20:23:15.132000,売り,145.72000,145.77000,1.00,-5.00,15878.20,水平線手前,損切,支持抵抗,0,145.72000
2025-06-01,2025-06-30,20260209_085452,20260209_085452-0173,2025-06-25 20:24:10.631000,2025-06-25 21:44:32.624000,売り,145.76800,145.81800,1.00,-5.00,15873.20,水平線手前,損切,支持抵抗,0,145.76800
2025-06-01,2025-06-30,20260209_085452,20260209_085452-0174,2025-06-25 21:47:10.854000,2025-06-25 22:02:28.494000,売り,145.89300,145.94300,1.00,-5.00,15868.20,水平線手前,損切,支持抵抗,0,145.89300
2025-06-01,2025-06-30,20260209_085452,20260209_085452-0175,2025-06-25 22:01:26.124000,2025-06-25 22:41:12.005000,売り,145.91900,145.76900,1.00,15.00,15883.20,水平線手前,利確,支持抵抗,0,145.91900
2025-06-01,2025-06-30,20260209_085452,20260209_085452-0176,2025-06-26 12:05:06.435000,2025-06-26 12:05:39.556000,買い,144.64200,144.59200,1.00,-5.00,15878.20,水平線手前,損切,支持抵抗,0,144.64200
2025-06-01,2025-06-30,20260209_085452,20260209_085452-0177,2025-06-26 12:05:39.453000,2025-06-26 12:36:30.821000,買い,144.60300,144.75300,1.00,15.00,15893.20,水平線手前,利確,支持抵抗,0,144.60300
2025-06-01,2025-06-30,20260209_085452,20260209_085452-0178,2025-06-26 13:12:03.187000,2025-06-26 13:35:08.783000,売り,144.93600,144.78600,1.00,15.00,15908.20,水平線手前,利確,支持抵抗,0,144.93600
2025-06-01,2025-06-30,20260209_085452,20260209_085452-0179,2025-06-26 15:11:02.413000,2025-06-26 15:11:12.665000,買い,144.54700,144.49700,1.00,-5.00,15903.20,水平線手前,損切,支持抵抗,0,144.54700
2025-06-01,2025-06-30,20260209_085452,20260209_085452-0180,2025-06-26 15:42:51.643000,2025-06-26 16:00:56.360000,買い,144.31800,144.26800,1.00,-5.00,15898.20,水平線手前,損切,支持抵抗,0,144.31800
2025-06-01,2025-06-30,20260209_085452,20260209_085452-0181,2025-06-26 16:52:49.407000,2025-06-26 17:05:39.477000,買い,143.96500,143.91500,1.00,-5.00,15893.20,水平線手前,損切,支持抵抗,0,143.96500
2025-06-01,2025-06-30,20260209_085452,20260209_085452-0182,2025-06-26 17:30:38.889000,2025-06-26 17:46:00.070000,買い,143.79000,143.94000,1.00,15.00,15908.20,水平線手前,利確,支持抵抗,0,143.79000
2025-06-01,2025-06-30,20260209_085452,20260209_085452-0183,2025-06-26 21:06:21.079000,2025-06-26 21:17:41.576000,売り,144.46800,144.31800,1.00,15.00,15923.20,水平線手前,利確,支持抵抗,0,144.46800
2025-06-01,2025-06-30,20260209_085452,20260209_085452-0184,2025-06-26 23:55:48.298000,2025-06-27 00:12:36.308000,売り,144.46900,144.51900,1.00,-5.00,15918.20,水平線手前,損切,支持抵抗,0,144.46900
2025-06-01,2025-06-30,20260209_085452,20260209_085452-0185,2025-06-27 00:11:03.028000,2025-06-27 00:34:06.689000,売り,144.50800,144.35800,1.00,15.00,15933.20,水平線手前,利確,支持抵抗,0,144.50800
2025-06-01,2025-06-30,20260209_085452,20260209_085452-0186,2025-06-27 01:31:11.035000,2025-06-27 01:39:22.267000,買い,144.16200,144.11200,1.00,-5.00,15928.20,水平線手前,損切,支持抵抗,0,144.16200
2025-06-01,2025-06-30,20260209_085452,20260209_085452-0187,2025-06-27 01:39:49.891000,2025-06-27 01:58:06.972000,買い,144.09400,144.24400,1.00,15.00,15943.20,水平線手前,利確,支持抵抗,0,144.09400
2025-06-01,2025-06-30,20260209_085452,20260209_085452-0188,2025-06-27 22:24:21.008000,2025-06-27 22:25:42.713000,売り,144.65100,144.70100,1.00,-5.00,15938.20,水平線手前,損切,支持抵抗,0,144.65100
2025-06-01,2025-06-30,20260209_085452,20260209_085452-0189,2025-06-27 22:30:44.645000,2025-06-27 23:05:12.988000,売り,144.77500,144.62500,1.00,15.00,15953.20,水平線手前,利確,支持抵抗,0,144.77500
2025-06-01,2025-06-30,20260209_085452,20260209_085452-0190,2025-06-27 22:31:26.853000,2025-06-27 23:05:12.988000,売り,144.77700,144.62700,1.00,15.00,15968.20,水平線手前,利確,支持抵抗,0,144.77700
2025-06-01,2025-06-30,20260209_085452,20260209_085452-0191,2025-06-27 23:46:56.262000,2025-06-28 00:10:58.215000,売り,144.91500,144.76500,1.00,15.00,15983.20,水平線手前,利確,支持抵抗,0,144.91500
2025-06-01,2025-06-30,20260209_085452,20260209_085452-0192,2025-06-30 11:00:14.810000,2025-06-30 11:00:38.839000,買い,144.28200,144.23200,1.00,-5.00,15978.20,水平線手前,損切,支持抵抗,0,144.28200
2025-06-01,2025-06-30,20260209_085452,20260209_085452-0193,2025-06-30 11:01:27.890000,2025-06-30 11:08:10.650000,買い,144.21500,144.16500,1.00,-5.00,15973.20,水平線手前,損切,支持抵抗,0,144.21500
2025-06-01,2025-06-30,20260209_085452,20260209_085452-0194,2025-06-30 11:17:57.314000,2025-06-30 11:57:36.110000,買い,144.12700,144.27700,1.00,15.00,15988.20,水平線手前,利確,支持抵抗,0,144.12700
2025-06-01,2025-06-30,20260209_085452,20260209_085452-0195,2025-06-30 13:52:38.845000,2025-06-30 14:00:45.382000,買い,143.95300,143.90300,1.00,-5.00,15983.20,水平線手前,損切,支持抵抗,0,143.95300
2025-06-01,2025-06-30,20260209_085452,20260209_085452-0196,2025-06-30 14:26:40.924000,2025-06-30 15:31:59.288000,買い,143.83300,143.98300,1.00,15.00,15998.20,水平線手前,利確,支持抵抗,0,143.83300
2025-06-01,2025-06-30,20260209_085452,20260209_085452-0197,2025-06-30 16:12:46.484000,2025-06-30 16:30:32.233000,買い,143.81900,143.96900,1.00,15.00,16013.20,水平線手前,利確,支持抵抗,0,143.81900
2025-06-01,2025-06-30,20260209_085452,20260209_085452-0198,2025-06-30 21:32:07.659000,2025-06-30 22:46:09.794000,売り,144.46400,144.51400,1.00,-5.00,16008.20,水平線手前,損切,支持抵抗,0,144.46400
2025-06-01,2025-06-30,20260209_085452,20260209_085452-0199,2025-06-30 22:00:39.054000,2025-06-30 22:50:27.831000,売り,144.47900,144.32900,1.00,15.00,16023.20,水平線手前,利確,支持抵抗,0,144.47900
2025-06-01,2025-06-30,20260209_085452,20260209_085452-0200,2025-06-30 23:36:50.493000,2025-06-30 23:50:11.483000,買い,144.25100,144.40100,1.00,15.00,16038.20,水平線手前,利確,支持抵抗,0,144.25100
2025-07-01,2025-07-31,20260209_085540,20260209_085540-0001,2025-07-01 16:13:38.348000,2025-07-01 16:16:31.693000,買い,143.47700,143.42700,1.00,-5.00,16033.20,水平線手前,損切,支持抵抗,0,143.47700
2025-07-01,2025-07-31,20260209_085540,20260209_085540-0002,2025-07-01 16:56:52.480000,2025-07-01 17:00:30.777000,買い,143.10700,143.05700,1.00,-5.00,16028.20,水平線手前,損切,支持抵抗,0,143.10700
2025-07-01,2025-07-31,20260209_085540,20260209_085540-0003,2025-07-01 17:54:27.602000,2025-07-01 18:00:22.283000,買い,142.92500,143.07500,1.00,15.00,16043.20,水平線手前,利確,支持抵抗,0,142.92500
2025-07-01,2025-07-31,20260209_085540,20260209_085540-0004,2025-07-01 18:30:46.384000,2025-07-01 20:42:42.862000,買い,142.86200,142.81200,1.00,-5.00,16038.20,水平線手前,損切,支持抵抗,0,142.86200
2025-07-01,2025-07-31,20260209_085540,20260209_085540-0005,2025-07-01 20:57:30.398000,2025-07-01 21:01:05.470000,買い,142.74400,142.69400,1.00,-5.00,16033.20,水平線手前,損切,支持抵抗,0,142.74400
2025-07-01,2025-07-31,20260209_085540,20260209_085540-0006,2025-07-01 21:00:50.968000,2025-07-01 21:11:16.547000,買い,142.71900,142.86900,1.00,15.00,16048.20,水平線手前,利確,支持抵抗,0,142.71900
2025-07-01,2025-07-31,20260209_085540,20260209_085540-0007,2025-07-02 11:01:02.254000,2025-07-02 11:03:30.876000,売り,143.65600,143.70600,1.00,-5.00,16043.20,水平線手前,損切,支持抵抗,0,143.65600
2025-07-01,2025-07-31,20260209_085540,20260209_085540-0008,2025-07-02 11:03:40.732000,2025-07-02 11:50:43.108000,売り,143.71800,143.56800,1.00,15.00,16058.20,水平線手前,利確,支持抵抗,0,143.71800
2025-07-01,2025-07-31,20260209_085540,20260209_085540-0009,2025-07-02 14:50:52.389000,2025-07-02 15:47:01.612000,売り,143.82200,143.87200,1.00,-5.00,16053.20,水平線手前,損切,支持抵抗,0,143.82200
2025-07-01,2025-07-31,20260209_085540,20260209_085540-0010,2025-07-02 15:47:01.508000,2025-07-02 16:03:57.448000,売り,143.85700,143.90700,1.00,-5.00,16048.20,水平線手前,損切,支持抵抗,0,143.85700
2025-07-01,2025-07-31,20260209_085540,20260209_085540-0011,2025-07-02 16:04:07.342000,2025-07-02 16:24:10.889000,売り,143.90500,143.95500,1.00,-5.00,16043.20,水平線手前,損切,支持抵抗,0,143.90500
2025-07-01,2025-07-31,20260209_085540,20260209_085540-0012,2025-07-02 16:32:05.890000,2025-07-02 16:43:04.037000,売り,144.02000,143.87000,1.00,15.00,16058.20,水平線手前,利確,支持抵抗,0,144.02000
2025-07-01,2025-07-31,20260209_085540,20260209_085540-0013,2025-07-02 18:31:36.672000,2025-07-02 19:07:08.734000,売り,144.21400,144.06400,1.00,15.00,16073.20,水平線手前,利確,支持抵抗,0,144.21400
2025-07-01,2025-07-31,20260209_085540,20260209_085540-0014,2025-07-03 21:30:01.420000,2025-07-03 21:30:01.573000,売り,144.32500,144.37500,1.00,-5.00,16068.20,水平線手前,損切,支持抵抗,0,144.32500
2025-07-01,2025-07-31,20260209_085540,20260209_085540-0015,2025-07-03 21:30:02.089000,2025-07-03 21:30:02.450000,売り,144.46900,144.51900,1.00,-5.00,16063.20,水平線手前,損切,支持抵抗,0,144.46900
2025-07-01,2025-07-31,20260209_085540,20260209_085540-0016,2025-07-03 21:45:43.667000,2025-07-03 21:55:40.109000,売り,145.20300,145.05300,1.00,15.00,16078.20,水平線手前,利確,支持抵抗,0,145.20300
2025-07-01,2025-07-31,20260209_085540,20260209_085540-0017,2025-07-04 01:21:29.822000,2025-07-04 02:00:07.722000,売り,145.18400,145.03400,1.00,15.00,16093.20,水平線手前,利確,支持抵抗,0,145.18400
2025-07-01,2025-07-31,20260209_085540,20260209_085540-0018,2025-07-04 11:34:50.416000,2025-07-04 12:16:06.707000,買い,144.61000,144.56000,1.00,-5.00,16088.20,水平線手前,損切,支持抵抗,0,144.61000
2025-07-01,2025-07-31,20260209_085540,20260209_085540-0019,2025-07-04 12:30:48.109000,2025-07-04 13:17:50.632000,買い,144.49900,144.44900,1.00,-5.00,16083.20,水平線手前,損切,支持抵抗,0,144.49900
2025-07-01,2025-07-31,20260209_085540,20260209_085540-0020,2025-07-04 13:22:57.287000,2025-07-04 14:49:57.848000,買い,144.36200,144.31200,1.00,-5.00,16078.20,水平線手前,損切,支持抵抗,0,144.36200
2025-07-01,2025-07-31,20260209_085540,20260209_085540-0021,2025-07-04 14:36:23.158000,2025-07-04 15:14:53.396000,買い,144.34400,144.29400,1.00,-5.00,16073.20,水平線手前,損切,支持抵抗,0,144.34400
2025-07-01,2025-07-31,20260209_085540,20260209_085540-0022,2025-07-04 15:24:22.084000,2025-07-04 16:05:28.767000,買い,144.22100,144.37100,1.00,15.00,16088.20,水平線手前,利確,支持抵抗,0,144.22100
2025-07-01,2025-07-31,20260209_085540,20260209_085540-0023,2025-07-07 11:21:46.427000,2025-07-07 11:23:26.200000,売り,144.60400,144.65400,1.00,-5.00,16083.20,水平線手前,損切,支持抵抗,0,144.60400
2025-07-01,2025-07-31,20260209_085540,20260209_085540-0024,2025-07-07 11:31:23.247000,2025-07-07 11:51:11.141000,売り,144.76000,144.81000,1.00,-5.00,16078.20,水平線手前,損切,支持抵抗,0,144.76000
2025-07-01,2025-07-31,20260209_085540,20260209_085540-0025,2025-07-07 11:51:13.595000,2025-07-07 13:02:15.087000,売り,144.81000,144.86000,1.00,-5.00,16073.20,水平線手前,損切,支持抵抗,0,144.81000
2025-07-01,2025-07-31,20260209_085540,20260209_085540-0026,2025-07-07 12:00:00.793000,2025-07-07 13:02:15.192000,売り,144.81700,144.86700,1.00,-5.00,16068.20,水平線手前,損切,支持抵抗,0,144.81700
2025-07-01,2025-07-31,20260209_085540,20260209_085540-0027,2025-07-07 13:46:44.549000,2025-07-07 14:03:02.118000,売り,144.97200,145.02200,1.00,-5.00,16063.20,水平線手前,損切,支持抵抗,0,144.97200
2025-07-01,2025-07-31,20260209_085540,20260209_085540-0028,2025-07-07 14:17:01.239000,2025-07-07 15:07:29.868000,売り,145.04800,145.09800,1.00,-5.00,16058.20,水平線手前,損切,支持抵抗,0,145.04800
2025-07-01,2025-07-31,20260209_085540,20260209_085540-0029,2025-07-07 15:32:10.903000,2025-07-07 16:43:04.117000,売り,145.12800,145.17800,1.00,-5.00,16053.20,水平線手前,損切,支持抵抗,0,145.12800
2025-07-01,2025-07-31,20260209_085540,20260209_085540-0030,2025-07-07 16:43:04.117000,2025-07-07 17:00:00.874000,売り,145.16900,145.21900,1.00,-5.00,16048.20,水平線手前,損切,支持抵抗,0,145.16900
2025-07-01,2025-07-31,20260209_085540,20260209_085540-0031,2025-07-07 17:55:02.466000,2025-07-07 18:11:43.936000,売り,145.31600,145.36600,1.00,-5.00,16043.20,水平線手前,損切,支持抵抗,0,145.31600
2025-07-01,2025-07-31,20260209_085540,20260209_085540-0032,2025-07-07 18:36:49.921000,2025-07-07 19:11:35.561000,売り,145.45900,145.50900,1.00,-5.00,16038.20,水平線手前,損切,支持抵抗,0,145.45900
2025-07-01,2025-07-31,20260209_085540,20260209_085540-0033,2025-07-07 19:11:35.561000,2025-07-07 21:02:24.276000,売り,145.50000,145.55000,1.00,-5.00,16033.20,水平線手前,損切,支持抵抗,0,145.50000
2025-07-01,2025-07-31,20260209_085540,20260209_085540-0034,2025-07-07 21:35:00.672000,2025-07-07 22:09:58.260000,売り,145.61400,145.66400,1.00,-5.00,16028.20,水平線手前,損切,支持抵抗,0,145.61400
2025-07-01,2025-07-31,20260209_085540,20260209_085540-0035,2025-07-07 22:45:11.872000,2025-07-07 23:37:56.612000,売り,145.75300,145.80300,1.00,-5.00,16023.20,水平線手前,損切,支持抵抗,0,145.75300
2025-07-01,2025-07-31,20260209_085540,20260209_085540-0036,2025-07-07 23:37:44.338000,2025-07-08 00:03:50.019000,売り,145.78100,145.83100,1.00,-5.00,16018.20,水平線手前,損切,支持抵抗,0,145.78100
2025-07-01,2025-07-31,20260209_085540,20260209_085540-0037,2025-07-08 00:11:19.948000,2025-07-08 01:04:55.256000,売り,145.86300,145.91300,1.00,-5.00,16013.20,水平線手前,損切,支持抵抗,0,145.86300
2025-07-01,2025-07-31,20260209_085540,20260209_085540-0038,2025-07-08 01:35:13.345000,2025-07-08 02:30:11.078000,売り,146.11400,146.16400,1.00,-5.00,16008.20,水平線手前,損切,支持抵抗,0,146.11400
2025-07-01,2025-07-31,20260209_085540,20260209_085540-0039,2025-07-08 02:30:17.942000,2025-07-08 02:36:13.499000,売り,146.20200,146.05200,1.00,15.00,16023.20,水平線手前,利確,支持抵抗,0,146.20200
2025-07-01,2025-07-31,20260209_085540,20260209_085540-0040,2025-07-08 03:17:33.077000,2025-07-08 04:36:19.074000,売り,146.20900,146.05900,1.00,15.00,16038.20,水平線手前,利確,支持抵抗,0,146.20900
2025-07-01,2025-07-31,20260209_085540,20260209_085540-0041,2025-07-08 20:00:03.160000,2025-07-08 20:29:18.162000,売り,146.41100,146.46100,1.00,-5.00,16033.20,水平線手前,損切,支持抵抗,0,146.41100
2025-07-01,2025-07-31,20260209_085540,20260209_085540-0042,2025-07-08 20:46:53.509000,2025-07-08 21:07:55.663000,売り,146.62300,146.47300,1.00,15.00,16048.20,水平線手前,利確,支持抵抗,0,146.62300
2025-07-01,2025-07-31,20260209_085540,20260209_085540-0043,2025-07-08 21:43:18.235000,2025-07-08 22:04:33.145000,売り,146.65800,146.70800,1.00,-5.00,16043.20,水平線手前,損切,支持抵抗,0,146.65800
2025-07-01,2025-07-31,20260209_085540,20260209_085540-0044,2025-07-08 22:34:22.670000,2025-07-08 23:23:00.726000,売り,146.87200,146.92200,1.00,-5.00,16038.20,水平線手前,損切,支持抵抗,0,146.87200
2025-07-01,2025-07-31,20260209_085540,20260209_085540-0045,2025-07-08 23:23:09.236000,2025-07-09 00:06:05.012000,売り,146.93100,146.98100,1.00,-5.00,16033.20,水平線手前,損切,支持抵抗,0,146.93100
2025-07-01,2025-07-31,20260209_085540,20260209_085540-0046,2025-07-09 00:03:04.397000,2025-07-09 00:26:48.107000,売り,146.94700,146.79700,1.00,15.00,16048.20,水平線手前,利確,支持抵抗,0,146.94700
2025-07-01,2025-07-31,20260209_085540,20260209_085540-0047,2025-07-09 11:39:44.031000,2025-07-09 11:44:56.724000,売り,147.00600,147.05600,1.00,-5.00,16043.20,水平線手前,損切,支持抵抗,0,147.00600
2025-07-01,2025-07-31,20260209_085540,20260209_085540-0048,2025-07-09 11:45:31.731000,2025-07-09 12:01:09.123000,売り,147.06400,147.11400,1.00,-5.00,16038.20,水平線手前,損切,支持抵抗,0,147.06400
2025-07-01,2025-07-31,20260209_085540,20260209_085540-0049,2025-07-09 12:06:01.845000,2025-07-09 14:20:06.030000,売り,147.15200,147.00200,1.00,15.00,16053.20,水平線手前,利確,支持抵抗,0,147.15200
2025-07-01,2025-07-31,20260209_085540,20260209_085540-0050,2025-07-09 16:17:33.026000,2025-07-09 16:57:59.477000,買い,146.72100,146.87100,1.00,15.00,16068.20,水平線手前,利確,支持抵抗,0,146.72100
2025-07-01,2025-07-31,20260209_085540,20260209_085540-0051,2025-07-09 17:41:36.898000,2025-07-09 18:11:16.916000,買い,146.63400,146.58400,1.00,-5.00,16063.20,水平線手前,損切,支持抵抗,0,146.63400
2025-07-01,2025-07-31,20260209_085540,20260209_085540-0052,2025-07-09 18:11:23.131000,2025-07-09 20:41:46.722000,買い,146.58000,146.73000,1.00,15.00,16078.20,水平線手前,利確,支持抵抗,0,146.58000
2025-07-01,2025-07-31,20260209_085540,20260209_085540-0053,2025-07-09 21:18:30.472000,2025-07-09 21:25:41.073000,買い,146.54900,146.69900,1.00,15.00,16093.20,水平線手前,利確,支持抵抗,0,146.54900
2025-07-01,2025-07-31,20260209_085540,20260209_085540-0054,2025-07-09 21:57:13.598000,2025-07-09 22:00:25.570000,買い,146.50400,146.45400,1.00,-5.00,16088.20,水平線手前,損切,支持抵抗,0,146.50400
2025-07-01,2025-07-31,20260209_085540,20260209_085540-0055,2025-07-09 22:12:15.529000,2025-07-09 22:47:06.768000,買い,146.39100,146.54100,1.00,15.00,16103.20,水平線手前,利確,支持抵抗,0,146.39100
2025-07-01,2025-07-31,20260209_085540,20260209_085540-0056,2025-07-09 23:15:26.362000,2025-07-09 23:46:30.680000,買い,146.30900,146.45900,1.00,15.00,16118.20,水平線手前,利確,支持抵抗,0,146.30900
2025-07-01,2025-07-31,20260209_085540,20260209_085540-0057,2025-07-10 03:08:11.304000,2025-07-10 05:15:55.612000,買い,146.29000,146.44000,1.00,15.00,16133.20,水平線手前,利確,支持抵抗,0,146.29000
2025-07-01,2025-07-31,20260209_085540,20260209_085540-0058,2025-07-10 13:33:59.974000,2025-07-10 13:44:55.605000,売り,146.38000,146.23000,1.00,15.00,16148.20,水平線手前,利確,支持抵抗,0,146.38000
2025-07-01,2025-07-31,20260209_085540,20260209_085540-0059,2025-07-10 16:45:30.744000,2025-07-10 17:00:01.639000,売り,146.43500,146.28500,1.00,15.00,16163.20,水平線手前,利確,支持抵抗,0,146.43500
2025-07-01,2025-07-31,20260209_085540,20260209_085540-0060,2025-07-10 21:46:41.236000,2025-07-10 22:07:04.642000,売り,146.51200,146.36200,1.00,15.00,16178.20,水平線手前,利確,支持抵抗,0,146.51200
2025-07-01,2025-07-31,20260209_085540,20260209_085540-0061,2025-07-10 22:51:49.213000,2025-07-10 23:01:00.296000,売り,146.58300,146.63300,1.00,-5.00,16173.20,水平線手前,損切,支持抵抗,0,146.58300
2025-07-01,2025-07-31,20260209_085540,20260209_085540-0062,2025-07-10 23:28:50.524000,2025-07-10 23:52:29.750000,売り,146.75600,146.60600,1.00,15.00,16188.20,水平線手前,利確,支持抵抗,0,146.75600
2025-07-01,2025-07-31,20260209_085540,20260209_085540-0063,2025-07-11 11:00:58.537000,2025-07-11 11:03:51.933000,売り,146.81500,146.86500,1.00,-5.00,16183.20,水平線手前,損切,支持抵抗,0,146.81500
2025-07-01,2025-07-31,20260209_085540,20260209_085540-0064,2025-07-11 11:03:51.827000,2025-07-11 11:04:41.485000,売り,146.85000,146.90000,1.00,-5.00,16178.20,水平線手前,損切,支持抵抗,0,146.85000
2025-07-01,2025-07-31,20260209_085540,20260209_085540-0065,2025-07-11 11:40:40.398000,2025-07-11 13:16:17.595000,売り,147.01200,147.06200,1.00,-5.00,16173.20,水平線手前,損切,支持抵抗,0,147.01200
2025-07-01,2025-07-31,20260209_085540,20260209_085540-0066,2025-07-11 13:29:17.063000,2025-07-11 14:19:49.009000,売り,147.15400,147.00400,1.00,15.00,16188.20,水平線手前,利確,支持抵抗,0,147.15400
2025-07-01,2025-07-31,20260209_085540,20260209_085540-0067,2025-07-11 15:45:47.781000,2025-07-11 15:59:35.663000,買い,146.77400,146.92400,1.00,15.00,16203.20,水平線手前,利確,支持抵抗,0,146.77400
2025-07-01,2025-07-31,20260209_085540,20260209_085540-0068,2025-07-11 16:23:43.013000,2025-07-11 17:01:40.169000,買い,146.76000,146.91000,1.00,15.00,16218.20,水平線手前,利確,支持抵抗,0,146.76000
2025-07-01,2025-07-31,20260209_085540,20260209_085540-0069,2025-07-11 22:59:53.731000,2025-07-11 23:00:39.042000,売り,147.25500,147.30500,1.00,-5.00,16213.20,水平線手前,損切,支持抵抗,0,147.25500
2025-07-01,2025-07-31,20260209_085540,20260209_085540-0070,2025-07-11 23:15:05.795000,2025-07-11 23:47:36.352000,売り,147.49100,147.34100,1.00,15.00,16228.20,水平線手前,利確,支持抵抗,0,147.49100
2025-07-01,2025-07-31,20260209_085540,20260209_085540-0071,2025-07-14 14:40:21.751000,2025-07-14 15:36:32.532000,売り,147.45400,147.30400,1.00,15.00,16243.20,水平線手前,利確,支持抵抗,0,147.45400
2025-07-01,2025-07-31,20260209_085540,20260209_085540-0072,2025-07-14 17:08:51.424000,2025-07-14 17:41:32.392000,買い,147.21200,147.36200,1.00,15.00,16258.20,水平線手前,利確,支持抵抗,0,147.21200
2025-07-01,2025-07-31,20260209_085540,20260209_085540-0073,2025-07-14 19:06:28.649000,2025-07-14 20:43:54.432000,買い,147.19200,147.34200,1.00,15.00,16273.20,水平線手前,利確,支持抵抗,0,147.19200
2025-07-01,2025-07-31,20260209_085540,20260209_085540-0074,2025-07-14 18:23:50.430000,2025-07-14 20:44:21.261000,買い,147.19700,147.34700,1.00,15.00,16288.20,水平線手前,利確,支持抵抗,0,147.19700
2025-07-01,2025-07-31,20260209_085540,20260209_085540-0075,2025-07-14 22:13:07.068000,2025-07-14 23:53:28.374000,売り,147.45500,147.50500,1.00,-5.00,16283.20,水平線手前,損切,支持抵抗,0,147.45500
2025-07-01,2025-07-31,20260209_085540,20260209_085540-0076,2025-07-14 23:53:02.889000,2025-07-15 00:03:00.888000,売り,147.48900,147.53900,1.00,-5.00,16278.20,水平線手前,損切,支持抵抗,0,147.48900
2025-07-01,2025-07-31,20260209_085540,20260209_085540-0077,2025-07-15 00:03:01.768000,2025-07-15 00:04:13.234000,売り,147.55000,147.60000,1.00,-5.00,16273.20,水平線手前,損切,支持抵抗,0,147.55000
2025-07-01,2025-07-31,20260209_085540,20260209_085540-0078,2025-07-15 00:55:08.376000,2025-07-15 01:00:03.228000,売り,147.67100,147.72100,1.00,-5.00,16268.20,水平線手前,損切,支持抵抗,0,147.67100
2025-07-01,2025-07-31,20260209_085540,20260209_085540-0079,2025-07-15 01:01:32.989000,2025-07-15 05:20:22.980000,売り,147.72800,147.77800,1.00,-5.00,16263.20,水平線手前,損切,支持抵抗,0,147.72800
2025-07-01,2025-07-31,20260209_085540,20260209_085540-0080,2025-07-15 02:05:01.800000,2025-07-15 05:20:22.980000,売り,147.73200,147.78200,1.00,-5.00,16258.20,水平線手前,損切,支持抵抗,0,147.73200
2025-07-01,2025-07-31,20260209_085540,20260209_085540-0081,2025-07-15 03:09:28.135000,2025-07-15 05:20:23.136000,売り,147.73500,147.78500,1.00,-5.00,16253.20,水平線手前,損切,支持抵抗,0,147.73500
2025-07-01,2025-07-31,20260209_085540,20260209_085540-0082,2025-07-15 20:17:31.150000,2025-07-15 20:17:43.940000,売り,147.86000,147.91000,1.00,-5.00,16248.20,水平線手前,損切,支持抵抗,0,147.86000
2025-07-01,2025-07-31,20260209_085540,20260209_085540-0083,2025-07-15 20:22:45.380000,2025-07-15 21:20:07.981000,売り,147.91800,147.96800,1.00,-5.00,16243.20,水平線手前,損切,支持抵抗,0,147.91800
2025-07-01,2025-07-31,20260209_085540,20260209_085540-0084,2025-07-15 21:39:59.496000,2025-07-15 21:53:01.134000,売り,148.12200,147.97200,1.00,15.00,16258.20,水平線手前,利確,支持抵抗,0,148.12200
2025-07-01,2025-07-31,20260209_085540,20260209_085540-0085,2025-07-15 22:56:56.020000,2025-07-15 23:00:50.028000,売り,148.63100,148.68100,1.00,-5.00,16253.20,水平線手前,損切,支持抵抗,0,148.63100
2025-07-01,2025-07-31,20260209_085540,20260209_085540-0086,2025-07-15 23:26:09.512000,2025-07-16 00:30:13.789000,売り,148.86600,148.91600,1.00,-5.00,16248.20,水平線手前,損切,支持抵抗,0,148.86600
2025-07-01,2025-07-31,20260209_085540,20260209_085540-0087,2025-07-16 00:33:11.578000,2025-07-16 00:57:20.408000,売り,148.98900,148.83900,1.00,15.00,16263.20,水平線手前,利確,支持抵抗,0,148.98900
2025-07-01,2025-07-31,20260209_085540,20260209_085540-0088,2025-07-16 12:47:26.894000,2025-07-16 12:47:53.333000,売り,149.01000,149.06000,1.00,-5.00,16258.20,水平線手前,損切,支持抵抗,0,149.01000
2025-07-01,2025-07-31,20260209_085540,20260209_085540-0089,2025-07-16 12:47:53.864000,2025-07-16 13:12:41.237000,売り,149.05800,149.10800,1.00,-5.00,16253.20,水平線手前,損切,支持抵抗,0,149.05800
2025-07-01,2025-07-31,20260209_085540,20260209_085540-0090,2025-07-16 13:21:40.629000,2025-07-16 13:48:53.077000,売り,149.16000,149.01000,1.00,15.00,16268.20,水平線手前,利確,支持抵抗,0,149.16000
2025-07-01,2025-07-31,20260209_085540,20260209_085540-0091,2025-07-16 15:20:05.094000,2025-07-16 15:22:39.505000,買い,148.74100,148.69100,1.00,-5.00,16263.20,水平線手前,損切,支持抵抗,0,148.74100
2025-07-01,2025-07-31,20260209_085540,20260209_085540-0092,2025-07-16 16:00:29.027000,2025-07-16 16:33:28.085000,買い,148.65600,148.80600,1.00,15.00,16278.20,水平線手前,利確,支持抵抗,0,148.65600
2025-07-01,2025-07-31,20260209_085540,20260209_085540-0093,2025-07-16 15:56:51.354000,2025-07-16 16:33:39.055000,買い,148.66000,148.81000,1.00,15.00,16293.20,水平線手前,利確,支持抵抗,0,148.66000
2025-07-01,2025-07-31,20260209_085540,20260209_085540-0094,2025-07-16 21:30:14.937000,2025-07-16 21:30:58.966000,買い,148.50500,148.65500,1.00,15.00,16308.20,水平線手前,利確,支持抵抗,0,148.50500
2025-07-01,2025-07-31,20260209_085540,20260209_085540-0095,2025-07-16 22:48:50.899000,2025-07-16 23:25:08.857000,売り,148.89700,148.74700,1.00,15.00,16323.20,水平線手前,利確,支持抵抗,0,148.89700
2025-07-01,2025-07-31,20260209_085540,20260209_085540-0096,2025-07-16 23:56:24.205000,2025-07-17 00:01:34.450000,買い,148.34400,148.49400,1.00,15.00,16338.20,水平線手前,利確,支持抵抗,0,148.34400
2025-07-01,2025-07-31,20260209_085540,20260209_085540-0097,2025-07-17 00:16:32.851000,2025-07-17 00:16:33.798000,買い,147.68300,147.63300,1.00,-5.00,16333.20,水平線手前,損切,支持抵抗,0,147.68300
2025-07-01,2025-07-31,20260209_085540,20260209_085540-0098,2025-07-17 00:16:34.064000,2025-07-17 00:16:36.437000,買い,147.57300,147.52300,1.00,-5.00,16328.20,水平線手前,損切,支持抵抗,0,147.57300
2025-07-01,2025-07-31,20260209_085540,20260209_085540-0099,2025-07-17 00:30:38.593000,2025-07-17 00:32:04.577000,買い,146.94500,147.09500,1.00,15.00,16343.20,水平線手前,利確,支持抵抗,0,146.94500
2025-07-01,2025-07-31,20260209_085540,20260209_085540-0100,2025-07-17 19:15:01.152000,2025-07-17 19:37:26.857000,売り,148.81900,148.66900,1.00,15.00,16358.20,水平線手前,利確,支持抵抗,0,148.81900
2025-07-01,2025-07-31,20260209_085540,20260209_085540-0101,2025-07-17 21:30:28.628000,2025-07-17 21:33:26.453000,売り,149.05800,148.90800,1.00,15.00,16373.20,水平線手前,利確,支持抵抗,0,149.05800
2025-07-01,2025-07-31,20260209_085540,20260209_085540-0102,2025-07-17 22:11:27.408000,2025-07-17 22:20:13.441000,買い,148.48700,148.63700,1.00,15.00,16388.20,水平線手前,利確,支持抵抗,0,148.48700
2025-07-01,2025-07-31,20260209_085540,20260209_085540-0103,2025-07-17 23:29:06.201000,2025-07-17 23:46:24.070000,買い,148.41600,148.56600,1.00,15.00,16403.20,水平線手前,利確,支持抵抗,0,148.41600
2025-07-01,2025-07-31,20260209_085540,20260209_085540-0104,2025-07-18 13:09:25.359000,2025-07-18 14:29:13.113000,売り,148.72300,148.77300,1.00,-5.00,16398.20,水平線手前,損切,支持抵抗,0,148.72300
2025-07-01,2025-07-31,20260209_085540,20260209_085540-0105,2025-07-18 14:30:34.053000,2025-07-18 15:40:40.409000,売り,148.77800,148.82800,1.00,-5.00,16393.20,水平線手前,損切,支持抵抗,0,148.77800
2025-07-01,2025-07-31,20260209_085540,20260209_085540-0106,2025-07-18 15:40:29.659000,2025-07-18 16:39:06.885000,売り,148.80600,148.85600,1.00,-5.00,16388.20,水平線手前,損切,支持抵抗,0,148.80600
2025-07-01,2025-07-31,20260209_085540,20260209_085540-0107,2025-07-18 16:39:45.816000,2025-07-18 17:01:20.536000,売り,148.85200,148.70200,1.00,15.00,16403.20,水平線手前,利確,支持抵抗,0,148.85200
2025-07-01,2025-07-31,20260209_085540,20260209_085540-0108,2025-07-18 22:20:02.411000,2025-07-18 22:20:40.400000,買い,148.32500,148.27500,1.00,-5.00,16398.20,水平線手前,損切,支持抵抗,0,148.32500
2025-07-01,2025-07-31,20260209_085540,20260209_085540-0109,2025-07-18 22:20:22.643000,2025-07-18 22:20:40.400000,買い,148.32500,148.27500,1.00,-5.00,16393.20,水平線手前,損切,支持抵抗,0,148.32500
2025-07-01,2025-07-31,20260209_085540,20260209_085540-0110,2025-07-18 22:24:15.537000,2025-07-18 22:32:42.077000,買い,148.23100,148.38100,1.00,15.00,16408.20,水平線手前,利確,支持抵抗,0,148.23100
2025-07-01,2025-07-31,20260209_085540,20260209_085540-0111,2025-07-18 23:00:08.512000,2025-07-18 23:13:03.993000,買い,148.22500,148.37500,1.00,15.00,16423.20,水平線手前,利確,支持抵抗,0,148.22500
2025-07-01,2025-07-31,20260209_085540,20260209_085540-0112,2025-07-21 15:31:20.455000,2025-07-21 15:31:22.788000,買い,147.93400,147.88400,1.00,-5.00,16418.20,水平線手前,損切,支持抵抗,0,147.93400
2025-07-01,2025-07-31,20260209_085540,20260209_085540-0113,2025-07-21 15:33:10.824000,2025-07-21 15:54:41.897000,買い,147.81100,147.96100,1.00,15.00,16433.20,水平線手前,利確,支持抵抗,0,147.81100
2025-07-01,2025-07-31,20260209_085540,20260209_085540-0114,2025-07-21 17:36:37.473000,2025-07-21 17:53:54.706000,買い,147.73000,147.88000,1.00,15.00,16448.20,水平線手前,利確,支持抵抗,0,147.73000
2025-07-01,2025-07-31,20260209_085540,20260209_085540-0115,2025-07-21 20:46:07.431000,2025-07-21 21:07:55.894000,買い,147.54500,147.49500,1.00,-5.00,16443.20,水平線手前,損切,支持抵抗,0,147.54500
2025-07-01,2025-07-31,20260209_085540,20260209_085540-0116,2025-07-21 21:24:04.898000,2025-07-21 22:00:27.181000,買い,147.37200,147.52200,1.00,15.00,16458.20,水平線手前,利確,支持抵抗,0,147.37200
2025-07-01,2025-07-31,20260209_085540,20260209_085540-0117,2025-07-21 23:09:09.068000,2025-07-21 23:52:52.652000,買い,147.31800,147.46800,1.00,15.00,16473.20,水平線手前,利確,支持抵抗,0,147.31800
2025-07-01,2025-07-31,20260209_085540,20260209_085540-0118,2025-07-22 00:20:14.229000,2025-07-22 01:10:57.061000,買い,147.29700,147.24700,1.00,-5.00,16468.20,水平線手前,損切,支持抵抗,0,147.29700
2025-07-01,2025-07-31,20260209_085540,20260209_085540-0119,2025-07-22 01:26:12.984000,2025-07-22 02:14:12.080000,買い,147.12300,147.27300,1.00,15.00,16483.20,水平線手前,利確,支持抵抗,0,147.12300
2025-07-01,2025-07-31,20260209_085540,20260209_085540-0120,2025-07-22 16:03:04.292000,2025-07-22 16:32:52.125000,売り,147.91900,147.76900,1.00,15.00,16498.20,水平線手前,利確,支持抵抗,0,147.91900
2025-07-01,2025-07-31,20260209_085540,20260209_085540-0121,2025-07-22 15:43:23.057000,2025-07-22 16:33:45.151000,売り,147.90700,147.75700,1.00,15.00,16513.20,水平線手前,利確,支持抵抗,0,147.90700
2025-07-01,2025-07-31,20260209_085540,20260209_085540-0122,2025-07-22 21:11:39.268000,2025-07-22 21:12:02.322000,買い,147.12300,147.07300,1.00,-5.00,16508.20,水平線手前,損切,支持抵抗,0,147.12300
2025-07-01,2025-07-31,20260209_085540,20260209_085540-0123,2025-07-22 21:51:15.431000,2025-07-22 21:51:30.782000,買い,146.88800,146.83800,1.00,-5.00,16503.20,水平線手前,損切,支持抵抗,0,146.88800
2025-07-01,2025-07-31,20260209_085540,20260209_085540-0124,2025-07-22 21:51:39.685000,2025-07-22 22:01:06.623000,買い,146.77400,146.72400,1.00,-5.00,16498.20,水平線手前,損切,支持抵抗,0,146.77400
2025-07-01,2025-07-31,20260209_085540,20260209_085540-0125,2025-07-22 22:54:29.548000,2025-07-22 23:26:08.939000,買い,146.54400,146.49400,1.00,-5.00,16493.20,水平線手前,損切,支持抵抗,0,146.54400
2025-07-01,2025-07-31,20260209_085540,20260209_085540-0126,2025-07-22 23:54:46.634000,2025-07-23 00:05:28.013000,買い,146.36400,146.51400,1.00,15.00,16508.20,水平線手前,利確,支持抵抗,0,146.36400
2025-07-01,2025-07-31,20260209_085540,20260209_085540-0127,2025-07-23 01:08:02.571000,2025-07-23 02:12:02.108000,買い,146.34800,146.49800,1.00,15.00,16523.20,水平線手前,利確,支持抵抗,0,146.34800
2025-07-01,2025-07-31,20260209_085540,20260209_085540-0128,2025-07-23 11:20:58.183000,2025-07-23 11:21:10.447000,売り,146.91600,146.96600,1.00,-5.00,16518.20,水平線手前,損切,支持抵抗,0,146.91600
2025-07-01,2025-07-31,20260209_085540,20260209_085540-0129,2025-07-23 11:21:05.155000,2025-07-23 11:21:10.447000,売り,146.91400,146.96400,1.00,-5.00,16513.20,水平線手前,損切,支持抵抗,0,146.91400
2025-07-01,2025-07-31,20260209_085540,20260209_085540-0130,2025-07-23 11:31:10.246000,2025-07-23 11:35:38.837000,売り,147.17400,147.02400,1.00,15.00,16528.20,水平線手前,利確,支持抵抗,0,147.17400
2025-07-01,2025-07-31,20260209_085540,20260209_085540-0131,2025-07-23 13:24:21.765000,2025-07-23 14:07:33.508000,売り,147.05100,146.90100,1.00,15.00,16543.20,水平線手前,利確,支持抵抗,0,147.05100
2025-07-01,2025-07-31,20260209_085540,20260209_085540-0132,2025-07-23 15:00:04.219000,2025-07-23 15:29:04.535000,売り,147.18800,147.03800,1.00,15.00,16558.20,水平線手前,利確,支持抵抗,0,147.18800
2025-07-01,2025-07-31,20260209_085540,20260209_085540-0133,2025-07-23 14:45:19.269000,2025-07-23 15:29:29.931000,売り,147.17600,147.02600,1.00,15.00,16573.20,水平線手前,利確,支持抵抗,0,147.17600
2025-07-01,2025-07-31,20260209_085540,20260209_085540-0134,2025-07-23 15:30:48.469000,2025-07-23 15:32:07.024000,買い,146.68800,146.83800,1.00,15.00,16588.20,水平線手前,利確,支持抵抗,0,146.68800
2025-07-01,2025-07-31,20260209_085540,20260209_085540-0135,2025-07-23 16:30:33.536000,2025-07-23 16:44:53.197000,買い,146.63500,146.78500,1.00,15.00,16603.20,水平線手前,利確,支持抵抗,0,146.63500
2025-07-01,2025-07-31,20260209_085540,20260209_085540-0136,2025-07-23 18:41:52.082000,2025-07-23 19:05:56.075000,買い,146.50800,146.45800,1.00,-5.00,16598.20,水平線手前,損切,支持抵抗,0,146.50800
2025-07-01,2025-07-31,20260209_085540,20260209_085540-0137,2025-07-23 19:06:01.209000,2025-07-23 19:14:37.789000,買い,146.46100,146.41100,1.00,-5.00,16593.20,水平線手前,損切,支持抵抗,0,146.46100
2025-07-01,2025-07-31,20260209_085540,20260209_085540-0138,2025-07-23 19:25:47.297000,2025-07-23 20:09:22.820000,買い,146.32000,146.27000,1.00,-5.00,16588.20,水平線手前,損切,支持抵抗,0,146.32000
2025-07-01,2025-07-31,20260209_085540,20260209_085540-0139,2025-07-23 20:43:29.058000,2025-07-23 20:43:52.139000,買い,146.23700,146.18700,1.00,-5.00,16583.20,水平線手前,損切,支持抵抗,0,146.23700
2025-07-01,2025-07-31,20260209_085540,20260209_085540-0140,2025-07-23 20:49:07.270000,2025-07-23 20:49:56.275000,買い,146.21800,146.16800,1.00,-5.00,16578.20,水平線手前,損切,支持抵抗,0,146.21800
2025-07-01,2025-07-31,20260209_085540,20260209_085540-0141,2025-07-23 20:44:11.029000,2025-07-23 20:51:54.790000,買い,146.17200,146.12200,1.00,-5.00,16573.20,水平線手前,損切,支持抵抗,0,146.17200
2025-07-01,2025-07-31,20260209_085540,20260209_085540-0142,2025-07-23 20:44:24.862000,2025-07-23 21:14:41.260000,買い,146.14400,146.29400,1.00,15.00,16588.20,水平線手前,利確,支持抵抗,0,146.14400
2025-07-01,2025-07-31,20260209_085540,20260209_085540-0143,2025-07-24 03:24:59.656000,2025-07-24 04:28:41.688000,買い,146.41000,146.56000,1.00,15.00,16603.20,水平線手前,利確,支持抵抗,0,146.41000
2025-07-01,2025-07-31,20260209_085540,20260209_085540-0144,2025-07-24 18:03:50.818000,2025-07-24 18:31:34.824000,売り,146.59400,146.64400,1.00,-5.00,16598.20,水平線手前,損切,支持抵抗,0,146.59400
2025-07-01,2025-07-31,20260209_085540,20260209_085540-0145,2025-07-24 18:05:51.033000,2025-07-24 19:20:06.737000,売り,146.61600,146.66600,1.00,-5.00,16593.20,水平線手前,損切,支持抵抗,0,146.61600
2025-07-01,2025-07-31,20260209_085540,20260209_085540-0146,2025-07-24 19:14:27.681000,2025-07-24 20:50:19.977000,売り,146.63100,146.48100,1.00,15.00,16608.20,水平線手前,利確,支持抵抗,0,146.63100
2025-07-01,2025-07-31,20260209_085540,20260209_085540-0147,2025-07-24 21:41:33.294000,2025-07-24 22:16:18.298000,売り,146.80200,146.85200,1.00,-5.00,16603.20,水平線手前,損切,支持抵抗,0,146.80200
2025-07-01,2025-07-31,20260209_085540,20260209_085540-0148,2025-07-24 22:16:18.298000,2025-07-24 22:31:25.613000,売り,146.84400,146.69400,1.00,15.00,16618.20,水平線手前,利確,支持抵抗,0,146.84400
2025-07-01,2025-07-31,20260209_085540,20260209_085540-0149,2025-07-25 00:03:33.949000,2025-07-25 00:03:56.388000,売り,146.84800,146.89800,1.00,-5.00,16613.20,水平線手前,損切,支持抵抗,0,146.84800
2025-07-01,2025-07-31,20260209_085540,20260209_085540-0150,2025-07-25 00:11:18.051000,2025-07-25 00:25:05.079000,売り,146.91300,146.76300,1.00,15.00,16628.20,水平線手前,利確,支持抵抗,0,146.91300
2025-07-01,2025-07-31,20260209_085540,20260209_085540-0151,2025-07-25 01:00:48.301000,2025-07-25 02:27:27.382000,売り,146.92000,146.77000,1.00,15.00,16643.20,水平線手前,利確,支持抵抗,0,146.92000
2025-07-01,2025-07-31,20260209_085540,20260209_085540-0152,2025-07-25 04:05:44.155000,2025-07-25 05:35:42.244000,売り,146.93800,146.98800,1.00,-5.00,16638.20,水平線手前,損切,支持抵抗,0,146.93800
2025-07-01,2025-07-31,20260209_085540,20260209_085540-0153,2025-07-25 11:05:22.600000,2025-07-25 11:40:13.092000,売り,147.42900,147.47900,1.00,-5.00,16633.20,水平線手前,損切,支持抵抗,0,147.42900
2025-07-01,2025-07-31,20260209_085540,20260209_085540-0154,2025-07-25 11:38:23.637000,2025-07-25 12:35:49.886000,売り,147.46300,147.31300,1.00,15.00,16648.20,水平線手前,利確,支持抵抗,0,147.46300
2025-07-01,2025-07-31,20260209_085540,20260209_085540-0155,2025-07-25 14:55:28.501000,2025-07-25 14:56:24.065000,買い,146.83800,146.98800,1.00,15.00,16663.20,水平線手前,利確,支持抵抗,0,146.83800
2025-07-01,2025-07-31,20260209_085540,20260209_085540-0156,2025-07-25 17:19:21.272000,2025-07-25 18:06:17.698000,売り,147.80800,147.85800,1.00,-5.00,16658.20,水平線手前,損切,支持抵抗,0,147.80800
2025-07-01,2025-07-31,20260209_085540,20260209_085540-0157,2025-07-25 18:06:58.075000,2025-07-25 20:22:41.597000,売り,147.86200,147.91200,1.00,-5.00,16653.20,水平線手前,損切,支持抵抗,0,147.86200
2025-07-01,2025-07-31,20260209_085540,20260209_085540-0158,2025-07-25 19:00:00.165000,2025-07-25 20:23:12.700000,売り,147.87100,147.92100,1.00,-5.00,16648.20,水平線手前,損切,支持抵抗,0,147.87100
2025-07-01,2025-07-31,20260209_085540,20260209_085540-0159,2025-07-25 20:23:12.700000,2025-07-25 20:44:30.527000,売り,147.91300,147.76300,1.00,15.00,16663.20,水平線手前,利確,支持抵抗,0,147.91300
2025-07-01,2025-07-31,20260209_085540,20260209_085540-0160,2025-07-25 23:16:18.046000,2025-07-25 23:56:45.554000,買い,147.56600,147.71600,1.00,15.00,16678.20,水平線手前,利確,支持抵抗,0,147.56600
2025-07-01,2025-07-31,20260209_085540,20260209_085540-0161,2025-07-28 11:10:57.820000,2025-07-28 11:53:44.402000,売り,147.99300,147.84300,1.00,15.00,16693.20,水平線手前,利確,支持抵抗,0,147.99300
2025-07-01,2025-07-31,20260209_085540,20260209_085540-0162,2025-07-28 15:36:44.141000,2025-07-28 15:59:45.554000,売り,148.17900,148.02900,1.00,15.00,16708.20,水平線手前,利確,支持抵抗,0,148.17900
2025-07-01,2025-07-31,20260209_085540,20260209_085540-0163,2025-07-28 16:56:34.979000,2025-07-28 16:57:44.529000,売り,148.27800,148.32800,1.00,-5.00,16703.20,水平線手前,損切,支持抵抗,0,148.27800
2025-07-01,2025-07-31,20260209_085540,20260209_085540-0164,2025-07-28 16:57:41.522000,2025-07-28 17:35:29.217000,売り,148.31100,148.16100,1.00,15.00,16718.20,水平線手前,利確,支持抵抗,0,148.31100
2025-07-01,2025-07-31,20260209_085540,20260209_085540-0165,2025-07-28 17:52:23.130000,2025-07-28 18:35:40.266000,売り,148.35100,148.40100,1.00,-5.00,16713.20,水平線手前,損切,支持抵抗,0,148.35100
2025-07-01,2025-07-31,20260209_085540,20260209_085540-0166,2025-07-28 18:35:22.215000,2025-07-28 19:24:27.830000,売り,148.39100,148.44100,1.00,-5.00,16708.20,水平線手前,損切,支持抵抗,0,148.39100
2025-07-01,2025-07-31,20260209_085540,20260209_085540-0167,2025-07-28 19:22:19.758000,2025-07-28 20:02:08.260000,売り,148.40400,148.45400,1.00,-5.00,16703.20,水平線手前,損切,支持抵抗,0,148.40400
2025-07-01,2025-07-31,20260209_085540,20260209_085540-0168,2025-07-28 20:00:16.350000,2025-07-28 20:52:36.354000,売り,148.41600,148.26600,1.00,15.00,16718.20,水平線手前,利確,支持抵抗,0,148.41600
2025-07-01,2025-07-31,20260209_085540,20260209_085540-0169,2025-07-29 00:30:02.426000,2025-07-29 01:06:16.931000,売り,148.46100,148.51100,1.00,-5.00,16713.20,水平線手前,損切,支持抵抗,0,148.46100
2025-07-01,2025-07-31,20260209_085540,20260209_085540-0170,2025-07-29 01:00:58.096000,2025-07-29 02:49:03.531000,売り,148.48900,148.53900,1.00,-5.00,16708.20,水平線手前,損切,支持抵抗,0,148.48900
2025-07-01,2025-07-31,20260209_085540,20260209_085540-0171,2025-07-29 02:48:40.748000,2025-07-29 03:47:03.082000,売り,148.52000,148.57000,1.00,-5.00,16703.20,水平線手前,損切,支持抵抗,0,148.52000
2025-07-01,2025-07-31,20260209_085540,20260209_085540-0172,2025-07-29 03:01:45.025000,2025-07-29 06:15:03.282000,売り,148.54500,148.39500,1.00,15.00,16718.20,水平線手前,利確,支持抵抗,0,148.54500
2025-07-01,2025-07-31,20260209_085540,20260209_085540-0173,2025-07-29 15:07:22.328000,2025-07-29 15:34:28.839000,買い,148.18600,148.33600,1.00,15.00,16733.20,水平線手前,利確,支持抵抗,0,148.18600
2025-07-01,2025-07-31,20260209_085540,20260209_085540-0174,2025-07-29 16:15:38.697000,2025-07-29 16:37:57.870000,売り,148.67900,148.72900,1.00,-5.00,16728.20,水平線手前,損切,支持抵抗,0,148.67900
2025-07-01,2025-07-31,20260209_085540,20260209_085540-0175,2025-07-29 16:30:16.418000,2025-07-29 16:58:35.431000,売り,148.71700,148.56700,1.00,15.00,16743.20,水平線手前,利確,支持抵抗,0,148.71700
2025-07-01,2025-07-31,20260209_085540,20260209_085540-0176,2025-07-29 20:43:08.839000,2025-07-29 21:09:07.664000,売り,148.72900,148.77900,1.00,-5.00,16738.20,水平線手前,損切,支持抵抗,0,148.72900
2025-07-01,2025-07-31,20260209_085540,20260209_085540-0177,2025-07-29 21:08:31.628000,2025-07-29 22:33:37.120000,売り,148.74000,148.79000,1.00,-5.00,16733.20,水平線手前,損切,支持抵抗,0,148.74000
2025-07-01,2025-07-31,20260209_085540,20260209_085540-0178,2025-07-29 22:33:35.120000,2025-07-29 22:41:05.621000,売り,148.77600,148.62600,1.00,15.00,16748.20,水平線手前,利確,支持抵抗,0,148.77600
2025-07-01,2025-07-31,20260209_085540,20260209_085540-0179,2025-07-30 00:08:18.059000,2025-07-30 00:44:11.551000,買い,148.39000,148.54000,1.00,15.00,16763.20,水平線手前,利確,支持抵抗,0,148.39000
2025-07-01,2025-07-31,20260209_085540,20260209_085540-0180,2025-07-30 00:08:16.075000,2025-07-30 00:44:19.006000,買い,148.39300,148.54300,1.00,15.00,16778.20,水平線手前,利確,支持抵抗,0,148.39300
2025-07-01,2025-07-31,20260209_085540,20260209_085540-0181,2025-07-30 02:21:47.008000,2025-07-30 03:03:04.912000,買い,148.37300,148.52300,1.00,15.00,16793.20,水平線手前,利確,支持抵抗,0,148.37300
2025-07-01,2025-07-31,20260209_085540,20260209_085540-0182,2025-07-30 12:02:08.650000,2025-07-30 12:10:16.366000,買い,147.98200,147.93200,1.00,-5.00,16788.20,水平線手前,損切,支持抵抗,0,147.98200
2025-07-01,2025-07-31,20260209_085540,20260209_085540-0183,2025-07-30 12:02:00.509000,2025-07-30 12:10:16.582000,買い,147.97700,147.92700,1.00,-5.00,16783.20,水平線手前,損切,支持抵抗,0,147.97700
2025-07-01,2025-07-31,20260209_085540,20260209_085540-0184,2025-07-30 12:11:44.863000,2025-07-30 13:03:28.162000,買い,147.88500,148.03500,1.00,15.00,16798.20,水平線手前,利確,支持抵抗,0,147.88500
2025-07-01,2025-07-31,20260209_085540,20260209_085540-0185,2025-07-30 16:07:04.879000,2025-07-30 16:21:42.500000,買い,147.83900,147.98900,1.00,15.00,16813.20,水平線手前,利確,支持抵抗,0,147.83900
2025-07-01,2025-07-31,20260209_085540,20260209_085540-0186,2025-07-30 19:36:54.536000,2025-07-30 20:35:17.979000,売り,148.26100,148.31100,1.00,-5.00,16808.20,水平線手前,損切,支持抵抗,0,148.26100
2025-07-01,2025-07-31,20260209_085540,20260209_085540-0187,2025-07-30 20:48:07.975000,2025-07-30 21:15:01.073000,売り,148.33200,148.38200,1.00,-5.00,16803.20,水平線手前,損切,支持抵抗,0,148.33200
2025-07-01,2025-07-31,20260209_085540,20260209_085540-0188,2025-07-30 21:33:05.509000,2025-07-30 21:34:23.612000,売り,148.59400,148.64400,1.00,-5.00,16798.20,水平線手前,損切,支持抵抗,0,148.59400
2025-07-01,2025-07-31,20260209_085540,20260209_085540-0189,2025-07-30 21:53:45.319000,2025-07-30 21:57:40.040000,売り,148.81900,148.86900,1.00,-5.00,16793.20,水平線手前,損切,支持抵抗,0,148.81900
2025-07-01,2025-07-31,20260209_085540,20260209_085540-0190,2025-07-30 21:57:15.712000,2025-07-30 22:07:03.765000,売り,148.85500,148.90500,1.00,-5.00,16788.20,水平線手前,損切,支持抵抗,0,148.85500
2025-07-01,2025-07-31,20260209_085540,20260209_085540-0191,2025-07-30 22:43:23.061000,2025-07-30 23:32:35.738000,売り,149.07000,148.92000,1.00,15.00,16803.20,水平線手前,利確,支持抵抗,0,149.07000
2025-07-01,2025-07-31,20260209_085540,20260209_085540-0192,2025-07-31 00:51:45.937000,2025-07-31 01:10:59.728000,売り,149.08700,149.13700,1.00,-5.00,16798.20,水平線手前,損切,支持抵抗,0,149.08700
2025-07-01,2025-07-31,20260209_085540,20260209_085540-0193,2025-07-31 01:08:13.355000,2025-07-31 01:58:06.664000,売り,149.09900,148.94900,1.00,15.00,16813.20,水平線手前,利確,支持抵抗,0,149.09900
2025-07-01,2025-07-31,20260209_085540,20260209_085540-0194,2025-07-31 03:58:17.650000,2025-07-31 04:03:05.150000,売り,149.32100,149.37100,1.00,-5.00,16808.20,水平線手前,損切,支持抵抗,0,149.32100
2025-07-01,2025-07-31,20260209_085540,20260209_085540-0195,2025-07-31 04:27:33.632000,2025-07-31 05:19:40.421000,売り,149.40900,149.45900,1.00,-5.00,16803.20,水平線手前,損切,支持抵抗,0,149.40900
2025-07-01,2025-07-31,20260209_085540,20260209_085540-0196,2025-07-31 16:43:16.704000,2025-07-31 16:43:25.743000,売り,149.50400,149.55400,1.00,-5.00,16798.20,水平線手前,損切,支持抵抗,0,149.50400
2025-07-01,2025-07-31,20260209_085540,20260209_085540-0197,2025-07-31 16:43:14.689000,2025-07-31 16:43:26.103000,売り,149.51200,149.56200,1.00,-5.00,16793.20,水平線手前,損切,支持抵抗,0,149.51200
2025-07-01,2025-07-31,20260209_085540,20260209_085540-0198,2025-07-31 16:46:43.732000,2025-07-31 16:52:13.706000,売り,149.69200,149.54200,1.00,15.00,16808.20,水平線手前,利確,支持抵抗,0,149.69200
2025-07-01,2025-07-31,20260209_085540,20260209_085540-0199,2025-07-31 17:50:25.181000,2025-07-31 18:02:49.839000,売り,149.69200,149.74200,1.00,-5.00,16803.20,水平線手前,損切,支持抵抗,0,149.69200
2025-07-01,2025-07-31,20260209_085540,20260209_085540-0200,2025-07-31 18:55:51.404000,2025-07-31 19:30:35.737000,売り,149.92800,149.97800,1.00,-5.00,16798.20,水平線手前,損切,支持抵抗,0,149.92800
2025-07-01,2025-07-31,20260209_085540,20260209_085540-0201,2025-07-31 19:55:28.445000,2025-07-31 20:11:42.078000,売り,150.03000,149.88000,1.00,15.00,16813.20,水平線手前,利確,支持抵抗,0,150.03000
2025-07-01,2025-07-31,20260209_085540,20260209_085540-0202,2025-07-31 20:24:33.652000,2025-07-31 20:30:16.235000,売り,150.07000,149.92000,1.00,15.00,16828.20,水平線手前,利確,支持抵抗,0,150.07000
2025-07-01,2025-07-31,20260209_085540,20260209_085540-0203,2025-07-31 21:48:21.627000,2025-07-31 22:08:03.821000,売り,150.22600,150.27600,1.00,-5.00,16823.20,水平線手前,損切,支持抵抗,0,150.22600
2025-07-01,2025-07-31,20260209_085540,20260209_085540-0204,2025-07-31 22:56:00.293000,2025-07-31 23:02:51.727000,売り,150.55400,150.60400,1.00,-5.00,16818.20,水平線手前,損切,支持抵抗,0,150.55400
2025-07-01,2025-07-31,20260209_085540,20260209_085540-0205,2025-07-31 23:02:54.885000,2025-07-31 23:14:25.396000,売り,150.60200,150.45200,1.00,15.00,16833.20,水平線手前,利確,支持抵抗,0,150.60200
2025-08-01,2025-08-31,20260209_085631,20260209_085631-0001,2025-08-01 03:30:28.072000,2025-08-01 05:00:01.076000,売り,150.75800,150.80800,1.00,-5.00,16828.20,水平線手前,損切,支持抵抗,0,150.75800
2025-08-01,2025-08-31,20260209_085631,20260209_085631-0002,2025-08-01 04:00:24.839000,2025-08-01 05:00:09.368000,売り,150.76800,150.81800,1.00,-5.00,16823.20,水平線手前,損切,支持抵抗,0,150.76800
2025-08-01,2025-08-31,20260209_085631,20260209_085631-0003,2025-08-01 11:00:26.188000,2025-08-01 11:30:05.187000,売り,150.88800,150.73800,1.00,15.00,16838.20,水平線手前,利確,支持抵抗,0,150.88800
2025-08-01,2025-08-31,20260209_085631,20260209_085631-0004,2025-08-01 12:48:25.682000,2025-08-01 14:28:53.649000,買い,150.59600,150.54600,1.00,-5.00,16833.20,水平線手前,損切,支持抵抗,0,150.59600
2025-08-01,2025-08-31,20260209_085631,20260209_085631-0005,2025-08-01 12:48:33.385000,2025-08-01 14:28:53.649000,買い,150.58900,150.53900,1.00,-5.00,16828.20,水平線手前,損切,支持抵抗,0,150.58900
2025-08-01,2025-08-31,20260209_085631,20260209_085631-0006,2025-08-01 13:00:00.327000,2025-08-01 14:28:53.752000,買い,150.58800,150.53800,1.00,-5.00,16823.20,水平線手前,損切,支持抵抗,0,150.58800
2025-08-01,2025-08-31,20260209_085631,20260209_085631-0007,2025-08-01 14:51:20.552000,2025-08-01 15:44:40.674000,買い,150.45400,150.60400,1.00,15.00,16838.20,水平線手前,利確,支持抵抗,0,150.45400
2025-08-01,2025-08-31,20260209_085631,20260209_085631-0008,2025-08-01 19:33:12.783000,2025-08-01 19:33:50.728000,買い,150.38800,150.33800,1.00,-5.00,16833.20,水平線手前,損切,支持抵抗,0,150.38800
2025-08-01,2025-08-31,20260209_085631,20260209_085631-0009,2025-08-01 19:33:49.196000,2025-08-01 20:13:02.091000,買い,150.35900,150.30900,1.00,-5.00,16828.20,水平線手前,損切,支持抵抗,0,150.35900
2025-08-01,2025-08-31,20260209_085631,20260209_085631-0010,2025-08-01 20:13:01.170000,2025-08-01 20:52:04.403000,買い,150.32100,150.47100,1.00,15.00,16843.20,水平線手前,利確,支持抵抗,0,150.32100
2025-08-01,2025-08-31,20260209_085631,20260209_085631-0011,2025-08-01 21:55:32.495000,2025-08-01 21:56:55.280000,買い,148.59000,148.74000,1.00,15.00,16858.20,水平線手前,利確,支持抵抗,0,148.59000
2025-08-01,2025-08-31,20260209_085631,20260209_085631-0012,2025-08-01 22:35:22.252000,2025-08-01 22:37:46.297000,買い,148.02300,148.17300,1.00,15.00,16873.20,水平線手前,利確,支持抵抗,0,148.02300
2025-08-01,2025-08-31,20260209_085631,20260209_085631-0013,2025-08-01 23:00:42.220000,2025-08-01 23:01:02.999000,買い,147.51700,147.66700,1.00,15.00,16888.20,水平線手前,利確,支持抵抗,0,147.51700
2025-08-01,2025-08-31,20260209_085631,20260209_085631-0014,2025-08-02 04:39:46.858000,2025-08-02 05:30:40.455000,買い,147.36200,147.31200,1.00,-5.00,16883.20,水平線手前,損切,支持抵抗,0,147.36200
2025-08-01,2025-08-31,20260209_085631,20260209_085631-0015,2025-08-04 13:09:53.191000,2025-08-04 13:21:15.658000,買い,147.62600,147.57600,1.00,-5.00,16878.20,水平線手前,損切,支持抵抗,0,147.62600
2025-08-01,2025-08-31,20260209_085631,20260209_085631-0016,2025-08-04 13:21:00.663000,2025-08-04 14:17:57.876000,買い,147.59400,147.74400,1.00,15.00,16893.20,水平線手前,利確,支持抵抗,0,147.59400
2025-08-01,2025-08-31,20260209_085631,20260209_085631-0017,2025-08-04 15:45:52.100000,2025-08-04 16:04:27.709000,買い,147.56900,147.71900,1.00,15.00,16908.20,水平線手前,利確,支持抵抗,0,147.56900
2025-08-01,2025-08-31,20260209_085631,20260209_085631-0018,2025-08-04 16:05:44.164000,2025-08-04 16:30:03.080000,売り,147.87900,147.92900,1.00,-5.00,16903.20,水平線手前,損切,支持抵抗,0,147.87900
2025-08-01,2025-08-31,20260209_085631,20260209_085631-0019,2025-08-04 16:32:51.306000,2025-08-04 16:55:56.191000,売り,148.01400,147.86400,1.00,15.00,16918.20,水平線手前,利確,支持抵抗,0,148.01400
2025-08-01,2025-08-31,20260209_085631,20260209_085631-0020,2025-08-04 17:26:53.674000,2025-08-04 17:54:54.067000,売り,148.05900,147.90900,1.00,15.00,16933.20,水平線手前,利確,支持抵抗,0,148.05900
2025-08-01,2025-08-31,20260209_085631,20260209_085631-0021,2025-08-04 20:55:05.278000,2025-08-04 21:00:00.877000,買い,147.38000,147.33000,1.00,-5.00,16928.20,水平線手前,損切,支持抵抗,0,147.38000
2025-08-01,2025-08-31,20260209_085631,20260209_085631-0022,2025-08-04 21:30:24.998000,2025-08-04 21:38:37.080000,買い,147.15400,147.10400,1.00,-5.00,16923.20,水平線手前,損切,支持抵抗,0,147.15400
2025-08-01,2025-08-31,20260209_085631,20260209_085631-0023,2025-08-04 21:45:14.101000,2025-08-04 21:47:10.109000,買い,147.08900,147.03900,1.00,-5.00,16918.20,水平線手前,損切,支持抵抗,0,147.08900
2025-08-01,2025-08-31,20260209_085631,20260209_085631-0024,2025-08-04 21:47:20.583000,2025-08-04 21:56:24.299000,買い,147.04400,147.19400,1.00,15.00,16933.20,水平線手前,利確,支持抵抗,0,147.04400
2025-08-01,2025-08-31,20260209_085631,20260209_085631-0025,2025-08-04 22:10:03.075000,2025-08-04 22:20:26.813000,買い,146.99300,147.14300,1.00,15.00,16948.20,水平線手前,利確,支持抵抗,0,146.99300
2025-08-01,2025-08-31,20260209_085631,20260209_085631-0026,2025-08-04 23:27:10.305000,2025-08-04 23:35:25.125000,買い,146.90400,147.05400,1.00,15.00,16963.20,水平線手前,利確,支持抵抗,0,146.90400
2025-08-01,2025-08-31,20260209_085631,20260209_085631-0027,2025-08-05 16:47:24.037000,2025-08-05 16:47:34.242000,売り,147.40800,147.45800,1.00,-5.00,16958.20,水平線手前,損切,支持抵抗,0,147.40800
2025-08-01,2025-08-31,20260209_085631,20260209_085631-0028,2025-08-05 16:47:37.076000,2025-08-05 17:36:57.434000,売り,147.45700,147.50700,1.00,-5.00,16953.20,水平線手前,損切,支持抵抗,0,147.45700
2025-08-01,2025-08-31,20260209_085631,20260209_085631-0029,2025-08-05 17:45:28.666000,2025-08-05 19:00:30.413000,売り,147.60400,147.65400,1.00,-5.00,16948.20,水平線手前,損切,支持抵抗,0,147.60400
2025-08-01,2025-08-31,20260209_085631,20260209_085631-0030,2025-08-05 18:43:58.582000,2025-08-05 19:00:30.413000,売り,147.60900,147.65900,1.00,-5.00,16943.20,水平線手前,損切,支持抵抗,0,147.60900
2025-08-01,2025-08-31,20260209_085631,20260209_085631-0031,2025-08-05 19:11:45.312000,2025-08-05 19:58:00.889000,売り,147.74700,147.59700,1.00,15.00,16958.20,水平線手前,利確,支持抵抗,0,147.74700
2025-08-01,2025-08-31,20260209_085631,20260209_085631-0032,2025-08-05 22:23:27.128000,2025-08-05 22:50:07.059000,買い,147.54500,147.69500,1.00,15.00,16973.20,水平線手前,利確,支持抵抗,0,147.54500
2025-08-01,2025-08-31,20260209_085631,20260209_085631-0033,2025-08-05 22:53:47.570000,2025-08-05 23:00:00.339000,売り,147.80700,147.65700,1.00,15.00,16988.20,水平線手前,利確,支持抵抗,0,147.80700
2025-08-01,2025-08-31,20260209_085631,20260209_085631-0034,2025-08-05 23:00:27.960000,2025-08-05 23:00:52.090000,買い,147.39400,147.54400,1.00,15.00,17003.20,水平線手前,利確,支持抵抗,0,147.39400
2025-08-01,2025-08-31,20260209_085631,20260209_085631-0035,2025-08-06 00:12:42.108000,2025-08-06 00:32:49.347000,買い,147.34200,147.49200,1.00,15.00,17018.20,水平線手前,利確,支持抵抗,0,147.34200
2025-08-01,2025-08-31,20260209_085631,20260209_085631-0036,2025-08-06 11:00:09.692000,2025-08-06 11:00:59.067000,売り,147.70100,147.75100,1.00,-5.00,17013.20,水平線手前,損切,支持抵抗,0,147.70100
2025-08-01,2025-08-31,20260209_085631,20260209_085631-0037,2025-08-06 11:00:18.047000,2025-08-06 11:21:12.240000,売り,147.71900,147.56900,1.00,15.00,17028.20,水平線手前,利確,支持抵抗,0,147.71900
2025-08-01,2025-08-31,20260209_085631,20260209_085631-0038,2025-08-06 17:34:04.911000,2025-08-06 18:01:34.866000,売り,147.80700,147.85700,1.00,-5.00,17023.20,水平線手前,損切,支持抵抗,0,147.80700
2025-08-01,2025-08-31,20260209_085631,20260209_085631-0039,2025-08-06 17:34:05.085000,2025-08-06 18:01:36.311000,売り,147.81300,147.86300,1.00,-5.00,17018.20,水平線手前,損切,支持抵抗,0,147.81300
2025-08-01,2025-08-31,20260209_085631,20260209_085631-0040,2025-08-06 18:01:36.669000,2025-08-06 19:16:45.846000,売り,147.85500,147.70500,1.00,15.00,17033.20,水平線手前,利確,支持抵抗,0,147.85500
2025-08-01,2025-08-31,20260209_085631,20260209_085631-0041,2025-08-06 22:20:34.930000,2025-08-06 22:51:09.882000,買い,147.34400,147.29400,1.00,-5.00,17028.20,水平線手前,損切,支持抵抗,0,147.34400
2025-08-01,2025-08-31,20260209_085631,20260209_085631-0042,2025-08-06 22:51:11.020000,2025-08-06 23:52:34.911000,買い,147.27800,147.42800,1.00,15.00,17043.20,水平線手前,利確,支持抵抗,0,147.27800
2025-08-01,2025-08-31,20260209_085631,20260209_085631-0043,2025-08-07 00:13:04.457000,2025-08-07 00:32:15.760000,買い,147.25000,147.40000,1.00,15.00,17058.20,水平線手前,利確,支持抵抗,0,147.25000
2025-08-01,2025-08-31,20260209_085631,20260209_085631-0044,2025-08-07 00:40:31.155000,2025-08-07 00:42:51.912000,売り,147.63100,147.48100,1.00,15.00,17073.20,水平線手前,利確,支持抵抗,0,147.63100
2025-08-01,2025-08-31,20260209_085631,20260209_085631-0045,2025-08-07 03:36:08.648000,2025-08-07 04:46:09.804000,買い,147.01300,147.16300,1.00,15.00,17088.20,水平線手前,利確,支持抵抗,0,147.01300
2025-08-01,2025-08-31,20260209_085631,20260209_085631-0046,2025-08-07 12:16:29.021000,2025-08-07 12:18:26.083000,売り,147.65500,147.70500,1.00,-5.00,17083.20,水平線手前,損切,支持抵抗,0,147.65500
2025-08-01,2025-08-31,20260209_085631,20260209_085631-0047,2025-08-07 12:16:27.747000,2025-08-07 12:18:32.715000,売り,147.65700,147.70700,1.00,-5.00,17078.20,水平線手前,損切,支持抵抗,0,147.65700
2025-08-01,2025-08-31,20260209_085631,20260209_085631-0048,2025-08-07 12:16:47.476000,2025-08-07 12:46:17.129000,売り,147.68100,147.53100,1.00,15.00,17093.20,水平線手前,利確,支持抵抗,0,147.68100
2025-08-01,2025-08-31,20260209_085631,20260209_085631-0049,2025-08-07 15:40:08.401000,2025-08-07 15:45:02.391000,買い,147.01000,146.96000,1.00,-5.00,17088.20,水平線手前,損切,支持抵抗,0,147.01000
2025-08-01,2025-08-31,20260209_085631,20260209_085631-0050,2025-08-07 15:53:30.579000,2025-08-07 16:30:32.729000,買い,146.83800,146.78800,1.00,-5.00,17083.20,水平線手前,損切,支持抵抗,0,146.83800
2025-08-01,2025-08-31,20260209_085631,20260209_085631-0051,2025-08-07 16:48:08.634000,2025-08-07 17:02:15.884000,買い,146.73000,146.88000,1.00,15.00,17098.20,水平線手前,利確,支持抵抗,0,146.73000
2025-08-01,2025-08-31,20260209_085631,20260209_085631-0052,2025-08-07 20:39:45.885000,2025-08-07 20:57:15.256000,売り,147.46300,147.31300,1.00,15.00,17113.20,水平線手前,利確,支持抵抗,0,147.46300
2025-08-01,2025-08-31,20260209_085631,20260209_085631-0053,2025-08-07 21:33:56.308000,2025-08-07 21:41:00.353000,買い,147.05800,147.20800,1.00,15.00,17128.20,水平線手前,利確,支持抵抗,0,147.05800
2025-08-01,2025-08-31,20260209_085631,20260209_085631-0054,2025-08-07 23:23:02.056000,2025-08-08 00:01:30.105000,売り,147.51400,147.56400,1.00,-5.00,17123.20,水平線手前,損切,支持抵抗,0,147.51400
2025-08-01,2025-08-31,20260209_085631,20260209_085631-0055,2025-08-08 00:01:10.538000,2025-08-08 00:28:10.898000,売り,147.55400,147.40400,1.00,15.00,17138.20,水平線手前,利確,支持抵抗,0,147.55400
2025-08-01,2025-08-31,20260209_085631,20260209_085631-0056,2025-08-08 04:46:36.891000,2025-08-08 04:50:08.198000,買い,146.98200,147.13200,1.00,15.00,17153.20,水平線手前,利確,支持抵抗,0,146.98200
2025-08-01,2025-08-31,20260209_085631,20260209_085631-0057,2025-08-08 17:48:23.857000,2025-08-08 17:49:56.153000,売り,147.55600,147.60600,1.00,-5.00,17148.20,水平線手前,損切,支持抵抗,0,147.55600
2025-08-01,2025-08-31,20260209_085631,20260209_085631-0058,2025-08-08 17:57:41.727000,2025-08-08 18:30:04.050000,売り,147.66600,147.71600,1.00,-5.00,17143.20,水平線手前,損切,支持抵抗,0,147.66600
2025-08-01,2025-08-31,20260209_085631,20260209_085631-0059,2025-08-08 18:29:21.060000,2025-08-08 19:23:24.512000,売り,147.69800,147.74800,1.00,-5.00,17138.20,水平線手前,損切,支持抵抗,0,147.69800
2025-08-01,2025-08-31,20260209_085631,20260209_085631-0060,2025-08-08 19:40:56.955000,2025-08-08 20:24:02.444000,売り,147.80700,147.85700,1.00,-5.00,17133.20,水平線手前,損切,支持抵抗,0,147.80700
2025-08-01,2025-08-31,20260209_085631,20260209_085631-0061,2025-08-08 20:09:29.882000,2025-08-08 21:16:10.246000,売り,147.82400,147.87400,1.00,-5.00,17128.20,水平線手前,損切,支持抵抗,0,147.82400
2025-08-01,2025-08-31,20260209_085631,20260209_085631-0062,2025-08-08 21:16:10.194000,2025-08-08 21:30:36.887000,売り,147.86400,147.71400,1.00,15.00,17143.20,水平線手前,利確,支持抵抗,0,147.86400
2025-08-01,2025-08-31,20260209_085631,20260209_085631-0063,2025-08-08 22:53:34.737000,2025-08-08 23:09:32.458000,売り,147.86900,147.71900,1.00,15.00,17158.20,水平線手前,利確,支持抵抗,0,147.86900
2025-08-01,2025-08-31,20260209_085631,20260209_085631-0064,2025-08-11 17:00:03.396000,2025-08-11 17:55:45.000000,買い,147.38700,147.53700,1.00,15.00,17173.20,水平線手前,利確,支持抵抗,0,147.38700
2025-08-01,2025-08-31,20260209_085631,20260209_085631-0065,2025-08-11 16:44:25.753000,2025-08-11 17:58:34.292000,買い,147.39500,147.54500,1.00,15.00,17188.20,水平線手前,利確,支持抵抗,0,147.39500
2025-08-01,2025-08-31,20260209_085631,20260209_085631-0066,2025-08-11 20:24:11.241000,2025-08-11 20:47:59.293000,売り,147.87100,147.92100,1.00,-5.00,17183.20,水平線手前,損切,支持抵抗,0,147.87100
2025-08-01,2025-08-31,20260209_085631,20260209_085631-0067,2025-08-11 20:24:42.069000,2025-08-11 20:47:59.293000,売り,147.87100,147.92100,1.00,-5.00,17178.20,水平線手前,損切,支持抵抗,0,147.87100
2025-08-01,2025-08-31,20260209_085631,20260209_085631-0068,2025-08-11 20:48:00.829000,2025-08-11 23:03:28.036000,売り,147.91500,147.96500,1.00,-5.00,17173.20,水平線手前,損切,支持抵抗,0,147.91500
2025-08-01,2025-08-31,20260209_085631,20260209_085631-0069,2025-08-11 21:02:06.536000,2025-08-11 23:03:28.294000,売り,147.92000,147.97000,1.00,-5.00,17168.20,水平線手前,損切,支持抵抗,0,147.92000
2025-08-01,2025-08-31,20260209_085631,20260209_085631-0070,2025-08-11 23:04:44.889000,2025-08-12 00:06:06.330000,売り,148.04000,148.09000,1.00,-5.00,17163.20,水平線手前,損切,支持抵抗,0,148.04000
2025-08-01,2025-08-31,20260209_085631,20260209_085631-0071,2025-08-12 00:06:06.841000,2025-08-12 01:17:39.429000,売り,148.08200,147.93200,1.00,15.00,17178.20,水平線手前,利確,支持抵抗,0,148.08200
2025-08-01,2025-08-31,20260209_085631,20260209_085631-0072,2025-08-12 03:52:28.137000,2025-08-12 04:25:41.236000,売り,148.13600,148.18600,1.00,-5.00,17173.20,水平線手前,損切,支持抵抗,0,148.13600
2025-08-01,2025-08-31,20260209_085631,20260209_085631-0073,2025-08-12 04:47:19.773000,2025-08-12 06:04:02.263000,売り,148.21000,148.06000,1.00,15.00,17188.20,水平線手前,利確,支持抵抗,0,148.21000
2025-08-01,2025-08-31,20260209_085631,20260209_085631-0074,2025-08-12 12:32:37.764000,2025-08-12 12:55:26.437000,売り,148.40100,148.45100,1.00,-5.00,17183.20,水平線手前,損切,支持抵抗,0,148.40100
2025-08-01,2025-08-31,20260209_085631,20260209_085631-0075,2025-08-12 13:00:34.111000,2025-08-12 14:34:20.604000,売り,148.41400,148.26400,1.00,15.00,17198.20,水平線手前,利確,支持抵抗,0,148.41400
2025-08-01,2025-08-31,20260209_085631,20260209_085631-0076,2025-08-12 12:39:45.983000,2025-08-12 14:34:22.443000,売り,148.41300,148.26300,1.00,15.00,17213.20,水平線手前,利確,支持抵抗,0,148.41300
2025-08-01,2025-08-31,20260209_085631,20260209_085631-0077,2025-08-12 17:36:54.602000,2025-08-12 17:38:10.167000,売り,148.41500,148.46500,1.00,-5.00,17208.20,水平線手前,損切,支持抵抗,0,148.41500
2025-08-01,2025-08-31,20260209_085631,20260209_085631-0078,2025-08-12 17:37:34.571000,2025-08-12 18:56:00.378000,売り,148.43600,148.48600,1.00,-5.00,17203.20,水平線手前,損切,支持抵抗,0,148.43600
2025-08-01,2025-08-31,20260209_085631,20260209_085631-0079,2025-08-12 18:09:23.838000,2025-08-12 20:37:25.666000,売り,148.45200,148.50200,1.00,-5.00,17198.20,水平線手前,損切,支持抵抗,0,148.45200
2025-08-01,2025-08-31,20260209_085631,20260209_085631-0080,2025-08-12 21:30:09.652000,2025-08-12 21:30:20.831000,買い,147.89900,148.04900,1.00,15.00,17213.20,水平線手前,利確,支持抵抗,0,147.89900
2025-08-01,2025-08-31,20260209_085631,20260209_085631-0081,2025-08-12 21:30:12.300000,2025-08-12 21:30:20.831000,買い,147.89400,148.04400,1.00,15.00,17228.20,水平線手前,利確,支持抵抗,0,147.89400
2025-08-01,2025-08-31,20260209_085631,20260209_085631-0082,2025-08-13 00:44:07.558000,2025-08-13 00:56:52.111000,買い,147.61400,147.76400,1.00,15.00,17243.20,水平線手前,利確,支持抵抗,0,147.61400
2025-08-01,2025-08-31,20260209_085631,20260209_085631-0083,2025-08-13 16:30:56.748000,2025-08-13 17:19:45.050000,買い,147.43900,147.38900,1.00,-5.00,17238.20,水平線手前,損切,支持抵抗,0,147.43900
2025-08-01,2025-08-31,20260209_085631,20260209_085631-0084,2025-08-13 17:49:49.561000,2025-08-13 18:06:01.518000,買い,147.23700,147.18700,1.00,-5.00,17233.20,水平線手前,損切,支持抵抗,0,147.23700
2025-08-01,2025-08-31,20260209_085631,20260209_085631-0085,2025-08-13 18:03:44.669000,2025-08-13 19:46:26.643000,買い,147.21700,147.36700,1.00,15.00,17248.20,水平線手前,利確,支持抵抗,0,147.21700
2025-08-01,2025-08-31,20260209_085631,20260209_085631-0086,2025-08-13 21:05:08.979000,2025-08-13 21:32:47.252000,買い,147.19700,147.34700,1.00,15.00,17263.20,水平線手前,利確,支持抵抗,0,147.19700
2025-08-01,2025-08-31,20260209_085631,20260209_085631-0087,2025-08-13 23:09:15.716000,2025-08-14 00:08:06.319000,買い,147.13800,147.08800,1.00,-5.00,17258.20,水平線手前,損切,支持抵抗,0,147.13800
2025-08-01,2025-08-31,20260209_085631,20260209_085631-0088,2025-08-14 00:06:43.220000,2025-08-14 00:48:04.314000,買い,147.12600,147.27600,1.00,15.00,17273.20,水平線手前,利確,支持抵抗,0,147.12600
2025-08-01,2025-08-31,20260209_085631,20260209_085631-0089,2025-08-14 13:22:30.172000,2025-08-14 13:24:23.160000,買い,146.41200,146.36200,1.00,-5.00,17268.20,水平線手前,損切,支持抵抗,0,146.41200
2025-08-01,2025-08-31,20260209_085631,20260209_085631-0090,2025-08-14 13:23:21.821000,2025-08-14 14:28:26.797000,買い,146.37600,146.52600,1.00,15.00,17283.20,水平線手前,利確,支持抵抗,0,146.37600
2025-08-01,2025-08-31,20260209_085631,20260209_085631-0091,2025-08-14 15:12:27.933000,2025-08-14 15:41:37.939000,買い,146.25300,146.40300,1.00,15.00,17298.20,水平線手前,利確,支持抵抗,0,146.25300
2025-08-01,2025-08-31,20260209_085631,20260209_085631-0092,2025-08-14 21:30:02.152000,2025-08-14 21:30:03.333000,売り,146.74200,146.79200,1.00,-5.00,17293.20,水平線手前,損切,支持抵抗,0,146.74200
2025-08-01,2025-08-31,20260209_085631,20260209_085631-0093,2025-08-14 21:30:33.750000,2025-08-14 21:31:16.447000,売り,147.07300,146.92300,1.00,15.00,17308.20,水平線手前,利確,支持抵抗,0,147.07300
2025-08-01,2025-08-31,20260209_085631,20260209_085631-0094,2025-08-14 22:46:56.957000,2025-08-14 23:00:40.752000,売り,147.39000,147.44000,1.00,-5.00,17303.20,水平線手前,損切,支持抵抗,0,147.39000
2025-08-01,2025-08-31,20260209_085631,20260209_085631-0095,2025-08-14 23:05:33.846000,2025-08-14 23:30:34.557000,売り,147.52800,147.37800,1.00,15.00,17318.20,水平線手前,利確,支持抵抗,0,147.52800
2025-08-01,2025-08-31,20260209_085631,20260209_085631-0096,2025-08-15 00:18:34.764000,2025-08-15 01:12:06.161000,売り,147.76400,147.81400,1.00,-5.00,17313.20,水平線手前,損切,支持抵抗,0,147.76400
2025-08-01,2025-08-31,20260209_085631,20260209_085631-0097,2025-08-15 00:18:40.058000,2025-08-15 01:13:27.057000,売り,147.77300,147.82300,1.00,-5.00,17308.20,水平線手前,損切,支持抵抗,0,147.77300
2025-08-01,2025-08-31,20260209_085631,20260209_085631-0098,2025-08-15 01:17:06.341000,2025-08-15 03:04:45.046000,売り,147.87400,147.92400,1.00,-5.00,17303.20,水平線手前,損切,支持抵抗,0,147.87400
2025-08-01,2025-08-31,20260209_085631,20260209_085631-0099,2025-08-15 02:37:07.294000,2025-08-15 03:04:54.448000,売り,147.88300,147.93300,1.00,-5.00,17298.20,水平線手前,損切,支持抵抗,0,147.88300
2025-08-01,2025-08-31,20260209_085631,20260209_085631-0100,2025-08-15 03:06:05.061000,2025-08-15 04:39:42.400000,売り,147.93200,147.78200,1.00,15.00,17313.20,水平線手前,利確,支持抵抗,0,147.93200
2025-08-01,2025-08-31,20260209_085631,20260209_085631-0101,2025-08-15 18:17:16.468000,2025-08-15 19:46:38.913000,買い,146.79500,146.94500,1.00,15.00,17328.20,水平線手前,利確,支持抵抗,0,146.79500
2025-08-01,2025-08-31,20260209_085631,20260209_085631-0102,2025-08-15 21:31:15.118000,2025-08-15 21:36:47.080000,売り,147.24500,147.09500,1.00,15.00,17343.20,水平線手前,利確,支持抵抗,0,147.24500
2025-08-01,2025-08-31,20260209_085631,20260209_085631-0103,2025-08-15 21:41:11.838000,2025-08-15 21:48:06.025000,買い,146.77500,146.92500,1.00,15.00,17358.20,水平線手前,利確,支持抵抗,0,146.77500
2025-08-01,2025-08-31,20260209_085631,20260209_085631-0104,2025-08-16 01:08:39.665000,2025-08-16 01:29:09.412000,売り,147.06900,147.11900,1.00,-5.00,17353.20,水平線手前,損切,支持抵抗,0,147.06900
2025-08-01,2025-08-31,20260209_085631,20260209_085631-0105,2025-08-16 01:56:04.114000,2025-08-16 02:26:35.825000,売り,147.23200,147.28200,1.00,-5.00,17348.20,水平線手前,損切,支持抵抗,0,147.23200
2025-08-01,2025-08-31,20260209_085631,20260209_085631-0106,2025-08-16 02:31:36.690000,2025-08-16 05:58:28.580000,売り,147.30100,147.15100,1.00,15.00,17363.20,水平線手前,利確,支持抵抗,0,147.30100
2025-08-01,2025-08-31,20260209_085631,20260209_085631-0107,2025-08-18 16:13:44.362000,2025-08-18 16:51:03.100000,買い,147.15700,147.30700,1.00,15.00,17378.20,水平線手前,利確,支持抵抗,0,147.15700
2025-08-01,2025-08-31,20260209_085631,20260209_085631-0108,2025-08-18 20:56:04.019000,2025-08-18 21:10:12.673000,売り,147.55800,147.60800,1.00,-5.00,17373.20,水平線手前,損切,支持抵抗,0,147.55800
2025-08-01,2025-08-31,20260209_085631,20260209_085631-0109,2025-08-18 21:36:36.924000,2025-08-18 22:13:02.023000,売り,147.76600,147.81600,1.00,-5.00,17368.20,水平線手前,損切,支持抵抗,0,147.76600
2025-08-01,2025-08-31,20260209_085631,20260209_085631-0110,2025-08-18 22:14:32.932000,2025-08-18 22:22:35.544000,売り,147.83900,147.88900,1.00,-5.00,17363.20,水平線手前,損切,支持抵抗,0,147.83900
2025-08-01,2025-08-31,20260209_085631,20260209_085631-0111,2025-08-18 22:22:44.996000,2025-08-18 23:06:52.630000,売り,147.89000,147.74000,1.00,15.00,17378.20,水平線手前,利確,支持抵抗,0,147.89000
2025-08-01,2025-08-31,20260209_085631,20260209_085631-0112,2025-08-19 00:00:55.016000,2025-08-19 00:43:50.891000,売り,147.95400,147.80400,1.00,15.00,17393.20,水平線手前,利確,支持抵抗,0,147.95400
2025-08-01,2025-08-31,20260209_085631,20260209_085631-0113,2025-08-18 23:48:11.065000,2025-08-19 00:44:08.399000,売り,147.94900,147.79900,1.00,15.00,17408.20,水平線手前,利確,支持抵抗,0,147.94900
2025-08-01,2025-08-31,20260209_085631,20260209_085631-0114,2025-08-19 01:31:01.096000,2025-08-19 02:12:54.478000,買い,147.72700,147.67700,1.00,-5.00,17403.20,水平線手前,損切,支持抵抗,0,147.72700
2025-08-01,2025-08-31,20260209_085631,20260209_085631-0115,2025-08-19 01:36:12.660000,2025-08-19 02:13:15.245000,買い,147.71700,147.66700,1.00,-5.00,17398.20,水平線手前,損切,支持抵抗,0,147.71700
2025-08-01,2025-08-31,20260209_085631,20260209_085631-0116,2025-08-19 02:12:27.901000,2025-08-19 03:43:50.731000,買い,147.69700,147.84700,1.00,15.00,17413.20,水平線手前,利確,支持抵抗,0,147.69700
2025-08-01,2025-08-31,20260209_085631,20260209_085631-0117,2025-08-19 14:41:15.546000,2025-08-19 15:03:38.359000,買い,147.66200,147.61200,1.00,-5.00,17408.20,水平線手前,損切,支持抵抗,0,147.66200
2025-08-01,2025-08-31,20260209_085631,20260209_085631-0118,2025-08-19 14:42:49.425000,2025-08-19 15:03:38.566000,買い,147.65200,147.60200,1.00,-5.00,17403.20,水平線手前,損切,支持抵抗,0,147.65200
2025-08-01,2025-08-31,20260209_085631,20260209_085631-0119,2025-08-19 15:03:38.566000,2025-08-19 16:02:41.409000,買い,147.60900,147.55900,1.00,-5.00,17398.20,水平線手前,損切,支持抵抗,0,147.60900
2025-08-01,2025-08-31,20260209_085631,20260209_085631-0120,2025-08-19 16:02:41.409000,2025-08-19 17:00:16.798000,買い,147.56700,147.71700,1.00,15.00,17413.20,水平線手前,利確,支持抵抗,0,147.56700
2025-08-01,2025-08-31,20260209_085631,20260209_085631-0121,2025-08-19 22:12:20.072000,2025-08-19 22:40:06.047000,売り,147.87500,147.72500,1.00,15.00,17428.20,水平線手前,利確,支持抵抗,0,147.87500
2025-08-01,2025-08-31,20260209_085631,20260209_085631-0122,2025-08-19 23:07:45.734000,2025-08-19 23:32:15.460000,買い,147.57100,147.72100,1.00,15.00,17443.20,水平線手前,利確,支持抵抗,0,147.57100
2025-08-01,2025-08-31,20260209_085631,20260209_085631-0123,2025-08-19 23:04:28.454000,2025-08-19 23:32:24.986000,買い,147.59100,147.74100,1.00,15.00,17458.20,水平線手前,利確,支持抵抗,0,147.59100
2025-08-01,2025-08-31,20260209_085631,20260209_085631-0124,2025-08-20 02:12:31.243000,2025-08-20 05:13:02.842000,買い,147.48600,147.63600,1.00,15.00,17473.20,水平線手前,利確,支持抵抗,0,147.48600
2025-08-01,2025-08-31,20260209_085631,20260209_085631-0125,2025-08-20 12:54:34.108000,2025-08-20 14:46:20.379000,買い,147.46300,147.41300,1.00,-5.00,17468.20,水平線手前,損切,支持抵抗,0,147.46300
2025-08-01,2025-08-31,20260209_085631,20260209_085631-0126,2025-08-20 14:45:29.341000,2025-08-20 15:07:04.298000,買い,147.44500,147.39500,1.00,-5.00,17463.20,水平線手前,損切,支持抵抗,0,147.44500
2025-08-01,2025-08-31,20260209_085631,20260209_085631-0127,2025-08-20 15:17:00.119000,2025-08-20 15:40:29.530000,買い,147.18000,147.33000,1.00,15.00,17478.20,水平線手前,利確,支持抵抗,0,147.18000
2025-08-01,2025-08-31,20260209_085631,20260209_085631-0128,2025-08-20 22:54:49.426000,2025-08-20 23:46:51.590000,買い,147.11900,147.06900,1.00,-5.00,17473.20,水平線手前,損切,支持抵抗,0,147.11900
2025-08-01,2025-08-31,20260209_085631,20260209_085631-0129,2025-08-20 23:51:59.940000,2025-08-21 00:16:52.672000,買い,146.90900,147.05900,1.00,15.00,17488.20,水平線手前,利確,支持抵抗,0,146.90900
2025-08-01,2025-08-31,20260209_085631,20260209_085631-0130,2025-08-21 18:37:11.218000,2025-08-21 19:09:29.128000,売り,147.66600,147.71600,1.00,-5.00,17483.20,水平線手前,損切,支持抵抗,0,147.66600
2025-08-01,2025-08-31,20260209_085631,20260209_085631-0131,2025-08-21 18:37:12.035000,2025-08-21 19:09:29.128000,売り,147.66600,147.71600,1.00,-5.00,17478.20,水平線手前,損切,支持抵抗,0,147.66600
2025-08-01,2025-08-31,20260209_085631,20260209_085631-0132,2025-08-21 19:15:54.696000,2025-08-21 19:33:34.141000,売り,147.78400,147.83400,1.00,-5.00,17473.20,水平線手前,損切,支持抵抗,0,147.78400
2025-08-01,2025-08-31,20260209_085631,20260209_085631-0133,2025-08-21 19:41:08.010000,2025-08-21 20:39:31.262000,売り,147.86000,147.91000,1.00,-5.00,17468.20,水平線手前,損切,支持抵抗,0,147.86000
2025-08-01,2025-08-31,20260209_085631,20260209_085631-0134,2025-08-21 20:39:31.315000,2025-08-21 21:30:00.229000,売り,147.90400,147.75400,1.00,15.00,17483.20,水平線手前,利確,支持抵抗,0,147.90400
2025-08-01,2025-08-31,20260209_085631,20260209_085631-0135,2025-08-21 22:30:27.997000,2025-08-21 22:45:00.257000,買い,147.62000,147.77000,1.00,15.00,17498.20,水平線手前,利確,支持抵抗,0,147.62000
2025-08-01,2025-08-31,20260209_085631,20260209_085631-0136,2025-08-21 22:45:28.713000,2025-08-21 23:07:41.912000,売り,147.90600,147.95600,1.00,-5.00,17493.20,水平線手前,損切,支持抵抗,0,147.90600
2025-08-01,2025-08-31,20260209_085631,20260209_085631-0137,2025-08-21 22:45:35.278000,2025-08-21 23:07:41.964000,売り,147.90900,147.95900,1.00,-5.00,17488.20,水平線手前,損切,支持抵抗,0,147.90900
2025-08-01,2025-08-31,20260209_085631,20260209_085631-0138,2025-08-21 23:23:44.480000,2025-08-21 23:37:11.039000,売り,148.08200,148.13200,1.00,-5.00,17483.20,水平線手前,損切,支持抵抗,0,148.08200
2025-08-01,2025-08-31,20260209_085631,20260209_085631-0139,2025-08-21 23:23:41.644000,2025-08-21 23:45:05.853000,売り,148.08700,148.13700,1.00,-5.00,17478.20,水平線手前,損切,支持抵抗,0,148.08700
2025-08-01,2025-08-31,20260209_085631,20260209_085631-0140,2025-08-21 23:45:05.853000,2025-08-22 00:01:42.881000,売り,148.13900,148.18900,1.00,-5.00,17473.20,水平線手前,損切,支持抵抗,0,148.13900
2025-08-01,2025-08-31,20260209_085631,20260209_085631-0141,2025-08-22 00:11:10.623000,2025-08-22 00:29:17.658000,売り,148.37000,148.22000,1.00,15.00,17488.20,水平線手前,利確,支持抵抗,0,148.37000
2025-08-01,2025-08-31,20260209_085631,20260209_085631-0142,2025-08-22 04:12:04.322000,2025-08-22 06:04:10.887000,売り,148.37500,148.22500,1.00,15.00,17503.20,水平線手前,利確,支持抵抗,0,148.37500
2025-08-01,2025-08-31,20260209_085631,20260209_085631-0143,2025-08-22 12:54:35.862000,2025-08-22 12:57:00.175000,売り,148.65800,148.70800,1.00,-5.00,17498.20,水平線手前,損切,支持抵抗,0,148.65800
2025-08-01,2025-08-31,20260209_085631,20260209_085631-0144,2025-08-22 12:55:06.639000,2025-08-22 13:30:52.783000,売り,148.68600,148.73600,1.00,-5.00,17493.20,水平線手前,損切,支持抵抗,0,148.68600
2025-08-01,2025-08-31,20260209_085631,20260209_085631-0145,2025-08-22 13:50:01.383000,2025-08-22 14:03:46.840000,売り,148.73200,148.78200,1.00,-5.00,17488.20,水平線手前,損切,支持抵抗,0,148.73200
2025-08-01,2025-08-31,20260209_085631,20260209_085631-0146,2025-08-22 14:00:06.717000,2025-08-22 15:12:56.372000,売り,148.74700,148.59700,1.00,15.00,17503.20,水平線手前,利確,支持抵抗,0,148.74700
2025-08-01,2025-08-31,20260209_085631,20260209_085631-0147,2025-08-22 23:00:01.812000,2025-08-22 23:00:01.915000,買い,148.44500,148.39500,1.00,-5.00,17498.20,水平線手前,損切,支持抵抗,0,148.44500
2025-08-01,2025-08-31,20260209_085631,20260209_085631-0148,2025-08-22 23:00:02.960000,2025-08-22 23:00:03.478000,買い,148.30700,148.25700,1.00,-5.00,17493.20,水平線手前,損切,支持抵抗,0,148.30700
2025-08-01,2025-08-31,20260209_085631,20260209_085631-0149,2025-08-22 23:18:02.353000,2025-08-22 23:18:26.843000,買い,147.04600,146.99600,1.00,-5.00,17488.20,水平線手前,損切,支持抵抗,0,147.04600
2025-08-01,2025-08-31,20260209_085631,20260209_085631-0150,2025-08-22 23:19:38.164000,2025-08-22 23:20:35.913000,買い,146.84400,146.99400,1.00,15.00,17503.20,水平線手前,利確,支持抵抗,0,146.84400
2025-08-01,2025-08-31,20260209_085631,20260209_085631-0151,2025-08-22 23:52:49.387000,2025-08-23 00:03:03.833000,買い,146.83300,146.78300,1.00,-5.00,17498.20,水平線手前,損切,支持抵抗,0,146.83300
2025-08-01,2025-08-31,20260209_085631,20260209_085631-0152,2025-08-23 00:03:22.029000,2025-08-23 00:04:18.555000,買い,146.77600,146.72600,1.00,-5.00,17493.20,水平線手前,損切,支持抵抗,0,146.77600
2025-08-01,2025-08-31,20260209_085631,20260209_085631-0153,2025-08-23 00:26:02.691000,2025-08-23 00:36:09.686000,買い,146.60700,146.75700,1.00,15.00,17508.20,水平線手前,利確,支持抵抗,0,146.60700
2025-08-01,2025-08-31,20260209_085631,20260209_085631-0154,2025-08-25 22:16:13.971000,2025-08-25 22:49:04.774000,売り,147.51500,147.36500,1.00,15.00,17523.20,水平線手前,利確,支持抵抗,0,147.51500
2025-08-01,2025-08-31,20260209_085631,20260209_085631-0155,2025-08-26 00:41:48.350000,2025-08-26 03:23:30.222000,売り,147.64000,147.69000,1.00,-5.00,17518.20,水平線手前,損切,支持抵抗,0,147.64000
2025-08-01,2025-08-31,20260209_085631,20260209_085631-0156,2025-08-26 03:38:03.532000,2025-08-26 04:05:00.702000,売り,147.79400,147.84400,1.00,-5.00,17513.20,水平線手前,損切,支持抵抗,0,147.79400
2025-08-01,2025-08-31,20260209_085631,20260209_085631-0157,2025-08-26 04:06:45.426000,2025-08-26 05:22:30.302000,売り,147.90700,147.75700,1.00,15.00,17528.20,水平線手前,利確,支持抵抗,0,147.90700
2025-08-01,2025-08-31,20260209_085631,20260209_085631-0158,2025-08-26 14:16:20.097000,2025-08-26 14:44:35.251000,売り,147.85500,147.70500,1.00,15.00,17543.20,水平線手前,利確,支持抵抗,0,147.85500
2025-08-01,2025-08-31,20260209_085631,20260209_085631-0159,2025-08-26 16:02:32.781000,2025-08-26 16:04:19.167000,売り,147.87800,147.72800,1.00,15.00,17558.20,水平線手前,利確,支持抵抗,0,147.87800
2025-08-01,2025-08-31,20260209_085631,20260209_085631-0160,2025-08-26 21:05:11.797000,2025-08-26 21:48:23.231000,買い,147.36400,147.51400,1.00,15.00,17573.20,水平線手前,利確,支持抵抗,0,147.36400
2025-08-01,2025-08-31,20260209_085631,20260209_085631-0161,2025-08-26 22:04:16.997000,2025-08-26 23:10:03.808000,売り,147.65500,147.70500,1.00,-5.00,17568.20,水平線手前,損切,支持抵抗,0,147.65500
2025-08-01,2025-08-31,20260209_085631,20260209_085631-0162,2025-08-26 23:10:00.950000,2025-08-26 23:27:36.242000,売り,147.69100,147.54100,1.00,15.00,17583.20,水平線手前,利確,支持抵抗,0,147.69100
2025-08-01,2025-08-31,20260209_085631,20260209_085631-0163,2025-08-27 00:46:42.967000,2025-08-27 01:03:29.022000,買い,147.33300,147.28300,1.00,-5.00,17578.20,水平線手前,損切,支持抵抗,0,147.33300
2025-08-01,2025-08-31,20260209_085631,20260209_085631-0164,2025-08-27 01:23:02.892000,2025-08-27 01:47:54.113000,買い,147.13800,147.28800,1.00,15.00,17593.20,水平線手前,利確,支持抵抗,0,147.13800
2025-08-01,2025-08-31,20260209_085631,20260209_085631-0165,2025-08-27 03:15:27.394000,2025-08-27 03:46:15.297000,売り,147.51200,147.36200,1.00,15.00,17608.20,水平線手前,利確,支持抵抗,0,147.51200
2025-08-01,2025-08-31,20260209_085631,20260209_085631-0166,2025-08-27 11:02:01.392000,2025-08-27 11:03:42.288000,売り,147.62100,147.67100,1.00,-5.00,17603.20,水平線手前,損切,支持抵抗,0,147.62100
2025-08-01,2025-08-31,20260209_085631,20260209_085631-0167,2025-08-27 11:20:51.026000,2025-08-27 12:14:01.224000,売り,147.70600,147.75600,1.00,-5.00,17598.20,水平線手前,損切,支持抵抗,0,147.70600
2025-08-01,2025-08-31,20260209_085631,20260209_085631-0168,2025-08-27 12:30:23.264000,2025-08-27 13:01:07.204000,売り,147.82100,147.87100,1.00,-5.00,17593.20,水平線手前,損切,支持抵抗,0,147.82100
2025-08-01,2025-08-31,20260209_085631,20260209_085631-0169,2025-08-27 13:20:17.142000,2025-08-27 14:06:51.705000,売り,147.92800,147.97800,1.00,-5.00,17588.20,水平線手前,損切,支持抵抗,0,147.92800
2025-08-01,2025-08-31,20260209_085631,20260209_085631-0170,2025-08-27 14:00:18.926000,2025-08-27 15:05:36.288000,売り,147.94000,147.79000,1.00,15.00,17603.20,水平線手前,利確,支持抵抗,0,147.94000
2025-08-01,2025-08-31,20260209_085631,20260209_085631-0171,2025-08-27 17:16:06.158000,2025-08-27 17:31:49.053000,売り,147.93900,147.98900,1.00,-5.00,17598.20,水平線手前,損切,支持抵抗,0,147.93900
2025-08-01,2025-08-31,20260209_085631,20260209_085631-0172,2025-08-27 17:30:51.584000,2025-08-27 18:59:42.991000,売り,147.97500,148.02500,1.00,-5.00,17593.20,水平線手前,損切,支持抵抗,0,147.97500
2025-08-01,2025-08-31,20260209_085631,20260209_085631-0173,2025-08-27 18:57:50.256000,2025-08-27 19:00:07.442000,売り,148.00100,148.05100,1.00,-5.00,17588.20,水平線手前,損切,支持抵抗,0,148.00100
2025-08-01,2025-08-31,20260209_085631,20260209_085631-0174,2025-08-27 19:30:15.026000,2025-08-27 20:01:41.656000,売り,148.11800,148.16800,1.00,-5.00,17583.20,水平線手前,損切,支持抵抗,0,148.11800
2025-08-01,2025-08-31,20260209_085631,20260209_085631-0175,2025-08-27 20:01:40.779000,2025-08-27 21:47:15.763000,売り,148.15300,148.00300,1.00,15.00,17598.20,水平線手前,利確,支持抵抗,0,148.15300
2025-08-01,2025-08-31,20260209_085631,20260209_085631-0176,2025-08-28 02:03:53.089000,2025-08-28 03:08:42.792000,買い,147.33300,147.48300,1.00,15.00,17613.20,水平線手前,利確,支持抵抗,0,147.33300
2025-08-01,2025-08-31,20260209_085631,20260209_085631-0177,2025-08-28 12:16:19.184000,2025-08-28 12:17:01.056000,買い,147.22900,147.17900,1.00,-5.00,17608.20,水平線手前,損切,支持抵抗,0,147.22900
2025-08-01,2025-08-31,20260209_085631,20260209_085631-0178,2025-08-28 12:54:40.072000,2025-08-28 15:01:29.451000,買い,147.11800,147.06800,1.00,-5.00,17603.20,水平線手前,損切,支持抵抗,0,147.11800
2025-08-01,2025-08-31,20260209_085631,20260209_085631-0179,2025-08-28 14:21:49.041000,2025-08-28 15:01:32.711000,買い,147.11600,147.06600,1.00,-5.00,17598.20,水平線手前,損切,支持抵抗,0,147.11600
2025-08-01,2025-08-31,20260209_085631,20260209_085631-0180,2025-08-28 15:03:54.854000,2025-08-28 15:28:11.637000,買い,147.02400,147.17400,1.00,15.00,17613.20,水平線手前,利確,支持抵抗,0,147.02400
2025-08-01,2025-08-31,20260209_085631,20260209_085631-0181,2025-08-28 15:03:45.658000,2025-08-28 15:30:03.041000,買い,147.03700,147.18700,1.00,15.00,17628.20,水平線手前,利確,支持抵抗,0,147.03700
2025-08-01,2025-08-31,20260209_085631,20260209_085631-0182,2025-08-28 19:44:33.322000,2025-08-28 20:01:30.317000,買い,146.94500,146.89500,1.00,-5.00,17623.20,水平線手前,損切,支持抵抗,0,146.94500
2025-08-01,2025-08-31,20260209_085631,20260209_085631-0183,2025-08-28 20:05:25.867000,2025-08-28 21:30:16.095000,買い,146.84200,146.99200,1.00,15.00,17638.20,水平線手前,利確,支持抵抗,0,146.84200
2025-08-01,2025-08-31,20260209_085631,20260209_085631-0184,2025-08-29 02:04:20.438000,2025-08-29 02:06:26.855000,買い,146.79700,146.74700,1.00,-5.00,17633.20,水平線手前,損切,支持抵抗,0,146.79700
2025-08-01,2025-08-31,20260209_085631,20260209_085631-0185,2025-08-29 02:09:56.633000,2025-08-29 03:05:12.754000,買い,146.69800,146.84800,1.00,15.00,17648.20,水平線手前,利確,支持抵抗,0,146.69800
2025-08-01,2025-08-31,20260209_085631,20260209_085631-0186,2025-08-29 15:36:00.674000,2025-08-29 15:50:45.549000,売り,147.08400,147.13400,1.00,-5.00,17643.20,水平線手前,損切,支持抵抗,0,147.08400
2025-08-01,2025-08-31,20260209_085631,20260209_085631-0187,2025-08-29 15:50:49.002000,2025-08-29 16:21:56.623000,売り,147.14200,147.19200,1.00,-5.00,17638.20,水平線手前,損切,支持抵抗,0,147.14200
2025-08-01,2025-08-31,20260209_085631,20260209_085631-0188,2025-08-29 16:01:05.162000,2025-08-29 16:54:43.934000,売り,147.16800,147.01800,1.00,15.00,17653.20,水平線手前,利確,支持抵抗,0,147.16800
2025-08-01,2025-08-31,20260209_085631,20260209_085631-0189,2025-08-29 19:53:57.811000,2025-08-29 20:11:44.685000,売り,147.21700,147.26700,1.00,-5.00,17648.20,水平線手前,損切,支持抵抗,0,147.21700
2025-08-01,2025-08-31,20260209_085631,20260209_085631-0190,2025-08-29 20:02:14.247000,2025-08-29 21:00:48.031000,売り,147.23100,147.28100,1.00,-5.00,17643.20,水平線手前,損切,支持抵抗,0,147.23100
2025-08-01,2025-08-31,20260209_085631,20260209_085631-0191,2025-08-29 21:42:28.718000,2025-08-29 22:33:11.313000,売り,147.38000,147.23000,1.00,15.00,17658.20,水平線手前,利確,支持抵抗,0,147.38000
2025-08-01,2025-08-31,20260209_085631,20260209_085631-0192,2025-08-29 21:42:24.101000,2025-08-29 22:33:13.356000,売り,147.37300,147.22300,1.00,15.00,17673.20,水平線手前,利確,支持抵抗,0,147.37300
2025-08-01,2025-08-31,20260209_085631,20260209_085631-0193,2025-08-29 23:58:03.525000,2025-08-30 00:02:23.709000,買い,146.82700,146.77700,1.00,-5.00,17668.20,水平線手前,損切,支持抵抗,0,146.82700
2025-08-01,2025-08-31,20260209_085631,20260209_085631-0194,2025-08-30 00:00:36.163000,2025-08-30 00:25:31.179000,買い,146.80600,146.95600,1.00,15.00,17683.20,水平線手前,利確,支持抵抗,0,146.80600
2025-09-01,2025-09-30,20260209_085723,20260209_085723-0001,2025-09-02 13:32:13.373000,2025-09-02 14:30:02.270000,売り,147.83200,147.88200,1.00,-5.00,17678.20,水平線手前,損切,支持抵抗,0,147.83200
2025-09-01,2025-09-30,20260209_085723,20260209_085723-0002,2025-09-02 14:30:37.892000,2025-09-02 15:03:12.801000,売り,147.89300,147.94300,1.00,-5.00,17673.20,水平線手前,損切,支持抵抗,0,147.89300
2025-09-01,2025-09-30,20260209_085723,20260209_085723-0003,2025-09-02 15:23:56.720000,2025-09-02 16:10:18.206000,売り,148.03000,148.08000,1.00,-5.00,17668.20,水平線手前,損切,支持抵抗,0,148.03000
2025-09-01,2025-09-30,20260209_085723,20260209_085723-0004,2025-09-02 16:54:37.210000,2025-09-02 17:07:43.717000,売り,148.71200,148.76200,1.00,-5.00,17663.20,水平線手前,損切,支持抵抗,0,148.71200
2025-09-01,2025-09-30,20260209_085723,20260209_085723-0005,2025-09-02 17:07:45.530000,2025-09-02 17:13:58.823000,売り,148.76300,148.61300,1.00,15.00,17678.20,水平線手前,利確,支持抵抗,0,148.76300
2025-09-01,2025-09-30,20260209_085723,20260209_085723-0006,2025-09-02 21:43:12.937000,2025-09-02 22:00:21.440000,売り,148.91700,148.76700,1.00,15.00,17693.20,水平線手前,利確,支持抵抗,0,148.91700
2025-09-01,2025-09-30,20260209_085723,20260209_085723-0007,2025-09-03 11:38:10.279000,2025-09-03 12:31:36.123000,売り,148.87200,148.92200,1.00,-5.00,17688.20,水平線手前,損切,支持抵抗,0,148.87200
2025-09-01,2025-09-30,20260209_085723,20260209_085723-0008,2025-09-03 11:38:11.765000,2025-09-03 12:31:36.123000,売り,148.87300,148.92300,1.00,-5.00,17683.20,水平線手前,損切,支持抵抗,0,148.87300
2025-09-01,2025-09-30,20260209_085723,20260209_085723-0009,2025-09-03 12:26:49.856000,2025-09-03 13:30:58.022000,売り,148.88700,148.73700,1.00,15.00,17698.20,水平線手前,利確,支持抵抗,0,148.88700
2025-09-01,2025-09-30,20260209_085723,20260209_085723-0010,2025-09-03 14:24:38.183000,2025-09-03 15:11:13.779000,買い,148.52300,148.67300,1.00,15.00,17713.20,水平線手前,利確,支持抵抗,0,148.52300
2025-09-01,2025-09-30,20260209_085723,20260209_085723-0011,2025-09-03 16:18:23.187000,2025-09-03 16:18:37.517000,売り,148.89400,148.94400,1.00,-5.00,17708.20,水平線手前,損切,支持抵抗,0,148.89400
2025-09-01,2025-09-30,20260209_085723,20260209_085723-0012,2025-09-03 16:23:08.724000,2025-09-03 16:30:38.497000,売り,149.10800,148.95800,1.00,15.00,17723.20,水平線手前,利確,支持抵抗,0,149.10800
2025-09-01,2025-09-30,20260209_085723,20260209_085723-0013,2025-09-03 18:46:07.588000,2025-09-03 19:30:15.149000,買い,148.47000,148.62000,1.00,15.00,17738.20,水平線手前,利確,支持抵抗,0,148.47000
2025-09-01,2025-09-30,20260209_085723,20260209_085723-0014,2025-09-03 23:15:50.429000,2025-09-03 23:57:27.087000,買い,148.11300,148.26300,1.00,15.00,17753.20,水平線手前,利確,支持抵抗,0,148.11300
2025-09-01,2025-09-30,20260209_085723,20260209_085723-0015,2025-09-04 00:30:36.905000,2025-09-04 01:21:42.411000,買い,147.96700,147.91700,1.00,-5.00,17748.20,水平線手前,損切,支持抵抗,0,147.96700
2025-09-01,2025-09-30,20260209_085723,20260209_085723-0016,2025-09-04 01:01:55.318000,2025-09-04 02:20:08.082000,買い,147.94300,147.89300,1.00,-5.00,17743.20,水平線手前,損切,支持抵抗,0,147.94300
2025-09-01,2025-09-30,20260209_085723,20260209_085723-0017,2025-09-04 02:01:04.711000,2025-09-04 04:20:36.341000,買い,147.92000,148.07000,1.00,15.00,17758.20,水平線手前,利確,支持抵抗,0,147.92000
2025-09-01,2025-09-30,20260209_085723,20260209_085723-0018,2025-09-04 20:56:57.867000,2025-09-04 21:15:01.010000,売り,148.38300,148.23300,1.00,15.00,17773.20,水平線手前,利確,支持抵抗,0,148.38300
2025-09-01,2025-09-30,20260209_085723,20260209_085723-0019,2025-09-04 21:15:01.816000,2025-09-04 21:15:04.153000,買い,148.05000,148.20000,1.00,15.00,17788.20,水平線手前,利確,支持抵抗,0,148.05000
2025-09-01,2025-09-30,20260209_085723,20260209_085723-0020,2025-09-04 21:32:56.722000,2025-09-04 23:00:00.294000,売り,148.50100,148.55100,1.00,-5.00,17783.20,水平線手前,損切,支持抵抗,0,148.50100
2025-09-01,2025-09-30,20260209_085723,20260209_085723-0021,2025-09-04 22:07:05.108000,2025-09-04 23:00:00.294000,売り,148.50200,148.55200,1.00,-5.00,17778.20,水平線手前,損切,支持抵抗,0,148.50200
2025-09-01,2025-09-30,20260209_085723,20260209_085723-0022,2025-09-04 23:54:38.354000,2025-09-05 00:00:36.250000,売り,148.72200,148.77200,1.00,-5.00,17773.20,水平線手前,損切,支持抵抗,0,148.72200
2025-09-01,2025-09-30,20260209_085723,20260209_085723-0023,2025-09-05 00:01:26.225000,2025-09-05 01:42:39.059000,売り,148.76700,148.61700,1.00,15.00,17788.20,水平線手前,利確,支持抵抗,0,148.76700
2025-09-01,2025-09-30,20260209_085723,20260209_085723-0024,2025-09-05 00:00:21.757000,2025-09-05 03:14:46.315000,売り,148.74700,148.59700,1.00,15.00,17803.20,水平線手前,利確,支持抵抗,0,148.74700
2025-09-01,2025-09-30,20260209_085723,20260209_085723-0025,2025-09-05 11:08:41.122000,2025-09-05 15:24:49.113000,買い,148.12000,148.27000,1.00,15.00,17818.20,水平線手前,利確,支持抵抗,0,148.12000
2025-09-01,2025-09-30,20260209_085723,20260209_085723-0026,2025-09-05 11:08:25.609000,2025-09-05 21:07:02.637000,買い,148.12700,148.07700,1.00,-5.00,17813.20,水平線手前,損切,支持抵抗,0,148.12700
2025-09-01,2025-09-30,20260209_085723,20260209_085723-0027,2025-09-05 21:30:01.201000,2025-09-05 21:30:01.510000,買い,147.67900,147.62900,1.00,-5.00,17808.20,水平線手前,損切,支持抵抗,0,147.67900
2025-09-01,2025-09-30,20260209_085723,20260209_085723-0028,2025-09-05 21:30:43.337000,2025-09-05 21:31:32.521000,買い,147.21800,147.36800,1.00,15.00,17823.20,水平線手前,利確,支持抵抗,0,147.21800
2025-09-01,2025-09-30,20260209_085723,20260209_085723-0029,2025-09-05 22:52:13.394000,2025-09-05 23:01:57.136000,買い,147.07300,147.02300,1.00,-5.00,17818.20,水平線手前,損切,支持抵抗,0,147.07300
2025-09-01,2025-09-30,20260209_085723,20260209_085723-0030,2025-09-05 23:01:57.395000,2025-09-05 23:23:22.078000,買い,147.03000,147.18000,1.00,15.00,17833.20,水平線手前,利確,支持抵抗,0,147.03000
2025-09-01,2025-09-30,20260209_085723,20260209_085723-0031,2025-09-06 00:49:51.454000,2025-09-06 01:37:14.861000,買い,146.85200,147.00200,1.00,15.00,17848.20,水平線手前,利確,支持抵抗,0,146.85200
2025-09-01,2025-09-30,20260209_085723,20260209_085723-0032,2025-09-08 16:43:18.072000,2025-09-08 17:00:42.741000,買い,147.55300,147.50300,1.00,-5.00,17843.20,水平線手前,損切,支持抵抗,0,147.55300
2025-09-01,2025-09-30,20260209_085723,20260209_085723-0033,2025-09-08 17:00:58.423000,2025-09-08 17:44:26.844000,買い,147.50300,147.65300,1.00,15.00,17858.20,水平線手前,利確,支持抵抗,0,147.50300
2025-09-01,2025-09-30,20260209_085723,20260209_085723-0034,2025-09-08 21:23:57.066000,2025-09-08 21:50:23.755000,売り,147.85400,147.70400,1.00,15.00,17873.20,水平線手前,利確,支持抵抗,0,147.85400
2025-09-01,2025-09-30,20260209_085723,20260209_085723-0035,2025-09-08 22:33:29.198000,2025-09-08 22:56:08.378000,買い,147.57900,147.72900,1.00,15.00,17888.20,水平線手前,利確,支持抵抗,0,147.57900
2025-09-01,2025-09-30,20260209_085723,20260209_085723-0036,2025-09-08 23:42:36.675000,2025-09-09 00:05:04.028000,売り,147.84300,147.69300,1.00,15.00,17903.20,水平線手前,利確,支持抵抗,0,147.84300
2025-09-01,2025-09-30,20260209_085723,20260209_085723-0037,2025-09-09 03:56:38.628000,2025-09-09 04:02:07.266000,買い,147.48600,147.43600,1.00,-5.00,17898.20,水平線手前,損切,支持抵抗,0,147.48600
2025-09-01,2025-09-30,20260209_085723,20260209_085723-0038,2025-09-09 04:12:21.164000,2025-09-09 05:42:52.094000,買い,147.37900,147.52900,1.00,15.00,17913.20,水平線手前,利確,支持抵抗,0,147.37900
2025-09-01,2025-09-30,20260209_085723,20260209_085723-0039,2025-09-09 13:27:49.754000,2025-09-09 13:31:03.502000,買い,147.19100,147.14100,1.00,-5.00,17908.20,水平線手前,損切,支持抵抗,0,147.19100
2025-09-01,2025-09-30,20260209_085723,20260209_085723-0040,2025-09-09 13:51:30.244000,2025-09-09 14:01:49.852000,買い,147.13200,147.08200,1.00,-5.00,17903.20,水平線手前,損切,支持抵抗,0,147.13200
2025-09-01,2025-09-30,20260209_085723,20260209_085723-0041,2025-09-09 14:53:51.618000,2025-09-09 15:00:08.063000,買い,146.88200,146.83200,1.00,-5.00,17898.20,水平線手前,損切,支持抵抗,0,146.88200
2025-09-01,2025-09-30,20260209_085723,20260209_085723-0042,2025-09-09 15:00:01.888000,2025-09-09 15:05:53.664000,買い,146.85000,147.00000,1.00,15.00,17913.20,水平線手前,利確,支持抵抗,0,146.85000
2025-09-01,2025-09-30,20260209_085723,20260209_085723-0043,2025-09-09 17:26:45.542000,2025-09-09 17:26:49.536000,買い,146.82200,146.77200,1.00,-5.00,17908.20,水平線手前,損切,支持抵抗,0,146.82200
2025-09-01,2025-09-30,20260209_085723,20260209_085723-0044,2025-09-09 17:30:46.557000,2025-09-09 17:46:25.959000,買い,146.59900,146.74900,1.00,15.00,17923.20,水平線手前,利確,支持抵抗,0,146.59900
2025-09-01,2025-09-30,20260209_085723,20260209_085723-0045,2025-09-09 18:31:13.294000,2025-09-09 19:43:23.301000,買い,146.34700,146.49700,1.00,15.00,17938.20,水平線手前,利確,支持抵抗,0,146.34700
2025-09-01,2025-09-30,20260209_085723,20260209_085723-0046,2025-09-10 03:39:18.400000,2025-09-10 04:07:37.590000,売り,147.40100,147.45100,1.00,-5.00,17933.20,水平線手前,損切,支持抵抗,0,147.40100
2025-09-01,2025-09-30,20260209_085723,20260209_085723-0047,2025-09-10 03:34:57.167000,2025-09-10 04:07:37.644000,売り,147.40800,147.45800,1.00,-5.00,17928.20,水平線手前,損切,支持抵抗,0,147.40800
2025-09-01,2025-09-30,20260209_085723,20260209_085723-0048,2025-09-10 04:07:26.812000,2025-09-10 06:04:03.072000,売り,147.43200,147.28200,1.00,15.00,17943.20,水平線手前,利確,支持抵抗,0,147.43200
2025-09-01,2025-09-30,20260209_085723,20260209_085723-0049,2025-09-10 15:58:27.622000,2025-09-10 15:59:33.442000,売り,147.54100,147.59100,1.00,-5.00,17938.20,水平線手前,損切,支持抵抗,0,147.54100
2025-09-01,2025-09-30,20260209_085723,20260209_085723-0050,2025-09-10 15:58:53.407000,2025-09-10 16:44:02.315000,売り,147.55700,147.40700,1.00,15.00,17953.20,水平線手前,利確,支持抵抗,0,147.55700
2025-09-01,2025-09-30,20260209_085723,20260209_085723-0051,2025-09-10 21:30:01.427000,2025-09-10 21:30:01.786000,買い,147.29600,147.24600,1.00,-5.00,17948.20,水平線手前,損切,支持抵抗,0,147.29600
2025-09-01,2025-09-30,20260209_085723,20260209_085723-0052,2025-09-10 21:30:03.851000,2025-09-10 21:31:41.947000,買い,147.11800,147.26800,1.00,15.00,17963.20,水平線手前,利確,支持抵抗,0,147.11800
2025-09-01,2025-09-30,20260209_085723,20260209_085723-0053,2025-09-10 21:53:19.793000,2025-09-10 22:04:26.168000,売り,147.63200,147.48200,1.00,15.00,17978.20,水平線手前,利確,支持抵抗,0,147.63200
2025-09-01,2025-09-30,20260209_085723,20260209_085723-0054,2025-09-11 14:55:16.591000,2025-09-11 15:00:42.484000,売り,147.57600,147.62600,1.00,-5.00,17973.20,水平線手前,損切,支持抵抗,0,147.57600
2025-09-01,2025-09-30,20260209_085723,20260209_085723-0055,2025-09-11 15:30:48.680000,2025-09-11 16:30:41.287000,売り,147.76000,147.81000,1.00,-5.00,17968.20,水平線手前,損切,支持抵抗,0,147.76000
2025-09-01,2025-09-30,20260209_085723,20260209_085723-0056,2025-09-11 16:30:41.340000,2025-09-11 17:55:08.843000,売り,147.80300,147.85300,1.00,-5.00,17963.20,水平線手前,損切,支持抵抗,0,147.80300
2025-09-01,2025-09-30,20260209_085723,20260209_085723-0057,2025-09-11 17:14:55.778000,2025-09-11 18:03:09.084000,売り,147.83400,147.88400,1.00,-5.00,17958.20,水平線手前,損切,支持抵抗,0,147.83400
2025-09-01,2025-09-30,20260209_085723,20260209_085723-0058,2025-09-11 18:34:56.653000,2025-09-11 21:30:04.078000,売り,147.96200,148.01200,1.00,-5.00,17953.20,水平線手前,損切,支持抵抗,0,147.96200
2025-09-01,2025-09-30,20260209_085723,20260209_085723-0059,2025-09-11 21:30:04.708000,2025-09-11 21:30:07.964000,売り,148.15100,148.00100,1.00,15.00,17968.20,水平線手前,利確,支持抵抗,0,148.15100
2025-09-01,2025-09-30,20260209_085723,20260209_085723-0060,2025-09-11 23:03:04.356000,2025-09-11 23:05:13.351000,買い,147.31900,147.26900,1.00,-5.00,17963.20,水平線手前,損切,支持抵抗,0,147.31900
2025-09-01,2025-09-30,20260209_085723,20260209_085723-0061,2025-09-11 23:17:57.080000,2025-09-11 23:19:14.606000,買い,147.12400,147.07400,1.00,-5.00,17958.20,水平線手前,損切,支持抵抗,0,147.12400
2025-09-01,2025-09-30,20260209_085723,20260209_085723-0062,2025-09-11 23:42:06.381000,2025-09-11 23:52:41.942000,買い,147.02400,147.17400,1.00,15.00,17973.20,水平線手前,利確,支持抵抗,0,147.02400
2025-09-01,2025-09-30,20260209_085723,20260209_085723-0063,2025-09-12 01:09:28.168000,2025-09-12 02:41:19.609000,買い,147.02400,147.17400,1.00,15.00,17988.20,水平線手前,利確,支持抵抗,0,147.02400
2025-09-01,2025-09-30,20260209_085723,20260209_085723-0064,2025-09-12 11:01:50.833000,2025-09-12 11:29:51.393000,売り,147.41700,147.46700,1.00,-5.00,17983.20,水平線手前,損切,支持抵抗,0,147.41700
2025-09-01,2025-09-30,20260209_085723,20260209_085723-0065,2025-09-12 11:29:20.394000,2025-09-12 13:10:37.109000,売り,147.44800,147.49800,1.00,-5.00,17978.20,水平線手前,損切,支持抵抗,0,147.44800
2025-09-01,2025-09-30,20260209_085723,20260209_085723-0066,2025-09-12 12:02:50.327000,2025-09-12 13:10:37.109000,売り,147.44900,147.49900,1.00,-5.00,17973.20,水平線手前,損切,支持抵抗,0,147.44900
2025-09-01,2025-09-30,20260209_085723,20260209_085723-0067,2025-09-12 13:12:46.819000,2025-09-12 14:43:11.359000,売り,147.52900,147.37900,1.00,15.00,17988.20,水平線手前,利確,支持抵抗,0,147.52900
2025-09-01,2025-09-30,20260209_085723,20260209_085723-0068,2025-09-12 17:07:05.704000,2025-09-12 17:07:57.854000,売り,147.52600,147.57600,1.00,-5.00,17983.20,水平線手前,損切,支持抵抗,0,147.52600
2025-09-01,2025-09-30,20260209_085723,20260209_085723-0069,2025-09-12 17:49:06.007000,2025-09-12 18:04:04.108000,売り,147.89600,147.94600,1.00,-5.00,17978.20,水平線手前,損切,支持抵抗,0,147.89600
2025-09-01,2025-09-30,20260209_085723,20260209_085723-0070,2025-09-12 18:38:12.366000,2025-09-12 19:44:03.446000,売り,147.95200,147.80200,1.00,15.00,17993.20,水平線手前,利確,支持抵抗,0,147.95200
2025-09-01,2025-09-30,20260209_085723,20260209_085723-0071,2025-09-12 21:33:17.350000,2025-09-12 21:51:52.637000,売り,148.04200,147.89200,1.00,15.00,18008.20,水平線手前,利確,支持抵抗,0,148.04200
2025-09-01,2025-09-30,20260209_085723,20260209_085723-0072,2025-09-15 13:01:02.779000,2025-09-15 13:20:33.055000,買い,147.40700,147.35700,1.00,-5.00,18003.20,水平線手前,損切,支持抵抗,0,147.40700
2025-09-01,2025-09-30,20260209_085723,20260209_085723-0073,2025-09-15 13:20:13.843000,2025-09-15 15:09:54.285000,買い,147.37900,147.52900,1.00,15.00,18018.20,水平線手前,利確,支持抵抗,0,147.37900
2025-09-01,2025-09-30,20260209_085723,20260209_085723-0074,2025-09-15 18:29:34.054000,2025-09-15 19:17:10.197000,買い,147.34800,147.29800,1.00,-5.00,18013.20,水平線手前,損切,支持抵抗,0,147.34800
2025-09-01,2025-09-30,20260209_085723,20260209_085723-0075,2025-09-15 19:22:02.842000,2025-09-15 20:38:04.665000,買い,147.28500,147.43500,1.00,15.00,18028.20,水平線手前,利確,支持抵抗,0,147.28500
2025-09-01,2025-09-30,20260209_085723,20260209_085723-0076,2025-09-15 22:00:02.049000,2025-09-15 23:07:28.484000,買い,147.27100,147.42100,1.00,15.00,18043.20,水平線手前,利確,支持抵抗,0,147.27100
2025-09-01,2025-09-30,20260209_085723,20260209_085723-0077,2025-09-16 11:16:02.891000,2025-09-16 11:20:27.836000,買い,147.20600,147.15600,1.00,-5.00,18038.20,水平線手前,損切,支持抵抗,0,147.20600
2025-09-01,2025-09-30,20260209_085723,20260209_085723-0078,2025-09-16 11:20:28.610000,2025-09-16 12:31:07.734000,買い,147.15700,147.10700,1.00,-5.00,18033.20,水平線手前,損切,支持抵抗,0,147.15700
2025-09-01,2025-09-30,20260209_085723,20260209_085723-0079,2025-09-16 12:33:00.421000,2025-09-16 13:17:06.211000,買い,147.05800,147.00800,1.00,-5.00,18028.20,水平線手前,損切,支持抵抗,0,147.05800
2025-09-01,2025-09-30,20260209_085723,20260209_085723-0080,2025-09-16 13:24:24.418000,2025-09-16 14:16:12.179000,買い,147.00900,146.95900,1.00,-5.00,18023.20,水平線手前,損切,支持抵抗,0,147.00900
2025-09-01,2025-09-30,20260209_085723,20260209_085723-0081,2025-09-16 14:30:04.964000,2025-09-16 15:10:49.101000,買い,146.95300,146.90300,1.00,-5.00,18018.20,水平線手前,損切,支持抵抗,0,146.95300
2025-09-01,2025-09-30,20260209_085723,20260209_085723-0082,2025-09-16 15:34:59.306000,2025-09-16 16:11:57.221000,買い,146.81900,146.76900,1.00,-5.00,18013.20,水平線手前,損切,支持抵抗,0,146.81900
2025-09-01,2025-09-30,20260209_085723,20260209_085723-0083,2025-09-16 16:13:18.564000,2025-09-16 16:57:30.087000,買い,146.73100,146.88100,1.00,15.00,18028.20,水平線手前,利確,支持抵抗,0,146.73100
2025-09-01,2025-09-30,20260209_085723,20260209_085723-0084,2025-09-16 21:30:12.531000,2025-09-16 21:36:37.042000,売り,147.23100,147.08100,1.00,15.00,18043.20,水平線手前,利確,支持抵抗,0,147.23100
2025-09-01,2025-09-30,20260209_085723,20260209_085723-0085,2025-09-16 23:17:07.724000,2025-09-17 00:00:28.216000,買い,146.56100,146.51100,1.00,-5.00,18038.20,水平線手前,損切,支持抵抗,0,146.56100
2025-09-01,2025-09-30,20260209_085723,20260209_085723-0086,2025-09-17 00:00:55.605000,2025-09-17 01:12:52.203000,買い,146.54200,146.49200,1.00,-5.00,18033.20,水平線手前,損切,支持抵抗,0,146.54200
2025-09-01,2025-09-30,20260209_085723,20260209_085723-0087,2025-09-17 01:55:43.041000,2025-09-17 02:00:31.366000,買い,146.38900,146.33900,1.00,-5.00,18028.20,水平線手前,損切,支持抵抗,0,146.38900
2025-09-01,2025-09-30,20260209_085723,20260209_085723-0088,2025-09-17 02:00:31.057000,2025-09-17 02:14:44.144000,買い,146.34900,146.29900,1.00,-5.00,18023.20,水平線手前,損切,支持抵抗,0,146.34900
2025-09-01,2025-09-30,20260209_085723,20260209_085723-0089,2025-09-17 02:12:03.470000,2025-09-17 04:43:15.970000,買い,146.31700,146.46700,1.00,15.00,18038.20,水平線手前,利確,支持抵抗,0,146.31700
2025-09-01,2025-09-30,20260209_085723,20260209_085723-0090,2025-09-17 17:01:15.189000,2025-09-17 17:42:45.816000,売り,146.65300,146.50300,1.00,15.00,18053.20,水平線手前,利確,支持抵抗,0,146.65300
2025-09-01,2025-09-30,20260209_085723,20260209_085723-0091,2025-09-17 19:03:42.748000,2025-09-17 21:08:12.058000,買い,146.24500,146.39500,1.00,15.00,18068.20,水平線手前,利確,支持抵抗,0,146.24500
2025-09-01,2025-09-30,20260209_085723,20260209_085723-0092,2025-09-17 19:03:40.728000,2025-09-17 21:10:16.019000,買い,146.24900,146.39900,1.00,15.00,18083.20,水平線手前,利確,支持抵抗,0,146.24900
2025-09-01,2025-09-30,20260209_085723,20260209_085723-0093,2025-09-18 03:09:10.032000,2025-09-18 03:11:11.851000,買い,145.51800,145.66800,1.00,15.00,18098.20,水平線手前,利確,支持抵抗,0,145.51800
2025-09-01,2025-09-30,20260209_085723,20260209_085723-0094,2025-09-18 03:54:29.951000,2025-09-18 03:55:43.470000,売り,146.82900,146.67900,1.00,15.00,18113.20,水平線手前,利確,支持抵抗,0,146.82900
2025-09-01,2025-09-30,20260209_085723,20260209_085723-0095,2025-09-18 04:01:03.551000,2025-09-18 04:02:55.934000,売り,146.82600,146.67600,1.00,15.00,18128.20,水平線手前,利確,支持抵抗,0,146.82600
2025-09-01,2025-09-30,20260209_085723,20260209_085723-0096,2025-09-18 13:24:26.949000,2025-09-18 13:34:59.250000,売り,147.11800,147.16800,1.00,-5.00,18123.20,水平線手前,損切,支持抵抗,0,147.11800
2025-09-01,2025-09-30,20260209_085723,20260209_085723-0097,2025-09-18 13:49:59.132000,2025-09-18 14:01:30.923000,売り,147.19000,147.24000,1.00,-5.00,18118.20,水平線手前,損切,支持抵抗,0,147.19000
2025-09-01,2025-09-30,20260209_085723,20260209_085723-0098,2025-09-18 14:57:10.970000,2025-09-18 15:03:20.030000,売り,147.37500,147.42500,1.00,-5.00,18113.20,水平線手前,損切,支持抵抗,0,147.37500
2025-09-01,2025-09-30,20260209_085723,20260209_085723-0099,2025-09-18 15:13:30.451000,2025-09-18 16:03:36.906000,売り,147.51100,147.36100,1.00,15.00,18128.20,水平線手前,利確,支持抵抗,0,147.51100
2025-09-01,2025-09-30,20260209_085723,20260209_085723-0100,2025-09-18 15:13:28.429000,2025-09-18 16:03:37.119000,売り,147.50200,147.35200,1.00,15.00,18143.20,水平線手前,利確,支持抵抗,0,147.50200
2025-09-01,2025-09-30,20260209_085723,20260209_085723-0101,2025-09-18 21:53:36.546000,2025-09-18 21:59:20.405000,売り,147.74600,147.79600,1.00,-5.00,18138.20,水平線手前,損切,支持抵抗,0,147.74600
2025-09-01,2025-09-30,20260209_085723,20260209_085723-0102,2025-09-18 21:58:10.198000,2025-09-18 22:00:01.754000,売り,147.77100,147.82100,1.00,-5.00,18133.20,水平線手前,損切,支持抵抗,0,147.77100
2025-09-01,2025-09-30,20260209_085723,20260209_085723-0103,2025-09-18 22:43:07.693000,2025-09-18 22:50:27.697000,売り,148.23800,148.08800,1.00,15.00,18148.20,水平線手前,利確,支持抵抗,0,148.23800
2025-09-01,2025-09-30,20260209_085723,20260209_085723-0104,2025-09-19 11:02:37.920000,2025-09-19 12:13:06.295000,売り,148.08500,147.93500,1.00,15.00,18163.20,水平線手前,利確,支持抵抗,0,148.08500
2025-09-01,2025-09-30,20260209_085723,20260209_085723-0105,2025-09-19 12:26:44.473000,2025-09-19 12:31:01.641000,買い,147.82900,147.77900,1.00,-5.00,18158.20,水平線手前,損切,支持抵抗,0,147.82900
2025-09-01,2025-09-30,20260209_085723,20260209_085723-0106,2025-09-19 12:48:15.645000,2025-09-19 12:48:37.433000,買い,147.40300,147.55300,1.00,15.00,18173.20,水平線手前,利確,支持抵抗,0,147.40300
2025-09-01,2025-09-30,20260209_085723,20260209_085723-0107,2025-09-19 13:11:01.668000,2025-09-19 13:33:42.274000,買い,147.23700,147.38700,1.00,15.00,18188.20,水平線手前,利確,支持抵抗,0,147.23700
2025-09-01,2025-09-30,20260209_085723,20260209_085723-0108,2025-09-19 17:25:19.318000,2025-09-19 17:31:28.965000,売り,148.00200,147.85200,1.00,15.00,18203.20,水平線手前,利確,支持抵抗,0,148.00200
2025-09-01,2025-09-30,20260209_085723,20260209_085723-0109,2025-09-19 20:56:19.312000,2025-09-19 21:46:46.249000,売り,148.16900,148.21900,1.00,-5.00,18198.20,水平線手前,損切,支持抵抗,0,148.16900
2025-09-01,2025-09-30,20260209_085723,20260209_085723-0110,2025-09-19 21:48:49.608000,2025-09-19 22:04:06.833000,売り,148.25300,148.10300,1.00,15.00,18213.20,水平線手前,利確,支持抵抗,0,148.25300
2025-09-01,2025-09-30,20260209_085723,20260209_085723-0111,2025-09-22 11:12:11.380000,2025-09-22 12:00:22.761000,売り,148.32400,148.37400,1.00,-5.00,18208.20,水平線手前,損切,支持抵抗,0,148.32400
2025-09-01,2025-09-30,20260209_085723,20260209_085723-0112,2025-09-22 12:00:10.890000,2025-09-22 15:18:29.449000,売り,148.34600,148.19600,1.00,15.00,18223.20,水平線手前,利確,支持抵抗,0,148.34600
2025-09-01,2025-09-30,20260209_085723,20260209_085723-0113,2025-09-22 17:45:14.853000,2025-09-22 20:51:54.132000,買い,147.82800,147.77800,1.00,-5.00,18218.20,水平線手前,損切,支持抵抗,0,147.82800
2025-09-01,2025-09-30,20260209_085723,20260209_085723-0114,2025-09-22 20:51:53.308000,2025-09-22 20:51:58.739000,買い,147.79400,147.74400,1.00,-5.00,18213.20,水平線手前,損切,支持抵抗,0,147.79400
2025-09-01,2025-09-30,20260209_085723,20260209_085723-0115,2025-09-22 20:51:54.495000,2025-09-22 21:25:03.412000,買い,147.77900,147.92900,1.00,15.00,18228.20,水平線手前,利確,支持抵抗,0,147.77900
2025-09-01,2025-09-30,20260209_085723,20260209_085723-0116,2025-09-22 22:00:03.722000,2025-09-22 22:11:34.740000,売り,147.94000,147.79000,1.00,15.00,18243.20,水平線手前,利確,支持抵抗,0,147.94000
2025-09-01,2025-09-30,20260209_085723,20260209_085723-0117,2025-09-22 22:19:22.567000,2025-09-22 22:46:36.326000,買い,147.76900,147.91900,1.00,15.00,18258.20,水平線手前,利確,支持抵抗,0,147.76900
2025-09-01,2025-09-30,20260209_085723,20260209_085723-0118,2025-09-22 23:18:50.000000,2025-09-23 01:15:49.850000,売り,147.95400,147.80400,1.00,15.00,18273.20,水平線手前,利確,支持抵抗,0,147.95400
2025-09-01,2025-09-30,20260209_085723,20260209_085723-0119,2025-09-23 02:43:39.566000,2025-09-23 10:00:11.800000,買い,147.69700,147.64700,1.00,-5.00,18268.20,水平線手前,損切,支持抵抗,0,147.69700
2025-09-01,2025-09-30,20260209_085723,20260209_085723-0120,2025-09-23 17:43:39.109000,2025-09-23 17:50:02.344000,買い,147.63700,147.58700,1.00,-5.00,18263.20,水平線手前,損切,支持抵抗,0,147.63700
2025-09-01,2025-09-30,20260209_085723,20260209_085723-0121,2025-09-23 17:50:22.088000,2025-09-23 18:00:28.152000,買い,147.57400,147.52400,1.00,-5.00,18258.20,水平線手前,損切,支持抵抗,0,147.57400
2025-09-01,2025-09-30,20260209_085723,20260209_085723-0122,2025-09-23 18:00:26.514000,2025-09-23 19:29:14.044000,買い,147.54600,147.69600,1.00,15.00,18273.20,水平線手前,利確,支持抵抗,0,147.54600
2025-09-01,2025-09-30,20260209_085723,20260209_085723-0123,2025-09-23 21:36:11.442000,2025-09-23 21:40:06.282000,売り,147.83500,147.88500,1.00,-5.00,18268.20,水平線手前,損切,支持抵抗,0,147.83500
2025-09-01,2025-09-30,20260209_085723,20260209_085723-0124,2025-09-23 21:39:45.557000,2025-09-23 22:00:50.859000,売り,147.85500,147.70500,1.00,15.00,18283.20,水平線手前,利確,支持抵抗,0,147.85500
2025-09-01,2025-09-30,20260209_085723,20260209_085723-0125,2025-09-23 22:49:57.291000,2025-09-23 22:57:43.116000,売り,147.85600,147.70600,1.00,15.00,18298.20,水平線手前,利確,支持抵抗,0,147.85600
2025-09-01,2025-09-30,20260209_085723,20260209_085723-0126,2025-09-24 00:30:37.598000,2025-09-24 01:26:33.836000,売り,147.89800,147.74800,1.00,15.00,18313.20,水平線手前,利確,支持抵抗,0,147.89800
2025-09-01,2025-09-30,20260209_085723,20260209_085723-0127,2025-09-24 01:36:36.204000,2025-09-24 01:38:35.505000,売り,147.89600,147.74600,1.00,15.00,18328.20,水平線手前,利確,支持抵抗,0,147.89600
2025-09-01,2025-09-30,20260209_085723,20260209_085723-0128,2025-09-24 02:41:59.682000,2025-09-24 03:17:04.594000,買い,147.52900,147.47900,1.00,-5.00,18323.20,水平線手前,損切,支持抵抗,0,147.52900
2025-09-01,2025-09-30,20260209_085723,20260209_085723-0129,2025-09-24 03:16:23.244000,2025-09-24 05:31:02.826000,買い,147.49700,147.64700,1.00,15.00,18338.20,水平線手前,利確,支持抵抗,0,147.49700
2025-09-01,2025-09-30,20260209_085723,20260209_085723-0130,2025-09-24 14:11:44.943000,2025-09-24 15:12:03.530000,売り,147.93200,147.98200,1.00,-5.00,18333.20,水平線手前,損切,支持抵抗,0,147.93200
2025-09-01,2025-09-30,20260209_085723,20260209_085723-0131,2025-09-24 13:18:52.133000,2025-09-24 15:12:47.399000,売り,147.93700,147.98700,1.00,-5.00,18328.20,水平線手前,損切,支持抵抗,0,147.93700
2025-09-01,2025-09-30,20260209_085723,20260209_085723-0132,2025-09-24 15:28:17.490000,2025-09-24 17:25:29.150000,売り,148.07700,148.12700,1.00,-5.00,18323.20,水平線手前,損切,支持抵抗,0,148.07700
2025-09-01,2025-09-30,20260209_085723,20260209_085723-0133,2025-09-24 17:42:36.200000,2025-09-24 18:10:07.578000,売り,148.26400,148.31400,1.00,-5.00,18318.20,水平線手前,損切,支持抵抗,0,148.26400
2025-09-01,2025-09-30,20260209_085723,20260209_085723-0134,2025-09-24 18:26:07.438000,2025-09-24 19:11:56.742000,売り,148.31600,148.36600,1.00,-5.00,18313.20,水平線手前,損切,支持抵抗,0,148.31600
2025-09-01,2025-09-30,20260209_085723,20260209_085723-0135,2025-09-24 19:07:05.692000,2025-09-24 19:18:34.680000,売り,148.34600,148.39600,1.00,-5.00,18308.20,水平線手前,損切,支持抵抗,0,148.34600
2025-09-01,2025-09-30,20260209_085723,20260209_085723-0136,2025-09-24 19:18:48.269000,2025-09-24 20:08:11.758000,売り,148.39300,148.44300,1.00,-5.00,18303.20,水平線手前,損切,支持抵抗,0,148.39300
2025-09-01,2025-09-30,20260209_085723,20260209_085723-0137,2025-09-24 20:30:01.213000,2025-09-24 21:02:11.109000,売り,148.48700,148.53700,1.00,-5.00,18298.20,水平線手前,損切,支持抵抗,0,148.48700
2025-09-01,2025-09-30,20260209_085723,20260209_085723-0138,2025-09-24 21:30:33.537000,2025-09-24 21:42:44.870000,売り,148.54800,148.59800,1.00,-5.00,18293.20,水平線手前,損切,支持抵抗,0,148.54800
2025-09-01,2025-09-30,20260209_085723,20260209_085723-0139,2025-09-24 21:51:04.877000,2025-09-24 22:12:22.478000,売り,148.68400,148.73400,1.00,-5.00,18288.20,水平線手前,損切,支持抵抗,0,148.68400
2025-09-01,2025-09-30,20260209_085723,20260209_085723-0140,2025-09-24 23:00:00.656000,2025-09-24 23:40:20.269000,売り,148.75600,148.60600,1.00,15.00,18303.20,水平線手前,利確,支持抵抗,0,148.75600
2025-09-01,2025-09-30,20260209_085723,20260209_085723-0141,2025-09-24 22:15:37.825000,2025-09-25 01:36:55.419000,売り,148.74700,148.79700,1.00,-5.00,18298.20,水平線手前,損切,支持抵抗,0,148.74700
2025-09-01,2025-09-30,20260209_085723,20260209_085723-0142,2025-09-25 03:49:03.656000,2025-09-25 04:00:29.765000,売り,148.84300,148.89300,1.00,-5.00,18293.20,水平線手前,損切,支持抵抗,0,148.84300
2025-09-01,2025-09-30,20260209_085723,20260209_085723-0143,2025-09-25 04:00:08.256000,2025-09-25 05:27:27.110000,売り,148.85800,148.90800,1.00,-5.00,18288.20,水平線手前,損切,支持抵抗,0,148.85800
2025-09-01,2025-09-30,20260209_085723,20260209_085723-0144,2025-09-25 20:12:15.668000,2025-09-25 21:30:01.375000,売り,148.88500,148.93500,1.00,-5.00,18283.20,水平線手前,損切,支持抵抗,0,148.88500
2025-09-01,2025-09-30,20260209_085723,20260209_085723-0145,2025-09-25 20:12:28.100000,2025-09-25 21:30:01.375000,売り,148.88500,148.93500,1.00,-5.00,18278.20,水平線手前,損切,支持抵抗,0,148.88500
2025-09-01,2025-09-30,20260209_085723,20260209_085723-0146,2025-09-25 21:51:11.744000,2025-09-25 22:07:45.110000,売り,149.32600,149.17600,1.00,15.00,18293.20,水平線手前,利確,支持抵抗,0,149.32600
2025-09-01,2025-09-30,20260209_085723,20260209_085723-0147,2025-09-25 22:53:12.649000,2025-09-25 23:32:58.839000,売り,149.45300,149.50300,1.00,-5.00,18288.20,水平線手前,損切,支持抵抗,0,149.45300
2025-09-01,2025-09-30,20260209_085723,20260209_085723-0148,2025-09-25 23:38:33.873000,2025-09-26 00:00:36.038000,売り,149.60800,149.65800,1.00,-5.00,18283.20,水平線手前,損切,支持抵抗,0,149.60800
2025-09-01,2025-09-30,20260209_085723,20260209_085723-0149,2025-09-26 00:31:15.573000,2025-09-26 01:18:56.046000,売り,149.81500,149.86500,1.00,-5.00,18278.20,水平線手前,損切,支持抵抗,0,149.81500
2025-09-01,2025-09-30,20260209_085723,20260209_085723-0150,2025-09-26 01:16:35.281000,2025-09-26 02:25:35.789000,売り,149.83900,149.88900,1.00,-5.00,18273.20,水平線手前,損切,支持抵抗,0,149.83900
2025-09-01,2025-09-30,20260209_085723,20260209_085723-0151,2025-09-26 02:31:08.151000,2025-09-26 03:01:48.139000,売り,149.88800,149.73800,1.00,15.00,18288.20,水平線手前,利確,支持抵抗,0,149.88800
2025-09-01,2025-09-30,20260209_085723,20260209_085723-0152,2025-09-26 03:10:37.426000,2025-09-26 04:18:48.606000,売り,149.89800,149.74800,1.00,15.00,18303.20,水平線手前,利確,支持抵抗,0,149.89800
2025-09-01,2025-09-30,20260209_085723,20260209_085723-0153,2025-09-26 19:52:34.052000,2025-09-26 20:54:18.432000,売り,149.92500,149.77500,1.00,15.00,18318.20,水平線手前,利確,支持抵抗,0,149.92500
2025-09-01,2025-09-30,20260209_085723,20260209_085723-0154,2025-09-26 19:52:38.163000,2025-09-26 20:54:18.432000,売り,149.92500,149.77500,1.00,15.00,18333.20,水平線手前,利確,支持抵抗,0,149.92500
2025-09-01,2025-09-30,20260209_085723,20260209_085723-0155,2025-09-26 21:18:45.478000,2025-09-26 21:31:14.621000,買い,149.69000,149.64000,1.00,-5.00,18328.20,水平線手前,損切,支持抵抗,0,149.69000
2025-09-01,2025-09-30,20260209_085723,20260209_085723-0156,2025-09-26 21:31:37.803000,2025-09-26 21:34:32.269000,買い,149.62100,149.77100,1.00,15.00,18343.20,水平線手前,利確,支持抵抗,0,149.62100
2025-09-01,2025-09-30,20260209_085723,20260209_085723-0157,2025-09-26 22:04:08.787000,2025-09-26 22:25:42.105000,買い,149.55200,149.70200,1.00,15.00,18358.20,水平線手前,利確,支持抵抗,0,149.55200
2025-09-01,2025-09-30,20260209_085723,20260209_085723-0158,2025-09-26 23:44:54.791000,2025-09-27 00:29:23.752000,買い,149.50500,149.45500,1.00,-5.00,18353.20,水平線手前,損切,支持抵抗,0,149.50500
2025-09-01,2025-09-30,20260209_085723,20260209_085723-0159,2025-09-27 00:29:23.752000,2025-09-27 03:55:09.585000,買い,149.46300,149.41300,1.00,-5.00,18348.20,水平線手前,損切,支持抵抗,0,149.46300
2025-09-01,2025-09-30,20260209_085723,20260209_085723-0160,2025-09-27 03:53:23.033000,2025-09-29 08:21:39.165000,買い,149.44200,149.39200,1.00,-5.00,18343.20,水平線手前,損切,支持抵抗,0,149.44200
2025-09-01,2025-09-30,20260209_085723,20260209_085723-0161,2025-09-29 11:02:04.167000,2025-09-29 11:18:25.528000,買い,149.05300,149.00300,1.00,-5.00,18338.20,水平線手前,損切,支持抵抗,0,149.05300
2025-09-01,2025-09-30,20260209_085723,20260209_085723-0162,2025-09-29 11:23:25.715000,2025-09-29 12:12:03.237000,買い,148.93800,148.88800,1.00,-5.00,18333.20,水平線手前,損切,支持抵抗,0,148.93800
2025-09-01,2025-09-30,20260209_085723,20260209_085723-0163,2025-09-29 12:03:07.637000,2025-09-29 14:31:35.577000,買い,148.92400,148.87400,1.00,-5.00,18328.20,水平線手前,損切,支持抵抗,0,148.92400
2025-09-01,2025-09-30,20260209_085723,20260209_085723-0164,2025-09-29 14:31:45.503000,2025-09-29 14:32:01.674000,買い,148.83600,148.78600,1.00,-5.00,18323.20,水平線手前,損切,支持抵抗,0,148.83600
2025-09-01,2025-09-30,20260209_085723,20260209_085723-0165,2025-09-29 14:32:14.196000,2025-09-29 15:11:44.784000,買い,148.77800,148.72800,1.00,-5.00,18318.20,水平線手前,損切,支持抵抗,0,148.77800
2025-09-01,2025-09-30,20260209_085723,20260209_085723-0166,2025-09-29 15:11:09.657000,2025-09-29 16:12:57.925000,買い,148.75300,148.70300,1.00,-5.00,18313.20,水平線手前,損切,支持抵抗,0,148.75300
2025-09-01,2025-09-30,20260209_085723,20260209_085723-0167,2025-09-29 16:49:07.414000,2025-09-29 16:50:36.327000,買い,148.59800,148.54800,1.00,-5.00,18308.20,水平線手前,損切,支持抵抗,0,148.59800
2025-09-01,2025-09-30,20260209_085723,20260209_085723-0168,2025-09-29 16:50:02.987000,2025-09-29 17:10:01.304000,買い,148.55900,148.50900,1.00,-5.00,18303.20,水平線手前,損切,支持抵抗,0,148.55900
2025-09-01,2025-09-30,20260209_085723,20260209_085723-0169,2025-09-29 17:11:54.979000,2025-09-29 19:35:04.397000,買い,148.50900,148.65900,1.00,15.00,18318.20,水平線手前,利確,支持抵抗,0,148.50900
2025-09-01,2025-09-30,20260209_085723,20260209_085723-0170,2025-09-30 13:26:01.512000,2025-09-30 13:26:36.447000,買い,148.47800,148.42800,1.00,-5.00,18313.20,水平線手前,損切,支持抵抗,0,148.47800
2025-09-01,2025-09-30,20260209_085723,20260209_085723-0171,2025-09-30 13:26:51.054000,2025-09-30 13:33:24.159000,買い,148.42700,148.57700,1.00,15.00,18328.20,水平線手前,利確,支持抵抗,0,148.42700
2025-09-01,2025-09-30,20260209_085723,20260209_085723-0172,2025-09-30 14:40:54.254000,2025-09-30 15:20:46.739000,買い,148.26600,148.21600,1.00,-5.00,18323.20,水平線手前,損切,支持抵抗,0,148.26600
2025-09-01,2025-09-30,20260209_085723,20260209_085723-0173,2025-09-30 15:46:16.239000,2025-09-30 16:07:27.835000,買い,148.09100,148.04100,1.00,-5.00,18318.20,水平線手前,損切,支持抵抗,0,148.09100
2025-09-01,2025-09-30,20260209_085723,20260209_085723-0174,2025-09-30 16:45:24.414000,2025-09-30 17:07:52.192000,買い,147.98000,147.93000,1.00,-5.00,18313.20,水平線手前,損切,支持抵抗,0,147.98000
2025-09-01,2025-09-30,20260209_085723,20260209_085723-0175,2025-09-30 17:42:57.945000,2025-09-30 19:48:15.670000,買い,147.85400,148.00400,1.00,15.00,18328.20,水平線手前,利確,支持抵抗,0,147.85400
2025-09-01,2025-09-30,20260209_085723,20260209_085723-0176,2025-09-30 18:00:30.208000,2025-09-30 19:48:32.506000,買い,147.87200,148.02200,1.00,15.00,18343.20,水平線手前,利確,支持抵抗,0,147.87200
2025-09-01,2025-09-30,20260209_085723,20260209_085723-0177,2025-09-30 17:16:04.192000,2025-09-30 19:48:36.543000,買い,147.87600,148.02600,1.00,15.00,18358.20,水平線手前,利確,支持抵抗,0,147.87600
2025-09-01,2025-09-30,20260209_085723,20260209_085723-0178,2025-09-30 22:49:19.977000,2025-09-30 23:00:24.516000,買い,147.85000,148.00000,1.00,15.00,18373.20,水平線手前,利確,支持抵抗,0,147.85000
2025-09-01,2025-09-30,20260209_085723,20260209_085723-0179,2025-09-30 23:57:38.225000,2025-09-30 23:59:58.900000,買い,147.68500,147.68900,1.00,0.40,18373.60,水平線手前,終了,支持抵抗,0,147.68500
2025-10-01,2025-10-31,20260209_085816,20260209_085816-0001,2025-10-01 16:14:13.728000,2025-10-01 16:29:10.898000,買い,147.05600,147.20600,1.00,15.00,18388.60,水平線手前,利確,支持抵抗,0,147.05600
2025-10-01,2025-10-31,20260209_085816,20260209_085816-0002,2025-10-01 17:39:30.637000,2025-10-01 17:44:28.398000,買い,146.94100,147.09100,1.00,15.00,18403.60,水平線手前,利確,支持抵抗,0,146.94100
2025-10-01,2025-10-31,20260209_085816,20260209_085816-0003,2025-10-01 21:17:17.569000,2025-10-01 21:24:20.265000,買い,146.62700,146.77700,1.00,15.00,18418.60,水平線手前,利確,支持抵抗,0,146.62700
2025-10-01,2025-10-31,20260209_085816,20260209_085816-0004,2025-10-02 15:37:22.096000,2025-10-02 15:37:26.393000,買い,146.97500,146.92500,1.00,-5.00,18413.60,水平線手前,損切,支持抵抗,0,146.97500
2025-10-01,2025-10-31,20260209_085816,20260209_085816-0005,2025-10-02 15:37:26.549000,2025-10-02 15:39:24.314000,買い,146.92200,147.07200,1.00,15.00,18428.60,水平線手前,利確,支持抵抗,0,146.92200
2025-10-01,2025-10-31,20260209_085816,20260209_085816-0006,2025-10-02 15:44:45.245000,2025-10-02 15:45:01.672000,売り,147.29200,147.34200,1.00,-5.00,18423.60,水平線手前,損切,支持抵抗,0,147.29200
2025-10-01,2025-10-31,20260209_085816,20260209_085816-0007,2025-10-02 15:45:03.044000,2025-10-02 15:55:17.087000,売り,147.34900,147.19900,1.00,15.00,18438.60,水平線手前,利確,支持抵抗,0,147.34900
2025-10-01,2025-10-31,20260209_085816,20260209_085816-0008,2025-10-02 17:17:31.223000,2025-10-02 17:48:11.152000,買い,146.93000,146.88000,1.00,-5.00,18433.60,水平線手前,損切,支持抵抗,0,146.93000
2025-10-01,2025-10-31,20260209_085816,20260209_085816-0009,2025-10-02 17:50:14.310000,2025-10-02 18:03:39.409000,買い,146.76400,146.71400,1.00,-5.00,18428.60,水平線手前,損切,支持抵抗,0,146.76400
2025-10-01,2025-10-31,20260209_085816,20260209_085816-0010,2025-10-02 18:37:40.324000,2025-10-02 20:43:30.367000,買い,146.63700,146.78700,1.00,15.00,18443.60,水平線手前,利確,支持抵抗,0,146.63700
2025-10-01,2025-10-31,20260209_085816,20260209_085816-0011,2025-10-03 00:38:53.233000,2025-10-03 01:04:01.968000,売り,147.48400,147.33400,1.00,15.00,18458.60,水平線手前,利確,支持抵抗,0,147.48400
2025-10-01,2025-10-31,20260209_085816,20260209_085816-0012,2025-10-03 11:15:28.219000,2025-10-03 12:05:49.476000,売り,147.65600,147.70600,1.00,-5.00,18453.60,水平線手前,損切,支持抵抗,0,147.65600
2025-10-01,2025-10-31,20260209_085816,20260209_085816-0013,2025-10-03 11:33:21.559000,2025-10-03 12:05:49.476000,売り,147.65400,147.70400,1.00,-5.00,18448.60,水平線手前,損切,支持抵抗,0,147.65400
2025-10-01,2025-10-31,20260209_085816,20260209_085816-0014,2025-10-03 12:10:26.402000,2025-10-03 14:21:12.394000,売り,147.73600,147.58600,1.00,15.00,18463.60,水平線手前,利確,支持抵抗,0,147.73600
2025-10-01,2025-10-31,20260209_085816,20260209_085816-0015,2025-10-03 14:59:15.004000,2025-10-03 15:08:47.890000,売り,147.78500,147.63500,1.00,15.00,18478.60,水平線手前,利確,支持抵抗,0,147.78500
2025-10-01,2025-10-31,20260209_085816,20260209_085816-0016,2025-10-03 15:23:08.237000,2025-10-03 16:34:27.838000,買い,147.53900,147.48900,1.00,-5.00,18473.60,水平線手前,損切,支持抵抗,0,147.53900
2025-10-01,2025-10-31,20260209_085816,20260209_085816-0017,2025-10-03 16:37:45.984000,2025-10-03 17:00:36.764000,買い,147.44600,147.39600,1.00,-5.00,18468.60,水平線手前,損切,支持抵抗,0,147.44600
2025-10-01,2025-10-31,20260209_085816,20260209_085816-0018,2025-10-03 17:55:00.122000,2025-10-03 20:35:31.904000,買い,147.31800,147.26800,1.00,-5.00,18463.60,水平線手前,損切,支持抵抗,0,147.31800
2025-10-01,2025-10-31,20260209_085816,20260209_085816-0019,2025-10-03 20:40:07.903000,2025-10-03 21:37:24.945000,買い,147.25700,147.40700,1.00,15.00,18478.60,水平線手前,利確,支持抵抗,0,147.25700
2025-10-01,2025-10-31,20260209_085816,20260209_085816-0020,2025-10-03 22:00:06.980000,2025-10-03 23:00:00.307000,買い,147.25200,147.20200,1.00,-5.00,18473.60,水平線手前,損切,支持抵抗,0,147.25200
2025-10-01,2025-10-31,20260209_085816,20260209_085816-0021,2025-10-03 23:00:00.307000,2025-10-03 23:00:10.582000,買い,147.09000,147.24000,1.00,15.00,18488.60,水平線手前,利確,支持抵抗,0,147.09000
2025-10-01,2025-10-31,20260209_085816,20260209_085816-0022,2025-10-03 23:00:00.461000,2025-10-03 23:00:22.660000,買い,147.10600,147.25600,1.00,15.00,18503.60,水平線手前,利確,支持抵抗,0,147.10600
2025-10-01,2025-10-31,20260209_085816,20260209_085816-0023,2025-10-06 11:03:01.350000,2025-10-06 11:30:20.117000,売り,149.83100,149.88100,1.00,-5.00,18498.60,水平線手前,損切,支持抵抗,0,149.83100
2025-10-01,2025-10-31,20260209_085816,20260209_085816-0024,2025-10-06 11:36:04.901000,2025-10-06 12:11:56.849000,売り,149.88700,149.93700,1.00,-5.00,18493.60,水平線手前,損切,支持抵抗,0,149.88700
2025-10-01,2025-10-31,20260209_085816,20260209_085816-0025,2025-10-06 12:53:07.797000,2025-10-06 13:02:13.087000,売り,150.07000,149.92000,1.00,15.00,18508.60,水平線手前,利確,支持抵抗,0,150.07000
2025-10-01,2025-10-31,20260209_085816,20260209_085816-0026,2025-10-06 13:41:02.997000,2025-10-06 14:25:58.652000,売り,150.31300,150.36300,1.00,-5.00,18503.60,水平線手前,損切,支持抵抗,0,150.31300
2025-10-01,2025-10-31,20260209_085816,20260209_085816-0027,2025-10-06 14:35:17.093000,2025-10-06 14:51:45.524000,売り,150.40700,150.25700,1.00,15.00,18518.60,水平線手前,利確,支持抵抗,0,150.40700
2025-10-01,2025-10-31,20260209_085816,20260209_085816-0028,2025-10-06 18:42:54.742000,2025-10-06 19:59:20.823000,売り,150.44500,150.29500,1.00,15.00,18533.60,水平線手前,利確,支持抵抗,0,150.44500
2025-10-01,2025-10-31,20260209_085816,20260209_085816-0029,2025-10-07 12:18:09.705000,2025-10-07 13:05:38.972000,買い,150.37500,150.32500,1.00,-5.00,18528.60,水平線手前,損切,支持抵抗,0,150.37500
2025-10-01,2025-10-31,20260209_085816,20260209_085816-0030,2025-10-07 13:30:28.907000,2025-10-07 13:48:15.475000,買い,150.28400,150.43400,1.00,15.00,18543.60,水平線手前,利確,支持抵抗,0,150.28400
2025-10-01,2025-10-31,20260209_085816,20260209_085816-0031,2025-10-07 15:05:25.650000,2025-10-07 15:08:55.639000,売り,150.58800,150.63800,1.00,-5.00,18538.60,水平線手前,損切,支持抵抗,0,150.58800
2025-10-01,2025-10-31,20260209_085816,20260209_085816-0032,2025-10-07 15:12:58.721000,2025-10-07 17:33:04.192000,売り,150.67000,150.72000,1.00,-5.00,18533.60,水平線手前,損切,支持抵抗,0,150.67000
2025-10-01,2025-10-31,20260209_085816,20260209_085816-0033,2025-10-07 16:06:21.672000,2025-10-07 17:38:17.714000,売り,150.68200,150.73200,1.00,-5.00,18528.60,水平線手前,損切,支持抵抗,0,150.68200
2025-10-01,2025-10-31,20260209_085816,20260209_085816-0034,2025-10-07 17:55:56.728000,2025-10-07 20:19:09.860000,売り,150.81100,150.86100,1.00,-5.00,18523.60,水平線手前,損切,支持抵抗,0,150.81100
2025-10-01,2025-10-31,20260209_085816,20260209_085816-0035,2025-10-07 20:50:10.324000,2025-10-07 21:17:51.698000,売り,150.92700,150.97700,1.00,-5.00,18518.60,水平線手前,損切,支持抵抗,0,150.92700
2025-10-01,2025-10-31,20260209_085816,20260209_085816-0036,2025-10-07 21:23:41.425000,2025-10-07 21:25:26.626000,売り,151.00200,150.85200,1.00,15.00,18533.60,水平線手前,利確,支持抵抗,0,151.00200
2025-10-01,2025-10-31,20260209_085816,20260209_085816-0037,2025-10-07 23:33:49.751000,2025-10-08 00:09:43.916000,売り,151.17500,151.02500,1.00,15.00,18548.60,水平線手前,利確,支持抵抗,0,151.17500
2025-10-01,2025-10-31,20260209_085816,20260209_085816-0038,2025-10-08 00:00:35.979000,2025-10-08 00:09:43.916000,売り,151.17400,151.02400,1.00,15.00,18563.60,水平線手前,利確,支持抵抗,0,151.17400
2025-10-01,2025-10-31,20260209_085816,20260209_085816-0039,2025-10-08 01:42:08.012000,2025-10-08 02:21:45.549000,売り,151.38600,151.43600,1.00,-5.00,18558.60,水平線手前,損切,支持抵抗,0,151.38600
2025-10-01,2025-10-31,20260209_085816,20260209_085816-0040,2025-10-08 02:35:00.363000,2025-10-08 03:02:09.585000,売り,151.50800,151.55800,1.00,-5.00,18553.60,水平線手前,損切,支持抵抗,0,151.50800
2025-10-01,2025-10-31,20260209_085816,20260209_085816-0041,2025-10-08 03:39:33.290000,2025-10-08 04:11:06.639000,売り,151.90600,151.75600,1.00,15.00,18568.60,水平線手前,利確,支持抵抗,0,151.90600
2025-10-01,2025-10-31,20260209_085816,20260209_085816-0042,2025-10-08 04:42:01.113000,2025-10-08 05:05:54.859000,売り,151.93000,151.98000,1.00,-5.00,18563.60,水平線手前,損切,支持抵抗,0,151.93000
2025-10-01,2025-10-31,20260209_085816,20260209_085816-0043,2025-10-08 11:02:34.925000,2025-10-08 11:04:18.045000,売り,152.57600,152.62600,1.00,-5.00,18558.60,水平線手前,損切,支持抵抗,0,152.57600
2025-10-01,2025-10-31,20260209_085816,20260209_085816-0044,2025-10-08 11:00:31.337000,2025-10-08 11:35:22.708000,売り,152.61700,152.46700,1.00,15.00,18573.60,水平線手前,利確,支持抵抗,0,152.61700
2025-10-01,2025-10-31,20260209_085816,20260209_085816-0045,2025-10-08 17:57:31.024000,2025-10-08 18:02:38.616000,売り,152.76300,152.81300,1.00,-5.00,18568.60,水平線手前,損切,支持抵抗,0,152.76300
2025-10-01,2025-10-31,20260209_085816,20260209_085816-0046,2025-10-08 18:53:53.318000,2025-10-08 19:24:09.242000,売り,152.96800,152.81800,1.00,15.00,18583.60,水平線手前,利確,支持抵抗,0,152.96800
2025-10-01,2025-10-31,20260209_085816,20260209_085816-0047,2025-10-08 22:16:04.769000,2025-10-08 22:24:40.405000,買い,152.41400,152.56400,1.00,15.00,18598.60,水平線手前,利確,支持抵抗,0,152.41400
2025-10-01,2025-10-31,20260209_085816,20260209_085816-0048,2025-10-09 11:52:04.690000,2025-10-09 13:12:25.773000,買い,152.44700,152.59700,1.00,15.00,18613.60,水平線手前,利確,支持抵抗,0,152.44700
2025-10-01,2025-10-31,20260209_085816,20260209_085816-0049,2025-10-09 15:19:28.161000,2025-10-09 15:20:08.979000,売り,152.96900,153.01900,1.00,-5.00,18608.60,水平線手前,損切,支持抵抗,0,152.96900
2025-10-01,2025-10-31,20260209_085816,20260209_085816-0050,2025-10-09 15:41:26.559000,2025-10-09 16:00:00.788000,売り,153.11800,152.96800,1.00,15.00,18623.60,水平線手前,利確,支持抵抗,0,153.11800
2025-10-01,2025-10-31,20260209_085816,20260209_085816-0051,2025-10-09 16:40:46.790000,2025-10-09 17:00:52.100000,売り,153.18700,153.03700,1.00,15.00,18638.60,水平線手前,利確,支持抵抗,0,153.18700
2025-10-01,2025-10-31,20260209_085816,20260209_085816-0052,2025-10-09 22:11:28.107000,2025-10-09 22:11:29.474000,買い,152.13800,152.28800,1.00,15.00,18653.60,水平線手前,利確,支持抵抗,0,152.13800
2025-10-01,2025-10-31,20260209_085816,20260209_085816-0053,2025-10-09 23:26:56.022000,2025-10-09 23:40:21.866000,売り,153.15400,153.00400,1.00,15.00,18668.60,水平線手前,利確,支持抵抗,0,153.15400
2025-10-01,2025-10-31,20260209_085816,20260209_085816-0054,2025-10-10 00:33:02.716000,2025-10-10 00:49:26.259000,売り,153.20100,153.05100,1.00,15.00,18683.60,水平線手前,利確,支持抵抗,0,153.20100
2025-10-01,2025-10-31,20260209_085816,20260209_085816-0055,2025-10-10 11:12:52.374000,2025-10-10 12:20:55.659000,買い,152.87400,152.82400,1.00,-5.00,18678.60,水平線手前,損切,支持抵抗,0,152.87400
2025-10-01,2025-10-31,20260209_085816,20260209_085816-0056,2025-10-10 12:23:12.313000,2025-10-10 12:38:48.905000,買い,152.81200,152.76200,1.00,-5.00,18673.60,水平線手前,損切,支持抵抗,0,152.81200
2025-10-01,2025-10-31,20260209_085816,20260209_085816-0057,2025-10-10 13:02:32.190000,2025-10-10 13:48:43.129000,買い,152.67500,152.82500,1.00,15.00,18688.60,水平線手前,利確,支持抵抗,0,152.67500
2025-10-01,2025-10-31,20260209_085816,20260209_085816-0058,2025-10-10 12:51:06.290000,2025-10-10 14:38:16.213000,買い,152.68300,152.83300,1.00,15.00,18703.60,水平線手前,利確,支持抵抗,0,152.68300
2025-10-01,2025-10-31,20260209_085816,20260209_085816-0059,2025-10-10 15:37:16.758000,2025-10-10 15:38:46.560000,買い,152.41800,152.56800,1.00,15.00,18718.60,水平線手前,利確,支持抵抗,0,152.41800
2025-10-01,2025-10-31,20260209_085816,20260209_085816-0060,2025-10-11 00:30:43.951000,2025-10-11 00:35:02.925000,買い,151.54400,151.69400,1.00,15.00,18733.60,水平線手前,利確,支持抵抗,0,151.54400
2025-10-01,2025-10-31,20260209_085816,20260209_085816-0061,2025-10-13 13:17:40.540000,2025-10-13 14:18:16.031000,買い,151.84600,151.79600,1.00,-5.00,18728.60,水平線手前,損切,支持抵抗,0,151.84600
2025-10-01,2025-10-31,20260209_085816,20260209_085816-0062,2025-10-13 14:18:16.805000,2025-10-13 15:13:38.559000,買い,151.80400,151.75400,1.00,-5.00,18723.60,水平線手前,損切,支持抵抗,0,151.80400
2025-10-01,2025-10-31,20260209_085816,20260209_085816-0063,2025-10-13 15:13:38.559000,2025-10-13 15:49:38.040000,買い,151.75500,151.90500,1.00,15.00,18738.60,水平線手前,利確,支持抵抗,0,151.75500
2025-10-01,2025-10-31,20260209_085816,20260209_085816-0064,2025-10-13 17:35:24.355000,2025-10-13 17:46:48.246000,売り,152.44100,152.29100,1.00,15.00,18753.60,水平線手前,利確,支持抵抗,0,152.44100
2025-10-01,2025-10-31,20260209_085816,20260209_085816-0065,2025-10-13 17:35:05.045000,2025-10-13 18:04:32.651000,売り,152.41800,152.26800,1.00,15.00,18768.60,水平線手前,利確,支持抵抗,0,152.41800
2025-10-01,2025-10-31,20260209_085816,20260209_085816-0066,2025-10-13 20:06:48.170000,2025-10-13 21:34:18.369000,買い,152.01800,152.16800,1.00,15.00,18783.60,水平線手前,利確,支持抵抗,0,152.01800
2025-10-01,2025-10-31,20260209_085816,20260209_085816-0067,2025-10-14 12:44:08.875000,2025-10-14 12:45:37.085000,買い,152.15000,152.10000,1.00,-5.00,18778.60,水平線手前,損切,支持抵抗,0,152.15000
2025-10-01,2025-10-31,20260209_085816,20260209_085816-0068,2025-10-14 12:45:38.359000,2025-10-14 13:05:05.980000,買い,152.08400,152.03400,1.00,-5.00,18773.60,水平線手前,損切,支持抵抗,0,152.08400
2025-10-01,2025-10-31,20260209_085816,20260209_085816-0069,2025-10-14 13:17:54.780000,2025-10-14 14:36:12.910000,買い,151.82000,151.77000,1.00,-5.00,18768.60,水平線手前,損切,支持抵抗,0,151.82000
2025-10-01,2025-10-31,20260209_085816,20260209_085816-0070,2025-10-14 14:39:32.061000,2025-10-14 15:00:23.507000,買い,151.71100,151.66100,1.00,-5.00,18763.60,水平線手前,損切,支持抵抗,0,151.71100
2025-10-01,2025-10-31,20260209_085816,20260209_085816-0071,2025-10-14 15:00:42.038000,2025-10-14 15:08:05.841000,買い,151.65200,151.80200,1.00,15.00,18778.60,水平線手前,利確,支持抵抗,0,151.65200
2025-10-01,2025-10-31,20260209_085816,20260209_085816-0072,2025-10-14 21:23:20.376000,2025-10-14 21:46:54.745000,買い,151.88700,152.03700,1.00,15.00,18793.60,水平線手前,利確,支持抵抗,0,151.88700
2025-10-01,2025-10-31,20260209_085816,20260209_085816-0073,2025-10-14 22:06:06.410000,2025-10-14 22:18:04.459000,売り,152.13500,151.98500,1.00,15.00,18808.60,水平線手前,利確,支持抵抗,0,152.13500
2025-10-01,2025-10-31,20260209_085816,20260209_085816-0074,2025-10-14 22:43:36.854000,2025-10-14 23:00:33.656000,買い,151.85700,152.00700,1.00,15.00,18823.60,水平線手前,利確,支持抵抗,0,151.85700
2025-10-01,2025-10-31,20260209_085816,20260209_085816-0075,2025-10-14 23:57:51.224000,2025-10-15 00:19:44.045000,買い,151.85800,151.80800,1.00,-5.00,18818.60,水平線手前,損切,支持抵抗,0,151.85800
2025-10-01,2025-10-31,20260209_085816,20260209_085816-0076,2025-10-15 00:39:45.272000,2025-10-15 01:19:51.449000,買い,151.77800,151.72800,1.00,-5.00,18813.60,水平線手前,損切,支持抵抗,0,151.77800
2025-10-01,2025-10-31,20260209_085816,20260209_085816-0077,2025-10-15 01:19:53.209000,2025-10-15 01:23:08.951000,買い,151.70600,151.85600,1.00,15.00,18828.60,水平線手前,利確,支持抵抗,0,151.70600
2025-10-01,2025-10-31,20260209_085816,20260209_085816-0078,2025-10-15 04:37:12.503000,2025-10-15 05:28:58.867000,買い,151.64400,151.79400,1.00,15.00,18843.60,水平線手前,利確,支持抵抗,0,151.64400
2025-10-01,2025-10-31,20260209_085816,20260209_085816-0079,2025-10-15 11:09:52.191000,2025-10-15 11:16:21.349000,買い,151.15800,151.10800,1.00,-5.00,18838.60,水平線手前,損切,支持抵抗,0,151.15800
2025-10-01,2025-10-31,20260209_085816,20260209_085816-0080,2025-10-15 11:38:31.238000,2025-10-15 12:01:49.424000,買い,151.07100,151.02100,1.00,-5.00,18833.60,水平線手前,損切,支持抵抗,0,151.07100
2025-10-01,2025-10-31,20260209_085816,20260209_085816-0081,2025-10-15 12:00:21.612000,2025-10-15 13:25:06.847000,買い,151.04000,151.19000,1.00,15.00,18848.60,水平線手前,利確,支持抵抗,0,151.04000
2025-10-01,2025-10-31,20260209_085816,20260209_085816-0082,2025-10-15 15:11:44.949000,2025-10-15 15:41:45.556000,買い,150.94000,151.09000,1.00,15.00,18863.60,水平線手前,利確,支持抵抗,0,150.94000
2025-10-01,2025-10-31,20260209_085816,20260209_085816-0083,2025-10-15 21:11:20.679000,2025-10-15 21:11:47.712000,売り,151.57400,151.62400,1.00,-5.00,18858.60,水平線手前,損切,支持抵抗,0,151.57400
2025-10-01,2025-10-31,20260209_085816,20260209_085816-0084,2025-10-15 21:17:05.407000,2025-10-15 22:03:47.095000,売り,151.66300,151.71300,1.00,-5.00,18853.60,水平線手前,損切,支持抵抗,0,151.66300
2025-10-01,2025-10-31,20260209_085816,20260209_085816-0085,2025-10-15 22:03:47.095000,2025-10-15 22:39:01.215000,売り,151.70700,151.55700,1.00,15.00,18868.60,水平線手前,利確,支持抵抗,0,151.70700
2025-10-01,2025-10-31,20260209_085816,20260209_085816-0086,2025-10-16 00:43:40.709000,2025-10-16 00:54:06.242000,買い,151.07700,151.22700,1.00,15.00,18883.60,水平線手前,利確,支持抵抗,0,151.07700
2025-10-01,2025-10-31,20260209_085816,20260209_085816-0087,2025-10-17 01:30:04.333000,2025-10-17 01:30:31.554000,買い,150.55300,150.50300,1.00,-5.00,18878.60,水平線手前,損切,支持抵抗,0,150.55300
2025-10-01,2025-10-31,20260209_085816,20260209_085816-0088,2025-10-17 01:30:04.437000,2025-10-17 01:30:37.557000,買い,150.55200,150.50200,1.00,-5.00,18873.60,水平線手前,損切,支持抵抗,0,150.55200
2025-10-01,2025-10-31,20260209_085816,20260209_085816-0089,2025-10-17 01:48:44.348000,2025-10-17 02:00:33.199000,買い,150.27100,150.42100,1.00,15.00,18888.60,水平線手前,利確,支持抵抗,0,150.27100
2025-10-01,2025-10-31,20260209_085816,20260209_085816-0090,2025-10-17 03:12:13.169000,2025-10-17 03:35:44.604000,買い,150.25900,150.40900,1.00,15.00,18903.60,水平線手前,利確,支持抵抗,0,150.25900
2025-10-01,2025-10-31,20260209_085816,20260209_085816-0091,2025-10-17 04:35:04.074000,2025-10-17 04:47:51.118000,買い,150.24500,150.39500,1.00,15.00,18918.60,水平線手前,利確,支持抵抗,0,150.24500
2025-10-01,2025-10-31,20260209_085816,20260209_085816-0092,2025-10-17 11:36:47.777000,2025-10-17 12:35:53.585000,買い,150.08500,150.03500,1.00,-5.00,18913.60,水平線手前,損切,支持抵抗,0,150.08500
2025-10-01,2025-10-31,20260209_085816,20260209_085816-0093,2025-10-17 12:49:48.713000,2025-10-17 13:06:43.585000,買い,149.93300,150.08300,1.00,15.00,18928.60,水平線手前,利確,支持抵抗,0,149.93300
2025-10-01,2025-10-31,20260209_085816,20260209_085816-0094,2025-10-17 14:53:00.319000,2025-10-17 14:59:49.726000,買い,149.79200,149.74200,1.00,-5.00,18923.60,水平線手前,損切,支持抵抗,0,149.79200
2025-10-01,2025-10-31,20260209_085816,20260209_085816-0095,2025-10-17 14:53:18.516000,2025-10-17 15:00:05.326000,買い,149.77500,149.72500,1.00,-5.00,18918.60,水平線手前,損切,支持抵抗,0,149.77500
2025-10-01,2025-10-31,20260209_085816,20260209_085816-0096,2025-10-17 15:54:33.096000,2025-10-17 16:00:50.157000,買い,149.66300,149.61300,1.00,-5.00,18913.60,水平線手前,損切,支持抵抗,0,149.66300
2025-10-01,2025-10-31,20260209_085816,20260209_085816-0097,2025-10-17 16:21:17.490000,2025-10-17 16:24:42.697000,買い,149.41800,149.56800,1.00,15.00,18928.60,水平線手前,利確,支持抵抗,0,149.41800
2025-10-01,2025-10-31,20260209_085816,20260209_085816-0098,2025-10-17 21:19:22.482000,2025-10-17 22:05:57.840000,売り,150.51400,150.36400,1.00,15.00,18943.60,水平線手前,利確,支持抵抗,0,150.51400
2025-10-01,2025-10-31,20260209_085816,20260209_085816-0099,2025-10-17 23:14:04.888000,2025-10-17 23:58:30.190000,売り,150.56100,150.41100,1.00,15.00,18958.60,水平線手前,利確,支持抵抗,0,150.56100
2025-10-01,2025-10-31,20260209_085816,20260209_085816-0100,2025-10-18 00:37:23.026000,2025-10-18 01:00:56.029000,買い,150.24100,150.39100,1.00,15.00,18973.60,水平線手前,利確,支持抵抗,0,150.24100
2025-10-01,2025-10-31,20260209_085816,20260209_085816-0101,2025-10-20 14:29:04.232000,2025-10-20 14:55:38.154000,買い,150.53600,150.68600,1.00,15.00,18988.60,水平線手前,利確,支持抵抗,0,150.53600
2025-10-01,2025-10-31,20260209_085816,20260209_085816-0102,2025-10-20 18:08:19.839000,2025-10-20 18:15:23.342000,買い,150.30500,150.45500,1.00,15.00,19003.60,水平線手前,利確,支持抵抗,0,150.30500
2025-10-01,2025-10-31,20260209_085816,20260209_085816-0103,2025-10-20 19:08:24.985000,2025-10-20 20:42:01.884000,売り,150.80500,150.85500,1.00,-5.00,18998.60,水平線手前,損切,支持抵抗,0,150.80500
2025-10-01,2025-10-31,20260209_085816,20260209_085816-0104,2025-10-20 20:34:29.660000,2025-10-20 21:00:02.854000,売り,150.82400,150.67400,1.00,15.00,19013.60,水平線手前,利確,支持抵抗,0,150.82400
2025-10-01,2025-10-31,20260209_085816,20260209_085816-0105,2025-10-20 23:37:16.469000,2025-10-20 23:58:30.189000,買い,150.45000,150.60000,1.00,15.00,19028.60,水平線手前,利確,支持抵抗,0,150.45000
2025-10-01,2025-10-31,20260209_085816,20260209_085816-0106,2025-10-21 11:00:40.132000,2025-10-21 11:01:28.953000,売り,150.96400,151.01400,1.00,-5.00,19023.60,水平線手前,損切,支持抵抗,0,150.96400
2025-10-01,2025-10-31,20260209_085816,20260209_085816-0107,2025-10-21 11:46:38.820000,2025-10-21 13:31:43.958000,売り,151.11500,151.16500,1.00,-5.00,19018.60,水平線手前,損切,支持抵抗,0,151.11500
2025-10-01,2025-10-31,20260209_085816,20260209_085816-0108,2025-10-21 12:00:05.044000,2025-10-21 13:31:44.984000,売り,151.12000,151.17000,1.00,-5.00,19013.60,水平線手前,損切,支持抵抗,0,151.12000
2025-10-01,2025-10-31,20260209_085816,20260209_085816-0109,2025-10-21 13:31:46.381000,2025-10-21 13:31:50.827000,売り,151.17000,151.22000,1.00,-5.00,19008.60,水平線手前,損切,支持抵抗,0,151.17000
2025-10-01,2025-10-31,20260209_085816,20260209_085816-0110,2025-10-21 13:31:50.827000,2025-10-21 13:47:50.719000,売り,151.21400,151.06400,1.00,15.00,19023.60,水平線手前,利確,支持抵抗,0,151.21400
2025-10-01,2025-10-31,20260209_085816,20260209_085816-0111,2025-10-21 14:05:02.636000,2025-10-21 14:05:07.064000,買い,150.88200,151.03200,1.00,15.00,19038.60,水平線手前,利確,支持抵抗,0,150.88200
2025-10-01,2025-10-31,20260209_085816,20260209_085816-0112,2025-10-21 14:16:39.631000,2025-10-21 14:17:08.678000,売り,151.34300,151.39300,1.00,-5.00,19033.60,水平線手前,損切,支持抵抗,0,151.34300
2025-10-01,2025-10-31,20260209_085816,20260209_085816-0113,2025-10-21 14:18:10.025000,2025-10-21 14:38:18.170000,売り,151.43100,151.48100,1.00,-5.00,19028.60,水平線手前,損切,支持抵抗,0,151.43100
2025-10-01,2025-10-31,20260209_085816,20260209_085816-0114,2025-10-21 14:39:35.296000,2025-10-21 15:00:01.534000,売り,151.49100,151.54100,1.00,-5.00,19023.60,水平線手前,損切,支持抵抗,0,151.49100
2025-10-01,2025-10-31,20260209_085816,20260209_085816-0115,2025-10-21 15:18:00.442000,2025-10-21 15:37:30.689000,売り,151.58200,151.43200,1.00,15.00,19038.60,水平線手前,利確,支持抵抗,0,151.58200
2025-10-01,2025-10-31,20260209_085816,20260209_085816-0116,2025-10-21 17:50:57.883000,2025-10-21 18:04:35.669000,売り,151.64900,151.69900,1.00,-5.00,19033.60,水平線手前,損切,支持抵抗,0,151.64900
2025-10-01,2025-10-31,20260209_085816,20260209_085816-0117,2025-10-21 18:36:00.616000,2025-10-21 19:00:02.617000,売り,151.77400,151.82400,1.00,-5.00,19028.60,水平線手前,損切,支持抵抗,0,151.77400
2025-10-01,2025-10-31,20260209_085816,20260209_085816-0118,2025-10-21 19:44:27.634000,2025-10-21 20:02:28.685000,売り,152.02300,151.87300,1.00,15.00,19043.60,水平線手前,利確,支持抵抗,0,152.02300
2025-10-01,2025-10-31,20260209_085816,20260209_085816-0119,2025-10-21 21:21:29.218000,2025-10-21 21:33:40.352000,売り,152.07500,152.12500,1.00,-5.00,19038.60,水平線手前,損切,支持抵抗,0,152.07500
2025-10-01,2025-10-31,20260209_085816,20260209_085816-0120,2025-10-21 21:34:55.813000,2025-10-21 22:00:43.925000,売り,152.14400,151.99400,1.00,15.00,19053.60,水平線手前,利確,支持抵抗,0,152.14400
2025-10-01,2025-10-31,20260209_085816,20260209_085816-0121,2025-10-21 23:02:07.896000,2025-10-21 23:19:12.921000,買い,151.49700,151.64700,1.00,15.00,19068.60,水平線手前,利確,支持抵抗,0,151.49700
2025-10-01,2025-10-31,20260209_085816,20260209_085816-0122,2025-10-22 15:03:13.341000,2025-10-22 15:30:13.339000,売り,151.94100,151.79100,1.00,15.00,19083.60,水平線手前,利確,支持抵抗,0,151.94100
2025-10-01,2025-10-31,20260209_085816,20260209_085816-0123,2025-10-22 21:45:10.574000,2025-10-22 21:52:26.230000,売り,151.91900,151.96900,1.00,-5.00,19078.60,水平線手前,損切,支持抵抗,0,151.91900
2025-10-01,2025-10-31,20260209_085816,20260209_085816-0124,2025-10-22 21:50:02.075000,2025-10-22 22:06:45.736000,売り,151.93800,151.98800,1.00,-5.00,19073.60,水平線手前,損切,支持抵抗,0,151.93800
2025-10-01,2025-10-31,20260209_085816,20260209_085816-0125,2025-10-22 22:23:23.085000,2025-10-23 00:02:09.553000,売り,152.01500,151.86500,1.00,15.00,19088.60,水平線手前,利確,支持抵抗,0,152.01500
2025-10-01,2025-10-31,20260209_085816,20260209_085816-0126,2025-10-23 01:32:51.987000,2025-10-23 01:35:52.042000,買い,151.52500,151.67500,1.00,15.00,19103.60,水平線手前,利確,支持抵抗,0,151.52500
2025-10-01,2025-10-31,20260209_085816,20260209_085816-0127,2025-10-23 01:30:42.501000,2025-10-23 01:37:11.701000,買い,151.54200,151.69200,1.00,15.00,19118.60,水平線手前,利確,支持抵抗,0,151.54200
2025-10-01,2025-10-31,20260209_085816,20260209_085816-0128,2025-10-23 11:00:01.160000,2025-10-23 11:40:23.448000,売り,152.42700,152.47700,1.00,-5.00,19113.60,水平線手前,損切,支持抵抗,0,152.42700
2025-10-01,2025-10-31,20260209_085816,20260209_085816-0129,2025-10-23 11:40:23.448000,2025-10-23 13:01:54.324000,売り,152.47100,152.52100,1.00,-5.00,19108.60,水平線手前,損切,支持抵抗,0,152.47100
2025-10-01,2025-10-31,20260209_085816,20260209_085816-0130,2025-10-23 11:44:33.103000,2025-10-23 13:01:54.324000,売り,152.47300,152.52300,1.00,-5.00,19103.60,水平線手前,損切,支持抵抗,0,152.47300
2025-10-01,2025-10-31,20260209_085816,20260209_085816-0131,2025-10-23 13:02:43.652000,2025-10-23 14:10:27.765000,売り,152.54200,152.39200,1.00,15.00,19118.60,水平線手前,利確,支持抵抗,0,152.54200
2025-10-01,2025-10-31,20260209_085816,20260209_085816-0132,2025-10-23 15:41:56.654000,2025-10-23 15:58:52.627000,売り,152.58200,152.63200,1.00,-5.00,19113.60,水平線手前,損切,支持抵抗,0,152.58200
2025-10-01,2025-10-31,20260209_085816,20260209_085816-0133,2025-10-23 15:58:48.187000,2025-10-23 16:18:46.060000,売り,152.61900,152.46900,1.00,15.00,19128.60,水平線手前,利確,支持抵抗,0,152.61900
2025-10-01,2025-10-31,20260209_085816,20260209_085816-0134,2025-10-23 17:48:24.639000,2025-10-23 18:07:41.171000,売り,152.62100,152.67100,1.00,-5.00,19123.60,水平線手前,損切,支持抵抗,0,152.62100
2025-10-01,2025-10-31,20260209_085816,20260209_085816-0135,2025-10-23 18:04:05.997000,2025-10-23 19:44:52.044000,売り,152.63600,152.68600,1.00,-5.00,19118.60,水平線手前,損切,支持抵抗,0,152.63600
2025-10-01,2025-10-31,20260209_085816,20260209_085816-0136,2025-10-23 20:00:42.097000,2025-10-23 21:31:04.249000,売り,152.76200,152.61200,1.00,15.00,19133.60,水平線手前,利確,支持抵抗,0,152.76200
2025-10-01,2025-10-31,20260209_085816,20260209_085816-0137,2025-10-23 19:55:33.407000,2025-10-23 21:31:05.082000,売り,152.75800,152.60800,1.00,15.00,19148.60,水平線手前,利確,支持抵抗,0,152.75800
2025-10-01,2025-10-31,20260209_085816,20260209_085816-0138,2025-10-24 01:10:39.172000,2025-10-24 03:01:59.947000,売り,152.76700,152.61700,1.00,15.00,19163.60,水平線手前,利確,支持抵抗,0,152.76700
2025-10-01,2025-10-31,20260209_085816,20260209_085816-0139,2025-10-24 11:08:23.503000,2025-10-24 11:30:43.647000,売り,152.87000,152.92000,1.00,-5.00,19158.60,水平線手前,損切,支持抵抗,0,152.87000
2025-10-01,2025-10-31,20260209_085816,20260209_085816-0140,2025-10-24 11:07:30.185000,2025-10-24 12:51:28.071000,売り,152.88400,152.73400,1.00,15.00,19173.60,水平線手前,利確,支持抵抗,0,152.88400
2025-10-01,2025-10-31,20260209_085816,20260209_085816-0141,2025-10-24 14:12:22.828000,2025-10-24 15:14:22.407000,売り,153.00700,153.05700,1.00,-5.00,19168.60,水平線手前,損切,支持抵抗,0,153.00700
2025-10-01,2025-10-31,20260209_085816,20260209_085816-0142,2025-10-24 15:14:04.149000,2025-10-24 16:07:21.363000,売り,153.03100,152.88100,1.00,15.00,19183.60,水平線手前,利確,支持抵抗,0,153.03100
2025-10-01,2025-10-31,20260209_085816,20260209_085816-0143,2025-10-24 14:29:55.887000,2025-10-24 16:08:16.448000,売り,153.02600,152.87600,1.00,15.00,19198.60,水平線手前,利確,支持抵抗,0,153.02600
2025-10-01,2025-10-31,20260209_085816,20260209_085816-0144,2025-10-24 21:30:01.350000,2025-10-24 21:30:01.402000,買い,152.49400,152.44400,1.00,-5.00,19193.60,水平線手前,損切,支持抵抗,0,152.49400
2025-10-01,2025-10-31,20260209_085816,20260209_085816-0145,2025-10-24 21:30:01.663000,2025-10-24 21:30:05.412000,買い,152.28100,152.43100,1.00,15.00,19208.60,水平線手前,利確,支持抵抗,0,152.28100
2025-10-01,2025-10-31,20260209_085816,20260209_085816-0146,2025-10-24 22:50:13.617000,2025-10-24 22:59:30.171000,売り,152.98700,152.83700,1.00,15.00,19223.60,水平線手前,利確,支持抵抗,0,152.98700
2025-10-01,2025-10-31,20260209_085816,20260209_085816-0147,2025-10-27 13:38:12.859000,2025-10-27 14:00:52.768000,売り,153.14700,153.19700,1.00,-5.00,19218.60,水平線手前,損切,支持抵抗,0,153.14700
2025-10-01,2025-10-31,20260209_085816,20260209_085816-0148,2025-10-27 13:38:11.662000,2025-10-27 14:00:52.928000,売り,153.14900,153.19900,1.00,-5.00,19213.60,水平線手前,損切,支持抵抗,0,153.14900
2025-10-01,2025-10-31,20260209_085816,20260209_085816-0149,2025-10-27 14:14:38.829000,2025-10-27 15:06:19.105000,売り,153.24300,153.09300,1.00,15.00,19228.60,水平線手前,利確,支持抵抗,0,153.24300
2025-10-01,2025-10-31,20260209_085816,20260209_085816-0150,2025-10-27 14:12:54.867000,2025-10-27 15:06:22.384000,売り,153.22500,153.07500,1.00,15.00,19243.60,水平線手前,利確,支持抵抗,0,153.22500
2025-10-01,2025-10-31,20260209_085816,20260209_085816-0151,2025-10-27 15:38:57.683000,2025-10-27 15:55:08.785000,買い,152.86600,153.01600,1.00,15.00,19258.60,水平線手前,利確,支持抵抗,0,152.86600
2025-10-01,2025-10-31,20260209_085816,20260209_085816-0152,2025-10-27 17:37:51.177000,2025-10-27 18:38:37.047000,買い,152.78300,152.73300,1.00,-5.00,19253.60,水平線手前,損切,支持抵抗,0,152.78300
2025-10-01,2025-10-31,20260209_085816,20260209_085816-0153,2025-10-27 18:38:37.047000,2025-10-27 20:23:34.242000,買い,152.73900,152.68900,1.00,-5.00,19248.60,水平線手前,損切,支持抵抗,0,152.73900
2025-10-01,2025-10-31,20260209_085816,20260209_085816-0154,2025-10-27 20:23:35.176000,2025-10-27 20:23:46.970000,買い,152.69000,152.64000,1.00,-5.00,19243.60,水平線手前,損切,支持抵抗,0,152.69000
2025-10-01,2025-10-31,20260209_085816,20260209_085816-0155,2025-10-27 20:23:53.342000,2025-10-27 20:35:39.836000,買い,152.63000,152.78000,1.00,15.00,19258.60,水平線手前,利確,支持抵抗,0,152.63000
2025-10-01,2025-10-31,20260209_085816,20260209_085816-0156,2025-10-27 20:58:04.483000,2025-10-27 21:03:10.645000,買い,152.63200,152.58200,1.00,-5.00,19253.60,水平線手前,損切,支持抵抗,0,152.63200
2025-10-01,2025-10-31,20260209_085816,20260209_085816-0157,2025-10-27 21:03:02.995000,2025-10-27 21:30:07.158000,買い,152.60200,152.75200,1.00,15.00,19268.60,水平線手前,利確,支持抵抗,0,152.60200
2025-10-01,2025-10-31,20260209_085816,20260209_085816-0158,2025-10-28 12:53:14.782000,2025-10-28 12:54:19.584000,買い,152.30100,152.25100,1.00,-5.00,19263.60,水平線手前,損切,支持抵抗,0,152.30100
2025-10-01,2025-10-31,20260209_085816,20260209_085816-0159,2025-10-28 12:55:03.150000,2025-10-28 13:20:11.290000,買い,152.18000,152.13000,1.00,-5.00,19258.60,水平線手前,損切,支持抵抗,0,152.18000
2025-10-01,2025-10-31,20260209_085816,20260209_085816-0160,2025-10-28 13:46:08.158000,2025-10-28 13:48:26.359000,買い,151.99500,151.94500,1.00,-5.00,19253.60,水平線手前,損切,支持抵抗,0,151.99500
2025-10-01,2025-10-31,20260209_085816,20260209_085816-0161,2025-10-28 13:54:14.436000,2025-10-28 14:06:02.370000,買い,151.89200,151.84200,1.00,-5.00,19248.60,水平線手前,損切,支持抵抗,0,151.89200
2025-10-01,2025-10-31,20260209_085816,20260209_085816-0162,2025-10-28 14:25:02.092000,2025-10-28 14:50:48.840000,買い,151.79800,151.94800,1.00,15.00,19263.60,水平線手前,利確,支持抵抗,0,151.79800
2025-10-01,2025-10-31,20260209_085816,20260209_085816-0163,2025-10-29 14:40:10.281000,2025-10-29 14:58:13.478000,売り,152.51600,152.36600,1.00,15.00,19278.60,水平線手前,利確,支持抵抗,0,152.51600
2025-10-01,2025-10-31,20260209_085816,20260209_085816-0164,2025-10-29 22:20:22.408000,2025-10-29 22:51:09.993000,買い,151.89800,152.04800,1.00,15.00,19293.60,水平線手前,利確,支持抵抗,0,151.89800
2025-10-01,2025-10-31,20260209_085816,20260209_085816-0165,2025-10-30 03:35:33.423000,2025-10-30 03:36:03.723000,売り,152.71700,152.76700,1.00,-5.00,19288.60,水平線手前,損切,支持抵抗,0,152.71700
2025-10-01,2025-10-31,20260209_085816,20260209_085816-0166,2025-10-30 03:38:55.669000,2025-10-30 03:43:21.195000,売り,153.02600,152.87600,1.00,15.00,19303.60,水平線手前,利確,支持抵抗,0,153.02600
2025-10-01,2025-10-31,20260209_085816,20260209_085816-0167,2025-10-30 04:29:33.354000,2025-10-30 04:41:04.213000,売り,153.02900,152.87900,1.00,15.00,19318.60,水平線手前,利確,支持抵抗,0,153.02900
2025-10-01,2025-10-31,20260209_085816,20260209_085816-0168,2025-10-30 12:03:09.834000,2025-10-30 12:15:05.233000,買い,152.20200,152.35200,1.00,15.00,19333.60,水平線手前,利確,支持抵抗,0,152.20200
2025-10-01,2025-10-31,20260209_085816,20260209_085816-0169,2025-10-30 12:32:46.219000,2025-10-30 12:42:32.447000,売り,153.11000,152.96000,1.00,15.00,19348.60,水平線手前,利確,支持抵抗,0,153.11000
2025-10-01,2025-10-31,20260209_085816,20260209_085816-0170,2025-10-30 15:40:13.308000,2025-10-30 15:40:17.241000,売り,153.10800,153.15800,1.00,-5.00,19343.60,水平線手前,損切,支持抵抗,0,153.10800
2025-10-01,2025-10-31,20260209_085816,20260209_085816-0171,2025-10-30 15:40:17.295000,2025-10-30 15:40:19.764000,売り,153.16800,153.21800,1.00,-5.00,19338.60,水平線手前,損切,支持抵抗,0,153.16800
2025-10-01,2025-10-31,20260209_085816,20260209_085816-0172,2025-10-30 15:44:28.210000,2025-10-30 16:00:00.432000,売り,153.49300,153.34300,1.00,15.00,19353.60,水平線手前,利確,支持抵抗,0,153.49300
2025-10-01,2025-10-31,20260209_085816,20260209_085816-0173,2025-10-30 16:16:05.424000,2025-10-30 16:29:48.748000,売り,153.51500,153.36500,1.00,15.00,19368.60,水平線手前,利確,支持抵抗,0,153.51500
2025-10-01,2025-10-31,20260209_085816,20260209_085816-0174,2025-10-30 17:32:11.410000,2025-10-30 17:46:45.582000,売り,153.85600,153.70600,1.00,15.00,19383.60,水平線手前,利確,支持抵抗,0,153.85600
2025-10-01,2025-10-31,20260209_085816,20260209_085816-0175,2025-10-30 19:39:38.109000,2025-10-30 20:00:07.070000,売り,153.93200,153.98200,1.00,-5.00,19378.60,水平線手前,損切,支持抵抗,0,153.93200
2025-10-01,2025-10-31,20260209_085816,20260209_085816-0176,2025-10-30 20:56:04.316000,2025-10-30 21:13:46.887000,売り,154.14400,154.19400,1.00,-5.00,19373.60,水平線手前,損切,支持抵抗,0,154.14400
2025-10-01,2025-10-31,20260209_085816,20260209_085816-0177,2025-10-30 21:28:12.281000,2025-10-30 22:00:00.169000,売り,154.25900,154.30900,1.00,-5.00,19368.60,水平線手前,損切,支持抵抗,0,154.25900
2025-10-01,2025-10-31,20260209_085816,20260209_085816-0178,2025-10-30 22:07:24.303000,2025-10-30 22:35:58.985000,売り,154.41400,154.26400,1.00,15.00,19383.60,水平線手前,利確,支持抵抗,0,154.41400
2025-10-01,2025-10-31,20260209_085816,20260209_085816-0179,2025-10-31 15:42:19.558000,2025-10-31 15:45:01.354000,売り,154.13400,154.18400,1.00,-5.00,19378.60,水平線手前,損切,支持抵抗,0,154.13400
2025-10-01,2025-10-31,20260209_085816,20260209_085816-0180,2025-10-31 15:51:55.427000,2025-10-31 16:00:51.039000,売り,154.20500,154.25500,1.00,-5.00,19373.60,水平線手前,損切,支持抵抗,0,154.20500
2025-10-01,2025-10-31,20260209_085816,20260209_085816-0181,2025-10-31 16:02:22.904000,2025-10-31 16:24:11.621000,売り,154.36500,154.21500,1.00,15.00,19388.60,水平線手前,利確,支持抵抗,0,154.36500
2025-10-01,2025-10-31,20260209_085816,20260209_085816-0182,2025-10-31 17:18:07.256000,2025-10-31 18:04:46.750000,売り,154.38300,154.23300,1.00,15.00,19403.60,水平線手前,利確,支持抵抗,0,154.38300
2025-11-01,2025-11-30,20260209_085859,20260209_085859-0001,2025-11-04 00:00:00.263000,2025-11-04 00:04:31.436000,買い,153.92600,154.07600,1.00,15.00,19418.60,水平線手前,利確,支持抵抗,0,153.92600
2025-11-01,2025-11-30,20260209_085859,20260209_085859-0002,2025-11-04 00:00:02.820000,2025-11-04 00:24:23.478000,買い,153.95100,154.10100,1.00,15.00,19433.60,水平線手前,利確,支持抵抗,0,153.95100
2025-11-01,2025-11-30,20260209_085859,20260209_085859-0003,2025-11-04 12:00:16.024000,2025-11-04 13:26:36.535000,買い,154.08900,154.03900,1.00,-5.00,19428.60,水平線手前,損切,支持抵抗,0,154.08900
2025-11-01,2025-11-30,20260209_085859,20260209_085859-0004,2025-11-04 13:40:52.755000,2025-11-04 13:55:20.989000,買い,153.84700,153.99700,1.00,15.00,19443.60,水平線手前,利確,支持抵抗,0,153.84700
2025-11-01,2025-11-30,20260209_085859,20260209_085859-0005,2025-11-04 14:42:48.850000,2025-11-04 15:13:28.823000,買い,153.72200,153.67200,1.00,-5.00,19438.60,水平線手前,損切,支持抵抗,0,153.72200
2025-11-01,2025-11-30,20260209_085859,20260209_085859-0006,2025-11-04 15:24:52.035000,2025-11-04 16:12:05.074000,買い,153.52900,153.47900,1.00,-5.00,19433.60,水平線手前,損切,支持抵抗,0,153.52900
2025-11-01,2025-11-30,20260209_085859,20260209_085859-0007,2025-11-04 16:31:54.702000,2025-11-04 16:53:16.672000,買い,153.36600,153.51600,1.00,15.00,19448.60,水平線手前,利確,支持抵抗,0,153.36600
2025-11-01,2025-11-30,20260209_085859,20260209_085859-0008,2025-11-04 19:04:51.095000,2025-11-04 19:31:39.720000,買い,153.35400,153.50400,1.00,15.00,19463.60,水平線手前,利確,支持抵抗,0,153.35400
2025-11-01,2025-11-30,20260209_085859,20260209_085859-0009,2025-11-04 22:51:08.407000,2025-11-04 23:17:53.088000,買い,153.35400,153.50400,1.00,15.00,19478.60,水平線手前,利確,支持抵抗,0,153.35400
2025-11-01,2025-11-30,20260209_085859,20260209_085859-0010,2025-11-05 15:42:18.191000,2025-11-05 16:07:41.743000,売り,153.71900,153.56900,1.00,15.00,19493.60,水平線手前,利確,支持抵抗,0,153.71900
2025-11-01,2025-11-30,20260209_085859,20260209_085859-0011,2025-11-05 19:03:11.801000,2025-11-05 19:45:41.906000,売り,153.82200,153.67200,1.00,15.00,19508.60,水平線手前,利確,支持抵抗,0,153.82200
2025-11-01,2025-11-30,20260209_085859,20260209_085859-0012,2025-11-05 22:41:24.464000,2025-11-05 23:00:03.690000,売り,153.96100,154.01100,1.00,-5.00,19503.60,水平線手前,損切,支持抵抗,0,153.96100
2025-11-01,2025-11-30,20260209_085859,20260209_085859-0013,2025-11-05 23:00:03.690000,2025-11-06 00:00:00.316000,売り,154.01300,154.06300,1.00,-5.00,19498.60,水平線手前,損切,支持抵抗,0,154.01300
2025-11-01,2025-11-30,20260209_085859,20260209_085859-0014,2025-11-06 00:00:00.316000,2025-11-06 00:00:21.170000,売り,154.18300,154.23300,1.00,-5.00,19493.60,水平線手前,損切,支持抵抗,0,154.18300
2025-11-01,2025-11-30,20260209_085859,20260209_085859-0015,2025-11-06 00:01:01.317000,2025-11-06 01:04:11.598000,売り,154.28000,154.33000,1.00,-5.00,19488.60,水平線手前,損切,支持抵抗,0,154.28000
2025-11-01,2025-11-30,20260209_085859,20260209_085859-0016,2025-11-06 01:04:15.212000,2025-11-06 01:51:22.467000,売り,154.32900,154.17900,1.00,15.00,19503.60,水平線手前,利確,支持抵抗,0,154.32900
2025-11-01,2025-11-30,20260209_085859,20260209_085859-0017,2025-11-06 17:56:25.296000,2025-11-06 17:56:52.774000,買い,153.60100,153.55100,1.00,-5.00,19498.60,水平線手前,損切,支持抵抗,0,153.60100
2025-11-01,2025-11-30,20260209_085859,20260209_085859-0018,2025-11-06 17:56:51.177000,2025-11-06 18:17:03.107000,買い,153.57100,153.72100,1.00,15.00,19513.60,水平線手前,利確,支持抵抗,0,153.57100
2025-11-01,2025-11-30,20260209_085859,20260209_085859-0019,2025-11-06 22:37:40.492000,2025-11-06 23:58:56.949000,買い,153.44200,153.39200,1.00,-5.00,19508.60,水平線手前,損切,支持抵抗,0,153.44200
2025-11-01,2025-11-30,20260209_085859,20260209_085859-0020,2025-11-06 23:56:04.987000,2025-11-07 00:00:07.985000,買い,153.42600,153.37600,1.00,-5.00,19503.60,水平線手前,損切,支持抵抗,0,153.42600
2025-11-01,2025-11-30,20260209_085859,20260209_085859-0021,2025-11-07 00:57:36.766000,2025-11-07 01:38:56.116000,買い,153.08200,153.03200,1.00,-5.00,19498.60,水平線手前,損切,支持抵抗,0,153.08200
2025-11-01,2025-11-30,20260209_085859,20260209_085859-0022,2025-11-07 01:57:01.005000,2025-11-07 02:07:46.975000,買い,153.01500,152.96500,1.00,-5.00,19493.60,水平線手前,損切,支持抵抗,0,153.01500
2025-11-01,2025-11-30,20260209_085859,20260209_085859-0023,2025-11-07 01:59:48.893000,2025-11-07 02:07:48.002000,買い,152.99700,152.94700,1.00,-5.00,19488.60,水平線手前,損切,支持抵抗,0,152.99700
2025-11-01,2025-11-30,20260209_085859,20260209_085859-0024,2025-11-07 02:15:37.101000,2025-11-07 02:49:08.208000,買い,152.87100,153.02100,1.00,15.00,19503.60,水平線手前,利確,支持抵抗,0,152.87100
2025-11-01,2025-11-30,20260209_085859,20260209_085859-0025,2025-11-07 11:23:17.693000,2025-11-07 11:48:25.391000,買い,152.98400,153.13400,1.00,15.00,19518.60,水平線手前,利確,支持抵抗,0,152.98400
2025-11-01,2025-11-30,20260209_085859,20260209_085859-0026,2025-11-07 14:41:52.165000,2025-11-07 14:57:24.352000,売り,153.27700,153.32700,1.00,-5.00,19513.60,水平線手前,損切,支持抵抗,0,153.27700
2025-11-01,2025-11-30,20260209_085859,20260209_085859-0027,2025-11-07 14:58:19.254000,2025-11-07 15:00:09.275000,売り,153.33700,153.38700,1.00,-5.00,19508.60,水平線手前,損切,支持抵抗,0,153.33700
2025-11-01,2025-11-30,20260209_085859,20260209_085859-0028,2025-11-07 15:37:07.027000,2025-11-07 16:00:07.760000,売り,153.49600,153.54600,1.00,-5.00,19503.60,水平線手前,損切,支持抵抗,0,153.49600
2025-11-01,2025-11-30,20260209_085859,20260209_085859-0029,2025-11-07 16:00:00.948000,2025-11-07 19:23:00.344000,売り,153.50900,153.35900,1.00,15.00,19518.60,水平線手前,利確,支持抵抗,0,153.50900
2025-11-01,2025-11-30,20260209_085859,20260209_085859-0030,2025-11-08 04:40:46.010000,2025-11-08 04:45:15.693000,売り,153.51000,153.56000,1.00,-5.00,19513.60,水平線手前,損切,支持抵抗,0,153.51000
2025-11-01,2025-11-30,20260209_085859,20260209_085859-0031,2025-11-08 04:45:15.693000,2025-11-08 05:02:02.793000,売り,153.55300,153.60300,1.00,-5.00,19508.60,水平線手前,損切,支持抵抗,0,153.55300
2025-11-01,2025-11-30,20260209_085859,20260209_085859-0032,2025-11-10 12:02:48.674000,2025-11-10 12:16:47.520000,売り,153.92800,153.97800,1.00,-5.00,19503.60,水平線手前,損切,支持抵抗,0,153.92800
2025-11-01,2025-11-30,20260209_085859,20260209_085859-0033,2025-11-10 12:29:13.034000,2025-11-10 13:32:41.349000,売り,153.99700,153.84700,1.00,15.00,19518.60,水平線手前,利確,支持抵抗,0,153.99700
2025-11-01,2025-11-30,20260209_085859,20260209_085859-0034,2025-11-10 14:15:03.470000,2025-11-10 16:07:54.431000,売り,154.04300,154.09300,1.00,-5.00,19513.60,水平線手前,損切,支持抵抗,0,154.04300
2025-11-01,2025-11-30,20260209_085859,20260209_085859-0035,2025-11-10 15:47:44.512000,2025-11-10 16:08:10.264000,売り,154.05400,154.10400,1.00,-5.00,19508.60,水平線手前,損切,支持抵抗,0,154.05400
2025-11-01,2025-11-30,20260209_085859,20260209_085859-0036,2025-11-10 16:14:54.557000,2025-11-10 16:37:20.127000,売り,154.12300,153.97300,1.00,15.00,19523.60,水平線手前,利確,支持抵抗,0,154.12300
2025-11-01,2025-11-30,20260209_085859,20260209_085859-0037,2025-11-10 16:08:23.688000,2025-11-10 16:46:40.207000,売り,154.11200,153.96200,1.00,15.00,19538.60,水平線手前,利確,支持抵抗,0,154.11200
2025-11-01,2025-11-30,20260209_085859,20260209_085859-0038,2025-11-10 17:57:12.503000,2025-11-10 18:04:17.741000,売り,154.15300,154.20300,1.00,-5.00,19533.60,水平線手前,損切,支持抵抗,0,154.15300
2025-11-01,2025-11-30,20260209_085859,20260209_085859-0039,2025-11-10 18:04:36.554000,2025-11-10 20:08:14.705000,売り,154.20300,154.25300,1.00,-5.00,19528.60,水平線手前,損切,支持抵抗,0,154.20300
2025-11-01,2025-11-30,20260209_085859,20260209_085859-0040,2025-11-10 20:02:53.037000,2025-11-10 21:22:02.564000,売り,154.22000,154.07000,1.00,15.00,19543.60,水平線手前,利確,支持抵抗,0,154.22000
2025-11-01,2025-11-30,20260209_085859,20260209_085859-0041,2025-11-11 22:17:21.093000,2025-11-11 22:19:45.072000,買い,154.12600,154.07600,1.00,-5.00,19538.60,水平線手前,損切,支持抵抗,0,154.12600
2025-11-01,2025-11-30,20260209_085859,20260209_085859-0042,2025-11-11 22:24:42.423000,2025-11-11 22:25:21.174000,買い,153.92400,153.87400,1.00,-5.00,19533.60,水平線手前,損切,支持抵抗,0,153.92400
2025-11-01,2025-11-30,20260209_085859,20260209_085859-0043,2025-11-11 22:25:51.143000,2025-11-11 22:26:29.175000,買い,153.81600,153.76600,1.00,-5.00,19528.60,水平線手前,損切,支持抵抗,0,153.81600
2025-11-01,2025-11-30,20260209_085859,20260209_085859-0044,2025-11-11 22:43:56.211000,2025-11-11 23:13:58.432000,買い,153.70000,153.85000,1.00,15.00,19543.60,水平線手前,利確,支持抵抗,0,153.70000
2025-11-01,2025-11-30,20260209_085859,20260209_085859-0045,2025-11-12 11:00:00.256000,2025-11-12 11:15:25.607000,売り,154.32900,154.37900,1.00,-5.00,19538.60,水平線手前,損切,支持抵抗,0,154.32900
2025-11-01,2025-11-30,20260209_085859,20260209_085859-0046,2025-11-12 11:16:20.748000,2025-11-12 13:13:37.542000,売り,154.38700,154.43700,1.00,-5.00,19533.60,水平線手前,損切,支持抵抗,0,154.38700
2025-11-01,2025-11-30,20260209_085859,20260209_085859-0047,2025-11-12 13:21:03.735000,2025-11-12 13:22:00.999000,売り,154.46200,154.51200,1.00,-5.00,19528.60,水平線手前,損切,支持抵抗,0,154.46200
2025-11-01,2025-11-30,20260209_085859,20260209_085859-0048,2025-11-12 13:52:03.719000,2025-11-12 14:00:06.683000,売り,154.71800,154.76800,1.00,-5.00,19523.60,水平線手前,損切,支持抵抗,0,154.71800
2025-11-01,2025-11-30,20260209_085859,20260209_085859-0049,2025-11-12 14:00:06.683000,2025-11-12 14:20:13.753000,売り,154.76000,154.61000,1.00,15.00,19538.60,水平線手前,利確,支持抵抗,0,154.76000
2025-11-01,2025-11-30,20260209_085859,20260209_085859-0050,2025-11-12 18:30:01.754000,2025-11-12 21:23:22.549000,売り,154.87600,154.72600,1.00,15.00,19553.60,水平線手前,利確,支持抵抗,0,154.87600
2025-11-01,2025-11-30,20260209_085859,20260209_085859-0051,2025-11-12 22:30:36.806000,2025-11-12 23:25:03.790000,売り,154.96500,155.01500,1.00,-5.00,19548.60,水平線手前,損切,支持抵抗,0,154.96500
2025-11-01,2025-11-30,20260209_085859,20260209_085859-0052,2025-11-12 23:26:59.822000,2025-11-13 00:01:00.308000,売り,155.01400,154.86400,1.00,15.00,19563.60,水平線手前,利確,支持抵抗,0,155.01400
2025-11-01,2025-11-30,20260209_085859,20260209_085859-0053,2025-11-13 17:59:36.671000,2025-11-13 18:07:01.150000,買い,154.53700,154.48700,1.00,-5.00,19558.60,水平線手前,損切,支持抵抗,0,154.53700
2025-11-01,2025-11-30,20260209_085859,20260209_085859-0054,2025-11-13 18:30:01.140000,2025-11-13 18:41:47.604000,買い,154.36400,154.51400,1.00,15.00,19573.60,水平線手前,利確,支持抵抗,0,154.36400
2025-11-01,2025-11-30,20260209_085859,20260209_085859-0055,2025-11-14 00:54:14.469000,2025-11-14 01:14:43.884000,買い,154.16400,154.31400,1.00,15.00,19588.60,水平線手前,利確,支持抵抗,0,154.16400
2025-11-01,2025-11-30,20260209_085859,20260209_085859-0056,2025-11-14 12:32:13.745000,2025-11-14 12:54:16.350000,買い,154.34900,154.49900,1.00,15.00,19603.60,水平線手前,利確,支持抵抗,0,154.34900
2025-11-01,2025-11-30,20260209_085859,20260209_085859-0057,2025-11-14 17:05:10.996000,2025-11-14 17:25:32.546000,売り,154.71500,154.56500,1.00,15.00,19618.60,水平線手前,利確,支持抵抗,0,154.71500
2025-11-01,2025-11-30,20260209_085859,20260209_085859-0058,2025-11-14 19:35:11.189000,2025-11-14 21:06:04.762000,売り,154.73300,154.58300,1.00,15.00,19633.60,水平線手前,利確,支持抵抗,0,154.73300
2025-11-01,2025-11-30,20260209_085859,20260209_085859-0059,2025-11-14 21:38:20.722000,2025-11-14 21:39:04.277000,買い,154.16400,154.11400,1.00,-5.00,19628.60,水平線手前,損切,支持抵抗,0,154.16400
2025-11-01,2025-11-30,20260209_085859,20260209_085859-0060,2025-11-14 21:40:08.787000,2025-11-14 21:41:05.785000,買い,154.08500,154.03500,1.00,-5.00,19623.60,水平線手前,損切,支持抵抗,0,154.08500
2025-11-01,2025-11-30,20260209_085859,20260209_085859-0061,2025-11-14 21:59:54.742000,2025-11-14 22:00:12.712000,買い,153.84600,153.79600,1.00,-5.00,19618.60,水平線手前,損切,支持抵抗,0,153.84600
2025-11-01,2025-11-30,20260209_085859,20260209_085859-0062,2025-11-14 22:21:23.117000,2025-11-14 22:28:29.415000,買い,153.64700,153.79700,1.00,15.00,19633.60,水平線手前,利確,支持抵抗,0,153.64700
2025-11-01,2025-11-30,20260209_085859,20260209_085859-0063,2025-11-15 02:10:35.031000,2025-11-15 03:04:03.738000,売り,154.73400,154.58400,1.00,15.00,19648.60,水平線手前,利確,支持抵抗,0,154.73400
2025-11-01,2025-11-30,20260209_085859,20260209_085859-0064,2025-11-15 02:10:03.096000,2025-11-15 04:01:17.690000,売り,154.71300,154.56300,1.00,15.00,19663.60,水平線手前,利確,支持抵抗,0,154.71300
2025-11-01,2025-11-30,20260209_085859,20260209_085859-0065,2025-11-17 12:02:48.277000,2025-11-17 14:21:40.194000,売り,154.75800,154.60800,1.00,15.00,19678.60,水平線手前,利確,支持抵抗,0,154.75800
2025-11-01,2025-11-30,20260209_085859,20260209_085859-0066,2025-11-17 15:05:40.251000,2025-11-17 17:35:05.626000,売り,154.78200,154.83200,1.00,-5.00,19673.60,水平線手前,損切,支持抵抗,0,154.78200
2025-11-01,2025-11-30,20260209_085859,20260209_085859-0067,2025-11-17 17:35:02.717000,2025-11-17 19:59:55.133000,売り,154.80300,154.85300,1.00,-5.00,19668.60,水平線手前,損切,支持抵抗,0,154.80300
2025-11-01,2025-11-30,20260209_085859,20260209_085859-0068,2025-11-17 19:53:18.605000,2025-11-17 20:05:24.867000,売り,154.81500,154.86500,1.00,-5.00,19663.60,水平線手前,損切,支持抵抗,0,154.81500
2025-11-01,2025-11-30,20260209_085859,20260209_085859-0069,2025-11-17 20:00:02.703000,2025-11-17 22:01:39.085000,売り,154.84100,154.89100,1.00,-5.00,19658.60,水平線手前,損切,支持抵抗,0,154.84100
2025-11-01,2025-11-30,20260209_085859,20260209_085859-0070,2025-11-17 22:02:53.717000,2025-11-17 23:23:37.085000,売り,154.88600,154.93600,1.00,-5.00,19653.60,水平線手前,損切,支持抵抗,0,154.88600
2025-11-01,2025-11-30,20260209_085859,20260209_085859-0071,2025-11-17 23:48:21.664000,2025-11-17 23:59:55.006000,売り,154.98500,155.03500,1.00,-5.00,19648.60,水平線手前,損切,支持抵抗,0,154.98500
2025-11-01,2025-11-30,20260209_085859,20260209_085859-0072,2025-11-17 23:58:38.000000,2025-11-18 00:00:06.354000,売り,155.00500,155.05500,1.00,-5.00,19643.60,水平線手前,損切,支持抵抗,0,155.00500
2025-11-01,2025-11-30,20260209_085859,20260209_085859-0073,2025-11-18 00:14:02.631000,2025-11-18 01:10:54.272000,売り,155.27300,155.12300,1.00,15.00,19658.60,水平線手前,利確,支持抵抗,0,155.27300
2025-11-01,2025-11-30,20260209_085859,20260209_085859-0074,2025-11-18 13:23:16.108000,2025-11-18 13:54:13.520000,買い,154.85500,155.00500,1.00,15.00,19673.60,水平線手前,利確,支持抵抗,0,154.85500
2025-11-01,2025-11-30,20260209_085859,20260209_085859-0075,2025-11-18 19:43:19.640000,2025-11-18 19:48:35.776000,売り,155.35000,155.40000,1.00,-5.00,19668.60,水平線手前,損切,支持抵抗,0,155.35000
2025-11-01,2025-11-30,20260209_085859,20260209_085859-0076,2025-11-18 19:48:36.242000,2025-11-18 20:47:29.105000,売り,155.39300,155.44300,1.00,-5.00,19663.60,水平線手前,損切,支持抵抗,0,155.39300
2025-11-01,2025-11-30,20260209_085859,20260209_085859-0077,2025-11-18 20:04:10.664000,2025-11-18 21:50:23.512000,売り,155.41000,155.26000,1.00,15.00,19678.60,水平線手前,利確,支持抵抗,0,155.41000
2025-11-01,2025-11-30,20260209_085859,20260209_085859-0078,2025-11-19 00:04:54.450000,2025-11-19 00:23:43.039000,買い,155.08900,155.23900,1.00,15.00,19693.60,水平線手前,利確,支持抵抗,0,155.08900
2025-11-01,2025-11-30,20260209_085859,20260209_085859-0079,2025-11-19 01:11:05.334000,2025-11-19 01:20:57.871000,売り,155.41200,155.46200,1.00,-5.00,19688.60,水平線手前,損切,支持抵抗,0,155.41200
2025-11-01,2025-11-30,20260209_085859,20260209_085859-0080,2025-11-19 01:28:26.116000,2025-11-19 02:11:10.444000,売り,155.47900,155.52900,1.00,-5.00,19683.60,水平線手前,損切,支持抵抗,0,155.47900
2025-11-01,2025-11-30,20260209_085859,20260209_085859-0081,2025-11-19 02:56:04.084000,2025-11-19 03:02:06.622000,売り,155.66600,155.71600,1.00,-5.00,19678.60,水平線手前,損切,支持抵抗,0,155.66600
2025-11-01,2025-11-30,20260209_085859,20260209_085859-0082,2025-11-19 03:02:02.021000,2025-11-19 04:16:58.728000,売り,155.70300,155.55300,1.00,15.00,19693.60,水平線手前,利確,支持抵抗,0,155.70300
2025-11-01,2025-11-30,20260209_085859,20260209_085859-0083,2025-11-19 18:37:58.781000,2025-11-19 18:38:44.752000,売り,155.70500,155.75500,1.00,-5.00,19688.60,水平線手前,損切,支持抵抗,0,155.70500
2025-11-01,2025-11-30,20260209_085859,20260209_085859-0084,2025-11-19 18:47:16.384000,2025-11-19 19:04:14.026000,売り,155.93400,155.98400,1.00,-5.00,19683.60,水平線手前,損切,支持抵抗,0,155.93400
2025-11-01,2025-11-30,20260209_085859,20260209_085859-0085,2025-11-19 19:50:20.251000,2025-11-19 20:00:03.356000,売り,156.22100,156.27100,1.00,-5.00,19678.60,水平線手前,損切,支持抵抗,0,156.22100
2025-11-01,2025-11-30,20260209_085859,20260209_085859-0086,2025-11-19 20:00:03.356000,2025-11-19 20:54:19.150000,売り,156.26400,156.11400,1.00,15.00,19693.60,水平線手前,利確,支持抵抗,0,156.26400
2025-11-01,2025-11-30,20260209_085859,20260209_085859-0087,2025-11-19 23:59:27.070000,2025-11-20 00:03:09.166000,売り,156.59900,156.64900,1.00,-5.00,19688.60,水平線手前,損切,支持抵抗,0,156.59900
2025-11-01,2025-11-30,20260209_085859,20260209_085859-0088,2025-11-20 00:05:02.850000,2025-11-20 00:56:00.254000,売り,156.69200,156.54200,1.00,15.00,19703.60,水平線手前,利確,支持抵抗,0,156.69200
2025-11-01,2025-11-30,20260209_085859,20260209_085859-0089,2025-11-20 02:42:09.153000,2025-11-20 04:00:30.787000,売り,156.83700,156.88700,1.00,-5.00,19698.60,水平線手前,損切,支持抵抗,0,156.83700
2025-11-01,2025-11-30,20260209_085859,20260209_085859-0090,2025-11-20 04:53:02.193000,2025-11-20 06:15:57.107000,売り,157.01200,157.06200,1.00,-5.00,19693.60,水平線手前,損切,支持抵抗,0,157.01200
2025-11-01,2025-11-30,20260209_085859,20260209_085859-0091,2025-11-20 11:12:51.857000,2025-11-20 11:20:06.006000,売り,157.40600,157.45600,1.00,-5.00,19688.60,水平線手前,損切,支持抵抗,0,157.40600
2025-11-01,2025-11-30,20260209_085859,20260209_085859-0092,2025-11-20 11:00:32.743000,2025-11-20 12:00:14.182000,売り,157.44600,157.29600,1.00,15.00,19703.60,水平線手前,利確,支持抵抗,0,157.44600
2025-11-01,2025-11-30,20260209_085859,20260209_085859-0093,2025-11-20 14:39:06.856000,2025-11-20 15:00:09.659000,売り,157.54200,157.59200,1.00,-5.00,19698.60,水平線手前,損切,支持抵抗,0,157.54200
2025-11-01,2025-11-30,20260209_085859,20260209_085859-0094,2025-11-20 15:51:14.397000,2025-11-20 16:01:41.806000,売り,157.70700,157.75700,1.00,-5.00,19693.60,水平線手前,損切,支持抵抗,0,157.70700
2025-11-01,2025-11-30,20260209_085859,20260209_085859-0095,2025-11-20 16:01:47.928000,2025-11-20 16:17:51.110000,売り,157.75000,157.60000,1.00,15.00,19708.60,水平線手前,利確,支持抵抗,0,157.75000
2025-11-01,2025-11-30,20260209_085859,20260209_085859-0096,2025-11-20 22:30:03.391000,2025-11-20 22:30:05.578000,売り,157.86200,157.71200,1.00,15.00,19723.60,水平線手前,利確,支持抵抗,0,157.86200
2025-11-01,2025-11-30,20260209_085859,20260209_085859-0097,2025-11-21 00:24:02.078000,2025-11-21 00:59:29.939000,売り,157.86200,157.71200,1.00,15.00,19738.60,水平線手前,利確,支持抵抗,0,157.86200
2025-11-01,2025-11-30,20260209_085859,20260209_085859-0098,2025-11-21 01:16:02.041000,2025-11-21 01:26:13.813000,買い,157.32600,157.47600,1.00,15.00,19753.60,水平線手前,利確,支持抵抗,0,157.32600
2025-11-01,2025-11-30,20260209_085859,20260209_085859-0099,2025-11-21 02:13:10.380000,2025-11-21 02:27:49.711000,買い,157.30400,157.45400,1.00,15.00,19768.60,水平線手前,利確,支持抵抗,0,157.30400
2025-11-01,2025-11-30,20260209_085859,20260209_085859-0100,2025-11-21 03:12:34.317000,2025-11-21 03:40:35.102000,売り,157.66900,157.51900,1.00,15.00,19783.60,水平線手前,利確,支持抵抗,0,157.66900
2025-11-01,2025-11-30,20260209_085859,20260209_085859-0101,2025-11-21 13:01:23.848000,2025-11-21 13:01:32.287000,買い,157.24500,157.19500,1.00,-5.00,19778.60,水平線手前,損切,支持抵抗,0,157.24500
2025-11-01,2025-11-30,20260209_085859,20260209_085859-0102,2025-11-21 13:01:28.436000,2025-11-21 13:01:33.635000,買い,157.22800,157.17800,1.00,-5.00,19773.60,水平線手前,損切,支持抵抗,0,157.22800
2025-11-01,2025-11-30,20260209_085859,20260209_085859-0103,2025-11-21 13:06:50.613000,2025-11-21 13:50:05.671000,買い,157.10900,157.25900,1.00,15.00,19788.60,水平線手前,利確,支持抵抗,0,157.10900
2025-11-01,2025-11-30,20260209_085859,20260209_085859-0104,2025-11-21 15:08:47.046000,2025-11-21 16:24:48.663000,買い,157.08700,157.03700,1.00,-5.00,19783.60,水平線手前,損切,支持抵抗,0,157.08700
2025-11-01,2025-11-30,20260209_085859,20260209_085859-0105,2025-11-21 16:55:03.538000,2025-11-21 16:55:36.552000,買い,156.66100,156.61100,1.00,-5.00,19778.60,水平線手前,損切,支持抵抗,0,156.66100
2025-11-01,2025-11-30,20260209_085859,20260209_085859-0106,2025-11-21 16:55:05.345000,2025-11-21 17:06:39.542000,買い,156.65100,156.80100,1.00,15.00,19793.60,水平線手前,利確,支持抵抗,0,156.65100
2025-11-01,2025-11-30,20260209_085859,20260209_085859-0107,2025-11-21 17:19:29.940000,2025-11-21 17:33:37.480000,買い,156.60400,156.75400,1.00,15.00,19808.60,水平線手前,利確,支持抵抗,0,156.60400
2025-11-01,2025-11-30,20260209_085859,20260209_085859-0108,2025-11-21 19:08:34.400000,2025-11-21 19:31:43.261000,買い,156.59300,156.74300,1.00,15.00,19823.60,水平線手前,利確,支持抵抗,0,156.59300
2025-11-01,2025-11-30,20260209_085859,20260209_085859-0109,2025-11-21 21:32:16.269000,2025-11-21 21:50:43.907000,買い,156.64600,156.79600,1.00,15.00,19838.60,水平線手前,利確,支持抵抗,0,156.64600
2025-11-01,2025-11-30,20260209_085859,20260209_085859-0110,2025-11-21 23:34:24.173000,2025-11-21 23:46:34.250000,売り,156.93600,156.78600,1.00,15.00,19853.60,水平線手前,利確,支持抵抗,0,156.93600
2025-11-01,2025-11-30,20260209_085859,20260209_085859-0111,2025-11-22 00:01:58.648000,2025-11-22 00:02:23.841000,買い,156.23500,156.38500,1.00,15.00,19868.60,水平線手前,利確,支持抵抗,0,156.23500
2025-11-01,2025-11-30,20260209_085859,20260209_085859-0112,2025-11-22 02:24:01.804000,2025-11-22 02:34:15.622000,売り,156.72600,156.57600,1.00,15.00,19883.60,水平線手前,利確,支持抵抗,0,156.72600
2025-11-01,2025-11-30,20260209_085859,20260209_085859-0113,2025-11-24 16:21:14.358000,2025-11-24 16:48:54.148000,売り,156.76900,156.81900,1.00,-5.00,19878.60,水平線手前,損切,支持抵抗,0,156.76900
2025-11-01,2025-11-30,20260209_085859,20260209_085859-0114,2025-11-24 16:52:01.296000,2025-11-24 17:07:01.308000,売り,156.85800,156.70800,1.00,15.00,19893.60,水平線手前,利確,支持抵抗,0,156.85800
2025-11-01,2025-11-30,20260209_085859,20260209_085859-0115,2025-11-24 17:53:05.297000,2025-11-24 18:25:45.046000,売り,156.90400,156.75400,1.00,15.00,19908.60,水平線手前,利確,支持抵抗,0,156.90400
2025-11-01,2025-11-30,20260209_085859,20260209_085859-0116,2025-11-24 18:00:26.076000,2025-11-24 18:25:45.046000,売り,156.90500,156.75500,1.00,15.00,19923.60,水平線手前,利確,支持抵抗,0,156.90500
2025-11-01,2025-11-30,20260209_085859,20260209_085859-0117,2025-11-24 22:05:03.048000,2025-11-24 22:06:25.119000,売り,156.90500,156.95500,1.00,-5.00,19918.60,水平線手前,損切,支持抵抗,0,156.90500
2025-11-01,2025-11-30,20260209_085859,20260209_085859-0118,2025-11-24 22:08:12.386000,2025-11-24 23:15:01.423000,売り,156.96400,157.01400,1.00,-5.00,19913.60,水平線手前,損切,支持抵抗,0,156.96400
2025-11-01,2025-11-30,20260209_085859,20260209_085859-0119,2025-11-24 23:32:21.223000,2025-11-25 00:04:46.353000,売り,157.13300,157.18300,1.00,-5.00,19908.60,水平線手前,損切,支持抵抗,0,157.13300
2025-11-01,2025-11-30,20260209_085859,20260209_085859-0120,2025-11-25 00:03:34.015000,2025-11-25 00:34:03.474000,売り,157.15600,157.00600,1.00,15.00,19923.60,水平線手前,利確,支持抵抗,0,157.15600
2025-11-01,2025-11-30,20260209_085859,20260209_085859-0121,2025-11-25 16:11:53.477000,2025-11-25 16:31:36.789000,買い,156.59500,156.54500,1.00,-5.00,19918.60,水平線手前,損切,支持抵抗,0,156.59500
2025-11-01,2025-11-30,20260209_085859,20260209_085859-0122,2025-11-25 16:31:21.886000,2025-11-25 17:44:11.368000,買い,156.56300,156.51300,1.00,-5.00,19913.60,水平線手前,損切,支持抵抗,0,156.56300
2025-11-01,2025-11-30,20260209_085859,20260209_085859-0123,2025-11-25 17:49:33.976000,2025-11-25 18:01:15.302000,買い,156.47800,156.42800,1.00,-5.00,19908.60,水平線手前,損切,支持抵抗,0,156.47800
2025-11-01,2025-11-30,20260209_085859,20260209_085859-0124,2025-11-25 18:20:17.630000,2025-11-25 18:32:04.405000,買い,156.30000,156.25000,1.00,-5.00,19903.60,水平線手前,損切,支持抵抗,0,156.30000
2025-11-01,2025-11-30,20260209_085859,20260209_085859-0125,2025-11-25 18:39:49.606000,2025-11-25 19:36:50.378000,買い,156.18200,156.33200,1.00,15.00,19918.60,水平線手前,利確,支持抵抗,0,156.18200
2025-11-01,2025-11-30,20260209_085859,20260209_085859-0126,2025-11-25 22:16:09.864000,2025-11-25 22:32:02.638000,買い,156.06900,156.21900,1.00,15.00,19933.60,水平線手前,利確,支持抵抗,0,156.06900
2025-11-01,2025-11-30,20260209_085859,20260209_085859-0127,2025-11-26 00:02:55.901000,2025-11-26 00:19:28.486000,買い,155.92800,156.07800,1.00,15.00,19948.60,水平線手前,利確,支持抵抗,0,155.92800
2025-11-01,2025-11-30,20260209_085859,20260209_085859-0128,2025-11-25 23:48:04.812000,2025-11-26 00:19:30.386000,買い,155.93300,156.08300,1.00,15.00,19963.60,水平線手前,利確,支持抵抗,0,155.93300
2025-11-01,2025-11-30,20260209_085859,20260209_085859-0129,2025-11-26 02:23:49.079000,2025-11-26 02:46:00.134000,買い,155.84000,155.99000,1.00,15.00,19978.60,水平線手前,利確,支持抵抗,0,155.84000
2025-11-01,2025-11-30,20260209_085859,20260209_085859-0130,2025-11-26 11:28:50.990000,2025-11-26 11:57:04.510000,買い,155.68200,155.83200,1.00,15.00,19993.60,水平線手前,利確,支持抵抗,0,155.68200
2025-11-01,2025-11-30,20260209_085859,20260209_085859-0131,2025-11-26 17:55:14.997000,2025-11-26 19:05:44.926000,売り,156.49100,156.34100,1.00,15.00,20008.60,水平線手前,利確,支持抵抗,0,156.49100
2025-11-01,2025-11-30,20260209_085859,20260209_085859-0132,2025-11-26 20:15:52.304000,2025-11-26 20:41:40.312000,売り,156.54800,156.39800,1.00,15.00,20023.60,水平線手前,利確,支持抵抗,0,156.54800
2025-11-01,2025-11-30,20260209_085859,20260209_085859-0133,2025-11-26 21:08:44.368000,2025-11-26 22:18:21.524000,売り,156.55800,156.40800,1.00,15.00,20038.60,水平線手前,利確,支持抵抗,0,156.55800
2025-11-01,2025-11-30,20260209_085859,20260209_085859-0134,2025-11-26 22:18:50.085000,2025-11-26 22:30:00.346000,買い,156.36900,156.51900,1.00,15.00,20053.60,水平線手前,利確,支持抵抗,0,156.36900
2025-11-01,2025-11-30,20260209_085859,20260209_085859-0135,2025-11-26 22:36:43.844000,2025-11-26 22:41:45.624000,売り,156.65600,156.50600,1.00,15.00,20068.60,水平線手前,利確,支持抵抗,0,156.65600
2025-11-01,2025-11-30,20260209_085859,20260209_085859-0136,2025-11-26 23:25:06.131000,2025-11-26 23:45:38.873000,売り,156.70500,156.55500,1.00,15.00,20083.60,水平線手前,利確,支持抵抗,0,156.70500
2025-11-01,2025-11-30,20260209_085859,20260209_085859-0137,2025-11-27 01:20:04.012000,2025-11-27 03:35:08.142000,買い,156.32800,156.47800,1.00,15.00,20098.60,水平線手前,利確,支持抵抗,0,156.32800
2025-11-01,2025-11-30,20260209_085859,20260209_085859-0138,2025-11-27 16:44:04.414000,2025-11-27 16:59:56.354000,売り,156.27000,156.12000,1.00,15.00,20113.60,水平線手前,利確,支持抵抗,0,156.27000
2025-11-01,2025-11-30,20260209_085859,20260209_085859-0139,2025-11-27 17:53:23.739000,2025-11-27 18:06:39.371000,売り,156.33600,156.38600,1.00,-5.00,20108.60,水平線手前,損切,支持抵抗,0,156.33600
2025-11-01,2025-11-30,20260209_085859,20260209_085859-0140,2025-11-27 18:05:59.762000,2025-11-28 08:05:19.583000,売り,156.37400,156.22400,1.00,15.00,20123.60,水平線手前,利確,支持抵抗,0,156.37400
2025-11-01,2025-11-30,20260209_085859,20260209_085859-0141,2025-11-28 11:32:33.166000,2025-11-28 11:32:36.546000,買い,156.20500,156.15500,1.00,-5.00,20118.60,水平線手前,損切,支持抵抗,0,156.20500
2025-11-01,2025-11-30,20260209_085859,20260209_085859-0142,2025-11-28 11:32:37.077000,2025-11-28 11:37:33.356000,買い,156.12000,156.27000,1.00,15.00,20133.60,水平線手前,利確,支持抵抗,0,156.12000
2025-11-01,2025-11-30,20260209_085859,20260209_085859-0143,2025-11-28 11:32:36.970000,2025-11-28 11:41:01.479000,買い,156.13000,156.28000,1.00,15.00,20148.60,水平線手前,利確,支持抵抗,0,156.13000
2025-11-01,2025-11-30,20260209_085859,20260209_085859-0144,2025-11-28 22:55:13.358000,2025-11-28 23:02:27.620000,買い,156.04200,155.99200,1.00,-5.00,20143.60,水平線手前,損切,支持抵抗,0,156.04200
2025-11-01,2025-11-30,20260209_085859,20260209_085859-0145,2025-11-28 23:00:19.285000,2025-11-28 23:22:55.095000,買い,156.02000,156.17000,1.00,15.00,20158.60,水平線手前,利確,支持抵抗,0,156.02000
2025-12-01,2025-12-31,20260209_085946,20260209_085946-0001,2025-12-01 22:44:08.234000,2025-12-01 22:51:49.023000,買い,154.70100,154.85100,1.00,15.00,20173.60,水平線手前,利確,支持抵抗,0,154.70100
2025-12-01,2025-12-31,20260209_085946,20260209_085946-0002,2025-12-02 15:10:18.050000,2025-12-02 15:28:14.364000,売り,155.74500,155.79500,1.00,-5.00,20168.60,水平線手前,損切,支持抵抗,0,155.74500
2025-12-01,2025-12-31,20260209_085946,20260209_085946-0003,2025-12-02 15:28:14.364000,2025-12-02 16:24:05.489000,売り,155.78600,155.83600,1.00,-5.00,20163.60,水平線手前,損切,支持抵抗,0,155.78600
2025-12-01,2025-12-31,20260209_085946,20260209_085946-0004,2025-12-02 16:14:10.795000,2025-12-02 17:17:24.153000,売り,155.80600,155.85600,1.00,-5.00,20158.60,水平線手前,損切,支持抵抗,0,155.80600
2025-12-01,2025-12-31,20260209_085946,20260209_085946-0005,2025-12-02 17:43:37.146000,2025-12-02 18:11:02.246000,売り,155.97400,156.02400,1.00,-5.00,20153.60,水平線手前,損切,支持抵抗,0,155.97400
2025-12-01,2025-12-31,20260209_085946,20260209_085946-0006,2025-12-02 18:24:23.270000,2025-12-02 20:35:27.763000,売り,156.05400,155.90400,1.00,15.00,20168.60,水平線手前,利確,支持抵抗,0,156.05400
2025-12-01,2025-12-31,20260209_085946,20260209_085946-0007,2025-12-03 00:09:35.656000,2025-12-03 00:11:07.462000,売り,156.12200,156.17200,1.00,-5.00,20163.60,水平線手前,損切,支持抵抗,0,156.12200
2025-12-01,2025-12-31,20260209_085946,20260209_085946-0008,2025-12-03 00:10:30.267000,2025-12-03 00:30:09.884000,売り,156.15000,156.00000,1.00,15.00,20178.60,水平線手前,利確,支持抵抗,0,156.15000
2025-12-01,2025-12-31,20260209_085946,20260209_085946-0009,2025-12-03 01:16:02.757000,2025-12-03 01:57:19.934000,買い,155.79300,155.94300,1.00,15.00,20193.60,水平線手前,利確,支持抵抗,0,155.79300
2025-12-01,2025-12-31,20260209_085946,20260209_085946-0010,2025-12-03 02:12:37.289000,2025-12-03 04:26:22.970000,売り,156.05600,155.90600,1.00,15.00,20208.60,水平線手前,利確,支持抵抗,0,156.05600
2025-12-01,2025-12-31,20260209_085946,20260209_085946-0011,2025-12-03 15:25:39.237000,2025-12-03 16:55:25.376000,買い,155.55100,155.70100,1.00,15.00,20223.60,水平線手前,利確,支持抵抗,0,155.55100
2025-12-01,2025-12-31,20260209_085946,20260209_085946-0012,2025-12-03 19:22:40.401000,2025-12-03 20:00:56.352000,買い,155.54400,155.49400,1.00,-5.00,20218.60,水平線手前,損切,支持抵抗,0,155.54400
2025-12-01,2025-12-31,20260209_085946,20260209_085946-0013,2025-12-03 20:02:42.427000,2025-12-03 21:00:31.790000,買い,155.46100,155.41100,1.00,-5.00,20213.60,水平線手前,損切,支持抵抗,0,155.46100
2025-12-01,2025-12-31,20260209_085946,20260209_085946-0014,2025-12-03 20:20:20.365000,2025-12-03 21:00:34.186000,買い,155.45000,155.40000,1.00,-5.00,20208.60,水平線手前,損切,支持抵抗,0,155.45000
2025-12-01,2025-12-31,20260209_085946,20260209_085946-0015,2025-12-03 21:00:34.186000,2025-12-03 22:08:19.894000,買い,155.40100,155.35100,1.00,-5.00,20203.60,水平線手前,損切,支持抵抗,0,155.40100
2025-12-01,2025-12-31,20260209_085946,20260209_085946-0016,2025-12-03 22:15:00.292000,2025-12-03 22:27:17.396000,買い,155.24200,155.39200,1.00,15.00,20218.60,水平線手前,利確,支持抵抗,0,155.24200
2025-12-01,2025-12-31,20260209_085946,20260209_085946-0017,2025-12-04 00:02:58.662000,2025-12-04 00:09:23.828000,売り,155.57200,155.42200,1.00,15.00,20233.60,水平線手前,利確,支持抵抗,0,155.57200
2025-12-01,2025-12-31,20260209_085946,20260209_085946-0018,2025-12-04 01:25:06.604000,2025-12-04 02:09:04.787000,買い,155.04900,155.19900,1.00,15.00,20248.60,水平線手前,利確,支持抵抗,0,155.04900
2025-12-01,2025-12-31,20260209_085946,20260209_085946-0019,2025-12-04 11:20:22.286000,2025-12-04 11:39:21.514000,売り,155.38200,155.43200,1.00,-5.00,20243.60,水平線手前,損切,支持抵抗,0,155.38200
2025-12-01,2025-12-31,20260209_085946,20260209_085946-0020,2025-12-04 11:37:16.776000,2025-12-04 12:00:33.246000,売り,155.39900,155.44900,1.00,-5.00,20238.60,水平線手前,損切,支持抵抗,0,155.39900
2025-12-01,2025-12-31,20260209_085946,20260209_085946-0021,2025-12-04 12:22:57.054000,2025-12-04 13:02:12.226000,売り,155.51100,155.36100,1.00,15.00,20253.60,水平線手前,利確,支持抵抗,0,155.51100
2025-12-01,2025-12-31,20260209_085946,20260209_085946-0022,2025-12-04 17:24:04.262000,2025-12-04 17:57:56.864000,買い,154.80900,154.95900,1.00,15.00,20268.60,水平線手前,利確,支持抵抗,0,154.80900
2025-12-01,2025-12-31,20260209_085946,20260209_085946-0023,2025-12-04 19:05:52.161000,2025-12-04 20:04:36.843000,買い,154.77800,154.72800,1.00,-5.00,20263.60,水平線手前,損切,支持抵抗,0,154.77800
2025-12-01,2025-12-31,20260209_085946,20260209_085946-0024,2025-12-04 20:10:03.218000,2025-12-04 21:00:15.240000,買い,154.56400,154.51400,1.00,-5.00,20258.60,水平線手前,損切,支持抵抗,0,154.56400
2025-12-01,2025-12-31,20260209_085946,20260209_085946-0025,2025-12-04 21:00:53.724000,2025-12-04 21:45:03.649000,買い,154.54500,154.69500,1.00,15.00,20273.60,水平線手前,利確,支持抵抗,0,154.54500
2025-12-01,2025-12-31,20260209_085946,20260209_085946-0026,2025-12-05 13:27:25.233000,2025-12-05 13:35:37.839000,買い,154.83200,154.98200,1.00,15.00,20288.60,水平線手前,利確,支持抵抗,0,154.83200
2025-12-01,2025-12-31,20260209_085946,20260209_085946-0027,2025-12-05 14:39:56.032000,2025-12-05 15:37:14.559000,買い,154.58400,154.53400,1.00,-5.00,20283.60,水平線手前,損切,支持抵抗,0,154.58400
2025-12-01,2025-12-31,20260209_085946,20260209_085946-0028,2025-12-05 15:39:00.843000,2025-12-05 16:05:04.842000,買い,154.49600,154.64600,1.00,15.00,20298.60,水平線手前,利確,支持抵抗,0,154.49600
2025-12-01,2025-12-31,20260209_085946,20260209_085946-0029,2025-12-05 16:30:41.909000,2025-12-05 16:45:17.291000,買い,154.38200,154.53200,1.00,15.00,20313.60,水平線手前,利確,支持抵抗,0,154.38200
2025-12-01,2025-12-31,20260209_085946,20260209_085946-0030,2025-12-05 20:33:00.457000,2025-12-05 21:21:52.067000,売り,155.22000,155.27000,1.00,-5.00,20308.60,水平線手前,損切,支持抵抗,0,155.22000
2025-12-01,2025-12-31,20260209_085946,20260209_085946-0031,2025-12-05 21:21:07.385000,2025-12-05 23:31:01.953000,売り,155.23600,155.28600,1.00,-5.00,20303.60,水平線手前,損切,支持抵抗,0,155.23600
2025-12-01,2025-12-31,20260209_085946,20260209_085946-0032,2025-12-05 23:30:36.318000,2025-12-06 00:02:35.462000,売り,155.25200,155.30200,1.00,-5.00,20298.60,水平線手前,損切,支持抵抗,0,155.25200
2025-12-01,2025-12-31,20260209_085946,20260209_085946-0033,2025-12-06 00:05:30.731000,2025-12-06 00:14:02.326000,売り,155.32500,155.17500,1.00,15.00,20313.60,水平線手前,利確,支持抵抗,0,155.32500
2025-12-01,2025-12-31,20260209_085946,20260209_085946-0034,2025-12-06 01:17:46.967000,2025-12-06 01:44:02.096000,売り,155.46600,155.31600,1.00,15.00,20328.60,水平線手前,利確,支持抵抗,0,155.46600
2025-12-01,2025-12-31,20260209_085946,20260209_085946-0035,2025-12-08 11:11:31.734000,2025-12-08 12:52:12.667000,買い,154.93900,155.08900,1.00,15.00,20343.60,水平線手前,利確,支持抵抗,0,154.93900
2025-12-01,2025-12-31,20260209_085946,20260209_085946-0036,2025-12-08 11:11:55.741000,2025-12-08 12:52:32.828000,買い,154.95100,155.10100,1.00,15.00,20358.60,水平線手前,利確,支持抵抗,0,154.95100
2025-12-01,2025-12-31,20260209_085946,20260209_085946-0037,2025-12-08 19:02:36.152000,2025-12-08 20:02:05.623000,売り,155.51000,155.56000,1.00,-5.00,20353.60,水平線手前,損切,支持抵抗,0,155.51000
2025-12-01,2025-12-31,20260209_085946,20260209_085946-0038,2025-12-08 18:11:37.725000,2025-12-08 20:02:08.837000,売り,155.51100,155.56100,1.00,-5.00,20348.60,水平線手前,損切,支持抵抗,0,155.51100
2025-12-01,2025-12-31,20260209_085946,20260209_085946-0039,2025-12-08 20:03:11.135000,2025-12-08 21:07:28.014000,売り,155.55900,155.60900,1.00,-5.00,20343.60,水平線手前,損切,支持抵抗,0,155.55900
2025-12-01,2025-12-31,20260209_085946,20260209_085946-0040,2025-12-08 22:41:45.191000,2025-12-08 23:22:02.676000,売り,155.63000,155.48000,1.00,15.00,20358.60,水平線手前,利確,支持抵抗,0,155.63000
2025-12-01,2025-12-31,20260209_085946,20260209_085946-0041,2025-12-08 21:08:57.438000,2025-12-08 23:22:02.728000,売り,155.62700,155.47700,1.00,15.00,20373.60,水平線手前,利確,支持抵抗,0,155.62700
2025-12-01,2025-12-31,20260209_085946,20260209_085946-0042,2025-12-08 23:25:10.301000,2025-12-08 23:35:21.044000,買い,155.43200,155.58200,1.00,15.00,20388.60,水平線手前,利確,支持抵抗,0,155.43200
2025-12-01,2025-12-31,20260209_085946,20260209_085946-0043,2025-12-08 23:51:40.639000,2025-12-08 23:52:42.992000,売り,155.78300,155.83300,1.00,-5.00,20383.60,水平線手前,損切,支持抵抗,0,155.78300
2025-12-01,2025-12-31,20260209_085946,20260209_085946-0044,2025-12-08 23:53:15.905000,2025-12-09 00:04:21.969000,売り,155.84600,155.89600,1.00,-5.00,20378.60,水平線手前,損切,支持抵抗,0,155.84600
2025-12-01,2025-12-31,20260209_085946,20260209_085946-0045,2025-12-09 00:39:50.709000,2025-12-09 02:32:08.287000,売り,155.95400,155.80400,1.00,15.00,20393.60,水平線手前,利確,支持抵抗,0,155.95400
2025-12-01,2025-12-31,20260209_085946,20260209_085946-0046,2025-12-09 14:07:01.854000,2025-12-09 14:07:23.514000,売り,156.01200,156.06200,1.00,-5.00,20388.60,水平線手前,損切,支持抵抗,0,156.01200
2025-12-01,2025-12-31,20260209_085946,20260209_085946-0047,2025-12-09 14:07:23.784000,2025-12-09 14:26:00.259000,売り,156.08800,155.93800,1.00,15.00,20403.60,水平線手前,利確,支持抵抗,0,156.08800
2025-12-01,2025-12-31,20260209_085946,20260209_085946-0048,2025-12-09 15:12:36.344000,2025-12-09 16:16:14.034000,売り,156.10300,156.15300,1.00,-5.00,20398.60,水平線手前,損切,支持抵抗,0,156.10300
2025-12-01,2025-12-31,20260209_085946,20260209_085946-0049,2025-12-09 16:52:45.062000,2025-12-09 17:00:07.294000,売り,156.16800,156.21800,1.00,-5.00,20393.60,水平線手前,損切,支持抵抗,0,156.16800
2025-12-01,2025-12-31,20260209_085946,20260209_085946-0050,2025-12-09 17:38:31.306000,2025-12-09 18:05:25.214000,売り,156.41500,156.26500,1.00,15.00,20408.60,水平線手前,利確,支持抵抗,0,156.41500
2025-12-01,2025-12-31,20260209_085946,20260209_085946-0051,2025-12-09 22:26:50.122000,2025-12-09 22:52:50.667000,売り,156.48500,156.33500,1.00,15.00,20423.60,水平線手前,利確,支持抵抗,0,156.48500
2025-12-01,2025-12-31,20260209_085946,20260209_085946-0052,2025-12-09 23:21:42.652000,2025-12-10 00:00:01.218000,売り,156.50300,156.55300,1.00,-5.00,20418.60,水平線手前,損切,支持抵抗,0,156.50300
2025-12-01,2025-12-31,20260209_085946,20260209_085946-0053,2025-12-10 00:53:49.066000,2025-12-10 02:57:46.566000,売り,156.88400,156.93400,1.00,-5.00,20413.60,水平線手前,損切,支持抵抗,0,156.88400
2025-12-01,2025-12-31,20260209_085946,20260209_085946-0054,2025-12-10 01:05:43.049000,2025-12-10 04:05:59.465000,売り,156.89100,156.94100,1.00,-5.00,20408.60,水平線手前,損切,支持抵抗,0,156.89100
2025-12-01,2025-12-31,20260209_085946,20260209_085946-0055,2025-12-10 02:09:21.632000,2025-12-10 04:06:01.585000,売り,156.89500,156.94500,1.00,-5.00,20403.60,水平線手前,損切,支持抵抗,0,156.89500
2025-12-01,2025-12-31,20260209_085946,20260209_085946-0056,2025-12-10 03:05:46.053000,2025-12-10 04:06:01.585000,売り,156.89500,156.94500,1.00,-5.00,20398.60,水平線手前,損切,支持抵抗,0,156.89500
2025-12-01,2025-12-31,20260209_085946,20260209_085946-0057,2025-12-10 22:34:07.351000,2025-12-10 23:00:01.690000,買い,156.59800,156.54800,1.00,-5.00,20393.60,水平線手前,損切,支持抵抗,0,156.59800
2025-12-01,2025-12-31,20260209_085946,20260209_085946-0058,2025-12-10 22:35:16.738000,2025-12-10 23:00:01.849000,買い,156.59000,156.54000,1.00,-5.00,20388.60,水平線手前,損切,支持抵抗,0,156.59000
2025-12-01,2025-12-31,20260209_085946,20260209_085946-0059,2025-12-10 23:48:04.278000,2025-12-11 00:01:55.216000,買い,156.47900,156.42900,1.00,-5.00,20383.60,水平線手前,損切,支持抵抗,0,156.47900
2025-12-01,2025-12-31,20260209_085946,20260209_085946-0060,2025-12-11 00:04:24.261000,2025-12-11 01:26:58.864000,買い,156.39200,156.34200,1.00,-5.00,20378.60,水平線手前,損切,支持抵抗,0,156.39200
2025-12-01,2025-12-31,20260209_085946,20260209_085946-0061,2025-12-11 01:26:41.960000,2025-12-11 02:16:05.951000,買い,156.36300,156.31300,1.00,-5.00,20373.60,水平線手前,損切,支持抵抗,0,156.36300
2025-12-01,2025-12-31,20260209_085946,20260209_085946-0062,2025-12-11 02:18:30.038000,2025-12-11 03:39:17.108000,買い,156.28600,156.43600,1.00,15.00,20388.60,水平線手前,利確,支持抵抗,0,156.28600
2025-12-01,2025-12-31,20260209_085946,20260209_085946-0063,2025-12-11 04:00:39.488000,2025-12-11 04:01:54.238000,買い,156.13900,156.28900,1.00,15.00,20403.60,水平線手前,利確,支持抵抗,0,156.13900
2025-12-01,2025-12-31,20260209_085946,20260209_085946-0064,2025-12-11 11:04:04.541000,2025-12-11 11:26:05.128000,買い,155.60800,155.55800,1.00,-5.00,20398.60,水平線手前,損切,支持抵抗,0,155.60800
2025-12-01,2025-12-31,20260209_085946,20260209_085946-0065,2025-12-11 11:31:07.477000,2025-12-11 11:45:35.845000,買い,155.52600,155.67600,1.00,15.00,20413.60,水平線手前,利確,支持抵抗,0,155.52600
2025-12-01,2025-12-31,20260209_085946,20260209_085946-0066,2025-12-11 15:22:28.889000,2025-12-11 15:54:21.630000,売り,156.13300,155.98300,1.00,15.00,20428.60,水平線手前,利確,支持抵抗,0,156.13300
2025-12-01,2025-12-31,20260209_085946,20260209_085946-0067,2025-12-11 17:39:10.205000,2025-12-11 18:08:45.337000,買い,155.82200,155.97200,1.00,15.00,20443.60,水平線手前,利確,支持抵抗,0,155.82200
2025-12-01,2025-12-31,20260209_085946,20260209_085946-0068,2025-12-11 20:14:34.821000,2025-12-11 21:08:04.257000,買い,155.79600,155.74600,1.00,-5.00,20438.60,水平線手前,損切,支持抵抗,0,155.79600
2025-12-01,2025-12-31,20260209_085946,20260209_085946-0069,2025-12-11 21:44:38.959000,2025-12-11 22:05:21.915000,買い,155.55900,155.50900,1.00,-5.00,20433.60,水平線手前,損切,支持抵抗,0,155.55900
2025-12-01,2025-12-31,20260209_085946,20260209_085946-0070,2025-12-11 22:53:42.823000,2025-12-11 23:02:26.147000,買い,155.26300,155.21300,1.00,-5.00,20428.60,水平線手前,損切,支持抵抗,0,155.26300
2025-12-01,2025-12-31,20260209_085946,20260209_085946-0071,2025-12-11 23:58:48.184000,2025-12-12 00:18:42.507000,買い,154.98500,155.13500,1.00,15.00,20443.60,水平線手前,利確,支持抵抗,0,154.98500
2025-12-01,2025-12-31,20260209_085946,20260209_085946-0072,2025-12-12 21:44:16.155000,2025-12-12 21:45:23.550000,売り,156.04000,156.09000,1.00,-5.00,20438.60,水平線手前,損切,支持抵抗,0,156.04000
2025-12-01,2025-12-31,20260209_085946,20260209_085946-0073,2025-12-12 21:45:50.985000,2025-12-12 22:18:19.263000,売り,156.09700,155.94700,1.00,15.00,20453.60,水平線手前,利確,支持抵抗,0,156.09700
2025-12-01,2025-12-31,20260209_085946,20260209_085946-0074,2025-12-12 23:02:24.543000,2025-12-12 23:31:46.330000,売り,156.09700,155.94700,1.00,15.00,20468.60,水平線手前,利確,支持抵抗,0,156.09700
2025-12-01,2025-12-31,20260209_085946,20260209_085946-0075,2025-12-13 01:21:02.195000,2025-12-13 01:44:07.832000,買い,155.71400,155.86400,1.00,15.00,20483.60,水平線手前,利確,支持抵抗,0,155.71400
2025-12-01,2025-12-31,20260209_085946,20260209_085946-0076,2025-12-15 11:00:45.900000,2025-12-15 11:08:04.360000,買い,155.64500,155.59500,1.00,-5.00,20478.60,水平線手前,損切,支持抵抗,0,155.64500
2025-12-01,2025-12-31,20260209_085946,20260209_085946-0077,2025-12-15 11:42:37.445000,2025-12-15 12:07:02.693000,買い,155.39600,155.34600,1.00,-5.00,20473.60,水平線手前,損切,支持抵抗,0,155.39600
2025-12-01,2025-12-31,20260209_085946,20260209_085946-0078,2025-12-15 12:07:16.281000,2025-12-15 13:22:44.313000,買い,155.34400,155.29400,1.00,-5.00,20468.60,水平線手前,損切,支持抵抗,0,155.34400
2025-12-01,2025-12-31,20260209_085946,20260209_085946-0079,2025-12-15 13:22:58.143000,2025-12-15 13:40:56.826000,買い,155.25000,155.20000,1.00,-5.00,20463.60,水平線手前,損切,支持抵抗,0,155.25000
2025-12-01,2025-12-31,20260209_085946,20260209_085946-0080,2025-12-15 13:33:37.807000,2025-12-15 14:27:32.367000,買い,155.22300,155.17300,1.00,-5.00,20458.60,水平線手前,損切,支持抵抗,0,155.22300
2025-12-01,2025-12-31,20260209_085946,20260209_085946-0081,2025-12-15 14:58:14.815000,2025-12-15 15:27:16.827000,買い,155.07200,155.02200,1.00,-5.00,20453.60,水平線手前,損切,支持抵抗,0,155.07200
2025-12-01,2025-12-31,20260209_085946,20260209_085946-0082,2025-12-15 15:30:04.079000,2025-12-15 15:47:31.553000,買い,154.98800,155.13800,1.00,15.00,20468.60,水平線手前,利確,支持抵抗,0,154.98800
2025-12-01,2025-12-31,20260209_085946,20260209_085946-0083,2025-12-15 18:14:11.756000,2025-12-15 19:30:15.120000,買い,154.97800,155.12800,1.00,15.00,20483.60,水平線手前,利確,支持抵抗,0,154.97800
2025-12-01,2025-12-31,20260209_085946,20260209_085946-0084,2025-12-15 20:54:15.135000,2025-12-15 21:24:06.468000,買い,154.88300,155.03300,1.00,15.00,20498.60,水平線手前,利確,支持抵抗,0,154.88300
2025-12-01,2025-12-31,20260209_085946,20260209_085946-0085,2025-12-16 00:02:34.349000,2025-12-16 00:19:58.565000,買い,154.87400,155.02400,1.00,15.00,20513.60,水平線手前,利確,支持抵抗,0,154.87400
2025-12-01,2025-12-31,20260209_085946,20260209_085946-0086,2025-12-16 11:57:24.029000,2025-12-16 12:02:32.026000,買い,154.77300,154.72300,1.00,-5.00,20508.60,水平線手前,損切,支持抵抗,0,154.77300
2025-12-01,2025-12-31,20260209_085946,20260209_085946-0087,2025-12-16 12:02:11.247000,2025-12-16 12:30:06.259000,買い,154.74300,154.89300,1.00,15.00,20523.60,水平線手前,利確,支持抵抗,0,154.74300
2025-12-01,2025-12-31,20260209_085946,20260209_085946-0088,2025-12-16 14:14:15.614000,2025-12-16 15:05:46.208000,買い,154.72200,154.87200,1.00,15.00,20538.60,水平線手前,利確,支持抵抗,0,154.72200
2025-12-01,2025-12-31,20260209_085946,20260209_085946-0089,2025-12-16 21:55:15.849000,2025-12-16 22:05:03.165000,買い,154.64000,154.59000,1.00,-5.00,20533.60,水平線手前,損切,支持抵抗,0,154.64000
2025-12-01,2025-12-31,20260209_085946,20260209_085946-0090,2025-12-16 22:31:38.546000,2025-12-16 22:34:13.453000,買い,154.43200,154.58200,1.00,15.00,20548.60,水平線手前,利確,支持抵抗,0,154.43200
2025-12-01,2025-12-31,20260209_085946,20260209_085946-0091,2025-12-16 23:18:01.271000,2025-12-16 23:26:23.124000,売り,154.96800,154.81800,1.00,15.00,20563.60,水平線手前,利確,支持抵抗,0,154.96800
2025-12-01,2025-12-31,20260209_085946,20260209_085946-0092,2025-12-17 00:02:02.542000,2025-12-17 00:12:31.099000,買い,154.50200,154.65200,1.00,15.00,20578.60,水平線手前,利確,支持抵抗,0,154.50200
2025-12-01,2025-12-31,20260209_085946,20260209_085946-0093,2025-12-17 04:25:43.194000,2025-12-17 04:30:43.565000,売り,154.88900,154.73900,1.00,15.00,20593.60,水平線手前,利確,支持抵抗,0,154.88900
2025-12-01,2025-12-31,20260209_085946,20260209_085946-0094,2025-12-17 11:52:10.074000,2025-12-17 13:27:55.709000,売り,154.99500,155.04500,1.00,-5.00,20588.60,水平線手前,損切,支持抵抗,0,154.99500
2025-12-01,2025-12-31,20260209_085946,20260209_085946-0095,2025-12-17 12:00:48.274000,2025-12-17 13:27:55.709000,売り,154.99500,155.04500,1.00,-5.00,20583.60,水平線手前,損切,支持抵抗,0,154.99500
2025-12-01,2025-12-31,20260209_085946,20260209_085946-0096,2025-12-17 13:44:44.087000,2025-12-17 14:49:04.035000,売り,155.12100,155.17100,1.00,-5.00,20578.60,水平線手前,損切,支持抵抗,0,155.12100
2025-12-01,2025-12-31,20260209_085946,20260209_085946-0097,2025-12-17 14:48:19.676000,2025-12-17 15:07:55.640000,売り,155.14100,155.19100,1.00,-5.00,20573.60,水平線手前,損切,支持抵抗,0,155.14100
2025-12-01,2025-12-31,20260209_085946,20260209_085946-0098,2025-12-17 15:09:53.172000,2025-12-17 15:12:17.974000,売り,155.19900,155.24900,1.00,-5.00,20568.60,水平線手前,損切,支持抵抗,0,155.19900
2025-12-01,2025-12-31,20260209_085946,20260209_085946-0099,2025-12-17 15:54:56.070000,2025-12-17 16:08:26.919000,売り,155.41600,155.46600,1.00,-5.00,20563.60,水平線手前,損切,支持抵抗,0,155.41600
2025-12-01,2025-12-31,20260209_085946,20260209_085946-0100,2025-12-17 15:55:07.862000,2025-12-17 16:18:58.692000,売り,155.44300,155.49300,1.00,-5.00,20558.60,水平線手前,損切,支持抵抗,0,155.44300
2025-12-01,2025-12-31,20260209_085946,20260209_085946-0101,2025-12-17 16:50:17.996000,2025-12-17 17:07:12.091000,売り,155.54000,155.59000,1.00,-5.00,20553.60,水平線手前,損切,支持抵抗,0,155.54000
2025-12-01,2025-12-31,20260209_085946,20260209_085946-0102,2025-12-17 17:05:06.598000,2025-12-17 22:11:14.007000,売り,155.56500,155.61500,1.00,-5.00,20548.60,水平線手前,損切,支持抵抗,0,155.56500
2025-12-01,2025-12-31,20260209_085946,20260209_085946-0103,2025-12-17 22:11:28.377000,2025-12-17 22:19:31.095000,売り,155.60900,155.45900,1.00,15.00,20563.60,水平線手前,利確,支持抵抗,0,155.60900
2025-12-01,2025-12-31,20260209_085946,20260209_085946-0104,2025-12-18 03:32:29.216000,2025-12-18 04:43:01.454000,売り,155.64500,155.69500,1.00,-5.00,20558.60,水平線手前,損切,支持抵抗,0,155.64500
2025-12-01,2025-12-31,20260209_085946,20260209_085946-0105,2025-12-18 04:39:58.014000,2025-12-18 05:24:32.250000,売り,155.65900,155.70900,1.00,-5.00,20553.60,水平線手前,損切,支持抵抗,0,155.65900
2025-12-01,2025-12-31,20260209_085946,20260209_085946-0106,2025-12-18 11:02:21.213000,2025-12-18 11:12:56.178000,売り,155.74300,155.79300,1.00,-5.00,20548.60,水平線手前,損切,支持抵抗,0,155.74300
2025-12-01,2025-12-31,20260209_085946,20260209_085946-0107,2025-12-18 11:00:00.484000,2025-12-18 14:35:06.603000,売り,155.78100,155.83100,1.00,-5.00,20543.60,水平線手前,損切,支持抵抗,0,155.78100
2025-12-01,2025-12-31,20260209_085946,20260209_085946-0108,2025-12-18 14:49:34.153000,2025-12-18 15:18:52.855000,売り,155.85900,155.90900,1.00,-5.00,20538.60,水平線手前,損切,支持抵抗,0,155.85900
2025-12-01,2025-12-31,20260209_085946,20260209_085946-0109,2025-12-18 15:18:09.739000,2025-12-18 16:01:17.336000,売り,155.88000,155.93000,1.00,-5.00,20533.60,水平線手前,損切,支持抵抗,0,155.88000
2025-12-01,2025-12-31,20260209_085946,20260209_085946-0110,2025-12-18 16:01:17.336000,2025-12-18 19:21:03.406000,売り,155.92400,155.97400,1.00,-5.00,20528.60,水平線手前,損切,支持抵抗,0,155.92400
2025-12-01,2025-12-31,20260209_085946,20260209_085946-0111,2025-12-18 22:30:03.672000,2025-12-18 22:30:17.850000,買い,155.37700,155.52700,1.00,15.00,20543.60,水平線手前,利確,支持抵抗,0,155.37700
2025-12-01,2025-12-31,20260209_085946,20260209_085946-0112,2025-12-18 22:30:05.060000,2025-12-18 22:30:17.850000,買い,155.37900,155.52900,1.00,15.00,20558.60,水平線手前,利確,支持抵抗,0,155.37900
2025-12-01,2025-12-31,20260209_085946,20260209_085946-0113,2025-12-18 23:40:08.256000,2025-12-18 23:59:41.845000,買い,155.32000,155.47000,1.00,15.00,20573.60,水平線手前,利確,支持抵抗,0,155.32000
2025-12-01,2025-12-31,20260209_085946,20260209_085946-0114,2025-12-19 11:56:59.901000,2025-12-19 11:59:12.060000,売り,155.81000,155.86000,1.00,-5.00,20568.60,水平線手前,損切,支持抵抗,0,155.81000
2025-12-01,2025-12-31,20260209_085946,20260209_085946-0115,2025-12-19 11:57:00.380000,2025-12-19 12:01:14.072000,売り,155.82100,155.87100,1.00,-5.00,20563.60,水平線手前,損切,支持抵抗,0,155.82100
2025-12-01,2025-12-31,20260209_085946,20260209_085946-0116,2025-12-19 12:21:38.719000,2025-12-19 12:21:48.669000,売り,155.94700,155.99700,1.00,-5.00,20558.60,水平線手前,損切,支持抵抗,0,155.94700
2025-12-01,2025-12-31,20260209_085946,20260209_085946-0117,2025-12-19 12:21:38.773000,2025-12-19 12:21:50.452000,売り,155.96000,156.01000,1.00,-5.00,20553.60,水平線手前,損切,支持抵抗,0,155.96000
2025-12-01,2025-12-31,20260209_085946,20260209_085946-0118,2025-12-19 12:22:06.415000,2025-12-19 12:32:53.217000,売り,156.13700,155.98700,1.00,15.00,20568.60,水平線手前,利確,支持抵抗,0,156.13700
2025-12-01,2025-12-31,20260209_085946,20260209_085946-0119,2025-12-19 15:40:54.450000,2025-12-19 15:46:13.696000,売り,156.41600,156.26600,1.00,15.00,20583.60,水平線手前,利確,支持抵抗,0,156.41600
2025-12-01,2025-12-31,20260209_085946,20260209_085946-0120,2025-12-19 16:54:14.093000,2025-12-19 17:00:23.421000,売り,156.71200,156.76200,1.00,-5.00,20578.60,水平線手前,損切,支持抵抗,0,156.71200
2025-12-01,2025-12-31,20260209_085946,20260209_085946-0121,2025-12-19 17:00:23.421000,2025-12-19 17:01:16.476000,売り,156.76100,156.81100,1.00,-5.00,20573.60,水平線手前,損切,支持抵抗,0,156.76100
2025-12-01,2025-12-31,20260209_085946,20260209_085946-0122,2025-12-19 17:56:24.128000,2025-12-19 18:09:08.212000,売り,156.91100,156.96100,1.00,-5.00,20568.60,水平線手前,損切,支持抵抗,0,156.91100
2025-12-01,2025-12-31,20260209_085946,20260209_085946-0123,2025-12-19 17:56:45.116000,2025-12-19 18:15:03.129000,売り,156.92300,156.97300,1.00,-5.00,20563.60,水平線手前,損切,支持抵抗,0,156.92300
2025-12-01,2025-12-31,20260209_085946,20260209_085946-0124,2025-12-19 17:56:46.509000,2025-12-19 18:15:14.900000,売り,156.92400,156.97400,1.00,-5.00,20558.60,水平線手前,損切,支持抵抗,0,156.92400
2025-12-01,2025-12-31,20260209_085946,20260209_085946-0125,2025-12-19 18:58:36.709000,2025-12-19 19:00:37.469000,売り,157.18400,157.23400,1.00,-5.00,20553.60,水平線手前,損切,支持抵抗,0,157.18400
2025-12-01,2025-12-31,20260209_085946,20260209_085946-0126,2025-12-19 19:33:04.046000,2025-12-19 21:54:21.691000,売り,157.37000,157.22000,1.00,15.00,20568.60,水平線手前,利確,支持抵抗,0,157.37000
2025-12-01,2025-12-31,20260209_085946,20260209_085946-0127,2025-12-19 23:58:47.192000,2025-12-20 00:00:25.547000,売り,157.39600,157.44600,1.00,-5.00,20563.60,水平線手前,損切,支持抵抗,0,157.39600
2025-12-01,2025-12-31,20260209_085946,20260209_085946-0128,2025-12-20 00:00:30.520000,2025-12-20 02:11:33.190000,売り,157.46000,157.51000,1.00,-5.00,20558.60,水平線手前,損切,支持抵抗,0,157.46000
2025-12-01,2025-12-31,20260209_085946,20260209_085946-0129,2025-12-20 02:14:16.751000,2025-12-20 02:15:58.592000,売り,157.63900,157.48900,1.00,15.00,20573.60,水平線手前,利確,支持抵抗,0,157.63900
2025-12-01,2025-12-31,20260209_085946,20260209_085946-0130,2025-12-22 11:00:10.683000,2025-12-22 11:14:55.009000,買い,157.29200,157.24200,1.00,-5.00,20568.60,水平線手前,損切,支持抵抗,0,157.29200
2025-12-01,2025-12-31,20260209_085946,20260209_085946-0131,2025-12-22 11:01:32.868000,2025-12-22 11:46:56.366000,買い,157.26700,157.41700,1.00,15.00,20583.60,水平線手前,利確,支持抵抗,0,157.26700
2025-12-01,2025-12-31,20260209_085946,20260209_085946-0132,2025-12-22 22:10:21.482000,2025-12-22 22:10:27.667000,買い,156.90300,157.05300,1.00,15.00,20598.60,水平線手前,利確,支持抵抗,0,156.90300
2025-12-01,2025-12-31,20260209_085946,20260209_085946-0133,2025-12-23 01:15:43.454000,2025-12-23 02:01:14.298000,買い,156.89800,156.84800,1.00,-5.00,20593.60,水平線手前,損切,支持抵抗,0,156.89800
2025-12-01,2025-12-31,20260209_085946,20260209_085946-0134,2025-12-23 02:39:23.936000,2025-12-23 03:03:31.906000,買い,156.74300,156.89300,1.00,15.00,20608.60,水平線手前,利確,支持抵抗,0,156.74300
2025-12-01,2025-12-31,20260209_085946,20260209_085946-0135,2025-12-23 11:00:18.702000,2025-12-23 11:03:40.101000,買い,156.46100,156.41100,1.00,-5.00,20603.60,水平線手前,損切,支持抵抗,0,156.46100
2025-12-01,2025-12-31,20260209_085946,20260209_085946-0136,2025-12-23 11:40:44.753000,2025-12-23 12:04:40.473000,買い,156.31400,156.26400,1.00,-5.00,20598.60,水平線手前,損切,支持抵抗,0,156.31400
2025-12-01,2025-12-31,20260209_085946,20260209_085946-0137,2025-12-23 12:54:32.192000,2025-12-23 13:00:00.309000,買い,156.22500,156.17500,1.00,-5.00,20593.60,水平線手前,損切,支持抵抗,0,156.22500
2025-12-01,2025-12-31,20260209_085946,20260209_085946-0138,2025-12-23 13:14:00.440000,2025-12-23 14:12:52.349000,買い,155.99700,155.94700,1.00,-5.00,20588.60,水平線手前,損切,支持抵抗,0,155.99700
2025-12-01,2025-12-31,20260209_085946,20260209_085946-0139,2025-12-23 14:12:54.576000,2025-12-23 15:25:53.275000,買い,155.94900,156.09900,1.00,15.00,20603.60,水平線手前,利確,支持抵抗,0,155.94900
2025-12-01,2025-12-31,20260209_085946,20260209_085946-0140,2025-12-23 18:06:40.313000,2025-12-23 18:19:33.176000,買い,155.69000,155.84000,1.00,15.00,20618.60,水平線手前,利確,支持抵抗,0,155.69000
2025-12-01,2025-12-31,20260209_085946,20260209_085946-0141,2025-12-23 23:34:06.502000,2025-12-24 00:01:13.030000,売り,156.51300,156.36300,1.00,15.00,20633.60,水平線手前,利確,支持抵抗,0,156.51300
2025-12-01,2025-12-31,20260209_085946,20260209_085946-0142,2025-12-24 04:03:31.062000,2025-12-24 07:00:00.492000,買い,156.21700,156.16700,1.00,-5.00,20628.60,水平線手前,損切,支持抵抗,0,156.21700
2025-12-01,2025-12-31,20260209_085946,20260209_085946-0143,2025-12-24 11:00:01.132000,2025-12-24 11:03:05.749000,買い,155.63300,155.58300,1.00,-5.00,20623.60,水平線手前,損切,支持抵抗,0,155.63300
2025-12-01,2025-12-31,20260209_085946,20260209_085946-0144,2025-12-24 11:03:05.749000,2025-12-24 12:00:00.600000,買い,155.59200,155.74200,1.00,15.00,20638.60,水平線手前,利確,支持抵抗,0,155.59200
2025-12-01,2025-12-31,20260209_085946,20260209_085946-0145,2025-12-25 13:05:48.301000,2025-12-25 14:14:08.365000,買い,155.60400,155.55400,1.00,-5.00,20633.60,水平線手前,損切,支持抵抗,0,155.60400
2025-12-01,2025-12-31,20260209_085946,20260209_085946-0146,2025-12-25 14:14:08.365000,2025-12-25 14:14:30.999000,買い,155.48200,155.63200,1.00,15.00,20648.60,水平線手前,利確,支持抵抗,0,155.48200
2025-12-01,2025-12-31,20260209_085946,20260209_085946-0147,2025-12-25 14:27:40.047000,2025-12-25 14:27:54.188000,買い,155.47400,155.62400,1.00,15.00,20663.60,水平線手前,利確,支持抵抗,0,155.47400
2025-12-01,2025-12-31,20260209_085946,20260209_085946-0148,2025-12-25 16:57:31.577000,2025-12-26 07:00:23.378000,売り,156.04500,155.89500,1.00,15.00,20678.60,水平線手前,利確,支持抵抗,0,156.04500
2025-12-01,2025-12-31,20260209_085946,20260209_085946-0149,2025-12-26 18:24:28.067000,2025-12-26 22:08:03.464000,売り,156.46200,156.31200,1.00,15.00,20693.60,水平線手前,利確,支持抵抗,0,156.46200
2025-12-01,2025-12-31,20260209_085946,20260209_085946-0150,2025-12-26 19:01:30.567000,2025-12-26 22:08:03.519000,売り,156.45800,156.30800,1.00,15.00,20708.60,水平線手前,利確,支持抵抗,0,156.45800
2025-12-01,2025-12-31,20260209_085946,20260209_085946-0151,2025-12-27 00:55:36.946000,2025-12-27 01:15:24.169000,売り,156.50600,156.55600,1.00,-5.00,20703.60,水平線手前,損切,支持抵抗,0,156.50600
2025-12-01,2025-12-31,20260209_085946,20260209_085946-0152,2025-12-27 01:23:25.478000,2025-12-27 02:31:04.420000,売り,156.62400,156.67400,1.00,-5.00,20698.60,水平線手前,損切,支持抵抗,0,156.62400
2025-12-01,2025-12-31,20260209_085946,20260209_085946-0153,2025-12-27 02:33:52.347000,2025-12-27 03:00:06.775000,売り,156.70500,156.55500,1.00,15.00,20713.60,水平線手前,利確,支持抵抗,0,156.70500
2025-12-01,2025-12-31,20260209_085946,20260209_085946-0154,2025-12-29 16:54:29.643000,2025-12-29 17:15:35.934000,買い,156.08600,156.23600,1.00,15.00,20728.60,水平線手前,利確,支持抵抗,0,156.08600
2025-12-01,2025-12-31,20260209_085946,20260209_085946-0155,2025-12-29 16:54:40.391000,2025-12-29 17:19:28.327000,買い,156.09500,156.24500,1.00,15.00,20743.60,水平線手前,利確,支持抵抗,0,156.09500
2025-12-01,2025-12-31,20260209_085946,20260209_085946-0156,2025-12-29 23:40:27.548000,2025-12-30 00:02:25.812000,買い,156.04700,156.19700,1.00,15.00,20758.60,水平線手前,利確,支持抵抗,0,156.04700
2025-12-01,2025-12-31,20260209_085946,20260209_085946-0157,2025-12-30 00:58:24.616000,2025-12-30 01:56:12.563000,買い,155.95500,156.10500,1.00,15.00,20773.60,水平線手前,利確,支持抵抗,0,155.95500
2025-12-01,2025-12-31,20260209_085946,20260209_085946-0158,2025-12-30 11:13:55.120000,2025-12-30 11:27:31.430000,売り,156.29600,156.34600,1.00,-5.00,20768.60,水平線手前,損切,支持抵抗,0,156.29600
2025-12-01,2025-12-31,20260209_085946,20260209_085946-0159,2025-12-30 11:25:09.666000,2025-12-30 13:42:40.569000,売り,156.30700,156.15700,1.00,15.00,20783.60,水平線手前,利確,支持抵抗,0,156.30700
2025-12-01,2025-12-31,20260209_085946,20260209_085946-0160,2025-12-30 15:19:21.657000,2025-12-30 16:25:15.472000,買い,155.95400,156.10400,1.00,15.00,20798.60,水平線手前,利確,支持抵抗,0,155.95400
2025-12-01,2025-12-31,20260209_085946,20260209_085946-0161,2025-12-30 17:01:49.782000,2025-12-30 19:06:56.142000,買い,155.89200,155.84200,1.00,-5.00,20793.60,水平線手前,損切,支持抵抗,0,155.89200
2025-12-01,2025-12-31,20260209_085946,20260209_085946-0162,2025-12-30 19:37:26.266000,2025-12-30 20:47:48.553000,買い,155.78200,155.93200,1.00,15.00,20808.60,水平線手前,利確,支持抵抗,0,155.78200
2025-12-01,2025-12-31,20260209_085946,20260209_085946-0163,2025-12-30 19:37:25.640000,2025-12-30 20:47:50.714000,買い,155.78600,155.93600,1.00,15.00,20823.60,水平線手前,利確,支持抵抗,0,155.78600
2025-12-01,2025-12-31,20260209_085946,20260209_085946-0164,2025-12-30 23:32:40.745000,2025-12-31 00:05:06.006000,売り,156.30700,156.35700,1.00,-5.00,20818.60,水平線手前,損切,支持抵抗,0,156.30700
2025-12-01,2025-12-31,20260209_085946,20260209_085946-0165,2025-12-31 00:41:34.165000,2025-12-31 00:55:21.140000,売り,156.53400,156.38400,1.00,15.00,20833.60,水平線手前,利確,支持抵抗,0,156.53400
2025-12-01,2025-12-31,20260209_085946,20260209_085946-0166,2025-12-31 13:20:12.639000,2025-12-31 13:56:49.927000,売り,156.57200,156.62200,1.00,-5.00,20828.60,水平線手前,損切,支持抵抗,0,156.57200
2025-12-01,2025-12-31,20260209_085946,20260209_085946-0167,2025-12-31 13:51:58.593000,2025-12-31 15:17:02.627000,売り,156.60600,156.65600,1.00,-5.00,20823.60,水平線手前,損切,支持抵抗,0,156.60600
2025-12-01,2025-12-31,20260209_085946,20260209_085946-0168,2025-12-31 15:03:54.167000,2025-12-31 19:10:12.433000,売り,156.62300,156.67300,1.00,-5.00,20818.60,水平線手前,損切,支持抵抗,0,156.62300
2025-12-01,2025-12-31,20260209_085946,20260209_085946-0169,2025-12-31 22:50:03.418000,2025-12-31 23:01:14.139000,売り,156.80200,156.85200,1.00,-5.00,20813.60,水平線手前,損切,支持抵抗,0,156.80200
2025-12-01,2025-12-31,20260209_085946,20260209_085946-0170,2025-12-31 23:05:27.243000,2025-12-31 23:59:56.143000,売り,156.91600,156.93600,1.00,-2.00,20811.60,水平線手前,終了,支持抵抗,0,156.91600
