開始日,終了日,実行ID,取引ID,段階,種別,in時刻,in価格,ロット
2024-01-01,2024-01-31,20260208_074124,20260208_074124-0001,1,初回,2024-01-09 01:11:39.882000,143.72300,1.00
2024-01-01,2024-01-31,20260208_074124,20260208_074124-0001,2,段階1,2024-01-09 01:11:39.882000,143.67200,1.00
2024-01-01,2024-01-31,20260208_074124,20260208_074124-0002,1,初回,2024-01-10 03:49:51.243000,144.57600,1.00
2024-01-01,2024-01-31,20260208_074124,20260208_074124-0003,1,初回,2024-01-12 20:46:49.215000,145.24800,1.00
2024-01-01,2024-01-31,20260208_074124,20260208_074124-0003,2,段階1,2024-01-12 20:46:49.215000,145.30000,1.00
2024-01-01,2024-01-31,20260208_074124,20260208_074124-0003,3,段階2,2024-01-12 20:46:49.215000,145.34800,1.00
2024-01-01,2024-01-31,20260208_074124,20260208_074124-0003,4,段階3,2024-01-12 20:46:49.215000,145.39800,1.00
2024-01-01,2024-01-31,20260208_074124,20260208_074124-0004,1,初回,2024-01-16 13:24:43.673000,146.16500,1.00
2024-01-01,2024-01-31,20260208_074124,20260208_074124-0004,2,段階1,2024-01-16 13:24:43.673000,146.21500,1.00
2024-01-01,2024-01-31,20260208_074124,20260208_074124-0004,3,段階2,2024-01-16 13:24:43.673000,146.26600,1.00
2024-01-01,2024-01-31,20260208_074124,20260208_074124-0004,4,段階3,2024-01-16 13:24:43.673000,146.31600,1.00
2024-01-01,2024-01-31,20260208_074124,20260208_074124-0005,1,初回,2024-01-16 14:41:20.584000,146.23000,1.00
2024-01-01,2024-01-31,20260208_074124,20260208_074124-0005,2,段階1,2024-01-16 14:41:20.584000,146.28100,1.00
2024-01-01,2024-01-31,20260208_074124,20260208_074124-0005,3,段階2,2024-01-16 14:41:20.584000,146.33000,1.00
2024-01-01,2024-01-31,20260208_074124,20260208_074124-0005,4,段階3,2024-01-16 14:41:20.584000,146.39300,1.00
2024-01-01,2024-01-31,20260208_074124,20260208_074124-0006,1,初回,2024-01-18 22:25:28.167000,147.98700,1.00
2024-01-01,2024-01-31,20260208_074124,20260208_074124-0006,2,段階1,2024-01-18 22:25:28.167000,148.05400,1.00
2024-01-01,2024-01-31,20260208_074124,20260208_074124-0006,3,段階2,2024-01-18 22:25:28.167000,148.12000,1.00
2024-01-01,2024-01-31,20260208_074124,20260208_074124-0006,4,段階3,2024-01-18 22:25:28.167000,148.14000,1.00
2024-01-01,2024-01-31,20260208_074124,20260208_074124-0007,1,初回,2024-01-23 18:54:16.584000,147.68500,1.00
2024-01-01,2024-01-31,20260208_074124,20260208_074124-0007,2,段階1,2024-01-23 18:54:16.584000,147.73800,1.00
2024-01-01,2024-01-31,20260208_074124,20260208_074124-0007,3,段階2,2024-01-23 18:54:16.584000,147.78700,1.00
2024-01-01,2024-01-31,20260208_074124,20260208_074124-0007,4,段階3,2024-01-23 18:54:16.584000,147.83500,1.00
2024-01-01,2024-01-31,20260208_074124,20260208_074124-0008,1,初回,2024-01-25 19:36:55.260000,147.54700,1.00
2024-01-01,2024-01-31,20260208_074124,20260208_074124-0008,2,段階1,2024-01-25 19:36:55.260000,147.49700,1.00
2024-01-01,2024-01-31,20260208_074124,20260208_074124-0009,1,初回,2024-01-25 21:51:08.678000,147.70000,1.00
2024-01-01,2024-01-31,20260208_074124,20260208_074124-0009,2,段階1,2024-01-25 21:51:08.678000,147.75000,1.00
2024-01-01,2024-01-31,20260208_074124,20260208_074124-0009,3,段階2,2024-01-25 21:51:08.678000,147.82200,1.00
2024-01-01,2024-01-31,20260208_074124,20260208_074124-0009,4,段階3,2024-01-25 21:51:08.678000,147.85900,1.00
2024-01-01,2024-01-31,20260208_074124,20260208_074124-0010,1,初回,2024-01-26 13:39:41.617000,147.76100,1.00
2024-01-01,2024-01-31,20260208_074124,20260208_074124-0010,2,段階1,2024-01-26 13:39:41.617000,147.81100,1.00
2024-01-01,2024-01-31,20260208_074124,20260208_074124-0010,3,段階2,2024-01-26 13:39:41.617000,147.86200,1.00
2024-01-01,2024-01-31,20260208_074124,20260208_074124-0010,4,段階3,2024-01-26 13:39:41.617000,147.91100,1.00
2024-01-01,2024-01-31,20260208_074124,20260208_074124-0011,1,初回,2024-01-26 14:05:36.271000,147.80400,1.00
2024-01-01,2024-01-31,20260208_074124,20260208_074124-0011,2,段階1,2024-01-26 14:05:36.271000,147.85500,1.00
2024-01-01,2024-01-31,20260208_074124,20260208_074124-0011,3,段階2,2024-01-26 14:05:36.271000,147.90500,1.00
2024-01-01,2024-01-31,20260208_074124,20260208_074124-0011,4,段階3,2024-01-26 14:05:36.271000,147.96200,1.00
2024-01-01,2024-01-31,20260208_074124,20260208_074124-0012,1,初回,2024-01-29 21:18:35.590000,147.92300,1.00
2024-01-01,2024-01-31,20260208_074124,20260208_074124-0012,2,段階1,2024-01-29 21:18:35.590000,147.97600,1.00
2024-01-01,2024-01-31,20260208_074124,20260208_074124-0012,3,段階2,2024-01-29 21:18:35.590000,148.02500,1.00
2024-01-01,2024-01-31,20260208_074124,20260208_074124-0012,4,段階3,2024-01-29 21:18:35.590000,148.07400,1.00
2024-01-01,2024-01-31,20260208_074124,20260208_074124-0013,1,初回,2024-01-31 11:05:37.132000,147.60300,1.00
2024-01-01,2024-01-31,20260208_074124,20260208_074124-0013,2,段階1,2024-01-31 11:05:37.132000,147.65600,1.00
2024-01-01,2024-01-31,20260208_074124,20260208_074124-0013,3,段階2,2024-01-31 11:05:37.132000,147.70600,1.00
2024-01-01,2024-01-31,20260208_074124,20260208_074124-0013,4,段階3,2024-01-31 11:05:37.132000,147.75400,1.00
2024-02-01,2024-02-29,20260208_074243,20260208_074243-0001,1,初回,2024-02-02 18:06:11.180000,146.75300,1.00
2024-02-01,2024-02-29,20260208_074243,20260208_074243-0002,1,初回,2024-02-06 23:48:07.143000,148.46400,1.00
2024-02-01,2024-02-29,20260208_074243,20260208_074243-0002,2,段階1,2024-02-06 23:48:07.143000,148.41400,1.00
2024-02-01,2024-02-29,20260208_074243,20260208_074243-0002,3,段階2,2024-02-06 23:48:07.143000,148.35900,1.00
2024-02-01,2024-02-29,20260208_074243,20260208_074243-0002,4,段階3,2024-02-06 23:48:07.143000,148.30900,1.00
2024-02-01,2024-02-29,20260208_074243,20260208_074243-0003,1,初回,2024-02-09 21:42:56.088000,149.49800,1.00
2024-02-01,2024-02-29,20260208_074243,20260208_074243-0004,1,初回,2024-02-14 01:44:29.530000,150.73500,1.00
2024-02-01,2024-02-29,20260208_074243,20260208_074243-0004,2,段階1,2024-02-14 01:44:29.530000,150.79000,1.00
2024-02-01,2024-02-29,20260208_074243,20260208_074243-0004,3,段階2,2024-02-14 01:44:29.530000,150.83600,1.00
2024-02-01,2024-02-29,20260208_074243,20260208_074243-0005,1,初回,2024-02-14 02:42:52.365000,150.76500,1.00
2024-02-01,2024-02-29,20260208_074243,20260208_074243-0005,2,段階1,2024-02-14 02:42:52.365000,150.82000,1.00
2024-02-01,2024-02-29,20260208_074243,20260208_074243-0005,3,段階2,2024-02-14 02:42:52.365000,150.86900,1.00
2024-02-01,2024-02-29,20260208_074243,20260208_074243-0006,1,初回,2024-02-15 00:00:54.629000,150.69100,1.00
2024-02-01,2024-02-29,20260208_074243,20260208_074243-0006,2,段階1,2024-02-15 00:00:54.629000,150.74100,1.00
2024-02-01,2024-02-29,20260208_074243,20260208_074243-0007,1,初回,2024-02-14 19:02:02.908000,150.64200,1.00
2024-02-01,2024-02-29,20260208_074243,20260208_074243-0007,2,段階1,2024-02-14 19:02:02.908000,150.69200,1.00
2024-02-01,2024-02-29,20260208_074243,20260208_074243-0007,3,段階2,2024-02-14 19:02:02.908000,150.74300,1.00
2024-02-01,2024-02-29,20260208_074243,20260208_074243-0008,1,初回,2024-02-20 23:27:33.009000,149.84800,1.00
2024-02-01,2024-02-29,20260208_074243,20260208_074243-0008,2,段階1,2024-02-20 23:27:33.009000,149.79700,1.00
2024-02-01,2024-02-29,20260208_074243,20260208_074243-0008,3,段階2,2024-02-20 23:27:33.009000,149.74400,1.00
2024-02-01,2024-02-29,20260208_074243,20260208_074243-0008,4,段階3,2024-02-20 23:27:33.009000,149.69800,1.00
2024-02-01,2024-02-29,20260208_074243,20260208_074243-0009,1,初回,2024-02-21 17:30:20.954000,150.16700,1.00
2024-02-01,2024-02-29,20260208_074243,20260208_074243-0010,1,初回,2024-02-23 18:36:51.442000,150.74900,1.00
2024-02-01,2024-02-29,20260208_074243,20260208_074243-0011,1,初回,2024-02-26 18:41:58.446000,150.64600,1.00
2024-02-01,2024-02-29,20260208_074243,20260208_074243-0011,2,段階1,2024-02-26 18:41:58.446000,150.69600,1.00
2024-02-01,2024-02-29,20260208_074243,20260208_074243-0011,3,段階2,2024-02-26 18:41:58.446000,150.74900,1.00
2024-02-01,2024-02-29,20260208_074243,20260208_074243-0011,4,段階3,2024-02-26 18:41:58.446000,150.79800,1.00
2024-02-01,2024-02-29,20260208_074243,20260208_074243-0012,1,初回,2024-02-29 18:30:33.020000,149.82400,1.00
2024-02-01,2024-02-29,20260208_074243,20260208_074243-0012,2,段階1,2024-02-29 18:30:33.020000,149.87500,1.00
2024-02-01,2024-02-29,20260208_074243,20260208_074243-0012,3,段階2,2024-02-29 18:30:33.020000,149.92600,1.00
2024-02-01,2024-02-29,20260208_074243,20260208_074243-0012,4,段階3,2024-02-29 18:30:33.020000,149.97500,1.00
2024-02-01,2024-02-29,20260208_074243,20260208_074243-0013,1,初回,2024-02-29 21:57:59.891000,150.07900,1.00
2024-02-01,2024-02-29,20260208_074243,20260208_074243-0013,2,段階1,2024-02-29 21:57:59.891000,150.13100,1.00
2024-03-01,2024-03-31,20260208_074352,20260208_074352-0001,1,初回,2024-03-01 19:01:51.242000,150.60600,1.00
2024-03-01,2024-03-31,20260208_074352,20260208_074352-0001,2,段階1,2024-03-01 19:01:51.242000,150.65600,1.00
2024-03-01,2024-03-31,20260208_074352,20260208_074352-0001,3,段階2,2024-03-01 19:01:51.242000,150.71800,1.00
2024-03-01,2024-03-31,20260208_074352,20260208_074352-0002,1,初回,2024-03-04 14:50:48.455000,150.30400,1.00
2024-03-01,2024-03-31,20260208_074352,20260208_074352-0002,2,段階1,2024-03-04 14:50:48.455000,150.35400,1.00
2024-03-01,2024-03-31,20260208_074352,20260208_074352-0003,1,初回,2024-03-04 14:46:40.150000,150.28500,1.00
2024-03-01,2024-03-31,20260208_074352,20260208_074352-0003,2,段階1,2024-03-04 14:46:40.150000,150.33900,1.00
2024-03-01,2024-03-31,20260208_074352,20260208_074352-0003,3,段階2,2024-03-04 14:46:40.150000,150.38600,1.00
2024-03-01,2024-03-31,20260208_074352,20260208_074352-0004,1,初回,2024-03-04 19:33:31.565000,150.39700,1.00
2024-03-01,2024-03-31,20260208_074352,20260208_074352-0004,2,段階1,2024-03-04 19:33:31.565000,150.44700,1.00
2024-03-01,2024-03-31,20260208_074352,20260208_074352-0004,3,段階2,2024-03-04 19:33:31.565000,150.49700,1.00
2024-03-01,2024-03-31,20260208_074352,20260208_074352-0004,4,段階3,2024-03-04 19:33:31.565000,150.54800,1.00
2024-03-01,2024-03-31,20260208_074352,20260208_074352-0005,1,初回,2024-03-06 01:41:35.410000,150.18500,1.00
2024-03-01,2024-03-31,20260208_074352,20260208_074352-0006,1,初回,2024-03-06 21:50:25.012000,149.59500,1.00
2024-03-01,2024-03-31,20260208_074352,20260208_074352-0006,2,段階1,2024-03-06 21:50:25.012000,149.53200,1.00
2024-03-01,2024-03-31,20260208_074352,20260208_074352-0006,3,段階2,2024-03-06 21:50:25.012000,149.49400,1.00
2024-03-01,2024-03-31,20260208_074352,20260208_074352-0006,4,段階3,2024-03-06 21:50:25.012000,149.44200,1.00
2024-03-01,2024-03-31,20260208_074352,20260208_074352-0007,1,初回,2024-03-06 22:25:41.297000,149.51200,1.00
2024-03-01,2024-03-31,20260208_074352,20260208_074352-0007,2,段階1,2024-03-06 22:25:41.297000,149.46000,1.00
2024-03-01,2024-03-31,20260208_074352,20260208_074352-0007,3,段階2,2024-03-06 22:25:41.297000,149.41200,1.00
2024-03-01,2024-03-31,20260208_074352,20260208_074352-0007,4,段階3,2024-03-06 22:25:41.297000,149.36000,1.00
2024-03-01,2024-03-31,20260208_074352,20260208_074352-0008,1,初回,2024-03-07 00:55:31.935000,149.34800,1.00
2024-03-01,2024-03-31,20260208_074352,20260208_074352-0008,2,段階1,2024-03-07 00:55:31.935000,149.29700,1.00
2024-03-01,2024-03-31,20260208_074352,20260208_074352-0008,3,段階2,2024-03-07 00:55:31.935000,149.24400,1.00
2024-03-01,2024-03-31,20260208_074352,20260208_074352-0008,4,段階3,2024-03-07 00:55:31.935000,149.19800,1.00
2024-03-01,2024-03-31,20260208_074352,20260208_074352-0009,1,初回,2024-03-11 21:43:20.819000,146.85400,1.00
2024-03-01,2024-03-31,20260208_074352,20260208_074352-0009,2,段階1,2024-03-11 21:43:20.819000,146.90800,1.00
2024-03-01,2024-03-31,20260208_074352,20260208_074352-0009,3,段階2,2024-03-11 21:43:20.819000,146.95500,1.00
2024-03-01,2024-03-31,20260208_074352,20260208_074352-0009,4,段階3,2024-03-11 21:43:20.819000,147.00800,1.00
2024-03-01,2024-03-31,20260208_074352,20260208_074352-0010,1,初回,2024-03-14 11:16:07.510000,147.72300,1.00
2024-03-01,2024-03-31,20260208_074352,20260208_074352-0010,2,段階1,2024-03-14 11:16:07.510000,147.77800,1.00
2024-03-01,2024-03-31,20260208_074352,20260208_074352-0010,3,段階2,2024-03-14 11:16:07.510000,147.82500,1.00
2024-03-01,2024-03-31,20260208_074352,20260208_074352-0010,4,段階3,2024-03-14 11:16:07.510000,147.87400,1.00
2024-03-01,2024-03-31,20260208_074352,20260208_074352-0011,1,初回,2024-03-14 11:35:13.703000,147.77500,1.00
2024-03-01,2024-03-31,20260208_074352,20260208_074352-0011,2,段階1,2024-03-14 11:35:13.703000,147.83200,1.00
2024-03-01,2024-03-31,20260208_074352,20260208_074352-0011,3,段階2,2024-03-14 11:35:13.703000,147.87800,1.00
2024-03-01,2024-03-31,20260208_074352,20260208_074352-0011,4,段階3,2024-03-14 11:35:13.703000,147.92500,1.00
2024-03-01,2024-03-31,20260208_074352,20260208_074352-0012,1,初回,2024-03-16 00:51:49.296000,149.06600,1.00
2024-03-01,2024-03-31,20260208_074352,20260208_074352-0012,2,段階1,2024-03-16 00:51:49.296000,149.11600,1.00
2024-03-01,2024-03-31,20260208_074352,20260208_074352-0013,1,初回,2024-03-18 15:56:04.899000,149.22000,1.00
2024-03-01,2024-03-31,20260208_074352,20260208_074352-0013,2,段階1,2024-03-18 15:56:04.899000,149.27200,1.00
2024-03-01,2024-03-31,20260208_074352,20260208_074352-0014,1,初回,2024-03-18 21:02:43.923000,149.02600,1.00
2024-03-01,2024-03-31,20260208_074352,20260208_074352-0015,1,初回,2024-03-19 18:29:09.420000,150.56700,1.00
2024-03-01,2024-03-31,20260208_074352,20260208_074352-0015,2,段階1,2024-03-19 18:29:09.420000,150.62200,1.00
2024-03-01,2024-03-31,20260208_074352,20260208_074352-0015,3,段階2,2024-03-19 18:29:09.420000,150.66800,1.00
2024-03-01,2024-03-31,20260208_074352,20260208_074352-0016,1,初回,2024-03-26 20:46:42.481000,151.36200,1.00
2024-03-01,2024-03-31,20260208_074352,20260208_074352-0016,2,段階1,2024-03-26 20:46:42.481000,151.41200,1.00
2024-03-01,2024-03-31,20260208_074352,20260208_074352-0016,3,段階2,2024-03-26 20:46:42.481000,151.46300,1.00
2024-03-01,2024-03-31,20260208_074352,20260208_074352-0016,4,段階3,2024-03-26 20:46:42.481000,151.51600,1.00
2024-03-01,2024-03-31,20260208_074352,20260208_074352-0017,1,初回,2024-03-27 22:14:53.784000,151.29200,1.00
2024-03-01,2024-03-31,20260208_074352,20260208_074352-0017,2,段階1,2024-03-27 22:14:53.784000,151.34200,1.00
2024-03-01,2024-03-31,20260208_074352,20260208_074352-0017,3,段階2,2024-03-27 22:14:53.784000,151.39300,1.00
2024-03-01,2024-03-31,20260208_074352,20260208_074352-0018,1,初回,2024-03-28 01:14:00.148000,151.38000,1.00
2024-04-01,2024-04-30,20260208_074450,20260208_074450-0001,1,初回,2024-04-04 22:30:49.833000,151.56900,1.00
2024-04-01,2024-04-30,20260208_074450,20260208_074450-0001,2,段階1,2024-04-04 22:30:49.833000,151.51900,1.00
2024-04-01,2024-04-30,20260208_074450,20260208_074450-0002,1,初回,2024-04-05 16:34:04.984000,151.33700,1.00
2024-04-01,2024-04-30,20260208_074450,20260208_074450-0002,2,段階1,2024-04-05 16:34:04.984000,151.38800,1.00
2024-04-01,2024-04-30,20260208_074450,20260208_074450-0002,3,段階2,2024-04-05 16:34:04.984000,151.43900,1.00
2024-04-01,2024-04-30,20260208_074450,20260208_074450-0002,4,段階3,2024-04-05 16:34:04.984000,151.54300,1.00
2024-04-01,2024-04-30,20260208_074450,20260208_074450-0003,1,初回,2024-04-11 17:31:48.578000,153.21700,1.00
2024-04-01,2024-04-30,20260208_074450,20260208_074450-0003,2,段階1,2024-04-11 17:31:48.578000,153.26800,1.00
2024-04-01,2024-04-30,20260208_074450,20260208_074450-0004,1,初回,2024-04-13 03:58:57.304000,153.20800,1.00
2024-04-01,2024-04-30,20260208_074450,20260208_074450-0004,2,段階1,2024-04-13 03:58:57.304000,153.25800,1.00
2024-04-01,2024-04-30,20260208_074450,20260208_074450-0004,3,段階2,2024-04-13 03:58:57.304000,153.31400,1.00
2024-04-01,2024-04-30,20260208_074450,20260208_074450-0005,1,初回,2024-04-18 20:38:04.910000,154.48100,1.00
2024-04-01,2024-04-30,20260208_074450,20260208_074450-0005,2,段階1,2024-04-18 20:38:04.910000,154.53200,1.00
2024-04-01,2024-04-30,20260208_074450,20260208_074450-0005,3,段階2,2024-04-18 20:38:04.910000,154.58200,1.00
2024-04-01,2024-04-30,20260208_074450,20260208_074450-0005,4,段階3,2024-04-18 20:38:04.910000,154.63100,1.00
2024-04-01,2024-04-30,20260208_074450,20260208_074450-0006,1,初回,2024-04-22 18:46:52.123000,154.75800,1.00
2024-04-01,2024-04-30,20260208_074450,20260208_074450-0007,1,初回,2024-04-27 00:53:09.653000,157.45600,1.00
2024-04-01,2024-04-30,20260208_074450,20260208_074450-0007,2,段階1,2024-04-27 00:53:09.653000,157.50900,1.00
2024-04-01,2024-04-30,20260208_074450,20260208_074450-0007,3,段階2,2024-04-27 00:53:09.653000,157.55800,1.00
2024-04-01,2024-04-30,20260208_074450,20260208_074450-0007,4,段階3,2024-04-27 00:53:09.653000,157.61200,1.00
2024-04-01,2024-04-30,20260208_074450,20260208_074450-0008,1,初回,2024-04-29 23:05:16.731000,156.76100,1.00
2024-04-01,2024-04-30,20260208_074450,20260208_074450-0008,2,段階1,2024-04-29 23:05:16.731000,156.83300,1.00
2024-04-01,2024-04-30,20260208_074450,20260208_074450-0008,3,段階2,2024-04-29 23:05:16.731000,156.86500,1.00
2024-04-01,2024-04-30,20260208_074450,20260208_074450-0009,1,初回,2024-04-30 03:31:35.280000,155.97800,1.00
2024-04-01,2024-04-30,20260208_074450,20260208_074450-0009,2,段階1,2024-04-30 03:31:35.280000,155.92600,1.00
2024-04-01,2024-04-30,20260208_074450,20260208_074450-0009,3,段階2,2024-04-30 03:31:35.280000,155.87600,1.00
2024-04-01,2024-04-30,20260208_074450,20260208_074450-0009,4,段階3,2024-04-30 03:31:35.280000,155.82500,1.00
2024-05-01,2024-05-31,20260208_074548,20260208_074548-0001,1,初回,2024-05-01 03:35:41.164000,157.64100,1.00
2024-05-01,2024-05-31,20260208_074548,20260208_074548-0001,2,段階1,2024-05-01 03:35:41.164000,157.69100,1.00
2024-05-01,2024-05-31,20260208_074548,20260208_074548-0001,3,段階2,2024-05-01 03:35:41.164000,157.74100,1.00
2024-05-01,2024-05-31,20260208_074548,20260208_074548-0001,4,段階3,2024-05-01 03:35:41.164000,157.79200,1.00
2024-05-01,2024-05-31,20260208_074548,20260208_074548-0002,1,初回,2024-05-02 19:49:58.065000,155.17100,1.00
2024-05-01,2024-05-31,20260208_074548,20260208_074548-0002,2,段階1,2024-05-02 19:49:58.065000,155.12100,1.00
2024-05-01,2024-05-31,20260208_074548,20260208_074548-0002,3,段階2,2024-05-02 19:49:58.065000,155.07000,1.00
2024-05-01,2024-05-31,20260208_074548,20260208_074548-0002,4,段階3,2024-05-02 19:49:58.065000,155.02100,1.00
2024-05-01,2024-05-31,20260208_074548,20260208_074548-0003,1,初回,2024-05-03 15:35:06.826000,153.17100,1.00
2024-05-01,2024-05-31,20260208_074548,20260208_074548-0003,2,段階1,2024-05-03 15:35:06.826000,153.22100,1.00
2024-05-01,2024-05-31,20260208_074548,20260208_074548-0003,3,段階2,2024-05-03 15:35:06.826000,153.27900,1.00
2024-05-01,2024-05-31,20260208_074548,20260208_074548-0003,4,段階3,2024-05-03 15:35:06.826000,153.32500,1.00
2024-05-01,2024-05-31,20260208_074548,20260208_074548-0004,1,初回,2024-05-04 02:15:14.087000,152.92700,1.00
2024-05-01,2024-05-31,20260208_074548,20260208_074548-0004,2,段階1,2024-05-04 02:15:14.087000,152.97700,1.00
2024-05-01,2024-05-31,20260208_074548,20260208_074548-0005,1,初回,2024-05-06 12:20:36.365000,153.81700,1.00
2024-05-01,2024-05-31,20260208_074548,20260208_074548-0005,2,段階1,2024-05-06 12:20:36.365000,153.88100,1.00
2024-05-01,2024-05-31,20260208_074548,20260208_074548-0005,3,段階2,2024-05-06 12:20:36.365000,153.91800,1.00
2024-05-01,2024-05-31,20260208_074548,20260208_074548-0005,4,段階3,2024-05-06 12:20:36.365000,153.96800,1.00
2024-05-01,2024-05-31,20260208_074548,20260208_074548-0006,1,初回,2024-05-06 23:49:42.999000,153.84100,1.00
2024-05-01,2024-05-31,20260208_074548,20260208_074548-0006,2,段階1,2024-05-06 23:49:42.999000,153.89200,1.00
2024-05-01,2024-05-31,20260208_074548,20260208_074548-0006,3,段階2,2024-05-06 23:49:42.999000,153.94200,1.00
2024-05-01,2024-05-31,20260208_074548,20260208_074548-0006,4,段階3,2024-05-06 23:49:42.999000,153.99200,1.00
2024-05-01,2024-05-31,20260208_074548,20260208_074548-0007,1,初回,2024-05-07 16:42:27.713000,154.18700,1.00
2024-05-01,2024-05-31,20260208_074548,20260208_074548-0007,2,段階1,2024-05-07 16:42:27.713000,154.13600,1.00
2024-05-01,2024-05-31,20260208_074548,20260208_074548-0007,3,段階2,2024-05-07 16:42:27.713000,154.08600,1.00
2024-05-01,2024-05-31,20260208_074548,20260208_074548-0007,4,段階3,2024-05-07 16:42:27.713000,154.03700,1.00
2024-05-01,2024-05-31,20260208_074548,20260208_074548-0008,1,初回,2024-05-08 17:15:33.977000,155.35500,1.00
2024-05-01,2024-05-31,20260208_074548,20260208_074548-0008,2,段階1,2024-05-08 17:15:33.977000,155.40800,1.00
2024-05-01,2024-05-31,20260208_074548,20260208_074548-0008,3,段階2,2024-05-08 17:15:33.977000,155.45500,1.00
2024-05-01,2024-05-31,20260208_074548,20260208_074548-0008,4,段階3,2024-05-08 17:15:33.977000,155.50600,1.00
2024-05-01,2024-05-31,20260208_074548,20260208_074548-0009,1,初回,2024-05-08 18:14:09.945000,155.46700,1.00
2024-05-01,2024-05-31,20260208_074548,20260208_074548-0009,2,段階1,2024-05-08 18:14:09.945000,155.51900,1.00
2024-05-01,2024-05-31,20260208_074548,20260208_074548-0009,3,段階2,2024-05-08 18:14:09.945000,155.56900,1.00
2024-05-01,2024-05-31,20260208_074548,20260208_074548-0009,4,段階3,2024-05-08 18:14:09.945000,155.61900,1.00
2024-05-01,2024-05-31,20260208_074548,20260208_074548-0010,1,初回,2024-05-08 20:33:27.813000,155.50700,1.00
2024-05-01,2024-05-31,20260208_074548,20260208_074548-0010,2,段階1,2024-05-08 20:33:27.813000,155.56300,1.00
2024-05-01,2024-05-31,20260208_074548,20260208_074548-0010,3,段階2,2024-05-08 20:33:27.813000,155.60900,1.00
2024-05-01,2024-05-31,20260208_074548,20260208_074548-0010,4,段階3,2024-05-08 20:33:27.813000,155.66100,1.00
2024-05-01,2024-05-31,20260208_074548,20260208_074548-0011,1,初回,2024-05-09 18:58:39.662000,155.94000,1.00
2024-05-01,2024-05-31,20260208_074548,20260208_074548-0012,1,初回,2024-05-09 18:09:55.040000,155.87100,1.00
2024-05-01,2024-05-31,20260208_074548,20260208_074548-0012,2,段階1,2024-05-09 18:09:55.040000,155.92300,1.00
2024-05-01,2024-05-31,20260208_074548,20260208_074548-0013,1,初回,2024-05-14 00:03:09.450000,155.93100,1.00
2024-05-01,2024-05-31,20260208_074548,20260208_074548-0013,2,段階1,2024-05-14 00:03:09.450000,155.99100,1.00
2024-05-01,2024-05-31,20260208_074548,20260208_074548-0013,3,段階2,2024-05-14 00:03:09.450000,156.03200,1.00
2024-05-01,2024-05-31,20260208_074548,20260208_074548-0013,4,段階3,2024-05-14 00:03:09.450000,156.08200,1.00
2024-05-01,2024-05-31,20260208_074548,20260208_074548-0014,1,初回,2024-05-14 11:08:48.832000,156.46300,1.00
2024-05-01,2024-05-31,20260208_074548,20260208_074548-0015,1,初回,2024-05-17 11:17:50.240000,155.86400,1.00
2024-05-01,2024-05-31,20260208_074548,20260208_074548-0015,2,段階1,2024-05-17 11:17:50.240000,155.92100,1.00
2024-05-01,2024-05-31,20260208_074548,20260208_074548-0016,1,初回,2024-05-21 03:13:38.857000,156.17900,1.00
2024-05-01,2024-05-31,20260208_074548,20260208_074548-0016,2,段階1,2024-05-21 03:13:38.857000,156.23100,1.00
2024-05-01,2024-05-31,20260208_074548,20260208_074548-0016,3,段階2,2024-05-21 03:13:38.857000,156.28000,1.00
2024-05-01,2024-05-31,20260208_074548,20260208_074548-0016,4,段階3,2024-05-21 03:13:38.857000,156.32900,1.00
2024-05-01,2024-05-31,20260208_074548,20260208_074548-0017,1,初回,2024-05-21 03:45:09.368000,156.23000,1.00
2024-05-01,2024-05-31,20260208_074548,20260208_074548-0017,2,段階1,2024-05-21 03:45:09.368000,156.28000,1.00
2024-05-01,2024-05-31,20260208_074548,20260208_074548-0017,3,段階2,2024-05-21 03:45:09.368000,156.33000,1.00
2024-05-01,2024-05-31,20260208_074548,20260208_074548-0017,4,段階3,2024-05-21 03:45:09.368000,156.38100,1.00
2024-05-01,2024-05-31,20260208_074548,20260208_074548-0018,1,初回,2024-05-21 20:36:25.728000,156.28000,1.00
2024-05-01,2024-05-31,20260208_074548,20260208_074548-0018,2,段階1,2024-05-21 20:36:25.728000,156.33100,1.00
2024-05-01,2024-05-31,20260208_074548,20260208_074548-0018,3,段階2,2024-05-21 20:36:25.728000,156.38300,1.00
2024-05-01,2024-05-31,20260208_074548,20260208_074548-0018,4,段階3,2024-05-21 20:36:25.728000,156.43200,1.00
2024-05-01,2024-05-31,20260208_074548,20260208_074548-0019,1,初回,2024-05-22 17:29:46.193000,156.46800,1.00
2024-05-01,2024-05-31,20260208_074548,20260208_074548-0019,2,段階1,2024-05-22 17:29:46.193000,156.51800,1.00
2024-05-01,2024-05-31,20260208_074548,20260208_074548-0019,3,段階2,2024-05-22 17:29:46.193000,156.56800,1.00
2024-05-01,2024-05-31,20260208_074548,20260208_074548-0020,1,初回,2024-05-29 19:43:39.329000,157.26400,1.00
2024-05-01,2024-05-31,20260208_074548,20260208_074548-0020,2,段階1,2024-05-29 19:43:39.329000,157.31500,1.00
2024-05-01,2024-05-31,20260208_074548,20260208_074548-0020,3,段階2,2024-05-29 19:43:39.329000,157.36600,1.00
2024-05-01,2024-05-31,20260208_074548,20260208_074548-0020,4,段階3,2024-05-29 19:43:39.329000,157.41500,1.00
2024-05-01,2024-05-31,20260208_074548,20260208_074548-0021,1,初回,2024-05-31 04:04:17.443000,156.84200,1.00
2024-06-01,2024-06-30,20260208_074645,20260208_074645-0001,1,初回,2024-06-03 22:28:47.614000,156.69600,1.00
2024-06-01,2024-06-30,20260208_074645,20260208_074645-0001,2,段階1,2024-06-03 22:28:47.614000,156.62500,1.00
2024-06-01,2024-06-30,20260208_074645,20260208_074645-0001,3,段階2,2024-06-03 22:28:47.614000,156.58600,1.00
2024-06-01,2024-06-30,20260208_074645,20260208_074645-0001,4,段階3,2024-06-03 22:28:47.614000,156.54600,1.00
2024-06-01,2024-06-30,20260208_074645,20260208_074645-0002,1,初回,2024-06-04 15:04:00.955000,156.10200,1.00
2024-06-01,2024-06-30,20260208_074645,20260208_074645-0002,2,段階1,2024-06-04 15:04:00.955000,156.05200,1.00
2024-06-01,2024-06-30,20260208_074645,20260208_074645-0002,3,段階2,2024-06-04 15:04:00.955000,155.99700,1.00
2024-06-01,2024-06-30,20260208_074645,20260208_074645-0002,4,段階3,2024-06-04 15:04:00.955000,155.94400,1.00
2024-06-01,2024-06-30,20260208_074645,20260208_074645-0003,1,初回,2024-06-07 01:36:01.085000,155.88500,1.00
2024-06-01,2024-06-30,20260208_074645,20260208_074645-0003,2,段階1,2024-06-07 01:36:01.085000,155.83200,1.00
2024-06-01,2024-06-30,20260208_074645,20260208_074645-0003,3,段階2,2024-06-07 01:36:01.085000,155.78400,1.00
2024-06-01,2024-06-30,20260208_074645,20260208_074645-0003,4,段階3,2024-06-07 01:36:01.085000,155.73500,1.00
2024-06-01,2024-06-30,20260208_074645,20260208_074645-0004,1,初回,2024-06-07 02:29:01.113000,155.78400,1.00
2024-06-01,2024-06-30,20260208_074645,20260208_074645-0004,2,段階1,2024-06-07 02:29:01.113000,155.73300,1.00
2024-06-01,2024-06-30,20260208_074645,20260208_074645-0004,3,段階2,2024-06-07 02:29:01.113000,155.68300,1.00
2024-06-01,2024-06-30,20260208_074645,20260208_074645-0004,4,段階3,2024-06-07 02:29:01.113000,155.63400,1.00
2024-06-01,2024-06-30,20260208_074645,20260208_074645-0005,1,初回,2024-06-07 18:51:41.358000,155.48100,1.00
2024-06-01,2024-06-30,20260208_074645,20260208_074645-0005,2,段階1,2024-06-07 18:51:41.358000,155.53700,1.00
2024-06-01,2024-06-30,20260208_074645,20260208_074645-0005,3,段階2,2024-06-07 18:51:41.358000,155.58500,1.00
2024-06-01,2024-06-30,20260208_074645,20260208_074645-0005,4,段階3,2024-06-07 18:51:41.358000,155.63100,1.00
2024-06-01,2024-06-30,20260208_074645,20260208_074645-0006,1,初回,2024-06-13 14:33:10.269000,157.17900,1.00
2024-06-01,2024-06-30,20260208_074645,20260208_074645-0006,2,段階1,2024-06-13 14:33:10.269000,157.23000,1.00
2024-06-01,2024-06-30,20260208_074645,20260208_074645-0006,3,段階2,2024-06-13 14:33:10.269000,157.28000,1.00
2024-06-01,2024-06-30,20260208_074645,20260208_074645-0007,1,初回,2024-06-14 04:55:03.259000,157.02400,1.00
2024-06-01,2024-06-30,20260208_074645,20260208_074645-0007,2,段階1,2024-06-14 04:55:03.259000,157.07400,1.00
2024-06-01,2024-06-30,20260208_074645,20260208_074645-0007,3,段階2,2024-06-14 04:55:03.259000,157.12500,1.00
2024-06-01,2024-06-30,20260208_074645,20260208_074645-0007,4,段階3,2024-06-14 04:55:03.259000,157.17400,1.00
2024-06-01,2024-06-30,20260208_074645,20260208_074645-0008,1,初回,2024-06-17 16:29:33.012000,157.52800,1.00
2024-06-01,2024-06-30,20260208_074645,20260208_074645-0008,2,段階1,2024-06-17 16:29:33.012000,157.57800,1.00
2024-06-01,2024-06-30,20260208_074645,20260208_074645-0008,3,段階2,2024-06-17 16:29:33.012000,157.63000,1.00
2024-06-01,2024-06-30,20260208_074645,20260208_074645-0008,4,段階3,2024-06-17 16:29:33.012000,157.67800,1.00
2024-06-01,2024-06-30,20260208_074645,20260208_074645-0009,1,初回,2024-06-18 14:47:54.436000,157.80700,1.00
2024-06-01,2024-06-30,20260208_074645,20260208_074645-0009,2,段階1,2024-06-18 14:47:54.436000,157.85700,1.00
2024-06-01,2024-06-30,20260208_074645,20260208_074645-0009,3,段階2,2024-06-18 14:47:54.436000,157.90800,1.00
2024-06-01,2024-06-30,20260208_074645,20260208_074645-0009,4,段階3,2024-06-18 14:47:54.436000,157.95700,1.00
2024-06-01,2024-06-30,20260208_074645,20260208_074645-0010,1,初回,2024-06-18 15:47:04.182000,157.95800,1.00
2024-06-01,2024-06-30,20260208_074645,20260208_074645-0010,2,段階1,2024-06-18 15:47:04.182000,158.01200,1.00
2024-06-01,2024-06-30,20260208_074645,20260208_074645-0010,3,段階2,2024-06-18 15:47:04.182000,158.06300,1.00
2024-06-01,2024-06-30,20260208_074645,20260208_074645-0010,4,段階3,2024-06-18 15:47:04.182000,158.10900,1.00
2024-06-01,2024-06-30,20260208_074645,20260208_074645-0011,1,初回,2024-06-19 19:12:41.006000,157.90200,1.00
2024-06-01,2024-06-30,20260208_074645,20260208_074645-0012,1,初回,2024-06-21 01:09:15.361000,158.77800,1.00
2024-06-01,2024-06-30,20260208_074645,20260208_074645-0012,2,段階1,2024-06-21 01:09:15.361000,158.82900,1.00
2024-06-01,2024-06-30,20260208_074645,20260208_074645-0012,3,段階2,2024-06-21 01:09:15.361000,158.88100,1.00
2024-06-01,2024-06-30,20260208_074645,20260208_074645-0012,4,段階3,2024-06-21 01:09:15.361000,158.92900,1.00
2024-06-01,2024-06-30,20260208_074645,20260208_074645-0013,1,初回,2024-06-21 19:16:57.541000,158.94200,1.00
2024-06-01,2024-06-30,20260208_074645,20260208_074645-0013,2,段階1,2024-06-21 19:16:57.541000,158.99500,1.00
2024-06-01,2024-06-30,20260208_074645,20260208_074645-0013,3,段階2,2024-06-21 19:16:57.541000,159.05700,1.00
2024-06-01,2024-06-30,20260208_074645,20260208_074645-0013,4,段階3,2024-06-21 19:16:57.541000,159.10000,1.00
2024-06-01,2024-06-30,20260208_074645,20260208_074645-0014,1,初回,2024-06-25 00:49:20.297000,159.73200,1.00
2024-06-01,2024-06-30,20260208_074645,20260208_074645-0015,1,初回,2024-06-25 23:54:08.810000,159.71100,1.00
2024-06-01,2024-06-30,20260208_074645,20260208_074645-0016,1,初回,2024-06-26 17:34:43.776000,159.92800,1.00
2024-06-01,2024-06-30,20260208_074645,20260208_074645-0016,2,段階1,2024-06-26 17:34:43.776000,159.98000,1.00
2024-06-01,2024-06-30,20260208_074645,20260208_074645-0016,3,段階2,2024-06-26 17:34:43.776000,160.02900,1.00
2024-06-01,2024-06-30,20260208_074645,20260208_074645-0016,4,段階3,2024-06-26 17:34:43.776000,160.07900,1.00
2024-06-01,2024-06-30,20260208_074645,20260208_074645-0017,1,初回,2024-06-28 23:43:42.479000,160.59500,1.00
2024-06-01,2024-06-30,20260208_074645,20260208_074645-0017,2,段階1,2024-06-28 23:43:42.479000,160.64600,1.00
2024-06-01,2024-06-30,20260208_074645,20260208_074645-0017,3,段階2,2024-06-28 23:43:42.479000,160.69600,1.00
2024-06-01,2024-06-30,20260208_074645,20260208_074645-0017,4,段階3,2024-06-28 23:43:42.479000,160.74500,1.00
2024-07-01,2024-07-31,20260208_074804,20260208_074804-0001,1,初回,2024-07-02 21:18:07.031000,161.53500,1.00
2024-07-01,2024-07-31,20260208_074804,20260208_074804-0001,2,段階1,2024-07-02 21:18:07.031000,161.48400,1.00
2024-07-01,2024-07-31,20260208_074804,20260208_074804-0001,3,段階2,2024-07-02 21:18:07.031000,161.43200,1.00
2024-07-01,2024-07-31,20260208_074804,20260208_074804-0001,4,段階3,2024-07-02 21:18:07.031000,161.38400,1.00
2024-07-01,2024-07-31,20260208_074804,20260208_074804-0002,1,初回,2024-07-03 14:59:58.294000,161.86300,1.00
2024-07-01,2024-07-31,20260208_074804,20260208_074804-0002,2,段階1,2024-07-03 14:59:58.294000,161.91400,1.00
2024-07-01,2024-07-31,20260208_074804,20260208_074804-0003,1,初回,2024-07-03 15:21:57.009000,161.91500,1.00
2024-07-01,2024-07-31,20260208_074804,20260208_074804-0004,1,初回,2024-07-04 03:50:23.512000,161.66800,1.00
2024-07-01,2024-07-31,20260208_074804,20260208_074804-0004,2,段階1,2024-07-04 03:50:23.512000,161.72000,1.00
2024-07-01,2024-07-31,20260208_074804,20260208_074804-0005,1,初回,2024-07-05 20:14:05.009000,160.83000,1.00
2024-07-01,2024-07-31,20260208_074804,20260208_074804-0005,2,段階1,2024-07-05 20:14:05.009000,160.89600,1.00
2024-07-01,2024-07-31,20260208_074804,20260208_074804-0005,3,段階2,2024-07-05 20:14:05.009000,160.94300,1.00
2024-07-01,2024-07-31,20260208_074804,20260208_074804-0005,4,段階3,2024-07-05 20:14:05.009000,161.01600,1.00
2024-07-01,2024-07-31,20260208_074804,20260208_074804-0006,1,初回,2024-07-05 20:23:43.470000,160.83600,1.00
2024-07-01,2024-07-31,20260208_074804,20260208_074804-0006,2,段階1,2024-07-05 20:23:43.470000,160.89600,1.00
2024-07-01,2024-07-31,20260208_074804,20260208_074804-0006,3,段階2,2024-07-05 20:23:43.470000,160.94300,1.00
2024-07-01,2024-07-31,20260208_074804,20260208_074804-0006,4,段階3,2024-07-05 20:23:43.470000,161.01600,1.00
2024-07-01,2024-07-31,20260208_074804,20260208_074804-0007,1,初回,2024-07-08 23:19:48.253000,160.55000,1.00
2024-07-01,2024-07-31,20260208_074804,20260208_074804-0007,2,段階1,2024-07-08 23:19:48.253000,160.49900,1.00
2024-07-01,2024-07-31,20260208_074804,20260208_074804-0008,1,初回,2024-07-11 12:14:56.528000,161.67000,1.00
2024-07-01,2024-07-31,20260208_074804,20260208_074804-0008,2,段階1,2024-07-11 12:14:56.528000,161.72100,1.00
2024-07-01,2024-07-31,20260208_074804,20260208_074804-0009,1,初回,2024-07-11 17:56:31.202000,161.54400,1.00
2024-07-01,2024-07-31,20260208_074804,20260208_074804-0009,2,段階1,2024-07-11 17:56:31.202000,161.48800,1.00
2024-07-01,2024-07-31,20260208_074804,20260208_074804-0009,3,段階2,2024-07-11 17:56:31.202000,161.35600,1.00
2024-07-01,2024-07-31,20260208_074804,20260208_074804-0009,4,段階3,2024-07-11 17:56:31.202000,161.35600,1.00
2024-07-01,2024-07-31,20260208_074804,20260208_074804-0010,1,初回,2024-07-12 20:20:08.376000,159.07100,1.00
2024-07-01,2024-07-31,20260208_074804,20260208_074804-0010,2,段階1,2024-07-12 20:20:08.376000,159.02100,1.00
2024-07-01,2024-07-31,20260208_074804,20260208_074804-0010,3,段階2,2024-07-12 20:20:08.376000,158.96900,1.00
2024-07-01,2024-07-31,20260208_074804,20260208_074804-0010,4,段階3,2024-07-12 20:20:08.376000,158.92100,1.00
2024-07-01,2024-07-31,20260208_074804,20260208_074804-0011,1,初回,2024-07-16 20:59:52.013000,158.34600,1.00
2024-07-01,2024-07-31,20260208_074804,20260208_074804-0011,2,段階1,2024-07-16 20:59:52.013000,158.29600,1.00
2024-07-01,2024-07-31,20260208_074804,20260208_074804-0012,1,初回,2024-07-17 21:29:17.224000,156.59700,1.00
2024-07-01,2024-07-31,20260208_074804,20260208_074804-0012,2,段階1,2024-07-17 21:29:17.224000,156.65700,1.00
2024-07-01,2024-07-31,20260208_074804,20260208_074804-0012,3,段階2,2024-07-17 21:29:17.224000,156.70300,1.00
2024-07-01,2024-07-31,20260208_074804,20260208_074804-0013,1,初回,2024-07-19 02:38:49.208000,157.18500,1.00
2024-07-01,2024-07-31,20260208_074804,20260208_074804-0013,2,段階1,2024-07-19 02:38:49.208000,157.23500,1.00
2024-07-01,2024-07-31,20260208_074804,20260208_074804-0013,3,段階2,2024-07-19 02:38:49.208000,157.28800,1.00
2024-07-01,2024-07-31,20260208_074804,20260208_074804-0013,4,段階3,2024-07-19 02:38:49.208000,157.33500,1.00
2024-07-01,2024-07-31,20260208_074804,20260208_074804-0014,1,初回,2024-07-19 03:10:33.906000,157.22200,1.00
2024-07-01,2024-07-31,20260208_074804,20260208_074804-0014,2,段階1,2024-07-19 03:10:33.906000,157.27400,1.00
2024-07-01,2024-07-31,20260208_074804,20260208_074804-0014,3,段階2,2024-07-19 03:10:33.906000,157.32600,1.00
2024-07-01,2024-07-31,20260208_074804,20260208_074804-0014,4,段階3,2024-07-19 03:10:33.906000,157.37500,1.00
2024-07-01,2024-07-31,20260208_074804,20260208_074804-0015,1,初回,2024-07-25 14:06:15.316000,152.68700,1.00
2024-07-01,2024-07-31,20260208_074804,20260208_074804-0015,2,段階1,2024-07-25 14:06:15.316000,152.73900,1.00
2024-07-01,2024-07-31,20260208_074804,20260208_074804-0015,3,段階2,2024-07-25 14:06:15.316000,152.79400,1.00
2024-07-01,2024-07-31,20260208_074804,20260208_074804-0015,4,段階3,2024-07-25 14:06:15.316000,152.83800,1.00
2024-08-01,2024-08-31,20260208_075007,20260208_075007-0001,1,初回,2024-08-07 20:41:22.344000,147.11900,1.00
2024-08-01,2024-08-31,20260208_075007,20260208_075007-0001,2,段階1,2024-08-07 20:41:22.344000,147.06900,1.00
2024-08-01,2024-08-31,20260208_075007,20260208_075007-0001,3,段階2,2024-08-07 20:41:22.344000,147.01800,1.00
2024-08-01,2024-08-31,20260208_075007,20260208_075007-0001,4,段階3,2024-08-07 20:41:22.344000,146.96800,1.00
2024-08-01,2024-08-31,20260208_075007,20260208_075007-0002,1,初回,2024-08-10 01:52:42.100000,146.64000,1.00
2024-08-01,2024-08-31,20260208_075007,20260208_075007-0002,2,段階1,2024-08-10 01:52:42.100000,146.69200,1.00
2024-08-01,2024-08-31,20260208_075007,20260208_075007-0002,3,段階2,2024-08-10 01:52:42.100000,146.74000,1.00
2024-08-01,2024-08-31,20260208_075007,20260208_075007-0003,1,初回,2024-08-14 12:48:23.309000,146.84300,1.00
2024-08-01,2024-08-31,20260208_075007,20260208_075007-0003,2,段階1,2024-08-14 12:48:23.309000,146.89300,1.00
2024-08-01,2024-08-31,20260208_075007,20260208_075007-0003,3,段階2,2024-08-14 12:48:23.309000,146.94500,1.00
2024-08-01,2024-08-31,20260208_075007,20260208_075007-0003,4,段階3,2024-08-14 12:48:23.309000,146.99500,1.00
2024-08-01,2024-08-31,20260208_075007,20260208_075007-0004,1,初回,2024-08-15 02:44:31.094000,147.21900,1.00
2024-08-01,2024-08-31,20260208_075007,20260208_075007-0004,2,段階1,2024-08-15 02:44:31.094000,147.27100,1.00
2024-08-01,2024-08-31,20260208_075007,20260208_075007-0004,3,段階2,2024-08-15 02:44:31.094000,147.32100,1.00
2024-08-01,2024-08-31,20260208_075007,20260208_075007-0004,4,段階3,2024-08-15 02:44:31.094000,147.37000,1.00
2024-08-01,2024-08-31,20260208_075007,20260208_075007-0005,1,初回,2024-08-15 03:52:40.309000,147.25900,1.00
2024-08-01,2024-08-31,20260208_075007,20260208_075007-0005,2,段階1,2024-08-15 03:52:40.309000,147.30900,1.00
2024-08-01,2024-08-31,20260208_075007,20260208_075007-0005,3,段階2,2024-08-15 03:52:40.309000,147.36000,1.00
2024-08-01,2024-08-31,20260208_075007,20260208_075007-0005,4,段階3,2024-08-15 03:52:40.309000,147.41000,1.00
2024-08-01,2024-08-31,20260208_075007,20260208_075007-0006,1,初回,2024-08-15 04:29:11.241000,147.27600,1.00
2024-08-01,2024-08-31,20260208_075007,20260208_075007-0006,2,段階1,2024-08-15 04:29:11.241000,147.32900,1.00
2024-08-01,2024-08-31,20260208_075007,20260208_075007-0006,3,段階2,2024-08-15 04:29:11.241000,147.37800,1.00
2024-08-01,2024-08-31,20260208_075007,20260208_075007-0006,4,段階3,2024-08-15 04:29:11.241000,147.42700,1.00
2024-08-01,2024-08-31,20260208_075007,20260208_075007-0007,1,初回,2024-08-19 11:56:03.125000,147.33300,1.00
2024-08-01,2024-08-31,20260208_075007,20260208_075007-0007,2,段階1,2024-08-19 11:56:03.125000,147.27900,1.00
2024-08-01,2024-08-31,20260208_075007,20260208_075007-0007,3,段階2,2024-08-19 11:56:03.125000,147.23000,1.00
2024-08-01,2024-08-31,20260208_075007,20260208_075007-0007,4,段階3,2024-08-19 11:56:03.125000,147.18300,1.00
2024-08-01,2024-08-31,20260208_075007,20260208_075007-0008,1,初回,2024-08-20 02:35:25.308000,146.60500,1.00
2024-08-01,2024-08-31,20260208_075007,20260208_075007-0008,2,段階1,2024-08-20 02:35:25.308000,146.65500,1.00
2024-08-01,2024-08-31,20260208_075007,20260208_075007-0009,1,初回,2024-08-23 19:20:00.505000,146.15000,1.00
2024-08-01,2024-08-31,20260208_075007,20260208_075007-0009,2,段階1,2024-08-23 19:20:00.505000,146.20500,1.00
2024-08-01,2024-08-31,20260208_075007,20260208_075007-0009,3,段階2,2024-08-23 19:20:00.505000,146.25100,1.00
2024-08-01,2024-08-31,20260208_075007,20260208_075007-0009,4,段階3,2024-08-23 19:20:00.505000,146.30000,1.00
2024-08-01,2024-08-31,20260208_075007,20260208_075007-0010,1,初回,2024-08-26 19:05:57.583000,144.00800,1.00
2024-08-01,2024-08-31,20260208_075007,20260208_075007-0010,2,段階1,2024-08-26 19:05:57.583000,144.05900,1.00
2024-08-01,2024-08-31,20260208_075007,20260208_075007-0010,3,段階2,2024-08-26 19:05:57.583000,144.11000,1.00
2024-08-01,2024-08-31,20260208_075007,20260208_075007-0010,4,段階3,2024-08-26 19:05:57.583000,144.15900,1.00
2024-08-01,2024-08-31,20260208_075007,20260208_075007-0011,1,初回,2024-08-29 16:31:32.192000,144.74300,1.00
2024-08-01,2024-08-31,20260208_075007,20260208_075007-0011,2,段階1,2024-08-29 16:31:32.192000,144.79300,1.00
2024-08-01,2024-08-31,20260208_075007,20260208_075007-0011,3,段階2,2024-08-29 16:31:32.192000,144.84400,1.00
2024-08-01,2024-08-31,20260208_075007,20260208_075007-0012,1,初回,2024-08-29 13:56:04.486000,144.68500,1.00
2024-08-01,2024-08-31,20260208_075007,20260208_075007-0012,2,段階1,2024-08-29 13:56:04.486000,144.73500,1.00
2024-08-01,2024-08-31,20260208_075007,20260208_075007-0012,3,段階2,2024-08-29 13:56:04.486000,144.78700,1.00
2024-08-01,2024-08-31,20260208_075007,20260208_075007-0012,4,段階3,2024-08-29 13:56:04.486000,144.83500,1.00
2024-09-01,2024-09-30,20260208_075152,20260208_075152-0001,1,初回,2024-09-02 19:47:25.156000,146.76900,1.00
2024-09-01,2024-09-30,20260208_075152,20260208_075152-0001,2,段階1,2024-09-02 19:47:25.156000,146.82100,1.00
2024-09-01,2024-09-30,20260208_075152,20260208_075152-0001,3,段階2,2024-09-02 19:47:25.156000,146.87200,1.00
2024-09-01,2024-09-30,20260208_075152,20260208_075152-0001,4,段階3,2024-09-02 19:47:25.156000,146.92200,1.00
2024-09-01,2024-09-30,20260208_075152,20260208_075152-0002,1,初回,2024-09-03 19:57:07.832000,146.03700,1.00
2024-09-01,2024-09-30,20260208_075152,20260208_075152-0002,2,段階1,2024-09-03 19:57:07.832000,146.08900,1.00
2024-09-01,2024-09-30,20260208_075152,20260208_075152-0002,3,段階2,2024-09-03 19:57:07.832000,146.13900,1.00
2024-09-01,2024-09-30,20260208_075152,20260208_075152-0002,4,段階3,2024-09-03 19:57:07.832000,146.18700,1.00
2024-09-01,2024-09-30,20260208_075152,20260208_075152-0003,1,初回,2024-09-11 15:24:33.918000,141.33800,1.00
2024-09-01,2024-09-30,20260208_075152,20260208_075152-0003,2,段階1,2024-09-11 15:24:33.918000,141.39200,1.00
2024-09-01,2024-09-30,20260208_075152,20260208_075152-0003,3,段階2,2024-09-11 15:24:33.918000,141.43900,1.00
2024-09-01,2024-09-30,20260208_075152,20260208_075152-0003,4,段階3,2024-09-11 15:24:33.918000,141.49000,1.00
2024-10-01,2024-10-31,20260208_075319,20260208_075319-0001,1,初回,2024-10-08 01:31:37.433000,148.16400,1.00
2024-10-01,2024-10-31,20260208_075319,20260208_075319-0002,1,初回,2024-10-11 15:36:01.060000,148.83800,1.00
2024-10-01,2024-10-31,20260208_075319,20260208_075319-0002,2,段階1,2024-10-11 15:36:01.060000,148.88800,1.00
2024-10-01,2024-10-31,20260208_075319,20260208_075319-0002,3,段階2,2024-10-11 15:36:01.060000,148.94100,1.00
2024-10-01,2024-10-31,20260208_075319,20260208_075319-0002,4,段階3,2024-10-11 15:36:01.060000,148.98800,1.00
2024-10-01,2024-10-31,20260208_075319,20260208_075319-0003,1,初回,2024-10-14 20:32:04.587000,149.68600,1.00
2024-10-01,2024-10-31,20260208_075319,20260208_075319-0003,2,段階1,2024-10-14 20:32:04.587000,149.73800,1.00
2024-10-01,2024-10-31,20260208_075319,20260208_075319-0003,3,段階2,2024-10-14 20:32:04.587000,149.79600,1.00
2024-10-01,2024-10-31,20260208_075319,20260208_075319-0003,4,段階3,2024-10-14 20:32:04.587000,149.83600,1.00
2024-10-01,2024-10-31,20260208_075319,20260208_075319-0004,1,初回,2024-10-16 23:22:21.182000,149.58200,1.00
2024-10-01,2024-10-31,20260208_075319,20260208_075319-0004,2,段階1,2024-10-16 23:22:21.182000,149.63500,1.00
2024-10-01,2024-10-31,20260208_075319,20260208_075319-0004,3,段階2,2024-10-16 23:22:21.182000,149.68300,1.00
2024-10-01,2024-10-31,20260208_075319,20260208_075319-0004,4,段階3,2024-10-16 23:22:21.182000,149.73200,1.00
2024-10-01,2024-10-31,20260208_075319,20260208_075319-0005,1,初回,2024-10-17 15:20:39.755000,149.61500,1.00
2024-10-01,2024-10-31,20260208_075319,20260208_075319-0005,2,段階1,2024-10-17 15:20:39.755000,149.66800,1.00
2024-10-01,2024-10-31,20260208_075319,20260208_075319-0005,3,段階2,2024-10-17 15:20:39.755000,149.71600,1.00
2024-10-01,2024-10-31,20260208_075319,20260208_075319-0005,4,段階3,2024-10-17 15:20:39.755000,149.76600,1.00
2024-10-01,2024-10-31,20260208_075319,20260208_075319-0006,1,初回,2024-10-18 17:05:19.878000,150.13300,1.00
2024-10-01,2024-10-31,20260208_075319,20260208_075319-0007,1,初回,2024-10-21 13:55:15.181000,149.34400,1.00
2024-10-01,2024-10-31,20260208_075319,20260208_075319-0007,2,段階1,2024-10-21 13:55:15.181000,149.39400,1.00
2024-10-01,2024-10-31,20260208_075319,20260208_075319-0007,3,段階2,2024-10-21 13:55:15.181000,149.44500,1.00
2024-10-01,2024-10-31,20260208_075319,20260208_075319-0007,4,段階3,2024-10-21 13:55:15.181000,149.49500,1.00
2024-10-01,2024-10-31,20260208_075319,20260208_075319-0008,1,初回,2024-10-22 02:32:36.885000,150.74200,1.00
2024-10-01,2024-10-31,20260208_075319,20260208_075319-0008,2,段階1,2024-10-22 02:32:36.885000,150.79400,1.00
2024-10-01,2024-10-31,20260208_075319,20260208_075319-0008,3,段階2,2024-10-22 02:32:36.885000,150.84400,1.00
2024-10-01,2024-10-31,20260208_075319,20260208_075319-0009,1,初回,2024-10-22 11:34:14.716000,150.79500,1.00
2024-10-01,2024-10-31,20260208_075319,20260208_075319-0009,2,段階1,2024-10-22 11:34:14.716000,150.84500,1.00
2024-10-01,2024-10-31,20260208_075319,20260208_075319-0009,3,段階2,2024-10-22 11:34:14.716000,150.89500,1.00
2024-10-01,2024-10-31,20260208_075319,20260208_075319-0009,4,段階3,2024-10-22 11:34:14.716000,150.95000,1.00
2024-10-01,2024-10-31,20260208_075319,20260208_075319-0010,1,初回,2024-10-22 19:35:59.080000,150.78200,1.00
2024-10-01,2024-10-31,20260208_075319,20260208_075319-0010,2,段階1,2024-10-22 19:35:59.080000,150.73100,1.00
2024-10-01,2024-10-31,20260208_075319,20260208_075319-0010,3,段階2,2024-10-22 19:35:59.080000,150.68100,1.00
2024-10-01,2024-10-31,20260208_075319,20260208_075319-0010,4,段階3,2024-10-22 19:35:59.080000,150.63000,1.00
2024-10-01,2024-10-31,20260208_075319,20260208_075319-0011,1,初回,2024-10-23 03:04:22.881000,150.96200,1.00
2024-10-01,2024-10-31,20260208_075319,20260208_075319-0011,2,段階1,2024-10-23 03:04:22.881000,150.91200,1.00
2024-10-01,2024-10-31,20260208_075319,20260208_075319-0012,1,初回,2024-10-25 04:21:29.155000,151.88200,1.00
2024-11-01,2024-11-30,20260208_075503,20260208_075503-0001,1,初回,2024-11-01 11:49:03.438000,152.32900,1.00
2024-11-01,2024-11-30,20260208_075503,20260208_075503-0001,2,段階1,2024-11-01 11:49:03.438000,152.38000,1.00
2024-11-01,2024-11-30,20260208_075503,20260208_075503-0001,3,段階2,2024-11-01 11:49:03.438000,152.43400,1.00
2024-11-01,2024-11-30,20260208_075503,20260208_075503-0001,4,段階3,2024-11-01 11:49:03.438000,152.48300,1.00
2024-11-01,2024-11-30,20260208_075503,20260208_075503-0002,1,初回,2024-11-01 13:12:35.773000,152.48800,1.00
2024-11-01,2024-11-30,20260208_075503,20260208_075503-0002,2,段階1,2024-11-01 13:12:35.773000,152.53800,1.00
2024-11-01,2024-11-30,20260208_075503,20260208_075503-0002,3,段階2,2024-11-01 13:12:35.773000,152.59000,1.00
2024-11-01,2024-11-30,20260208_075503,20260208_075503-0002,4,段階3,2024-11-01 13:12:35.773000,152.64000,1.00
2024-11-01,2024-11-30,20260208_075503,20260208_075503-0003,1,初回,2024-11-01 17:11:31.721000,152.67000,1.00
2024-11-01,2024-11-30,20260208_075503,20260208_075503-0003,2,段階1,2024-11-01 17:11:31.721000,152.72000,1.00
2024-11-01,2024-11-30,20260208_075503,20260208_075503-0003,3,段階2,2024-11-01 17:11:31.721000,152.77200,1.00
2024-11-01,2024-11-30,20260208_075503,20260208_075503-0003,4,段階3,2024-11-01 17:11:31.721000,152.82100,1.00
2024-11-01,2024-11-30,20260208_075503,20260208_075503-0004,1,初回,2024-11-05 13:21:36.997000,152.47500,1.00
2024-11-01,2024-11-30,20260208_075503,20260208_075503-0004,2,段階1,2024-11-05 13:21:36.997000,152.52800,1.00
2024-11-01,2024-11-30,20260208_075503,20260208_075503-0005,1,初回,2024-11-08 02:58:47.078000,152.99500,1.00
2024-11-01,2024-11-30,20260208_075503,20260208_075503-0005,2,段階1,2024-11-08 02:58:47.078000,152.94500,1.00
2024-11-01,2024-11-30,20260208_075503,20260208_075503-0005,3,段階2,2024-11-08 02:58:47.078000,152.89500,1.00
2024-11-01,2024-11-30,20260208_075503,20260208_075503-0006,1,初回,2024-11-11 14:26:05.028000,153.64300,1.00
2024-11-01,2024-11-30,20260208_075503,20260208_075503-0007,1,初回,2024-11-12 00:14:55.567000,153.90700,1.00
2024-11-01,2024-11-30,20260208_075503,20260208_075503-0008,1,初回,2024-11-12 20:47:30.928000,154.11800,1.00
2024-11-01,2024-11-30,20260208_075503,20260208_075503-0008,2,段階1,2024-11-12 20:47:30.928000,154.17000,1.00
2024-11-01,2024-11-30,20260208_075503,20260208_075503-0008,3,段階2,2024-11-12 20:47:30.928000,154.22300,1.00
2024-11-01,2024-11-30,20260208_075503,20260208_075503-0008,4,段階3,2024-11-12 20:47:30.928000,154.26800,1.00
2024-11-01,2024-11-30,20260208_075503,20260208_075503-0009,1,初回,2024-11-14 03:02:52.615000,155.42500,1.00
2024-11-01,2024-11-30,20260208_075503,20260208_075503-0009,2,段階1,2024-11-14 03:02:52.615000,155.47600,1.00
2024-11-01,2024-11-30,20260208_075503,20260208_075503-0009,3,段階2,2024-11-14 03:02:52.615000,155.52700,1.00
2024-11-01,2024-11-30,20260208_075503,20260208_075503-0009,4,段階3,2024-11-14 03:02:52.615000,155.58000,1.00
2024-11-01,2024-11-30,20260208_075503,20260208_075503-0010,1,初回,2024-11-19 14:51:13.128000,154.47900,1.00
2024-11-01,2024-11-30,20260208_075503,20260208_075503-0010,2,段階1,2024-11-19 14:51:13.128000,154.53100,1.00
2024-11-01,2024-11-30,20260208_075503,20260208_075503-0010,3,段階2,2024-11-19 14:51:13.128000,154.58000,1.00
2024-11-01,2024-11-30,20260208_075503,20260208_075503-0010,4,段階3,2024-11-19 14:51:13.128000,154.63200,1.00
2024-11-01,2024-11-30,20260208_075503,20260208_075503-0011,1,初回,2024-11-20 15:14:03.137000,155.30300,1.00
2024-11-01,2024-11-30,20260208_075503,20260208_075503-0011,2,段階1,2024-11-20 15:14:03.137000,155.35300,1.00
2024-11-01,2024-11-30,20260208_075503,20260208_075503-0011,3,段階2,2024-11-20 15:14:03.137000,155.40700,1.00
2024-11-01,2024-11-30,20260208_075503,20260208_075503-0011,4,段階3,2024-11-20 15:14:03.137000,155.45900,1.00
2024-11-01,2024-11-30,20260208_075503,20260208_075503-0012,1,初回,2024-11-21 20:48:57.468000,154.52500,1.00
2024-11-01,2024-11-30,20260208_075503,20260208_075503-0012,2,段階1,2024-11-21 20:48:57.468000,154.57800,1.00
2024-11-01,2024-11-30,20260208_075503,20260208_075503-0012,3,段階2,2024-11-21 20:48:57.468000,154.62900,1.00
2024-11-01,2024-11-30,20260208_075503,20260208_075503-0012,4,段階3,2024-11-21 20:48:57.468000,154.67500,1.00
2024-11-01,2024-11-30,20260208_075503,20260208_075503-0013,1,初回,2024-11-22 14:11:53.606000,154.55300,1.00
2024-11-01,2024-11-30,20260208_075503,20260208_075503-0013,2,段階1,2024-11-22 14:11:53.606000,154.60900,1.00
2024-11-01,2024-11-30,20260208_075503,20260208_075503-0013,3,段階2,2024-11-22 14:11:53.606000,154.65400,1.00
2024-11-01,2024-11-30,20260208_075503,20260208_075503-0013,4,段階3,2024-11-22 14:11:53.606000,154.70300,1.00
2024-11-01,2024-11-30,20260208_075503,20260208_075503-0014,1,初回,2024-11-22 18:48:05.117000,154.29300,1.00
2024-11-01,2024-11-30,20260208_075503,20260208_075503-0014,2,段階1,2024-11-22 18:48:05.117000,154.23800,1.00
2024-12-01,2024-12-31,20260208_075629,20260208_075629-0001,1,初回,2024-12-02 12:25:46.813000,150.68500,1.00
2024-12-01,2024-12-31,20260208_075629,20260208_075629-0001,2,段階1,2024-12-02 12:25:46.813000,150.74700,1.00
2024-12-01,2024-12-31,20260208_075629,20260208_075629-0002,1,初回,2024-12-03 20:58:12.038000,149.70900,1.00
2024-12-01,2024-12-31,20260208_075629,20260208_075629-0002,2,段階1,2024-12-03 20:58:12.038000,149.65600,1.00
2024-12-01,2024-12-31,20260208_075629,20260208_075629-0002,3,段階2,2024-12-03 20:58:12.038000,149.60900,1.00
2024-12-01,2024-12-31,20260208_075629,20260208_075629-0002,4,段階3,2024-12-03 20:58:12.038000,149.55800,1.00
2024-12-01,2024-12-31,20260208_075629,20260208_075629-0003,1,初回,2024-12-04 12:17:45.147000,149.66000,1.00
2024-12-01,2024-12-31,20260208_075629,20260208_075629-0004,1,初回,2024-12-04 16:29:11.855000,150.34800,1.00
2024-12-01,2024-12-31,20260208_075629,20260208_075629-0004,2,段階1,2024-12-04 16:29:11.855000,150.40800,1.00
2024-12-01,2024-12-31,20260208_075629,20260208_075629-0004,3,段階2,2024-12-04 16:29:11.855000,150.45200,1.00
2024-12-01,2024-12-31,20260208_075629,20260208_075629-0004,4,段階3,2024-12-04 16:29:11.855000,150.49900,1.00
2024-12-01,2024-12-31,20260208_075629,20260208_075629-0005,1,初回,2024-12-07 02:20:29.462000,149.98600,1.00
2024-12-01,2024-12-31,20260208_075629,20260208_075629-0005,2,段階1,2024-12-07 02:20:29.462000,150.03600,1.00
2024-12-01,2024-12-31,20260208_075629,20260208_075629-0005,3,段階2,2024-12-07 02:20:29.462000,150.08600,1.00
2024-12-01,2024-12-31,20260208_075629,20260208_075629-0006,1,初回,2024-12-07 04:16:27.863000,150.11100,1.00
2024-12-01,2024-12-31,20260208_075629,20260208_075629-0007,1,初回,2024-12-09 15:21:21.621000,150.16600,1.00
2024-12-01,2024-12-31,20260208_075629,20260208_075629-0007,2,段階1,2024-12-09 15:21:21.621000,150.21600,1.00
2024-12-01,2024-12-31,20260208_075629,20260208_075629-0007,3,段階2,2024-12-09 15:21:21.621000,150.26700,1.00
2024-12-01,2024-12-31,20260208_075629,20260208_075629-0007,4,段階3,2024-12-09 15:21:21.621000,150.31700,1.00
2024-12-01,2024-12-31,20260208_075629,20260208_075629-0008,1,初回,2024-12-09 21:22:59.088000,150.56900,1.00
2024-12-01,2024-12-31,20260208_075629,20260208_075629-0008,2,段階1,2024-12-09 21:22:59.088000,150.62000,1.00
2024-12-01,2024-12-31,20260208_075629,20260208_075629-0008,3,段階2,2024-12-09 21:22:59.088000,150.66900,1.00
2024-12-01,2024-12-31,20260208_075629,20260208_075629-0008,4,段階3,2024-12-09 21:22:59.088000,150.71900,1.00
2024-12-01,2024-12-31,20260208_075629,20260208_075629-0009,1,初回,2024-12-10 16:29:09.210000,151.29500,1.00
2024-12-01,2024-12-31,20260208_075629,20260208_075629-0009,2,段階1,2024-12-10 16:29:09.210000,151.34500,1.00
2024-12-01,2024-12-31,20260208_075629,20260208_075629-0009,3,段階2,2024-12-10 16:29:09.210000,151.39500,1.00
2024-12-01,2024-12-31,20260208_075629,20260208_075629-0009,4,段階3,2024-12-10 16:29:09.210000,151.44500,1.00
2024-12-01,2024-12-31,20260208_075629,20260208_075629-0010,1,初回,2024-12-11 15:52:01.598000,151.76100,1.00
2024-12-01,2024-12-31,20260208_075629,20260208_075629-0011,1,初回,2024-12-20 02:59:14.181000,157.71600,1.00
2024-12-01,2024-12-31,20260208_075629,20260208_075629-0012,1,初回,2024-12-20 14:01:08.097000,157.30300,1.00
2024-12-01,2024-12-31,20260208_075629,20260208_075629-0013,1,初回,2024-12-23 19:58:27.706000,156.80900,1.00
2024-12-01,2024-12-31,20260208_075629,20260208_075629-0013,2,段階1,2024-12-23 19:58:27.706000,156.86300,1.00
2024-12-01,2024-12-31,20260208_075629,20260208_075629-0013,3,段階2,2024-12-23 19:58:27.706000,156.91000,1.00
2024-12-01,2024-12-31,20260208_075629,20260208_075629-0013,4,段階3,2024-12-23 19:58:27.706000,156.95900,1.00
2024-12-01,2024-12-31,20260208_075629,20260208_075629-0014,1,初回,2024-12-24 23:06:39.262000,157.24500,1.00
2024-12-01,2024-12-31,20260208_075629,20260208_075629-0014,2,段階1,2024-12-24 23:06:39.262000,157.29600,1.00
2024-12-01,2024-12-31,20260208_075629,20260208_075629-0014,3,段階2,2024-12-24 23:06:39.262000,157.34600,1.00
2024-12-01,2024-12-31,20260208_075629,20260208_075629-0015,1,初回,2024-12-25 00:28:51.654000,157.31300,1.00
2024-12-01,2024-12-31,20260208_075629,20260208_075629-0015,2,段階1,2024-12-25 00:28:51.654000,157.36300,1.00
2024-12-01,2024-12-31,20260208_075629,20260208_075629-0016,1,初回,2024-12-25 12:55:07.584000,157.00100,1.00
2024-12-01,2024-12-31,20260208_075629,20260208_075629-0017,1,初回,2024-12-25 13:43:03.053000,157.23900,1.00
2024-12-01,2024-12-31,20260208_075629,20260208_075629-0017,2,段階1,2024-12-25 13:43:03.053000,157.29600,1.00
2024-12-01,2024-12-31,20260208_075629,20260208_075629-0017,3,段階2,2024-12-25 13:43:03.053000,157.34500,1.00
2024-12-01,2024-12-31,20260208_075629,20260208_075629-0018,1,初回,2024-12-26 20:29:32.191000,157.55800,1.00
2024-12-01,2024-12-31,20260208_075629,20260208_075629-0018,2,段階1,2024-12-26 20:29:32.191000,157.60800,1.00
2024-12-01,2024-12-31,20260208_075629,20260208_075629-0018,3,段階2,2024-12-26 20:29:32.191000,157.66000,1.00
2024-12-01,2024-12-31,20260208_075629,20260208_075629-0018,4,段階3,2024-12-26 20:29:32.191000,157.71000,1.00
2024-12-01,2024-12-31,20260208_075629,20260208_075629-0019,1,初回,2024-12-28 04:47:05.921000,157.91400,1.00
2025-01-01,2025-01-31,20260208_075753,20260208_075753-0001,1,初回,2025-01-03 16:01:29.273000,157.13800,1.00
2025-01-01,2025-01-31,20260208_075753,20260208_075753-0001,2,段階1,2025-01-03 16:01:29.273000,157.08300,1.00
2025-01-01,2025-01-31,20260208_075753,20260208_075753-0002,1,初回,2025-01-03 15:54:14.223000,157.19500,1.00
2025-01-01,2025-01-31,20260208_075753,20260208_075753-0002,2,段階1,2025-01-03 15:54:14.223000,157.14400,1.00
2025-01-01,2025-01-31,20260208_075753,20260208_075753-0002,3,段階2,2025-01-03 15:54:14.223000,157.09300,1.00
2025-01-01,2025-01-31,20260208_075753,20260208_075753-0003,1,初回,2025-01-04 00:31:12.307000,157.45600,1.00
2025-01-01,2025-01-31,20260208_075753,20260208_075753-0004,1,初回,2025-01-07 00:11:56.885000,157.47000,1.00
2025-01-01,2025-01-31,20260208_075753,20260208_075753-0004,2,段階1,2025-01-07 00:11:56.885000,157.52200,1.00
2025-01-01,2025-01-31,20260208_075753,20260208_075753-0004,3,段階2,2025-01-07 00:11:56.885000,157.57600,1.00
2025-01-01,2025-01-31,20260208_075753,20260208_075753-0004,4,段階3,2025-01-07 00:11:56.885000,157.62000,1.00
2025-01-01,2025-01-31,20260208_075753,20260208_075753-0005,1,初回,2025-01-07 22:15:35.301000,157.63200,1.00
2025-01-01,2025-01-31,20260208_075753,20260208_075753-0005,2,段階1,2025-01-07 22:15:35.301000,157.57700,1.00
2025-01-01,2025-01-31,20260208_075753,20260208_075753-0006,1,初回,2025-01-08 13:21:46.341000,158.23800,1.00
2025-01-01,2025-01-31,20260208_075753,20260208_075753-0007,1,初回,2025-01-08 20:12:20.168000,158.34600,1.00
2025-01-01,2025-01-31,20260208_075753,20260208_075753-0007,2,段階1,2025-01-08 20:12:20.168000,158.39700,1.00
2025-01-01,2025-01-31,20260208_075753,20260208_075753-0007,3,段階2,2025-01-08 20:12:20.168000,158.44700,1.00
2025-01-01,2025-01-31,20260208_075753,20260208_075753-0007,4,段階3,2025-01-08 20:12:20.168000,158.52800,1.00
2025-01-01,2025-01-31,20260208_075753,20260208_075753-0008,1,初回,2025-01-09 14:35:22.483000,158.13200,1.00
2025-01-01,2025-01-31,20260208_075753,20260208_075753-0008,2,段階1,2025-01-09 14:35:22.483000,158.18300,1.00
2025-01-01,2025-01-31,20260208_075753,20260208_075753-0008,3,段階2,2025-01-09 14:35:22.483000,158.23300,1.00
2025-01-01,2025-01-31,20260208_075753,20260208_075753-0008,4,段階3,2025-01-09 14:35:22.483000,158.28300,1.00
2025-01-01,2025-01-31,20260208_075753,20260208_075753-0009,1,初回,2025-01-13 14:43:45.038000,157.29700,1.00
2025-01-01,2025-01-31,20260208_075753,20260208_075753-0010,1,初回,2025-01-14 03:01:37.268000,157.32200,1.00
2025-01-01,2025-01-31,20260208_075753,20260208_075753-0011,1,初回,2025-01-14 18:33:28.902000,157.95600,1.00
2025-01-01,2025-01-31,20260208_075753,20260208_075753-0011,2,段階1,2025-01-14 18:33:28.902000,158.01100,1.00
2025-01-01,2025-01-31,20260208_075753,20260208_075753-0011,3,段階2,2025-01-14 18:33:28.902000,158.05700,1.00
2025-01-01,2025-01-31,20260208_075753,20260208_075753-0011,4,段階3,2025-01-14 18:33:28.902000,158.10800,1.00
2025-01-01,2025-01-31,20260208_075753,20260208_075753-0012,1,初回,2025-01-20 12:48:32.485000,155.76400,1.00
2025-01-01,2025-01-31,20260208_075753,20260208_075753-0013,1,初回,2025-01-20 14:20:47.141000,156.02400,1.00
2025-01-01,2025-01-31,20260208_075753,20260208_075753-0013,2,段階1,2025-01-20 14:20:47.141000,156.07400,1.00
2025-01-01,2025-01-31,20260208_075753,20260208_075753-0013,3,段階2,2025-01-20 14:20:47.141000,156.12500,1.00
2025-01-01,2025-01-31,20260208_075753,20260208_075753-0013,4,段階3,2025-01-20 14:20:47.141000,156.18000,1.00
2025-01-01,2025-01-31,20260208_075753,20260208_075753-0014,1,初回,2025-01-20 16:06:57.321000,156.26400,1.00
2025-01-01,2025-01-31,20260208_075753,20260208_075753-0015,1,初回,2025-01-20 18:12:26.127000,156.21300,1.00
2025-01-01,2025-01-31,20260208_075753,20260208_075753-0015,2,段階1,2025-01-20 18:12:26.127000,156.26600,1.00
2025-01-01,2025-01-31,20260208_075753,20260208_075753-0015,3,段階2,2025-01-20 18:12:26.127000,156.31400,1.00
2025-01-01,2025-01-31,20260208_075753,20260208_075753-0015,4,段階3,2025-01-20 18:12:26.127000,156.36400,1.00
2025-01-01,2025-01-31,20260208_075753,20260208_075753-0016,1,初回,2025-01-21 21:34:04.091000,155.77700,1.00
2025-01-01,2025-01-31,20260208_075753,20260208_075753-0016,2,段階1,2025-01-21 21:34:04.091000,155.72500,1.00
2025-01-01,2025-01-31,20260208_075753,20260208_075753-0016,3,段階2,2025-01-21 21:34:04.091000,155.67600,1.00
2025-01-01,2025-01-31,20260208_075753,20260208_075753-0016,4,段階3,2025-01-21 21:34:04.091000,155.62700,1.00
2025-01-01,2025-01-31,20260208_075753,20260208_075753-0017,1,初回,2025-01-23 20:58:59.989000,156.54100,1.00
2025-01-01,2025-01-31,20260208_075753,20260208_075753-0017,2,段階1,2025-01-23 20:58:59.989000,156.59300,1.00
2025-01-01,2025-01-31,20260208_075753,20260208_075753-0018,1,初回,2025-01-27 13:18:14.505000,155.87300,1.00
2025-01-01,2025-01-31,20260208_075753,20260208_075753-0018,2,段階1,2025-01-27 13:18:14.505000,155.93000,1.00
2025-01-01,2025-01-31,20260208_075753,20260208_075753-0018,3,段階2,2025-01-27 13:18:14.505000,155.97300,1.00
2025-01-01,2025-01-31,20260208_075753,20260208_075753-0018,4,段階3,2025-01-27 13:18:14.505000,156.02900,1.00
2025-01-01,2025-01-31,20260208_075753,20260208_075753-0019,1,初回,2025-01-27 17:56:40.245000,155.08700,1.00
2025-01-01,2025-01-31,20260208_075753,20260208_075753-0019,2,段階1,2025-01-27 17:56:40.245000,155.02800,1.00
2025-01-01,2025-01-31,20260208_075753,20260208_075753-0019,3,段階2,2025-01-27 17:56:40.245000,154.97800,1.00
2025-01-01,2025-01-31,20260208_075753,20260208_075753-0019,4,段階3,2025-01-27 17:56:40.245000,154.93600,1.00
2025-01-01,2025-01-31,20260208_075753,20260208_075753-0020,1,初回,2025-01-28 12:22:55.982000,155.66800,1.00
2025-01-01,2025-01-31,20260208_075753,20260208_075753-0020,2,段階1,2025-01-28 12:22:55.982000,155.72100,1.00
2025-01-01,2025-01-31,20260208_075753,20260208_075753-0020,3,段階2,2025-01-28 12:22:55.982000,155.77100,1.00
2025-01-01,2025-01-31,20260208_075753,20260208_075753-0020,4,段階3,2025-01-28 12:22:55.982000,155.82600,1.00
2025-01-01,2025-01-31,20260208_075753,20260208_075753-0021,1,初回,2025-01-28 12:58:17.943000,155.71800,1.00
2025-01-01,2025-01-31,20260208_075753,20260208_075753-0021,2,段階1,2025-01-28 12:58:17.943000,155.76800,1.00
2025-01-01,2025-01-31,20260208_075753,20260208_075753-0021,3,段階2,2025-01-28 12:58:17.943000,155.82600,1.00
2025-01-01,2025-01-31,20260208_075753,20260208_075753-0021,4,段階3,2025-01-28 12:58:17.943000,155.87400,1.00
2025-01-01,2025-01-31,20260208_075753,20260208_075753-0022,1,初回,2025-01-28 15:56:02.815000,155.82500,1.00
2025-01-01,2025-01-31,20260208_075753,20260208_075753-0022,2,段階1,2025-01-28 15:56:02.815000,155.87500,1.00
2025-01-01,2025-01-31,20260208_075753,20260208_075753-0022,3,段階2,2025-01-28 15:56:02.815000,155.92900,1.00
2025-01-01,2025-01-31,20260208_075753,20260208_075753-0022,4,段階3,2025-01-28 15:56:02.815000,155.97500,1.00
2025-01-01,2025-01-31,20260208_075753,20260208_075753-0023,1,初回,2025-01-28 21:34:45.292000,155.32200,1.00
2025-01-01,2025-01-31,20260208_075753,20260208_075753-0023,2,段階1,2025-01-28 21:34:45.292000,155.27200,1.00
2025-01-01,2025-01-31,20260208_075753,20260208_075753-0023,3,段階2,2025-01-28 21:34:45.292000,155.22100,1.00
2025-01-01,2025-01-31,20260208_075753,20260208_075753-0023,4,段階3,2025-01-28 21:34:45.292000,155.16700,1.00
2025-01-01,2025-01-31,20260208_075753,20260208_075753-0024,1,初回,2025-01-29 15:00:09.866000,155.05900,1.00
2025-01-01,2025-01-31,20260208_075753,20260208_075753-0025,1,初回,2025-01-31 14:10:57.590000,154.48200,1.00
2025-01-01,2025-01-31,20260208_075753,20260208_075753-0025,2,段階1,2025-01-31 14:10:57.590000,154.53300,1.00
2025-01-01,2025-01-31,20260208_075753,20260208_075753-0025,3,段階2,2025-01-31 14:10:57.590000,154.58300,1.00
2025-01-01,2025-01-31,20260208_075753,20260208_075753-0025,4,段階3,2025-01-31 14:10:57.590000,154.63300,1.00
2025-01-01,2025-01-31,20260208_075753,20260208_075753-0026,1,初回,2025-01-31 19:14:46.433000,154.74400,1.00
2025-01-01,2025-01-31,20260208_075753,20260208_075753-0026,2,段階1,2025-01-31 19:14:46.433000,154.79400,1.00
2025-01-01,2025-01-31,20260208_075753,20260208_075753-0026,3,段階2,2025-01-31 19:14:46.433000,154.84500,1.00
2025-01-01,2025-01-31,20260208_075753,20260208_075753-0026,4,段階3,2025-01-31 19:14:46.433000,154.89500,1.00
2025-01-01,2025-01-31,20260208_075753,20260208_075753-0027,1,初回,2025-01-31 21:12:07.353000,154.85800,1.00
2025-01-01,2025-01-31,20260208_075753,20260208_075753-0027,2,段階1,2025-01-31 21:12:07.353000,154.90900,1.00
2025-01-01,2025-01-31,20260208_075753,20260208_075753-0027,3,段階2,2025-01-31 21:12:07.353000,154.95900,1.00
2025-01-01,2025-01-31,20260208_075753,20260208_075753-0027,4,段階3,2025-01-31 21:12:07.353000,155.01400,1.00
2025-02-01,2025-02-28,20260208_075911,20260208_075911-0001,1,初回,2025-02-07 14:50:32.550000,151.75400,1.00
2025-02-01,2025-02-28,20260208_075911,20260208_075911-0001,2,段階1,2025-02-07 14:50:32.550000,151.80700,1.00
2025-02-01,2025-02-28,20260208_075911,20260208_075911-0001,3,段階2,2025-02-07 14:50:32.550000,151.85400,1.00
2025-02-01,2025-02-28,20260208_075911,20260208_075911-0001,4,段階3,2025-02-07 14:50:32.550000,151.90600,1.00
2025-02-01,2025-02-28,20260208_075911,20260208_075911-0002,1,初回,2025-02-14 14:00:01.889000,152.64900,1.00
2025-02-01,2025-02-28,20260208_075911,20260208_075911-0002,2,段階1,2025-02-14 14:00:01.889000,152.59400,1.00
2025-02-01,2025-02-28,20260208_075911,20260208_075911-0002,3,段階2,2025-02-14 14:00:01.889000,152.54700,1.00
2025-02-01,2025-02-28,20260208_075911,20260208_075911-0002,4,段階3,2025-02-14 14:00:01.889000,152.49800,1.00
2025-02-01,2025-02-28,20260208_075911,20260208_075911-0003,1,初回,2025-02-14 15:43:58.235000,152.51100,1.00
2025-02-01,2025-02-28,20260208_075911,20260208_075911-0003,2,段階1,2025-02-14 15:43:58.235000,152.46100,1.00
2025-02-01,2025-02-28,20260208_075911,20260208_075911-0003,3,段階2,2025-02-14 15:43:58.235000,152.41000,1.00
2025-02-01,2025-02-28,20260208_075911,20260208_075911-0004,1,初回,2025-02-14 19:06:58.734000,152.50900,1.00
2025-02-01,2025-02-28,20260208_075911,20260208_075911-0005,1,初回,2025-02-17 19:54:40.825000,151.62500,1.00
2025-02-01,2025-02-28,20260208_075911,20260208_075911-0005,2,段階1,2025-02-17 19:54:40.825000,151.57500,1.00
2025-02-01,2025-02-28,20260208_075911,20260208_075911-0005,3,段階2,2025-02-17 19:54:40.825000,151.52500,1.00
2025-02-01,2025-02-28,20260208_075911,20260208_075911-0005,4,段階3,2025-02-17 19:54:40.825000,151.47500,1.00
2025-02-01,2025-02-28,20260208_075911,20260208_075911-0006,1,初回,2025-02-18 16:13:51.932000,151.87300,1.00
2025-02-01,2025-02-28,20260208_075911,20260208_075911-0006,2,段階1,2025-02-18 16:13:51.932000,151.81900,1.00
2025-02-01,2025-02-28,20260208_075911,20260208_075911-0006,3,段階2,2025-02-18 16:13:51.932000,151.77100,1.00
2025-02-01,2025-02-28,20260208_075911,20260208_075911-0006,4,段階3,2025-02-18 16:13:51.932000,151.72200,1.00
2025-02-01,2025-02-28,20260208_075911,20260208_075911-0007,1,初回,2025-02-20 02:01:58.195000,151.69100,1.00
2025-02-01,2025-02-28,20260208_075911,20260208_075911-0007,2,段階1,2025-02-20 02:01:58.195000,151.74900,1.00
2025-02-01,2025-02-28,20260208_075911,20260208_075911-0007,3,段階2,2025-02-20 02:01:58.195000,151.79400,1.00
2025-02-01,2025-02-28,20260208_075911,20260208_075911-0008,1,初回,2025-02-20 18:06:48.982000,150.40300,1.00
2025-02-01,2025-02-28,20260208_075911,20260208_075911-0009,1,初回,2025-02-20 18:02:41.866000,150.38500,1.00
2025-02-01,2025-02-28,20260208_075911,20260208_075911-0010,1,初回,2025-02-20 20:12:46.623000,150.04700,1.00
2025-02-01,2025-02-28,20260208_075911,20260208_075911-0010,2,段階1,2025-02-20 20:12:46.623000,149.99600,1.00
2025-02-01,2025-02-28,20260208_075911,20260208_075911-0010,3,段階2,2025-02-20 20:12:46.623000,149.94300,1.00
2025-02-01,2025-02-28,20260208_075911,20260208_075911-0010,4,段階3,2025-02-20 20:12:46.623000,149.89700,1.00
2025-02-01,2025-02-28,20260208_075911,20260208_075911-0011,1,初回,2025-02-21 13:16:44.981000,150.16200,1.00
2025-02-01,2025-02-28,20260208_075911,20260208_075911-0012,1,初回,2025-02-24 17:05:57.716000,149.53500,1.00
2025-02-01,2025-02-28,20260208_075911,20260208_075911-0012,2,段階1,2025-02-24 17:05:57.716000,149.58600,1.00
2025-02-01,2025-02-28,20260208_075911,20260208_075911-0012,3,段階2,2025-02-24 17:05:57.716000,149.63600,1.00
2025-02-01,2025-02-28,20260208_075911,20260208_075911-0012,4,段階3,2025-02-24 17:05:57.716000,149.68500,1.00
2025-02-01,2025-02-28,20260208_075911,20260208_075911-0013,1,初回,2025-02-25 13:30:14.158000,149.54400,1.00
2025-02-01,2025-02-28,20260208_075911,20260208_075911-0013,2,段階1,2025-02-25 13:30:14.158000,149.49200,1.00
2025-02-01,2025-02-28,20260208_075911,20260208_075911-0014,1,初回,2025-02-26 01:24:04.543000,148.96800,1.00
2025-02-01,2025-02-28,20260208_075911,20260208_075911-0014,2,段階1,2025-02-26 01:24:04.543000,148.91800,1.00
2025-02-01,2025-02-28,20260208_075911,20260208_075911-0014,3,段階2,2025-02-26 01:24:04.543000,148.86600,1.00
2025-02-01,2025-02-28,20260208_075911,20260208_075911-0014,4,段階3,2025-02-26 01:24:04.543000,148.81700,1.00
2025-02-01,2025-02-28,20260208_075911,20260208_075911-0015,1,初回,2025-02-26 02:12:05.267000,149.21900,1.00
2025-02-01,2025-02-28,20260208_075911,20260208_075911-0016,1,初回,2025-02-27 01:29:53.146000,149.29600,1.00
2025-02-01,2025-02-28,20260208_075911,20260208_075911-0016,2,段階1,2025-02-27 01:29:53.146000,149.24600,1.00
2025-02-01,2025-02-28,20260208_075911,20260208_075911-0016,3,段階2,2025-02-27 01:29:53.146000,149.19200,1.00
2025-02-01,2025-02-28,20260208_075911,20260208_075911-0016,4,段階3,2025-02-27 01:29:53.146000,149.14400,1.00
2025-02-01,2025-02-28,20260208_075911,20260208_075911-0017,1,初回,2025-02-27 21:28:19.689000,149.63900,1.00
2025-02-01,2025-02-28,20260208_075911,20260208_075911-0017,2,段階1,2025-02-27 21:28:19.689000,149.58200,1.00
2025-02-01,2025-02-28,20260208_075911,20260208_075911-0017,3,段階2,2025-02-27 21:28:19.689000,149.53800,1.00
2025-02-01,2025-02-28,20260208_075911,20260208_075911-0017,4,段階3,2025-02-27 21:28:19.689000,149.39100,1.00
2025-03-01,2025-03-31,20260208_080047,20260208_080047-0001,1,初回,2025-03-03 20:49:56.789000,150.97000,1.00
2025-03-01,2025-03-31,20260208_080047,20260208_080047-0001,2,段階1,2025-03-03 20:49:56.789000,151.02000,1.00
2025-03-01,2025-03-31,20260208_080047,20260208_080047-0001,3,段階2,2025-03-03 20:49:56.789000,151.07700,1.00
2025-03-01,2025-03-31,20260208_080047,20260208_080047-0001,4,段階3,2025-03-03 20:49:56.789000,151.12000,1.00
2025-03-01,2025-03-31,20260208_080047,20260208_080047-0002,1,初回,2025-03-04 15:54:39.555000,149.49700,1.00
2025-03-01,2025-03-31,20260208_080047,20260208_080047-0002,2,段階1,2025-03-04 15:54:39.555000,149.55300,1.00
2025-03-01,2025-03-31,20260208_080047,20260208_080047-0003,1,初回,2025-03-05 17:35:54.291000,149.46200,1.00
2025-03-01,2025-03-31,20260208_080047,20260208_080047-0003,2,段階1,2025-03-05 17:35:54.291000,149.40900,1.00
2025-03-01,2025-03-31,20260208_080047,20260208_080047-0003,3,段階2,2025-03-05 17:35:54.291000,149.36100,1.00
2025-03-01,2025-03-31,20260208_080047,20260208_080047-0003,4,段階3,2025-03-05 17:35:54.291000,149.31200,1.00
2025-03-01,2025-03-31,20260208_080047,20260208_080047-0004,1,初回,2025-03-06 15:46:17.574000,148.77500,1.00
2025-03-01,2025-03-31,20260208_080047,20260208_080047-0004,2,段階1,2025-03-06 15:46:17.574000,148.72000,1.00
2025-03-01,2025-03-31,20260208_080047,20260208_080047-0004,3,段階2,2025-03-06 15:46:17.574000,148.67400,1.00
2025-03-01,2025-03-31,20260208_080047,20260208_080047-0004,4,段階3,2025-03-06 15:46:17.574000,148.62400,1.00
2025-03-01,2025-03-31,20260208_080047,20260208_080047-0005,1,初回,2025-03-07 21:14:25.608000,147.73700,1.00
2025-03-01,2025-03-31,20260208_080047,20260208_080047-0005,2,段階1,2025-03-07 21:14:25.608000,147.79000,1.00
2025-03-01,2025-03-31,20260208_080047,20260208_080047-0005,3,段階2,2025-03-07 21:14:25.608000,147.83800,1.00
2025-03-01,2025-03-31,20260208_080047,20260208_080047-0006,1,初回,2025-03-12 04:50:00.234000,147.77700,1.00
2025-03-01,2025-03-31,20260208_080047,20260208_080047-0006,2,段階1,2025-03-12 04:50:00.234000,147.82700,1.00
2025-03-01,2025-03-31,20260208_080047,20260208_080047-0006,3,段階2,2025-03-12 04:50:00.234000,147.88200,1.00
2025-03-01,2025-03-31,20260208_080047,20260208_080047-0006,4,段階3,2025-03-12 04:50:00.234000,147.93300,1.00
2025-03-01,2025-03-31,20260208_080047,20260208_080047-0007,1,初回,2025-03-12 13:10:09.034000,148.15600,1.00
2025-03-01,2025-03-31,20260208_080047,20260208_080047-0007,2,段階1,2025-03-12 13:10:09.034000,148.21300,1.00
2025-03-01,2025-03-31,20260208_080047,20260208_080047-0007,3,段階2,2025-03-12 13:10:09.034000,148.25900,1.00
2025-03-01,2025-03-31,20260208_080047,20260208_080047-0007,4,段階3,2025-03-12 13:10:09.034000,148.30700,1.00
2025-03-01,2025-03-31,20260208_080047,20260208_080047-0008,1,初回,2025-03-12 19:18:50.949000,148.73100,1.00
2025-03-01,2025-03-31,20260208_080047,20260208_080047-0008,2,段階1,2025-03-12 19:18:50.949000,148.78300,1.00
2025-03-01,2025-03-31,20260208_080047,20260208_080047-0008,3,段階2,2025-03-12 19:18:50.949000,148.83200,1.00
2025-03-01,2025-03-31,20260208_080047,20260208_080047-0009,1,初回,2025-03-13 15:20:02.324000,147.62300,1.00
2025-03-01,2025-03-31,20260208_080047,20260208_080047-0010,1,初回,2025-03-14 15:55:41.119000,148.72500,1.00
2025-03-01,2025-03-31,20260208_080047,20260208_080047-0010,2,段階1,2025-03-14 15:55:41.119000,148.77700,1.00
2025-03-01,2025-03-31,20260208_080047,20260208_080047-0010,3,段階2,2025-03-14 15:55:41.119000,148.83000,1.00
2025-03-01,2025-03-31,20260208_080047,20260208_080047-0010,4,段階3,2025-03-14 15:55:41.119000,148.87500,1.00
2025-03-01,2025-03-31,20260208_080047,20260208_080047-0011,1,初回,2025-03-18 17:08:24.229000,149.87600,1.00
2025-03-01,2025-03-31,20260208_080047,20260208_080047-0012,1,初回,2025-03-19 13:37:44.090000,149.51200,1.00
2025-03-01,2025-03-31,20260208_080047,20260208_080047-0012,2,段階1,2025-03-19 13:37:44.090000,149.56300,1.00
2025-03-01,2025-03-31,20260208_080047,20260208_080047-0012,3,段階2,2025-03-19 13:37:44.090000,149.61700,1.00
2025-03-01,2025-03-31,20260208_080047,20260208_080047-0012,4,段階3,2025-03-19 13:37:44.090000,149.66500,1.00
2025-03-01,2025-03-31,20260208_080047,20260208_080047-0013,1,初回,2025-03-19 14:04:20.116000,149.56800,1.00
2025-03-01,2025-03-31,20260208_080047,20260208_080047-0013,2,段階1,2025-03-19 14:04:20.116000,149.61900,1.00
2025-03-01,2025-03-31,20260208_080047,20260208_080047-0013,3,段階2,2025-03-19 14:04:20.116000,149.66900,1.00
2025-03-01,2025-03-31,20260208_080047,20260208_080047-0013,4,段階3,2025-03-19 14:04:20.116000,149.72800,1.00
2025-03-01,2025-03-31,20260208_080047,20260208_080047-0014,1,初回,2025-03-19 22:29:21.779000,149.88100,1.00
2025-03-01,2025-03-31,20260208_080047,20260208_080047-0014,2,段階1,2025-03-19 22:29:21.779000,149.93400,1.00
2025-03-01,2025-03-31,20260208_080047,20260208_080047-0014,3,段階2,2025-03-19 22:29:21.779000,149.98200,1.00
2025-03-01,2025-03-31,20260208_080047,20260208_080047-0014,4,段階3,2025-03-19 22:29:21.779000,150.03800,1.00
2025-03-01,2025-03-31,20260208_080047,20260208_080047-0015,1,初回,2025-03-21 13:07:43.471000,149.25100,1.00
2025-03-01,2025-03-31,20260208_080047,20260208_080047-0015,2,段階1,2025-03-21 13:07:43.471000,149.30400,1.00
2025-03-01,2025-03-31,20260208_080047,20260208_080047-0015,3,段階2,2025-03-21 13:07:43.471000,149.35500,1.00
2025-03-01,2025-03-31,20260208_080047,20260208_080047-0015,4,段階3,2025-03-21 13:07:43.471000,149.40100,1.00
2025-03-01,2025-03-31,20260208_080047,20260208_080047-0016,1,初回,2025-03-21 16:01:33.115000,149.63000,1.00
2025-03-01,2025-03-31,20260208_080047,20260208_080047-0017,1,初回,2025-03-25 15:03:27.281000,150.43400,1.00
2025-03-01,2025-03-31,20260208_080047,20260208_080047-0018,1,初回,2025-03-25 12:48:18.010000,150.64800,1.00
2025-03-01,2025-03-31,20260208_080047,20260208_080047-0018,2,段階1,2025-03-25 12:48:18.010000,150.59500,1.00
2025-03-01,2025-03-31,20260208_080047,20260208_080047-0018,3,段階2,2025-03-25 12:48:18.010000,150.54500,1.00
2025-03-01,2025-03-31,20260208_080047,20260208_080047-0018,4,段階3,2025-03-25 12:48:18.010000,150.49800,1.00
2025-03-01,2025-03-31,20260208_080047,20260208_080047-0019,1,初回,2025-03-25 20:46:20.875000,150.07900,1.00
2025-03-01,2025-03-31,20260208_080047,20260208_080047-0019,2,段階1,2025-03-25 20:46:20.875000,150.02800,1.00
2025-03-01,2025-03-31,20260208_080047,20260208_080047-0019,3,段階2,2025-03-25 20:46:20.875000,149.97700,1.00
2025-03-01,2025-03-31,20260208_080047,20260208_080047-0019,4,段階3,2025-03-25 20:46:20.875000,149.92800,1.00
2025-03-01,2025-03-31,20260208_080047,20260208_080047-0020,1,初回,2025-03-25 22:25:35.578000,149.85800,1.00
2025-03-01,2025-03-31,20260208_080047,20260208_080047-0020,2,段階1,2025-03-25 22:25:35.578000,149.80000,1.00
2025-03-01,2025-03-31,20260208_080047,20260208_080047-0020,3,段階2,2025-03-25 22:25:35.578000,149.75600,1.00
2025-03-01,2025-03-31,20260208_080047,20260208_080047-0020,4,段階3,2025-03-25 22:25:35.578000,149.70800,1.00
2025-03-01,2025-03-31,20260208_080047,20260208_080047-0021,1,初回,2025-03-26 14:09:38.661000,150.60500,1.00
2025-03-01,2025-03-31,20260208_080047,20260208_080047-0022,1,初回,2025-03-26 12:59:11.796000,150.44800,1.00
2025-03-01,2025-03-31,20260208_080047,20260208_080047-0022,2,段階1,2025-03-26 12:59:11.796000,150.50800,1.00
2025-03-01,2025-03-31,20260208_080047,20260208_080047-0022,3,段階2,2025-03-26 12:59:11.796000,150.54900,1.00
2025-03-01,2025-03-31,20260208_080047,20260208_080047-0022,4,段階3,2025-03-26 12:59:11.796000,150.59800,1.00
2025-03-01,2025-03-31,20260208_080047,20260208_080047-0023,1,初回,2025-03-26 12:31:40.406000,150.38700,1.00
2025-03-01,2025-03-31,20260208_080047,20260208_080047-0023,2,段階1,2025-03-26 12:31:40.406000,150.43700,1.00
2025-03-01,2025-03-31,20260208_080047,20260208_080047-0023,3,段階2,2025-03-26 12:31:40.406000,150.48900,1.00
2025-03-01,2025-03-31,20260208_080047,20260208_080047-0023,4,段階3,2025-03-26 12:31:40.406000,150.53900,1.00
2025-03-01,2025-03-31,20260208_080047,20260208_080047-0024,1,初回,2025-03-27 18:18:06.760000,150.71500,1.00
2025-03-01,2025-03-31,20260208_080047,20260208_080047-0024,2,段階1,2025-03-27 18:18:06.760000,150.76600,1.00
2025-03-01,2025-03-31,20260208_080047,20260208_080047-0024,3,段階2,2025-03-27 18:18:06.760000,150.81600,1.00
2025-03-01,2025-03-31,20260208_080047,20260208_080047-0024,4,段階3,2025-03-27 18:18:06.760000,150.86600,1.00
2025-03-01,2025-03-31,20260208_080047,20260208_080047-0025,1,初回,2025-03-28 20:12:25.951000,150.73700,1.00
2025-03-01,2025-03-31,20260208_080047,20260208_080047-0025,2,段階1,2025-03-28 20:12:25.951000,150.79000,1.00
2025-03-01,2025-03-31,20260208_080047,20260208_080047-0025,3,段階2,2025-03-28 20:12:25.951000,150.84100,1.00
2025-03-01,2025-03-31,20260208_080047,20260208_080047-0025,4,段階3,2025-03-28 20:12:25.951000,150.93200,1.00
2025-03-01,2025-03-31,20260208_080047,20260208_080047-0026,1,初回,2025-03-28 20:03:02.579000,150.72800,1.00
2025-03-01,2025-03-31,20260208_080047,20260208_080047-0026,2,段階1,2025-03-28 20:03:02.579000,150.78200,1.00
2025-03-01,2025-03-31,20260208_080047,20260208_080047-0026,3,段階2,2025-03-28 20:03:02.579000,150.83000,1.00
2025-03-01,2025-03-31,20260208_080047,20260208_080047-0026,4,段階3,2025-03-28 20:03:02.579000,150.93200,1.00
2025-03-01,2025-03-31,20260208_080047,20260208_080047-0027,1,初回,2025-03-31 15:23:44.723000,148.87900,1.00
2025-03-01,2025-03-31,20260208_080047,20260208_080047-0027,2,段階1,2025-03-31 15:23:44.723000,148.82600,1.00
2025-03-01,2025-03-31,20260208_080047,20260208_080047-0027,3,段階2,2025-03-31 15:23:44.723000,148.77300,1.00
2025-03-01,2025-03-31,20260208_080047,20260208_080047-0027,4,段階3,2025-03-31 15:23:44.723000,148.72800,1.00
2025-04-01,2025-04-30,20260208_080255,20260208_080255-0001,1,初回,2025-04-02 00:09:23.048000,149.48300,1.00
2025-04-01,2025-04-30,20260208_080255,20260208_080255-0001,2,段階1,2025-04-02 00:09:23.048000,149.53400,1.00
2025-04-01,2025-04-30,20260208_080255,20260208_080255-0001,3,段階2,2025-04-02 00:09:23.048000,149.58400,1.00
2025-04-01,2025-04-30,20260208_080255,20260208_080255-0001,4,段階3,2025-04-02 00:09:23.048000,149.63700,1.00
2025-04-01,2025-04-30,20260208_080255,20260208_080255-0002,1,初回,2025-04-02 20:25:44.989000,149.24500,1.00
2025-04-01,2025-04-30,20260208_080255,20260208_080255-0002,2,段階1,2025-04-02 20:25:44.989000,149.19500,1.00
2025-04-01,2025-04-30,20260208_080255,20260208_080255-0002,3,段階2,2025-04-02 20:25:44.989000,149.14500,1.00
2025-04-01,2025-04-30,20260208_080255,20260208_080255-0003,1,初回,2025-04-03 15:12:24.274000,146.97700,1.00
2025-04-01,2025-04-30,20260208_080255,20260208_080255-0004,1,初回,2025-04-14 23:50:38.341000,143.34500,1.00
2025-04-01,2025-04-30,20260208_080255,20260208_080255-0004,2,段階1,2025-04-14 23:50:38.341000,143.29500,1.00
2025-04-01,2025-04-30,20260208_080255,20260208_080255-0004,3,段階2,2025-04-14 23:50:38.341000,143.24400,1.00
2025-04-01,2025-04-30,20260208_080255,20260208_080255-0004,4,段階3,2025-04-14 23:50:38.341000,143.17600,1.00
2025-04-01,2025-04-30,20260208_080255,20260208_080255-0005,1,初回,2025-04-15 11:32:29.755000,143.13800,1.00
2025-04-01,2025-04-30,20260208_080255,20260208_080255-0005,2,段階1,2025-04-15 11:32:29.755000,143.08700,1.00
2025-04-01,2025-04-30,20260208_080255,20260208_080255-0005,3,段階2,2025-04-15 11:32:29.755000,143.03700,1.00
2025-04-01,2025-04-30,20260208_080255,20260208_080255-0005,4,段階3,2025-04-15 11:32:29.755000,142.98400,1.00
2025-04-01,2025-04-30,20260208_080255,20260208_080255-0006,1,初回,2025-04-15 12:17:50.562000,143.09400,1.00
2025-04-01,2025-04-30,20260208_080255,20260208_080255-0006,2,段階1,2025-04-15 12:17:50.562000,143.04300,1.00
2025-04-01,2025-04-30,20260208_080255,20260208_080255-0006,3,段階2,2025-04-15 12:17:50.562000,142.99300,1.00
2025-04-01,2025-04-30,20260208_080255,20260208_080255-0006,4,段階3,2025-04-15 12:17:50.562000,142.94400,1.00
2025-04-01,2025-04-30,20260208_080255,20260208_080255-0007,1,初回,2025-04-16 19:54:59.675000,142.72800,1.00
2025-04-01,2025-04-30,20260208_080255,20260208_080255-0007,2,段階1,2025-04-16 19:54:59.675000,142.77900,1.00
2025-04-01,2025-04-30,20260208_080255,20260208_080255-0008,1,初回,2025-04-23 16:58:06.792000,141.91000,1.00
2025-04-01,2025-04-30,20260208_080255,20260208_080255-0009,1,初回,2025-04-23 18:21:12.492000,141.61500,1.00
2025-05-01,2025-05-31,20260208_080415,20260208_080415-0001,1,初回,2025-05-01 13:40:54.296000,143.86100,1.00
2025-05-01,2025-05-31,20260208_080415,20260208_080415-0001,2,段階1,2025-05-01 13:40:54.296000,143.91100,1.00
2025-05-01,2025-05-31,20260208_080415,20260208_080415-0001,3,段階2,2025-05-01 13:40:54.296000,143.96100,1.00
2025-05-01,2025-05-31,20260208_080415,20260208_080415-0001,4,段階3,2025-05-01 13:40:54.296000,144.01200,1.00
2025-05-01,2025-05-31,20260208_080415,20260208_080415-0002,1,初回,2025-05-01 15:21:20.078000,144.15100,1.00
2025-05-01,2025-05-31,20260208_080415,20260208_080415-0002,2,段階1,2025-05-01 15:21:20.078000,144.20200,1.00
2025-05-01,2025-05-31,20260208_080415,20260208_080415-0002,3,段階2,2025-05-01 15:21:20.078000,144.25600,1.00
2025-05-01,2025-05-31,20260208_080415,20260208_080415-0002,4,段階3,2025-05-01 15:21:20.078000,144.30900,1.00
2025-05-01,2025-05-31,20260208_080415,20260208_080415-0003,1,初回,2025-05-03 02:03:31.501000,144.71500,1.00
2025-05-01,2025-05-31,20260208_080415,20260208_080415-0003,2,段階1,2025-05-03 02:03:31.501000,144.76700,1.00
2025-05-01,2025-05-31,20260208_080415,20260208_080415-0003,3,段階2,2025-05-03 02:03:31.501000,144.81600,1.00
2025-05-01,2025-05-31,20260208_080415,20260208_080415-0003,4,段階3,2025-05-03 02:03:31.501000,144.87000,1.00
2025-05-01,2025-05-31,20260208_080415,20260208_080415-0004,1,初回,2025-05-05 15:28:13.017000,144.34400,1.00
2025-05-01,2025-05-31,20260208_080415,20260208_080415-0004,2,段階1,2025-05-05 15:28:13.017000,144.39400,1.00
2025-05-01,2025-05-31,20260208_080415,20260208_080415-0005,1,初回,2025-05-06 04:10:53.432000,143.80300,1.00
2025-05-01,2025-05-31,20260208_080415,20260208_080415-0005,2,段階1,2025-05-06 04:10:53.432000,143.74700,1.00
2025-05-01,2025-05-31,20260208_080415,20260208_080415-0005,3,段階2,2025-05-06 04:10:53.432000,143.70000,1.00
2025-05-01,2025-05-31,20260208_080415,20260208_080415-0005,4,段階3,2025-05-06 04:10:53.432000,143.65000,1.00
2025-05-01,2025-05-31,20260208_080415,20260208_080415-0006,1,初回,2025-05-10 02:05:05.836000,145.30200,1.00
2025-05-01,2025-05-31,20260208_080415,20260208_080415-0006,2,段階1,2025-05-10 02:05:05.836000,145.35200,1.00
2025-05-01,2025-05-31,20260208_080415,20260208_080415-0006,3,段階2,2025-05-10 02:05:05.836000,146.21300,1.00
2025-05-01,2025-05-31,20260208_080415,20260208_080415-0006,4,段階3,2025-05-10 02:05:05.836000,146.21300,1.00
2025-05-01,2025-05-31,20260208_080415,20260208_080415-0007,1,初回,2025-05-10 02:15:55.252000,145.32000,1.00
2025-05-01,2025-05-31,20260208_080415,20260208_080415-0007,2,段階1,2025-05-10 02:15:55.252000,145.37000,1.00
2025-05-01,2025-05-31,20260208_080415,20260208_080415-0007,3,段階2,2025-05-10 02:15:55.252000,146.21300,1.00
2025-05-01,2025-05-31,20260208_080415,20260208_080415-0007,4,段階3,2025-05-10 02:15:55.252000,146.21300,1.00
2025-05-01,2025-05-31,20260208_080415,20260208_080415-0008,1,初回,2025-05-10 04:28:04.017000,145.34900,1.00
2025-05-01,2025-05-31,20260208_080415,20260208_080415-0008,2,段階1,2025-05-10 04:28:04.017000,146.21300,1.00
2025-05-01,2025-05-31,20260208_080415,20260208_080415-0008,3,段階2,2025-05-10 04:28:04.017000,146.21300,1.00
2025-05-01,2025-05-31,20260208_080415,20260208_080415-0008,4,段階3,2025-05-10 04:28:04.017000,146.21300,1.00
2025-05-01,2025-05-31,20260208_080415,20260208_080415-0009,1,初回,2025-05-13 00:33:09.975000,148.16800,1.00
2025-05-01,2025-05-31,20260208_080415,20260208_080415-0009,2,段階1,2025-05-13 00:33:09.975000,148.22000,1.00
2025-05-01,2025-05-31,20260208_080415,20260208_080415-0009,3,段階2,2025-05-13 00:33:09.975000,148.27100,1.00
2025-05-01,2025-05-31,20260208_080415,20260208_080415-0009,4,段階3,2025-05-13 00:33:09.975000,148.31900,1.00
2025-05-01,2025-05-31,20260208_080415,20260208_080415-0010,1,初回,2025-05-14 19:57:58.093000,145.86600,1.00
2025-05-01,2025-05-31,20260208_080415,20260208_080415-0011,1,初回,2025-05-15 15:37:04.105000,145.72200,1.00
2025-05-01,2025-05-31,20260208_080415,20260208_080415-0011,2,段階1,2025-05-15 15:37:04.105000,145.66900,1.00
2025-05-01,2025-05-31,20260208_080415,20260208_080415-0011,3,段階2,2025-05-15 15:37:04.105000,145.61600,1.00
2025-05-01,2025-05-31,20260208_080415,20260208_080415-0011,4,段階3,2025-05-15 15:37:04.105000,145.57000,1.00
2025-05-01,2025-05-31,20260208_080415,20260208_080415-0012,1,初回,2025-05-16 15:50:35.842000,145.12200,1.00
2025-05-01,2025-05-31,20260208_080415,20260208_080415-0012,2,段階1,2025-05-16 15:50:35.842000,145.06900,1.00
2025-05-01,2025-05-31,20260208_080415,20260208_080415-0012,3,段階2,2025-05-16 15:50:35.842000,145.02100,1.00
2025-05-01,2025-05-31,20260208_080415,20260208_080415-0012,4,段階3,2025-05-16 15:50:35.842000,144.97200,1.00
2025-05-01,2025-05-31,20260208_080415,20260208_080415-0013,1,初回,2025-05-20 12:47:00.336000,144.79900,1.00
2025-05-01,2025-05-31,20260208_080415,20260208_080415-0013,2,段階1,2025-05-20 12:47:00.336000,144.74800,1.00
2025-05-01,2025-05-31,20260208_080415,20260208_080415-0013,3,段階2,2025-05-20 12:47:00.336000,144.69800,1.00
2025-05-01,2025-05-31,20260208_080415,20260208_080415-0013,4,段階3,2025-05-20 12:47:00.336000,144.64800,1.00
2025-05-01,2025-05-31,20260208_080415,20260208_080415-0014,1,初回,2025-05-23 18:24:31.352000,143.22700,1.00
2025-05-01,2025-05-31,20260208_080415,20260208_080415-0014,2,段階1,2025-05-23 18:24:31.352000,143.16800,1.00
2025-05-01,2025-05-31,20260208_080415,20260208_080415-0014,3,段階2,2025-05-23 18:24:31.352000,143.11700,1.00
2025-05-01,2025-05-31,20260208_080415,20260208_080415-0014,4,段階3,2025-05-23 18:24:31.352000,143.07600,1.00
2025-05-01,2025-05-31,20260208_080415,20260208_080415-0015,1,初回,2025-05-26 23:50:54.111000,142.77800,1.00
2025-05-01,2025-05-31,20260208_080415,20260208_080415-0015,2,段階1,2025-05-26 23:50:54.111000,142.72800,1.00
2025-05-01,2025-05-31,20260208_080415,20260208_080415-0016,1,初回,2025-05-27 02:08:26.162000,142.72500,1.00
2025-05-01,2025-05-31,20260208_080415,20260208_080415-0017,1,初回,2025-05-28 22:32:09.795000,144.84200,1.00
2025-05-01,2025-05-31,20260208_080415,20260208_080415-0017,2,段階1,2025-05-28 22:32:09.795000,144.89400,1.00
2025-05-01,2025-05-31,20260208_080415,20260208_080415-0017,3,段階2,2025-05-28 22:32:09.795000,144.94300,1.00
2025-05-01,2025-05-31,20260208_080415,20260208_080415-0018,1,初回,2025-05-29 19:22:23.961000,145.03700,1.00
2025-05-01,2025-05-31,20260208_080415,20260208_080415-0018,2,段階1,2025-05-29 19:22:23.961000,144.98200,1.00
2025-05-01,2025-05-31,20260208_080415,20260208_080415-0018,3,段階2,2025-05-29 19:22:23.961000,144.93500,1.00
2025-05-01,2025-05-31,20260208_080415,20260208_080415-0018,4,段階3,2025-05-29 19:22:23.961000,144.88600,1.00
2025-06-01,2025-06-30,20260208_080515,20260208_080515-0001,1,初回,2025-06-02 17:21:22.732000,142.81500,1.00
2025-06-01,2025-06-30,20260208_080515,20260208_080515-0001,2,段階1,2025-06-02 17:21:22.732000,142.76400,1.00
2025-06-01,2025-06-30,20260208_080515,20260208_080515-0001,3,段階2,2025-06-02 17:21:22.732000,142.71400,1.00
2025-06-01,2025-06-30,20260208_080515,20260208_080515-0001,4,段階3,2025-06-02 17:21:22.732000,142.66500,1.00
2025-06-01,2025-06-30,20260208_080515,20260208_080515-0002,1,初回,2025-06-04 15:43:49.424000,143.93900,1.00
2025-06-01,2025-06-30,20260208_080515,20260208_080515-0002,2,段階1,2025-06-04 15:43:49.424000,143.88900,1.00
2025-06-01,2025-06-30,20260208_080515,20260208_080515-0002,3,段階2,2025-06-04 15:43:49.424000,143.83800,1.00
2025-06-01,2025-06-30,20260208_080515,20260208_080515-0003,1,初回,2025-06-05 14:53:33.035000,143.14500,1.00
2025-06-01,2025-06-30,20260208_080515,20260208_080515-0003,2,段階1,2025-06-05 14:53:33.035000,143.19700,1.00
2025-06-01,2025-06-30,20260208_080515,20260208_080515-0003,3,段階2,2025-06-05 14:53:33.035000,143.24900,1.00
2025-06-01,2025-06-30,20260208_080515,20260208_080515-0003,4,段階3,2025-06-05 14:53:33.035000,143.29600,1.00
2025-06-01,2025-06-30,20260208_080515,20260208_080515-0004,1,初回,2025-06-05 16:53:32.231000,143.31600,1.00
2025-06-01,2025-06-30,20260208_080515,20260208_080515-0004,2,段階1,2025-06-05 16:53:32.231000,143.36700,1.00
2025-06-01,2025-06-30,20260208_080515,20260208_080515-0005,1,初回,2025-06-05 15:58:06.705000,143.20900,1.00
2025-06-01,2025-06-30,20260208_080515,20260208_080515-0005,2,段階1,2025-06-05 15:58:06.705000,143.26100,1.00
2025-06-01,2025-06-30,20260208_080515,20260208_080515-0005,3,段階2,2025-06-05 15:58:06.705000,143.31200,1.00
2025-06-01,2025-06-30,20260208_080515,20260208_080515-0005,4,段階3,2025-06-05 15:58:06.705000,143.36300,1.00
2025-06-01,2025-06-30,20260208_080515,20260208_080515-0006,1,初回,2025-06-07 01:38:25.784000,144.95300,1.00
2025-06-01,2025-06-30,20260208_080515,20260208_080515-0007,1,初回,2025-06-09 18:12:03.880000,144.03500,1.00
2025-06-01,2025-06-30,20260208_080515,20260208_080515-0007,2,段階1,2025-06-09 18:12:03.880000,143.98500,1.00
2025-06-01,2025-06-30,20260208_080515,20260208_080515-0008,1,初回,2025-06-13 19:49:17.758000,144.34300,1.00
2025-06-01,2025-06-30,20260208_080515,20260208_080515-0008,2,段階1,2025-06-13 19:49:17.758000,144.39400,1.00
2025-06-01,2025-06-30,20260208_080515,20260208_080515-0008,3,段階2,2025-06-13 19:49:17.758000,144.44400,1.00
2025-06-01,2025-06-30,20260208_080515,20260208_080515-0009,1,初回,2025-06-14 03:49:37.424000,143.88500,1.00
2025-06-01,2025-06-30,20260208_080515,20260208_080515-0010,1,初回,2025-06-16 20:07:14.856000,144.01400,1.00
2025-06-01,2025-06-30,20260208_080515,20260208_080515-0010,2,段階1,2025-06-16 20:07:14.856000,143.95900,1.00
2025-06-01,2025-06-30,20260208_080515,20260208_080515-0010,3,段階2,2025-06-16 20:07:14.856000,143.91200,1.00
2025-06-01,2025-06-30,20260208_080515,20260208_080515-0010,4,段階3,2025-06-16 20:07:14.856000,143.85900,1.00
2025-06-01,2025-06-30,20260208_080515,20260208_080515-0011,1,初回,2025-06-16 22:19:30.766000,143.89700,1.00
2025-06-01,2025-06-30,20260208_080515,20260208_080515-0011,2,段階1,2025-06-16 22:19:30.766000,143.84700,1.00
2025-06-01,2025-06-30,20260208_080515,20260208_080515-0011,3,段階2,2025-06-16 22:19:30.766000,143.79400,1.00
2025-06-01,2025-06-30,20260208_080515,20260208_080515-0011,4,段階3,2025-06-16 22:19:30.766000,143.74600,1.00
2025-06-01,2025-06-30,20260208_080515,20260208_080515-0012,1,初回,2025-06-17 03:16:30.442000,144.41000,1.00
2025-06-01,2025-06-30,20260208_080515,20260208_080515-0012,2,段階1,2025-06-17 03:16:30.442000,144.46400,1.00
2025-06-01,2025-06-30,20260208_080515,20260208_080515-0012,3,段階2,2025-06-17 03:16:30.442000,144.51100,1.00
2025-06-01,2025-06-30,20260208_080515,20260208_080515-0012,4,段階3,2025-06-17 03:16:30.442000,144.56100,1.00
2025-06-01,2025-06-30,20260208_080515,20260208_080515-0013,1,初回,2025-06-18 12:24:00.131000,145.09900,1.00
2025-06-01,2025-06-30,20260208_080515,20260208_080515-0013,2,段階1,2025-06-18 12:24:00.131000,145.04900,1.00
2025-06-01,2025-06-30,20260208_080515,20260208_080515-0013,3,段階2,2025-06-18 12:24:00.131000,144.99600,1.00
2025-06-01,2025-06-30,20260208_080515,20260208_080515-0013,4,段階3,2025-06-18 12:24:00.131000,144.94900,1.00
2025-06-01,2025-06-30,20260208_080515,20260208_080515-0014,1,初回,2025-06-19 01:13:06.524000,144.54600,1.00
2025-06-01,2025-06-30,20260208_080515,20260208_080515-0014,2,段階1,2025-06-19 01:13:06.524000,144.49200,1.00
2025-06-01,2025-06-30,20260208_080515,20260208_080515-0014,3,段階2,2025-06-19 01:13:06.524000,144.43500,1.00
2025-06-01,2025-06-30,20260208_080515,20260208_080515-0014,4,段階3,2025-06-19 01:13:06.524000,144.39400,1.00
2025-06-01,2025-06-30,20260208_080515,20260208_080515-0015,1,初回,2025-06-20 20:12:42.578000,145.45700,1.00
2025-06-01,2025-06-30,20260208_080515,20260208_080515-0015,2,段階1,2025-06-20 20:12:42.578000,145.50800,1.00
2025-06-01,2025-06-30,20260208_080515,20260208_080515-0015,3,段階2,2025-06-20 20:12:42.578000,145.55900,1.00
2025-06-01,2025-06-30,20260208_080515,20260208_080515-0015,4,段階3,2025-06-20 20:12:42.578000,145.61100,1.00
2025-06-01,2025-06-30,20260208_080515,20260208_080515-0016,1,初回,2025-06-20 20:31:00.261000,145.55900,1.00
2025-06-01,2025-06-30,20260208_080515,20260208_080515-0016,2,段階1,2025-06-20 20:31:00.261000,145.61100,1.00
2025-06-01,2025-06-30,20260208_080515,20260208_080515-0016,3,段階2,2025-06-20 20:31:00.261000,145.66100,1.00
2025-06-01,2025-06-30,20260208_080515,20260208_080515-0016,4,段階3,2025-06-20 20:31:00.261000,145.70900,1.00
2025-06-01,2025-06-30,20260208_080515,20260208_080515-0017,1,初回,2025-06-23 17:51:54.025000,147.52300,1.00
2025-06-01,2025-06-30,20260208_080515,20260208_080515-0017,2,段階1,2025-06-23 17:51:54.025000,147.57500,1.00
2025-06-01,2025-06-30,20260208_080515,20260208_080515-0017,3,段階2,2025-06-23 17:51:54.025000,147.62400,1.00
2025-06-01,2025-06-30,20260208_080515,20260208_080515-0017,4,段階3,2025-06-23 17:51:54.025000,147.67400,1.00
2025-06-01,2025-06-30,20260208_080515,20260208_080515-0018,1,初回,2025-06-24 12:29:34.260000,145.42800,1.00
2025-06-01,2025-06-30,20260208_080515,20260208_080515-0018,2,段階1,2025-06-24 12:29:34.260000,145.37800,1.00
2025-06-01,2025-06-30,20260208_080515,20260208_080515-0018,3,段階2,2025-06-24 12:29:34.260000,145.32600,1.00
2025-06-01,2025-06-30,20260208_080515,20260208_080515-0018,4,段階3,2025-06-24 12:29:34.260000,145.27300,1.00
2025-06-01,2025-06-30,20260208_080515,20260208_080515-0019,1,初回,2025-06-24 22:01:11.917000,144.91100,1.00
2025-06-01,2025-06-30,20260208_080515,20260208_080515-0019,2,段階1,2025-06-24 22:01:11.917000,144.86100,1.00
2025-06-01,2025-06-30,20260208_080515,20260208_080515-0019,3,段階2,2025-06-24 22:01:11.917000,144.81100,1.00
2025-06-01,2025-06-30,20260208_080515,20260208_080515-0019,4,段階3,2025-06-24 22:01:11.917000,144.75900,1.00
2025-06-01,2025-06-30,20260208_080515,20260208_080515-0020,1,初回,2025-06-25 18:34:27.223000,145.63700,1.00
2025-06-01,2025-06-30,20260208_080515,20260208_080515-0020,2,段階1,2025-06-25 18:34:27.223000,145.68900,1.00
2025-06-01,2025-06-30,20260208_080515,20260208_080515-0020,3,段階2,2025-06-25 18:34:27.223000,145.74100,1.00
2025-06-01,2025-06-30,20260208_080515,20260208_080515-0020,4,段階3,2025-06-25 18:34:27.223000,145.78700,1.00
2025-06-01,2025-06-30,20260208_080515,20260208_080515-0021,1,初回,2025-06-25 18:37:37.707000,145.66800,1.00
2025-06-01,2025-06-30,20260208_080515,20260208_080515-0021,2,段階1,2025-06-25 18:37:37.707000,145.72000,1.00
2025-06-01,2025-06-30,20260208_080515,20260208_080515-0021,3,段階2,2025-06-25 18:37:37.707000,145.76900,1.00
2025-06-01,2025-06-30,20260208_080515,20260208_080515-0021,4,段階3,2025-06-25 18:37:37.707000,145.81900,1.00
2025-06-01,2025-06-30,20260208_080515,20260208_080515-0022,1,初回,2025-06-25 22:06:07.995000,145.93900,1.00
2025-06-01,2025-06-30,20260208_080515,20260208_080515-0023,1,初回,2025-06-26 11:06:48.251000,144.69100,1.00
2025-06-01,2025-06-30,20260208_080515,20260208_080515-0023,2,段階1,2025-06-26 11:06:48.251000,144.63800,1.00
2025-06-01,2025-06-30,20260208_080515,20260208_080515-0023,3,段階2,2025-06-26 11:06:48.251000,144.59000,1.00
2025-06-01,2025-06-30,20260208_080515,20260208_080515-0024,1,初回,2025-06-26 20:28:42.915000,144.38800,1.00
2025-06-01,2025-06-30,20260208_080515,20260208_080515-0024,2,段階1,2025-06-26 20:28:42.915000,144.44100,1.00
2025-06-01,2025-06-30,20260208_080515,20260208_080515-0024,3,段階2,2025-06-26 20:28:42.915000,144.49200,1.00
2025-06-01,2025-06-30,20260208_080515,20260208_080515-0025,1,初回,2025-06-28 02:42:29.303000,144.81300,1.00
2025-06-01,2025-06-30,20260208_080515,20260208_080515-0025,2,段階1,2025-06-28 02:42:29.303000,144.86500,1.00
2025-06-01,2025-06-30,20260208_080515,20260208_080515-0026,1,初回,2025-06-30 13:12:36.806000,144.12400,1.00
2025-06-01,2025-06-30,20260208_080515,20260208_080515-0026,2,段階1,2025-06-30 13:12:36.806000,144.07400,1.00
2025-06-01,2025-06-30,20260208_080515,20260208_080515-0026,3,段階2,2025-06-30 13:12:36.806000,144.02200,1.00
2025-06-01,2025-06-30,20260208_080515,20260208_080515-0026,4,段階3,2025-06-30 13:12:36.806000,143.97400,1.00
2025-06-01,2025-06-30,20260208_080515,20260208_080515-0027,1,初回,2025-06-30 21:56:45.300000,144.48400,1.00
2025-07-01,2025-07-31,20260208_080609,20260208_080609-0001,1,初回,2025-07-02 03:47:49.712000,143.78300,1.00
2025-07-01,2025-07-31,20260208_080609,20260208_080609-0002,1,初回,2025-07-04 21:26:11.521000,144.42700,1.00
2025-07-01,2025-07-31,20260208_080609,20260208_080609-0002,2,段階1,2025-07-04 21:26:11.521000,144.47700,1.00
2025-07-01,2025-07-31,20260208_080609,20260208_080609-0002,3,段階2,2025-07-04 21:26:11.521000,144.53000,1.00
2025-07-01,2025-07-31,20260208_080609,20260208_080609-0003,1,初回,2025-07-07 11:51:01.280000,144.79300,1.00
2025-07-01,2025-07-31,20260208_080609,20260208_080609-0003,2,段階1,2025-07-07 11:51:01.280000,144.84400,1.00
2025-07-01,2025-07-31,20260208_080609,20260208_080609-0003,3,段階2,2025-07-07 11:51:01.280000,144.89700,1.00
2025-07-01,2025-07-31,20260208_080609,20260208_080609-0003,4,段階3,2025-07-07 11:51:01.280000,144.94300,1.00
2025-07-01,2025-07-31,20260208_080609,20260208_080609-0004,1,初回,2025-07-08 00:17:05.497000,145.87000,1.00
2025-07-01,2025-07-31,20260208_080609,20260208_080609-0004,2,段階1,2025-07-08 00:17:05.497000,145.92600,1.00
2025-07-01,2025-07-31,20260208_080609,20260208_080609-0004,3,段階2,2025-07-08 00:17:05.497000,145.97100,1.00
2025-07-01,2025-07-31,20260208_080609,20260208_080609-0004,4,段階3,2025-07-08 00:17:05.497000,146.02100,1.00
2025-07-01,2025-07-31,20260208_080609,20260208_080609-0005,1,初回,2025-07-09 11:46:43.352000,147.03800,1.00
2025-07-01,2025-07-31,20260208_080609,20260208_080609-0005,2,段階1,2025-07-09 11:46:43.352000,147.08900,1.00
2025-07-01,2025-07-31,20260208_080609,20260208_080609-0005,3,段階2,2025-07-09 11:46:43.352000,147.14300,1.00
2025-07-01,2025-07-31,20260208_080609,20260208_080609-0006,1,初回,2025-07-09 17:39:21.738000,146.71500,1.00
2025-07-01,2025-07-31,20260208_080609,20260208_080609-0006,2,段階1,2025-07-09 17:39:21.738000,146.65800,1.00
2025-07-01,2025-07-31,20260208_080609,20260208_080609-0006,3,段階2,2025-07-09 17:39:21.738000,146.61500,1.00
2025-07-01,2025-07-31,20260208_080609,20260208_080609-0006,4,段階3,2025-07-09 17:39:21.738000,146.56500,1.00
2025-07-01,2025-07-31,20260208_080609,20260208_080609-0007,1,初回,2025-07-10 12:03:46.613000,146.12900,1.00
2025-07-01,2025-07-31,20260208_080609,20260208_080609-0007,2,段階1,2025-07-10 12:03:46.613000,146.18000,1.00
2025-07-01,2025-07-31,20260208_080609,20260208_080609-0007,3,段階2,2025-07-10 12:03:46.613000,146.23000,1.00
2025-07-01,2025-07-31,20260208_080609,20260208_080609-0007,4,段階3,2025-07-10 12:03:46.613000,146.28200,1.00
2025-07-01,2025-07-31,20260208_080609,20260208_080609-0008,1,初回,2025-07-10 12:55:35.200000,146.23800,1.00
2025-07-01,2025-07-31,20260208_080609,20260208_080609-0008,2,段階1,2025-07-10 12:55:35.200000,146.29100,1.00
2025-07-01,2025-07-31,20260208_080609,20260208_080609-0008,3,段階2,2025-07-10 12:55:35.200000,146.34500,1.00
2025-07-01,2025-07-31,20260208_080609,20260208_080609-0008,4,段階3,2025-07-10 12:55:35.200000,146.39100,1.00
2025-07-01,2025-07-31,20260208_080609,20260208_080609-0009,1,初回,2025-07-10 13:18:34.625000,146.27900,1.00
2025-07-01,2025-07-31,20260208_080609,20260208_080609-0009,2,段階1,2025-07-10 13:18:34.625000,146.32900,1.00
2025-07-01,2025-07-31,20260208_080609,20260208_080609-0009,3,段階2,2025-07-10 13:18:34.625000,146.38000,1.00
2025-07-01,2025-07-31,20260208_080609,20260208_080609-0009,4,段階3,2025-07-10 13:18:34.625000,146.43100,1.00
2025-07-01,2025-07-31,20260208_080609,20260208_080609-0010,1,初回,2025-07-10 19:29:52.471000,146.16200,1.00
2025-07-01,2025-07-31,20260208_080609,20260208_080609-0010,2,段階1,2025-07-10 19:29:52.471000,146.10900,1.00
2025-07-01,2025-07-31,20260208_080609,20260208_080609-0011,1,初回,2025-07-11 04:50:59.640000,146.19000,1.00
2025-07-01,2025-07-31,20260208_080609,20260208_080609-0012,1,初回,2025-07-11 11:14:55.048000,146.92800,1.00
2025-07-01,2025-07-31,20260208_080609,20260208_080609-0012,2,段階1,2025-07-11 11:14:55.048000,146.98400,1.00
2025-07-01,2025-07-31,20260208_080609,20260208_080609-0012,3,段階2,2025-07-11 11:14:55.048000,147.03200,1.00
2025-07-01,2025-07-31,20260208_080609,20260208_080609-0012,4,段階3,2025-07-11 11:14:55.048000,147.08400,1.00
2025-07-01,2025-07-31,20260208_080609,20260208_080609-0013,1,初回,2025-07-14 20:45:35.300000,147.36100,1.00
2025-07-01,2025-07-31,20260208_080609,20260208_080609-0013,2,段階1,2025-07-14 20:45:35.300000,147.41100,1.00
2025-07-01,2025-07-31,20260208_080609,20260208_080609-0013,3,段階2,2025-07-14 20:45:35.300000,147.46300,1.00
2025-07-01,2025-07-31,20260208_080609,20260208_080609-0013,4,段階3,2025-07-14 20:45:35.300000,147.51300,1.00
2025-07-01,2025-07-31,20260208_080609,20260208_080609-0014,1,初回,2025-07-17 12:41:41.714000,148.61800,1.00
2025-07-01,2025-07-31,20260208_080609,20260208_080609-0014,2,段階1,2025-07-17 12:41:41.714000,148.66800,1.00
2025-07-01,2025-07-31,20260208_080609,20260208_080609-0014,3,段階2,2025-07-17 12:41:41.714000,148.72200,1.00
2025-07-01,2025-07-31,20260208_080609,20260208_080609-0014,4,段階3,2025-07-17 12:41:41.714000,148.76900,1.00
2025-07-01,2025-07-31,20260208_080609,20260208_080609-0015,1,初回,2025-07-17 19:06:57.383000,148.76800,1.00
2025-07-01,2025-07-31,20260208_080609,20260208_080609-0015,2,段階1,2025-07-17 19:06:57.383000,148.81900,1.00
2025-07-01,2025-07-31,20260208_080609,20260208_080609-0015,3,段階2,2025-07-17 19:06:57.383000,148.87300,1.00
2025-07-01,2025-07-31,20260208_080609,20260208_080609-0015,4,段階3,2025-07-17 19:06:57.383000,148.92400,1.00
2025-07-01,2025-07-31,20260208_080609,20260208_080609-0016,1,初回,2025-07-19 02:38:21.511000,148.77400,1.00
2025-07-01,2025-07-31,20260208_080609,20260208_080609-0016,2,段階1,2025-07-19 02:38:21.511000,148.82500,1.00
2025-07-01,2025-07-31,20260208_080609,20260208_080609-0017,1,初回,2025-07-19 04:13:19.215000,148.79200,1.00
2025-07-01,2025-07-31,20260208_080609,20260208_080609-0017,2,段階1,2025-07-19 04:13:19.215000,148.84500,1.00
2025-07-01,2025-07-31,20260208_080609,20260208_080609-0018,1,初回,2025-07-22 13:44:02.580000,147.62500,1.00
2025-07-01,2025-07-31,20260208_080609,20260208_080609-0018,2,段階1,2025-07-22 13:44:02.580000,147.67600,1.00
2025-07-01,2025-07-31,20260208_080609,20260208_080609-0018,3,段階2,2025-07-22 13:44:02.580000,147.72800,1.00
2025-07-01,2025-07-31,20260208_080609,20260208_080609-0018,4,段階3,2025-07-22 13:44:02.580000,147.77500,1.00
2025-07-01,2025-07-31,20260208_080609,20260208_080609-0019,1,初回,2025-07-23 13:25:14.682000,147.04300,1.00
2025-07-01,2025-07-31,20260208_080609,20260208_080609-0019,2,段階1,2025-07-23 13:25:14.682000,147.10700,1.00
2025-07-01,2025-07-31,20260208_080609,20260208_080609-0019,3,段階2,2025-07-23 13:25:14.682000,147.14600,1.00
2025-07-01,2025-07-31,20260208_080609,20260208_080609-0019,4,段階3,2025-07-23 13:25:14.682000,147.19400,1.00
2025-07-01,2025-07-31,20260208_080609,20260208_080609-0020,1,初回,2025-07-24 12:45:32.268000,145.96800,1.00
2025-07-01,2025-07-31,20260208_080609,20260208_080609-0020,2,段階1,2025-07-24 12:45:32.268000,145.91800,1.00
2025-07-01,2025-07-31,20260208_080609,20260208_080609-0021,1,初回,2025-07-25 13:11:00.077000,147.17100,1.00
2025-07-01,2025-07-31,20260208_080609,20260208_080609-0021,2,段階1,2025-07-25 13:11:00.077000,147.12000,1.00
2025-07-01,2025-07-31,20260208_080609,20260208_080609-0021,3,段階2,2025-07-25 13:11:00.077000,147.07000,1.00
2025-07-01,2025-07-31,20260208_080609,20260208_080609-0021,4,段階3,2025-07-25 13:11:00.077000,147.01800,1.00
2025-07-01,2025-07-31,20260208_080609,20260208_080609-0022,1,初回,2025-07-25 14:03:50.093000,147.11200,1.00
2025-07-01,2025-07-31,20260208_080609,20260208_080609-0022,2,段階1,2025-07-25 14:03:50.093000,147.06200,1.00
2025-07-01,2025-07-31,20260208_080609,20260208_080609-0022,3,段階2,2025-07-25 14:03:50.093000,147.00900,1.00
2025-07-01,2025-07-31,20260208_080609,20260208_080609-0022,4,段階3,2025-07-25 14:03:50.093000,146.95300,1.00
2025-07-01,2025-07-31,20260208_080609,20260208_080609-0023,1,初回,2025-07-25 21:06:21.029000,147.65400,1.00
2025-07-01,2025-07-31,20260208_080609,20260208_080609-0023,2,段階1,2025-07-25 21:06:21.029000,147.60400,1.00
2025-07-01,2025-07-31,20260208_080609,20260208_080609-0023,3,段階2,2025-07-25 21:06:21.029000,147.55300,1.00
2025-07-01,2025-07-31,20260208_080609,20260208_080609-0024,1,初回,2025-07-28 14:58:05.171000,147.84700,1.00
2025-07-01,2025-07-31,20260208_080609,20260208_080609-0024,2,段階1,2025-07-28 14:58:05.171000,147.89800,1.00
2025-07-01,2025-07-31,20260208_080609,20260208_080609-0024,3,段階2,2025-07-28 14:58:05.171000,147.95000,1.00
2025-07-01,2025-07-31,20260208_080609,20260208_080609-0024,4,段階3,2025-07-28 14:58:05.171000,148.00300,1.00
2025-07-01,2025-07-31,20260208_080609,20260208_080609-0025,1,初回,2025-07-31 18:47:39.690000,149.86100,1.00
2025-07-01,2025-07-31,20260208_080609,20260208_080609-0025,2,段階1,2025-07-31 18:47:39.690000,149.91600,1.00
2025-07-01,2025-07-31,20260208_080609,20260208_080609-0025,3,段階2,2025-07-31 18:47:39.690000,149.96100,1.00
2025-07-01,2025-07-31,20260208_080609,20260208_080609-0025,4,段階3,2025-07-31 18:47:39.690000,150.03000,1.00
2025-08-01,2025-08-31,20260208_080658,20260208_080658-0001,1,初回,2025-08-05 00:11:28.957000,147.31700,1.00
2025-08-01,2025-08-31,20260208_080658,20260208_080658-0002,1,初回,2025-08-05 13:55:55.534000,147.02500,1.00
2025-08-01,2025-08-31,20260208_080658,20260208_080658-0003,1,初回,2025-08-06 18:09:51.287000,147.86200,1.00
2025-08-01,2025-08-31,20260208_080658,20260208_080658-0004,1,初回,2025-08-06 17:35:20.836000,147.79200,1.00
2025-08-01,2025-08-31,20260208_080658,20260208_080658-0004,2,段階1,2025-08-06 17:35:20.836000,147.84400,1.00
2025-08-01,2025-08-31,20260208_080658,20260208_080658-0005,1,初回,2025-08-08 13:16:05.293000,147.15400,1.00
2025-08-01,2025-08-31,20260208_080658,20260208_080658-0006,1,初回,2025-08-08 14:36:00.426000,147.31000,1.00
2025-08-01,2025-08-31,20260208_080658,20260208_080658-0006,2,段階1,2025-08-08 14:36:00.426000,147.36100,1.00
2025-08-01,2025-08-31,20260208_080658,20260208_080658-0006,3,段階2,2025-08-08 14:36:00.426000,147.41100,1.00
2025-08-01,2025-08-31,20260208_080658,20260208_080658-0006,4,段階3,2025-08-08 14:36:00.426000,147.46000,1.00
2025-08-01,2025-08-31,20260208_080658,20260208_080658-0007,1,初回,2025-08-11 12:44:50.246000,147.46300,1.00
2025-08-01,2025-08-31,20260208_080658,20260208_080658-0007,2,段階1,2025-08-11 12:44:50.246000,147.41300,1.00
2025-08-01,2025-08-31,20260208_080658,20260208_080658-0007,3,段階2,2025-08-11 12:44:50.246000,147.36100,1.00
2025-08-01,2025-08-31,20260208_080658,20260208_080658-0008,1,初回,2025-08-12 04:35:22.593000,148.19000,1.00
2025-08-01,2025-08-31,20260208_080658,20260208_080658-0008,2,段階1,2025-08-12 04:35:22.593000,148.24000,1.00
2025-08-01,2025-08-31,20260208_080658,20260208_080658-0009,1,初回,2025-08-13 11:19:57.983000,148.15500,1.00
2025-08-01,2025-08-31,20260208_080658,20260208_080658-0010,1,初回,2025-08-15 18:11:02.396000,146.82900,1.00
2025-08-01,2025-08-31,20260208_080658,20260208_080658-0010,2,段階1,2025-08-15 18:11:02.396000,146.77500,1.00
2025-08-01,2025-08-31,20260208_080658,20260208_080658-0011,1,初回,2025-08-15 20:37:07.930000,146.98600,1.00
2025-08-01,2025-08-31,20260208_080658,20260208_080658-0011,2,段階1,2025-08-15 20:37:07.930000,147.03600,1.00
2025-08-01,2025-08-31,20260208_080658,20260208_080658-0011,3,段階2,2025-08-15 20:37:07.930000,147.08700,1.00
2025-08-01,2025-08-31,20260208_080658,20260208_080658-0011,4,段階3,2025-08-15 20:37:07.930000,147.14200,1.00
2025-08-01,2025-08-31,20260208_080658,20260208_080658-0012,1,初回,2025-08-15 20:51:45.647000,147.01500,1.00
2025-08-01,2025-08-31,20260208_080658,20260208_080658-0012,2,段階1,2025-08-15 20:51:45.647000,147.06600,1.00
2025-08-01,2025-08-31,20260208_080658,20260208_080658-0012,3,段階2,2025-08-15 20:51:45.647000,147.11900,1.00
2025-08-01,2025-08-31,20260208_080658,20260208_080658-0012,4,段階3,2025-08-15 20:51:45.647000,147.16900,1.00
2025-08-01,2025-08-31,20260208_080658,20260208_080658-0013,1,初回,2025-08-15 23:41:02.507000,146.84700,1.00
2025-08-01,2025-08-31,20260208_080658,20260208_080658-0014,1,初回,2025-08-16 01:21:03.166000,147.08300,1.00
2025-08-01,2025-08-31,20260208_080658,20260208_080658-0014,2,段階1,2025-08-16 01:21:03.166000,147.13400,1.00
2025-08-01,2025-08-31,20260208_080658,20260208_080658-0014,3,段階2,2025-08-16 01:21:03.166000,147.18400,1.00
2025-08-01,2025-08-31,20260208_080658,20260208_080658-0014,4,段階3,2025-08-16 01:21:03.166000,147.23400,1.00
2025-08-01,2025-08-31,20260208_080658,20260208_080658-0015,1,初回,2025-08-18 21:10:48.259000,147.58000,1.00
2025-08-01,2025-08-31,20260208_080658,20260208_080658-0015,2,段階1,2025-08-18 21:10:48.259000,147.63200,1.00
2025-08-01,2025-08-31,20260208_080658,20260208_080658-0015,3,段階2,2025-08-18 21:10:48.259000,147.68200,1.00
2025-08-01,2025-08-31,20260208_080658,20260208_080658-0015,4,段階3,2025-08-18 21:10:48.259000,147.73600,1.00
2025-08-01,2025-08-31,20260208_080658,20260208_080658-0016,1,初回,2025-08-21 04:05:34.942000,147.28300,1.00
2025-08-01,2025-08-31,20260208_080658,20260208_080658-0016,2,段階1,2025-08-21 04:05:34.942000,147.33300,1.00
2025-08-01,2025-08-31,20260208_080658,20260208_080658-0016,3,段階2,2025-08-21 04:05:34.942000,147.38700,1.00
2025-08-01,2025-08-31,20260208_080658,20260208_080658-0016,4,段階3,2025-08-21 04:05:34.942000,147.43300,1.00
2025-08-01,2025-08-31,20260208_080658,20260208_080658-0017,1,初回,2025-08-21 20:57:12.253000,147.92200,1.00
2025-08-01,2025-08-31,20260208_080658,20260208_080658-0018,1,初回,2025-08-22 13:31:02.928000,148.71300,1.00
2025-08-01,2025-08-31,20260208_080658,20260208_080658-0018,2,段階1,2025-08-22 13:31:02.928000,148.76300,1.00
2025-08-01,2025-08-31,20260208_080658,20260208_080658-0019,1,初回,2025-08-22 18:26:47.819000,148.67400,1.00
2025-08-01,2025-08-31,20260208_080658,20260208_080658-0019,2,段階1,2025-08-22 18:26:47.819000,148.72500,1.00
2025-08-01,2025-08-31,20260208_080658,20260208_080658-0020,1,初回,2025-08-25 22:16:36.782000,147.49800,1.00
2025-08-01,2025-08-31,20260208_080658,20260208_080658-0020,2,段階1,2025-08-25 22:16:36.782000,147.54800,1.00
2025-08-01,2025-08-31,20260208_080658,20260208_080658-0020,3,段階2,2025-08-25 22:16:36.782000,147.60000,1.00
2025-08-01,2025-08-31,20260208_080658,20260208_080658-0020,4,段階3,2025-08-25 22:16:36.782000,147.64800,1.00
2025-08-01,2025-08-31,20260208_080658,20260208_080658-0021,1,初回,2025-08-26 11:46:57.546000,147.58100,1.00
2025-08-01,2025-08-31,20260208_080658,20260208_080658-0021,2,段階1,2025-08-26 11:46:57.546000,147.63100,1.00
2025-08-01,2025-08-31,20260208_080658,20260208_080658-0021,3,段階2,2025-08-26 11:46:57.546000,147.68300,1.00
2025-08-01,2025-08-31,20260208_080658,20260208_080658-0021,4,段階3,2025-08-26 11:46:57.546000,147.73200,1.00
2025-08-01,2025-08-31,20260208_080658,20260208_080658-0022,1,初回,2025-08-26 14:25:43.464000,147.85900,1.00
2025-08-01,2025-08-31,20260208_080658,20260208_080658-0023,1,初回,2025-08-27 00:43:28.084000,147.34600,1.00
2025-08-01,2025-08-31,20260208_080658,20260208_080658-0023,2,段階1,2025-08-27 00:43:28.084000,147.29600,1.00
2025-08-01,2025-08-31,20260208_080658,20260208_080658-0023,3,段階2,2025-08-27 00:43:28.084000,147.24300,1.00
2025-08-01,2025-08-31,20260208_080658,20260208_080658-0023,4,段階3,2025-08-27 00:43:28.084000,147.19500,1.00
2025-08-01,2025-08-31,20260208_080658,20260208_080658-0024,1,初回,2025-08-27 11:15:33.594000,147.68700,1.00
2025-08-01,2025-08-31,20260208_080658,20260208_080658-0024,2,段階1,2025-08-27 11:15:33.594000,147.73800,1.00
2025-08-01,2025-08-31,20260208_080658,20260208_080658-0024,3,段階2,2025-08-27 11:15:33.594000,147.78900,1.00
2025-08-01,2025-08-31,20260208_080658,20260208_080658-0024,4,段階3,2025-08-27 11:15:33.594000,147.83900,1.00
2025-09-01,2025-09-30,20260208_080749,20260208_080749-0001,1,初回,2025-09-01 23:45:41.184000,147.28400,1.00
2025-09-01,2025-09-30,20260208_080749,20260208_080749-0002,1,初回,2025-09-02 13:23:42.116000,147.81100,1.00
2025-09-01,2025-09-30,20260208_080749,20260208_080749-0002,2,段階1,2025-09-02 13:23:42.116000,147.86200,1.00
2025-09-01,2025-09-30,20260208_080749,20260208_080749-0002,3,段階2,2025-09-02 13:23:42.116000,147.91500,1.00
2025-09-01,2025-09-30,20260208_080749,20260208_080749-0002,4,段階3,2025-09-02 13:23:42.116000,147.96400,1.00
2025-09-01,2025-09-30,20260208_080749,20260208_080749-0003,1,初回,2025-09-03 15:30:46.471000,148.55900,1.00
2025-09-01,2025-09-30,20260208_080749,20260208_080749-0004,1,初回,2025-09-04 11:51:38.124000,148.15600,1.00
2025-09-01,2025-09-30,20260208_080749,20260208_080749-0004,2,段階1,2025-09-04 11:51:38.124000,148.20700,1.00
2025-09-01,2025-09-30,20260208_080749,20260208_080749-0004,3,段階2,2025-09-04 11:51:38.124000,148.25800,1.00
2025-09-01,2025-09-30,20260208_080749,20260208_080749-0004,4,段階3,2025-09-04 11:51:38.124000,148.30700,1.00
2025-09-01,2025-09-30,20260208_080749,20260208_080749-0005,1,初回,2025-09-04 13:16:11.260000,148.26300,1.00
2025-09-01,2025-09-30,20260208_080749,20260208_080749-0005,2,段階1,2025-09-04 13:16:11.260000,148.31400,1.00
2025-09-01,2025-09-30,20260208_080749,20260208_080749-0005,3,段階2,2025-09-04 13:16:11.260000,148.36500,1.00
2025-09-01,2025-09-30,20260208_080749,20260208_080749-0005,4,段階3,2025-09-04 13:16:11.260000,148.41300,1.00
2025-09-01,2025-09-30,20260208_080749,20260208_080749-0006,1,初回,2025-09-05 04:20:17.837000,148.51800,1.00
2025-09-01,2025-09-30,20260208_080749,20260208_080749-0006,2,段階1,2025-09-05 04:20:17.837000,148.46800,1.00
2025-09-01,2025-09-30,20260208_080749,20260208_080749-0006,3,段階2,2025-09-05 04:20:17.837000,148.41300,1.00
2025-09-01,2025-09-30,20260208_080749,20260208_080749-0006,4,段階3,2025-09-05 04:20:17.837000,148.36500,1.00
2025-09-01,2025-09-30,20260208_080749,20260208_080749-0007,1,初回,2025-09-08 17:04:32.389000,147.50000,1.00
2025-09-01,2025-09-30,20260208_080749,20260208_080749-0008,1,初回,2025-09-09 04:50:03.807000,147.36800,1.00
2025-09-01,2025-09-30,20260208_080749,20260208_080749-0008,2,段階1,2025-09-09 04:50:03.807000,147.31800,1.00
2025-09-01,2025-09-30,20260208_080749,20260208_080749-0008,3,段階2,2025-09-09 04:50:03.807000,147.25600,1.00
2025-09-01,2025-09-30,20260208_080749,20260208_080749-0008,4,段階3,2025-09-09 04:50:03.807000,147.21800,1.00
2025-09-01,2025-09-30,20260208_080749,20260208_080749-0009,1,初回,2025-09-10 04:08:33.443000,147.43000,1.00
2025-09-01,2025-09-30,20260208_080749,20260208_080749-0010,1,初回,2025-09-10 04:16:55.899000,147.44800,1.00
2025-09-01,2025-09-30,20260208_080749,20260208_080749-0011,1,初回,2025-09-10 11:59:10.096000,147.31400,1.00
2025-09-01,2025-09-30,20260208_080749,20260208_080749-0012,1,初回,2025-09-11 18:17:39.073000,147.89200,1.00
2025-09-01,2025-09-30,20260208_080749,20260208_080749-0012,2,段階1,2025-09-11 18:17:39.073000,147.94300,1.00
2025-09-01,2025-09-30,20260208_080749,20260208_080749-0012,3,段階2,2025-09-11 18:17:39.073000,148.03000,1.00
2025-09-01,2025-09-30,20260208_080749,20260208_080749-0012,4,段階3,2025-09-11 18:17:39.073000,148.04800,1.00
2025-09-01,2025-09-30,20260208_080749,20260208_080749-0013,1,初回,2025-09-12 13:42:01.355000,147.53100,1.00
2025-09-01,2025-09-30,20260208_080749,20260208_080749-0013,2,段階1,2025-09-12 13:42:01.355000,147.59000,1.00
2025-09-01,2025-09-30,20260208_080749,20260208_080749-0013,3,段階2,2025-09-12 13:42:01.355000,147.63900,1.00
2025-09-01,2025-09-30,20260208_080749,20260208_080749-0013,4,段階3,2025-09-12 13:42:01.355000,147.68300,1.00
2025-09-01,2025-09-30,20260208_080749,20260208_080749-0014,1,初回,2025-09-13 03:44:39.691000,147.49900,1.00
2025-09-01,2025-09-30,20260208_080749,20260208_080749-0014,2,段階1,2025-09-13 03:44:39.691000,147.41300,1.00
2025-09-01,2025-09-30,20260208_080749,20260208_080749-0014,3,段階2,2025-09-13 03:44:39.691000,147.37700,1.00
2025-09-01,2025-09-30,20260208_080749,20260208_080749-0015,1,初回,2025-09-17 21:30:03.811000,146.45200,1.00
2025-09-01,2025-09-30,20260208_080749,20260208_080749-0016,1,初回,2025-09-19 12:19:08.122000,147.93900,1.00
2025-09-01,2025-09-30,20260208_080749,20260208_080749-0016,2,段階1,2025-09-19 12:19:08.122000,147.88900,1.00
2025-09-01,2025-09-30,20260208_080749,20260208_080749-0016,3,段階2,2025-09-19 12:19:08.122000,147.83700,1.00
2025-09-01,2025-09-30,20260208_080749,20260208_080749-0016,4,段階3,2025-09-19 12:19:08.122000,147.78800,1.00
2025-09-01,2025-09-30,20260208_080749,20260208_080749-0017,1,初回,2025-09-19 17:19:35.410000,147.97500,1.00
2025-09-01,2025-09-30,20260208_080749,20260208_080749-0017,2,段階1,2025-09-19 17:19:35.410000,148.02500,1.00
2025-09-01,2025-09-30,20260208_080749,20260208_080749-0017,3,段階2,2025-09-19 17:19:35.410000,148.07900,1.00
2025-09-01,2025-09-30,20260208_080749,20260208_080749-0017,4,段階3,2025-09-19 17:19:35.410000,148.12800,1.00
2025-09-01,2025-09-30,20260208_080749,20260208_080749-0018,1,初回,2025-09-24 02:51:49.514000,147.51900,1.00
2025-09-01,2025-09-30,20260208_080749,20260208_080749-0019,1,初回,2025-09-24 18:10:39.586000,148.29100,1.00
2025-09-01,2025-09-30,20260208_080749,20260208_080749-0019,2,段階1,2025-09-24 18:10:39.586000,148.34200,1.00
2025-09-01,2025-09-30,20260208_080749,20260208_080749-0019,3,段階2,2025-09-24 18:10:39.586000,148.39300,1.00
2025-09-01,2025-09-30,20260208_080749,20260208_080749-0019,4,段階3,2025-09-24 18:10:39.586000,148.44100,1.00
2025-09-01,2025-09-30,20260208_080749,20260208_080749-0020,1,初回,2025-09-24 19:07:45.685000,148.34300,1.00
2025-09-01,2025-09-30,20260208_080749,20260208_080749-0020,2,段階1,2025-09-24 19:07:45.685000,148.39300,1.00
2025-09-01,2025-09-30,20260208_080749,20260208_080749-0020,3,段階2,2025-09-24 19:07:45.685000,148.44300,1.00
2025-09-01,2025-09-30,20260208_080749,20260208_080749-0020,4,段階3,2025-09-24 19:07:45.685000,148.49300,1.00
2025-09-01,2025-09-30,20260208_080749,20260208_080749-0021,1,初回,2025-09-24 19:12:32.799000,148.34800,1.00
2025-09-01,2025-09-30,20260208_080749,20260208_080749-0021,2,段階1,2025-09-24 19:12:32.799000,148.39900,1.00
2025-09-01,2025-09-30,20260208_080749,20260208_080749-0021,3,段階2,2025-09-24 19:12:32.799000,148.44900,1.00
2025-09-01,2025-09-30,20260208_080749,20260208_080749-0021,4,段階3,2025-09-24 19:12:32.799000,148.49900,1.00
2025-09-01,2025-09-30,20260208_080749,20260208_080749-0022,1,初回,2025-09-24 19:56:06.484000,148.39700,1.00
2025-09-01,2025-09-30,20260208_080749,20260208_080749-0022,2,段階1,2025-09-24 19:56:06.484000,148.44700,1.00
2025-09-01,2025-09-30,20260208_080749,20260208_080749-0022,3,段階2,2025-09-24 19:56:06.484000,148.49700,1.00
2025-09-01,2025-09-30,20260208_080749,20260208_080749-0022,4,段階3,2025-09-24 19:56:06.484000,148.54800,1.00
2025-09-01,2025-09-30,20260208_080749,20260208_080749-0023,1,初回,2025-09-24 22:16:45.879000,148.73000,1.00
2025-09-01,2025-09-30,20260208_080749,20260208_080749-0023,2,段階1,2025-09-24 22:16:45.879000,148.78000,1.00
2025-09-01,2025-09-30,20260208_080749,20260208_080749-0024,1,初回,2025-09-25 14:50:03.122000,148.77200,1.00
2025-09-01,2025-09-30,20260208_080749,20260208_080749-0024,2,段階1,2025-09-25 14:50:03.122000,148.82300,1.00
2025-09-01,2025-09-30,20260208_080749,20260208_080749-0025,1,初回,2025-09-26 02:30:00.779000,149.88200,1.00
2025-09-01,2025-09-30,20260208_080749,20260208_080749-0026,1,初回,2025-09-29 22:47:53.848000,148.54400,1.00
2025-09-01,2025-09-30,20260208_080749,20260208_080749-0027,1,初回,2025-09-30 14:02:05.490000,148.39900,1.00
2025-09-01,2025-09-30,20260208_080749,20260208_080749-0027,2,段階1,2025-09-30 14:02:05.490000,148.34900,1.00
2025-09-01,2025-09-30,20260208_080749,20260208_080749-0027,3,段階2,2025-09-30 14:02:05.490000,148.29800,1.00
2025-09-01,2025-09-30,20260208_080749,20260208_080749-0027,4,段階3,2025-09-30 14:02:05.490000,148.24900,1.00
2025-10-01,2025-10-31,20260208_080848,20260208_080848-0001,1,初回,2025-10-01 12:08:04.016000,147.89600,1.00
2025-10-01,2025-10-31,20260208_080848,20260208_080848-0001,2,段階1,2025-10-01 12:08:04.016000,147.84500,1.00
2025-10-01,2025-10-31,20260208_080848,20260208_080848-0001,3,段階2,2025-10-01 12:08:04.016000,147.79500,1.00
2025-10-01,2025-10-31,20260208_080848,20260208_080848-0001,4,段階3,2025-10-01 12:08:04.016000,147.74600,1.00
2025-10-01,2025-10-31,20260208_080848,20260208_080848-0002,1,初回,2025-10-01 19:09:51.435000,147.23100,1.00
2025-10-01,2025-10-31,20260208_080848,20260208_080848-0003,1,初回,2025-10-03 15:37:20.988000,147.54100,1.00
2025-10-01,2025-10-31,20260208_080848,20260208_080848-0003,2,段階1,2025-10-03 15:37:20.988000,147.48900,1.00
2025-10-01,2025-10-31,20260208_080848,20260208_080848-0003,3,段階2,2025-10-03 15:37:20.988000,147.43600,1.00
2025-10-01,2025-10-31,20260208_080848,20260208_080848-0003,4,段階3,2025-10-03 15:37:20.988000,147.39000,1.00
2025-10-01,2025-10-31,20260208_080848,20260208_080848-0004,1,初回,2025-10-03 16:56:29.367000,147.43900,1.00
2025-10-01,2025-10-31,20260208_080848,20260208_080848-0004,2,段階1,2025-10-03 16:56:29.367000,147.38900,1.00
2025-10-01,2025-10-31,20260208_080848,20260208_080848-0004,3,段階2,2025-10-03 16:56:29.367000,147.33700,1.00
2025-10-01,2025-10-31,20260208_080848,20260208_080848-0004,4,段階3,2025-10-03 16:56:29.367000,147.28900,1.00
2025-10-01,2025-10-31,20260208_080848,20260208_080848-0005,1,初回,2025-10-04 01:46:48.793000,147.51600,1.00
2025-10-01,2025-10-31,20260208_080848,20260208_080848-0006,1,初回,2025-10-08 01:36:40.873000,151.27500,1.00
2025-10-01,2025-10-31,20260208_080848,20260208_080848-0006,2,段階1,2025-10-08 01:36:40.873000,151.33000,1.00
2025-10-01,2025-10-31,20260208_080848,20260208_080848-0006,3,段階2,2025-10-08 01:36:40.873000,151.38600,1.00
2025-10-01,2025-10-31,20260208_080848,20260208_080848-0006,4,段階3,2025-10-08 01:36:40.873000,151.42500,1.00
2025-10-01,2025-10-31,20260208_080848,20260208_080848-0007,1,初回,2025-10-08 14:37:26.361000,152.31100,1.00
2025-10-01,2025-10-31,20260208_080848,20260208_080848-0008,1,初回,2025-10-09 02:06:28.433000,152.79600,1.00
2025-10-01,2025-10-31,20260208_080848,20260208_080848-0008,2,段階1,2025-10-09 02:06:28.433000,152.84900,1.00
2025-10-01,2025-10-31,20260208_080848,20260208_080848-0008,3,段階2,2025-10-09 02:06:28.433000,152.90400,1.00
2025-10-01,2025-10-31,20260208_080848,20260208_080848-0009,1,初回,2025-10-13 23:34:25.632000,152.40600,1.00
2025-10-01,2025-10-31,20260208_080848,20260208_080848-0010,1,初回,2025-10-15 11:54:30.497000,151.05800,1.00
2025-10-01,2025-10-31,20260208_080848,20260208_080848-0010,2,段階1,2025-10-15 11:54:30.497000,151.00700,1.00
2025-10-01,2025-10-31,20260208_080848,20260208_080848-0010,3,段階2,2025-10-15 11:54:30.497000,150.95700,1.00
2025-10-01,2025-10-31,20260208_080848,20260208_080848-0011,1,初回,2025-10-16 03:09:48.186000,151.35400,1.00
2025-10-01,2025-10-31,20260208_080848,20260208_080848-0012,1,初回,2025-10-21 18:06:25.115000,151.67600,1.00
2025-10-01,2025-10-31,20260208_080848,20260208_080848-0012,2,段階1,2025-10-21 18:06:25.115000,151.72600,1.00
2025-10-01,2025-10-31,20260208_080848,20260208_080848-0012,3,段階2,2025-10-21 18:06:25.115000,151.77600,1.00
2025-10-01,2025-10-31,20260208_080848,20260208_080848-0012,4,段階3,2025-10-21 18:06:25.115000,151.83500,1.00
2025-10-01,2025-10-31,20260208_080848,20260208_080848-0013,1,初回,2025-10-21 18:36:35.519000,151.76700,1.00
2025-10-01,2025-10-31,20260208_080848,20260208_080848-0013,2,段階1,2025-10-21 18:36:35.519000,151.83500,1.00
2025-10-01,2025-10-31,20260208_080848,20260208_080848-0013,3,段階2,2025-10-21 18:36:35.519000,151.86800,1.00
2025-10-01,2025-10-31,20260208_080848,20260208_080848-0013,4,段階3,2025-10-21 18:36:35.519000,151.91700,1.00
2025-10-01,2025-10-31,20260208_080848,20260208_080848-0014,1,初回,2025-10-22 21:47:15.514000,151.90500,1.00
2025-10-01,2025-10-31,20260208_080848,20260208_080848-0014,2,段階1,2025-10-22 21:47:15.514000,151.95500,1.00
2025-10-01,2025-10-31,20260208_080848,20260208_080848-0014,3,段階2,2025-10-22 21:47:15.514000,152.00700,1.00
2025-10-01,2025-10-31,20260208_080848,20260208_080848-0015,1,初回,2025-10-23 17:35:31.250000,152.53900,1.00
2025-10-01,2025-10-31,20260208_080848,20260208_080848-0015,2,段階1,2025-10-23 17:35:31.250000,152.59300,1.00
2025-10-01,2025-10-31,20260208_080848,20260208_080848-0015,3,段階2,2025-10-23 17:35:31.250000,152.63900,1.00
2025-10-01,2025-10-31,20260208_080848,20260208_080848-0015,4,段階3,2025-10-23 17:35:31.250000,152.69000,1.00
2025-10-01,2025-10-31,20260208_080848,20260208_080848-0016,1,初回,2025-10-23 19:53:53.215000,152.71500,1.00
2025-10-01,2025-10-31,20260208_080848,20260208_080848-0016,2,段階1,2025-10-23 19:53:53.215000,152.76600,1.00
2025-10-01,2025-10-31,20260208_080848,20260208_080848-0017,1,初回,2025-10-24 03:39:00.470000,152.59200,1.00
2025-10-01,2025-10-31,20260208_080848,20260208_080848-0017,2,段階1,2025-10-24 03:39:00.470000,152.53800,1.00
2025-10-01,2025-10-31,20260208_080848,20260208_080848-0018,1,初回,2025-10-29 04:25:07.263000,152.01300,1.00
2025-10-01,2025-10-31,20260208_080848,20260208_080848-0018,2,段階1,2025-10-29 04:25:07.263000,151.96100,1.00
2025-10-01,2025-10-31,20260208_080848,20260208_080848-0019,1,初回,2025-10-29 18:17:28.213000,152.45100,1.00
2025-10-01,2025-10-31,20260208_080848,20260208_080848-0020,1,初回,2025-10-30 14:18:05.003000,152.84100,1.00
2025-10-01,2025-10-31,20260208_080848,20260208_080848-0020,2,段階1,2025-10-30 14:18:05.003000,152.89200,1.00
2025-10-01,2025-10-31,20260208_080848,20260208_080848-0020,3,段階2,2025-10-30 14:18:05.003000,152.94300,1.00
2025-10-01,2025-10-31,20260208_080848,20260208_080848-0020,4,段階3,2025-10-30 14:18:05.003000,152.99100,1.00
2025-10-01,2025-10-31,20260208_080848,20260208_080848-0021,1,初回,2025-10-31 12:26:34.724000,153.93500,1.00
2025-10-01,2025-10-31,20260208_080848,20260208_080848-0021,2,段階1,2025-10-31 12:26:34.724000,153.98600,1.00
2025-10-01,2025-10-31,20260208_080848,20260208_080848-0021,3,段階2,2025-10-31 12:26:34.724000,154.03700,1.00
2025-10-01,2025-10-31,20260208_080848,20260208_080848-0021,4,段階3,2025-10-31 12:26:34.724000,154.09000,1.00
2025-11-01,2025-11-30,20260208_080940,20260208_080940-0001,1,初回,2025-11-03 22:40:51.965000,154.28300,1.00
2025-11-01,2025-11-30,20260208_080940,20260208_080940-0002,1,初回,2025-11-12 03:46:29.800000,154.13200,1.00
2025-11-01,2025-11-30,20260208_080940,20260208_080940-0003,1,初回,2025-11-13 14:59:58.806000,154.95400,1.00
2025-11-01,2025-11-30,20260208_080940,20260208_080940-0003,2,段階1,2025-11-13 14:59:58.806000,155.00500,1.00
2025-11-01,2025-11-30,20260208_080940,20260208_080940-0004,1,初回,2025-11-13 13:49:26.781000,154.84700,1.00
2025-11-01,2025-11-30,20260208_080940,20260208_080940-0004,2,段階1,2025-11-13 13:49:26.781000,154.90100,1.00
2025-11-01,2025-11-30,20260208_080940,20260208_080940-0004,3,段階2,2025-11-13 13:49:26.781000,154.94800,1.00
2025-11-01,2025-11-30,20260208_080940,20260208_080940-0004,4,段階3,2025-11-13 13:49:26.781000,154.99700,1.00
2025-11-01,2025-11-30,20260208_080940,20260208_080940-0005,1,初回,2025-11-14 17:00:20.545000,154.67000,1.00
2025-11-01,2025-11-30,20260208_080940,20260208_080940-0005,2,段階1,2025-11-14 17:00:20.545000,154.72000,1.00
2025-11-01,2025-11-30,20260208_080940,20260208_080940-0006,1,初回,2025-11-14 19:30:12.997000,154.71400,1.00
2025-11-01,2025-11-30,20260208_080940,20260208_080940-0007,1,初回,2025-11-17 12:03:17.065000,154.74200,1.00
2025-11-01,2025-11-30,20260208_080940,20260208_080940-0007,2,段階1,2025-11-17 12:03:17.065000,154.79200,1.00
2025-11-01,2025-11-30,20260208_080940,20260208_080940-0008,1,初回,2025-11-17 23:48:38.143000,154.97800,1.00
2025-11-01,2025-11-30,20260208_080940,20260208_080940-0008,2,段階1,2025-11-17 23:48:38.143000,155.03000,1.00
2025-11-01,2025-11-30,20260208_080940,20260208_080940-0008,3,段階2,2025-11-17 23:48:38.143000,155.08100,1.00
2025-11-01,2025-11-30,20260208_080940,20260208_080940-0008,4,段階3,2025-11-17 23:48:38.143000,155.14500,1.00
2025-11-01,2025-11-30,20260208_080940,20260208_080940-0009,1,初回,2025-11-18 20:49:42.778000,155.42300,1.00
2025-11-01,2025-11-30,20260208_080940,20260208_080940-0010,1,初回,2025-11-18 19:50:01.242000,155.35900,1.00
2025-11-01,2025-11-30,20260208_080940,20260208_080940-0010,2,段階1,2025-11-18 19:50:01.242000,155.41800,1.00
2025-11-01,2025-11-30,20260208_080940,20260208_080940-0011,1,初回,2025-11-19 02:51:40.880000,155.63900,1.00
2025-11-01,2025-11-30,20260208_080940,20260208_080940-0011,2,段階1,2025-11-19 02:51:40.880000,155.69000,1.00
2025-11-01,2025-11-30,20260208_080940,20260208_080940-0012,1,初回,2025-11-19 12:04:45.639000,155.33700,1.00
2025-11-01,2025-11-30,20260208_080940,20260208_080940-0012,2,段階1,2025-11-19 12:04:45.639000,155.28500,1.00
2025-11-01,2025-11-30,20260208_080940,20260208_080940-0012,3,段階2,2025-11-19 12:04:45.639000,155.23300,1.00
2025-11-01,2025-11-30,20260208_080940,20260208_080940-0013,1,初回,2025-11-20 21:37:38.993000,157.67700,1.00
2025-11-01,2025-11-30,20260208_080940,20260208_080940-0013,2,段階1,2025-11-20 21:37:38.993000,157.72700,1.00
2025-11-01,2025-11-30,20260208_080940,20260208_080940-0013,3,段階2,2025-11-20 21:37:38.993000,157.81400,1.00
2025-11-01,2025-11-30,20260208_080940,20260208_080940-0013,4,段階3,2025-11-20 21:37:38.993000,157.84000,1.00
2025-11-01,2025-11-30,20260208_080940,20260208_080940-0014,1,初回,2025-11-21 16:25:20.091000,157.05000,1.00
2025-11-01,2025-11-30,20260208_080940,20260208_080940-0014,2,段階1,2025-11-21 16:25:20.091000,156.98800,1.00
2025-11-01,2025-11-30,20260208_080940,20260208_080940-0014,3,段階2,2025-11-21 16:25:20.091000,156.94900,1.00
2025-11-01,2025-11-30,20260208_080940,20260208_080940-0014,4,段階3,2025-11-21 16:25:20.091000,156.90000,1.00
2025-11-01,2025-11-30,20260208_080940,20260208_080940-0015,1,初回,2025-11-24 14:05:34.846000,156.52600,1.00
2025-11-01,2025-11-30,20260208_080940,20260208_080940-0016,1,初回,2025-11-24 22:07:17.548000,156.93400,1.00
2025-11-01,2025-11-30,20260208_080940,20260208_080940-0016,2,段階1,2025-11-24 22:07:17.548000,156.98600,1.00
2025-11-01,2025-11-30,20260208_080940,20260208_080940-0016,3,段階2,2025-11-24 22:07:17.548000,157.03600,1.00
2025-11-01,2025-11-30,20260208_080940,20260208_080940-0016,4,段階3,2025-11-24 22:07:17.548000,157.08500,1.00
2025-11-01,2025-11-30,20260208_080940,20260208_080940-0017,1,初回,2025-11-25 04:57:54.414000,156.77600,1.00
2025-11-01,2025-11-30,20260208_080940,20260208_080940-0017,2,段階1,2025-11-25 04:57:54.414000,156.72100,1.00
2025-11-01,2025-11-30,20260208_080940,20260208_080940-0018,1,初回,2025-11-25 18:32:34.390000,156.27800,1.00
2025-11-01,2025-11-30,20260208_080940,20260208_080940-0018,2,段階1,2025-11-25 18:32:34.390000,156.22800,1.00
2025-11-01,2025-11-30,20260208_080940,20260208_080940-0018,3,段階2,2025-11-25 18:32:34.390000,156.17600,1.00
2025-11-01,2025-11-30,20260208_080940,20260208_080940-0018,4,段階3,2025-11-25 18:32:34.390000,156.12400,1.00
2025-11-01,2025-11-30,20260208_080940,20260208_080940-0019,1,初回,2025-11-27 18:26:42.493000,156.39000,1.00
2025-12-01,2025-12-31,20260208_081031,20260208_081031-0001,1,初回,2025-12-01 18:45:45.915000,155.34100,1.00
2025-12-01,2025-12-31,20260208_081031,20260208_081031-0001,2,段階1,2025-12-01 18:45:45.915000,155.28800,1.00
2025-12-01,2025-12-31,20260208_081031,20260208_081031-0001,3,段階2,2025-12-01 18:45:45.915000,155.24000,1.00
2025-12-01,2025-12-31,20260208_081031,20260208_081031-0001,4,段階3,2025-12-01 18:45:45.915000,155.18400,1.00
2025-12-01,2025-12-31,20260208_081031,20260208_081031-0002,1,初回,2025-12-02 02:11:19.018000,155.31100,1.00
2025-12-01,2025-12-31,20260208_081031,20260208_081031-0002,2,段階1,2025-12-02 02:11:19.018000,155.36300,1.00
2025-12-01,2025-12-31,20260208_081031,20260208_081031-0002,3,段階2,2025-12-02 02:11:19.018000,155.41200,1.00
2025-12-01,2025-12-31,20260208_081031,20260208_081031-0002,4,段階3,2025-12-02 02:11:19.018000,155.46300,1.00
2025-12-01,2025-12-31,20260208_081031,20260208_081031-0003,1,初回,2025-12-02 02:52:30.344000,155.36000,1.00
2025-12-01,2025-12-31,20260208_081031,20260208_081031-0003,2,段階1,2025-12-02 02:52:30.344000,155.41200,1.00
2025-12-01,2025-12-31,20260208_081031,20260208_081031-0003,3,段階2,2025-12-02 02:52:30.344000,155.46300,1.00
2025-12-01,2025-12-31,20260208_081031,20260208_081031-0003,4,段階3,2025-12-02 02:52:30.344000,155.51200,1.00
2025-12-01,2025-12-31,20260208_081031,20260208_081031-0004,1,初回,2025-12-02 16:24:42.975000,155.82300,1.00
2025-12-01,2025-12-31,20260208_081031,20260208_081031-0004,2,段階1,2025-12-02 16:24:42.975000,155.87400,1.00
2025-12-01,2025-12-31,20260208_081031,20260208_081031-0004,3,段階2,2025-12-02 16:24:42.975000,155.92400,1.00
2025-12-01,2025-12-31,20260208_081031,20260208_081031-0004,4,段階3,2025-12-02 16:24:42.975000,155.97400,1.00
2025-12-01,2025-12-31,20260208_081031,20260208_081031-0005,1,初回,2025-12-05 19:57:54.258000,155.13500,1.00
2025-12-01,2025-12-31,20260208_081031,20260208_081031-0005,2,段階1,2025-12-05 19:57:54.258000,155.18700,1.00
2025-12-01,2025-12-31,20260208_081031,20260208_081031-0005,3,段階2,2025-12-05 19:57:54.258000,155.23600,1.00
2025-12-01,2025-12-31,20260208_081031,20260208_081031-0005,4,段階3,2025-12-05 19:57:54.258000,155.28700,1.00
2025-12-01,2025-12-31,20260208_081031,20260208_081031-0006,1,初回,2025-12-09 17:12:08.270000,156.27700,1.00
2025-12-01,2025-12-31,20260208_081031,20260208_081031-0006,2,段階1,2025-12-09 17:12:08.270000,156.32900,1.00
2025-12-01,2025-12-31,20260208_081031,20260208_081031-0006,3,段階2,2025-12-09 17:12:08.270000,156.37700,1.00
2025-12-01,2025-12-31,20260208_081031,20260208_081031-0006,4,段階3,2025-12-09 17:12:08.270000,156.42700,1.00
2025-12-01,2025-12-31,20260208_081031,20260208_081031-0007,1,初回,2025-12-09 21:15:45.638000,156.28600,1.00
2025-12-01,2025-12-31,20260208_081031,20260208_081031-0007,2,段階1,2025-12-09 21:15:45.638000,156.33700,1.00
2025-12-01,2025-12-31,20260208_081031,20260208_081031-0007,3,段階2,2025-12-09 21:15:45.638000,156.38700,1.00
2025-12-01,2025-12-31,20260208_081031,20260208_081031-0007,4,段階3,2025-12-09 21:15:45.638000,156.44100,1.00
2025-12-01,2025-12-31,20260208_081031,20260208_081031-0008,1,初回,2025-12-11 21:07:39.022000,155.76800,1.00
2025-12-01,2025-12-31,20260208_081031,20260208_081031-0008,2,段階1,2025-12-11 21:07:39.022000,155.71800,1.00
2025-12-01,2025-12-31,20260208_081031,20260208_081031-0008,3,段階2,2025-12-11 21:07:39.022000,155.66300,1.00
2025-12-01,2025-12-31,20260208_081031,20260208_081031-0008,4,段階3,2025-12-11 21:07:39.022000,155.61800,1.00
2025-12-01,2025-12-31,20260208_081031,20260208_081031-0009,1,初回,2025-12-12 18:22:00.440000,155.85600,1.00
2025-12-01,2025-12-31,20260208_081031,20260208_081031-0009,2,段階1,2025-12-12 18:22:00.440000,155.90700,1.00
2025-12-01,2025-12-31,20260208_081031,20260208_081031-0009,3,段階2,2025-12-12 18:22:00.440000,155.96000,1.00
2025-12-01,2025-12-31,20260208_081031,20260208_081031-0009,4,段階3,2025-12-12 18:22:00.440000,156.01000,1.00
2025-12-01,2025-12-31,20260208_081031,20260208_081031-0010,1,初回,2025-12-12 18:29:25.168000,155.86500,1.00
2025-12-01,2025-12-31,20260208_081031,20260208_081031-0010,2,段階1,2025-12-12 18:29:25.168000,155.91600,1.00
2025-12-01,2025-12-31,20260208_081031,20260208_081031-0010,3,段階2,2025-12-12 18:29:25.168000,155.96600,1.00
2025-12-01,2025-12-31,20260208_081031,20260208_081031-0010,4,段階3,2025-12-12 18:29:25.168000,156.01600,1.00
2025-12-01,2025-12-31,20260208_081031,20260208_081031-0011,1,初回,2025-12-12 19:29:09.194000,155.94800,1.00
2025-12-01,2025-12-31,20260208_081031,20260208_081031-0011,2,段階1,2025-12-12 19:29:09.194000,155.99900,1.00
2025-12-01,2025-12-31,20260208_081031,20260208_081031-0011,3,段階2,2025-12-12 19:29:09.194000,156.05400,1.00
2025-12-01,2025-12-31,20260208_081031,20260208_081031-0011,4,段階3,2025-12-12 19:29:09.194000,156.09800,1.00
2025-12-01,2025-12-31,20260208_081031,20260208_081031-0012,1,初回,2025-12-13 04:50:51.753000,155.92800,1.00
2025-12-01,2025-12-31,20260208_081031,20260208_081031-0013,1,初回,2025-12-15 13:41:25.710000,155.22600,1.00
2025-12-01,2025-12-31,20260208_081031,20260208_081031-0013,2,段階1,2025-12-15 13:41:25.710000,155.17200,1.00
2025-12-01,2025-12-31,20260208_081031,20260208_081031-0013,3,段階2,2025-12-15 13:41:25.710000,155.12500,1.00
2025-12-01,2025-12-31,20260208_081031,20260208_081031-0013,4,段階3,2025-12-15 13:41:25.710000,155.07500,1.00
2025-12-01,2025-12-31,20260208_081031,20260208_081031-0014,1,初回,2025-12-16 03:41:12.400000,155.36400,1.00
2025-12-01,2025-12-31,20260208_081031,20260208_081031-0015,1,初回,2025-12-16 14:24:30.172000,154.70500,1.00
2025-12-01,2025-12-31,20260208_081031,20260208_081031-0016,1,初回,2025-12-16 22:07:40.469000,154.60700,1.00
2025-12-01,2025-12-31,20260208_081031,20260208_081031-0016,2,段階1,2025-12-16 22:07:40.469000,154.53800,1.00
2025-12-01,2025-12-31,20260208_081031,20260208_081031-0016,3,段階2,2025-12-16 22:07:40.469000,154.50500,1.00
2025-12-01,2025-12-31,20260208_081031,20260208_081031-0016,4,段階3,2025-12-16 22:07:40.469000,154.45600,1.00
2025-12-01,2025-12-31,20260208_081031,20260208_081031-0017,1,初回,2025-12-18 15:19:00.280000,155.88300,1.00
2025-12-01,2025-12-31,20260208_081031,20260208_081031-0017,2,段階1,2025-12-18 15:19:00.280000,155.93400,1.00
2025-12-01,2025-12-31,20260208_081031,20260208_081031-0018,1,初回,2025-12-19 11:43:17.241000,155.79000,1.00
2025-12-01,2025-12-31,20260208_081031,20260208_081031-0018,2,段階1,2025-12-19 11:43:17.241000,155.84100,1.00
2025-12-01,2025-12-31,20260208_081031,20260208_081031-0018,3,段階2,2025-12-19 11:43:17.241000,155.89500,1.00
2025-12-01,2025-12-31,20260208_081031,20260208_081031-0018,4,段階3,2025-12-19 11:43:17.241000,155.94700,1.00
2025-12-01,2025-12-31,20260208_081031,20260208_081031-0019,1,初回,2025-12-22 11:17:55.218000,157.26400,1.00
2025-12-01,2025-12-31,20260208_081031,20260208_081031-0020,1,初回,2025-12-25 11:21:22.444000,155.75400,1.00
2025-12-01,2025-12-31,20260208_081031,20260208_081031-0020,2,段階1,2025-12-25 11:21:22.444000,155.68700,1.00
2025-12-01,2025-12-31,20260208_081031,20260208_081031-0020,3,段階2,2025-12-25 11:21:22.444000,155.65100,1.00
2025-12-01,2025-12-31,20260208_081031,20260208_081031-0020,4,段階3,2025-12-25 11:21:22.444000,155.60400,1.00
2025-12-01,2025-12-31,20260208_081031,20260208_081031-0021,1,初回,2025-12-25 12:55:40.469000,155.69900,1.00
2025-12-01,2025-12-31,20260208_081031,20260208_081031-0021,2,段階1,2025-12-25 12:55:40.469000,155.63900,1.00
2025-12-01,2025-12-31,20260208_081031,20260208_081031-0021,3,段階2,2025-12-25 12:55:40.469000,155.48200,1.00
2025-12-01,2025-12-31,20260208_081031,20260208_081031-0021,4,段階3,2025-12-25 12:55:40.469000,155.48200,1.00
2025-12-01,2025-12-31,20260208_081031,20260208_081031-0022,1,初回,2025-12-25 15:51:04.284000,155.85100,1.00
2025-12-01,2025-12-31,20260208_081031,20260208_081031-0022,2,段階1,2025-12-25 15:51:04.284000,155.90100,1.00
2025-12-01,2025-12-31,20260208_081031,20260208_081031-0022,3,段階2,2025-12-25 15:51:04.284000,155.97900,1.00
2025-12-01,2025-12-31,20260208_081031,20260208_081031-0022,4,段階3,2025-12-25 15:51:04.284000,156.00700,1.00
2025-12-01,2025-12-31,20260208_081031,20260208_081031-0023,1,初回,2025-12-25 16:50:21.770000,155.90100,1.00
2025-12-01,2025-12-31,20260208_081031,20260208_081031-0023,2,段階1,2025-12-25 16:50:21.770000,155.98800,1.00
2025-12-01,2025-12-31,20260208_081031,20260208_081031-0023,3,段階2,2025-12-25 16:50:21.770000,156.00700,1.00
2025-12-01,2025-12-31,20260208_081031,20260208_081031-0023,4,段階3,2025-12-25 16:50:21.770000,156.05200,1.00
2025-12-01,2025-12-31,20260208_081031,20260208_081031-0024,1,初回,2025-12-30 14:02:38.330000,156.05900,1.00
2025-12-01,2025-12-31,20260208_081031,20260208_081031-0024,2,段階1,2025-12-30 14:02:38.330000,156.00700,1.00
2025-12-01,2025-12-31,20260208_081031,20260208_081031-0024,3,段階2,2025-12-30 14:02:38.330000,155.95400,1.00
2025-12-01,2025-12-31,20260208_081031,20260208_081031-0024,4,段階3,2025-12-30 14:02:38.330000,155.90700,1.00
2025-12-01,2025-12-31,20260208_081031,20260208_081031-0025,1,初回,2025-12-31 13:20:48.498000,156.55900,1.00
2025-12-01,2025-12-31,20260208_081031,20260208_081031-0025,2,段階1,2025-12-31 13:20:48.498000,156.61100,1.00
2025-12-01,2025-12-31,20260208_081031,20260208_081031-0026,1,初回,2025-12-31 23:08:01.688000,156.92500,1.00
