開始日,終了日,実行ID,取引ID,段階,種別,in時刻,in価格,ロット
2024-01-01,2024-01-31,20260208_014255,20260208_014255-0001,1,初回,2024-01-02 11:33:53.660000,141.62900,1.00
2024-01-01,2024-01-31,20260208_014255,20260208_014255-0002,1,初回,2024-01-04 00:00:04.232000,143.08000,1.00
2024-01-01,2024-01-31,20260208_014255,20260208_014255-0003,1,初回,2024-01-04 00:00:07.849000,143.01000,1.00
2024-01-01,2024-01-31,20260208_014255,20260208_014255-0004,1,初回,2024-01-04 19:42:14.914000,144.09300,1.00
2024-01-01,2024-01-31,20260208_014255,20260208_014255-0005,1,初回,2024-01-04 22:15:04.003000,144.23200,1.00
2024-01-01,2024-01-31,20260208_014255,20260208_014255-0006,1,初回,2024-01-05 22:30:03.797000,145.49500,1.00
2024-01-01,2024-01-31,20260208_014255,20260208_014255-0007,1,初回,2024-01-05 22:30:12.377000,145.69300,1.00
2024-01-01,2024-01-31,20260208_014255,20260208_014255-0008,1,初回,2024-01-06 00:00:02.917000,144.66200,1.00
2024-01-01,2024-01-31,20260208_014255,20260208_014255-0009,1,初回,2024-01-11 22:30:04.151000,145.80500,1.00
2024-01-01,2024-01-31,20260208_014255,20260208_014255-0010,1,初回,2024-01-12 22:30:05.322000,145.15300,1.00
2024-01-01,2024-01-31,20260208_014255,20260208_014255-0011,1,初回,2024-01-17 14:37:29.049000,147.54600,1.00
2024-01-01,2024-01-31,20260208_014255,20260208_014255-0012,1,初回,2024-01-17 22:30:01.782000,147.82200,1.00
2024-01-01,2024-01-31,20260208_014255,20260208_014255-0013,1,初回,2024-01-18 22:30:03.263000,148.11700,1.00
2024-01-01,2024-01-31,20260208_014255,20260208_014255-0014,1,初回,2024-01-18 22:30:24.521000,148.08200,1.00
2024-01-01,2024-01-31,20260208_014255,20260208_014255-0015,1,初回,2024-01-20 00:00:02.642000,148.16700,1.00
2024-01-01,2024-01-31,20260208_014255,20260208_014255-0016,1,初回,2024-01-23 12:09:30.099000,148.30600,1.00
2024-01-01,2024-01-31,20260208_014255,20260208_014255-0017,1,初回,2024-01-23 15:47:46.729000,147.45000,1.00
2024-01-01,2024-01-31,20260208_014255,20260208_014255-0018,1,初回,2024-01-23 20:27:24.258000,148.15100,1.00
2024-01-01,2024-01-31,20260208_014255,20260208_014255-0019,1,初回,2024-01-24 23:45:02.986000,147.24200,1.00
2024-01-01,2024-01-31,20260208_014255,20260208_014255-0020,1,初回,2024-01-25 03:01:59.180000,147.29600,1.00
2024-01-01,2024-01-31,20260208_014255,20260208_014255-0021,1,初回,2024-01-25 22:30:05.484000,147.88100,1.00
2024-01-01,2024-01-31,20260208_014255,20260208_014255-0022,1,初回,2024-01-25 22:31:05.772000,147.59100,1.00
2024-01-01,2024-01-31,20260208_014255,20260208_014255-0023,1,初回,2024-01-26 22:30:11.674000,147.47800,1.00
2024-01-01,2024-01-31,20260208_014255,20260208_014255-0024,1,初回,2024-01-31 00:00:05.212000,147.49800,1.00
2024-01-01,2024-01-31,20260208_014255,20260208_014255-0025,1,初回,2024-01-31 22:15:02.333000,147.63400,1.00
2024-02-01,2024-02-29,20260208_014434,20260208_014434-0001,1,初回,2024-02-01 04:00:03.499000,146.31900,1.00
2024-02-01,2024-02-29,20260208_014434,20260208_014434-0002,1,初回,2024-02-01 04:00:09.139000,146.54700,1.00
2024-02-01,2024-02-29,20260208_014434,20260208_014434-0003,1,初回,2024-02-01 04:00:14.266000,146.71800,1.00
2024-02-01,2024-02-29,20260208_014434,20260208_014434-0004,1,初回,2024-02-01 04:31:43.503000,146.50800,1.00
2024-02-01,2024-02-29,20260208_014434,20260208_014434-0005,1,初回,2024-02-01 22:30:02.440000,146.79500,1.00
2024-02-01,2024-02-29,20260208_014434,20260208_014434-0006,1,初回,2024-02-02 22:30:04.241000,147.11200,1.00
2024-02-01,2024-02-29,20260208_014434,20260208_014434-0007,1,初回,2024-02-06 00:00:01.466000,148.69200,1.00
2024-02-01,2024-02-29,20260208_014434,20260208_014434-0008,1,初回,2024-02-08 00:34:41.471000,147.89500,1.00
2024-02-01,2024-02-29,20260208_014434,20260208_014434-0009,1,初回,2024-02-08 03:01:46.514000,148.04800,1.00
2024-02-01,2024-02-29,20260208_014434,20260208_014434-0010,1,初回,2024-02-09 03:01:51.999000,149.25600,1.00
2024-02-01,2024-02-29,20260208_014434,20260208_014434-0011,1,初回,2024-02-09 22:31:01.858000,149.35300,1.00
2024-02-01,2024-02-29,20260208_014434,20260208_014434-0012,1,初回,2024-02-13 22:30:05.415000,149.90100,1.00
2024-02-01,2024-02-29,20260208_014434,20260208_014434-0013,1,初回,2024-02-13 22:30:50.762000,149.87800,1.00
2024-02-01,2024-02-29,20260208_014434,20260208_014434-0014,1,初回,2024-02-15 22:30:02.348000,149.81300,1.00
2024-02-01,2024-02-29,20260208_014434,20260208_014434-0015,1,初回,2024-02-15 22:30:16.535000,149.61300,1.00
2024-02-01,2024-02-29,20260208_014434,20260208_014434-0016,1,初回,2024-02-16 22:30:03.897000,150.59400,1.00
2024-02-01,2024-02-29,20260208_014434,20260208_014434-0017,1,初回,2024-02-22 22:30:02.444000,150.54400,1.00
2024-02-01,2024-02-29,20260208_014434,20260208_014434-0018,1,初回,2024-02-22 23:45:02.841000,150.49500,1.00
2024-02-01,2024-02-29,20260208_014434,20260208_014434-0019,1,初回,2024-02-28 00:00:03.158000,150.28400,1.00
2024-02-01,2024-02-29,20260208_014434,20260208_014434-0020,1,初回,2024-02-29 22:30:07.487000,149.91000,1.00
2024-03-01,2024-03-31,20260208_014605,20260208_014605-0001,1,初回,2024-03-02 00:00:03.352000,150.35500,1.00
2024-03-01,2024-03-31,20260208_014605,20260208_014605-0002,1,初回,2024-03-05 23:45:02.399000,150.17200,1.00
2024-03-01,2024-03-31,20260208_014605,20260208_014605-0003,1,初回,2024-03-07 00:00:03.862000,149.47900,1.00
2024-03-01,2024-03-31,20260208_014605,20260208_014605-0004,1,初回,2024-03-08 18:36:30.504000,147.11700,1.00
2024-03-01,2024-03-31,20260208_014605,20260208_014605-0005,1,初回,2024-03-08 22:30:09.125000,147.46600,1.00
2024-03-01,2024-03-31,20260208_014605,20260208_014605-0006,1,初回,2024-03-08 22:30:42.641000,147.02000,1.00
2024-03-01,2024-03-31,20260208_014605,20260208_014605-0007,1,初回,2024-03-08 22:30:47.677000,146.77400,1.00
2024-03-01,2024-03-31,20260208_014605,20260208_014605-0008,1,初回,2024-03-12 15:08:45.071000,147.29000,1.00
2024-03-01,2024-03-31,20260208_014605,20260208_014605-0009,1,初回,2024-03-12 21:30:06.666000,148.07200,1.00
2024-03-01,2024-03-31,20260208_014605,20260208_014605-0010,1,初回,2024-03-12 21:32:34.172000,147.46100,1.00
2024-03-01,2024-03-31,20260208_014605,20260208_014605-0011,1,初回,2024-03-14 21:30:02.840000,147.83000,1.00
2024-03-01,2024-03-31,20260208_014605,20260208_014605-0012,1,初回,2024-03-14 22:20:33.860000,147.76400,1.00
2024-03-01,2024-03-31,20260208_014605,20260208_014605-0013,1,初回,2024-03-14 22:20:39.276000,147.65100,1.00
2024-03-01,2024-03-31,20260208_014605,20260208_014605-0014,1,初回,2024-03-15 15:51:47.807000,148.13600,1.00
2024-03-01,2024-03-31,20260208_014605,20260208_014605-0015,1,初回,2024-03-19 12:14:11.040000,149.18300,1.00
2024-03-01,2024-03-31,20260208_014605,20260208_014605-0016,1,初回,2024-03-19 12:35:16.792000,149.05400,1.00
2024-03-01,2024-03-31,20260208_014605,20260208_014605-0017,1,初回,2024-03-19 12:35:34.626000,149.64900,1.00
2024-03-01,2024-03-31,20260208_014605,20260208_014605-0018,1,初回,2024-03-19 12:36:34.306000,149.38000,1.00
2024-03-01,2024-03-31,20260208_014605,20260208_014605-0019,1,初回,2024-03-19 14:24:04.002000,150.35700,1.00
2024-03-01,2024-03-31,20260208_014605,20260208_014605-0020,1,初回,2024-03-19 15:49:04.063000,150.31000,1.00
2024-03-01,2024-03-31,20260208_014605,20260208_014605-0021,1,初回,2024-03-19 17:45:21.070000,150.34100,1.00
2024-03-01,2024-03-31,20260208_014605,20260208_014605-0022,1,初回,2024-03-21 03:00:06.266000,151.22600,1.00
2024-03-01,2024-03-31,20260208_014605,20260208_014605-0023,1,初回,2024-03-27 12:12:27.675000,151.68000,1.00
2024-03-01,2024-03-31,20260208_014605,20260208_014605-0024,1,初回,2024-03-27 18:01:53.157000,151.57400,1.00
2024-04-01,2024-04-30,20260208_014722,20260208_014722-0001,1,初回,2024-04-01 23:00:02.346000,151.73000,1.00
2024-04-01,2024-04-30,20260208_014722,20260208_014722-0002,1,初回,2024-04-03 23:00:01.505000,151.66600,1.00
2024-04-01,2024-04-30,20260208_014722,20260208_014722-0003,1,初回,2024-04-05 21:30:03.782000,151.50700,1.00
2024-04-01,2024-04-30,20260208_014722,20260208_014722-0004,1,初回,2024-04-10 21:30:04.475000,151.98500,1.00
2024-04-01,2024-04-30,20260208_014722,20260208_014722-0005,1,初回,2024-04-10 21:30:07.354000,152.10800,1.00
2024-04-01,2024-04-30,20260208_014722,20260208_014722-0006,1,初回,2024-04-10 21:30:15.214000,152.15100,1.00
2024-04-01,2024-04-30,20260208_014722,20260208_014722-0007,1,初回,2024-04-10 21:45:38.123000,152.04600,1.00
2024-04-01,2024-04-30,20260208_014722,20260208_014722-0008,1,初回,2024-04-10 21:45:54.551000,152.12900,1.00
2024-04-01,2024-04-30,20260208_014722,20260208_014722-0009,1,初回,2024-04-11 21:30:08.516000,152.97300,1.00
2024-04-01,2024-04-30,20260208_014722,20260208_014722-0010,1,初回,2024-04-15 17:11:49.233000,153.80600,1.00
2024-04-01,2024-04-30,20260208_014722,20260208_014722-0011,1,初回,2024-04-15 21:30:09.600000,154.19800,1.00
2024-04-01,2024-04-30,20260208_014722,20260208_014722-0012,1,初回,2024-04-15 23:36:53.691000,154.05900,1.00
2024-04-01,2024-04-30,20260208_014722,20260208_014722-0013,1,初回,2024-04-15 23:37:20.554000,153.90600,1.00
2024-04-01,2024-04-30,20260208_014722,20260208_014722-0014,1,初回,2024-04-16 22:38:52.370000,154.49600,1.00
2024-04-01,2024-04-30,20260208_014722,20260208_014722-0015,1,初回,2024-04-16 22:39:10.254000,154.36300,1.00
2024-04-01,2024-04-30,20260208_014722,20260208_014722-0016,1,初回,2024-04-16 22:39:12.125000,154.29500,1.00
2024-04-01,2024-04-30,20260208_014722,20260208_014722-0017,1,初回,2024-04-16 22:39:18.736000,153.94700,1.00
2024-04-01,2024-04-30,20260208_014722,20260208_014722-0018,1,初回,2024-04-16 23:52:00.909000,154.48400,1.00
2024-04-01,2024-04-30,20260208_014722,20260208_014722-0019,1,初回,2024-04-18 01:25:58.714000,154.31200,1.00
2024-04-01,2024-04-30,20260208_014722,20260208_014722-0020,1,初回,2024-04-23 22:45:01.905000,154.60700,1.00
2024-04-01,2024-04-30,20260208_014722,20260208_014722-0021,1,初回,2024-04-24 21:12:44.080000,155.08800,1.00
2024-04-01,2024-04-30,20260208_014722,20260208_014722-0022,1,初回,2024-04-24 21:15:08.985000,154.90500,1.00
2024-04-01,2024-04-30,20260208_014722,20260208_014722-0023,1,初回,2024-04-24 21:15:18.945000,154.87700,1.00
2024-04-01,2024-04-30,20260208_014722,20260208_014722-0024,1,初回,2024-04-25 21:30:17.489000,155.35800,1.00
2024-04-01,2024-04-30,20260208_014722,20260208_014722-0025,1,初回,2024-04-26 12:22:13.523000,155.62700,1.00
2024-04-01,2024-04-30,20260208_014722,20260208_014722-0026,1,初回,2024-04-26 12:24:36.301000,155.85800,1.00
2024-04-01,2024-04-30,20260208_014722,20260208_014722-0027,1,初回,2024-04-26 15:57:52.957000,156.35000,1.00
2024-04-01,2024-04-30,20260208_014722,20260208_014722-0028,1,初回,2024-04-26 17:00:51.872000,155.90200,1.00
2024-04-01,2024-04-30,20260208_014722,20260208_014722-0029,1,初回,2024-04-26 17:01:00.993000,156.27200,1.00
2024-04-01,2024-04-30,20260208_014722,20260208_014722-0030,1,初回,2024-04-26 17:01:22.774000,155.97700,1.00
2024-04-01,2024-04-30,20260208_014722,20260208_014722-0031,1,初回,2024-04-26 17:01:27.853000,155.70400,1.00
2024-04-01,2024-04-30,20260208_014722,20260208_014722-0032,1,初回,2024-04-26 17:01:34.299000,155.53000,1.00
2024-04-01,2024-04-30,20260208_014722,20260208_014722-0033,1,初回,2024-04-26 17:01:40.499000,155.22200,1.00
2024-04-01,2024-04-30,20260208_014722,20260208_014722-0034,1,初回,2024-04-26 17:01:49.634000,155.25400,1.00
2024-04-01,2024-04-30,20260208_014722,20260208_014722-0035,1,初回,2024-04-26 17:02:14.681000,155.25400,1.00
2024-04-01,2024-04-30,20260208_014722,20260208_014722-0036,1,初回,2024-04-26 17:02:25.440000,155.06800,1.00
2024-04-01,2024-04-30,20260208_014722,20260208_014722-0037,1,初回,2024-04-26 17:02:51.709000,155.47000,1.00
2024-04-01,2024-04-30,20260208_014722,20260208_014722-0038,1,初回,2024-04-26 17:03:05.761000,155.50900,1.00
2024-04-01,2024-04-30,20260208_014722,20260208_014722-0039,1,初回,2024-04-26 17:03:25.146000,155.60900,1.00
2024-04-01,2024-04-30,20260208_014722,20260208_014722-0040,1,初回,2024-04-26 17:03:52.655000,155.91300,1.00
2024-04-01,2024-04-30,20260208_014722,20260208_014722-0041,1,初回,2024-04-26 17:04:30.890000,155.92000,1.00
2024-04-01,2024-04-30,20260208_014722,20260208_014722-0042,1,初回,2024-04-26 17:06:02.371000,156.04700,1.00
2024-04-01,2024-04-30,20260208_014722,20260208_014722-0043,1,初回,2024-04-26 17:06:14.547000,156.20200,1.00
2024-04-01,2024-04-30,20260208_014722,20260208_014722-0044,1,初回,2024-04-26 21:30:06.165000,156.68200,1.00
2024-04-01,2024-04-30,20260208_014722,20260208_014722-0045,1,初回,2024-04-29 13:05:51.503000,159.13800,1.00
2024-04-01,2024-04-30,20260208_014722,20260208_014722-0046,1,初回,2024-04-29 13:05:59.275000,158.28100,1.00
2024-04-01,2024-04-30,20260208_014722,20260208_014722-0047,1,初回,2024-04-29 13:06:12.753000,158.47400,1.00
2024-04-01,2024-04-30,20260208_014722,20260208_014722-0048,1,初回,2024-04-29 13:06:37.890000,158.50100,1.00
2024-04-01,2024-04-30,20260208_014722,20260208_014722-0049,1,初回,2024-04-29 13:07:03.515000,158.39900,1.00
2024-04-01,2024-04-30,20260208_014722,20260208_014722-0050,1,初回,2024-04-29 13:07:24.197000,158.39600,1.00
2024-04-01,2024-04-30,20260208_014722,20260208_014722-0051,1,初回,2024-04-29 13:07:31.708000,158.31000,1.00
2024-04-01,2024-04-30,20260208_014722,20260208_014722-0052,1,初回,2024-04-29 13:07:54.494000,158.19300,1.00
2024-04-01,2024-04-30,20260208_014722,20260208_014722-0053,1,初回,2024-04-29 13:08:39.537000,158.20600,1.00
2024-04-01,2024-04-30,20260208_014722,20260208_014722-0054,1,初回,2024-04-29 13:09:20.422000,158.08600,1.00
2024-04-01,2024-04-30,20260208_014722,20260208_014722-0055,1,初回,2024-04-29 13:09:46.793000,158.02900,1.00
2024-04-01,2024-04-30,20260208_014722,20260208_014722-0056,1,初回,2024-04-29 13:09:56.382000,157.78700,1.00
2024-04-01,2024-04-30,20260208_014722,20260208_014722-0057,1,初回,2024-04-29 13:10:17.367000,158.12200,1.00
2024-04-01,2024-04-30,20260208_014722,20260208_014722-0058,1,初回,2024-04-29 13:11:51.068000,158.07000,1.00
2024-04-01,2024-04-30,20260208_014722,20260208_014722-0059,1,初回,2024-04-29 13:14:27.713000,158.09900,1.00
2024-04-01,2024-04-30,20260208_014722,20260208_014722-0060,1,初回,2024-04-29 13:16:13.157000,157.58100,1.00
2024-04-01,2024-04-30,20260208_014722,20260208_014722-0061,1,初回,2024-04-29 13:16:20.303000,157.40700,1.00
2024-04-01,2024-04-30,20260208_014722,20260208_014722-0062,1,初回,2024-04-29 13:16:39.469000,157.50800,1.00
2024-04-01,2024-04-30,20260208_014722,20260208_014722-0063,1,初回,2024-04-29 13:16:52.060000,157.48600,1.00
2024-04-01,2024-04-30,20260208_014722,20260208_014722-0064,1,初回,2024-04-29 13:17:30.721000,157.57200,1.00
2024-04-01,2024-04-30,20260208_014722,20260208_014722-0065,1,初回,2024-04-29 13:18:13.354000,157.26200,1.00
2024-04-01,2024-04-30,20260208_014722,20260208_014722-0066,1,初回,2024-04-29 13:19:26.651000,156.96900,1.00
2024-04-01,2024-04-30,20260208_014722,20260208_014722-0067,1,初回,2024-04-29 13:19:50.774000,156.78600,1.00
2024-04-01,2024-04-30,20260208_014722,20260208_014722-0068,1,初回,2024-04-29 13:19:54.676000,156.67400,1.00
2024-04-01,2024-04-30,20260208_014722,20260208_014722-0069,1,初回,2024-04-29 13:20:26.381000,156.95000,1.00
2024-04-01,2024-04-30,20260208_014722,20260208_014722-0070,1,初回,2024-04-29 13:20:56.202000,156.83400,1.00
2024-04-01,2024-04-30,20260208_014722,20260208_014722-0071,1,初回,2024-04-29 13:21:34.154000,156.84800,1.00
2024-04-01,2024-04-30,20260208_014722,20260208_014722-0072,1,初回,2024-04-29 13:22:06.301000,157.12300,1.00
2024-04-01,2024-04-30,20260208_014722,20260208_014722-0073,1,初回,2024-04-29 13:25:57.544000,157.06400,1.00
2024-04-01,2024-04-30,20260208_014722,20260208_014722-0074,1,初回,2024-04-29 13:27:46.990000,157.44800,1.00
2024-04-01,2024-04-30,20260208_014722,20260208_014722-0075,1,初回,2024-04-29 13:28:44.440000,157.63600,1.00
2024-04-01,2024-04-30,20260208_014722,20260208_014722-0076,1,初回,2024-04-29 13:29:27.173000,157.29600,1.00
2024-04-01,2024-04-30,20260208_014722,20260208_014722-0077,1,初回,2024-04-29 13:29:41.727000,157.08500,1.00
2024-04-01,2024-04-30,20260208_014722,20260208_014722-0078,1,初回,2024-04-29 13:30:11.053000,157.09700,1.00
2024-04-01,2024-04-30,20260208_014722,20260208_014722-0079,1,初回,2024-04-29 13:30:31.164000,157.00600,1.00
2024-04-01,2024-04-30,20260208_014722,20260208_014722-0080,1,初回,2024-04-29 13:31:07.708000,156.93500,1.00
2024-04-01,2024-04-30,20260208_014722,20260208_014722-0081,1,初回,2024-04-29 13:31:42.304000,156.90000,1.00
2024-04-01,2024-04-30,20260208_014722,20260208_014722-0082,1,初回,2024-04-29 13:31:49.040000,156.60400,1.00
2024-04-01,2024-04-30,20260208_014722,20260208_014722-0083,1,初回,2024-04-29 13:31:57.829000,156.60300,1.00
2024-04-01,2024-04-30,20260208_014722,20260208_014722-0084,1,初回,2024-04-29 13:32:09.437000,156.50400,1.00
2024-04-01,2024-04-30,20260208_014722,20260208_014722-0085,1,初回,2024-04-29 13:32:35.126000,156.49800,1.00
2024-04-01,2024-04-30,20260208_014722,20260208_014722-0086,1,初回,2024-04-29 13:32:47.904000,156.42000,1.00
2024-04-01,2024-04-30,20260208_014722,20260208_014722-0087,1,初回,2024-04-29 13:32:58.682000,156.40900,1.00
2024-04-01,2024-04-30,20260208_014722,20260208_014722-0088,1,初回,2024-04-29 13:34:15.851000,156.31700,1.00
2024-04-01,2024-04-30,20260208_014722,20260208_014722-0089,1,初回,2024-04-29 13:34:38.714000,156.24900,1.00
2024-04-01,2024-04-30,20260208_014722,20260208_014722-0090,1,初回,2024-04-29 13:35:03.739000,156.16700,1.00
2024-04-01,2024-04-30,20260208_014722,20260208_014722-0091,1,初回,2024-04-29 13:35:44.336000,156.10900,1.00
2024-04-01,2024-04-30,20260208_014722,20260208_014722-0092,1,初回,2024-04-29 13:36:37.360000,156.41200,1.00
2024-04-01,2024-04-30,20260208_014722,20260208_014722-0093,1,初回,2024-04-29 13:36:45.826000,156.36900,1.00
2024-04-01,2024-04-30,20260208_014722,20260208_014722-0094,1,初回,2024-04-29 13:36:58.777000,156.36500,1.00
2024-04-01,2024-04-30,20260208_014722,20260208_014722-0095,1,初回,2024-04-29 13:39:05.549000,156.35500,1.00
2024-04-01,2024-04-30,20260208_014722,20260208_014722-0096,1,初回,2024-04-29 13:39:52.697000,156.17300,1.00
2024-04-01,2024-04-30,20260208_014722,20260208_014722-0097,1,初回,2024-04-29 13:40:00.363000,156.10700,1.00
2024-04-01,2024-04-30,20260208_014722,20260208_014722-0098,1,初回,2024-04-29 13:40:27.570000,156.00300,1.00
2024-04-01,2024-04-30,20260208_014722,20260208_014722-0099,1,初回,2024-04-29 13:41:34.382000,155.92100,1.00
2024-04-01,2024-04-30,20260208_014722,20260208_014722-0100,1,初回,2024-04-29 13:42:21.332000,155.85500,1.00
2024-04-01,2024-04-30,20260208_014722,20260208_014722-0101,1,初回,2024-04-29 13:46:10.015000,155.51100,1.00
2024-04-01,2024-04-30,20260208_014722,20260208_014722-0102,1,初回,2024-04-29 13:47:37.127000,155.44100,1.00
2024-04-01,2024-04-30,20260208_014722,20260208_014722-0103,1,初回,2024-04-29 13:48:50.519000,155.46700,1.00
2024-04-01,2024-04-30,20260208_014722,20260208_014722-0104,1,初回,2024-04-29 13:49:57.103000,155.69800,1.00
2024-04-01,2024-04-30,20260208_014722,20260208_014722-0105,1,初回,2024-04-29 13:50:41.043000,155.95700,1.00
2024-04-01,2024-04-30,20260208_014722,20260208_014722-0106,1,初回,2024-04-29 13:52:31.814000,155.65800,1.00
2024-04-01,2024-04-30,20260208_014722,20260208_014722-0107,1,初回,2024-04-29 13:52:36.295000,155.56000,1.00
2024-04-01,2024-04-30,20260208_014722,20260208_014722-0108,1,初回,2024-04-29 13:53:15.264000,155.42100,1.00
2024-04-01,2024-04-30,20260208_014722,20260208_014722-0109,1,初回,2024-04-29 13:53:36.577000,155.26700,1.00
2024-04-01,2024-04-30,20260208_014722,20260208_014722-0110,1,初回,2024-04-29 13:54:43.814000,155.47900,1.00
2024-04-01,2024-04-30,20260208_014722,20260208_014722-0111,1,初回,2024-04-29 13:57:55.188000,156.05800,1.00
2024-04-01,2024-04-30,20260208_014722,20260208_014722-0112,1,初回,2024-04-29 13:59:15.730000,156.38100,1.00
2024-04-01,2024-04-30,20260208_014722,20260208_014722-0113,1,初回,2024-04-29 14:02:08.334000,156.57000,1.00
2024-04-01,2024-04-30,20260208_014722,20260208_014722-0114,1,初回,2024-04-29 14:02:28.628000,156.72800,1.00
2024-04-01,2024-04-30,20260208_014722,20260208_014722-0115,1,初回,2024-04-29 14:02:47.905000,156.13200,1.00
2024-04-01,2024-04-30,20260208_014722,20260208_014722-0116,1,初回,2024-04-29 14:03:01.426000,155.91400,1.00
2024-04-01,2024-04-30,20260208_014722,20260208_014722-0117,1,初回,2024-04-29 14:03:10.702000,155.78900,1.00
2024-04-01,2024-04-30,20260208_014722,20260208_014722-0118,1,初回,2024-04-29 14:03:19.182000,155.63900,1.00
2024-04-01,2024-04-30,20260208_014722,20260208_014722-0119,1,初回,2024-04-29 14:03:32.140000,155.44400,1.00
2024-04-01,2024-04-30,20260208_014722,20260208_014722-0120,1,初回,2024-04-29 14:03:39.412000,155.35600,1.00
2024-04-01,2024-04-30,20260208_014722,20260208_014722-0121,1,初回,2024-04-29 14:04:29.644000,155.30200,1.00
2024-04-01,2024-04-30,20260208_014722,20260208_014722-0122,1,初回,2024-04-29 14:04:58.098000,155.28100,1.00
2024-04-01,2024-04-30,20260208_014722,20260208_014722-0123,1,初回,2024-04-29 14:05:10.261000,155.18100,1.00
2024-04-01,2024-04-30,20260208_014722,20260208_014722-0124,1,初回,2024-04-29 14:06:47.700000,155.05500,1.00
2024-04-01,2024-04-30,20260208_014722,20260208_014722-0125,1,初回,2024-04-29 14:09:03.931000,155.25100,1.00
2024-04-01,2024-04-30,20260208_014722,20260208_014722-0126,1,初回,2024-04-29 14:09:23.037000,155.41800,1.00
2024-04-01,2024-04-30,20260208_014722,20260208_014722-0127,1,初回,2024-04-29 14:09:26.676000,155.53100,1.00
2024-04-01,2024-04-30,20260208_014722,20260208_014722-0128,1,初回,2024-04-29 14:09:38.970000,155.61700,1.00
2024-04-01,2024-04-30,20260208_014722,20260208_014722-0129,1,初回,2024-04-29 14:09:45.796000,155.65800,1.00
2024-04-01,2024-04-30,20260208_014722,20260208_014722-0130,1,初回,2024-04-29 14:09:57.601000,155.56500,1.00
2024-04-01,2024-04-30,20260208_014722,20260208_014722-0131,1,初回,2024-04-29 14:11:01.423000,155.21600,1.00
2024-04-01,2024-04-30,20260208_014722,20260208_014722-0132,1,初回,2024-04-29 14:14:06.227000,155.81700,1.00
2024-04-01,2024-04-30,20260208_014722,20260208_014722-0133,1,初回,2024-04-29 14:18:03.302000,155.96300,1.00
2024-04-01,2024-04-30,20260208_014722,20260208_014722-0134,1,初回,2024-04-29 14:20:06.456000,156.13400,1.00
2024-04-01,2024-04-30,20260208_014722,20260208_014722-0135,1,初回,2024-04-29 14:29:59.015000,156.37000,1.00
2024-04-01,2024-04-30,20260208_014722,20260208_014722-0136,1,初回,2024-04-29 14:32:05.086000,155.82100,1.00
2024-04-01,2024-04-30,20260208_014722,20260208_014722-0137,1,初回,2024-04-29 14:32:13.055000,155.54700,1.00
2024-04-01,2024-04-30,20260208_014722,20260208_014722-0138,1,初回,2024-04-29 14:32:47.349000,156.08500,1.00
2024-04-01,2024-04-30,20260208_014722,20260208_014722-0139,1,初回,2024-04-29 14:32:58.832000,156.09800,1.00
2024-04-01,2024-04-30,20260208_014722,20260208_014722-0140,1,初回,2024-04-29 14:33:31.508000,156.25300,1.00
2024-04-01,2024-04-30,20260208_014722,20260208_014722-0141,1,初回,2024-04-29 15:00:35.763000,156.70600,1.00
2024-04-01,2024-04-30,20260208_014722,20260208_014722-0142,1,初回,2024-04-29 16:08:38.399000,156.57500,1.00
2024-04-01,2024-04-30,20260208_014722,20260208_014722-0143,1,初回,2024-04-29 16:08:47.684000,156.34300,1.00
2024-04-01,2024-04-30,20260208_014722,20260208_014722-0144,1,初回,2024-04-29 16:08:51.197000,156.23600,1.00
2024-04-01,2024-04-30,20260208_014722,20260208_014722-0145,1,初回,2024-04-29 16:09:24.297000,156.39500,1.00
2024-04-01,2024-04-30,20260208_014722,20260208_014722-0146,1,初回,2024-04-29 16:09:34.288000,156.24800,1.00
2024-04-01,2024-04-30,20260208_014722,20260208_014722-0147,1,初回,2024-04-29 16:10:18.293000,156.00700,1.00
2024-04-01,2024-04-30,20260208_014722,20260208_014722-0148,1,初回,2024-04-29 16:10:36.086000,155.92600,1.00
2024-04-01,2024-04-30,20260208_014722,20260208_014722-0149,1,初回,2024-04-29 16:10:50.135000,155.78200,1.00
2024-04-01,2024-04-30,20260208_014722,20260208_014722-0150,1,初回,2024-04-29 16:12:05.724000,155.60400,1.00
2024-04-01,2024-04-30,20260208_014722,20260208_014722-0151,1,初回,2024-04-29 16:12:25.465000,155.50300,1.00
2024-04-01,2024-04-30,20260208_014722,20260208_014722-0152,1,初回,2024-04-29 16:12:54.705000,155.31200,1.00
2024-04-01,2024-04-30,20260208_014722,20260208_014722-0153,1,初回,2024-04-29 16:15:02.899000,155.37100,1.00
2024-04-01,2024-04-30,20260208_014722,20260208_014722-0154,1,初回,2024-04-29 16:17:41.886000,155.55000,1.00
2024-04-01,2024-04-30,20260208_014722,20260208_014722-0155,1,初回,2024-04-29 16:18:42.744000,155.52400,1.00
2024-04-01,2024-04-30,20260208_014722,20260208_014722-0156,1,初回,2024-04-29 16:20:15.881000,155.39100,1.00
2024-04-01,2024-04-30,20260208_014722,20260208_014722-0157,1,初回,2024-04-29 16:24:48.927000,155.26600,1.00
2024-04-01,2024-04-30,20260208_014722,20260208_014722-0158,1,初回,2024-04-29 16:31:39.534000,155.22800,1.00
2024-04-01,2024-04-30,20260208_014722,20260208_014722-0159,1,初回,2024-04-29 16:34:39.435000,154.81100,1.00
2024-04-01,2024-04-30,20260208_014722,20260208_014722-0160,1,初回,2024-04-29 16:35:08.446000,154.74900,1.00
2024-04-01,2024-04-30,20260208_014722,20260208_014722-0161,1,初回,2024-04-29 16:35:22.971000,154.57700,1.00
2024-04-01,2024-04-30,20260208_014722,20260208_014722-0162,1,初回,2024-04-29 16:40:35.389000,154.95800,1.00
2024-04-01,2024-04-30,20260208_014722,20260208_014722-0163,1,初回,2024-04-29 16:41:47.852000,155.19900,1.00
2024-04-01,2024-04-30,20260208_014722,20260208_014722-0164,1,初回,2024-04-29 17:32:40.573000,155.16300,1.00
2024-04-01,2024-04-30,20260208_014722,20260208_014722-0165,1,初回,2024-04-29 17:34:41.968000,155.55000,1.00
2024-04-01,2024-04-30,20260208_014722,20260208_014722-0166,1,初回,2024-04-29 18:06:25.030000,155.58200,1.00
2024-04-01,2024-04-30,20260208_014722,20260208_014722-0167,1,初回,2024-04-29 19:18:40.649000,155.55700,1.00
2024-04-01,2024-04-30,20260208_014722,20260208_014722-0168,1,初回,2024-04-29 19:18:59.870000,155.58300,1.00
2024-04-01,2024-04-30,20260208_014722,20260208_014722-0169,1,初回,2024-04-29 22:37:02.257000,156.32500,1.00
2024-04-01,2024-04-30,20260208_014722,20260208_014722-0170,1,初回,2024-04-30 01:42:15.294000,156.10000,1.00
2024-04-01,2024-04-30,20260208_014722,20260208_014722-0171,1,初回,2024-04-30 01:42:26.602000,155.91700,1.00
2024-04-01,2024-04-30,20260208_014722,20260208_014722-0172,1,初回,2024-04-30 01:43:09.597000,155.81700,1.00
2024-04-01,2024-04-30,20260208_014722,20260208_014722-0173,1,初回,2024-04-30 01:43:40.048000,155.70300,1.00
2024-04-01,2024-04-30,20260208_014722,20260208_014722-0174,1,初回,2024-04-30 01:44:25.032000,155.60900,1.00
2024-04-01,2024-04-30,20260208_014722,20260208_014722-0175,1,初回,2024-04-30 01:45:10.207000,155.49200,1.00
2024-04-01,2024-04-30,20260208_014722,20260208_014722-0176,1,初回,2024-04-30 01:45:16.213000,155.46700,1.00
2024-04-01,2024-04-30,20260208_014722,20260208_014722-0177,1,初回,2024-04-30 01:46:18.836000,155.31400,1.00
2024-04-01,2024-04-30,20260208_014722,20260208_014722-0178,1,初回,2024-04-30 01:48:30.920000,155.54300,1.00
2024-04-01,2024-04-30,20260208_014722,20260208_014722-0179,1,初回,2024-04-30 03:03:46.848000,155.74700,1.00
2024-04-01,2024-04-30,20260208_014722,20260208_014722-0180,1,初回,2024-04-30 16:27:00.544000,156.76100,1.00
2024-04-01,2024-04-30,20260208_014722,20260208_014722-0181,1,初回,2024-04-30 21:14:03.936000,156.86100,1.00
2024-04-01,2024-04-30,20260208_014722,20260208_014722-0182,1,初回,2024-04-30 21:30:04.893000,157.19200,1.00
2024-05-01,2024-05-31,20260208_014834,20260208_014834-0001,1,初回,2024-05-02 03:00:04.355000,157.74800,1.00
2024-05-01,2024-05-31,20260208_014834,20260208_014834-0002,1,初回,2024-05-02 03:00:14.191000,157.39000,1.00
2024-05-01,2024-05-31,20260208_014834,20260208_014834-0003,1,初回,2024-05-02 03:34:10.606000,157.24400,1.00
2024-05-01,2024-05-31,20260208_014834,20260208_014834-0004,1,初回,2024-05-02 03:40:59.386000,157.11700,1.00
2024-05-01,2024-05-31,20260208_014834,20260208_014834-0005,1,初回,2024-05-02 21:30:05.846000,154.79800,1.00
2024-05-01,2024-05-31,20260208_014834,20260208_014834-0006,1,初回,2024-05-03 21:30:07.093000,152.57100,1.00
2024-05-01,2024-05-31,20260208_014834,20260208_014834-0007,1,初回,2024-05-09 21:30:01.858000,155.68500,1.00
2024-05-01,2024-05-31,20260208_014834,20260208_014834-0008,1,初回,2024-05-14 21:30:02.980000,156.66400,1.00
2024-05-01,2024-05-31,20260208_014834,20260208_014834-0009,1,初回,2024-05-15 21:30:04.063000,155.12600,1.00
2024-05-01,2024-05-31,20260208_014834,20260208_014834-0010,1,初回,2024-05-15 21:30:08.203000,154.89200,1.00
2024-05-01,2024-05-31,20260208_014834,20260208_014834-0011,1,初回,2024-05-21 15:09:08.768000,156.15000,1.00
2024-05-01,2024-05-31,20260208_014834,20260208_014834-0012,1,初回,2024-05-23 22:45:02.127000,156.96500,1.00
2024-05-01,2024-05-31,20260208_014834,20260208_014834-0013,1,初回,2024-05-23 23:12:40.340000,157.03000,1.00
2024-05-01,2024-05-31,20260208_014834,20260208_014834-0014,1,初回,2024-05-23 23:13:24.884000,156.70200,1.00
2024-05-01,2024-05-31,20260208_014834,20260208_014834-0015,1,初回,2024-05-30 21:30:07.491000,156.70600,1.00
2024-06-01,2024-06-30,20260208_014946,20260208_014946-0001,1,初回,2024-06-03 23:00:02.587000,156.54700,1.00
2024-06-01,2024-06-30,20260208_014946,20260208_014946-0002,1,初回,2024-06-04 18:20:42.458000,155.09200,1.00
2024-06-01,2024-06-30,20260208_014946,20260208_014946-0003,1,初回,2024-06-04 23:00:03.210000,154.67700,1.00
2024-06-01,2024-06-30,20260208_014946,20260208_014946-0004,1,初回,2024-06-05 23:00:02.540000,156.13600,1.00
2024-06-01,2024-06-30,20260208_014946,20260208_014946-0005,1,初回,2024-06-06 21:30:07.532000,155.97100,1.00
2024-06-01,2024-06-30,20260208_014946,20260208_014946-0006,1,初回,2024-06-07 21:30:04.261000,155.93200,1.00
2024-06-01,2024-06-30,20260208_014946,20260208_014946-0007,1,初回,2024-06-07 21:30:13.945000,156.11200,1.00
2024-06-01,2024-06-30,20260208_014946,20260208_014946-0008,1,初回,2024-06-07 21:30:48.648000,156.21100,1.00
2024-06-01,2024-06-30,20260208_014946,20260208_014946-0009,1,初回,2024-06-07 21:30:54.620000,156.36000,1.00
2024-06-01,2024-06-30,20260208_014946,20260208_014946-0010,1,初回,2024-06-12 21:30:09.675000,156.61600,1.00
2024-06-01,2024-06-30,20260208_014946,20260208_014946-0011,1,初回,2024-06-12 21:30:33.848000,156.42400,1.00
2024-06-01,2024-06-30,20260208_014946,20260208_014946-0012,1,初回,2024-06-13 03:00:19.481000,156.16400,1.00
2024-06-01,2024-06-30,20260208_014946,20260208_014946-0013,1,初回,2024-06-13 03:32:27.364000,156.31100,1.00
2024-06-01,2024-06-30,20260208_014946,20260208_014946-0014,1,初回,2024-06-13 21:30:04.554000,156.98400,1.00
2024-06-01,2024-06-30,20260208_014946,20260208_014946-0015,1,初回,2024-06-13 21:30:10.853000,156.85900,1.00
2024-06-01,2024-06-30,20260208_014946,20260208_014946-0016,1,初回,2024-06-14 12:10:04.073000,156.87900,1.00
2024-06-01,2024-06-30,20260208_014946,20260208_014946-0017,1,初回,2024-06-14 12:23:09.940000,157.37600,1.00
2024-06-01,2024-06-30,20260208_014946,20260208_014946-0018,1,初回,2024-06-14 12:23:52.631000,157.48700,1.00
2024-06-01,2024-06-30,20260208_014946,20260208_014946-0019,1,初回,2024-06-14 14:52:09.296000,158.11500,1.00
2024-06-01,2024-06-30,20260208_014946,20260208_014946-0020,1,初回,2024-06-14 15:37:16.116000,157.97200,1.00
2024-06-01,2024-06-30,20260208_014946,20260208_014946-0021,1,初回,2024-06-14 15:37:20.676000,157.90300,1.00
2024-06-01,2024-06-30,20260208_014946,20260208_014946-0022,1,初回,2024-06-14 16:00:39.801000,157.80800,1.00
2024-06-01,2024-06-30,20260208_014946,20260208_014946-0023,1,初回,2024-06-18 21:30:01.564000,157.88200,1.00
2024-06-01,2024-06-30,20260208_014946,20260208_014946-0024,1,初回,2024-06-18 21:30:08.069000,157.78300,1.00
2024-06-01,2024-06-30,20260208_014946,20260208_014946-0025,1,初回,2024-06-21 22:45:02.481000,159.08600,1.00
2024-06-01,2024-06-30,20260208_014946,20260208_014946-0026,1,初回,2024-06-24 19:05:50.014000,159.37000,1.00
2024-06-01,2024-06-30,20260208_014946,20260208_014946-0027,1,初回,2024-06-24 19:06:52.435000,159.17400,1.00
2024-06-01,2024-06-30,20260208_014946,20260208_014946-0028,1,初回,2024-06-24 19:07:03.301000,158.90400,1.00
2024-06-01,2024-06-30,20260208_014946,20260208_014946-0029,1,初回,2024-06-24 19:08:29.487000,159.10300,1.00
2024-06-01,2024-06-30,20260208_014946,20260208_014946-0030,1,初回,2024-06-26 22:05:31.270000,160.11000,1.00
2024-06-01,2024-06-30,20260208_014946,20260208_014946-0031,1,初回,2024-06-27 21:30:03.825000,160.36300,1.00
2024-06-01,2024-06-30,20260208_014946,20260208_014946-0032,1,初回,2024-06-28 21:30:05.063000,160.41600,1.00
2024-06-01,2024-06-30,20260208_014946,20260208_014946-0033,1,初回,2024-06-28 22:42:03.194000,160.39100,1.00
2024-07-01,2024-07-31,20260208_015132,20260208_015132-0001,1,初回,2024-07-01 23:00:03.438000,160.99100,1.00
2024-07-01,2024-07-31,20260208_015132,20260208_015132-0002,1,初回,2024-07-02 23:00:04.590000,161.49900,1.00
2024-07-01,2024-07-31,20260208_015132,20260208_015132-0003,1,初回,2024-07-03 23:00:01.578000,161.35700,1.00
2024-07-01,2024-07-31,20260208_015132,20260208_015132-0004,1,初回,2024-07-05 21:30:08.837000,160.98700,1.00
2024-07-01,2024-07-31,20260208_015132,20260208_015132-0005,1,初回,2024-07-05 21:30:26.872000,160.55300,1.00
2024-07-01,2024-07-31,20260208_015132,20260208_015132-0006,1,初回,2024-07-05 21:30:39.361000,160.42800,1.00
2024-07-01,2024-07-31,20260208_015132,20260208_015132-0007,1,初回,2024-07-11 21:30:04.602000,160.98100,1.00
2024-07-01,2024-07-31,20260208_015132,20260208_015132-0008,1,初回,2024-07-11 21:42:09.406000,160.50400,1.00
2024-07-01,2024-07-31,20260208_015132,20260208_015132-0009,1,初回,2024-07-11 21:42:14.328000,160.29800,1.00
2024-07-01,2024-07-31,20260208_015132,20260208_015132-0010,1,初回,2024-07-11 21:42:32.026000,160.02000,1.00
2024-07-01,2024-07-31,20260208_015132,20260208_015132-0011,1,初回,2024-07-11 21:42:55.648000,159.75200,1.00
2024-07-01,2024-07-31,20260208_015132,20260208_015132-0012,1,初回,2024-07-11 21:43:14.248000,159.00000,1.00
2024-07-01,2024-07-31,20260208_015132,20260208_015132-0013,1,初回,2024-07-11 21:43:22.008000,159.36500,1.00
2024-07-01,2024-07-31,20260208_015132,20260208_015132-0014,1,初回,2024-07-11 21:43:31.808000,159.00700,1.00
2024-07-01,2024-07-31,20260208_015132,20260208_015132-0015,1,初回,2024-07-11 21:43:38.943000,158.89300,1.00
2024-07-01,2024-07-31,20260208_015132,20260208_015132-0016,1,初回,2024-07-11 21:43:51.517000,158.72800,1.00
2024-07-01,2024-07-31,20260208_015132,20260208_015132-0017,1,初回,2024-07-11 21:43:59.517000,159.17700,1.00
2024-07-01,2024-07-31,20260208_015132,20260208_015132-0018,1,初回,2024-07-11 21:44:14.368000,158.78500,1.00
2024-07-01,2024-07-31,20260208_015132,20260208_015132-0019,1,初回,2024-07-11 21:44:28.385000,158.59800,1.00
2024-07-01,2024-07-31,20260208_015132,20260208_015132-0020,1,初回,2024-07-11 21:44:35.228000,158.68500,1.00
2024-07-01,2024-07-31,20260208_015132,20260208_015132-0021,1,初回,2024-07-11 21:44:38.371000,158.55200,1.00
2024-07-01,2024-07-31,20260208_015132,20260208_015132-0022,1,初回,2024-07-11 21:45:21.621000,158.87400,1.00
2024-07-01,2024-07-31,20260208_015132,20260208_015132-0023,1,初回,2024-07-11 21:45:43.858000,159.12800,1.00
2024-07-01,2024-07-31,20260208_015132,20260208_015132-0024,1,初回,2024-07-11 21:45:48.856000,159.28200,1.00
2024-07-01,2024-07-31,20260208_015132,20260208_015132-0025,1,初回,2024-07-11 21:45:56.004000,159.47500,1.00
2024-07-01,2024-07-31,20260208_015132,20260208_015132-0026,1,初回,2024-07-11 21:46:02.781000,159.52300,1.00
2024-07-01,2024-07-31,20260208_015132,20260208_015132-0027,1,初回,2024-07-11 21:46:45.660000,159.64100,1.00
2024-07-01,2024-07-31,20260208_015132,20260208_015132-0028,1,初回,2024-07-11 21:46:54.003000,159.25100,1.00
2024-07-01,2024-07-31,20260208_015132,20260208_015132-0029,1,初回,2024-07-11 21:47:01.399000,159.00700,1.00
2024-07-01,2024-07-31,20260208_015132,20260208_015132-0030,1,初回,2024-07-11 21:47:15.959000,159.05400,1.00
2024-07-01,2024-07-31,20260208_015132,20260208_015132-0031,1,初回,2024-07-11 21:48:14.378000,158.82300,1.00
2024-07-01,2024-07-31,20260208_015132,20260208_015132-0032,1,初回,2024-07-11 21:48:31.218000,158.76600,1.00
2024-07-01,2024-07-31,20260208_015132,20260208_015132-0033,1,初回,2024-07-11 21:49:19.395000,158.71200,1.00
2024-07-01,2024-07-31,20260208_015132,20260208_015132-0034,1,初回,2024-07-11 21:49:25.983000,158.68400,1.00
2024-07-01,2024-07-31,20260208_015132,20260208_015132-0035,1,初回,2024-07-11 21:50:13.137000,158.75400,1.00
2024-07-01,2024-07-31,20260208_015132,20260208_015132-0036,1,初回,2024-07-11 21:50:29.216000,158.51800,1.00
2024-07-01,2024-07-31,20260208_015132,20260208_015132-0037,1,初回,2024-07-11 21:51:06.306000,158.66700,1.00
2024-07-01,2024-07-31,20260208_015132,20260208_015132-0038,1,初回,2024-07-11 21:51:45.054000,158.66700,1.00
2024-07-01,2024-07-31,20260208_015132,20260208_015132-0039,1,初回,2024-07-11 21:52:01.496000,158.97000,1.00
2024-07-01,2024-07-31,20260208_015132,20260208_015132-0040,1,初回,2024-07-11 21:52:09.879000,159.14400,1.00
2024-07-01,2024-07-31,20260208_015132,20260208_015132-0041,1,初回,2024-07-11 21:52:48.996000,158.90000,1.00
2024-07-01,2024-07-31,20260208_015132,20260208_015132-0042,1,初回,2024-07-11 21:53:50.340000,158.69100,1.00
2024-07-01,2024-07-31,20260208_015132,20260208_015132-0043,1,初回,2024-07-11 21:54:00.921000,158.85900,1.00
2024-07-01,2024-07-31,20260208_015132,20260208_015132-0044,1,初回,2024-07-11 21:54:19.055000,158.64400,1.00
2024-07-01,2024-07-31,20260208_015132,20260208_015132-0045,1,初回,2024-07-11 21:55:21.169000,158.92700,1.00
2024-07-01,2024-07-31,20260208_015132,20260208_015132-0046,1,初回,2024-07-11 21:57:52.694000,158.95700,1.00
2024-07-01,2024-07-31,20260208_015132,20260208_015132-0047,1,初回,2024-07-11 21:58:05.138000,158.70500,1.00
2024-07-01,2024-07-31,20260208_015132,20260208_015132-0048,1,初回,2024-07-11 21:58:20.042000,158.69800,1.00
2024-07-01,2024-07-31,20260208_015132,20260208_015132-0049,1,初回,2024-07-11 21:58:44.284000,158.62700,1.00
2024-07-01,2024-07-31,20260208_015132,20260208_015132-0050,1,初回,2024-07-11 22:00:03.693000,158.53000,1.00
2024-07-01,2024-07-31,20260208_015132,20260208_015132-0051,1,初回,2024-07-11 22:00:47.199000,158.41300,1.00
2024-07-01,2024-07-31,20260208_015132,20260208_015132-0052,1,初回,2024-07-11 22:01:21.974000,158.47800,1.00
2024-07-01,2024-07-31,20260208_015132,20260208_015132-0053,1,初回,2024-07-11 22:03:02.457000,158.31100,1.00
2024-07-01,2024-07-31,20260208_015132,20260208_015132-0054,1,初回,2024-07-11 22:05:02.874000,157.83200,1.00
2024-07-01,2024-07-31,20260208_015132,20260208_015132-0055,1,初回,2024-07-11 22:06:55.365000,157.92100,1.00
2024-07-01,2024-07-31,20260208_015132,20260208_015132-0056,1,初回,2024-07-11 22:11:02.679000,157.61800,1.00
2024-07-01,2024-07-31,20260208_015132,20260208_015132-0057,1,初回,2024-07-11 22:14:04.200000,158.19700,1.00
2024-07-01,2024-07-31,20260208_015132,20260208_015132-0058,1,初回,2024-07-11 22:33:40.125000,158.52700,1.00
2024-07-01,2024-07-31,20260208_015132,20260208_015132-0059,1,初回,2024-07-11 22:33:48.685000,158.15200,1.00
2024-07-01,2024-07-31,20260208_015132,20260208_015132-0060,1,初回,2024-07-11 22:33:55.427000,158.07500,1.00
2024-07-01,2024-07-31,20260208_015132,20260208_015132-0061,1,初回,2024-07-11 22:34:05.919000,157.93300,1.00
2024-07-01,2024-07-31,20260208_015132,20260208_015132-0062,1,初回,2024-07-11 22:34:23.739000,158.19200,1.00
2024-07-01,2024-07-31,20260208_015132,20260208_015132-0063,1,初回,2024-07-11 22:35:18.482000,158.57600,1.00
2024-07-01,2024-07-31,20260208_015132,20260208_015132-0064,1,初回,2024-07-12 11:06:08.928000,159.02500,1.00
2024-07-01,2024-07-31,20260208_015132,20260208_015132-0065,1,初回,2024-07-12 21:30:06.177000,158.92100,1.00
2024-07-01,2024-07-31,20260208_015132,20260208_015132-0066,1,初回,2024-07-12 22:08:12.640000,158.40000,1.00
2024-07-01,2024-07-31,20260208_015132,20260208_015132-0067,1,初回,2024-07-12 22:08:21.504000,158.17400,1.00
2024-07-01,2024-07-31,20260208_015132,20260208_015132-0068,1,初回,2024-07-12 22:09:05.028000,158.00000,1.00
2024-07-01,2024-07-31,20260208_015132,20260208_015132-0069,1,初回,2024-07-12 22:09:17.207000,158.10400,1.00
2024-07-01,2024-07-31,20260208_015132,20260208_015132-0070,1,初回,2024-07-12 22:09:26.797000,157.95200,1.00
2024-07-01,2024-07-31,20260208_015132,20260208_015132-0071,1,初回,2024-07-12 22:10:18.209000,157.60900,1.00
2024-07-01,2024-07-31,20260208_015132,20260208_015132-0072,1,初回,2024-07-12 22:10:54.266000,158.08400,1.00
2024-07-01,2024-07-31,20260208_015132,20260208_015132-0073,1,初回,2024-07-12 22:18:43.307000,157.70900,1.00
2024-07-01,2024-07-31,20260208_015132,20260208_015132-0074,1,初回,2024-07-12 22:19:09.716000,157.40400,1.00
2024-07-01,2024-07-31,20260208_015132,20260208_015132-0075,1,初回,2024-07-12 22:31:04.179000,157.92300,1.00
2024-07-01,2024-07-31,20260208_015132,20260208_015132-0076,1,初回,2024-07-12 23:11:36.372000,157.92300,1.00
2024-07-01,2024-07-31,20260208_015132,20260208_015132-0077,1,初回,2024-07-12 23:11:50.174000,157.74900,1.00
2024-07-01,2024-07-31,20260208_015132,20260208_015132-0078,1,初回,2024-07-12 23:12:59.714000,157.54800,1.00
2024-07-01,2024-07-31,20260208_015132,20260208_015132-0079,1,初回,2024-07-12 23:13:07.403000,157.48100,1.00
2024-07-01,2024-07-31,20260208_015132,20260208_015132-0080,1,初回,2024-07-13 00:16:11.094000,157.55200,1.00
2024-07-01,2024-07-31,20260208_015132,20260208_015132-0081,1,初回,2024-07-16 01:41:50.274000,157.61400,1.00
2024-07-01,2024-07-31,20260208_015132,20260208_015132-0082,1,初回,2024-07-16 01:42:04.195000,157.27300,1.00
2024-07-01,2024-07-31,20260208_015132,20260208_015132-0083,1,初回,2024-07-16 01:42:11.909000,157.34100,1.00
2024-07-01,2024-07-31,20260208_015132,20260208_015132-0084,1,初回,2024-07-16 21:30:02.668000,158.42300,1.00
2024-07-01,2024-07-31,20260208_015132,20260208_015132-0085,1,初回,2024-07-18 13:22:52.562000,156.24300,1.00
2024-07-01,2024-07-31,20260208_015132,20260208_015132-0086,1,初回,2024-07-18 14:41:03.694000,155.90500,1.00
2024-07-01,2024-07-31,20260208_015132,20260208_015132-0087,1,初回,2024-07-18 22:57:45.838000,156.64700,1.00
2024-07-01,2024-07-31,20260208_015132,20260208_015132-0088,1,初回,2024-07-19 15:54:58.210000,157.18500,1.00
2024-07-01,2024-07-31,20260208_015132,20260208_015132-0089,1,初回,2024-07-22 15:09:30.523000,156.68100,1.00
2024-07-01,2024-07-31,20260208_015132,20260208_015132-0090,1,初回,2024-07-24 14:08:18.692000,154.41000,1.00
2024-07-01,2024-07-31,20260208_015132,20260208_015132-0091,1,初回,2024-07-24 18:39:47.072000,154.68700,1.00
2024-07-01,2024-07-31,20260208_015132,20260208_015132-0092,1,初回,2024-07-24 18:40:06.149000,154.41800,1.00
2024-07-01,2024-07-31,20260208_015132,20260208_015132-0093,1,初回,2024-07-24 18:40:12.435000,154.30800,1.00
2024-07-01,2024-07-31,20260208_015132,20260208_015132-0094,1,初回,2024-07-24 22:47:56.608000,153.49200,1.00
2024-07-01,2024-07-31,20260208_015132,20260208_015132-0095,1,初回,2024-07-25 21:30:05.748000,152.93400,1.00
2024-07-01,2024-07-31,20260208_015132,20260208_015132-0096,1,初回,2024-07-25 21:30:11.059000,153.23000,1.00
2024-07-01,2024-07-31,20260208_015132,20260208_015132-0097,1,初回,2024-07-25 21:30:28.647000,153.21000,1.00
2024-07-01,2024-07-31,20260208_015132,20260208_015132-0098,1,初回,2024-07-25 22:58:48.616000,153.60900,1.00
2024-07-01,2024-07-31,20260208_015132,20260208_015132-0099,1,初回,2024-07-26 21:29:26.603000,154.50700,1.00
2024-07-01,2024-07-31,20260208_015132,20260208_015132-0100,1,初回,2024-07-26 21:30:00.179000,154.39900,1.00
2024-07-01,2024-07-31,20260208_015132,20260208_015132-0101,1,初回,2024-07-26 21:30:25.670000,154.39100,1.00
2024-07-01,2024-07-31,20260208_015132,20260208_015132-0102,1,初回,2024-07-26 23:18:54.708000,153.54500,1.00
2024-07-01,2024-07-31,20260208_015132,20260208_015132-0103,1,初回,2024-07-26 23:19:02.236000,153.42800,1.00
2024-07-01,2024-07-31,20260208_015132,20260208_015132-0104,1,初回,2024-07-26 23:19:07.339000,153.18300,1.00
2024-07-01,2024-07-31,20260208_015132,20260208_015132-0105,1,初回,2024-07-31 00:04:24.055000,154.24600,1.00
2024-07-01,2024-07-31,20260208_015132,20260208_015132-0106,1,初回,2024-07-31 00:04:37.915000,154.10000,1.00
2024-07-01,2024-07-31,20260208_015132,20260208_015132-0107,1,初回,2024-07-31 00:05:18.969000,154.07500,1.00
2024-07-01,2024-07-31,20260208_015132,20260208_015132-0108,1,初回,2024-07-31 00:06:35.484000,154.13100,1.00
2024-07-01,2024-07-31,20260208_015132,20260208_015132-0109,1,初回,2024-07-31 11:13:34.509000,153.04800,1.00
2024-07-01,2024-07-31,20260208_015132,20260208_015132-0110,1,初回,2024-07-31 12:20:38.415000,152.96500,1.00
2024-07-01,2024-07-31,20260208_015132,20260208_015132-0111,1,初回,2024-07-31 12:46:01.372000,152.34700,1.00
2024-07-01,2024-07-31,20260208_015132,20260208_015132-0112,1,初回,2024-07-31 12:46:31.498000,152.39000,1.00
2024-07-01,2024-07-31,20260208_015132,20260208_015132-0113,1,初回,2024-07-31 12:56:19.466000,152.18100,1.00
2024-07-01,2024-07-31,20260208_015132,20260208_015132-0114,1,初回,2024-07-31 12:56:38.348000,151.70200,1.00
2024-07-01,2024-07-31,20260208_015132,20260208_015132-0115,1,初回,2024-07-31 12:56:45.274000,151.61900,1.00
2024-07-01,2024-07-31,20260208_015132,20260208_015132-0116,1,初回,2024-07-31 12:57:10.766000,152.39800,1.00
2024-07-01,2024-07-31,20260208_015132,20260208_015132-0117,1,初回,2024-07-31 12:57:23.265000,152.62600,1.00
2024-07-01,2024-07-31,20260208_015132,20260208_015132-0118,1,初回,2024-07-31 12:57:35.866000,152.46600,1.00
2024-07-01,2024-07-31,20260208_015132,20260208_015132-0119,1,初回,2024-07-31 12:57:42.952000,152.70500,1.00
2024-07-01,2024-07-31,20260208_015132,20260208_015132-0120,1,初回,2024-07-31 12:58:25.574000,152.91200,1.00
2024-07-01,2024-07-31,20260208_015132,20260208_015132-0121,1,初回,2024-07-31 12:58:41.179000,153.09000,1.00
2024-07-01,2024-07-31,20260208_015132,20260208_015132-0122,1,初回,2024-07-31 12:59:13.919000,153.12500,1.00
2024-07-01,2024-07-31,20260208_015132,20260208_015132-0123,1,初回,2024-07-31 12:59:50.959000,153.72300,1.00
2024-07-01,2024-07-31,20260208_015132,20260208_015132-0124,1,初回,2024-07-31 13:00:20.917000,153.82400,1.00
2024-07-01,2024-07-31,20260208_015132,20260208_015132-0125,1,初回,2024-07-31 13:00:50.015000,153.56200,1.00
2024-07-01,2024-07-31,20260208_015132,20260208_015132-0126,1,初回,2024-07-31 13:01:11.039000,153.34500,1.00
2024-07-01,2024-07-31,20260208_015132,20260208_015132-0127,1,初回,2024-07-31 13:01:56.796000,153.01800,1.00
2024-07-01,2024-07-31,20260208_015132,20260208_015132-0128,1,初回,2024-07-31 13:03:21.891000,153.16000,1.00
2024-07-01,2024-07-31,20260208_015132,20260208_015132-0129,1,初回,2024-07-31 13:13:23.062000,153.06700,1.00
2024-07-01,2024-07-31,20260208_015132,20260208_015132-0130,1,初回,2024-07-31 13:21:12.891000,152.58900,1.00
2024-07-01,2024-07-31,20260208_015132,20260208_015132-0131,1,初回,2024-07-31 15:38:54.995000,152.70000,1.00
2024-07-01,2024-07-31,20260208_015132,20260208_015132-0132,1,初回,2024-07-31 16:48:43.840000,151.27100,1.00
2024-07-01,2024-07-31,20260208_015132,20260208_015132-0133,1,初回,2024-07-31 16:54:14.103000,150.91600,1.00
2024-07-01,2024-07-31,20260208_015132,20260208_015132-0134,1,初回,2024-07-31 21:30:02.613000,149.81600,1.00
2024-07-01,2024-07-31,20260208_015132,20260208_015132-0135,1,初回,2024-07-31 23:00:31.094000,149.69700,1.00
2024-08-01,2024-08-31,20260208_015415,20260208_015415-0001,1,初回,2024-08-01 03:00:03.033000,150.78400,1.00
2024-08-01,2024-08-31,20260208_015415,20260208_015415-0002,1,初回,2024-08-01 20:14:24.639000,150.40400,1.00
2024-08-01,2024-08-31,20260208_015415,20260208_015415-0003,1,初回,2024-08-01 21:30:10.847000,150.32400,1.00
2024-08-01,2024-08-31,20260208_015415,20260208_015415-0004,1,初回,2024-08-01 23:00:02.648000,150.25500,1.00
2024-08-01,2024-08-31,20260208_015415,20260208_015415-0005,1,初回,2024-08-02 21:30:02.933000,148.51700,1.00
2024-08-01,2024-08-31,20260208_015415,20260208_015415-0006,1,初回,2024-08-02 21:30:10.289000,148.30300,1.00
2024-08-01,2024-08-31,20260208_015415,20260208_015415-0007,1,初回,2024-08-02 21:30:26.359000,147.90100,1.00
2024-08-01,2024-08-31,20260208_015415,20260208_015415-0008,1,初回,2024-08-02 21:30:34.953000,147.74300,1.00
2024-08-01,2024-08-31,20260208_015415,20260208_015415-0009,1,初回,2024-08-02 21:34:14.880000,147.25800,1.00
2024-08-01,2024-08-31,20260208_015415,20260208_015415-0010,1,初回,2024-08-02 23:04:39.938000,146.91600,1.00
2024-08-01,2024-08-31,20260208_015415,20260208_015415-0011,1,初回,2024-08-03 01:02:44.334000,147.26800,1.00
2024-08-01,2024-08-31,20260208_015415,20260208_015415-0012,1,初回,2024-08-05 12:12:07.900000,144.67900,1.00
2024-08-01,2024-08-31,20260208_015415,20260208_015415-0013,1,初回,2024-08-05 13:08:12.161000,143.94900,1.00
2024-08-01,2024-08-31,20260208_015415,20260208_015415-0014,1,初回,2024-08-05 13:21:02.510000,143.56200,1.00
2024-08-01,2024-08-31,20260208_015415,20260208_015415-0015,1,初回,2024-08-05 13:22:16.118000,143.38000,1.00
2024-08-01,2024-08-31,20260208_015415,20260208_015415-0016,1,初回,2024-08-05 13:26:19.760000,143.09700,1.00
2024-08-01,2024-08-31,20260208_015415,20260208_015415-0017,1,初回,2024-08-05 13:26:41.906000,142.81300,1.00
2024-08-01,2024-08-31,20260208_015415,20260208_015415-0018,1,初回,2024-08-05 13:26:50.624000,142.24400,1.00
2024-08-01,2024-08-31,20260208_015415,20260208_015415-0019,1,初回,2024-08-05 13:27:03.522000,142.62600,1.00
2024-08-01,2024-08-31,20260208_015415,20260208_015415-0020,1,初回,2024-08-05 13:27:20.592000,142.80600,1.00
2024-08-01,2024-08-31,20260208_015415,20260208_015415-0021,1,初回,2024-08-05 13:28:29.422000,143.10400,1.00
2024-08-01,2024-08-31,20260208_015415,20260208_015415-0022,1,初回,2024-08-05 13:28:35.865000,143.13900,1.00
2024-08-01,2024-08-31,20260208_015415,20260208_015415-0023,1,初回,2024-08-05 13:30:08.291000,143.16700,1.00
2024-08-01,2024-08-31,20260208_015415,20260208_015415-0024,1,初回,2024-08-05 13:33:58.152000,143.02200,1.00
2024-08-01,2024-08-31,20260208_015415,20260208_015415-0025,1,初回,2024-08-05 13:34:30.395000,142.90000,1.00
2024-08-01,2024-08-31,20260208_015415,20260208_015415-0026,1,初回,2024-08-05 13:46:57.889000,143.06700,1.00
2024-08-01,2024-08-31,20260208_015415,20260208_015415-0027,1,初回,2024-08-05 13:47:24.301000,142.99700,1.00
2024-08-01,2024-08-31,20260208_015415,20260208_015415-0028,1,初回,2024-08-05 13:56:25.279000,143.42200,1.00
2024-08-01,2024-08-31,20260208_015415,20260208_015415-0029,1,初回,2024-08-05 13:56:44.535000,143.66100,1.00
2024-08-01,2024-08-31,20260208_015415,20260208_015415-0030,1,初回,2024-08-05 14:19:34.696000,143.17700,1.00
2024-08-01,2024-08-31,20260208_015415,20260208_015415-0031,1,初回,2024-08-05 14:22:48.061000,142.94200,1.00
2024-08-01,2024-08-31,20260208_015415,20260208_015415-0032,1,初回,2024-08-05 14:44:40.444000,142.85200,1.00
2024-08-01,2024-08-31,20260208_015415,20260208_015415-0033,1,初回,2024-08-05 15:03:40.905000,142.03100,1.00
2024-08-01,2024-08-31,20260208_015415,20260208_015415-0034,1,初回,2024-08-05 15:05:07.459000,142.02700,1.00
2024-08-01,2024-08-31,20260208_015415,20260208_015415-0035,1,初回,2024-08-05 15:05:18.649000,142.00100,1.00
2024-08-01,2024-08-31,20260208_015415,20260208_015415-0036,1,初回,2024-08-05 15:08:28.051000,141.80000,1.00
2024-08-01,2024-08-31,20260208_015415,20260208_015415-0037,1,初回,2024-08-05 15:09:08.315000,141.90500,1.00
2024-08-01,2024-08-31,20260208_015415,20260208_015415-0038,1,初回,2024-08-05 15:09:56.005000,142.09100,1.00
2024-08-01,2024-08-31,20260208_015415,20260208_015415-0039,1,初回,2024-08-05 15:10:27.690000,142.40000,1.00
2024-08-01,2024-08-31,20260208_015415,20260208_015415-0040,1,初回,2024-08-05 15:10:31.670000,142.62000,1.00
2024-08-01,2024-08-31,20260208_015415,20260208_015415-0041,1,初回,2024-08-05 15:12:08.786000,142.42100,1.00
2024-08-01,2024-08-31,20260208_015415,20260208_015415-0042,1,初回,2024-08-05 15:30:06.074000,142.64700,1.00
2024-08-01,2024-08-31,20260208_015415,20260208_015415-0043,1,初回,2024-08-05 15:33:56.647000,142.47300,1.00
2024-08-01,2024-08-31,20260208_015415,20260208_015415-0044,1,初回,2024-08-05 15:40:42.332000,142.98600,1.00
2024-08-01,2024-08-31,20260208_015415,20260208_015415-0045,1,初回,2024-08-05 16:23:10.850000,143.13100,1.00
2024-08-01,2024-08-31,20260208_015415,20260208_015415-0046,1,初回,2024-08-05 16:52:03.132000,143.83900,1.00
2024-08-01,2024-08-31,20260208_015415,20260208_015415-0047,1,初回,2024-08-05 17:04:10.750000,143.10600,1.00
2024-08-01,2024-08-31,20260208_015415,20260208_015415-0048,1,初回,2024-08-05 17:49:36.877000,142.10300,1.00
2024-08-01,2024-08-31,20260208_015415,20260208_015415-0049,1,初回,2024-08-05 18:23:40.930000,141.89900,1.00
2024-08-01,2024-08-31,20260208_015415,20260208_015415-0050,1,初回,2024-08-05 18:26:46.540000,141.88400,1.00
2024-08-01,2024-08-31,20260208_015415,20260208_015415-0051,1,初回,2024-08-05 19:09:20.912000,142.02100,1.00
2024-08-01,2024-08-31,20260208_015415,20260208_015415-0052,1,初回,2024-08-05 22:55:38.755000,142.75100,1.00
2024-08-01,2024-08-31,20260208_015415,20260208_015415-0053,1,初回,2024-08-05 23:00:02.391000,142.89000,1.00
2024-08-01,2024-08-31,20260208_015415,20260208_015415-0054,1,初回,2024-08-05 23:00:07.636000,143.46300,1.00
2024-08-01,2024-08-31,20260208_015415,20260208_015415-0055,1,初回,2024-08-05 23:00:23.425000,143.62300,1.00
2024-08-01,2024-08-31,20260208_015415,20260208_015415-0056,1,初回,2024-08-05 23:00:30.596000,143.74000,1.00
2024-08-01,2024-08-31,20260208_015415,20260208_015415-0057,1,初回,2024-08-05 23:01:43.311000,143.66100,1.00
2024-08-01,2024-08-31,20260208_015415,20260208_015415-0058,1,初回,2024-08-05 23:06:50.939000,143.30700,1.00
2024-08-01,2024-08-31,20260208_015415,20260208_015415-0059,1,初回,2024-08-05 23:13:52.322000,143.19200,1.00
2024-08-01,2024-08-31,20260208_015415,20260208_015415-0060,1,初回,2024-08-06 00:07:17.843000,142.80400,1.00
2024-08-01,2024-08-31,20260208_015415,20260208_015415-0061,1,初回,2024-08-06 00:46:35.462000,143.67600,1.00
2024-08-01,2024-08-31,20260208_015415,20260208_015415-0062,1,初回,2024-08-06 01:03:25.567000,144.03500,1.00
2024-08-01,2024-08-31,20260208_015415,20260208_015415-0063,1,初回,2024-08-06 01:22:39.736000,144.29100,1.00
2024-08-01,2024-08-31,20260208_015415,20260208_015415-0064,1,初回,2024-08-06 02:58:57.370000,143.94600,1.00
2024-08-01,2024-08-31,20260208_015415,20260208_015415-0065,1,初回,2024-08-06 11:41:26.664000,145.20800,1.00
2024-08-01,2024-08-31,20260208_015415,20260208_015415-0066,1,初回,2024-08-06 13:31:47.126000,145.44800,1.00
2024-08-01,2024-08-31,20260208_015415,20260208_015415-0067,1,初回,2024-08-06 14:40:19.367000,146.09200,1.00
2024-08-01,2024-08-31,20260208_015415,20260208_015415-0068,1,初回,2024-08-06 15:16:28.846000,145.97500,1.00
2024-08-01,2024-08-31,20260208_015415,20260208_015415-0069,1,初回,2024-08-06 15:41:28.275000,145.63800,1.00
2024-08-01,2024-08-31,20260208_015415,20260208_015415-0070,1,初回,2024-08-06 17:18:07.451000,144.67300,1.00
2024-08-01,2024-08-31,20260208_015415,20260208_015415-0071,1,初回,2024-08-06 22:21:25.012000,144.21900,1.00
2024-08-01,2024-08-31,20260208_015415,20260208_015415-0072,1,初回,2024-08-07 11:00:02.461000,146.79800,1.00
2024-08-01,2024-08-31,20260208_015415,20260208_015415-0073,1,初回,2024-08-07 11:02:36.246000,146.41200,1.00
2024-08-01,2024-08-31,20260208_015415,20260208_015415-0074,1,初回,2024-08-07 11:17:25.430000,146.38900,1.00
2024-08-01,2024-08-31,20260208_015415,20260208_015415-0075,1,初回,2024-08-07 13:32:53.980000,147.79200,1.00
2024-08-01,2024-08-31,20260208_015415,20260208_015415-0076,1,初回,2024-08-07 14:41:14.169000,147.25700,1.00
2024-08-01,2024-08-31,20260208_015415,20260208_015415-0077,1,初回,2024-08-07 14:56:09.537000,146.93800,1.00
2024-08-01,2024-08-31,20260208_015415,20260208_015415-0078,1,初回,2024-08-08 02:02:04.388000,147.33400,1.00
2024-08-01,2024-08-31,20260208_015415,20260208_015415-0079,1,初回,2024-08-08 03:18:06.869000,146.75800,1.00
2024-08-01,2024-08-31,20260208_015415,20260208_015415-0080,1,初回,2024-08-08 16:39:45.991000,145.81700,1.00
2024-08-01,2024-08-31,20260208_015415,20260208_015415-0081,1,初回,2024-08-08 21:30:02.655000,146.35100,1.00
2024-08-01,2024-08-31,20260208_015415,20260208_015415-0082,1,初回,2024-08-08 21:30:24.983000,146.46600,1.00
2024-08-01,2024-08-31,20260208_015415,20260208_015415-0083,1,初回,2024-08-08 21:30:31.225000,146.64500,1.00
2024-08-01,2024-08-31,20260208_015415,20260208_015415-0084,1,初回,2024-08-08 21:30:42.071000,146.81400,1.00
2024-08-01,2024-08-31,20260208_015415,20260208_015415-0085,1,初回,2024-08-08 21:30:46.380000,146.88600,1.00
2024-08-01,2024-08-31,20260208_015415,20260208_015415-0086,1,初回,2024-08-13 21:30:05.505000,147.12700,1.00
2024-08-01,2024-08-31,20260208_015415,20260208_015415-0087,1,初回,2024-08-13 22:14:40.480000,147.11400,1.00
2024-08-01,2024-08-31,20260208_015415,20260208_015415-0088,1,初回,2024-08-14 21:30:08.123000,146.65300,1.00
2024-08-01,2024-08-31,20260208_015415,20260208_015415-0089,1,初回,2024-08-14 21:30:37.012000,147.07700,1.00
2024-08-01,2024-08-31,20260208_015415,20260208_015415-0090,1,初回,2024-08-14 21:30:52.841000,147.23200,1.00
2024-08-01,2024-08-31,20260208_015415,20260208_015415-0091,1,初回,2024-08-15 21:30:06.269000,147.80000,1.00
2024-08-01,2024-08-31,20260208_015415,20260208_015415-0092,1,初回,2024-08-15 21:30:40.268000,148.13100,1.00
2024-08-01,2024-08-31,20260208_015415,20260208_015415-0093,1,初回,2024-08-16 23:00:03.231000,147.87000,1.00
2024-08-01,2024-08-31,20260208_015415,20260208_015415-0094,1,初回,2024-08-19 23:10:40.191000,146.64900,1.00
2024-08-01,2024-08-31,20260208_015415,20260208_015415-0095,1,初回,2024-08-21 23:00:36.554000,146.38300,1.00
2024-08-01,2024-08-31,20260208_015415,20260208_015415-0096,1,初回,2024-08-21 23:03:18.420000,146.08700,1.00
2024-08-01,2024-08-31,20260208_015415,20260208_015415-0097,1,初回,2024-08-21 23:03:37.091000,145.95200,1.00
2024-08-01,2024-08-31,20260208_015415,20260208_015415-0098,1,初回,2024-08-21 23:09:12.937000,146.27300,1.00
2024-08-01,2024-08-31,20260208_015415,20260208_015415-0099,1,初回,2024-08-21 23:09:30.310000,146.32500,1.00
2024-08-01,2024-08-31,20260208_015415,20260208_015415-0100,1,初回,2024-08-21 23:32:25.569000,145.55900,1.00
2024-08-01,2024-08-31,20260208_015415,20260208_015415-0101,1,初回,2024-08-21 23:33:30.493000,145.80000,1.00
2024-08-01,2024-08-31,20260208_015415,20260208_015415-0102,1,初回,2024-08-22 03:00:05.758000,144.86500,1.00
2024-08-01,2024-08-31,20260208_015415,20260208_015415-0103,1,初回,2024-08-22 21:30:01.337000,146.02400,1.00
2024-08-01,2024-08-31,20260208_015415,20260208_015415-0104,1,初回,2024-08-22 22:45:02.647000,146.44500,1.00
2024-08-01,2024-08-31,20260208_015415,20260208_015415-0105,1,初回,2024-08-23 23:00:17.153000,145.88500,1.00
2024-08-01,2024-08-31,20260208_015415,20260208_015415-0106,1,初回,2024-08-23 23:02:32.473000,145.81000,1.00
2024-08-01,2024-08-31,20260208_015415,20260208_015415-0107,1,初回,2024-08-23 23:04:09.904000,145.59300,1.00
2024-08-01,2024-08-31,20260208_015415,20260208_015415-0108,1,初回,2024-08-23 23:10:20.644000,145.21000,1.00
2024-08-01,2024-08-31,20260208_015415,20260208_015415-0109,1,初回,2024-08-26 21:32:40.570000,144.32700,1.00
2024-08-01,2024-08-31,20260208_015415,20260208_015415-0110,1,初回,2024-08-29 21:30:02.151000,144.63200,1.00
2024-08-01,2024-08-31,20260208_015415,20260208_015415-0111,1,初回,2024-08-29 21:30:18.600000,144.99800,1.00
2024-08-01,2024-08-31,20260208_015415,20260208_015415-0112,1,初回,2024-08-29 21:31:02.309000,145.24800,1.00
2024-08-01,2024-08-31,20260208_015415,20260208_015415-0113,1,初回,2024-08-30 21:30:07.245000,145.45400,1.00
2024-09-01,2024-09-30,20260208_015637,20260208_015637-0001,1,初回,2024-09-03 23:00:01.585000,145.16500,1.00
2024-09-01,2024-09-30,20260208_015637,20260208_015637-0002,1,初回,2024-09-03 23:00:09.425000,145.52500,1.00
2024-09-01,2024-09-30,20260208_015637,20260208_015637-0003,1,初回,2024-09-03 23:00:14.692000,145.53600,1.00
2024-09-01,2024-09-30,20260208_015637,20260208_015637-0004,1,初回,2024-09-04 23:00:03.350000,144.55800,1.00
2024-09-01,2024-09-30,20260208_015637,20260208_015637-0005,1,初回,2024-09-04 23:00:13.985000,144.30300,1.00
2024-09-01,2024-09-30,20260208_015637,20260208_015637-0006,1,初回,2024-09-04 23:01:03.853000,144.17600,1.00
2024-09-01,2024-09-30,20260208_015637,20260208_015637-0007,1,初回,2024-09-05 21:15:04.132000,143.25900,1.00
2024-09-01,2024-09-30,20260208_015637,20260208_015637-0008,1,初回,2024-09-05 21:30:04.809000,143.16000,1.00
2024-09-01,2024-09-30,20260208_015637,20260208_015637-0009,1,初回,2024-09-05 21:30:13.465000,143.21400,1.00
2024-09-01,2024-09-30,20260208_015637,20260208_015637-0010,1,初回,2024-09-05 23:00:04.099000,143.32800,1.00
2024-09-01,2024-09-30,20260208_015637,20260208_015637-0011,1,初回,2024-09-06 21:30:33.923000,143.26600,1.00
2024-09-01,2024-09-30,20260208_015637,20260208_015637-0012,1,初回,2024-09-06 21:30:40.093000,143.11500,1.00
2024-09-01,2024-09-30,20260208_015637,20260208_015637-0013,1,初回,2024-09-06 21:30:46.593000,142.73800,1.00
2024-09-01,2024-09-30,20260208_015637,20260208_015637-0014,1,初回,2024-09-06 21:30:54.356000,142.56500,1.00
2024-09-01,2024-09-30,20260208_015637,20260208_015637-0015,1,初回,2024-09-06 21:31:24.398000,142.52500,1.00
2024-09-01,2024-09-30,20260208_015637,20260208_015637-0016,1,初回,2024-09-06 21:31:32.484000,142.39300,1.00
2024-09-01,2024-09-30,20260208_015637,20260208_015637-0017,1,初回,2024-09-06 21:32:17.748000,142.04200,1.00
2024-09-01,2024-09-30,20260208_015637,20260208_015637-0018,1,初回,2024-09-07 00:00:13.976000,142.06400,1.00
2024-09-01,2024-09-30,20260208_015637,20260208_015637-0019,1,初回,2024-09-07 00:00:18.439000,141.98100,1.00
2024-09-01,2024-09-30,20260208_015637,20260208_015637-0020,1,初回,2024-09-07 00:01:17.153000,142.10800,1.00
2024-09-01,2024-09-30,20260208_015637,20260208_015637-0021,1,初回,2024-09-11 21:30:04.971000,142.17900,1.00
2024-09-01,2024-09-30,20260208_015637,20260208_015637-0022,1,初回,2024-09-11 21:30:20.985000,142.22400,1.00
2024-09-01,2024-09-30,20260208_015637,20260208_015637-0023,1,初回,2024-09-12 14:48:14.549000,142.66700,1.00
2024-09-01,2024-09-30,20260208_015637,20260208_015637-0024,1,初回,2024-09-12 21:30:01.457000,142.20400,1.00
2024-09-01,2024-09-30,20260208_015637,20260208_015637-0025,1,初回,2024-09-12 21:30:13.821000,142.51400,1.00
2024-09-01,2024-09-30,20260208_015637,20260208_015637-0026,1,初回,2024-09-14 01:25:40.027000,140.67100,1.00
2024-09-01,2024-09-30,20260208_015637,20260208_015637-0027,1,初回,2024-09-17 21:30:03.172000,140.95100,1.00
2024-09-01,2024-09-30,20260208_015637,20260208_015637-0028,1,初回,2024-09-19 03:00:11.122000,141.16100,1.00
2024-09-01,2024-09-30,20260208_015637,20260208_015637-0029,1,初回,2024-09-19 03:00:21.570000,140.96900,1.00
2024-09-01,2024-09-30,20260208_015637,20260208_015637-0030,1,初回,2024-09-19 03:01:02.278000,141.07000,1.00
2024-09-01,2024-09-30,20260208_015637,20260208_015637-0031,1,初回,2024-09-19 03:01:21.088000,141.13800,1.00
2024-09-01,2024-09-30,20260208_015637,20260208_015637-0032,1,初回,2024-09-19 03:01:30.949000,141.28200,1.00
2024-09-01,2024-09-30,20260208_015637,20260208_015637-0033,1,初回,2024-09-19 03:01:39.870000,141.34200,1.00
2024-09-01,2024-09-30,20260208_015637,20260208_015637-0034,1,初回,2024-09-19 03:02:05.482000,141.57800,1.00
2024-09-01,2024-09-30,20260208_015637,20260208_015637-0035,1,初回,2024-09-19 03:02:27.026000,141.27400,1.00
2024-09-01,2024-09-30,20260208_015637,20260208_015637-0036,1,初回,2024-09-19 03:03:51.310000,141.07800,1.00
2024-09-01,2024-09-30,20260208_015637,20260208_015637-0037,1,初回,2024-09-19 03:30:39.908000,140.72200,1.00
2024-09-01,2024-09-30,20260208_015637,20260208_015637-0038,1,初回,2024-09-19 03:35:52.362000,140.78700,1.00
2024-09-01,2024-09-30,20260208_015637,20260208_015637-0039,1,初回,2024-09-19 03:40:25.926000,140.70300,1.00
2024-09-01,2024-09-30,20260208_015637,20260208_015637-0040,1,初回,2024-09-19 03:47:48.755000,141.16200,1.00
2024-09-01,2024-09-30,20260208_015637,20260208_015637-0041,1,初回,2024-09-19 15:55:42.297000,142.19200,1.00
2024-09-01,2024-09-30,20260208_015637,20260208_015637-0042,1,初回,2024-09-19 21:30:02.934000,143.03000,1.00
2024-09-01,2024-09-30,20260208_015637,20260208_015637-0043,1,初回,2024-09-19 21:30:28.386000,143.21400,1.00
2024-09-01,2024-09-30,20260208_015637,20260208_015637-0044,1,初回,2024-09-20 11:52:09.926000,142.76000,1.00
2024-09-01,2024-09-30,20260208_015637,20260208_015637-0045,1,初回,2024-09-20 15:35:25.938000,142.06300,1.00
2024-09-01,2024-09-30,20260208_015637,20260208_015637-0046,1,初回,2024-09-20 15:37:09.898000,142.53700,1.00
2024-09-01,2024-09-30,20260208_015637,20260208_015637-0047,1,初回,2024-09-23 16:15:02.061000,143.72700,1.00
2024-09-01,2024-09-30,20260208_015637,20260208_015637-0048,1,初回,2024-09-23 22:45:01.565000,143.55800,1.00
2024-09-01,2024-09-30,20260208_015637,20260208_015637-0049,1,初回,2024-09-24 23:00:03.070000,143.99200,1.00
2024-09-01,2024-09-30,20260208_015637,20260208_015637-0050,1,初回,2024-09-26 21:30:02.929000,144.35200,1.00
2024-09-01,2024-09-30,20260208_015637,20260208_015637-0051,1,初回,2024-09-26 21:30:18.810000,144.50300,1.00
2024-09-01,2024-09-30,20260208_015637,20260208_015637-0052,1,初回,2024-09-27 14:11:02.404000,145.83900,1.00
2024-09-01,2024-09-30,20260208_015637,20260208_015637-0053,1,初回,2024-09-27 15:23:22.340000,144.26800,1.00
2024-09-01,2024-09-30,20260208_015637,20260208_015637-0054,1,初回,2024-09-27 15:23:33.740000,143.57600,1.00
2024-09-01,2024-09-30,20260208_015637,20260208_015637-0055,1,初回,2024-09-27 15:23:40.435000,143.85000,1.00
2024-09-01,2024-09-30,20260208_015637,20260208_015637-0056,1,初回,2024-09-27 15:23:48.839000,143.75100,1.00
2024-09-01,2024-09-30,20260208_015637,20260208_015637-0057,1,初回,2024-09-27 15:23:54.055000,143.66900,1.00
2024-09-01,2024-09-30,20260208_015637,20260208_015637-0058,1,初回,2024-09-27 15:24:17.213000,144.16500,1.00
2024-09-01,2024-09-30,20260208_015637,20260208_015637-0059,1,初回,2024-09-27 15:24:27.061000,144.02700,1.00
2024-09-01,2024-09-30,20260208_015637,20260208_015637-0060,1,初回,2024-09-27 15:24:45.006000,144.09000,1.00
2024-09-01,2024-09-30,20260208_015637,20260208_015637-0061,1,初回,2024-09-27 15:25:20.153000,143.93700,1.00
2024-09-01,2024-09-30,20260208_015637,20260208_015637-0062,1,初回,2024-09-27 15:25:34.596000,143.62200,1.00
2024-09-01,2024-09-30,20260208_015637,20260208_015637-0063,1,初回,2024-09-27 15:26:39.441000,144.00300,1.00
2024-09-01,2024-09-30,20260208_015637,20260208_015637-0064,1,初回,2024-09-27 15:31:02.814000,143.45100,1.00
2024-09-01,2024-09-30,20260208_015637,20260208_015637-0065,1,初回,2024-09-27 15:32:14.625000,143.45200,1.00
2024-09-01,2024-09-30,20260208_015637,20260208_015637-0066,1,初回,2024-09-27 15:35:24.103000,143.34300,1.00
2024-09-01,2024-09-30,20260208_015637,20260208_015637-0067,1,初回,2024-09-27 15:36:39.313000,143.75200,1.00
2024-09-01,2024-09-30,20260208_015637,20260208_015637-0068,1,初回,2024-09-27 15:41:09.793000,143.61900,1.00
2024-09-01,2024-09-30,20260208_015637,20260208_015637-0069,1,初回,2024-09-27 16:23:03.825000,142.91600,1.00
2024-09-01,2024-09-30,20260208_015637,20260208_015637-0070,1,初回,2024-09-27 18:06:54.606000,143.32000,1.00
2024-09-01,2024-09-30,20260208_015637,20260208_015637-0071,1,初回,2024-09-27 21:30:09.399000,142.96700,1.00
2024-09-01,2024-09-30,20260208_015637,20260208_015637-0072,1,初回,2024-09-27 21:30:22.945000,142.75800,1.00
2024-09-01,2024-09-30,20260208_015637,20260208_015637-0073,1,初回,2024-09-27 21:30:38.598000,142.64500,1.00
2024-09-01,2024-09-30,20260208_015637,20260208_015637-0074,1,初回,2024-09-27 23:00:32.453000,142.42400,1.00
2024-09-01,2024-09-30,20260208_015637,20260208_015637-0075,1,初回,2024-09-27 23:25:18.769000,142.83200,1.00
2024-10-01,2024-10-31,20260208_015838,20260208_015838-0001,1,初回,2024-10-01 01:22:51.558000,143.20900,1.00
2024-10-01,2024-10-31,20260208_015838,20260208_015838-0002,1,初回,2024-10-01 23:00:04.070000,143.81200,1.00
2024-10-01,2024-10-31,20260208_015838,20260208_015838-0003,1,初回,2024-10-02 13:56:02.662000,143.73800,1.00
2024-10-01,2024-10-31,20260208_015838,20260208_015838-0004,1,初回,2024-10-02 21:15:04.742000,144.90100,1.00
2024-10-01,2024-10-31,20260208_015838,20260208_015838-0005,1,初回,2024-10-03 21:30:02.312000,146.56200,1.00
2024-10-01,2024-10-31,20260208_015838,20260208_015838-0006,1,初回,2024-10-03 21:30:23.393000,146.84100,1.00
2024-10-01,2024-10-31,20260208_015838,20260208_015838-0007,1,初回,2024-10-03 23:00:02.426000,146.98400,1.00
2024-10-01,2024-10-31,20260208_015838,20260208_015838-0008,1,初回,2024-10-04 21:30:05.189000,147.22900,1.00
2024-10-01,2024-10-31,20260208_015838,20260208_015838-0009,1,初回,2024-10-04 21:30:06.982000,147.25500,1.00
2024-10-01,2024-10-31,20260208_015838,20260208_015838-0010,1,初回,2024-10-04 21:30:18.216000,147.61300,1.00
2024-10-01,2024-10-31,20260208_015838,20260208_015838-0011,1,初回,2024-10-04 21:30:31.959000,147.83300,1.00
2024-10-01,2024-10-31,20260208_015838,20260208_015838-0012,1,初回,2024-10-04 21:32:23.568000,148.36300,1.00
2024-10-01,2024-10-31,20260208_015838,20260208_015838-0013,1,初回,2024-10-04 23:33:47.024000,148.43400,1.00
2024-10-01,2024-10-31,20260208_015838,20260208_015838-0014,1,初回,2024-10-10 21:30:12.297000,148.52400,1.00
2024-10-01,2024-10-31,20260208_015838,20260208_015838-0015,1,初回,2024-10-10 21:31:01.685000,148.72200,1.00
2024-10-01,2024-10-31,20260208_015838,20260208_015838-0016,1,初回,2024-10-10 21:31:12.083000,148.60100,1.00
2024-10-01,2024-10-31,20260208_015838,20260208_015838-0017,1,初回,2024-10-10 23:12:21.401000,148.57000,1.00
2024-10-01,2024-10-31,20260208_015838,20260208_015838-0018,1,初回,2024-10-11 21:30:04.026000,148.83100,1.00
2024-10-01,2024-10-31,20260208_015838,20260208_015838-0019,1,初回,2024-10-15 21:30:07.230000,149.17200,1.00
2024-10-01,2024-10-31,20260208_015838,20260208_015838-0020,1,初回,2024-10-17 21:30:03.366000,149.86400,1.00
2024-10-01,2024-10-31,20260208_015838,20260208_015838-0021,1,初回,2024-10-24 21:30:02.008000,152.06200,1.00
2024-10-01,2024-10-31,20260208_015838,20260208_015838-0022,1,初回,2024-10-24 21:30:06.257000,152.26600,1.00
2024-10-01,2024-10-31,20260208_015838,20260208_015838-0023,1,初回,2024-10-24 22:45:01.656000,152.30200,1.00
2024-10-01,2024-10-31,20260208_015838,20260208_015838-0024,1,初回,2024-10-29 23:00:05.527000,153.05700,1.00
2024-10-01,2024-10-31,20260208_015838,20260208_015838-0025,1,初回,2024-10-29 23:00:39.107000,153.32400,1.00
2024-10-01,2024-10-31,20260208_015838,20260208_015838-0026,1,初回,2024-10-30 21:15:03.614000,153.33600,1.00
2024-10-01,2024-10-31,20260208_015838,20260208_015838-0027,1,初回,2024-10-31 21:30:03.878000,152.65800,1.00
2024-11-01,2024-11-30,20260208_020059,20260208_020059-0001,1,初回,2024-11-01 21:30:15.830000,152.06400,1.00
2024-11-01,2024-11-30,20260208_020059,20260208_020059-0002,1,初回,2024-11-01 21:30:22.460000,152.07000,1.00
2024-11-01,2024-11-30,20260208_020059,20260208_020059-0003,1,初回,2024-11-01 23:00:01.386000,152.32100,1.00
2024-11-01,2024-11-30,20260208_020059,20260208_020059-0004,1,初回,2024-11-06 00:00:02.428000,152.12900,1.00
2024-11-01,2024-11-30,20260208_020059,20260208_020059-0005,1,初回,2024-11-06 12:10:37.359000,153.75900,1.00
2024-11-01,2024-11-30,20260208_020059,20260208_020059-0006,1,初回,2024-11-06 12:10:43.150000,153.64300,1.00
2024-11-01,2024-11-30,20260208_020059,20260208_020059-0007,1,初回,2024-11-08 04:00:08.020000,153.05700,1.00
2024-11-01,2024-11-30,20260208_020059,20260208_020059-0008,1,初回,2024-11-13 22:30:04.590000,154.64400,1.00
2024-11-01,2024-11-30,20260208_020059,20260208_020059-0009,1,初回,2024-11-13 22:30:20.023000,154.65000,1.00
2024-11-01,2024-11-30,20260208_020059,20260208_020059-0010,1,初回,2024-11-14 22:30:07.555000,155.90100,1.00
2024-11-01,2024-11-30,20260208_020059,20260208_020059-0011,1,初回,2024-11-15 22:30:05.781000,155.54700,1.00
2024-11-01,2024-11-30,20260208_020059,20260208_020059-0012,1,初回,2024-11-21 03:21:36.547000,155.41800,1.00
2024-11-01,2024-11-30,20260208_020059,20260208_020059-0013,1,初回,2024-11-21 15:13:17.477000,154.63900,1.00
2024-11-01,2024-11-30,20260208_020059,20260208_020059-0014,1,初回,2024-11-21 22:30:04.949000,154.62800,1.00
2024-11-01,2024-11-30,20260208_020059,20260208_020059-0015,1,初回,2024-11-22 23:45:01.558000,154.84500,1.00
2024-11-01,2024-11-30,20260208_020059,20260208_020059-0016,1,初回,2024-11-27 00:00:03.215000,153.38900,1.00
2024-11-01,2024-11-30,20260208_020059,20260208_020059-0017,1,初回,2024-11-30 02:04:50.676000,150.18200,1.00
2024-12-01,2024-12-31,20260208_020249,20260208_020249-0001,1,初回,2024-12-04 00:00:04.624000,149.02200,1.00
2024-12-01,2024-12-31,20260208_020249,20260208_020249-0002,1,初回,2024-12-04 22:41:13.723000,150.97000,1.00
2024-12-01,2024-12-31,20260208_020249,20260208_020249-0003,1,初回,2024-12-05 00:00:04.038000,150.60700,1.00
2024-12-01,2024-12-31,20260208_020249,20260208_020249-0004,1,初回,2024-12-05 22:30:01.779000,150.29200,1.00
2024-12-01,2024-12-31,20260208_020249,20260208_020249-0005,1,初回,2024-12-06 22:30:13.174000,150.14100,1.00
2024-12-01,2024-12-31,20260208_020249,20260208_020249-0006,1,初回,2024-12-11 18:11:11.872000,151.41900,1.00
2024-12-01,2024-12-31,20260208_020249,20260208_020249-0007,1,初回,2024-12-11 18:11:19.105000,151.21700,1.00
2024-12-01,2024-12-31,20260208_020249,20260208_020249-0008,1,初回,2024-12-11 22:30:23.695000,152.47100,1.00
2024-12-01,2024-12-31,20260208_020249,20260208_020249-0009,1,初回,2024-12-12 22:30:01.551000,152.13800,1.00
2024-12-01,2024-12-31,20260208_020249,20260208_020249-0010,1,初回,2024-12-16 23:45:01.463000,154.26000,1.00
2024-12-01,2024-12-31,20260208_020249,20260208_020249-0011,1,初回,2024-12-19 04:00:04.001000,154.14200,1.00
2024-12-01,2024-12-31,20260208_020249,20260208_020249-0012,1,初回,2024-12-19 04:00:11.113000,154.14200,1.00
2024-12-01,2024-12-31,20260208_020249,20260208_020249-0013,1,初回,2024-12-19 11:52:07.643000,154.79100,1.00
2024-12-01,2024-12-31,20260208_020249,20260208_020249-0014,1,初回,2024-12-19 15:33:31.305000,154.98800,1.00
2024-12-01,2024-12-31,20260208_020249,20260208_020249-0015,1,初回,2024-12-19 22:30:07.709000,156.94700,1.00
2024-12-01,2024-12-31,20260208_020249,20260208_020249-0016,1,初回,2024-12-20 22:30:10.107000,156.54300,1.00
2024-12-01,2024-12-31,20260208_020249,20260208_020249-0017,1,初回,2024-12-27 11:31:59.647000,157.66000,1.00
2025-01-01,2025-01-31,20260208_020437,20260208_020437-0001,1,初回,2025-01-04 00:00:01.293000,157.28900,1.00
2025-01-01,2025-01-31,20260208_020437,20260208_020437-0002,1,初回,2025-01-08 00:00:03.384000,158.10400,1.00
2025-01-01,2025-01-31,20260208_020437,20260208_020437-0003,1,初回,2025-01-08 22:15:05.379000,158.25900,1.00
2025-01-01,2025-01-31,20260208_020437,20260208_020437-0004,1,初回,2025-01-08 22:29:49.296000,158.35600,1.00
2025-01-01,2025-01-31,20260208_020437,20260208_020437-0005,1,初回,2025-01-10 17:30:12.152000,158.09700,1.00
2025-01-01,2025-01-31,20260208_020437,20260208_020437-0006,1,初回,2025-01-10 22:30:06.653000,158.54500,1.00
2025-01-01,2025-01-31,20260208_020437,20260208_020437-0007,1,初回,2025-01-11 00:00:01.989000,158.09300,1.00
2025-01-01,2025-01-31,20260208_020437,20260208_020437-0008,1,初回,2025-01-14 22:30:02.705000,157.48600,1.00
2025-01-01,2025-01-31,20260208_020437,20260208_020437-0009,1,初回,2025-01-15 22:30:02.952000,156.51800,1.00
2025-01-01,2025-01-31,20260208_020437,20260208_020437-0010,1,初回,2025-01-15 22:30:07.600000,156.46700,1.00
2025-01-01,2025-01-31,20260208_020437,20260208_020437-0011,1,初回,2025-01-15 22:30:14.164000,156.50800,1.00
2025-01-01,2025-01-31,20260208_020437,20260208_020437-0012,1,初回,2025-01-15 22:30:25.002000,156.41200,1.00
2025-01-01,2025-01-31,20260208_020437,20260208_020437-0013,1,初回,2025-01-16 22:30:02.071000,156.16900,1.00
2025-01-01,2025-01-31,20260208_020437,20260208_020437-0014,1,初回,2025-01-17 00:05:54.748000,155.92800,1.00
2025-01-01,2025-01-31,20260208_020437,20260208_020437-0015,1,初回,2025-01-20 22:30:09.394000,156.08900,1.00
2025-01-01,2025-01-31,20260208_020437,20260208_020437-0016,1,初回,2025-01-20 22:30:17.161000,155.96500,1.00
2025-01-01,2025-01-31,20260208_020437,20260208_020437-0017,1,初回,2025-01-21 02:18:05.564000,155.75300,1.00
2025-01-01,2025-01-31,20260208_020437,20260208_020437-0018,1,初回,2025-01-24 01:11:42.296000,156.32100,1.00
2025-01-01,2025-01-31,20260208_020437,20260208_020437-0019,1,初回,2025-01-24 12:23:09.236000,155.83000,1.00
2025-01-01,2025-01-31,20260208_020437,20260208_020437-0020,1,初回,2025-01-24 12:24:30.702000,156.36600,1.00
2025-01-01,2025-01-31,20260208_020437,20260208_020437-0021,1,初回,2025-01-24 12:30:04.933000,155.75400,1.00
2025-01-01,2025-01-31,20260208_020437,20260208_020437-0022,1,初回,2025-01-24 23:45:01.626000,156.18900,1.00
2025-01-01,2025-01-31,20260208_020437,20260208_020437-0023,1,初回,2025-01-30 04:00:06.434000,155.27200,1.00
2025-01-01,2025-01-31,20260208_020437,20260208_020437-0024,1,初回,2025-01-30 04:38:04.143000,155.43800,1.00
2025-02-01,2025-02-28,20260208_020620,20260208_020620-0001,1,初回,2025-02-01 03:20:03.817000,155.10900,1.00
2025-02-01,2025-02-28,20260208_020620,20260208_020620-0002,1,初回,2025-02-04 00:00:01.824000,154.65100,1.00
2025-02-01,2025-02-28,20260208_020620,20260208_020620-0003,1,初回,2025-02-05 00:00:05.145000,154.88300,1.00
2025-02-01,2025-02-28,20260208_020620,20260208_020620-0004,1,初回,2025-02-05 22:15:06.301000,152.89600,1.00
2025-02-01,2025-02-28,20260208_020620,20260208_020620-0005,1,初回,2025-02-06 00:00:02.157000,152.53800,1.00
2025-02-01,2025-02-28,20260208_020620,20260208_020620-0006,1,初回,2025-02-07 22:30:03.223000,151.50600,1.00
2025-02-01,2025-02-28,20260208_020620,20260208_020620-0007,1,初回,2025-02-07 22:30:08.356000,151.38000,1.00
2025-02-01,2025-02-28,20260208_020620,20260208_020620-0008,1,初回,2025-02-07 22:30:33.129000,152.03300,1.00
2025-02-01,2025-02-28,20260208_020620,20260208_020620-0009,1,初回,2025-02-07 22:30:50.292000,152.19800,1.00
2025-02-01,2025-02-28,20260208_020620,20260208_020620-0010,1,初回,2025-02-08 02:16:48.959000,151.73800,1.00
2025-02-01,2025-02-28,20260208_020620,20260208_020620-0011,1,初回,2025-02-12 22:30:04.573000,154.12300,1.00
2025-02-01,2025-02-28,20260208_020620,20260208_020620-0012,1,初回,2025-02-13 22:30:03.323000,153.71100,1.00
2025-02-01,2025-02-28,20260208_020620,20260208_020620-0013,1,初回,2025-02-14 22:30:01.860000,152.46900,1.00
2025-02-01,2025-02-28,20260208_020620,20260208_020620-0014,1,初回,2025-02-21 17:15:02.282000,150.45200,1.00
2025-02-01,2025-02-28,20260208_020620,20260208_020620-0015,1,初回,2025-02-21 23:45:01.626000,149.93500,1.00
2025-02-01,2025-02-28,20260208_020620,20260208_020620-0016,1,初回,2025-02-27 22:30:01.193000,149.48300,1.00
2025-03-01,2025-03-31,20260208_020824,20260208_020824-0001,1,初回,2025-03-03 20:52:12.459000,151.05600,1.00
2025-03-01,2025-03-31,20260208_020824,20260208_020824-0002,1,初回,2025-03-05 22:15:02.111000,149.47200,1.00
2025-03-01,2025-03-31,20260208_020824,20260208_020824-0003,1,初回,2025-03-06 00:00:02.344000,148.62400,1.00
2025-03-01,2025-03-31,20260208_020824,20260208_020824-0004,1,初回,2025-03-06 00:00:05.919000,148.72900,1.00
2025-03-01,2025-03-31,20260208_020824,20260208_020824-0005,1,初回,2025-03-06 01:57:51.540000,148.71600,1.00
2025-03-01,2025-03-31,20260208_020824,20260208_020824-0006,1,初回,2025-03-07 01:30:43.556000,148.15500,1.00
2025-03-01,2025-03-31,20260208_020824,20260208_020824-0007,1,初回,2025-03-07 22:30:03.652000,147.39800,1.00
2025-03-01,2025-03-31,20260208_020824,20260208_020824-0008,1,初回,2025-03-07 22:30:07.235000,147.67500,1.00
2025-03-01,2025-03-31,20260208_020824,20260208_020824-0009,1,初回,2025-03-08 00:49:03.742000,147.49600,1.00
2025-03-01,2025-03-31,20260208_020824,20260208_020824-0010,1,初回,2025-03-08 00:49:13.195000,147.54800,1.00
2025-03-01,2025-03-31,20260208_020824,20260208_020824-0011,1,初回,2025-03-12 21:30:03.783000,148.16600,1.00
2025-03-01,2025-03-31,20260208_020824,20260208_020824-0012,1,初回,2025-03-17 21:30:04.571000,148.30200,1.00
2025-03-01,2025-03-31,20260208_020824,20260208_020824-0013,1,初回,2025-03-17 21:30:14.973000,148.73300,1.00
2025-03-01,2025-03-31,20260208_020824,20260208_020824-0014,1,初回,2025-03-19 15:49:28.850000,149.62300,1.00
2025-03-01,2025-03-31,20260208_020824,20260208_020824-0015,1,初回,2025-03-20 03:00:16.638000,149.77700,1.00
2025-03-01,2025-03-31,20260208_020824,20260208_020824-0016,1,初回,2025-03-24 22:45:02.548000,149.88600,1.00
2025-03-01,2025-03-31,20260208_020824,20260208_020824-0017,1,初回,2025-03-28 21:30:04.146000,150.92000,1.00
2025-04-01,2025-04-30,20260208_021119,20260208_021119-0001,1,初回,2025-04-01 23:00:06.632000,149.40200,1.00
2025-04-01,2025-04-30,20260208_021119,20260208_021119-0002,1,初回,2025-04-03 23:00:01.917000,145.48900,1.00
2025-04-01,2025-04-30,20260208_021119,20260208_021119-0003,1,初回,2025-04-03 23:00:09.394000,145.27700,1.00
2025-04-01,2025-04-30,20260208_021119,20260208_021119-0004,1,初回,2025-04-04 21:30:06.822000,145.49800,1.00
2025-04-01,2025-04-30,20260208_021119,20260208_021119-0005,1,初回,2025-04-04 21:30:12.747000,145.08600,1.00
2025-04-01,2025-04-30,20260208_021119,20260208_021119-0006,1,初回,2025-04-04 21:31:18.509000,145.14500,1.00
2025-04-01,2025-04-30,20260208_021119,20260208_021119-0007,1,初回,2025-04-04 21:31:38.561000,145.26300,1.00
2025-04-01,2025-04-30,20260208_021119,20260208_021119-0008,1,初回,2025-04-07 23:20:26.557000,147.49100,1.00
2025-04-01,2025-04-30,20260208_021119,20260208_021119-0009,1,初回,2025-04-07 23:22:09.464000,147.28900,1.00
2025-04-01,2025-04-30,20260208_021119,20260208_021119-0010,1,初回,2025-04-07 23:23:29.544000,147.13100,1.00
2025-04-01,2025-04-30,20260208_021119,20260208_021119-0011,1,初回,2025-04-07 23:23:44.843000,147.04700,1.00
2025-04-01,2025-04-30,20260208_021119,20260208_021119-0012,1,初回,2025-04-07 23:27:46.798000,147.20300,1.00
2025-04-01,2025-04-30,20260208_021119,20260208_021119-0013,1,初回,2025-04-07 23:33:57.824000,147.26400,1.00
2025-04-01,2025-04-30,20260208_021119,20260208_021119-0014,1,初回,2025-04-08 00:10:11.557000,147.69600,1.00
2025-04-01,2025-04-30,20260208_021119,20260208_021119-0015,1,初回,2025-04-08 00:14:38.763000,147.20400,1.00
2025-04-01,2025-04-30,20260208_021119,20260208_021119-0016,1,初回,2025-04-08 00:15:33.640000,147.21600,1.00
2025-04-01,2025-04-30,20260208_021119,20260208_021119-0017,1,初回,2025-04-08 02:45:59.467000,147.92400,1.00
2025-04-01,2025-04-30,20260208_021119,20260208_021119-0018,1,初回,2025-04-08 02:46:04.460000,147.76000,1.00
2025-04-01,2025-04-30,20260208_021119,20260208_021119-0019,1,初回,2025-04-08 04:04:51.210000,147.72600,1.00
2025-04-01,2025-04-30,20260208_021119,20260208_021119-0020,1,初回,2025-04-08 04:45:01.053000,147.60300,1.00
2025-04-01,2025-04-30,20260208_021119,20260208_021119-0021,1,初回,2025-04-09 02:35:19.532000,146.38500,1.00
2025-04-01,2025-04-30,20260208_021119,20260208_021119-0022,1,初回,2025-04-09 20:00:02.571000,145.08100,1.00
2025-04-01,2025-04-30,20260208_021119,20260208_021119-0023,1,初回,2025-04-09 20:00:14.570000,145.03200,1.00
2025-04-01,2025-04-30,20260208_021119,20260208_021119-0024,1,初回,2025-04-09 20:00:54.156000,144.93800,1.00
2025-04-01,2025-04-30,20260208_021119,20260208_021119-0025,1,初回,2025-04-09 22:00:09.041000,144.44200,1.00
2025-04-01,2025-04-30,20260208_021119,20260208_021119-0026,1,初回,2025-04-09 22:01:30.095000,144.27300,1.00
2025-04-01,2025-04-30,20260208_021119,20260208_021119-0027,1,初回,2025-04-10 02:02:05.270000,144.86900,1.00
2025-04-01,2025-04-30,20260208_021119,20260208_021119-0028,1,初回,2025-04-10 02:18:46.041000,144.63100,1.00
2025-04-01,2025-04-30,20260208_021119,20260208_021119-0029,1,初回,2025-04-10 02:19:32.898000,145.08000,1.00
2025-04-01,2025-04-30,20260208_021119,20260208_021119-0030,1,初回,2025-04-10 02:19:45.470000,145.22300,1.00
2025-04-01,2025-04-30,20260208_021119,20260208_021119-0031,1,初回,2025-04-10 02:19:59.410000,145.28000,1.00
2025-04-01,2025-04-30,20260208_021119,20260208_021119-0032,1,初回,2025-04-10 02:20:12.776000,145.24100,1.00
2025-04-01,2025-04-30,20260208_021119,20260208_021119-0033,1,初回,2025-04-10 02:20:18.344000,145.33300,1.00
2025-04-01,2025-04-30,20260208_021119,20260208_021119-0034,1,初回,2025-04-10 02:20:41.374000,145.45600,1.00
2025-04-01,2025-04-30,20260208_021119,20260208_021119-0035,1,初回,2025-04-10 02:20:55.547000,145.66700,1.00
2025-04-01,2025-04-30,20260208_021119,20260208_021119-0036,1,初回,2025-04-10 02:22:40.555000,146.16100,1.00
2025-04-01,2025-04-30,20260208_021119,20260208_021119-0037,1,初回,2025-04-10 02:23:02.935000,146.36300,1.00
2025-04-01,2025-04-30,20260208_021119,20260208_021119-0038,1,初回,2025-04-10 02:23:08.264000,146.48200,1.00
2025-04-01,2025-04-30,20260208_021119,20260208_021119-0039,1,初回,2025-04-10 02:28:20.834000,146.67000,1.00
2025-04-01,2025-04-30,20260208_021119,20260208_021119-0040,1,初回,2025-04-10 02:32:03.398000,146.65100,1.00
2025-04-01,2025-04-30,20260208_021119,20260208_021119-0041,1,初回,2025-04-10 02:36:14.673000,147.04800,1.00
2025-04-01,2025-04-30,20260208_021119,20260208_021119-0042,1,初回,2025-04-10 02:38:04.159000,146.84300,1.00
2025-04-01,2025-04-30,20260208_021119,20260208_021119-0043,1,初回,2025-04-10 02:50:58.242000,146.30400,1.00
2025-04-01,2025-04-30,20260208_021119,20260208_021119-0044,1,初回,2025-04-10 02:51:36.015000,146.29900,1.00
2025-04-01,2025-04-30,20260208_021119,20260208_021119-0045,1,初回,2025-04-10 03:00:08.921000,147.17300,1.00
2025-04-01,2025-04-30,20260208_021119,20260208_021119-0046,1,初回,2025-04-10 03:09:01.166000,147.90400,1.00
2025-04-01,2025-04-30,20260208_021119,20260208_021119-0047,1,初回,2025-04-10 20:09:57.036000,145.52900,1.00
2025-04-01,2025-04-30,20260208_021119,20260208_021119-0048,1,初回,2025-04-10 21:30:03.190000,145.03900,1.00
2025-04-01,2025-04-30,20260208_021119,20260208_021119-0049,1,初回,2025-04-10 21:54:30.141000,145.37000,1.00
2025-04-01,2025-04-30,20260208_021119,20260208_021119-0050,1,初回,2025-04-11 17:00:44.792000,142.63500,1.00
2025-04-01,2025-04-30,20260208_021119,20260208_021119-0051,1,初回,2025-04-11 18:50:56.734000,142.16400,1.00
2025-04-01,2025-04-30,20260208_021119,20260208_021119-0052,1,初回,2025-04-11 21:30:03.187000,142.66600,1.00
2025-04-01,2025-04-30,20260208_021119,20260208_021119-0053,1,初回,2025-04-11 22:39:34.503000,143.31100,1.00
2025-04-01,2025-04-30,20260208_021119,20260208_021119-0054,1,初回,2025-04-11 22:39:45.086000,143.49200,1.00
2025-04-01,2025-04-30,20260208_021119,20260208_021119-0055,1,初回,2025-04-11 22:40:09.953000,143.12800,1.00
2025-04-01,2025-04-30,20260208_021119,20260208_021119-0056,1,初回,2025-04-15 23:46:20.514000,142.82800,1.00
2025-04-01,2025-04-30,20260208_021119,20260208_021119-0057,1,初回,2025-04-16 17:27:53.981000,142.71800,1.00
2025-04-01,2025-04-30,20260208_021119,20260208_021119-0058,1,初回,2025-04-16 17:28:05.506000,142.93200,1.00
2025-04-01,2025-04-30,20260208_021119,20260208_021119-0059,1,初回,2025-04-16 21:30:10.190000,142.56000,1.00
2025-04-01,2025-04-30,20260208_021119,20260208_021119-0060,1,初回,2025-04-18 01:05:21.922000,142.37100,1.00
2025-04-01,2025-04-30,20260208_021119,20260208_021119-0061,1,初回,2025-04-23 02:26:07.893000,141.17200,1.00
2025-04-01,2025-04-30,20260208_021119,20260208_021119-0062,1,初回,2025-04-23 22:37:46.152000,142.15000,1.00
2025-04-01,2025-04-30,20260208_021119,20260208_021119-0063,1,初回,2025-04-23 22:38:37.489000,142.30300,1.00
2025-04-01,2025-04-30,20260208_021119,20260208_021119-0064,1,初回,2025-04-24 00:01:46.771000,142.67100,1.00
2025-04-01,2025-04-30,20260208_021119,20260208_021119-0065,1,初回,2025-04-24 20:39:09.763000,142.49100,1.00
2025-04-01,2025-04-30,20260208_021119,20260208_021119-0066,1,初回,2025-04-25 19:17:26.881000,143.61000,1.00
2025-04-01,2025-04-30,20260208_021119,20260208_021119-0067,1,初回,2025-04-25 22:05:16.420000,143.58600,1.00
2025-04-01,2025-04-30,20260208_021119,20260208_021119-0068,1,初回,2025-04-29 23:00:02.325000,142.10700,1.00
2025-04-01,2025-04-30,20260208_021119,20260208_021119-0069,1,初回,2025-04-30 21:15:04.565000,142.91000,1.00
2025-05-01,2025-05-31,20260208_021300,20260208_021300-0001,1,初回,2025-05-01 03:07:06.708000,142.97100,1.00
2025-05-01,2025-05-31,20260208_021300,20260208_021300-0002,1,初回,2025-05-01 21:30:02.241000,144.40100,1.00
2025-05-01,2025-05-31,20260208_021300,20260208_021300-0003,1,初回,2025-05-01 23:00:07.486000,144.68000,1.00
2025-05-01,2025-05-31,20260208_021300,20260208_021300-0004,1,初回,2025-05-02 21:30:04.183000,144.84900,1.00
2025-05-01,2025-05-31,20260208_021300,20260208_021300-0005,1,初回,2025-05-05 23:00:01.828000,143.86900,1.00
2025-05-01,2025-05-31,20260208_021300,20260208_021300-0006,1,初回,2025-05-08 03:39:05.190000,143.26100,1.00
2025-05-01,2025-05-31,20260208_021300,20260208_021300-0007,1,初回,2025-05-09 20:26:59.993000,145.05600,1.00
2025-05-01,2025-05-31,20260208_021300,20260208_021300-0008,1,初回,2025-05-13 21:30:03.053000,147.96200,1.00
2025-05-01,2025-05-31,20260208_021300,20260208_021300-0009,1,初回,2025-05-15 01:40:43.214000,146.76300,1.00
2025-05-01,2025-05-31,20260208_021300,20260208_021300-0010,1,初回,2025-05-15 01:41:53.940000,147.03300,1.00
2025-05-01,2025-05-31,20260208_021300,20260208_021300-0011,1,初回,2025-05-15 21:30:08.949000,145.76700,1.00
2025-05-01,2025-05-31,20260208_021300,20260208_021300-0012,1,初回,2025-05-22 22:45:03.240000,143.70600,1.00
2025-05-01,2025-05-31,20260208_021300,20260208_021300-0013,1,初回,2025-05-27 23:00:06.483000,144.37400,1.00
2025-05-01,2025-05-31,20260208_021300,20260208_021300-0014,1,初回,2025-05-28 12:35:04.067000,144.63500,1.00
2025-05-01,2025-05-31,20260208_021300,20260208_021300-0015,1,初回,2025-05-29 21:30:18.216000,144.68400,1.00
2025-06-01,2025-06-30,20260208_021421,20260208_021421-0001,1,初回,2025-06-02 23:00:01.204000,142.77400,1.00
2025-06-01,2025-06-30,20260208_021421,20260208_021421-0002,1,初回,2025-06-03 23:00:04.306000,143.75100,1.00
2025-06-01,2025-06-30,20260208_021421,20260208_021421-0003,1,初回,2025-06-04 21:15:04.794000,143.99700,1.00
2025-06-01,2025-06-30,20260208_021421,20260208_021421-0004,1,初回,2025-06-04 23:00:01.969000,143.35100,1.00
2025-06-01,2025-06-30,20260208_021421,20260208_021421-0005,1,初回,2025-06-05 21:30:01.440000,143.06600,1.00
2025-06-01,2025-06-30,20260208_021421,20260208_021421-0006,1,初回,2025-06-05 21:30:17.954000,142.89300,1.00
2025-06-01,2025-06-30,20260208_021421,20260208_021421-0007,1,初回,2025-06-05 21:49:18.770000,143.10500,1.00
2025-06-01,2025-06-30,20260208_021421,20260208_021421-0008,1,初回,2025-06-05 21:49:21.834000,143.23400,1.00
2025-06-01,2025-06-30,20260208_021421,20260208_021421-0009,1,初回,2025-06-05 21:50:19.710000,143.60100,1.00
2025-06-01,2025-06-30,20260208_021421,20260208_021421-0010,1,初回,2025-06-06 21:30:04.417000,144.63900,1.00
2025-06-01,2025-06-30,20260208_021421,20260208_021421-0011,1,初回,2025-06-11 21:04:38.062000,145.18700,1.00
2025-06-01,2025-06-30,20260208_021421,20260208_021421-0012,1,初回,2025-06-11 21:30:04.040000,144.74500,1.00
2025-06-01,2025-06-30,20260208_021421,20260208_021421-0013,1,初回,2025-06-12 21:30:03.591000,143.55000,1.00
2025-06-01,2025-06-30,20260208_021421,20260208_021421-0014,1,初回,2025-06-17 12:34:09.289000,144.66400,1.00
2025-06-01,2025-06-30,20260208_021421,20260208_021421-0015,1,初回,2025-06-17 21:30:02.570000,144.41700,1.00
2025-06-01,2025-06-30,20260208_021421,20260208_021421-0016,1,初回,2025-06-19 03:00:08.110000,144.66900,1.00
2025-07-01,2025-07-31,20260208_021534,20260208_021534-0001,1,初回,2025-07-01 23:00:02.770000,143.34500,1.00
2025-07-01,2025-07-31,20260208_021534,20260208_021534-0002,1,初回,2025-07-02 21:15:11.325000,143.98200,1.00
2025-07-01,2025-07-31,20260208_021534,20260208_021534-0003,1,初回,2025-07-03 21:30:05.676000,144.57400,1.00
2025-07-01,2025-07-31,20260208_021534,20260208_021534-0004,1,初回,2025-07-03 21:30:10.528000,144.65100,1.00
2025-07-01,2025-07-31,20260208_021534,20260208_021534-0005,1,初回,2025-07-15 21:30:02.476000,147.73600,1.00
2025-07-01,2025-07-31,20260208_021534,20260208_021534-0006,1,初回,2025-07-15 21:30:09.276000,147.73000,1.00
2025-07-01,2025-07-31,20260208_021534,20260208_021534-0007,1,初回,2025-07-16 21:30:02.490000,148.66900,1.00
2025-07-01,2025-07-31,20260208_021534,20260208_021534-0008,1,初回,2025-07-16 23:54:04.234000,148.60700,1.00
2025-07-01,2025-07-31,20260208_021534,20260208_021534-0009,1,初回,2025-07-17 00:16:19.219000,147.76500,1.00
2025-07-01,2025-07-31,20260208_021534,20260208_021534-0010,1,初回,2025-07-17 00:16:37.492000,147.54100,1.00
2025-07-01,2025-07-31,20260208_021534,20260208_021534-0011,1,初回,2025-07-17 00:16:57.922000,147.60500,1.00
2025-07-01,2025-07-31,20260208_021534,20260208_021534-0012,1,初回,2025-07-17 00:17:02.768000,147.49400,1.00
2025-07-01,2025-07-31,20260208_021534,20260208_021534-0013,1,初回,2025-07-17 00:17:29.141000,147.39500,1.00
2025-07-01,2025-07-31,20260208_021534,20260208_021534-0014,1,初回,2025-07-17 00:17:54.767000,147.12200,1.00
2025-07-01,2025-07-31,20260208_021534,20260208_021534-0015,1,初回,2025-07-17 00:30:13.271000,147.25800,1.00
2025-07-01,2025-07-31,20260208_021534,20260208_021534-0016,1,初回,2025-07-17 00:55:05.405000,147.59500,1.00
2025-07-01,2025-07-31,20260208_021534,20260208_021534-0017,1,初回,2025-07-17 00:55:27.295000,147.97900,1.00
2025-07-01,2025-07-31,20260208_021534,20260208_021534-0018,1,初回,2025-07-17 00:55:47.450000,148.08700,1.00
2025-07-01,2025-07-31,20260208_021534,20260208_021534-0019,1,初回,2025-07-17 00:55:50.402000,148.10900,1.00
2025-07-01,2025-07-31,20260208_021534,20260208_021534-0020,1,初回,2025-07-17 00:56:13.114000,148.19200,1.00
2025-07-01,2025-07-31,20260208_021534,20260208_021534-0021,1,初回,2025-07-17 00:56:35.891000,147.84400,1.00
2025-07-01,2025-07-31,20260208_021534,20260208_021534-0022,1,初回,2025-07-17 21:30:08.821000,148.90400,1.00
2025-07-01,2025-07-31,20260208_021534,20260208_021534-0023,1,初回,2025-07-23 11:18:20.325000,146.62400,1.00
2025-07-01,2025-07-31,20260208_021534,20260208_021534-0024,1,初回,2025-07-23 15:29:42.167000,146.84000,1.00
2025-07-01,2025-07-31,20260208_021534,20260208_021534-0025,1,初回,2025-07-30 21:15:02.158000,148.39700,1.00
2025-07-01,2025-07-31,20260208_021534,20260208_021534-0026,1,初回,2025-07-31 03:34:22.313000,148.66700,1.00
2025-07-01,2025-07-31,20260208_021534,20260208_021534-0027,1,初回,2025-07-31 03:36:57.557000,148.86700,1.00
2025-08-01,2025-08-31,20260208_021636,20260208_021636-0001,1,初回,2025-08-01 21:30:03.114000,150.05500,1.00
2025-08-01,2025-08-31,20260208_021636,20260208_021636-0002,1,初回,2025-08-01 21:30:09.947000,150.06600,1.00
2025-08-01,2025-08-31,20260208_021636,20260208_021636-0003,1,初回,2025-08-01 21:30:18.675000,150.01400,1.00
2025-08-01,2025-08-31,20260208_021636,20260208_021636-0004,1,初回,2025-08-01 23:00:02.546000,147.90800,1.00
2025-08-01,2025-08-31,20260208_021636,20260208_021636-0005,1,初回,2025-08-01 23:00:21.179000,147.69700,1.00
2025-08-01,2025-08-31,20260208_021636,20260208_021636-0006,1,初回,2025-08-05 23:00:03.626000,147.57400,1.00
2025-08-01,2025-08-31,20260208_021636,20260208_021636-0007,1,初回,2025-08-07 23:08:32.156000,147.43500,1.00
2025-08-01,2025-08-31,20260208_021636,20260208_021636-0008,1,初回,2025-08-12 21:30:03.322000,148.26800,1.00
2025-08-01,2025-08-31,20260208_021636,20260208_021636-0009,1,初回,2025-08-12 21:30:06.419000,148.11900,1.00
2025-08-01,2025-08-31,20260208_021636,20260208_021636-0010,1,初回,2025-08-12 21:30:10.746000,147.91800,1.00
2025-08-01,2025-08-31,20260208_021636,20260208_021636-0011,1,初回,2025-08-12 22:44:18.971000,148.24600,1.00
2025-08-01,2025-08-31,20260208_021636,20260208_021636-0012,1,初回,2025-08-14 21:30:07.155000,146.81400,1.00
2025-08-01,2025-08-31,20260208_021636,20260208_021636-0013,1,初回,2025-08-14 21:30:11.837000,146.94300,1.00
2025-08-01,2025-08-31,20260208_021636,20260208_021636-0014,1,初回,2025-08-21 21:30:02.099000,147.68000,1.00
2025-08-01,2025-08-31,20260208_021636,20260208_021636-0015,1,初回,2025-08-21 22:45:01.924000,147.86300,1.00
2025-08-01,2025-08-31,20260208_021636,20260208_021636-0016,1,初回,2025-08-22 00:29:22.697000,148.16600,1.00
2025-08-01,2025-08-31,20260208_021636,20260208_021636-0017,1,初回,2025-08-22 23:00:05.876000,148.15000,1.00
2025-08-01,2025-08-31,20260208_021636,20260208_021636-0018,1,初回,2025-08-22 23:00:13.714000,148.15100,1.00
2025-08-01,2025-08-31,20260208_021636,20260208_021636-0019,1,初回,2025-08-22 23:00:18.332000,148.04000,1.00
2025-08-01,2025-08-31,20260208_021636,20260208_021636-0020,1,初回,2025-08-22 23:00:29.163000,147.84900,1.00
2025-08-01,2025-08-31,20260208_021636,20260208_021636-0021,1,初回,2025-08-22 23:01:09.381000,147.70400,1.00
2025-09-01,2025-09-30,20260208_021746,20260208_021746-0001,1,初回,2025-09-03 23:00:03.215000,148.41700,1.00
2025-09-01,2025-09-30,20260208_021746,20260208_021746-0002,1,初回,2025-09-04 21:30:01.706000,148.19400,1.00
2025-09-01,2025-09-30,20260208_021746,20260208_021746-0003,1,初回,2025-09-04 23:00:02.821000,148.56100,1.00
2025-09-01,2025-09-30,20260208_021746,20260208_021746-0004,1,初回,2025-09-05 21:30:04.051000,147.50700,1.00
2025-09-01,2025-09-30,20260208_021746,20260208_021746-0005,1,初回,2025-09-05 21:30:09.714000,147.36900,1.00
2025-09-01,2025-09-30,20260208_021746,20260208_021746-0006,1,初回,2025-09-05 21:30:45.052000,147.22200,1.00
2025-09-01,2025-09-30,20260208_021746,20260208_021746-0007,1,初回,2025-09-09 23:00:03.760000,146.77000,1.00
2025-09-01,2025-09-30,20260208_021746,20260208_021746-0008,1,初回,2025-09-09 23:00:14.068000,146.64100,1.00
2025-09-01,2025-09-30,20260208_021746,20260208_021746-0009,1,初回,2025-09-10 21:30:05.683000,147.16000,1.00
2025-09-01,2025-09-30,20260208_021746,20260208_021746-0010,1,初回,2025-09-11 21:30:06.080000,148.16900,1.00
2025-09-01,2025-09-30,20260208_021746,20260208_021746-0011,1,初回,2025-09-11 21:30:17.935000,147.73000,1.00
2025-09-01,2025-09-30,20260208_021746,20260208_021746-0012,1,初回,2025-09-11 21:30:26.934000,147.69700,1.00
2025-09-01,2025-09-30,20260208_021746,20260208_021746-0013,1,初回,2025-09-11 21:30:36.135000,147.66400,1.00
2025-09-01,2025-09-30,20260208_021746,20260208_021746-0014,1,初回,2025-09-16 21:30:03.187000,147.18000,1.00
2025-09-01,2025-09-30,20260208_021746,20260208_021746-0015,1,初回,2025-09-18 03:00:03.737000,145.98100,1.00
2025-09-01,2025-09-30,20260208_021746,20260208_021746-0016,1,初回,2025-09-18 03:42:20.794000,146.60200,1.00
2025-09-01,2025-09-30,20260208_021746,20260208_021746-0017,1,初回,2025-09-18 03:50:03.735000,146.62900,1.00
2025-09-01,2025-09-30,20260208_021746,20260208_021746-0018,1,初回,2025-09-18 21:30:02.923000,147.48400,1.00
2025-09-01,2025-09-30,20260208_021746,20260208_021746-0019,1,初回,2025-09-19 12:47:07.127000,147.83500,1.00
2025-09-01,2025-09-30,20260208_021746,20260208_021746-0020,1,初回,2025-09-24 01:35:04.586000,147.79200,1.00
2025-10-01,2025-10-31,20260208_021906,20260208_021906-0001,1,初回,2025-10-01 21:15:50.868000,146.80400,1.00
2025-10-01,2025-10-31,20260208_021906,20260208_021906-0002,1,初回,2025-10-03 23:00:01.372000,147.09300,1.00
2025-10-01,2025-10-31,20260208_021906,20260208_021906-0003,1,初回,2025-10-06 21:00:22.285000,150.13600,1.00
2025-10-01,2025-10-31,20260208_021906,20260208_021906-0004,1,初回,2025-10-06 21:00:45.511000,150.08300,1.00
2025-10-01,2025-10-31,20260208_021906,20260208_021906-0005,1,初回,2025-10-09 18:04:59.411000,152.53700,1.00
2025-10-01,2025-10-31,20260208_021906,20260208_021906-0006,1,初回,2025-10-09 22:07:01.380000,152.62300,1.00
2025-10-01,2025-10-31,20260208_021906,20260208_021906-0007,1,初回,2025-10-09 22:07:12.370000,152.38900,1.00
2025-10-01,2025-10-31,20260208_021906,20260208_021906-0008,1,初回,2025-10-10 15:35:35.902000,152.57800,1.00
2025-10-01,2025-10-31,20260208_021906,20260208_021906-0009,1,初回,2025-10-10 15:35:46.781000,152.57300,1.00
2025-10-01,2025-10-31,20260208_021906,20260208_021906-0010,1,初回,2025-10-21 13:56:13.408000,150.97800,1.00
2025-10-01,2025-10-31,20260208_021906,20260208_021906-0011,1,初回,2025-10-23 01:30:39.691000,151.63700,1.00
2025-10-01,2025-10-31,20260208_021906,20260208_021906-0012,1,初回,2025-10-24 21:30:02.692000,152.30500,1.00
2025-10-01,2025-10-31,20260208_021906,20260208_021906-0013,1,初回,2025-10-24 22:45:03.019000,152.82100,1.00
2025-10-01,2025-10-31,20260208_021906,20260208_021906-0014,1,初回,2025-10-29 01:30:47.298000,152.26500,1.00
2025-10-01,2025-10-31,20260208_021906,20260208_021906-0015,1,初回,2025-10-30 03:32:37.421000,152.34300,1.00
2025-10-01,2025-10-31,20260208_021906,20260208_021906-0016,1,初回,2025-10-30 03:35:26.711000,152.42500,1.00
2025-10-01,2025-10-31,20260208_021906,20260208_021906-0017,1,初回,2025-10-30 03:35:35.452000,152.70100,1.00
2025-10-01,2025-10-31,20260208_021906,20260208_021906-0018,1,初回,2025-10-30 12:15:06.906000,152.33800,1.00
2025-10-01,2025-10-31,20260208_021906,20260208_021906-0019,1,初回,2025-10-30 12:15:13.488000,152.51400,1.00
2025-10-01,2025-10-31,20260208_021906,20260208_021906-0020,1,初回,2025-10-30 12:15:19.712000,152.56500,1.00
2025-10-01,2025-10-31,20260208_021906,20260208_021906-0021,1,初回,2025-10-30 13:35:07.109000,152.91500,1.00
2025-11-01,2025-11-30,20260208_022013,20260208_022013-0001,1,初回,2025-11-04 00:00:01.630000,153.94800,1.00
2025-11-01,2025-11-30,20260208_022013,20260208_022013-0002,1,初回,2025-11-06 00:00:02.652000,154.19800,1.00
2025-11-01,2025-11-30,20260208_022013,20260208_022013-0003,1,初回,2025-11-20 22:30:02.716000,157.80700,1.00
2025-11-01,2025-11-30,20260208_022013,20260208_022013-0004,1,初回,2025-11-20 22:30:12.898000,157.69500,1.00
2025-11-01,2025-11-30,20260208_022013,20260208_022013-0005,1,初回,2025-11-20 22:30:53.956000,157.29100,1.00
2025-11-01,2025-11-30,20260208_022013,20260208_022013-0006,1,初回,2025-11-22 00:01:36.898000,156.45100,1.00
2025-11-01,2025-11-30,20260208_022013,20260208_022013-0007,1,初回,2025-11-25 22:30:02.431000,156.07000,1.00
2025-11-01,2025-11-30,20260208_022013,20260208_022013-0008,1,初回,2025-11-26 02:00:18.506000,156.09500,1.00
2025-11-01,2025-11-30,20260208_022013,20260208_022013-0009,1,初回,2025-11-26 22:30:01.383000,156.49600,1.00
2025-11-01,2025-11-30,20260208_022013,20260208_022013-0010,1,初回,2025-11-28 11:32:38.233000,156.11500,1.00
2025-12-01,2025-12-31,20260208_022117,20260208_022117-0001,1,初回,2025-12-03 22:15:01.542000,155.25700,1.00
2025-12-01,2025-12-31,20260208_022117,20260208_022117-0002,1,初回,2025-12-04 14:35:05.549000,155.36900,1.00
2025-12-01,2025-12-31,20260208_022117,20260208_022117-0003,1,初回,2025-12-04 22:30:04.574000,155.02800,1.00
2025-12-01,2025-12-31,20260208_022117,20260208_022117-0004,1,初回,2025-12-10 00:00:05.626000,156.65400,1.00
2025-12-01,2025-12-31,20260208_022117,20260208_022117-0005,1,初回,2025-12-11 04:35:32.974000,156.17900,1.00
2025-12-01,2025-12-31,20260208_022117,20260208_022117-0006,1,初回,2025-12-11 04:40:09.049000,156.50700,1.00
2025-12-01,2025-12-31,20260208_022117,20260208_022117-0007,1,初回,2025-12-16 00:20:00.440000,155.06300,1.00
2025-12-01,2025-12-31,20260208_022117,20260208_022117-0008,1,初回,2025-12-16 22:30:03.872000,154.55900,1.00
2025-12-01,2025-12-31,20260208_022117,20260208_022117-0009,1,初回,2025-12-17 04:25:44.426000,154.88300,1.00
2025-12-01,2025-12-31,20260208_022117,20260208_022117-0010,1,初回,2025-12-18 22:30:02.988000,155.43800,1.00
2025-12-01,2025-12-31,20260208_022117,20260208_022117-0011,1,初回,2025-12-18 22:30:06.176000,155.42200,1.00
2025-12-01,2025-12-31,20260208_022117,20260208_022117-0012,1,初回,2025-12-19 12:21:18.992000,155.90700,1.00
2025-12-01,2025-12-31,20260208_022117,20260208_022117-0013,1,初回,2025-12-19 23:13:53.238000,156.97200,1.00
2025-12-01,2025-12-31,20260208_022117,20260208_022117-0014,1,初回,2025-12-22 22:10:05.191000,157.19500,1.00
2025-12-01,2025-12-31,20260208_022117,20260208_022117-0015,1,初回,2025-12-22 22:10:15.652000,157.07800,1.00
2025-12-01,2025-12-31,20260208_022117,20260208_022117-0016,1,初回,2025-12-22 22:10:23.353000,156.92700,1.00
