開始日,終了日,実行ID,取引ID,in時刻,out時刻,方向,in価格,out価格,ロット合計,損益,累計損益,in理由,out理由,ライン種別,ナンピン回数,平均in価格
2024-01-01,2024-01-31,20260207_213553,20260207_213553-0001,2024-01-02 11:33:53.660000,2024-01-02 11:33:56.637000,売り,141.62900,141.67900,1.00,-5.00,-5.00,秒逆張り,,,0,141.62900
2024-01-01,2024-01-31,20260207_213553,20260207_213553-0002,2024-01-04 00:00:04.232000,2024-01-04 00:00:04.911000,買い,143.08000,143.03000,1.00,-5.00,-10.00,秒逆張り,,,0,143.08000
2024-01-01,2024-01-31,20260207_213553,20260207_213553-0003,2024-01-04 00:00:07.849000,2024-01-04 00:00:07.903000,買い,143.01000,142.96000,1.00,-5.00,-15.00,秒逆張り,,,0,143.01000
2024-01-01,2024-01-31,20260207_213553,20260207_213553-0004,2024-01-04 19:42:14.914000,2024-01-04 19:50:57.062000,売り,144.09300,144.14300,1.00,-5.00,-20.00,秒逆張り,,,0,144.09300
2024-01-01,2024-01-31,20260207_213553,20260207_213553-0005,2024-01-04 22:15:04.003000,2024-01-04 22:15:12.875000,売り,144.23200,144.28200,1.00,-5.00,-25.00,秒逆張り,,,0,144.23200
2024-01-01,2024-01-31,20260207_213553,20260207_213553-0006,2024-01-05 22:30:03.797000,2024-01-05 22:30:05.133000,売り,145.49500,145.54500,1.00,-5.00,-30.00,秒逆張り,,,0,145.49500
2024-01-01,2024-01-31,20260207_213553,20260207_213553-0007,2024-01-05 22:30:07.073000,2024-01-05 22:30:07.488000,売り,145.52900,145.57900,1.00,-5.00,-35.00,秒逆張り,,,0,145.52900
2024-01-01,2024-01-31,20260207_213553,20260207_213553-0008,2024-01-05 22:30:12.377000,2024-01-05 22:30:12.792000,売り,145.69300,145.74300,1.00,-5.00,-40.00,秒逆張り,,,0,145.69300
2024-01-01,2024-01-31,20260207_213553,20260207_213553-0009,2024-01-06 00:00:02.917000,2024-01-06 00:00:14.584000,買い,144.66200,144.61200,1.00,-5.00,-45.00,秒逆張り,,,0,144.66200
2024-01-01,2024-01-31,20260207_213553,20260207_213553-0010,2024-01-06 00:00:17.250000,2024-01-06 00:00:25.085000,買い,144.60400,144.55400,1.00,-5.00,-50.00,秒逆張り,,,0,144.60400
2024-01-01,2024-01-31,20260207_213553,20260207_213553-0011,2024-01-11 22:30:04.151000,2024-01-11 22:30:33.563000,売り,145.80500,145.85500,1.00,-5.00,-55.00,秒逆張り,,,0,145.80500
2024-01-01,2024-01-31,20260207_213553,20260207_213553-0012,2024-01-11 22:30:12.122000,2024-01-11 22:30:33.563000,売り,145.79000,145.84000,1.00,-5.00,-60.00,秒逆張り,,,0,145.79000
2024-01-01,2024-01-31,20260207_213553,20260207_213553-0013,2024-01-11 22:30:27.539000,2024-01-11 22:30:33.563000,売り,145.79300,145.84300,1.00,-5.00,-65.00,秒逆張り,,,0,145.79300
2024-01-01,2024-01-31,20260207_213553,20260207_213553-0014,2024-01-12 22:30:05.322000,2024-01-12 22:30:08.542000,買い,145.15300,145.10300,1.00,-5.00,-70.00,秒逆張り,,,0,145.15300
2024-01-01,2024-01-31,20260207_213553,20260207_213553-0015,2024-01-17 14:37:29.049000,2024-01-17 14:38:49.419000,売り,147.54600,147.59600,1.00,-5.00,-75.00,秒逆張り,,,0,147.54600
2024-01-01,2024-01-31,20260207_213553,20260207_213553-0016,2024-01-17 22:30:01.782000,2024-01-17 22:30:02.500000,売り,147.82200,147.87200,1.00,-5.00,-80.00,秒逆張り,,,0,147.82200
2024-01-01,2024-01-31,20260207_213553,20260207_213553-0017,2024-01-17 22:30:06.663000,2024-01-17 23:41:18.614000,売り,147.96000,148.01000,1.00,-5.00,-85.00,秒逆張り,,,0,147.96000
2024-01-01,2024-01-31,20260207_213553,20260207_213553-0018,2024-01-18 22:30:03.263000,2024-01-18 22:30:04.981000,売り,148.11700,148.16700,1.00,-5.00,-90.00,秒逆張り,,,0,148.11700
2024-01-01,2024-01-31,20260207_213553,20260207_213553-0019,2024-01-18 22:30:24.521000,2024-01-18 22:30:32.899000,売り,148.08200,148.13200,1.00,-5.00,-95.00,秒逆張り,,,0,148.08200
2024-01-01,2024-01-31,20260207_213553,20260207_213553-0020,2024-01-20 00:00:02.642000,2024-01-20 00:00:37.317000,買い,148.16700,148.11700,1.00,-5.00,-100.00,秒逆張り,,,0,148.16700
2024-01-01,2024-01-31,20260207_213553,20260207_213553-0021,2024-01-23 12:09:30.099000,2024-01-23 12:09:30.879000,売り,148.30600,148.35600,1.00,-5.00,-105.00,秒逆張り,,,0,148.30600
2024-01-01,2024-01-31,20260207_213553,20260207_213553-0022,2024-01-23 15:47:46.729000,2024-01-23 15:48:50.630000,買い,147.45000,147.40000,1.00,-5.00,-110.00,秒逆張り,,,0,147.45000
2024-01-01,2024-01-31,20260207_213553,20260207_213553-0023,2024-01-23 20:27:24.258000,2024-01-23 23:11:50.988000,売り,148.15100,148.20100,1.00,-5.00,-115.00,秒逆張り,,,0,148.15100
2024-01-01,2024-01-31,20260207_213553,20260207_213553-0024,2024-01-24 23:45:02.986000,2024-01-25 00:15:21.469000,売り,147.24200,146.94200,1.00,30.00,-85.00,秒逆張り,,,0,147.24200
2024-01-01,2024-01-31,20260207_213553,20260207_213553-0025,2024-01-25 03:01:59.180000,2024-01-25 03:04:15.090000,売り,147.29600,147.34600,1.00,-5.00,-90.00,秒逆張り,,,0,147.29600
2024-01-01,2024-01-31,20260207_213553,20260207_213553-0026,2024-01-25 22:30:05.484000,2024-01-25 22:30:10.865000,売り,147.88100,147.93100,1.00,-5.00,-95.00,秒逆張り,,,0,147.88100
2024-01-01,2024-01-31,20260207_213553,20260207_213553-0027,2024-01-25 22:31:05.772000,2024-01-25 22:32:19.470000,買い,147.59100,147.54100,1.00,-5.00,-100.00,秒逆張り,,,0,147.59100
2024-01-01,2024-01-31,20260207_213553,20260207_213553-0028,2024-01-26 22:30:11.674000,2024-01-26 22:30:33.146000,買い,147.47800,147.77800,1.00,30.00,-70.00,秒逆張り,,,0,147.47800
2024-01-01,2024-01-31,20260207_213553,20260207_213553-0029,2024-01-31 00:00:05.212000,2024-01-31 00:00:05.316000,売り,147.49800,147.54800,1.00,-5.00,-75.00,秒逆張り,,,0,147.49800
2024-01-01,2024-01-31,20260207_213553,20260207_213553-0030,2024-01-31 22:15:02.333000,2024-01-31 22:30:01.202000,買い,147.63400,147.58400,1.00,-5.00,-80.00,秒逆張り,,,0,147.63400
2024-01-01,2024-01-31,20260207_213553,20260207_213553-0031,2024-01-31 22:30:03.002000,2024-01-31 22:30:03.719000,買い,147.57100,147.52100,1.00,-5.00,-85.00,秒逆張り,,,0,147.57100
2024-02-01,2024-02-29,20260207_213736,20260207_213736-0001,2024-02-01 04:00:03.499000,2024-02-01 04:00:04.336000,買い,146.31900,146.26900,1.00,-5.00,-90.00,秒逆張り,,,0,146.31900
2024-02-01,2024-02-29,20260207_213736,20260207_213736-0002,2024-02-01 04:00:09.139000,2024-02-01 04:00:09.450000,売り,146.54700,146.59700,1.00,-5.00,-95.00,秒逆張り,,,0,146.54700
2024-02-01,2024-02-29,20260207_213736,20260207_213736-0003,2024-02-01 04:00:18.067000,2024-02-01 04:00:20.491000,売り,146.70700,146.75700,1.00,-5.00,-100.00,秒逆張り,,,0,146.70700
2024-02-01,2024-02-29,20260207_213736,20260207_213736-0004,2024-02-01 04:00:14.266000,2024-02-01 04:00:20.799000,売り,146.71800,146.76800,1.00,-5.00,-105.00,秒逆張り,,,0,146.71800
2024-02-01,2024-02-29,20260207_213736,20260207_213736-0005,2024-02-01 04:31:43.503000,2024-02-01 04:35:17.830000,買い,146.50800,146.45800,1.00,-5.00,-110.00,秒逆張り,,,0,146.50800
2024-02-01,2024-02-29,20260207_213736,20260207_213736-0006,2024-02-01 22:30:02.440000,2024-02-01 22:30:03.168000,買い,146.79500,146.74500,1.00,-5.00,-115.00,秒逆張り,,,0,146.79500
2024-02-01,2024-02-29,20260207_213736,20260207_213736-0007,2024-02-02 22:30:04.241000,2024-02-02 22:30:05.628000,売り,147.11200,147.16200,1.00,-5.00,-120.00,秒逆張り,,,0,147.11200
2024-02-01,2024-02-29,20260207_213736,20260207_213736-0008,2024-02-02 22:30:07.175000,2024-02-02 22:30:11.782000,売り,147.20600,147.25600,1.00,-5.00,-125.00,秒逆張り,,,0,147.20600
2024-02-01,2024-02-29,20260207_213736,20260207_213736-0009,2024-02-06 00:00:01.466000,2024-02-06 00:04:31.324000,売り,148.69200,148.74200,1.00,-5.00,-130.00,秒逆張り,,,0,148.69200
2024-02-01,2024-02-29,20260207_213736,20260207_213736-0010,2024-02-08 00:34:41.471000,2024-02-08 00:40:34.586000,買い,147.89500,147.84500,1.00,-5.00,-135.00,秒逆張り,,,0,147.89500
2024-02-01,2024-02-29,20260207_213736,20260207_213736-0011,2024-02-08 03:01:46.514000,2024-02-08 03:01:52.979000,買い,148.04800,147.99800,1.00,-5.00,-140.00,秒逆張り,,,0,148.04800
2024-02-01,2024-02-29,20260207_213736,20260207_213736-0012,2024-02-09 03:01:51.999000,2024-02-09 03:02:21.789000,買い,149.25600,149.20600,1.00,-5.00,-145.00,秒逆張り,,,0,149.25600
2024-02-01,2024-02-29,20260207_213736,20260207_213736-0013,2024-02-09 22:31:01.858000,2024-02-09 22:31:06.262000,買い,149.35300,149.30300,1.00,-5.00,-150.00,秒逆張り,,,0,149.35300
2024-02-01,2024-02-29,20260207_213736,20260207_213736-0014,2024-02-13 22:30:12.997000,2024-02-13 22:30:17.633000,売り,149.87500,149.92500,1.00,-5.00,-155.00,秒逆張り,,,0,149.87500
2024-02-01,2024-02-29,20260207_213736,20260207_213736-0015,2024-02-13 22:30:05.415000,2024-02-13 22:30:19.181000,売り,149.90100,149.95100,1.00,-5.00,-160.00,秒逆張り,,,0,149.90100
2024-02-01,2024-02-29,20260207_213736,20260207_213736-0016,2024-02-13 22:30:50.762000,2024-02-13 22:30:54.026000,売り,149.87800,149.92800,1.00,-5.00,-165.00,秒逆張り,,,0,149.87800
2024-02-01,2024-02-29,20260207_213736,20260207_213736-0017,2024-02-15 22:30:02.348000,2024-02-15 22:30:06.236000,買い,149.81300,149.76300,1.00,-5.00,-170.00,秒逆張り,,,0,149.81300
2024-02-01,2024-02-29,20260207_213736,20260207_213736-0018,2024-02-15 22:30:16.535000,2024-02-15 22:30:16.797000,買い,149.61300,149.56300,1.00,-5.00,-175.00,秒逆張り,,,0,149.61300
2024-02-01,2024-02-29,20260207_213736,20260207_213736-0019,2024-02-16 22:30:03.897000,2024-02-16 22:30:08.948000,売り,150.59400,150.64400,1.00,-5.00,-180.00,秒逆張り,,,0,150.59400
2024-02-01,2024-02-29,20260207_213736,20260207_213736-0020,2024-02-22 22:30:02.444000,2024-02-22 22:30:02.701000,売り,150.54400,150.59400,1.00,-5.00,-185.00,秒逆張り,,,0,150.54400
2024-02-01,2024-02-29,20260207_213736,20260207_213736-0021,2024-02-22 23:45:02.841000,2024-02-22 23:45:30.247000,買い,150.49500,150.44500,1.00,-5.00,-190.00,秒逆張り,,,0,150.49500
2024-02-01,2024-02-29,20260207_213736,20260207_213736-0022,2024-02-28 00:00:03.158000,2024-02-28 13:33:37.931000,買い,150.28400,150.58400,1.00,30.00,-160.00,秒逆張り,,,0,150.28400
2024-02-01,2024-02-29,20260207_213736,20260207_213736-0023,2024-02-29 22:30:07.487000,2024-02-29 22:30:08.001000,買い,149.91000,149.86000,1.00,-5.00,-165.00,秒逆張り,,,0,149.91000
2024-03-01,2024-03-31,20260207_213907,20260207_213907-0001,2024-03-02 00:00:03.352000,2024-03-02 00:08:11.308000,買い,150.35500,150.30500,1.00,-5.00,-170.00,秒逆張り,,,0,150.35500
2024-03-01,2024-03-31,20260207_213907,20260207_213907-0002,2024-03-06 00:00:01.404000,2024-03-06 00:00:05.853000,買い,149.95600,149.90600,1.00,-5.00,-175.00,秒逆張り,,,0,149.95600
2024-03-01,2024-03-31,20260207_213907,20260207_213907-0003,2024-03-05 23:45:02.399000,2024-03-06 00:00:09.859000,売り,150.17200,149.87200,1.00,30.00,-145.00,秒逆張り,,,0,150.17200
2024-03-01,2024-03-31,20260207_213907,20260207_213907-0004,2024-03-07 00:00:03.862000,2024-03-07 00:04:50.728000,売り,149.47900,149.52900,1.00,-5.00,-150.00,秒逆張り,,,0,149.47900
2024-03-01,2024-03-31,20260207_213907,20260207_213907-0005,2024-03-08 18:36:30.504000,2024-03-08 18:43:43.499000,買い,147.11700,147.06700,1.00,-5.00,-155.00,秒逆張り,,,0,147.11700
2024-03-01,2024-03-31,20260207_213907,20260207_213907-0006,2024-03-08 22:30:09.125000,2024-03-08 22:30:26.290000,売り,147.46600,147.16600,1.00,30.00,-125.00,秒逆張り,,,0,147.46600
2024-03-01,2024-03-31,20260207_213907,20260207_213907-0007,2024-03-08 22:30:42.641000,2024-03-08 22:30:43.415000,買い,147.02000,146.97000,1.00,-5.00,-130.00,秒逆張り,,,0,147.02000
2024-03-01,2024-03-31,20260207_213907,20260207_213907-0008,2024-03-08 22:30:47.677000,2024-03-08 22:30:49.606000,買い,146.77400,146.72400,1.00,-5.00,-135.00,秒逆張り,,,0,146.77400
2024-03-01,2024-03-31,20260207_213907,20260207_213907-0009,2024-03-12 15:08:45.071000,2024-03-12 15:08:46.106000,買い,147.29000,147.24000,1.00,-5.00,-140.00,秒逆張り,,,0,147.29000
2024-03-01,2024-03-31,20260207_213907,20260207_213907-0010,2024-03-12 21:30:06.666000,2024-03-12 21:30:07.234000,売り,148.07200,148.12200,1.00,-5.00,-145.00,秒逆張り,,,0,148.07200
2024-03-01,2024-03-31,20260207_213907,20260207_213907-0011,2024-03-12 21:32:34.172000,2024-03-12 21:32:35.265000,買い,147.46100,147.41100,1.00,-5.00,-150.00,秒逆張り,,,0,147.46100
2024-03-01,2024-03-31,20260207_213907,20260207_213907-0012,2024-03-14 21:30:02.840000,2024-03-14 21:30:03.250000,売り,147.83000,147.88000,1.00,-5.00,-155.00,秒逆張り,,,0,147.83000
2024-03-01,2024-03-31,20260207_213907,20260207_213907-0013,2024-03-14 22:20:33.860000,2024-03-14 22:20:35.002000,買い,147.76400,147.71400,1.00,-5.00,-160.00,秒逆張り,,,0,147.76400
2024-03-01,2024-03-31,20260207_213907,20260207_213907-0014,2024-03-14 22:20:39.276000,2024-03-14 22:21:29.082000,買い,147.65100,147.60100,1.00,-5.00,-165.00,秒逆張り,,,0,147.65100
2024-03-01,2024-03-31,20260207_213907,20260207_213907-0015,2024-03-15 15:51:47.807000,2024-03-15 16:03:28.370000,買い,148.13600,148.08600,1.00,-5.00,-170.00,秒逆張り,,,0,148.13600
2024-03-01,2024-03-31,20260207_213907,20260207_213907-0016,2024-03-19 12:14:11.040000,2024-03-19 12:35:15.369000,買い,149.18300,149.13300,1.00,-5.00,-175.00,秒逆張り,,,0,149.18300
2024-03-01,2024-03-31,20260207_213907,20260207_213907-0017,2024-03-19 12:35:16.792000,2024-03-19 12:35:23.270000,買い,149.05400,149.35400,1.00,30.00,-145.00,秒逆張り,,,0,149.05400
2024-03-01,2024-03-31,20260207_213907,20260207_213907-0018,2024-03-19 12:35:27.334000,2024-03-19 12:35:29.120000,売り,149.40800,149.45800,1.00,-5.00,-150.00,秒逆張り,,,0,149.40800
2024-03-01,2024-03-31,20260207_213907,20260207_213907-0019,2024-03-19 12:35:34.626000,2024-03-19 12:35:36.388000,売り,149.64900,149.69900,1.00,-5.00,-155.00,秒逆張り,,,0,149.64900
2024-03-01,2024-03-31,20260207_213907,20260207_213907-0020,2024-03-19 12:36:34.306000,2024-03-19 12:36:39.831000,買い,149.38000,149.33000,1.00,-5.00,-160.00,秒逆張り,,,0,149.38000
2024-03-01,2024-03-31,20260207_213907,20260207_213907-0021,2024-03-19 12:36:42.155000,2024-03-19 12:39:51.464000,買い,149.30700,149.60700,1.00,30.00,-130.00,秒逆張り,,,0,149.30700
2024-03-01,2024-03-31,20260207_213907,20260207_213907-0022,2024-03-19 14:24:04.002000,2024-03-19 15:01:56.886000,売り,150.35700,150.40700,1.00,-5.00,-135.00,秒逆張り,,,0,150.35700
2024-03-01,2024-03-31,20260207_213907,20260207_213907-0023,2024-03-19 15:49:04.063000,2024-03-19 15:56:23.197000,買い,150.31000,150.26000,1.00,-5.00,-140.00,秒逆張り,,,0,150.31000
2024-03-01,2024-03-31,20260207_213907,20260207_213907-0024,2024-03-19 17:45:21.070000,2024-03-19 18:34:41.028000,買い,150.34100,150.64100,1.00,30.00,-110.00,秒逆張り,,,0,150.34100
2024-03-01,2024-03-31,20260207_213907,20260207_213907-0025,2024-03-21 03:00:12.305000,2024-03-21 03:00:13.183000,買い,151.32300,151.27300,1.00,-5.00,-115.00,秒逆張り,,,0,151.32300
2024-03-01,2024-03-31,20260207_213907,20260207_213907-0026,2024-03-21 03:00:06.266000,2024-03-21 03:00:33.069000,買い,151.22600,151.52600,1.00,30.00,-85.00,秒逆張り,,,0,151.22600
2024-03-01,2024-03-31,20260207_213907,20260207_213907-0027,2024-03-27 12:12:27.675000,2024-03-27 12:24:17.312000,買い,151.68000,151.63000,1.00,-5.00,-90.00,秒逆張り,,,0,151.68000
2024-03-01,2024-03-31,20260207_213907,20260207_213907-0028,2024-03-27 18:01:53.157000,2024-03-27 18:01:54.959000,買い,151.57400,151.52400,1.00,-5.00,-95.00,秒逆張り,,,0,151.57400
2024-04-01,2024-04-30,20260207_214023,20260207_214023-0001,2024-04-01 23:00:02.346000,2024-04-02 00:07:22.556000,売り,151.73000,151.78000,1.00,-5.00,-100.00,秒逆張り,,,0,151.73000
2024-04-01,2024-04-30,20260207_214023,20260207_214023-0002,2024-04-03 23:00:01.505000,2024-04-04 01:23:56.323000,買い,151.66600,151.61600,1.00,-5.00,-105.00,秒逆張り,,,0,151.66600
2024-04-01,2024-04-30,20260207_214023,20260207_214023-0003,2024-04-05 21:30:03.782000,2024-04-05 21:30:05.185000,売り,151.50700,151.55700,1.00,-5.00,-110.00,秒逆張り,,,0,151.50700
2024-04-01,2024-04-30,20260207_214023,20260207_214023-0004,2024-04-05 21:30:07.002000,2024-04-05 21:30:46.328000,売り,151.56300,151.61300,1.00,-5.00,-115.00,秒逆張り,,,0,151.56300
2024-04-01,2024-04-30,20260207_214023,20260207_214023-0005,2024-04-10 21:30:04.475000,2024-04-10 21:30:04.784000,売り,151.98500,152.03500,1.00,-5.00,-120.00,秒逆張り,,,0,151.98500
2024-04-01,2024-04-30,20260207_214023,20260207_214023-0006,2024-04-10 21:30:07.354000,2024-04-10 21:30:07.877000,売り,152.10800,152.15800,1.00,-5.00,-125.00,秒逆張り,,,0,152.10800
2024-04-01,2024-04-30,20260207_214023,20260207_214023-0007,2024-04-10 21:30:15.214000,2024-04-10 21:30:16.238000,売り,152.15100,152.20100,1.00,-5.00,-130.00,秒逆張り,,,0,152.15100
2024-04-01,2024-04-30,20260207_214023,20260207_214023-0008,2024-04-10 21:45:38.123000,2024-04-10 21:45:43.233000,買い,152.04600,152.34600,1.00,30.00,-100.00,秒逆張り,,,0,152.04600
2024-04-01,2024-04-30,20260207_214023,20260207_214023-0009,2024-04-10 21:45:54.551000,2024-04-10 22:00:33.816000,買い,152.12900,152.42900,1.00,30.00,-70.00,秒逆張り,,,0,152.12900
2024-04-01,2024-04-30,20260207_214023,20260207_214023-0010,2024-04-11 21:30:08.516000,2024-04-11 21:34:08.668000,買い,152.97300,152.92300,1.00,-5.00,-75.00,秒逆張り,,,0,152.97300
2024-04-01,2024-04-30,20260207_214023,20260207_214023-0011,2024-04-15 17:11:49.233000,2024-04-15 17:16:31.364000,買い,153.80600,153.75600,1.00,-5.00,-80.00,秒逆張り,,,0,153.80600
2024-04-01,2024-04-30,20260207_214023,20260207_214023-0012,2024-04-15 21:30:09.600000,2024-04-15 21:30:09.880000,売り,154.19800,154.24800,1.00,-5.00,-85.00,秒逆張り,,,0,154.19800
2024-04-01,2024-04-30,20260207_214023,20260207_214023-0013,2024-04-15 23:36:53.691000,2024-04-15 23:36:53.959000,買い,154.05900,154.00900,1.00,-5.00,-90.00,秒逆張り,,,0,154.05900
2024-04-01,2024-04-30,20260207_214023,20260207_214023-0014,2024-04-15 23:37:20.554000,2024-04-15 23:37:46.513000,買い,153.90600,154.20600,1.00,30.00,-60.00,秒逆張り,,,0,153.90600
2024-04-01,2024-04-30,20260207_214023,20260207_214023-0015,2024-04-16 22:38:52.370000,2024-04-16 22:39:08.525000,買い,154.49600,154.44600,1.00,-5.00,-65.00,秒逆張り,,,0,154.49600
2024-04-01,2024-04-30,20260207_214023,20260207_214023-0016,2024-04-16 22:39:10.254000,2024-04-16 22:39:10.408000,買い,154.36300,154.31300,1.00,-5.00,-70.00,秒逆張り,,,0,154.36300
2024-04-01,2024-04-30,20260207_214023,20260207_214023-0017,2024-04-16 22:39:12.125000,2024-04-16 22:39:12.487000,買い,154.29500,154.24500,1.00,-5.00,-75.00,秒逆張り,,,0,154.29500
2024-04-01,2024-04-30,20260207_214023,20260207_214023-0018,2024-04-16 22:39:15.487000,2024-04-16 22:39:15.748000,買い,154.17300,154.12300,1.00,-5.00,-80.00,秒逆張り,,,0,154.17300
2024-04-01,2024-04-30,20260207_214023,20260207_214023-0019,2024-04-16 22:39:18.736000,2024-04-16 22:39:25.605000,買い,153.94700,154.24700,1.00,30.00,-50.00,秒逆張り,,,0,153.94700
2024-04-01,2024-04-30,20260207_214023,20260207_214023-0020,2024-04-16 23:52:00.909000,2024-04-16 23:52:02.447000,買い,154.48400,154.43400,1.00,-5.00,-55.00,秒逆張り,,,0,154.48400
2024-04-01,2024-04-30,20260207_214023,20260207_214023-0021,2024-04-18 01:25:58.714000,2024-04-18 01:26:03.255000,買い,154.31200,154.26200,1.00,-5.00,-60.00,秒逆張り,,,0,154.31200
2024-04-01,2024-04-30,20260207_214023,20260207_214023-0022,2024-04-23 22:45:01.905000,2024-04-24 02:07:54.099000,買い,154.60700,154.55700,1.00,-5.00,-65.00,秒逆張り,,,0,154.60700
2024-04-01,2024-04-30,20260207_214023,20260207_214023-0023,2024-04-24 21:12:44.080000,2024-04-24 21:13:02.468000,売り,155.08800,155.13800,1.00,-5.00,-70.00,秒逆張り,,,0,155.08800
2024-04-01,2024-04-30,20260207_214023,20260207_214023-0024,2024-04-24 21:15:08.985000,2024-04-24 21:15:15.916000,買い,154.90500,154.85500,1.00,-5.00,-75.00,秒逆張り,,,0,154.90500
2024-04-01,2024-04-30,20260207_214023,20260207_214023-0025,2024-04-24 21:15:16.955000,2024-04-24 21:15:17.318000,買い,154.89600,154.84600,1.00,-5.00,-80.00,秒逆張り,,,0,154.89600
2024-04-01,2024-04-30,20260207_214023,20260207_214023-0026,2024-04-25 21:30:17.489000,2024-04-25 21:39:40.833000,買い,155.35800,155.65800,1.00,30.00,-50.00,秒逆張り,,,0,155.35800
2024-04-01,2024-04-30,20260207_214023,20260207_214023-0027,2024-04-26 12:22:13.523000,2024-04-26 12:22:31.427000,売り,155.62700,155.67700,1.00,-5.00,-55.00,秒逆張り,,,0,155.62700
2024-04-01,2024-04-30,20260207_214023,20260207_214023-0028,2024-04-26 12:22:25.526000,2024-04-26 12:23:31.411000,売り,155.64300,155.69300,1.00,-5.00,-60.00,秒逆張り,,,0,155.64300
2024-04-01,2024-04-30,20260207_214023,20260207_214023-0029,2024-04-26 12:24:36.301000,2024-04-26 12:30:24.764000,売り,155.85800,155.90800,1.00,-5.00,-65.00,秒逆張り,,,0,155.85800
2024-04-01,2024-04-30,20260207_214023,20260207_214023-0030,2024-04-26 15:57:52.957000,2024-04-26 15:57:53.166000,売り,156.35000,156.40000,1.00,-5.00,-70.00,秒逆張り,,,0,156.35000
2024-04-01,2024-04-30,20260207_214023,20260207_214023-0031,2024-04-26 17:00:51.872000,2024-04-26 17:00:58.199000,買い,155.90200,156.20200,1.00,30.00,-40.00,秒逆張り,,,0,155.90200
2024-04-01,2024-04-30,20260207_214023,20260207_214023-0032,2024-04-26 17:01:00.993000,2024-04-26 17:01:01.134000,買い,156.27200,156.22200,1.00,-5.00,-45.00,秒逆張り,,,0,156.27200
2024-04-01,2024-04-30,20260207_214023,20260207_214023-0033,2024-04-26 17:01:22.774000,2024-04-26 17:01:24.070000,買い,155.97700,155.92700,1.00,-5.00,-50.00,秒逆張り,,,0,155.97700
2024-04-01,2024-04-30,20260207_214023,20260207_214023-0034,2024-04-26 17:01:27.853000,2024-04-26 17:01:29.114000,買い,155.70400,155.65400,1.00,-5.00,-55.00,秒逆張り,,,0,155.70400
2024-04-01,2024-04-30,20260207_214023,20260207_214023-0035,2024-04-26 17:01:30.770000,2024-04-26 17:01:32.387000,買い,155.61000,155.56000,1.00,-5.00,-60.00,秒逆張り,,,0,155.61000
2024-04-01,2024-04-30,20260207_214023,20260207_214023-0036,2024-04-26 17:01:34.299000,2024-04-26 17:01:35.976000,買い,155.53000,155.48000,1.00,-5.00,-65.00,秒逆張り,,,0,155.53000
2024-04-01,2024-04-30,20260207_214023,20260207_214023-0037,2024-04-26 17:01:40.499000,2024-04-26 17:01:46.075000,買い,155.22200,155.52200,1.00,30.00,-35.00,秒逆張り,,,0,155.22200
2024-04-01,2024-04-30,20260207_214023,20260207_214023-0038,2024-04-26 17:01:49.634000,2024-04-26 17:01:59.023000,買い,155.25400,155.55400,1.00,30.00,-5.00,秒逆張り,,,0,155.25400
2024-04-01,2024-04-30,20260207_214023,20260207_214023-0039,2024-04-26 17:02:14.681000,2024-04-26 17:02:15.093000,買い,155.25400,155.20400,1.00,-5.00,-10.00,秒逆張り,,,0,155.25400
2024-04-01,2024-04-30,20260207_214023,20260207_214023-0040,2024-04-26 17:02:25.440000,2024-04-26 17:02:26.266000,買い,155.06800,155.01800,1.00,-5.00,-15.00,秒逆張り,,,0,155.06800
2024-04-01,2024-04-30,20260207_214023,20260207_214023-0041,2024-04-26 17:02:51.709000,2024-04-26 17:02:53.414000,売り,155.47000,155.52000,1.00,-5.00,-20.00,秒逆張り,,,0,155.47000
2024-04-01,2024-04-30,20260207_214023,20260207_214023-0042,2024-04-26 17:02:54.552000,2024-04-26 17:02:56.971000,売り,155.50100,155.55100,1.00,-5.00,-25.00,秒逆張り,,,0,155.50100
2024-04-01,2024-04-30,20260207_214023,20260207_214023-0043,2024-04-26 17:03:05.761000,2024-04-26 17:03:06.279000,売り,155.50900,155.55900,1.00,-5.00,-30.00,秒逆張り,,,0,155.50900
2024-04-01,2024-04-30,20260207_214023,20260207_214023-0044,2024-04-26 17:03:34.295000,2024-04-26 17:03:36.093000,売り,155.54300,155.59300,1.00,-5.00,-35.00,秒逆張り,,,0,155.54300
2024-04-01,2024-04-30,20260207_214023,20260207_214023-0045,2024-04-26 17:03:25.146000,2024-04-26 17:03:41.411000,売り,155.60900,155.65900,1.00,-5.00,-40.00,秒逆張り,,,0,155.60900
2024-04-01,2024-04-30,20260207_214023,20260207_214023-0046,2024-04-26 17:03:52.655000,2024-04-26 17:03:55.366000,売り,155.91300,155.96300,1.00,-5.00,-45.00,秒逆張り,,,0,155.91300
2024-04-01,2024-04-30,20260207_214023,20260207_214023-0047,2024-04-26 17:04:30.890000,2024-04-26 17:04:32.954000,売り,155.92000,155.97000,1.00,-5.00,-50.00,秒逆張り,,,0,155.92000
2024-04-01,2024-04-30,20260207_214023,20260207_214023-0048,2024-04-26 17:06:02.371000,2024-04-26 17:06:09.145000,売り,156.04700,156.09700,1.00,-5.00,-55.00,秒逆張り,,,0,156.04700
2024-04-01,2024-04-30,20260207_214023,20260207_214023-0049,2024-04-26 17:06:14.547000,2024-04-26 17:06:14.909000,売り,156.20200,156.25200,1.00,-5.00,-60.00,秒逆張り,,,0,156.20200
2024-04-01,2024-04-30,20260207_214023,20260207_214023-0050,2024-04-26 21:30:06.165000,2024-04-26 21:30:06.268000,買い,156.68200,156.63200,1.00,-5.00,-65.00,秒逆張り,,,0,156.68200
2024-04-01,2024-04-30,20260207_214023,20260207_214023-0051,2024-04-29 13:05:51.503000,2024-04-29 13:05:52.750000,買い,159.13800,159.08800,1.00,-5.00,-70.00,秒逆張り,,,0,159.13800
2024-04-01,2024-04-30,20260207_214023,20260207_214023-0052,2024-04-29 13:05:59.275000,2024-04-29 13:05:59.638000,買い,158.28100,158.23100,1.00,-5.00,-75.00,秒逆張り,,,0,158.28100
2024-04-01,2024-04-30,20260207_214023,20260207_214023-0053,2024-04-29 13:06:01.688000,2024-04-29 13:06:06.667000,買い,158.20100,158.50100,1.00,30.00,-45.00,秒逆張り,,,0,158.20100
2024-04-01,2024-04-30,20260207_214023,20260207_214023-0054,2024-04-29 13:06:12.753000,2024-04-29 13:06:16.105000,買い,158.47400,158.42400,1.00,-5.00,-50.00,秒逆張り,,,0,158.47400
2024-04-01,2024-04-30,20260207_214023,20260207_214023-0055,2024-04-29 13:06:37.890000,2024-04-29 13:06:44.733000,買い,158.50100,158.45100,1.00,-5.00,-55.00,秒逆張り,,,0,158.50100
2024-04-01,2024-04-30,20260207_214023,20260207_214023-0056,2024-04-29 13:06:45.925000,2024-04-29 13:06:49.391000,買い,158.47600,158.42600,1.00,-5.00,-60.00,秒逆張り,,,0,158.47600
2024-04-01,2024-04-30,20260207_214023,20260207_214023-0057,2024-04-29 13:07:03.515000,2024-04-29 13:07:04.798000,買い,158.39900,158.34900,1.00,-5.00,-65.00,秒逆張り,,,0,158.39900
2024-04-01,2024-04-30,20260207_214023,20260207_214023-0058,2024-04-29 13:07:06.045000,2024-04-29 13:07:08.269000,買い,158.25200,158.20200,1.00,-5.00,-70.00,秒逆張り,,,0,158.25200
2024-04-01,2024-04-30,20260207_214023,20260207_214023-0059,2024-04-29 13:07:24.197000,2024-04-29 13:07:26.926000,買い,158.39600,158.34600,1.00,-5.00,-75.00,秒逆張り,,,0,158.39600
2024-04-01,2024-04-30,20260207_214023,20260207_214023-0060,2024-04-29 13:07:28.058000,2024-04-29 13:07:28.110000,買い,158.40400,158.35400,1.00,-5.00,-80.00,秒逆張り,,,0,158.40400
2024-04-01,2024-04-30,20260207_214023,20260207_214023-0061,2024-04-29 13:07:31.708000,2024-04-29 13:07:31.862000,買い,158.31000,158.26000,1.00,-5.00,-85.00,秒逆張り,,,0,158.31000
2024-04-01,2024-04-30,20260207_214023,20260207_214023-0062,2024-04-29 13:08:08.775000,2024-04-29 13:08:12.624000,売り,158.48000,158.18000,1.00,30.00,-55.00,秒逆張り,,,0,158.48000
2024-04-01,2024-04-30,20260207_214023,20260207_214023-0063,2024-04-29 13:08:02.860000,2024-04-29 13:08:12.830000,買い,158.20900,158.15900,1.00,-5.00,-60.00,秒逆張り,,,0,158.20900
2024-04-01,2024-04-30,20260207_214023,20260207_214023-0064,2024-04-29 13:07:54.494000,2024-04-29 13:08:26.438000,買い,158.19300,158.14300,1.00,-5.00,-65.00,秒逆張り,,,0,158.19300
2024-04-01,2024-04-30,20260207_214023,20260207_214023-0065,2024-04-29 13:08:14.113000,2024-04-29 13:08:26.489000,買い,158.18400,158.13400,1.00,-5.00,-70.00,秒逆張り,,,0,158.18400
2024-04-01,2024-04-30,20260207_214023,20260207_214023-0066,2024-04-29 13:08:39.537000,2024-04-29 13:09:09.481000,買い,158.20600,158.15600,1.00,-5.00,-75.00,秒逆張り,,,0,158.20600
2024-04-01,2024-04-30,20260207_214023,20260207_214023-0067,2024-04-29 13:08:19.030000,2024-04-29 13:09:10.104000,売り,158.40800,158.10800,1.00,30.00,-45.00,秒逆張り,,,0,158.40800
2024-04-01,2024-04-30,20260207_214023,20260207_214023-0068,2024-04-29 13:09:13.298000,2024-04-29 13:09:15.463000,買い,158.14900,158.09900,1.00,-5.00,-50.00,秒逆張り,,,0,158.14900
2024-04-01,2024-04-30,20260207_214023,20260207_214023-0069,2024-04-29 13:09:20.422000,2024-04-29 13:09:30.300000,買い,158.08600,158.03600,1.00,-5.00,-55.00,秒逆張り,,,0,158.08600
2024-04-01,2024-04-30,20260207_214023,20260207_214023-0070,2024-04-29 13:09:32.515000,2024-04-29 13:09:50.137000,買い,158.03300,157.98300,1.00,-5.00,-60.00,秒逆張り,,,0,158.03300
2024-04-01,2024-04-30,20260207_214023,20260207_214023-0071,2024-04-29 13:09:46.793000,2024-04-29 13:09:50.137000,買い,158.02900,157.97900,1.00,-5.00,-65.00,秒逆張り,,,0,158.02900
2024-04-01,2024-04-30,20260207_214023,20260207_214023-0072,2024-04-29 13:09:51.170000,2024-04-29 13:09:51.737000,買い,158.00800,157.95800,1.00,-5.00,-70.00,秒逆張り,,,0,158.00800
2024-04-01,2024-04-30,20260207_214023,20260207_214023-0073,2024-04-29 13:09:56.382000,2024-04-29 13:10:15.404000,買い,157.78700,158.08700,1.00,30.00,-40.00,秒逆張り,,,0,157.78700
2024-04-01,2024-04-30,20260207_214023,20260207_214023-0074,2024-04-29 13:10:17.367000,2024-04-29 13:11:18.293000,売り,158.12200,157.82200,1.00,30.00,-10.00,秒逆張り,,,0,158.12200
2024-04-01,2024-04-30,20260207_214023,20260207_214023-0075,2024-04-29 13:11:51.068000,2024-04-29 13:11:51.379000,売り,158.07000,158.12000,1.00,-5.00,-15.00,秒逆張り,,,0,158.07000
2024-04-01,2024-04-30,20260207_214023,20260207_214023-0076,2024-04-29 13:11:52.717000,2024-04-29 13:11:52.976000,売り,158.17600,158.22600,1.00,-5.00,-20.00,秒逆張り,,,0,158.17600
2024-04-01,2024-04-30,20260207_214023,20260207_214023-0077,2024-04-29 13:14:27.713000,2024-04-29 13:14:50.960000,買い,158.09900,158.04900,1.00,-5.00,-25.00,秒逆張り,,,0,158.09900
2024-04-01,2024-04-30,20260207_214023,20260207_214023-0078,2024-04-29 13:16:13.157000,2024-04-29 13:16:14.188000,買い,157.58100,157.53100,1.00,-5.00,-30.00,秒逆張り,,,0,157.58100
2024-04-01,2024-04-30,20260207_214023,20260207_214023-0079,2024-04-29 13:16:20.303000,2024-04-29 13:16:21.137000,買い,157.40700,157.35700,1.00,-5.00,-35.00,秒逆張り,,,0,157.40700
2024-04-01,2024-04-30,20260207_214023,20260207_214023-0080,2024-04-29 13:16:39.469000,2024-04-29 13:16:45.369000,買い,157.50800,157.45800,1.00,-5.00,-40.00,秒逆張り,,,0,157.50800
2024-04-01,2024-04-30,20260207_214023,20260207_214023-0081,2024-04-29 13:16:52.060000,2024-04-29 13:16:54.820000,買い,157.48600,157.43600,1.00,-5.00,-45.00,秒逆張り,,,0,157.48600
2024-04-01,2024-04-30,20260207_214023,20260207_214023-0082,2024-04-29 13:16:56.020000,2024-04-29 13:16:59.362000,買い,157.39000,157.34000,1.00,-5.00,-50.00,秒逆張り,,,0,157.39000
2024-04-01,2024-04-30,20260207_214023,20260207_214023-0083,2024-04-29 13:17:30.721000,2024-04-29 13:17:48.717000,売り,157.57200,157.27200,1.00,30.00,-20.00,秒逆張り,,,0,157.57200
2024-04-01,2024-04-30,20260207_214023,20260207_214023-0084,2024-04-29 13:18:13.354000,2024-04-29 13:18:17.155000,買い,157.26200,157.21200,1.00,-5.00,-25.00,秒逆張り,,,0,157.26200
2024-04-01,2024-04-30,20260207_214023,20260207_214023-0085,2024-04-29 13:17:50.413000,2024-04-29 13:18:50.287000,買い,157.23800,157.18800,1.00,-5.00,-30.00,秒逆張り,,,0,157.23800
2024-04-01,2024-04-30,20260207_214023,20260207_214023-0086,2024-04-29 13:19:26.651000,2024-04-29 13:19:30.658000,買い,156.96900,156.91900,1.00,-5.00,-35.00,秒逆張り,,,0,156.96900
2024-04-01,2024-04-30,20260207_214023,20260207_214023-0087,2024-04-29 13:19:50.774000,2024-04-29 13:19:51.387000,買い,156.78600,156.73600,1.00,-5.00,-40.00,秒逆張り,,,0,156.78600
2024-04-01,2024-04-30,20260207_214023,20260207_214023-0088,2024-04-29 13:20:08.289000,2024-04-29 13:20:11.060000,買い,156.74500,156.69500,1.00,-5.00,-45.00,秒逆張り,,,0,156.74500
2024-04-01,2024-04-30,20260207_214023,20260207_214023-0089,2024-04-29 13:19:54.676000,2024-04-29 13:20:15.141000,買い,156.67400,156.62400,1.00,-5.00,-50.00,秒逆張り,,,0,156.67400
2024-04-01,2024-04-30,20260207_214023,20260207_214023-0090,2024-04-29 13:20:26.381000,2024-04-29 13:20:47.069000,売り,156.95000,156.65000,1.00,30.00,-20.00,秒逆張り,,,0,156.95000
2024-04-01,2024-04-30,20260207_214023,20260207_214023-0091,2024-04-29 13:20:56.202000,2024-04-29 13:21:03.892000,売り,156.83400,156.88400,1.00,-5.00,-25.00,秒逆張り,,,0,156.83400
2024-04-01,2024-04-30,20260207_214023,20260207_214023-0092,2024-04-29 13:21:34.154000,2024-04-29 13:21:54.814000,売り,156.84800,156.89800,1.00,-5.00,-30.00,秒逆張り,,,0,156.84800
2024-04-01,2024-04-30,20260207_214023,20260207_214023-0093,2024-04-29 13:22:06.301000,2024-04-29 13:22:59.835000,売り,157.12300,157.17300,1.00,-5.00,-35.00,秒逆張り,,,0,157.12300
2024-04-01,2024-04-30,20260207_214023,20260207_214023-0094,2024-04-29 13:25:57.544000,2024-04-29 13:26:34.559000,売り,157.06400,157.11400,1.00,-5.00,-40.00,秒逆張り,,,0,157.06400
2024-04-01,2024-04-30,20260207_214023,20260207_214023-0095,2024-04-29 13:27:46.990000,2024-04-29 13:27:52.992000,売り,157.44800,157.49800,1.00,-5.00,-45.00,秒逆張り,,,0,157.44800
2024-04-01,2024-04-30,20260207_214023,20260207_214023-0096,2024-04-29 13:28:44.440000,2024-04-29 13:28:50.721000,売り,157.63600,157.68600,1.00,-5.00,-50.00,秒逆張り,,,0,157.63600
2024-04-01,2024-04-30,20260207_214023,20260207_214023-0097,2024-04-29 13:29:27.173000,2024-04-29 13:29:35.471000,買い,157.29600,157.24600,1.00,-5.00,-55.00,秒逆張り,,,0,157.29600
2024-04-01,2024-04-30,20260207_214023,20260207_214023-0098,2024-04-29 13:29:41.727000,2024-04-29 13:29:42.036000,買い,157.08500,157.03500,1.00,-5.00,-60.00,秒逆張り,,,0,157.08500
2024-04-01,2024-04-30,20260207_214023,20260207_214023-0099,2024-04-29 13:30:11.053000,2024-04-29 13:30:27.087000,買い,157.09700,157.04700,1.00,-5.00,-65.00,秒逆張り,,,0,157.09700
2024-04-01,2024-04-30,20260207_214023,20260207_214023-0100,2024-04-29 13:30:17.370000,2024-04-29 13:30:27.190000,買い,157.08800,157.03800,1.00,-5.00,-70.00,秒逆張り,,,0,157.08800
2024-04-01,2024-04-30,20260207_214023,20260207_214023-0101,2024-04-29 13:29:44.566000,2024-04-29 13:30:30.137000,買い,157.00400,156.95400,1.00,-5.00,-75.00,秒逆張り,,,0,157.00400
2024-04-01,2024-04-30,20260207_214023,20260207_214023-0102,2024-04-29 13:30:31.164000,2024-04-29 13:30:54.442000,買い,157.00600,156.95600,1.00,-5.00,-80.00,秒逆張り,,,0,157.00600
2024-04-01,2024-04-30,20260207_214023,20260207_214023-0103,2024-04-29 13:30:55.981000,2024-04-29 13:30:57.663000,買い,157.00600,156.95600,1.00,-5.00,-85.00,秒逆張り,,,0,157.00600
2024-04-01,2024-04-30,20260207_214023,20260207_214023-0104,2024-04-29 13:31:14.376000,2024-04-29 13:31:23.171000,買い,156.95000,156.90000,1.00,-5.00,-90.00,秒逆張り,,,0,156.95000
2024-04-01,2024-04-30,20260207_214023,20260207_214023-0105,2024-04-29 13:31:07.708000,2024-04-29 13:31:35.309000,買い,156.93500,156.88500,1.00,-5.00,-95.00,秒逆張り,,,0,156.93500
2024-04-01,2024-04-30,20260207_214023,20260207_214023-0106,2024-04-29 13:31:24.401000,2024-04-29 13:31:35.309000,買い,156.93100,156.88100,1.00,-5.00,-100.00,秒逆張り,,,0,156.93100
2024-04-01,2024-04-30,20260207_214023,20260207_214023-0107,2024-04-29 13:31:36.750000,2024-04-29 13:31:42.714000,買い,156.88900,156.83900,1.00,-5.00,-105.00,秒逆張り,,,0,156.88900
2024-04-01,2024-04-30,20260207_214023,20260207_214023-0108,2024-04-29 13:31:42.304000,2024-04-29 13:31:42.714000,買い,156.90000,156.85000,1.00,-5.00,-110.00,秒逆張り,,,0,156.90000
2024-04-01,2024-04-30,20260207_214023,20260207_214023-0109,2024-04-29 13:31:44.724000,2024-04-29 13:31:45.495000,買い,156.86300,156.81300,1.00,-5.00,-115.00,秒逆張り,,,0,156.86300
2024-04-01,2024-04-30,20260207_214023,20260207_214023-0110,2024-04-29 13:31:49.040000,2024-04-29 13:31:52.839000,買い,156.60400,156.55400,1.00,-5.00,-120.00,秒逆張り,,,0,156.60400
2024-04-01,2024-04-30,20260207_214023,20260207_214023-0111,2024-04-29 13:31:57.829000,2024-04-29 13:32:00.385000,買い,156.60300,156.55300,1.00,-5.00,-125.00,秒逆張り,,,0,156.60300
2024-04-01,2024-04-30,20260207_214023,20260207_214023-0112,2024-04-29 13:31:54.020000,2024-04-29 13:32:01.980000,買い,156.53600,156.48600,1.00,-5.00,-130.00,秒逆張り,,,0,156.53600
2024-04-01,2024-04-30,20260207_214023,20260207_214023-0113,2024-04-29 13:32:01.518000,2024-04-29 13:32:02.600000,買い,156.50900,156.45900,1.00,-5.00,-135.00,秒逆張り,,,0,156.50900
2024-04-01,2024-04-30,20260207_214023,20260207_214023-0114,2024-04-29 13:32:21.826000,2024-04-29 13:32:23.663000,買い,156.61700,156.56700,1.00,-5.00,-140.00,秒逆張り,,,0,156.61700
2024-04-01,2024-04-30,20260207_214023,20260207_214023-0115,2024-04-29 13:32:09.437000,2024-04-29 13:32:29.710000,買い,156.50400,156.45400,1.00,-5.00,-145.00,秒逆張り,,,0,156.50400
2024-04-01,2024-04-30,20260207_214023,20260207_214023-0116,2024-04-29 13:32:29.298000,2024-04-29 13:32:29.916000,買い,156.48500,156.43500,1.00,-5.00,-150.00,秒逆張り,,,0,156.48500
2024-04-01,2024-04-30,20260207_214023,20260207_214023-0117,2024-04-29 13:32:35.126000,2024-04-29 13:32:44.032000,買い,156.49800,156.44800,1.00,-5.00,-155.00,秒逆張り,,,0,156.49800
2024-04-01,2024-04-30,20260207_214023,20260207_214023-0118,2024-04-29 13:32:45.081000,2024-04-29 13:32:46.879000,買い,156.45000,156.40000,1.00,-5.00,-160.00,秒逆張り,,,0,156.45000
2024-04-01,2024-04-30,20260207_214023,20260207_214023-0119,2024-04-29 13:32:47.904000,2024-04-29 13:32:48.625000,買い,156.42000,156.37000,1.00,-5.00,-165.00,秒逆張り,,,0,156.42000
2024-04-01,2024-04-30,20260207_214023,20260207_214023-0120,2024-04-29 13:32:58.682000,2024-04-29 13:33:53.737000,買い,156.40900,156.35900,1.00,-5.00,-170.00,秒逆張り,,,0,156.40900
2024-04-01,2024-04-30,20260207_214023,20260207_214023-0121,2024-04-29 13:33:13.825000,2024-04-29 13:33:53.737000,買い,156.40800,156.35800,1.00,-5.00,-175.00,秒逆張り,,,0,156.40800
2024-04-01,2024-04-30,20260207_214023,20260207_214023-0122,2024-04-29 13:34:15.851000,2024-04-29 13:34:23.224000,買い,156.31700,156.26700,1.00,-5.00,-180.00,秒逆張り,,,0,156.31700
2024-04-01,2024-04-30,20260207_214023,20260207_214023-0123,2024-04-29 13:34:21.692000,2024-04-29 13:34:23.339000,買い,156.30900,156.25900,1.00,-5.00,-185.00,秒逆張り,,,0,156.30900
2024-04-01,2024-04-30,20260207_214023,20260207_214023-0124,2024-04-29 13:34:38.714000,2024-04-29 13:34:45.479000,買い,156.24900,156.19900,1.00,-5.00,-190.00,秒逆張り,,,0,156.24900
2024-04-01,2024-04-30,20260207_214023,20260207_214023-0125,2024-04-29 13:35:03.739000,2024-04-29 13:35:18.838000,買い,156.16700,156.11700,1.00,-5.00,-195.00,秒逆張り,,,0,156.16700
2024-04-01,2024-04-30,20260207_214023,20260207_214023-0126,2024-04-29 13:35:08.709000,2024-04-29 13:35:19.097000,買い,156.15900,156.10900,1.00,-5.00,-200.00,秒逆張り,,,0,156.15900
2024-04-01,2024-04-30,20260207_214023,20260207_214023-0127,2024-04-29 13:35:20.190000,2024-04-29 13:35:43.259000,買い,156.16100,156.11100,1.00,-5.00,-205.00,秒逆張り,,,0,156.16100
2024-04-01,2024-04-30,20260207_214023,20260207_214023-0128,2024-04-29 13:35:44.336000,2024-04-29 13:36:11.020000,買い,156.10900,156.05900,1.00,-5.00,-210.00,秒逆張り,,,0,156.10900
2024-04-01,2024-04-30,20260207_214023,20260207_214023-0129,2024-04-29 13:36:37.360000,2024-04-29 13:36:37.926000,売り,156.41200,156.46200,1.00,-5.00,-215.00,秒逆張り,,,0,156.41200
2024-04-01,2024-04-30,20260207_214023,20260207_214023-0130,2024-04-29 13:36:45.826000,2024-04-29 13:36:47.625000,売り,156.36900,156.41900,1.00,-5.00,-220.00,秒逆張り,,,0,156.36900
2024-04-01,2024-04-30,20260207_214023,20260207_214023-0131,2024-04-29 13:36:58.777000,2024-04-29 13:37:00.314000,売り,156.36500,156.41500,1.00,-5.00,-225.00,秒逆張り,,,0,156.36500
2024-04-01,2024-04-30,20260207_214023,20260207_214023-0132,2024-04-29 13:37:02.982000,2024-04-29 13:37:47.682000,売り,156.42600,156.47600,1.00,-5.00,-230.00,秒逆張り,,,0,156.42600
2024-04-01,2024-04-30,20260207_214023,20260207_214023-0133,2024-04-29 13:39:05.549000,2024-04-29 13:39:32.692000,買い,156.35500,156.30500,1.00,-5.00,-235.00,秒逆張り,,,0,156.35500
2024-04-01,2024-04-30,20260207_214023,20260207_214023-0134,2024-04-29 13:39:20.972000,2024-04-29 13:39:32.692000,買い,156.34200,156.29200,1.00,-5.00,-240.00,秒逆張り,,,0,156.34200
2024-04-01,2024-04-30,20260207_214023,20260207_214023-0135,2024-04-29 13:39:34.172000,2024-04-29 13:39:47.111000,買い,156.24300,156.19300,1.00,-5.00,-245.00,秒逆張り,,,0,156.24300
2024-04-01,2024-04-30,20260207_214023,20260207_214023-0136,2024-04-29 13:39:52.697000,2024-04-29 13:39:56.489000,買い,156.17300,156.12300,1.00,-5.00,-250.00,秒逆張り,,,0,156.17300
2024-04-01,2024-04-30,20260207_214023,20260207_214023-0137,2024-04-29 13:39:57.771000,2024-04-29 13:39:59.313000,買い,156.12000,156.07000,1.00,-5.00,-255.00,秒逆張り,,,0,156.12000
2024-04-01,2024-04-30,20260207_214023,20260207_214023-0138,2024-04-29 13:40:00.363000,2024-04-29 13:40:02.316000,買い,156.10700,156.05700,1.00,-5.00,-260.00,秒逆張り,,,0,156.10700
2024-04-01,2024-04-30,20260207_214023,20260207_214023-0139,2024-04-29 13:40:27.570000,2024-04-29 13:41:01.060000,買い,156.00300,155.95300,1.00,-5.00,-265.00,秒逆張り,,,0,156.00300
2024-04-01,2024-04-30,20260207_214023,20260207_214023-0140,2024-04-29 13:41:34.382000,2024-04-29 13:42:02.633000,買い,155.92100,155.87100,1.00,-5.00,-270.00,秒逆張り,,,0,155.92100
2024-04-01,2024-04-30,20260207_214023,20260207_214023-0141,2024-04-29 13:42:21.332000,2024-04-29 13:42:21.744000,買い,155.85500,155.80500,1.00,-5.00,-275.00,秒逆張り,,,0,155.85500
2024-04-01,2024-04-30,20260207_214023,20260207_214023-0142,2024-04-29 13:46:10.015000,2024-04-29 13:47:14.207000,買い,155.51100,155.46100,1.00,-5.00,-280.00,秒逆張り,,,0,155.51100
2024-04-01,2024-04-30,20260207_214023,20260207_214023-0143,2024-04-29 13:47:16.481000,2024-04-29 13:47:31.561000,買い,155.47100,155.42100,1.00,-5.00,-285.00,秒逆張り,,,0,155.47100
2024-04-01,2024-04-30,20260207_214023,20260207_214023-0144,2024-04-29 13:47:37.127000,2024-04-29 13:47:42.203000,買い,155.44100,155.39100,1.00,-5.00,-290.00,秒逆張り,,,0,155.44100
2024-04-01,2024-04-30,20260207_214023,20260207_214023-0145,2024-04-29 13:48:50.519000,2024-04-29 13:49:51.748000,売り,155.46700,155.51700,1.00,-5.00,-295.00,秒逆張り,,,0,155.46700
2024-04-01,2024-04-30,20260207_214023,20260207_214023-0146,2024-04-29 13:49:57.103000,2024-04-29 13:49:58.287000,売り,155.69800,155.74800,1.00,-5.00,-300.00,秒逆張り,,,0,155.69800
2024-04-01,2024-04-30,20260207_214023,20260207_214023-0147,2024-04-29 13:50:41.043000,2024-04-29 13:51:45.448000,売り,155.95700,156.00700,1.00,-5.00,-305.00,秒逆張り,,,0,155.95700
2024-04-01,2024-04-30,20260207_214023,20260207_214023-0148,2024-04-29 13:52:31.814000,2024-04-29 13:52:33.564000,買い,155.65800,155.60800,1.00,-5.00,-310.00,秒逆張り,,,0,155.65800
2024-04-01,2024-04-30,20260207_214023,20260207_214023-0149,2024-04-29 13:52:51.869000,2024-04-29 13:52:56.921000,買い,155.60100,155.55100,1.00,-5.00,-315.00,秒逆張り,,,0,155.60100
2024-04-01,2024-04-30,20260207_214023,20260207_214023-0150,2024-04-29 13:52:36.295000,2024-04-29 13:53:00.061000,買い,155.56000,155.51000,1.00,-5.00,-320.00,秒逆張り,,,0,155.56000
2024-04-01,2024-04-30,20260207_214023,20260207_214023-0151,2024-04-29 13:53:15.264000,2024-04-29 13:53:23.938000,買い,155.42100,155.37100,1.00,-5.00,-325.00,秒逆張り,,,0,155.42100
2024-04-01,2024-04-30,20260207_214023,20260207_214023-0152,2024-04-29 13:53:44.355000,2024-04-29 13:53:44.768000,買い,155.36300,155.31300,1.00,-5.00,-330.00,秒逆張り,,,0,155.36300
2024-04-01,2024-04-30,20260207_214023,20260207_214023-0153,2024-04-29 13:53:57.962000,2024-04-29 13:53:58.736000,買い,155.30800,155.25800,1.00,-5.00,-335.00,秒逆張り,,,0,155.30800
2024-04-01,2024-04-30,20260207_214023,20260207_214023-0154,2024-04-29 13:53:36.577000,2024-04-29 13:54:00.749000,買い,155.26700,155.21700,1.00,-5.00,-340.00,秒逆張り,,,0,155.26700
2024-04-01,2024-04-30,20260207_214023,20260207_214023-0155,2024-04-29 13:54:43.814000,2024-04-29 13:56:16.382000,売り,155.47900,155.52900,1.00,-5.00,-345.00,秒逆張り,,,0,155.47900
2024-04-01,2024-04-30,20260207_214023,20260207_214023-0156,2024-04-29 13:57:55.188000,2024-04-29 13:58:00.143000,売り,156.05800,156.10800,1.00,-5.00,-350.00,秒逆張り,,,0,156.05800
2024-04-01,2024-04-30,20260207_214023,20260207_214023-0157,2024-04-29 13:59:15.730000,2024-04-29 13:59:49.746000,売り,156.38100,156.43100,1.00,-5.00,-355.00,秒逆張り,,,0,156.38100
2024-04-01,2024-04-30,20260207_214023,20260207_214023-0158,2024-04-29 14:02:08.334000,2024-04-29 14:02:13.152000,売り,156.57000,156.62000,1.00,-5.00,-360.00,秒逆張り,,,0,156.57000
2024-04-01,2024-04-30,20260207_214023,20260207_214023-0159,2024-04-29 14:02:28.628000,2024-04-29 14:02:32.477000,売り,156.72800,156.77800,1.00,-5.00,-365.00,秒逆張り,,,0,156.72800
2024-04-01,2024-04-30,20260207_214023,20260207_214023-0160,2024-04-29 14:02:47.905000,2024-04-29 14:02:48.784000,買い,156.13200,156.08200,1.00,-5.00,-370.00,秒逆張り,,,0,156.13200
2024-04-01,2024-04-30,20260207_214023,20260207_214023-0161,2024-04-29 14:02:50.962000,2024-04-29 14:02:51.479000,買い,156.06500,156.01500,1.00,-5.00,-375.00,秒逆張り,,,0,156.06500
2024-04-01,2024-04-30,20260207_214023,20260207_214023-0162,2024-04-29 14:03:01.426000,2024-04-29 14:03:06.783000,買い,155.91400,155.86400,1.00,-5.00,-380.00,秒逆張り,,,0,155.91400
2024-04-01,2024-04-30,20260207_214023,20260207_214023-0163,2024-04-29 14:03:10.702000,2024-04-29 14:03:14.297000,買い,155.78900,155.73900,1.00,-5.00,-385.00,秒逆張り,,,0,155.78900
2024-04-01,2024-04-30,20260207_214023,20260207_214023-0164,2024-04-29 14:03:19.182000,2024-04-29 14:03:24.710000,買い,155.63900,155.58900,1.00,-5.00,-390.00,秒逆張り,,,0,155.63900
2024-04-01,2024-04-30,20260207_214023,20260207_214023-0165,2024-04-29 14:03:27.910000,2024-04-29 14:03:29.511000,買い,155.47400,155.42400,1.00,-5.00,-395.00,秒逆張り,,,0,155.47400
2024-04-01,2024-04-30,20260207_214023,20260207_214023-0166,2024-04-29 14:03:32.140000,2024-04-29 14:03:33.076000,買い,155.44400,155.39400,1.00,-5.00,-400.00,秒逆張り,,,0,155.44400
2024-04-01,2024-04-30,20260207_214023,20260207_214023-0167,2024-04-29 14:04:01.808000,2024-04-29 14:04:07.113000,買い,155.49100,155.44100,1.00,-5.00,-405.00,秒逆張り,,,0,155.49100
2024-04-01,2024-04-30,20260207_214023,20260207_214023-0168,2024-04-29 14:03:53.499000,2024-04-29 14:04:11.318000,買い,155.41400,155.36400,1.00,-5.00,-410.00,秒逆張り,,,0,155.41400
2024-04-01,2024-04-30,20260207_214023,20260207_214023-0169,2024-04-29 14:03:39.412000,2024-04-29 14:04:12.458000,買い,155.35600,155.30600,1.00,-5.00,-415.00,秒逆張り,,,0,155.35600
2024-04-01,2024-04-30,20260207_214023,20260207_214023-0170,2024-04-29 14:04:29.644000,2024-04-29 14:04:40.888000,買い,155.30200,155.25200,1.00,-5.00,-420.00,秒逆張り,,,0,155.30200
2024-04-01,2024-04-30,20260207_214023,20260207_214023-0171,2024-04-29 14:04:42.223000,2024-04-29 14:04:59.851000,買い,155.24800,155.19800,1.00,-5.00,-425.00,秒逆張り,,,0,155.24800
2024-04-01,2024-04-30,20260207_214023,20260207_214023-0172,2024-04-29 14:04:58.098000,2024-04-29 14:04:59.851000,買い,155.28100,155.23100,1.00,-5.00,-430.00,秒逆張り,,,0,155.28100
2024-04-01,2024-04-30,20260207_214023,20260207_214023-0173,2024-04-29 14:05:15.717000,2024-04-29 14:05:20.003000,買い,155.21300,155.16300,1.00,-5.00,-435.00,秒逆張り,,,0,155.21300
2024-04-01,2024-04-30,20260207_214023,20260207_214023-0174,2024-04-29 14:05:10.261000,2024-04-29 14:05:26.909000,買い,155.18100,155.13100,1.00,-5.00,-440.00,秒逆張り,,,0,155.18100
2024-04-01,2024-04-30,20260207_214023,20260207_214023-0175,2024-04-29 14:08:12.095000,2024-04-29 14:08:15.295000,売り,155.29600,155.34600,1.00,-5.00,-445.00,秒逆張り,,,0,155.29600
2024-04-01,2024-04-30,20260207_214023,20260207_214023-0176,2024-04-29 14:06:47.700000,2024-04-29 14:08:15.553000,買い,155.05500,155.35500,1.00,30.00,-415.00,秒逆張り,,,0,155.05500
2024-04-01,2024-04-30,20260207_214023,20260207_214023-0177,2024-04-29 14:09:03.931000,2024-04-29 14:09:07.419000,買い,155.25100,155.20100,1.00,-5.00,-420.00,秒逆張り,,,0,155.25100
2024-04-01,2024-04-30,20260207_214023,20260207_214023-0178,2024-04-29 14:09:23.037000,2024-04-29 14:09:24.771000,売り,155.41800,155.46800,1.00,-5.00,-425.00,秒逆張り,,,0,155.41800
2024-04-01,2024-04-30,20260207_214023,20260207_214023-0179,2024-04-29 14:09:26.676000,2024-04-29 14:09:27.395000,売り,155.53100,155.58100,1.00,-5.00,-430.00,秒逆張り,,,0,155.53100
2024-04-01,2024-04-30,20260207_214023,20260207_214023-0180,2024-04-29 14:09:38.970000,2024-04-29 14:09:42.866000,売り,155.61700,155.66700,1.00,-5.00,-435.00,秒逆張り,,,0,155.61700
2024-04-01,2024-04-30,20260207_214023,20260207_214023-0181,2024-04-29 14:09:45.796000,2024-04-29 14:09:47.332000,売り,155.65800,155.70800,1.00,-5.00,-440.00,秒逆張り,,,0,155.65800
2024-04-01,2024-04-30,20260207_214023,20260207_214023-0182,2024-04-29 14:09:57.601000,2024-04-29 14:10:31.983000,売り,155.56500,155.26500,1.00,30.00,-410.00,秒逆張り,,,0,155.56500
2024-04-01,2024-04-30,20260207_214023,20260207_214023-0183,2024-04-29 14:10:30.296000,2024-04-29 14:10:32.803000,買い,155.29800,155.24800,1.00,-5.00,-415.00,秒逆張り,,,0,155.29800
2024-04-01,2024-04-30,20260207_214023,20260207_214023-0184,2024-04-29 14:10:34.858000,2024-04-29 14:12:58.062000,買い,155.20300,155.50300,1.00,30.00,-385.00,秒逆張り,,,0,155.20300
2024-04-01,2024-04-30,20260207_214023,20260207_214023-0185,2024-04-29 14:11:01.423000,2024-04-29 14:12:58.114000,買い,155.21600,155.51600,1.00,30.00,-355.00,秒逆張り,,,0,155.21600
2024-04-01,2024-04-30,20260207_214023,20260207_214023-0186,2024-04-29 14:12:59.507000,2024-04-29 14:13:43.657000,売り,155.59200,155.64200,1.00,-5.00,-360.00,秒逆張り,,,0,155.59200
2024-04-01,2024-04-30,20260207_214023,20260207_214023-0187,2024-04-29 14:14:06.227000,2024-04-29 14:17:59.857000,売り,155.81700,155.86700,1.00,-5.00,-365.00,秒逆張り,,,0,155.81700
2024-04-01,2024-04-30,20260207_214023,20260207_214023-0188,2024-04-29 14:18:03.302000,2024-04-29 14:19:22.125000,売り,155.96300,156.01300,1.00,-5.00,-370.00,秒逆張り,,,0,155.96300
2024-04-01,2024-04-30,20260207_214023,20260207_214023-0189,2024-04-29 14:20:06.456000,2024-04-29 14:21:47.252000,売り,156.13400,155.83400,1.00,30.00,-340.00,秒逆張り,,,0,156.13400
2024-04-01,2024-04-30,20260207_214023,20260207_214023-0190,2024-04-29 14:29:59.015000,2024-04-29 14:32:00.020000,売り,156.37000,156.07000,1.00,30.00,-310.00,秒逆張り,,,0,156.37000
2024-04-01,2024-04-30,20260207_214023,20260207_214023-0191,2024-04-29 14:32:01.263000,2024-04-29 14:32:01.778000,買い,156.00900,155.95900,1.00,-5.00,-315.00,秒逆張り,,,0,156.00900
2024-04-01,2024-04-30,20260207_214023,20260207_214023-0192,2024-04-29 14:32:05.086000,2024-04-29 14:32:05.914000,買い,155.82100,155.77100,1.00,-5.00,-320.00,秒逆張り,,,0,155.82100
2024-04-01,2024-04-30,20260207_214023,20260207_214023-0193,2024-04-29 14:32:07.176000,2024-04-29 14:32:08.986000,買い,155.75100,155.70100,1.00,-5.00,-325.00,秒逆張り,,,0,155.75100
2024-04-01,2024-04-30,20260207_214023,20260207_214023-0194,2024-04-29 14:32:13.055000,2024-04-29 14:32:13.263000,買い,155.54700,155.49700,1.00,-5.00,-330.00,秒逆張り,,,0,155.54700
2024-04-01,2024-04-30,20260207_214023,20260207_214023-0195,2024-04-29 14:32:47.349000,2024-04-29 14:32:50.174000,売り,156.08500,156.13500,1.00,-5.00,-335.00,秒逆張り,,,0,156.08500
2024-04-01,2024-04-30,20260207_214023,20260207_214023-0196,2024-04-29 14:32:58.832000,2024-04-29 14:33:28.254000,売り,156.09800,156.14800,1.00,-5.00,-340.00,秒逆張り,,,0,156.09800
2024-04-01,2024-04-30,20260207_214023,20260207_214023-0197,2024-04-29 14:33:31.508000,2024-04-29 14:34:25.537000,売り,156.25300,156.30300,1.00,-5.00,-345.00,秒逆張り,,,0,156.25300
2024-04-01,2024-04-30,20260207_214023,20260207_214023-0198,2024-04-29 15:00:35.763000,2024-04-29 15:27:29.864000,買い,156.70600,157.00600,1.00,30.00,-315.00,秒逆張り,,,0,156.70600
2024-04-01,2024-04-30,20260207_214023,20260207_214023-0199,2024-04-29 15:27:32.436000,2024-04-29 15:28:17.021000,売り,157.06400,157.11400,1.00,-5.00,-320.00,秒逆張り,,,0,157.06400
2024-04-01,2024-04-30,20260207_214023,20260207_214023-0200,2024-04-29 16:08:38.399000,2024-04-29 16:08:38.608000,買い,156.57500,156.52500,1.00,-5.00,-325.00,秒逆張り,,,0,156.57500
2024-04-01,2024-04-30,20260207_214023,20260207_214023-0201,2024-04-29 16:08:47.684000,2024-04-29 16:08:48.857000,買い,156.34300,156.29300,1.00,-5.00,-330.00,秒逆張り,,,0,156.34300
2024-04-01,2024-04-30,20260207_214023,20260207_214023-0202,2024-04-29 16:08:51.197000,2024-04-29 16:09:00.747000,買い,156.23600,156.18600,1.00,-5.00,-335.00,秒逆張り,,,0,156.23600
2024-04-01,2024-04-30,20260207_214023,20260207_214023-0203,2024-04-29 16:09:24.297000,2024-04-29 16:09:24.664000,買い,156.39500,156.34500,1.00,-5.00,-340.00,秒逆張り,,,0,156.39500
2024-04-01,2024-04-30,20260207_214023,20260207_214023-0204,2024-04-29 16:09:34.288000,2024-04-29 16:09:46.705000,買い,156.24800,156.19800,1.00,-5.00,-345.00,秒逆張り,,,0,156.24800
2024-04-01,2024-04-30,20260207_214023,20260207_214023-0205,2024-04-29 16:09:49.565000,2024-04-29 16:10:01.070000,買い,156.11300,156.06300,1.00,-5.00,-350.00,秒逆張り,,,0,156.11300
2024-04-01,2024-04-30,20260207_214023,20260207_214023-0206,2024-04-29 16:10:18.293000,2024-04-29 16:10:25.065000,買い,156.00700,155.95700,1.00,-5.00,-355.00,秒逆張り,,,0,156.00700
2024-04-01,2024-04-30,20260207_214023,20260207_214023-0207,2024-04-29 16:10:36.086000,2024-04-29 16:10:40.835000,買い,155.92600,155.87600,1.00,-5.00,-360.00,秒逆張り,,,0,155.92600
2024-04-01,2024-04-30,20260207_214023,20260207_214023-0208,2024-04-29 16:10:50.135000,2024-04-29 16:11:02.693000,買い,155.78200,155.73200,1.00,-5.00,-365.00,秒逆張り,,,0,155.78200
2024-04-01,2024-04-30,20260207_214023,20260207_214023-0209,2024-04-29 16:11:03.834000,2024-04-29 16:11:24.117000,買い,155.77500,155.72500,1.00,-5.00,-370.00,秒逆張り,,,0,155.77500
2024-04-01,2024-04-30,20260207_214023,20260207_214023-0210,2024-04-29 16:12:05.724000,2024-04-29 16:12:19.102000,買い,155.60400,155.55400,1.00,-5.00,-375.00,秒逆張り,,,0,155.60400
2024-04-01,2024-04-30,20260207_214023,20260207_214023-0211,2024-04-29 16:12:18.891000,2024-04-29 16:12:20.501000,買い,155.58000,155.53000,1.00,-5.00,-380.00,秒逆張り,,,0,155.58000
2024-04-01,2024-04-30,20260207_214023,20260207_214023-0212,2024-04-29 16:12:25.465000,2024-04-29 16:12:30.924000,買い,155.50300,155.45300,1.00,-5.00,-385.00,秒逆張り,,,0,155.50300
2024-04-01,2024-04-30,20260207_214023,20260207_214023-0213,2024-04-29 16:12:32.321000,2024-04-29 16:12:52.979000,買い,155.40000,155.35000,1.00,-5.00,-390.00,秒逆張り,,,0,155.40000
2024-04-01,2024-04-30,20260207_214023,20260207_214023-0214,2024-04-29 16:13:24.279000,2024-04-29 16:13:32.652000,売り,155.50800,155.55800,1.00,-5.00,-395.00,秒逆張り,,,0,155.50800
2024-04-01,2024-04-30,20260207_214023,20260207_214023-0215,2024-04-29 16:12:54.705000,2024-04-29 16:14:40.175000,買い,155.31200,155.61200,1.00,30.00,-365.00,秒逆張り,,,0,155.31200
2024-04-01,2024-04-30,20260207_214023,20260207_214023-0216,2024-04-29 16:13:20.135000,2024-04-29 16:14:40.330000,買い,155.31500,155.61500,1.00,30.00,-335.00,秒逆張り,,,0,155.31500
2024-04-01,2024-04-30,20260207_214023,20260207_214023-0217,2024-04-29 16:14:20.043000,2024-04-29 16:16:15.382000,買い,155.33300,155.63300,1.00,30.00,-305.00,秒逆張り,,,0,155.33300
2024-04-01,2024-04-30,20260207_214023,20260207_214023-0218,2024-04-29 16:15:02.899000,2024-04-29 16:16:16.211000,買い,155.37100,155.67100,1.00,30.00,-275.00,秒逆張り,,,0,155.37100
2024-04-01,2024-04-30,20260207_214023,20260207_214023-0219,2024-04-29 16:17:41.886000,2024-04-29 16:17:46.496000,買い,155.55000,155.50000,1.00,-5.00,-280.00,秒逆張り,,,0,155.55000
2024-04-01,2024-04-30,20260207_214023,20260207_214023-0220,2024-04-29 16:17:49.703000,2024-04-29 16:18:27.265000,買い,155.47900,155.77900,1.00,30.00,-250.00,秒逆張り,,,0,155.47900
2024-04-01,2024-04-30,20260207_214023,20260207_214023-0221,2024-04-29 16:18:42.744000,2024-04-29 16:19:30.784000,買い,155.52400,155.47400,1.00,-5.00,-255.00,秒逆張り,,,0,155.52400
2024-04-01,2024-04-30,20260207_214023,20260207_214023-0222,2024-04-29 16:20:15.881000,2024-04-29 16:20:33.404000,買い,155.39100,155.34100,1.00,-5.00,-260.00,秒逆張り,,,0,155.39100
2024-04-01,2024-04-30,20260207_214023,20260207_214023-0223,2024-04-29 16:20:34.484000,2024-04-29 16:24:40.315000,買い,155.35200,155.30200,1.00,-5.00,-265.00,秒逆張り,,,0,155.35200
2024-04-01,2024-04-30,20260207_214023,20260207_214023-0224,2024-04-29 16:24:48.927000,2024-04-29 16:25:29.130000,買い,155.26600,155.21600,1.00,-5.00,-270.00,秒逆張り,,,0,155.26600
2024-04-01,2024-04-30,20260207_214023,20260207_214023-0225,2024-04-29 16:34:02.312000,2024-04-29 16:34:15.258000,買い,154.98700,154.93700,1.00,-5.00,-275.00,秒逆張り,,,0,154.98700
2024-04-01,2024-04-30,20260207_214023,20260207_214023-0226,2024-04-29 16:31:39.534000,2024-04-29 16:34:20.421000,売り,155.22800,154.92800,1.00,30.00,-245.00,秒逆張り,,,0,155.22800
2024-04-01,2024-04-30,20260207_214023,20260207_214023-0227,2024-04-29 16:34:39.435000,2024-04-29 16:34:55.852000,買い,154.81100,154.76100,1.00,-5.00,-250.00,秒逆張り,,,0,154.81100
2024-04-01,2024-04-30,20260207_214023,20260207_214023-0228,2024-04-29 16:35:01.335000,2024-04-29 16:35:03.717000,買い,154.76100,154.71100,1.00,-5.00,-255.00,秒逆張り,,,0,154.76100
2024-04-01,2024-04-30,20260207_214023,20260207_214023-0229,2024-04-29 16:35:08.446000,2024-04-29 16:35:09.326000,買い,154.74900,154.69900,1.00,-5.00,-260.00,秒逆張り,,,0,154.74900
2024-04-01,2024-04-30,20260207_214023,20260207_214023-0230,2024-04-29 16:34:57.847000,2024-04-29 16:35:09.792000,買い,154.71500,154.66500,1.00,-5.00,-265.00,秒逆張り,,,0,154.71500
2024-04-01,2024-04-30,20260207_214023,20260207_214023-0231,2024-04-29 16:35:22.971000,2024-04-29 16:35:39.205000,買い,154.57700,154.52700,1.00,-5.00,-270.00,秒逆張り,,,0,154.57700
2024-04-01,2024-04-30,20260207_214023,20260207_214023-0232,2024-04-29 16:35:40.242000,2024-04-29 16:37:05.742000,買い,154.55800,154.85800,1.00,30.00,-240.00,秒逆張り,,,0,154.55800
2024-04-01,2024-04-30,20260207_214023,20260207_214023-0233,2024-04-29 16:40:35.389000,2024-04-29 16:40:36.624000,売り,154.95800,155.00800,1.00,-5.00,-245.00,秒逆張り,,,0,154.95800
2024-04-01,2024-04-30,20260207_214023,20260207_214023-0234,2024-04-29 16:41:47.852000,2024-04-29 16:41:48.320000,売り,155.19900,155.24900,1.00,-5.00,-250.00,秒逆張り,,,0,155.19900
2024-04-01,2024-04-30,20260207_214023,20260207_214023-0235,2024-04-29 17:32:47.037000,2024-04-29 17:32:48.648000,買い,155.30600,155.25600,1.00,-5.00,-255.00,秒逆張り,,,0,155.30600
2024-04-01,2024-04-30,20260207_214023,20260207_214023-0236,2024-04-29 17:32:40.573000,2024-04-29 17:34:08.272000,買い,155.16300,155.46300,1.00,30.00,-225.00,秒逆張り,,,0,155.16300
2024-04-01,2024-04-30,20260207_214023,20260207_214023-0237,2024-04-29 17:32:51.997000,2024-04-29 17:34:35.974000,買い,155.17800,155.47800,1.00,30.00,-195.00,秒逆張り,,,0,155.17800
2024-04-01,2024-04-30,20260207_214023,20260207_214023-0238,2024-04-29 17:33:09.463000,2024-04-29 17:34:40.260000,買い,155.24700,155.54700,1.00,30.00,-165.00,秒逆張り,,,0,155.24700
2024-04-01,2024-04-30,20260207_214023,20260207_214023-0239,2024-04-29 17:34:41.968000,2024-04-29 17:34:43.215000,売り,155.55000,155.60000,1.00,-5.00,-170.00,秒逆張り,,,0,155.55000
2024-04-01,2024-04-30,20260207_214023,20260207_214023-0240,2024-04-29 18:06:25.030000,2024-04-29 18:14:56.385000,買い,155.58200,155.88200,1.00,30.00,-140.00,秒逆張り,,,0,155.58200
2024-04-01,2024-04-30,20260207_214023,20260207_214023-0241,2024-04-29 19:18:40.649000,2024-04-29 19:18:42.254000,買い,155.55700,155.50700,1.00,-5.00,-145.00,秒逆張り,,,0,155.55700
2024-04-01,2024-04-30,20260207_214023,20260207_214023-0242,2024-04-29 19:18:59.870000,2024-04-29 19:22:20.646000,買い,155.58300,155.88300,1.00,30.00,-115.00,秒逆張り,,,0,155.58300
2024-04-01,2024-04-30,20260207_214023,20260207_214023-0243,2024-04-29 19:22:21.989000,2024-04-29 20:33:05.812000,売り,155.92500,155.97500,1.00,-5.00,-120.00,秒逆張り,,,0,155.92500
2024-04-01,2024-04-30,20260207_214023,20260207_214023-0244,2024-04-29 22:37:02.257000,2024-04-29 22:45:23.705000,買い,156.32500,156.62500,1.00,30.00,-90.00,秒逆張り,,,0,156.32500
2024-04-01,2024-04-30,20260207_214023,20260207_214023-0245,2024-04-30 01:42:15.294000,2024-04-30 01:42:16.583000,買い,156.10000,156.05000,1.00,-5.00,-95.00,秒逆張り,,,0,156.10000
2024-04-01,2024-04-30,20260207_214023,20260207_214023-0246,2024-04-30 01:42:48.882000,2024-04-30 01:42:50.967000,買い,156.02300,155.97300,1.00,-5.00,-100.00,秒逆張り,,,0,156.02300
2024-04-01,2024-04-30,20260207_214023,20260207_214023-0247,2024-04-30 01:42:26.602000,2024-04-30 01:43:00.840000,買い,155.91700,155.86700,1.00,-5.00,-105.00,秒逆張り,,,0,155.91700
2024-04-01,2024-04-30,20260207_214023,20260207_214023-0248,2024-04-30 01:42:52.666000,2024-04-30 01:43:00.840000,買い,155.91600,155.86600,1.00,-5.00,-110.00,秒逆張り,,,0,155.91600
2024-04-01,2024-04-30,20260207_214023,20260207_214023-0249,2024-04-30 01:43:09.597000,2024-04-30 01:43:12.085000,買い,155.81700,155.76700,1.00,-5.00,-115.00,秒逆張り,,,0,155.81700
2024-04-01,2024-04-30,20260207_214023,20260207_214023-0250,2024-04-30 01:43:13.284000,2024-04-30 01:43:16.322000,買い,155.71200,155.66200,1.00,-5.00,-120.00,秒逆張り,,,0,155.71200
2024-04-01,2024-04-30,20260207_214023,20260207_214023-0251,2024-04-30 01:43:40.048000,2024-04-30 01:43:49.395000,買い,155.70300,155.65300,1.00,-5.00,-125.00,秒逆張り,,,0,155.70300
2024-04-01,2024-04-30,20260207_214023,20260207_214023-0252,2024-04-30 01:44:25.032000,2024-04-30 01:44:45.601000,買い,155.60900,155.55900,1.00,-5.00,-130.00,秒逆張り,,,0,155.60900
2024-04-01,2024-04-30,20260207_214023,20260207_214023-0253,2024-04-30 01:44:47.335000,2024-04-30 01:45:10.979000,買い,155.50600,155.45600,1.00,-5.00,-135.00,秒逆張り,,,0,155.50600
2024-04-01,2024-04-30,20260207_214023,20260207_214023-0254,2024-04-30 01:45:10.207000,2024-04-30 01:45:10.979000,買い,155.49200,155.44200,1.00,-5.00,-140.00,秒逆張り,,,0,155.49200
2024-04-01,2024-04-30,20260207_214023,20260207_214023-0255,2024-04-30 01:45:16.213000,2024-04-30 01:45:31.100000,買い,155.46700,155.41700,1.00,-5.00,-145.00,秒逆張り,,,0,155.46700
2024-04-01,2024-04-30,20260207_214023,20260207_214023-0256,2024-04-30 01:46:18.836000,2024-04-30 01:46:34.402000,買い,155.31400,155.26400,1.00,-5.00,-150.00,秒逆張り,,,0,155.31400
2024-04-01,2024-04-30,20260207_214023,20260207_214023-0257,2024-04-30 01:48:30.920000,2024-04-30 01:48:32.209000,売り,155.54300,155.59300,1.00,-5.00,-155.00,秒逆張り,,,0,155.54300
2024-04-01,2024-04-30,20260207_214023,20260207_214023-0258,2024-04-30 03:03:46.848000,2024-04-30 03:03:47.389000,買い,155.74700,155.69700,1.00,-5.00,-160.00,秒逆張り,,,0,155.74700
2024-04-01,2024-04-30,20260207_214023,20260207_214023-0259,2024-04-30 03:03:49.577000,2024-04-30 03:05:26.033000,買い,155.63200,155.93200,1.00,30.00,-130.00,秒逆張り,,,0,155.63200
2024-04-01,2024-04-30,20260207_214023,20260207_214023-0260,2024-04-30 16:27:00.544000,2024-04-30 16:27:03.278000,買い,156.76100,156.71100,1.00,-5.00,-135.00,秒逆張り,,,0,156.76100
2024-04-01,2024-04-30,20260207_214023,20260207_214023-0261,2024-04-30 16:27:11.994000,2024-04-30 16:27:14.997000,買い,156.52500,156.47500,1.00,-5.00,-140.00,秒逆張り,,,0,156.52500
2024-04-01,2024-04-30,20260207_214023,20260207_214023-0262,2024-04-30 21:14:03.936000,2024-04-30 21:30:01.794000,買い,156.86100,157.16100,1.00,30.00,-110.00,秒逆張り,,,0,156.86100
2024-04-01,2024-04-30,20260207_214023,20260207_214023-0263,2024-04-30 21:30:04.893000,2024-04-30 21:30:07.053000,売り,157.19200,157.24200,1.00,-5.00,-115.00,秒逆張り,,,0,157.19200
2024-05-01,2024-05-31,20260207_214136,20260207_214136-0001,2024-05-02 03:00:04.355000,2024-05-02 03:00:10.851000,売り,157.74800,157.44800,1.00,30.00,-85.00,秒逆張り,,,0,157.74800
2024-05-01,2024-05-31,20260207_214136,20260207_214136-0002,2024-05-02 03:00:43.820000,2024-05-02 03:02:42.352000,買い,157.45500,157.40500,1.00,-5.00,-90.00,秒逆張り,,,0,157.45500
2024-05-01,2024-05-31,20260207_214136,20260207_214136-0003,2024-05-02 03:00:14.191000,2024-05-02 03:33:58.126000,買い,157.39000,157.34000,1.00,-5.00,-95.00,秒逆張り,,,0,157.39000
2024-05-01,2024-05-31,20260207_214136,20260207_214136-0004,2024-05-02 03:34:10.606000,2024-05-02 03:35:48.698000,買い,157.24400,157.54400,1.00,30.00,-65.00,秒逆張り,,,0,157.24400
2024-05-01,2024-05-31,20260207_214136,20260207_214136-0005,2024-05-02 03:35:49.897000,2024-05-02 03:35:51.462000,売り,157.51900,157.56900,1.00,-5.00,-70.00,秒逆張り,,,0,157.51900
2024-05-01,2024-05-31,20260207_214136,20260207_214136-0006,2024-05-02 03:40:59.386000,2024-05-02 03:51:08.960000,買い,157.11700,157.06700,1.00,-5.00,-75.00,秒逆張り,,,0,157.11700
2024-05-01,2024-05-31,20260207_214136,20260207_214136-0007,2024-05-02 21:30:05.846000,2024-05-02 21:31:54.072000,売り,154.79800,154.84800,1.00,-5.00,-80.00,秒逆張り,,,0,154.79800
2024-05-01,2024-05-31,20260207_214136,20260207_214136-0008,2024-05-03 21:30:07.093000,2024-05-03 21:30:11.781000,買い,152.57100,152.52100,1.00,-5.00,-85.00,秒逆張り,,,0,152.57100
2024-05-01,2024-05-31,20260207_214136,20260207_214136-0009,2024-05-09 21:30:01.858000,2024-05-09 21:30:06.075000,買い,155.68500,155.63500,1.00,-5.00,-90.00,秒逆張り,,,0,155.68500
2024-05-01,2024-05-31,20260207_214136,20260207_214136-0010,2024-05-14 21:30:02.980000,2024-05-14 21:30:04.790000,売り,156.66400,156.71400,1.00,-5.00,-95.00,秒逆張り,,,0,156.66400
2024-05-01,2024-05-31,20260207_214136,20260207_214136-0011,2024-05-15 21:30:04.063000,2024-05-15 21:30:04.951000,買い,155.12600,155.07600,1.00,-5.00,-100.00,秒逆張り,,,0,155.12600
2024-05-01,2024-05-31,20260207_214136,20260207_214136-0012,2024-05-15 21:30:08.203000,2024-05-15 21:30:09.902000,買い,154.89200,154.84200,1.00,-5.00,-105.00,秒逆張り,,,0,154.89200
2024-05-01,2024-05-31,20260207_214136,20260207_214136-0013,2024-05-15 21:30:11.336000,2024-05-15 21:30:26.420000,買い,154.83900,154.78900,1.00,-5.00,-110.00,秒逆張り,,,0,154.83900
2024-05-01,2024-05-31,20260207_214136,20260207_214136-0014,2024-05-21 15:09:08.768000,2024-05-21 16:10:59.326000,買い,156.15000,156.10000,1.00,-5.00,-115.00,秒逆張り,,,0,156.15000
2024-05-01,2024-05-31,20260207_214136,20260207_214136-0015,2024-05-23 22:45:02.127000,2024-05-23 22:47:21.201000,売り,156.96500,157.01500,1.00,-5.00,-120.00,秒逆張り,,,0,156.96500
2024-05-01,2024-05-31,20260207_214136,20260207_214136-0016,2024-05-23 23:12:40.340000,2024-05-23 23:12:43.255000,買い,157.03000,156.98000,1.00,-5.00,-125.00,秒逆張り,,,0,157.03000
2024-05-01,2024-05-31,20260207_214136,20260207_214136-0017,2024-05-23 23:12:44.806000,2024-05-23 23:12:47.609000,買い,156.96500,156.91500,1.00,-5.00,-130.00,秒逆張り,,,0,156.96500
2024-05-01,2024-05-31,20260207_214136,20260207_214136-0018,2024-05-23 23:13:24.884000,2024-05-23 23:13:41.552000,買い,156.70200,156.65200,1.00,-5.00,-135.00,秒逆張り,,,0,156.70200
2024-05-01,2024-05-31,20260207_214136,20260207_214136-0019,2024-05-30 21:30:07.491000,2024-05-30 21:32:49.084000,買い,156.70600,156.65600,1.00,-5.00,-140.00,秒逆張り,,,0,156.70600
2024-06-01,2024-06-30,20260207_214247,20260207_214247-0001,2024-06-03 23:00:02.587000,2024-06-03 23:00:05.113000,買い,156.54700,156.49700,1.00,-5.00,-145.00,秒逆張り,,,0,156.54700
2024-06-01,2024-06-30,20260207_214247,20260207_214247-0002,2024-06-04 18:20:42.458000,2024-06-04 18:21:04.694000,買い,155.09200,155.04200,1.00,-5.00,-150.00,秒逆張り,,,0,155.09200
2024-06-01,2024-06-30,20260207_214247,20260207_214247-0003,2024-06-04 23:00:03.210000,2024-06-04 23:00:03.432000,買い,154.67700,154.62700,1.00,-5.00,-155.00,秒逆張り,,,0,154.67700
2024-06-01,2024-06-30,20260207_214247,20260207_214247-0004,2024-06-05 23:00:07.879000,2024-06-05 23:03:01.303000,売り,156.10600,156.15600,1.00,-5.00,-160.00,秒逆張り,,,0,156.10600
2024-06-01,2024-06-30,20260207_214247,20260207_214247-0005,2024-06-05 23:00:02.540000,2024-06-05 23:03:42.751000,売り,156.13600,156.18600,1.00,-5.00,-165.00,秒逆張り,,,0,156.13600
2024-06-01,2024-06-30,20260207_214247,20260207_214247-0006,2024-06-06 21:30:07.532000,2024-06-06 21:30:18.000000,買い,155.97100,155.92100,1.00,-5.00,-170.00,秒逆張り,,,0,155.97100
2024-06-01,2024-06-30,20260207_214247,20260207_214247-0007,2024-06-07 21:30:04.261000,2024-06-07 21:30:05.243000,売り,155.93200,155.98200,1.00,-5.00,-175.00,秒逆張り,,,0,155.93200
2024-06-01,2024-06-30,20260207_214247,20260207_214247-0008,2024-06-07 21:30:07.357000,2024-06-07 21:30:11.516000,売り,156.02200,156.07200,1.00,-5.00,-180.00,秒逆張り,,,0,156.02200
2024-06-01,2024-06-30,20260207_214247,20260207_214247-0009,2024-06-07 21:30:13.945000,2024-06-07 21:30:17.240000,売り,156.11200,156.16200,1.00,-5.00,-185.00,秒逆張り,,,0,156.11200
2024-06-01,2024-06-30,20260207_214247,20260207_214247-0010,2024-06-07 21:30:48.648000,2024-06-07 21:30:49.476000,売り,156.21100,156.26100,1.00,-5.00,-190.00,秒逆張り,,,0,156.21100
2024-06-01,2024-06-30,20260207_214247,20260207_214247-0011,2024-06-07 21:30:54.620000,2024-06-07 21:31:02.589000,売り,156.36000,156.41000,1.00,-5.00,-195.00,秒逆張り,,,0,156.36000
2024-06-01,2024-06-30,20260207_214247,20260207_214247-0012,2024-06-07 21:31:02.173000,2024-06-07 21:31:03.056000,売り,156.36900,156.41900,1.00,-5.00,-200.00,秒逆張り,,,0,156.36900
2024-06-01,2024-06-30,20260207_214247,20260207_214247-0013,2024-06-12 21:30:09.675000,2024-06-12 21:30:11.786000,買い,156.61600,156.56600,1.00,-5.00,-205.00,秒逆張り,,,0,156.61600
2024-06-01,2024-06-30,20260207_214247,20260207_214247-0014,2024-06-12 21:30:33.848000,2024-06-12 21:30:37.057000,買い,156.42400,156.37400,1.00,-5.00,-210.00,秒逆張り,,,0,156.42400
2024-06-01,2024-06-30,20260207_214247,20260207_214247-0015,2024-06-13 03:00:19.481000,2024-06-13 03:00:23.342000,売り,156.16400,156.21400,1.00,-5.00,-215.00,秒逆張り,,,0,156.16400
2024-06-01,2024-06-30,20260207_214247,20260207_214247-0016,2024-06-13 03:00:24.629000,2024-06-13 03:00:28.864000,売り,156.16000,156.21000,1.00,-5.00,-220.00,秒逆張り,,,0,156.16000
2024-06-01,2024-06-30,20260207_214247,20260207_214247-0017,2024-06-13 03:32:27.364000,2024-06-13 03:35:45.692000,売り,156.31100,156.36100,1.00,-5.00,-225.00,秒逆張り,,,0,156.31100
2024-06-01,2024-06-30,20260207_214247,20260207_214247-0018,2024-06-13 21:30:04.554000,2024-06-13 21:30:08.252000,買い,156.98400,156.93400,1.00,-5.00,-230.00,秒逆張り,,,0,156.98400
2024-06-01,2024-06-30,20260207_214247,20260207_214247-0019,2024-06-13 21:30:10.853000,2024-06-13 21:30:19.170000,買い,156.85900,156.80900,1.00,-5.00,-235.00,秒逆張り,,,0,156.85900
2024-06-01,2024-06-30,20260207_214247,20260207_214247-0020,2024-06-14 12:10:04.073000,2024-06-14 12:10:16.370000,買い,156.87900,157.17900,1.00,30.00,-205.00,秒逆張り,,,0,156.87900
2024-06-01,2024-06-30,20260207_214247,20260207_214247-0021,2024-06-14 12:10:06.540000,2024-06-14 12:23:08.450000,買い,157.04500,157.34500,1.00,30.00,-175.00,秒逆張り,,,0,157.04500
2024-06-01,2024-06-30,20260207_214247,20260207_214247-0022,2024-06-14 12:23:14.347000,2024-06-14 12:23:14.450000,売り,157.32300,157.37300,1.00,-5.00,-180.00,秒逆張り,,,0,157.32300
2024-06-01,2024-06-30,20260207_214247,20260207_214247-0023,2024-06-14 12:23:09.940000,2024-06-14 12:23:38.977000,売り,157.37600,157.42600,1.00,-5.00,-185.00,秒逆張り,,,0,157.37600
2024-06-01,2024-06-30,20260207_214247,20260207_214247-0024,2024-06-14 12:23:37.443000,2024-06-14 12:23:38.977000,売り,157.36500,157.41500,1.00,-5.00,-190.00,秒逆張り,,,0,157.36500
2024-06-01,2024-06-30,20260207_214247,20260207_214247-0025,2024-06-14 12:23:52.631000,2024-06-14 12:23:54.018000,売り,157.48700,157.53700,1.00,-5.00,-195.00,秒逆張り,,,0,157.48700
2024-06-01,2024-06-30,20260207_214247,20260207_214247-0026,2024-06-14 12:23:55.405000,2024-06-14 12:24:16.442000,売り,157.56600,157.61600,1.00,-5.00,-200.00,秒逆張り,,,0,157.56600
2024-06-01,2024-06-30,20260207_214247,20260207_214247-0027,2024-06-14 14:52:09.296000,2024-06-14 14:56:50.067000,売り,158.11500,158.16500,1.00,-5.00,-205.00,秒逆張り,,,0,158.11500
2024-06-01,2024-06-30,20260207_214247,20260207_214247-0028,2024-06-14 15:37:16.116000,2024-06-14 15:37:16.220000,買い,157.97200,157.92200,1.00,-5.00,-210.00,秒逆張り,,,0,157.97200
2024-06-01,2024-06-30,20260207_214247,20260207_214247-0029,2024-06-14 15:37:20.676000,2024-06-14 15:38:48.658000,買い,157.90300,157.85300,1.00,-5.00,-215.00,秒逆張り,,,0,157.90300
2024-06-01,2024-06-30,20260207_214247,20260207_214247-0030,2024-06-14 16:00:39.801000,2024-06-14 16:35:16.514000,買い,157.80800,158.10800,1.00,30.00,-185.00,秒逆張り,,,0,157.80800
2024-06-01,2024-06-30,20260207_214247,20260207_214247-0031,2024-06-14 16:00:42.142000,2024-06-14 16:35:47.846000,買い,157.83800,158.13800,1.00,30.00,-155.00,秒逆張り,,,0,157.83800
2024-06-01,2024-06-30,20260207_214247,20260207_214247-0032,2024-06-18 21:30:01.564000,2024-06-18 21:30:04.393000,買い,157.88200,157.83200,1.00,-5.00,-160.00,秒逆張り,,,0,157.88200
2024-06-01,2024-06-30,20260207_214247,20260207_214247-0033,2024-06-18 21:30:08.069000,2024-06-18 21:37:18.635000,買い,157.78300,157.73300,1.00,-5.00,-165.00,秒逆張り,,,0,157.78300
2024-06-01,2024-06-30,20260207_214247,20260207_214247-0034,2024-06-21 22:45:02.481000,2024-06-21 22:45:05.104000,売り,159.08600,159.13600,1.00,-5.00,-170.00,秒逆張り,,,0,159.08600
2024-06-01,2024-06-30,20260207_214247,20260207_214247-0035,2024-06-24 19:05:50.014000,2024-06-24 19:05:50.376000,買い,159.37000,159.32000,1.00,-5.00,-175.00,秒逆張り,,,0,159.37000
2024-06-01,2024-06-30,20260207_214247,20260207_214247-0036,2024-06-24 19:06:52.435000,2024-06-24 19:06:54.881000,買い,159.17400,159.12400,1.00,-5.00,-180.00,秒逆張り,,,0,159.17400
2024-06-01,2024-06-30,20260207_214247,20260207_214247-0037,2024-06-24 19:07:03.301000,2024-06-24 19:07:03.766000,買い,158.90400,158.85400,1.00,-5.00,-185.00,秒逆張り,,,0,158.90400
2024-06-01,2024-06-30,20260207_214247,20260207_214247-0038,2024-06-24 19:08:29.487000,2024-06-24 19:13:21.675000,買い,159.10300,159.05300,1.00,-5.00,-190.00,秒逆張り,,,0,159.10300
2024-06-01,2024-06-30,20260207_214247,20260207_214247-0039,2024-06-26 22:05:31.270000,2024-06-26 22:05:39.429000,買い,160.11000,160.06000,1.00,-5.00,-195.00,秒逆張り,,,0,160.11000
2024-06-01,2024-06-30,20260207_214247,20260207_214247-0040,2024-06-27 21:30:03.825000,2024-06-27 21:57:01.072000,買い,160.36300,160.31300,1.00,-5.00,-200.00,秒逆張り,,,0,160.36300
2024-06-01,2024-06-30,20260207_214247,20260207_214247-0041,2024-06-28 21:30:05.063000,2024-06-28 22:13:04.284000,買い,160.41600,160.36600,1.00,-5.00,-205.00,秒逆張り,,,0,160.41600
2024-06-01,2024-06-30,20260207_214247,20260207_214247-0042,2024-06-28 22:42:03.194000,2024-06-28 22:56:11.545000,売り,160.39100,160.44100,1.00,-5.00,-210.00,秒逆張り,,,0,160.39100
2024-07-01,2024-07-31,20260207_214433,20260207_214433-0001,2024-07-01 23:00:03.438000,2024-07-01 23:02:24.524000,買い,160.99100,161.29100,1.00,30.00,-180.00,秒逆張り,,,0,160.99100
2024-07-01,2024-07-31,20260207_214433,20260207_214433-0002,2024-07-02 23:00:04.590000,2024-07-02 23:00:38.643000,売り,161.49900,161.54900,1.00,-5.00,-185.00,秒逆張り,,,0,161.49900
2024-07-01,2024-07-31,20260207_214433,20260207_214433-0003,2024-07-03 23:00:01.578000,2024-07-03 23:01:02.697000,買い,161.35700,161.30700,1.00,-5.00,-190.00,秒逆張り,,,0,161.35700
2024-07-01,2024-07-31,20260207_214433,20260207_214433-0004,2024-07-05 21:30:08.837000,2024-07-05 21:30:20.724000,売り,160.98700,160.68700,1.00,30.00,-160.00,秒逆張り,,,0,160.98700
2024-07-01,2024-07-31,20260207_214433,20260207_214433-0005,2024-07-05 21:30:16.806000,2024-07-05 21:30:24.980000,売り,160.86800,160.56800,1.00,30.00,-130.00,秒逆張り,,,0,160.86800
2024-07-01,2024-07-31,20260207_214433,20260207_214433-0006,2024-07-05 21:30:26.872000,2024-07-05 21:30:37.916000,買い,160.55300,160.50300,1.00,-5.00,-135.00,秒逆張り,,,0,160.55300
2024-07-01,2024-07-31,20260207_214433,20260207_214433-0007,2024-07-05 21:30:39.361000,2024-07-05 21:30:41.570000,買い,160.42800,160.37800,1.00,-5.00,-140.00,秒逆張り,,,0,160.42800
2024-07-01,2024-07-31,20260207_214433,20260207_214433-0008,2024-07-11 21:30:04.602000,2024-07-11 21:30:07.015000,買い,160.98100,160.93100,1.00,-5.00,-145.00,秒逆張り,,,0,160.98100
2024-07-01,2024-07-31,20260207_214433,20260207_214433-0009,2024-07-11 21:30:09.333000,2024-07-11 21:30:11.198000,買い,160.92700,160.87700,1.00,-5.00,-150.00,秒逆張り,,,0,160.92700
2024-07-01,2024-07-31,20260207_214433,20260207_214433-0010,2024-07-11 21:42:09.406000,2024-07-11 21:42:10.234000,買い,160.50400,160.45400,1.00,-5.00,-155.00,秒逆張り,,,0,160.50400
2024-07-01,2024-07-31,20260207_214433,20260207_214433-0011,2024-07-11 21:42:14.328000,2024-07-11 21:42:16.795000,買い,160.29800,160.24800,1.00,-5.00,-160.00,秒逆張り,,,0,160.29800
2024-07-01,2024-07-31,20260207_214433,20260207_214433-0012,2024-07-11 21:42:17.935000,2024-07-11 21:42:22.803000,買い,160.18200,160.13200,1.00,-5.00,-165.00,秒逆張り,,,0,160.18200
2024-07-01,2024-07-31,20260207_214433,20260207_214433-0013,2024-07-11 21:42:32.026000,2024-07-11 21:42:50.028000,買い,160.02000,159.97000,1.00,-5.00,-170.00,秒逆張り,,,0,160.02000
2024-07-01,2024-07-31,20260207_214433,20260207_214433-0014,2024-07-11 21:42:55.648000,2024-07-11 21:42:56.118000,買い,159.75200,159.70200,1.00,-5.00,-175.00,秒逆張り,,,0,159.75200
2024-07-01,2024-07-31,20260207_214433,20260207_214433-0015,2024-07-11 21:43:14.248000,2024-07-11 21:43:18.970000,買い,159.00000,159.30000,1.00,30.00,-145.00,秒逆張り,,,0,159.00000
2024-07-01,2024-07-31,20260207_214433,20260207_214433-0016,2024-07-11 21:43:22.008000,2024-07-11 21:43:23.719000,買い,159.36500,159.31500,1.00,-5.00,-150.00,秒逆張り,,,0,159.36500
2024-07-01,2024-07-31,20260207_214433,20260207_214433-0017,2024-07-11 21:43:31.808000,2024-07-11 21:43:32.800000,買い,159.00700,158.95700,1.00,-5.00,-155.00,秒逆張り,,,0,159.00700
2024-07-01,2024-07-31,20260207_214433,20260207_214433-0018,2024-07-11 21:43:33.838000,2024-07-11 21:43:37.345000,買い,158.98700,158.93700,1.00,-5.00,-160.00,秒逆張り,,,0,158.98700
2024-07-01,2024-07-31,20260207_214433,20260207_214433-0019,2024-07-11 21:43:38.943000,2024-07-11 21:43:41.645000,買い,158.89300,158.84300,1.00,-5.00,-165.00,秒逆張り,,,0,158.89300
2024-07-01,2024-07-31,20260207_214433,20260207_214433-0020,2024-07-11 21:43:44.794000,2024-07-11 21:43:49.096000,買い,158.77100,158.72100,1.00,-5.00,-170.00,秒逆張り,,,0,158.77100
2024-07-01,2024-07-31,20260207_214433,20260207_214433-0021,2024-07-11 21:43:51.517000,2024-07-11 21:43:57.299000,買い,158.72800,159.02800,1.00,30.00,-140.00,秒逆張り,,,0,158.72800
2024-07-01,2024-07-31,20260207_214433,20260207_214433-0022,2024-07-11 21:43:59.517000,2024-07-11 21:44:07.712000,売り,159.17700,158.87700,1.00,30.00,-110.00,秒逆張り,,,0,159.17700
2024-07-01,2024-07-31,20260207_214433,20260207_214433-0023,2024-07-11 21:44:14.368000,2024-07-11 21:44:17.623000,買い,158.78500,158.73500,1.00,-5.00,-115.00,秒逆張り,,,0,158.78500
2024-07-01,2024-07-31,20260207_214433,20260207_214433-0024,2024-07-11 21:44:28.385000,2024-07-11 21:44:29.466000,買い,158.59800,158.54800,1.00,-5.00,-120.00,秒逆張り,,,0,158.59800
2024-07-01,2024-07-31,20260207_214433,20260207_214433-0025,2024-07-11 21:44:35.228000,2024-07-11 21:44:36.002000,買い,158.68500,158.63500,1.00,-5.00,-125.00,秒逆張り,,,0,158.68500
2024-07-01,2024-07-31,20260207_214433,20260207_214433-0026,2024-07-11 21:44:38.371000,2024-07-11 21:44:48.667000,買い,158.55200,158.85200,1.00,30.00,-95.00,秒逆張り,,,0,158.55200
2024-07-01,2024-07-31,20260207_214433,20260207_214433-0027,2024-07-11 21:44:44.596000,2024-07-11 21:44:48.874000,買い,158.58400,158.88400,1.00,30.00,-65.00,秒逆張り,,,0,158.58400
2024-07-01,2024-07-31,20260207_214433,20260207_214433-0028,2024-07-11 21:45:21.621000,2024-07-11 21:45:37.855000,売り,158.87400,158.92400,1.00,-5.00,-70.00,秒逆張り,,,0,158.87400
2024-07-01,2024-07-31,20260207_214433,20260207_214433-0029,2024-07-11 21:45:43.858000,2024-07-11 21:45:44.477000,売り,159.12800,159.17800,1.00,-5.00,-75.00,秒逆張り,,,0,159.12800
2024-07-01,2024-07-31,20260207_214433,20260207_214433-0030,2024-07-11 21:45:46.644000,2024-07-11 21:45:46.800000,売り,159.21600,159.26600,1.00,-5.00,-80.00,秒逆張り,,,0,159.21600
2024-07-01,2024-07-31,20260207_214433,20260207_214433-0031,2024-07-11 21:45:48.856000,2024-07-11 21:45:49.117000,売り,159.28200,159.33200,1.00,-5.00,-85.00,秒逆張り,,,0,159.28200
2024-07-01,2024-07-31,20260207_214433,20260207_214433-0032,2024-07-11 21:45:56.004000,2024-07-11 21:45:57.806000,売り,159.47500,159.52500,1.00,-5.00,-90.00,秒逆張り,,,0,159.47500
2024-07-01,2024-07-31,20260207_214433,20260207_214433-0033,2024-07-11 21:46:20.247000,2024-07-11 21:46:38.611000,売り,159.44000,159.49000,1.00,-5.00,-95.00,秒逆張り,,,0,159.44000
2024-07-01,2024-07-31,20260207_214433,20260207_214433-0034,2024-07-11 21:46:02.781000,2024-07-11 21:46:41.285000,売り,159.52300,159.57300,1.00,-5.00,-100.00,秒逆張り,,,0,159.52300
2024-07-01,2024-07-31,20260207_214433,20260207_214433-0035,2024-07-11 21:46:41.182000,2024-07-11 21:46:41.543000,売り,159.54600,159.59600,1.00,-5.00,-105.00,秒逆張り,,,0,159.54600
2024-07-01,2024-07-31,20260207_214433,20260207_214433-0036,2024-07-11 21:46:45.660000,2024-07-11 21:46:51.120000,売り,159.64100,159.34100,1.00,30.00,-75.00,秒逆張り,,,0,159.64100
2024-07-01,2024-07-31,20260207_214433,20260207_214433-0037,2024-07-11 21:46:54.003000,2024-07-11 21:46:54.419000,買い,159.25100,159.20100,1.00,-5.00,-80.00,秒逆張り,,,0,159.25100
2024-07-01,2024-07-31,20260207_214433,20260207_214433-0038,2024-07-11 21:47:01.399000,2024-07-11 21:47:02.484000,買い,159.00700,158.95700,1.00,-5.00,-85.00,秒逆張り,,,0,159.00700
2024-07-01,2024-07-31,20260207_214433,20260207_214433-0039,2024-07-11 21:47:25.781000,2024-07-11 21:47:27.175000,買い,159.12400,159.07400,1.00,-5.00,-90.00,秒逆張り,,,0,159.12400
2024-07-01,2024-07-31,20260207_214433,20260207_214433-0040,2024-07-11 21:47:34.882000,2024-07-11 21:47:44.219000,買い,159.10200,159.05200,1.00,-5.00,-95.00,秒逆張り,,,0,159.10200
2024-07-01,2024-07-31,20260207_214433,20260207_214433-0041,2024-07-11 21:47:41.393000,2024-07-11 21:47:44.219000,買い,159.09600,159.04600,1.00,-5.00,-100.00,秒逆張り,,,0,159.09600
2024-07-01,2024-07-31,20260207_214433,20260207_214433-0042,2024-07-11 21:47:15.959000,2024-07-11 21:47:44.270000,買い,159.05400,159.00400,1.00,-5.00,-105.00,秒逆張り,,,0,159.05400
2024-07-01,2024-07-31,20260207_214433,20260207_214433-0043,2024-07-11 21:48:14.378000,2024-07-11 21:48:23.741000,買い,158.82300,158.77300,1.00,-5.00,-110.00,秒逆張り,,,0,158.82300
2024-07-01,2024-07-31,20260207_214433,20260207_214433-0044,2024-07-11 21:48:21.121000,2024-07-11 21:48:24.000000,買い,158.79700,158.74700,1.00,-5.00,-115.00,秒逆張り,,,0,158.79700
2024-07-01,2024-07-31,20260207_214433,20260207_214433-0045,2024-07-11 21:48:31.218000,2024-07-11 21:48:37.419000,買い,158.76600,159.06600,1.00,30.00,-85.00,秒逆張り,,,0,158.76600
2024-07-01,2024-07-31,20260207_214433,20260207_214433-0046,2024-07-11 21:49:19.395000,2024-07-11 21:49:19.961000,買い,158.71200,158.66200,1.00,-5.00,-90.00,秒逆張り,,,0,158.71200
2024-07-01,2024-07-31,20260207_214433,20260207_214433-0047,2024-07-11 21:49:25.983000,2024-07-11 21:49:34.835000,買い,158.68400,158.63400,1.00,-5.00,-95.00,秒逆張り,,,0,158.68400
2024-07-01,2024-07-31,20260207_214433,20260207_214433-0048,2024-07-11 21:49:36.050000,2024-07-11 21:49:40.876000,買い,158.67200,158.62200,1.00,-5.00,-100.00,秒逆張り,,,0,158.67200
2024-07-01,2024-07-31,20260207_214433,20260207_214433-0049,2024-07-11 21:50:13.137000,2024-07-11 21:50:13.240000,売り,158.75400,158.80400,1.00,-5.00,-105.00,秒逆張り,,,0,158.75400
2024-07-01,2024-07-31,20260207_214433,20260207_214433-0050,2024-07-11 21:50:29.216000,2024-07-11 21:50:36.893000,買い,158.51800,158.46800,1.00,-5.00,-110.00,秒逆張り,,,0,158.51800
2024-07-01,2024-07-31,20260207_214433,20260207_214433-0051,2024-07-11 21:50:38.544000,2024-07-11 21:50:41.011000,買い,158.45000,158.40000,1.00,-5.00,-115.00,秒逆張り,,,0,158.45000
2024-07-01,2024-07-31,20260207_214433,20260207_214433-0052,2024-07-11 21:51:06.306000,2024-07-11 21:51:06.924000,売り,158.66700,158.71700,1.00,-5.00,-120.00,秒逆張り,,,0,158.66700
2024-07-01,2024-07-31,20260207_214433,20260207_214433-0053,2024-07-11 21:51:45.054000,2024-07-11 21:51:45.672000,売り,158.66700,158.71700,1.00,-5.00,-125.00,秒逆張り,,,0,158.66700
2024-07-01,2024-07-31,20260207_214433,20260207_214433-0054,2024-07-11 21:52:01.496000,2024-07-11 21:52:01.910000,売り,158.97000,159.02000,1.00,-5.00,-130.00,秒逆張り,,,0,158.97000
2024-07-01,2024-07-31,20260207_214433,20260207_214433-0055,2024-07-11 21:52:09.879000,2024-07-11 21:52:10.242000,売り,159.14400,159.19400,1.00,-5.00,-135.00,秒逆張り,,,0,159.14400
2024-07-01,2024-07-31,20260207_214433,20260207_214433-0056,2024-07-11 21:52:48.996000,2024-07-11 21:52:52.849000,買い,158.90000,158.85000,1.00,-5.00,-140.00,秒逆張り,,,0,158.90000
2024-07-01,2024-07-31,20260207_214433,20260207_214433-0057,2024-07-11 21:53:50.340000,2024-07-11 21:53:56.300000,買い,158.69100,158.64100,1.00,-5.00,-145.00,秒逆張り,,,0,158.69100
2024-07-01,2024-07-31,20260207_214433,20260207_214433-0058,2024-07-11 21:54:00.921000,2024-07-11 21:54:08.429000,売り,158.85900,158.90900,1.00,-5.00,-150.00,秒逆張り,,,0,158.85900
2024-07-01,2024-07-31,20260207_214433,20260207_214433-0059,2024-07-11 21:54:19.055000,2024-07-11 21:54:41.330000,買い,158.64400,158.94400,1.00,30.00,-120.00,秒逆張り,,,0,158.64400
2024-07-01,2024-07-31,20260207_214433,20260207_214433-0060,2024-07-11 21:55:21.169000,2024-07-11 21:55:53.825000,売り,158.92700,158.97700,1.00,-5.00,-125.00,秒逆張り,,,0,158.92700
2024-07-01,2024-07-31,20260207_214433,20260207_214433-0061,2024-07-11 21:54:42.564000,2024-07-11 21:55:54.487000,売り,158.92900,158.97900,1.00,-5.00,-130.00,秒逆張り,,,0,158.92900
2024-07-01,2024-07-31,20260207_214433,20260207_214433-0062,2024-07-11 21:57:52.694000,2024-07-11 21:57:54.134000,買い,158.95700,158.90700,1.00,-5.00,-135.00,秒逆張り,,,0,158.95700
2024-07-01,2024-07-31,20260207_214433,20260207_214433-0063,2024-07-11 21:58:05.138000,2024-07-11 21:58:06.170000,買い,158.70500,158.65500,1.00,-5.00,-140.00,秒逆張り,,,0,158.70500
2024-07-01,2024-07-31,20260207_214433,20260207_214433-0064,2024-07-11 21:58:07.255000,2024-07-11 21:58:07.410000,買い,158.64600,158.59600,1.00,-5.00,-145.00,秒逆張り,,,0,158.64600
2024-07-01,2024-07-31,20260207_214433,20260207_214433-0065,2024-07-11 21:58:20.042000,2024-07-11 21:58:27.949000,買い,158.69800,158.64800,1.00,-5.00,-150.00,秒逆張り,,,0,158.69800
2024-07-01,2024-07-31,20260207_214433,20260207_214433-0066,2024-07-11 21:58:44.284000,2024-07-11 21:59:07.791000,買い,158.62700,158.57700,1.00,-5.00,-155.00,秒逆張り,,,0,158.62700
2024-07-01,2024-07-31,20260207_214433,20260207_214433-0067,2024-07-11 21:58:30.983000,2024-07-11 21:59:07.894000,買い,158.58500,158.53500,1.00,-5.00,-160.00,秒逆張り,,,0,158.58500
2024-07-01,2024-07-31,20260207_214433,20260207_214433-0068,2024-07-11 21:59:09.288000,2024-07-11 22:00:11.338000,買い,158.50600,158.45600,1.00,-5.00,-165.00,秒逆張り,,,0,158.50600
2024-07-01,2024-07-31,20260207_214433,20260207_214433-0069,2024-07-11 22:00:03.693000,2024-07-11 22:00:11.338000,買い,158.53000,158.48000,1.00,-5.00,-170.00,秒逆張り,,,0,158.53000
2024-07-01,2024-07-31,20260207_214433,20260207_214433-0070,2024-07-11 22:00:13.244000,2024-07-11 22:00:18.030000,買い,158.46000,158.41000,1.00,-5.00,-175.00,秒逆張り,,,0,158.46000
2024-07-01,2024-07-31,20260207_214433,20260207_214433-0071,2024-07-11 22:00:47.199000,2024-07-11 22:00:57.640000,買い,158.41300,158.36300,1.00,-5.00,-180.00,秒逆張り,,,0,158.41300
2024-07-01,2024-07-31,20260207_214433,20260207_214433-0072,2024-07-11 22:01:40.377000,2024-07-11 22:01:57.110000,買い,158.29100,158.24100,1.00,-5.00,-185.00,秒逆張り,,,0,158.29100
2024-07-01,2024-07-31,20260207_214433,20260207_214433-0073,2024-07-11 22:01:21.974000,2024-07-11 22:02:13.873000,売り,158.47800,158.17800,1.00,30.00,-155.00,秒逆張り,,,0,158.47800
2024-07-01,2024-07-31,20260207_214433,20260207_214433-0074,2024-07-11 22:03:02.457000,2024-07-11 22:03:54.112000,売り,158.31100,158.01100,1.00,30.00,-125.00,秒逆張り,,,0,158.31100
2024-07-01,2024-07-31,20260207_214433,20260207_214433-0075,2024-07-11 22:05:02.874000,2024-07-11 22:05:05.028000,買い,157.83200,157.78200,1.00,-5.00,-130.00,秒逆張り,,,0,157.83200
2024-07-01,2024-07-31,20260207_214433,20260207_214433-0076,2024-07-11 22:07:05.026000,2024-07-11 22:07:16.637000,買い,157.70900,157.65900,1.00,-5.00,-135.00,秒逆張り,,,0,157.70900
2024-07-01,2024-07-31,20260207_214433,20260207_214433-0077,2024-07-11 22:07:13.814000,2024-07-11 22:07:17.102000,買い,157.69600,157.64600,1.00,-5.00,-140.00,秒逆張り,,,0,157.69600
2024-07-01,2024-07-31,20260207_214433,20260207_214433-0078,2024-07-11 22:07:18.493000,2024-07-11 22:07:20.066000,買い,157.71700,157.66700,1.00,-5.00,-145.00,秒逆張り,,,0,157.71700
2024-07-01,2024-07-31,20260207_214433,20260207_214433-0079,2024-07-11 22:06:55.365000,2024-07-11 22:07:33.913000,売り,157.92100,157.62100,1.00,30.00,-115.00,秒逆張り,,,0,157.92100
2024-07-01,2024-07-31,20260207_214433,20260207_214433-0080,2024-07-11 22:11:02.679000,2024-07-11 22:12:38.720000,買い,157.61800,157.91800,1.00,30.00,-85.00,秒逆張り,,,0,157.61800
2024-07-01,2024-07-31,20260207_214433,20260207_214433-0081,2024-07-11 22:14:04.200000,2024-07-11 22:14:10.350000,売り,158.19700,158.24700,1.00,-5.00,-90.00,秒逆張り,,,0,158.19700
2024-07-01,2024-07-31,20260207_214433,20260207_214433-0082,2024-07-11 22:33:40.125000,2024-07-11 22:33:41.725000,買い,158.52700,158.47700,1.00,-5.00,-95.00,秒逆張り,,,0,158.52700
2024-07-01,2024-07-31,20260207_214433,20260207_214433-0083,2024-07-11 22:33:48.685000,2024-07-11 22:33:50.285000,買い,158.15200,158.10200,1.00,-5.00,-100.00,秒逆張り,,,0,158.15200
2024-07-01,2024-07-31,20260207_214433,20260207_214433-0084,2024-07-11 22:34:00.111000,2024-07-11 22:34:00.882000,買い,158.08400,158.03400,1.00,-5.00,-105.00,秒逆張り,,,0,158.08400
2024-07-01,2024-07-31,20260207_214433,20260207_214433-0085,2024-07-11 22:33:55.427000,2024-07-11 22:34:01.601000,買い,158.07500,158.02500,1.00,-5.00,-110.00,秒逆張り,,,0,158.07500
2024-07-01,2024-07-31,20260207_214433,20260207_214433-0086,2024-07-11 22:34:05.919000,2024-07-11 22:34:17.639000,買い,157.93300,158.23300,1.00,30.00,-80.00,秒逆張り,,,0,157.93300
2024-07-01,2024-07-31,20260207_214433,20260207_214433-0087,2024-07-11 22:34:41.121000,2024-07-11 22:34:44.705000,売り,158.30700,158.35700,1.00,-5.00,-85.00,秒逆張り,,,0,158.30700
2024-07-01,2024-07-31,20260207_214433,20260207_214433-0088,2024-07-11 22:34:23.739000,2024-07-11 22:34:49.169000,買い,158.19200,158.49200,1.00,30.00,-55.00,秒逆張り,,,0,158.19200
2024-07-01,2024-07-31,20260207_214433,20260207_214433-0089,2024-07-11 22:34:47.842000,2024-07-11 22:34:49.169000,売り,158.44700,158.49700,1.00,-5.00,-60.00,秒逆張り,,,0,158.44700
2024-07-01,2024-07-31,20260207_214433,20260207_214433-0090,2024-07-11 22:35:18.482000,2024-07-11 22:35:20.787000,売り,158.57600,158.62600,1.00,-5.00,-65.00,秒逆張り,,,0,158.57600
2024-07-01,2024-07-31,20260207_214433,20260207_214433-0091,2024-07-12 11:06:08.928000,2024-07-12 11:06:09.856000,買い,159.02500,158.97500,1.00,-5.00,-70.00,秒逆張り,,,0,159.02500
2024-07-01,2024-07-31,20260207_214433,20260207_214433-0092,2024-07-12 21:30:22.637000,2024-07-12 21:30:25.195000,売り,158.84300,158.89300,1.00,-5.00,-75.00,秒逆張り,,,0,158.84300
2024-07-01,2024-07-31,20260207_214433,20260207_214433-0093,2024-07-12 21:30:06.177000,2024-07-12 21:31:00.866000,売り,158.92100,158.97100,1.00,-5.00,-80.00,秒逆張り,,,0,158.92100
2024-07-01,2024-07-31,20260207_214433,20260207_214433-0094,2024-07-12 22:08:12.640000,2024-07-12 22:08:15.312000,買い,158.40000,158.35000,1.00,-5.00,-85.00,秒逆張り,,,0,158.40000
2024-07-01,2024-07-31,20260207_214433,20260207_214433-0095,2024-07-12 22:08:21.504000,2024-07-12 22:08:57.624000,買い,158.17400,158.12400,1.00,-5.00,-90.00,秒逆張り,,,0,158.17400
2024-07-01,2024-07-31,20260207_214433,20260207_214433-0096,2024-07-12 22:08:59.123000,2024-07-12 22:09:00.873000,買い,158.11100,158.06100,1.00,-5.00,-95.00,秒逆張り,,,0,158.11100
2024-07-01,2024-07-31,20260207_214433,20260207_214433-0097,2024-07-12 22:09:05.028000,2024-07-12 22:09:08.895000,買い,158.00000,157.95000,1.00,-5.00,-100.00,秒逆張り,,,0,158.00000
2024-07-01,2024-07-31,20260207_214433,20260207_214433-0098,2024-07-12 22:09:17.207000,2024-07-12 22:09:17.826000,買い,158.10400,158.05400,1.00,-5.00,-105.00,秒逆張り,,,0,158.10400
2024-07-01,2024-07-31,20260207_214433,20260207_214433-0099,2024-07-12 22:09:26.797000,2024-07-12 22:09:31.429000,買い,157.95200,157.90200,1.00,-5.00,-110.00,秒逆張り,,,0,157.95200
2024-07-01,2024-07-31,20260207_214433,20260207_214433-0100,2024-07-12 22:09:32.767000,2024-07-12 22:09:37.703000,買い,157.95600,157.90600,1.00,-5.00,-115.00,秒逆張り,,,0,157.95600
2024-07-01,2024-07-31,20260207_214433,20260207_214433-0101,2024-07-12 22:09:19.113000,2024-07-12 22:09:43.520000,買い,157.90300,157.85300,1.00,-5.00,-120.00,秒逆張り,,,0,157.90300
2024-07-01,2024-07-31,20260207_214433,20260207_214433-0102,2024-07-12 22:10:18.209000,2024-07-12 22:10:36.861000,買い,157.60900,157.90900,1.00,30.00,-90.00,秒逆張り,,,0,157.60900
2024-07-01,2024-07-31,20260207_214433,20260207_214433-0103,2024-07-12 22:10:38.205000,2024-07-12 22:10:52.157000,売り,157.96000,158.01000,1.00,-5.00,-95.00,秒逆張り,,,0,157.96000
2024-07-01,2024-07-31,20260207_214433,20260207_214433-0104,2024-07-12 22:10:54.266000,2024-07-12 22:11:54.379000,売り,158.08400,157.78400,1.00,30.00,-65.00,秒逆張り,,,0,158.08400
2024-07-01,2024-07-31,20260207_214433,20260207_214433-0105,2024-07-12 22:11:48.675000,2024-07-12 22:12:06.367000,買い,157.79700,157.74700,1.00,-5.00,-70.00,秒逆張り,,,0,157.79700
2024-07-01,2024-07-31,20260207_214433,20260207_214433-0106,2024-07-12 22:18:43.307000,2024-07-12 22:18:45.816000,買い,157.70900,157.65900,1.00,-5.00,-75.00,秒逆張り,,,0,157.70900
2024-07-01,2024-07-31,20260207_214433,20260207_214433-0107,2024-07-12 22:19:09.716000,2024-07-12 22:19:31.791000,買い,157.40400,157.70400,1.00,30.00,-45.00,秒逆張り,,,0,157.40400
2024-07-01,2024-07-31,20260207_214433,20260207_214433-0108,2024-07-12 22:31:04.179000,2024-07-12 22:40:32.558000,買い,157.92300,158.22300,1.00,30.00,-15.00,秒逆張り,,,0,157.92300
2024-07-01,2024-07-31,20260207_214433,20260207_214433-0109,2024-07-12 23:11:36.372000,2024-07-12 23:11:41.377000,買い,157.92300,157.87300,1.00,-5.00,-20.00,秒逆張り,,,0,157.92300
2024-07-01,2024-07-31,20260207_214433,20260207_214433-0110,2024-07-12 23:12:09.504000,2024-07-12 23:12:09.555000,買い,157.88000,157.83000,1.00,-5.00,-25.00,秒逆張り,,,0,157.88000
2024-07-01,2024-07-31,20260207_214433,20260207_214433-0111,2024-07-12 23:11:50.174000,2024-07-12 23:12:13.837000,買い,157.74900,157.69900,1.00,-5.00,-30.00,秒逆張り,,,0,157.74900
2024-07-01,2024-07-31,20260207_214433,20260207_214433-0112,2024-07-12 23:12:13.011000,2024-07-12 23:12:13.888000,買い,157.74000,157.69000,1.00,-5.00,-35.00,秒逆張り,,,0,157.74000
2024-07-01,2024-07-31,20260207_214433,20260207_214433-0113,2024-07-12 23:12:59.714000,2024-07-12 23:13:02.294000,買い,157.54800,157.49800,1.00,-5.00,-40.00,秒逆張り,,,0,157.54800
2024-07-01,2024-07-31,20260207_214433,20260207_214433-0114,2024-07-12 23:13:07.403000,2024-07-12 23:13:08.460000,買い,157.48100,157.43100,1.00,-5.00,-45.00,秒逆張り,,,0,157.48100
2024-07-01,2024-07-31,20260207_214433,20260207_214433-0115,2024-07-13 00:16:11.094000,2024-07-13 00:19:52.348000,買い,157.55200,157.85200,1.00,30.00,-15.00,秒逆張り,,,0,157.55200
2024-07-01,2024-07-31,20260207_214433,20260207_214433-0116,2024-07-16 01:41:50.274000,2024-07-16 01:41:51.105000,買い,157.61400,157.56400,1.00,-5.00,-20.00,秒逆張り,,,0,157.61400
2024-07-01,2024-07-31,20260207_214433,20260207_214433-0117,2024-07-16 01:42:04.195000,2024-07-16 01:42:04.403000,買い,157.27300,157.22300,1.00,-5.00,-25.00,秒逆張り,,,0,157.27300
2024-07-01,2024-07-31,20260207_214433,20260207_214433-0118,2024-07-16 01:42:11.909000,2024-07-16 01:43:48.199000,買い,157.34100,157.29100,1.00,-5.00,-30.00,秒逆張り,,,0,157.34100
2024-07-01,2024-07-31,20260207_214433,20260207_214433-0119,2024-07-16 21:30:02.668000,2024-07-16 21:30:12.195000,売り,158.42300,158.47300,1.00,-5.00,-35.00,秒逆張り,,,0,158.42300
2024-07-01,2024-07-31,20260207_214433,20260207_214433-0120,2024-07-18 13:22:52.562000,2024-07-18 13:22:54.534000,買い,156.24300,156.19300,1.00,-5.00,-40.00,秒逆張り,,,0,156.24300
2024-07-01,2024-07-31,20260207_214433,20260207_214433-0121,2024-07-18 14:41:03.694000,2024-07-18 14:41:04.160000,買い,155.90500,155.85500,1.00,-5.00,-45.00,秒逆張り,,,0,155.90500
2024-07-01,2024-07-31,20260207_214433,20260207_214433-0122,2024-07-18 22:57:45.838000,2024-07-18 23:01:06.924000,売り,156.64700,156.69700,1.00,-5.00,-50.00,秒逆張り,,,0,156.64700
2024-07-01,2024-07-31,20260207_214433,20260207_214433-0123,2024-07-19 15:54:58.210000,2024-07-19 16:01:22.688000,買い,157.18500,157.13500,1.00,-5.00,-55.00,秒逆張り,,,0,157.18500
2024-07-01,2024-07-31,20260207_214433,20260207_214433-0124,2024-07-22 15:09:30.523000,2024-07-22 15:10:11.414000,買い,156.68100,156.63100,1.00,-5.00,-60.00,秒逆張り,,,0,156.68100
2024-07-01,2024-07-31,20260207_214433,20260207_214433-0125,2024-07-24 14:08:18.692000,2024-07-24 14:21:14.267000,買い,154.41000,154.71000,1.00,30.00,-30.00,秒逆張り,,,0,154.41000
2024-07-01,2024-07-31,20260207_214433,20260207_214433-0126,2024-07-24 18:39:47.072000,2024-07-24 18:39:47.490000,買い,154.68700,154.63700,1.00,-5.00,-35.00,秒逆張り,,,0,154.68700
2024-07-01,2024-07-31,20260207_214433,20260207_214433-0127,2024-07-24 18:40:06.149000,2024-07-24 18:40:06.772000,買い,154.41800,154.36800,1.00,-5.00,-40.00,秒逆張り,,,0,154.41800
2024-07-01,2024-07-31,20260207_214433,20260207_214433-0128,2024-07-24 18:40:12.435000,2024-07-24 18:43:40.533000,買い,154.30800,154.60800,1.00,30.00,-10.00,秒逆張り,,,0,154.30800
2024-07-01,2024-07-31,20260207_214433,20260207_214433-0129,2024-07-24 22:47:56.608000,2024-07-24 22:48:00.725000,買い,153.49200,153.44200,1.00,-5.00,-15.00,秒逆張り,,,0,153.49200
2024-07-01,2024-07-31,20260207_214433,20260207_214433-0130,2024-07-25 21:30:05.748000,2024-07-25 21:30:06.571000,売り,152.93400,152.98400,1.00,-5.00,-20.00,秒逆張り,,,0,152.93400
2024-07-01,2024-07-31,20260207_214433,20260207_214433-0131,2024-07-25 21:30:11.059000,2024-07-25 21:30:14.693000,売り,153.23000,153.28000,1.00,-5.00,-25.00,秒逆張り,,,0,153.23000
2024-07-01,2024-07-31,20260207_214433,20260207_214433-0132,2024-07-25 21:30:15.736000,2024-07-25 21:30:18.234000,売り,153.26200,153.31200,1.00,-5.00,-30.00,秒逆張り,,,0,153.26200
2024-07-01,2024-07-31,20260207_214433,20260207_214433-0133,2024-07-25 21:30:28.647000,2024-07-25 21:30:41.563000,売り,153.21000,153.26000,1.00,-5.00,-35.00,秒逆張り,,,0,153.21000
2024-07-01,2024-07-31,20260207_214433,20260207_214433-0134,2024-07-25 21:30:43.535000,2024-07-25 21:33:52.130000,売り,153.30500,153.35500,1.00,-5.00,-40.00,秒逆張り,,,0,153.30500
2024-07-01,2024-07-31,20260207_214433,20260207_214433-0135,2024-07-25 22:58:48.616000,2024-07-25 23:01:21.405000,買い,153.60900,153.55900,1.00,-5.00,-45.00,秒逆張り,,,0,153.60900
2024-07-01,2024-07-31,20260207_214433,20260207_214433-0136,2024-07-26 21:29:26.603000,2024-07-26 21:29:30.036000,買い,154.50700,154.45700,1.00,-5.00,-50.00,秒逆張り,,,0,154.50700
2024-07-01,2024-07-31,20260207_214433,20260207_214433-0137,2024-07-26 21:30:00.179000,2024-07-26 21:30:07.023000,買い,154.39900,154.69900,1.00,30.00,-20.00,秒逆張り,,,0,154.39900
2024-07-01,2024-07-31,20260207_214433,20260207_214433-0138,2024-07-26 21:30:08.053000,2024-07-26 21:30:08.725000,売り,154.62700,154.67700,1.00,-5.00,-25.00,秒逆張り,,,0,154.62700
2024-07-01,2024-07-31,20260207_214433,20260207_214433-0139,2024-07-26 21:30:25.670000,2024-07-26 21:33:56.969000,買い,154.39100,154.34100,1.00,-5.00,-30.00,秒逆張り,,,0,154.39100
2024-07-01,2024-07-31,20260207_214433,20260207_214433-0140,2024-07-26 23:18:54.708000,2024-07-26 23:18:56.003000,買い,153.54500,153.49500,1.00,-5.00,-35.00,秒逆張り,,,0,153.54500
2024-07-01,2024-07-31,20260207_214433,20260207_214433-0141,2024-07-26 23:19:02.236000,2024-07-26 23:19:04.002000,買い,153.42800,153.37800,1.00,-5.00,-40.00,秒逆張り,,,0,153.42800
2024-07-01,2024-07-31,20260207_214433,20260207_214433-0142,2024-07-26 23:19:07.339000,2024-07-26 23:19:34.309000,買い,153.18300,153.48300,1.00,30.00,-10.00,秒逆張り,,,0,153.18300
2024-07-01,2024-07-31,20260207_214433,20260207_214433-0143,2024-07-31 00:04:30.833000,2024-07-31 00:04:34.473000,買い,154.27500,154.22500,1.00,-5.00,-15.00,秒逆張り,,,0,154.27500
2024-07-01,2024-07-31,20260207_214433,20260207_214433-0144,2024-07-31 00:04:24.055000,2024-07-31 00:04:35.665000,買い,154.24600,154.19600,1.00,-5.00,-20.00,秒逆張り,,,0,154.24600
2024-07-01,2024-07-31,20260207_214433,20260207_214433-0145,2024-07-31 00:04:57.634000,2024-07-31 00:05:00.372000,買い,154.15400,154.10400,1.00,-5.00,-25.00,秒逆張り,,,0,154.15400
2024-07-01,2024-07-31,20260207_214433,20260207_214433-0146,2024-07-31 00:04:37.915000,2024-07-31 00:05:04.360000,買い,154.10000,154.05000,1.00,-5.00,-30.00,秒逆張り,,,0,154.10000
2024-07-01,2024-07-31,20260207_214433,20260207_214433-0147,2024-07-31 00:05:18.969000,2024-07-31 00:05:26.792000,買い,154.07500,154.02500,1.00,-5.00,-35.00,秒逆張り,,,0,154.07500
2024-07-01,2024-07-31,20260207_214433,20260207_214433-0148,2024-07-31 00:05:29.086000,2024-07-31 00:05:30.547000,買い,154.00300,153.95300,1.00,-5.00,-40.00,秒逆張り,,,0,154.00300
2024-07-01,2024-07-31,20260207_214433,20260207_214433-0149,2024-07-31 00:06:35.484000,2024-07-31 00:06:41.961000,売り,154.13100,154.18100,1.00,-5.00,-45.00,秒逆張り,,,0,154.13100
2024-07-01,2024-07-31,20260207_214433,20260207_214433-0150,2024-07-31 11:13:34.509000,2024-07-31 11:13:37.463000,売り,153.04800,153.09800,1.00,-5.00,-50.00,秒逆張り,,,0,153.04800
2024-07-01,2024-07-31,20260207_214433,20260207_214433-0151,2024-07-31 12:20:38.415000,2024-07-31 12:45:37.531000,売り,152.96500,152.66500,1.00,30.00,-20.00,秒逆張り,,,0,152.96500
2024-07-01,2024-07-31,20260207_214433,20260207_214433-0152,2024-07-31 12:46:01.372000,2024-07-31 12:46:08.414000,買い,152.34700,152.29700,1.00,-5.00,-25.00,秒逆張り,,,0,152.34700
2024-07-01,2024-07-31,20260207_214433,20260207_214433-0153,2024-07-31 12:46:31.498000,2024-07-31 12:56:16.648000,買い,152.39000,152.34000,1.00,-5.00,-30.00,秒逆張り,,,0,152.39000
2024-07-01,2024-07-31,20260207_214433,20260207_214433-0154,2024-07-31 12:56:25.539000,2024-07-31 12:56:27.764000,買い,152.21000,152.16000,1.00,-5.00,-35.00,秒逆張り,,,0,152.21000
2024-07-01,2024-07-31,20260207_214433,20260207_214433-0155,2024-07-31 12:56:19.466000,2024-07-31 12:56:29.643000,買い,152.18100,152.13100,1.00,-5.00,-40.00,秒逆張り,,,0,152.18100
2024-07-01,2024-07-31,20260207_214433,20260207_214433-0156,2024-07-31 12:56:31.002000,2024-07-31 12:56:33.802000,買い,152.07400,152.02400,1.00,-5.00,-45.00,秒逆張り,,,0,152.07400
2024-07-01,2024-07-31,20260207_214433,20260207_214433-0157,2024-07-31 12:56:38.348000,2024-07-31 12:56:41.850000,買い,151.70200,151.65200,1.00,-5.00,-50.00,秒逆張り,,,0,151.70200
2024-07-01,2024-07-31,20260207_214433,20260207_214433-0158,2024-07-31 12:56:44.127000,2024-07-31 12:56:44.232000,買い,151.67200,151.62200,1.00,-5.00,-55.00,秒逆張り,,,0,151.67200
2024-07-01,2024-07-31,20260207_214433,20260207_214433-0159,2024-07-31 12:56:50.367000,2024-07-31 12:57:07.428000,買い,151.61200,151.91200,1.00,30.00,-25.00,秒逆張り,,,0,151.61200
2024-07-01,2024-07-31,20260207_214433,20260207_214433-0160,2024-07-31 12:57:10.766000,2024-07-31 12:57:11.338000,売り,152.39800,152.44800,1.00,-5.00,-30.00,秒逆張り,,,0,152.39800
2024-07-01,2024-07-31,20260207_214433,20260207_214433-0161,2024-07-31 12:57:23.265000,2024-07-31 12:57:23.683000,売り,152.62600,152.67600,1.00,-5.00,-35.00,秒逆張り,,,0,152.62600
2024-07-01,2024-07-31,20260207_214433,20260207_214433-0162,2024-07-31 12:57:35.866000,2024-07-31 12:57:38.015000,売り,152.46600,152.51600,1.00,-5.00,-40.00,秒逆張り,,,0,152.46600
2024-07-01,2024-07-31,20260207_214433,20260207_214433-0163,2024-07-31 12:57:42.952000,2024-07-31 12:57:46.382000,売り,152.70500,152.75500,1.00,-5.00,-45.00,秒逆張り,,,0,152.70500
2024-07-01,2024-07-31,20260207_214433,20260207_214433-0164,2024-07-31 12:58:25.574000,2024-07-31 12:58:26.067000,売り,152.91200,152.96200,1.00,-5.00,-50.00,秒逆張り,,,0,152.91200
2024-07-01,2024-07-31,20260207_214433,20260207_214433-0165,2024-07-31 12:58:29.840000,2024-07-31 12:58:40.038000,売り,153.05100,153.10100,1.00,-5.00,-55.00,秒逆張り,,,0,153.05100
2024-07-01,2024-07-31,20260207_214433,20260207_214433-0166,2024-07-31 12:58:41.179000,2024-07-31 12:58:41.491000,売り,153.09000,153.14000,1.00,-5.00,-60.00,秒逆張り,,,0,153.09000
2024-07-01,2024-07-31,20260207_214433,20260207_214433-0167,2024-07-31 12:59:13.919000,2024-07-31 12:59:41.025000,売り,153.12500,153.17500,1.00,-5.00,-65.00,秒逆張り,,,0,153.12500
2024-07-01,2024-07-31,20260207_214433,20260207_214433-0168,2024-07-31 12:59:50.959000,2024-07-31 13:00:03.435000,売り,153.72300,153.77300,1.00,-5.00,-70.00,秒逆張り,,,0,153.72300
2024-07-01,2024-07-31,20260207_214433,20260207_214433-0169,2024-07-31 13:00:20.917000,2024-07-31 13:00:21.688000,売り,153.82400,153.87400,1.00,-5.00,-75.00,秒逆張り,,,0,153.82400
2024-07-01,2024-07-31,20260207_214433,20260207_214433-0170,2024-07-31 13:00:50.015000,2024-07-31 13:01:07.544000,買い,153.56200,153.51200,1.00,-5.00,-80.00,秒逆張り,,,0,153.56200
2024-07-01,2024-07-31,20260207_214433,20260207_214433-0171,2024-07-31 13:01:11.039000,2024-07-31 13:01:46.295000,買い,153.34500,153.29500,1.00,-5.00,-85.00,秒逆張り,,,0,153.34500
2024-07-01,2024-07-31,20260207_214433,20260207_214433-0172,2024-07-31 13:01:56.796000,2024-07-31 13:02:20.563000,買い,153.01800,153.31800,1.00,30.00,-55.00,秒逆張り,,,0,153.01800
2024-07-01,2024-07-31,20260207_214433,20260207_214433-0173,2024-07-31 13:02:10.295000,2024-07-31 13:03:20.813000,買い,153.16600,153.11600,1.00,-5.00,-60.00,秒逆張り,,,0,153.16600
2024-07-01,2024-07-31,20260207_214433,20260207_214433-0174,2024-07-31 13:03:21.891000,2024-07-31 13:03:24.734000,買い,153.16000,153.11000,1.00,-5.00,-65.00,秒逆張り,,,0,153.16000
2024-07-01,2024-07-31,20260207_214433,20260207_214433-0175,2024-07-31 13:03:26.592000,2024-07-31 13:04:58.941000,買い,153.07700,153.02700,1.00,-5.00,-70.00,秒逆張り,,,0,153.07700
2024-07-01,2024-07-31,20260207_214433,20260207_214433-0176,2024-07-31 13:13:23.062000,2024-07-31 13:20:17.966000,買い,153.06700,153.01700,1.00,-5.00,-75.00,秒逆張り,,,0,153.06700
2024-07-01,2024-07-31,20260207_214433,20260207_214433-0177,2024-07-31 13:21:12.891000,2024-07-31 13:21:28.552000,買い,152.58900,152.53900,1.00,-5.00,-80.00,秒逆張り,,,0,152.58900
2024-07-01,2024-07-31,20260207_214433,20260207_214433-0178,2024-07-31 15:38:54.995000,2024-07-31 15:49:03.474000,買い,152.70000,152.65000,1.00,-5.00,-85.00,秒逆張り,,,0,152.70000
2024-07-01,2024-07-31,20260207_214433,20260207_214433-0179,2024-07-31 15:49:05.457000,2024-07-31 15:49:06.603000,買い,152.63400,152.58400,1.00,-5.00,-90.00,秒逆張り,,,0,152.63400
2024-07-01,2024-07-31,20260207_214433,20260207_214433-0180,2024-07-31 16:48:43.840000,2024-07-31 16:49:11.146000,買い,151.27100,151.22100,1.00,-5.00,-95.00,秒逆張り,,,0,151.27100
2024-07-01,2024-07-31,20260207_214433,20260207_214433-0181,2024-07-31 16:54:14.103000,2024-07-31 16:54:23.734000,買い,150.91600,150.86600,1.00,-5.00,-100.00,秒逆張り,,,0,150.91600
2024-07-01,2024-07-31,20260207_214433,20260207_214433-0182,2024-07-31 21:30:02.613000,2024-07-31 21:35:57.724000,買い,149.81600,150.11600,1.00,30.00,-70.00,秒逆張り,,,0,149.81600
2024-07-01,2024-07-31,20260207_214433,20260207_214433-0183,2024-07-31 23:00:31.094000,2024-07-31 23:00:35.238000,買い,149.69700,149.64700,1.00,-5.00,-75.00,秒逆張り,,,0,149.69700
2024-08-01,2024-08-31,20260207_214716,20260207_214716-0001,2024-08-01 03:00:07.625000,2024-08-01 03:00:16.409000,売り,150.95000,151.00000,1.00,-5.00,-80.00,秒逆張り,,,0,150.95000
2024-08-01,2024-08-31,20260207_214716,20260207_214716-0002,2024-08-01 03:00:03.033000,2024-08-01 03:00:40.020000,買い,150.78400,151.08400,1.00,30.00,-50.00,秒逆張り,,,0,150.78400
2024-08-01,2024-08-31,20260207_214716,20260207_214716-0003,2024-08-01 20:14:24.639000,2024-08-01 20:17:42.403000,売り,150.40400,150.45400,1.00,-5.00,-55.00,秒逆張り,,,0,150.40400
2024-08-01,2024-08-31,20260207_214716,20260207_214716-0004,2024-08-01 21:30:10.847000,2024-08-01 21:30:12.045000,買い,150.32400,150.27400,1.00,-5.00,-60.00,秒逆張り,,,0,150.32400
2024-08-01,2024-08-31,20260207_214716,20260207_214716-0005,2024-08-01 23:00:02.648000,2024-08-01 23:03:49.042000,買い,150.25500,150.20500,1.00,-5.00,-65.00,秒逆張り,,,0,150.25500
2024-08-01,2024-08-31,20260207_214716,20260207_214716-0006,2024-08-02 21:30:02.933000,2024-08-02 21:30:06.400000,買い,148.51700,148.46700,1.00,-5.00,-70.00,秒逆張り,,,0,148.51700
2024-08-01,2024-08-31,20260207_214716,20260207_214716-0007,2024-08-02 21:30:10.289000,2024-08-02 21:30:10.396000,買い,148.30300,148.25300,1.00,-5.00,-75.00,秒逆張り,,,0,148.30300
2024-08-01,2024-08-31,20260207_214716,20260207_214716-0008,2024-08-02 21:30:26.359000,2024-08-02 21:30:26.619000,買い,147.90100,147.85100,1.00,-5.00,-80.00,秒逆張り,,,0,147.90100
2024-08-01,2024-08-31,20260207_214716,20260207_214716-0009,2024-08-02 21:30:34.953000,2024-08-02 21:30:40.584000,買い,147.74300,147.69300,1.00,-5.00,-85.00,秒逆張り,,,0,147.74300
2024-08-01,2024-08-31,20260207_214716,20260207_214716-0010,2024-08-02 21:34:14.880000,2024-08-02 21:34:22.277000,買い,147.25800,147.20800,1.00,-5.00,-90.00,秒逆張り,,,0,147.25800
2024-08-01,2024-08-31,20260207_214716,20260207_214716-0011,2024-08-02 23:04:39.938000,2024-08-02 23:05:13.443000,買い,146.91600,146.86600,1.00,-5.00,-95.00,秒逆張り,,,0,146.91600
2024-08-01,2024-08-31,20260207_214716,20260207_214716-0012,2024-08-03 01:02:44.334000,2024-08-03 01:04:28.436000,売り,147.26800,147.31800,1.00,-5.00,-100.00,秒逆張り,,,0,147.26800
2024-08-01,2024-08-31,20260207_214716,20260207_214716-0013,2024-08-05 12:12:07.900000,2024-08-05 12:14:27.705000,買い,144.67900,144.97900,1.00,30.00,-70.00,秒逆張り,,,0,144.67900
2024-08-01,2024-08-31,20260207_214716,20260207_214716-0014,2024-08-05 13:08:12.161000,2024-08-05 13:08:49.408000,買い,143.94900,143.89900,1.00,-5.00,-75.00,秒逆張り,,,0,143.94900
2024-08-01,2024-08-31,20260207_214716,20260207_214716-0015,2024-08-05 13:21:02.510000,2024-08-05 13:21:29.294000,買い,143.56200,143.51200,1.00,-5.00,-80.00,秒逆張り,,,0,143.56200
2024-08-01,2024-08-31,20260207_214716,20260207_214716-0016,2024-08-05 13:22:16.118000,2024-08-05 13:22:19.435000,買い,143.38000,143.33000,1.00,-5.00,-85.00,秒逆張り,,,0,143.38000
2024-08-01,2024-08-31,20260207_214716,20260207_214716-0017,2024-08-05 13:26:19.760000,2024-08-05 13:26:29.004000,買い,143.09700,143.04700,1.00,-5.00,-90.00,秒逆張り,,,0,143.09700
2024-08-01,2024-08-31,20260207_214716,20260207_214716-0018,2024-08-05 13:26:41.906000,2024-08-05 13:26:46.902000,買い,142.81300,142.76300,1.00,-5.00,-95.00,秒逆張り,,,0,142.81300
2024-08-01,2024-08-31,20260207_214716,20260207_214716-0019,2024-08-05 13:26:50.624000,2024-08-05 13:26:54.217000,買い,142.24400,142.19400,1.00,-5.00,-100.00,秒逆張り,,,0,142.24400
2024-08-01,2024-08-31,20260207_214716,20260207_214716-0020,2024-08-05 13:27:03.522000,2024-08-05 13:27:04.934000,買い,142.62600,142.57600,1.00,-5.00,-105.00,秒逆張り,,,0,142.62600
2024-08-01,2024-08-31,20260207_214716,20260207_214716-0021,2024-08-05 13:27:20.592000,2024-08-05 13:27:24.797000,売り,142.80600,142.85600,1.00,-5.00,-110.00,秒逆張り,,,0,142.80600
2024-08-01,2024-08-31,20260207_214716,20260207_214716-0022,2024-08-05 13:28:29.422000,2024-08-05 13:28:30.926000,売り,143.10400,143.15400,1.00,-5.00,-115.00,秒逆張り,,,0,143.10400
2024-08-01,2024-08-31,20260207_214716,20260207_214716-0023,2024-08-05 13:28:35.865000,2024-08-05 13:28:38.067000,売り,143.13900,143.18900,1.00,-5.00,-120.00,秒逆張り,,,0,143.13900
2024-08-01,2024-08-31,20260207_214716,20260207_214716-0024,2024-08-05 13:30:08.291000,2024-08-05 13:32:06.217000,売り,143.16700,143.21700,1.00,-5.00,-125.00,秒逆張り,,,0,143.16700
2024-08-01,2024-08-31,20260207_214716,20260207_214716-0025,2024-08-05 13:33:58.152000,2024-08-05 13:34:05.047000,買い,143.02200,142.97200,1.00,-5.00,-130.00,秒逆張り,,,0,143.02200
2024-08-01,2024-08-31,20260207_214716,20260207_214716-0026,2024-08-05 13:34:30.395000,2024-08-05 13:34:32.390000,買い,142.90000,142.85000,1.00,-5.00,-135.00,秒逆張り,,,0,142.90000
2024-08-01,2024-08-31,20260207_214716,20260207_214716-0027,2024-08-05 13:46:57.889000,2024-08-05 13:47:19.322000,買い,143.06700,143.01700,1.00,-5.00,-140.00,秒逆張り,,,0,143.06700
2024-08-01,2024-08-31,20260207_214716,20260207_214716-0028,2024-08-05 13:47:24.301000,2024-08-05 13:47:38.395000,買い,142.99700,142.94700,1.00,-5.00,-145.00,秒逆張り,,,0,142.99700
2024-08-01,2024-08-31,20260207_214716,20260207_214716-0029,2024-08-05 13:56:25.279000,2024-08-05 13:56:26.990000,売り,143.42200,143.47200,1.00,-5.00,-150.00,秒逆張り,,,0,143.42200
2024-08-01,2024-08-31,20260207_214716,20260207_214716-0030,2024-08-05 13:56:44.535000,2024-08-05 13:59:06.510000,売り,143.66100,143.36100,1.00,30.00,-120.00,秒逆張り,,,0,143.66100
2024-08-01,2024-08-31,20260207_214716,20260207_214716-0031,2024-08-05 14:19:34.696000,2024-08-05 14:20:28.501000,買い,143.17700,143.12700,1.00,-5.00,-125.00,秒逆張り,,,0,143.17700
2024-08-01,2024-08-31,20260207_214716,20260207_214716-0032,2024-08-05 14:22:48.061000,2024-08-05 14:23:05.933000,買い,142.94200,142.89200,1.00,-5.00,-130.00,秒逆張り,,,0,142.94200
2024-08-01,2024-08-31,20260207_214716,20260207_214716-0033,2024-08-05 14:44:40.444000,2024-08-05 14:44:45.692000,買い,142.85200,142.80200,1.00,-5.00,-135.00,秒逆張り,,,0,142.85200
2024-08-01,2024-08-31,20260207_214716,20260207_214716-0034,2024-08-05 15:03:40.905000,2024-08-05 15:04:11.549000,買い,142.03100,141.98100,1.00,-5.00,-140.00,秒逆張り,,,0,142.03100
2024-08-01,2024-08-31,20260207_214716,20260207_214716-0035,2024-08-05 15:05:07.459000,2024-08-05 15:05:09.965000,売り,142.02700,142.07700,1.00,-5.00,-145.00,秒逆張り,,,0,142.02700
2024-08-01,2024-08-31,20260207_214716,20260207_214716-0036,2024-08-05 15:05:18.649000,2024-08-05 15:05:26.677000,売り,142.00100,142.05100,1.00,-5.00,-150.00,秒逆張り,,,0,142.00100
2024-08-01,2024-08-31,20260207_214716,20260207_214716-0037,2024-08-05 15:08:28.051000,2024-08-05 15:08:54.918000,売り,141.80000,141.85000,1.00,-5.00,-155.00,秒逆張り,,,0,141.80000
2024-08-01,2024-08-31,20260207_214716,20260207_214716-0038,2024-08-05 15:09:08.315000,2024-08-05 15:09:17.458000,売り,141.90500,141.95500,1.00,-5.00,-160.00,秒逆張り,,,0,141.90500
2024-08-01,2024-08-31,20260207_214716,20260207_214716-0039,2024-08-05 15:09:56.005000,2024-08-05 15:10:07.628000,売り,142.09100,142.14100,1.00,-5.00,-165.00,秒逆張り,,,0,142.09100
2024-08-01,2024-08-31,20260207_214716,20260207_214716-0040,2024-08-05 15:10:27.690000,2024-08-05 15:10:28.420000,売り,142.40000,142.45000,1.00,-5.00,-170.00,秒逆張り,,,0,142.40000
2024-08-01,2024-08-31,20260207_214716,20260207_214716-0041,2024-08-05 15:10:31.670000,2024-08-05 15:10:38.691000,売り,142.62000,142.32000,1.00,30.00,-140.00,秒逆張り,,,0,142.62000
2024-08-01,2024-08-31,20260207_214716,20260207_214716-0042,2024-08-05 15:12:39.871000,2024-08-05 15:19:22.345000,売り,142.40100,142.45100,1.00,-5.00,-145.00,秒逆張り,,,0,142.40100
2024-08-01,2024-08-31,20260207_214716,20260207_214716-0043,2024-08-05 15:12:08.786000,2024-08-05 15:19:23.320000,売り,142.42100,142.47100,1.00,-5.00,-150.00,秒逆張り,,,0,142.42100
2024-08-01,2024-08-31,20260207_214716,20260207_214716-0044,2024-08-05 15:30:06.074000,2024-08-05 15:30:08.349000,売り,142.64700,142.69700,1.00,-5.00,-155.00,秒逆張り,,,0,142.64700
2024-08-01,2024-08-31,20260207_214716,20260207_214716-0045,2024-08-05 15:33:56.647000,2024-08-05 15:34:10.780000,買い,142.47300,142.42300,1.00,-5.00,-160.00,秒逆張り,,,0,142.47300
2024-08-01,2024-08-31,20260207_214716,20260207_214716-0046,2024-08-05 15:40:42.332000,2024-08-05 15:40:50.698000,売り,142.98600,143.03600,1.00,-5.00,-165.00,秒逆張り,,,0,142.98600
2024-08-01,2024-08-31,20260207_214716,20260207_214716-0047,2024-08-05 16:23:10.850000,2024-08-05 16:23:11.577000,買い,143.13100,143.08100,1.00,-5.00,-170.00,秒逆張り,,,0,143.13100
2024-08-01,2024-08-31,20260207_214716,20260207_214716-0048,2024-08-05 16:52:03.132000,2024-08-05 16:52:12.556000,売り,143.83900,143.88900,1.00,-5.00,-175.00,秒逆張り,,,0,143.83900
2024-08-01,2024-08-31,20260207_214716,20260207_214716-0049,2024-08-05 17:04:10.750000,2024-08-05 17:06:57.417000,買い,143.10600,143.05600,1.00,-5.00,-180.00,秒逆張り,,,0,143.10600
2024-08-01,2024-08-31,20260207_214716,20260207_214716-0050,2024-08-05 17:49:36.877000,2024-08-05 17:49:49.305000,買い,142.10300,142.05300,1.00,-5.00,-185.00,秒逆張り,,,0,142.10300
2024-08-01,2024-08-31,20260207_214716,20260207_214716-0051,2024-08-05 18:23:40.930000,2024-08-05 18:24:10.078000,買い,141.89900,141.84900,1.00,-5.00,-190.00,秒逆張り,,,0,141.89900
2024-08-01,2024-08-31,20260207_214716,20260207_214716-0052,2024-08-05 18:26:46.540000,2024-08-05 18:27:08.029000,売り,141.88400,141.93400,1.00,-5.00,-195.00,秒逆張り,,,0,141.88400
2024-08-01,2024-08-31,20260207_214716,20260207_214716-0053,2024-08-05 19:09:20.912000,2024-08-05 19:09:50.223000,買い,142.02100,141.97100,1.00,-5.00,-200.00,秒逆張り,,,0,142.02100
2024-08-01,2024-08-31,20260207_214716,20260207_214716-0054,2024-08-05 19:09:52.863000,2024-08-05 19:30:15.697000,買い,141.96000,142.26000,1.00,30.00,-170.00,秒逆張り,,,0,141.96000
2024-08-01,2024-08-31,20260207_214716,20260207_214716-0055,2024-08-05 22:55:38.755000,2024-08-05 22:58:34.582000,売り,142.75100,142.80100,1.00,-5.00,-175.00,秒逆張り,,,0,142.75100
2024-08-01,2024-08-31,20260207_214716,20260207_214716-0056,2024-08-05 23:00:02.391000,2024-08-05 23:00:03.184000,売り,142.89000,142.94000,1.00,-5.00,-180.00,秒逆張り,,,0,142.89000
2024-08-01,2024-08-31,20260207_214716,20260207_214716-0057,2024-08-05 23:00:10.668000,2024-08-05 23:00:11.033000,売り,143.38800,143.43800,1.00,-5.00,-185.00,秒逆張り,,,0,143.38800
2024-08-01,2024-08-31,20260207_214716,20260207_214716-0058,2024-08-05 23:00:07.636000,2024-08-05 23:00:12.962000,売り,143.46300,143.51300,1.00,-5.00,-190.00,秒逆張り,,,0,143.46300
2024-08-01,2024-08-31,20260207_214716,20260207_214716-0059,2024-08-05 23:00:14.943000,2024-08-05 23:00:20.015000,売り,143.52100,143.57100,1.00,-5.00,-195.00,秒逆張り,,,0,143.52100
2024-08-01,2024-08-31,20260207_214716,20260207_214716-0060,2024-08-05 23:00:23.425000,2024-08-05 23:00:23.994000,売り,143.62300,143.67300,1.00,-5.00,-200.00,秒逆張り,,,0,143.62300
2024-08-01,2024-08-31,20260207_214716,20260207_214716-0061,2024-08-05 23:00:30.596000,2024-08-05 23:01:06.795000,売り,143.74000,143.44000,1.00,30.00,-170.00,秒逆張り,,,0,143.74000
2024-08-01,2024-08-31,20260207_214716,20260207_214716-0062,2024-08-05 23:01:43.311000,2024-08-05 23:03:24.337000,売り,143.66100,143.71100,1.00,-5.00,-175.00,秒逆張り,,,0,143.66100
2024-08-01,2024-08-31,20260207_214716,20260207_214716-0063,2024-08-05 23:06:50.939000,2024-08-05 23:13:46.398000,買い,143.30700,143.25700,1.00,-5.00,-180.00,秒逆張り,,,0,143.30700
2024-08-01,2024-08-31,20260207_214716,20260207_214716-0064,2024-08-05 23:13:52.322000,2024-08-05 23:14:11.680000,買い,143.19200,143.14200,1.00,-5.00,-185.00,秒逆張り,,,0,143.19200
2024-08-01,2024-08-31,20260207_214716,20260207_214716-0065,2024-08-06 00:07:17.843000,2024-08-06 00:08:08.938000,売り,142.80400,142.85400,1.00,-5.00,-190.00,秒逆張り,,,0,142.80400
2024-08-01,2024-08-31,20260207_214716,20260207_214716-0066,2024-08-06 00:46:35.462000,2024-08-06 00:46:45.268000,売り,143.67600,143.72600,1.00,-5.00,-195.00,秒逆張り,,,0,143.67600
2024-08-01,2024-08-31,20260207_214716,20260207_214716-0067,2024-08-06 01:03:25.567000,2024-08-06 01:03:28.107000,売り,144.03500,144.08500,1.00,-5.00,-200.00,秒逆張り,,,0,144.03500
2024-08-01,2024-08-31,20260207_214716,20260207_214716-0068,2024-08-06 01:22:39.736000,2024-08-06 01:22:47.725000,売り,144.29100,144.34100,1.00,-5.00,-205.00,秒逆張り,,,0,144.29100
2024-08-01,2024-08-31,20260207_214716,20260207_214716-0069,2024-08-06 02:58:57.370000,2024-08-06 03:15:05.141000,買い,143.94600,143.89600,1.00,-5.00,-210.00,秒逆張り,,,0,143.94600
2024-08-01,2024-08-31,20260207_214716,20260207_214716-0070,2024-08-06 11:41:26.664000,2024-08-06 11:46:36.951000,売り,145.20800,145.25800,1.00,-5.00,-215.00,秒逆張り,,,0,145.20800
2024-08-01,2024-08-31,20260207_214716,20260207_214716-0071,2024-08-06 13:31:47.126000,2024-08-06 13:31:52.364000,売り,145.44800,145.49800,1.00,-5.00,-220.00,秒逆張り,,,0,145.44800
2024-08-01,2024-08-31,20260207_214716,20260207_214716-0072,2024-08-06 14:40:19.367000,2024-08-06 14:49:05.298000,売り,146.09200,145.79200,1.00,30.00,-190.00,秒逆張り,,,0,146.09200
2024-08-01,2024-08-31,20260207_214716,20260207_214716-0073,2024-08-06 15:16:28.846000,2024-08-06 15:20:44.917000,買い,145.97500,146.27500,1.00,30.00,-160.00,秒逆張り,,,0,145.97500
2024-08-01,2024-08-31,20260207_214716,20260207_214716-0074,2024-08-06 15:41:28.275000,2024-08-06 15:41:29.309000,買い,145.63800,145.58800,1.00,-5.00,-165.00,秒逆張り,,,0,145.63800
2024-08-01,2024-08-31,20260207_214716,20260207_214716-0075,2024-08-06 17:18:07.451000,2024-08-06 17:18:14.326000,買い,144.67300,144.62300,1.00,-5.00,-170.00,秒逆張り,,,0,144.67300
2024-08-01,2024-08-31,20260207_214716,20260207_214716-0076,2024-08-06 22:21:25.012000,2024-08-06 22:22:01.115000,買い,144.21900,144.16900,1.00,-5.00,-175.00,秒逆張り,,,0,144.21900
2024-08-01,2024-08-31,20260207_214716,20260207_214716-0077,2024-08-07 11:00:02.461000,2024-08-07 11:02:11.449000,売り,146.79800,146.49800,1.00,30.00,-145.00,秒逆張り,,,0,146.79800
2024-08-01,2024-08-31,20260207_214716,20260207_214716-0078,2024-08-07 11:02:36.246000,2024-08-07 11:02:42.974000,買い,146.41200,146.36200,1.00,-5.00,-150.00,秒逆張り,,,0,146.41200
2024-08-01,2024-08-31,20260207_214716,20260207_214716-0079,2024-08-07 11:17:25.430000,2024-08-07 11:23:41.413000,買い,146.38900,146.68900,1.00,30.00,-120.00,秒逆張り,,,0,146.38900
2024-08-01,2024-08-31,20260207_214716,20260207_214716-0080,2024-08-07 13:32:53.980000,2024-08-07 13:33:48.634000,売り,147.79200,147.84200,1.00,-5.00,-125.00,秒逆張り,,,0,147.79200
2024-08-01,2024-08-31,20260207_214716,20260207_214716-0081,2024-08-07 14:41:14.169000,2024-08-07 14:41:16.921000,買い,147.25700,147.20700,1.00,-5.00,-130.00,秒逆張り,,,0,147.25700
2024-08-01,2024-08-31,20260207_214716,20260207_214716-0082,2024-08-07 14:56:09.537000,2024-08-07 14:56:14.842000,買い,146.93800,146.88800,1.00,-5.00,-135.00,秒逆張り,,,0,146.93800
2024-08-01,2024-08-31,20260207_214716,20260207_214716-0083,2024-08-08 02:02:04.388000,2024-08-08 02:02:06.001000,売り,147.33400,147.38400,1.00,-5.00,-140.00,秒逆張り,,,0,147.33400
2024-08-01,2024-08-31,20260207_214716,20260207_214716-0084,2024-08-08 03:18:06.869000,2024-08-08 03:19:09.318000,買い,146.75800,146.70800,1.00,-5.00,-145.00,秒逆張り,,,0,146.75800
2024-08-01,2024-08-31,20260207_214716,20260207_214716-0085,2024-08-08 16:39:45.991000,2024-08-08 16:40:44.602000,売り,145.81700,145.86700,1.00,-5.00,-150.00,秒逆張り,,,0,145.81700
2024-08-01,2024-08-31,20260207_214716,20260207_214716-0086,2024-08-08 21:30:02.655000,2024-08-08 21:30:02.969000,売り,146.35100,146.40100,1.00,-5.00,-155.00,秒逆張り,,,0,146.35100
2024-08-01,2024-08-31,20260207_214716,20260207_214716-0087,2024-08-08 21:30:24.983000,2024-08-08 21:30:27.073000,売り,146.46600,146.51600,1.00,-5.00,-160.00,秒逆張り,,,0,146.46600
2024-08-01,2024-08-31,20260207_214716,20260207_214716-0088,2024-08-08 21:30:31.225000,2024-08-08 21:30:32.016000,売り,146.64500,146.69500,1.00,-5.00,-165.00,秒逆張り,,,0,146.64500
2024-08-01,2024-08-31,20260207_214716,20260207_214716-0089,2024-08-08 21:30:34.691000,2024-08-08 21:30:40.617000,売り,146.74600,146.79600,1.00,-5.00,-170.00,秒逆張り,,,0,146.74600
2024-08-01,2024-08-31,20260207_214716,20260207_214716-0090,2024-08-08 21:30:42.071000,2024-08-08 21:30:42.490000,売り,146.81400,146.86400,1.00,-5.00,-175.00,秒逆張り,,,0,146.81400
2024-08-01,2024-08-31,20260207_214716,20260207_214716-0091,2024-08-08 21:30:46.380000,2024-08-08 21:32:04.191000,売り,146.88600,146.93600,1.00,-5.00,-180.00,秒逆張り,,,0,146.88600
2024-08-01,2024-08-31,20260207_214716,20260207_214716-0092,2024-08-13 21:30:11.715000,2024-08-13 21:30:12.505000,買い,147.15300,147.10300,1.00,-5.00,-185.00,秒逆張り,,,0,147.15300
2024-08-01,2024-08-31,20260207_214716,20260207_214716-0093,2024-08-13 21:30:05.505000,2024-08-13 21:36:21.985000,買い,147.12700,147.42700,1.00,30.00,-155.00,秒逆張り,,,0,147.12700
2024-08-01,2024-08-31,20260207_214716,20260207_214716-0094,2024-08-13 22:14:40.480000,2024-08-13 22:15:52.810000,売り,147.11400,147.16400,1.00,-5.00,-160.00,秒逆張り,,,0,147.11400
2024-08-01,2024-08-31,20260207_214716,20260207_214716-0095,2024-08-14 21:30:08.123000,2024-08-14 21:30:10.226000,買い,146.65300,146.95300,1.00,30.00,-130.00,秒逆張り,,,0,146.65300
2024-08-01,2024-08-31,20260207_214716,20260207_214716-0096,2024-08-14 21:30:37.012000,2024-08-14 21:30:41.235000,売り,147.07700,147.12700,1.00,-5.00,-135.00,秒逆張り,,,0,147.07700
2024-08-01,2024-08-31,20260207_214716,20260207_214716-0097,2024-08-14 21:30:52.841000,2024-08-14 21:30:54.679000,売り,147.23200,147.28200,1.00,-5.00,-140.00,秒逆張り,,,0,147.23200
2024-08-01,2024-08-31,20260207_214716,20260207_214716-0098,2024-08-15 21:30:08.154000,2024-08-15 21:30:12.270000,売り,147.79000,147.84000,1.00,-5.00,-145.00,秒逆張り,,,0,147.79000
2024-08-01,2024-08-31,20260207_214716,20260207_214716-0099,2024-08-15 21:30:06.269000,2024-08-15 21:30:12.375000,売り,147.80000,147.85000,1.00,-5.00,-150.00,秒逆張り,,,0,147.80000
2024-08-01,2024-08-31,20260207_214716,20260207_214716-0100,2024-08-15 21:30:14.369000,2024-08-15 21:30:16.117000,売り,147.85500,147.90500,1.00,-5.00,-155.00,秒逆張り,,,0,147.85500
2024-08-01,2024-08-31,20260207_214716,20260207_214716-0101,2024-08-15 21:30:40.268000,2024-08-15 21:30:42.778000,売り,148.13100,148.18100,1.00,-5.00,-160.00,秒逆張り,,,0,148.13100
2024-08-01,2024-08-31,20260207_214716,20260207_214716-0102,2024-08-16 23:00:03.231000,2024-08-16 23:00:06.393000,売り,147.87000,147.92000,1.00,-5.00,-165.00,秒逆張り,,,0,147.87000
2024-08-01,2024-08-31,20260207_214716,20260207_214716-0103,2024-08-19 23:10:40.191000,2024-08-19 23:31:19.462000,売り,146.64900,146.34900,1.00,30.00,-135.00,秒逆張り,,,0,146.64900
2024-08-01,2024-08-31,20260207_214716,20260207_214716-0104,2024-08-21 23:00:36.554000,2024-08-21 23:00:38.978000,売り,146.38300,146.43300,1.00,-5.00,-140.00,秒逆張り,,,0,146.38300
2024-08-01,2024-08-31,20260207_214716,20260207_214716-0105,2024-08-21 23:03:18.420000,2024-08-21 23:03:21.101000,買い,146.08700,146.03700,1.00,-5.00,-145.00,秒逆張り,,,0,146.08700
2024-08-01,2024-08-31,20260207_214716,20260207_214716-0106,2024-08-21 23:03:37.091000,2024-08-21 23:03:37.412000,買い,145.95200,145.90200,1.00,-5.00,-150.00,秒逆張り,,,0,145.95200
2024-08-01,2024-08-31,20260207_214716,20260207_214716-0107,2024-08-21 23:09:12.937000,2024-08-21 23:09:25.499000,売り,146.27300,146.32300,1.00,-5.00,-155.00,秒逆張り,,,0,146.27300
2024-08-01,2024-08-31,20260207_214716,20260207_214716-0108,2024-08-21 23:09:26.621000,2024-08-21 23:09:28.340000,売り,146.29100,146.34100,1.00,-5.00,-160.00,秒逆張り,,,0,146.29100
2024-08-01,2024-08-31,20260207_214716,20260207_214716-0109,2024-08-21 23:09:30.310000,2024-08-21 23:10:21.342000,売り,146.32500,146.02500,1.00,30.00,-130.00,秒逆張り,,,0,146.32500
2024-08-01,2024-08-31,20260207_214716,20260207_214716-0110,2024-08-21 23:32:25.569000,2024-08-21 23:32:25.993000,買い,145.55900,145.50900,1.00,-5.00,-135.00,秒逆張り,,,0,145.55900
2024-08-01,2024-08-31,20260207_214716,20260207_214716-0111,2024-08-21 23:33:30.493000,2024-08-21 23:33:31.558000,売り,145.80000,145.85000,1.00,-5.00,-140.00,秒逆張り,,,0,145.80000
2024-08-01,2024-08-31,20260207_214716,20260207_214716-0112,2024-08-22 03:00:05.758000,2024-08-22 03:01:48.391000,買い,144.86500,144.81500,1.00,-5.00,-145.00,秒逆張り,,,0,144.86500
2024-08-01,2024-08-31,20260207_214716,20260207_214716-0113,2024-08-22 21:30:01.337000,2024-08-22 21:30:01.708000,買い,146.02400,145.97400,1.00,-5.00,-150.00,秒逆張り,,,0,146.02400
2024-08-01,2024-08-31,20260207_214716,20260207_214716-0114,2024-08-22 22:45:02.647000,2024-08-22 22:51:09.678000,売り,146.44500,146.14500,1.00,30.00,-120.00,秒逆張り,,,0,146.44500
2024-08-01,2024-08-31,20260207_214716,20260207_214716-0115,2024-08-23 23:00:32.647000,2024-08-23 23:00:33.645000,買い,145.99500,145.94500,1.00,-5.00,-125.00,秒逆張り,,,0,145.99500
2024-08-01,2024-08-31,20260207_214716,20260207_214716-0116,2024-08-23 23:00:17.153000,2024-08-23 23:00:34.820000,買い,145.88500,145.83500,1.00,-5.00,-130.00,秒逆張り,,,0,145.88500
2024-08-01,2024-08-31,20260207_214716,20260207_214716-0117,2024-08-23 23:00:35.935000,2024-08-23 23:00:55.246000,買い,145.82700,145.77700,1.00,-5.00,-135.00,秒逆張り,,,0,145.82700
2024-08-01,2024-08-31,20260207_214716,20260207_214716-0118,2024-08-23 23:02:32.473000,2024-08-23 23:02:37.336000,買い,145.81000,145.76000,1.00,-5.00,-140.00,秒逆張り,,,0,145.81000
2024-08-01,2024-08-31,20260207_214716,20260207_214716-0119,2024-08-23 23:04:09.904000,2024-08-23 23:04:11.951000,買い,145.59300,145.54300,1.00,-5.00,-145.00,秒逆張り,,,0,145.59300
2024-08-01,2024-08-31,20260207_214716,20260207_214716-0120,2024-08-23 23:10:20.644000,2024-08-23 23:11:49.890000,買い,145.21000,145.16000,1.00,-5.00,-150.00,秒逆張り,,,0,145.21000
2024-08-01,2024-08-31,20260207_214716,20260207_214716-0121,2024-08-26 21:32:40.570000,2024-08-26 21:47:59.221000,売り,144.32700,144.02700,1.00,30.00,-120.00,秒逆張り,,,0,144.32700
2024-08-01,2024-08-31,20260207_214716,20260207_214716-0122,2024-08-29 21:30:02.151000,2024-08-29 21:30:03.196000,買い,144.63200,144.58200,1.00,-5.00,-125.00,秒逆張り,,,0,144.63200
2024-08-01,2024-08-31,20260207_214716,20260207_214716-0123,2024-08-29 21:30:04.442000,2024-08-29 21:30:13.753000,買い,144.59300,144.89300,1.00,30.00,-95.00,秒逆張り,,,0,144.59300
2024-08-01,2024-08-31,20260207_214716,20260207_214716-0124,2024-08-29 21:30:18.600000,2024-08-29 21:30:20.357000,売り,144.99800,145.04800,1.00,-5.00,-100.00,秒逆張り,,,0,144.99800
2024-08-01,2024-08-31,20260207_214716,20260207_214716-0125,2024-08-29 21:31:02.309000,2024-08-29 21:31:34.651000,売り,145.24800,145.29800,1.00,-5.00,-105.00,秒逆張り,,,0,145.24800
2024-08-01,2024-08-31,20260207_214716,20260207_214716-0126,2024-08-30 21:30:07.245000,2024-08-30 21:35:03.760000,売り,145.45400,145.50400,1.00,-5.00,-110.00,秒逆張り,,,0,145.45400
2024-09-01,2024-09-30,20260207_214937,20260207_214937-0001,2024-09-03 23:00:01.585000,2024-09-03 23:00:03.343000,買い,145.16500,145.46500,1.00,30.00,-80.00,秒逆張り,,,0,145.16500
2024-09-01,2024-09-30,20260207_214937,20260207_214937-0002,2024-09-03 23:00:09.425000,2024-09-03 23:00:11.357000,売り,145.52500,145.57500,1.00,-5.00,-85.00,秒逆張り,,,0,145.52500
2024-09-01,2024-09-30,20260207_214937,20260207_214937-0003,2024-09-03 23:00:14.692000,2024-09-03 23:00:15.377000,売り,145.53600,145.58600,1.00,-5.00,-90.00,秒逆張り,,,0,145.53600
2024-09-01,2024-09-30,20260207_214937,20260207_214937-0004,2024-09-03 23:00:16.831000,2024-09-03 23:02:05.473000,売り,145.65400,145.35400,1.00,30.00,-60.00,秒逆張り,,,0,145.65400
2024-09-01,2024-09-30,20260207_214937,20260207_214937-0005,2024-09-04 23:00:03.350000,2024-09-04 23:00:07.106000,買い,144.55800,144.50800,1.00,-5.00,-65.00,秒逆張り,,,0,144.55800
2024-09-01,2024-09-30,20260207_214937,20260207_214937-0006,2024-09-04 23:00:08.977000,2024-09-04 23:00:09.699000,買い,144.46200,144.41200,1.00,-5.00,-70.00,秒逆張り,,,0,144.46200
2024-09-01,2024-09-30,20260207_214937,20260207_214937-0007,2024-09-04 23:00:13.985000,2024-09-04 23:00:22.274000,買い,144.30300,144.25300,1.00,-5.00,-75.00,秒逆張り,,,0,144.30300
2024-09-01,2024-09-30,20260207_214937,20260207_214937-0008,2024-09-04 23:01:03.853000,2024-09-04 23:01:05.821000,買い,144.17600,144.12600,1.00,-5.00,-80.00,秒逆張り,,,0,144.17600
2024-09-01,2024-09-30,20260207_214937,20260207_214937-0009,2024-09-05 21:15:04.132000,2024-09-05 21:15:05.536000,買い,143.25900,143.20900,1.00,-5.00,-85.00,秒逆張り,,,0,143.25900
2024-09-01,2024-09-30,20260207_214937,20260207_214937-0010,2024-09-05 21:15:07.857000,2024-09-05 21:15:25.136000,買い,143.24800,143.19800,1.00,-5.00,-90.00,秒逆張り,,,0,143.24800
2024-09-01,2024-09-30,20260207_214937,20260207_214937-0011,2024-09-05 21:30:04.809000,2024-09-05 21:30:09.130000,売り,143.16000,143.21000,1.00,-5.00,-95.00,秒逆張り,,,0,143.16000
2024-09-01,2024-09-30,20260207_214937,20260207_214937-0012,2024-09-05 21:30:13.465000,2024-09-05 21:37:15.141000,売り,143.21400,142.91400,1.00,30.00,-65.00,秒逆張り,,,0,143.21400
2024-09-01,2024-09-30,20260207_214937,20260207_214937-0013,2024-09-05 23:00:04.099000,2024-09-05 23:00:04.411000,売り,143.32800,143.37800,1.00,-5.00,-70.00,秒逆張り,,,0,143.32800
2024-09-01,2024-09-30,20260207_214937,20260207_214937-0014,2024-09-05 23:00:06.377000,2024-09-05 23:00:07.794000,売り,143.43600,143.48600,1.00,-5.00,-75.00,秒逆張り,,,0,143.43600
2024-09-01,2024-09-30,20260207_214937,20260207_214937-0015,2024-09-06 21:30:33.923000,2024-09-06 21:30:34.130000,買い,143.26600,143.21600,1.00,-5.00,-80.00,秒逆張り,,,0,143.26600
2024-09-01,2024-09-30,20260207_214937,20260207_214937-0016,2024-09-06 21:30:40.093000,2024-09-06 21:30:40.418000,買い,143.11500,143.06500,1.00,-5.00,-85.00,秒逆張り,,,0,143.11500
2024-09-01,2024-09-30,20260207_214937,20260207_214937-0017,2024-09-06 21:30:46.593000,2024-09-06 21:30:51.060000,買い,142.73800,142.68800,1.00,-5.00,-90.00,秒逆張り,,,0,142.73800
2024-09-01,2024-09-30,20260207_214937,20260207_214937-0018,2024-09-06 21:30:54.356000,2024-09-06 21:30:56.081000,買い,142.56500,142.51500,1.00,-5.00,-95.00,秒逆張り,,,0,142.56500
2024-09-01,2024-09-30,20260207_214937,20260207_214937-0019,2024-09-06 21:31:24.398000,2024-09-06 21:31:24.914000,買い,142.52500,142.47500,1.00,-5.00,-100.00,秒逆張り,,,0,142.52500
2024-09-01,2024-09-30,20260207_214937,20260207_214937-0020,2024-09-06 21:31:32.484000,2024-09-06 21:31:34.009000,買い,142.39300,142.34300,1.00,-5.00,-105.00,秒逆張り,,,0,142.39300
2024-09-01,2024-09-30,20260207_214937,20260207_214937-0021,2024-09-06 21:31:39.961000,2024-09-06 21:31:41.497000,買い,142.20900,142.15900,1.00,-5.00,-110.00,秒逆張り,,,0,142.20900
2024-09-01,2024-09-30,20260207_214937,20260207_214937-0022,2024-09-06 21:32:17.748000,2024-09-06 21:33:21.605000,買い,142.04200,142.34200,1.00,30.00,-80.00,秒逆張り,,,0,142.04200
2024-09-01,2024-09-30,20260207_214937,20260207_214937-0023,2024-09-07 00:00:13.976000,2024-09-07 00:00:14.441000,買い,142.06400,142.01400,1.00,-5.00,-85.00,秒逆張り,,,0,142.06400
2024-09-01,2024-09-30,20260207_214937,20260207_214937-0024,2024-09-07 00:00:18.439000,2024-09-07 00:00:19.066000,買い,141.98100,141.93100,1.00,-5.00,-90.00,秒逆張り,,,0,141.98100
2024-09-01,2024-09-30,20260207_214937,20260207_214937-0025,2024-09-07 00:01:17.153000,2024-09-07 00:01:37.199000,売り,142.10800,142.15800,1.00,-5.00,-95.00,秒逆張り,,,0,142.10800
2024-09-01,2024-09-30,20260207_214937,20260207_214937-0026,2024-09-11 21:30:04.971000,2024-09-11 21:30:14.722000,売り,142.17900,141.87900,1.00,30.00,-65.00,秒逆張り,,,0,142.17900
2024-09-01,2024-09-30,20260207_214937,20260207_214937-0027,2024-09-11 21:30:20.985000,2024-09-11 21:30:22.710000,売り,142.22400,142.27400,1.00,-5.00,-70.00,秒逆張り,,,0,142.22400
2024-09-01,2024-09-30,20260207_214937,20260207_214937-0028,2024-09-12 14:48:14.549000,2024-09-12 15:12:03.283000,買い,142.66700,142.61700,1.00,-5.00,-75.00,秒逆張り,,,0,142.66700
2024-09-01,2024-09-30,20260207_214937,20260207_214937-0029,2024-09-12 21:30:01.457000,2024-09-12 21:30:02.652000,買い,142.20400,142.15400,1.00,-5.00,-80.00,秒逆張り,,,0,142.20400
2024-09-01,2024-09-30,20260207_214937,20260207_214937-0030,2024-09-12 21:30:13.821000,2024-09-12 21:30:15.700000,売り,142.51400,142.56400,1.00,-5.00,-85.00,秒逆張り,,,0,142.51400
2024-09-01,2024-09-30,20260207_214937,20260207_214937-0031,2024-09-12 21:30:17.808000,2024-09-12 21:36:10.738000,売り,142.53600,142.23600,1.00,30.00,-55.00,秒逆張り,,,0,142.53600
2024-09-01,2024-09-30,20260207_214937,20260207_214937-0032,2024-09-14 01:25:40.027000,2024-09-14 03:53:32.526000,買い,140.67100,140.97100,1.00,30.00,-25.00,秒逆張り,,,0,140.67100
2024-09-01,2024-09-30,20260207_214937,20260207_214937-0033,2024-09-17 21:30:03.172000,2024-09-17 21:30:54.336000,売り,140.95100,140.65100,1.00,30.00,5.00,秒逆張り,,,0,140.95100
2024-09-01,2024-09-30,20260207_214937,20260207_214937-0034,2024-09-19 03:00:15.050000,2024-09-19 03:00:15.261000,買い,141.18700,141.13700,1.00,-5.00,0.00,秒逆張り,,,0,141.18700
2024-09-01,2024-09-30,20260207_214937,20260207_214937-0035,2024-09-19 03:00:11.122000,2024-09-19 03:00:19.095000,買い,141.16100,141.11100,1.00,-5.00,-5.00,秒逆張り,,,0,141.16100
2024-09-01,2024-09-30,20260207_214937,20260207_214937-0036,2024-09-19 03:00:21.570000,2024-09-19 03:00:27.307000,買い,140.96900,140.91900,1.00,-5.00,-10.00,秒逆張り,,,0,140.96900
2024-09-01,2024-09-30,20260207_214937,20260207_214937-0037,2024-09-19 03:00:29.710000,2024-09-19 03:00:29.969000,買い,140.86900,140.81900,1.00,-5.00,-15.00,秒逆張り,,,0,140.86900
2024-09-01,2024-09-30,20260207_214937,20260207_214937-0038,2024-09-19 03:01:02.278000,2024-09-19 03:01:03.199000,売り,141.07000,141.12000,1.00,-5.00,-20.00,秒逆張り,,,0,141.07000
2024-09-01,2024-09-30,20260207_214937,20260207_214937-0039,2024-09-19 03:01:21.088000,2024-09-19 03:01:27.593000,売り,141.13800,141.18800,1.00,-5.00,-25.00,秒逆張り,,,0,141.13800
2024-09-01,2024-09-30,20260207_214937,20260207_214937-0040,2024-09-19 03:01:30.949000,2024-09-19 03:01:32.197000,売り,141.28200,141.33200,1.00,-5.00,-30.00,秒逆張り,,,0,141.28200
2024-09-01,2024-09-30,20260207_214937,20260207_214937-0041,2024-09-19 03:01:39.870000,2024-09-19 03:01:47.196000,売り,141.34200,141.39200,1.00,-5.00,-35.00,秒逆張り,,,0,141.34200
2024-09-01,2024-09-30,20260207_214937,20260207_214937-0042,2024-09-19 03:02:05.482000,2024-09-19 03:02:05.744000,売り,141.57800,141.62800,1.00,-5.00,-40.00,秒逆張り,,,0,141.57800
2024-09-01,2024-09-30,20260207_214937,20260207_214937-0043,2024-09-19 03:02:08.045000,2024-09-19 03:02:25.050000,売り,141.65500,141.35500,1.00,30.00,-10.00,秒逆張り,,,0,141.65500
2024-09-01,2024-09-30,20260207_214937,20260207_214937-0044,2024-09-19 03:02:27.026000,2024-09-19 03:02:34.921000,買い,141.27400,141.22400,1.00,-5.00,-15.00,秒逆張り,,,0,141.27400
2024-09-01,2024-09-30,20260207_214937,20260207_214937-0045,2024-09-19 03:03:51.310000,2024-09-19 03:04:08.021000,買い,141.07800,141.02800,1.00,-5.00,-20.00,秒逆張り,,,0,141.07800
2024-09-01,2024-09-30,20260207_214937,20260207_214937-0046,2024-09-19 03:30:39.908000,2024-09-19 03:31:34.943000,買い,140.72200,140.67200,1.00,-5.00,-25.00,秒逆張り,,,0,140.72200
2024-09-01,2024-09-30,20260207_214937,20260207_214937-0047,2024-09-19 03:35:52.362000,2024-09-19 03:35:53.502000,売り,140.78700,140.83700,1.00,-5.00,-30.00,秒逆張り,,,0,140.78700
2024-09-01,2024-09-30,20260207_214937,20260207_214937-0048,2024-09-19 03:40:25.926000,2024-09-19 03:40:27.614000,売り,140.70300,140.75300,1.00,-5.00,-35.00,秒逆張り,,,0,140.70300
2024-09-01,2024-09-30,20260207_214937,20260207_214937-0049,2024-09-19 03:40:29.322000,2024-09-19 03:42:20.576000,売り,140.77100,140.82100,1.00,-5.00,-40.00,秒逆張り,,,0,140.77100
2024-09-01,2024-09-30,20260207_214937,20260207_214937-0050,2024-09-19 03:47:48.755000,2024-09-19 03:48:09.323000,売り,141.16200,141.21200,1.00,-5.00,-45.00,秒逆張り,,,0,141.16200
2024-09-01,2024-09-30,20260207_214937,20260207_214937-0051,2024-09-19 15:55:42.297000,2024-09-19 16:12:46.491000,買い,142.19200,142.14200,1.00,-5.00,-50.00,秒逆張り,,,0,142.19200
2024-09-01,2024-09-30,20260207_214937,20260207_214937-0052,2024-09-19 21:30:02.934000,2024-09-19 21:30:05.171000,売り,143.03000,143.08000,1.00,-5.00,-55.00,秒逆張り,,,0,143.03000
2024-09-01,2024-09-30,20260207_214937,20260207_214937-0053,2024-09-19 21:30:28.386000,2024-09-19 21:30:35.612000,売り,143.21400,143.26400,1.00,-5.00,-60.00,秒逆張り,,,0,143.21400
2024-09-01,2024-09-30,20260207_214937,20260207_214937-0054,2024-09-20 11:52:09.926000,2024-09-20 11:53:11.272000,売り,142.76000,142.46000,1.00,30.00,-30.00,秒逆張り,,,0,142.76000
2024-09-01,2024-09-30,20260207_214937,20260207_214937-0055,2024-09-20 11:53:12.944000,2024-09-20 11:56:36.503000,買い,142.45300,142.40300,1.00,-5.00,-35.00,秒逆張り,,,0,142.45300
2024-09-01,2024-09-30,20260207_214937,20260207_214937-0056,2024-09-20 15:35:25.938000,2024-09-20 15:35:53.455000,売り,142.06300,142.11300,1.00,-5.00,-40.00,秒逆張り,,,0,142.06300
2024-09-01,2024-09-30,20260207_214937,20260207_214937-0057,2024-09-20 15:37:09.898000,2024-09-20 15:39:01.369000,売り,142.53700,142.58700,1.00,-5.00,-45.00,秒逆張り,,,0,142.53700
2024-09-01,2024-09-30,20260207_214937,20260207_214937-0058,2024-09-23 16:15:02.061000,2024-09-23 16:16:05.113000,買い,143.72700,143.67700,1.00,-5.00,-50.00,秒逆張り,,,0,143.72700
2024-09-01,2024-09-30,20260207_214937,20260207_214937-0059,2024-09-23 22:45:01.565000,2024-09-23 22:45:18.496000,買い,143.55800,143.85800,1.00,30.00,-20.00,秒逆張り,,,0,143.55800
2024-09-01,2024-09-30,20260207_214937,20260207_214937-0060,2024-09-24 23:00:03.070000,2024-09-24 23:00:03.283000,買い,143.99200,143.94200,1.00,-5.00,-25.00,秒逆張り,,,0,143.99200
2024-09-01,2024-09-30,20260207_214937,20260207_214937-0061,2024-09-26 21:30:02.929000,2024-09-26 21:30:11.591000,売り,144.35200,144.40200,1.00,-5.00,-30.00,秒逆張り,,,0,144.35200
2024-09-01,2024-09-30,20260207_214937,20260207_214937-0062,2024-09-26 21:30:12.926000,2024-09-26 21:30:13.366000,売り,144.40600,144.45600,1.00,-5.00,-35.00,秒逆張り,,,0,144.40600
2024-09-01,2024-09-30,20260207_214937,20260207_214937-0063,2024-09-26 21:30:18.810000,2024-09-26 21:32:05.404000,売り,144.50300,144.55300,1.00,-5.00,-40.00,秒逆張り,,,0,144.50300
2024-09-01,2024-09-30,20260207_214937,20260207_214937-0064,2024-09-27 14:11:02.404000,2024-09-27 14:13:43.996000,買い,145.83900,146.13900,1.00,30.00,-10.00,秒逆張り,,,0,145.83900
2024-09-01,2024-09-30,20260207_214937,20260207_214937-0065,2024-09-27 15:23:22.340000,2024-09-27 15:23:23.011000,買い,144.26800,144.21800,1.00,-5.00,-15.00,秒逆張り,,,0,144.26800
2024-09-01,2024-09-30,20260207_214937,20260207_214937-0066,2024-09-27 15:23:33.740000,2024-09-27 15:23:36.453000,買い,143.57600,143.87600,1.00,30.00,15.00,秒逆張り,,,0,143.57600
2024-09-01,2024-09-30,20260207_214937,20260207_214937-0067,2024-09-27 15:23:40.435000,2024-09-27 15:23:40.749000,買い,143.85000,143.80000,1.00,-5.00,10.00,秒逆張り,,,0,143.85000
2024-09-01,2024-09-30,20260207_214937,20260207_214937-0068,2024-09-27 15:23:48.839000,2024-09-27 15:23:48.995000,買い,143.75100,143.70100,1.00,-5.00,5.00,秒逆張り,,,0,143.75100
2024-09-01,2024-09-30,20260207_214937,20260207_214937-0069,2024-09-27 15:23:54.055000,2024-09-27 15:24:14.543000,買い,143.66900,143.96900,1.00,30.00,35.00,秒逆張り,,,0,143.66900
2024-09-01,2024-09-30,20260207_214937,20260207_214937-0070,2024-09-27 15:24:17.213000,2024-09-27 15:24:17.318000,売り,144.16500,144.21500,1.00,-5.00,30.00,秒逆張り,,,0,144.16500
2024-09-01,2024-09-30,20260207_214937,20260207_214937-0071,2024-09-27 15:24:27.061000,2024-09-27 15:24:32.440000,売り,144.02700,144.07700,1.00,-5.00,25.00,秒逆張り,,,0,144.02700
2024-09-01,2024-09-30,20260207_214937,20260207_214937-0072,2024-09-27 15:24:34.246000,2024-09-27 15:24:35.976000,売り,144.06600,144.11600,1.00,-5.00,20.00,秒逆張り,,,0,144.06600
2024-09-01,2024-09-30,20260207_214937,20260207_214937-0073,2024-09-27 15:24:37.279000,2024-09-27 15:24:43.552000,売り,144.08300,144.13300,1.00,-5.00,15.00,秒逆張り,,,0,144.08300
2024-09-01,2024-09-30,20260207_214937,20260207_214937-0074,2024-09-27 15:24:45.006000,2024-09-27 15:24:46.644000,売り,144.09000,144.14000,1.00,-5.00,10.00,秒逆張り,,,0,144.09000
2024-09-01,2024-09-30,20260207_214937,20260207_214937-0075,2024-09-27 15:25:20.153000,2024-09-27 15:25:23.918000,買い,143.93700,143.88700,1.00,-5.00,5.00,秒逆張り,,,0,143.93700
2024-09-01,2024-09-30,20260207_214937,20260207_214937-0076,2024-09-27 15:25:34.596000,2024-09-27 15:25:37.535000,買い,143.62200,143.57200,1.00,-5.00,0.00,秒逆張り,,,0,143.62200
2024-09-01,2024-09-30,20260207_214937,20260207_214937-0077,2024-09-27 15:25:39.672000,2024-09-27 15:25:55.658000,買い,143.52400,143.82400,1.00,30.00,30.00,秒逆張り,,,0,143.52400
2024-09-01,2024-09-30,20260207_214937,20260207_214937-0078,2024-09-27 15:26:39.441000,2024-09-27 15:26:45.283000,売り,144.00300,144.05300,1.00,-5.00,25.00,秒逆張り,,,0,144.00300
2024-09-01,2024-09-30,20260207_214937,20260207_214937-0079,2024-09-27 15:31:02.814000,2024-09-27 15:31:03.129000,買い,143.45100,143.40100,1.00,-5.00,20.00,秒逆張り,,,0,143.45100
2024-09-01,2024-09-30,20260207_214937,20260207_214937-0080,2024-09-27 15:32:14.625000,2024-09-27 15:32:15.764000,売り,143.45200,143.50200,1.00,-5.00,15.00,秒逆張り,,,0,143.45200
2024-09-01,2024-09-30,20260207_214937,20260207_214937-0081,2024-09-27 15:35:24.103000,2024-09-27 15:35:27.606000,買い,143.34300,143.29300,1.00,-5.00,10.00,秒逆張り,,,0,143.34300
2024-09-01,2024-09-30,20260207_214937,20260207_214937-0082,2024-09-27 15:36:39.313000,2024-09-27 15:36:42.670000,売り,143.75200,143.80200,1.00,-5.00,5.00,秒逆張り,,,0,143.75200
2024-09-01,2024-09-30,20260207_214937,20260207_214937-0083,2024-09-27 15:41:09.793000,2024-09-27 15:42:21.436000,買い,143.61900,143.56900,1.00,-5.00,0.00,秒逆張り,,,0,143.61900
2024-09-01,2024-09-30,20260207_214937,20260207_214937-0084,2024-09-27 16:23:03.825000,2024-09-27 16:23:04.908000,買い,142.91600,142.86600,1.00,-5.00,-5.00,秒逆張り,,,0,142.91600
2024-09-01,2024-09-30,20260207_214937,20260207_214937-0085,2024-09-27 18:06:54.606000,2024-09-27 18:07:00.684000,売り,143.32000,143.37000,1.00,-5.00,-10.00,秒逆張り,,,0,143.32000
2024-09-01,2024-09-30,20260207_214937,20260207_214937-0086,2024-09-27 21:30:09.399000,2024-09-27 21:30:10.906000,買い,142.96700,142.91700,1.00,-5.00,-15.00,秒逆張り,,,0,142.96700
2024-09-01,2024-09-30,20260207_214937,20260207_214937-0087,2024-09-27 21:30:11.940000,2024-09-27 21:30:21.061000,買い,142.89700,142.84700,1.00,-5.00,-20.00,秒逆張り,,,0,142.89700
2024-09-01,2024-09-30,20260207_214937,20260207_214937-0088,2024-09-27 21:30:22.945000,2024-09-27 21:30:34.561000,買い,142.75800,142.70800,1.00,-5.00,-25.00,秒逆張り,,,0,142.75800
2024-09-01,2024-09-30,20260207_214937,20260207_214937-0089,2024-09-27 21:30:38.598000,2024-09-27 21:32:47.619000,買い,142.64500,142.94500,1.00,30.00,5.00,秒逆張り,,,0,142.64500
2024-09-01,2024-09-30,20260207_214937,20260207_214937-0090,2024-09-27 23:00:32.453000,2024-09-27 23:24:12.554000,買い,142.42400,142.72400,1.00,30.00,35.00,秒逆張り,,,0,142.42400
2024-09-01,2024-09-30,20260207_214937,20260207_214937-0091,2024-09-27 23:25:18.769000,2024-09-27 23:25:23.622000,売り,142.83200,142.88200,1.00,-5.00,30.00,秒逆張り,,,0,142.83200
2024-10-01,2024-10-31,20260207_215130,20260207_215130-0001,2024-10-01 01:22:51.558000,2024-10-01 01:31:35.262000,買い,143.20900,143.15900,1.00,-5.00,25.00,秒逆張り,,,0,143.20900
2024-10-01,2024-10-31,20260207_215130,20260207_215130-0002,2024-10-01 23:00:04.070000,2024-10-01 23:00:21.786000,売り,143.81200,143.51200,1.00,30.00,55.00,秒逆張り,,,0,143.81200
2024-10-01,2024-10-31,20260207_215130,20260207_215130-0003,2024-10-02 13:56:02.662000,2024-10-02 13:56:09.528000,買い,143.73800,143.68800,1.00,-5.00,50.00,秒逆張り,,,0,143.73800
2024-10-01,2024-10-31,20260207_215130,20260207_215130-0004,2024-10-02 21:15:04.742000,2024-10-02 21:15:14.496000,売り,144.90100,144.95100,1.00,-5.00,45.00,秒逆張り,,,0,144.90100
2024-10-01,2024-10-31,20260207_215130,20260207_215130-0005,2024-10-03 21:30:02.312000,2024-10-03 21:30:03.047000,買い,146.56200,146.51200,1.00,-5.00,40.00,秒逆張り,,,0,146.56200
2024-10-01,2024-10-31,20260207_215130,20260207_215130-0006,2024-10-03 21:30:23.393000,2024-10-03 22:31:42.522000,売り,146.84100,146.54100,1.00,30.00,70.00,秒逆張り,,,0,146.84100
2024-10-01,2024-10-31,20260207_215130,20260207_215130-0007,2024-10-03 23:00:02.426000,2024-10-03 23:01:55.943000,売り,146.98400,147.03400,1.00,-5.00,65.00,秒逆張り,,,0,146.98400
2024-10-01,2024-10-31,20260207_215130,20260207_215130-0008,2024-10-04 21:30:05.189000,2024-10-04 21:30:05.454000,売り,147.22900,147.27900,1.00,-5.00,60.00,秒逆張り,,,0,147.22900
2024-10-01,2024-10-31,20260207_215130,20260207_215130-0009,2024-10-04 21:30:06.982000,2024-10-04 21:30:07.138000,売り,147.25500,147.30500,1.00,-5.00,55.00,秒逆張り,,,0,147.25500
2024-10-01,2024-10-31,20260207_215130,20260207_215130-0010,2024-10-04 21:30:18.216000,2024-10-04 21:30:20.277000,売り,147.61300,147.66300,1.00,-5.00,50.00,秒逆張り,,,0,147.61300
2024-10-01,2024-10-31,20260207_215130,20260207_215130-0011,2024-10-04 21:30:31.959000,2024-10-04 21:30:34.238000,売り,147.83300,147.88300,1.00,-5.00,45.00,秒逆張り,,,0,147.83300
2024-10-01,2024-10-31,20260207_215130,20260207_215130-0012,2024-10-04 21:32:23.568000,2024-10-04 21:32:25.257000,売り,148.36300,148.41300,1.00,-5.00,40.00,秒逆張り,,,0,148.36300
2024-10-01,2024-10-31,20260207_215130,20260207_215130-0013,2024-10-04 23:33:47.024000,2024-10-04 23:35:57.912000,買い,148.43400,148.38400,1.00,-5.00,35.00,秒逆張り,,,0,148.43400
2024-10-01,2024-10-31,20260207_215130,20260207_215130-0014,2024-10-10 21:30:12.297000,2024-10-10 21:30:13.157000,買い,148.52400,148.47400,1.00,-5.00,30.00,秒逆張り,,,0,148.52400
2024-10-01,2024-10-31,20260207_215130,20260207_215130-0015,2024-10-10 21:30:14.372000,2024-10-10 21:30:15.953000,買い,148.35900,148.30900,1.00,-5.00,25.00,秒逆張り,,,0,148.35900
2024-10-01,2024-10-31,20260207_215130,20260207_215130-0016,2024-10-10 21:31:01.685000,2024-10-10 21:31:03.996000,買い,148.72200,148.67200,1.00,-5.00,20.00,秒逆張り,,,0,148.72200
2024-10-01,2024-10-31,20260207_215130,20260207_215130-0017,2024-10-10 21:31:39.376000,2024-10-10 21:32:12.075000,売り,148.86800,148.56800,1.00,30.00,50.00,秒逆張り,,,0,148.86800
2024-10-01,2024-10-31,20260207_215130,20260207_215130-0018,2024-10-10 21:31:12.083000,2024-10-10 21:32:12.130000,買い,148.60100,148.55100,1.00,-5.00,45.00,秒逆張り,,,0,148.60100
2024-10-01,2024-10-31,20260207_215130,20260207_215130-0019,2024-10-10 23:12:21.401000,2024-10-10 23:25:07.807000,売り,148.57000,148.62000,1.00,-5.00,40.00,秒逆張り,,,0,148.57000
2024-10-01,2024-10-31,20260207_215130,20260207_215130-0020,2024-10-11 21:30:14.502000,2024-10-11 21:30:17.310000,買い,148.89000,148.84000,1.00,-5.00,35.00,秒逆張り,,,0,148.89000
2024-10-01,2024-10-31,20260207_215130,20260207_215130-0021,2024-10-11 21:30:04.026000,2024-10-11 21:40:03.419000,買い,148.83100,149.13100,1.00,30.00,65.00,秒逆張り,,,0,148.83100
2024-10-01,2024-10-31,20260207_215130,20260207_215130-0022,2024-10-15 21:30:07.230000,2024-10-15 21:31:49.203000,買い,149.17200,149.12200,1.00,-5.00,60.00,秒逆張り,,,0,149.17200
2024-10-01,2024-10-31,20260207_215130,20260207_215130-0023,2024-10-17 21:30:14.898000,2024-10-17 21:30:16.459000,売り,149.84800,149.89800,1.00,-5.00,55.00,秒逆張り,,,0,149.84800
2024-10-01,2024-10-31,20260207_215130,20260207_215130-0024,2024-10-17 21:30:03.366000,2024-10-17 21:30:16.930000,売り,149.86400,149.91400,1.00,-5.00,50.00,秒逆張り,,,0,149.86400
2024-10-01,2024-10-31,20260207_215130,20260207_215130-0025,2024-10-24 21:30:02.008000,2024-10-24 21:30:02.478000,売り,152.06200,152.11200,1.00,-5.00,45.00,秒逆張り,,,0,152.06200
2024-10-01,2024-10-31,20260207_215130,20260207_215130-0026,2024-10-24 21:30:06.257000,2024-10-24 21:30:21.186000,売り,152.26600,151.96600,1.00,30.00,75.00,秒逆張り,,,0,152.26600
2024-10-01,2024-10-31,20260207_215130,20260207_215130-0027,2024-10-24 22:45:01.656000,2024-10-24 23:41:31.647000,売り,152.30200,152.00200,1.00,30.00,105.00,秒逆張り,,,0,152.30200
2024-10-01,2024-10-31,20260207_215130,20260207_215130-0028,2024-10-29 23:00:05.527000,2024-10-29 23:00:21.111000,買い,153.05700,153.35700,1.00,30.00,135.00,秒逆張り,,,0,153.05700
2024-10-01,2024-10-31,20260207_215130,20260207_215130-0029,2024-10-29 23:00:39.107000,2024-10-29 23:00:43.438000,買い,153.32400,153.27400,1.00,-5.00,130.00,秒逆張り,,,0,153.32400
2024-10-01,2024-10-31,20260207_215130,20260207_215130-0030,2024-10-30 21:15:03.614000,2024-10-30 21:17:01.752000,売り,153.33600,153.38600,1.00,-5.00,125.00,秒逆張り,,,0,153.33600
2024-10-01,2024-10-31,20260207_215130,20260207_215130-0031,2024-10-31 21:30:03.878000,2024-10-31 21:30:19.004000,買い,152.65800,152.95800,1.00,30.00,155.00,秒逆張り,,,0,152.65800
2024-10-01,2024-10-31,20260207_215130,20260207_215130-0032,2024-10-31 21:30:20.195000,2024-10-31 21:32:45.066000,売り,152.94600,152.64600,1.00,30.00,185.00,秒逆張り,,,0,152.94600
2024-11-01,2024-11-30,20260207_215350,20260207_215350-0001,2024-11-01 21:30:15.830000,2024-11-01 21:30:16.622000,買い,152.06400,152.01400,1.00,-5.00,180.00,秒逆張り,,,0,152.06400
2024-11-01,2024-11-30,20260207_215350,20260207_215350-0002,2024-11-01 21:30:22.460000,2024-11-01 21:30:24.463000,買い,152.07000,152.02000,1.00,-5.00,175.00,秒逆張り,,,0,152.07000
2024-11-01,2024-11-30,20260207_215350,20260207_215350-0003,2024-11-01 21:30:26.441000,2024-11-01 21:33:23.489000,買い,152.00600,151.95600,1.00,-5.00,170.00,秒逆張り,,,0,152.00600
2024-11-01,2024-11-30,20260207_215350,20260207_215350-0004,2024-11-01 23:00:01.386000,2024-11-01 23:00:02.751000,買い,152.32100,152.27100,1.00,-5.00,165.00,秒逆張り,,,0,152.32100
2024-11-01,2024-11-30,20260207_215350,20260207_215350-0005,2024-11-06 00:00:02.428000,2024-11-06 00:35:58.353000,売り,152.12900,151.82900,1.00,30.00,195.00,秒逆張り,,,0,152.12900
2024-11-01,2024-11-30,20260207_215350,20260207_215350-0006,2024-11-06 12:10:37.359000,2024-11-06 12:10:41.683000,買い,153.75900,153.70900,1.00,-5.00,190.00,秒逆張り,,,0,153.75900
2024-11-01,2024-11-30,20260207_215350,20260207_215350-0007,2024-11-06 12:10:43.150000,2024-11-06 12:10:43.306000,買い,153.64300,153.59300,1.00,-5.00,185.00,秒逆張り,,,0,153.64300
2024-11-01,2024-11-30,20260207_215350,20260207_215350-0008,2024-11-08 04:00:08.020000,2024-11-08 04:00:21.181000,売り,153.05700,153.10700,1.00,-5.00,180.00,秒逆張り,,,0,153.05700
2024-11-01,2024-11-30,20260207_215350,20260207_215350-0009,2024-11-08 04:00:22.301000,2024-11-08 04:00:38.667000,売り,153.06600,153.11600,1.00,-5.00,175.00,秒逆張り,,,0,153.06600
2024-11-01,2024-11-30,20260207_215350,20260207_215350-0010,2024-11-13 22:30:04.590000,2024-11-13 22:30:05.389000,買い,154.64400,154.59400,1.00,-5.00,170.00,秒逆張り,,,0,154.64400
2024-11-01,2024-11-30,20260207_215350,20260207_215350-0011,2024-11-13 22:30:20.023000,2024-11-13 22:30:21.015000,買い,154.65000,154.60000,1.00,-5.00,165.00,秒逆張り,,,0,154.65000
2024-11-01,2024-11-30,20260207_215350,20260207_215350-0012,2024-11-13 22:30:07.403000,2024-11-13 22:37:43.279000,買い,154.58800,154.53800,1.00,-5.00,160.00,秒逆張り,,,0,154.58800
2024-11-01,2024-11-30,20260207_215350,20260207_215350-0013,2024-11-14 22:30:07.555000,2024-11-14 22:30:07.761000,売り,155.90100,155.95100,1.00,-5.00,155.00,秒逆張り,,,0,155.90100
2024-11-01,2024-11-30,20260207_215350,20260207_215350-0014,2024-11-15 22:30:05.781000,2024-11-15 22:30:11.660000,売り,155.54700,155.24700,1.00,30.00,185.00,秒逆張り,,,0,155.54700
2024-11-01,2024-11-30,20260207_215350,20260207_215350-0015,2024-11-21 03:21:36.547000,2024-11-21 05:33:37.261000,売り,155.41800,155.46800,1.00,-5.00,180.00,秒逆張り,,,0,155.41800
2024-11-01,2024-11-30,20260207_215350,20260207_215350-0016,2024-11-21 15:13:17.477000,2024-11-21 15:13:22.465000,買い,154.63900,154.58900,1.00,-5.00,175.00,秒逆張り,,,0,154.63900
2024-11-01,2024-11-30,20260207_215350,20260207_215350-0017,2024-11-21 22:30:04.949000,2024-11-21 22:30:05.564000,売り,154.62800,154.67800,1.00,-5.00,170.00,秒逆張り,,,0,154.62800
2024-11-01,2024-11-30,20260207_215350,20260207_215350-0018,2024-11-22 23:45:01.558000,2024-11-22 23:45:26.922000,売り,154.84500,154.89500,1.00,-5.00,165.00,秒逆張り,,,0,154.84500
2024-11-01,2024-11-30,20260207_215350,20260207_215350-0019,2024-11-27 00:00:03.215000,2024-11-27 00:22:29.559000,買い,153.38900,153.68900,1.00,30.00,195.00,秒逆張り,,,0,153.38900
2024-11-01,2024-11-30,20260207_215350,20260207_215350-0020,2024-11-30 02:04:50.676000,2024-11-30 02:04:52.579000,買い,150.18200,150.13200,1.00,-5.00,190.00,秒逆張り,,,0,150.18200
2024-11-01,2024-11-30,20260207_215350,20260207_215350-0021,2024-11-30 02:04:53.689000,2024-11-30 02:06:20.945000,買い,150.21300,150.16300,1.00,-5.00,185.00,秒逆張り,,,0,150.21300
2024-12-01,2024-12-31,20260207_215539,20260207_215539-0001,2024-12-04 00:00:04.624000,2024-12-04 00:01:55.116000,売り,149.02200,149.07200,1.00,-5.00,180.00,秒逆張り,,,0,149.02200
2024-12-01,2024-12-31,20260207_215539,20260207_215539-0002,2024-12-04 22:41:13.723000,2024-12-04 22:41:44.280000,売り,150.97000,151.02000,1.00,-5.00,175.00,秒逆張り,,,0,150.97000
2024-12-01,2024-12-31,20260207_215539,20260207_215539-0003,2024-12-05 00:00:04.038000,2024-12-05 00:02:01.788000,買い,150.60700,150.55700,1.00,-5.00,170.00,秒逆張り,,,0,150.60700
2024-12-01,2024-12-31,20260207_215539,20260207_215539-0004,2024-12-05 00:00:13.838000,2024-12-05 00:02:06.886000,買い,150.60200,150.55200,1.00,-5.00,165.00,秒逆張り,,,0,150.60200
2024-12-01,2024-12-31,20260207_215539,20260207_215539-0005,2024-12-05 22:30:01.779000,2024-12-05 22:30:03.548000,買い,150.29200,150.24200,1.00,-5.00,160.00,秒逆張り,,,0,150.29200
2024-12-01,2024-12-31,20260207_215539,20260207_215539-0006,2024-12-05 22:30:04.910000,2024-12-05 22:30:06.771000,買い,150.29300,150.24300,1.00,-5.00,155.00,秒逆張り,,,0,150.29300
2024-12-01,2024-12-31,20260207_215539,20260207_215539-0007,2024-12-06 22:30:13.174000,2024-12-06 22:33:03.930000,買い,150.14100,150.09100,1.00,-5.00,150.00,秒逆張り,,,0,150.14100
2024-12-01,2024-12-31,20260207_215539,20260207_215539-0008,2024-12-11 18:11:11.872000,2024-12-11 18:11:13.187000,買い,151.41900,151.36900,1.00,-5.00,145.00,秒逆張り,,,0,151.41900
2024-12-01,2024-12-31,20260207_215539,20260207_215539-0009,2024-12-11 18:11:19.105000,2024-12-11 18:11:20.316000,買い,151.21700,151.16700,1.00,-5.00,140.00,秒逆張り,,,0,151.21700
2024-12-01,2024-12-31,20260207_215539,20260207_215539-0010,2024-12-11 22:30:23.695000,2024-12-11 22:36:14.630000,買い,152.47100,152.42100,1.00,-5.00,135.00,秒逆張り,,,0,152.47100
2024-12-01,2024-12-31,20260207_215539,20260207_215539-0011,2024-12-12 22:30:01.551000,2024-12-12 22:30:22.910000,買い,152.13800,152.08800,1.00,-5.00,130.00,秒逆張り,,,0,152.13800
2024-12-01,2024-12-31,20260207_215539,20260207_215539-0012,2024-12-16 23:45:01.463000,2024-12-16 23:47:29.258000,売り,154.26000,154.31000,1.00,-5.00,125.00,秒逆張り,,,0,154.26000
2024-12-01,2024-12-31,20260207_215539,20260207_215539-0013,2024-12-19 04:00:04.001000,2024-12-19 04:00:05.753000,売り,154.14200,154.19200,1.00,-5.00,120.00,秒逆張り,,,0,154.14200
2024-12-01,2024-12-31,20260207_215539,20260207_215539-0014,2024-12-19 04:00:11.113000,2024-12-19 04:00:19.066000,売り,154.14200,154.19200,1.00,-5.00,115.00,秒逆張り,,,0,154.14200
2024-12-01,2024-12-31,20260207_215539,20260207_215539-0015,2024-12-19 11:52:07.643000,2024-12-19 11:52:15.882000,売り,154.79100,154.84100,1.00,-5.00,110.00,秒逆張り,,,0,154.79100
2024-12-01,2024-12-31,20260207_215539,20260207_215539-0016,2024-12-19 15:33:31.305000,2024-12-19 15:35:24.875000,買い,154.98800,155.28800,1.00,30.00,140.00,秒逆張り,,,0,154.98800
2024-12-01,2024-12-31,20260207_215539,20260207_215539-0017,2024-12-19 22:30:07.709000,2024-12-19 22:30:07.919000,売り,156.94700,156.99700,1.00,-5.00,135.00,秒逆張り,,,0,156.94700
2024-12-01,2024-12-31,20260207_215539,20260207_215539-0018,2024-12-20 22:30:10.107000,2024-12-20 22:30:39.866000,買い,156.54300,156.49300,1.00,-5.00,130.00,秒逆張り,,,0,156.54300
2024-12-01,2024-12-31,20260207_215539,20260207_215539-0019,2024-12-27 11:31:59.647000,2024-12-27 12:14:43.533000,売り,157.66000,157.71000,1.00,-5.00,125.00,秒逆張り,,,0,157.66000
2025-01-01,2025-01-31,20260207_215728,20260207_215728-0001,2025-01-04 00:00:01.293000,2025-01-04 00:02:36.667000,売り,157.28900,157.33900,1.00,-5.00,120.00,秒逆張り,,,0,157.28900
2025-01-01,2025-01-31,20260207_215728,20260207_215728-0002,2025-01-08 00:00:03.384000,2025-01-08 00:00:36.782000,売り,158.10400,158.15400,1.00,-5.00,115.00,秒逆張り,,,0,158.10400
2025-01-01,2025-01-31,20260207_215728,20260207_215728-0003,2025-01-08 00:00:17.485000,2025-01-08 00:00:36.782000,売り,158.10100,158.15100,1.00,-5.00,110.00,秒逆張り,,,0,158.10100
2025-01-01,2025-01-31,20260207_215728,20260207_215728-0004,2025-01-08 22:15:05.379000,2025-01-08 22:23:29.418000,買い,158.25900,158.20900,1.00,-5.00,105.00,秒逆張り,,,0,158.25900
2025-01-01,2025-01-31,20260207_215728,20260207_215728-0005,2025-01-08 22:29:49.296000,2025-01-08 23:22:49.154000,売り,158.35600,158.40600,1.00,-5.00,100.00,秒逆張り,,,0,158.35600
2025-01-01,2025-01-31,20260207_215728,20260207_215728-0006,2025-01-10 17:30:12.152000,2025-01-10 17:35:54.930000,買い,158.09700,158.04700,1.00,-5.00,95.00,秒逆張り,,,0,158.09700
2025-01-01,2025-01-31,20260207_215728,20260207_215728-0007,2025-01-10 22:30:06.653000,2025-01-10 22:30:14.262000,売り,158.54500,158.59500,1.00,-5.00,90.00,秒逆張り,,,0,158.54500
2025-01-01,2025-01-31,20260207_215728,20260207_215728-0008,2025-01-10 22:30:16.298000,2025-01-10 22:30:30.057000,売り,158.60100,158.65100,1.00,-5.00,85.00,秒逆張り,,,0,158.60100
2025-01-01,2025-01-31,20260207_215728,20260207_215728-0009,2025-01-11 00:00:01.989000,2025-01-11 00:01:53.007000,売り,158.09300,158.14300,1.00,-5.00,80.00,秒逆張り,,,0,158.09300
2025-01-01,2025-01-31,20260207_215728,20260207_215728-0010,2025-01-14 22:30:02.705000,2025-01-14 22:30:03.394000,買い,157.48600,157.43600,1.00,-5.00,75.00,秒逆張り,,,0,157.48600
2025-01-01,2025-01-31,20260207_215728,20260207_215728-0011,2025-01-15 22:30:02.952000,2025-01-15 22:30:03.058000,買い,156.51800,156.46800,1.00,-5.00,70.00,秒逆張り,,,0,156.51800
2025-01-01,2025-01-31,20260207_215728,20260207_215728-0012,2025-01-15 22:30:07.600000,2025-01-15 22:30:07.921000,買い,156.46700,156.41700,1.00,-5.00,65.00,秒逆張り,,,0,156.46700
2025-01-01,2025-01-31,20260207_215728,20260207_215728-0013,2025-01-15 22:30:14.164000,2025-01-15 22:30:18.004000,買い,156.50800,156.45800,1.00,-5.00,60.00,秒逆張り,,,0,156.50800
2025-01-01,2025-01-31,20260207_215728,20260207_215728-0014,2025-01-15 22:30:20.383000,2025-01-15 22:30:23.800000,買い,156.43200,156.38200,1.00,-5.00,55.00,秒逆張り,,,0,156.43200
2025-01-01,2025-01-31,20260207_215728,20260207_215728-0015,2025-01-15 22:30:25.002000,2025-01-15 22:30:45.028000,買い,156.41200,156.36200,1.00,-5.00,50.00,秒逆張り,,,0,156.41200
2025-01-01,2025-01-31,20260207_215728,20260207_215728-0016,2025-01-16 22:30:02.071000,2025-01-16 22:30:03.190000,買い,156.16900,156.11900,1.00,-5.00,45.00,秒逆張り,,,0,156.16900
2025-01-01,2025-01-31,20260207_215728,20260207_215728-0017,2025-01-16 22:30:05.284000,2025-01-16 22:30:17.246000,買い,156.04100,155.99100,1.00,-5.00,40.00,秒逆張り,,,0,156.04100
2025-01-01,2025-01-31,20260207_215728,20260207_215728-0018,2025-01-17 00:05:54.748000,2025-01-17 00:08:32.448000,買い,155.92800,155.87800,1.00,-5.00,35.00,秒逆張り,,,0,155.92800
2025-01-01,2025-01-31,20260207_215728,20260207_215728-0019,2025-01-20 22:30:09.394000,2025-01-20 22:30:10.680000,買い,156.08900,156.03900,1.00,-5.00,30.00,秒逆張り,,,0,156.08900
2025-01-01,2025-01-31,20260207_215728,20260207_215728-0020,2025-01-20 22:30:12.078000,2025-01-20 22:30:12.901000,買い,156.02100,155.97100,1.00,-5.00,25.00,秒逆張り,,,0,156.02100
2025-01-01,2025-01-31,20260207_215728,20260207_215728-0021,2025-01-20 22:30:17.161000,2025-01-20 22:32:00.170000,買い,155.96500,155.91500,1.00,-5.00,20.00,秒逆張り,,,0,155.96500
2025-01-01,2025-01-31,20260207_215728,20260207_215728-0022,2025-01-21 02:18:05.564000,2025-01-21 02:25:09.260000,買い,155.75300,156.05300,1.00,30.00,50.00,秒逆張り,,,0,155.75300
2025-01-01,2025-01-31,20260207_215728,20260207_215728-0023,2025-01-24 01:11:42.296000,2025-01-24 01:11:54.948000,売り,156.32100,156.37100,1.00,-5.00,45.00,秒逆張り,,,0,156.32100
2025-01-01,2025-01-31,20260207_215728,20260207_215728-0024,2025-01-24 12:23:09.236000,2025-01-24 12:24:17.941000,買い,155.83000,156.13000,1.00,30.00,75.00,秒逆張り,,,0,155.83000
2025-01-01,2025-01-31,20260207_215728,20260207_215728-0025,2025-01-24 12:24:30.702000,2025-01-24 12:24:37.229000,売り,156.36600,156.41600,1.00,-5.00,70.00,秒逆張り,,,0,156.36600
2025-01-01,2025-01-31,20260207_215728,20260207_215728-0026,2025-01-24 12:30:04.933000,2025-01-24 12:39:59.871000,買い,155.75400,155.70400,1.00,-5.00,65.00,秒逆張り,,,0,155.75400
2025-01-01,2025-01-31,20260207_215728,20260207_215728-0027,2025-01-24 23:45:01.626000,2025-01-24 23:45:07.492000,買い,156.18900,156.13900,1.00,-5.00,60.00,秒逆張り,,,0,156.18900
2025-01-01,2025-01-31,20260207_215728,20260207_215728-0028,2025-01-30 04:00:06.434000,2025-01-30 04:00:13.198000,売り,155.27200,155.32200,1.00,-5.00,55.00,秒逆張り,,,0,155.27200
2025-01-01,2025-01-31,20260207_215728,20260207_215728-0029,2025-01-30 04:38:04.143000,2025-01-30 04:38:05.861000,買い,155.43800,155.38800,1.00,-5.00,50.00,秒逆張り,,,0,155.43800
2025-02-01,2025-02-28,20260207_215910,20260207_215910-0001,2025-02-01 03:20:03.817000,2025-02-01 03:28:39.099000,売り,155.10900,155.15900,1.00,-5.00,45.00,秒逆張り,,,0,155.10900
2025-02-01,2025-02-28,20260207_215910,20260207_215910-0002,2025-02-04 00:00:01.824000,2025-02-04 00:07:46.661000,売り,154.65100,154.35100,1.00,30.00,75.00,秒逆張り,,,0,154.65100
2025-02-01,2025-02-28,20260207_215910,20260207_215910-0003,2025-02-05 00:00:05.145000,2025-02-05 00:00:07.155000,買い,154.88300,154.83300,1.00,-5.00,70.00,秒逆張り,,,0,154.88300
2025-02-01,2025-02-28,20260207_215910,20260207_215910-0004,2025-02-05 22:15:06.301000,2025-02-05 22:15:35.041000,売り,152.89600,152.94600,1.00,-5.00,65.00,秒逆張り,,,0,152.89600
2025-02-01,2025-02-28,20260207_215910,20260207_215910-0005,2025-02-06 00:00:02.157000,2025-02-06 00:00:14.626000,買い,152.53800,152.48800,1.00,-5.00,60.00,秒逆張り,,,0,152.53800
2025-02-01,2025-02-28,20260207_215910,20260207_215910-0006,2025-02-07 22:30:03.223000,2025-02-07 22:30:03.428000,買い,151.50600,151.45600,1.00,-5.00,55.00,秒逆張り,,,0,151.50600
2025-02-01,2025-02-28,20260207_215910,20260207_215910-0007,2025-02-07 22:30:08.356000,2025-02-07 22:30:08.460000,買い,151.38000,151.33000,1.00,-5.00,50.00,秒逆張り,,,0,151.38000
2025-02-01,2025-02-28,20260207_215910,20260207_215910-0008,2025-02-07 22:30:33.129000,2025-02-07 22:30:38.165000,売り,152.03300,152.08300,1.00,-5.00,45.00,秒逆張り,,,0,152.03300
2025-02-01,2025-02-28,20260207_215910,20260207_215910-0009,2025-02-07 22:30:41.263000,2025-02-07 22:30:41.912000,売り,152.11400,152.16400,1.00,-5.00,40.00,秒逆張り,,,0,152.11400
2025-02-01,2025-02-28,20260207_215910,20260207_215910-0010,2025-02-07 22:30:50.292000,2025-02-07 22:31:06.111000,売り,152.19800,152.24800,1.00,-5.00,35.00,秒逆張り,,,0,152.19800
2025-02-01,2025-02-28,20260207_215910,20260207_215910-0011,2025-02-08 02:16:48.959000,2025-02-08 02:16:50.518000,売り,151.73800,151.78800,1.00,-5.00,30.00,秒逆張り,,,0,151.73800
2025-02-01,2025-02-28,20260207_215910,20260207_215910-0012,2025-02-12 22:30:04.573000,2025-02-12 22:30:05.511000,売り,154.12300,154.17300,1.00,-5.00,25.00,秒逆張り,,,0,154.12300
2025-02-01,2025-02-28,20260207_215910,20260207_215910-0013,2025-02-13 22:30:03.323000,2025-02-13 22:31:00.323000,買い,153.71100,154.01100,1.00,30.00,55.00,秒逆張り,,,0,153.71100
2025-02-01,2025-02-28,20260207_215910,20260207_215910-0014,2025-02-14 22:30:01.860000,2025-02-14 22:30:16.790000,買い,152.46900,152.41900,1.00,-5.00,50.00,秒逆張り,,,0,152.46900
2025-02-01,2025-02-28,20260207_215910,20260207_215910-0015,2025-02-21 17:15:02.282000,2025-02-21 17:15:06.286000,買い,150.45200,150.40200,1.00,-5.00,45.00,秒逆張り,,,0,150.45200
2025-02-01,2025-02-28,20260207_215910,20260207_215910-0016,2025-02-21 23:45:01.626000,2025-02-21 23:45:22.250000,買い,149.93500,149.88500,1.00,-5.00,40.00,秒逆張り,,,0,149.93500
2025-02-01,2025-02-28,20260207_215910,20260207_215910-0017,2025-02-27 22:30:01.193000,2025-02-27 22:30:03.592000,買い,149.48300,149.43300,1.00,-5.00,35.00,秒逆張り,,,0,149.48300
2025-03-01,2025-03-31,20260207_220116,20260207_220116-0001,2025-03-03 20:52:12.459000,2025-03-03 20:53:22.145000,売り,151.05600,151.10600,1.00,-5.00,30.00,秒逆張り,,,0,151.05600
2025-03-01,2025-03-31,20260207_220116,20260207_220116-0002,2025-03-05 22:15:02.111000,2025-03-05 22:15:02.857000,買い,149.47200,149.42200,1.00,-5.00,25.00,秒逆張り,,,0,149.47200
2025-03-01,2025-03-31,20260207_220116,20260207_220116-0003,2025-03-06 00:00:02.344000,2025-03-06 00:00:04.081000,売り,148.62400,148.67400,1.00,-5.00,20.00,秒逆張り,,,0,148.62400
2025-03-01,2025-03-31,20260207_220116,20260207_220116-0004,2025-03-06 00:00:05.919000,2025-03-06 00:00:06.501000,売り,148.72900,148.77900,1.00,-5.00,15.00,秒逆張り,,,0,148.72900
2025-03-01,2025-03-31,20260207_220116,20260207_220116-0005,2025-03-06 01:57:51.540000,2025-03-06 01:57:58.205000,売り,148.71600,148.76600,1.00,-5.00,10.00,秒逆張り,,,0,148.71600
2025-03-01,2025-03-31,20260207_220116,20260207_220116-0006,2025-03-06 01:58:00.608000,2025-03-06 01:58:01.209000,売り,148.80500,148.85500,1.00,-5.00,5.00,秒逆張り,,,0,148.80500
2025-03-01,2025-03-31,20260207_220116,20260207_220116-0007,2025-03-07 01:30:43.556000,2025-03-07 01:37:00.386000,買い,148.15500,148.10500,1.00,-5.00,0.00,秒逆張り,,,0,148.15500
2025-03-01,2025-03-31,20260207_220116,20260207_220116-0008,2025-03-07 22:30:03.652000,2025-03-07 22:30:04.335000,買い,147.39800,147.34800,1.00,-5.00,-5.00,秒逆張り,,,0,147.39800
2025-03-01,2025-03-31,20260207_220116,20260207_220116-0009,2025-03-07 22:30:07.235000,2025-03-07 22:30:14.838000,売り,147.67500,147.37500,1.00,30.00,25.00,秒逆張り,,,0,147.67500
2025-03-01,2025-03-31,20260207_220116,20260207_220116-0010,2025-03-07 22:30:13.986000,2025-03-07 22:30:14.838000,買い,147.41600,147.36600,1.00,-5.00,20.00,秒逆張り,,,0,147.41600
2025-03-01,2025-03-31,20260207_220116,20260207_220116-0011,2025-03-08 00:49:03.742000,2025-03-08 00:49:08.200000,売り,147.49600,147.54600,1.00,-5.00,15.00,秒逆張り,,,0,147.49600
2025-03-01,2025-03-31,20260207_220116,20260207_220116-0012,2025-03-08 00:49:09.751000,2025-03-08 00:49:10.691000,売り,147.53700,147.58700,1.00,-5.00,10.00,秒逆張り,,,0,147.53700
2025-03-01,2025-03-31,20260207_220116,20260207_220116-0013,2025-03-08 00:49:13.195000,2025-03-08 00:49:14.129000,売り,147.54800,147.59800,1.00,-5.00,5.00,秒逆張り,,,0,147.54800
2025-03-01,2025-03-31,20260207_220116,20260207_220116-0014,2025-03-12 21:30:03.783000,2025-03-12 21:30:59.791000,買い,148.16600,148.46600,1.00,30.00,35.00,秒逆張り,,,0,148.16600
2025-03-01,2025-03-31,20260207_220116,20260207_220116-0015,2025-03-12 21:30:21.479000,2025-03-12 21:31:09.054000,買い,148.28400,148.58400,1.00,30.00,65.00,秒逆張り,,,0,148.28400
2025-03-01,2025-03-31,20260207_220116,20260207_220116-0016,2025-03-17 21:30:04.571000,2025-03-17 21:30:09.252000,買い,148.30200,148.60200,1.00,30.00,95.00,秒逆張り,,,0,148.30200
2025-03-01,2025-03-31,20260207_220116,20260207_220116-0017,2025-03-17 21:30:11.371000,2025-03-17 21:30:12.150000,売り,148.66100,148.71100,1.00,-5.00,90.00,秒逆張り,,,0,148.66100
2025-03-01,2025-03-31,20260207_220116,20260207_220116-0018,2025-03-17 21:30:14.973000,2025-03-17 21:30:27.285000,売り,148.73300,148.78300,1.00,-5.00,85.00,秒逆張り,,,0,148.73300
2025-03-01,2025-03-31,20260207_220116,20260207_220116-0019,2025-03-19 15:49:28.850000,2025-03-19 15:49:29.005000,買い,149.62300,149.57300,1.00,-5.00,80.00,秒逆張り,,,0,149.62300
2025-03-01,2025-03-31,20260207_220116,20260207_220116-0020,2025-03-20 03:00:16.638000,2025-03-20 03:00:20.730000,買い,149.77700,149.72700,1.00,-5.00,75.00,秒逆張り,,,0,149.77700
2025-03-01,2025-03-31,20260207_220116,20260207_220116-0021,2025-03-24 22:45:02.548000,2025-03-24 22:45:24.306000,売り,149.88600,149.93600,1.00,-5.00,70.00,秒逆張り,,,0,149.88600
2025-03-01,2025-03-31,20260207_220116,20260207_220116-0022,2025-03-28 21:30:04.146000,2025-03-28 21:36:50.565000,売り,150.92000,150.62000,1.00,30.00,100.00,秒逆張り,,,0,150.92000
2025-04-01,2025-04-30,20260207_220416,20260207_220416-0001,2025-04-01 23:00:06.632000,2025-04-01 23:00:08.844000,買い,149.40200,149.35200,1.00,-5.00,95.00,秒逆張り,,,0,149.40200
2025-04-01,2025-04-30,20260207_220416,20260207_220416-0002,2025-04-03 23:00:01.917000,2025-04-03 23:00:02.278000,買い,145.48900,145.43900,1.00,-5.00,90.00,秒逆張り,,,0,145.48900
2025-04-01,2025-04-30,20260207_220416,20260207_220416-0003,2025-04-03 23:00:09.394000,2025-04-03 23:00:13.987000,買い,145.27700,145.22700,1.00,-5.00,85.00,秒逆張り,,,0,145.27700
2025-04-01,2025-04-30,20260207_220416,20260207_220416-0004,2025-04-04 21:30:06.822000,2025-04-04 21:30:10.125000,売り,145.49800,145.19800,1.00,30.00,115.00,秒逆張り,,,0,145.49800
2025-04-01,2025-04-30,20260207_220416,20260207_220416-0005,2025-04-04 21:30:20.893000,2025-04-04 21:30:21.201000,売り,145.30800,145.35800,1.00,-5.00,110.00,秒逆張り,,,0,145.30800
2025-04-01,2025-04-30,20260207_220416,20260207_220416-0006,2025-04-04 21:30:12.747000,2025-04-04 21:30:22.075000,買い,145.08600,145.38600,1.00,30.00,140.00,秒逆張り,,,0,145.08600
2025-04-01,2025-04-30,20260207_220416,20260207_220416-0007,2025-04-04 21:30:23.638000,2025-04-04 21:31:03.831000,売り,145.36600,145.06600,1.00,30.00,170.00,秒逆張り,,,0,145.36600
2025-04-01,2025-04-30,20260207_220416,20260207_220416-0008,2025-04-04 21:31:18.509000,2025-04-04 21:31:24.342000,買い,145.14500,145.09500,1.00,-5.00,165.00,秒逆張り,,,0,145.14500
2025-04-01,2025-04-30,20260207_220416,20260207_220416-0009,2025-04-04 21:31:25.576000,2025-04-04 21:31:26.863000,買い,145.10100,145.05100,1.00,-5.00,160.00,秒逆張り,,,0,145.10100
2025-04-01,2025-04-30,20260207_220416,20260207_220416-0010,2025-04-04 21:31:38.561000,2025-04-04 21:31:42.151000,売り,145.26300,145.31300,1.00,-5.00,155.00,秒逆張り,,,0,145.26300
2025-04-01,2025-04-30,20260207_220416,20260207_220416-0011,2025-04-07 23:20:26.557000,2025-04-07 23:20:30.698000,買い,147.49100,147.44100,1.00,-5.00,150.00,秒逆張り,,,0,147.49100
2025-04-01,2025-04-30,20260207_220416,20260207_220416-0012,2025-04-07 23:22:09.464000,2025-04-07 23:22:09.568000,買い,147.28900,147.23900,1.00,-5.00,145.00,秒逆張り,,,0,147.28900
2025-04-01,2025-04-30,20260207_220416,20260207_220416-0013,2025-04-07 23:23:29.544000,2025-04-07 23:23:37.936000,買い,147.13100,147.08100,1.00,-5.00,140.00,秒逆張り,,,0,147.13100
2025-04-01,2025-04-30,20260207_220416,20260207_220416-0014,2025-04-07 23:23:44.843000,2025-04-07 23:26:44.350000,買い,147.04700,147.34700,1.00,30.00,170.00,秒逆張り,,,0,147.04700
2025-04-01,2025-04-30,20260207_220416,20260207_220416-0015,2025-04-07 23:27:46.798000,2025-04-07 23:28:17.814000,買い,147.20300,147.15300,1.00,-5.00,165.00,秒逆張り,,,0,147.20300
2025-04-01,2025-04-30,20260207_220416,20260207_220416-0016,2025-04-07 23:33:57.824000,2025-04-07 23:34:33.873000,買い,147.26400,147.21400,1.00,-5.00,160.00,秒逆張り,,,0,147.26400
2025-04-01,2025-04-30,20260207_220416,20260207_220416-0017,2025-04-08 00:10:11.557000,2025-04-08 00:14:34.889000,売り,147.69600,147.39600,1.00,30.00,190.00,秒逆張り,,,0,147.69600
2025-04-01,2025-04-30,20260207_220416,20260207_220416-0018,2025-04-08 00:14:35.933000,2025-04-08 00:14:36.604000,買い,147.37800,147.32800,1.00,-5.00,185.00,秒逆張り,,,0,147.37800
2025-04-01,2025-04-30,20260207_220416,20260207_220416-0019,2025-04-08 00:14:38.763000,2025-04-08 00:14:57.260000,買い,147.20400,147.50400,1.00,30.00,215.00,秒逆張り,,,0,147.20400
2025-04-01,2025-04-30,20260207_220416,20260207_220416-0020,2025-04-08 00:14:43.117000,2025-04-08 00:14:57.260000,買い,147.19400,147.49400,1.00,30.00,245.00,秒逆張り,,,0,147.19400
2025-04-01,2025-04-30,20260207_220416,20260207_220416-0021,2025-04-08 00:15:33.640000,2025-04-08 00:15:45.315000,買い,147.21600,147.16600,1.00,-5.00,240.00,秒逆張り,,,0,147.21600
2025-04-01,2025-04-30,20260207_220416,20260207_220416-0022,2025-04-08 02:45:59.467000,2025-04-08 02:46:00.408000,買い,147.92400,147.87400,1.00,-5.00,235.00,秒逆張り,,,0,147.92400
2025-04-01,2025-04-30,20260207_220416,20260207_220416-0023,2025-04-08 03:09:11.454000,2025-04-08 03:10:28.224000,売り,147.96200,148.01200,1.00,-5.00,230.00,秒逆張り,,,0,147.96200
2025-04-01,2025-04-30,20260207_220416,20260207_220416-0024,2025-04-08 02:46:04.460000,2025-04-08 03:21:59.990000,買い,147.76000,148.06000,1.00,30.00,260.00,秒逆張り,,,0,147.76000
2025-04-01,2025-04-30,20260207_220416,20260207_220416-0025,2025-04-08 04:04:51.210000,2025-04-08 04:06:45.415000,買い,147.72600,147.67600,1.00,-5.00,255.00,秒逆張り,,,0,147.72600
2025-04-01,2025-04-30,20260207_220416,20260207_220416-0026,2025-04-08 04:45:01.053000,2025-04-08 04:45:02.344000,買い,147.60300,147.55300,1.00,-5.00,250.00,秒逆張り,,,0,147.60300
2025-04-01,2025-04-30,20260207_220416,20260207_220416-0027,2025-04-09 02:35:19.532000,2025-04-09 02:35:23.223000,売り,146.38500,146.43500,1.00,-5.00,245.00,秒逆張り,,,0,146.38500
2025-04-01,2025-04-30,20260207_220416,20260207_220416-0028,2025-04-09 20:00:02.571000,2025-04-09 20:00:03.303000,買い,145.08100,145.03100,1.00,-5.00,240.00,秒逆張り,,,0,145.08100
2025-04-01,2025-04-30,20260207_220416,20260207_220416-0029,2025-04-09 20:00:14.570000,2025-04-09 20:00:44.634000,買い,145.03200,144.98200,1.00,-5.00,235.00,秒逆張り,,,0,145.03200
2025-04-01,2025-04-30,20260207_220416,20260207_220416-0030,2025-04-09 20:00:46.505000,2025-04-09 20:00:52.600000,買い,144.93000,144.88000,1.00,-5.00,230.00,秒逆張り,,,0,144.93000
2025-04-01,2025-04-30,20260207_220416,20260207_220416-0031,2025-04-09 20:00:54.156000,2025-04-09 20:02:14.232000,買い,144.93800,144.88800,1.00,-5.00,225.00,秒逆張り,,,0,144.93800
2025-04-01,2025-04-30,20260207_220416,20260207_220416-0032,2025-04-09 22:00:09.041000,2025-04-09 22:00:10.379000,売り,144.44200,144.49200,1.00,-5.00,220.00,秒逆張り,,,0,144.44200
2025-04-01,2025-04-30,20260207_220416,20260207_220416-0033,2025-04-09 22:01:30.095000,2025-04-09 22:06:48.395000,買い,144.27300,144.57300,1.00,30.00,250.00,秒逆張り,,,0,144.27300
2025-04-01,2025-04-30,20260207_220416,20260207_220416-0034,2025-04-10 02:02:05.270000,2025-04-10 02:02:06.618000,買い,144.86900,144.81900,1.00,-5.00,245.00,秒逆張り,,,0,144.86900
2025-04-01,2025-04-30,20260207_220416,20260207_220416-0035,2025-04-10 02:19:18.870000,2025-04-10 02:19:18.922000,売り,144.84600,144.89600,1.00,-5.00,240.00,秒逆張り,,,0,144.84600
2025-04-01,2025-04-30,20260207_220416,20260207_220416-0036,2025-04-10 02:18:46.041000,2025-04-10 02:19:20.004000,買い,144.63100,144.93100,1.00,30.00,270.00,秒逆張り,,,0,144.63100
2025-04-01,2025-04-30,20260207_220416,20260207_220416-0037,2025-04-10 02:19:21.650000,2025-04-10 02:19:30.554000,売り,144.99500,145.04500,1.00,-5.00,265.00,秒逆張り,,,0,144.99500
2025-04-01,2025-04-30,20260207_220416,20260207_220416-0038,2025-04-10 02:19:32.898000,2025-04-10 02:19:35.674000,売り,145.08000,145.13000,1.00,-5.00,260.00,秒逆張り,,,0,145.08000
2025-04-01,2025-04-30,20260207_220416,20260207_220416-0039,2025-04-10 02:19:45.470000,2025-04-10 02:19:51.822000,売り,145.22300,145.27300,1.00,-5.00,255.00,秒逆張り,,,0,145.22300
2025-04-01,2025-04-30,20260207_220416,20260207_220416-0040,2025-04-10 02:19:59.410000,2025-04-10 02:19:59.668000,売り,145.28000,145.33000,1.00,-5.00,250.00,秒逆張り,,,0,145.28000
2025-04-01,2025-04-30,20260207_220416,20260207_220416-0041,2025-04-10 02:20:12.776000,2025-04-10 02:20:14.212000,売り,145.24100,145.29100,1.00,-5.00,245.00,秒逆張り,,,0,145.24100
2025-04-01,2025-04-30,20260207_220416,20260207_220416-0042,2025-04-10 02:20:15.292000,2025-04-10 02:20:17.144000,売り,145.32100,145.37100,1.00,-5.00,240.00,秒逆張り,,,0,145.32100
2025-04-01,2025-04-30,20260207_220416,20260207_220416-0043,2025-04-10 02:20:18.344000,2025-04-10 02:20:29.244000,売り,145.33300,145.38300,1.00,-5.00,235.00,秒逆張り,,,0,145.33300
2025-04-01,2025-04-30,20260207_220416,20260207_220416-0044,2025-04-10 02:20:41.374000,2025-04-10 02:20:43.621000,売り,145.45600,145.50600,1.00,-5.00,230.00,秒逆張り,,,0,145.45600
2025-04-01,2025-04-30,20260207_220416,20260207_220416-0045,2025-04-10 02:21:00.168000,2025-04-10 02:21:01.459000,売り,145.65300,145.70300,1.00,-5.00,225.00,秒逆張り,,,0,145.65300
2025-04-01,2025-04-30,20260207_220416,20260207_220416-0046,2025-04-10 02:20:55.547000,2025-04-10 02:21:01.766000,売り,145.66700,145.71700,1.00,-5.00,220.00,秒逆張り,,,0,145.66700
2025-04-01,2025-04-30,20260207_220416,20260207_220416-0047,2025-04-10 02:21:03.908000,2025-04-10 02:21:18.446000,売り,145.70800,145.75800,1.00,-5.00,215.00,秒逆張り,,,0,145.70800
2025-04-01,2025-04-30,20260207_220416,20260207_220416-0048,2025-04-10 02:22:40.555000,2025-04-10 02:22:48.696000,売り,146.16100,146.21100,1.00,-5.00,210.00,秒逆張り,,,0,146.16100
2025-04-01,2025-04-30,20260207_220416,20260207_220416-0049,2025-04-10 02:23:02.935000,2025-04-10 02:23:04.648000,売り,146.36300,146.41300,1.00,-5.00,205.00,秒逆張り,,,0,146.36300
2025-04-01,2025-04-30,20260207_220416,20260207_220416-0050,2025-04-10 02:23:08.264000,2025-04-10 02:24:10.120000,売り,146.48200,146.53200,1.00,-5.00,200.00,秒逆張り,,,0,146.48200
2025-04-01,2025-04-30,20260207_220416,20260207_220416-0051,2025-04-10 02:28:20.834000,2025-04-10 02:29:26.862000,買い,146.67000,146.62000,1.00,-5.00,195.00,秒逆張り,,,0,146.67000
2025-04-01,2025-04-30,20260207_220416,20260207_220416-0052,2025-04-10 02:32:03.398000,2025-04-10 02:32:17.717000,売り,146.65100,146.70100,1.00,-5.00,190.00,秒逆張り,,,0,146.65100
2025-04-01,2025-04-30,20260207_220416,20260207_220416-0053,2025-04-10 02:32:20.011000,2025-04-10 02:32:58.921000,売り,146.70000,146.75000,1.00,-5.00,185.00,秒逆張り,,,0,146.70000
2025-04-01,2025-04-30,20260207_220416,20260207_220416-0054,2025-04-10 02:36:14.673000,2025-04-10 02:36:38.415000,買い,147.04800,146.99800,1.00,-5.00,180.00,秒逆張り,,,0,147.04800
2025-04-01,2025-04-30,20260207_220416,20260207_220416-0055,2025-04-10 02:38:04.159000,2025-04-10 02:50:30.348000,売り,146.84300,146.54300,1.00,30.00,210.00,秒逆張り,,,0,146.84300
2025-04-01,2025-04-30,20260207_220416,20260207_220416-0056,2025-04-10 02:50:58.242000,2025-04-10 02:51:01.327000,買い,146.30400,146.25400,1.00,-5.00,205.00,秒逆張り,,,0,146.30400
2025-04-01,2025-04-30,20260207_220416,20260207_220416-0057,2025-04-10 02:51:36.015000,2025-04-10 02:51:39.970000,買い,146.29900,146.24900,1.00,-5.00,200.00,秒逆張り,,,0,146.29900
2025-04-01,2025-04-30,20260207_220416,20260207_220416-0058,2025-04-10 03:00:08.921000,2025-04-10 03:00:17.681000,売り,147.17300,147.22300,1.00,-5.00,195.00,秒逆張り,,,0,147.17300
2025-04-01,2025-04-30,20260207_220416,20260207_220416-0059,2025-04-10 03:09:01.166000,2025-04-10 03:09:15.593000,買い,147.90400,147.85400,1.00,-5.00,190.00,秒逆張り,,,0,147.90400
2025-04-01,2025-04-30,20260207_220416,20260207_220416-0060,2025-04-10 20:09:57.036000,2025-04-10 20:30:06.240000,買い,145.52900,145.47900,1.00,-5.00,185.00,秒逆張り,,,0,145.52900
2025-04-01,2025-04-30,20260207_220416,20260207_220416-0061,2025-04-10 21:30:19.451000,2025-04-10 21:30:20.683000,買い,145.09400,145.04400,1.00,-5.00,180.00,秒逆張り,,,0,145.09400
2025-04-01,2025-04-30,20260207_220416,20260207_220416-0062,2025-04-10 21:30:03.190000,2025-04-10 21:30:27.461000,買い,145.03900,144.98900,1.00,-5.00,175.00,秒逆張り,,,0,145.03900
2025-04-01,2025-04-30,20260207_220416,20260207_220416-0063,2025-04-10 21:54:30.141000,2025-04-10 21:54:30.451000,売り,145.37000,145.42000,1.00,-5.00,170.00,秒逆張り,,,0,145.37000
2025-04-01,2025-04-30,20260207_220416,20260207_220416-0064,2025-04-11 17:00:44.792000,2025-04-11 17:01:54.706000,買い,142.63500,142.58500,1.00,-5.00,165.00,秒逆張り,,,0,142.63500
2025-04-01,2025-04-30,20260207_220416,20260207_220416-0065,2025-04-11 18:50:56.734000,2025-04-11 18:50:59.433000,買い,142.16400,142.11400,1.00,-5.00,160.00,秒逆張り,,,0,142.16400
2025-04-01,2025-04-30,20260207_220416,20260207_220416-0066,2025-04-11 18:51:02.232000,2025-04-11 18:59:06.757000,買い,142.12400,142.42400,1.00,30.00,190.00,秒逆張り,,,0,142.12400
2025-04-01,2025-04-30,20260207_220416,20260207_220416-0067,2025-04-11 21:30:03.187000,2025-04-11 21:49:41.870000,買い,142.66600,142.61600,1.00,-5.00,185.00,秒逆張り,,,0,142.66600
2025-04-01,2025-04-30,20260207_220416,20260207_220416-0068,2025-04-11 22:39:34.503000,2025-04-11 22:39:41.725000,売り,143.31100,143.36100,1.00,-5.00,180.00,秒逆張り,,,0,143.31100
2025-04-01,2025-04-30,20260207_220416,20260207_220416-0069,2025-04-11 22:39:45.086000,2025-04-11 22:39:50.327000,売り,143.49200,143.54200,1.00,-5.00,175.00,秒逆張り,,,0,143.49200
2025-04-01,2025-04-30,20260207_220416,20260207_220416-0070,2025-04-11 22:40:09.953000,2025-04-11 22:40:17.261000,買い,143.12800,143.07800,1.00,-5.00,170.00,秒逆張り,,,0,143.12800
2025-04-01,2025-04-30,20260207_220416,20260207_220416-0071,2025-04-15 23:46:20.514000,2025-04-15 23:48:41.847000,買い,142.82800,142.77800,1.00,-5.00,165.00,秒逆張り,,,0,142.82800
2025-04-01,2025-04-30,20260207_220416,20260207_220416-0072,2025-04-16 17:27:53.981000,2025-04-16 17:27:55.898000,売り,142.71800,142.76800,1.00,-5.00,160.00,秒逆張り,,,0,142.71800
2025-04-01,2025-04-30,20260207_220416,20260207_220416-0073,2025-04-16 17:27:59.056000,2025-04-16 17:27:59.636000,売り,142.83200,142.88200,1.00,-5.00,155.00,秒逆張り,,,0,142.83200
2025-04-01,2025-04-30,20260207_220416,20260207_220416-0074,2025-04-16 17:28:05.506000,2025-04-16 17:28:37.233000,売り,142.93200,142.63200,1.00,30.00,185.00,秒逆張り,,,0,142.93200
2025-04-01,2025-04-30,20260207_220416,20260207_220416-0075,2025-04-16 21:30:10.190000,2025-04-16 21:30:18.367000,買い,142.56000,142.51000,1.00,-5.00,180.00,秒逆張り,,,0,142.56000
2025-04-01,2025-04-30,20260207_220416,20260207_220416-0076,2025-04-16 21:30:17.306000,2025-04-16 21:30:18.471000,買い,142.54200,142.49200,1.00,-5.00,175.00,秒逆張り,,,0,142.54200
2025-04-01,2025-04-30,20260207_220416,20260207_220416-0077,2025-04-18 01:05:21.922000,2025-04-18 01:05:27.582000,売り,142.37100,142.42100,1.00,-5.00,170.00,秒逆張り,,,0,142.37100
2025-04-01,2025-04-30,20260207_220416,20260207_220416-0078,2025-04-18 01:05:28.622000,2025-04-18 01:14:05.055000,売り,142.41000,142.46000,1.00,-5.00,165.00,秒逆張り,,,0,142.41000
2025-04-01,2025-04-30,20260207_220416,20260207_220416-0079,2025-04-23 02:26:07.893000,2025-04-23 02:36:21.391000,売り,141.17200,141.22200,1.00,-5.00,160.00,秒逆張り,,,0,141.17200
2025-04-01,2025-04-30,20260207_220416,20260207_220416-0080,2025-04-23 22:37:46.152000,2025-04-23 22:37:46.814000,売り,142.15000,142.20000,1.00,-5.00,155.00,秒逆張り,,,0,142.15000
2025-04-01,2025-04-30,20260207_220416,20260207_220416-0081,2025-04-23 22:38:37.489000,2025-04-23 22:38:59.355000,売り,142.30300,142.35300,1.00,-5.00,150.00,秒逆張り,,,0,142.30300
2025-04-01,2025-04-30,20260207_220416,20260207_220416-0082,2025-04-24 00:23:05.538000,2025-04-24 00:23:05.956000,買い,142.48300,142.43300,1.00,-5.00,145.00,秒逆張り,,,0,142.48300
2025-04-01,2025-04-30,20260207_220416,20260207_220416-0083,2025-04-24 00:01:46.771000,2025-04-24 00:23:30.178000,売り,142.67100,142.37100,1.00,30.00,175.00,秒逆張り,,,0,142.67100
2025-04-01,2025-04-30,20260207_220416,20260207_220416-0084,2025-04-24 20:39:09.763000,2025-04-24 20:56:03.063000,売り,142.49100,142.54100,1.00,-5.00,170.00,秒逆張り,,,0,142.49100
2025-04-01,2025-04-30,20260207_220416,20260207_220416-0085,2025-04-25 19:17:26.881000,2025-04-25 19:18:13.359000,売り,143.61000,143.66000,1.00,-5.00,165.00,秒逆張り,,,0,143.61000
2025-04-01,2025-04-30,20260207_220416,20260207_220416-0086,2025-04-25 22:05:16.420000,2025-04-25 22:27:18.963000,売り,143.58600,143.63600,1.00,-5.00,160.00,秒逆張り,,,0,143.58600
2025-04-01,2025-04-30,20260207_220416,20260207_220416-0087,2025-04-29 23:00:02.325000,2025-04-29 23:00:16.991000,買い,142.10700,142.05700,1.00,-5.00,155.00,秒逆張り,,,0,142.10700
2025-04-01,2025-04-30,20260207_220416,20260207_220416-0088,2025-04-30 21:15:04.565000,2025-04-30 21:15:06.843000,買い,142.91000,142.86000,1.00,-5.00,150.00,秒逆張り,,,0,142.91000
2025-05-01,2025-05-31,20260207_220601,20260207_220601-0001,2025-05-01 03:07:06.708000,2025-05-01 05:01:19.765000,売り,142.97100,143.02100,1.00,-5.00,145.00,秒逆張り,,,0,142.97100
2025-05-01,2025-05-31,20260207_220601,20260207_220601-0002,2025-05-01 21:30:02.241000,2025-05-01 21:30:18.698000,買い,144.40100,144.35100,1.00,-5.00,140.00,秒逆張り,,,0,144.40100
2025-05-01,2025-05-31,20260207_220601,20260207_220601-0003,2025-05-01 21:30:19.783000,2025-05-01 21:30:21.379000,買い,144.35700,144.30700,1.00,-5.00,135.00,秒逆張り,,,0,144.35700
2025-05-01,2025-05-31,20260207_220601,20260207_220601-0004,2025-05-01 23:00:07.486000,2025-05-01 23:00:10.074000,売り,144.68000,144.73000,1.00,-5.00,130.00,秒逆張り,,,0,144.68000
2025-05-01,2025-05-31,20260207_220601,20260207_220601-0005,2025-05-01 23:00:12.604000,2025-05-01 23:00:17.907000,売り,144.79300,144.84300,1.00,-5.00,125.00,秒逆張り,,,0,144.79300
2025-05-01,2025-05-31,20260207_220601,20260207_220601-0006,2025-05-02 21:30:14.295000,2025-05-02 21:30:21.621000,売り,144.81300,144.86300,1.00,-5.00,120.00,秒逆張り,,,0,144.81300
2025-05-01,2025-05-31,20260207_220601,20260207_220601-0007,2025-05-02 21:30:04.183000,2025-05-02 21:30:24.828000,売り,144.84900,144.89900,1.00,-5.00,115.00,秒逆張り,,,0,144.84900
2025-05-01,2025-05-31,20260207_220601,20260207_220601-0008,2025-05-05 23:00:01.828000,2025-05-05 23:00:17.011000,売り,143.86900,143.91900,1.00,-5.00,110.00,秒逆張り,,,0,143.86900
2025-05-01,2025-05-31,20260207_220601,20260207_220601-0009,2025-05-08 03:39:05.190000,2025-05-08 03:39:13.861000,売り,143.26100,143.31100,1.00,-5.00,105.00,秒逆張り,,,0,143.26100
2025-05-01,2025-05-31,20260207_220601,20260207_220601-0010,2025-05-09 20:26:59.993000,2025-05-09 20:27:10.022000,買い,145.05600,145.00600,1.00,-5.00,100.00,秒逆張り,,,0,145.05600
2025-05-01,2025-05-31,20260207_220601,20260207_220601-0011,2025-05-13 21:30:03.053000,2025-05-13 21:30:06.259000,買い,147.96200,147.91200,1.00,-5.00,95.00,秒逆張り,,,0,147.96200
2025-05-01,2025-05-31,20260207_220601,20260207_220601-0012,2025-05-13 21:30:08.988000,2025-05-13 21:33:51.733000,買い,147.87800,148.17800,1.00,30.00,125.00,秒逆張り,,,0,147.87800
2025-05-01,2025-05-31,20260207_220601,20260207_220601-0013,2025-05-15 01:40:43.214000,2025-05-15 01:40:44.936000,売り,146.76300,146.81300,1.00,-5.00,120.00,秒逆張り,,,0,146.76300
2025-05-01,2025-05-31,20260207_220601,20260207_220601-0014,2025-05-15 01:41:53.940000,2025-05-15 01:41:55.599000,売り,147.03300,147.08300,1.00,-5.00,115.00,秒逆張り,,,0,147.03300
2025-05-01,2025-05-31,20260207_220601,20260207_220601-0015,2025-05-15 21:30:08.949000,2025-05-15 21:30:10.657000,買い,145.76700,145.71700,1.00,-5.00,110.00,秒逆張り,,,0,145.76700
2025-05-01,2025-05-31,20260207_220601,20260207_220601-0016,2025-05-22 22:45:03.240000,2025-05-22 22:45:05.320000,売り,143.70600,143.75600,1.00,-5.00,105.00,秒逆張り,,,0,143.70600
2025-05-01,2025-05-31,20260207_220601,20260207_220601-0017,2025-05-27 23:00:06.483000,2025-05-27 23:03:03.561000,売り,144.37400,144.42400,1.00,-5.00,100.00,秒逆張り,,,0,144.37400
2025-05-01,2025-05-31,20260207_220601,20260207_220601-0018,2025-05-28 12:35:04.067000,2025-05-28 12:35:10.116000,買い,144.63500,144.58500,1.00,-5.00,95.00,秒逆張り,,,0,144.63500
2025-05-01,2025-05-31,20260207_220601,20260207_220601-0019,2025-05-29 21:30:18.216000,2025-05-29 21:30:19.772000,買い,144.68400,144.63400,1.00,-5.00,90.00,秒逆張り,,,0,144.68400
2025-06-01,2025-06-30,20260207_220721,20260207_220721-0001,2025-06-02 23:00:01.204000,2025-06-02 23:00:27.494000,買い,142.77400,142.72400,1.00,-5.00,85.00,秒逆張り,,,0,142.77400
2025-06-01,2025-06-30,20260207_220721,20260207_220721-0002,2025-06-03 23:00:04.306000,2025-06-03 23:00:07.521000,売り,143.75100,143.80100,1.00,-5.00,80.00,秒逆張り,,,0,143.75100
2025-06-01,2025-06-30,20260207_220721,20260207_220721-0003,2025-06-04 21:15:04.794000,2025-06-04 21:15:06.488000,買い,143.99700,143.94700,1.00,-5.00,75.00,秒逆張り,,,0,143.99700
2025-06-01,2025-06-30,20260207_220721,20260207_220721-0004,2025-06-04 23:00:01.969000,2025-06-04 23:04:44.867000,買い,143.35100,143.30100,1.00,-5.00,70.00,秒逆張り,,,0,143.35100
2025-06-01,2025-06-30,20260207_220721,20260207_220721-0005,2025-06-05 21:30:01.440000,2025-06-05 21:30:13.323000,買い,143.06600,143.01600,1.00,-5.00,65.00,秒逆張り,,,0,143.06600
2025-06-01,2025-06-30,20260207_220721,20260207_220721-0006,2025-06-05 21:30:17.954000,2025-06-05 21:30:32.033000,買い,142.89300,142.84300,1.00,-5.00,60.00,秒逆張り,,,0,142.89300
2025-06-01,2025-06-30,20260207_220721,20260207_220721-0007,2025-06-05 21:49:18.770000,2025-06-05 21:49:19.449000,売り,143.10500,143.15500,1.00,-5.00,55.00,秒逆張り,,,0,143.10500
2025-06-01,2025-06-30,20260207_220721,20260207_220721-0008,2025-06-05 21:49:21.834000,2025-06-05 21:49:23.252000,売り,143.23400,143.28400,1.00,-5.00,50.00,秒逆張り,,,0,143.23400
2025-06-01,2025-06-30,20260207_220721,20260207_220721-0009,2025-06-05 21:49:24.346000,2025-06-05 21:49:55.622000,売り,143.24200,143.29200,1.00,-5.00,45.00,秒逆張り,,,0,143.24200
2025-06-01,2025-06-30,20260207_220721,20260207_220721-0010,2025-06-05 21:50:19.710000,2025-06-05 21:50:20.285000,売り,143.60100,143.65100,1.00,-5.00,40.00,秒逆張り,,,0,143.60100
2025-06-01,2025-06-30,20260207_220721,20260207_220721-0011,2025-06-05 21:50:22.421000,2025-06-05 21:51:09.994000,売り,143.63700,143.33700,1.00,30.00,70.00,秒逆張り,,,0,143.63700
2025-06-01,2025-06-30,20260207_220721,20260207_220721-0012,2025-06-06 21:30:04.417000,2025-06-06 21:30:09.545000,売り,144.63900,144.68900,1.00,-5.00,65.00,秒逆張り,,,0,144.63900
2025-06-01,2025-06-30,20260207_220721,20260207_220721-0013,2025-06-11 21:04:38.062000,2025-06-11 21:30:01.406000,買い,145.18700,145.13700,1.00,-5.00,60.00,秒逆張り,,,0,145.18700
2025-06-01,2025-06-30,20260207_220721,20260207_220721-0014,2025-06-11 21:30:04.040000,2025-06-11 21:30:06.793000,買い,144.74500,144.69500,1.00,-5.00,55.00,秒逆張り,,,0,144.74500
2025-06-01,2025-06-30,20260207_220721,20260207_220721-0015,2025-06-12 21:30:03.591000,2025-06-12 21:30:19.130000,買い,143.55000,143.50000,1.00,-5.00,50.00,秒逆張り,,,0,143.55000
2025-06-01,2025-06-30,20260207_220721,20260207_220721-0016,2025-06-17 12:34:09.289000,2025-06-17 13:05:22.752000,買い,144.66400,144.61400,1.00,-5.00,45.00,秒逆張り,,,0,144.66400
2025-06-01,2025-06-30,20260207_220721,20260207_220721-0017,2025-06-17 21:30:02.570000,2025-06-17 21:30:30.472000,買い,144.41700,144.71700,1.00,30.00,75.00,秒逆張り,,,0,144.41700
2025-06-01,2025-06-30,20260207_220721,20260207_220721-0018,2025-06-19 03:00:08.110000,2025-06-19 03:00:08.526000,買い,144.66900,144.61900,1.00,-5.00,70.00,秒逆張り,,,0,144.66900
2025-07-01,2025-07-31,20260207_220832,20260207_220832-0001,2025-07-01 23:00:02.770000,2025-07-01 23:00:07.274000,売り,143.34500,143.39500,1.00,-5.00,65.00,秒逆張り,,,0,143.34500
2025-07-01,2025-07-31,20260207_220832,20260207_220832-0002,2025-07-02 21:15:11.325000,2025-07-02 21:15:12.778000,買い,143.98200,143.93200,1.00,-5.00,60.00,秒逆張り,,,0,143.98200
2025-07-01,2025-07-31,20260207_220832,20260207_220832-0003,2025-07-02 21:15:14.602000,2025-07-02 21:15:21.822000,買い,143.88800,143.83800,1.00,-5.00,55.00,秒逆張り,,,0,143.88800
2025-07-01,2025-07-31,20260207_220832,20260207_220832-0004,2025-07-03 21:30:05.676000,2025-07-03 21:30:06.606000,売り,144.57400,144.62400,1.00,-5.00,50.00,秒逆張り,,,0,144.57400
2025-07-01,2025-07-31,20260207_220832,20260207_220832-0005,2025-07-03 21:30:10.528000,2025-07-03 21:30:12.087000,売り,144.65100,144.70100,1.00,-5.00,45.00,秒逆張り,,,0,144.65100
2025-07-01,2025-07-31,20260207_220832,20260207_220832-0006,2025-07-15 21:30:02.476000,2025-07-15 21:30:03.829000,買い,147.73600,147.68600,1.00,-5.00,40.00,秒逆張り,,,0,147.73600
2025-07-01,2025-07-31,20260207_220832,20260207_220832-0007,2025-07-15 21:30:09.276000,2025-07-15 21:30:12.657000,買い,147.73000,147.68000,1.00,-5.00,35.00,秒逆張り,,,0,147.73000
2025-07-01,2025-07-31,20260207_220832,20260207_220832-0008,2025-07-16 21:30:02.490000,2025-07-16 21:30:03.561000,買い,148.66900,148.61900,1.00,-5.00,30.00,秒逆張り,,,0,148.66900
2025-07-01,2025-07-31,20260207_220832,20260207_220832-0009,2025-07-16 23:54:04.234000,2025-07-16 23:54:06.348000,買い,148.60700,148.55700,1.00,-5.00,25.00,秒逆張り,,,0,148.60700
2025-07-01,2025-07-31,20260207_220832,20260207_220832-0010,2025-07-17 00:16:19.219000,2025-07-17 00:16:27.848000,買い,147.76500,147.71500,1.00,-5.00,20.00,秒逆張り,,,0,147.76500
2025-07-01,2025-07-31,20260207_220832,20260207_220832-0011,2025-07-17 00:16:37.492000,2025-07-17 00:16:37.810000,買い,147.54100,147.49100,1.00,-5.00,15.00,秒逆張り,,,0,147.54100
2025-07-01,2025-07-31,20260207_220832,20260207_220832-0012,2025-07-17 00:16:57.922000,2025-07-17 00:16:59.232000,買い,147.60500,147.55500,1.00,-5.00,10.00,秒逆張り,,,0,147.60500
2025-07-01,2025-07-31,20260207_220832,20260207_220832-0013,2025-07-17 00:17:02.768000,2025-07-17 00:17:25.482000,買い,147.49400,147.44400,1.00,-5.00,5.00,秒逆張り,,,0,147.49400
2025-07-01,2025-07-31,20260207_220832,20260207_220832-0014,2025-07-17 00:17:29.141000,2025-07-17 00:17:29.667000,買い,147.39500,147.34500,1.00,-5.00,0.00,秒逆張り,,,0,147.39500
2025-07-01,2025-07-31,20260207_220832,20260207_220832-0015,2025-07-17 00:17:31.996000,2025-07-17 00:17:51.782000,買い,147.27600,147.22600,1.00,-5.00,-5.00,秒逆張り,,,0,147.27600
2025-07-01,2025-07-31,20260207_220832,20260207_220832-0016,2025-07-17 00:17:54.767000,2025-07-17 00:18:01.550000,買い,147.12200,147.07200,1.00,-5.00,-10.00,秒逆張り,,,0,147.12200
2025-07-01,2025-07-31,20260207_220832,20260207_220832-0017,2025-07-17 00:18:03.139000,2025-07-17 00:18:28.960000,買い,147.02800,147.32800,1.00,30.00,20.00,秒逆張り,,,0,147.02800
2025-07-01,2025-07-31,20260207_220832,20260207_220832-0018,2025-07-17 00:30:13.271000,2025-07-17 00:30:13.803000,買い,147.25800,147.20800,1.00,-5.00,15.00,秒逆張り,,,0,147.25800
2025-07-01,2025-07-31,20260207_220832,20260207_220832-0019,2025-07-17 00:55:05.405000,2025-07-17 00:55:11.724000,売り,147.59500,147.64500,1.00,-5.00,10.00,秒逆張り,,,0,147.59500
2025-07-01,2025-07-31,20260207_220832,20260207_220832-0020,2025-07-17 00:55:41.815000,2025-07-17 00:55:42.441000,売り,147.95600,148.00600,1.00,-5.00,5.00,秒逆張り,,,0,147.95600
2025-07-01,2025-07-31,20260207_220832,20260207_220832-0021,2025-07-17 00:55:27.295000,2025-07-17 00:55:42.651000,売り,147.97900,148.02900,1.00,-5.00,0.00,秒逆張り,,,0,147.97900
2025-07-01,2025-07-31,20260207_220832,20260207_220832-0022,2025-07-17 00:55:47.450000,2025-07-17 00:55:47.975000,売り,148.08700,148.13700,1.00,-5.00,-5.00,秒逆張り,,,0,148.08700
2025-07-01,2025-07-31,20260207_220832,20260207_220832-0023,2025-07-17 00:55:50.402000,2025-07-17 00:55:55.023000,売り,148.10900,148.15900,1.00,-5.00,-10.00,秒逆張り,,,0,148.10900
2025-07-01,2025-07-31,20260207_220832,20260207_220832-0024,2025-07-17 00:55:56.506000,2025-07-17 00:55:57.294000,売り,148.16300,148.21300,1.00,-5.00,-15.00,秒逆張り,,,0,148.16300
2025-07-01,2025-07-31,20260207_220832,20260207_220832-0025,2025-07-17 00:56:13.114000,2025-07-17 00:56:13.533000,売り,148.19200,148.24200,1.00,-5.00,-20.00,秒逆張り,,,0,148.19200
2025-07-01,2025-07-31,20260207_220832,20260207_220832-0026,2025-07-17 00:56:35.891000,2025-07-17 00:57:17.669000,買い,147.84400,148.14400,1.00,30.00,10.00,秒逆張り,,,0,147.84400
2025-07-01,2025-07-31,20260207_220832,20260207_220832-0027,2025-07-17 21:30:08.821000,2025-07-17 21:30:14.338000,売り,148.90400,148.95400,1.00,-5.00,5.00,秒逆張り,,,0,148.90400
2025-07-01,2025-07-31,20260207_220832,20260207_220832-0028,2025-07-17 21:30:17.624000,2025-07-17 21:30:20.176000,売り,148.95700,149.00700,1.00,-5.00,0.00,秒逆張り,,,0,148.95700
2025-07-01,2025-07-31,20260207_220832,20260207_220832-0029,2025-07-23 11:18:20.325000,2025-07-23 11:18:23.151000,売り,146.62400,146.67400,1.00,-5.00,-5.00,秒逆張り,,,0,146.62400
2025-07-01,2025-07-31,20260207_220832,20260207_220832-0030,2025-07-23 15:29:42.167000,2025-07-23 15:30:02.468000,買い,146.84000,146.79000,1.00,-5.00,-10.00,秒逆張り,,,0,146.84000
2025-07-01,2025-07-31,20260207_220832,20260207_220832-0031,2025-07-30 21:15:02.158000,2025-07-30 21:19:27.064000,売り,148.39700,148.44700,1.00,-5.00,-15.00,秒逆張り,,,0,148.39700
2025-07-01,2025-07-31,20260207_220832,20260207_220832-0032,2025-07-31 03:34:22.313000,2025-07-31 03:34:30.159000,買い,148.66700,148.61700,1.00,-5.00,-20.00,秒逆張り,,,0,148.66700
2025-07-01,2025-07-31,20260207_220832,20260207_220832-0033,2025-07-31 03:34:31.195000,2025-07-31 03:35:24.069000,買い,148.64800,148.59800,1.00,-5.00,-25.00,秒逆張り,,,0,148.64800
2025-07-01,2025-07-31,20260207_220832,20260207_220832-0034,2025-07-31 03:36:57.557000,2025-07-31 03:39:20.194000,売り,148.86700,148.91700,1.00,-5.00,-30.00,秒逆張り,,,0,148.86700
2025-08-01,2025-08-31,20260207_220936,20260207_220936-0001,2025-08-01 21:30:03.114000,2025-08-01 21:30:03.675000,買い,150.05500,150.00500,1.00,-5.00,-35.00,秒逆張り,,,0,150.05500
2025-08-01,2025-08-31,20260207_220936,20260207_220936-0002,2025-08-01 21:30:09.947000,2025-08-01 21:30:10.312000,買い,150.06600,150.01600,1.00,-5.00,-40.00,秒逆張り,,,0,150.06600
2025-08-01,2025-08-31,20260207_220936,20260207_220936-0003,2025-08-01 21:30:18.675000,2025-08-01 21:30:21.892000,買い,150.01400,149.96400,1.00,-5.00,-45.00,秒逆張り,,,0,150.01400
2025-08-01,2025-08-31,20260207_220936,20260207_220936-0004,2025-08-01 21:30:05.761000,2025-08-01 21:30:26.381000,買い,149.97000,149.92000,1.00,-5.00,-50.00,秒逆張り,,,0,149.97000
2025-08-01,2025-08-31,20260207_220936,20260207_220936-0005,2025-08-01 23:00:02.546000,2025-08-01 23:00:04.537000,買い,147.90800,147.85800,1.00,-5.00,-55.00,秒逆張り,,,0,147.90800
2025-08-01,2025-08-31,20260207_220936,20260207_220936-0006,2025-08-01 23:00:06.207000,2025-08-01 23:00:07.288000,買い,147.87000,147.82000,1.00,-5.00,-60.00,秒逆張り,,,0,147.87000
2025-08-01,2025-08-31,20260207_220936,20260207_220936-0007,2025-08-01 23:00:21.179000,2025-08-01 23:00:22.887000,買い,147.69700,147.64700,1.00,-5.00,-65.00,秒逆張り,,,0,147.69700
2025-08-01,2025-08-31,20260207_220936,20260207_220936-0008,2025-08-05 23:00:03.626000,2025-08-05 23:00:05.139000,買い,147.57400,147.52400,1.00,-5.00,-70.00,秒逆張り,,,0,147.57400
2025-08-01,2025-08-31,20260207_220936,20260207_220936-0009,2025-08-05 23:00:07.487000,2025-08-05 23:00:08.573000,買い,147.55200,147.50200,1.00,-5.00,-75.00,秒逆張り,,,0,147.55200
2025-08-01,2025-08-31,20260207_220936,20260207_220936-0010,2025-08-07 23:08:32.156000,2025-08-07 23:08:37.974000,売り,147.43500,147.48500,1.00,-5.00,-80.00,秒逆張り,,,0,147.43500
2025-08-01,2025-08-31,20260207_220936,20260207_220936-0011,2025-08-12 21:30:03.322000,2025-08-12 21:30:03.782000,買い,148.26800,148.21800,1.00,-5.00,-85.00,秒逆張り,,,0,148.26800
2025-08-01,2025-08-31,20260207_220936,20260207_220936-0012,2025-08-12 21:30:06.419000,2025-08-12 21:30:06.833000,買い,148.11900,148.06900,1.00,-5.00,-90.00,秒逆張り,,,0,148.11900
2025-08-01,2025-08-31,20260207_220936,20260207_220936-0013,2025-08-12 21:30:10.746000,2025-08-12 21:30:12.766000,買い,147.91800,147.86800,1.00,-5.00,-95.00,秒逆張り,,,0,147.91800
2025-08-01,2025-08-31,20260207_220936,20260207_220936-0014,2025-08-12 21:30:13.776000,2025-08-12 21:30:31.584000,買い,147.90500,148.20500,1.00,30.00,-65.00,秒逆張り,,,0,147.90500
2025-08-01,2025-08-31,20260207_220936,20260207_220936-0015,2025-08-12 22:44:18.971000,2025-08-12 22:44:30.951000,買い,148.24600,148.19600,1.00,-5.00,-70.00,秒逆張り,,,0,148.24600
2025-08-01,2025-08-31,20260207_220936,20260207_220936-0016,2025-08-12 22:44:32.397000,2025-08-12 22:44:42.459000,買い,148.20500,148.15500,1.00,-5.00,-75.00,秒逆張り,,,0,148.20500
2025-08-01,2025-08-31,20260207_220936,20260207_220936-0017,2025-08-14 21:30:07.155000,2025-08-14 21:30:08.540000,売り,146.81400,146.86400,1.00,-5.00,-80.00,秒逆張り,,,0,146.81400
2025-08-01,2025-08-31,20260207_220936,20260207_220936-0018,2025-08-14 21:30:11.837000,2025-08-14 21:30:14.890000,売り,146.94300,146.99300,1.00,-5.00,-85.00,秒逆張り,,,0,146.94300
2025-08-01,2025-08-31,20260207_220936,20260207_220936-0019,2025-08-21 21:30:02.099000,2025-08-21 21:30:20.318000,買い,147.68000,147.63000,1.00,-5.00,-90.00,秒逆張り,,,0,147.68000
2025-08-01,2025-08-31,20260207_220936,20260207_220936-0020,2025-08-21 22:45:01.924000,2025-08-21 22:45:28.713000,売り,147.86300,147.91300,1.00,-5.00,-95.00,秒逆張り,,,0,147.86300
2025-08-01,2025-08-31,20260207_220936,20260207_220936-0021,2025-08-22 00:29:22.697000,2025-08-22 00:29:29.676000,買い,148.16600,148.11600,1.00,-5.00,-100.00,秒逆張り,,,0,148.16600
2025-08-01,2025-08-31,20260207_220936,20260207_220936-0022,2025-08-22 00:29:31.456000,2025-08-22 08:18:31.203000,買い,148.11700,148.41700,1.00,30.00,-70.00,秒逆張り,,,0,148.11700
2025-08-01,2025-08-31,20260207_220936,20260207_220936-0023,2025-08-22 23:00:05.876000,2025-08-22 23:00:10.222000,買い,148.15000,148.10000,1.00,-5.00,-75.00,秒逆張り,,,0,148.15000
2025-08-01,2025-08-31,20260207_220936,20260207_220936-0024,2025-08-22 23:00:13.714000,2025-08-22 23:00:14.745000,買い,148.15100,148.10100,1.00,-5.00,-80.00,秒逆張り,,,0,148.15100
2025-08-01,2025-08-31,20260207_220936,20260207_220936-0025,2025-08-22 23:00:18.332000,2025-08-22 23:00:21.232000,買い,148.04000,147.99000,1.00,-5.00,-85.00,秒逆張り,,,0,148.04000
2025-08-01,2025-08-31,20260207_220936,20260207_220936-0026,2025-08-22 23:00:29.163000,2025-08-22 23:00:33.574000,買い,147.84900,147.79900,1.00,-5.00,-90.00,秒逆張り,,,0,147.84900
2025-08-01,2025-08-31,20260207_220936,20260207_220936-0027,2025-08-22 23:01:09.381000,2025-08-22 23:01:16.259000,買い,147.70400,147.65400,1.00,-5.00,-95.00,秒逆張り,,,0,147.70400
2025-09-01,2025-09-30,20260207_221041,20260207_221041-0001,2025-09-03 23:00:03.215000,2025-09-03 23:00:04.149000,買い,148.41700,148.36700,1.00,-5.00,-100.00,秒逆張り,,,0,148.41700
2025-09-01,2025-09-30,20260207_221041,20260207_221041-0002,2025-09-04 21:30:01.706000,2025-09-04 21:32:56.722000,買い,148.19400,148.49400,1.00,30.00,-70.00,秒逆張り,,,0,148.19400
2025-09-01,2025-09-30,20260207_221041,20260207_221041-0003,2025-09-04 21:30:19.006000,2025-09-04 21:39:04.771000,買い,148.22800,148.52800,1.00,30.00,-40.00,秒逆張り,,,0,148.22800
2025-09-01,2025-09-30,20260207_221041,20260207_221041-0004,2025-09-04 23:00:02.821000,2025-09-04 23:00:43.621000,売り,148.56100,148.61100,1.00,-5.00,-45.00,秒逆張り,,,0,148.56100
2025-09-01,2025-09-30,20260207_221041,20260207_221041-0005,2025-09-05 21:30:04.051000,2025-09-05 21:30:05.483000,買い,147.50700,147.45700,1.00,-5.00,-50.00,秒逆張り,,,0,147.50700
2025-09-01,2025-09-30,20260207_221041,20260207_221041-0006,2025-09-05 21:30:09.714000,2025-09-05 21:30:10.337000,買い,147.36900,147.31900,1.00,-5.00,-55.00,秒逆張り,,,0,147.36900
2025-09-01,2025-09-30,20260207_221041,20260207_221041-0007,2025-09-05 21:30:45.052000,2025-09-05 21:31:55.246000,買い,147.22200,147.52200,1.00,30.00,-25.00,秒逆張り,,,0,147.22200
2025-09-01,2025-09-30,20260207_221041,20260207_221041-0008,2025-09-09 23:00:03.760000,2025-09-09 23:00:10.165000,買い,146.77000,146.72000,1.00,-5.00,-30.00,秒逆張り,,,0,146.77000
2025-09-01,2025-09-30,20260207_221041,20260207_221041-0009,2025-09-09 23:00:14.068000,2025-09-09 23:00:19.872000,買い,146.64100,146.59100,1.00,-5.00,-35.00,秒逆張り,,,0,146.64100
2025-09-01,2025-09-30,20260207_221041,20260207_221041-0010,2025-09-10 21:30:05.683000,2025-09-10 21:30:10.308000,買い,147.16000,147.11000,1.00,-5.00,-40.00,秒逆張り,,,0,147.16000
2025-09-01,2025-09-30,20260207_221041,20260207_221041-0011,2025-09-11 21:30:06.080000,2025-09-11 21:30:08.228000,売り,148.16900,147.86900,1.00,30.00,-10.00,秒逆張り,,,0,148.16900
2025-09-01,2025-09-30,20260207_221041,20260207_221041-0012,2025-09-11 21:30:17.935000,2025-09-11 21:30:19.092000,買い,147.73000,147.68000,1.00,-5.00,-15.00,秒逆張り,,,0,147.73000
2025-09-01,2025-09-30,20260207_221041,20260207_221041-0013,2025-09-11 21:30:20.249000,2025-09-11 21:30:25.256000,買い,147.71800,147.66800,1.00,-5.00,-20.00,秒逆張り,,,0,147.71800
2025-09-01,2025-09-30,20260207_221041,20260207_221041-0014,2025-09-11 21:30:26.934000,2025-09-11 21:30:27.352000,買い,147.69700,147.64700,1.00,-5.00,-25.00,秒逆張り,,,0,147.69700
2025-09-01,2025-09-30,20260207_221041,20260207_221041-0015,2025-09-11 21:30:36.135000,2025-09-11 21:30:37.595000,買い,147.66400,147.61400,1.00,-5.00,-30.00,秒逆張り,,,0,147.66400
2025-09-01,2025-09-30,20260207_221041,20260207_221041-0016,2025-09-16 21:30:03.187000,2025-09-16 21:30:11.798000,売り,147.18000,147.23000,1.00,-5.00,-35.00,秒逆張り,,,0,147.18000
2025-09-01,2025-09-30,20260207_221041,20260207_221041-0017,2025-09-18 03:00:03.737000,2025-09-18 03:00:11.263000,買い,145.98100,145.93100,1.00,-5.00,-40.00,秒逆張り,,,0,145.98100
2025-09-01,2025-09-30,20260207_221041,20260207_221041-0018,2025-09-18 03:42:20.794000,2025-09-18 03:46:29.805000,売り,146.60200,146.65200,1.00,-5.00,-45.00,秒逆張り,,,0,146.60200
2025-09-01,2025-09-30,20260207_221041,20260207_221041-0019,2025-09-18 03:50:03.735000,2025-09-18 03:51:03.074000,売り,146.62900,146.67900,1.00,-5.00,-50.00,秒逆張り,,,0,146.62900
2025-09-01,2025-09-30,20260207_221041,20260207_221041-0020,2025-09-18 21:30:02.923000,2025-09-18 21:30:08.865000,売り,147.48400,147.53400,1.00,-5.00,-55.00,秒逆張り,,,0,147.48400
2025-09-01,2025-09-30,20260207_221041,20260207_221041-0021,2025-09-19 12:47:07.127000,2025-09-19 12:47:09.918000,売り,147.83500,147.88500,1.00,-5.00,-60.00,秒逆張り,,,0,147.83500
2025-09-01,2025-09-30,20260207_221041,20260207_221041-0022,2025-09-24 01:35:04.586000,2025-09-24 01:35:11.550000,売り,147.79200,147.84200,1.00,-5.00,-65.00,秒逆張り,,,0,147.79200
2025-10-01,2025-10-31,20260207_221157,20260207_221157-0001,2025-10-01 21:15:50.868000,2025-10-01 21:15:55.979000,買い,146.80400,146.75400,1.00,-5.00,-70.00,秒逆張り,,,0,146.80400
2025-10-01,2025-10-31,20260207_221157,20260207_221157-0002,2025-10-03 23:00:01.372000,2025-10-03 23:09:04.205000,買い,147.09300,147.39300,1.00,30.00,-40.00,秒逆張り,,,0,147.09300
2025-10-01,2025-10-31,20260207_221157,20260207_221157-0003,2025-10-06 21:00:22.285000,2025-10-06 21:00:26.826000,買い,150.13600,150.08600,1.00,-5.00,-45.00,秒逆張り,,,0,150.13600
2025-10-01,2025-10-31,20260207_221157,20260207_221157-0004,2025-10-06 21:00:28.559000,2025-10-06 21:00:31.120000,買い,150.12400,150.07400,1.00,-5.00,-50.00,秒逆張り,,,0,150.12400
2025-10-01,2025-10-31,20260207_221157,20260207_221157-0005,2025-10-06 21:00:45.511000,2025-10-06 21:00:47.077000,買い,150.08300,150.03300,1.00,-5.00,-55.00,秒逆張り,,,0,150.08300
2025-10-01,2025-10-31,20260207_221157,20260207_221157-0006,2025-10-06 21:00:49.428000,2025-10-06 21:10:54.097000,買い,150.02700,149.97700,1.00,-5.00,-60.00,秒逆張り,,,0,150.02700
2025-10-01,2025-10-31,20260207_221157,20260207_221157-0007,2025-10-09 18:04:59.411000,2025-10-09 18:05:00.299000,買い,152.53700,152.48700,1.00,-5.00,-65.00,秒逆張り,,,0,152.53700
2025-10-01,2025-10-31,20260207_221157,20260207_221157-0008,2025-10-09 22:07:01.380000,2025-10-09 22:07:01.907000,買い,152.62300,152.57300,1.00,-5.00,-70.00,秒逆張り,,,0,152.62300
2025-10-01,2025-10-31,20260207_221157,20260207_221157-0009,2025-10-09 22:07:12.370000,2025-10-09 22:07:14.040000,買い,152.38900,152.33900,1.00,-5.00,-75.00,秒逆張り,,,0,152.38900
2025-10-01,2025-10-31,20260207_221157,20260207_221157-0010,2025-10-10 15:35:35.902000,2025-10-10 15:35:37.961000,買い,152.57800,152.52800,1.00,-5.00,-80.00,秒逆張り,,,0,152.57800
2025-10-01,2025-10-31,20260207_221157,20260207_221157-0011,2025-10-10 15:35:46.781000,2025-10-10 15:35:47.989000,買い,152.57300,152.52300,1.00,-5.00,-85.00,秒逆張り,,,0,152.57300
2025-10-01,2025-10-31,20260207_221157,20260207_221157-0012,2025-10-10 15:35:49.840000,2025-10-10 15:37:04.893000,買い,152.52500,152.47500,1.00,-5.00,-90.00,秒逆張り,,,0,152.52500
2025-10-01,2025-10-31,20260207_221157,20260207_221157-0013,2025-10-21 13:56:13.408000,2025-10-21 14:05:02.263000,買い,150.97800,150.92800,1.00,-5.00,-95.00,秒逆張り,,,0,150.97800
2025-10-01,2025-10-31,20260207_221157,20260207_221157-0014,2025-10-23 01:30:39.691000,2025-10-23 01:30:40.268000,買い,151.63700,151.58700,1.00,-5.00,-100.00,秒逆張り,,,0,151.63700
2025-10-01,2025-10-31,20260207_221157,20260207_221157-0015,2025-10-24 21:30:02.692000,2025-10-24 21:30:03.531000,買い,152.30500,152.25500,1.00,-5.00,-105.00,秒逆張り,,,0,152.30500
2025-10-01,2025-10-31,20260207_221157,20260207_221157-0016,2025-10-24 22:45:03.019000,2025-10-24 22:45:07.948000,売り,152.82100,152.87100,1.00,-5.00,-110.00,秒逆張り,,,0,152.82100
2025-10-01,2025-10-31,20260207_221157,20260207_221157-0017,2025-10-29 01:30:47.298000,2025-10-29 01:30:51.815000,売り,152.26500,152.31500,1.00,-5.00,-115.00,秒逆張り,,,0,152.26500
2025-10-01,2025-10-31,20260207_221157,20260207_221157-0018,2025-10-30 03:32:37.421000,2025-10-30 03:34:27.171000,買い,152.34300,152.29300,1.00,-5.00,-120.00,秒逆張り,,,0,152.34300
2025-10-01,2025-10-31,20260207_221157,20260207_221157-0019,2025-10-30 03:35:26.711000,2025-10-30 03:35:28.622000,売り,152.42500,152.47500,1.00,-5.00,-125.00,秒逆張り,,,0,152.42500
2025-10-01,2025-10-31,20260207_221157,20260207_221157-0020,2025-10-30 03:35:39.804000,2025-10-30 03:35:42.784000,売り,152.68200,152.73200,1.00,-5.00,-130.00,秒逆張り,,,0,152.68200
2025-10-01,2025-10-31,20260207_221157,20260207_221157-0021,2025-10-30 03:35:35.452000,2025-10-30 03:36:03.723000,売り,152.70100,152.75100,1.00,-5.00,-135.00,秒逆張り,,,0,152.70100
2025-10-01,2025-10-31,20260207_221157,20260207_221157-0022,2025-10-30 12:15:06.906000,2025-10-30 12:15:10.398000,売り,152.33800,152.38800,1.00,-5.00,-140.00,秒逆張り,,,0,152.33800
2025-10-01,2025-10-31,20260207_221157,20260207_221157-0023,2025-10-30 12:15:13.488000,2025-10-30 12:15:17.301000,売り,152.51400,152.56400,1.00,-5.00,-145.00,秒逆張り,,,0,152.51400
2025-10-01,2025-10-31,20260207_221157,20260207_221157-0024,2025-10-30 12:15:19.712000,2025-10-30 12:15:25.309000,売り,152.56500,152.61500,1.00,-5.00,-150.00,秒逆張り,,,0,152.56500
2025-10-01,2025-10-31,20260207_221157,20260207_221157-0025,2025-10-30 13:35:07.109000,2025-10-30 14:25:01.627000,売り,152.91500,152.96500,1.00,-5.00,-155.00,秒逆張り,,,0,152.91500
2025-11-01,2025-11-30,20260207_221303,20260207_221303-0001,2025-11-04 00:00:01.630000,2025-11-04 04:36:20.365000,買い,153.94800,154.24800,1.00,30.00,-125.00,秒逆張り,,,0,153.94800
2025-11-01,2025-11-30,20260207_221303,20260207_221303-0002,2025-11-06 00:00:02.652000,2025-11-06 00:00:21.378000,売り,154.19800,154.24800,1.00,-5.00,-130.00,秒逆張り,,,0,154.19800
2025-11-01,2025-11-30,20260207_221303,20260207_221303-0003,2025-11-20 22:30:02.716000,2025-11-20 22:30:03.391000,売り,157.80700,157.85700,1.00,-5.00,-135.00,秒逆張り,,,0,157.80700
2025-11-01,2025-11-30,20260207_221303,20260207_221303-0004,2025-11-20 22:30:12.898000,2025-11-20 22:30:28.080000,売り,157.69500,157.74500,1.00,-5.00,-140.00,秒逆張り,,,0,157.69500
2025-11-01,2025-11-30,20260207_221303,20260207_221303-0005,2025-11-20 22:30:53.956000,2025-11-20 22:33:21.867000,買い,157.29100,157.59100,1.00,30.00,-110.00,秒逆張り,,,0,157.29100
2025-11-01,2025-11-30,20260207_221303,20260207_221303-0006,2025-11-22 00:01:36.898000,2025-11-22 00:01:38.593000,買い,156.45100,156.40100,1.00,-5.00,-115.00,秒逆張り,,,0,156.45100
2025-11-01,2025-11-30,20260207_221303,20260207_221303-0007,2025-11-25 22:30:02.431000,2025-11-25 23:46:19.134000,買い,156.07000,156.02000,1.00,-5.00,-120.00,秒逆張り,,,0,156.07000
2025-11-01,2025-11-30,20260207_221303,20260207_221303-0008,2025-11-26 02:00:18.506000,2025-11-26 02:00:19.393000,買い,156.09500,156.04500,1.00,-5.00,-125.00,秒逆張り,,,0,156.09500
2025-11-01,2025-11-30,20260207_221303,20260207_221303-0009,2025-11-26 02:00:21.807000,2025-11-26 02:05:21.097000,買い,156.07600,156.02600,1.00,-5.00,-130.00,秒逆張り,,,0,156.07600
2025-11-01,2025-11-30,20260207_221303,20260207_221303-0010,2025-11-26 22:30:01.383000,2025-11-26 22:34:18.052000,売り,156.49600,156.54600,1.00,-5.00,-135.00,秒逆張り,,,0,156.49600
2025-11-01,2025-11-30,20260207_221303,20260207_221303-0011,2025-11-28 11:32:38.233000,2025-11-28 15:15:46.603000,買い,156.11500,156.41500,1.00,30.00,-105.00,秒逆張り,,,0,156.11500
2025-11-01,2025-11-30,20260207_221303,20260207_221303-0012,2025-11-28 12:10:19.395000,2025-11-28 21:33:28.582000,買い,156.16200,156.11200,1.00,-5.00,-110.00,秒逆張り,,,0,156.16200
2025-12-01,2025-12-31,20260207_213346,20260207_213346-0001,2025-12-03 22:15:01.542000,2025-12-03 22:15:03.575000,買い,155.25700,155.20700,1.00,-5.00,-115.00,秒逆張り,,,0,155.25700
2025-12-01,2025-12-31,20260207_213346,20260207_213346-0002,2025-12-04 14:35:05.549000,2025-12-04 14:35:20.522000,買い,155.36900,155.31900,1.00,-5.00,-120.00,秒逆張り,,,0,155.36900
2025-12-01,2025-12-31,20260207_213346,20260207_213346-0003,2025-12-04 22:30:04.574000,2025-12-04 23:13:31.217000,売り,155.02800,154.72800,1.00,30.00,-90.00,秒逆張り,,,0,155.02800
2025-12-01,2025-12-31,20260207_213346,20260207_213346-0004,2025-12-10 00:00:05.626000,2025-12-10 00:02:05.732000,売り,156.65400,156.70400,1.00,-5.00,-95.00,秒逆張り,,,0,156.65400
2025-12-01,2025-12-31,20260207_213346,20260207_213346-0005,2025-12-11 04:35:57.909000,2025-12-11 04:36:10.060000,売り,156.39400,156.44400,1.00,-5.00,-100.00,秒逆張り,,,0,156.39400
2025-12-01,2025-12-31,20260207_213346,20260207_213346-0006,2025-12-11 04:35:32.974000,2025-12-11 04:36:10.114000,買い,156.17900,156.47900,1.00,30.00,-70.00,秒逆張り,,,0,156.17900
2025-12-01,2025-12-31,20260207_213346,20260207_213346-0007,2025-12-11 04:36:11.706000,2025-12-11 04:40:08.031000,売り,156.49900,156.54900,1.00,-5.00,-75.00,秒逆張り,,,0,156.49900
2025-12-01,2025-12-31,20260207_213346,20260207_213346-0008,2025-12-11 04:40:09.049000,2025-12-11 04:40:40.968000,売り,156.50700,156.55700,1.00,-5.00,-80.00,秒逆張り,,,0,156.50700
2025-12-01,2025-12-31,20260207_213346,20260207_213346-0009,2025-12-16 00:20:00.440000,2025-12-16 00:57:37.335000,売り,155.06300,155.11300,1.00,-5.00,-85.00,秒逆張り,,,0,155.06300
2025-12-01,2025-12-31,20260207_213346,20260207_213346-0010,2025-12-16 22:30:03.872000,2025-12-16 22:30:04.139000,買い,154.55900,154.50900,1.00,-5.00,-90.00,秒逆張り,,,0,154.55900
2025-12-01,2025-12-31,20260207_213346,20260207_213346-0011,2025-12-17 04:25:44.426000,2025-12-17 05:08:00.212000,売り,154.88300,154.58300,1.00,30.00,-60.00,秒逆張り,,,0,154.88300
2025-12-01,2025-12-31,20260207_213346,20260207_213346-0012,2025-12-18 22:30:02.988000,2025-12-18 22:30:03.672000,買い,155.43800,155.38800,1.00,-5.00,-65.00,秒逆張り,,,0,155.43800
2025-12-01,2025-12-31,20260207_213346,20260207_213346-0013,2025-12-18 22:30:06.176000,2025-12-18 23:10:47.519000,買い,155.42200,155.37200,1.00,-5.00,-70.00,秒逆張り,,,0,155.42200
2025-12-01,2025-12-31,20260207_213346,20260207_213346-0014,2025-12-19 12:21:18.992000,2025-12-19 12:21:38.773000,売り,155.90700,155.95700,1.00,-5.00,-75.00,秒逆張り,,,0,155.90700
2025-12-01,2025-12-31,20260207_213346,20260207_213346-0015,2025-12-19 23:13:53.238000,2025-12-19 23:33:53.357000,買い,156.97200,157.27200,1.00,30.00,-45.00,秒逆張り,,,0,156.97200
2025-12-01,2025-12-31,20260207_213346,20260207_213346-0016,2025-12-22 22:10:05.191000,2025-12-22 22:10:06.903000,買い,157.19500,157.14500,1.00,-5.00,-50.00,秒逆張り,,,0,157.19500
2025-12-01,2025-12-31,20260207_213346,20260207_213346-0017,2025-12-22 22:10:08.928000,2025-12-22 22:10:13.236000,買い,157.10000,157.05000,1.00,-5.00,-55.00,秒逆張り,,,0,157.10000
2025-12-01,2025-12-31,20260207_213346,20260207_213346-0018,2025-12-22 22:10:15.652000,2025-12-22 22:10:16.134000,買い,157.07800,157.02800,1.00,-5.00,-60.00,秒逆張り,,,0,157.07800
2025-12-01,2025-12-31,20260207_213346,20260207_213346-0019,2025-12-22 22:10:18.730000,2025-12-22 22:10:20.605000,買い,157.00100,156.95100,1.00,-5.00,-65.00,秒逆張り,,,0,157.00100
2025-12-01,2025-12-31,20260207_213346,20260207_213346-0020,2025-12-22 22:10:23.353000,2025-12-22 22:18:57.096000,買い,156.92700,157.22700,1.00,30.00,-35.00,秒逆張り,,,0,156.92700
