開始日,終了日,実行ID,取引ID,in時刻,out時刻,方向,in価格,out価格,ロット合計,損益,累計損益,in理由,out理由,ライン種別,ナンピン回数,平均in価格
2016-01-01,2016-01-31,20260209_013241,20260209_013241-0001,2016-01-08 22:30:02.178000,2016-01-08 22:30:05.051000,売り,118.69200,118.79200,1.00,-10.00,-10.00,水平線手前,損切,支持抵抗,0,118.69200
2016-01-01,2016-01-31,20260209_013241,20260209_013241-0002,2016-01-08 22:30:05.051000,2016-01-08 22:30:09.270000,売り,118.79200,118.69200,1.00,10.00,0.00,水平線手前,利確,支持抵抗,0,118.79200
2016-01-01,2016-01-31,20260209_013241,20260209_013241-0003,2016-01-08 22:30:05.752000,2016-01-08 22:30:09.270000,売り,118.80600,118.70600,1.00,10.00,10.00,水平線手前,利確,支持抵抗,0,118.80600
2016-01-01,2016-01-31,20260209_013241,20260209_013241-0004,2016-01-08 22:30:02.384000,2016-01-08 22:30:10.642000,売り,118.74700,118.64700,1.00,10.00,20.00,水平線手前,利確,支持抵抗,0,118.74700
2016-01-01,2016-01-31,20260209_013241,20260209_013241-0005,2016-01-29 12:21:34.845000,2016-01-29 12:21:35.052000,売り,118.96200,118.86200,1.00,10.00,30.00,水平線手前,利確,支持抵抗,0,118.96200
2016-01-01,2016-01-31,20260209_013241,20260209_013241-0006,2016-01-29 12:21:35.723000,2016-01-29 12:21:36.597000,売り,118.98000,119.08000,1.00,-10.00,20.00,水平線手前,損切,支持抵抗,0,118.98000
2016-01-01,2016-01-31,20260209_013241,20260209_013241-0007,2016-01-29 12:21:35.838000,2016-01-29 12:21:37.748000,売り,119.03600,119.13600,1.00,-10.00,10.00,水平線手前,損切,支持抵抗,0,119.03600
2016-01-01,2016-01-31,20260209_013241,20260209_013241-0008,2016-01-29 12:21:37.748000,2016-01-29 12:21:42.693000,売り,119.13800,119.03800,1.00,10.00,20.00,水平線手前,利確,支持抵抗,0,119.13800
2016-01-01,2016-01-31,20260209_013241,20260209_013241-0009,2016-01-29 12:22:18.634000,2016-01-29 12:22:42.376000,買い,118.56200,118.66200,1.00,10.00,30.00,水平線手前,利確,支持抵抗,0,118.56200
2016-01-01,2016-01-31,20260209_013241,20260209_013241-0010,2016-01-29 12:24:40.742000,2016-01-29 12:24:42.045000,売り,119.25100,119.35100,1.00,-10.00,20.00,水平線手前,損切,支持抵抗,0,119.25100
2016-01-01,2016-01-31,20260209_013241,20260209_013241-0011,2016-01-29 12:38:19.314000,2016-01-29 12:38:19.935000,買い,118.53200,118.63200,1.00,10.00,30.00,水平線手前,利確,支持抵抗,0,118.53200
2016-01-01,2016-01-31,20260209_013241,20260209_013241-0012,2016-01-29 12:38:29.660000,2016-01-29 12:38:30.454000,売り,119.66800,119.76800,1.00,-10.00,20.00,水平線手前,損切,支持抵抗,0,119.66800
2016-01-01,2016-01-31,20260209_013241,20260209_013241-0013,2016-01-29 12:38:31.629000,2016-01-29 12:38:34.541000,売り,119.78900,119.88900,1.00,-10.00,10.00,水平線手前,損切,支持抵抗,0,119.78900
2016-01-01,2016-01-31,20260209_013241,20260209_013241-0014,2016-01-29 12:38:54.227000,2016-01-29 12:38:58.485000,売り,120.47900,120.57900,1.00,-10.00,0.00,水平線手前,損切,支持抵抗,0,120.47900
2016-01-01,2016-01-31,20260209_013241,20260209_013241-0015,2016-01-29 12:42:06.605000,2016-01-29 12:42:10.913000,売り,121.38600,121.28600,1.00,10.00,10.00,水平線手前,利確,支持抵抗,0,121.38600
2016-02-01,2016-02-29,20260209_013339,20260209_013339-0001,2016-02-05 22:30:09.284000,2016-02-05 22:30:14.858000,買い,116.32800,116.42800,1.00,10.00,20.00,水平線手前,利確,支持抵抗,0,116.32800
2016-02-01,2016-02-29,20260209_013339,20260209_013339-0002,2016-02-05 22:31:24.419000,2016-02-05 22:31:51.142000,売り,116.95300,117.05300,1.00,-10.00,10.00,水平線手前,損切,支持抵抗,0,116.95300
2016-02-01,2016-02-29,20260209_013339,20260209_013339-0003,2016-02-08 23:36:39.356000,2016-02-08 23:37:08.254000,買い,115.95000,116.05000,1.00,10.00,20.00,水平線手前,利確,支持抵抗,0,115.95000
2016-02-01,2016-02-29,20260209_013339,20260209_013339-0004,2016-02-10 11:15:04.189000,2016-02-10 11:15:09.797000,売り,115.11600,115.01600,1.00,10.00,30.00,水平線手前,利確,支持抵抗,0,115.11600
2016-02-01,2016-02-29,20260209_013339,20260209_013339-0005,2016-02-11 02:01:37.272000,2016-02-11 02:02:06.403000,買い,113.87200,113.77200,1.00,-10.00,20.00,水平線手前,損切,支持抵抗,0,113.87200
2016-02-01,2016-02-29,20260209_013339,20260209_013339-0006,2016-02-11 17:40:39.037000,2016-02-11 17:41:12.090000,買い,111.02000,111.12000,1.00,10.00,30.00,水平線手前,利確,支持抵抗,0,111.02000
2016-02-01,2016-02-29,20260209_013339,20260209_013339-0007,2016-02-11 21:21:39.147000,2016-02-11 21:21:41.551000,売り,113.16300,113.06300,1.00,10.00,40.00,水平線手前,利確,支持抵抗,0,113.16300
2016-02-01,2016-02-29,20260209_013339,20260209_013339-0008,2016-02-12 00:39:40.481000,2016-02-12 00:43:33.995000,買い,111.78100,111.88100,1.00,10.00,50.00,水平線手前,利確,支持抵抗,0,111.78100
2016-02-01,2016-02-29,20260209_013339,20260209_013339-0009,2016-02-12 15:54:40.359000,2016-02-12 15:58:04.668000,買い,111.86600,111.76600,1.00,-10.00,40.00,水平線手前,損切,支持抵抗,0,111.86600
2016-02-01,2016-02-29,20260209_013339,20260209_013339-0010,2016-02-12 15:58:07.546000,2016-02-12 15:58:11.354000,買い,111.67900,111.77900,1.00,10.00,50.00,水平線手前,利確,支持抵抗,0,111.67900
2016-02-01,2016-02-29,20260209_013339,20260209_013339-0011,2016-02-25 22:30:03.765000,2016-02-25 22:35:15.091000,売り,112.66800,112.56800,1.00,10.00,60.00,水平線手前,利確,支持抵抗,0,112.66800
2016-03-01,2016-03-31,20260209_013430,20260209_013430-0001,2016-03-03 00:30:12.860000,2016-03-03 00:34:06.361000,買い,113.70800,113.80800,1.00,10.00,70.00,水平線手前,利確,支持抵抗,0,113.70800
2016-03-01,2016-03-31,20260209_013430,20260209_013430-0002,2016-03-15 11:47:06.480000,2016-03-15 11:47:07.831000,売り,113.91500,114.01500,1.00,-10.00,60.00,水平線手前,損切,支持抵抗,0,113.91500
2016-03-01,2016-03-31,20260209_013430,20260209_013430-0003,2016-03-15 11:47:07.831000,2016-03-15 11:47:09.458000,売り,114.01300,113.91300,1.00,10.00,70.00,水平線手前,利確,支持抵抗,0,114.01300
2016-03-01,2016-03-31,20260209_013430,20260209_013430-0004,2016-03-15 12:31:55.611000,2016-03-15 12:31:57.595000,売り,114.11700,114.01700,1.00,10.00,80.00,水平線手前,利確,支持抵抗,0,114.11700
2016-03-01,2016-03-31,20260209_013430,20260209_013430-0005,2016-03-15 12:35:07.930000,2016-03-15 12:35:11.107000,買い,113.63500,113.73500,1.00,10.00,90.00,水平線手前,利確,支持抵抗,0,113.63500
2016-03-01,2016-03-31,20260209_013430,20260209_013430-0006,2016-03-16 21:30:04.594000,2016-03-16 21:35:52.563000,売り,113.75500,113.65500,1.00,10.00,100.00,水平線手前,利確,支持抵抗,0,113.75500
2016-03-01,2016-03-31,20260209_013430,20260209_013430-0007,2016-03-16 21:30:03.160000,2016-03-16 21:46:42.283000,売り,113.74100,113.64100,1.00,10.00,110.00,水平線手前,利確,支持抵抗,0,113.74100
2016-03-01,2016-03-31,20260209_013430,20260209_013430-0008,2016-03-30 01:20:08.303000,2016-03-30 01:20:21.859000,買い,113.26800,113.16800,1.00,-10.00,100.00,水平線手前,損切,支持抵抗,0,113.26800
2016-03-01,2016-03-31,20260209_013430,20260209_013430-0009,2016-03-30 01:20:13.159000,2016-03-30 01:20:21.961000,買い,113.26500,113.16500,1.00,-10.00,90.00,水平線手前,損切,支持抵抗,0,113.26500
2016-04-01,2016-04-30,20260209_013514,20260209_013514-0001,2016-04-06 23:22:17.283000,2016-04-06 23:22:20.602000,売り,110.38300,110.28300,1.00,10.00,100.00,水平線手前,利確,支持抵抗,0,110.38300
2016-04-01,2016-04-30,20260209_013514,20260209_013514-0002,2016-04-22 13:44:28.986000,2016-04-22 13:48:54.099000,売り,110.15600,110.05600,1.00,10.00,110.00,水平線手前,利確,支持抵抗,0,110.15600
2016-04-01,2016-04-30,20260209_013514,20260209_013514-0003,2016-04-28 12:01:06.482000,2016-04-28 12:01:07.393000,買い,111.10100,111.00100,1.00,-10.00,100.00,水平線手前,損切,支持抵抗,0,111.10100
2016-04-01,2016-04-30,20260209_013514,20260209_013514-0004,2016-04-28 12:01:06.601000,2016-04-28 12:01:07.812000,買い,111.05800,110.95800,1.00,-10.00,90.00,水平線手前,損切,支持抵抗,0,111.05800
2016-04-01,2016-04-30,20260209_013514,20260209_013514-0005,2016-04-28 12:01:09.162000,2016-04-28 12:01:09.936000,買い,110.69800,110.59800,1.00,-10.00,80.00,水平線手前,損切,支持抵抗,0,110.69800
2016-04-01,2016-04-30,20260209_013514,20260209_013514-0006,2016-04-28 12:02:40.377000,2016-04-28 12:02:42.855000,買い,109.36900,109.26900,1.00,-10.00,70.00,水平線手前,損切,支持抵抗,0,109.36900
2016-04-01,2016-04-30,20260209_013514,20260209_013514-0007,2016-04-28 12:02:42.753000,2016-04-28 12:02:48.899000,買い,109.29400,109.39400,1.00,10.00,80.00,水平線手前,利確,支持抵抗,0,109.29400
2016-04-01,2016-04-30,20260209_013514,20260209_013514-0008,2016-04-28 12:03:21.858000,2016-04-28 12:03:24.581000,買い,109.12000,109.02000,1.00,-10.00,70.00,水平線手前,損切,支持抵抗,0,109.12000
2016-04-01,2016-04-30,20260209_013514,20260209_013514-0009,2016-04-28 12:03:44.291000,2016-04-28 12:03:56.780000,買い,108.79200,108.89200,1.00,10.00,80.00,水平線手前,利確,支持抵抗,0,108.79200
2016-04-01,2016-04-30,20260209_013514,20260209_013514-0010,2016-04-28 12:03:45.590000,2016-04-28 12:03:56.780000,買い,108.78900,108.88900,1.00,10.00,90.00,水平線手前,利確,支持抵抗,0,108.78900
2016-04-01,2016-04-30,20260209_013514,20260209_013514-0011,2016-04-30 00:20:28.922000,2016-04-30 00:20:53.632000,買い,106.65300,106.75300,1.00,10.00,100.00,水平線手前,利確,支持抵抗,0,106.65300
2016-05-01,2016-05-31,20260209_013555,20260209_013555-0001,2016-05-04 21:15:00.534000,2016-05-04 21:22:07.694000,買い,106.44200,106.34200,1.00,-10.00,90.00,水平線手前,損切,支持抵抗,0,106.44200
2016-05-01,2016-05-31,20260209_013555,20260209_013555-0002,2016-05-17 21:30:05.058000,2016-05-17 21:30:52.256000,売り,109.62200,109.52200,1.00,10.00,100.00,水平線手前,利確,支持抵抗,0,109.62200
2016-05-01,2016-05-31,20260209_013555,20260209_013555-0003,2016-05-19 03:00:07.424000,2016-05-19 03:04:16.076000,売り,109.80900,109.90900,1.00,-10.00,90.00,水平線手前,損切,支持抵抗,0,109.80900
2016-06-01,2016-06-30,20260209_013646,20260209_013646-0001,2016-06-03 21:30:01.773000,2016-06-03 21:30:02.628000,買い,108.50900,108.40900,1.00,-10.00,80.00,水平線手前,損切,支持抵抗,0,108.50900
2016-06-01,2016-06-30,20260209_013646,20260209_013646-0002,2016-06-07 01:30:08.733000,2016-06-07 01:30:40.242000,売り,107.54000,107.44000,1.00,10.00,90.00,水平線手前,利確,支持抵抗,0,107.54000
2016-06-01,2016-06-30,20260209_013646,20260209_013646-0003,2016-06-16 02:59:50.242000,2016-06-16 03:00:01.317000,買い,105.74200,105.64200,1.00,-10.00,80.00,水平線手前,損切,支持抵抗,0,105.74200
2016-06-01,2016-06-30,20260209_013646,20260209_013646-0004,2016-06-16 03:16:37.626000,2016-06-16 03:16:59.768000,買い,105.46000,105.56000,1.00,10.00,90.00,水平線手前,利確,支持抵抗,0,105.46000
2016-06-01,2016-06-30,20260209_013646,20260209_013646-0005,2016-06-16 11:45:46.364000,2016-06-16 11:45:57.873000,買い,104.55500,104.65500,1.00,10.00,100.00,水平線手前,利確,支持抵抗,0,104.55500
2016-06-01,2016-06-30,20260209_013646,20260209_013646-0006,2016-06-16 13:50:24.008000,2016-06-16 14:07:39.286000,買い,104.20300,104.10300,1.00,-10.00,90.00,水平線手前,損切,支持抵抗,0,104.20300
2016-06-01,2016-06-30,20260209_013646,20260209_013646-0007,2016-06-16 15:56:35.341000,2016-06-16 15:57:44.138000,買い,103.57800,103.67800,1.00,10.00,100.00,水平線手前,利確,支持抵抗,0,103.57800
2016-06-01,2016-06-30,20260209_013646,20260209_013646-0008,2016-06-23 15:10:32.811000,2016-06-23 15:10:33.649000,買い,104.35500,104.25500,1.00,-10.00,90.00,水平線手前,損切,支持抵抗,0,104.35500
2016-06-01,2016-06-30,20260209_013646,20260209_013646-0009,2016-06-23 15:10:33.342000,2016-06-23 15:10:33.785000,買い,104.31800,104.21800,1.00,-10.00,80.00,水平線手前,損切,支持抵抗,0,104.31800
2016-06-01,2016-06-30,20260209_013646,20260209_013646-0010,2016-06-23 15:10:36.941000,2016-06-23 15:10:39.166000,買い,104.06200,104.16200,1.00,10.00,90.00,水平線手前,利確,支持抵抗,0,104.06200
2016-06-01,2016-06-30,20260209_013646,20260209_013646-0011,2016-06-24 11:43:48.375000,2016-06-24 11:43:48.679000,買い,98.99500,99.09500,1.00,10.00,100.00,水平線手前,利確,支持抵抗,0,98.99500
2016-06-01,2016-06-30,20260209_013646,20260209_013646-0012,2016-06-24 21:12:38.444000,2016-06-24 21:12:53.290000,売り,102.75500,102.65500,1.00,10.00,110.00,水平線手前,利確,支持抵抗,0,102.75500
2016-07-01,2016-07-31,20260209_013810,20260209_013810-0001,2016-07-06 12:36:58.654000,2016-07-06 12:45:04.702000,売り,101.01600,100.91600,1.00,10.00,120.00,水平線手前,利確,支持抵抗,0,101.01600
2016-07-01,2016-07-31,20260209_013810,20260209_013810-0002,2016-07-06 18:09:48.337000,2016-07-06 18:10:16.267000,買い,100.43700,100.53700,1.00,10.00,130.00,水平線手前,利確,支持抵抗,0,100.43700
2016-07-01,2016-07-31,20260209_013810,20260209_013810-0003,2016-07-08 21:29:54.386000,2016-07-08 21:30:02.259000,買い,100.24300,100.34300,1.00,10.00,140.00,水平線手前,利確,支持抵抗,0,100.24300
2016-07-01,2016-07-31,20260209_013810,20260209_013810-0004,2016-07-08 21:29:54.847000,2016-07-08 21:30:02.259000,買い,100.23600,100.33600,1.00,10.00,150.00,水平線手前,利確,支持抵抗,0,100.23600
2016-07-01,2016-07-31,20260209_013810,20260209_013810-0005,2016-07-08 21:30:02.259000,2016-07-08 21:30:02.367000,売り,100.76300,100.86300,1.00,-10.00,140.00,水平線手前,損切,支持抵抗,0,100.76300
2016-07-01,2016-07-31,20260209_013810,20260209_013810-0006,2016-07-08 21:30:03.515000,2016-07-08 21:30:05.531000,売り,100.94600,101.04600,1.00,-10.00,130.00,水平線手前,損切,支持抵抗,0,100.94600
2016-07-01,2016-07-31,20260209_013810,20260209_013810-0007,2016-07-08 21:30:12.313000,2016-07-08 21:31:04.253000,売り,101.25400,101.15400,1.00,10.00,140.00,水平線手前,利確,支持抵抗,0,101.25400
2016-07-01,2016-07-31,20260209_013810,20260209_013810-0008,2016-07-08 21:30:10.390000,2016-07-08 21:31:04.867000,売り,101.23300,101.13300,1.00,10.00,150.00,水平線手前,利確,支持抵抗,0,101.23300
2016-07-01,2016-07-31,20260209_013810,20260209_013810-0009,2016-07-26 13:29:38.947000,2016-07-26 13:31:41.803000,買い,104.31000,104.41000,1.00,10.00,160.00,水平線手前,利確,支持抵抗,0,104.31000
2016-07-01,2016-07-31,20260209_013810,20260209_013810-0010,2016-07-27 14:05:15.044000,2016-07-27 14:05:19.309000,売り,106.11600,106.01600,1.00,10.00,170.00,水平線手前,利確,支持抵抗,0,106.11600
2016-07-01,2016-07-31,20260209_013810,20260209_013810-0011,2016-07-28 03:00:18.333000,2016-07-28 03:00:30.966000,売り,105.85400,105.75400,1.00,10.00,180.00,水平線手前,利確,支持抵抗,0,105.85400
2016-07-01,2016-07-31,20260209_013810,20260209_013810-0012,2016-07-29 12:44:09.039000,2016-07-29 12:44:10.314000,売り,105.47600,105.57600,1.00,-10.00,170.00,水平線手前,損切,支持抵抗,0,105.47600
2016-07-01,2016-07-31,20260209_013810,20260209_013810-0013,2016-07-29 12:44:10.994000,2016-07-29 12:44:12.484000,売り,105.59000,105.49000,1.00,10.00,180.00,水平線手前,利確,支持抵抗,0,105.59000
2016-07-01,2016-07-31,20260209_013810,20260209_013810-0014,2016-07-29 12:44:31.034000,2016-07-29 12:44:32.590000,買い,103.37200,103.27200,1.00,-10.00,170.00,水平線手前,損切,支持抵抗,0,103.37200
2016-07-01,2016-07-31,20260209_013810,20260209_013810-0015,2016-07-29 12:44:44.211000,2016-07-29 12:44:45.878000,買い,102.85500,102.95500,1.00,10.00,180.00,水平線手前,利確,支持抵抗,0,102.85500
2016-07-01,2016-07-31,20260209_013810,20260209_013810-0016,2016-07-29 12:51:16.774000,2016-07-29 12:51:37.643000,買い,102.74000,102.84000,1.00,10.00,190.00,水平線手前,利確,支持抵抗,0,102.74000
2016-07-01,2016-07-31,20260209_013810,20260209_013810-0017,2016-07-29 15:37:43.700000,2016-07-29 15:37:46.811000,買い,103.17400,103.27400,1.00,10.00,200.00,水平線手前,利確,支持抵抗,0,103.17400
2016-07-01,2016-07-31,20260209_013810,20260209_013810-0018,2016-07-29 21:30:01.581000,2016-07-29 21:32:17.019000,買い,103.22600,103.12600,1.00,-10.00,190.00,水平線手前,損切,支持抵抗,0,103.22600
2016-08-01,2016-08-31,20260209_014009,20260209_014009-0001,2016-08-12 21:30:02.138000,2016-08-12 21:30:10.614000,買い,101.67400,101.57400,1.00,-10.00,180.00,水平線手前,損切,支持抵抗,0,101.67400
2016-08-01,2016-08-31,20260209_014009,20260209_014009-0002,2016-08-16 21:30:01.804000,2016-08-16 21:30:36.015000,買い,99.57300,99.67300,1.00,10.00,190.00,水平線手前,利確,支持抵抗,0,99.57300
2016-08-01,2016-08-31,20260209_014009,20260209_014009-0003,2016-08-17 13:52:57.782000,2016-08-17 13:53:07.675000,売り,100.91100,100.81100,1.00,10.00,200.00,水平線手前,利確,支持抵抗,0,100.91100
2016-08-01,2016-08-31,20260209_014009,20260209_014009-0004,2016-08-18 13:56:27.786000,2016-08-18 13:56:37.989000,売り,100.34000,100.24000,1.00,10.00,210.00,水平線手前,利確,支持抵抗,0,100.34000
2016-08-01,2016-08-31,20260209_014009,20260209_014009-0005,2016-08-18 18:10:37.280000,2016-08-18 18:11:23.672000,売り,100.49100,100.39100,1.00,10.00,220.00,水平線手前,利確,支持抵抗,0,100.49100
2016-08-01,2016-08-31,20260209_014009,20260209_014009-0006,2016-08-26 23:00:06.893000,2016-08-26 23:00:09.997000,売り,100.59800,100.69800,1.00,-10.00,210.00,水平線手前,損切,支持抵抗,0,100.59800
2016-08-01,2016-08-31,20260209_014009,20260209_014009-0007,2016-08-26 23:00:07.052000,2016-08-26 23:00:23.903000,売り,100.60200,100.70200,1.00,-10.00,200.00,水平線手前,損切,支持抵抗,0,100.60200
2016-08-01,2016-08-31,20260209_014009,20260209_014009-0008,2016-08-26 23:14:32.265000,2016-08-26 23:15:44.022000,買い,100.11500,100.21500,1.00,10.00,210.00,水平線手前,利確,支持抵抗,0,100.11500
2016-09-01,2016-09-30,20260209_014236,20260209_014236-0001,2016-09-02 21:30:02.733000,2016-09-02 21:30:39.352000,買い,103.13800,103.03800,1.00,-10.00,200.00,水平線手前,損切,支持抵抗,0,103.13800
2016-09-01,2016-09-30,20260209_014236,20260209_014236-0002,2016-09-02 21:30:03.159000,2016-09-02 21:30:40.992000,買い,103.09100,102.99100,1.00,-10.00,190.00,水平線手前,損切,支持抵抗,0,103.09100
2016-09-01,2016-09-30,20260209_014236,20260209_014236-0003,2016-09-13 02:15:07.362000,2016-09-13 02:15:08.778000,買い,101.75100,101.65100,1.00,-10.00,180.00,水平線手前,損切,支持抵抗,0,101.75100
2016-09-01,2016-09-30,20260209_014236,20260209_014236-0004,2016-09-13 02:15:09.841000,2016-09-13 02:15:45.064000,買い,101.60100,101.70100,1.00,10.00,190.00,水平線手前,利確,支持抵抗,0,101.60100
2016-09-01,2016-09-30,20260209_014236,20260209_014236-0005,2016-09-15 21:30:01.678000,2016-09-15 21:30:41.035000,買い,101.96900,102.06900,1.00,10.00,200.00,水平線手前,利確,支持抵抗,0,101.96900
2016-09-01,2016-09-30,20260209_014236,20260209_014236-0006,2016-09-15 21:30:02.669000,2016-09-15 21:30:41.233000,買い,101.97600,102.07600,1.00,10.00,210.00,水平線手前,利確,支持抵抗,0,101.97600
2016-09-01,2016-09-30,20260209_014236,20260209_014236-0007,2016-09-21 11:55:07.029000,2016-09-21 11:55:08.153000,買い,101.44500,101.34500,1.00,-10.00,200.00,水平線手前,損切,支持抵抗,0,101.44500
2016-09-01,2016-09-30,20260209_014236,20260209_014236-0008,2016-09-21 11:55:07.249000,2016-09-21 11:55:08.153000,買い,101.42000,101.32000,1.00,-10.00,190.00,水平線手前,損切,支持抵抗,0,101.42000
2016-09-01,2016-09-30,20260209_014236,20260209_014236-0009,2016-09-21 11:55:08.153000,2016-09-21 11:55:09.324000,買い,101.30700,101.40700,1.00,10.00,200.00,水平線手前,利確,支持抵抗,0,101.30700
2016-09-01,2016-09-30,20260209_014236,20260209_014236-0010,2016-09-21 11:55:12.166000,2016-09-21 11:55:17.912000,買い,101.24300,101.34300,1.00,10.00,210.00,水平線手前,利確,支持抵抗,0,101.24300
2016-09-01,2016-09-30,20260209_014236,20260209_014236-0011,2016-09-21 11:55:15.160000,2016-09-21 11:55:17.912000,買い,101.22800,101.32800,1.00,10.00,220.00,水平線手前,利確,支持抵抗,0,101.22800
2016-09-01,2016-09-30,20260209_014236,20260209_014236-0012,2016-09-21 13:18:29.172000,2016-09-21 13:18:31.704000,買い,101.03900,101.13900,1.00,10.00,230.00,水平線手前,利確,支持抵抗,0,101.03900
2016-09-01,2016-09-30,20260209_014236,20260209_014236-0013,2016-09-21 13:26:10.617000,2016-09-21 13:26:12.522000,売り,101.97500,102.07500,1.00,-10.00,220.00,水平線手前,損切,支持抵抗,0,101.97500
2016-09-01,2016-09-30,20260209_014236,20260209_014236-0014,2016-09-21 13:26:12.023000,2016-09-21 13:26:16.030000,売り,102.05300,101.95300,1.00,10.00,230.00,水平線手前,利確,支持抵抗,0,102.05300
2016-09-01,2016-09-30,20260209_014236,20260209_014236-0015,2016-09-22 03:00:09.173000,2016-09-22 03:00:18.391000,買い,100.57500,100.67500,1.00,10.00,240.00,水平線手前,利確,支持抵抗,0,100.57500
2016-10-01,2016-10-31,20260209_014414,20260209_014414-0001,2016-10-07 21:30:01.282000,2016-10-07 21:30:03.552000,買い,103.43200,103.33200,1.00,-10.00,230.00,水平線手前,損切,支持抵抗,0,103.43200
2016-10-01,2016-10-31,20260209_014414,20260209_014414-0002,2016-10-07 21:30:02.606000,2016-10-07 21:30:04.941000,買い,103.37000,103.27000,1.00,-10.00,220.00,水平線手前,損切,支持抵抗,0,103.37000
2016-10-01,2016-10-31,20260209_014414,20260209_014414-0003,2016-10-07 21:30:04.226000,2016-10-07 21:30:06.134000,買い,103.28900,103.38900,1.00,10.00,230.00,水平線手前,利確,支持抵抗,0,103.28900
2016-10-01,2016-10-31,20260209_014414,20260209_014414-0004,2016-10-19 18:58:03.154000,2016-10-19 18:58:10.435000,買い,103.28300,103.38300,1.00,10.00,240.00,水平線手前,利確,支持抵抗,0,103.28300
2016-11-01,2016-11-30,20260209_014509,20260209_014509-0001,2016-11-09 11:02:05.102000,2016-11-09 11:02:27.404000,買い,103.87800,103.97800,1.00,10.00,250.00,水平線手前,利確,支持抵抗,0,103.87800
2016-11-01,2016-11-30,20260209_014509,20260209_014509-0002,2016-11-09 12:37:17.115000,2016-11-09 12:37:35.425000,買い,102.07200,101.97200,1.00,-10.00,240.00,水平線手前,損切,支持抵抗,0,102.07200
2016-11-01,2016-11-30,20260209_014509,20260209_014509-0003,2016-11-30 22:15:00.931000,2016-11-30 22:15:19.118000,売り,113.50700,113.40700,1.00,10.00,250.00,水平線手前,利確,支持抵抗,0,113.50700
2016-11-01,2016-11-30,20260209_014509,20260209_014509-0004,2016-11-30 22:15:00.828000,2016-11-30 22:15:22.749000,売り,113.49000,113.39000,1.00,10.00,260.00,水平線手前,利確,支持抵抗,0,113.49000
2016-12-01,2016-12-31,20260209_014601,20260209_014601-0001,2016-12-02 22:30:08.102000,2016-12-02 22:30:10.993000,買い,113.62000,113.72000,1.00,10.00,270.00,水平線手前,利確,支持抵抗,0,113.62000
2016-12-01,2016-12-31,20260209_014601,20260209_014601-0002,2016-12-02 22:30:08.051000,2016-12-02 22:30:11.623000,買い,113.62800,113.72800,1.00,10.00,280.00,水平線手前,利確,支持抵抗,0,113.62800
2016-12-01,2016-12-31,20260209_014601,20260209_014601-0003,2016-12-15 03:59:53.848000,2016-12-15 03:59:54.464000,売り,115.47000,115.37000,1.00,10.00,290.00,水平線手前,利確,支持抵抗,0,115.47000
2016-12-01,2016-12-31,20260209_014601,20260209_014601-0004,2016-12-15 04:00:00.638000,2016-12-15 04:00:05.561000,売り,115.58000,115.48000,1.00,10.00,300.00,水平線手前,利確,支持抵抗,0,115.58000
2017-01-01,2017-01-31,20260209_014709,20260209_014709-0001,2017-01-04 03:01:54.985000,2017-01-04 03:08:30.675000,買い,117.25200,117.35200,1.00,10.00,310.00,水平線手前,利確,支持抵抗,0,117.25200
2017-01-01,2017-01-31,20260209_014709,20260209_014709-0002,2017-01-06 22:30:06.341000,2017-01-06 22:30:09.343000,買い,115.75900,115.85900,1.00,10.00,320.00,水平線手前,利確,支持抵抗,0,115.75900
2017-01-01,2017-01-31,20260209_014709,20260209_014709-0003,2017-01-06 22:30:06.238000,2017-01-06 22:30:11.911000,買い,115.79000,115.89000,1.00,10.00,330.00,水平線手前,利確,支持抵抗,0,115.79000
2017-01-01,2017-01-31,20260209_014709,20260209_014709-0004,2017-01-12 03:11:06.211000,2017-01-12 03:12:00.424000,買い,114.28600,114.38600,1.00,10.00,340.00,水平線手前,利確,支持抵抗,0,114.28600
2017-01-01,2017-01-31,20260209_014709,20260209_014709-0005,2017-01-13 22:30:02.048000,2017-01-13 22:30:05.279000,買い,114.17800,114.27800,1.00,10.00,350.00,水平線手前,利確,支持抵抗,0,114.17800
2017-01-01,2017-01-31,20260209_014709,20260209_014709-0006,2017-01-16 15:39:29.395000,2017-01-16 15:39:32.848000,買い,113.63500,113.73500,1.00,10.00,360.00,水平線手前,利確,支持抵抗,0,113.63500
2017-02-01,2017-02-28,20260209_014807,20260209_014807-0001,2017-02-01 22:15:00.528000,2017-02-01 22:15:02.578000,売り,113.50200,113.60200,1.00,-10.00,350.00,水平線手前,損切,支持抵抗,0,113.50200
2017-02-01,2017-02-28,20260209_014807,20260209_014807-0002,2017-02-03 22:30:03.516000,2017-02-03 22:30:07.963000,売り,113.45000,113.35000,1.00,10.00,360.00,水平線手前,利確,支持抵抗,0,113.45000
2017-02-01,2017-02-28,20260209_014807,20260209_014807-0003,2017-02-11 03:35:32.461000,2017-02-11 03:35:49.615000,買い,112.89700,112.99700,1.00,10.00,370.00,水平線手前,利確,支持抵抗,0,112.89700
2017-03-01,2017-03-31,20260209_014919,20260209_014919-0001,2017-03-02 00:00:01.202000,2017-03-02 00:02:13.217000,売り,114.03200,113.93200,1.00,10.00,380.00,水平線手前,利確,支持抵抗,0,114.03200
2017-03-01,2017-03-31,20260209_014919,20260209_014919-0002,2017-03-04 03:00:07.201000,2017-03-04 03:00:26.036000,売り,114.72000,114.62000,1.00,10.00,390.00,水平線手前,利確,支持抵抗,0,114.72000
2017-03-01,2017-03-31,20260209_014919,20260209_014919-0003,2017-03-04 03:00:05.001000,2017-03-04 03:00:29.988000,売り,114.66200,114.56200,1.00,10.00,400.00,水平線手前,利確,支持抵抗,0,114.66200
2017-03-01,2017-03-31,20260209_014919,20260209_014919-0004,2017-03-16 03:00:10.055000,2017-03-16 03:00:12.820000,買い,114.37200,114.27200,1.00,-10.00,390.00,水平線手前,損切,支持抵抗,0,114.37200
2017-03-01,2017-03-31,20260209_014919,20260209_014919-0005,2017-03-24 02:12:31.487000,2017-03-24 02:12:51.717000,買い,110.89100,110.99100,1.00,10.00,400.00,水平線手前,利確,支持抵抗,0,110.89100
2017-04-01,2017-04-30,20260209_015020,20260209_015020-0001,2017-04-07 21:30:10.055000,2017-04-07 21:30:16.159000,買い,110.16800,110.26800,1.00,10.00,410.00,水平線手前,利確,支持抵抗,0,110.16800
2017-04-01,2017-04-30,20260209_015020,20260209_015020-0002,2017-04-07 21:30:05.377000,2017-04-07 21:30:16.265000,買い,110.18100,110.28100,1.00,10.00,420.00,水平線手前,利確,支持抵抗,0,110.18100
2017-04-01,2017-04-30,20260209_015020,20260209_015020-0003,2017-04-07 21:30:08.355000,2017-04-07 21:30:16.265000,買い,110.17200,110.27200,1.00,10.00,430.00,水平線手前,利確,支持抵抗,0,110.17200
2017-05-01,2017-05-31,20260209_015110,20260209_015110-0001,2017-05-05 21:30:02.414000,2017-05-05 21:30:05.141000,売り,112.72600,112.62600,1.00,10.00,440.00,水平線手前,利確,支持抵抗,0,112.72600
2017-05-01,2017-05-31,20260209_015110,20260209_015110-0002,2017-05-05 21:30:02.869000,2017-05-05 21:30:41.653000,売り,112.70100,112.60100,1.00,10.00,450.00,水平線手前,利確,支持抵抗,0,112.70100
2017-06-01,2017-06-30,20260209_015157,20260209_015157-0001,2017-06-01 21:15:00.267000,2017-06-01 21:15:09.457000,売り,111.29700,111.39700,1.00,-10.00,440.00,水平線手前,損切,支持抵抗,0,111.29700
2017-06-01,2017-06-30,20260209_015157,20260209_015157-0002,2017-06-01 21:15:09.875000,2017-06-01 21:30:42.625000,売り,111.41900,111.31900,1.00,10.00,450.00,水平線手前,利確,支持抵抗,0,111.41900
2017-06-01,2017-06-30,20260209_015157,20260209_015157-0003,2017-06-02 21:30:01.763000,2017-06-02 21:30:03.925000,買い,111.27300,111.17300,1.00,-10.00,440.00,水平線手前,損切,支持抵抗,0,111.27300
2017-06-01,2017-06-30,20260209_015157,20260209_015157-0004,2017-06-14 21:30:09.571000,2017-06-14 21:30:15.325000,買い,109.93800,109.83800,1.00,-10.00,430.00,水平線手前,損切,支持抵抗,0,109.93800
2017-06-01,2017-06-30,20260209_015157,20260209_015157-0005,2017-06-15 03:00:02.567000,2017-06-15 03:00:04.737000,買い,108.94600,108.84600,1.00,-10.00,420.00,水平線手前,損切,支持抵抗,0,108.94600
2017-06-01,2017-06-30,20260209_015157,20260209_015157-0006,2017-06-15 03:00:04.737000,2017-06-15 03:00:09.996000,買い,108.84900,108.94900,1.00,10.00,430.00,水平線手前,利確,支持抵抗,0,108.84900
2017-06-01,2017-06-30,20260209_015157,20260209_015157-0007,2017-06-27 03:26:44.408000,2017-06-27 09:57:31.505000,売り,111.90200,112.00200,1.00,-10.00,420.00,水平線手前,損切,支持抵抗,0,111.90200
2017-07-01,2017-07-31,20260209_015244,20260209_015244-0001,2017-07-04 15:30:57.632000,2017-07-04 15:31:15.126000,買い,112.77000,112.87000,1.00,10.00,430.00,水平線手前,利確,支持抵抗,0,112.77000
2017-07-01,2017-07-31,20260209_015244,20260209_015244-0002,2017-07-07 21:30:05.990000,2017-07-07 21:30:43.585000,売り,113.81400,113.71400,1.00,10.00,440.00,水平線手前,利確,支持抵抗,0,113.81400
2017-07-01,2017-07-31,20260209_015244,20260209_015244-0003,2017-07-14 21:30:01.979000,2017-07-14 21:30:02.966000,買い,112.84900,112.74900,1.00,-10.00,430.00,水平線手前,損切,支持抵抗,0,112.84900
2017-07-01,2017-07-31,20260209_015244,20260209_015244-0004,2017-07-27 03:00:12.393000,2017-07-27 03:00:14.315000,売り,112.18800,112.08800,1.00,10.00,440.00,水平線手前,利確,支持抵抗,0,112.18800
2017-07-01,2017-07-31,20260209_015244,20260209_015244-0005,2017-07-27 03:00:12.208000,2017-07-27 03:00:14.814000,売り,112.17100,112.07100,1.00,10.00,450.00,水平線手前,利確,支持抵抗,0,112.17100
2017-07-01,2017-07-31,20260209_015244,20260209_015244-0006,2017-07-27 03:00:10.103000,2017-07-27 03:00:14.972000,売り,112.16800,112.06800,1.00,10.00,460.00,水平線手前,利確,支持抵抗,0,112.16800
2017-08-01,2017-08-31,20260209_015341,20260209_015341-0001,2017-08-11 21:30:01.486000,2017-08-11 21:30:06.584000,買い,108.93700,108.83700,1.00,-10.00,450.00,水平線手前,損切,支持抵抗,0,108.93700
2017-08-01,2017-08-31,20260209_015341,20260209_015341-0002,2017-08-11 21:30:13.277000,2017-08-11 21:31:00.894000,買い,108.76800,108.86800,1.00,10.00,460.00,水平線手前,利確,支持抵抗,0,108.76800
2017-09-01,2017-09-30,20260209_015423,20260209_015423-0001,2017-09-01 21:30:01.640000,2017-09-01 21:30:03.736000,買い,109.82000,109.72000,1.00,-10.00,450.00,水平線手前,損切,支持抵抗,0,109.82000
2017-09-01,2017-09-30,20260209_015423,20260209_015423-0002,2017-09-01 23:00:06.418000,2017-09-01 23:00:19.059000,売り,110.48800,110.38800,1.00,10.00,460.00,水平線手前,利確,支持抵抗,0,110.48800
2017-09-01,2017-09-30,20260209_015423,20260209_015423-0003,2017-09-14 21:30:01.597000,2017-09-14 21:30:06.392000,売り,110.72900,110.82900,1.00,-10.00,450.00,水平線手前,損切,支持抵抗,0,110.72900
2017-09-01,2017-09-30,20260209_015423,20260209_015423-0004,2017-09-19 23:20:07.939000,2017-09-19 23:21:14.579000,買い,111.23500,111.33500,1.00,10.00,460.00,水平線手前,利確,支持抵抗,0,111.23500
2017-09-01,2017-09-30,20260209_015423,20260209_015423-0005,2017-09-21 03:00:01.698000,2017-09-21 03:00:09.028000,売り,111.51600,111.41600,1.00,10.00,470.00,水平線手前,利確,支持抵抗,0,111.51600
2017-09-01,2017-09-30,20260209_015423,20260209_015423-0006,2017-09-21 03:00:11.968000,2017-09-21 03:00:14.614000,買い,111.12200,111.22200,1.00,10.00,480.00,水平線手前,利確,支持抵抗,0,111.12200
2017-09-01,2017-09-30,20260209_015423,20260209_015423-0007,2017-09-25 23:50:48.133000,2017-09-25 23:50:53.689000,買い,111.98000,112.08000,1.00,10.00,490.00,水平線手前,利確,支持抵抗,0,111.98000
2017-09-01,2017-09-30,20260209_015423,20260209_015423-0008,2017-09-29 21:30:06.024000,2017-09-29 21:45:16.931000,買い,112.34800,112.24800,1.00,-10.00,480.00,水平線手前,損切,支持抵抗,0,112.34800
2017-10-01,2017-10-31,20260209_015506,20260209_015506-0001,2017-10-04 23:00:01.673000,2017-10-04 23:26:21.303000,売り,112.87000,112.77000,1.00,10.00,490.00,水平線手前,利確,支持抵抗,0,112.87000
2017-10-01,2017-10-31,20260209_015506,20260209_015506-0002,2017-10-04 23:00:01.335000,2017-10-04 23:26:35.976000,売り,112.86100,112.76100,1.00,10.00,500.00,水平線手前,利確,支持抵抗,0,112.86100
2017-10-01,2017-10-31,20260209_015506,20260209_015506-0003,2017-10-06 21:30:09.903000,2017-10-06 21:30:14.869000,売り,113.18600,113.08600,1.00,10.00,510.00,水平線手前,利確,支持抵抗,0,113.18600
2017-10-01,2017-10-31,20260209_015506,20260209_015506-0004,2017-10-06 21:30:07.472000,2017-10-06 21:31:37.367000,売り,113.18300,113.08300,1.00,10.00,520.00,水平線手前,利確,支持抵抗,0,113.18300
2017-10-01,2017-10-31,20260209_015506,20260209_015506-0005,2017-10-13 21:30:10.082000,2017-10-13 21:32:36.475000,買い,111.89500,111.79500,1.00,-10.00,510.00,水平線手前,損切,支持抵抗,0,111.89500
2017-11-01,2017-11-30,20260209_015545,20260209_015545-0001,2017-11-03 21:30:02.577000,2017-11-03 21:30:10.313000,買い,113.66400,113.76400,1.00,10.00,520.00,水平線手前,利確,支持抵抗,0,113.66400
2017-11-01,2017-11-30,20260209_015545,20260209_015545-0002,2017-11-03 21:30:01.695000,2017-11-03 21:32:05.783000,買い,113.73100,113.83100,1.00,10.00,530.00,水平線手前,利確,支持抵抗,0,113.73100
2017-12-01,2017-12-31,20260209_015627,20260209_015627-0001,2017-12-02 01:25:10.570000,2017-12-02 01:27:24.406000,買い,111.70600,111.60600,1.00,-10.00,520.00,水平線手前,損切,支持抵抗,0,111.70600
2017-12-01,2017-12-31,20260209_015627,20260209_015627-0002,2017-12-13 22:30:03.727000,2017-12-13 22:32:25.894000,買い,113.16400,113.06400,1.00,-10.00,510.00,水平線手前,損切,支持抵抗,0,113.16400
2017-12-01,2017-12-31,20260209_015627,20260209_015627-0003,2017-12-13 22:30:04.800000,2017-12-13 22:32:30.492000,買い,113.15600,113.05600,1.00,-10.00,500.00,水平線手前,損切,支持抵抗,0,113.15600
2018-01-01,2018-01-31,20260209_015707,20260209_015707-0001,2018-01-12 22:30:01.921000,2018-01-12 22:33:06.133000,売り,111.42900,111.32900,1.00,10.00,510.00,水平線手前,利確,支持抵抗,0,111.42900
2018-02-01,2018-02-28,20260209_015757,20260209_015757-0001,2018-02-09 22:45:49.024000,2018-02-09 22:46:03.611000,売り,109.22400,109.12400,1.00,10.00,520.00,水平線手前,利確,支持抵抗,0,109.22400
2018-02-01,2018-02-28,20260209_015757,20260209_015757-0002,2018-02-10 02:43:39.983000,2018-02-10 02:51:58.913000,買い,108.17900,108.27900,1.00,10.00,530.00,水平線手前,利確,支持抵抗,0,108.17900
2018-02-01,2018-02-28,20260209_015757,20260209_015757-0003,2018-02-14 22:30:02.242000,2018-02-14 22:30:19.922000,売り,107.52400,107.42400,1.00,10.00,540.00,水平線手前,利確,支持抵抗,0,107.52400
2018-02-01,2018-02-28,20260209_015757,20260209_015757-0004,2018-02-14 22:30:01.916000,2018-02-14 22:30:21.655000,売り,107.49400,107.39400,1.00,10.00,550.00,水平線手前,利確,支持抵抗,0,107.49400
2018-03-01,2018-03-31,20260209_015848,20260209_015848-0001,2018-03-21 20:43:28.874000,2018-03-21 20:44:13.844000,買い,106.12300,106.22300,1.00,10.00,560.00,水平線手前,利確,支持抵抗,0,106.12300
2018-03-01,2018-03-31,20260209_015848,20260209_015848-0002,2018-03-22 03:01:16.466000,2018-03-22 03:01:59.279000,売り,106.39900,106.49900,1.00,-10.00,550.00,水平線手前,損切,支持抵抗,0,106.39900
2018-05-01,2018-05-31,20260209_020001,20260209_020001-0001,2018-05-10 21:30:07.091000,2018-05-10 21:30:27.623000,買い,109.33600,109.43600,1.00,10.00,560.00,水平線手前,利確,支持抵抗,0,109.33600
2018-06-01,2018-06-30,20260209_020041,20260209_020041-0001,2018-06-26 04:37:56.078000,2018-06-26 04:37:58.181000,売り,109.91900,110.01900,1.00,-10.00,550.00,水平線手前,損切,支持抵抗,0,109.91900
2018-06-01,2018-06-30,20260209_020041,20260209_020041-0002,2018-06-26 04:37:58.181000,2018-06-26 04:38:33.799000,売り,110.02500,109.92500,1.00,10.00,560.00,水平線手前,利確,支持抵抗,0,110.02500
2018-06-01,2018-06-30,20260209_020041,20260209_020041-0003,2018-06-27 20:45:11.651000,2018-06-27 20:45:22.258000,売り,110.17800,110.27800,1.00,-10.00,550.00,水平線手前,損切,支持抵抗,0,110.17800
2018-06-01,2018-06-30,20260209_020041,20260209_020041-0004,2018-06-27 20:45:11.862000,2018-06-27 20:45:22.518000,売り,110.18400,110.28400,1.00,-10.00,540.00,水平線手前,損切,支持抵抗,0,110.18400
2018-06-01,2018-06-30,20260209_020041,20260209_020041-0005,2018-06-27 20:45:12.839000,2018-06-27 20:45:22.730000,売り,110.18900,110.28900,1.00,-10.00,530.00,水平線手前,損切,支持抵抗,0,110.18900
2018-06-01,2018-06-30,20260209_020041,20260209_020041-0006,2018-06-27 20:45:24.962000,2018-06-27 20:45:40.041000,売り,110.32300,110.22300,1.00,10.00,540.00,水平線手前,利確,支持抵抗,0,110.32300
2018-07-01,2018-07-31,20260209_020123,20260209_020123-0001,2018-07-03 21:09:17.811000,2018-07-03 21:18:15.963000,買い,110.59600,110.69600,1.00,10.00,550.00,水平線手前,利確,支持抵抗,0,110.59600
2018-07-01,2018-07-31,20260209_020123,20260209_020123-0002,2018-07-03 21:09:17.758000,2018-07-03 21:40:08.092000,買い,110.60900,110.70900,1.00,10.00,560.00,水平線手前,利確,支持抵抗,0,110.60900
2018-07-01,2018-07-31,20260209_020123,20260209_020123-0003,2018-07-06 21:30:11.247000,2018-07-06 21:30:54.755000,買い,110.47800,110.57800,1.00,10.00,570.00,水平線手前,利確,支持抵抗,0,110.47800
2018-07-01,2018-07-31,20260209_020123,20260209_020123-0004,2018-07-20 02:02:27.568000,2018-07-20 02:03:51.147000,買い,112.69100,112.59100,1.00,-10.00,560.00,水平線手前,損切,支持抵抗,0,112.69100
2018-07-01,2018-07-31,20260209_020123,20260209_020123-0005,2018-07-20 23:00:06.568000,2018-07-20 23:00:19.599000,買い,111.60100,111.70100,1.00,10.00,570.00,水平線手前,利確,支持抵抗,0,111.60100
2018-07-01,2018-07-31,20260209_020123,20260209_020123-0006,2018-07-25 23:42:40.580000,2018-07-25 23:42:56.455000,買い,110.83600,110.93600,1.00,10.00,580.00,水平線手前,利確,支持抵抗,0,110.83600
2018-07-01,2018-07-31,20260209_020123,20260209_020123-0007,2018-07-25 23:42:40.018000,2018-07-25 23:43:32.198000,買い,110.88600,110.98600,1.00,10.00,590.00,水平線手前,利確,支持抵抗,0,110.88600
2018-07-01,2018-07-31,20260209_020123,20260209_020123-0008,2018-07-31 13:03:07.237000,2018-07-31 13:03:17.785000,売り,111.25000,111.15000,1.00,10.00,600.00,水平線手前,利確,支持抵抗,0,111.25000
2018-07-01,2018-07-31,20260209_020123,20260209_020123-0009,2018-07-31 13:03:11.031000,2018-07-31 13:03:17.838000,売り,111.20300,111.10300,1.00,10.00,610.00,水平線手前,利確,支持抵抗,0,111.20300
2018-07-01,2018-07-31,20260209_020123,20260209_020123-0010,2018-07-31 13:03:26.987000,2018-07-31 13:03:33.617000,買い,110.77100,110.87100,1.00,10.00,620.00,水平線手前,利確,支持抵抗,0,110.77100
2018-07-01,2018-07-31,20260209_020123,20260209_020123-0011,2018-07-31 13:03:26.767000,2018-07-31 13:03:37.538000,買い,110.81200,110.91200,1.00,10.00,630.00,水平線手前,利確,支持抵抗,0,110.81200
2018-07-01,2018-07-31,20260209_020123,20260209_020123-0012,2018-07-31 13:03:25.822000,2018-07-31 13:03:40.595000,買い,110.83100,110.93100,1.00,10.00,640.00,水平線手前,利確,支持抵抗,0,110.83100
2018-08-01,2018-08-31,20260209_020205,20260209_020205-0001,2018-08-21 00:53:17.772000,2018-08-21 00:53:56.592000,買い,110.30200,110.40200,1.00,10.00,650.00,水平線手前,利確,支持抵抗,0,110.30200
2018-09-01,2018-09-30,20260209_020232,20260209_020232-0001,2018-09-15 01:00:44.207000,2018-09-15 01:00:55.383000,買い,111.87700,111.97700,1.00,10.00,660.00,水平線手前,利確,支持抵抗,0,111.87700
2019-01-01,2019-01-31,20260209_020540,20260209_020540-0001,2019-01-04 00:00:00.807000,2019-01-04 00:00:02.264000,買い,107.53900,107.43900,1.00,-10.00,650.00,水平線手前,損切,支持抵抗,0,107.53900
2019-01-01,2019-01-31,20260209_020540,20260209_020540-0002,2019-01-04 00:00:02.003000,2019-01-04 00:00:35.813000,買い,107.46400,107.36400,1.00,-10.00,640.00,水平線手前,損切,支持抵抗,0,107.46400
2019-01-01,2019-01-31,20260209_020540,20260209_020540-0003,2019-01-04 22:30:10.401000,2019-01-04 22:31:03.979000,売り,108.42100,108.32100,1.00,10.00,650.00,水平線手前,利確,支持抵抗,0,108.42100
2019-02-01,2019-02-28,20260209_020615,20260209_020615-0001,2019-02-01 22:30:02.621000,2019-02-01 22:30:21.626000,売り,109.05800,108.95800,1.00,10.00,660.00,水平線手前,利確,支持抵抗,0,109.05800
2019-03-01,2019-03-31,20260209_020653,20260209_020653-0001,2019-03-08 22:30:02.325000,2019-03-08 22:30:35.665000,買い,110.96400,110.86400,1.00,-10.00,650.00,水平線手前,損切,支持抵抗,0,110.96400
2019-03-01,2019-03-31,20260209_020653,20260209_020653-0002,2019-03-21 03:00:01.232000,2019-03-21 03:00:28.391000,買い,111.33700,111.23700,1.00,-10.00,640.00,水平線手前,損切,支持抵抗,0,111.33700
2019-03-01,2019-03-31,20260209_020653,20260209_020653-0003,2019-03-26 18:29:22.072000,2019-03-26 21:48:21.518000,売り,110.39400,110.49400,1.00,-10.00,630.00,水平線手前,損切,支持抵抗,0,110.39400
2019-04-01,2019-04-30,20260209_020725,20260209_020725-0001,2019-04-26 21:30:05.247000,2019-04-26 21:31:06.469000,売り,112.00200,111.90200,1.00,10.00,640.00,水平線手前,利確,支持抵抗,0,112.00200
2019-04-01,2019-04-30,20260209_020725,20260209_020725-0002,2019-04-26 21:30:03.797000,2019-04-26 21:31:09.949000,売り,111.99700,111.89700,1.00,10.00,650.00,水平線手前,利確,支持抵抗,0,111.99700
2019-05-01,2019-05-31,20260209_020811,20260209_020811-0001,2019-05-01 23:00:02.145000,2019-05-02 03:21:00.145000,買い,111.16300,111.06300,1.00,-10.00,640.00,水平線手前,損切,支持抵抗,0,111.16300
2019-08-01,2019-08-31,20260209_021046,20260209_021046-0001,2019-08-06 13:07:00.418000,2019-08-06 13:08:21.360000,売り,107.06400,106.96400,1.00,10.00,650.00,水平線手前,利確,支持抵抗,0,107.06400
2019-08-01,2019-08-31,20260209_021046,20260209_021046-0002,2019-08-15 15:39:02.503000,2019-08-15 15:39:05.275000,売り,106.64500,106.74500,1.00,-10.00,640.00,水平線手前,損切,支持抵抗,0,106.64500
2019-08-01,2019-08-31,20260209_021046,20260209_021046-0003,2019-08-15 15:39:05.325000,2019-08-15 15:39:21.628000,売り,106.75100,106.65100,1.00,10.00,650.00,水平線手前,利確,支持抵抗,0,106.75100
2019-08-01,2019-08-31,20260209_021046,20260209_021046-0004,2019-08-15 20:29:52.773000,2019-08-15 20:30:00.694000,売り,106.31200,106.21200,1.00,10.00,660.00,水平線手前,利確,支持抵抗,0,106.31200
2019-08-01,2019-08-31,20260209_021046,20260209_021046-0005,2019-08-15 21:30:09.798000,2019-08-15 21:35:12.400000,売り,106.32400,106.22400,1.00,10.00,670.00,水平線手前,利確,支持抵抗,0,106.32400
2019-08-01,2019-08-31,20260209_021046,20260209_021046-0006,2019-08-26 11:49:55.531000,2019-08-26 11:50:10.024000,売り,105.77500,105.67500,1.00,10.00,680.00,水平線手前,利確,支持抵抗,0,105.77500
2019-08-01,2019-08-31,20260209_021046,20260209_021046-0007,2019-08-26 21:57:22.590000,2019-08-26 21:57:29.684000,売り,106.38400,106.28400,1.00,10.00,690.00,水平線手前,利確,支持抵抗,0,106.38400
2019-09-01,2019-09-30,20260209_021131,20260209_021131-0001,2019-09-06 21:30:01.834000,2019-09-06 21:30:04.979000,買い,106.82000,106.72000,1.00,-10.00,680.00,水平線手前,損切,支持抵抗,0,106.82000
2019-09-01,2019-09-30,20260209_021131,20260209_021131-0002,2019-09-06 21:30:04.546000,2019-09-06 21:30:13.263000,買い,106.74200,106.84200,1.00,10.00,690.00,水平線手前,利確,支持抵抗,0,106.74200
2019-09-01,2019-09-30,20260209_021131,20260209_021131-0003,2019-09-19 03:00:01.183000,2019-09-19 03:00:36.617000,売り,108.26500,108.16500,1.00,10.00,700.00,水平線手前,利確,支持抵抗,0,108.26500
2019-10-01,2019-10-31,20260209_021223,20260209_021223-0001,2019-10-03 23:00:00.565000,2019-10-03 23:00:01.673000,買い,106.91200,106.81200,1.00,-10.00,690.00,水平線手前,損切,支持抵抗,0,106.91200
2019-10-01,2019-10-31,20260209_021223,20260209_021223-0002,2019-10-04 21:30:01.537000,2019-10-04 21:30:06.343000,買い,106.58700,106.68700,1.00,10.00,700.00,水平線手前,利確,支持抵抗,0,106.58700
2019-11-01,2019-11-30,20260209_021259,20260209_021259-0001,2019-11-01 23:00:08.387000,2019-11-01 23:04:04.815000,買い,107.95800,108.05800,1.00,10.00,710.00,水平線手前,利確,支持抵抗,0,107.95800
2020-03-01,2020-03-31,20260209_021710,20260209_021710-0001,2020-03-07 00:27:43.550000,2020-03-07 00:27:47.252000,売り,105.71600,105.61600,1.00,10.00,720.00,水平線手前,利確,支持抵抗,0,105.71600
2020-03-01,2020-03-31,20260209_021710,20260209_021710-0002,2020-03-12 18:45:04.339000,2020-03-12 18:45:24.030000,売り,103.91300,103.81300,1.00,10.00,730.00,水平線手前,利確,支持抵抗,0,103.91300
2020-03-01,2020-03-31,20260209_021710,20260209_021710-0003,2020-03-12 23:05:18.546000,2020-03-12 23:06:06.529000,売り,104.95300,104.85300,1.00,10.00,740.00,水平線手前,利確,支持抵抗,0,104.95300
2020-03-01,2020-03-31,20260209_021710,20260209_021710-0004,2020-03-13 17:26:30.769000,2020-03-13 17:26:39.620000,売り,106.22600,106.12600,1.00,10.00,750.00,水平線手前,利確,支持抵抗,0,106.22600
2020-06-01,2020-06-30,20260209_021928,20260209_021928-0001,2020-06-08 23:37:03.955000,2020-06-08 23:37:14.642000,買い,108.48600,108.58600,1.00,10.00,760.00,水平線手前,利確,支持抵抗,0,108.48600
2020-06-01,2020-06-30,20260209_021928,20260209_021928-0002,2020-06-18 23:33:32.275000,2020-06-18 23:34:11.857000,買い,106.74100,106.84100,1.00,10.00,770.00,水平線手前,利確,支持抵抗,0,106.74100
2020-08-01,2020-08-31,20260209_022049,20260209_022049-0001,2020-08-28 14:07:36.379000,2020-08-28 14:07:42.266000,買い,106.39400,106.29400,1.00,-10.00,760.00,水平線手前,損切,支持抵抗,0,106.39400
2020-09-01,2020-09-30,20260209_022122,20260209_022122-0001,2020-09-21 22:34:09.818000,2020-09-21 22:34:15.977000,売り,104.88600,104.78600,1.00,10.00,770.00,水平線手前,利確,支持抵抗,0,104.88600
2020-09-01,2020-09-30,20260209_022122,20260209_022122-0002,2020-09-21 22:34:09.201000,2020-09-21 22:34:24.358000,売り,104.84100,104.74100,1.00,10.00,780.00,水平線手前,利確,支持抵抗,0,104.84100
2020-12-01,2020-12-31,20260209_022308,20260209_022308-0001,2020-12-04 22:30:10.739000,2020-12-04 22:33:55.200000,買い,103.86100,103.96100,1.00,10.00,790.00,水平線手前,利確,支持抵抗,0,103.86100
2021-03-01,2021-03-31,20260209_022442,20260209_022442-0001,2021-03-05 20:33:10.089000,2021-03-05 20:33:25.802000,買い,108.26100,108.36100,1.00,10.00,800.00,水平線手前,利確,支持抵抗,0,108.26100
2021-05-01,2021-05-31,20260209_022539,20260209_022539-0001,2021-05-07 21:30:09.008000,2021-05-07 21:30:13.933000,買い,108.97500,108.87500,1.00,-10.00,790.00,水平線手前,損切,支持抵抗,0,108.97500
2021-05-01,2021-05-31,20260209_022539,20260209_022539-0002,2021-05-07 21:30:11.428000,2021-05-07 21:30:32.788000,買い,108.93400,108.83400,1.00,-10.00,780.00,水平線手前,損切,支持抵抗,0,108.93400
2021-05-01,2021-05-31,20260209_022539,20260209_022539-0003,2021-05-12 21:30:01.592000,2021-05-12 21:30:03.373000,売り,108.94600,109.04600,1.00,-10.00,770.00,水平線手前,損切,支持抵抗,0,108.94600
2021-05-01,2021-05-31,20260209_022539,20260209_022539-0004,2021-05-12 21:30:01.744000,2021-05-12 21:30:50.153000,売り,108.95800,109.05800,1.00,-10.00,760.00,水平線手前,損切,支持抵抗,0,108.95800
2021-05-01,2021-05-31,20260209_022539,20260209_022539-0005,2021-05-12 21:30:01.946000,2021-05-12 21:31:00.173000,売り,108.95900,109.05900,1.00,-10.00,750.00,水平線手前,損切,支持抵抗,0,108.95900
2021-07-01,2021-07-31,20260209_022640,20260209_022640-0001,2021-07-13 21:30:02.023000,2021-07-13 21:34:34.776000,売り,110.42000,110.52000,1.00,-10.00,740.00,水平線手前,損切,支持抵抗,0,110.42000
2021-08-01,2021-08-31,20260209_022709,20260209_022709-0001,2021-08-11 21:30:02.742000,2021-08-11 21:30:05.785000,買い,110.43200,110.53200,1.00,10.00,750.00,水平線手前,利確,支持抵抗,0,110.43200
2021-09-01,2021-09-30,20260209_022742,20260209_022742-0001,2021-09-03 21:30:07.489000,2021-09-03 21:30:22.319000,買い,109.66200,109.76200,1.00,10.00,760.00,水平線手前,利確,支持抵抗,0,109.66200
2022-01-01,2022-01-31,20260209_023021,20260209_023021-0001,2022-01-07 22:30:01.949000,2022-01-07 22:31:19.309000,買い,115.72500,115.82500,1.00,10.00,770.00,水平線手前,利確,支持抵抗,0,115.72500
2022-03-01,2022-03-31,20260209_023200,20260209_023200-0001,2022-03-28 17:51:01.503000,2022-03-28 17:51:04.420000,売り,125.07000,124.97000,1.00,10.00,780.00,水平線手前,利確,支持抵抗,0,125.07000
2022-04-01,2022-04-30,20260209_023306,20260209_023306-0001,2022-04-22 13:21:13.062000,2022-04-22 13:21:18.940000,買い,128.07000,128.17000,1.00,10.00,790.00,水平線手前,利確,支持抵抗,0,128.07000
2022-04-01,2022-04-30,20260209_023306,20260209_023306-0002,2022-04-25 20:23:26.439000,2022-04-25 20:24:10.624000,売り,128.47800,128.37800,1.00,10.00,800.00,水平線手前,利確,支持抵抗,0,128.47800
2022-04-01,2022-04-30,20260209_023306,20260209_023306-0003,2022-04-28 12:09:10.852000,2022-04-28 12:09:26.002000,売り,128.86900,128.76900,1.00,10.00,810.00,水平線手前,利確,支持抵抗,0,128.86900
2022-04-01,2022-04-30,20260209_023306,20260209_023306-0004,2022-04-28 12:09:13.921000,2022-04-28 12:09:26.002000,売り,128.86400,128.76400,1.00,10.00,820.00,水平線手前,利確,支持抵抗,0,128.86400
2022-05-01,2022-05-31,20260209_023422,20260209_023422-0001,2022-05-26 16:02:32.317000,2022-05-26 16:03:01.679000,買い,126.69100,126.79100,1.00,10.00,830.00,水平線手前,利確,支持抵抗,0,126.69100
2022-06-01,2022-06-30,20260209_023548,20260209_023548-0001,2022-06-13 13:09:46.341000,2022-06-13 13:09:59.233000,売り,135.17100,135.07100,1.00,10.00,840.00,水平線手前,利確,支持抵抗,0,135.17100
2022-06-01,2022-06-30,20260209_023548,20260209_023548-0002,2022-06-16 03:00:19.471000,2022-06-16 03:00:30.082000,買い,134.33700,134.23700,1.00,-10.00,830.00,水平線手前,損切,支持抵抗,0,134.33700
2022-06-01,2022-06-30,20260209_023548,20260209_023548-0003,2022-06-16 03:00:19.522000,2022-06-16 03:00:31.268000,買い,134.30800,134.20800,1.00,-10.00,820.00,水平線手前,損切,支持抵抗,0,134.30800
2022-06-01,2022-06-30,20260209_023548,20260209_023548-0004,2022-06-17 11:43:25.602000,2022-06-17 11:43:30.097000,売り,134.30100,134.40100,1.00,-10.00,810.00,水平線手前,損切,支持抵抗,0,134.30100
2022-06-01,2022-06-30,20260209_023548,20260209_023548-0005,2022-06-17 11:58:19.465000,2022-06-17 11:58:45.966000,売り,133.39000,133.49000,1.00,-10.00,800.00,水平線手前,損切,支持抵抗,0,133.39000
2022-06-01,2022-06-30,20260209_023548,20260209_023548-0006,2022-06-24 23:00:01.453000,2022-06-24 23:00:05.224000,買い,134.92400,134.82400,1.00,-10.00,790.00,水平線手前,損切,支持抵抗,0,134.92400
2022-06-01,2022-06-30,20260209_023548,20260209_023548-0007,2022-06-29 16:45:19.022000,2022-06-29 16:45:23.190000,買い,135.80900,135.90900,1.00,10.00,800.00,水平線手前,利確,支持抵抗,0,135.80900
2022-06-01,2022-06-30,20260209_023548,20260209_023548-0008,2022-06-29 16:45:18.308000,2022-06-29 16:45:23.293000,買い,135.81600,135.91600,1.00,10.00,810.00,水平線手前,利確,支持抵抗,0,135.81600
2022-07-01,2022-07-31,20260209_023708,20260209_023708-0001,2022-07-06 23:00:06.741000,2022-07-06 23:00:55.807000,売り,135.46900,135.56900,1.00,-10.00,800.00,水平線手前,損切,支持抵抗,0,135.46900
2022-07-01,2022-07-31,20260209_023708,20260209_023708-0002,2022-07-08 11:58:47.694000,2022-07-08 11:59:44.002000,買い,135.44400,135.54400,1.00,10.00,810.00,水平線手前,利確,支持抵抗,0,135.44400
2022-07-01,2022-07-31,20260209_023708,20260209_023708-0003,2022-07-08 21:30:55.422000,2022-07-08 21:34:46.565000,売り,136.20000,136.10000,1.00,10.00,820.00,水平線手前,利確,支持抵抗,0,136.20000
2022-07-01,2022-07-31,20260209_023708,20260209_023708-0004,2022-07-13 21:30:01.198000,2022-07-13 21:30:01.503000,売り,137.24800,137.34800,1.00,-10.00,810.00,水平線手前,損切,支持抵抗,0,137.24800
2022-07-01,2022-07-31,20260209_023708,20260209_023708-0005,2022-07-13 21:30:03.334000,2022-07-13 21:30:06.249000,売り,137.53100,137.43100,1.00,10.00,820.00,水平線手前,利確,支持抵抗,0,137.53100
2022-07-01,2022-07-31,20260209_023708,20260209_023708-0006,2022-07-13 21:30:02.923000,2022-07-13 21:30:07.269000,売り,137.51000,137.41000,1.00,10.00,830.00,水平線手前,利確,支持抵抗,0,137.51000
2022-07-01,2022-07-31,20260209_023708,20260209_023708-0007,2022-07-13 23:09:47.262000,2022-07-13 23:13:34.983000,売り,137.86700,137.76700,1.00,10.00,840.00,水平線手前,利確,支持抵抗,0,137.86700
2022-07-01,2022-07-31,20260209_023708,20260209_023708-0008,2022-07-15 23:00:02.377000,2022-07-15 23:09:14.116000,買い,138.54700,138.64700,1.00,10.00,850.00,水平線手前,利確,支持抵抗,0,138.54700
2022-07-01,2022-07-31,20260209_023708,20260209_023708-0009,2022-07-21 12:05:23.721000,2022-07-21 12:05:26.948000,買い,138.01800,138.11800,1.00,10.00,860.00,水平線手前,利確,支持抵抗,0,138.01800
2022-07-01,2022-07-31,20260209_023708,20260209_023708-0010,2022-07-21 12:05:21.813000,2022-07-21 12:05:28.790000,買い,138.05900,138.15900,1.00,10.00,870.00,水平線手前,利確,支持抵抗,0,138.05900
2022-07-01,2022-07-31,20260209_023708,20260209_023708-0011,2022-07-28 03:35:23.662000,2022-07-28 03:35:27.536000,売り,137.40600,137.30600,1.00,10.00,880.00,水平線手前,利確,支持抵抗,0,137.40600
2022-08-01,2022-08-31,20260209_023834,20260209_023834-0001,2022-08-03 23:00:00.199000,2022-08-03 23:00:01.010000,売り,133.77800,133.87800,1.00,-10.00,870.00,水平線手前,損切,支持抵抗,0,133.77800
2022-08-01,2022-08-31,20260209_023834,20260209_023834-0002,2022-08-03 23:00:01.010000,2022-08-03 23:00:01.470000,売り,133.88700,133.98700,1.00,-10.00,860.00,水平線手前,損切,支持抵抗,0,133.88700
2022-08-01,2022-08-31,20260209_023834,20260209_023834-0003,2022-08-05 21:30:14.615000,2022-08-05 21:30:18.138000,売り,133.83600,133.93600,1.00,-10.00,850.00,水平線手前,損切,支持抵抗,0,133.83600
2022-08-01,2022-08-31,20260209_023834,20260209_023834-0004,2022-08-10 21:30:01.142000,2022-08-10 21:30:01.243000,買い,134.73300,134.63300,1.00,-10.00,840.00,水平線手前,損切,支持抵抗,0,134.73300
2022-08-01,2022-08-31,20260209_023834,20260209_023834-0005,2022-08-10 21:30:01.243000,2022-08-10 21:30:01.546000,買い,134.45100,134.35100,1.00,-10.00,830.00,水平線手前,損切,支持抵抗,0,134.45100
2022-08-01,2022-08-31,20260209_023834,20260209_023834-0006,2022-08-10 21:30:01.546000,2022-08-10 21:30:02.152000,買い,134.22700,134.12700,1.00,-10.00,820.00,水平線手前,損切,支持抵抗,0,134.22700
2022-08-01,2022-08-31,20260209_023834,20260209_023834-0007,2022-08-10 21:31:23.040000,2022-08-10 21:31:40.111000,買い,132.71000,132.81000,1.00,10.00,830.00,水平線手前,利確,支持抵抗,0,132.71000
2022-08-01,2022-08-31,20260209_023834,20260209_023834-0008,2022-08-19 01:59:41.923000,2022-08-19 02:04:42.223000,売り,135.69100,135.79100,1.00,-10.00,820.00,水平線手前,損切,支持抵抗,0,135.69100
2022-08-01,2022-08-31,20260209_023834,20260209_023834-0009,2022-08-23 22:45:00.449000,2022-08-23 22:45:00.963000,買い,137.06800,136.96800,1.00,-10.00,810.00,水平線手前,損切,支持抵抗,0,137.06800
2022-08-01,2022-08-31,20260209_023834,20260209_023834-0010,2022-08-23 23:13:13.562000,2022-08-23 23:15:01.744000,買い,135.84400,135.94400,1.00,10.00,820.00,水平線手前,利確,支持抵抗,0,135.84400
2022-08-01,2022-08-31,20260209_023834,20260209_023834-0011,2022-08-26 23:11:33.545000,2022-08-26 23:11:35.260000,買い,136.20300,136.30300,1.00,10.00,830.00,水平線手前,利確,支持抵抗,0,136.20300
2022-08-01,2022-08-31,20260209_023834,20260209_023834-0012,2022-08-26 23:11:33.494000,2022-08-26 23:11:36.450000,買い,136.22200,136.32200,1.00,10.00,840.00,水平線手前,利確,支持抵抗,0,136.22200
2022-08-01,2022-08-31,20260209_023834,20260209_023834-0013,2022-08-31 21:15:15.397000,2022-08-31 21:15:55.013000,買い,138.48200,138.58200,1.00,10.00,850.00,水平線手前,利確,支持抵抗,0,138.48200
2022-09-01,2022-09-30,20260209_024031,20260209_024031-0001,2022-09-01 23:00:06.925000,2022-09-01 23:00:38.736000,売り,139.67000,139.77000,1.00,-10.00,840.00,水平線手前,損切,支持抵抗,0,139.67000
2022-09-01,2022-09-30,20260209_024031,20260209_024031-0002,2022-09-02 21:30:17.407000,2022-09-02 21:30:18.633000,売り,140.45600,140.35600,1.00,10.00,850.00,水平線手前,利確,支持抵抗,0,140.45600
2022-09-01,2022-09-30,20260209_024031,20260209_024031-0003,2022-09-02 21:30:58.892000,2022-09-02 21:31:10.714000,買い,139.96500,140.06500,1.00,10.00,860.00,水平線手前,利確,支持抵抗,0,139.96500
2022-09-01,2022-09-30,20260209_024031,20260209_024031-0004,2022-09-06 23:00:02.430000,2022-09-06 23:00:04.620000,売り,142.88500,142.78500,1.00,10.00,870.00,水平線手前,利確,支持抵抗,0,142.88500
2022-09-01,2022-09-30,20260209_024031,20260209_024031-0005,2022-09-07 11:13:42.391000,2022-09-07 11:14:12.622000,売り,143.72200,143.62200,1.00,10.00,880.00,水平線手前,利確,支持抵抗,0,143.72200
2022-09-01,2022-09-30,20260209_024031,20260209_024031-0006,2022-09-07 19:57:31.749000,2022-09-07 20:20:26.603000,売り,144.72500,144.82500,1.00,-10.00,870.00,水平線手前,損切,支持抵抗,0,144.72500
2022-09-01,2022-09-30,20260209_024031,20260209_024031-0007,2022-09-13 21:29:35.907000,2022-09-13 21:29:39.182000,買い,141.64500,141.74500,1.00,10.00,880.00,水平線手前,利確,支持抵抗,0,141.64500
2022-09-01,2022-09-30,20260209_024031,20260209_024031-0008,2022-09-13 21:30:03.646000,2022-09-13 21:30:07.406000,売り,143.28400,143.38400,1.00,-10.00,870.00,水平線手前,損切,支持抵抗,0,143.28400
2022-09-01,2022-09-30,20260209_024031,20260209_024031-0009,2022-09-13 21:30:07.406000,2022-09-13 21:30:07.508000,売り,143.52200,143.62200,1.00,-10.00,860.00,水平線手前,損切,支持抵抗,0,143.52200
2022-09-01,2022-09-30,20260209_024031,20260209_024031-0010,2022-09-22 03:00:01.212000,2022-09-22 03:00:19.848000,売り,144.40700,144.50700,1.00,-10.00,850.00,水平線手前,損切,支持抵抗,0,144.40700
2022-09-01,2022-09-30,20260209_024031,20260209_024031-0011,2022-09-22 03:00:01.472000,2022-09-22 03:00:35.453000,売り,144.43300,144.53300,1.00,-10.00,840.00,水平線手前,損切,支持抵抗,0,144.43300
2022-09-01,2022-09-30,20260209_024031,20260209_024031-0012,2022-09-22 11:51:08.046000,2022-09-22 11:51:10.193000,売り,144.68100,144.78100,1.00,-10.00,830.00,水平線手前,損切,支持抵抗,0,144.68100
2022-09-01,2022-09-30,20260209_024031,20260209_024031-0013,2022-09-22 11:51:53.160000,2022-09-22 11:51:53.925000,売り,144.92700,144.82700,1.00,10.00,840.00,水平線手前,利確,支持抵抗,0,144.92700
2022-09-01,2022-09-30,20260209_024031,20260209_024031-0014,2022-09-22 11:51:54.386000,2022-09-22 11:51:56.939000,売り,144.93500,144.83500,1.00,10.00,850.00,水平線手前,利確,支持抵抗,0,144.93500
2022-09-01,2022-09-30,20260209_024031,20260209_024031-0015,2022-09-22 17:19:23.214000,2022-09-22 17:19:27.816000,買い,143.35600,143.25600,1.00,-10.00,840.00,水平線手前,損切,支持抵抗,0,143.35600
2022-09-01,2022-09-30,20260209_024031,20260209_024031-0016,2022-09-22 17:20:03.789000,2022-09-22 17:20:24.688000,買い,142.94900,142.84900,1.00,-10.00,830.00,水平線手前,損切,支持抵抗,0,142.94900
2022-09-01,2022-09-30,20260209_024031,20260209_024031-0017,2022-09-22 17:26:54.154000,2022-09-22 17:26:56.829000,買い,143.42600,143.32600,1.00,-10.00,820.00,水平線手前,損切,支持抵抗,0,143.42600
2022-09-01,2022-09-30,20260209_024031,20260209_024031-0018,2022-09-22 17:31:59.461000,2022-09-22 17:32:24.330000,買い,142.64400,142.74400,1.00,10.00,830.00,水平線手前,利確,支持抵抗,0,142.64400
2022-09-01,2022-09-30,20260209_024031,20260209_024031-0019,2022-09-22 17:44:30.682000,2022-09-22 17:44:32.001000,買い,140.70900,140.80900,1.00,10.00,840.00,水平線手前,利確,支持抵抗,0,140.70900
2022-09-01,2022-09-30,20260209_024031,20260209_024031-0020,2022-09-23 22:45:00.666000,2022-09-23 22:45:01.938000,売り,143.24500,143.14500,1.00,10.00,850.00,水平線手前,利確,支持抵抗,0,143.24500
2022-09-01,2022-09-30,20260209_024031,20260209_024031-0021,2022-09-23 22:45:00.613000,2022-09-23 22:45:02.345000,売り,143.23600,143.13600,1.00,10.00,860.00,水平線手前,利確,支持抵抗,0,143.23600
2022-09-01,2022-09-30,20260209_024031,20260209_024031-0022,2022-09-26 14:46:22.145000,2022-09-26 14:46:28.859000,買い,143.52300,143.62300,1.00,10.00,870.00,水平線手前,利確,支持抵抗,0,143.52300
2022-09-01,2022-09-30,20260209_024031,20260209_024031-0023,2022-09-27 23:00:02.453000,2022-09-27 23:00:04.906000,売り,144.82100,144.72100,1.00,10.00,880.00,水平線手前,利確,支持抵抗,0,144.82100
2022-10-01,2022-10-31,20260209_024210,20260209_024210-0001,2022-10-03 13:05:24.679000,2022-10-03 13:05:26.262000,売り,145.29000,145.19000,1.00,10.00,890.00,水平線手前,利確,支持抵抗,0,145.29000
2022-10-01,2022-10-31,20260209_024210,20260209_024210-0002,2022-10-03 23:00:00.307000,2022-10-03 23:24:25.455000,買い,144.71700,144.61700,1.00,-10.00,880.00,水平線手前,損切,支持抵抗,0,144.71700
2022-10-01,2022-10-31,20260209_024210,20260209_024210-0003,2022-10-07 21:30:01.470000,2022-10-07 21:30:05.337000,売り,145.12200,145.02200,1.00,10.00,890.00,水平線手前,利確,支持抵抗,0,145.12200
2022-10-01,2022-10-31,20260209_024210,20260209_024210-0004,2022-10-07 21:30:05.388000,2022-10-07 21:30:05.489000,買い,144.73900,144.63900,1.00,-10.00,880.00,水平線手前,損切,支持抵抗,0,144.73900
2022-10-01,2022-10-31,20260209_024210,20260209_024210-0005,2022-10-07 21:30:05.489000,2022-10-07 21:30:05.845000,買い,144.56000,144.66000,1.00,10.00,890.00,水平線手前,利確,支持抵抗,0,144.56000
2022-10-01,2022-10-31,20260209_024210,20260209_024210-0006,2022-10-13 21:30:01.264000,2022-10-13 21:30:05.153000,売り,146.97500,147.07500,1.00,-10.00,880.00,水平線手前,損切,支持抵抗,0,146.97500
2022-10-01,2022-10-31,20260209_024210,20260209_024210-0007,2022-10-13 22:20:43.123000,2022-10-13 22:20:44.028000,買い,146.66900,146.56900,1.00,-10.00,870.00,水平線手前,損切,支持抵抗,0,146.66900
2022-10-01,2022-10-31,20260209_024210,20260209_024210-0008,2022-10-13 22:20:50.454000,2022-10-13 22:20:57.584000,買い,146.47500,146.57500,1.00,10.00,880.00,水平線手前,利確,支持抵抗,0,146.47500
2022-10-01,2022-10-31,20260209_024210,20260209_024210-0009,2022-10-18 18:04:04.500000,2022-10-18 18:04:04.653000,買い,148.71100,148.61100,1.00,-10.00,870.00,水平線手前,損切,支持抵抗,0,148.71100
2022-10-01,2022-10-31,20260209_024210,20260209_024210-0010,2022-10-18 18:04:05.749000,2022-10-18 18:04:06.156000,買い,148.40100,148.30100,1.00,-10.00,860.00,水平線手前,損切,支持抵抗,0,148.40100
2022-10-01,2022-10-31,20260209_024210,20260209_024210-0011,2022-10-18 18:04:07.461000,2022-10-18 18:04:12.068000,買い,148.17100,148.27100,1.00,10.00,870.00,水平線手前,利確,支持抵抗,0,148.17100
2022-10-01,2022-10-31,20260209_024210,20260209_024210-0012,2022-10-21 23:50:32.870000,2022-10-21 23:50:46.512000,買い,149.58000,149.48000,1.00,-10.00,860.00,水平線手前,損切,支持抵抗,0,149.58000
2022-10-01,2022-10-31,20260209_024210,20260209_024210-0013,2022-10-21 23:52:21.359000,2022-10-21 23:52:22.122000,買い,149.44500,149.54500,1.00,10.00,870.00,水平線手前,利確,支持抵抗,0,149.44500
2022-10-01,2022-10-31,20260209_024210,20260209_024210-0014,2022-10-21 23:53:13.235000,2022-10-21 23:54:02.917000,買い,149.10700,149.00700,1.00,-10.00,860.00,水平線手前,損切,支持抵抗,0,149.10700
2022-10-01,2022-10-31,20260209_024210,20260209_024210-0015,2022-10-22 00:10:58.213000,2022-10-22 00:10:59.399000,買い,148.89600,148.99600,1.00,10.00,870.00,水平線手前,利確,支持抵抗,0,148.89600
2022-10-01,2022-10-31,20260209_024210,20260209_024210-0016,2022-10-22 00:10:59.908000,2022-10-22 00:11:03.162000,買い,148.99300,148.89300,1.00,-10.00,860.00,水平線手前,損切,支持抵抗,0,148.99300
2022-10-01,2022-10-31,20260209_024210,20260209_024210-0017,2022-10-22 00:49:35.011000,2022-10-22 00:49:49.232000,買い,147.12300,147.02300,1.00,-10.00,850.00,水平線手前,損切,支持抵抗,0,147.12300
2022-10-01,2022-10-31,20260209_024210,20260209_024210-0018,2022-10-22 00:53:32.029000,2022-10-22 00:53:34.126000,買い,146.86300,146.76300,1.00,-10.00,840.00,水平線手前,損切,支持抵抗,0,146.86300
2022-10-01,2022-10-31,20260209_024210,20260209_024210-0019,2022-10-22 00:59:28.622000,2022-10-22 00:59:31.750000,買い,146.28300,146.38300,1.00,10.00,850.00,水平線手前,利確,支持抵抗,0,146.28300
2022-10-01,2022-10-31,20260209_024210,20260209_024210-0020,2022-10-22 01:01:31.033000,2022-10-22 01:01:38.372000,買い,146.21800,146.31800,1.00,10.00,860.00,水平線手前,利確,支持抵抗,0,146.21800
2022-10-01,2022-10-31,20260209_024210,20260209_024210-0021,2022-10-24 20:48:04.281000,2022-10-24 20:48:08.031000,買い,148.80300,148.70300,1.00,-10.00,850.00,水平線手前,損切,支持抵抗,0,148.80300
2022-10-01,2022-10-31,20260209_024210,20260209_024210-0022,2022-10-24 20:48:05.147000,2022-10-24 20:48:08.795000,買い,148.75200,148.65200,1.00,-10.00,840.00,水平線手前,損切,支持抵抗,0,148.75200
2022-10-01,2022-10-31,20260209_024210,20260209_024210-0023,2022-10-24 20:48:26.197000,2022-10-24 20:48:31.344000,買い,148.31100,148.41100,1.00,10.00,850.00,水平線手前,利確,支持抵抗,0,148.31100
2022-10-01,2022-10-31,20260209_024210,20260209_024210-0024,2022-10-25 21:18:05.406000,2022-10-25 21:18:22.021000,買い,148.69300,148.79300,1.00,10.00,860.00,水平線手前,利確,支持抵抗,0,148.69300
2022-10-01,2022-10-31,20260209_024210,20260209_024210-0025,2022-10-26 23:00:01.298000,2022-10-26 23:00:07.202000,買い,146.77400,146.67400,1.00,-10.00,850.00,水平線手前,損切,支持抵抗,0,146.77400
2022-10-01,2022-10-31,20260209_024210,20260209_024210-0026,2022-10-26 23:00:07.050000,2022-10-26 23:00:16.282000,買い,146.73000,146.63000,1.00,-10.00,840.00,水平線手前,損切,支持抵抗,0,146.73000
2022-10-01,2022-10-31,20260209_024210,20260209_024210-0027,2022-10-28 11:50:07.167000,2022-10-28 11:50:07.933000,売り,146.70600,146.80600,1.00,-10.00,830.00,水平線手前,損切,支持抵抗,0,146.70600
2022-10-01,2022-10-31,20260209_024210,20260209_024210-0028,2022-10-28 11:50:09.158000,2022-10-28 11:50:09.209000,売り,146.82400,146.72400,1.00,10.00,840.00,水平線手前,利確,支持抵抗,0,146.82400
2022-10-01,2022-10-31,20260209_024210,20260209_024210-0029,2022-10-28 11:56:09.342000,2022-10-28 11:56:12.332000,買い,146.00000,146.10000,1.00,10.00,850.00,水平線手前,利確,支持抵抗,0,146.00000
2022-11-01,2022-11-30,20260209_024402,20260209_024402-0001,2022-11-02 19:56:55.286000,2022-11-02 20:03:14.121000,買い,146.86300,146.96300,1.00,10.00,860.00,水平線手前,利確,支持抵抗,0,146.86300
2022-11-01,2022-11-30,20260209_024402,20260209_024402-0002,2022-11-04 15:33:46.153000,2022-11-04 15:33:55.663000,買い,147.70800,147.80800,1.00,10.00,870.00,水平線手前,利確,支持抵抗,0,147.70800
2022-11-01,2022-11-30,20260209_024402,20260209_024402-0003,2022-11-04 15:33:45.746000,2022-11-04 15:34:27.285000,買い,147.73600,147.83600,1.00,10.00,880.00,水平線手前,利確,支持抵抗,0,147.73600
2022-11-01,2022-11-30,20260209_024402,20260209_024402-0004,2022-11-04 21:30:07.127000,2022-11-04 21:30:12.463000,売り,148.18600,148.08600,1.00,10.00,890.00,水平線手前,利確,支持抵抗,0,148.18600
2022-11-01,2022-11-30,20260209_024402,20260209_024402-0005,2022-11-10 22:30:01.572000,2022-11-10 22:30:02.256000,買い,145.58400,145.48400,1.00,-10.00,880.00,水平線手前,損切,支持抵抗,0,145.58400
2022-11-01,2022-11-30,20260209_024402,20260209_024402-0006,2022-11-10 22:30:08.380000,2022-11-10 22:30:08.604000,買い,145.24900,145.14900,1.00,-10.00,870.00,水平線手前,損切,支持抵抗,0,145.24900
2022-11-01,2022-11-30,20260209_024402,20260209_024402-0007,2022-11-10 22:30:08.482000,2022-11-10 22:30:10.592000,買い,145.18300,145.08300,1.00,-10.00,860.00,水平線手前,損切,支持抵抗,0,145.18300
2022-11-01,2022-11-30,20260209_024402,20260209_024402-0008,2022-11-10 23:45:55.006000,2022-11-10 23:46:04.904000,買い,141.81500,141.91500,1.00,10.00,870.00,水平線手前,利確,支持抵抗,0,141.81500
2022-11-01,2022-11-30,20260209_024402,20260209_024402-0009,2022-11-11 00:08:46.441000,2022-11-11 00:10:09.449000,買い,141.58500,141.68500,1.00,10.00,880.00,水平線手前,利確,支持抵抗,0,141.58500
2022-11-01,2022-11-30,20260209_024402,20260209_024402-0010,2022-11-11 19:39:26.003000,2022-11-11 19:39:34.531000,買い,138.77900,138.87900,1.00,10.00,890.00,水平線手前,利確,支持抵抗,0,138.77900
2022-11-01,2022-11-30,20260209_024402,20260209_024402-0011,2022-11-15 22:30:08.997000,2022-11-15 22:30:12.292000,買い,138.98900,138.88900,1.00,-10.00,880.00,水平線手前,損切,支持抵抗,0,138.98900
2022-11-01,2022-11-30,20260209_024402,20260209_024402-0012,2022-11-15 22:30:09.100000,2022-11-15 22:30:17.755000,買い,138.93900,138.83900,1.00,-10.00,870.00,水平線手前,損切,支持抵抗,0,138.93900
2022-11-01,2022-11-30,20260209_024402,20260209_024402-0013,2022-11-15 22:32:40.884000,2022-11-15 22:32:43.843000,買い,138.48900,138.38900,1.00,-10.00,860.00,水平線手前,損切,支持抵抗,0,138.48900
2022-11-01,2022-11-30,20260209_024402,20260209_024402-0014,2022-11-15 22:37:38.749000,2022-11-15 22:37:50.012000,買い,137.70800,137.80800,1.00,10.00,870.00,水平線手前,利確,支持抵抗,0,137.70800
2022-11-01,2022-11-30,20260209_024402,20260209_024402-0015,2022-11-16 22:30:22.209000,2022-11-16 22:30:29.276000,売り,140.01500,139.91500,1.00,10.00,880.00,水平線手前,利確,支持抵抗,0,140.01500
2022-11-01,2022-11-30,20260209_024402,20260209_024402-0016,2022-11-17 21:25:08.022000,2022-11-17 21:25:34.530000,買い,139.68600,139.78600,1.00,10.00,890.00,水平線手前,利確,支持抵抗,0,139.68600
2022-11-01,2022-11-30,20260209_024402,20260209_024402-0017,2022-11-24 04:01:40.819000,2022-11-24 04:01:43.961000,買い,139.59700,139.49700,1.00,-10.00,880.00,水平線手前,損切,支持抵抗,0,139.59700
2022-12-01,2022-12-31,20260209_024545,20260209_024545-0001,2022-12-01 03:30:21.534000,2022-12-01 03:30:22.966000,買い,139.15800,139.05800,1.00,-10.00,870.00,水平線手前,損切,支持抵抗,0,139.15800
2022-12-01,2022-12-31,20260209_024545,20260209_024545-0002,2022-12-02 00:00:08.573000,2022-12-02 00:00:08.928000,買い,135.56400,135.66400,1.00,10.00,880.00,水平線手前,利確,支持抵抗,0,135.56400
2022-12-01,2022-12-31,20260209_024545,20260209_024545-0003,2022-12-02 22:31:29.484000,2022-12-02 22:31:45.243000,売り,135.56800,135.46800,1.00,10.00,890.00,水平線手前,利確,支持抵抗,0,135.56800
2022-12-01,2022-12-31,20260209_024545,20260209_024545-0004,2022-12-08 00:10:29.336000,2022-12-08 00:10:35.055000,売り,136.83900,136.73900,1.00,10.00,900.00,水平線手前,利確,支持抵抗,0,136.83900
2022-12-01,2022-12-31,20260209_024545,20260209_024545-0005,2022-12-09 22:30:12.845000,2022-12-09 22:30:13.863000,売り,136.44100,136.54100,1.00,-10.00,890.00,水平線手前,損切,支持抵抗,0,136.44100
2022-12-01,2022-12-31,20260209_024545,20260209_024545-0006,2022-12-13 22:30:01.225000,2022-12-13 22:30:01.581000,買い,136.44700,136.34700,1.00,-10.00,880.00,水平線手前,損切,支持抵抗,0,136.44700
2022-12-01,2022-12-31,20260209_024545,20260209_024545-0007,2022-12-13 22:30:05.523000,2022-12-13 22:30:07.699000,買い,136.10600,136.00600,1.00,-10.00,870.00,水平線手前,損切,支持抵抗,0,136.10600
2022-12-01,2022-12-31,20260209_024545,20260209_024545-0008,2022-12-13 22:30:15.459000,2022-12-13 22:30:19.398000,買い,135.63100,135.53100,1.00,-10.00,860.00,水平線手前,損切,支持抵抗,0,135.63100
2022-12-01,2022-12-31,20260209_024545,20260209_024545-0009,2022-12-13 22:30:16.020000,2022-12-13 22:30:19.398000,買い,135.63800,135.53800,1.00,-10.00,850.00,水平線手前,損切,支持抵抗,0,135.63800
2022-12-01,2022-12-31,20260209_024545,20260209_024545-0010,2022-12-14 19:00:08.981000,2022-12-14 19:00:10.261000,買い,134.93700,134.83700,1.00,-10.00,840.00,水平線手前,損切,支持抵抗,0,134.93700
2022-12-01,2022-12-31,20260209_024545,20260209_024545-0011,2022-12-14 19:00:29.820000,2022-12-14 19:00:30.791000,買い,134.67900,134.57900,1.00,-10.00,830.00,水平線手前,損切,支持抵抗,0,134.67900
2022-12-01,2022-12-31,20260209_024545,20260209_024545-0012,2022-12-14 19:00:29.922000,2022-12-14 19:00:30.944000,買い,134.67200,134.57200,1.00,-10.00,820.00,水平線手前,損切,支持抵抗,0,134.67200
2022-12-01,2022-12-31,20260209_024545,20260209_024545-0013,2022-12-14 19:00:31.047000,2022-12-14 19:00:35.867000,買い,134.54400,134.64400,1.00,10.00,830.00,水平線手前,利確,支持抵抗,0,134.54400
2022-12-01,2022-12-31,20260209_024545,20260209_024545-0014,2022-12-15 04:00:26.857000,2022-12-15 04:00:32.227000,売り,135.58000,135.68000,1.00,-10.00,820.00,水平線手前,損切,支持抵抗,0,135.58000
2022-12-01,2022-12-31,20260209_024545,20260209_024545-0015,2022-12-16 23:45:00.844000,2022-12-16 23:45:02.512000,買い,136.82400,136.72400,1.00,-10.00,810.00,水平線手前,損切,支持抵抗,0,136.82400
2022-12-01,2022-12-31,20260209_024545,20260209_024545-0016,2022-12-16 23:45:02.512000,2022-12-16 23:45:03.705000,買い,136.70600,136.80600,1.00,10.00,820.00,水平線手前,利確,支持抵抗,0,136.70600
2022-12-01,2022-12-31,20260209_024545,20260209_024545-0017,2022-12-20 11:58:08.332000,2022-12-20 11:58:20.118000,買い,137.04800,137.14800,1.00,10.00,830.00,水平線手前,利確,支持抵抗,0,137.04800
2022-12-01,2022-12-31,20260209_024545,20260209_024545-0018,2022-12-20 12:02:03.133000,2022-12-20 12:02:04.615000,買い,136.30900,136.20900,1.00,-10.00,820.00,水平線手前,損切,支持抵抗,0,136.30900
2022-12-01,2022-12-31,20260209_024545,20260209_024545-0019,2022-12-20 12:02:20.592000,2022-12-20 12:02:21.357000,買い,135.78100,135.68100,1.00,-10.00,810.00,水平線手前,損切,支持抵抗,0,135.78100
2022-12-01,2022-12-31,20260209_024545,20260209_024545-0020,2022-12-20 12:02:24.060000,2022-12-20 12:02:28.603000,買い,135.57000,135.47000,1.00,-10.00,800.00,水平線手前,損切,支持抵抗,0,135.57000
2022-12-01,2022-12-31,20260209_024545,20260209_024545-0021,2022-12-20 12:04:57.099000,2022-12-20 12:05:21.336000,買い,134.79200,134.69200,1.00,-10.00,790.00,水平線手前,損切,支持抵抗,0,134.79200
2022-12-01,2022-12-31,20260209_024545,20260209_024545-0022,2022-12-20 12:05:39.108000,2022-12-20 12:05:40.582000,買い,134.16500,134.06500,1.00,-10.00,780.00,水平線手前,損切,支持抵抗,0,134.16500
2022-12-01,2022-12-31,20260209_024545,20260209_024545-0023,2022-12-20 12:14:26.690000,2022-12-20 12:14:33.832000,買い,133.72000,133.62000,1.00,-10.00,770.00,水平線手前,損切,支持抵抗,0,133.72000
2022-12-01,2022-12-31,20260209_024545,20260209_024545-0024,2022-12-20 14:59:48.693000,2022-12-20 15:00:02.000000,買い,132.95200,132.85200,1.00,-10.00,760.00,水平線手前,損切,支持抵抗,0,132.95200
2022-12-01,2022-12-31,20260209_024545,20260209_024545-0025,2022-12-21 02:09:04.991000,2022-12-21 02:09:34.446000,買い,130.60100,130.70100,1.00,10.00,770.00,水平線手前,利確,支持抵抗,0,130.60100
2022-12-01,2022-12-31,20260209_024545,20260209_024545-0026,2022-12-26 19:11:36.092000,2022-12-26 22:50:07.949000,売り,133.12500,133.02500,1.00,10.00,780.00,水平線手前,利確,支持抵抗,0,133.12500
2023-01-01,2023-01-31,20260209_024729,20260209_024729-0001,2023-01-05 00:00:18.518000,2023-01-05 00:00:36.753000,売り,131.27400,131.17400,1.00,10.00,790.00,水平線手前,利確,支持抵抗,0,131.27400
2023-01-01,2023-01-31,20260209_024729,20260209_024729-0002,2023-01-06 03:20:41.482000,2023-01-06 03:21:30.282000,買い,133.10700,133.20700,1.00,10.00,800.00,水平線手前,利確,支持抵抗,0,133.10700
2023-01-01,2023-01-31,20260209_024729,20260209_024729-0003,2023-01-06 22:30:01.964000,2023-01-06 22:30:02.573000,売り,134.66000,134.56000,1.00,10.00,810.00,水平線手前,利確,支持抵抗,0,134.66000
2023-01-01,2023-01-31,20260209_024729,20260209_024729-0004,2023-01-12 03:14:50.408000,2023-01-12 03:15:18.117000,買い,132.31000,132.41000,1.00,10.00,820.00,水平線手前,利確,支持抵抗,0,132.31000
2023-01-01,2023-01-31,20260209_024729,20260209_024729-0005,2023-01-12 22:30:21.478000,2023-01-12 22:30:24.160000,買い,130.66100,130.56100,1.00,-10.00,810.00,水平線手前,損切,支持抵抗,0,130.66100
2023-01-01,2023-01-31,20260209_024729,20260209_024729-0006,2023-01-12 22:30:24.211000,2023-01-12 22:30:27.941000,買い,130.54600,130.64600,1.00,10.00,820.00,水平線手前,利確,支持抵抗,0,130.54600
2023-01-01,2023-01-31,20260209_024729,20260209_024729-0007,2023-01-12 22:33:35.576000,2023-01-12 22:33:38.432000,買い,130.31600,130.21600,1.00,-10.00,810.00,水平線手前,損切,支持抵抗,0,130.31600
2023-01-01,2023-01-31,20260209_024729,20260209_024729-0008,2023-01-12 22:45:11.973000,2023-01-12 22:45:14.270000,買い,129.95800,129.85800,1.00,-10.00,800.00,水平線手前,損切,支持抵抗,0,129.95800
2023-01-01,2023-01-31,20260209_024729,20260209_024729-0009,2023-01-18 11:40:11.377000,2023-01-18 11:40:12.703000,売り,129.01000,129.11000,1.00,-10.00,790.00,水平線手前,損切,支持抵抗,0,129.01000
2023-01-01,2023-01-31,20260209_024729,20260209_024729-0010,2023-01-18 11:40:12.601000,2023-01-18 11:40:13.213000,売り,129.09100,129.19100,1.00,-10.00,780.00,水平線手前,損切,支持抵抗,0,129.09100
2023-01-01,2023-01-31,20260209_024729,20260209_024729-0011,2023-01-18 11:40:12.805000,2023-01-18 11:40:13.366000,売り,129.14400,129.24400,1.00,-10.00,770.00,水平線手前,損切,支持抵抗,0,129.14400
2023-01-01,2023-01-31,20260209_024729,20260209_024729-0012,2023-01-18 11:40:13.060000,2023-01-18 11:40:13.366000,売り,129.14600,129.24600,1.00,-10.00,760.00,水平線手前,損切,支持抵抗,0,129.14600
2023-01-01,2023-01-31,20260209_024729,20260209_024729-0013,2023-01-18 11:40:13.519000,2023-01-18 11:40:17.281000,売り,129.31600,129.21600,1.00,10.00,770.00,水平線手前,利確,支持抵抗,0,129.31600
2023-01-01,2023-01-31,20260209_024729,20260209_024729-0014,2023-01-18 11:40:17.332000,2023-01-18 11:40:17.535000,売り,129.20800,129.30800,1.00,-10.00,760.00,水平線手前,損切,支持抵抗,0,129.20800
2023-01-01,2023-01-31,20260209_024729,20260209_024729-0015,2023-01-18 11:40:20.029000,2023-01-18 11:40:20.944000,売り,129.39700,129.49700,1.00,-10.00,750.00,水平線手前,損切,支持抵抗,0,129.39700
2023-01-01,2023-01-31,20260209_024729,20260209_024729-0016,2023-01-18 12:01:48.063000,2023-01-18 12:02:30.182000,売り,130.77900,130.67900,1.00,10.00,760.00,水平線手前,利確,支持抵抗,0,130.77900
2023-01-01,2023-01-31,20260209_024729,20260209_024729-0017,2023-01-24 23:45:03.863000,2023-01-24 23:45:09.449000,売り,130.72000,130.62000,1.00,10.00,770.00,水平線手前,利確,支持抵抗,0,130.72000
2023-01-01,2023-01-31,20260209_024729,20260209_024729-0018,2023-01-26 22:30:05.053000,2023-01-26 22:30:05.817000,売り,129.98300,130.08300,1.00,-10.00,760.00,水平線手前,損切,支持抵抗,0,129.98300
2023-01-01,2023-01-31,20260209_024729,20260209_024729-0019,2023-01-26 22:30:07.243000,2023-01-26 22:30:08.568000,売り,130.29700,130.19700,1.00,10.00,770.00,水平線手前,利確,支持抵抗,0,130.29700
2023-01-01,2023-01-31,20260209_024729,20260209_024729-0020,2023-01-30 13:00:46.972000,2023-01-30 13:00:52.041000,買い,129.58300,129.48300,1.00,-10.00,760.00,水平線手前,損切,支持抵抗,0,129.58300
2023-01-01,2023-01-31,20260209_024729,20260209_024729-0021,2023-01-30 13:00:53.274000,2023-01-30 13:01:26.349000,買い,129.37100,129.47100,1.00,10.00,770.00,水平線手前,利確,支持抵抗,0,129.37100
2023-01-01,2023-01-31,20260209_024729,20260209_024729-0022,2023-01-31 22:30:04.665000,2023-01-31 22:30:07.992000,買い,130.06900,129.96900,1.00,-10.00,760.00,水平線手前,損切,支持抵抗,0,130.06900
2023-02-01,2023-02-28,20260209_024857,20260209_024857-0001,2023-02-02 17:51:44.261000,2023-02-02 17:51:53.908000,売り,129.13300,129.03300,1.00,10.00,770.00,水平線手前,利確,支持抵抗,0,129.13300
2023-02-01,2023-02-28,20260209_024857,20260209_024857-0002,2023-02-03 22:30:01.207000,2023-02-03 22:30:01.865000,売り,128.99900,129.09900,1.00,-10.00,760.00,水平線手前,損切,支持抵抗,0,128.99900
2023-02-01,2023-02-28,20260209_024857,20260209_024857-0003,2023-02-03 22:30:01.865000,2023-02-03 22:30:01.916000,売り,129.09500,128.99500,1.00,10.00,770.00,水平線手前,利確,支持抵抗,0,129.09500
2023-02-01,2023-02-28,20260209_024857,20260209_024857-0004,2023-02-03 22:30:02.523000,2023-02-03 22:30:03.885000,売り,129.13500,129.23500,1.00,-10.00,760.00,水平線手前,損切,支持抵抗,0,129.13500
2023-02-01,2023-02-28,20260209_024857,20260209_024857-0005,2023-02-04 00:00:00.257000,2023-02-04 00:00:00.562000,売り,130.51200,130.61200,1.00,-10.00,750.00,水平線手前,損切,支持抵抗,0,130.51200
2023-02-01,2023-02-28,20260209_024857,20260209_024857-0006,2023-02-08 02:41:56.748000,2023-02-08 02:42:29.803000,買い,131.15200,131.25200,1.00,10.00,760.00,水平線手前,利確,支持抵抗,0,131.15200
2023-02-01,2023-02-28,20260209_024857,20260209_024857-0007,2023-02-09 14:45:05.431000,2023-02-09 14:45:07.011000,買い,130.77700,130.87700,1.00,10.00,770.00,水平線手前,利確,支持抵抗,0,130.77700
2023-02-01,2023-02-28,20260209_024857,20260209_024857-0008,2023-02-10 16:19:57.666000,2023-02-10 16:20:02.627000,買い,130.94100,130.84100,1.00,-10.00,760.00,水平線手前,損切,支持抵抗,0,130.94100
2023-02-01,2023-02-28,20260209_024857,20260209_024857-0009,2023-02-14 22:29:55.663000,2023-02-14 22:29:59.625000,買い,131.88200,131.98200,1.00,10.00,770.00,水平線手前,利確,支持抵抗,0,131.88200
2023-02-01,2023-02-28,20260209_024857,20260209_024857-0010,2023-02-14 22:30:02.366000,2023-02-14 22:30:02.722000,売り,132.43000,132.53000,1.00,-10.00,760.00,水平線手前,損切,支持抵抗,0,132.43000
2023-02-01,2023-02-28,20260209_024857,20260209_024857-0011,2023-02-14 22:30:09.690000,2023-02-14 22:30:12.405000,売り,132.87700,132.77700,1.00,10.00,770.00,水平線手前,利確,支持抵抗,0,132.87700
2023-02-01,2023-02-28,20260209_024857,20260209_024857-0012,2023-02-14 22:30:10.253000,2023-02-14 22:30:12.405000,売り,132.88700,132.78700,1.00,10.00,780.00,水平線手前,利確,支持抵抗,0,132.88700
2023-02-01,2023-02-28,20260209_024857,20260209_024857-0013,2023-02-16 22:30:03.114000,2023-02-16 22:30:03.776000,売り,134.16000,134.26000,1.00,-10.00,770.00,水平線手前,損切,支持抵抗,0,134.16000
2023-02-01,2023-02-28,20260209_024857,20260209_024857-0014,2023-02-21 23:45:00.984000,2023-02-21 23:45:41.402000,売り,135.03200,134.93200,1.00,10.00,780.00,水平線手前,利確,支持抵抗,0,135.03200
2023-02-01,2023-02-28,20260209_024857,20260209_024857-0015,2023-02-23 22:30:32.315000,2023-02-23 22:32:06.440000,売り,135.19800,135.29800,1.00,-10.00,770.00,水平線手前,損切,支持抵抗,0,135.19800
2023-02-01,2023-02-28,20260209_024857,20260209_024857-0016,2023-02-23 22:30:31.033000,2023-02-23 22:32:06.905000,売り,135.20300,135.30300,1.00,-10.00,760.00,水平線手前,損切,支持抵抗,0,135.20300
2023-02-01,2023-02-28,20260209_024857,20260209_024857-0017,2023-02-24 22:30:22.107000,2023-02-24 22:30:25.805000,売り,135.66900,135.76900,1.00,-10.00,750.00,水平線手前,損切,支持抵抗,0,135.66900
2023-02-01,2023-02-28,20260209_024857,20260209_024857-0018,2023-02-24 22:30:27.741000,2023-02-24 22:30:41.964000,売り,135.95600,135.85600,1.00,10.00,760.00,水平線手前,利確,支持抵抗,0,135.95600
2023-03-01,2023-03-31,20260209_025109,20260209_025109-0001,2023-03-08 00:00:09.835000,2023-03-08 00:01:02.398000,売り,136.39600,136.49600,1.00,-10.00,750.00,水平線手前,損切,支持抵抗,0,136.39600
2023-03-01,2023-03-31,20260209_025109,20260209_025109-0002,2023-03-09 22:30:04.380000,2023-03-09 22:30:06.483000,買い,136.04600,136.14600,1.00,10.00,760.00,水平線手前,利確,支持抵抗,0,136.04600
2023-03-01,2023-03-31,20260209_025109,20260209_025109-0003,2023-03-10 11:30:07.423000,2023-03-10 11:30:07.576000,売り,136.45500,136.55500,1.00,-10.00,750.00,水平線手前,損切,支持抵抗,0,136.45500
2023-03-01,2023-03-31,20260209_025109,20260209_025109-0004,2023-03-10 22:31:35.160000,2023-03-10 22:31:48.581000,買い,135.88700,135.98700,1.00,10.00,760.00,水平線手前,利確,支持抵抗,0,135.88700
2023-03-01,2023-03-31,20260209_025109,20260209_025109-0005,2023-03-14 21:30:00.833000,2023-03-14 21:30:01.291000,売り,134.31900,134.41900,1.00,-10.00,750.00,水平線手前,損切,支持抵抗,0,134.31900
2023-03-01,2023-03-31,20260209_025109,20260209_025109-0006,2023-03-15 21:30:04.046000,2023-03-15 21:30:04.302000,買い,132.88200,132.78200,1.00,-10.00,740.00,水平線手前,損切,支持抵抗,0,132.88200
2023-03-01,2023-03-31,20260209_025109,20260209_025109-0007,2023-03-16 21:43:18.985000,2023-03-16 21:43:29.523000,買い,132.21300,132.31300,1.00,10.00,750.00,水平線手前,利確,支持抵抗,0,132.21300
2023-03-01,2023-03-31,20260209_025109,20260209_025109-0008,2023-03-16 21:43:13.510000,2023-03-16 21:43:35.985000,買い,132.24400,132.34400,1.00,10.00,760.00,水平線手前,利確,支持抵抗,0,132.24400
2023-03-01,2023-03-31,20260209_025109,20260209_025109-0009,2023-03-23 03:00:01.170000,2023-03-23 03:00:26.894000,買い,132.28800,132.18800,1.00,-10.00,750.00,水平線手前,損切,支持抵抗,0,132.28800
2023-04-01,2023-04-30,20260209_025239,20260209_025239-0001,2023-04-03 23:00:00.349000,2023-04-03 23:00:13.092000,買い,132.57900,132.67900,1.00,10.00,760.00,水平線手前,利確,支持抵抗,0,132.57900
2023-04-01,2023-04-30,20260209_025239,20260209_025239-0002,2023-04-04 23:00:01.325000,2023-04-04 23:00:03.566000,買い,132.51400,132.41400,1.00,-10.00,750.00,水平線手前,損切,支持抵抗,0,132.51400
2023-04-01,2023-04-30,20260209_025239,20260209_025239-0003,2023-04-05 21:15:02.298000,2023-04-05 21:15:03.800000,買い,131.26600,131.16600,1.00,-10.00,740.00,水平線手前,損切,支持抵抗,0,131.26600
2023-04-01,2023-04-30,20260209_025239,20260209_025239-0004,2023-04-05 22:45:03.285000,2023-04-05 22:47:30.503000,買い,130.94700,131.04700,1.00,10.00,750.00,水平線手前,利確,支持抵抗,0,130.94700
2023-04-01,2023-04-30,20260209_025239,20260209_025239-0005,2023-04-05 23:00:00.834000,2023-04-05 23:00:11.900000,買い,130.63500,130.73500,1.00,10.00,760.00,水平線手前,利確,支持抵抗,0,130.63500
2023-04-01,2023-04-30,20260209_025239,20260209_025239-0006,2023-04-06 21:30:05.012000,2023-04-06 21:30:08.029000,買い,130.98300,131.08300,1.00,10.00,770.00,水平線手前,利確,支持抵抗,0,130.98300
2023-04-01,2023-04-30,20260209_025239,20260209_025239-0007,2023-04-07 21:30:02.921000,2023-04-07 21:30:20.441000,売り,131.93200,132.03200,1.00,-10.00,760.00,水平線手前,損切,支持抵抗,0,131.93200
2023-04-01,2023-04-30,20260209_025239,20260209_025239-0008,2023-04-07 21:30:04.037000,2023-04-07 21:30:20.666000,売り,131.95300,132.05300,1.00,-10.00,750.00,水平線手前,損切,支持抵抗,0,131.95300
2023-04-01,2023-04-30,20260209_025239,20260209_025239-0009,2023-04-12 21:30:01.123000,2023-04-12 21:30:01.685000,買い,133.57700,133.47700,1.00,-10.00,740.00,水平線手前,損切,支持抵抗,0,133.57700
2023-04-01,2023-04-30,20260209_025239,20260209_025239-0010,2023-04-13 21:30:01.984000,2023-04-13 21:30:02.291000,買い,132.89500,132.79500,1.00,-10.00,730.00,水平線手前,損切,支持抵抗,0,132.89500
2023-04-01,2023-04-30,20260209_025239,20260209_025239-0011,2023-04-13 21:30:02.291000,2023-04-13 21:30:13.162000,買い,132.80100,132.90100,1.00,10.00,740.00,水平線手前,利確,支持抵抗,0,132.80100
2023-04-01,2023-04-30,20260209_025239,20260209_025239-0012,2023-04-14 21:30:08.144000,2023-04-14 21:30:15.338000,買い,132.20500,132.30500,1.00,10.00,750.00,水平線手前,利確,支持抵抗,0,132.20500
2023-04-01,2023-04-30,20260209_025239,20260209_025239-0013,2023-04-14 23:00:00.247000,2023-04-14 23:00:10.292000,売り,133.20800,133.30800,1.00,-10.00,740.00,水平線手前,損切,支持抵抗,0,133.20800
2023-04-01,2023-04-30,20260209_025239,20260209_025239-0014,2023-04-21 22:45:00.617000,2023-04-21 22:45:35.356000,売り,133.90900,134.00900,1.00,-10.00,730.00,水平線手前,損切,支持抵抗,0,133.90900
2023-04-01,2023-04-30,20260209_025239,20260209_025239-0015,2023-04-27 21:30:10.506000,2023-04-27 21:30:13.713000,買い,133.22800,133.32800,1.00,10.00,740.00,水平線手前,利確,支持抵抗,0,133.22800
2023-04-01,2023-04-30,20260209_025239,20260209_025239-0016,2023-04-28 12:24:40.643000,2023-04-28 12:24:40.695000,買い,133.62100,133.52100,1.00,-10.00,730.00,水平線手前,損切,支持抵抗,0,133.62100
2023-04-01,2023-04-30,20260209_025239,20260209_025239-0017,2023-04-28 12:24:41.978000,2023-04-28 12:24:43.565000,買い,133.37400,133.47400,1.00,10.00,740.00,水平線手前,利確,支持抵抗,0,133.37400
2023-04-01,2023-04-30,20260209_025239,20260209_025239-0018,2023-04-28 13:00:21.765000,2023-04-28 13:00:23.965000,売り,134.26600,134.16600,1.00,10.00,750.00,水平線手前,利確,支持抵抗,0,134.26600
2023-05-01,2023-05-31,20260209_025423,20260209_025423-0001,2023-05-01 23:00:05.522000,2023-05-01 23:03:16.577000,売り,136.95500,137.05500,1.00,-10.00,740.00,水平線手前,損切,支持抵抗,0,136.95500
2023-05-01,2023-05-31,20260209_025423,20260209_025423-0002,2023-05-03 21:15:07.095000,2023-05-03 21:15:09.840000,売り,135.91400,135.81400,1.00,10.00,750.00,水平線手前,利確,支持抵抗,0,135.91400
2023-05-01,2023-05-31,20260209_025423,20260209_025423-0003,2023-05-05 21:30:01.175000,2023-05-05 21:30:01.532000,売り,134.42900,134.52900,1.00,-10.00,740.00,水平線手前,損切,支持抵抗,0,134.42900
2023-05-01,2023-05-31,20260209_025423,20260209_025423-0004,2023-05-05 21:30:05.357000,2023-05-05 21:30:07.994000,売り,134.85200,134.95200,1.00,-10.00,730.00,水平線手前,損切,支持抵抗,0,134.85200
2023-05-01,2023-05-31,20260209_025423,20260209_025423-0005,2023-05-10 21:30:00.208000,2023-05-10 21:30:00.497000,買い,135.06300,134.96300,1.00,-10.00,720.00,水平線手前,損切,支持抵抗,0,135.06300
2023-05-01,2023-05-31,20260209_025423,20260209_025423-0006,2023-05-10 21:30:01.517000,2023-05-10 21:30:06.126000,買い,134.79700,134.89700,1.00,10.00,730.00,水平線手前,利確,支持抵抗,0,134.79700
2023-05-01,2023-05-31,20260209_025423,20260209_025423-0007,2023-05-10 21:30:31.536000,2023-05-10 21:30:34.305000,買い,134.71500,134.81500,1.00,10.00,740.00,水平線手前,利確,支持抵抗,0,134.71500
2023-05-01,2023-05-31,20260209_025423,20260209_025423-0008,2023-05-11 21:30:13.267000,2023-05-11 21:30:22.959000,買い,133.93200,133.83200,1.00,-10.00,730.00,水平線手前,損切,支持抵抗,0,133.93200
2023-05-01,2023-05-31,20260209_025423,20260209_025423-0009,2023-05-11 21:30:15.970000,2023-05-11 21:30:23.061000,買い,133.91400,133.81400,1.00,-10.00,720.00,水平線手前,損切,支持抵抗,0,133.91400
2023-05-01,2023-05-31,20260209_025423,20260209_025423-0010,2023-05-12 23:00:00.234000,2023-05-12 23:00:10.406000,売り,135.02000,134.92000,1.00,10.00,730.00,水平線手前,利確,支持抵抗,0,135.02000
2023-05-01,2023-05-31,20260209_025423,20260209_025423-0011,2023-05-16 21:30:00.711000,2023-05-16 21:30:13.973000,買い,135.70900,135.80900,1.00,10.00,740.00,水平線手前,利確,支持抵抗,0,135.70900
2023-05-01,2023-05-31,20260209_025423,20260209_025423-0012,2023-05-16 21:30:00.609000,2023-05-16 21:30:14.614000,買い,135.72100,135.82100,1.00,10.00,750.00,水平線手前,利確,支持抵抗,0,135.72100
2023-05-01,2023-05-31,20260209_025423,20260209_025423-0013,2023-05-31 23:00:01.481000,2023-05-31 23:00:01.808000,売り,139.89600,139.99600,1.00,-10.00,740.00,水平線手前,損切,支持抵抗,0,139.89600
2023-05-01,2023-05-31,20260209_025423,20260209_025423-0014,2023-05-31 23:00:02.266000,2023-05-31 23:00:03.226000,売り,140.05300,140.15300,1.00,-10.00,730.00,水平線手前,損切,支持抵抗,0,140.05300
2023-05-01,2023-05-31,20260209_025423,20260209_025423-0015,2023-05-31 23:00:02.624000,2023-05-31 23:00:03.444000,売り,140.10500,140.20500,1.00,-10.00,720.00,水平線手前,損切,支持抵抗,0,140.10500
2023-05-01,2023-05-31,20260209_025423,20260209_025423-0016,2023-05-31 23:00:05.741000,2023-05-31 23:00:07.634000,売り,140.37800,140.27800,1.00,10.00,730.00,水平線手前,利確,支持抵抗,0,140.37800
2023-06-01,2023-06-30,20260209_025545,20260209_025545-0001,2023-06-01 21:15:01.651000,2023-06-01 21:15:04.575000,売り,139.86200,139.76200,1.00,10.00,740.00,水平線手前,利確,支持抵抗,0,139.86200
2023-06-01,2023-06-30,20260209_025545,20260209_025545-0002,2023-06-01 23:00:11.669000,2023-06-01 23:00:15.972000,買い,138.45000,138.55000,1.00,10.00,750.00,水平線手前,利確,支持抵抗,0,138.45000
2023-06-01,2023-06-30,20260209_025545,20260209_025545-0003,2023-06-02 21:30:01.715000,2023-06-02 21:30:03.684000,売り,139.17700,139.27700,1.00,-10.00,740.00,水平線手前,損切,支持抵抗,0,139.17700
2023-06-01,2023-06-30,20260209_025545,20260209_025545-0004,2023-06-02 21:30:08.299000,2023-06-02 21:30:11.443000,売り,139.42700,139.32700,1.00,10.00,750.00,水平線手前,利確,支持抵抗,0,139.42700
2023-06-01,2023-06-30,20260209_025545,20260209_025545-0005,2023-06-02 21:34:49.268000,2023-06-02 21:35:09.494000,買い,138.76600,138.86600,1.00,10.00,760.00,水平線手前,利確,支持抵抗,0,138.76600
2023-06-01,2023-06-30,20260209_025545,20260209_025545-0006,2023-06-05 23:00:00.142000,2023-06-05 23:00:00.296000,買い,139.77600,139.67600,1.00,-10.00,750.00,水平線手前,損切,支持抵抗,0,139.77600
2023-06-01,2023-06-30,20260209_025545,20260209_025545-0007,2023-06-13 21:30:01.210000,2023-06-13 21:30:01.261000,売り,139.62700,139.72700,1.00,-10.00,740.00,水平線手前,損切,支持抵抗,0,139.62700
2023-06-01,2023-06-30,20260209_025545,20260209_025545-0008,2023-06-13 21:30:01.363000,2023-06-13 21:30:02.205000,売り,139.75100,139.85100,1.00,-10.00,730.00,水平線手前,損切,支持抵抗,0,139.75100
2023-06-01,2023-06-30,20260209_025545,20260209_025545-0009,2023-06-13 21:30:02.205000,2023-06-13 21:30:02.974000,売り,139.84200,139.94200,1.00,-10.00,720.00,水平線手前,損切,支持抵抗,0,139.84200
2023-06-01,2023-06-30,20260209_025545,20260209_025545-0010,2023-06-13 21:30:03.228000,2023-06-13 21:30:04.777000,売り,139.98100,139.88100,1.00,10.00,730.00,水平線手前,利確,支持抵抗,0,139.98100
2023-06-01,2023-06-30,20260209_025545,20260209_025545-0011,2023-06-13 21:30:12.591000,2023-06-13 21:30:13.052000,買い,139.34600,139.24600,1.00,-10.00,720.00,水平線手前,損切,支持抵抗,0,139.34600
2023-06-01,2023-06-30,20260209_025545,20260209_025545-0012,2023-06-13 21:30:13.664000,2023-06-13 21:30:17.102000,買い,139.09000,139.19000,1.00,10.00,730.00,水平線手前,利確,支持抵抗,0,139.09000
2023-06-01,2023-06-30,20260209_025545,20260209_025545-0013,2023-06-13 21:30:38.837000,2023-06-13 21:30:51.860000,買い,139.09400,139.19400,1.00,10.00,740.00,水平線手前,利確,支持抵抗,0,139.09400
2023-06-01,2023-06-30,20260209_025545,20260209_025545-0014,2023-06-16 23:00:14.981000,2023-06-16 23:00:28.251000,買い,140.94900,141.04900,1.00,10.00,750.00,水平線手前,利確,支持抵抗,0,140.94900
2023-06-01,2023-06-30,20260209_025545,20260209_025545-0015,2023-06-23 22:45:00.198000,2023-06-23 22:45:01.262000,買い,142.79900,142.69900,1.00,-10.00,740.00,水平線手前,損切,支持抵抗,0,142.79900
2023-06-01,2023-06-30,20260209_025545,20260209_025545-0016,2023-06-23 22:45:00.595000,2023-06-23 22:45:06.195000,買い,142.72500,142.82500,1.00,10.00,750.00,水平線手前,利確,支持抵抗,0,142.72500
2023-06-01,2023-06-30,20260209_025545,20260209_025545-0017,2023-06-27 23:00:10.182000,2023-06-27 23:03:42.756000,売り,143.63500,143.73500,1.00,-10.00,740.00,水平線手前,損切,支持抵抗,0,143.63500
2023-06-01,2023-06-30,20260209_025545,20260209_025545-0018,2023-06-29 16:36:23.247000,2023-06-29 16:36:32.890000,買い,144.17000,144.27000,1.00,10.00,750.00,水平線手前,利確,支持抵抗,0,144.17000
2023-07-01,2023-07-31,20260209_025702,20260209_025702-0001,2023-07-03 23:00:00.113000,2023-07-03 23:00:00.870000,買い,144.23300,144.13300,1.00,-10.00,740.00,水平線手前,損切,支持抵抗,0,144.23300
2023-07-01,2023-07-31,20260209_025702,20260209_025702-0002,2023-07-06 23:00:05.020000,2023-07-06 23:00:06.988000,売り,144.54900,144.44900,1.00,10.00,750.00,水平線手前,利確,支持抵抗,0,144.54900
2023-07-01,2023-07-31,20260209_025702,20260209_025702-0003,2023-07-07 21:29:59.790000,2023-07-07 21:30:04.735000,買い,142.88400,142.78400,1.00,-10.00,740.00,水平線手前,損切,支持抵抗,0,142.88400
2023-07-01,2023-07-31,20260209_025702,20260209_025702-0004,2023-07-07 21:30:11.001000,2023-07-07 21:30:28.596000,買い,142.61600,142.71600,1.00,10.00,750.00,水平線手前,利確,支持抵抗,0,142.61600
2023-07-01,2023-07-31,20260209_025702,20260209_025702-0005,2023-07-12 21:30:01.246000,2023-07-12 21:30:02.959000,買い,139.12600,139.02600,1.00,-10.00,740.00,水平線手前,損切,支持抵抗,0,139.12600
2023-07-01,2023-07-31,20260209_025702,20260209_025702-0006,2023-07-13 21:30:12.279000,2023-07-13 21:30:32.939000,買い,138.26700,138.36700,1.00,10.00,750.00,水平線手前,利確,支持抵抗,0,138.26700
2023-07-01,2023-07-31,20260209_025702,20260209_025702-0007,2023-07-20 21:30:13.050000,2023-07-20 21:31:03.439000,売り,139.88800,139.78800,1.00,10.00,760.00,水平線手前,利確,支持抵抗,0,139.88800
2023-07-01,2023-07-31,20260209_025702,20260209_025702-0008,2023-07-24 18:05:07.647000,2023-07-24 18:05:10.276000,買い,141.21200,141.31200,1.00,10.00,770.00,水平線手前,利確,支持抵抗,0,141.21200
2023-07-01,2023-07-31,20260209_025702,20260209_025702-0009,2023-07-24 18:05:06.971000,2023-07-24 18:07:05.043000,買い,141.25700,141.35700,1.00,10.00,780.00,水平線手前,利確,支持抵抗,0,141.25700
2023-07-01,2023-07-31,20260209_025702,20260209_025702-0010,2023-07-24 22:45:00.475000,2023-07-24 22:45:03.548000,売り,141.24900,141.14900,1.00,10.00,790.00,水平線手前,利確,支持抵抗,0,141.24900
2023-07-01,2023-07-31,20260209_025702,20260209_025702-0011,2023-07-24 22:46:21.373000,2023-07-24 22:46:44.840000,買い,140.76900,140.86900,1.00,10.00,800.00,水平線手前,利確,支持抵抗,0,140.76900
2023-07-01,2023-07-31,20260209_025702,20260209_025702-0012,2023-07-25 20:20:42.963000,2023-07-25 20:21:21.138000,売り,141.72900,141.62900,1.00,10.00,810.00,水平線手前,利確,支持抵抗,0,141.72900
2023-07-01,2023-07-31,20260209_025702,20260209_025702-0013,2023-07-27 21:30:08.896000,2023-07-27 21:32:25.869000,売り,140.45700,140.55700,1.00,-10.00,800.00,水平線手前,損切,支持抵抗,0,140.45700
2023-07-01,2023-07-31,20260209_025702,20260209_025702-0014,2023-07-28 02:06:28.906000,2023-07-28 02:06:38.060000,買い,139.82700,139.92700,1.00,10.00,810.00,水平線手前,利確,支持抵抗,0,139.82700
2023-07-01,2023-07-31,20260209_025702,20260209_025702-0015,2023-07-28 12:28:37.563000,2023-07-28 12:28:37.851000,買い,138.73600,138.63600,1.00,-10.00,800.00,水平線手前,損切,支持抵抗,0,138.73600
2023-07-01,2023-07-31,20260209_025702,20260209_025702-0016,2023-07-28 12:28:37.903000,2023-07-28 12:28:38.526000,買い,138.58600,138.48600,1.00,-10.00,790.00,水平線手前,損切,支持抵抗,0,138.58600
2023-07-01,2023-07-31,20260209_025702,20260209_025702-0017,2023-07-28 12:28:38.526000,2023-07-28 12:28:39.095000,買い,138.48900,138.58900,1.00,10.00,800.00,水平線手前,利確,支持抵抗,0,138.48900
2023-07-01,2023-07-31,20260209_025702,20260209_025702-0018,2023-07-28 13:17:13.211000,2023-07-28 13:17:36.809000,買い,138.10000,138.20000,1.00,10.00,810.00,水平線手前,利確,支持抵抗,0,138.10000
2023-08-01,2023-08-31,20260209_025829,20260209_025829-0001,2023-08-03 13:04:15.913000,2023-08-03 13:04:34.893000,売り,143.71100,143.61100,1.00,10.00,820.00,水平線手前,利確,支持抵抗,0,143.71100
2023-08-01,2023-08-31,20260209_025829,20260209_025829-0002,2023-08-04 21:30:01.621000,2023-08-04 21:30:04.302000,売り,142.88700,142.78700,1.00,10.00,830.00,水平線手前,利確,支持抵抗,0,142.88700
2023-08-01,2023-08-31,20260209_025829,20260209_025829-0003,2023-08-04 21:30:07.158000,2023-08-04 21:30:09.152000,買い,142.32100,142.42100,1.00,10.00,840.00,水平線手前,利確,支持抵抗,0,142.32100
2023-08-01,2023-08-31,20260209_025829,20260209_025829-0004,2023-08-11 23:00:01.023000,2023-08-11 23:00:03.482000,買い,144.42700,144.52700,1.00,10.00,850.00,水平線手前,利確,支持抵抗,0,144.42700
2023-08-01,2023-08-31,20260209_025829,20260209_025829-0005,2023-08-15 21:30:13.107000,2023-08-15 21:34:46.733000,売り,145.79600,145.69600,1.00,10.00,860.00,水平線手前,利確,支持抵抗,0,145.79600
2023-08-01,2023-08-31,20260209_025829,20260209_025829-0006,2023-08-25 23:03:02.487000,2023-08-25 23:03:52.505000,買い,145.89100,145.79100,1.00,-10.00,850.00,水平線手前,損切,支持抵抗,0,145.89100
2023-08-01,2023-08-31,20260209_025829,20260209_025829-0007,2023-08-31 21:30:20.184000,2023-08-31 21:30:43.173000,買い,145.75400,145.85400,1.00,10.00,860.00,水平線手前,利確,支持抵抗,0,145.75400
2023-09-01,2023-09-30,20260209_025936,20260209_025936-0001,2023-09-01 23:00:00.461000,2023-09-01 23:00:27.127000,売り,145.63600,145.73600,1.00,-10.00,850.00,水平線手前,損切,支持抵抗,0,145.63600
2023-09-01,2023-09-30,20260209_025936,20260209_025936-0002,2023-09-13 21:30:00.473000,2023-09-13 21:30:01.182000,買い,147.22400,147.32400,1.00,10.00,860.00,水平線手前,利確,支持抵抗,0,147.22400
2023-09-01,2023-09-30,20260209_025936,20260209_025936-0003,2023-09-13 21:30:27.268000,2023-09-13 21:30:51.715000,売り,147.71600,147.61600,1.00,10.00,870.00,水平線手前,利確,支持抵抗,0,147.71600
2023-10-01,2023-10-31,20260209_030047,20260209_030047-0001,2023-10-03 23:12:05.333000,2023-10-03 23:12:05.588000,買い,149.46400,149.36400,1.00,-10.00,860.00,水平線手前,損切,支持抵抗,0,149.46400
2023-10-01,2023-10-31,20260209_030047,20260209_030047-0002,2023-10-03 23:12:24.554000,2023-10-03 23:12:24.708000,買い,147.29900,147.39900,1.00,10.00,870.00,水平線手前,利確,支持抵抗,0,147.29900
2023-10-01,2023-10-31,20260209_030047,20260209_030047-0003,2023-10-06 21:30:01.276000,2023-10-06 21:30:02.758000,売り,149.17400,149.27400,1.00,-10.00,860.00,水平線手前,損切,支持抵抗,0,149.17400
2023-10-01,2023-10-31,20260209_030047,20260209_030047-0004,2023-10-06 21:30:02.809000,2023-10-06 21:30:04.390000,売り,149.28800,149.18800,1.00,10.00,870.00,水平線手前,利確,支持抵抗,0,149.28800
2023-10-01,2023-10-31,20260209_030047,20260209_030047-0005,2023-10-06 21:30:01.378000,2023-10-06 21:30:04.696000,売り,149.23600,149.13600,1.00,10.00,880.00,水平線手前,利確,支持抵抗,0,149.23600
2023-10-01,2023-10-31,20260209_030047,20260209_030047-0006,2023-10-11 21:30:04.128000,2023-10-11 21:30:14.042000,売り,149.07200,148.97200,1.00,10.00,890.00,水平線手前,利確,支持抵抗,0,149.07200
2023-10-01,2023-10-31,20260209_030047,20260209_030047-0007,2023-10-11 21:30:04.076000,2023-10-11 21:30:14.094000,売り,149.06500,148.96500,1.00,10.00,900.00,水平線手前,利確,支持抵抗,0,149.06500
2023-10-01,2023-10-31,20260209_030047,20260209_030047-0008,2023-10-12 21:30:01.825000,2023-10-12 21:30:06.958000,売り,149.27200,149.37200,1.00,-10.00,890.00,水平線手前,損切,支持抵抗,0,149.27200
2023-10-01,2023-10-31,20260209_030047,20260209_030047-0009,2023-10-12 21:30:01.567000,2023-10-12 21:37:16.234000,売り,149.30100,149.40100,1.00,-10.00,880.00,水平線手前,損切,支持抵抗,0,149.30100
2023-10-01,2023-10-31,20260209_030047,20260209_030047-0010,2023-10-17 19:13:02.537000,2023-10-17 19:13:02.999000,買い,149.50900,149.40900,1.00,-10.00,870.00,水平線手前,損切,支持抵抗,0,149.50900
2023-10-01,2023-10-31,20260209_030047,20260209_030047-0011,2023-10-17 19:13:02.999000,2023-10-17 19:13:03.462000,買い,149.40700,149.30700,1.00,-10.00,860.00,水平線手前,損切,支持抵抗,0,149.40700
2023-10-01,2023-10-31,20260209_030047,20260209_030047-0012,2023-10-17 19:13:03.409000,2023-10-17 19:13:03.514000,買い,149.35600,149.25600,1.00,-10.00,850.00,水平線手前,損切,支持抵抗,0,149.35600
2023-10-01,2023-10-31,20260209_030047,20260209_030047-0013,2023-10-17 19:13:03.981000,2023-10-17 19:13:04.763000,買い,149.05400,148.95400,1.00,-10.00,840.00,水平線手前,損切,支持抵抗,0,149.05400
2023-10-01,2023-10-31,20260209_030047,20260209_030047-0014,2023-10-17 19:13:06.097000,2023-10-17 19:13:08.262000,買い,148.77000,148.87000,1.00,10.00,850.00,水平線手前,利確,支持抵抗,0,148.77000
2023-10-01,2023-10-31,20260209_030047,20260209_030047-0015,2023-10-17 19:13:05.838000,2023-10-17 19:13:08.834000,買い,148.81900,148.91900,1.00,10.00,860.00,水平線手前,利確,支持抵抗,0,148.81900
2023-10-01,2023-10-31,20260209_030047,20260209_030047-0016,2023-10-17 19:13:28.205000,2023-10-17 19:13:31.185000,売り,149.73800,149.63800,1.00,10.00,870.00,水平線手前,利確,支持抵抗,0,149.73800
2023-10-01,2023-10-31,20260209_030047,20260209_030047-0017,2023-10-17 19:13:28.565000,2023-10-17 19:13:31.185000,売り,149.73400,149.63400,1.00,10.00,880.00,水平線手前,利確,支持抵抗,0,149.73400
2023-10-01,2023-10-31,20260209_030047,20260209_030047-0018,2023-10-20 17:23:33.832000,2023-10-20 17:23:35.181000,買い,149.64900,149.74900,1.00,10.00,890.00,水平線手前,利確,支持抵抗,0,149.64900
2023-10-01,2023-10-31,20260209_030047,20260209_030047-0019,2023-10-20 17:23:33.779000,2023-10-20 17:23:35.644000,買い,149.67600,149.77600,1.00,10.00,900.00,水平線手前,利確,支持抵抗,0,149.67600
2023-10-01,2023-10-31,20260209_030047,20260209_030047-0020,2023-10-20 17:23:33.726000,2023-10-20 17:23:35.902000,買い,149.70600,149.80600,1.00,10.00,910.00,水平線手前,利確,支持抵抗,0,149.70600
2023-10-01,2023-10-31,20260209_030047,20260209_030047-0021,2023-10-26 15:47:27.441000,2023-10-26 15:47:28.119000,買い,149.84000,149.94000,1.00,10.00,920.00,水平線手前,利確,支持抵抗,0,149.84000
2023-10-01,2023-10-31,20260209_030047,20260209_030047-0022,2023-10-30 23:01:48.276000,2023-10-30 23:01:50.213000,買い,149.31100,149.41100,1.00,10.00,930.00,水平線手前,利確,支持抵抗,0,149.31100
2023-10-01,2023-10-31,20260209_030047,20260209_030047-0023,2023-10-31 12:27:13.117000,2023-10-31 12:27:15.193000,売り,149.83500,149.73500,1.00,10.00,940.00,水平線手前,利確,支持抵抗,0,149.83500
2023-11-01,2023-11-30,20260209_030148,20260209_030148-0001,2023-11-01 23:00:00.329000,2023-11-01 23:20:40.859000,買い,151.11000,151.01000,1.00,-10.00,930.00,水平線手前,損切,支持抵抗,0,151.11000
2023-11-01,2023-11-30,20260209_030148,20260209_030148-0002,2023-11-01 23:00:01.295000,2023-11-01 23:21:22.052000,買い,151.08700,150.98700,1.00,-10.00,920.00,水平線手前,損切,支持抵抗,0,151.08700
2023-11-01,2023-11-30,20260209_030148,20260209_030148-0003,2023-11-02 16:58:28.104000,2023-11-02 16:58:30.290000,買い,150.17900,150.27900,1.00,10.00,930.00,水平線手前,利確,支持抵抗,0,150.17900
2023-11-01,2023-11-30,20260209_030148,20260209_030148-0004,2023-11-03 21:30:08.286000,2023-11-03 21:30:24.116000,買い,149.87000,149.77000,1.00,-10.00,920.00,水平線手前,損切,支持抵抗,0,149.87000
2023-11-01,2023-11-30,20260209_030148,20260209_030148-0005,2023-11-03 23:00:00.848000,2023-11-03 23:00:49.564000,買い,149.21000,149.31000,1.00,10.00,930.00,水平線手前,利確,支持抵抗,0,149.21000
2023-11-01,2023-11-30,20260209_030148,20260209_030148-0006,2023-11-03 23:00:09.614000,2023-11-03 23:00:56.977000,買い,149.23000,149.33000,1.00,10.00,940.00,水平線手前,利確,支持抵抗,0,149.23000
2023-11-01,2023-11-30,20260209_030148,20260209_030148-0007,2023-11-14 00:01:28.657000,2023-11-14 00:02:55.230000,買い,151.69900,151.59900,1.00,-10.00,930.00,水平線手前,損切,支持抵抗,0,151.69900
2023-11-01,2023-11-30,20260209_030148,20260209_030148-0008,2023-11-14 00:03:29.401000,2023-11-14 00:03:32.725000,買い,151.36000,151.46000,1.00,10.00,940.00,水平線手前,利確,支持抵抗,0,151.36000
2023-11-01,2023-11-30,20260209_030148,20260209_030148-0009,2023-11-14 00:07:24.553000,2023-11-14 00:08:58.044000,買い,151.23900,151.33900,1.00,10.00,950.00,水平線手前,利確,支持抵抗,0,151.23900
2023-11-01,2023-11-30,20260209_030148,20260209_030148-0010,2023-11-14 22:30:01.360000,2023-11-14 22:30:01.930000,買い,151.51700,151.41700,1.00,-10.00,940.00,水平線手前,損切,支持抵抗,0,151.51700
2023-11-01,2023-11-30,20260209_030148,20260209_030148-0011,2023-11-15 22:30:10.506000,2023-11-15 22:30:39.648000,買い,150.08700,150.18700,1.00,10.00,950.00,水平線手前,利確,支持抵抗,0,150.08700
2023-12-01,2023-12-31,20260209_030317,20260209_030317-0001,2023-12-06 00:00:01.630000,2023-12-06 00:00:02.730000,買い,146.70700,146.80700,1.00,10.00,960.00,水平線手前,利確,支持抵抗,0,146.70700
2023-12-01,2023-12-31,20260209_030317,20260209_030317-0002,2023-12-08 02:47:26.189000,2023-12-08 02:47:28.046000,買い,141.64200,141.74200,1.00,10.00,970.00,水平線手前,利確,支持抵抗,0,141.64200
2023-12-01,2023-12-31,20260209_030317,20260209_030317-0003,2023-12-08 22:30:02.542000,2023-12-08 22:30:08.816000,売り,144.64500,144.74500,1.00,-10.00,960.00,水平線手前,損切,支持抵抗,0,144.64500
2023-12-01,2023-12-31,20260209_030317,20260209_030317-0004,2023-12-11 16:40:11.383000,2023-12-11 16:40:15.242000,売り,145.67200,145.77200,1.00,-10.00,950.00,水平線手前,損切,支持抵抗,0,145.67200
2023-12-01,2023-12-31,20260209_030317,20260209_030317-0005,2023-12-11 16:40:11.897000,2023-12-11 16:40:15.550000,売り,145.68600,145.78600,1.00,-10.00,940.00,水平線手前,損切,支持抵抗,0,145.68600
2023-12-01,2023-12-31,20260209_030317,20260209_030317-0006,2023-12-12 22:30:15.436000,2023-12-12 22:30:18.339000,買い,145.05200,144.95200,1.00,-10.00,930.00,水平線手前,損切,支持抵抗,0,145.05200
2023-12-01,2023-12-31,20260209_030317,20260209_030317-0007,2023-12-14 04:00:01.114000,2023-12-14 04:00:01.626000,買い,144.89100,144.79100,1.00,-10.00,920.00,水平線手前,損切,支持抵抗,0,144.89100
2023-12-01,2023-12-31,20260209_030317,20260209_030317-0008,2023-12-14 04:00:01.729000,2023-12-14 04:00:03.797000,買い,144.76900,144.66900,1.00,-10.00,910.00,水平線手前,損切,支持抵抗,0,144.76900
2023-12-01,2023-12-31,20260209_030317,20260209_030317-0009,2023-12-14 22:30:43.962000,2023-12-14 22:30:47.557000,売り,142.14600,142.24600,1.00,-10.00,900.00,水平線手前,損切,支持抵抗,0,142.14600
2023-12-01,2023-12-31,20260209_030317,20260209_030317-0010,2023-12-15 22:30:01.777000,2023-12-15 22:30:03.106000,買い,141.51600,141.61600,1.00,10.00,910.00,水平線手前,利確,支持抵抗,0,141.51600
2023-12-01,2023-12-31,20260209_030317,20260209_030317-0011,2023-12-15 22:30:02.083000,2023-12-15 22:30:03.106000,買い,141.50800,141.60800,1.00,10.00,920.00,水平線手前,利確,支持抵抗,0,141.50800
2023-12-01,2023-12-31,20260209_030317,20260209_030317-0012,2023-12-19 11:49:07.190000,2023-12-19 11:49:08.783000,売り,143.14200,143.24200,1.00,-10.00,910.00,水平線手前,損切,支持抵抗,0,143.14200
2023-12-01,2023-12-31,20260209_030317,20260209_030317-0013,2023-12-19 15:36:35.626000,2023-12-19 15:36:35.883000,買い,142.50400,142.60400,1.00,10.00,920.00,水平線手前,利確,支持抵抗,0,142.50400
2023-12-01,2023-12-31,20260209_030317,20260209_030317-0014,2023-12-19 15:37:28.296000,2023-12-19 15:37:37.470000,買い,143.27800,143.17800,1.00,-10.00,910.00,水平線手前,損切,支持抵抗,0,143.27800
2023-12-01,2023-12-31,20260209_030317,20260209_030317-0015,2023-12-21 22:30:11.155000,2023-12-21 22:30:15.452000,買い,142.66000,142.76000,1.00,10.00,920.00,水平線手前,利確,支持抵抗,0,142.66000
2023-12-01,2023-12-31,20260209_030317,20260209_030317-0016,2023-12-29 01:01:11.265000,2023-12-29 01:01:56.854000,売り,141.23500,141.13500,1.00,10.00,930.00,水平線手前,利確,支持抵抗,0,141.23500
2024-01-01,2024-01-31,20260209_030452,20260209_030452-0001,2024-01-05 22:30:01.563000,2024-01-05 22:30:02.665000,売り,145.38300,145.48300,1.00,-10.00,920.00,水平線手前,損切,支持抵抗,0,145.38300
2024-01-01,2024-01-31,20260209_030452,20260209_030452-0002,2024-01-11 22:30:00.988000,2024-01-11 22:30:01.496000,買い,145.00200,145.10200,1.00,10.00,930.00,水平線手前,利確,支持抵抗,0,145.00200
2024-01-01,2024-01-31,20260209_030452,20260209_030452-0003,2024-01-11 22:30:02.903000,2024-01-11 22:30:10.035000,売り,145.80800,145.70800,1.00,10.00,940.00,水平線手前,利確,支持抵抗,0,145.80800
2024-01-01,2024-01-31,20260209_030452,20260209_030452-0004,2024-01-11 22:30:02.799000,2024-01-11 22:30:14.630000,売り,145.79700,145.69700,1.00,10.00,950.00,水平線手前,利確,支持抵抗,0,145.79700
2024-01-01,2024-01-31,20260209_030452,20260209_030452-0005,2024-01-17 22:30:04.379000,2024-01-17 22:36:02.254000,売り,147.95100,147.85100,1.00,10.00,960.00,水平線手前,利確,支持抵抗,0,147.95100
2024-01-01,2024-01-31,20260209_030452,20260209_030452-0006,2024-01-17 22:30:04.328000,2024-01-17 23:41:18.822000,売り,147.94700,148.04700,1.00,-10.00,950.00,水平線手前,損切,支持抵抗,0,147.94700
2024-01-01,2024-01-31,20260209_030452,20260209_030452-0007,2024-01-18 22:30:01.460000,2024-01-18 22:30:07.360000,売り,148.14000,148.04000,1.00,10.00,960.00,水平線手前,利確,支持抵抗,0,148.14000
2024-01-01,2024-01-31,20260209_030452,20260209_030452-0008,2024-01-23 12:09:06.188000,2024-01-23 12:09:06.960000,売り,148.50200,148.40200,1.00,10.00,970.00,水平線手前,利確,支持抵抗,0,148.50200
2024-01-01,2024-01-31,20260209_030452,20260209_030452-0009,2024-01-25 22:30:04.099000,2024-01-25 22:30:33.421000,売り,147.90600,147.80600,1.00,10.00,980.00,水平線手前,利確,支持抵抗,0,147.90600
2024-01-01,2024-01-31,20260209_030452,20260209_030452-0010,2024-01-25 22:30:02.769000,2024-01-25 22:30:34.349000,売り,147.85900,147.75900,1.00,10.00,990.00,水平線手前,利確,支持抵抗,0,147.85900
2024-01-01,2024-01-31,20260209_030452,20260209_030452-0011,2024-01-26 22:30:09.554000,2024-01-26 22:30:10.539000,買い,147.50500,147.40500,1.00,-10.00,980.00,水平線手前,損切,支持抵抗,0,147.50500
2024-01-01,2024-01-31,20260209_030452,20260209_030452-0012,2024-01-26 22:30:10.345000,2024-01-26 22:30:12.650000,買い,147.42300,147.52300,1.00,10.00,990.00,水平線手前,利確,支持抵抗,0,147.42300
2024-02-01,2024-02-29,20260209_030611,20260209_030611-0001,2024-02-01 04:00:04.389000,2024-02-01 04:00:05.164000,買い,146.09600,146.19600,1.00,10.00,1000.00,水平線手前,利確,支持抵抗,0,146.09600
2024-02-01,2024-02-29,20260209_030611,20260209_030611-0002,2024-02-01 04:00:07.235000,2024-02-01 04:00:11.678000,売り,146.56700,146.66700,1.00,-10.00,990.00,水平線手前,損切,支持抵抗,0,146.56700
2024-02-01,2024-02-29,20260209_030611,20260209_030611-0003,2024-02-01 04:00:11.916000,2024-02-01 04:00:15.560000,売り,146.74300,146.64300,1.00,10.00,1000.00,水平線手前,利確,支持抵抗,0,146.74300
2024-02-01,2024-02-29,20260209_030611,20260209_030611-0004,2024-02-02 22:30:01.802000,2024-02-02 22:30:02.109000,売り,147.03500,147.13500,1.00,-10.00,990.00,水平線手前,損切,支持抵抗,0,147.03500
2024-02-01,2024-02-29,20260209_030611,20260209_030611-0005,2024-02-02 22:30:02.109000,2024-02-02 22:30:05.939000,売り,147.13800,147.23800,1.00,-10.00,980.00,水平線手前,損切,支持抵抗,0,147.13800
2024-02-01,2024-02-29,20260209_030611,20260209_030611-0006,2024-02-09 22:31:06.833000,2024-02-09 22:31:12.144000,買い,149.24700,149.14700,1.00,-10.00,970.00,水平線手前,損切,支持抵抗,0,149.24700
2024-02-01,2024-02-29,20260209_030611,20260209_030611-0007,2024-02-13 22:30:01.265000,2024-02-13 22:30:01.576000,売り,149.71200,149.81200,1.00,-10.00,960.00,水平線手前,損切,支持抵抗,0,149.71200
2024-02-01,2024-02-29,20260209_030611,20260209_030611-0008,2024-02-15 22:30:16.797000,2024-02-15 22:30:24.975000,買い,149.54800,149.64800,1.00,10.00,970.00,水平線手前,利確,支持抵抗,0,149.54800
2024-02-01,2024-02-29,20260209_030611,20260209_030611-0009,2024-02-16 22:30:06.680000,2024-02-16 22:52:23.344000,売り,150.61600,150.51600,1.00,10.00,980.00,水平線手前,利確,支持抵抗,0,150.61600
2024-03-01,2024-03-31,20260209_030714,20260209_030714-0001,2024-03-06 00:00:00.158000,2024-03-06 00:00:06.472000,買い,149.98200,149.88200,1.00,-10.00,970.00,水平線手前,損切,支持抵抗,0,149.98200
2024-03-01,2024-03-31,20260209_030714,20260209_030714-0002,2024-03-06 00:00:08.424000,2024-03-06 00:00:28.766000,買い,149.87400,149.77400,1.00,-10.00,960.00,水平線手前,損切,支持抵抗,0,149.87400
2024-03-01,2024-03-31,20260209_030714,20260209_030714-0003,2024-03-08 22:30:44.531000,2024-03-08 22:30:45.870000,買い,146.90300,146.80300,1.00,-10.00,950.00,水平線手前,損切,支持抵抗,0,146.90300
2024-03-01,2024-03-31,20260209_030714,20260209_030714-0004,2024-03-12 21:30:01.341000,2024-03-12 21:30:01.393000,売り,147.82000,147.72000,1.00,10.00,960.00,水平線手前,利確,支持抵抗,0,147.82000
2024-03-01,2024-03-31,20260209_030714,20260209_030714-0005,2024-03-12 21:30:09.305000,2024-03-12 21:30:20.942000,売り,148.13800,148.03800,1.00,10.00,970.00,水平線手前,利確,支持抵抗,0,148.13800
2024-03-01,2024-03-31,20260209_030714,20260209_030714-0006,2024-03-12 21:30:04.794000,2024-03-12 21:30:28.957000,売り,148.09500,147.99500,1.00,10.00,980.00,水平線手前,利確,支持抵抗,0,148.09500
2024-03-01,2024-03-31,20260209_030714,20260209_030714-0007,2024-03-14 22:21:34.740000,2024-03-14 22:21:41.298000,買い,147.49400,147.59400,1.00,10.00,990.00,水平線手前,利確,支持抵抗,0,147.49400
2024-03-01,2024-03-31,20260209_030714,20260209_030714-0008,2024-03-19 12:35:15.683000,2024-03-19 12:35:17.054000,買い,149.02100,149.12100,1.00,10.00,1000.00,水平線手前,利確,支持抵抗,0,149.02100
2024-03-01,2024-03-31,20260209_030714,20260209_030714-0009,2024-03-21 03:33:41.236000,2024-03-21 03:34:01.309000,売り,151.68500,151.58500,1.00,10.00,1010.00,水平線手前,利確,支持抵抗,0,151.68500
2024-03-01,2024-03-31,20260209_030714,20260209_030714-0010,2024-03-27 18:01:59.869000,2024-03-27 18:02:03.133000,買い,151.48000,151.38000,1.00,-10.00,1000.00,水平線手前,損切,支持抵抗,0,151.48000
2024-04-01,2024-04-30,20260209_030814,20260209_030814-0001,2024-04-03 23:00:00.475000,2024-04-03 23:00:07.444000,買い,151.65400,151.75400,1.00,10.00,1010.00,水平線手前,利確,支持抵抗,0,151.65400
2024-04-01,2024-04-30,20260209_030814,20260209_030814-0002,2024-04-15 23:37:19.547000,2024-04-15 23:37:24.757000,買い,153.86500,153.96500,1.00,10.00,1020.00,水平線手前,利確,支持抵抗,0,153.86500
2024-04-01,2024-04-30,20260209_030814,20260209_030814-0003,2024-04-16 22:39:14.448000,2024-04-16 22:39:16.570000,買い,154.16800,154.06800,1.00,-10.00,1010.00,水平線手前,損切,支持抵抗,0,154.16800
2024-04-01,2024-04-30,20260209_030814,20260209_030814-0004,2024-04-16 22:39:17.614000,2024-04-16 22:39:19.259000,買い,153.93000,154.03000,1.00,10.00,1020.00,水平線手前,利確,支持抵抗,0,153.93000
2024-04-01,2024-04-30,20260209_030814,20260209_030814-0005,2024-04-18 01:26:02.972000,2024-04-18 01:26:42.034000,買い,154.27600,154.37600,1.00,10.00,1030.00,水平線手前,利確,支持抵抗,0,154.27600
2024-04-01,2024-04-30,20260209_030814,20260209_030814-0006,2024-04-23 22:45:00.380000,2024-04-23 22:45:03.092000,買い,154.68500,154.58500,1.00,-10.00,1020.00,水平線手前,損切,支持抵抗,0,154.68500
2024-04-01,2024-04-30,20260209_030814,20260209_030814-0007,2024-04-23 22:45:00.769000,2024-04-23 22:47:46.809000,買い,154.59700,154.69700,1.00,10.00,1030.00,水平線手前,利確,支持抵抗,0,154.59700
2024-04-01,2024-04-30,20260209_030814,20260209_030814-0008,2024-04-23 22:45:00.494000,2024-04-23 22:48:56.887000,買い,154.63200,154.73200,1.00,10.00,1040.00,水平線手前,利確,支持抵抗,0,154.63200
2024-04-01,2024-04-30,20260209_030814,20260209_030814-0009,2024-04-24 21:15:11.632000,2024-04-24 21:15:17.787000,売り,154.94100,154.84100,1.00,10.00,1050.00,水平線手前,利確,支持抵抗,0,154.94100
2024-04-01,2024-04-30,20260209_030814,20260209_030814-0010,2024-04-25 21:30:14.203000,2024-04-25 21:30:25.458000,買い,155.34200,155.44200,1.00,10.00,1060.00,水平線手前,利確,支持抵抗,0,155.34200
2024-04-01,2024-04-30,20260209_030814,20260209_030814-0011,2024-04-26 12:22:48.769000,2024-04-26 12:23:03.361000,買い,155.44600,155.54600,1.00,10.00,1070.00,水平線手前,利確,支持抵抗,0,155.44600
2024-04-01,2024-04-30,20260209_030814,20260209_030814-0012,2024-04-26 17:02:28.887000,2024-04-26 17:02:33.772000,買い,155.00300,155.10300,1.00,10.00,1080.00,水平線手前,利確,支持抵抗,0,155.00300
2024-04-01,2024-04-30,20260209_030814,20260209_030814-0013,2024-04-26 21:30:15.645000,2024-04-26 21:49:43.487000,売り,156.83800,156.93800,1.00,-10.00,1070.00,水平線手前,損切,支持抵抗,0,156.83800
2024-04-01,2024-04-30,20260209_030814,20260209_030814-0014,2024-04-29 13:16:09.667000,2024-04-29 13:16:14.240000,買い,157.61600,157.51600,1.00,-10.00,1060.00,水平線手前,損切,支持抵抗,0,157.61600
2024-04-01,2024-04-30,20260209_030814,20260209_030814-0015,2024-04-29 13:19:40.943000,2024-04-29 13:19:42.863000,買い,156.60800,156.70800,1.00,10.00,1070.00,水平線手前,利確,支持抵抗,0,156.60800
2024-04-01,2024-04-30,20260209_030814,20260209_030814-0016,2024-04-29 13:54:00.749000,2024-04-29 13:54:01.795000,買い,155.22100,155.32100,1.00,10.00,1080.00,水平線手前,利確,支持抵抗,0,155.22100
2024-04-01,2024-04-30,20260209_030814,20260209_030814-0017,2024-04-29 16:35:21.832000,2024-04-29 16:36:24.807000,買い,154.58700,154.68700,1.00,10.00,1090.00,水平線手前,利確,支持抵抗,0,154.58700
2024-04-01,2024-04-30,20260209_030814,20260209_030814-0018,2024-04-30 16:27:07.489000,2024-04-30 16:27:12.409000,買い,156.59400,156.49400,1.00,-10.00,1080.00,水平線手前,損切,支持抵抗,0,156.59400
2024-04-01,2024-04-30,20260209_030814,20260209_030814-0019,2024-04-30 16:27:10.152000,2024-04-30 16:27:16.917000,買い,156.51000,156.61000,1.00,10.00,1090.00,水平線手前,利確,支持抵抗,0,156.51000
2024-04-01,2024-04-30,20260209_030814,20260209_030814-0020,2024-04-30 21:30:03.570000,2024-04-30 21:38:34.465000,売り,157.20400,157.30400,1.00,-10.00,1080.00,水平線手前,損切,支持抵抗,0,157.20400
2024-05-01,2024-05-31,20260209_030911,20260209_030911-0001,2024-05-02 03:00:13.136000,2024-05-02 03:00:15.795000,買い,157.34500,157.44500,1.00,10.00,1090.00,水平線手前,利確,支持抵抗,0,157.34500
2024-05-01,2024-05-31,20260209_030911,20260209_030911-0002,2024-05-02 03:00:12.106000,2024-05-02 03:00:21.211000,買い,157.42000,157.52000,1.00,10.00,1100.00,水平線手前,利確,支持抵抗,0,157.42000
2024-05-01,2024-05-31,20260209_030911,20260209_030911-0003,2024-05-03 21:30:01.894000,2024-05-03 21:30:04.781000,買い,152.70200,152.60200,1.00,-10.00,1090.00,水平線手前,損切,支持抵抗,0,152.70200
2024-05-01,2024-05-31,20260209_030911,20260209_030911-0004,2024-05-15 21:30:02.375000,2024-05-15 21:30:02.961000,買い,155.30200,155.20200,1.00,-10.00,1080.00,水平線手前,損切,支持抵抗,0,155.30200
2024-05-01,2024-05-31,20260209_030911,20260209_030911-0005,2024-05-15 21:30:02.481000,2024-05-15 21:30:02.961000,買い,155.30300,155.20300,1.00,-10.00,1070.00,水平線手前,損切,支持抵抗,0,155.30300
2024-05-01,2024-05-31,20260209_030911,20260209_030911-0006,2024-05-15 21:30:03.013000,2024-05-15 21:30:05.899000,買い,155.09900,154.99900,1.00,-10.00,1060.00,水平線手前,損切,支持抵抗,0,155.09900
2024-05-01,2024-05-31,20260209_030911,20260209_030911-0007,2024-05-23 22:45:00.648000,2024-05-23 22:45:12.636000,売り,156.95400,156.85400,1.00,10.00,1070.00,水平線手前,利確,支持抵抗,0,156.95400
2024-05-01,2024-05-31,20260209_030911,20260209_030911-0008,2024-05-23 23:13:17.251000,2024-05-23 23:13:17.947000,買い,156.56000,156.66000,1.00,10.00,1080.00,水平線手前,利確,支持抵抗,0,156.56000
2024-06-01,2024-06-30,20260209_031004,20260209_031004-0001,2024-06-04 18:20:40.224000,2024-06-04 18:21:30.842000,買い,155.07100,155.17100,1.00,10.00,1090.00,水平線手前,利確,支持抵抗,0,155.07100
2024-06-01,2024-06-30,20260209_031004,20260209_031004-0002,2024-06-04 23:00:01.268000,2024-06-04 23:00:03.320000,買い,154.72800,154.62800,1.00,-10.00,1080.00,水平線手前,損切,支持抵抗,0,154.72800
2024-06-01,2024-06-30,20260209_031004,20260209_031004-0003,2024-06-04 23:00:05.463000,2024-06-04 23:04:08.365000,買い,154.58700,154.68700,1.00,10.00,1090.00,水平線手前,利確,支持抵抗,0,154.58700
2024-06-01,2024-06-30,20260209_031004,20260209_031004-0004,2024-06-07 21:30:01.611000,2024-06-07 21:30:01.815000,買い,155.31900,155.41900,1.00,10.00,1100.00,水平線手前,利確,支持抵抗,0,155.31900
2024-06-01,2024-06-30,20260209_031004,20260209_031004-0005,2024-06-07 21:30:01.815000,2024-06-07 21:30:02.847000,売り,155.79300,155.89300,1.00,-10.00,1090.00,水平線手前,損切,支持抵抗,0,155.79300
2024-06-01,2024-06-30,20260209_031004,20260209_031004-0006,2024-06-07 21:30:02.847000,2024-06-07 21:30:05.500000,売り,155.91000,156.01000,1.00,-10.00,1080.00,水平線手前,損切,支持抵抗,0,155.91000
2024-06-01,2024-06-30,20260209_031004,20260209_031004-0007,2024-06-12 21:30:01.725000,2024-06-12 21:30:02.237000,買い,156.84200,156.74200,1.00,-10.00,1070.00,水平線手前,損切,支持抵抗,0,156.84200
2024-06-01,2024-06-30,20260209_031004,20260209_031004-0008,2024-06-12 21:30:01.930000,2024-06-12 21:30:02.237000,買い,156.82000,156.72000,1.00,-10.00,1060.00,水平線手前,損切,支持抵抗,0,156.82000
2024-06-01,2024-06-30,20260209_031004,20260209_031004-0009,2024-06-12 21:30:02.237000,2024-06-12 21:30:06.903000,買い,156.72400,156.62400,1.00,-10.00,1050.00,水平線手前,損切,支持抵抗,0,156.72400
2024-06-01,2024-06-30,20260209_031004,20260209_031004-0010,2024-06-12 21:30:32.772000,2024-06-12 21:30:55.495000,買い,156.39400,156.49400,1.00,10.00,1060.00,水平線手前,利確,支持抵抗,0,156.39400
2024-06-01,2024-06-30,20260209_031004,20260209_031004-0011,2024-06-14 12:10:02.889000,2024-06-14 12:10:04.536000,買い,156.83000,156.93000,1.00,10.00,1070.00,水平線手前,利確,支持抵抗,0,156.83000
2024-06-01,2024-06-30,20260209_031004,20260209_031004-0012,2024-06-14 12:23:07.731000,2024-06-14 12:23:08.860000,売り,157.31400,157.41400,1.00,-10.00,1060.00,水平線手前,損切,支持抵抗,0,157.31400
2024-06-01,2024-06-30,20260209_031004,20260209_031004-0013,2024-06-14 12:23:08.757000,2024-06-14 12:23:12.911000,売り,157.38600,157.28600,1.00,10.00,1070.00,水平線手前,利確,支持抵抗,0,157.38600
2024-06-01,2024-06-30,20260209_031004,20260209_031004-0014,2024-06-14 12:23:08.450000,2024-06-14 12:23:28.756000,売り,157.35200,157.25200,1.00,10.00,1080.00,水平線手前,利確,支持抵抗,0,157.35200
2024-06-01,2024-06-30,20260209_031004,20260209_031004-0015,2024-06-21 22:45:01.404000,2024-06-21 22:45:35.058000,売り,159.09800,159.19800,1.00,-10.00,1070.00,水平線手前,損切,支持抵抗,0,159.09800
2024-06-01,2024-06-30,20260209_031004,20260209_031004-0016,2024-06-21 22:45:00.623000,2024-06-21 22:45:35.161000,売り,159.10000,159.20000,1.00,-10.00,1060.00,水平線手前,損切,支持抵抗,0,159.10000
2024-06-01,2024-06-30,20260209_031004,20260209_031004-0017,2024-06-24 19:07:04.280000,2024-06-24 19:07:08.264000,買い,158.77500,158.87500,1.00,10.00,1070.00,水平線手前,利確,支持抵抗,0,158.77500
2024-06-01,2024-06-30,20260209_031004,20260209_031004-0018,2024-06-28 21:30:03.134000,2024-06-28 21:30:03.185000,買い,160.39200,160.49200,1.00,10.00,1080.00,水平線手前,利確,支持抵抗,0,160.39200
2024-06-01,2024-06-30,20260209_031004,20260209_031004-0019,2024-06-28 21:30:03.344000,2024-06-28 21:30:03.552000,買い,160.38400,160.48400,1.00,10.00,1090.00,水平線手前,利確,支持抵抗,0,160.38400
2024-07-01,2024-07-31,20260209_031124,20260209_031124-0001,2024-07-01 23:00:02.098000,2024-07-01 23:00:05.352000,買い,160.98800,161.08800,1.00,10.00,1100.00,水平線手前,利確,支持抵抗,0,160.98800
2024-07-01,2024-07-31,20260209_031124,20260209_031124-0002,2024-07-03 23:00:00.336000,2024-07-03 23:01:01.977000,買い,161.41000,161.31000,1.00,-10.00,1090.00,水平線手前,損切,支持抵抗,0,161.41000
2024-07-01,2024-07-31,20260209_031124,20260209_031124-0003,2024-07-05 21:30:21.122000,2024-07-05 21:30:24.980000,買い,160.65200,160.55200,1.00,-10.00,1080.00,水平線手前,損切,支持抵抗,0,160.65200
2024-07-01,2024-07-31,20260209_031124,20260209_031124-0004,2024-07-05 21:30:24.775000,2024-07-05 21:30:38.072000,買い,160.56900,160.46900,1.00,-10.00,1070.00,水平線手前,損切,支持抵抗,0,160.56900
2024-07-01,2024-07-31,20260209_031124,20260209_031124-0005,2024-07-05 21:30:41.829000,2024-07-05 21:30:59.657000,買い,160.36700,160.46700,1.00,10.00,1080.00,水平線手前,利確,支持抵抗,0,160.36700
2024-07-01,2024-07-31,20260209_031124,20260209_031124-0006,2024-07-11 21:30:01.135000,2024-07-11 21:30:01.187000,買い,161.35600,161.25600,1.00,-10.00,1070.00,水平線手前,損切,支持抵抗,0,161.35600
2024-07-01,2024-07-31,20260209_031124,20260209_031124-0007,2024-07-11 21:30:01.187000,2024-07-11 21:30:02.109000,買い,161.23300,161.13300,1.00,-10.00,1060.00,水平線手前,損切,支持抵抗,0,161.23300
2024-07-01,2024-07-31,20260209_031124,20260209_031124-0008,2024-07-11 21:42:07.846000,2024-07-11 21:42:10.595000,買い,160.49300,160.39300,1.00,-10.00,1050.00,水平線手前,損切,支持抵抗,0,160.49300
2024-07-01,2024-07-31,20260209_031124,20260209_031124-0009,2024-07-11 21:42:11.632000,2024-07-11 21:42:16.795000,買い,160.29100,160.19100,1.00,-10.00,1040.00,水平線手前,損切,支持抵抗,0,160.29100
2024-07-01,2024-07-31,20260209_031124,20260209_031124-0010,2024-07-11 21:50:42.079000,2024-07-11 21:50:47.591000,買い,158.39000,158.49000,1.00,10.00,1050.00,水平線手前,利確,支持抵抗,0,158.39000
2024-07-01,2024-07-31,20260209_031124,20260209_031124-0011,2024-07-12 22:09:02.885000,2024-07-12 22:09:08.998000,買い,158.01100,157.91100,1.00,-10.00,1040.00,水平線手前,損切,支持抵抗,0,158.01100
2024-07-01,2024-07-31,20260209_031124,20260209_031124-0012,2024-07-12 22:19:07.710000,2024-07-12 22:19:14.636000,買い,157.39700,157.49700,1.00,10.00,1050.00,水平線手前,利確,支持抵抗,0,157.39700
2024-07-01,2024-07-31,20260209_031124,20260209_031124-0013,2024-07-12 22:19:06.680000,2024-07-12 22:19:14.994000,買い,157.41100,157.51100,1.00,10.00,1060.00,水平線手前,利確,支持抵抗,0,157.41100
2024-07-01,2024-07-31,20260209_031124,20260209_031124-0014,2024-07-12 23:13:12.129000,2024-07-12 23:13:33.090000,買い,157.39900,157.49900,1.00,10.00,1070.00,水平線手前,利確,支持抵抗,0,157.39900
2024-07-01,2024-07-31,20260209_031124,20260209_031124-0015,2024-07-16 01:42:05.076000,2024-07-16 01:42:07.470000,買い,157.19900,157.29900,1.00,10.00,1080.00,水平線手前,利確,支持抵抗,0,157.19900
2024-07-01,2024-07-31,20260209_031124,20260209_031124-0016,2024-07-18 13:22:51.883000,2024-07-18 13:23:13.463000,買い,156.21400,156.31400,1.00,10.00,1090.00,水平線手前,利確,支持抵抗,0,156.21400
2024-07-01,2024-07-31,20260209_031124,20260209_031124-0017,2024-07-18 14:41:04.160000,2024-07-18 14:41:05.720000,買い,155.83300,155.93300,1.00,10.00,1100.00,水平線手前,利確,支持抵抗,0,155.83300
2024-07-01,2024-07-31,20260209_031124,20260209_031124-0018,2024-07-24 14:08:17.541000,2024-07-24 14:11:16.960000,買い,154.36400,154.46400,1.00,10.00,1110.00,水平線手前,利確,支持抵抗,0,154.36400
2024-07-01,2024-07-31,20260209_031124,20260209_031124-0019,2024-07-24 18:40:08.911000,2024-07-24 18:40:11.187000,買い,154.39700,154.29700,1.00,-10.00,1100.00,水平線手前,損切,支持抵抗,0,154.39700
2024-07-01,2024-07-31,20260209_031124,20260209_031124-0020,2024-07-24 18:40:11.134000,2024-07-24 18:40:24.754000,買い,154.31000,154.41000,1.00,10.00,1110.00,水平線手前,利確,支持抵抗,0,154.31000
2024-07-01,2024-07-31,20260209_031124,20260209_031124-0021,2024-07-26 23:19:00.161000,2024-07-26 23:19:04.236000,買い,153.39600,153.29600,1.00,-10.00,1100.00,水平線手前,損切,支持抵抗,0,153.39600
2024-07-01,2024-07-31,20260209_031124,20260209_031124-0022,2024-07-26 23:19:00.787000,2024-07-26 23:19:04.301000,買い,153.39500,153.29500,1.00,-10.00,1090.00,水平線手前,損切,支持抵抗,0,153.39500
2024-07-01,2024-07-31,20260209_031124,20260209_031124-0023,2024-07-26 23:19:04.301000,2024-07-26 23:19:05.932000,買い,153.26700,153.16700,1.00,-10.00,1080.00,水平線手前,損切,支持抵抗,0,153.26700
2024-07-01,2024-07-31,20260209_031124,20260209_031124-0024,2024-07-26 23:19:06.141000,2024-07-26 23:19:08.327000,買い,153.11200,153.21200,1.00,10.00,1090.00,水平線手前,利確,支持抵抗,0,153.11200
2024-07-01,2024-07-31,20260209_031124,20260209_031124-0025,2024-07-31 00:04:18.303000,2024-07-31 00:04:19.820000,買い,153.88600,153.98600,1.00,10.00,1100.00,水平線手前,利確,支持抵抗,0,153.88600
2024-07-01,2024-07-31,20260209_031124,20260209_031124-0026,2024-07-31 12:45:56.828000,2024-07-31 12:45:57.403000,買い,152.20200,152.30200,1.00,10.00,1110.00,水平線手前,利確,支持抵抗,0,152.20200
2024-07-01,2024-07-31,20260209_031124,20260209_031124-0027,2024-07-31 12:56:18.374000,2024-07-31 12:56:19.624000,買い,152.14500,152.24500,1.00,10.00,1120.00,水平線手前,利確,支持抵抗,0,152.14500
2024-07-01,2024-07-31,20260209_031124,20260209_031124-0028,2024-07-31 12:56:29.643000,2024-07-31 12:56:33.906000,買い,152.10200,152.00200,1.00,-10.00,1110.00,水平線手前,損切,支持抵抗,0,152.10200
2024-07-01,2024-07-31,20260209_031124,20260209_031124-0029,2024-07-31 12:56:34.483000,2024-07-31 12:56:36.248000,買い,151.96400,151.86400,1.00,-10.00,1100.00,水平線手前,損切,支持抵抗,0,151.96400
2024-07-01,2024-07-31,20260209_031124,20260209_031124-0030,2024-07-31 12:56:42.999000,2024-07-31 12:56:56.831000,買い,151.62600,151.72600,1.00,10.00,1110.00,水平線手前,利確,支持抵抗,0,151.62600
2024-07-01,2024-07-31,20260209_031124,20260209_031124-0031,2024-07-31 12:59:42.865000,2024-07-31 12:59:43.024000,売り,153.82000,153.72000,1.00,10.00,1120.00,水平線手前,利確,支持抵抗,0,153.82000
2024-07-01,2024-07-31,20260209_031124,20260209_031124-0032,2024-07-31 13:00:19.717000,2024-07-31 13:00:34.303000,売り,153.87400,153.77400,1.00,10.00,1130.00,水平線手前,利確,支持抵抗,0,153.87400
2024-07-01,2024-07-31,20260209_031124,20260209_031124-0033,2024-07-31 16:54:41.184000,2024-07-31 16:54:54.115000,買い,150.64400,150.74400,1.00,10.00,1140.00,水平線手前,利確,支持抵抗,0,150.64400
2024-07-01,2024-07-31,20260209_031124,20260209_031124-0034,2024-07-31 17:08:53.296000,2024-07-31 17:09:04.826000,買い,150.08900,150.18900,1.00,10.00,1150.00,水平線手前,利確,支持抵抗,0,150.08900
2024-07-01,2024-07-31,20260209_031124,20260209_031124-0035,2024-07-31 23:00:30.034000,2024-07-31 23:01:36.643000,買い,149.66300,149.76300,1.00,10.00,1160.00,水平線手前,利確,支持抵抗,0,149.66300
2024-08-01,2024-08-31,20260209_031347,20260209_031347-0001,2024-08-01 03:00:13.023000,2024-08-01 03:00:16.718000,売り,150.93000,151.03000,1.00,-10.00,1150.00,水平線手前,損切,支持抵抗,0,150.93000
2024-08-01,2024-08-31,20260209_031347,20260209_031347-0002,2024-08-02 21:30:01.222000,2024-08-02 21:30:06.400000,買い,148.55500,148.45500,1.00,-10.00,1140.00,水平線手前,損切,支持抵抗,0,148.55500
2024-08-01,2024-08-31,20260209_031347,20260209_031347-0003,2024-08-02 21:30:01.583000,2024-08-02 21:30:06.400000,買い,148.54300,148.44300,1.00,-10.00,1130.00,水平線手前,損切,支持抵抗,0,148.54300
2024-08-01,2024-08-31,20260209_031347,20260209_031347-0004,2024-08-05 12:12:06.688000,2024-08-05 12:12:06.846000,買い,144.77200,144.67200,1.00,-10.00,1120.00,水平線手前,損切,支持抵抗,0,144.77200
2024-08-01,2024-08-31,20260209_031347,20260209_031347-0005,2024-08-05 12:56:46.033000,2024-08-05 12:56:49.338000,買い,144.20300,144.30300,1.00,10.00,1130.00,水平線手前,利確,支持抵抗,0,144.20300
2024-08-01,2024-08-31,20260209_031347,20260209_031347-0006,2024-08-05 13:26:48.845000,2024-08-05 13:26:49.004000,買い,142.20800,142.30800,1.00,10.00,1140.00,水平線手前,利確,支持抵抗,0,142.20800
2024-08-01,2024-08-31,20260209_031347,20260209_031347-0007,2024-08-05 22:45:57.501000,2024-08-05 22:46:31.006000,売り,142.95700,142.85700,1.00,10.00,1150.00,水平線手前,利確,支持抵抗,0,142.95700
2024-08-01,2024-08-31,20260209_031347,20260209_031347-0008,2024-08-05 22:45:55.527000,2024-08-05 22:47:13.354000,売り,142.93300,142.83300,1.00,10.00,1160.00,水平線手前,利確,支持抵抗,0,142.93300
2024-08-01,2024-08-31,20260209_031347,20260209_031347-0009,2024-08-08 21:30:01.103000,2024-08-08 21:30:02.969000,売り,146.27100,146.37100,1.00,-10.00,1150.00,水平線手前,損切,支持抵抗,0,146.27100
2024-08-01,2024-08-31,20260209_031347,20260209_031347-0010,2024-08-08 21:30:06.839000,2024-08-08 21:30:07.547000,売り,146.49400,146.59400,1.00,-10.00,1140.00,水平線手前,損切,支持抵抗,0,146.49400
2024-08-01,2024-08-31,20260209_031347,20260209_031347-0011,2024-08-14 21:30:02.190000,2024-08-14 21:30:05.281000,買い,146.54100,146.64100,1.00,10.00,1150.00,水平線手前,利確,支持抵抗,0,146.54100
2024-08-01,2024-08-31,20260209_031347,20260209_031347-0012,2024-08-15 21:30:01.445000,2024-08-15 21:30:02.435000,売り,147.62000,147.52000,1.00,10.00,1160.00,水平線手前,利確,支持抵抗,0,147.62000
2024-08-01,2024-08-31,20260209_031347,20260209_031347-0013,2024-08-15 21:30:16.851000,2024-08-15 21:30:30.941000,売り,147.92200,148.02200,1.00,-10.00,1150.00,水平線手前,損切,支持抵抗,0,147.92200
2024-08-01,2024-08-31,20260209_031347,20260209_031347-0014,2024-08-15 21:30:44.956000,2024-08-15 21:30:54.589000,売り,148.19300,148.09300,1.00,10.00,1160.00,水平線手前,利確,支持抵抗,0,148.19300
2024-08-01,2024-08-31,20260209_031347,20260209_031347-0015,2024-08-21 23:00:10.169000,2024-08-21 23:00:10.542000,売り,146.20800,146.30800,1.00,-10.00,1150.00,水平線手前,損切,支持抵抗,0,146.20800
2024-08-01,2024-08-31,20260209_031347,20260209_031347-0016,2024-08-21 23:00:12.593000,2024-08-21 23:00:12.867000,売り,146.54000,146.64000,1.00,-10.00,1140.00,水平線手前,損切,支持抵抗,0,146.54000
2024-08-01,2024-08-31,20260209_031347,20260209_031347-0017,2024-08-21 23:00:14.490000,2024-08-21 23:00:15.215000,売り,146.87500,146.77500,1.00,10.00,1150.00,水平線手前,利確,支持抵抗,0,146.87500
2024-08-01,2024-08-31,20260209_031347,20260209_031347-0018,2024-08-21 23:32:23.497000,2024-08-21 23:32:38.419000,買い,145.53500,145.63500,1.00,10.00,1160.00,水平線手前,利確,支持抵抗,0,145.53500
2024-08-01,2024-08-31,20260209_031347,20260209_031347-0019,2024-08-22 03:00:04.155000,2024-08-22 03:02:11.855000,買い,144.87800,144.77800,1.00,-10.00,1150.00,水平線手前,損切,支持抵抗,0,144.87800
2024-08-01,2024-08-31,20260209_031347,20260209_031347-0020,2024-08-22 21:30:11.706000,2024-08-22 21:30:24.925000,売り,146.11900,146.21900,1.00,-10.00,1140.00,水平線手前,損切,支持抵抗,0,146.11900
2024-08-01,2024-08-31,20260209_031347,20260209_031347-0021,2024-08-22 22:45:00.179000,2024-08-22 22:45:01.574000,売り,146.37300,146.47300,1.00,-10.00,1130.00,水平線手前,損切,支持抵抗,0,146.37300
2024-08-01,2024-08-31,20260209_031347,20260209_031347-0022,2024-08-22 22:45:01.574000,2024-08-22 22:45:40.774000,売り,146.46900,146.36900,1.00,10.00,1140.00,水平線手前,利確,支持抵抗,0,146.46900
2024-08-01,2024-08-31,20260209_031347,20260209_031347-0023,2024-08-29 21:30:10.127000,2024-08-29 21:30:13.968000,売り,144.83300,144.93300,1.00,-10.00,1130.00,水平線手前,損切,支持抵抗,0,144.83300
2024-08-01,2024-08-31,20260209_031347,20260209_031347-0024,2024-08-29 21:30:17.439000,2024-08-29 21:30:47.399000,売り,145.01300,145.11300,1.00,-10.00,1120.00,水平線手前,損切,支持抵抗,0,145.01300
2024-09-01,2024-09-30,20260209_031544,20260209_031544-0001,2024-09-03 23:00:00.285000,2024-09-03 23:00:00.439000,買い,145.28800,145.18800,1.00,-10.00,1110.00,水平線手前,損切,支持抵抗,0,145.28800
2024-09-01,2024-09-30,20260209_031544,20260209_031544-0002,2024-09-03 23:00:00.439000,2024-09-03 23:00:01.897000,買い,145.12600,145.22600,1.00,10.00,1120.00,水平線手前,利確,支持抵抗,0,145.12600
2024-09-01,2024-09-30,20260209_031544,20260209_031544-0003,2024-09-06 21:30:07.014000,2024-09-06 21:30:07.424000,売り,143.48900,143.58900,1.00,-10.00,1110.00,水平線手前,損切,支持抵抗,0,143.48900
2024-09-01,2024-09-30,20260209_031544,20260209_031544-0004,2024-09-06 21:30:11.566000,2024-09-06 21:30:11.875000,売り,144.04100,143.94100,1.00,10.00,1120.00,水平線手前,利確,支持抵抗,0,144.04100
2024-09-01,2024-09-30,20260209_031544,20260209_031544-0005,2024-09-07 00:00:08.395000,2024-09-07 00:00:09.745000,買い,142.24800,142.14800,1.00,-10.00,1110.00,水平線手前,損切,支持抵抗,0,142.24800
2024-09-01,2024-09-30,20260209_031544,20260209_031544-0006,2024-09-07 00:00:14.441000,2024-09-07 00:00:17.385000,買い,141.99800,141.89800,1.00,-10.00,1100.00,水平線手前,損切,支持抵抗,0,141.99800
2024-09-01,2024-09-30,20260209_031544,20260209_031544-0007,2024-09-07 00:00:45.358000,2024-09-07 00:00:54.073000,買い,141.78600,141.88600,1.00,10.00,1110.00,水平線手前,利確,支持抵抗,0,141.78600
2024-09-01,2024-09-30,20260209_031544,20260209_031544-0008,2024-09-11 21:30:01.405000,2024-09-11 21:30:02.083000,売り,142.05400,141.95400,1.00,10.00,1120.00,水平線手前,利確,支持抵抗,0,142.05400
2024-09-01,2024-09-30,20260209_031544,20260209_031544-0009,2024-09-17 21:31:28.232000,2024-09-17 21:32:02.102000,売り,140.81300,140.91300,1.00,-10.00,1110.00,水平線手前,損切,支持抵抗,0,140.81300
2024-09-01,2024-09-30,20260209_031544,20260209_031544-0010,2024-09-20 11:52:08.829000,2024-09-20 11:52:34.040000,売り,142.74400,142.64400,1.00,10.00,1120.00,水平線手前,利確,支持抵抗,0,142.74400
2024-09-01,2024-09-30,20260209_031544,20260209_031544-0011,2024-09-23 22:45:00.551000,2024-09-23 22:45:01.668000,買い,143.46700,143.56700,1.00,10.00,1130.00,水平線手前,利確,支持抵抗,0,143.46700
2024-09-01,2024-09-30,20260209_031544,20260209_031544-0012,2024-09-23 22:45:14.009000,2024-09-23 22:45:20.202000,売り,143.84800,143.94800,1.00,-10.00,1120.00,水平線手前,損切,支持抵抗,0,143.84800
2024-09-01,2024-09-30,20260209_031544,20260209_031544-0013,2024-09-27 15:23:14.651000,2024-09-27 15:23:15.653000,買い,144.14600,144.04600,1.00,-10.00,1110.00,水平線手前,損切,支持抵抗,0,144.14600
2024-09-01,2024-09-30,20260209_031544,20260209_031544-0014,2024-09-27 15:23:14.912000,2024-09-27 15:23:15.653000,買い,144.13100,144.03100,1.00,-10.00,1100.00,水平線手前,損切,支持抵抗,0,144.13100
2024-09-01,2024-09-30,20260209_031544,20260209_031544-0015,2024-09-27 15:23:26.675000,2024-09-27 15:23:28.461000,買い,143.84400,143.94400,1.00,10.00,1110.00,水平線手前,利確,支持抵抗,0,143.84400
2024-09-01,2024-09-30,20260209_031544,20260209_031544-0016,2024-09-27 16:23:01.912000,2024-09-27 16:23:44.908000,買い,142.92600,143.02600,1.00,10.00,1120.00,水平線手前,利確,支持抵抗,0,142.92600
2024-10-01,2024-10-31,20260209_031705,20260209_031705-0001,2024-10-03 21:30:00.700000,2024-10-03 21:30:05.836000,買い,146.51000,146.61000,1.00,10.00,1130.00,水平線手前,利確,支持抵抗,0,146.51000
2024-10-01,2024-10-31,20260209_031705,20260209_031705-0002,2024-10-03 23:00:00.388000,2024-10-03 23:00:12.537000,売り,146.97300,146.87300,1.00,10.00,1140.00,水平線手前,利確,支持抵抗,0,146.97300
2024-10-01,2024-10-31,20260209_031705,20260209_031705-0003,2024-10-04 21:30:01.246000,2024-10-04 21:30:01.562000,売り,146.95700,146.85700,1.00,10.00,1150.00,水平線手前,利確,支持抵抗,0,146.95700
2024-10-01,2024-10-31,20260209_031705,20260209_031705-0004,2024-10-04 21:30:03.944000,2024-10-04 21:30:05.978000,売り,147.20500,147.30500,1.00,-10.00,1140.00,水平線手前,損切,支持抵抗,0,147.20500
2024-10-01,2024-10-31,20260209_031705,20260209_031705-0005,2024-10-04 21:30:04.157000,2024-10-04 21:30:05.978000,売り,147.24500,147.34500,1.00,-10.00,1130.00,水平線手前,損切,支持抵抗,0,147.24500
2024-10-01,2024-10-31,20260209_031705,20260209_031705-0006,2024-10-10 21:30:01.003000,2024-10-10 21:30:01.166000,買い,148.70800,148.80800,1.00,10.00,1140.00,水平線手前,利確,支持抵抗,0,148.70800
2024-10-01,2024-10-31,20260209_031705,20260209_031705-0007,2024-10-10 21:30:01.903000,2024-10-10 21:30:02.014000,売り,149.33000,149.43000,1.00,-10.00,1130.00,水平線手前,損切,支持抵抗,0,149.33000
2024-10-01,2024-10-31,20260209_031705,20260209_031705-0008,2024-10-10 21:30:02.899000,2024-10-10 21:30:04.658000,売り,149.53100,149.43100,1.00,10.00,1140.00,水平線手前,利確,支持抵抗,0,149.53100
2024-10-01,2024-10-31,20260209_031705,20260209_031705-0009,2024-10-10 21:30:02.951000,2024-10-10 21:30:04.658000,売り,149.55800,149.45800,1.00,10.00,1150.00,水平線手前,利確,支持抵抗,0,149.55800
2024-10-01,2024-10-31,20260209_031705,20260209_031705-0010,2024-10-10 21:30:16.229000,2024-10-10 21:30:16.932000,買い,148.25500,148.35500,1.00,10.00,1160.00,水平線手前,利確,支持抵抗,0,148.25500
2024-10-01,2024-10-31,20260209_031705,20260209_031705-0011,2024-10-17 21:30:00.492000,2024-10-17 21:30:00.756000,売り,149.85100,149.75100,1.00,10.00,1170.00,水平線手前,利確,支持抵抗,0,149.85100
2024-10-01,2024-10-31,20260209_031705,20260209_031705-0012,2024-10-29 23:00:04.166000,2024-10-29 23:00:06.625000,買い,153.00600,153.10600,1.00,10.00,1180.00,水平線手前,利確,支持抵抗,0,153.00600
2024-10-01,2024-10-31,20260209_031705,20260209_031705-0013,2024-10-30 21:30:26.712000,2024-10-30 21:36:21.077000,売り,153.46000,153.36000,1.00,10.00,1190.00,水平線手前,利確,支持抵抗,0,153.46000
2024-10-01,2024-10-31,20260209_031705,20260209_031705-0014,2024-10-30 21:30:25.052000,2024-10-30 21:42:25.738000,売り,153.44200,153.34200,1.00,10.00,1200.00,水平線手前,利確,支持抵抗,0,153.44200
2024-10-01,2024-10-31,20260209_031705,20260209_031705-0015,2024-10-31 11:48:07.195000,2024-10-31 11:48:08.393000,売り,153.59500,153.49500,1.00,10.00,1210.00,水平線手前,利確,支持抵抗,0,153.59500
2024-10-01,2024-10-31,20260209_031705,20260209_031705-0016,2024-10-31 11:48:06.904000,2024-10-31 11:48:09.625000,売り,153.57000,153.47000,1.00,10.00,1220.00,水平線手前,利確,支持抵抗,0,153.57000
2024-10-01,2024-10-31,20260209_031705,20260209_031705-0017,2024-10-31 11:48:06.800000,2024-10-31 11:48:10.342000,売り,153.55400,153.45400,1.00,10.00,1230.00,水平線手前,利確,支持抵抗,0,153.55400
2024-11-01,2024-11-30,20260209_031856,20260209_031856-0001,2024-11-01 21:30:02.541000,2024-11-01 21:30:04.355000,買い,152.23400,152.13400,1.00,-10.00,1220.00,水平線手前,損切,支持抵抗,0,152.23400
2024-11-01,2024-11-30,20260209_031856,20260209_031856-0002,2024-11-13 22:30:02.533000,2024-11-13 22:30:02.949000,買い,154.78200,154.68200,1.00,-10.00,1210.00,水平線手前,損切,支持抵抗,0,154.78200
2024-11-01,2024-11-30,20260209_031856,20260209_031856-0003,2024-11-13 22:30:06.221000,2024-11-13 22:30:10.238000,買い,154.52300,154.62300,1.00,10.00,1220.00,水平線手前,利確,支持抵抗,0,154.52300
2024-11-01,2024-11-30,20260209_031856,20260209_031856-0004,2024-11-15 22:30:11.556000,2024-11-15 22:30:15.887000,買い,155.25500,155.15500,1.00,-10.00,1210.00,水平線手前,損切,支持抵抗,0,155.25500
2024-11-01,2024-11-30,20260209_031856,20260209_031856-0005,2024-11-15 22:30:15.887000,2024-11-15 22:30:16.983000,買い,155.16000,155.26000,1.00,10.00,1220.00,水平線手前,利確,支持抵抗,0,155.16000
2024-11-01,2024-11-30,20260209_031856,20260209_031856-0006,2024-11-21 15:13:16.477000,2024-11-21 15:13:42.648000,買い,154.58700,154.68700,1.00,10.00,1230.00,水平線手前,利確,支持抵抗,0,154.58700
2024-12-01,2024-12-31,20260209_032016,20260209_032016-0001,2024-12-05 14:42:14.872000,2024-12-05 14:44:51.676000,買い,149.81800,149.91800,1.00,10.00,1240.00,水平線手前,利確,支持抵抗,0,149.81800
2024-12-01,2024-12-31,20260209_032016,20260209_032016-0002,2024-12-11 18:11:05.738000,2024-12-11 18:11:07.519000,買い,151.45100,151.35100,1.00,-10.00,1230.00,水平線手前,損切,支持抵抗,0,151.45100
2024-12-01,2024-12-31,20260209_032016,20260209_032016-0003,2024-12-11 18:11:06.869000,2024-12-11 18:11:07.519000,買い,151.45100,151.35100,1.00,-10.00,1220.00,水平線手前,損切,支持抵抗,0,151.45100
2024-12-01,2024-12-31,20260209_032016,20260209_032016-0004,2024-12-11 18:11:06.489000,2024-12-11 18:11:07.795000,買い,151.42800,151.32800,1.00,-10.00,1210.00,水平線手前,損切,支持抵抗,0,151.42800
2024-12-01,2024-12-31,20260209_032016,20260209_032016-0005,2024-12-11 22:30:14.067000,2024-12-11 22:30:15.485000,売り,152.82900,152.72900,1.00,10.00,1220.00,水平線手前,利確,支持抵抗,0,152.82900
2024-12-01,2024-12-31,20260209_032016,20260209_032016-0006,2024-12-11 22:30:13.014000,2024-12-11 22:30:15.831000,売り,152.77500,152.67500,1.00,10.00,1230.00,水平線手前,利確,支持抵抗,0,152.77500
2024-12-01,2024-12-31,20260209_032016,20260209_032016-0007,2024-12-11 22:30:21.556000,2024-12-11 22:32:27.563000,買い,152.51400,152.61400,1.00,10.00,1240.00,水平線手前,利確,支持抵抗,0,152.51400
2024-12-01,2024-12-31,20260209_032016,20260209_032016-0008,2024-12-19 04:00:01.146000,2024-12-19 04:00:01.525000,売り,154.08700,154.18700,1.00,-10.00,1230.00,水平線手前,損切,支持抵抗,0,154.08700
2024-12-01,2024-12-31,20260209_032016,20260209_032016-0009,2024-12-19 04:00:01.525000,2024-12-19 04:00:04.895000,売り,154.18300,154.08300,1.00,10.00,1240.00,水平線手前,利確,支持抵抗,0,154.18300
2024-12-01,2024-12-31,20260209_032016,20260209_032016-0010,2024-12-19 04:00:06.850000,2024-12-19 04:00:07.790000,売り,154.22900,154.12900,1.00,10.00,1250.00,水平線手前,利確,支持抵抗,0,154.22900
2024-12-01,2024-12-31,20260209_032016,20260209_032016-0011,2024-12-19 11:52:15.988000,2024-12-19 11:52:29.735000,売り,154.86600,154.96600,1.00,-10.00,1240.00,水平線手前,損切,支持抵抗,0,154.86600
2024-12-01,2024-12-31,20260209_032016,20260209_032016-0012,2024-12-19 11:52:59.348000,2024-12-19 11:53:17.590000,売り,155.24800,155.14800,1.00,10.00,1250.00,水平線手前,利確,支持抵抗,0,155.24800
2024-12-01,2024-12-31,20260209_032016,20260209_032016-0013,2024-12-19 15:33:29.925000,2024-12-19 15:33:37.566000,買い,154.94000,155.04000,1.00,10.00,1260.00,水平線手前,利確,支持抵抗,0,154.94000
2024-12-01,2024-12-31,20260209_032016,20260209_032016-0014,2024-12-25 16:51:26.179000,2024-12-25 16:58:11.532000,買い,156.93900,157.03900,1.00,10.00,1270.00,水平線手前,利確,支持抵抗,0,156.93900
2025-01-01,2025-01-31,20260209_032145,20260209_032145-0001,2025-01-10 22:30:01.667000,2025-01-10 22:30:01.968000,売り,158.41900,158.31900,1.00,10.00,1280.00,水平線手前,利確,支持抵抗,0,158.41900
2025-01-01,2025-01-31,20260209_032145,20260209_032145-0002,2025-01-10 22:30:03.365000,2025-01-10 22:30:14.673000,売り,158.52200,158.62200,1.00,-10.00,1270.00,水平線手前,損切,支持抵抗,0,158.52200
2025-01-01,2025-01-31,20260209_032145,20260209_032145-0003,2025-01-14 22:30:05.113000,2025-01-14 22:30:07.177000,買い,157.40000,157.50000,1.00,10.00,1280.00,水平線手前,利確,支持抵抗,0,157.40000
2025-01-01,2025-01-31,20260209_032145,20260209_032145-0004,2025-01-15 22:30:01.352000,2025-01-15 22:30:01.938000,買い,156.65400,156.55400,1.00,-10.00,1270.00,水平線手前,損切,支持抵抗,0,156.65400
2025-01-01,2025-01-31,20260209_032145,20260209_032145-0005,2025-01-15 22:30:01.938000,2025-01-15 22:30:04.708000,買い,156.42400,156.52400,1.00,10.00,1280.00,水平線手前,利確,支持抵抗,0,156.42400
2025-01-01,2025-01-31,20260209_032145,20260209_032145-0006,2025-01-24 01:14:03.188000,2025-01-24 01:16:22.781000,買い,156.14000,156.04000,1.00,-10.00,1270.00,水平線手前,損切,支持抵抗,0,156.14000
2025-01-01,2025-01-31,20260209_032145,20260209_032145-0007,2025-01-24 12:30:03.827000,2025-01-24 12:30:24.531000,買い,155.73600,155.83600,1.00,10.00,1280.00,水平線手前,利確,支持抵抗,0,155.73600
2025-01-01,2025-01-31,20260209_032145,20260209_032145-0008,2025-01-24 12:30:03.174000,2025-01-24 12:30:26.237000,買い,155.76800,155.86800,1.00,10.00,1290.00,水平線手前,利確,支持抵抗,0,155.76800
2025-01-01,2025-01-31,20260209_032145,20260209_032145-0009,2025-01-24 15:44:22.759000,2025-01-24 15:44:23.663000,売り,155.69100,155.59100,1.00,10.00,1300.00,水平線手前,利確,支持抵抗,0,155.69100
2025-01-01,2025-01-31,20260209_032145,20260209_032145-0010,2025-01-24 23:45:00.285000,2025-01-24 23:45:02.367000,買い,156.11100,156.21100,1.00,10.00,1310.00,水平線手前,利確,支持抵抗,0,156.11100
2025-02-01,2025-02-28,20260209_032319,20260209_032319-0001,2025-02-05 00:00:02.439000,2025-02-05 00:00:25.372000,買い,154.86100,154.76100,1.00,-10.00,1300.00,水平線手前,損切,支持抵抗,0,154.86100
2025-02-01,2025-02-28,20260209_032319,20260209_032319-0002,2025-02-06 00:00:00.256000,2025-02-06 00:00:37.631000,買い,152.53400,152.43400,1.00,-10.00,1290.00,水平線手前,損切,支持抵抗,0,152.53400
2025-02-01,2025-02-28,20260209_032319,20260209_032319-0003,2025-02-07 22:30:03.428000,2025-02-07 22:30:04.520000,買い,151.46400,151.36400,1.00,-10.00,1280.00,水平線手前,損切,支持抵抗,0,151.46400
2025-02-01,2025-02-28,20260209_032319,20260209_032319-0004,2025-02-07 22:30:06.227000,2025-02-07 22:30:10.437000,買い,151.34900,151.44900,1.00,10.00,1290.00,水平線手前,利確,支持抵抗,0,151.34900
2025-02-01,2025-02-28,20260209_032319,20260209_032319-0005,2025-02-08 00:55:03.564000,2025-02-08 00:55:17.877000,買い,151.31200,151.41200,1.00,10.00,1300.00,水平線手前,利確,支持抵抗,0,151.31200
2025-02-01,2025-02-28,20260209_032319,20260209_032319-0006,2025-02-08 02:16:53.029000,2025-02-08 02:16:57.335000,売り,151.81800,151.71800,1.00,10.00,1310.00,水平線手前,利確,支持抵抗,0,151.81800
2025-02-01,2025-02-28,20260209_032319,20260209_032319-0007,2025-02-12 21:58:34.773000,2025-02-12 21:59:01.422000,買い,153.41100,153.51100,1.00,10.00,1320.00,水平線手前,利確,支持抵抗,0,153.41100
2025-02-01,2025-02-28,20260209_032319,20260209_032319-0008,2025-02-12 21:58:34.721000,2025-02-12 21:59:22.124000,買い,153.44300,153.54300,1.00,10.00,1330.00,水平線手前,利確,支持抵抗,0,153.44300
2025-02-01,2025-02-28,20260209_032319,20260209_032319-0009,2025-02-12 22:30:00.424000,2025-02-12 22:30:01.299000,買い,153.30100,153.40100,1.00,10.00,1340.00,水平線手前,利確,支持抵抗,0,153.30100
2025-02-01,2025-02-28,20260209_032319,20260209_032319-0010,2025-02-12 22:30:01.299000,2025-02-12 22:30:02.196000,売り,153.87500,153.97500,1.00,-10.00,1330.00,水平線手前,損切,支持抵抗,0,153.87500
2025-03-01,2025-03-31,20260209_032521,20260209_032521-0001,2025-03-07 22:31:23.699000,2025-03-07 22:31:34.113000,売り,147.82300,147.92300,1.00,-10.00,1320.00,水平線手前,損切,支持抵抗,0,147.82300
2025-03-01,2025-03-31,20260209_032521,20260209_032521-0002,2025-03-11 21:57:52.229000,2025-03-11 21:59:27.241000,売り,147.90600,147.80600,1.00,10.00,1330.00,水平線手前,利確,支持抵抗,0,147.90600
2025-03-01,2025-03-31,20260209_032521,20260209_032521-0003,2025-03-13 21:30:01.218000,2025-03-13 21:30:02.832000,買い,147.74100,147.84100,1.00,10.00,1340.00,水平線手前,利確,支持抵抗,0,147.74100
2025-03-01,2025-03-31,20260209_032521,20260209_032521-0004,2025-03-13 21:30:03.192000,2025-03-13 21:30:04.899000,買い,147.85700,147.95700,1.00,10.00,1350.00,水平線手前,利確,支持抵抗,0,147.85700
2025-03-01,2025-03-31,20260209_032521,20260209_032521-0005,2025-03-17 21:30:03.478000,2025-03-17 21:30:05.256000,買い,148.27400,148.37400,1.00,10.00,1360.00,水平線手前,利確,支持抵抗,0,148.27400
2025-03-01,2025-03-31,20260209_032521,20260209_032521-0006,2025-03-17 21:30:04.623000,2025-03-17 21:30:05.311000,買い,148.28900,148.38900,1.00,10.00,1370.00,水平線手前,利確,支持抵抗,0,148.28900
2025-04-01,2025-04-30,20260209_032738,20260209_032738-0001,2025-04-03 23:00:14.659000,2025-04-03 23:00:25.166000,買い,145.21800,145.31800,1.00,10.00,1380.00,水平線手前,利確,支持抵抗,0,145.21800
2025-04-01,2025-04-30,20260209_032738,20260209_032738-0002,2025-04-07 23:22:31.765000,2025-04-07 23:22:41.833000,売り,147.40100,147.30100,1.00,10.00,1390.00,水平線手前,利確,支持抵抗,0,147.40100
2025-04-01,2025-04-30,20260209_032738,20260209_032738-0003,2025-04-10 02:18:44.800000,2025-04-10 02:18:49.875000,買い,144.58800,144.68800,1.00,10.00,1400.00,水平線手前,利確,支持抵抗,0,144.58800
2025-04-01,2025-04-30,20260209_032738,20260209_032738-0004,2025-04-10 03:23:14.184000,2025-04-10 03:26:24.921000,売り,148.11900,148.21900,1.00,-10.00,1390.00,水平線手前,損切,支持抵抗,0,148.11900
2025-04-01,2025-04-30,20260209_032738,20260209_032738-0005,2025-04-11 18:51:01.144000,2025-04-11 18:51:03.836000,買い,142.07000,142.17000,1.00,10.00,1400.00,水平線手前,利確,支持抵抗,0,142.07000
2025-04-01,2025-04-30,20260209_032738,20260209_032738-0006,2025-04-11 22:39:17.713000,2025-04-11 22:39:33.203000,売り,143.18900,143.28900,1.00,-10.00,1390.00,水平線手前,損切,支持抵抗,0,143.18900
2025-04-01,2025-04-30,20260209_032738,20260209_032738-0007,2025-04-11 22:39:44.041000,2025-04-11 22:39:57.972000,売り,143.53900,143.43900,1.00,10.00,1400.00,水平線手前,利確,支持抵抗,0,143.53900
2025-04-01,2025-04-30,20260209_032738,20260209_032738-0008,2025-04-23 22:37:44.911000,2025-04-23 22:37:48.860000,売り,142.19000,142.29000,1.00,-10.00,1390.00,水平線手前,損切,支持抵抗,0,142.19000
2025-04-01,2025-04-30,20260209_032738,20260209_032738-0009,2025-04-25 19:17:25.827000,2025-04-25 19:29:30.953000,売り,143.66800,143.56800,1.00,10.00,1400.00,水平線手前,利確,支持抵抗,0,143.66800
2025-05-01,2025-05-31,20260209_032905,20260209_032905-0001,2025-05-01 03:07:04.614000,2025-05-01 03:07:33.813000,売り,142.99000,142.89000,1.00,10.00,1410.00,水平線手前,利確,支持抵抗,0,142.99000
2025-05-01,2025-05-31,20260209_032905,20260209_032905-0002,2025-05-01 23:00:11.301000,2025-05-01 23:00:25.203000,売り,144.77400,144.87400,1.00,-10.00,1400.00,水平線手前,損切,支持抵抗,0,144.77400
2025-05-01,2025-05-31,20260209_032905,20260209_032905-0003,2025-05-13 21:30:06.468000,2025-05-13 21:30:14.527000,買い,147.87700,147.97700,1.00,10.00,1410.00,水平線手前,利確,支持抵抗,0,147.87700
2025-05-01,2025-05-31,20260209_032905,20260209_032905-0004,2025-05-15 21:30:13.247000,2025-05-15 21:30:54.062000,買い,145.66100,145.76100,1.00,10.00,1420.00,水平線手前,利確,支持抵抗,0,145.66100
2025-05-01,2025-05-31,20260209_032905,20260209_032905-0005,2025-05-20 11:57:42.680000,2025-05-20 11:57:45.985000,売り,145.26800,145.16800,1.00,10.00,1430.00,水平線手前,利確,支持抵抗,0,145.26800
2025-05-01,2025-05-31,20260209_032905,20260209_032905-0006,2025-05-22 22:45:05.531000,2025-05-22 22:45:33.001000,売り,143.76600,143.86600,1.00,-10.00,1420.00,水平線手前,損切,支持抵抗,0,143.76600
2025-05-01,2025-05-31,20260209_032905,20260209_032905-0007,2025-05-23 20:19:59.571000,2025-05-23 20:20:53.221000,買い,143.17700,143.07700,1.00,-10.00,1410.00,水平線手前,損切,支持抵抗,0,143.17700
2025-05-01,2025-05-31,20260209_032905,20260209_032905-0008,2025-05-27 23:00:04.725000,2025-05-27 23:09:55.226000,売り,144.36900,144.26900,1.00,10.00,1420.00,水平線手前,利確,支持抵抗,0,144.36900
2025-06-01,2025-06-30,20260209_033015,20260209_033015-0001,2025-06-04 23:00:00.158000,2025-06-04 23:00:00.571000,買い,143.43900,143.33900,1.00,-10.00,1410.00,水平線手前,損切,支持抵抗,0,143.43900
2025-06-01,2025-06-30,20260209_033015,20260209_033015-0002,2025-06-05 21:50:20.337000,2025-06-05 21:50:24.351000,売り,143.66200,143.56200,1.00,10.00,1420.00,水平線手前,利確,支持抵抗,0,143.66200
2025-06-01,2025-06-30,20260209_033015,20260209_033015-0003,2025-06-06 21:30:02.208000,2025-06-06 21:30:03.188000,売り,144.43400,144.53400,1.00,-10.00,1410.00,水平線手前,損切,支持抵抗,0,144.43400
2025-06-01,2025-06-30,20260209_033015,20260209_033015-0004,2025-06-11 21:30:06.951000,2025-06-11 21:30:11.225000,買い,144.69100,144.79100,1.00,10.00,1420.00,水平線手前,利確,支持抵抗,0,144.69100
2025-06-01,2025-06-30,20260209_033015,20260209_033015-0005,2025-06-12 21:30:21.953000,2025-06-12 21:30:36.898000,買い,143.44100,143.34100,1.00,-10.00,1410.00,水平線手前,損切,支持抵抗,0,143.44100
2025-06-01,2025-06-30,20260209_033015,20260209_033015-0006,2025-06-17 21:30:01.370000,2025-06-17 21:30:08.756000,買い,144.41500,144.51500,1.00,10.00,1420.00,水平線手前,利確,支持抵抗,0,144.41500
2025-06-01,2025-06-30,20260209_033015,20260209_033015-0007,2025-06-17 21:30:01.162000,2025-06-17 21:30:11.330000,買い,144.44000,144.54000,1.00,10.00,1430.00,水平線手前,利確,支持抵抗,0,144.44000
2025-06-01,2025-06-30,20260209_033015,20260209_033015-0008,2025-06-17 21:30:03.349000,2025-06-17 21:30:11.330000,買い,144.44500,144.54500,1.00,10.00,1440.00,水平線手前,利確,支持抵抗,0,144.44500
2025-06-01,2025-06-30,20260209_033015,20260209_033015-0009,2025-06-19 03:00:15.175000,2025-06-19 03:00:21.998000,買い,144.56200,144.46200,1.00,-10.00,1430.00,水平線手前,損切,支持抵抗,0,144.56200
2025-07-01,2025-07-31,20260209_033115,20260209_033115-0001,2025-07-03 21:30:01.420000,2025-07-03 21:30:01.728000,売り,144.32500,144.42500,1.00,-10.00,1420.00,水平線手前,損切,支持抵抗,0,144.32500
2025-07-01,2025-07-31,20260209_033115,20260209_033115-0002,2025-07-03 21:30:02.089000,2025-07-03 21:30:02.605000,売り,144.46900,144.56900,1.00,-10.00,1410.00,水平線手前,損切,支持抵抗,0,144.46900
2025-07-01,2025-07-31,20260209_033115,20260209_033115-0003,2025-07-16 21:30:01.295000,2025-07-16 21:30:08.538000,買い,148.64900,148.54900,1.00,-10.00,1400.00,水平線手前,損切,支持抵抗,0,148.64900
2025-07-01,2025-07-31,20260209_033115,20260209_033115-0004,2025-07-16 23:54:11.364000,2025-07-16 23:54:28.336000,買い,148.49800,148.39800,1.00,-10.00,1390.00,水平線手前,損切,支持抵抗,0,148.49800
2025-07-01,2025-07-31,20260209_033115,20260209_033115-0005,2025-07-17 00:16:34.064000,2025-07-17 00:16:38.072000,買い,147.57300,147.47300,1.00,-10.00,1380.00,水平線手前,損切,支持抵抗,0,147.57300
2025-07-01,2025-07-31,20260209_033115,20260209_033115-0006,2025-07-17 00:17:51.891000,2025-07-17 00:17:53.535000,買い,147.18000,147.08000,1.00,-10.00,1370.00,水平線手前,損切,支持抵抗,0,147.18000
2025-07-01,2025-07-31,20260209_033115,20260209_033115-0007,2025-07-23 11:20:58.183000,2025-07-23 11:21:13.488000,売り,146.91600,147.01600,1.00,-10.00,1360.00,水平線手前,損切,支持抵抗,0,146.91600
2025-08-01,2025-08-31,20260209_033219,20260209_033219-0001,2025-08-01 21:30:01.313000,2025-08-01 21:30:01.364000,買い,150.31200,150.21200,1.00,-10.00,1350.00,水平線手前,損切,支持抵抗,0,150.31200
2025-08-01,2025-08-31,20260209_033219,20260209_033219-0002,2025-08-01 23:00:00.125000,2025-08-01 23:00:01.001000,買い,147.97900,147.87900,1.00,-10.00,1340.00,水平線手前,損切,支持抵抗,0,147.97900
2025-08-01,2025-08-31,20260209_033219,20260209_033219-0003,2025-08-05 23:00:02.105000,2025-08-05 23:00:20.602000,買い,147.53800,147.43800,1.00,-10.00,1330.00,水平線手前,損切,支持抵抗,0,147.53800
2025-08-01,2025-08-31,20260209_033219,20260209_033219-0004,2025-08-07 23:08:34.282000,2025-08-07 23:09:09.981000,売り,147.47300,147.37300,1.00,10.00,1340.00,水平線手前,利確,支持抵抗,0,147.47300
2025-08-01,2025-08-31,20260209_033219,20260209_033219-0005,2025-08-12 21:30:09.652000,2025-08-12 21:30:19.640000,買い,147.89900,147.99900,1.00,10.00,1350.00,水平線手前,利確,支持抵抗,0,147.89900
2025-08-01,2025-08-31,20260209_033219,20260209_033219-0006,2025-08-12 21:30:12.300000,2025-08-12 21:30:19.640000,買い,147.89400,147.99400,1.00,10.00,1360.00,水平線手前,利確,支持抵抗,0,147.89400
2025-08-01,2025-08-31,20260209_033219,20260209_033219-0007,2025-08-14 21:30:02.152000,2025-08-14 21:30:06.111000,売り,146.74200,146.84200,1.00,-10.00,1350.00,水平線手前,損切,支持抵抗,0,146.74200
2025-08-01,2025-08-31,20260209_033219,20260209_033219-0008,2025-08-22 23:00:01.812000,2025-08-22 23:00:02.174000,買い,148.44500,148.34500,1.00,-10.00,1340.00,水平線手前,損切,支持抵抗,0,148.44500
2025-08-01,2025-08-31,20260209_033219,20260209_033219-0009,2025-08-22 23:00:02.960000,2025-08-22 23:00:03.685000,買い,148.30700,148.20700,1.00,-10.00,1330.00,水平線手前,損切,支持抵抗,0,148.30700
2025-09-01,2025-09-30,20260209_033341,20260209_033341-0001,2025-09-03 23:00:01.760000,2025-09-03 23:00:04.149000,買い,148.46600,148.36600,1.00,-10.00,1320.00,水平線手前,損切,支持抵抗,0,148.46600
2025-09-01,2025-09-30,20260209_033341,20260209_033341-0002,2025-09-04 21:15:01.816000,2025-09-04 21:15:03.015000,買い,148.05000,148.15000,1.00,10.00,1330.00,水平線手前,利確,支持抵抗,0,148.05000
2025-09-01,2025-09-30,20260209_033341,20260209_033341-0003,2025-09-05 21:30:01.201000,2025-09-05 21:30:01.612000,買い,147.67900,147.57900,1.00,-10.00,1320.00,水平線手前,損切,支持抵抗,0,147.67900
2025-09-01,2025-09-30,20260209_033341,20260209_033341-0004,2025-09-05 21:30:45.312000,2025-09-05 21:31:14.388000,買い,147.21200,147.31200,1.00,10.00,1330.00,水平線手前,利確,支持抵抗,0,147.21200
2025-09-01,2025-09-30,20260209_033341,20260209_033341-0005,2025-09-10 21:30:01.427000,2025-09-10 21:30:01.943000,買い,147.29600,147.19600,1.00,-10.00,1320.00,水平線手前,損切,支持抵抗,0,147.29600
2025-09-01,2025-09-30,20260209_033341,20260209_033341-0006,2025-09-10 21:30:03.851000,2025-09-10 21:30:06.985000,買い,147.11800,147.21800,1.00,10.00,1330.00,水平線手前,利確,支持抵抗,0,147.11800
2025-09-01,2025-09-30,20260209_033341,20260209_033341-0007,2025-09-11 21:30:04.708000,2025-09-11 21:30:07.426000,売り,148.15100,148.05100,1.00,10.00,1340.00,水平線手前,利確,支持抵抗,0,148.15100
2025-09-01,2025-09-30,20260209_033341,20260209_033341-0008,2025-09-11 21:30:12.265000,2025-09-11 21:30:13.956000,売り,147.97500,148.07500,1.00,-10.00,1330.00,水平線手前,損切,支持抵抗,0,147.97500
2025-09-01,2025-09-30,20260209_033341,20260209_033341-0009,2025-09-18 03:41:12.519000,2025-09-18 03:41:21.473000,買い,146.23200,146.33200,1.00,10.00,1340.00,水平線手前,利確,支持抵抗,0,146.23200
2025-09-01,2025-09-30,20260209_033341,20260209_033341-0010,2025-09-18 03:50:01.735000,2025-09-18 03:50:08.290000,売り,146.65200,146.55200,1.00,10.00,1350.00,水平線手前,利確,支持抵抗,0,146.65200
2025-10-01,2025-10-31,20260209_033456,20260209_033456-0001,2025-10-01 21:15:47.320000,2025-10-01 21:15:49.144000,買い,146.90200,146.80200,1.00,-10.00,1340.00,水平線手前,損切,支持抵抗,0,146.90200
2025-10-01,2025-10-31,20260209_033456,20260209_033456-0002,2025-10-03 23:00:00.307000,2025-10-03 23:00:06.619000,買い,147.09000,147.19000,1.00,10.00,1350.00,水平線手前,利確,支持抵抗,0,147.09000
2025-10-01,2025-10-31,20260209_033456,20260209_033456-0003,2025-10-03 23:00:00.461000,2025-10-03 23:00:06.934000,買い,147.10600,147.20600,1.00,10.00,1360.00,水平線手前,利確,支持抵抗,0,147.10600
2025-10-01,2025-10-31,20260209_033456,20260209_033456-0004,2025-10-09 22:07:02.848000,2025-10-09 22:07:03.748000,買い,152.44200,152.34200,1.00,-10.00,1350.00,水平線手前,損切,支持抵抗,0,152.44200
2025-10-01,2025-10-31,20260209_033456,20260209_033456-0005,2025-10-09 22:07:03.007000,2025-10-09 22:07:03.748000,買い,152.41300,152.31300,1.00,-10.00,1340.00,水平線手前,損切,支持抵抗,0,152.41300
2025-10-01,2025-10-31,20260209_033456,20260209_033456-0006,2025-10-09 22:11:28.107000,2025-10-09 22:11:29.316000,買い,152.13800,152.23800,1.00,10.00,1350.00,水平線手前,利確,支持抵抗,0,152.13800
2025-10-01,2025-10-31,20260209_033456,20260209_033456-0007,2025-10-21 14:05:02.636000,2025-10-21 14:05:03.802000,買い,150.88200,150.98200,1.00,10.00,1360.00,水平線手前,利確,支持抵抗,0,150.88200
2025-10-01,2025-10-31,20260209_033456,20260209_033456-0008,2025-10-23 01:30:42.501000,2025-10-23 01:31:14.465000,買い,151.54200,151.64200,1.00,10.00,1370.00,水平線手前,利確,支持抵抗,0,151.54200
2025-10-01,2025-10-31,20260209_033456,20260209_033456-0009,2025-10-24 21:30:01.350000,2025-10-24 21:30:01.402000,買い,152.49400,152.39400,1.00,-10.00,1360.00,水平線手前,損切,支持抵抗,0,152.49400
2025-10-01,2025-10-31,20260209_033456,20260209_033456-0010,2025-10-24 21:30:01.663000,2025-10-24 21:30:05.202000,買い,152.28100,152.38100,1.00,10.00,1370.00,水平線手前,利確,支持抵抗,0,152.28100
2025-10-01,2025-10-31,20260209_033456,20260209_033456-0011,2025-10-30 03:35:28.940000,2025-10-30 03:35:29.747000,売り,152.51300,152.61300,1.00,-10.00,1360.00,水平線手前,損切,支持抵抗,0,152.51300
2025-10-01,2025-10-31,20260209_033456,20260209_033456-0012,2025-10-30 03:35:33.423000,2025-10-30 03:36:10.069000,売り,152.71700,152.81700,1.00,-10.00,1350.00,水平線手前,損切,支持抵抗,0,152.71700
2025-11-01,2025-11-30,20260209_033551,20260209_033551-0001,2025-11-04 00:00:00.263000,2025-11-04 00:01:26.327000,買い,153.92600,154.02600,1.00,10.00,1360.00,水平線手前,利確,支持抵抗,0,153.92600
2025-11-01,2025-11-30,20260209_033551,20260209_033551-0002,2025-11-04 00:00:02.820000,2025-11-04 00:04:16.277000,買い,153.95100,154.05100,1.00,10.00,1370.00,水平線手前,利確,支持抵抗,0,153.95100
2025-11-01,2025-11-30,20260209_033551,20260209_033551-0003,2025-11-06 00:00:00.316000,2025-11-06 00:00:55.633000,売り,154.18300,154.28300,1.00,-10.00,1360.00,水平線手前,損切,支持抵抗,0,154.18300
2025-11-01,2025-11-30,20260209_033551,20260209_033551-0004,2025-11-20 22:30:01.470000,2025-11-20 22:30:03.391000,売り,157.76900,157.86900,1.00,-10.00,1350.00,水平線手前,損切,支持抵抗,0,157.76900
2025-11-01,2025-11-30,20260209_033551,20260209_033551-0005,2025-11-20 22:30:03.391000,2025-11-20 22:30:05.420000,売り,157.86200,157.76200,1.00,10.00,1360.00,水平線手前,利確,支持抵抗,0,157.86200
2025-12-01,2025-12-31,20260209_033648,20260209_033648-0001,2025-12-03 22:15:00.292000,2025-12-03 22:17:02.632000,買い,155.24200,155.34200,1.00,10.00,1370.00,水平線手前,利確,支持抵抗,0,155.24200
2025-12-01,2025-12-31,20260209_033648,20260209_033648-0002,2025-12-10 00:00:01.218000,2025-12-10 00:00:04.625000,売り,156.56800,156.66800,1.00,-10.00,1360.00,水平線手前,損切,支持抵抗,0,156.56800
2025-12-01,2025-12-31,20260209_033648,20260209_033648-0003,2025-12-11 04:35:31.746000,2025-12-11 04:35:37.990000,買い,156.12800,156.22800,1.00,10.00,1370.00,水平線手前,利確,支持抵抗,0,156.12800
2025-12-01,2025-12-31,20260209_033648,20260209_033648-0004,2025-12-17 04:25:43.194000,2025-12-17 04:25:54.416000,売り,154.88900,154.78900,1.00,10.00,1380.00,水平線手前,利確,支持抵抗,0,154.88900
2025-12-01,2025-12-31,20260209_033648,20260209_033648-0005,2025-12-18 22:30:03.672000,2025-12-18 22:30:15.669000,買い,155.37700,155.47700,1.00,10.00,1390.00,水平線手前,利確,支持抵抗,0,155.37700
2025-12-01,2025-12-31,20260209_033648,20260209_033648-0006,2025-12-18 22:30:05.060000,2025-12-18 22:30:15.669000,買い,155.37900,155.47900,1.00,10.00,1400.00,水平線手前,利確,支持抵抗,0,155.37900
2025-12-01,2025-12-31,20260209_033648,20260209_033648-0007,2025-12-22 22:10:03.699000,2025-12-22 22:10:13.236000,買い,157.14700,157.04700,1.00,-10.00,1390.00,水平線手前,損切,支持抵抗,0,157.14700
2025-12-01,2025-12-31,20260209_033648,20260209_033648-0008,2025-12-22 22:10:21.482000,2025-12-22 22:10:24.590000,買い,156.90300,157.00300,1.00,10.00,1400.00,水平線手前,利確,支持抵抗,0,156.90300
