開始日,終了日,実行ID,取引ID,in時刻,out時刻,方向,in価格,out価格,ロット合計,損益,累計損益,in理由,out理由,ライン種別,ナンピン回数,平均in価格
2016-01-01,2016-01-31,20260209_022632,20260209_022632-0001,2016-01-08 22:30:02.178000,2016-01-08 22:30:05.051000,売り,118.69200,118.79200,1.00,-10.00,-10.00,水平線手前,損切,支持抵抗,0,118.69200
2016-01-01,2016-01-31,20260209_022632,20260209_022632-0002,2016-01-08 22:30:04.008000,2016-01-08 22:30:06.689000,売り,118.72300,118.82300,1.00,-10.00,-20.00,水平線手前,損切,支持抵抗,0,118.72300
2016-01-01,2016-01-31,20260209_022632,20260209_022632-0003,2016-01-08 22:30:05.752000,2016-01-08 22:30:09.270000,売り,118.80600,118.70600,1.00,10.00,-10.00,水平線手前,利確,支持抵抗,0,118.80600
2016-01-01,2016-01-31,20260209_022632,20260209_022632-0004,2016-01-08 22:30:02.384000,2016-01-08 22:30:10.642000,売り,118.74700,118.64700,1.00,10.00,0.00,水平線手前,利確,支持抵抗,0,118.74700
2016-01-01,2016-01-31,20260209_022632,20260209_022632-0005,2016-01-29 12:21:34.845000,2016-01-29 12:21:35.052000,売り,118.96200,118.86200,1.00,10.00,10.00,水平線手前,利確,支持抵抗,0,118.96200
2016-01-01,2016-01-31,20260209_022632,20260209_022632-0006,2016-01-29 12:21:35.723000,2016-01-29 12:21:36.597000,売り,118.98000,119.08000,1.00,-10.00,0.00,水平線手前,損切,支持抵抗,0,118.98000
2016-01-01,2016-01-31,20260209_022632,20260209_022632-0007,2016-01-29 12:21:35.838000,2016-01-29 12:21:37.748000,売り,119.03600,119.13600,1.00,-10.00,-10.00,水平線手前,損切,支持抵抗,0,119.03600
2016-01-01,2016-01-31,20260209_022632,20260209_022632-0008,2016-01-29 12:21:37.150000,2016-01-29 12:21:39.687000,売り,119.11500,119.21500,1.00,-10.00,-20.00,水平線手前,損切,支持抵抗,0,119.11500
2016-01-01,2016-01-31,20260209_022632,20260209_022632-0009,2016-01-29 12:21:37.748000,2016-01-29 12:21:42.693000,売り,119.13800,119.03800,1.00,10.00,-10.00,水平線手前,利確,支持抵抗,0,119.13800
2016-01-01,2016-01-31,20260209_022632,20260209_022632-0010,2016-01-29 12:22:18.634000,2016-01-29 12:22:42.376000,買い,118.56200,118.66200,1.00,10.00,0.00,水平線手前,利確,支持抵抗,0,118.56200
2016-01-01,2016-01-31,20260209_022632,20260209_022632-0011,2016-01-29 12:24:40.742000,2016-01-29 12:24:42.045000,売り,119.25100,119.35100,1.00,-10.00,-10.00,水平線手前,損切,支持抵抗,0,119.25100
2016-01-01,2016-01-31,20260209_022632,20260209_022632-0012,2016-01-29 12:38:19.314000,2016-01-29 12:38:19.935000,買い,118.53200,118.63200,1.00,10.00,0.00,水平線手前,利確,支持抵抗,0,118.53200
2016-01-01,2016-01-31,20260209_022632,20260209_022632-0013,2016-01-29 12:38:27.427000,2016-01-29 12:38:29.660000,売り,119.57200,119.67200,1.00,-10.00,-10.00,水平線手前,損切,支持抵抗,0,119.57200
2016-01-01,2016-01-31,20260209_022632,20260209_022632-0014,2016-01-29 12:38:29.660000,2016-01-29 12:38:30.454000,売り,119.66800,119.76800,1.00,-10.00,-20.00,水平線手前,損切,支持抵抗,0,119.66800
2016-01-01,2016-01-31,20260209_022632,20260209_022632-0015,2016-01-29 12:38:39.785000,2016-01-29 12:38:40.381000,売り,120.03000,120.13000,1.00,-10.00,-30.00,水平線手前,損切,支持抵抗,0,120.03000
2016-01-01,2016-01-31,20260209_022632,20260209_022632-0016,2016-01-29 12:38:54.227000,2016-01-29 12:38:58.485000,売り,120.47900,120.57900,1.00,-10.00,-40.00,水平線手前,損切,支持抵抗,0,120.47900
2016-02-01,2016-02-29,20260209_022740,20260209_022740-0001,2016-02-05 22:30:09.284000,2016-02-05 22:30:14.858000,買い,116.32800,116.42800,1.00,10.00,-30.00,水平線手前,利確,支持抵抗,0,116.32800
2016-02-01,2016-02-29,20260209_022740,20260209_022740-0002,2016-02-05 22:31:24.419000,2016-02-05 22:31:51.142000,売り,116.95300,117.05300,1.00,-10.00,-40.00,水平線手前,損切,支持抵抗,0,116.95300
2016-02-01,2016-02-29,20260209_022740,20260209_022740-0003,2016-02-10 11:15:04.189000,2016-02-10 11:15:09.797000,売り,115.11600,115.01600,1.00,10.00,-30.00,水平線手前,利確,支持抵抗,0,115.11600
2016-02-01,2016-02-29,20260209_022740,20260209_022740-0004,2016-02-11 17:40:39.037000,2016-02-11 17:41:12.090000,買い,111.02000,111.12000,1.00,10.00,-20.00,水平線手前,利確,支持抵抗,0,111.02000
2016-02-01,2016-02-29,20260209_022740,20260209_022740-0005,2016-02-11 21:21:35.869000,2016-02-11 21:21:38.803000,売り,113.00900,113.10900,1.00,-10.00,-30.00,水平線手前,損切,支持抵抗,0,113.00900
2016-02-01,2016-02-29,20260209_022740,20260209_022740-0006,2016-02-11 21:21:39.147000,2016-02-11 21:21:41.551000,売り,113.16300,113.06300,1.00,10.00,-20.00,水平線手前,利確,支持抵抗,0,113.16300
2016-02-01,2016-02-29,20260209_022740,20260209_022740-0007,2016-02-12 15:58:07.546000,2016-02-12 15:58:11.354000,買い,111.67900,111.77900,1.00,10.00,-10.00,水平線手前,利確,支持抵抗,0,111.67900
2016-03-01,2016-03-31,20260209_022841,20260209_022841-0001,2016-03-15 11:47:06.480000,2016-03-15 11:47:07.831000,売り,113.91500,114.01500,1.00,-10.00,-20.00,水平線手前,損切,支持抵抗,0,113.91500
2016-03-01,2016-03-31,20260209_022841,20260209_022841-0002,2016-03-15 11:47:07.831000,2016-03-15 11:47:09.458000,売り,114.01300,113.91300,1.00,10.00,-10.00,水平線手前,利確,支持抵抗,0,114.01300
2016-03-01,2016-03-31,20260209_022841,20260209_022841-0003,2016-03-15 12:31:55.611000,2016-03-15 12:31:57.595000,売り,114.11700,114.01700,1.00,10.00,0.00,水平線手前,利確,支持抵抗,0,114.11700
2016-03-01,2016-03-31,20260209_022841,20260209_022841-0004,2016-03-15 12:35:07.930000,2016-03-15 12:35:11.107000,買い,113.63500,113.73500,1.00,10.00,10.00,水平線手前,利確,支持抵抗,0,113.63500
2016-03-01,2016-03-31,20260209_022841,20260209_022841-0005,2016-03-17 03:00:00.594000,2016-03-17 03:00:03.996000,買い,113.50000,113.60000,1.00,10.00,20.00,水平線手前,利確,支持抵抗,0,113.50000
2016-04-01,2016-04-30,20260209_022931,20260209_022931-0001,2016-04-01 21:30:10.048000,2016-04-01 21:30:12.043000,売り,112.39800,112.29800,1.00,10.00,30.00,水平線手前,利確,支持抵抗,0,112.39800
2016-04-01,2016-04-30,20260209_022931,20260209_022931-0002,2016-04-28 12:01:05.535000,2016-04-28 12:01:05.948000,買い,111.31500,111.21500,1.00,-10.00,20.00,水平線手前,損切,支持抵抗,0,111.31500
2016-04-01,2016-04-30,20260209_022931,20260209_022931-0003,2016-04-28 12:01:06.482000,2016-04-28 12:01:07.393000,買い,111.10100,111.00100,1.00,-10.00,10.00,水平線手前,損切,支持抵抗,0,111.10100
2016-04-01,2016-04-30,20260209_022931,20260209_022931-0004,2016-04-28 12:01:06.601000,2016-04-28 12:01:07.812000,買い,111.05800,110.95800,1.00,-10.00,0.00,水平線手前,損切,支持抵抗,0,111.05800
2016-04-01,2016-04-30,20260209_022931,20260209_022931-0005,2016-04-28 12:01:07.239000,2016-04-28 12:01:07.812000,買い,111.03800,110.93800,1.00,-10.00,-10.00,水平線手前,損切,支持抵抗,0,111.03800
2016-04-01,2016-04-30,20260209_022931,20260209_022931-0006,2016-04-28 12:01:07.812000,2016-04-28 12:01:08.387000,買い,110.89600,110.79600,1.00,-10.00,-20.00,水平線手前,損切,支持抵抗,0,110.89600
2016-04-01,2016-04-30,20260209_022931,20260209_022931-0007,2016-04-28 12:01:09.162000,2016-04-28 12:01:09.936000,買い,110.69800,110.59800,1.00,-10.00,-30.00,水平線手前,損切,支持抵抗,0,110.69800
2016-04-01,2016-04-30,20260209_022931,20260209_022931-0008,2016-04-28 12:01:13.608000,2016-04-28 12:01:14.385000,買い,110.31300,110.21300,1.00,-10.00,-40.00,水平線手前,損切,支持抵抗,0,110.31300
2016-04-01,2016-04-30,20260209_022931,20260209_022931-0009,2016-04-28 12:02:42.753000,2016-04-28 12:02:48.899000,買い,109.29400,109.39400,1.00,10.00,-30.00,水平線手前,利確,支持抵抗,0,109.29400
2016-04-01,2016-04-30,20260209_022931,20260209_022931-0010,2016-04-28 12:03:25.362000,2016-04-28 12:03:26.697000,買い,108.92700,109.02700,1.00,10.00,-20.00,水平線手前,利確,支持抵抗,0,108.92700
2016-04-01,2016-04-30,20260209_022931,20260209_022931-0011,2016-04-28 12:03:44.291000,2016-04-28 12:03:56.780000,買い,108.79200,108.89200,1.00,10.00,-10.00,水平線手前,利確,支持抵抗,0,108.79200
2016-04-01,2016-04-30,20260209_022931,20260209_022931-0012,2016-04-28 19:21:58.168000,2016-04-28 19:22:17.519000,売り,108.44800,108.34800,1.00,10.00,0.00,水平線手前,利確,支持抵抗,0,108.44800
2016-04-01,2016-04-30,20260209_022931,20260209_022931-0013,2016-04-30 00:20:28.922000,2016-04-30 00:20:53.632000,買い,106.65300,106.75300,1.00,10.00,10.00,水平線手前,利確,支持抵抗,0,106.65300
2016-05-01,2016-05-31,20260209_023017,20260209_023017-0001,2016-05-13 21:30:01.476000,2016-05-13 21:30:28.052000,売り,109.12500,109.22500,1.00,-10.00,0.00,水平線手前,損切,支持抵抗,0,109.12500
2016-05-01,2016-05-31,20260209_023017,20260209_023017-0002,2016-05-19 03:00:07.424000,2016-05-19 03:04:16.076000,売り,109.80900,109.90900,1.00,-10.00,-10.00,水平線手前,損切,支持抵抗,0,109.80900
2016-06-01,2016-06-30,20260209_023114,20260209_023114-0001,2016-06-03 21:30:01.773000,2016-06-03 21:30:02.628000,買い,108.50900,108.40900,1.00,-10.00,-20.00,水平線手前,損切,支持抵抗,0,108.50900
2016-06-01,2016-06-30,20260209_023114,20260209_023114-0002,2016-06-07 01:30:08.733000,2016-06-07 01:30:40.242000,売り,107.54000,107.44000,1.00,10.00,-10.00,水平線手前,利確,支持抵抗,0,107.54000
2016-06-01,2016-06-30,20260209_023114,20260209_023114-0003,2016-06-13 22:32:28.887000,2016-06-13 22:32:41.905000,売り,106.48600,106.38600,1.00,10.00,0.00,水平線手前,利確,支持抵抗,0,106.48600
2016-06-01,2016-06-30,20260209_023114,20260209_023114-0004,2016-06-23 15:10:34.835000,2016-06-23 15:10:37.043000,買い,104.14600,104.04600,1.00,-10.00,-10.00,水平線手前,損切,支持抵抗,0,104.14600
2016-06-01,2016-06-30,20260209_023114,20260209_023114-0005,2016-06-23 15:10:36.941000,2016-06-23 15:10:39.166000,買い,104.06200,104.16200,1.00,10.00,0.00,水平線手前,利確,支持抵抗,0,104.06200
2016-06-01,2016-06-30,20260209_023114,20260209_023114-0006,2016-06-24 11:43:48.375000,2016-06-24 11:43:48.679000,買い,98.99500,99.09500,1.00,10.00,10.00,水平線手前,利確,支持抵抗,0,98.99500
2016-06-01,2016-06-30,20260209_023114,20260209_023114-0007,2016-06-24 14:36:17.459000,2016-06-24 14:36:30.546000,売り,102.70900,102.60900,1.00,10.00,20.00,水平線手前,利確,支持抵抗,0,102.70900
2016-06-01,2016-06-30,20260209_023114,20260209_023114-0008,2016-06-24 16:48:39.184000,2016-06-24 16:48:46.153000,売り,103.22500,103.12500,1.00,10.00,30.00,水平線手前,利確,支持抵抗,0,103.22500
2016-07-01,2016-07-31,20260209_023250,20260209_023250-0001,2016-07-08 21:30:03.515000,2016-07-08 21:30:05.531000,売り,100.94600,101.04600,1.00,-10.00,20.00,水平線手前,損切,支持抵抗,0,100.94600
2016-07-01,2016-07-31,20260209_023250,20260209_023250-0002,2016-07-08 21:30:12.313000,2016-07-08 21:31:04.253000,売り,101.25400,101.15400,1.00,10.00,30.00,水平線手前,利確,支持抵抗,0,101.25400
2016-07-01,2016-07-31,20260209_023250,20260209_023250-0003,2016-07-08 21:30:10.390000,2016-07-08 21:31:04.867000,売り,101.23300,101.13300,1.00,10.00,40.00,水平線手前,利確,支持抵抗,0,101.23300
2016-07-01,2016-07-31,20260209_023250,20260209_023250-0004,2016-07-14 20:00:58.103000,2016-07-14 20:01:12.259000,買い,105.27500,105.37500,1.00,10.00,50.00,水平線手前,利確,支持抵抗,0,105.27500
2016-07-01,2016-07-31,20260209_023250,20260209_023250-0005,2016-07-27 14:05:15.044000,2016-07-27 14:05:19.309000,売り,106.11600,106.01600,1.00,10.00,60.00,水平線手前,利確,支持抵抗,0,106.11600
2016-07-01,2016-07-31,20260209_023250,20260209_023250-0006,2016-07-29 12:44:09.039000,2016-07-29 12:44:10.314000,売り,105.47600,105.57600,1.00,-10.00,50.00,水平線手前,損切,支持抵抗,0,105.47600
2016-07-01,2016-07-31,20260209_023250,20260209_023250-0007,2016-07-29 12:44:10.994000,2016-07-29 12:44:12.484000,売り,105.59000,105.49000,1.00,10.00,60.00,水平線手前,利確,支持抵抗,0,105.59000
2016-07-01,2016-07-31,20260209_023250,20260209_023250-0008,2016-07-29 12:44:12.692000,2016-07-29 12:44:13.179000,売り,105.47300,105.37300,1.00,10.00,70.00,水平線手前,利確,支持抵抗,0,105.47300
2016-07-01,2016-07-31,20260209_023250,20260209_023250-0009,2016-07-29 12:44:31.034000,2016-07-29 12:44:32.590000,買い,103.37200,103.27200,1.00,-10.00,60.00,水平線手前,損切,支持抵抗,0,103.37200
2016-07-01,2016-07-31,20260209_023250,20260209_023250-0010,2016-07-29 12:44:44.211000,2016-07-29 12:44:45.878000,買い,102.85500,102.95500,1.00,10.00,70.00,水平線手前,利確,支持抵抗,0,102.85500
2016-07-01,2016-07-31,20260209_023250,20260209_023250-0011,2016-07-29 12:44:43.201000,2016-07-29 12:44:48.143000,買い,102.90900,103.00900,1.00,10.00,80.00,水平線手前,利確,支持抵抗,0,102.90900
2016-07-01,2016-07-31,20260209_023250,20260209_023250-0012,2016-07-29 15:37:43.700000,2016-07-29 15:37:46.811000,買い,103.17400,103.27400,1.00,10.00,90.00,水平線手前,利確,支持抵抗,0,103.17400
2016-08-01,2016-08-31,20260209_023507,20260209_023507-0001,2016-08-05 21:30:00.271000,2016-08-05 21:30:01.941000,売り,101.33800,101.43800,1.00,-10.00,80.00,水平線手前,損切,支持抵抗,0,101.33800
2016-08-01,2016-08-31,20260209_023507,20260209_023507-0002,2016-08-12 21:30:02.138000,2016-08-12 21:30:10.614000,買い,101.67400,101.57400,1.00,-10.00,70.00,水平線手前,損切,支持抵抗,0,101.67400
2016-08-01,2016-08-31,20260209_023507,20260209_023507-0003,2016-08-17 13:52:57.782000,2016-08-17 13:53:07.675000,売り,100.91100,100.81100,1.00,10.00,80.00,水平線手前,利確,支持抵抗,0,100.91100
2016-08-01,2016-08-31,20260209_023507,20260209_023507-0004,2016-08-26 23:00:04.622000,2016-08-26 23:00:07.572000,売り,100.52500,100.62500,1.00,-10.00,70.00,水平線手前,損切,支持抵抗,0,100.52500
2016-08-01,2016-08-31,20260209_023507,20260209_023507-0005,2016-08-26 23:00:06.893000,2016-08-26 23:00:09.997000,売り,100.59800,100.69800,1.00,-10.00,60.00,水平線手前,損切,支持抵抗,0,100.59800
2016-08-01,2016-08-31,20260209_023507,20260209_023507-0006,2016-08-26 23:00:07.052000,2016-08-26 23:00:23.903000,売り,100.60200,100.70200,1.00,-10.00,50.00,水平線手前,損切,支持抵抗,0,100.60200
2016-09-01,2016-09-30,20260209_023745,20260209_023745-0001,2016-09-02 21:30:09.285000,2016-09-02 21:30:25.210000,買い,103.15800,103.05800,1.00,-10.00,40.00,水平線手前,損切,支持抵抗,0,103.15800
2016-09-01,2016-09-30,20260209_023745,20260209_023745-0002,2016-09-02 21:30:03.159000,2016-09-02 21:30:40.992000,買い,103.09100,102.99100,1.00,-10.00,30.00,水平線手前,損切,支持抵抗,0,103.09100
2016-09-01,2016-09-30,20260209_023745,20260209_023745-0003,2016-09-13 02:15:09.841000,2016-09-13 02:15:45.064000,買い,101.60100,101.70100,1.00,10.00,40.00,水平線手前,利確,支持抵抗,0,101.60100
2016-09-01,2016-09-30,20260209_023745,20260209_023745-0004,2016-09-15 21:30:01.678000,2016-09-15 21:30:41.035000,買い,101.96900,102.06900,1.00,10.00,50.00,水平線手前,利確,支持抵抗,0,101.96900
2016-09-01,2016-09-30,20260209_023745,20260209_023745-0005,2016-09-15 21:30:02.669000,2016-09-15 21:30:41.233000,買い,101.97600,102.07600,1.00,10.00,60.00,水平線手前,利確,支持抵抗,0,101.97600
2016-09-01,2016-09-30,20260209_023745,20260209_023745-0006,2016-09-21 11:55:08.153000,2016-09-21 11:55:09.324000,買い,101.30700,101.40700,1.00,10.00,70.00,水平線手前,利確,支持抵抗,0,101.30700
2016-09-01,2016-09-30,20260209_023745,20260209_023745-0007,2016-09-21 11:55:07.651000,2016-09-21 11:55:10.758000,買い,101.38600,101.28600,1.00,-10.00,60.00,水平線手前,損切,支持抵抗,0,101.38600
2016-09-01,2016-09-30,20260209_023745,20260209_023745-0008,2016-09-21 11:55:12.166000,2016-09-21 11:55:17.912000,買い,101.24300,101.34300,1.00,10.00,70.00,水平線手前,利確,支持抵抗,0,101.24300
2016-09-01,2016-09-30,20260209_023745,20260209_023745-0009,2016-09-21 11:55:15.160000,2016-09-21 11:55:17.912000,買い,101.22800,101.32800,1.00,10.00,80.00,水平線手前,利確,支持抵抗,0,101.22800
2016-09-01,2016-09-30,20260209_023745,20260209_023745-0010,2016-09-21 13:18:29.172000,2016-09-21 13:18:31.704000,買い,101.03900,101.13900,1.00,10.00,90.00,水平線手前,利確,支持抵抗,0,101.03900
2016-09-01,2016-09-30,20260209_023745,20260209_023745-0011,2016-09-21 13:26:11.719000,2016-09-21 13:26:32.677000,売り,102.03500,102.13500,1.00,-10.00,80.00,水平線手前,損切,支持抵抗,0,102.03500
2016-09-01,2016-09-30,20260209_023745,20260209_023745-0012,2016-09-22 03:00:09.173000,2016-09-22 03:00:18.391000,買い,100.57500,100.67500,1.00,10.00,90.00,水平線手前,利確,支持抵抗,0,100.57500
2016-09-01,2016-09-30,20260209_023745,20260209_023745-0013,2016-09-22 03:00:20.483000,2016-09-22 03:00:31.464000,売り,100.86600,100.96600,1.00,-10.00,80.00,水平線手前,損切,支持抵抗,0,100.86600
2016-10-01,2016-10-31,20260209_023934,20260209_023934-0001,2016-10-07 21:30:01.282000,2016-10-07 21:30:03.552000,買い,103.43200,103.33200,1.00,-10.00,70.00,水平線手前,損切,支持抵抗,0,103.43200
2016-10-01,2016-10-31,20260209_023934,20260209_023934-0002,2016-10-07 21:30:02.606000,2016-10-07 21:30:04.941000,買い,103.37000,103.27000,1.00,-10.00,60.00,水平線手前,損切,支持抵抗,0,103.37000
2016-10-01,2016-10-31,20260209_023934,20260209_023934-0003,2016-10-07 21:30:04.226000,2016-10-07 21:30:06.134000,買い,103.28900,103.38900,1.00,10.00,70.00,水平線手前,利確,支持抵抗,0,103.28900
2016-11-01,2016-11-30,20260209_024035,20260209_024035-0001,2016-11-30 22:15:00.931000,2016-11-30 22:15:19.118000,売り,113.50700,113.40700,1.00,10.00,80.00,水平線手前,利確,支持抵抗,0,113.50700
2016-12-01,2016-12-31,20260209_024135,20260209_024135-0001,2016-12-02 22:30:08.102000,2016-12-02 22:30:10.993000,買い,113.62000,113.72000,1.00,10.00,90.00,水平線手前,利確,支持抵抗,0,113.62000
2016-12-01,2016-12-31,20260209_024135,20260209_024135-0002,2016-12-02 22:30:08.051000,2016-12-02 22:30:11.623000,買い,113.62800,113.72800,1.00,10.00,100.00,水平線手前,利確,支持抵抗,0,113.62800
2016-12-01,2016-12-31,20260209_024135,20260209_024135-0003,2016-12-15 03:59:53.848000,2016-12-15 03:59:54.464000,売り,115.47000,115.37000,1.00,10.00,110.00,水平線手前,利確,支持抵抗,0,115.47000
2016-12-01,2016-12-31,20260209_024135,20260209_024135-0004,2016-12-15 04:00:00.638000,2016-12-15 04:00:05.561000,売り,115.58000,115.48000,1.00,10.00,120.00,水平線手前,利確,支持抵抗,0,115.58000
2017-01-01,2017-01-31,20260209_024246,20260209_024246-0001,2017-01-06 22:30:06.341000,2017-01-06 22:30:09.343000,買い,115.75900,115.85900,1.00,10.00,130.00,水平線手前,利確,支持抵抗,0,115.75900
2017-01-01,2017-01-31,20260209_024246,20260209_024246-0002,2017-01-06 22:30:06.238000,2017-01-06 22:30:11.911000,買い,115.79000,115.89000,1.00,10.00,140.00,水平線手前,利確,支持抵抗,0,115.79000
2017-01-01,2017-01-31,20260209_024246,20260209_024246-0003,2017-01-13 22:30:02.048000,2017-01-13 22:30:05.279000,買い,114.17800,114.27800,1.00,10.00,150.00,水平線手前,利確,支持抵抗,0,114.17800
2017-02-01,2017-02-28,20260209_024343,20260209_024343-0001,2017-02-02 04:00:25.665000,2017-02-02 04:05:06.938000,買い,113.26100,113.16100,1.00,-10.00,140.00,水平線手前,損切,支持抵抗,0,113.26100
2017-02-01,2017-02-28,20260209_024343,20260209_024343-0002,2017-02-03 22:30:03.516000,2017-02-03 22:30:07.963000,売り,113.45000,113.35000,1.00,10.00,150.00,水平線手前,利確,支持抵抗,0,113.45000
2017-02-01,2017-02-28,20260209_024343,20260209_024343-0003,2017-02-11 03:35:32.461000,2017-02-11 03:35:49.615000,買い,112.89700,112.99700,1.00,10.00,160.00,水平線手前,利確,支持抵抗,0,112.89700
2017-03-01,2017-03-31,20260209_024435,20260209_024435-0001,2017-03-04 03:00:07.201000,2017-03-04 03:00:26.036000,売り,114.72000,114.62000,1.00,10.00,170.00,水平線手前,利確,支持抵抗,0,114.72000
2017-03-01,2017-03-31,20260209_024435,20260209_024435-0002,2017-03-04 03:00:05.001000,2017-03-04 03:00:29.988000,売り,114.66200,114.56200,1.00,10.00,180.00,水平線手前,利確,支持抵抗,0,114.66200
2017-03-01,2017-03-31,20260209_024435,20260209_024435-0003,2017-03-16 03:00:10.055000,2017-03-16 03:00:12.820000,買い,114.37200,114.27200,1.00,-10.00,170.00,水平線手前,損切,支持抵抗,0,114.37200
2017-03-01,2017-03-31,20260209_024435,20260209_024435-0004,2017-03-16 03:00:11.778000,2017-03-16 03:00:14.304000,買い,114.30500,114.20500,1.00,-10.00,160.00,水平線手前,損切,支持抵抗,0,114.30500
2017-03-01,2017-03-31,20260209_024435,20260209_024435-0005,2017-03-16 03:00:26.490000,2017-03-16 03:00:28.981000,買い,113.89700,113.79700,1.00,-10.00,150.00,水平線手前,損切,支持抵抗,0,113.89700
2017-04-01,2017-04-30,20260209_024519,20260209_024519-0001,2017-04-07 21:30:01.692000,2017-04-07 21:30:03.265000,買い,110.37800,110.27800,1.00,-10.00,140.00,水平線手前,損切,支持抵抗,0,110.37800
2017-04-01,2017-04-30,20260209_024519,20260209_024519-0002,2017-04-07 21:30:10.055000,2017-04-07 21:30:16.159000,買い,110.16800,110.26800,1.00,10.00,150.00,水平線手前,利確,支持抵抗,0,110.16800
2017-04-01,2017-04-30,20260209_024519,20260209_024519-0003,2017-04-07 21:30:05.377000,2017-04-07 21:30:16.265000,買い,110.18100,110.28100,1.00,10.00,160.00,水平線手前,利確,支持抵抗,0,110.18100
2017-04-01,2017-04-30,20260209_024519,20260209_024519-0004,2017-04-07 21:30:08.355000,2017-04-07 21:30:16.265000,買い,110.17200,110.27200,1.00,10.00,170.00,水平線手前,利確,支持抵抗,0,110.17200
2017-05-01,2017-05-31,20260209_024605,20260209_024605-0001,2017-05-05 21:30:02.414000,2017-05-05 21:30:05.141000,売り,112.72600,112.62600,1.00,10.00,180.00,水平線手前,利確,支持抵抗,0,112.72600
2017-06-01,2017-06-30,20260209_024647,20260209_024647-0001,2017-06-01 21:15:09.875000,2017-06-01 21:30:42.625000,売り,111.41900,111.31900,1.00,10.00,190.00,水平線手前,利確,支持抵抗,0,111.41900
2017-06-01,2017-06-30,20260209_024647,20260209_024647-0002,2017-06-02 21:30:01.763000,2017-06-02 21:30:03.925000,買い,111.27300,111.17300,1.00,-10.00,180.00,水平線手前,損切,支持抵抗,0,111.27300
2017-06-01,2017-06-30,20260209_024647,20260209_024647-0003,2017-06-02 21:30:05.319000,2017-06-02 21:31:29.492000,買い,111.11500,111.01500,1.00,-10.00,170.00,水平線手前,損切,支持抵抗,0,111.11500
2017-06-01,2017-06-30,20260209_024647,20260209_024647-0004,2017-06-14 21:30:05.859000,2017-06-14 21:30:12.517000,買い,109.98700,109.88700,1.00,-10.00,160.00,水平線手前,損切,支持抵抗,0,109.98700
2017-06-01,2017-06-30,20260209_024647,20260209_024647-0005,2017-06-14 21:30:09.571000,2017-06-14 21:30:15.325000,買い,109.93800,109.83800,1.00,-10.00,150.00,水平線手前,損切,支持抵抗,0,109.93800
2017-06-01,2017-06-30,20260209_024647,20260209_024647-0006,2017-06-15 03:00:02.567000,2017-06-15 03:00:04.737000,買い,108.94600,108.84600,1.00,-10.00,140.00,水平線手前,損切,支持抵抗,0,108.94600
2017-06-01,2017-06-30,20260209_024647,20260209_024647-0007,2017-06-15 03:00:04.737000,2017-06-15 03:00:09.996000,買い,108.84900,108.94900,1.00,10.00,150.00,水平線手前,利確,支持抵抗,0,108.84900
2017-07-01,2017-07-31,20260209_024728,20260209_024728-0001,2017-07-14 21:30:02.811000,2017-07-14 21:30:06.113000,買い,112.76400,112.66400,1.00,-10.00,140.00,水平線手前,損切,支持抵抗,0,112.76400
2017-07-01,2017-07-31,20260209_024728,20260209_024728-0002,2017-07-27 03:00:12.393000,2017-07-27 03:00:14.315000,売り,112.18800,112.08800,1.00,10.00,150.00,水平線手前,利確,支持抵抗,0,112.18800
2017-07-01,2017-07-31,20260209_024728,20260209_024728-0003,2017-07-27 03:00:10.103000,2017-07-27 03:00:14.972000,売り,112.16800,112.06800,1.00,10.00,160.00,水平線手前,利確,支持抵抗,0,112.16800
2017-08-01,2017-08-31,20260209_024825,20260209_024825-0001,2017-08-11 21:30:01.486000,2017-08-11 21:30:06.584000,買い,108.93700,108.83700,1.00,-10.00,150.00,水平線手前,損切,支持抵抗,0,108.93700
2017-09-01,2017-09-30,20260209_024909,20260209_024909-0001,2017-09-01 21:30:01.640000,2017-09-01 21:30:03.736000,買い,109.82000,109.72000,1.00,-10.00,140.00,水平線手前,損切,支持抵抗,0,109.82000
2017-09-01,2017-09-30,20260209_024909,20260209_024909-0002,2017-09-01 23:00:06.418000,2017-09-01 23:00:19.059000,売り,110.48800,110.38800,1.00,10.00,150.00,水平線手前,利確,支持抵抗,0,110.48800
2017-09-01,2017-09-30,20260209_024909,20260209_024909-0003,2017-09-14 21:30:01.597000,2017-09-14 21:30:06.392000,売り,110.72900,110.82900,1.00,-10.00,140.00,水平線手前,損切,支持抵抗,0,110.72900
2017-09-01,2017-09-30,20260209_024909,20260209_024909-0004,2017-09-21 03:00:11.968000,2017-09-21 03:00:14.614000,買い,111.12200,111.22200,1.00,10.00,150.00,水平線手前,利確,支持抵抗,0,111.12200
2017-10-01,2017-10-31,20260209_024951,20260209_024951-0001,2017-10-04 23:00:01.673000,2017-10-04 23:26:21.303000,売り,112.87000,112.77000,1.00,10.00,160.00,水平線手前,利確,支持抵抗,0,112.87000
2017-10-01,2017-10-31,20260209_024951,20260209_024951-0002,2017-10-04 23:00:01.033000,2017-10-04 23:26:38.319000,売り,112.85100,112.75100,1.00,10.00,170.00,水平線手前,利確,支持抵抗,0,112.85100
2017-10-01,2017-10-31,20260209_024951,20260209_024951-0003,2017-10-06 21:30:09.903000,2017-10-06 21:30:14.869000,売り,113.18600,113.08600,1.00,10.00,180.00,水平線手前,利確,支持抵抗,0,113.18600
2017-10-01,2017-10-31,20260209_024951,20260209_024951-0004,2017-10-06 21:30:07.472000,2017-10-06 21:31:37.367000,売り,113.18300,113.08300,1.00,10.00,190.00,水平線手前,利確,支持抵抗,0,113.18300
2017-10-01,2017-10-31,20260209_024951,20260209_024951-0005,2017-10-13 21:30:10.082000,2017-10-13 21:32:36.475000,買い,111.89500,111.79500,1.00,-10.00,180.00,水平線手前,損切,支持抵抗,0,111.89500
2017-11-01,2017-11-30,20260209_025032,20260209_025032-0001,2017-11-03 21:30:02.577000,2017-11-03 21:30:10.313000,買い,113.66400,113.76400,1.00,10.00,190.00,水平線手前,利確,支持抵抗,0,113.66400
2017-11-01,2017-11-30,20260209_025032,20260209_025032-0002,2017-11-03 21:30:01.695000,2017-11-03 21:32:05.783000,買い,113.73100,113.83100,1.00,10.00,200.00,水平線手前,利確,支持抵抗,0,113.73100
2017-12-01,2017-12-31,20260209_025118,20260209_025118-0001,2017-12-13 22:30:04.913000,2017-12-13 22:32:42.490000,買い,113.12600,113.02600,1.00,-10.00,190.00,水平線手前,損切,支持抵抗,0,113.12600
2018-01-01,2018-01-31,20260209_025200,20260209_025200-0001,2018-01-12 22:30:01.921000,2018-01-12 22:33:06.133000,売り,111.42900,111.32900,1.00,10.00,200.00,水平線手前,利確,支持抵抗,0,111.42900
2018-02-01,2018-02-28,20260209_025253,20260209_025253-0001,2018-02-09 22:45:49.024000,2018-02-09 22:46:03.611000,売り,109.22400,109.12400,1.00,10.00,210.00,水平線手前,利確,支持抵抗,0,109.22400
2018-02-01,2018-02-28,20260209_025253,20260209_025253-0002,2018-02-14 22:30:02.242000,2018-02-14 22:30:19.922000,売り,107.52400,107.42400,1.00,10.00,220.00,水平線手前,利確,支持抵抗,0,107.52400
2018-02-01,2018-02-28,20260209_025253,20260209_025253-0003,2018-02-14 22:30:01.916000,2018-02-14 22:30:21.655000,売り,107.49400,107.39400,1.00,10.00,230.00,水平線手前,利確,支持抵抗,0,107.49400
2018-04-01,2018-04-30,20260209_025444,20260209_025444-0001,2018-04-03 15:54:17.983000,2018-04-03 15:59:53.507000,買い,105.78300,105.88300,1.00,10.00,240.00,水平線手前,利確,支持抵抗,0,105.78300
2018-05-01,2018-05-31,20260209_025532,20260209_025532-0001,2018-05-10 21:30:07.091000,2018-05-10 21:30:27.623000,買い,109.33600,109.43600,1.00,10.00,250.00,水平線手前,利確,支持抵抗,0,109.33600
2018-06-01,2018-06-30,20260209_025621,20260209_025621-0001,2018-06-26 04:37:56.078000,2018-06-26 04:37:58.181000,売り,109.91900,110.01900,1.00,-10.00,240.00,水平線手前,損切,支持抵抗,0,109.91900
2018-06-01,2018-06-30,20260209_025621,20260209_025621-0002,2018-06-26 04:37:58.181000,2018-06-26 04:38:33.799000,売り,110.02500,109.92500,1.00,10.00,250.00,水平線手前,利確,支持抵抗,0,110.02500
2018-06-01,2018-06-30,20260209_025621,20260209_025621-0003,2018-06-26 04:37:57.218000,2018-06-26 04:38:44.107000,売り,109.98900,109.88900,1.00,10.00,260.00,水平線手前,利確,支持抵抗,0,109.98900
2018-06-01,2018-06-30,20260209_025621,20260209_025621-0004,2018-06-27 20:45:11.651000,2018-06-27 20:45:22.258000,売り,110.17800,110.27800,1.00,-10.00,250.00,水平線手前,損切,支持抵抗,0,110.17800
2018-06-01,2018-06-30,20260209_025621,20260209_025621-0005,2018-06-27 20:45:11.862000,2018-06-27 20:45:22.518000,売り,110.18400,110.28400,1.00,-10.00,240.00,水平線手前,損切,支持抵抗,0,110.18400
2018-06-01,2018-06-30,20260209_025621,20260209_025621-0006,2018-06-27 20:45:12.839000,2018-06-27 20:45:22.730000,売り,110.18900,110.28900,1.00,-10.00,230.00,水平線手前,損切,支持抵抗,0,110.18900
2018-07-01,2018-07-31,20260209_025708,20260209_025708-0001,2018-07-20 23:00:06.568000,2018-07-20 23:00:19.599000,買い,111.60100,111.70100,1.00,10.00,240.00,水平線手前,利確,支持抵抗,0,111.60100
2018-07-01,2018-07-31,20260209_025708,20260209_025708-0002,2018-07-25 23:42:40.580000,2018-07-25 23:42:56.455000,買い,110.83600,110.93600,1.00,10.00,250.00,水平線手前,利確,支持抵抗,0,110.83600
2018-07-01,2018-07-31,20260209_025708,20260209_025708-0003,2018-07-25 23:42:40.018000,2018-07-25 23:43:32.198000,買い,110.88600,110.98600,1.00,10.00,260.00,水平線手前,利確,支持抵抗,0,110.88600
2018-07-01,2018-07-31,20260209_025708,20260209_025708-0004,2018-07-31 13:03:07.779000,2018-07-31 13:03:17.220000,売り,111.28200,111.18200,1.00,10.00,270.00,水平線手前,利確,支持抵抗,0,111.28200
2018-07-01,2018-07-31,20260209_025708,20260209_025708-0005,2018-07-31 13:03:07.237000,2018-07-31 13:03:17.785000,売り,111.25000,111.15000,1.00,10.00,280.00,水平線手前,利確,支持抵抗,0,111.25000
2018-07-01,2018-07-31,20260209_025708,20260209_025708-0006,2018-07-31 13:03:11.031000,2018-07-31 13:03:17.838000,売り,111.20300,111.10300,1.00,10.00,290.00,水平線手前,利確,支持抵抗,0,111.20300
2018-07-01,2018-07-31,20260209_025708,20260209_025708-0007,2018-07-31 13:03:26.987000,2018-07-31 13:03:33.617000,買い,110.77100,110.87100,1.00,10.00,300.00,水平線手前,利確,支持抵抗,0,110.77100
2018-07-01,2018-07-31,20260209_025708,20260209_025708-0008,2018-07-31 13:03:26.767000,2018-07-31 13:03:37.538000,買い,110.81200,110.91200,1.00,10.00,310.00,水平線手前,利確,支持抵抗,0,110.81200
2018-07-01,2018-07-31,20260209_025708,20260209_025708-0009,2018-07-31 13:03:25.822000,2018-07-31 13:03:40.595000,買い,110.83100,110.93100,1.00,10.00,320.00,水平線手前,利確,支持抵抗,0,110.83100
2019-01-01,2019-01-31,20260209_030218,20260209_030218-0001,2019-01-04 22:30:10.401000,2019-01-04 22:31:03.979000,売り,108.42100,108.32100,1.00,10.00,330.00,水平線手前,利確,支持抵抗,0,108.42100
2019-01-01,2019-01-31,20260209_030218,20260209_030218-0002,2019-01-04 22:30:02.789000,2019-01-04 22:31:08.735000,売り,108.40700,108.30700,1.00,10.00,340.00,水平線手前,利確,支持抵抗,0,108.40700
2019-04-01,2019-04-30,20260209_030434,20260209_030434-0001,2019-04-26 21:30:05.247000,2019-04-26 21:31:06.469000,売り,112.00200,111.90200,1.00,10.00,350.00,水平線手前,利確,支持抵抗,0,112.00200
2019-04-01,2019-04-30,20260209_030434,20260209_030434-0002,2019-04-26 21:30:03.797000,2019-04-26 21:31:09.949000,売り,111.99700,111.89700,1.00,10.00,360.00,水平線手前,利確,支持抵抗,0,111.99700
2019-05-01,2019-05-31,20260209_030529,20260209_030529-0001,2019-05-01 23:00:02.145000,2019-05-02 03:21:00.145000,買い,111.16300,111.06300,1.00,-10.00,350.00,水平線手前,損切,支持抵抗,0,111.16300
2019-08-01,2019-08-31,20260209_030845,20260209_030845-0001,2019-08-15 15:39:05.325000,2019-08-15 15:39:21.628000,売り,106.75100,106.65100,1.00,10.00,360.00,水平線手前,利確,支持抵抗,0,106.75100
2019-08-01,2019-08-31,20260209_030845,20260209_030845-0002,2019-08-15 15:39:05.275000,2019-08-15 15:39:21.781000,売り,106.74000,106.64000,1.00,10.00,370.00,水平線手前,利確,支持抵抗,0,106.74000
2019-08-01,2019-08-31,20260209_030845,20260209_030845-0003,2019-08-15 21:30:09.798000,2019-08-15 21:35:12.400000,売り,106.32400,106.22400,1.00,10.00,380.00,水平線手前,利確,支持抵抗,0,106.32400
2019-08-01,2019-08-31,20260209_030845,20260209_030845-0004,2019-08-15 21:30:09.605000,2019-08-15 21:36:11.429000,売り,106.31700,106.21700,1.00,10.00,390.00,水平線手前,利確,支持抵抗,0,106.31700
2019-08-01,2019-08-31,20260209_030845,20260209_030845-0005,2019-08-26 21:57:24.401000,2019-08-26 21:57:29.532000,売り,106.38900,106.28900,1.00,10.00,400.00,水平線手前,利確,支持抵抗,0,106.38900
2019-09-01,2019-09-30,20260209_030943,20260209_030943-0001,2019-09-06 21:30:04.546000,2019-09-06 21:30:13.263000,買い,106.74200,106.84200,1.00,10.00,410.00,水平線手前,利確,支持抵抗,0,106.74200
2019-10-01,2019-10-31,20260209_031042,20260209_031042-0001,2019-10-01 23:00:00.458000,2019-10-01 23:01:09.259000,買い,108.19000,108.09000,1.00,-10.00,400.00,水平線手前,損切,支持抵抗,0,108.19000
2019-10-01,2019-10-31,20260209_031042,20260209_031042-0002,2019-10-09 03:57:38.668000,2019-10-09 03:57:59.882000,買い,106.98000,107.08000,1.00,10.00,410.00,水平線手前,利確,支持抵抗,0,106.98000
2019-12-01,2019-12-31,20260209_031206,20260209_031206-0001,2019-12-06 22:30:03.359000,2019-12-06 22:31:13.143000,売り,108.75300,108.85300,1.00,-10.00,400.00,水平線手前,損切,支持抵抗,0,108.75300
2019-12-01,2019-12-31,20260209_031206,20260209_031206-0002,2019-12-06 22:30:04.007000,2019-12-06 22:32:05.406000,売り,108.76600,108.86600,1.00,-10.00,390.00,水平線手前,損切,支持抵抗,0,108.76600
2020-03-01,2020-03-31,20260209_031630,20260209_031630-0001,2020-03-03 01:11:40.584000,2020-03-03 01:11:50.536000,売り,108.10600,108.00600,1.00,10.00,400.00,水平線手前,利確,支持抵抗,0,108.10600
2020-03-01,2020-03-31,20260209_031630,20260209_031630-0002,2020-03-03 01:11:38.604000,2020-03-03 01:11:51.600000,売り,108.08500,107.98500,1.00,10.00,410.00,水平線手前,利確,支持抵抗,0,108.08500
2020-03-01,2020-03-31,20260209_031630,20260209_031630-0003,2020-03-07 00:27:43.550000,2020-03-07 00:27:47.252000,売り,105.71600,105.61600,1.00,10.00,420.00,水平線手前,利確,支持抵抗,0,105.71600
2020-03-01,2020-03-31,20260209_031630,20260209_031630-0004,2020-03-09 22:46:19.506000,2020-03-09 22:46:22.810000,売り,102.62800,102.52800,1.00,10.00,430.00,水平線手前,利確,支持抵抗,0,102.62800
2020-03-01,2020-03-31,20260209_031630,20260209_031630-0005,2020-03-09 22:46:33.899000,2020-03-09 22:46:36.234000,買い,102.17900,102.07900,1.00,-10.00,420.00,水平線手前,損切,支持抵抗,0,102.17900
2020-03-01,2020-03-31,20260209_031630,20260209_031630-0006,2020-03-12 18:45:04.339000,2020-03-12 18:45:24.030000,売り,103.91300,103.81300,1.00,10.00,430.00,水平線手前,利確,支持抵抗,0,103.91300
2020-06-01,2020-06-30,20260209_031920,20260209_031920-0001,2020-06-18 23:33:32.275000,2020-06-18 23:34:11.857000,買い,106.74100,106.84100,1.00,10.00,440.00,水平線手前,利確,支持抵抗,0,106.74100
2020-06-01,2020-06-30,20260209_031920,20260209_031920-0002,2020-06-18 23:33:32.224000,2020-06-18 23:34:13.173000,買い,106.74700,106.84700,1.00,10.00,450.00,水平線手前,利確,支持抵抗,0,106.74700
2020-06-01,2020-06-30,20260209_031920,20260209_031920-0003,2020-06-18 23:33:32.173000,2020-06-18 23:34:57.947000,買い,106.77300,106.87300,1.00,10.00,460.00,水平線手前,利確,支持抵抗,0,106.77300
2020-08-01,2020-08-31,20260209_032052,20260209_032052-0001,2020-08-28 14:07:36.379000,2020-08-28 14:07:42.266000,買い,106.39400,106.29400,1.00,-10.00,450.00,水平線手前,損切,支持抵抗,0,106.39400
2020-09-01,2020-09-30,20260209_032145,20260209_032145-0001,2020-09-21 22:34:09.818000,2020-09-21 22:34:15.977000,売り,104.88600,104.78600,1.00,10.00,460.00,水平線手前,利確,支持抵抗,0,104.88600
2020-09-01,2020-09-30,20260209_032145,20260209_032145-0002,2020-09-21 22:34:09.716000,2020-09-21 22:34:24.307000,売り,104.84600,104.74600,1.00,10.00,470.00,水平線手前,利確,支持抵抗,0,104.84600
2020-09-01,2020-09-30,20260209_032145,20260209_032145-0003,2020-09-21 22:34:09.201000,2020-09-21 22:34:24.358000,売り,104.84100,104.74100,1.00,10.00,480.00,水平線手前,利確,支持抵抗,0,104.84100
2021-05-01,2021-05-31,20260209_032742,20260209_032742-0001,2021-05-07 21:30:09.008000,2021-05-07 21:30:13.933000,買い,108.97500,108.87500,1.00,-10.00,470.00,水平線手前,損切,支持抵抗,0,108.97500
2021-05-01,2021-05-31,20260209_032742,20260209_032742-0002,2021-05-07 21:30:09.313000,2021-05-07 21:30:13.933000,買い,108.97400,108.87400,1.00,-10.00,460.00,水平線手前,損切,支持抵抗,0,108.97400
2021-05-01,2021-05-31,20260209_032742,20260209_032742-0003,2021-05-12 21:30:02.149000,2021-05-12 21:31:00.430000,売り,108.96800,109.06800,1.00,-10.00,450.00,水平線手前,損切,支持抵抗,0,108.96800
2021-05-01,2021-05-31,20260209_032742,20260209_032742-0004,2021-05-12 21:30:03.322000,2021-05-12 21:31:04.997000,売り,109.02900,109.12900,1.00,-10.00,440.00,水平線手前,損切,支持抵抗,0,109.02900
2021-08-01,2021-08-31,20260209_032938,20260209_032938-0001,2021-08-11 21:30:02.742000,2021-08-11 21:30:05.785000,買い,110.43200,110.53200,1.00,10.00,450.00,水平線手前,利確,支持抵抗,0,110.43200
2021-08-01,2021-08-31,20260209_032938,20260209_032938-0002,2021-08-11 21:30:02.438000,2021-08-11 21:30:05.886000,買い,110.43700,110.53700,1.00,10.00,460.00,水平線手前,利確,支持抵抗,0,110.43700
2021-09-01,2021-09-30,20260209_033015,20260209_033015-0001,2021-09-03 21:30:07.489000,2021-09-03 21:30:22.319000,買い,109.66200,109.76200,1.00,10.00,470.00,水平線手前,利確,支持抵抗,0,109.66200
2021-10-01,2021-10-31,20260209_033100,20260209_033100-0001,2021-10-08 21:30:09.804000,2021-10-08 21:30:19.059000,買い,111.54500,111.64500,1.00,10.00,480.00,水平線手前,利確,支持抵抗,0,111.54500
2022-04-01,2022-04-30,20260209_033703,20260209_033703-0001,2022-04-28 12:09:14.383000,2022-04-28 12:09:26.002000,売り,128.87000,128.77000,1.00,10.00,490.00,水平線手前,利確,支持抵抗,0,128.87000
2022-06-01,2022-06-30,20260209_033939,20260209_033939-0001,2022-06-16 03:00:19.471000,2022-06-16 03:00:30.082000,買い,134.33700,134.23700,1.00,-10.00,480.00,水平線手前,損切,支持抵抗,0,134.33700
2022-06-01,2022-06-30,20260209_033939,20260209_033939-0002,2022-06-16 03:00:19.522000,2022-06-16 03:00:31.268000,買い,134.30800,134.20800,1.00,-10.00,470.00,水平線手前,損切,支持抵抗,0,134.30800
2022-06-01,2022-06-30,20260209_033939,20260209_033939-0003,2022-06-16 03:38:05.381000,2022-06-16 03:38:07.941000,買い,134.24400,134.14400,1.00,-10.00,460.00,水平線手前,損切,支持抵抗,0,134.24400
2022-06-01,2022-06-30,20260209_033939,20260209_033939-0004,2022-06-17 11:43:25.602000,2022-06-17 11:43:30.097000,売り,134.30100,134.40100,1.00,-10.00,450.00,水平線手前,損切,支持抵抗,0,134.30100
2022-06-01,2022-06-30,20260209_033939,20260209_033939-0005,2022-06-17 11:58:19.465000,2022-06-17 11:58:45.966000,売り,133.39000,133.49000,1.00,-10.00,440.00,水平線手前,損切,支持抵抗,0,133.39000
2022-06-01,2022-06-30,20260209_033939,20260209_033939-0006,2022-06-29 16:45:19.022000,2022-06-29 16:45:23.190000,買い,135.80900,135.90900,1.00,10.00,450.00,水平線手前,利確,支持抵抗,0,135.80900
2022-06-01,2022-06-30,20260209_033939,20260209_033939-0007,2022-06-29 16:45:18.308000,2022-06-29 16:45:23.293000,買い,135.81600,135.91600,1.00,10.00,460.00,水平線手前,利確,支持抵抗,0,135.81600
2022-07-01,2022-07-31,20260209_034050,20260209_034050-0001,2022-07-13 21:30:01.198000,2022-07-13 21:30:01.503000,売り,137.24800,137.34800,1.00,-10.00,450.00,水平線手前,損切,支持抵抗,0,137.24800
2022-07-01,2022-07-31,20260209_034050,20260209_034050-0002,2022-07-13 21:30:03.228000,2022-07-13 21:30:06.249000,売り,137.51300,137.41300,1.00,10.00,460.00,水平線手前,利確,支持抵抗,0,137.51300
2022-07-01,2022-07-31,20260209_034050,20260209_034050-0003,2022-07-13 21:30:02.923000,2022-07-13 21:30:07.269000,売り,137.51000,137.41000,1.00,10.00,470.00,水平線手前,利確,支持抵抗,0,137.51000
2022-07-01,2022-07-31,20260209_034050,20260209_034050-0004,2022-07-15 23:00:02.377000,2022-07-15 23:09:14.116000,買い,138.54700,138.64700,1.00,10.00,480.00,水平線手前,利確,支持抵抗,0,138.54700
2022-07-01,2022-07-31,20260209_034050,20260209_034050-0005,2022-07-21 12:05:23.721000,2022-07-21 12:05:26.948000,買い,138.01800,138.11800,1.00,10.00,490.00,水平線手前,利確,支持抵抗,0,138.01800
2022-07-01,2022-07-31,20260209_034050,20260209_034050-0006,2022-07-21 12:05:21.813000,2022-07-21 12:05:28.790000,買い,138.05900,138.15900,1.00,10.00,500.00,水平線手前,利確,支持抵抗,0,138.05900
2022-07-01,2022-07-31,20260209_034050,20260209_034050-0007,2022-07-21 12:05:58.072000,2022-07-21 12:06:01.504000,買い,137.99200,138.09200,1.00,10.00,510.00,水平線手前,利確,支持抵抗,0,137.99200
2022-08-01,2022-08-31,20260209_034212,20260209_034212-0001,2022-08-03 23:00:00.199000,2022-08-03 23:00:01.010000,売り,133.77800,133.87800,1.00,-10.00,500.00,水平線手前,損切,支持抵抗,0,133.77800
2022-08-01,2022-08-31,20260209_034212,20260209_034212-0002,2022-08-03 23:00:01.010000,2022-08-03 23:00:01.470000,売り,133.88700,133.98700,1.00,-10.00,490.00,水平線手前,損切,支持抵抗,0,133.88700
2022-08-01,2022-08-31,20260209_034212,20260209_034212-0003,2022-08-05 21:30:01.349000,2022-08-05 21:30:03.046000,売り,133.45200,133.55200,1.00,-10.00,480.00,水平線手前,損切,支持抵抗,0,133.45200
2022-08-01,2022-08-31,20260209_034212,20260209_034212-0004,2022-08-05 21:30:14.615000,2022-08-05 21:30:18.138000,売り,133.83600,133.93600,1.00,-10.00,470.00,水平線手前,損切,支持抵抗,0,133.83600
2022-08-01,2022-08-31,20260209_034212,20260209_034212-0005,2022-08-10 21:30:01.142000,2022-08-10 21:30:01.243000,買い,134.73300,134.63300,1.00,-10.00,460.00,水平線手前,損切,支持抵抗,0,134.73300
2022-08-01,2022-08-31,20260209_034212,20260209_034212-0006,2022-08-10 21:30:01.243000,2022-08-10 21:30:01.546000,買い,134.45100,134.35100,1.00,-10.00,450.00,水平線手前,損切,支持抵抗,0,134.45100
2022-08-01,2022-08-31,20260209_034212,20260209_034212-0007,2022-08-10 21:30:01.546000,2022-08-10 21:30:02.152000,買い,134.22700,134.12700,1.00,-10.00,440.00,水平線手前,損切,支持抵抗,0,134.22700
2022-08-01,2022-08-31,20260209_034212,20260209_034212-0008,2022-08-10 21:31:08.026000,2022-08-10 21:31:08.435000,買い,132.87700,132.97700,1.00,10.00,450.00,水平線手前,利確,支持抵抗,0,132.87700
2022-08-01,2022-08-31,20260209_034212,20260209_034212-0009,2022-08-10 21:31:07.542000,2022-08-10 21:31:17.390000,買い,132.93300,132.83300,1.00,-10.00,440.00,水平線手前,損切,支持抵抗,0,132.93300
2022-08-01,2022-08-31,20260209_034212,20260209_034212-0010,2022-08-10 21:31:23.040000,2022-08-10 21:31:40.111000,買い,132.71000,132.81000,1.00,10.00,450.00,水平線手前,利確,支持抵抗,0,132.71000
2022-08-01,2022-08-31,20260209_034212,20260209_034212-0011,2022-08-23 22:45:00.449000,2022-08-23 22:45:00.963000,買い,137.06800,136.96800,1.00,-10.00,440.00,水平線手前,損切,支持抵抗,0,137.06800
2022-09-01,2022-09-30,20260209_034415,20260209_034415-0001,2022-09-02 21:30:17.407000,2022-09-02 21:30:18.633000,売り,140.45600,140.35600,1.00,10.00,450.00,水平線手前,利確,支持抵抗,0,140.45600
2022-09-01,2022-09-30,20260209_034415,20260209_034415-0002,2022-09-06 23:00:02.430000,2022-09-06 23:00:04.620000,売り,142.88500,142.78500,1.00,10.00,460.00,水平線手前,利確,支持抵抗,0,142.88500
2022-09-01,2022-09-30,20260209_034415,20260209_034415-0003,2022-09-07 11:13:42.391000,2022-09-07 11:14:12.622000,売り,143.72200,143.62200,1.00,10.00,470.00,水平線手前,利確,支持抵抗,0,143.72200
2022-09-01,2022-09-30,20260209_034415,20260209_034415-0004,2022-09-13 21:29:35.907000,2022-09-13 21:29:39.182000,買い,141.64500,141.74500,1.00,10.00,480.00,水平線手前,利確,支持抵抗,0,141.64500
2022-09-01,2022-09-30,20260209_034415,20260209_034415-0005,2022-09-13 21:30:03.646000,2022-09-13 21:30:07.406000,売り,143.28400,143.38400,1.00,-10.00,470.00,水平線手前,損切,支持抵抗,0,143.28400
2022-09-01,2022-09-30,20260209_034415,20260209_034415-0006,2022-09-13 21:30:07.406000,2022-09-13 21:30:07.508000,売り,143.52200,143.62200,1.00,-10.00,460.00,水平線手前,損切,支持抵抗,0,143.52200
2022-09-01,2022-09-30,20260209_034415,20260209_034415-0007,2022-09-22 11:51:08.046000,2022-09-22 11:51:10.193000,売り,144.68100,144.78100,1.00,-10.00,450.00,水平線手前,損切,支持抵抗,0,144.68100
2022-09-01,2022-09-30,20260209_034415,20260209_034415-0008,2022-09-22 11:57:12.485000,2022-09-22 11:57:16.395000,買い,143.50700,143.60700,1.00,10.00,460.00,水平線手前,利確,支持抵抗,0,143.50700
2022-09-01,2022-09-30,20260209_034415,20260209_034415-0009,2022-09-22 11:57:48.568000,2022-09-22 11:57:51.674000,売り,144.53100,144.43100,1.00,10.00,470.00,水平線手前,利確,支持抵抗,0,144.53100
2022-09-01,2022-09-30,20260209_034415,20260209_034415-0010,2022-09-22 17:04:11.060000,2022-09-22 17:04:19.069000,買い,143.92400,144.02400,1.00,10.00,480.00,水平線手前,利確,支持抵抗,0,143.92400
2022-09-01,2022-09-30,20260209_034415,20260209_034415-0011,2022-09-22 17:26:55.581000,2022-09-22 17:26:58.716000,買い,143.37100,143.27100,1.00,-10.00,470.00,水平線手前,損切,支持抵抗,0,143.37100
2022-09-01,2022-09-30,20260209_034415,20260209_034415-0012,2022-09-22 17:44:30.682000,2022-09-22 17:44:32.001000,買い,140.70900,140.80900,1.00,10.00,480.00,水平線手前,利確,支持抵抗,0,140.70900
2022-09-01,2022-09-30,20260209_034415,20260209_034415-0013,2022-09-23 22:45:00.666000,2022-09-23 22:45:01.938000,売り,143.24500,143.14500,1.00,10.00,490.00,水平線手前,利確,支持抵抗,0,143.24500
2022-09-01,2022-09-30,20260209_034415,20260209_034415-0014,2022-09-23 22:45:00.613000,2022-09-23 22:45:02.345000,売り,143.23600,143.13600,1.00,10.00,500.00,水平線手前,利確,支持抵抗,0,143.23600
2022-09-01,2022-09-30,20260209_034415,20260209_034415-0015,2022-09-26 14:46:22.145000,2022-09-26 14:46:28.859000,買い,143.52300,143.62300,1.00,10.00,510.00,水平線手前,利確,支持抵抗,0,143.52300
2022-10-01,2022-10-31,20260209_034551,20260209_034551-0001,2022-10-03 13:05:24.679000,2022-10-03 13:05:26.262000,売り,145.29000,145.19000,1.00,10.00,520.00,水平線手前,利確,支持抵抗,0,145.29000
2022-10-01,2022-10-31,20260209_034551,20260209_034551-0002,2022-10-03 23:00:00.307000,2022-10-03 23:24:25.455000,買い,144.71700,144.61700,1.00,-10.00,510.00,水平線手前,損切,支持抵抗,0,144.71700
2022-10-01,2022-10-31,20260209_034551,20260209_034551-0003,2022-10-07 21:30:05.388000,2022-10-07 21:30:05.489000,買い,144.73900,144.63900,1.00,-10.00,500.00,水平線手前,損切,支持抵抗,0,144.73900
2022-10-01,2022-10-31,20260209_034551,20260209_034551-0004,2022-10-07 21:30:05.489000,2022-10-07 21:30:05.845000,買い,144.56000,144.66000,1.00,10.00,510.00,水平線手前,利確,支持抵抗,0,144.56000
2022-10-01,2022-10-31,20260209_034551,20260209_034551-0005,2022-10-07 21:30:20.993000,2022-10-07 21:31:32.802000,売り,145.11100,145.01100,1.00,10.00,520.00,水平線手前,利確,支持抵抗,0,145.11100
2022-10-01,2022-10-31,20260209_034551,20260209_034551-0006,2022-10-07 21:30:19.713000,2022-10-07 21:31:34.455000,売り,145.10100,145.00100,1.00,10.00,530.00,水平線手前,利確,支持抵抗,0,145.10100
2022-10-01,2022-10-31,20260209_034551,20260209_034551-0007,2022-10-13 21:30:01.264000,2022-10-13 21:30:05.153000,売り,146.97500,147.07500,1.00,-10.00,520.00,水平線手前,損切,支持抵抗,0,146.97500
2022-10-01,2022-10-31,20260209_034551,20260209_034551-0008,2022-10-13 22:20:43.123000,2022-10-13 22:20:44.028000,買い,146.66900,146.56900,1.00,-10.00,510.00,水平線手前,損切,支持抵抗,0,146.66900
2022-10-01,2022-10-31,20260209_034551,20260209_034551-0009,2022-10-13 22:20:50.454000,2022-10-13 22:20:57.584000,買い,146.47500,146.57500,1.00,10.00,520.00,水平線手前,利確,支持抵抗,0,146.47500
2022-10-01,2022-10-31,20260209_034551,20260209_034551-0010,2022-10-18 18:04:04.500000,2022-10-18 18:04:04.653000,買い,148.71100,148.61100,1.00,-10.00,510.00,水平線手前,損切,支持抵抗,0,148.71100
2022-10-01,2022-10-31,20260209_034551,20260209_034551-0011,2022-10-18 18:04:04.653000,2022-10-18 18:04:05.697000,買い,148.60700,148.50700,1.00,-10.00,500.00,水平線手前,損切,支持抵抗,0,148.60700
2022-10-01,2022-10-31,20260209_034551,20260209_034551-0012,2022-10-18 18:04:05.749000,2022-10-18 18:04:06.156000,買い,148.40100,148.30100,1.00,-10.00,490.00,水平線手前,損切,支持抵抗,0,148.40100
2022-10-01,2022-10-31,20260209_034551,20260209_034551-0013,2022-10-18 18:04:07.461000,2022-10-18 18:04:12.068000,買い,148.17100,148.27100,1.00,10.00,500.00,水平線手前,利確,支持抵抗,0,148.17100
2022-10-01,2022-10-31,20260209_034551,20260209_034551-0014,2022-10-20 16:40:04.896000,2022-10-20 16:40:06.965000,買い,149.66700,149.76700,1.00,10.00,510.00,水平線手前,利確,支持抵抗,0,149.66700
2022-10-01,2022-10-31,20260209_034551,20260209_034551-0015,2022-10-20 16:40:04.691000,2022-10-20 16:40:07.272000,買い,149.70300,149.80300,1.00,10.00,520.00,水平線手前,利確,支持抵抗,0,149.70300
2022-10-01,2022-10-31,20260209_034551,20260209_034551-0016,2022-10-21 23:45:56.154000,2022-10-21 23:46:09.517000,買い,150.25400,150.35400,1.00,10.00,530.00,水平線手前,利確,支持抵抗,0,150.25400
2022-10-01,2022-10-31,20260209_034551,20260209_034551-0017,2022-10-21 23:52:21.308000,2022-10-21 23:52:21.359000,買い,149.57200,149.47200,1.00,-10.00,520.00,水平線手前,損切,支持抵抗,0,149.57200
2022-10-01,2022-10-31,20260209_034551,20260209_034551-0018,2022-10-21 23:52:21.359000,2022-10-21 23:52:22.122000,買い,149.44500,149.54500,1.00,10.00,530.00,水平線手前,利確,支持抵抗,0,149.44500
2022-10-01,2022-10-31,20260209_034551,20260209_034551-0019,2022-10-21 23:53:13.235000,2022-10-21 23:54:02.917000,買い,149.10700,149.00700,1.00,-10.00,520.00,水平線手前,損切,支持抵抗,0,149.10700
2022-10-01,2022-10-31,20260209_034551,20260209_034551-0020,2022-10-22 00:10:58.213000,2022-10-22 00:10:59.399000,買い,148.89600,148.99600,1.00,10.00,530.00,水平線手前,利確,支持抵抗,0,148.89600
2022-10-01,2022-10-31,20260209_034551,20260209_034551-0021,2022-10-22 00:11:00.469000,2022-10-22 00:11:03.162000,買い,148.98700,148.88700,1.00,-10.00,520.00,水平線手前,損切,支持抵抗,0,148.98700
2022-10-01,2022-10-31,20260209_034551,20260209_034551-0022,2022-10-22 00:58:12.927000,2022-10-22 00:58:24.642000,買い,146.34900,146.44900,1.00,10.00,530.00,水平線手前,利確,支持抵抗,0,146.34900
2022-10-01,2022-10-31,20260209_034551,20260209_034551-0023,2022-10-22 01:00:32.187000,2022-10-22 01:00:53.226000,買い,146.28600,146.18600,1.00,-10.00,520.00,水平線手前,損切,支持抵抗,0,146.28600
2022-10-01,2022-10-31,20260209_034551,20260209_034551-0024,2022-10-22 01:02:33.308000,2022-10-22 01:02:42.453000,買い,146.22200,146.32200,1.00,10.00,530.00,水平線手前,利確,支持抵抗,0,146.22200
2022-10-01,2022-10-31,20260209_034551,20260209_034551-0025,2022-10-24 20:48:04.281000,2022-10-24 20:48:08.031000,買い,148.80300,148.70300,1.00,-10.00,520.00,水平線手前,損切,支持抵抗,0,148.80300
2022-10-01,2022-10-31,20260209_034551,20260209_034551-0026,2022-10-24 20:48:05.147000,2022-10-24 20:48:08.795000,買い,148.75200,148.65200,1.00,-10.00,510.00,水平線手前,損切,支持抵抗,0,148.75200
2022-10-01,2022-10-31,20260209_034551,20260209_034551-0027,2022-10-24 20:48:26.197000,2022-10-24 20:48:31.344000,買い,148.31100,148.41100,1.00,10.00,520.00,水平線手前,利確,支持抵抗,0,148.31100
2022-10-01,2022-10-31,20260209_034551,20260209_034551-0028,2022-10-28 11:50:07.167000,2022-10-28 11:50:07.933000,売り,146.70600,146.80600,1.00,-10.00,510.00,水平線手前,損切,支持抵抗,0,146.70600
2022-10-01,2022-10-31,20260209_034551,20260209_034551-0029,2022-10-28 11:50:09.158000,2022-10-28 11:50:09.209000,売り,146.82400,146.72400,1.00,10.00,520.00,水平線手前,利確,支持抵抗,0,146.82400
2022-10-01,2022-10-31,20260209_034551,20260209_034551-0030,2022-10-28 11:56:09.342000,2022-10-28 11:56:12.332000,買い,146.00000,146.10000,1.00,10.00,530.00,水平線手前,利確,支持抵抗,0,146.00000
2022-10-01,2022-10-31,20260209_034551,20260209_034551-0031,2022-10-28 11:56:09.803000,2022-10-28 11:56:12.332000,買い,145.99000,146.09000,1.00,10.00,540.00,水平線手前,利確,支持抵抗,0,145.99000
2022-11-01,2022-11-30,20260209_034754,20260209_034754-0001,2022-11-03 03:00:06.063000,2022-11-03 03:00:08.542000,買い,146.82700,146.72700,1.00,-10.00,530.00,水平線手前,損切,支持抵抗,0,146.82700
2022-11-01,2022-11-30,20260209_034754,20260209_034754-0002,2022-11-04 15:33:46.153000,2022-11-04 15:33:55.663000,買い,147.70800,147.80800,1.00,10.00,540.00,水平線手前,利確,支持抵抗,0,147.70800
2022-11-01,2022-11-30,20260209_034754,20260209_034754-0003,2022-11-04 15:33:45.746000,2022-11-04 15:34:27.285000,買い,147.73600,147.83600,1.00,10.00,550.00,水平線手前,利確,支持抵抗,0,147.73600
2022-11-01,2022-11-30,20260209_034754,20260209_034754-0004,2022-11-04 21:30:01.166000,2022-11-04 21:30:06.155000,売り,148.05500,148.15500,1.00,-10.00,540.00,水平線手前,損切,支持抵抗,0,148.05500
2022-11-01,2022-11-30,20260209_034754,20260209_034754-0005,2022-11-04 21:30:07.127000,2022-11-04 21:30:12.463000,売り,148.18600,148.08600,1.00,10.00,550.00,水平線手前,利確,支持抵抗,0,148.18600
2022-11-01,2022-11-30,20260209_034754,20260209_034754-0006,2022-11-10 22:30:01.572000,2022-11-10 22:30:02.256000,買い,145.58400,145.48400,1.00,-10.00,540.00,水平線手前,損切,支持抵抗,0,145.58400
2022-11-01,2022-11-30,20260209_034754,20260209_034754-0007,2022-11-10 22:30:08.380000,2022-11-10 22:30:08.604000,買い,145.24900,145.14900,1.00,-10.00,530.00,水平線手前,損切,支持抵抗,0,145.24900
2022-11-01,2022-11-30,20260209_034754,20260209_034754-0008,2022-11-10 22:30:08.482000,2022-11-10 22:30:10.592000,買い,145.18300,145.08300,1.00,-10.00,520.00,水平線手前,損切,支持抵抗,0,145.18300
2022-11-01,2022-11-30,20260209_034754,20260209_034754-0009,2022-11-10 23:45:55.006000,2022-11-10 23:46:04.904000,買い,141.81500,141.91500,1.00,10.00,530.00,水平線手前,利確,支持抵抗,0,141.81500
2022-11-01,2022-11-30,20260209_034754,20260209_034754-0010,2022-11-11 19:39:26.003000,2022-11-11 19:39:34.531000,買い,138.77900,138.87900,1.00,10.00,540.00,水平線手前,利確,支持抵抗,0,138.77900
2022-11-01,2022-11-30,20260209_034754,20260209_034754-0011,2022-11-15 22:30:08.997000,2022-11-15 22:30:12.292000,買い,138.98900,138.88900,1.00,-10.00,530.00,水平線手前,損切,支持抵抗,0,138.98900
2022-11-01,2022-11-30,20260209_034754,20260209_034754-0012,2022-11-15 22:30:09.100000,2022-11-15 22:30:17.755000,買い,138.93900,138.83900,1.00,-10.00,520.00,水平線手前,損切,支持抵抗,0,138.93900
2022-11-01,2022-11-30,20260209_034754,20260209_034754-0013,2022-11-15 22:32:40.884000,2022-11-15 22:32:43.843000,買い,138.48900,138.38900,1.00,-10.00,510.00,水平線手前,損切,支持抵抗,0,138.48900
2022-11-01,2022-11-30,20260209_034754,20260209_034754-0014,2022-11-16 22:30:22.719000,2022-11-16 22:30:27.259000,売り,140.02200,139.92200,1.00,10.00,520.00,水平線手前,利確,支持抵抗,0,140.02200
2022-11-01,2022-11-30,20260209_034754,20260209_034754-0015,2022-11-17 21:25:08.022000,2022-11-17 21:25:34.530000,買い,139.68600,139.78600,1.00,10.00,530.00,水平線手前,利確,支持抵抗,0,139.68600
2022-12-01,2022-12-31,20260209_035007,20260209_035007-0001,2022-12-01 03:30:21.534000,2022-12-01 03:30:22.966000,買い,139.15800,139.05800,1.00,-10.00,520.00,水平線手前,損切,支持抵抗,0,139.15800
2022-12-01,2022-12-31,20260209_035007,20260209_035007-0002,2022-12-02 00:00:08.573000,2022-12-02 00:00:08.928000,買い,135.56400,135.66400,1.00,10.00,530.00,水平線手前,利確,支持抵抗,0,135.56400
2022-12-01,2022-12-31,20260209_035007,20260209_035007-0003,2022-12-09 22:30:12.845000,2022-12-09 22:30:13.863000,売り,136.44100,136.54100,1.00,-10.00,520.00,水平線手前,損切,支持抵抗,0,136.44100
2022-12-01,2022-12-31,20260209_035007,20260209_035007-0004,2022-12-13 22:30:01.225000,2022-12-13 22:30:01.581000,買い,136.44700,136.34700,1.00,-10.00,510.00,水平線手前,損切,支持抵抗,0,136.44700
2022-12-01,2022-12-31,20260209_035007,20260209_035007-0005,2022-12-13 22:30:05.523000,2022-12-13 22:30:07.699000,買い,136.10600,136.00600,1.00,-10.00,500.00,水平線手前,損切,支持抵抗,0,136.10600
2022-12-01,2022-12-31,20260209_035007,20260209_035007-0006,2022-12-13 22:30:15.459000,2022-12-13 22:30:19.398000,買い,135.63100,135.53100,1.00,-10.00,490.00,水平線手前,損切,支持抵抗,0,135.63100
2022-12-01,2022-12-31,20260209_035007,20260209_035007-0007,2022-12-13 22:30:16.020000,2022-12-13 22:30:19.398000,買い,135.63800,135.53800,1.00,-10.00,480.00,水平線手前,損切,支持抵抗,0,135.63800
2022-12-01,2022-12-31,20260209_035007,20260209_035007-0008,2022-12-14 19:00:08.981000,2022-12-14 19:00:10.261000,買い,134.93700,134.83700,1.00,-10.00,470.00,水平線手前,損切,支持抵抗,0,134.93700
2022-12-01,2022-12-31,20260209_035007,20260209_035007-0009,2022-12-14 19:00:29.820000,2022-12-14 19:00:30.791000,買い,134.67900,134.57900,1.00,-10.00,460.00,水平線手前,損切,支持抵抗,0,134.67900
2022-12-01,2022-12-31,20260209_035007,20260209_035007-0010,2022-12-14 19:00:31.047000,2022-12-14 19:00:35.867000,買い,134.54400,134.64400,1.00,10.00,470.00,水平線手前,利確,支持抵抗,0,134.54400
2022-12-01,2022-12-31,20260209_035007,20260209_035007-0011,2022-12-15 03:59:43.456000,2022-12-15 03:59:56.580000,買い,134.60200,134.70200,1.00,10.00,480.00,水平線手前,利確,支持抵抗,0,134.60200
2022-12-01,2022-12-31,20260209_035007,20260209_035007-0012,2022-12-15 04:00:08.474000,2022-12-15 04:00:09.931000,売り,135.35600,135.45600,1.00,-10.00,470.00,水平線手前,損切,支持抵抗,0,135.35600
2022-12-01,2022-12-31,20260209_035007,20260209_035007-0013,2022-12-16 23:45:00.844000,2022-12-16 23:45:02.512000,買い,136.82400,136.72400,1.00,-10.00,460.00,水平線手前,損切,支持抵抗,0,136.82400
2022-12-01,2022-12-31,20260209_035007,20260209_035007-0014,2022-12-16 23:45:02.512000,2022-12-16 23:45:03.705000,買い,136.70600,136.80600,1.00,10.00,470.00,水平線手前,利確,支持抵抗,0,136.70600
2022-12-01,2022-12-31,20260209_035007,20260209_035007-0015,2022-12-20 12:01:43.442000,2022-12-20 12:01:45.080000,買い,137.05800,136.95800,1.00,-10.00,460.00,水平線手前,損切,支持抵抗,0,137.05800
2022-12-01,2022-12-31,20260209_035007,20260209_035007-0016,2022-12-20 12:01:58.872000,2022-12-20 12:02:00.815000,買い,136.55300,136.45300,1.00,-10.00,450.00,水平線手前,損切,支持抵抗,0,136.55300
2022-12-01,2022-12-31,20260209_035007,20260209_035007-0017,2022-12-20 12:02:20.592000,2022-12-20 12:02:21.357000,買い,135.78100,135.68100,1.00,-10.00,440.00,水平線手前,損切,支持抵抗,0,135.78100
2022-12-01,2022-12-31,20260209_035007,20260209_035007-0018,2022-12-20 12:02:20.949000,2022-12-20 12:02:21.867000,買い,135.76800,135.66800,1.00,-10.00,430.00,水平線手前,損切,支持抵抗,0,135.76800
2022-12-01,2022-12-31,20260209_035007,20260209_035007-0019,2022-12-20 12:03:11.620000,2022-12-20 12:03:15.007000,買い,135.28900,135.38900,1.00,10.00,440.00,水平線手前,利確,支持抵抗,0,135.28900
2022-12-01,2022-12-31,20260209_035007,20260209_035007-0020,2022-12-20 12:05:40.836000,2022-12-20 12:05:46.197000,買い,134.03400,134.13400,1.00,10.00,450.00,水平線手前,利確,支持抵抗,0,134.03400
2022-12-01,2022-12-31,20260209_035007,20260209_035007-0021,2022-12-20 12:05:46.249000,2022-12-20 12:05:47.371000,買い,134.16700,134.06700,1.00,-10.00,440.00,水平線手前,損切,支持抵抗,0,134.16700
2022-12-01,2022-12-31,20260209_035007,20260209_035007-0022,2022-12-20 12:08:22.675000,2022-12-20 12:08:25.373000,買い,134.13700,134.23700,1.00,10.00,450.00,水平線手前,利確,支持抵抗,0,134.13700
2022-12-01,2022-12-31,20260209_035007,20260209_035007-0023,2022-12-23 22:30:11.682000,2022-12-23 22:30:19.925000,買い,132.52200,132.62200,1.00,10.00,460.00,水平線手前,利確,支持抵抗,0,132.52200
2023-01-01,2023-01-31,20260209_035226,20260209_035226-0001,2023-01-06 22:25:14.818000,2023-01-06 22:25:23.589000,買い,134.25900,134.35900,1.00,10.00,470.00,水平線手前,利確,支持抵抗,0,134.25900
2023-01-01,2023-01-31,20260209_035226,20260209_035226-0002,2023-01-06 22:30:01.964000,2023-01-06 22:30:02.573000,売り,134.66000,134.56000,1.00,10.00,480.00,水平線手前,利確,支持抵抗,0,134.66000
2023-01-01,2023-01-31,20260209_035226,20260209_035226-0003,2023-01-12 22:30:21.478000,2023-01-12 22:30:24.160000,買い,130.66100,130.56100,1.00,-10.00,470.00,水平線手前,損切,支持抵抗,0,130.66100
2023-01-01,2023-01-31,20260209_035226,20260209_035226-0004,2023-01-12 22:30:24.211000,2023-01-12 22:30:27.941000,買い,130.54600,130.64600,1.00,10.00,480.00,水平線手前,利確,支持抵抗,0,130.54600
2023-01-01,2023-01-31,20260209_035226,20260209_035226-0005,2023-01-18 11:40:11.377000,2023-01-18 11:40:12.703000,売り,129.01000,129.11000,1.00,-10.00,470.00,水平線手前,損切,支持抵抗,0,129.01000
2023-01-01,2023-01-31,20260209_035226,20260209_035226-0006,2023-01-18 11:40:12.601000,2023-01-18 11:40:13.213000,売り,129.09100,129.19100,1.00,-10.00,460.00,水平線手前,損切,支持抵抗,0,129.09100
2023-01-01,2023-01-31,20260209_035226,20260209_035226-0007,2023-01-18 11:40:12.805000,2023-01-18 11:40:13.366000,売り,129.14400,129.24400,1.00,-10.00,450.00,水平線手前,損切,支持抵抗,0,129.14400
2023-01-01,2023-01-31,20260209_035226,20260209_035226-0008,2023-01-18 11:40:13.060000,2023-01-18 11:40:13.366000,売り,129.14600,129.24600,1.00,-10.00,440.00,水平線手前,損切,支持抵抗,0,129.14600
2023-01-01,2023-01-31,20260209_035226,20260209_035226-0009,2023-01-18 11:40:13.519000,2023-01-18 11:40:17.281000,売り,129.31600,129.21600,1.00,10.00,450.00,水平線手前,利確,支持抵抗,0,129.31600
2023-01-01,2023-01-31,20260209_035226,20260209_035226-0010,2023-01-18 11:40:20.029000,2023-01-18 11:40:20.944000,売り,129.39700,129.49700,1.00,-10.00,440.00,水平線手前,損切,支持抵抗,0,129.39700
2023-01-01,2023-01-31,20260209_035226,20260209_035226-0011,2023-01-18 11:40:20.130000,2023-01-18 11:40:21.046000,売り,129.43400,129.53400,1.00,-10.00,430.00,水平線手前,損切,支持抵抗,0,129.43400
2023-01-01,2023-01-31,20260209_035226,20260209_035226-0012,2023-01-18 22:30:04.857000,2023-01-18 22:30:07.808000,買い,128.40100,128.30100,1.00,-10.00,420.00,水平線手前,損切,支持抵抗,0,128.40100
2023-01-01,2023-01-31,20260209_035226,20260209_035226-0013,2023-01-19 22:30:11.008000,2023-01-19 22:30:15.042000,売り,128.70200,128.60200,1.00,10.00,430.00,水平線手前,利確,支持抵抗,0,128.70200
2023-01-01,2023-01-31,20260209_035226,20260209_035226-0014,2023-01-24 23:45:03.863000,2023-01-24 23:45:09.449000,売り,130.72000,130.62000,1.00,10.00,440.00,水平線手前,利確,支持抵抗,0,130.72000
2023-01-01,2023-01-31,20260209_035226,20260209_035226-0015,2023-01-24 23:45:02.843000,2023-01-24 23:45:10.470000,売り,130.69900,130.59900,1.00,10.00,450.00,水平線手前,利確,支持抵抗,0,130.69900
2023-01-01,2023-01-31,20260209_035226,20260209_035226-0016,2023-01-26 22:30:05.053000,2023-01-26 22:30:05.817000,売り,129.98300,130.08300,1.00,-10.00,440.00,水平線手前,損切,支持抵抗,0,129.98300
2023-01-01,2023-01-31,20260209_035226,20260209_035226-0017,2023-01-26 22:30:05.206000,2023-01-26 22:30:06.377000,売り,130.02500,130.12500,1.00,-10.00,430.00,水平線手前,損切,支持抵抗,0,130.02500
2023-01-01,2023-01-31,20260209_035226,20260209_035226-0018,2023-01-26 22:30:07.243000,2023-01-26 22:30:08.568000,売り,130.29700,130.19700,1.00,10.00,440.00,水平線手前,利確,支持抵抗,0,130.29700
2023-01-01,2023-01-31,20260209_035226,20260209_035226-0019,2023-01-30 13:00:53.274000,2023-01-30 13:01:26.349000,買い,129.37100,129.47100,1.00,10.00,450.00,水平線手前,利確,支持抵抗,0,129.37100
2023-01-01,2023-01-31,20260209_035226,20260209_035226-0020,2023-01-31 22:30:04.665000,2023-01-31 22:30:07.992000,買い,130.06900,129.96900,1.00,-10.00,440.00,水平線手前,損切,支持抵抗,0,130.06900
2023-02-01,2023-02-28,20260209_035407,20260209_035407-0001,2023-02-03 22:30:01.207000,2023-02-03 22:30:01.865000,売り,128.99900,129.09900,1.00,-10.00,430.00,水平線手前,損切,支持抵抗,0,128.99900
2023-02-01,2023-02-28,20260209_035407,20260209_035407-0002,2023-02-03 22:30:01.865000,2023-02-03 22:30:01.916000,売り,129.09500,128.99500,1.00,10.00,440.00,水平線手前,利確,支持抵抗,0,129.09500
2023-02-01,2023-02-28,20260209_035407,20260209_035407-0003,2023-02-03 22:30:02.523000,2023-02-03 22:30:03.885000,売り,129.13500,129.23500,1.00,-10.00,430.00,水平線手前,損切,支持抵抗,0,129.13500
2023-02-01,2023-02-28,20260209_035407,20260209_035407-0004,2023-02-06 11:35:59.486000,2023-02-06 11:36:18.707000,買い,131.76700,131.86700,1.00,10.00,440.00,水平線手前,利確,支持抵抗,0,131.76700
2023-02-01,2023-02-28,20260209_035407,20260209_035407-0005,2023-02-09 14:45:03.849000,2023-02-09 14:45:04.206000,買い,131.26000,131.16000,1.00,-10.00,430.00,水平線手前,損切,支持抵抗,0,131.26000
2023-02-01,2023-02-28,20260209_035407,20260209_035407-0006,2023-02-09 14:45:04.564000,2023-02-09 14:45:04.819000,買い,131.11400,131.01400,1.00,-10.00,420.00,水平線手前,損切,支持抵抗,0,131.11400
2023-02-01,2023-02-28,20260209_035407,20260209_035407-0007,2023-02-09 14:45:05.431000,2023-02-09 14:45:07.011000,買い,130.77700,130.87700,1.00,10.00,430.00,水平線手前,利確,支持抵抗,0,130.77700
2023-02-01,2023-02-28,20260209_035407,20260209_035407-0008,2023-02-14 22:30:02.366000,2023-02-14 22:30:02.722000,売り,132.43000,132.53000,1.00,-10.00,420.00,水平線手前,損切,支持抵抗,0,132.43000
2023-02-01,2023-02-28,20260209_035407,20260209_035407-0009,2023-02-14 22:30:09.690000,2023-02-14 22:30:12.405000,売り,132.87700,132.77700,1.00,10.00,430.00,水平線手前,利確,支持抵抗,0,132.87700
2023-02-01,2023-02-28,20260209_035407,20260209_035407-0010,2023-02-14 22:30:10.253000,2023-02-14 22:30:12.405000,売り,132.88700,132.78700,1.00,10.00,440.00,水平線手前,利確,支持抵抗,0,132.88700
2023-02-01,2023-02-28,20260209_035407,20260209_035407-0011,2023-02-14 22:30:10.406000,2023-02-14 22:30:12.405000,売り,132.87800,132.77800,1.00,10.00,450.00,水平線手前,利確,支持抵抗,0,132.87800
2023-02-01,2023-02-28,20260209_035407,20260209_035407-0012,2023-02-14 22:32:58.046000,2023-02-14 22:33:00.176000,買い,131.68700,131.58700,1.00,-10.00,440.00,水平線手前,損切,支持抵抗,0,131.68700
2023-02-01,2023-02-28,20260209_035407,20260209_035407-0013,2023-02-16 22:30:03.114000,2023-02-16 22:30:03.776000,売り,134.16000,134.26000,1.00,-10.00,430.00,水平線手前,損切,支持抵抗,0,134.16000
2023-02-01,2023-02-28,20260209_035407,20260209_035407-0014,2023-02-24 22:30:22.107000,2023-02-24 22:30:25.805000,売り,135.66900,135.76900,1.00,-10.00,420.00,水平線手前,損切,支持抵抗,0,135.66900
2023-02-01,2023-02-28,20260209_035407,20260209_035407-0015,2023-02-24 22:30:27.741000,2023-02-24 22:30:41.964000,売り,135.95600,135.85600,1.00,10.00,430.00,水平線手前,利確,支持抵抗,0,135.95600
2023-03-01,2023-03-31,20260209_035640,20260209_035640-0001,2023-03-08 00:00:10.041000,2023-03-08 00:00:14.157000,売り,136.42600,136.32600,1.00,10.00,440.00,水平線手前,利確,支持抵抗,0,136.42600
2023-03-01,2023-03-31,20260209_035640,20260209_035640-0002,2023-03-08 00:00:09.835000,2023-03-08 00:01:02.398000,売り,136.39600,136.49600,1.00,-10.00,430.00,水平線手前,損切,支持抵抗,0,136.39600
2023-03-01,2023-03-31,20260209_035640,20260209_035640-0003,2023-03-09 22:30:04.380000,2023-03-09 22:30:06.483000,買い,136.04600,136.14600,1.00,10.00,440.00,水平線手前,利確,支持抵抗,0,136.04600
2023-03-01,2023-03-31,20260209_035640,20260209_035640-0004,2023-03-10 11:30:07.423000,2023-03-10 11:30:07.576000,売り,136.45500,136.55500,1.00,-10.00,430.00,水平線手前,損切,支持抵抗,0,136.45500
2023-03-01,2023-03-31,20260209_035640,20260209_035640-0005,2023-03-10 11:30:08.270000,2023-03-10 11:30:09.801000,売り,136.89100,136.79100,1.00,10.00,440.00,水平線手前,利確,支持抵抗,0,136.89100
2023-03-01,2023-03-31,20260209_035640,20260209_035640-0006,2023-03-14 21:30:00.833000,2023-03-14 21:30:01.291000,売り,134.31900,134.41900,1.00,-10.00,430.00,水平線手前,損切,支持抵抗,0,134.31900
2023-03-01,2023-03-31,20260209_035640,20260209_035640-0007,2023-03-15 21:30:04.046000,2023-03-15 21:30:04.302000,買い,132.88200,132.78200,1.00,-10.00,420.00,水平線手前,損切,支持抵抗,0,132.88200
2023-03-01,2023-03-31,20260209_035640,20260209_035640-0008,2023-03-23 03:00:01.170000,2023-03-23 03:00:26.894000,買い,132.28800,132.18800,1.00,-10.00,410.00,水平線手前,損切,支持抵抗,0,132.28800
2023-03-01,2023-03-31,20260209_035640,20260209_035640-0009,2023-03-24 22:45:00.907000,2023-03-24 22:45:08.856000,売り,130.58000,130.48000,1.00,10.00,420.00,水平線手前,利確,支持抵抗,0,130.58000
2023-04-01,2023-04-30,20260209_035820,20260209_035820-0001,2023-04-03 23:00:00.221000,2023-04-03 23:00:00.349000,買い,132.67400,132.57400,1.00,-10.00,410.00,水平線手前,損切,支持抵抗,0,132.67400
2023-04-01,2023-04-30,20260209_035820,20260209_035820-0002,2023-04-03 23:00:00.349000,2023-04-03 23:00:13.092000,買い,132.57900,132.67900,1.00,10.00,420.00,水平線手前,利確,支持抵抗,0,132.57900
2023-04-01,2023-04-30,20260209_035820,20260209_035820-0003,2023-04-05 21:15:02.298000,2023-04-05 21:15:03.800000,買い,131.26600,131.16600,1.00,-10.00,410.00,水平線手前,損切,支持抵抗,0,131.26600
2023-04-01,2023-04-30,20260209_035820,20260209_035820-0004,2023-04-05 23:00:00.212000,2023-04-05 23:00:00.416000,買い,130.81500,130.71500,1.00,-10.00,400.00,水平線手前,損切,支持抵抗,0,130.81500
2023-04-01,2023-04-30,20260209_035820,20260209_035820-0005,2023-04-05 23:00:00.834000,2023-04-05 23:00:11.900000,買い,130.63500,130.73500,1.00,10.00,410.00,水平線手前,利確,支持抵抗,0,130.63500
2023-04-01,2023-04-30,20260209_035820,20260209_035820-0006,2023-04-06 21:30:05.012000,2023-04-06 21:30:08.029000,買い,130.98300,131.08300,1.00,10.00,420.00,水平線手前,利確,支持抵抗,0,130.98300
2023-04-01,2023-04-30,20260209_035820,20260209_035820-0007,2023-04-07 21:30:02.921000,2023-04-07 21:30:20.441000,売り,131.93200,132.03200,1.00,-10.00,410.00,水平線手前,損切,支持抵抗,0,131.93200
2023-04-01,2023-04-30,20260209_035820,20260209_035820-0008,2023-04-07 21:30:04.037000,2023-04-07 21:30:20.666000,売り,131.95300,132.05300,1.00,-10.00,400.00,水平線手前,損切,支持抵抗,0,131.95300
2023-04-01,2023-04-30,20260209_035820,20260209_035820-0009,2023-04-12 21:30:01.123000,2023-04-12 21:30:01.685000,買い,133.57700,133.47700,1.00,-10.00,390.00,水平線手前,損切,支持抵抗,0,133.57700
2023-04-01,2023-04-30,20260209_035820,20260209_035820-0010,2023-04-13 21:30:01.984000,2023-04-13 21:30:02.291000,買い,132.89500,132.79500,1.00,-10.00,380.00,水平線手前,損切,支持抵抗,0,132.89500
2023-04-01,2023-04-30,20260209_035820,20260209_035820-0011,2023-04-14 21:30:08.144000,2023-04-14 21:30:15.338000,買い,132.20500,132.30500,1.00,10.00,390.00,水平線手前,利確,支持抵抗,0,132.20500
2023-04-01,2023-04-30,20260209_035820,20260209_035820-0012,2023-04-21 22:45:00.617000,2023-04-21 22:45:35.356000,売り,133.90900,134.00900,1.00,-10.00,380.00,水平線手前,損切,支持抵抗,0,133.90900
2023-04-01,2023-04-30,20260209_035820,20260209_035820-0013,2023-04-27 21:30:10.506000,2023-04-27 21:30:13.713000,買い,133.22800,133.32800,1.00,10.00,390.00,水平線手前,利確,支持抵抗,0,133.22800
2023-04-01,2023-04-30,20260209_035820,20260209_035820-0014,2023-04-28 12:24:40.643000,2023-04-28 12:24:40.695000,買い,133.62100,133.52100,1.00,-10.00,380.00,水平線手前,損切,支持抵抗,0,133.62100
2023-04-01,2023-04-30,20260209_035820,20260209_035820-0015,2023-04-28 12:24:41.978000,2023-04-28 12:24:43.565000,買い,133.37400,133.47400,1.00,10.00,390.00,水平線手前,利確,支持抵抗,0,133.37400
2023-04-01,2023-04-30,20260209_035820,20260209_035820-0016,2023-04-28 13:00:21.765000,2023-04-28 13:00:23.965000,売り,134.26600,134.16600,1.00,10.00,400.00,水平線手前,利確,支持抵抗,0,134.26600
2023-05-01,2023-05-31,20260209_040003,20260209_040003-0001,2023-05-03 21:15:07.095000,2023-05-03 21:15:09.840000,売り,135.91400,135.81400,1.00,10.00,410.00,水平線手前,利確,支持抵抗,0,135.91400
2023-05-01,2023-05-31,20260209_040003,20260209_040003-0002,2023-05-05 21:30:05.357000,2023-05-05 21:30:07.994000,売り,134.85200,134.95200,1.00,-10.00,400.00,水平線手前,損切,支持抵抗,0,134.85200
2023-05-01,2023-05-31,20260209_040003,20260209_040003-0003,2023-05-05 21:30:06.941000,2023-05-05 21:30:11.778000,売り,134.87300,134.77300,1.00,10.00,410.00,水平線手前,利確,支持抵抗,0,134.87300
2023-05-01,2023-05-31,20260209_040003,20260209_040003-0004,2023-05-10 21:30:00.208000,2023-05-10 21:30:00.497000,買い,135.06300,134.96300,1.00,-10.00,400.00,水平線手前,損切,支持抵抗,0,135.06300
2023-05-01,2023-05-31,20260209_040003,20260209_040003-0005,2023-05-10 21:30:01.108000,2023-05-10 21:30:01.517000,買い,134.94700,134.84700,1.00,-10.00,390.00,水平線手前,損切,支持抵抗,0,134.94700
2023-05-01,2023-05-31,20260209_040003,20260209_040003-0006,2023-05-11 21:30:13.267000,2023-05-11 21:30:22.959000,買い,133.93200,133.83200,1.00,-10.00,380.00,水平線手前,損切,支持抵抗,0,133.93200
2023-05-01,2023-05-31,20260209_040003,20260209_040003-0007,2023-05-12 23:00:00.234000,2023-05-12 23:00:10.406000,売り,135.02000,134.92000,1.00,10.00,390.00,水平線手前,利確,支持抵抗,0,135.02000
2023-05-01,2023-05-31,20260209_040003,20260209_040003-0008,2023-05-16 21:30:00.711000,2023-05-16 21:30:13.973000,買い,135.70900,135.80900,1.00,10.00,400.00,水平線手前,利確,支持抵抗,0,135.70900
2023-05-01,2023-05-31,20260209_040003,20260209_040003-0009,2023-05-31 23:00:01.481000,2023-05-31 23:00:01.808000,売り,139.89600,139.99600,1.00,-10.00,390.00,水平線手前,損切,支持抵抗,0,139.89600
2023-05-01,2023-05-31,20260209_040003,20260209_040003-0010,2023-05-31 23:00:02.266000,2023-05-31 23:00:03.226000,売り,140.05300,140.15300,1.00,-10.00,380.00,水平線手前,損切,支持抵抗,0,140.05300
2023-05-01,2023-05-31,20260209_040003,20260209_040003-0011,2023-05-31 23:00:02.624000,2023-05-31 23:00:03.444000,売り,140.10500,140.20500,1.00,-10.00,370.00,水平線手前,損切,支持抵抗,0,140.10500
2023-05-01,2023-05-31,20260209_040003,20260209_040003-0012,2023-05-31 23:00:05.741000,2023-05-31 23:00:07.634000,売り,140.37800,140.27800,1.00,10.00,380.00,水平線手前,利確,支持抵抗,0,140.37800
2023-06-01,2023-06-30,20260209_040127,20260209_040127-0001,2023-06-02 21:30:01.715000,2023-06-02 21:30:03.684000,売り,139.17700,139.27700,1.00,-10.00,370.00,水平線手前,損切,支持抵抗,0,139.17700
2023-06-01,2023-06-30,20260209_040127,20260209_040127-0002,2023-06-02 21:30:08.299000,2023-06-02 21:30:11.443000,売り,139.42700,139.32700,1.00,10.00,380.00,水平線手前,利確,支持抵抗,0,139.42700
2023-06-01,2023-06-30,20260209_040127,20260209_040127-0003,2023-06-05 23:00:00.142000,2023-06-05 23:00:00.296000,買い,139.77600,139.67600,1.00,-10.00,370.00,水平線手前,損切,支持抵抗,0,139.77600
2023-06-01,2023-06-30,20260209_040127,20260209_040127-0004,2023-06-13 21:30:01.210000,2023-06-13 21:30:01.261000,売り,139.62700,139.72700,1.00,-10.00,360.00,水平線手前,損切,支持抵抗,0,139.62700
2023-06-01,2023-06-30,20260209_040127,20260209_040127-0005,2023-06-13 21:30:01.261000,2023-06-13 21:30:02.205000,売り,139.73400,139.83400,1.00,-10.00,350.00,水平線手前,損切,支持抵抗,0,139.73400
2023-06-01,2023-06-30,20260209_040127,20260209_040127-0006,2023-06-13 21:30:01.363000,2023-06-13 21:30:02.205000,売り,139.75100,139.85100,1.00,-10.00,340.00,水平線手前,損切,支持抵抗,0,139.75100
2023-06-01,2023-06-30,20260209_040127,20260209_040127-0007,2023-06-13 21:30:02.205000,2023-06-13 21:30:02.974000,売り,139.84200,139.94200,1.00,-10.00,330.00,水平線手前,損切,支持抵抗,0,139.84200
2023-06-01,2023-06-30,20260209_040127,20260209_040127-0008,2023-06-13 21:30:03.228000,2023-06-13 21:30:04.777000,売り,139.98100,139.88100,1.00,10.00,340.00,水平線手前,利確,支持抵抗,0,139.98100
2023-06-01,2023-06-30,20260209_040127,20260209_040127-0009,2023-06-13 21:30:02.974000,2023-06-13 21:30:06.436000,売り,139.93900,139.83900,1.00,10.00,350.00,水平線手前,利確,支持抵抗,0,139.93900
2023-06-01,2023-06-30,20260209_040127,20260209_040127-0010,2023-06-13 21:30:12.591000,2023-06-13 21:30:13.052000,買い,139.34600,139.24600,1.00,-10.00,340.00,水平線手前,損切,支持抵抗,0,139.34600
2023-06-01,2023-06-30,20260209_040127,20260209_040127-0011,2023-06-13 21:30:13.664000,2023-06-13 21:30:17.102000,買い,139.09000,139.19000,1.00,10.00,350.00,水平線手前,利確,支持抵抗,0,139.09000
2023-06-01,2023-06-30,20260209_040127,20260209_040127-0012,2023-06-13 21:30:17.153000,2023-06-13 21:30:18.200000,買い,139.21200,139.31200,1.00,10.00,360.00,水平線手前,利確,支持抵抗,0,139.21200
2023-06-01,2023-06-30,20260209_040127,20260209_040127-0013,2023-06-23 22:45:00.595000,2023-06-23 22:45:06.195000,買い,142.72500,142.82500,1.00,10.00,370.00,水平線手前,利確,支持抵抗,0,142.72500
2023-07-01,2023-07-31,20260209_040246,20260209_040246-0001,2023-07-07 21:29:59.790000,2023-07-07 21:30:04.735000,買い,142.88400,142.78400,1.00,-10.00,360.00,水平線手前,損切,支持抵抗,0,142.88400
2023-07-01,2023-07-31,20260209_040246,20260209_040246-0002,2023-07-07 21:30:11.001000,2023-07-07 21:30:28.596000,買い,142.61600,142.71600,1.00,10.00,370.00,水平線手前,利確,支持抵抗,0,142.61600
2023-07-01,2023-07-31,20260209_040246,20260209_040246-0003,2023-07-12 21:30:01.246000,2023-07-12 21:30:02.959000,買い,139.12600,139.02600,1.00,-10.00,360.00,水平線手前,損切,支持抵抗,0,139.12600
2023-07-01,2023-07-31,20260209_040246,20260209_040246-0004,2023-07-24 18:05:07.647000,2023-07-24 18:05:10.276000,買い,141.21200,141.31200,1.00,10.00,370.00,水平線手前,利確,支持抵抗,0,141.21200
2023-07-01,2023-07-31,20260209_040246,20260209_040246-0005,2023-07-24 22:45:00.475000,2023-07-24 22:45:03.548000,売り,141.24900,141.14900,1.00,10.00,380.00,水平線手前,利確,支持抵抗,0,141.24900
2023-07-01,2023-07-31,20260209_040246,20260209_040246-0006,2023-07-28 12:28:11.385000,2023-07-28 12:28:11.592000,売り,139.63000,139.73000,1.00,-10.00,370.00,水平線手前,損切,支持抵抗,0,139.63000
2023-07-01,2023-07-31,20260209_040246,20260209_040246-0007,2023-07-28 12:28:37.563000,2023-07-28 12:28:37.851000,買い,138.73600,138.63600,1.00,-10.00,360.00,水平線手前,損切,支持抵抗,0,138.73600
2023-07-01,2023-07-31,20260209_040246,20260209_040246-0008,2023-07-28 12:28:37.903000,2023-07-28 12:28:38.526000,買い,138.58600,138.48600,1.00,-10.00,350.00,水平線手前,損切,支持抵抗,0,138.58600
2023-07-01,2023-07-31,20260209_040246,20260209_040246-0009,2023-07-28 12:28:38.526000,2023-07-28 12:28:39.095000,買い,138.48900,138.58900,1.00,10.00,360.00,水平線手前,利確,支持抵抗,0,138.48900
2023-07-01,2023-07-31,20260209_040246,20260209_040246-0010,2023-07-28 15:36:46.984000,2023-07-28 15:36:55.110000,売り,139.74500,139.64500,1.00,10.00,370.00,水平線手前,利確,支持抵抗,0,139.74500
2023-08-01,2023-08-31,20260209_040427,20260209_040427-0001,2023-08-02 21:15:05.814000,2023-08-02 21:15:41.897000,売り,143.18600,143.08600,1.00,10.00,380.00,水平線手前,利確,支持抵抗,0,143.18600
2023-08-01,2023-08-31,20260209_040427,20260209_040427-0002,2023-08-03 13:04:15.913000,2023-08-03 13:04:34.893000,売り,143.71100,143.61100,1.00,10.00,390.00,水平線手前,利確,支持抵抗,0,143.71100
2023-08-01,2023-08-31,20260209_040427,20260209_040427-0003,2023-08-04 21:30:01.569000,2023-08-04 21:30:04.302000,売り,142.86200,142.76200,1.00,10.00,400.00,水平線手前,利確,支持抵抗,0,142.86200
2023-08-01,2023-08-31,20260209_040427,20260209_040427-0004,2023-08-04 21:30:01.621000,2023-08-04 21:30:04.302000,売り,142.88700,142.78700,1.00,10.00,410.00,水平線手前,利確,支持抵抗,0,142.88700
2023-08-01,2023-08-31,20260209_040427,20260209_040427-0005,2023-08-04 21:30:01.155000,2023-08-04 21:30:04.720000,売り,142.81600,142.71600,1.00,10.00,420.00,水平線手前,利確,支持抵抗,0,142.81600
2023-08-01,2023-08-31,20260209_040427,20260209_040427-0006,2023-08-04 21:30:07.158000,2023-08-04 21:30:09.152000,買い,142.32100,142.42100,1.00,10.00,430.00,水平線手前,利確,支持抵抗,0,142.32100
2023-08-01,2023-08-31,20260209_040427,20260209_040427-0007,2023-08-04 21:30:07.001000,2023-08-04 21:30:11.788000,買い,142.38400,142.48400,1.00,10.00,440.00,水平線手前,利確,支持抵抗,0,142.38400
2023-08-01,2023-08-31,20260209_040427,20260209_040427-0008,2023-08-11 23:00:01.023000,2023-08-11 23:00:03.482000,買い,144.42700,144.52700,1.00,10.00,450.00,水平線手前,利確,支持抵抗,0,144.42700
2023-08-01,2023-08-31,20260209_040427,20260209_040427-0009,2023-08-11 23:00:01.404000,2023-08-11 23:00:03.956000,買い,144.45400,144.55400,1.00,10.00,460.00,水平線手前,利確,支持抵抗,0,144.45400
2023-08-01,2023-08-31,20260209_040427,20260209_040427-0010,2023-08-25 23:03:02.487000,2023-08-25 23:03:52.505000,買い,145.89100,145.79100,1.00,-10.00,450.00,水平線手前,損切,支持抵抗,0,145.89100
2023-09-01,2023-09-30,20260209_040542,20260209_040542-0001,2023-09-01 23:00:00.461000,2023-09-01 23:00:27.127000,売り,145.63600,145.73600,1.00,-10.00,440.00,水平線手前,損切,支持抵抗,0,145.63600
2023-09-01,2023-09-30,20260209_040542,20260209_040542-0002,2023-09-13 21:30:00.473000,2023-09-13 21:30:01.182000,買い,147.22400,147.32400,1.00,10.00,450.00,水平線手前,利確,支持抵抗,0,147.22400
2023-09-01,2023-09-30,20260209_040542,20260209_040542-0003,2023-09-21 03:00:02.229000,2023-09-21 03:00:08.021000,売り,147.90200,147.80200,1.00,10.00,460.00,水平線手前,利確,支持抵抗,0,147.90200
2023-09-01,2023-09-30,20260209_040542,20260209_040542-0004,2023-09-22 11:52:14.151000,2023-09-22 11:52:27.912000,売り,147.96800,148.06800,1.00,-10.00,450.00,水平線手前,損切,支持抵抗,0,147.96800
2023-09-01,2023-09-30,20260209_040542,20260209_040542-0005,2023-09-29 21:30:13.793000,2023-09-29 21:31:03.011000,買い,148.97300,149.07300,1.00,10.00,460.00,水平線手前,利確,支持抵抗,0,148.97300
2023-10-01,2023-10-31,20260209_040706,20260209_040706-0001,2023-10-03 23:12:01.119000,2023-10-03 23:12:02.922000,買い,149.67900,149.57900,1.00,-10.00,450.00,水平線手前,損切,支持抵抗,0,149.67900
2023-10-01,2023-10-31,20260209_040706,20260209_040706-0002,2023-10-03 23:12:01.170000,2023-10-03 23:12:02.922000,買い,149.67200,149.57200,1.00,-10.00,440.00,水平線手前,損切,支持抵抗,0,149.67200
2023-10-01,2023-10-31,20260209_040706,20260209_040706-0003,2023-10-03 23:12:05.333000,2023-10-03 23:12:05.588000,買い,149.46400,149.36400,1.00,-10.00,430.00,水平線手前,損切,支持抵抗,0,149.46400
2023-10-01,2023-10-31,20260209_040706,20260209_040706-0004,2023-10-03 23:12:24.554000,2023-10-03 23:12:24.708000,買い,147.29900,147.39900,1.00,10.00,440.00,水平線手前,利確,支持抵抗,0,147.29900
2023-10-01,2023-10-31,20260209_040706,20260209_040706-0005,2023-10-06 21:30:02.809000,2023-10-06 21:30:04.390000,売り,149.28800,149.18800,1.00,10.00,450.00,水平線手前,利確,支持抵抗,0,149.28800
2023-10-01,2023-10-31,20260209_040706,20260209_040706-0006,2023-10-06 21:30:01.378000,2023-10-06 21:30:04.696000,売り,149.23600,149.13600,1.00,10.00,460.00,水平線手前,利確,支持抵抗,0,149.23600
2023-10-01,2023-10-31,20260209_040706,20260209_040706-0007,2023-10-06 21:30:07.294000,2023-10-06 21:30:09.876000,売り,149.30600,149.20600,1.00,10.00,470.00,水平線手前,利確,支持抵抗,0,149.30600
2023-10-01,2023-10-31,20260209_040706,20260209_040706-0008,2023-10-12 21:30:06.855000,2023-10-12 21:30:13.818000,売り,149.35900,149.25900,1.00,10.00,480.00,水平線手前,利確,支持抵抗,0,149.35900
2023-10-01,2023-10-31,20260209_040706,20260209_040706-0009,2023-10-12 21:30:02.796000,2023-10-12 21:37:13.705000,売り,149.29400,149.39400,1.00,-10.00,470.00,水平線手前,損切,支持抵抗,0,149.29400
2023-10-01,2023-10-31,20260209_040706,20260209_040706-0010,2023-10-12 21:30:01.567000,2023-10-12 21:37:16.234000,売り,149.30100,149.40100,1.00,-10.00,460.00,水平線手前,損切,支持抵抗,0,149.30100
2023-10-01,2023-10-31,20260209_040706,20260209_040706-0011,2023-10-17 19:13:02.999000,2023-10-17 19:13:03.462000,買い,149.40700,149.30700,1.00,-10.00,450.00,水平線手前,損切,支持抵抗,0,149.40700
2023-10-01,2023-10-31,20260209_040706,20260209_040706-0012,2023-10-17 19:13:03.409000,2023-10-17 19:13:03.514000,買い,149.35600,149.25600,1.00,-10.00,440.00,水平線手前,損切,支持抵抗,0,149.35600
2023-10-01,2023-10-31,20260209_040706,20260209_040706-0013,2023-10-17 19:13:03.981000,2023-10-17 19:13:04.763000,買い,149.05400,148.95400,1.00,-10.00,430.00,水平線手前,損切,支持抵抗,0,149.05400
2023-10-01,2023-10-31,20260209_040706,20260209_040706-0014,2023-10-17 19:13:04.608000,2023-10-17 19:13:05.376000,買い,148.99200,148.89200,1.00,-10.00,420.00,水平線手前,損切,支持抵抗,0,148.99200
2023-10-01,2023-10-31,20260209_040706,20260209_040706-0015,2023-10-17 19:13:06.097000,2023-10-17 19:13:08.262000,買い,148.77000,148.87000,1.00,10.00,430.00,水平線手前,利確,支持抵抗,0,148.77000
2023-10-01,2023-10-31,20260209_040706,20260209_040706-0016,2023-10-17 19:13:05.838000,2023-10-17 19:13:08.834000,買い,148.81900,148.91900,1.00,10.00,440.00,水平線手前,利確,支持抵抗,0,148.81900
2023-10-01,2023-10-31,20260209_040706,20260209_040706-0017,2023-10-17 19:13:21.039000,2023-10-17 19:13:22.372000,売り,149.71900,149.61900,1.00,10.00,450.00,水平線手前,利確,支持抵抗,0,149.71900
2023-10-01,2023-10-31,20260209_040706,20260209_040706-0018,2023-10-17 19:13:28.205000,2023-10-17 19:13:31.185000,売り,149.73800,149.63800,1.00,10.00,460.00,水平線手前,利確,支持抵抗,0,149.73800
2023-10-01,2023-10-31,20260209_040706,20260209_040706-0019,2023-10-17 19:13:20.475000,2023-10-17 19:13:41.816000,売り,149.67500,149.57500,1.00,10.00,470.00,水平線手前,利確,支持抵抗,0,149.67500
2023-10-01,2023-10-31,20260209_040706,20260209_040706-0020,2023-10-20 17:23:33.779000,2023-10-20 17:23:35.644000,買い,149.67600,149.77600,1.00,10.00,480.00,水平線手前,利確,支持抵抗,0,149.67600
2023-10-01,2023-10-31,20260209_040706,20260209_040706-0021,2023-10-20 17:23:34.560000,2023-10-20 17:23:35.695000,買い,149.69800,149.79800,1.00,10.00,490.00,水平線手前,利確,支持抵抗,0,149.69800
2023-10-01,2023-10-31,20260209_040706,20260209_040706-0022,2023-10-20 17:23:33.726000,2023-10-20 17:23:35.902000,買い,149.70600,149.80600,1.00,10.00,500.00,水平線手前,利確,支持抵抗,0,149.70600
2023-10-01,2023-10-31,20260209_040706,20260209_040706-0023,2023-10-20 17:23:33.673000,2023-10-20 17:23:35.953000,買い,149.71600,149.81600,1.00,10.00,510.00,水平線手前,利確,支持抵抗,0,149.71600
2023-10-01,2023-10-31,20260209_040706,20260209_040706-0024,2023-10-26 15:47:25.286000,2023-10-26 15:47:27.306000,買い,150.02800,149.92800,1.00,-10.00,500.00,水平線手前,損切,支持抵抗,0,150.02800
2023-10-01,2023-10-31,20260209_040706,20260209_040706-0025,2023-10-26 15:47:27.441000,2023-10-26 15:47:28.119000,買い,149.84000,149.94000,1.00,10.00,510.00,水平線手前,利確,支持抵抗,0,149.84000
2023-10-01,2023-10-31,20260209_040706,20260209_040706-0026,2023-10-26 15:47:27.357000,2023-10-26 15:47:28.738000,買い,149.89900,149.99900,1.00,10.00,520.00,水平線手前,利確,支持抵抗,0,149.89900
2023-10-01,2023-10-31,20260209_040706,20260209_040706-0027,2023-10-30 23:01:54.909000,2023-10-30 23:01:56.795000,買い,149.31200,149.41200,1.00,10.00,530.00,水平線手前,利確,支持抵抗,0,149.31200
2023-10-01,2023-10-31,20260209_040706,20260209_040706-0028,2023-10-31 12:27:13.117000,2023-10-31 12:27:15.193000,売り,149.83500,149.73500,1.00,10.00,540.00,水平線手前,利確,支持抵抗,0,149.83500
2023-10-01,2023-10-31,20260209_040706,20260209_040706-0029,2023-10-31 18:06:54.691000,2023-10-31 18:06:56.837000,買い,150.10300,150.20300,1.00,10.00,550.00,水平線手前,利確,支持抵抗,0,150.10300
2023-11-01,2023-11-30,20260209_040808,20260209_040808-0001,2023-11-02 16:58:28.104000,2023-11-02 16:58:30.290000,買い,150.17900,150.27900,1.00,10.00,560.00,水平線手前,利確,支持抵抗,0,150.17900
2023-11-01,2023-11-30,20260209_040808,20260209_040808-0002,2023-11-03 21:30:08.286000,2023-11-03 21:30:24.116000,買い,149.87000,149.77000,1.00,-10.00,550.00,水平線手前,損切,支持抵抗,0,149.87000
2023-11-01,2023-11-30,20260209_040808,20260209_040808-0003,2023-11-15 22:30:11.541000,2023-11-15 22:30:39.230000,買い,150.08500,150.18500,1.00,10.00,560.00,水平線手前,利確,支持抵抗,0,150.08500
2023-12-01,2023-12-31,20260209_040938,20260209_040938-0001,2023-12-06 00:00:01.630000,2023-12-06 00:00:02.730000,買い,146.70700,146.80700,1.00,10.00,570.00,水平線手前,利確,支持抵抗,0,146.70700
2023-12-01,2023-12-31,20260209_040938,20260209_040938-0002,2023-12-06 00:00:02.882000,2023-12-06 00:00:03.041000,買い,146.80000,146.70000,1.00,-10.00,560.00,水平線手前,損切,支持抵抗,0,146.80000
2023-12-01,2023-12-31,20260209_040938,20260209_040938-0003,2023-12-08 02:47:26.189000,2023-12-08 02:47:28.046000,買い,141.64200,141.74200,1.00,10.00,570.00,水平線手前,利確,支持抵抗,0,141.64200
2023-12-01,2023-12-31,20260209_040938,20260209_040938-0004,2023-12-08 22:30:02.542000,2023-12-08 22:30:08.816000,売り,144.64500,144.74500,1.00,-10.00,560.00,水平線手前,損切,支持抵抗,0,144.64500
2023-12-01,2023-12-31,20260209_040938,20260209_040938-0005,2023-12-12 22:30:08.212000,2023-12-12 22:30:09.632000,売り,145.59900,145.49900,1.00,10.00,570.00,水平線手前,利確,支持抵抗,0,145.59900
2023-12-01,2023-12-31,20260209_040938,20260209_040938-0006,2023-12-12 22:30:15.436000,2023-12-12 22:30:18.339000,買い,145.05200,144.95200,1.00,-10.00,560.00,水平線手前,損切,支持抵抗,0,145.05200
2023-12-01,2023-12-31,20260209_040938,20260209_040938-0007,2023-12-14 04:00:01.114000,2023-12-14 04:00:01.626000,買い,144.89100,144.79100,1.00,-10.00,550.00,水平線手前,損切,支持抵抗,0,144.89100
2023-12-01,2023-12-31,20260209_040938,20260209_040938-0008,2023-12-14 04:00:01.729000,2023-12-14 04:00:03.797000,買い,144.76900,144.66900,1.00,-10.00,540.00,水平線手前,損切,支持抵抗,0,144.76900
2023-12-01,2023-12-31,20260209_040938,20260209_040938-0009,2023-12-15 22:30:01.777000,2023-12-15 22:30:03.106000,買い,141.51600,141.61600,1.00,10.00,550.00,水平線手前,利確,支持抵抗,0,141.51600
2023-12-01,2023-12-31,20260209_040938,20260209_040938-0010,2023-12-15 22:30:02.083000,2023-12-15 22:30:03.106000,買い,141.50800,141.60800,1.00,10.00,560.00,水平線手前,利確,支持抵抗,0,141.50800
2023-12-01,2023-12-31,20260209_040938,20260209_040938-0011,2023-12-19 11:49:07.190000,2023-12-19 11:49:08.783000,売り,143.14200,143.24200,1.00,-10.00,550.00,水平線手前,損切,支持抵抗,0,143.14200
2023-12-01,2023-12-31,20260209_040938,20260209_040938-0012,2023-12-19 11:49:07.293000,2023-12-19 11:49:11.402000,売り,143.16500,143.26500,1.00,-10.00,540.00,水平線手前,損切,支持抵抗,0,143.16500
2023-12-01,2023-12-31,20260209_040938,20260209_040938-0013,2023-12-19 15:36:35.626000,2023-12-19 15:36:35.883000,買い,142.50400,142.60400,1.00,10.00,550.00,水平線手前,利確,支持抵抗,0,142.50400
2024-01-01,2024-01-31,20260209_041117,20260209_041117-0001,2024-01-05 22:30:01.563000,2024-01-05 22:30:02.665000,売り,145.38300,145.48300,1.00,-10.00,540.00,水平線手前,損切,支持抵抗,0,145.38300
2024-01-01,2024-01-31,20260209_041117,20260209_041117-0002,2024-01-06 00:00:00.200000,2024-01-06 00:00:00.677000,買い,144.81200,144.71200,1.00,-10.00,530.00,水平線手前,損切,支持抵抗,0,144.81200
2024-01-01,2024-01-31,20260209_041117,20260209_041117-0003,2024-01-06 00:00:00.568000,2024-01-06 00:00:01.418000,買い,144.72500,144.62500,1.00,-10.00,520.00,水平線手前,損切,支持抵抗,0,144.72500
2024-01-01,2024-01-31,20260209_041117,20260209_041117-0004,2024-01-06 00:00:00.677000,2024-01-06 00:00:14.768000,買い,144.69300,144.59300,1.00,-10.00,510.00,水平線手前,損切,支持抵抗,0,144.69300
2024-01-01,2024-01-31,20260209_041117,20260209_041117-0005,2024-01-11 22:30:00.988000,2024-01-11 22:30:01.496000,買い,145.00200,145.10200,1.00,10.00,520.00,水平線手前,利確,支持抵抗,0,145.00200
2024-01-01,2024-01-31,20260209_041117,20260209_041117-0006,2024-01-11 22:30:01.662000,2024-01-11 22:30:01.927000,売り,145.64800,145.74800,1.00,-10.00,510.00,水平線手前,損切,支持抵抗,0,145.64800
2024-01-01,2024-01-31,20260209_041117,20260209_041117-0007,2024-01-11 22:30:02.903000,2024-01-11 22:30:10.035000,売り,145.80800,145.70800,1.00,10.00,520.00,水平線手前,利確,支持抵抗,0,145.80800
2024-01-01,2024-01-31,20260209_041117,20260209_041117-0008,2024-01-11 22:30:03.108000,2024-01-11 22:30:10.035000,売り,145.81500,145.71500,1.00,10.00,530.00,水平線手前,利確,支持抵抗,0,145.81500
2024-01-01,2024-01-31,20260209_041117,20260209_041117-0009,2024-01-17 22:30:04.379000,2024-01-17 22:36:02.254000,売り,147.95100,147.85100,1.00,10.00,540.00,水平線手前,利確,支持抵抗,0,147.95100
2024-01-01,2024-01-31,20260209_041117,20260209_041117-0010,2024-01-17 22:30:04.328000,2024-01-17 23:41:18.822000,売り,147.94700,148.04700,1.00,-10.00,530.00,水平線手前,損切,支持抵抗,0,147.94700
2024-01-01,2024-01-31,20260209_041117,20260209_041117-0011,2024-01-23 12:09:06.188000,2024-01-23 12:09:06.960000,売り,148.50200,148.40200,1.00,10.00,540.00,水平線手前,利確,支持抵抗,0,148.50200
2024-01-01,2024-01-31,20260209_041117,20260209_041117-0012,2024-01-25 22:30:04.099000,2024-01-25 22:30:33.421000,売り,147.90600,147.80600,1.00,10.00,550.00,水平線手前,利確,支持抵抗,0,147.90600
2024-01-01,2024-01-31,20260209_041117,20260209_041117-0013,2024-01-25 22:30:02.769000,2024-01-25 22:30:34.349000,売り,147.85900,147.75900,1.00,10.00,560.00,水平線手前,利確,支持抵抗,0,147.85900
2024-01-01,2024-01-31,20260209_041117,20260209_041117-0014,2024-01-25 22:30:02.975000,2024-01-25 22:30:34.349000,売り,147.85800,147.75800,1.00,10.00,570.00,水平線手前,利確,支持抵抗,0,147.85800
2024-01-01,2024-01-31,20260209_041117,20260209_041117-0015,2024-01-26 22:30:10.345000,2024-01-26 22:30:12.650000,買い,147.42300,147.52300,1.00,10.00,580.00,水平線手前,利確,支持抵抗,0,147.42300
2024-01-01,2024-01-31,20260209_041117,20260209_041117-0016,2024-01-31 00:00:04.200000,2024-01-31 00:00:09.279000,売り,147.56500,147.46500,1.00,10.00,590.00,水平線手前,利確,支持抵抗,0,147.56500
2024-02-01,2024-02-29,20260209_041248,20260209_041248-0001,2024-02-01 04:00:04.389000,2024-02-01 04:00:05.164000,買い,146.09600,146.19600,1.00,10.00,600.00,水平線手前,利確,支持抵抗,0,146.09600
2024-02-01,2024-02-29,20260209_041248,20260209_041248-0002,2024-02-01 04:00:11.916000,2024-02-01 04:00:15.560000,売り,146.74300,146.64300,1.00,10.00,610.00,水平線手前,利確,支持抵抗,0,146.74300
2024-02-01,2024-02-29,20260209_041248,20260209_041248-0003,2024-02-02 22:30:02.109000,2024-02-02 22:30:05.939000,売り,147.13800,147.23800,1.00,-10.00,600.00,水平線手前,損切,支持抵抗,0,147.13800
2024-02-01,2024-02-29,20260209_041248,20260209_041248-0004,2024-02-02 22:30:02.313000,2024-02-02 22:30:05.939000,売り,147.13600,147.23600,1.00,-10.00,590.00,水平線手前,損切,支持抵抗,0,147.13600
2024-02-01,2024-02-29,20260209_041248,20260209_041248-0005,2024-02-06 00:00:00.390000,2024-02-06 00:07:14.130000,売り,148.67400,148.57400,1.00,10.00,600.00,水平線手前,利確,支持抵抗,0,148.67400
2024-02-01,2024-02-29,20260209_041248,20260209_041248-0006,2024-02-13 22:30:01.265000,2024-02-13 22:30:01.576000,売り,149.71200,149.81200,1.00,-10.00,590.00,水平線手前,損切,支持抵抗,0,149.71200
2024-02-01,2024-02-29,20260209_041248,20260209_041248-0007,2024-02-15 22:30:16.797000,2024-02-15 22:30:24.975000,買い,149.54800,149.64800,1.00,10.00,600.00,水平線手前,利確,支持抵抗,0,149.54800
2024-02-01,2024-02-29,20260209_041248,20260209_041248-0008,2024-02-16 22:30:06.680000,2024-02-16 22:52:23.344000,売り,150.61600,150.51600,1.00,10.00,610.00,水平線手前,利確,支持抵抗,0,150.61600
2024-02-01,2024-02-29,20260209_041248,20260209_041248-0009,2024-02-16 22:30:02.712000,2024-02-16 22:55:01.192000,売り,150.58300,150.48300,1.00,10.00,620.00,水平線手前,利確,支持抵抗,0,150.58300
2024-03-01,2024-03-31,20260209_041400,20260209_041400-0001,2024-03-02 00:00:00.155000,2024-03-02 00:00:00.206000,買い,150.34400,150.44400,1.00,10.00,630.00,水平線手前,利確,支持抵抗,0,150.34400
2024-03-01,2024-03-31,20260209_041400,20260209_041400-0002,2024-03-06 00:00:08.424000,2024-03-06 00:00:28.766000,買い,149.87400,149.77400,1.00,-10.00,620.00,水平線手前,損切,支持抵抗,0,149.87400
2024-03-01,2024-03-31,20260209_041400,20260209_041400-0003,2024-03-08 22:30:44.531000,2024-03-08 22:30:45.870000,買い,146.90300,146.80300,1.00,-10.00,610.00,水平線手前,損切,支持抵抗,0,146.90300
2024-03-01,2024-03-31,20260209_041400,20260209_041400-0004,2024-03-12 15:08:46.106000,2024-03-12 15:08:54.755000,買い,147.24100,147.34100,1.00,10.00,620.00,水平線手前,利確,支持抵抗,0,147.24100
2024-03-01,2024-03-31,20260209_041400,20260209_041400-0005,2024-03-12 21:30:01.341000,2024-03-12 21:30:01.393000,売り,147.82000,147.72000,1.00,10.00,630.00,水平線手前,利確,支持抵抗,0,147.82000
2024-03-01,2024-03-31,20260209_041400,20260209_041400-0006,2024-03-12 21:30:03.401000,2024-03-12 21:30:07.183000,売り,148.01500,148.11500,1.00,-10.00,620.00,水平線手前,損切,支持抵抗,0,148.01500
2024-03-01,2024-03-31,20260209_041400,20260209_041400-0007,2024-03-12 21:30:09.305000,2024-03-12 21:30:20.942000,売り,148.13800,148.03800,1.00,10.00,630.00,水平線手前,利確,支持抵抗,0,148.13800
2024-03-01,2024-03-31,20260209_041400,20260209_041400-0008,2024-03-12 21:30:07.183000,2024-03-12 21:30:28.904000,売り,148.10900,148.00900,1.00,10.00,640.00,水平線手前,利確,支持抵抗,0,148.10900
2024-03-01,2024-03-31,20260209_041400,20260209_041400-0009,2024-03-12 21:30:04.794000,2024-03-12 21:30:28.957000,売り,148.09500,147.99500,1.00,10.00,650.00,水平線手前,利確,支持抵抗,0,148.09500
2024-03-01,2024-03-31,20260209_041400,20260209_041400-0010,2024-03-14 22:20:36.256000,2024-03-14 22:20:41.737000,買い,147.60500,147.70500,1.00,10.00,660.00,水平線手前,利確,支持抵抗,0,147.60500
2024-03-01,2024-03-31,20260209_041400,20260209_041400-0011,2024-03-14 22:21:34.740000,2024-03-14 22:21:41.298000,買い,147.49400,147.59400,1.00,10.00,670.00,水平線手前,利確,支持抵抗,0,147.49400
2024-03-01,2024-03-31,20260209_041400,20260209_041400-0012,2024-03-19 12:35:15.683000,2024-03-19 12:35:17.054000,買い,149.02100,149.12100,1.00,10.00,680.00,水平線手前,利確,支持抵抗,0,149.02100
2024-03-01,2024-03-31,20260209_041400,20260209_041400-0013,2024-03-19 12:35:25.189000,2024-03-19 12:35:30.679000,売り,149.41700,149.51700,1.00,-10.00,670.00,水平線手前,損切,支持抵抗,0,149.41700
2024-03-01,2024-03-31,20260209_041400,20260209_041400-0014,2024-03-19 12:35:31.912000,2024-03-19 12:35:43.183000,売り,149.63800,149.53800,1.00,10.00,680.00,水平線手前,利確,支持抵抗,0,149.63800
2024-04-01,2024-04-30,20260209_041503,20260209_041503-0001,2024-04-15 23:37:19.547000,2024-04-15 23:37:24.757000,買い,153.86500,153.96500,1.00,10.00,690.00,水平線手前,利確,支持抵抗,0,153.86500
2024-04-01,2024-04-30,20260209_041503,20260209_041503-0002,2024-04-16 22:39:10.872000,2024-04-16 22:39:13.471000,買い,154.29400,154.19400,1.00,-10.00,680.00,水平線手前,損切,支持抵抗,0,154.29400
2024-04-01,2024-04-30,20260209_041503,20260209_041503-0003,2024-04-16 22:39:14.448000,2024-04-16 22:39:16.570000,買い,154.16800,154.06800,1.00,-10.00,670.00,水平線手前,損切,支持抵抗,0,154.16800
2024-04-01,2024-04-30,20260209_041503,20260209_041503-0004,2024-04-16 22:39:17.614000,2024-04-16 22:39:19.259000,買い,153.93000,154.03000,1.00,10.00,680.00,水平線手前,利確,支持抵抗,0,153.93000
2024-04-01,2024-04-30,20260209_041503,20260209_041503-0005,2024-04-23 22:45:00.769000,2024-04-23 22:47:46.809000,買い,154.59700,154.69700,1.00,10.00,690.00,水平線手前,利確,支持抵抗,0,154.59700
2024-04-01,2024-04-30,20260209_041503,20260209_041503-0006,2024-04-23 22:45:00.494000,2024-04-23 22:48:56.887000,買い,154.63200,154.73200,1.00,10.00,700.00,水平線手前,利確,支持抵抗,0,154.63200
2024-04-01,2024-04-30,20260209_041503,20260209_041503-0007,2024-04-25 21:30:14.203000,2024-04-25 21:30:25.458000,買い,155.34200,155.44200,1.00,10.00,710.00,水平線手前,利確,支持抵抗,0,155.34200
2024-04-01,2024-04-30,20260209_041503,20260209_041503-0008,2024-04-26 17:01:36.547000,2024-04-26 17:01:37.529000,買い,155.45000,155.35000,1.00,-10.00,700.00,水平線手前,損切,支持抵抗,0,155.45000
2024-04-01,2024-04-30,20260209_041503,20260209_041503-0009,2024-04-26 17:01:36.028000,2024-04-26 17:01:37.632000,買い,155.42600,155.32600,1.00,-10.00,690.00,水平線手前,損切,支持抵抗,0,155.42600
2024-04-01,2024-04-30,20260209_041503,20260209_041503-0010,2024-04-26 17:01:38.524000,2024-04-26 17:01:45.454000,買い,155.26800,155.36800,1.00,10.00,700.00,水平線手前,利確,支持抵抗,0,155.26800
2024-04-01,2024-04-30,20260209_041503,20260209_041503-0011,2024-04-29 13:09:50.137000,2024-04-29 13:09:55.242000,買い,157.91900,157.81900,1.00,-10.00,690.00,水平線手前,損切,支持抵抗,0,157.91900
2024-04-01,2024-04-30,20260209_041503,20260209_041503-0012,2024-04-29 13:16:09.667000,2024-04-29 13:16:14.240000,買い,157.61600,157.51600,1.00,-10.00,680.00,水平線手前,損切,支持抵抗,0,157.61600
2024-04-01,2024-04-30,20260209_041503,20260209_041503-0013,2024-04-29 13:19:40.943000,2024-04-29 13:19:42.863000,買い,156.60800,156.70800,1.00,10.00,690.00,水平線手前,利確,支持抵抗,0,156.60800
2024-04-01,2024-04-30,20260209_041503,20260209_041503-0014,2024-04-29 14:10:33.523000,2024-04-29 14:10:46.859000,買い,155.21900,155.31900,1.00,10.00,700.00,水平線手前,利確,支持抵抗,0,155.21900
2024-04-01,2024-04-30,20260209_041503,20260209_041503-0015,2024-04-30 16:27:07.489000,2024-04-30 16:27:12.409000,買い,156.59400,156.49400,1.00,-10.00,690.00,水平線手前,損切,支持抵抗,0,156.59400
2024-04-01,2024-04-30,20260209_041503,20260209_041503-0016,2024-04-30 16:27:10.152000,2024-04-30 16:27:16.917000,買い,156.51000,156.61000,1.00,10.00,700.00,水平線手前,利確,支持抵抗,0,156.51000
2024-05-01,2024-05-31,20260209_041600,20260209_041600-0001,2024-05-02 03:00:13.136000,2024-05-02 03:00:15.795000,買い,157.34500,157.44500,1.00,10.00,710.00,水平線手前,利確,支持抵抗,0,157.34500
2024-05-01,2024-05-31,20260209_041600,20260209_041600-0002,2024-05-02 03:00:12.106000,2024-05-02 03:00:21.211000,買い,157.42000,157.52000,1.00,10.00,720.00,水平線手前,利確,支持抵抗,0,157.42000
2024-05-01,2024-05-31,20260209_041600,20260209_041600-0003,2024-05-03 21:30:01.894000,2024-05-03 21:30:04.781000,買い,152.70200,152.60200,1.00,-10.00,710.00,水平線手前,損切,支持抵抗,0,152.70200
2024-05-01,2024-05-31,20260209_041600,20260209_041600-0004,2024-05-03 23:00:00.583000,2024-05-03 23:00:03.364000,買い,152.17800,152.27800,1.00,10.00,720.00,水平線手前,利確,支持抵抗,0,152.17800
2024-05-01,2024-05-31,20260209_041600,20260209_041600-0005,2024-05-15 21:30:02.375000,2024-05-15 21:30:02.961000,買い,155.30200,155.20200,1.00,-10.00,710.00,水平線手前,損切,支持抵抗,0,155.30200
2024-05-01,2024-05-31,20260209_041600,20260209_041600-0006,2024-05-15 21:30:03.013000,2024-05-15 21:30:05.899000,買い,155.09900,154.99900,1.00,-10.00,700.00,水平線手前,損切,支持抵抗,0,155.09900
2024-05-01,2024-05-31,20260209_041600,20260209_041600-0007,2024-05-23 23:13:17.251000,2024-05-23 23:13:17.947000,買い,156.56000,156.66000,1.00,10.00,710.00,水平線手前,利確,支持抵抗,0,156.56000
2024-06-01,2024-06-30,20260209_041654,20260209_041654-0001,2024-06-04 18:20:40.224000,2024-06-04 18:21:30.842000,買い,155.07100,155.17100,1.00,10.00,720.00,水平線手前,利確,支持抵抗,0,155.07100
2024-06-01,2024-06-30,20260209_041654,20260209_041654-0002,2024-06-04 23:00:05.463000,2024-06-04 23:04:08.365000,買い,154.58700,154.68700,1.00,10.00,730.00,水平線手前,利確,支持抵抗,0,154.58700
2024-06-01,2024-06-30,20260209_041654,20260209_041654-0003,2024-06-07 21:30:01.611000,2024-06-07 21:30:01.815000,買い,155.31900,155.41900,1.00,10.00,740.00,水平線手前,利確,支持抵抗,0,155.31900
2024-06-01,2024-06-30,20260209_041654,20260209_041654-0004,2024-06-07 21:30:01.815000,2024-06-07 21:30:02.847000,売り,155.79300,155.89300,1.00,-10.00,730.00,水平線手前,損切,支持抵抗,0,155.79300
2024-06-01,2024-06-30,20260209_041654,20260209_041654-0005,2024-06-07 21:30:02.847000,2024-06-07 21:30:05.500000,売り,155.91000,156.01000,1.00,-10.00,720.00,水平線手前,損切,支持抵抗,0,155.91000
2024-06-01,2024-06-30,20260209_041654,20260209_041654-0006,2024-06-12 21:30:01.311000,2024-06-12 21:30:01.930000,買い,156.92500,156.82500,1.00,-10.00,710.00,水平線手前,損切,支持抵抗,0,156.92500
2024-06-01,2024-06-30,20260209_041654,20260209_041654-0007,2024-06-12 21:30:01.725000,2024-06-12 21:30:02.237000,買い,156.84200,156.74200,1.00,-10.00,700.00,水平線手前,損切,支持抵抗,0,156.84200
2024-06-01,2024-06-30,20260209_041654,20260209_041654-0008,2024-06-12 21:30:02.900000,2024-06-12 21:30:03.464000,買い,156.66300,156.76300,1.00,10.00,710.00,水平線手前,利確,支持抵抗,0,156.66300
2024-06-01,2024-06-30,20260209_041654,20260209_041654-0009,2024-06-12 21:30:02.237000,2024-06-12 21:30:06.903000,買い,156.72400,156.62400,1.00,-10.00,700.00,水平線手前,損切,支持抵抗,0,156.72400
2024-06-01,2024-06-30,20260209_041654,20260209_041654-0010,2024-06-12 21:30:07.622000,2024-06-12 21:30:32.617000,買い,156.59800,156.49800,1.00,-10.00,690.00,水平線手前,損切,支持抵抗,0,156.59800
2024-06-01,2024-06-30,20260209_041654,20260209_041654-0011,2024-06-12 21:30:32.772000,2024-06-12 21:30:55.495000,買い,156.39400,156.49400,1.00,10.00,700.00,水平線手前,利確,支持抵抗,0,156.39400
2024-06-01,2024-06-30,20260209_041654,20260209_041654-0012,2024-06-14 12:10:02.889000,2024-06-14 12:10:04.536000,買い,156.83000,156.93000,1.00,10.00,710.00,水平線手前,利確,支持抵抗,0,156.83000
2024-06-01,2024-06-30,20260209_041654,20260209_041654-0013,2024-06-14 12:23:07.731000,2024-06-14 12:23:08.860000,売り,157.31400,157.41400,1.00,-10.00,700.00,水平線手前,損切,支持抵抗,0,157.31400
2024-06-01,2024-06-30,20260209_041654,20260209_041654-0014,2024-06-14 12:23:07.834000,2024-06-14 12:23:08.860000,売り,157.34300,157.44300,1.00,-10.00,690.00,水平線手前,損切,支持抵抗,0,157.34300
2024-06-01,2024-06-30,20260209_041654,20260209_041654-0015,2024-06-14 12:23:08.040000,2024-06-14 12:23:08.860000,売り,157.34100,157.44100,1.00,-10.00,680.00,水平線手前,損切,支持抵抗,0,157.34100
2024-06-01,2024-06-30,20260209_041654,20260209_041654-0016,2024-06-14 12:23:08.860000,2024-06-14 12:23:12.139000,売り,157.43600,157.33600,1.00,10.00,690.00,水平線手前,利確,支持抵抗,0,157.43600
2024-06-01,2024-06-30,20260209_041654,20260209_041654-0017,2024-06-14 12:23:08.757000,2024-06-14 12:23:12.911000,売り,157.38600,157.28600,1.00,10.00,700.00,水平線手前,利確,支持抵抗,0,157.38600
2024-06-01,2024-06-30,20260209_041654,20260209_041654-0018,2024-06-14 12:23:09.272000,2024-06-14 12:23:28.756000,売り,157.37200,157.27200,1.00,10.00,710.00,水平線手前,利確,支持抵抗,0,157.37200
2024-06-01,2024-06-30,20260209_041654,20260209_041654-0019,2024-06-21 22:45:04.026000,2024-06-21 23:01:37.408000,売り,159.12200,159.22200,1.00,-10.00,700.00,水平線手前,損切,支持抵抗,0,159.12200
2024-06-01,2024-06-30,20260209_041654,20260209_041654-0020,2024-06-24 19:07:01.642000,2024-06-24 19:07:04.169000,買い,158.94700,158.84700,1.00,-10.00,690.00,水平線手前,損切,支持抵抗,0,158.94700
2024-06-01,2024-06-30,20260209_041654,20260209_041654-0021,2024-06-24 19:07:04.280000,2024-06-24 19:07:08.264000,買い,158.77500,158.87500,1.00,10.00,700.00,水平線手前,利確,支持抵抗,0,158.77500
2024-06-01,2024-06-30,20260209_041654,20260209_041654-0022,2024-06-28 21:30:03.450000,2024-06-28 21:30:03.552000,買い,160.37000,160.47000,1.00,10.00,710.00,水平線手前,利確,支持抵抗,0,160.37000
2024-07-01,2024-07-31,20260209_041809,20260209_041809-0001,2024-07-01 23:00:02.098000,2024-07-01 23:00:05.352000,買い,160.98800,161.08800,1.00,10.00,720.00,水平線手前,利確,支持抵抗,0,160.98800
2024-07-01,2024-07-31,20260209_041809,20260209_041809-0002,2024-07-03 23:00:00.234000,2024-07-03 23:00:00.336000,買い,161.50100,161.40100,1.00,-10.00,710.00,水平線手前,損切,支持抵抗,0,161.50100
2024-07-01,2024-07-31,20260209_041809,20260209_041809-0003,2024-07-03 23:00:00.336000,2024-07-03 23:01:01.977000,買い,161.41000,161.31000,1.00,-10.00,700.00,水平線手前,損切,支持抵抗,0,161.41000
2024-07-01,2024-07-31,20260209_041809,20260209_041809-0004,2024-07-05 21:30:24.775000,2024-07-05 21:30:38.072000,買い,160.56900,160.46900,1.00,-10.00,690.00,水平線手前,損切,支持抵抗,0,160.56900
2024-07-01,2024-07-31,20260209_041809,20260209_041809-0005,2024-07-05 21:30:41.829000,2024-07-05 21:30:59.657000,買い,160.36700,160.46700,1.00,10.00,700.00,水平線手前,利確,支持抵抗,0,160.36700
2024-07-01,2024-07-31,20260209_041809,20260209_041809-0006,2024-07-11 21:30:01.135000,2024-07-11 21:30:01.187000,買い,161.35600,161.25600,1.00,-10.00,690.00,水平線手前,損切,支持抵抗,0,161.35600
2024-07-01,2024-07-31,20260209_041809,20260209_041809-0007,2024-07-11 21:30:01.187000,2024-07-11 21:30:02.109000,買い,161.23300,161.13300,1.00,-10.00,680.00,水平線手前,損切,支持抵抗,0,161.23300
2024-07-01,2024-07-31,20260209_041809,20260209_041809-0008,2024-07-11 21:30:03.575000,2024-07-11 21:31:04.047000,買い,160.92100,160.82100,1.00,-10.00,670.00,水平線手前,損切,支持抵抗,0,160.92100
2024-07-01,2024-07-31,20260209_041809,20260209_041809-0009,2024-07-11 21:42:07.846000,2024-07-11 21:42:10.595000,買い,160.49300,160.39300,1.00,-10.00,660.00,水平線手前,損切,支持抵抗,0,160.49300
2024-07-01,2024-07-31,20260209_041809,20260209_041809-0010,2024-07-11 21:42:08.835000,2024-07-11 21:42:10.595000,買い,160.51100,160.41100,1.00,-10.00,650.00,水平線手前,損切,支持抵抗,0,160.51100
2024-07-01,2024-07-31,20260209_041809,20260209_041809-0011,2024-07-11 21:42:11.632000,2024-07-11 21:42:16.795000,買い,160.29100,160.19100,1.00,-10.00,640.00,水平線手前,損切,支持抵抗,0,160.29100
2024-07-01,2024-07-31,20260209_041809,20260209_041809-0012,2024-07-11 22:00:19.878000,2024-07-11 22:00:40.079000,買い,158.38300,158.48300,1.00,10.00,650.00,水平線手前,利確,支持抵抗,0,158.38300
2024-07-01,2024-07-31,20260209_041809,20260209_041809-0013,2024-07-12 22:19:08.429000,2024-07-12 22:19:14.636000,買い,157.39700,157.49700,1.00,10.00,660.00,水平線手前,利確,支持抵抗,0,157.39700
2024-07-01,2024-07-31,20260209_041809,20260209_041809-0014,2024-07-16 01:42:05.076000,2024-07-16 01:42:07.470000,買い,157.19900,157.29900,1.00,10.00,670.00,水平線手前,利確,支持抵抗,0,157.19900
2024-07-01,2024-07-31,20260209_041809,20260209_041809-0015,2024-07-18 14:41:04.160000,2024-07-18 14:41:05.720000,買い,155.83300,155.93300,1.00,10.00,680.00,水平線手前,利確,支持抵抗,0,155.83300
2024-07-01,2024-07-31,20260209_041809,20260209_041809-0016,2024-07-24 18:40:11.134000,2024-07-24 18:40:24.754000,買い,154.31000,154.41000,1.00,10.00,690.00,水平線手前,利確,支持抵抗,0,154.31000
2024-07-01,2024-07-31,20260209_041809,20260209_041809-0017,2024-07-24 18:40:09.686000,2024-07-24 18:40:33.181000,買い,154.36900,154.46900,1.00,10.00,700.00,水平線手前,利確,支持抵抗,0,154.36900
2024-07-01,2024-07-31,20260209_041809,20260209_041809-0018,2024-07-26 23:19:00.161000,2024-07-26 23:19:04.236000,買い,153.39600,153.29600,1.00,-10.00,690.00,水平線手前,損切,支持抵抗,0,153.39600
2024-07-01,2024-07-31,20260209_041809,20260209_041809-0019,2024-07-26 23:19:06.141000,2024-07-26 23:19:08.327000,買い,153.11200,153.21200,1.00,10.00,700.00,水平線手前,利確,支持抵抗,0,153.11200
2024-07-01,2024-07-31,20260209_041809,20260209_041809-0020,2024-07-31 00:04:18.303000,2024-07-31 00:04:19.820000,買い,153.88600,153.98600,1.00,10.00,710.00,水平線手前,利確,支持抵抗,0,153.88600
2024-07-01,2024-07-31,20260209_041809,20260209_041809-0021,2024-07-31 11:12:03.317000,2024-07-31 11:12:03.686000,売り,153.32500,153.22500,1.00,10.00,720.00,水平線手前,利確,支持抵抗,0,153.32500
2024-07-01,2024-07-31,20260209_041809,20260209_041809-0022,2024-07-31 11:12:04.367000,2024-07-31 11:12:05.257000,売り,153.25300,153.15300,1.00,10.00,730.00,水平線手前,利確,支持抵抗,0,153.25300
2024-07-01,2024-07-31,20260209_041809,20260209_041809-0023,2024-07-31 12:45:56.828000,2024-07-31 12:45:57.403000,買い,152.20200,152.30200,1.00,10.00,740.00,水平線手前,利確,支持抵抗,0,152.20200
2024-07-01,2024-07-31,20260209_041809,20260209_041809-0024,2024-07-31 12:56:18.374000,2024-07-31 12:56:19.624000,買い,152.14500,152.24500,1.00,10.00,750.00,水平線手前,利確,支持抵抗,0,152.14500
2024-07-01,2024-07-31,20260209_041809,20260209_041809-0025,2024-07-31 12:56:34.483000,2024-07-31 12:56:36.248000,買い,151.96400,151.86400,1.00,-10.00,740.00,水平線手前,損切,支持抵抗,0,151.96400
2024-07-01,2024-07-31,20260209_041809,20260209_041809-0026,2024-07-31 12:56:42.999000,2024-07-31 12:56:56.831000,買い,151.62600,151.72600,1.00,10.00,750.00,水平線手前,利確,支持抵抗,0,151.62600
2024-07-01,2024-07-31,20260209_041809,20260209_041809-0027,2024-07-31 12:59:42.288000,2024-07-31 12:59:42.550000,売り,153.42000,153.52000,1.00,-10.00,740.00,水平線手前,損切,支持抵抗,0,153.42000
2024-07-01,2024-07-31,20260209_041809,20260209_041809-0028,2024-07-31 12:59:42.865000,2024-07-31 12:59:43.024000,売り,153.82000,153.72000,1.00,10.00,750.00,水平線手前,利確,支持抵抗,0,153.82000
2024-07-01,2024-07-31,20260209_041809,20260209_041809-0029,2024-07-31 12:59:42.918000,2024-07-31 12:59:43.024000,売り,153.82800,153.72800,1.00,10.00,760.00,水平線手前,利確,支持抵抗,0,153.82800
2024-07-01,2024-07-31,20260209_041809,20260209_041809-0030,2024-07-31 13:00:19.717000,2024-07-31 13:00:34.303000,売り,153.87400,153.77400,1.00,10.00,770.00,水平線手前,利確,支持抵抗,0,153.87400
2024-08-01,2024-08-31,20260209_042031,20260209_042031-0001,2024-08-02 21:30:01.222000,2024-08-02 21:30:06.400000,買い,148.55500,148.45500,1.00,-10.00,760.00,水平線手前,損切,支持抵抗,0,148.55500
2024-08-01,2024-08-31,20260209_042031,20260209_042031-0002,2024-08-02 21:30:01.583000,2024-08-02 21:30:06.400000,買い,148.54300,148.44300,1.00,-10.00,750.00,水平線手前,損切,支持抵抗,0,148.54300
2024-08-01,2024-08-31,20260209_042031,20260209_042031-0003,2024-08-05 12:56:46.033000,2024-08-05 12:56:49.338000,買い,144.20300,144.30300,1.00,10.00,760.00,水平線手前,利確,支持抵抗,0,144.20300
2024-08-01,2024-08-31,20260209_042031,20260209_042031-0004,2024-08-05 13:26:48.845000,2024-08-05 13:26:49.004000,買い,142.20800,142.30800,1.00,10.00,770.00,水平線手前,利確,支持抵抗,0,142.20800
2024-08-01,2024-08-31,20260209_042031,20260209_042031-0005,2024-08-05 23:00:03.184000,2024-08-05 23:00:04.281000,売り,142.97700,143.07700,1.00,-10.00,760.00,水平線手前,損切,支持抵抗,0,142.97700
2024-08-01,2024-08-31,20260209_042031,20260209_042031-0006,2024-08-08 21:30:01.103000,2024-08-08 21:30:02.969000,売り,146.27100,146.37100,1.00,-10.00,750.00,水平線手前,損切,支持抵抗,0,146.27100
2024-08-01,2024-08-31,20260209_042031,20260209_042031-0007,2024-08-08 21:30:06.839000,2024-08-08 21:30:07.547000,売り,146.49400,146.59400,1.00,-10.00,740.00,水平線手前,損切,支持抵抗,0,146.49400
2024-08-01,2024-08-31,20260209_042031,20260209_042031-0008,2024-08-13 21:30:01.303000,2024-08-13 21:30:02.977000,買い,147.20700,147.10700,1.00,-10.00,730.00,水平線手前,損切,支持抵抗,0,147.20700
2024-08-01,2024-08-31,20260209_042031,20260209_042031-0009,2024-08-13 21:30:04.293000,2024-08-13 21:30:05.928000,買い,147.09300,147.19300,1.00,10.00,740.00,水平線手前,利確,支持抵抗,0,147.09300
2024-08-01,2024-08-31,20260209_042031,20260209_042031-0010,2024-08-14 21:30:01.416000,2024-08-14 21:30:01.931000,買い,146.73400,146.63400,1.00,-10.00,730.00,水平線手前,損切,支持抵抗,0,146.73400
2024-08-01,2024-08-31,20260209_042031,20260209_042031-0011,2024-08-14 21:30:02.190000,2024-08-14 21:30:05.281000,買い,146.54100,146.64100,1.00,10.00,740.00,水平線手前,利確,支持抵抗,0,146.54100
2024-08-01,2024-08-31,20260209_042031,20260209_042031-0012,2024-08-15 21:30:00.344000,2024-08-15 21:30:01.393000,売り,147.44300,147.54300,1.00,-10.00,730.00,水平線手前,損切,支持抵抗,0,147.44300
2024-08-01,2024-08-31,20260209_042031,20260209_042031-0013,2024-08-15 21:30:01.445000,2024-08-15 21:30:02.435000,売り,147.62000,147.52000,1.00,10.00,740.00,水平線手前,利確,支持抵抗,0,147.62000
2024-08-01,2024-08-31,20260209_042031,20260209_042031-0014,2024-08-15 21:30:16.851000,2024-08-15 21:30:30.941000,売り,147.92200,148.02200,1.00,-10.00,730.00,水平線手前,損切,支持抵抗,0,147.92200
2024-08-01,2024-08-31,20260209_042031,20260209_042031-0015,2024-08-21 23:00:10.169000,2024-08-21 23:00:10.542000,売り,146.20800,146.30800,1.00,-10.00,720.00,水平線手前,損切,支持抵抗,0,146.20800
2024-08-01,2024-08-31,20260209_042031,20260209_042031-0016,2024-08-21 23:00:14.490000,2024-08-21 23:00:15.215000,売り,146.87500,146.77500,1.00,10.00,730.00,水平線手前,利確,支持抵抗,0,146.87500
2024-08-01,2024-08-31,20260209_042031,20260209_042031-0017,2024-08-21 23:09:10.960000,2024-08-21 23:09:11.720000,売り,146.20300,146.30300,1.00,-10.00,720.00,水平線手前,損切,支持抵抗,0,146.20300
2024-08-01,2024-08-31,20260209_042031,20260209_042031-0018,2024-08-21 23:32:23.497000,2024-08-21 23:32:38.419000,買い,145.53500,145.63500,1.00,10.00,730.00,水平線手前,利確,支持抵抗,0,145.53500
2024-08-01,2024-08-31,20260209_042031,20260209_042031-0019,2024-08-22 22:45:01.574000,2024-08-22 22:45:40.774000,売り,146.46900,146.36900,1.00,10.00,740.00,水平線手前,利確,支持抵抗,0,146.46900
2024-08-01,2024-08-31,20260209_042031,20260209_042031-0020,2024-08-29 21:30:10.127000,2024-08-29 21:30:13.968000,売り,144.83300,144.93300,1.00,-10.00,730.00,水平線手前,損切,支持抵抗,0,144.83300
2024-08-01,2024-08-31,20260209_042031,20260209_042031-0021,2024-08-29 21:30:10.824000,2024-08-29 21:30:13.968000,売り,144.81600,144.91600,1.00,-10.00,720.00,水平線手前,損切,支持抵抗,0,144.81600
2024-08-01,2024-08-31,20260209_042031,20260209_042031-0022,2024-08-29 21:30:17.439000,2024-08-29 21:30:47.399000,売り,145.01300,145.11300,1.00,-10.00,710.00,水平線手前,損切,支持抵抗,0,145.01300
2024-09-01,2024-09-30,20260209_042230,20260209_042230-0001,2024-09-03 23:00:00.439000,2024-09-03 23:00:01.897000,買い,145.12600,145.22600,1.00,10.00,720.00,水平線手前,利確,支持抵抗,0,145.12600
2024-09-01,2024-09-30,20260209_042230,20260209_042230-0002,2024-09-06 21:30:01.547000,2024-09-06 21:30:01.955000,売り,143.53000,143.63000,1.00,-10.00,710.00,水平線手前,損切,支持抵抗,0,143.53000
2024-09-01,2024-09-30,20260209_042230,20260209_042230-0003,2024-09-06 21:30:11.566000,2024-09-06 21:30:11.875000,売り,144.04100,143.94100,1.00,10.00,720.00,水平線手前,利確,支持抵抗,0,144.04100
2024-09-01,2024-09-30,20260209_042230,20260209_042230-0004,2024-09-07 00:00:08.865000,2024-09-07 00:00:10.577000,買い,142.23900,142.13900,1.00,-10.00,710.00,水平線手前,損切,支持抵抗,0,142.23900
2024-09-01,2024-09-30,20260209_042230,20260209_042230-0005,2024-09-07 00:00:14.441000,2024-09-07 00:00:17.385000,買い,141.99800,141.89800,1.00,-10.00,700.00,水平線手前,損切,支持抵抗,0,141.99800
2024-09-01,2024-09-30,20260209_042230,20260209_042230-0006,2024-09-11 21:30:01.405000,2024-09-11 21:30:02.083000,売り,142.05400,141.95400,1.00,10.00,710.00,水平線手前,利確,支持抵抗,0,142.05400
2024-09-01,2024-09-30,20260209_042230,20260209_042230-0007,2024-09-19 03:00:01.160000,2024-09-19 03:00:01.841000,買い,141.39200,141.29200,1.00,-10.00,700.00,水平線手前,損切,支持抵抗,0,141.39200
2024-09-01,2024-09-30,20260209_042230,20260209_042230-0008,2024-09-19 03:00:01.841000,2024-09-19 03:00:02.589000,買い,141.25000,141.15000,1.00,-10.00,690.00,水平線手前,損切,支持抵抗,0,141.25000
2024-09-01,2024-09-30,20260209_042230,20260209_042230-0009,2024-09-19 03:00:06.241000,2024-09-19 03:00:06.945000,買い,141.16700,141.26700,1.00,10.00,700.00,水平線手前,利確,支持抵抗,0,141.16700
2024-09-01,2024-09-30,20260209_042230,20260209_042230-0010,2024-09-19 15:55:41.181000,2024-09-19 15:55:45.331000,買い,142.11300,142.21300,1.00,10.00,710.00,水平線手前,利確,支持抵抗,0,142.11300
2024-09-01,2024-09-30,20260209_042230,20260209_042230-0011,2024-09-23 22:45:00.551000,2024-09-23 22:45:01.668000,買い,143.46700,143.56700,1.00,10.00,720.00,水平線手前,利確,支持抵抗,0,143.46700
2024-09-01,2024-09-30,20260209_042230,20260209_042230-0012,2024-09-27 15:22:54.848000,2024-09-27 15:22:55.490000,買い,144.99300,144.89300,1.00,-10.00,710.00,水平線手前,損切,支持抵抗,0,144.99300
2024-09-01,2024-09-30,20260209_042230,20260209_042230-0013,2024-09-27 15:23:07.228000,2024-09-27 15:23:08.491000,買い,144.54700,144.44700,1.00,-10.00,700.00,水平線手前,損切,支持抵抗,0,144.54700
2024-09-01,2024-09-30,20260209_042230,20260209_042230-0014,2024-09-27 15:23:14.651000,2024-09-27 15:23:15.653000,買い,144.14600,144.04600,1.00,-10.00,690.00,水平線手前,損切,支持抵抗,0,144.14600
2024-09-01,2024-09-30,20260209_042230,20260209_042230-0015,2024-09-27 15:23:14.912000,2024-09-27 15:23:15.653000,買い,144.13100,144.03100,1.00,-10.00,680.00,水平線手前,損切,支持抵抗,0,144.13100
2024-09-01,2024-09-30,20260209_042230,20260209_042230-0016,2024-09-27 15:23:26.675000,2024-09-27 15:23:28.461000,買い,143.84400,143.94400,1.00,10.00,690.00,水平線手前,利確,支持抵抗,0,143.84400
2024-09-01,2024-09-30,20260209_042230,20260209_042230-0017,2024-09-27 21:30:06.281000,2024-09-27 21:30:10.906000,買い,142.97700,142.87700,1.00,-10.00,680.00,水平線手前,損切,支持抵抗,0,142.97700
2024-10-01,2024-10-31,20260209_042356,20260209_042356-0001,2024-10-03 23:00:00.388000,2024-10-03 23:00:12.537000,売り,146.97300,146.87300,1.00,10.00,690.00,水平線手前,利確,支持抵抗,0,146.97300
2024-10-01,2024-10-31,20260209_042356,20260209_042356-0002,2024-10-04 21:30:01.246000,2024-10-04 21:30:01.562000,売り,146.95700,146.85700,1.00,10.00,700.00,水平線手前,利確,支持抵抗,0,146.95700
2024-10-01,2024-10-31,20260209_042356,20260209_042356-0003,2024-10-04 21:30:02.285000,2024-10-04 21:30:03.004000,売り,146.90800,147.00800,1.00,-10.00,690.00,水平線手前,損切,支持抵抗,0,146.90800
2024-10-01,2024-10-31,20260209_042356,20260209_042356-0004,2024-10-04 21:30:03.944000,2024-10-04 21:30:05.978000,売り,147.20500,147.30500,1.00,-10.00,680.00,水平線手前,損切,支持抵抗,0,147.20500
2024-10-01,2024-10-31,20260209_042356,20260209_042356-0005,2024-10-04 21:30:04.157000,2024-10-04 21:30:05.978000,売り,147.24500,147.34500,1.00,-10.00,670.00,水平線手前,損切,支持抵抗,0,147.24500
2024-10-01,2024-10-31,20260209_042356,20260209_042356-0006,2024-10-10 21:30:01.003000,2024-10-10 21:30:01.166000,買い,148.70800,148.80800,1.00,10.00,680.00,水平線手前,利確,支持抵抗,0,148.70800
2024-10-01,2024-10-31,20260209_042356,20260209_042356-0007,2024-10-10 21:30:01.903000,2024-10-10 21:30:02.014000,売り,149.33000,149.43000,1.00,-10.00,670.00,水平線手前,損切,支持抵抗,0,149.33000
2024-10-01,2024-10-31,20260209_042356,20260209_042356-0008,2024-10-10 21:30:02.899000,2024-10-10 21:30:04.658000,売り,149.53100,149.43100,1.00,10.00,680.00,水平線手前,利確,支持抵抗,0,149.53100
2024-10-01,2024-10-31,20260209_042356,20260209_042356-0009,2024-10-10 21:30:02.951000,2024-10-10 21:30:04.658000,売り,149.55800,149.45800,1.00,10.00,690.00,水平線手前,利確,支持抵抗,0,149.55800
2024-10-01,2024-10-31,20260209_042356,20260209_042356-0010,2024-10-10 21:30:11.269000,2024-10-10 21:30:13.372000,買い,148.45800,148.35800,1.00,-10.00,680.00,水平線手前,損切,支持抵抗,0,148.45800
2024-10-01,2024-10-31,20260209_042356,20260209_042356-0011,2024-10-10 21:30:16.229000,2024-10-10 21:30:16.932000,買い,148.25500,148.35500,1.00,10.00,690.00,水平線手前,利確,支持抵抗,0,148.25500
2024-10-01,2024-10-31,20260209_042356,20260209_042356-0012,2024-10-17 21:30:00.492000,2024-10-17 21:30:00.756000,売り,149.85100,149.75100,1.00,10.00,700.00,水平線手前,利確,支持抵抗,0,149.85100
2024-10-01,2024-10-31,20260209_042356,20260209_042356-0013,2024-10-29 23:00:04.166000,2024-10-29 23:00:06.625000,買い,153.00600,153.10600,1.00,10.00,710.00,水平線手前,利確,支持抵抗,0,153.00600
2024-10-01,2024-10-31,20260209_042356,20260209_042356-0014,2024-10-29 23:00:04.063000,2024-10-29 23:00:06.729000,買い,153.03100,153.13100,1.00,10.00,720.00,水平線手前,利確,支持抵抗,0,153.03100
2024-10-01,2024-10-31,20260209_042356,20260209_042356-0015,2024-10-30 21:30:27.483000,2024-10-30 21:36:19.174000,売り,153.46700,153.36700,1.00,10.00,730.00,水平線手前,利確,支持抵抗,0,153.46700
2024-10-01,2024-10-31,20260209_042356,20260209_042356-0016,2024-10-30 21:30:25.052000,2024-10-30 21:42:25.738000,売り,153.44200,153.34200,1.00,10.00,740.00,水平線手前,利確,支持抵抗,0,153.44200
2024-10-01,2024-10-31,20260209_042356,20260209_042356-0017,2024-10-31 11:48:07.195000,2024-10-31 11:48:08.393000,売り,153.59500,153.49500,1.00,10.00,750.00,水平線手前,利確,支持抵抗,0,153.59500
2024-10-01,2024-10-31,20260209_042356,20260209_042356-0018,2024-10-31 21:30:26.186000,2024-10-31 21:31:31.959000,売り,152.96800,152.86800,1.00,10.00,760.00,水平線手前,利確,支持抵抗,0,152.96800
2024-11-01,2024-11-30,20260209_042553,20260209_042553-0001,2024-11-01 21:30:02.541000,2024-11-01 21:30:04.355000,買い,152.23400,152.13400,1.00,-10.00,750.00,水平線手前,損切,支持抵抗,0,152.23400
2024-11-01,2024-11-30,20260209_042553,20260209_042553-0002,2024-11-13 22:30:02.743000,2024-11-13 22:30:03.572000,買い,154.70800,154.60800,1.00,-10.00,740.00,水平線手前,損切,支持抵抗,0,154.70800
2024-11-01,2024-11-30,20260209_042553,20260209_042553-0003,2024-11-13 22:30:06.221000,2024-11-13 22:30:10.238000,買い,154.52300,154.62300,1.00,10.00,750.00,水平線手前,利確,支持抵抗,0,154.52300
2024-11-01,2024-11-30,20260209_042553,20260209_042553-0004,2024-11-15 22:30:14.521000,2024-11-15 22:30:15.887000,買い,155.25700,155.15700,1.00,-10.00,740.00,水平線手前,損切,支持抵抗,0,155.25700
2024-11-01,2024-11-30,20260209_042553,20260209_042553-0005,2024-11-15 22:30:15.887000,2024-11-15 22:30:16.983000,買い,155.16000,155.26000,1.00,10.00,750.00,水平線手前,利確,支持抵抗,0,155.16000
2024-11-01,2024-11-30,20260209_042553,20260209_042553-0006,2024-11-21 22:30:05.979000,2024-11-21 22:30:11.095000,売り,154.69100,154.59100,1.00,10.00,760.00,水平線手前,利確,支持抵抗,0,154.69100
2024-11-01,2024-11-30,20260209_042553,20260209_042553-0007,2024-11-22 23:45:00.186000,2024-11-22 23:45:35.628000,売り,154.85800,154.95800,1.00,-10.00,750.00,水平線手前,損切,支持抵抗,0,154.85800
2024-12-01,2024-12-31,20260209_042718,20260209_042718-0001,2024-12-11 18:11:06.489000,2024-12-11 18:11:07.795000,買い,151.42800,151.32800,1.00,-10.00,740.00,水平線手前,損切,支持抵抗,0,151.42800
2024-12-01,2024-12-31,20260209_042718,20260209_042718-0002,2024-12-11 18:11:11.470000,2024-12-11 18:11:15.242000,買い,151.42800,151.32800,1.00,-10.00,730.00,水平線手前,損切,支持抵抗,0,151.42800
2024-12-01,2024-12-31,20260209_042718,20260209_042718-0003,2024-12-11 18:11:16.624000,2024-12-11 18:11:21.743000,買い,151.21400,151.11400,1.00,-10.00,720.00,水平線手前,損切,支持抵抗,0,151.21400
2024-12-01,2024-12-31,20260209_042718,20260209_042718-0004,2024-12-11 22:30:14.067000,2024-12-11 22:30:15.485000,売り,152.82900,152.72900,1.00,10.00,730.00,水平線手前,利確,支持抵抗,0,152.82900
2024-12-01,2024-12-31,20260209_042718,20260209_042718-0005,2024-12-11 22:30:13.014000,2024-12-11 22:30:15.831000,売り,152.77500,152.67500,1.00,10.00,740.00,水平線手前,利確,支持抵抗,0,152.77500
2024-12-01,2024-12-31,20260209_042718,20260209_042718-0006,2024-12-11 22:30:21.556000,2024-12-11 22:32:27.563000,買い,152.51400,152.61400,1.00,10.00,750.00,水平線手前,利確,支持抵抗,0,152.51400
2024-12-01,2024-12-31,20260209_042718,20260209_042718-0007,2024-12-19 04:00:01.146000,2024-12-19 04:00:01.525000,売り,154.08700,154.18700,1.00,-10.00,740.00,水平線手前,損切,支持抵抗,0,154.08700
2024-12-01,2024-12-31,20260209_042718,20260209_042718-0008,2024-12-19 04:00:01.525000,2024-12-19 04:00:04.895000,売り,154.18300,154.08300,1.00,10.00,750.00,水平線手前,利確,支持抵抗,0,154.18300
2024-12-01,2024-12-31,20260209_042718,20260209_042718-0009,2024-12-19 04:00:06.850000,2024-12-19 04:00:07.790000,売り,154.22900,154.12900,1.00,10.00,760.00,水平線手前,利確,支持抵抗,0,154.22900
2024-12-01,2024-12-31,20260209_042718,20260209_042718-0010,2024-12-19 22:30:09.897000,2024-12-19 22:30:22.250000,売り,157.01700,156.91700,1.00,10.00,770.00,水平線手前,利確,支持抵抗,0,157.01700
2025-01-01,2025-01-31,20260209_042848,20260209_042848-0001,2025-01-10 22:30:01.667000,2025-01-10 22:30:01.968000,売り,158.41900,158.31900,1.00,10.00,780.00,水平線手前,利確,支持抵抗,0,158.41900
2025-01-01,2025-01-31,20260209_042848,20260209_042848-0002,2025-01-10 22:30:01.909000,2025-01-10 22:30:01.968000,売り,158.42500,158.32500,1.00,10.00,790.00,水平線手前,利確,支持抵抗,0,158.42500
2025-01-01,2025-01-31,20260209_042848,20260209_042848-0003,2025-01-10 22:30:02.657000,2025-01-10 22:30:14.262000,売り,158.49600,158.59600,1.00,-10.00,780.00,水平線手前,損切,支持抵抗,0,158.49600
2025-01-01,2025-01-31,20260209_042848,20260209_042848-0004,2025-01-10 22:30:03.249000,2025-01-10 22:30:14.673000,売り,158.51500,158.61500,1.00,-10.00,770.00,水平線手前,損切,支持抵抗,0,158.51500
2025-01-01,2025-01-31,20260209_042848,20260209_042848-0005,2025-01-10 22:30:03.365000,2025-01-10 22:30:14.673000,売り,158.52200,158.62200,1.00,-10.00,760.00,水平線手前,損切,支持抵抗,0,158.52200
2025-01-01,2025-01-31,20260209_042848,20260209_042848-0006,2025-01-14 22:30:05.113000,2025-01-14 22:30:07.177000,買い,157.40000,157.50000,1.00,10.00,770.00,水平線手前,利確,支持抵抗,0,157.40000
2025-01-01,2025-01-31,20260209_042848,20260209_042848-0007,2025-01-15 22:30:01.352000,2025-01-15 22:30:01.938000,買い,156.65400,156.55400,1.00,-10.00,760.00,水平線手前,損切,支持抵抗,0,156.65400
2025-01-01,2025-01-31,20260209_042848,20260209_042848-0008,2025-01-15 22:30:01.938000,2025-01-15 22:30:04.708000,買い,156.42400,156.52400,1.00,10.00,770.00,水平線手前,利確,支持抵抗,0,156.42400
2025-01-01,2025-01-31,20260209_042848,20260209_042848-0009,2025-01-21 02:25:05.878000,2025-01-21 02:25:27.025000,売り,156.03800,155.93800,1.00,10.00,780.00,水平線手前,利確,支持抵抗,0,156.03800
2025-01-01,2025-01-31,20260209_042848,20260209_042848-0010,2025-01-24 12:24:29.145000,2025-01-24 12:25:12.255000,売り,156.37700,156.27700,1.00,10.00,790.00,水平線手前,利確,支持抵抗,0,156.37700
2025-01-01,2025-01-31,20260209_042848,20260209_042848-0011,2025-01-24 12:24:28.551000,2025-01-24 12:25:13.759000,売り,156.36300,156.26300,1.00,10.00,800.00,水平線手前,利確,支持抵抗,0,156.36300
2025-01-01,2025-01-31,20260209_042848,20260209_042848-0012,2025-01-24 15:44:22.759000,2025-01-24 15:44:23.663000,売り,155.69100,155.59100,1.00,10.00,810.00,水平線手前,利確,支持抵抗,0,155.69100
2025-01-01,2025-01-31,20260209_042848,20260209_042848-0013,2025-01-24 23:45:00.285000,2025-01-24 23:45:02.367000,買い,156.11100,156.21100,1.00,10.00,820.00,水平線手前,利確,支持抵抗,0,156.11100
2025-02-01,2025-02-28,20260209_043008,20260209_043008-0001,2025-02-04 00:25:12.417000,2025-02-04 00:25:14.956000,売り,154.80900,154.70900,1.00,10.00,830.00,水平線手前,利確,支持抵抗,0,154.80900
2025-02-01,2025-02-28,20260209_043008,20260209_043008-0002,2025-02-06 00:00:00.256000,2025-02-06 00:00:37.631000,買い,152.53400,152.43400,1.00,-10.00,820.00,水平線手前,損切,支持抵抗,0,152.53400
2025-02-01,2025-02-28,20260209_043008,20260209_043008-0003,2025-02-07 22:30:01.489000,2025-02-07 22:30:03.428000,買い,151.56400,151.46400,1.00,-10.00,810.00,水平線手前,損切,支持抵抗,0,151.56400
2025-02-01,2025-02-28,20260209_043008,20260209_043008-0004,2025-02-07 22:30:03.428000,2025-02-07 22:30:04.520000,買い,151.46400,151.36400,1.00,-10.00,800.00,水平線手前,損切,支持抵抗,0,151.46400
2025-02-01,2025-02-28,20260209_043008,20260209_043008-0005,2025-02-07 22:30:06.227000,2025-02-07 22:30:10.437000,買い,151.34900,151.44900,1.00,10.00,810.00,水平線手前,利確,支持抵抗,0,151.34900
2025-02-01,2025-02-28,20260209_043008,20260209_043008-0006,2025-02-12 22:30:00.424000,2025-02-12 22:30:01.299000,買い,153.30100,153.40100,1.00,10.00,820.00,水平線手前,利確,支持抵抗,0,153.30100
2025-02-01,2025-02-28,20260209_043008,20260209_043008-0007,2025-02-12 22:30:01.299000,2025-02-12 22:30:02.196000,売り,153.87500,153.97500,1.00,-10.00,810.00,水平線手前,損切,支持抵抗,0,153.87500
2025-03-01,2025-03-31,20260209_043210,20260209_043210-0001,2025-03-17 21:30:03.478000,2025-03-17 21:30:05.256000,買い,148.27400,148.37400,1.00,10.00,820.00,水平線手前,利確,支持抵抗,0,148.27400
2025-03-01,2025-03-31,20260209_043210,20260209_043210-0002,2025-03-17 21:30:04.623000,2025-03-17 21:30:05.311000,買い,148.28900,148.38900,1.00,10.00,830.00,水平線手前,利確,支持抵抗,0,148.28900
2025-03-01,2025-03-31,20260209_043210,20260209_043210-0003,2025-03-17 21:30:04.780000,2025-03-17 21:30:05.363000,買い,148.29900,148.39900,1.00,10.00,840.00,水平線手前,利確,支持抵抗,0,148.29900
2025-04-01,2025-04-30,20260209_043432,20260209_043432-0001,2025-04-09 20:00:44.634000,2025-04-09 20:01:07.680000,買い,144.95200,145.05200,1.00,10.00,850.00,水平線手前,利確,支持抵抗,0,144.95200
2025-04-01,2025-04-30,20260209_043432,20260209_043432-0002,2025-04-10 02:18:44.800000,2025-04-10 02:18:49.875000,買い,144.58800,144.68800,1.00,10.00,860.00,水平線手前,利確,支持抵抗,0,144.58800
2025-04-01,2025-04-30,20260209_043432,20260209_043432-0003,2025-04-11 18:51:01.144000,2025-04-11 18:51:03.836000,買い,142.07000,142.17000,1.00,10.00,870.00,水平線手前,利確,支持抵抗,0,142.07000
2025-04-01,2025-04-30,20260209_043432,20260209_043432-0004,2025-04-11 22:39:44.041000,2025-04-11 22:39:57.972000,売り,143.53900,143.43900,1.00,10.00,880.00,水平線手前,利確,支持抵抗,0,143.53900
2025-04-01,2025-04-30,20260209_043432,20260209_043432-0005,2025-04-14 13:22:14.125000,2025-04-14 13:22:16.372000,買い,142.66400,142.76400,1.00,10.00,890.00,水平線手前,利確,支持抵抗,0,142.66400
2025-04-01,2025-04-30,20260209_043432,20260209_043432-0006,2025-04-23 22:37:44.911000,2025-04-23 22:37:48.860000,売り,142.19000,142.29000,1.00,-10.00,880.00,水平線手前,損切,支持抵抗,0,142.19000
2025-04-01,2025-04-30,20260209_043432,20260209_043432-0007,2025-04-23 22:37:46.866000,2025-04-23 22:37:49.227000,売り,142.21800,142.31800,1.00,-10.00,870.00,水平線手前,損切,支持抵抗,0,142.21800
2025-05-01,2025-05-31,20260209_043559,20260209_043559-0001,2025-05-13 21:30:06.468000,2025-05-13 21:30:14.527000,買い,147.87700,147.97700,1.00,10.00,880.00,水平線手前,利確,支持抵抗,0,147.87700
2025-05-01,2025-05-31,20260209_043559,20260209_043559-0002,2025-05-20 11:57:42.680000,2025-05-20 11:57:45.985000,売り,145.26800,145.16800,1.00,10.00,890.00,水平線手前,利確,支持抵抗,0,145.26800
2025-05-01,2025-05-31,20260209_043559,20260209_043559-0003,2025-05-22 22:45:05.531000,2025-05-22 22:45:33.001000,売り,143.76600,143.86600,1.00,-10.00,880.00,水平線手前,損切,支持抵抗,0,143.76600
2025-05-01,2025-05-31,20260209_043559,20260209_043559-0004,2025-05-27 23:00:04.725000,2025-05-27 23:09:55.226000,売り,144.36900,144.26900,1.00,10.00,890.00,水平線手前,利確,支持抵抗,0,144.36900
2025-06-01,2025-06-30,20260209_043713,20260209_043713-0001,2025-06-04 23:00:00.158000,2025-06-04 23:00:00.571000,買い,143.43900,143.33900,1.00,-10.00,880.00,水平線手前,損切,支持抵抗,0,143.43900
2025-06-01,2025-06-30,20260209_043713,20260209_043713-0002,2025-06-05 21:50:20.493000,2025-06-05 21:50:24.089000,売り,143.68000,143.58000,1.00,10.00,890.00,水平線手前,利確,支持抵抗,0,143.68000
2025-06-01,2025-06-30,20260209_043713,20260209_043713-0003,2025-06-05 21:50:20.337000,2025-06-05 21:50:24.351000,売り,143.66200,143.56200,1.00,10.00,900.00,水平線手前,利確,支持抵抗,0,143.66200
2025-06-01,2025-06-30,20260209_043713,20260209_043713-0004,2025-06-11 21:30:01.509000,2025-06-11 21:30:02.426000,買い,144.84800,144.74800,1.00,-10.00,890.00,水平線手前,損切,支持抵抗,0,144.84800
2025-06-01,2025-06-30,20260209_043713,20260209_043713-0005,2025-06-11 21:30:06.951000,2025-06-11 21:30:11.225000,買い,144.69100,144.79100,1.00,10.00,900.00,水平線手前,利確,支持抵抗,0,144.69100
2025-06-01,2025-06-30,20260209_043713,20260209_043713-0006,2025-06-17 21:30:01.370000,2025-06-17 21:30:08.756000,買い,144.41500,144.51500,1.00,10.00,910.00,水平線手前,利確,支持抵抗,0,144.41500
2025-06-01,2025-06-30,20260209_043713,20260209_043713-0007,2025-06-17 21:30:03.401000,2025-06-17 21:30:08.756000,買い,144.42600,144.52600,1.00,10.00,920.00,水平線手前,利確,支持抵抗,0,144.42600
2025-06-01,2025-06-30,20260209_043713,20260209_043713-0008,2025-06-19 03:00:15.175000,2025-06-19 03:00:21.998000,買い,144.56200,144.46200,1.00,-10.00,910.00,水平線手前,損切,支持抵抗,0,144.56200
2025-07-01,2025-07-31,20260209_043835,20260209_043835-0001,2025-07-01 23:00:01.224000,2025-07-01 23:09:49.625000,売り,143.33900,143.43900,1.00,-10.00,900.00,水平線手前,損切,支持抵抗,0,143.33900
2025-07-01,2025-07-31,20260209_043835,20260209_043835-0002,2025-07-03 21:30:01.420000,2025-07-03 21:30:01.728000,売り,144.32500,144.42500,1.00,-10.00,890.00,水平線手前,損切,支持抵抗,0,144.32500
2025-07-01,2025-07-31,20260209_043835,20260209_043835-0003,2025-07-03 21:30:02.089000,2025-07-03 21:30:02.605000,売り,144.46900,144.56900,1.00,-10.00,880.00,水平線手前,損切,支持抵抗,0,144.46900
2025-07-01,2025-07-31,20260209_043835,20260209_043835-0004,2025-07-16 23:54:11.364000,2025-07-16 23:54:28.336000,買い,148.49800,148.39800,1.00,-10.00,870.00,水平線手前,損切,支持抵抗,0,148.49800
2025-07-01,2025-07-31,20260209_043835,20260209_043835-0005,2025-07-17 00:16:34.064000,2025-07-17 00:16:38.072000,買い,147.57300,147.47300,1.00,-10.00,860.00,水平線手前,損切,支持抵抗,0,147.57300
2025-07-01,2025-07-31,20260209_043835,20260209_043835-0006,2025-07-17 00:16:39.133000,2025-07-17 00:16:44.299000,買い,147.31000,147.41000,1.00,10.00,870.00,水平線手前,利確,支持抵抗,0,147.31000
2025-07-01,2025-07-31,20260209_043835,20260209_043835-0007,2025-07-17 00:17:56.499000,2025-07-17 00:18:01.550000,買い,147.16700,147.06700,1.00,-10.00,860.00,水平線手前,損切,支持抵抗,0,147.16700
2025-08-01,2025-08-31,20260209_043948,20260209_043948-0001,2025-08-01 21:30:01.313000,2025-08-01 21:30:01.364000,買い,150.31200,150.21200,1.00,-10.00,850.00,水平線手前,損切,支持抵抗,0,150.31200
2025-08-01,2025-08-31,20260209_043948,20260209_043948-0002,2025-08-05 23:00:02.105000,2025-08-05 23:00:20.602000,買い,147.53800,147.43800,1.00,-10.00,840.00,水平線手前,損切,支持抵抗,0,147.53800
2025-08-01,2025-08-31,20260209_043948,20260209_043948-0003,2025-08-12 21:30:05.225000,2025-08-12 21:30:07.245000,買い,148.13000,148.03000,1.00,-10.00,830.00,水平線手前,損切,支持抵抗,0,148.13000
2025-08-01,2025-08-31,20260209_043948,20260209_043948-0004,2025-08-12 21:30:12.300000,2025-08-12 21:30:19.640000,買い,147.89400,147.99400,1.00,10.00,840.00,水平線手前,利確,支持抵抗,0,147.89400
2025-08-01,2025-08-31,20260209_043948,20260209_043948-0005,2025-08-22 23:00:03.685000,2025-08-22 23:00:04.096000,買い,148.21400,148.11400,1.00,-10.00,830.00,水平線手前,損切,支持抵抗,0,148.21400
2025-09-01,2025-09-30,20260209_044050,20260209_044050-0001,2025-09-04 21:15:01.816000,2025-09-04 21:15:03.015000,買い,148.05000,148.15000,1.00,10.00,840.00,水平線手前,利確,支持抵抗,0,148.05000
2025-09-01,2025-09-30,20260209_044050,20260209_044050-0002,2025-09-04 21:30:00.516000,2025-09-04 21:30:03.310000,買い,148.12600,148.22600,1.00,10.00,850.00,水平線手前,利確,支持抵抗,0,148.12600
2025-09-01,2025-09-30,20260209_044050,20260209_044050-0003,2025-09-05 21:30:01.201000,2025-09-05 21:30:01.612000,買い,147.67900,147.57900,1.00,-10.00,840.00,水平線手前,損切,支持抵抗,0,147.67900
2025-09-01,2025-09-30,20260209_044050,20260209_044050-0004,2025-09-05 21:30:01.612000,2025-09-05 21:30:02.545000,買い,147.53400,147.43400,1.00,-10.00,830.00,水平線手前,損切,支持抵抗,0,147.53400
2025-09-01,2025-09-30,20260209_044050,20260209_044050-0005,2025-09-10 21:30:01.427000,2025-09-10 21:30:01.943000,買い,147.29600,147.19600,1.00,-10.00,820.00,水平線手前,損切,支持抵抗,0,147.29600
2025-09-01,2025-09-30,20260209_044050,20260209_044050-0006,2025-09-10 21:30:03.851000,2025-09-10 21:30:06.985000,買い,147.11800,147.21800,1.00,10.00,830.00,水平線手前,利確,支持抵抗,0,147.11800
2025-09-01,2025-09-30,20260209_044050,20260209_044050-0007,2025-09-10 21:30:03.744000,2025-09-10 21:30:44.332000,買い,147.13600,147.23600,1.00,10.00,840.00,水平線手前,利確,支持抵抗,0,147.13600
2025-09-01,2025-09-30,20260209_044050,20260209_044050-0008,2025-09-11 21:30:04.708000,2025-09-11 21:30:07.426000,売り,148.15100,148.05100,1.00,10.00,850.00,水平線手前,利確,支持抵抗,0,148.15100
2025-10-01,2025-10-31,20260209_044153,20260209_044153-0001,2025-10-01 21:15:47.320000,2025-10-01 21:15:49.144000,買い,146.90200,146.80200,1.00,-10.00,840.00,水平線手前,損切,支持抵抗,0,146.90200
2025-10-01,2025-10-31,20260209_044153,20260209_044153-0002,2025-10-03 23:00:00.307000,2025-10-03 23:00:06.619000,買い,147.09000,147.19000,1.00,10.00,850.00,水平線手前,利確,支持抵抗,0,147.09000
2025-10-01,2025-10-31,20260209_044153,20260209_044153-0003,2025-10-03 23:00:00.461000,2025-10-03 23:00:06.934000,買い,147.10600,147.20600,1.00,10.00,860.00,水平線手前,利確,支持抵抗,0,147.10600
2025-10-01,2025-10-31,20260209_044153,20260209_044153-0004,2025-10-09 22:07:02.848000,2025-10-09 22:07:03.748000,買い,152.44200,152.34200,1.00,-10.00,850.00,水平線手前,損切,支持抵抗,0,152.44200
2025-10-01,2025-10-31,20260209_044153,20260209_044153-0005,2025-10-09 22:07:03.007000,2025-10-09 22:07:03.748000,買い,152.41300,152.31300,1.00,-10.00,840.00,水平線手前,損切,支持抵抗,0,152.41300
2025-10-01,2025-10-31,20260209_044153,20260209_044153-0006,2025-10-09 22:07:03.800000,2025-10-09 22:07:05.009000,買い,152.28800,152.38800,1.00,10.00,850.00,水平線手前,利確,支持抵抗,0,152.28800
2025-10-01,2025-10-31,20260209_044153,20260209_044153-0007,2025-10-09 22:07:05.114000,2025-10-09 22:07:06.565000,買い,152.39300,152.49300,1.00,10.00,860.00,水平線手前,利確,支持抵抗,0,152.39300
2025-10-01,2025-10-31,20260209_044153,20260209_044153-0008,2025-10-09 22:11:28.107000,2025-10-09 22:11:29.316000,買い,152.13800,152.23800,1.00,10.00,870.00,水平線手前,利確,支持抵抗,0,152.13800
2025-10-01,2025-10-31,20260209_044153,20260209_044153-0009,2025-10-21 14:05:02.636000,2025-10-21 14:05:03.802000,買い,150.88200,150.98200,1.00,10.00,880.00,水平線手前,利確,支持抵抗,0,150.88200
2025-10-01,2025-10-31,20260209_044153,20260209_044153-0010,2025-10-23 01:30:42.501000,2025-10-23 01:31:14.465000,買い,151.54200,151.64200,1.00,10.00,890.00,水平線手前,利確,支持抵抗,0,151.54200
2025-10-01,2025-10-31,20260209_044153,20260209_044153-0011,2025-10-24 21:30:01.297000,2025-10-24 21:30:01.402000,買い,152.53800,152.43800,1.00,-10.00,880.00,水平線手前,損切,支持抵抗,0,152.53800
2025-10-01,2025-10-31,20260209_044153,20260209_044153-0012,2025-10-24 21:30:01.350000,2025-10-24 21:30:01.402000,買い,152.49400,152.39400,1.00,-10.00,870.00,水平線手前,損切,支持抵抗,0,152.49400
2025-10-01,2025-10-31,20260209_044153,20260209_044153-0013,2025-10-24 21:30:01.663000,2025-10-24 21:30:05.202000,買い,152.28100,152.38100,1.00,10.00,880.00,水平線手前,利確,支持抵抗,0,152.28100
2025-10-01,2025-10-31,20260209_044153,20260209_044153-0014,2025-10-24 21:30:03.117000,2025-10-24 21:30:05.412000,買い,152.33200,152.43200,1.00,10.00,890.00,水平線手前,利確,支持抵抗,0,152.33200
2025-10-01,2025-10-31,20260209_044153,20260209_044153-0015,2025-10-30 03:35:33.423000,2025-10-30 03:36:10.069000,売り,152.71700,152.81700,1.00,-10.00,880.00,水平線手前,損切,支持抵抗,0,152.71700
2025-11-01,2025-11-30,20260209_044242,20260209_044242-0001,2025-11-06 00:00:00.316000,2025-11-06 00:00:55.633000,売り,154.18300,154.28300,1.00,-10.00,870.00,水平線手前,損切,支持抵抗,0,154.18300
2025-11-01,2025-11-30,20260209_044242,20260209_044242-0002,2025-11-20 22:30:03.391000,2025-11-20 22:30:05.420000,売り,157.86200,157.76200,1.00,10.00,880.00,水平線手前,利確,支持抵抗,0,157.86200
2025-12-01,2025-12-31,20260209_044343,20260209_044343-0001,2025-12-11 04:35:31.746000,2025-12-11 04:35:37.990000,買い,156.12800,156.22800,1.00,10.00,890.00,水平線手前,利確,支持抵抗,0,156.12800
2025-12-01,2025-12-31,20260209_044343,20260209_044343-0002,2025-12-17 04:25:43.194000,2025-12-17 04:25:54.416000,売り,154.88900,154.78900,1.00,10.00,900.00,水平線手前,利確,支持抵抗,0,154.88900
2025-12-01,2025-12-31,20260209_044343,20260209_044343-0003,2025-12-18 22:30:03.672000,2025-12-18 22:30:15.669000,買い,155.37700,155.47700,1.00,10.00,910.00,水平線手前,利確,支持抵抗,0,155.37700
2025-12-01,2025-12-31,20260209_044343,20260209_044343-0004,2025-12-18 22:30:05.060000,2025-12-18 22:30:15.669000,買い,155.37900,155.47900,1.00,10.00,920.00,水平線手前,利確,支持抵抗,0,155.37900
2025-12-01,2025-12-31,20260209_044343,20260209_044343-0005,2025-12-18 22:30:01.254000,2025-12-18 22:30:17.850000,買い,155.43100,155.53100,1.00,10.00,930.00,水平線手前,利確,支持抵抗,0,155.43100
2025-12-01,2025-12-31,20260209_044343,20260209_044343-0006,2025-12-22 22:10:21.482000,2025-12-22 22:10:24.590000,買い,156.90300,157.00300,1.00,10.00,940.00,水平線手前,利確,支持抵抗,0,156.90300
