開始日,終了日,実行ID,取引ID,段階,種別,in時刻,in価格,ロット
2016-01-01,2016-01-31,20260209_052535,20260209_052535-0001,1,初回,2016-01-04 16:51:36.183000,118.93300,1.00
2016-01-01,2016-01-31,20260209_052535,20260209_052535-0002,1,初回,2016-01-08 22:30:02.178000,118.69200,1.00
2016-01-01,2016-01-31,20260209_052535,20260209_052535-0003,1,初回,2016-01-08 22:30:02.384000,118.74700,1.00
2016-01-01,2016-01-31,20260209_052535,20260209_052535-0004,1,初回,2016-01-08 22:30:05.051000,118.79200,1.00
2016-01-01,2016-01-31,20260209_052535,20260209_052535-0005,1,初回,2016-01-08 22:30:05.752000,118.80600,1.00
2016-01-01,2016-01-31,20260209_052535,20260209_052535-0006,1,初回,2016-01-20 18:41:37.096000,116.94600,1.00
2016-01-01,2016-01-31,20260209_052535,20260209_052535-0007,1,初回,2016-01-29 12:21:34.845000,118.96200,1.00
2016-01-01,2016-01-31,20260209_052535,20260209_052535-0008,1,初回,2016-01-29 12:21:35.723000,118.98000,1.00
2016-01-01,2016-01-31,20260209_052535,20260209_052535-0009,1,初回,2016-01-29 12:21:35.838000,119.03600,1.00
2016-01-01,2016-01-31,20260209_052535,20260209_052535-0010,1,初回,2016-01-29 12:21:37.748000,119.13800,1.00
2016-01-01,2016-01-31,20260209_052535,20260209_052535-0011,1,初回,2016-01-29 12:22:18.634000,118.56200,1.00
2016-01-01,2016-01-31,20260209_052535,20260209_052535-0012,1,初回,2016-01-29 12:24:40.742000,119.25100,1.00
2016-01-01,2016-01-31,20260209_052535,20260209_052535-0013,1,初回,2016-01-29 12:38:19.314000,118.53200,1.00
2016-01-01,2016-01-31,20260209_052535,20260209_052535-0014,1,初回,2016-01-29 12:38:29.660000,119.66800,1.00
2016-01-01,2016-01-31,20260209_052535,20260209_052535-0015,1,初回,2016-01-29 12:38:31.629000,119.78900,1.00
2016-01-01,2016-01-31,20260209_052535,20260209_052535-0016,1,初回,2016-01-29 12:38:54.227000,120.47900,1.00
2016-01-01,2016-01-31,20260209_052535,20260209_052535-0017,1,初回,2016-01-29 12:42:06.605000,121.38600,1.00
2016-01-01,2016-01-31,20260209_052535,20260209_052535-0018,1,初回,2016-01-30 01:09:56.613000,120.96000,1.00
2016-02-01,2016-02-29,20260209_052636,20260209_052636-0001,1,初回,2016-02-04 00:30:52.980000,117.55200,1.00
2016-02-01,2016-02-29,20260209_052636,20260209_052636-0002,1,初回,2016-02-05 22:30:02.444000,116.55400,1.00
2016-02-01,2016-02-29,20260209_052636,20260209_052636-0003,1,初回,2016-02-05 22:30:09.284000,116.32800,1.00
2016-02-01,2016-02-29,20260209_052636,20260209_052636-0004,1,初回,2016-02-05 22:31:24.419000,116.95300,1.00
2016-02-01,2016-02-29,20260209_052636,20260209_052636-0005,1,初回,2016-02-08 23:36:37.895000,115.97400,1.00
2016-02-01,2016-02-29,20260209_052636,20260209_052636-0006,1,初回,2016-02-09 12:16:13.628000,114.48000,1.00
2016-02-01,2016-02-29,20260209_052636,20260209_052636-0007,1,初回,2016-02-09 20:48:12.004000,114.92800,1.00
2016-02-01,2016-02-29,20260209_052636,20260209_052636-0008,1,初回,2016-02-10 11:15:04.189000,115.11600,1.00
2016-02-01,2016-02-29,20260209_052636,20260209_052636-0009,1,初回,2016-02-10 22:30:03.383000,114.88400,1.00
2016-02-01,2016-02-29,20260209_052636,20260209_052636-0010,1,初回,2016-02-11 01:07:53.245000,114.24500,1.00
2016-02-01,2016-02-29,20260209_052636,20260209_052636-0011,1,初回,2016-02-11 02:01:37.272000,113.87200,1.00
2016-02-01,2016-02-29,20260209_052636,20260209_052636-0012,1,初回,2016-02-11 02:02:06.505000,113.76700,1.00
2016-02-01,2016-02-29,20260209_052636,20260209_052636-0013,1,初回,2016-02-11 17:40:39.037000,111.02000,1.00
2016-02-01,2016-02-29,20260209_052636,20260209_052636-0014,1,初回,2016-02-11 21:21:39.147000,113.16300,1.00
2016-02-01,2016-02-29,20260209_052636,20260209_052636-0015,1,初回,2016-02-12 00:39:40.481000,111.78100,1.00
2016-02-01,2016-02-29,20260209_052636,20260209_052636-0016,1,初回,2016-02-12 11:16:16.944000,112.11500,1.00
2016-02-01,2016-02-29,20260209_052636,20260209_052636-0017,1,初回,2016-02-12 15:54:40.359000,111.86600,1.00
2016-02-01,2016-02-29,20260209_052636,20260209_052636-0018,1,初回,2016-02-12 15:58:07.546000,111.67900,1.00
2016-02-01,2016-02-29,20260209_052636,20260209_052636-0019,1,初回,2016-02-15 15:02:00.227000,114.07300,1.00
2016-02-01,2016-02-29,20260209_052636,20260209_052636-0020,1,初回,2016-02-17 16:17:06.282000,113.40900,1.00
2016-02-01,2016-02-29,20260209_052636,20260209_052636-0021,1,初回,2016-02-18 03:58:45.006000,114.07900,1.00
2016-02-01,2016-02-29,20260209_052636,20260209_052636-0022,1,初回,2016-02-25 22:30:03.765000,112.66800,1.00
2016-02-01,2016-02-29,20260209_052636,20260209_052636-0023,1,初回,2016-02-26 22:30:04.295000,113.19500,1.00
2016-03-01,2016-03-31,20260209_052728,20260209_052728-0001,1,初回,2016-03-02 22:15:01.117000,114.42500,1.00
2016-03-01,2016-03-31,20260209_052728,20260209_052728-0002,1,初回,2016-03-02 22:15:02.005000,114.43300,1.00
2016-03-01,2016-03-31,20260209_052728,20260209_052728-0003,1,初回,2016-03-02 23:38:51.011000,113.97900,1.00
2016-03-01,2016-03-31,20260209_052728,20260209_052728-0004,1,初回,2016-03-03 00:30:12.860000,113.70800,1.00
2016-03-01,2016-03-31,20260209_052728,20260209_052728-0005,1,初回,2016-03-04 23:53:18.599000,113.25400,1.00
2016-03-01,2016-03-31,20260209_052728,20260209_052728-0006,1,初回,2016-03-04 23:53:17.825000,113.26000,1.00
2016-03-01,2016-03-31,20260209_052728,20260209_052728-0007,1,初回,2016-03-04 23:55:57.809000,113.16000,1.00
2016-03-01,2016-03-31,20260209_052728,20260209_052728-0008,1,初回,2016-03-10 21:46:36.793000,113.77600,1.00
2016-03-01,2016-03-31,20260209_052728,20260209_052728-0009,1,初回,2016-03-10 21:46:37.509000,113.79000,1.00
2016-03-01,2016-03-31,20260209_052728,20260209_052728-0010,1,初回,2016-03-15 11:47:06.480000,113.91500,1.00
2016-03-01,2016-03-31,20260209_052728,20260209_052728-0011,1,初回,2016-03-15 11:47:07.831000,114.01300,1.00
2016-03-01,2016-03-31,20260209_052728,20260209_052728-0012,1,初回,2016-03-15 12:31:55.611000,114.11700,1.00
2016-03-01,2016-03-31,20260209_052728,20260209_052728-0013,1,初回,2016-03-15 12:35:07.930000,113.63500,1.00
2016-03-01,2016-03-31,20260209_052728,20260209_052728-0014,1,初回,2016-03-15 12:41:04.243000,113.54600,1.00
2016-03-01,2016-03-31,20260209_052728,20260209_052728-0015,1,初回,2016-03-16 21:30:03.160000,113.74100,1.00
2016-03-01,2016-03-31,20260209_052728,20260209_052728-0016,1,初回,2016-03-16 21:30:04.594000,113.75500,1.00
2016-03-01,2016-03-31,20260209_052728,20260209_052728-0017,1,初回,2016-03-17 03:01:25.467000,113.30900,1.00
2016-03-01,2016-03-31,20260209_052728,20260209_052728-0018,1,初回,2016-03-17 20:45:05.656000,110.79100,1.00
2016-03-01,2016-03-31,20260209_052728,20260209_052728-0019,1,初回,2016-03-30 01:20:07.056000,113.27900,1.00
2016-03-01,2016-03-31,20260209_052728,20260209_052728-0020,1,初回,2016-03-30 01:20:13.159000,113.26500,1.00
2016-04-01,2016-04-30,20260209_052812,20260209_052812-0001,1,初回,2016-04-01 21:40:27.835000,111.84600,1.00
2016-04-01,2016-04-30,20260209_052812,20260209_052812-0002,1,初回,2016-04-06 23:22:17.283000,110.38300,1.00
2016-04-01,2016-04-30,20260209_052812,20260209_052812-0003,1,初回,2016-04-07 16:15:54.358000,108.76800,1.00
2016-04-01,2016-04-30,20260209_052812,20260209_052812-0004,1,初回,2016-04-07 22:34:55.782000,107.94600,1.00
2016-04-01,2016-04-30,20260209_052812,20260209_052812-0005,1,初回,2016-04-22 13:44:28.986000,110.15600,1.00
2016-04-01,2016-04-30,20260209_052812,20260209_052812-0006,1,初回,2016-04-25 21:08:21.662000,110.87300,1.00
2016-04-01,2016-04-30,20260209_052812,20260209_052812-0007,1,初回,2016-04-28 12:01:06.482000,111.10100,1.00
2016-04-01,2016-04-30,20260209_052812,20260209_052812-0008,1,初回,2016-04-28 12:01:06.601000,111.05800,1.00
2016-04-01,2016-04-30,20260209_052812,20260209_052812-0009,1,初回,2016-04-28 12:01:09.162000,110.69800,1.00
2016-04-01,2016-04-30,20260209_052812,20260209_052812-0010,1,初回,2016-04-28 12:02:40.377000,109.36900,1.00
2016-04-01,2016-04-30,20260209_052812,20260209_052812-0011,1,初回,2016-04-28 12:02:42.753000,109.29400,1.00
2016-04-01,2016-04-30,20260209_052812,20260209_052812-0012,1,初回,2016-04-28 12:03:19.827000,109.15600,1.00
2016-04-01,2016-04-30,20260209_052812,20260209_052812-0013,1,初回,2016-04-28 12:03:44.291000,108.79200,1.00
2016-04-01,2016-04-30,20260209_052812,20260209_052812-0014,1,初回,2016-04-28 12:03:45.590000,108.78900,1.00
2016-04-01,2016-04-30,20260209_052812,20260209_052812-0015,1,初回,2016-04-30 00:20:28.922000,106.65300,1.00
2016-05-01,2016-05-31,20260209_052853,20260209_052853-0001,1,初回,2016-05-04 21:15:00.534000,106.44200,1.00
2016-05-01,2016-05-31,20260209_052853,20260209_052853-0002,1,初回,2016-05-06 21:29:47.050000,106.83400,1.00
2016-05-01,2016-05-31,20260209_052853,20260209_052853-0003,1,初回,2016-05-06 21:29:48.781000,106.80800,1.00
2016-05-01,2016-05-31,20260209_052853,20260209_052853-0004,1,初回,2016-05-06 21:30:24.897000,106.47300,1.00
2016-05-01,2016-05-31,20260209_052853,20260209_052853-0005,1,初回,2016-05-13 23:00:34.245000,109.53800,1.00
2016-05-01,2016-05-31,20260209_052853,20260209_052853-0006,1,初回,2016-05-17 21:30:05.058000,109.62200,1.00
2016-05-01,2016-05-31,20260209_052853,20260209_052853-0007,1,初回,2016-05-19 03:00:07.424000,109.80900,1.00
2016-05-01,2016-05-31,20260209_052853,20260209_052853-0008,1,初回,2016-05-23 18:52:10.762000,109.34400,1.00
2016-05-01,2016-05-31,20260209_052853,20260209_052853-0009,1,初回,2016-05-23 18:52:07.519000,109.36100,1.00
2016-05-01,2016-05-31,20260209_052853,20260209_052853-0010,1,初回,2016-05-26 21:30:06.315000,110.18300,1.00
2016-06-01,2016-06-30,20260209_052947,20260209_052947-0001,1,初回,2016-06-02 11:24:31.928000,108.86900,1.00
2016-06-01,2016-06-30,20260209_052947,20260209_052947-0002,1,初回,2016-06-03 21:30:01.773000,108.50900,1.00
2016-06-01,2016-06-30,20260209_052947,20260209_052947-0003,1,初回,2016-06-03 23:30:54.177000,106.72700,1.00
2016-06-01,2016-06-30,20260209_052947,20260209_052947-0004,1,初回,2016-06-07 01:30:07.019000,107.42600,1.00
2016-06-01,2016-06-30,20260209_052947,20260209_052947-0005,1,初回,2016-06-07 01:30:08.733000,107.54000,1.00
2016-06-01,2016-06-30,20260209_052947,20260209_052947-0006,1,初回,2016-06-14 14:00:33.842000,105.87400,1.00
2016-06-01,2016-06-30,20260209_052947,20260209_052947-0007,1,初回,2016-06-14 21:30:04.990000,106.09600,1.00
2016-06-01,2016-06-30,20260209_052947,20260209_052947-0008,1,初回,2016-06-16 02:59:50.242000,105.74200,1.00
2016-06-01,2016-06-30,20260209_052947,20260209_052947-0009,1,初回,2016-06-16 03:16:37.626000,105.46000,1.00
2016-06-01,2016-06-30,20260209_052947,20260209_052947-0010,1,初回,2016-06-16 11:45:46.364000,104.55500,1.00
2016-06-01,2016-06-30,20260209_052947,20260209_052947-0011,1,初回,2016-06-16 13:50:24.008000,104.20300,1.00
2016-06-01,2016-06-30,20260209_052947,20260209_052947-0012,1,初回,2016-06-16 15:56:35.341000,103.57800,1.00
2016-06-01,2016-06-30,20260209_052947,20260209_052947-0013,1,初回,2016-06-21 02:30:56.354000,103.95300,1.00
2016-06-01,2016-06-30,20260209_052947,20260209_052947-0014,1,初回,2016-06-23 15:10:32.553000,104.37400,1.00
2016-06-01,2016-06-30,20260209_052947,20260209_052947-0015,1,初回,2016-06-23 15:10:32.811000,104.35500,1.00
2016-06-01,2016-06-30,20260209_052947,20260209_052947-0016,1,初回,2016-06-23 15:10:33.342000,104.31800,1.00
2016-06-01,2016-06-30,20260209_052947,20260209_052947-0017,1,初回,2016-06-23 15:10:36.941000,104.06200,1.00
2016-06-01,2016-06-30,20260209_052947,20260209_052947-0018,1,初回,2016-06-23 19:44:37.747000,105.83900,1.00
2016-06-01,2016-06-30,20260209_052947,20260209_052947-0019,1,初回,2016-06-24 11:41:26.399000,103.02500,1.00
2016-06-01,2016-06-30,20260209_052947,20260209_052947-0020,1,初回,2016-06-24 11:43:48.375000,98.99500,1.00
2016-06-01,2016-06-30,20260209_052947,20260209_052947-0021,1,初回,2016-06-24 21:12:38.444000,102.75500,1.00
2016-06-01,2016-06-30,20260209_052947,20260209_052947-0022,1,初回,2016-06-27 16:32:14.769000,102.15700,1.00
2016-06-01,2016-06-30,20260209_052947,20260209_052947-0023,1,初回,2016-06-27 20:45:55.095000,101.52400,1.00
2016-06-01,2016-06-30,20260209_052947,20260209_052947-0024,1,初回,2016-06-27 20:51:32.627000,101.43600,1.00
2016-06-01,2016-06-30,20260209_052947,20260209_052947-0025,1,初回,2016-06-28 18:39:18.370000,102.31300,1.00
2016-07-01,2016-07-31,20260209_053114,20260209_053114-0001,1,初回,2016-07-05 15:06:20.760000,101.89600,1.00
2016-07-01,2016-07-31,20260209_053114,20260209_053114-0002,1,初回,2016-07-06 12:36:58.654000,101.01600,1.00
2016-07-01,2016-07-31,20260209_053114,20260209_053114-0003,1,初回,2016-07-06 18:09:48.337000,100.43700,1.00
2016-07-01,2016-07-31,20260209_053114,20260209_053114-0004,1,初回,2016-07-08 21:29:52.511000,100.26700,1.00
2016-07-01,2016-07-31,20260209_053114,20260209_053114-0005,1,初回,2016-07-08 21:29:52.562000,100.26000,1.00
2016-07-01,2016-07-31,20260209_053114,20260209_053114-0006,1,初回,2016-07-08 21:29:54.847000,100.23600,1.00
2016-07-01,2016-07-31,20260209_053114,20260209_053114-0007,1,初回,2016-07-08 21:30:02.259000,100.76300,1.00
2016-07-01,2016-07-31,20260209_053114,20260209_053114-0008,1,初回,2016-07-08 21:30:03.515000,100.94600,1.00
2016-07-01,2016-07-31,20260209_053114,20260209_053114-0009,1,初回,2016-07-08 21:30:10.390000,101.23300,1.00
2016-07-01,2016-07-31,20260209_053114,20260209_053114-0010,1,初回,2016-07-08 21:30:16.032000,101.20100,1.00
2016-07-01,2016-07-31,20260209_053114,20260209_053114-0011,1,初回,2016-07-08 21:30:12.313000,101.25400,1.00
2016-07-01,2016-07-31,20260209_053114,20260209_053114-0012,1,初回,2016-07-12 15:52:07.708000,103.37300,1.00
2016-07-01,2016-07-31,20260209_053114,20260209_053114-0013,1,初回,2016-07-21 17:35:57.710000,105.95000,1.00
2016-07-01,2016-07-31,20260209_053114,20260209_053114-0014,1,初回,2016-07-21 18:35:45.275000,105.45700,1.00
2016-07-01,2016-07-31,20260209_053114,20260209_053114-0015,1,初回,2016-07-26 13:29:38.947000,104.31000,1.00
2016-07-01,2016-07-31,20260209_053114,20260209_053114-0016,1,初回,2016-07-27 02:09:30.764000,104.95200,1.00
2016-07-01,2016-07-31,20260209_053114,20260209_053114-0017,1,初回,2016-07-27 14:05:15.044000,106.11600,1.00
2016-07-01,2016-07-31,20260209_053114,20260209_053114-0018,1,初回,2016-07-28 03:00:18.333000,105.85400,1.00
2016-07-01,2016-07-31,20260209_053114,20260209_053114-0019,1,初回,2016-07-28 03:59:58.497000,105.37000,1.00
2016-07-01,2016-07-31,20260209_053114,20260209_053114-0020,1,初回,2016-07-28 15:10:14.120000,104.50400,1.00
2016-07-01,2016-07-31,20260209_053114,20260209_053114-0021,1,初回,2016-07-29 12:44:09.039000,105.47600,1.00
2016-07-01,2016-07-31,20260209_053114,20260209_053114-0022,1,初回,2016-07-29 12:44:10.994000,105.59000,1.00
2016-07-01,2016-07-31,20260209_053114,20260209_053114-0023,1,初回,2016-07-29 12:44:31.034000,103.37200,1.00
2016-07-01,2016-07-31,20260209_053114,20260209_053114-0024,1,初回,2016-07-29 12:44:44.211000,102.85500,1.00
2016-07-01,2016-07-31,20260209_053114,20260209_053114-0025,1,初回,2016-07-29 12:51:16.774000,102.74000,1.00
2016-07-01,2016-07-31,20260209_053114,20260209_053114-0026,1,初回,2016-07-29 15:37:43.700000,103.17400,1.00
2016-07-01,2016-07-31,20260209_053114,20260209_053114-0027,1,初回,2016-07-29 21:30:01.581000,103.22600,1.00
2016-07-01,2016-07-31,20260209_053114,20260209_053114-0028,1,初回,2016-07-29 22:04:52.491000,102.65800,1.00
2016-08-01,2016-08-31,20260209_053318,20260209_053318-0001,1,初回,2016-08-02 17:11:08.795000,101.65200,1.00
2016-08-01,2016-08-31,20260209_053318,20260209_053318-0002,1,初回,2016-08-12 21:30:02.138000,101.67400,1.00
2016-08-01,2016-08-31,20260209_053318,20260209_053318-0003,1,初回,2016-08-16 11:38:25.769000,100.71600,1.00
2016-08-01,2016-08-31,20260209_053318,20260209_053318-0004,1,初回,2016-08-16 21:30:01.804000,99.57300,1.00
2016-08-01,2016-08-31,20260209_053318,20260209_053318-0005,1,初回,2016-08-17 13:52:57.782000,100.91100,1.00
2016-08-01,2016-08-31,20260209_053318,20260209_053318-0006,1,初回,2016-08-18 13:56:26.208000,100.32100,1.00
2016-08-01,2016-08-31,20260209_053318,20260209_053318-0007,1,初回,2016-08-18 18:10:36.072000,100.47100,1.00
2016-08-01,2016-08-31,20260209_053318,20260209_053318-0008,1,初回,2016-08-26 23:00:06.893000,100.59800,1.00
2016-08-01,2016-08-31,20260209_053318,20260209_053318-0009,1,初回,2016-08-26 23:00:07.052000,100.60200,1.00
2016-08-01,2016-08-31,20260209_053318,20260209_053318-0010,1,初回,2016-08-26 23:14:30.257000,100.23500,1.00
2016-08-01,2016-08-31,20260209_053318,20260209_053318-0011,1,初回,2016-08-26 23:14:32.265000,100.11500,1.00
2016-08-01,2016-08-31,20260209_053318,20260209_053318-0012,1,初回,2016-08-26 23:17:00.501000,100.10100,1.00
2016-09-01,2016-09-30,20260209_053538,20260209_053538-0001,1,初回,2016-09-02 21:30:02.733000,103.13800,1.00
2016-09-01,2016-09-30,20260209_053538,20260209_053538-0002,1,初回,2016-09-02 21:30:03.159000,103.09100,1.00
2016-09-01,2016-09-30,20260209_053538,20260209_053538-0003,1,初回,2016-09-06 23:00:00.348000,103.15600,1.00
2016-09-01,2016-09-30,20260209_053538,20260209_053538-0004,1,初回,2016-09-12 20:57:27.197000,101.75800,1.00
2016-09-01,2016-09-30,20260209_053538,20260209_053538-0005,1,初回,2016-09-13 02:15:09.841000,101.60100,1.00
2016-09-01,2016-09-30,20260209_053538,20260209_053538-0006,1,初回,2016-09-14 02:02:09.354000,102.39400,1.00
2016-09-01,2016-09-30,20260209_053538,20260209_053538-0007,1,初回,2016-09-14 20:10:38.415000,102.51000,1.00
2016-09-01,2016-09-30,20260209_053538,20260209_053538-0008,1,初回,2016-09-15 00:09:19.905000,102.34700,1.00
2016-09-01,2016-09-30,20260209_053538,20260209_053538-0009,1,初回,2016-09-15 21:30:01.678000,101.96900,1.00
2016-09-01,2016-09-30,20260209_053538,20260209_053538-0010,1,初回,2016-09-15 21:30:02.669000,101.97600,1.00
2016-09-01,2016-09-30,20260209_053538,20260209_053538-0011,1,初回,2016-09-21 11:55:07.029000,101.44500,1.00
2016-09-01,2016-09-30,20260209_053538,20260209_053538-0012,1,初回,2016-09-21 11:55:07.249000,101.42000,1.00
2016-09-01,2016-09-30,20260209_053538,20260209_053538-0013,1,初回,2016-09-21 11:55:08.153000,101.30700,1.00
2016-09-01,2016-09-30,20260209_053538,20260209_053538-0014,1,初回,2016-09-21 11:55:09.622000,101.44000,1.00
2016-09-01,2016-09-30,20260209_053538,20260209_053538-0015,1,初回,2016-09-21 11:55:12.166000,101.24300,1.00
2016-09-01,2016-09-30,20260209_053538,20260209_053538-0016,1,初回,2016-09-21 11:55:15.160000,101.22800,1.00
2016-09-01,2016-09-30,20260209_053538,20260209_053538-0017,1,初回,2016-09-21 12:57:04.417000,101.97600,1.00
2016-09-01,2016-09-30,20260209_053538,20260209_053538-0018,1,初回,2016-09-21 12:57:17.602000,101.94400,1.00
2016-09-01,2016-09-30,20260209_053538,20260209_053538-0019,1,初回,2016-09-21 13:00:54.171000,102.06000,1.00
2016-09-01,2016-09-30,20260209_053538,20260209_053538-0020,1,初回,2016-09-21 13:18:29.172000,101.03900,1.00
2016-09-01,2016-09-30,20260209_053538,20260209_053538-0021,1,初回,2016-09-21 13:28:41.867000,102.43700,1.00
2016-09-01,2016-09-30,20260209_053538,20260209_053538-0022,1,初回,2016-09-21 13:30:41.063000,102.44000,1.00
2016-09-01,2016-09-30,20260209_053538,20260209_053538-0023,1,初回,2016-09-21 21:35:25.182000,100.64600,1.00
2016-09-01,2016-09-30,20260209_053538,20260209_053538-0024,1,初回,2016-09-22 03:00:09.173000,100.57500,1.00
2016-10-01,2016-10-31,20260209_053713,20260209_053713-0001,1,初回,2016-10-05 23:00:00.374000,103.25900,1.00
2016-10-01,2016-10-31,20260209_053713,20260209_053713-0002,1,初回,2016-10-07 21:30:01.282000,103.43200,1.00
2016-10-01,2016-10-31,20260209_053713,20260209_053713-0003,1,初回,2016-10-07 21:30:02.606000,103.37000,1.00
2016-10-01,2016-10-31,20260209_053713,20260209_053713-0004,1,初回,2016-10-07 21:30:04.226000,103.28900,1.00
2016-10-01,2016-10-31,20260209_053713,20260209_053713-0005,1,初回,2016-10-17 21:30:13.907000,103.97000,1.00
2016-10-01,2016-10-31,20260209_053713,20260209_053713-0006,1,初回,2016-10-19 18:58:01.932000,103.28800,1.00
2016-11-01,2016-11-30,20260209_053808,20260209_053808-0001,1,初回,2016-11-03 03:00:00.988000,103.42200,1.00
2016-11-01,2016-11-30,20260209_053808,20260209_053808-0002,1,初回,2016-11-09 11:00:04.671000,104.39300,1.00
2016-11-01,2016-11-30,20260209_053808,20260209_053808-0003,1,初回,2016-11-09 11:00:13.077000,104.29100,1.00
2016-11-01,2016-11-30,20260209_053808,20260209_053808-0004,1,初回,2016-11-09 11:02:05.102000,103.87800,1.00
2016-11-01,2016-11-30,20260209_053808,20260209_053808-0005,1,初回,2016-11-09 11:21:42.935000,102.87100,1.00
2016-11-01,2016-11-30,20260209_053808,20260209_053808-0006,1,初回,2016-11-09 11:28:23.502000,102.62600,1.00
2016-11-01,2016-11-30,20260209_053808,20260209_053808-0007,1,初回,2016-11-09 11:28:45.686000,102.53700,1.00
2016-11-01,2016-11-30,20260209_053808,20260209_053808-0008,1,初回,2016-11-09 12:12:23.525000,102.06700,1.00
2016-11-01,2016-11-30,20260209_053808,20260209_053808-0009,1,初回,2016-11-10 19:58:01.437000,106.68100,1.00
2016-11-01,2016-11-30,20260209_053808,20260209_053808-0010,1,初回,2016-11-29 22:30:08.311000,113.19000,1.00
2016-11-01,2016-11-30,20260209_053808,20260209_053808-0011,1,初回,2016-11-30 22:15:00.931000,113.50700,1.00
2016-11-01,2016-11-30,20260209_053808,20260209_053808-0012,1,初回,2016-11-30 22:15:00.828000,113.49000,1.00
2016-12-01,2016-12-31,20260209_053901,20260209_053901-0001,1,初回,2016-12-02 22:30:08.102000,113.62000,1.00
2016-12-01,2016-12-31,20260209_053901,20260209_053901-0002,1,初回,2016-12-02 22:30:08.051000,113.62800,1.00
2016-12-01,2016-12-31,20260209_053901,20260209_053901-0003,1,初回,2016-12-06 03:04:14.522000,113.36500,1.00
2016-12-01,2016-12-31,20260209_053901,20260209_053901-0004,1,初回,2016-12-15 03:59:53.226000,115.37500,1.00
2016-12-01,2016-12-31,20260209_053901,20260209_053901-0005,1,初回,2016-12-15 03:59:53.848000,115.47000,1.00
2016-12-01,2016-12-31,20260209_053901,20260209_053901-0006,1,初回,2016-12-15 04:00:00.638000,115.58000,1.00
2016-12-01,2016-12-31,20260209_053901,20260209_053901-0007,1,初回,2016-12-15 04:12:24.502000,116.43300,1.00
2016-12-01,2016-12-31,20260209_053901,20260209_053901-0008,1,初回,2016-12-20 04:09:20.585000,117.37100,1.00
2016-12-01,2016-12-31,20260209_053901,20260209_053901-0009,1,初回,2016-12-31 00:57:42.091000,116.44400,1.00
2017-01-01,2017-01-31,20260209_054005,20260209_054005-0001,1,初回,2017-01-04 03:01:54.985000,117.25200,1.00
2017-01-01,2017-01-31,20260209_054005,20260209_054005-0002,1,初回,2017-01-04 03:01:54.879000,117.26100,1.00
2017-01-01,2017-01-31,20260209_054005,20260209_054005-0003,1,初回,2017-01-04 23:56:31.625000,117.13600,1.00
2017-01-01,2017-01-31,20260209_054005,20260209_054005-0004,1,初回,2017-01-05 15:59:16.014000,115.61800,1.00
2017-01-01,2017-01-31,20260209_054005,20260209_054005-0005,1,初回,2017-01-06 22:30:06.238000,115.79000,1.00
2017-01-01,2017-01-31,20260209_054005,20260209_054005-0006,1,初回,2017-01-06 22:30:06.341000,115.75900,1.00
2017-01-01,2017-01-31,20260209_054005,20260209_054005-0007,1,初回,2017-01-06 22:32:09.009000,116.36600,1.00
2017-01-01,2017-01-31,20260209_054005,20260209_054005-0008,1,初回,2017-01-12 01:22:10.451000,116.84200,1.00
2017-01-01,2017-01-31,20260209_054005,20260209_054005-0009,1,初回,2017-01-12 02:40:23.453000,115.65500,1.00
2017-01-01,2017-01-31,20260209_054005,20260209_054005-0010,1,初回,2017-01-12 03:01:53.121000,115.28600,1.00
2017-01-01,2017-01-31,20260209_054005,20260209_054005-0011,1,初回,2017-01-12 03:11:06.211000,114.28600,1.00
2017-01-01,2017-01-31,20260209_054005,20260209_054005-0012,1,初回,2017-01-12 21:44:59.618000,113.96000,1.00
2017-01-01,2017-01-31,20260209_054005,20260209_054005-0013,1,初回,2017-01-13 22:30:02.048000,114.17800,1.00
2017-01-01,2017-01-31,20260209_054005,20260209_054005-0014,1,初回,2017-01-16 15:39:29.395000,113.63500,1.00
2017-01-01,2017-01-31,20260209_054005,20260209_054005-0015,1,初回,2017-01-18 22:30:21.681000,113.63500,1.00
2017-01-01,2017-01-31,20260209_054005,20260209_054005-0016,1,初回,2017-01-20 00:55:55.844000,115.50100,1.00
2017-01-01,2017-01-31,20260209_054005,20260209_054005-0017,1,初回,2017-01-23 14:55:41.958000,113.37300,1.00
2017-01-01,2017-01-31,20260209_054005,20260209_054005-0018,1,初回,2017-01-27 22:47:02.770000,115.35500,1.00
2017-01-01,2017-01-31,20260209_054005,20260209_054005-0019,1,初回,2017-01-27 22:47:02.288000,115.34900,1.00
2017-01-01,2017-01-31,20260209_054005,20260209_054005-0020,1,初回,2017-01-31 23:28:38.330000,112.87000,1.00
2017-02-01,2017-02-28,20260209_054057,20260209_054057-0001,1,初回,2017-02-01 22:15:00.528000,113.50200,1.00
2017-02-01,2017-02-28,20260209_054057,20260209_054057-0002,1,初回,2017-02-03 22:30:01.625000,113.30800,1.00
2017-02-01,2017-02-28,20260209_054057,20260209_054057-0003,1,初回,2017-02-03 22:30:03.516000,113.45000,1.00
2017-02-01,2017-02-28,20260209_054057,20260209_054057-0004,1,初回,2017-02-03 22:30:49.240000,112.61800,1.00
2017-02-01,2017-02-28,20260209_054057,20260209_054057-0005,1,初回,2017-02-09 23:56:03.084000,112.55100,1.00
2017-02-01,2017-02-28,20260209_054057,20260209_054057-0006,1,初回,2017-02-09 23:56:03.238000,112.55800,1.00
2017-02-01,2017-02-28,20260209_054057,20260209_054057-0007,1,初回,2017-02-11 03:35:12.301000,113.08800,1.00
2017-02-01,2017-02-28,20260209_054057,20260209_054057-0008,1,初回,2017-02-11 03:35:32.461000,112.89700,1.00
2017-02-01,2017-02-28,20260209_054057,20260209_054057-0009,1,初回,2017-02-15 22:30:00.438000,114.58200,1.00
2017-02-01,2017-02-28,20260209_054057,20260209_054057-0010,1,初回,2017-02-28 22:30:02.611000,112.14300,1.00
2017-03-01,2017-03-31,20260209_054146,20260209_054146-0001,1,初回,2017-03-02 00:00:00.567000,113.99200,1.00
2017-03-01,2017-03-31,20260209_054146,20260209_054146-0002,1,初回,2017-03-02 00:00:01.202000,114.03200,1.00
2017-03-01,2017-03-31,20260209_054146,20260209_054146-0003,1,初回,2017-03-04 03:00:05.001000,114.66200,1.00
2017-03-01,2017-03-31,20260209_054146,20260209_054146-0004,1,初回,2017-03-04 03:00:07.201000,114.72000,1.00
2017-03-01,2017-03-31,20260209_054146,20260209_054146-0005,1,初回,2017-03-10 23:58:44.064000,114.87000,1.00
2017-03-01,2017-03-31,20260209_054146,20260209_054146-0006,1,初回,2017-03-16 03:00:10.055000,114.37200,1.00
2017-03-01,2017-03-31,20260209_054146,20260209_054146-0007,1,初回,2017-03-16 03:01:02.158000,113.68300,1.00
2017-03-01,2017-03-31,20260209_054146,20260209_054146-0008,1,初回,2017-03-16 03:47:19.277000,113.35900,1.00
2017-03-01,2017-03-31,20260209_054146,20260209_054146-0009,1,初回,2017-03-24 02:12:26.329000,110.89900,1.00
2017-03-01,2017-03-31,20260209_054146,20260209_054146-0010,1,初回,2017-03-31 03:23:07.373000,111.63700,1.00
2017-04-01,2017-04-30,20260209_054228,20260209_054228-0001,1,初回,2017-04-05 21:15:00.453000,111.07800,1.00
2017-04-01,2017-04-30,20260209_054228,20260209_054228-0002,1,初回,2017-04-06 03:00:06.970000,111.42400,1.00
2017-04-01,2017-04-30,20260209_054228,20260209_054228-0003,1,初回,2017-04-06 03:00:06.006000,111.41900,1.00
2017-04-01,2017-04-30,20260209_054228,20260209_054228-0004,1,初回,2017-04-07 21:30:10.055000,110.16800,1.00
2017-04-01,2017-04-30,20260209_054228,20260209_054228-0005,1,初回,2017-04-07 21:30:05.377000,110.18100,1.00
2017-04-01,2017-04-30,20260209_054228,20260209_054228-0006,1,初回,2017-04-07 21:30:08.355000,110.17200,1.00
2017-04-01,2017-04-30,20260209_054228,20260209_054228-0007,1,初回,2017-04-26 22:01:36.218000,111.22400,1.00
2017-04-01,2017-04-30,20260209_054228,20260209_054228-0008,1,初回,2017-04-28 21:30:15.102000,111.56900,1.00
2017-04-01,2017-04-30,20260209_054228,20260209_054228-0009,1,初回,2017-04-28 21:30:13.546000,111.57000,1.00
2017-05-01,2017-05-31,20260209_054310,20260209_054310-0001,1,初回,2017-05-04 03:00:13.203000,112.47600,1.00
2017-05-01,2017-05-31,20260209_054310,20260209_054310-0002,1,初回,2017-05-05 21:30:02.414000,112.72600,1.00
2017-05-01,2017-05-31,20260209_054310,20260209_054310-0003,1,初回,2017-05-05 21:30:02.869000,112.70100,1.00
2017-05-01,2017-05-31,20260209_054310,20260209_054310-0004,1,初回,2017-05-10 04:39:33.830000,113.80400,1.00
2017-05-01,2017-05-31,20260209_054310,20260209_054310-0005,1,初回,2017-05-11 02:32:49.747000,114.34400,1.00
2017-06-01,2017-06-30,20260209_054352,20260209_054352-0001,1,初回,2017-06-01 21:15:00.267000,111.29700,1.00
2017-06-01,2017-06-30,20260209_054352,20260209_054352-0002,1,初回,2017-06-01 21:15:09.875000,111.41900,1.00
2017-06-01,2017-06-30,20260209_054352,20260209_054352-0003,1,初回,2017-06-02 21:30:01.763000,111.27300,1.00
2017-06-01,2017-06-30,20260209_054352,20260209_054352-0004,1,初回,2017-06-14 21:30:09.571000,109.93800,1.00
2017-06-01,2017-06-30,20260209_054352,20260209_054352-0005,1,初回,2017-06-15 03:00:02.567000,108.94600,1.00
2017-06-01,2017-06-30,20260209_054352,20260209_054352-0006,1,初回,2017-06-15 03:00:04.737000,108.84900,1.00
2017-06-01,2017-06-30,20260209_054352,20260209_054352-0007,1,初回,2017-06-26 17:01:14.875000,111.59900,1.00
2017-06-01,2017-06-30,20260209_054352,20260209_054352-0008,1,初回,2017-06-27 03:26:44.408000,111.90200,1.00
2017-06-01,2017-06-30,20260209_054352,20260209_054352-0009,1,初回,2017-06-30 01:59:34.429000,111.93000,1.00
2017-06-01,2017-06-30,20260209_054352,20260209_054352-0010,1,初回,2017-06-30 22:42:03.144000,112.23400,1.00
2017-07-01,2017-07-31,20260209_054430,20260209_054430-0001,1,初回,2017-07-04 15:30:57.632000,112.77000,1.00
2017-07-01,2017-07-31,20260209_054430,20260209_054430-0002,1,初回,2017-07-07 21:30:05.990000,113.81400,1.00
2017-07-01,2017-07-31,20260209_054430,20260209_054430-0003,1,初回,2017-07-12 21:30:10.933000,113.68800,1.00
2017-07-01,2017-07-31,20260209_054430,20260209_054430-0004,1,初回,2017-07-14 21:30:01.979000,112.84900,1.00
2017-07-01,2017-07-31,20260209_054430,20260209_054430-0005,1,初回,2017-07-18 21:38:41.501000,111.99700,1.00
2017-07-01,2017-07-31,20260209_054430,20260209_054430-0006,1,初回,2017-07-20 23:31:24.081000,111.93000,1.00
2017-07-01,2017-07-31,20260209_054430,20260209_054430-0007,1,初回,2017-07-27 03:00:12.393000,112.18800,1.00
2017-07-01,2017-07-31,20260209_054430,20260209_054430-0008,1,初回,2017-07-27 03:00:12.208000,112.17100,1.00
2017-07-01,2017-07-31,20260209_054430,20260209_054430-0009,1,初回,2017-07-27 03:00:10.103000,112.16800,1.00
2017-07-01,2017-07-31,20260209_054430,20260209_054430-0010,1,初回,2017-07-27 21:30:09.804000,111.42300,1.00
2017-07-01,2017-07-31,20260209_054430,20260209_054430-0011,1,初回,2017-07-29 00:07:33.766000,110.82100,1.00
2017-08-01,2017-08-31,20260209_054519,20260209_054519-0001,1,初回,2017-08-01 23:20:28.048000,109.95600,1.00
2017-08-01,2017-08-31,20260209_054519,20260209_054519-0002,1,初回,2017-08-03 20:37:04.933000,110.36300,1.00
2017-08-01,2017-08-31,20260209_054519,20260209_054519-0003,1,初回,2017-08-03 23:00:00.259000,110.26000,1.00
2017-08-01,2017-08-31,20260209_054519,20260209_054519-0004,1,初回,2017-08-10 02:01:46.734000,110.07100,1.00
2017-08-01,2017-08-31,20260209_054519,20260209_054519-0005,1,初回,2017-08-11 21:30:01.486000,108.93700,1.00
2017-08-01,2017-08-31,20260209_054519,20260209_054519-0006,1,初回,2017-08-11 21:30:13.277000,108.76800,1.00
2017-08-01,2017-08-31,20260209_054519,20260209_054519-0007,1,初回,2017-08-25 22:41:25.853000,109.74700,1.00
2017-08-01,2017-08-31,20260209_054519,20260209_054519-0008,1,初回,2017-08-25 22:41:27.444000,109.74700,1.00
2017-09-01,2017-09-30,20260209_054557,20260209_054557-0001,1,初回,2017-09-01 21:30:01.640000,109.82000,1.00
2017-09-01,2017-09-30,20260209_054557,20260209_054557-0002,1,初回,2017-09-01 21:30:16.342000,109.60100,1.00
2017-09-01,2017-09-30,20260209_054557,20260209_054557-0003,1,初回,2017-09-01 23:00:00.271000,110.35000,1.00
2017-09-01,2017-09-30,20260209_054557,20260209_054557-0004,1,初回,2017-09-01 23:00:06.418000,110.48800,1.00
2017-09-01,2017-09-30,20260209_054557,20260209_054557-0005,1,初回,2017-09-04 15:02:43.784000,109.53200,1.00
2017-09-01,2017-09-30,20260209_054557,20260209_054557-0006,1,初回,2017-09-05 11:18:20.044000,109.28900,1.00
2017-09-01,2017-09-30,20260209_054557,20260209_054557-0007,1,初回,2017-09-14 02:03:21.314000,110.66300,1.00
2017-09-01,2017-09-30,20260209_054557,20260209_054557-0008,1,初回,2017-09-14 21:30:01.597000,110.72900,1.00
2017-09-01,2017-09-30,20260209_054557,20260209_054557-0009,1,初回,2017-09-18 15:43:27.428000,111.38200,1.00
2017-09-01,2017-09-30,20260209_054557,20260209_054557-0010,1,初回,2017-09-19 22:16:33.756000,111.28200,1.00
2017-09-01,2017-09-30,20260209_054557,20260209_054557-0011,1,初回,2017-09-19 23:20:07.939000,111.23500,1.00
2017-09-01,2017-09-30,20260209_054557,20260209_054557-0012,1,初回,2017-09-21 03:00:01.698000,111.51600,1.00
2017-09-01,2017-09-30,20260209_054557,20260209_054557-0013,1,初回,2017-09-21 03:00:11.968000,111.12200,1.00
2017-09-01,2017-09-30,20260209_054557,20260209_054557-0014,1,初回,2017-09-25 23:50:48.133000,111.98000,1.00
2017-09-01,2017-09-30,20260209_054557,20260209_054557-0015,1,初回,2017-09-25 23:52:28.111000,111.88500,1.00
2017-09-01,2017-09-30,20260209_054557,20260209_054557-0016,1,初回,2017-09-29 21:30:06.024000,112.34800,1.00
2017-10-01,2017-10-31,20260209_054634,20260209_054634-0001,1,初回,2017-10-04 23:00:01.673000,112.87000,1.00
2017-10-01,2017-10-31,20260209_054634,20260209_054634-0002,1,初回,2017-10-04 23:00:01.335000,112.86100,1.00
2017-10-01,2017-10-31,20260209_054634,20260209_054634-0003,1,初回,2017-10-06 21:30:01.659000,113.07400,1.00
2017-10-01,2017-10-31,20260209_054634,20260209_054634-0004,1,初回,2017-10-06 21:30:09.903000,113.18600,1.00
2017-10-01,2017-10-31,20260209_054634,20260209_054634-0005,1,初回,2017-10-06 21:30:07.472000,113.18300,1.00
2017-10-01,2017-10-31,20260209_054634,20260209_054634-0006,1,初回,2017-10-13 21:30:10.082000,111.89500,1.00
2017-10-01,2017-10-31,20260209_054634,20260209_054634-0007,1,初回,2017-10-17 03:14:13.528000,112.02900,1.00
2017-10-01,2017-10-31,20260209_054634,20260209_054634-0008,1,初回,2017-10-17 03:14:34.980000,112.18700,1.00
2017-10-01,2017-10-31,20260209_054634,20260209_054634-0009,1,初回,2017-10-26 21:04:00.134000,113.86100,1.00
2017-10-01,2017-10-31,20260209_054634,20260209_054634-0010,1,初回,2017-10-27 21:30:01.553000,114.32300,1.00
2017-11-01,2017-11-30,20260209_054709,20260209_054709-0001,1,初回,2017-11-03 21:30:01.695000,113.73100,1.00
2017-11-01,2017-11-30,20260209_054709,20260209_054709-0002,1,初回,2017-11-03 21:30:02.577000,113.66400,1.00
2017-11-01,2017-11-30,20260209_054709,20260209_054709-0003,1,初回,2017-11-28 01:14:15.067000,110.91700,1.00
2017-12-01,2017-12-31,20260209_054746,20260209_054746-0001,1,初回,2017-12-02 01:08:51.646000,112.32000,1.00
2017-12-01,2017-12-31,20260209_054746,20260209_054746-0002,1,初回,2017-12-02 01:25:10.570000,111.70600,1.00
2017-12-01,2017-12-31,20260209_054746,20260209_054746-0003,1,初回,2017-12-13 22:30:03.727000,113.16400,1.00
2017-12-01,2017-12-31,20260209_054746,20260209_054746-0004,1,初回,2017-12-13 22:30:04.800000,113.15600,1.00
2018-01-01,2018-01-31,20260209_054821,20260209_054821-0001,1,初回,2018-01-04 22:15:08.375000,112.74900,1.00
2018-01-01,2018-01-31,20260209_054821,20260209_054821-0002,1,初回,2018-01-04 22:15:00.431000,112.75700,1.00
2018-01-01,2018-01-31,20260209_054821,20260209_054821-0003,1,初回,2018-01-04 22:15:00.494000,112.76400,1.00
2018-01-01,2018-01-31,20260209_054821,20260209_054821-0004,1,初回,2018-01-12 22:30:01.921000,111.42900,1.00
2018-01-01,2018-01-31,20260209_054821,20260209_054821-0005,1,初回,2018-01-23 12:15:09.228000,110.69800,1.00
2018-01-01,2018-01-31,20260209_054821,20260209_054821-0006,1,初回,2018-01-23 12:15:19.962000,110.58000,1.00
2018-01-01,2018-01-31,20260209_054821,20260209_054821-0007,1,初回,2018-01-27 04:24:57.408000,109.05200,1.00
2018-02-01,2018-02-28,20260209_054904,20260209_054904-0001,1,初回,2018-02-09 22:45:49.024000,109.22400,1.00
2018-02-01,2018-02-28,20260209_054904,20260209_054904-0002,1,初回,2018-02-10 01:56:20.069000,108.43600,1.00
2018-02-01,2018-02-28,20260209_054904,20260209_054904-0003,1,初回,2018-02-10 02:43:39.983000,108.17900,1.00
2018-02-01,2018-02-28,20260209_054904,20260209_054904-0004,1,初回,2018-02-14 22:30:01.916000,107.49400,1.00
2018-02-01,2018-02-28,20260209_054904,20260209_054904-0005,1,初回,2018-02-14 22:30:02.242000,107.52400,1.00
2018-02-01,2018-02-28,20260209_054904,20260209_054904-0006,1,初回,2018-02-15 11:35:49.560000,106.33000,1.00
2018-03-01,2018-03-31,20260209_054950,20260209_054950-0001,1,初回,2018-03-20 18:09:33.381000,106.11300,1.00
2018-03-01,2018-03-31,20260209_054950,20260209_054950-0002,1,初回,2018-03-21 20:43:28.874000,106.12300,1.00
2018-03-01,2018-03-31,20260209_054950,20260209_054950-0003,1,初回,2018-03-22 03:00:24.038000,106.05600,1.00
2018-03-01,2018-03-31,20260209_054950,20260209_054950-0004,1,初回,2018-03-22 03:01:16.466000,106.39900,1.00
2018-03-01,2018-03-31,20260209_054950,20260209_054950-0005,1,初回,2018-03-27 23:09:22.915000,105.67100,1.00
2018-04-01,2018-04-30,20260209_055024,20260209_055024-0001,1,初回,2018-04-27 23:38:10.223000,108.97400,1.00
2018-05-01,2018-05-31,20260209_055101,20260209_055101-0001,1,初回,2018-05-10 21:30:07.091000,109.33600,1.00
2018-06-01,2018-06-30,20260209_055141,20260209_055141-0001,1,初回,2018-06-26 04:37:56.078000,109.91900,1.00
2018-06-01,2018-06-30,20260209_055141,20260209_055141-0002,1,初回,2018-06-26 04:37:58.181000,110.02500,1.00
2018-06-01,2018-06-30,20260209_055141,20260209_055141-0003,1,初回,2018-06-27 20:45:11.651000,110.17800,1.00
2018-06-01,2018-06-30,20260209_055141,20260209_055141-0004,1,初回,2018-06-27 20:45:11.862000,110.18400,1.00
2018-06-01,2018-06-30,20260209_055141,20260209_055141-0005,1,初回,2018-06-27 20:45:12.839000,110.18900,1.00
2018-06-01,2018-06-30,20260209_055141,20260209_055141-0006,1,初回,2018-06-27 20:45:24.962000,110.32300,1.00
2018-07-01,2018-07-31,20260209_055219,20260209_055219-0001,1,初回,2018-07-03 21:09:17.811000,110.59600,1.00
2018-07-01,2018-07-31,20260209_055219,20260209_055219-0002,1,初回,2018-07-03 21:09:17.758000,110.60900,1.00
2018-07-01,2018-07-31,20260209_055219,20260209_055219-0003,1,初回,2018-07-06 21:30:01.630000,110.53800,1.00
2018-07-01,2018-07-31,20260209_055219,20260209_055219-0004,1,初回,2018-07-06 21:30:11.247000,110.47800,1.00
2018-07-01,2018-07-31,20260209_055219,20260209_055219-0005,1,初回,2018-07-20 02:02:27.568000,112.69100,1.00
2018-07-01,2018-07-31,20260209_055219,20260209_055219-0006,1,初回,2018-07-20 02:19:47.020000,112.06500,1.00
2018-07-01,2018-07-31,20260209_055219,20260209_055219-0007,1,初回,2018-07-20 23:00:06.568000,111.60100,1.00
2018-07-01,2018-07-31,20260209_055219,20260209_055219-0008,1,初回,2018-07-25 23:42:38.203000,110.96800,1.00
2018-07-01,2018-07-31,20260209_055219,20260209_055219-0009,1,初回,2018-07-25 23:42:40.018000,110.88600,1.00
2018-07-01,2018-07-31,20260209_055219,20260209_055219-0010,1,初回,2018-07-25 23:42:40.580000,110.83600,1.00
2018-07-01,2018-07-31,20260209_055219,20260209_055219-0011,1,初回,2018-07-31 13:03:07.237000,111.25000,1.00
2018-07-01,2018-07-31,20260209_055219,20260209_055219-0012,1,初回,2018-07-31 13:03:11.031000,111.20300,1.00
2018-07-01,2018-07-31,20260209_055219,20260209_055219-0013,1,初回,2018-07-31 13:03:25.822000,110.83100,1.00
2018-07-01,2018-07-31,20260209_055219,20260209_055219-0014,1,初回,2018-07-31 13:03:26.767000,110.81200,1.00
2018-07-01,2018-07-31,20260209_055219,20260209_055219-0015,1,初回,2018-07-31 13:03:26.987000,110.77100,1.00
2018-07-01,2018-07-31,20260209_055219,20260209_055219-0016,1,初回,2018-07-31 13:06:24.521000,111.35400,1.00
2018-07-01,2018-07-31,20260209_055219,20260209_055219-0017,1,初回,2018-07-31 13:08:48.276000,111.42400,1.00
2018-07-01,2018-07-31,20260209_055219,20260209_055219-0018,1,初回,2018-07-31 13:08:46.899000,111.40700,1.00
2018-07-01,2018-07-31,20260209_055219,20260209_055219-0019,1,初回,2018-07-31 22:24:31.406000,111.89000,1.00
2018-08-01,2018-08-31,20260209_055256,20260209_055256-0001,1,初回,2018-08-21 00:53:13.291000,110.33900,1.00
2018-08-01,2018-08-31,20260209_055256,20260209_055256-0002,1,初回,2018-08-21 00:53:17.772000,110.30200,1.00
2018-08-01,2018-08-31,20260209_055256,20260209_055256-0003,1,初回,2018-08-21 04:50:16.209000,110.13600,1.00
2018-09-01,2018-09-30,20260209_055321,20260209_055321-0001,1,初回,2018-09-15 01:00:44.207000,111.87700,1.00
2018-09-01,2018-09-30,20260209_055321,20260209_055321-0002,1,初回,2018-09-24 23:38:09.554000,112.46000,1.00
2019-01-01,2019-01-31,20260209_055622,20260209_055622-0001,1,初回,2019-01-03 22:15:09.764000,107.81800,1.00
2019-01-01,2019-01-31,20260209_055622,20260209_055622-0002,1,初回,2019-01-04 00:00:00.807000,107.53900,1.00
2019-01-01,2019-01-31,20260209_055622,20260209_055622-0003,1,初回,2019-01-04 00:00:02.003000,107.46400,1.00
2019-01-01,2019-01-31,20260209_055622,20260209_055622-0004,1,初回,2019-01-04 22:30:15.980000,108.43000,1.00
2019-01-01,2019-01-31,20260209_055622,20260209_055622-0005,1,初回,2019-01-04 22:30:10.401000,108.42100,1.00
2019-02-01,2019-02-28,20260209_055655,20260209_055655-0001,1,初回,2019-02-01 22:30:02.621000,109.05800,1.00
2019-02-01,2019-02-28,20260209_055655,20260209_055655-0002,1,初回,2019-02-21 22:30:28.658000,110.59900,1.00
2019-03-01,2019-03-31,20260209_055733,20260209_055733-0001,1,初回,2019-03-08 22:30:02.325000,110.96400,1.00
2019-03-01,2019-03-31,20260209_055733,20260209_055733-0002,1,初回,2019-03-08 22:30:39.976000,110.78800,1.00
2019-03-01,2019-03-31,20260209_055733,20260209_055733-0003,1,初回,2019-03-21 03:00:01.232000,111.33700,1.00
2019-03-01,2019-03-31,20260209_055733,20260209_055733-0004,1,初回,2019-03-26 18:29:22.072000,110.39400,1.00
2019-04-01,2019-04-30,20260209_055803,20260209_055803-0001,1,初回,2019-04-05 21:30:01.463000,111.58200,1.00
2019-04-01,2019-04-30,20260209_055803,20260209_055803-0002,1,初回,2019-04-25 23:30:51.075000,111.38800,1.00
2019-04-01,2019-04-30,20260209_055803,20260209_055803-0003,1,初回,2019-04-26 21:30:05.247000,112.00200,1.00
2019-04-01,2019-04-30,20260209_055803,20260209_055803-0004,1,初回,2019-04-26 21:30:03.797000,111.99700,1.00
2019-05-01,2019-05-31,20260209_055848,20260209_055848-0001,1,初回,2019-05-01 23:00:00.161000,111.24800,1.00
2019-05-01,2019-05-31,20260209_055848,20260209_055848-0002,1,初回,2019-05-01 23:00:02.145000,111.16300,1.00
2019-05-01,2019-05-31,20260209_055848,20260209_055848-0003,1,初回,2019-05-03 21:30:01.769000,111.65600,1.00
2019-05-01,2019-05-31,20260209_055848,20260209_055848-0004,1,初回,2019-05-03 21:30:01.921000,111.66900,1.00
2019-05-01,2019-05-31,20260209_055848,20260209_055848-0005,1,初回,2019-05-03 21:30:07.887000,111.63800,1.00
2019-05-01,2019-05-31,20260209_055848,20260209_055848-0006,1,初回,2019-05-09 00:33:43.663000,109.99600,1.00
2019-05-01,2019-05-31,20260209_055848,20260209_055848-0007,1,初回,2019-05-18 02:16:44.358000,110.18100,1.00
2019-07-01,2019-07-31,20260209_060005,20260209_060005-0001,1,初回,2019-07-05 21:30:01.516000,108.19200,1.00
2019-07-01,2019-07-31,20260209_060005,20260209_060005-0002,1,初回,2019-07-10 21:30:08.722000,108.83900,1.00
2019-08-01,2019-08-31,20260209_060120,20260209_060120-0001,1,初回,2019-08-06 13:07:00.418000,107.06400,1.00
2019-08-01,2019-08-31,20260209_060120,20260209_060120-0002,1,初回,2019-08-13 22:46:20.522000,105.82400,1.00
2019-08-01,2019-08-31,20260209_060120,20260209_060120-0003,1,初回,2019-08-13 22:55:43.934000,106.35300,1.00
2019-08-01,2019-08-31,20260209_060120,20260209_060120-0004,1,初回,2019-08-15 15:39:02.503000,106.64500,1.00
2019-08-01,2019-08-31,20260209_060120,20260209_060120-0005,1,初回,2019-08-15 15:39:05.325000,106.75100,1.00
2019-08-01,2019-08-31,20260209_060120,20260209_060120-0006,1,初回,2019-08-15 20:29:52.773000,106.31200,1.00
2019-08-01,2019-08-31,20260209_060120,20260209_060120-0007,1,初回,2019-08-15 21:02:03.393000,106.31800,1.00
2019-08-01,2019-08-31,20260209_060120,20260209_060120-0008,1,初回,2019-08-26 11:49:04.360000,105.47300,1.00
2019-08-01,2019-08-31,20260209_060120,20260209_060120-0009,1,初回,2019-08-26 11:49:55.531000,105.77500,1.00
2019-08-01,2019-08-31,20260209_060120,20260209_060120-0010,1,初回,2019-08-26 16:02:15.900000,105.93600,1.00
2019-08-01,2019-08-31,20260209_060120,20260209_060120-0011,1,初回,2019-08-26 21:57:22.590000,106.38400,1.00
2019-09-01,2019-09-30,20260209_060204,20260209_060204-0001,1,初回,2019-09-05 23:00:00.247000,106.94800,1.00
2019-09-01,2019-09-30,20260209_060204,20260209_060204-0002,1,初回,2019-09-06 21:30:01.834000,106.82000,1.00
2019-09-01,2019-09-30,20260209_060204,20260209_060204-0003,1,初回,2019-09-06 21:30:04.546000,106.74200,1.00
2019-09-01,2019-09-30,20260209_060204,20260209_060204-0004,1,初回,2019-09-12 23:10:58.684000,108.06300,1.00
2019-09-01,2019-09-30,20260209_060204,20260209_060204-0005,1,初回,2019-09-19 03:00:01.183000,108.26500,1.00
2019-09-01,2019-09-30,20260209_060204,20260209_060204-0006,1,初回,2019-09-19 11:49:11.510000,108.03100,1.00
2019-10-01,2019-10-31,20260209_060252,20260209_060252-0001,1,初回,2019-10-03 23:00:00.565000,106.91200,1.00
2019-10-01,2019-10-31,20260209_060252,20260209_060252-0002,1,初回,2019-10-04 02:24:53.936000,106.91700,1.00
2019-10-01,2019-10-31,20260209_060252,20260209_060252-0003,1,初回,2019-10-04 21:30:01.537000,106.58700,1.00
2019-10-01,2019-10-31,20260209_060252,20260209_060252-0004,1,初回,2019-10-08 20:00:14.425000,106.83900,1.00
2019-11-01,2019-11-30,20260209_060326,20260209_060326-0001,1,初回,2019-11-01 23:00:08.387000,107.95800,1.00
2019-12-01,2019-12-31,20260209_060355,20260209_060355-0001,1,初回,2019-12-03 23:48:17.491000,108.53900,1.00
2020-01-01,2020-01-31,20260209_060426,20260209_060426-0001,1,初回,2020-01-08 19:56:10.033000,108.73300,1.00
2020-02-01,2020-02-29,20260209_060518,20260209_060518-0001,1,初回,2020-02-07 22:30:08.206000,109.99200,1.00
2020-02-01,2020-02-29,20260209_060518,20260209_060518-0002,1,初回,2020-02-07 22:30:10.101000,109.99100,1.00
2020-03-01,2020-03-31,20260209_060739,20260209_060739-0001,1,初回,2020-03-07 00:27:43.550000,105.71600,1.00
2020-03-01,2020-03-31,20260209_060739,20260209_060739-0002,1,初回,2020-03-09 22:36:48.081000,101.59200,1.00
2020-03-01,2020-03-31,20260209_060739,20260209_060739-0003,1,初回,2020-03-10 01:33:27.771000,102.17000,1.00
2020-03-01,2020-03-31,20260209_060739,20260209_060739-0004,1,初回,2020-03-10 14:08:44.265000,104.56600,1.00
2020-03-01,2020-03-31,20260209_060739,20260209_060739-0005,1,初回,2020-03-12 11:05:12.257000,103.11900,1.00
2020-03-01,2020-03-31,20260209_060739,20260209_060739-0006,1,初回,2020-03-12 16:11:14.467000,103.91400,1.00
2020-03-01,2020-03-31,20260209_060739,20260209_060739-0007,1,初回,2020-03-12 21:33:15.416000,104.18600,1.00
2020-03-01,2020-03-31,20260209_060739,20260209_060739-0008,1,初回,2020-03-12 23:05:18.546000,104.95300,1.00
2020-03-01,2020-03-31,20260209_060739,20260209_060739-0009,1,初回,2020-03-12 23:13:51.268000,105.10800,1.00
2020-03-01,2020-03-31,20260209_060739,20260209_060739-0010,1,初回,2020-03-12 23:19:54.956000,105.47200,1.00
2020-03-01,2020-03-31,20260209_060739,20260209_060739-0011,1,初回,2020-03-13 02:05:13.541000,105.82200,1.00
2020-03-01,2020-03-31,20260209_060739,20260209_060739-0012,1,初回,2020-03-13 02:05:13.643000,105.82300,1.00
2020-03-01,2020-03-31,20260209_060739,20260209_060739-0013,1,初回,2020-03-13 02:05:55.437000,106.07900,1.00
2020-03-01,2020-03-31,20260209_060739,20260209_060739-0014,1,初回,2020-03-13 17:26:30.617000,106.19700,1.00
2020-03-01,2020-03-31,20260209_060739,20260209_060739-0015,1,初回,2020-03-17 23:41:13.681000,107.25800,1.00
2020-03-01,2020-03-31,20260209_060739,20260209_060739-0016,1,初回,2020-03-19 11:13:21.721000,109.47500,1.00
2020-03-01,2020-03-31,20260209_060739,20260209_060739-0017,1,初回,2020-03-20 01:26:53.609000,110.15800,1.00
2020-03-01,2020-03-31,20260209_060739,20260209_060739-0018,1,初回,2020-03-31 21:30:31.725000,108.29600,1.00
2020-03-01,2020-03-31,20260209_060739,20260209_060739-0019,1,初回,2020-03-31 23:55:39.448000,107.91100,1.00
2020-04-01,2020-04-30,20260209_060837,20260209_060837-0001,1,初回,2020-04-30 23:50:26.693000,107.03700,1.00
2020-05-01,2020-05-31,20260209_060914,20260209_060914-0001,1,初回,2020-05-19 17:30:21.574000,107.49700,1.00
2020-06-01,2020-06-30,20260209_060955,20260209_060955-0001,1,初回,2020-06-08 23:37:03.955000,108.48600,1.00
2020-06-01,2020-06-30,20260209_060955,20260209_060955-0002,1,初回,2020-06-18 23:33:32.275000,106.74100,1.00
2020-08-01,2020-08-31,20260209_061110,20260209_061110-0001,1,初回,2020-08-28 14:07:36.379000,106.39400,1.00
2020-09-01,2020-09-30,20260209_061143,20260209_061143-0001,1,初回,2020-09-04 21:30:18.134000,106.41000,1.00
2020-09-01,2020-09-30,20260209_061143,20260209_061143-0002,1,初回,2020-09-21 22:34:09.201000,104.84100,1.00
2020-09-01,2020-09-30,20260209_061143,20260209_061143-0003,1,初回,2020-09-21 22:34:09.818000,104.88600,1.00
2020-11-01,2020-11-30,20260209_061252,20260209_061252-0001,1,初回,2020-11-09 21:45:19.979000,104.59200,1.00
2020-11-01,2020-11-30,20260209_061252,20260209_061252-0002,1,初回,2020-11-16 20:58:07.244000,105.10600,1.00
2020-12-01,2020-12-31,20260209_061328,20260209_061328-0001,1,初回,2020-12-04 22:30:09.522000,103.85900,1.00
2021-03-01,2021-03-31,20260209_061459,20260209_061459-0001,1,初回,2021-03-05 20:33:10.089000,108.26100,1.00
2021-03-01,2021-03-31,20260209_061459,20260209_061459-0002,1,初回,2021-03-05 22:30:13.741000,108.52600,1.00
2021-04-01,2021-04-30,20260209_061524,20260209_061524-0001,1,初回,2021-04-13 21:30:03.534000,109.57700,1.00
2021-05-01,2021-05-31,20260209_061553,20260209_061553-0001,1,初回,2021-05-07 21:30:09.008000,108.97500,1.00
2021-05-01,2021-05-31,20260209_061553,20260209_061553-0002,1,初回,2021-05-07 21:30:11.428000,108.93400,1.00
2021-05-01,2021-05-31,20260209_061553,20260209_061553-0003,1,初回,2021-05-07 21:30:12.652000,108.93100,1.00
2021-05-01,2021-05-31,20260209_061553,20260209_061553-0004,1,初回,2021-05-12 21:30:01.592000,108.94600,1.00
2021-05-01,2021-05-31,20260209_061553,20260209_061553-0005,1,初回,2021-05-12 21:30:01.744000,108.95800,1.00
2021-05-01,2021-05-31,20260209_061553,20260209_061553-0006,1,初回,2021-05-12 21:30:01.946000,108.95900,1.00
2021-07-01,2021-07-31,20260209_061650,20260209_061650-0001,1,初回,2021-07-13 21:30:02.023000,110.42000,1.00
2021-08-01,2021-08-31,20260209_061718,20260209_061718-0001,1,初回,2021-08-11 21:30:01.167000,110.59100,1.00
2021-08-01,2021-08-31,20260209_061718,20260209_061718-0002,1,初回,2021-08-11 21:30:02.742000,110.43200,1.00
2021-09-01,2021-09-30,20260209_061747,20260209_061747-0001,1,初回,2021-09-03 21:30:01.213000,109.82200,1.00
2021-09-01,2021-09-30,20260209_061747,20260209_061747-0002,1,初回,2021-09-03 21:30:07.489000,109.66200,1.00
2021-09-01,2021-09-30,20260209_061747,20260209_061747-0003,1,初回,2021-09-23 03:36:45.626000,109.67600,1.00
2022-01-01,2022-01-31,20260209_062013,20260209_062013-0001,1,初回,2022-01-04 11:56:34.257000,115.60300,1.00
2022-01-01,2022-01-31,20260209_062013,20260209_062013-0002,1,初回,2022-01-07 22:30:01.949000,115.72500,1.00
2022-01-01,2022-01-31,20260209_062013,20260209_062013-0003,1,初回,2022-01-13 04:39:21.507000,114.40900,1.00
2022-02-01,2022-02-28,20260209_062055,20260209_062055-0001,1,初回,2022-02-21 17:35:12.740000,114.84300,1.00
2022-03-01,2022-03-31,20260209_062143,20260209_062143-0001,1,初回,2022-03-09 23:13:44.165000,115.59000,1.00
2022-03-01,2022-03-31,20260209_062143,20260209_062143-0002,1,初回,2022-03-22 20:38:11.465000,120.61400,1.00
2022-03-01,2022-03-31,20260209_062143,20260209_062143-0003,1,初回,2022-03-28 17:51:00.478000,125.07000,1.00
2022-03-01,2022-03-31,20260209_062143,20260209_062143-0004,1,初回,2022-03-28 19:33:14.342000,123.70400,1.00
2022-03-01,2022-03-31,20260209_062143,20260209_062143-0005,1,初回,2022-03-29 23:02:16.662000,122.01300,1.00
2022-04-01,2022-04-30,20260209_062245,20260209_062245-0001,1,初回,2022-04-07 03:03:20.145000,123.48900,1.00
2022-04-01,2022-04-30,20260209_062245,20260209_062245-0002,1,初回,2022-04-13 15:29:34.124000,126.19500,1.00
2022-04-01,2022-04-30,20260209_062245,20260209_062245-0003,1,初回,2022-04-15 15:19:27.190000,126.65300,1.00
2022-04-01,2022-04-30,20260209_062245,20260209_062245-0004,1,初回,2022-04-22 13:21:13.062000,128.07000,1.00
2022-04-01,2022-04-30,20260209_062245,20260209_062245-0005,1,初回,2022-04-25 20:23:26.439000,128.47800,1.00
2022-04-01,2022-04-30,20260209_062245,20260209_062245-0006,1,初回,2022-04-28 12:09:10.852000,128.86900,1.00
2022-04-01,2022-04-30,20260209_062245,20260209_062245-0007,1,初回,2022-04-28 12:09:13.921000,128.86400,1.00
2022-04-01,2022-04-30,20260209_062245,20260209_062245-0008,1,初回,2022-04-28 12:10:45.719000,129.08000,1.00
2022-04-01,2022-04-30,20260209_062245,20260209_062245-0009,1,初回,2022-04-28 12:10:50.233000,129.14700,1.00
2022-04-01,2022-04-30,20260209_062245,20260209_062245-0010,1,初回,2022-04-29 23:55:59.529000,129.48400,1.00
2022-04-01,2022-04-30,20260209_062245,20260209_062245-0011,1,初回,2022-04-30 00:01:39.853000,129.40200,1.00
2022-05-01,2022-05-31,20260209_062352,20260209_062352-0001,1,初回,2022-05-05 03:01:00.933000,129.82100,1.00
2022-05-01,2022-05-31,20260209_062352,20260209_062352-0002,1,初回,2022-05-05 03:31:26.114000,130.17200,1.00
2022-05-01,2022-05-31,20260209_062352,20260209_062352-0003,1,初回,2022-05-05 03:31:21.150000,130.18400,1.00
2022-05-01,2022-05-31,20260209_062352,20260209_062352-0004,1,初回,2022-05-05 03:47:24.525000,129.64300,1.00
2022-05-01,2022-05-31,20260209_062352,20260209_062352-0005,1,初回,2022-05-09 15:53:03.476000,131.32300,1.00
2022-05-01,2022-05-31,20260209_062352,20260209_062352-0006,1,初回,2022-05-26 16:02:32.317000,126.69100,1.00
2022-06-01,2022-06-30,20260209_062510,20260209_062510-0001,1,初回,2022-06-02 21:15:01.442000,129.64800,1.00
2022-06-01,2022-06-30,20260209_062510,20260209_062510-0002,1,初回,2022-06-03 21:30:06.428000,130.23600,1.00
2022-06-01,2022-06-30,20260209_062510,20260209_062510-0003,1,初回,2022-06-13 13:09:46.341000,135.17100,1.00
2022-06-01,2022-06-30,20260209_062510,20260209_062510-0004,1,初回,2022-06-14 12:29:28.123000,134.78700,1.00
2022-06-01,2022-06-30,20260209_062510,20260209_062510-0005,1,初回,2022-06-16 03:00:19.471000,134.33700,1.00
2022-06-01,2022-06-30,20260209_062510,20260209_062510-0006,1,初回,2022-06-16 03:00:27.722000,134.33400,1.00
2022-06-01,2022-06-30,20260209_062510,20260209_062510-0007,1,初回,2022-06-16 03:00:19.522000,134.30800,1.00
2022-06-01,2022-06-30,20260209_062510,20260209_062510-0008,1,初回,2022-06-16 03:03:52.460000,134.80000,1.00
2022-06-01,2022-06-30,20260209_062510,20260209_062510-0009,1,初回,2022-06-16 03:04:31.764000,134.92600,1.00
2022-06-01,2022-06-30,20260209_062510,20260209_062510-0010,1,初回,2022-06-16 03:39:25.301000,134.05300,1.00
2022-06-01,2022-06-30,20260209_062510,20260209_062510-0011,1,初回,2022-06-17 11:43:25.602000,134.30100,1.00
2022-06-01,2022-06-30,20260209_062510,20260209_062510-0012,1,初回,2022-06-17 11:47:37.048000,134.61300,1.00
2022-06-01,2022-06-30,20260209_062510,20260209_062510-0013,1,初回,2022-06-17 11:58:19.465000,133.39000,1.00
2022-06-01,2022-06-30,20260209_062510,20260209_062510-0014,1,初回,2022-06-22 18:47:34.116000,135.84800,1.00
2022-06-01,2022-06-30,20260209_062510,20260209_062510-0015,1,初回,2022-06-24 23:00:01.453000,134.92400,1.00
2022-06-01,2022-06-30,20260209_062510,20260209_062510-0016,1,初回,2022-06-24 23:02:06.857000,134.75200,1.00
2022-06-01,2022-06-30,20260209_062510,20260209_062510-0017,1,初回,2022-06-29 16:45:19.022000,135.80900,1.00
2022-06-01,2022-06-30,20260209_062510,20260209_062510-0018,1,初回,2022-06-29 16:45:18.308000,135.81600,1.00
2022-07-01,2022-07-31,20260209_062620,20260209_062620-0001,1,初回,2022-07-06 23:00:02.953000,135.47100,1.00
2022-07-01,2022-07-31,20260209_062620,20260209_062620-0002,1,初回,2022-07-08 11:58:47.694000,135.44400,1.00
2022-07-01,2022-07-31,20260209_062620,20260209_062620-0003,1,初回,2022-07-08 21:30:55.422000,136.20000,1.00
2022-07-01,2022-07-31,20260209_062620,20260209_062620-0004,1,初回,2022-07-08 21:32:13.582000,136.20300,1.00
2022-07-01,2022-07-31,20260209_062620,20260209_062620-0005,1,初回,2022-07-11 20:56:32.990000,137.36300,1.00
2022-07-01,2022-07-31,20260209_062620,20260209_062620-0006,1,初回,2022-07-13 21:30:01.198000,137.24800,1.00
2022-07-01,2022-07-31,20260209_062620,20260209_062620-0007,1,初回,2022-07-13 21:30:02.923000,137.51000,1.00
2022-07-01,2022-07-31,20260209_062620,20260209_062620-0008,1,初回,2022-07-13 21:30:03.334000,137.53100,1.00
2022-07-01,2022-07-31,20260209_062620,20260209_062620-0009,1,初回,2022-07-13 23:09:47.262000,137.86700,1.00
2022-07-01,2022-07-31,20260209_062620,20260209_062620-0010,1,初回,2022-07-15 03:40:00.033000,138.73500,1.00
2022-07-01,2022-07-31,20260209_062620,20260209_062620-0011,1,初回,2022-07-15 03:39:59.623000,138.73900,1.00
2022-07-01,2022-07-31,20260209_062620,20260209_062620-0012,1,初回,2022-07-15 03:39:59.572000,138.74900,1.00
2022-07-01,2022-07-31,20260209_062620,20260209_062620-0013,1,初回,2022-07-15 23:00:02.377000,138.54700,1.00
2022-07-01,2022-07-31,20260209_062620,20260209_062620-0014,1,初回,2022-07-21 12:05:21.813000,138.05900,1.00
2022-07-01,2022-07-31,20260209_062620,20260209_062620-0015,1,初回,2022-07-21 12:05:23.721000,138.01800,1.00
2022-07-01,2022-07-31,20260209_062620,20260209_062620-0016,1,初回,2022-07-22 22:45:00.255000,136.43600,1.00
2022-07-01,2022-07-31,20260209_062620,20260209_062620-0017,1,初回,2022-07-26 23:00:10.033000,136.31000,1.00
2022-07-01,2022-07-31,20260209_062620,20260209_062620-0018,1,初回,2022-07-28 03:35:23.662000,137.40600,1.00
2022-08-01,2022-08-31,20260209_062737,20260209_062737-0001,1,初回,2022-08-03 23:00:00.199000,133.77800,1.00
2022-08-01,2022-08-31,20260209_062737,20260209_062737-0002,1,初回,2022-08-03 23:00:01.010000,133.88700,1.00
2022-08-01,2022-08-31,20260209_062737,20260209_062737-0003,1,初回,2022-08-05 21:30:14.615000,133.83600,1.00
2022-08-01,2022-08-31,20260209_062737,20260209_062737-0004,1,初回,2022-08-10 21:29:50.906000,135.05700,1.00
2022-08-01,2022-08-31,20260209_062737,20260209_062737-0005,1,初回,2022-08-10 21:30:01.142000,134.73300,1.00
2022-08-01,2022-08-31,20260209_062737,20260209_062737-0006,1,初回,2022-08-10 21:30:01.243000,134.45100,1.00
2022-08-01,2022-08-31,20260209_062737,20260209_062737-0007,1,初回,2022-08-10 21:30:01.546000,134.22700,1.00
2022-08-01,2022-08-31,20260209_062737,20260209_062737-0008,1,初回,2022-08-10 21:31:23.040000,132.71000,1.00
2022-08-01,2022-08-31,20260209_062737,20260209_062737-0009,1,初回,2022-08-12 23:00:54.935000,133.86300,1.00
2022-08-01,2022-08-31,20260209_062737,20260209_062737-0010,1,初回,2022-08-17 21:30:00.463000,135.27700,1.00
2022-08-01,2022-08-31,20260209_062737,20260209_062737-0011,1,初回,2022-08-17 21:30:00.666000,135.27200,1.00
2022-08-01,2022-08-31,20260209_062737,20260209_062737-0012,1,初回,2022-08-19 01:59:41.923000,135.69100,1.00
2022-08-01,2022-08-31,20260209_062737,20260209_062737-0013,1,初回,2022-08-23 22:45:00.449000,137.06800,1.00
2022-08-01,2022-08-31,20260209_062737,20260209_062737-0014,1,初回,2022-08-23 23:13:13.562000,135.84400,1.00
2022-08-01,2022-08-31,20260209_062737,20260209_062737-0015,1,初回,2022-08-26 23:01:57.357000,137.17600,1.00
2022-08-01,2022-08-31,20260209_062737,20260209_062737-0016,1,初回,2022-08-26 23:01:58.074000,137.21400,1.00
2022-08-01,2022-08-31,20260209_062737,20260209_062737-0017,1,初回,2022-08-26 23:05:03.578000,137.31400,1.00
2022-08-01,2022-08-31,20260209_062737,20260209_062737-0018,1,初回,2022-08-26 23:11:07.664000,136.48500,1.00
2022-08-01,2022-08-31,20260209_062737,20260209_062737-0019,1,初回,2022-08-26 23:11:33.545000,136.20300,1.00
2022-08-01,2022-08-31,20260209_062737,20260209_062737-0020,1,初回,2022-08-26 23:11:33.494000,136.22200,1.00
2022-08-01,2022-08-31,20260209_062737,20260209_062737-0021,1,初回,2022-08-27 00:21:08.792000,137.43400,1.00
2022-08-01,2022-08-31,20260209_062737,20260209_062737-0022,1,初回,2022-08-31 21:15:15.397000,138.48200,1.00
2022-09-01,2022-09-30,20260209_062929,20260209_062929-0001,1,初回,2022-09-01 23:00:06.925000,139.67000,1.00
2022-09-01,2022-09-30,20260209_062929,20260209_062929-0002,1,初回,2022-09-01 23:49:03.635000,140.19700,1.00
2022-09-01,2022-09-30,20260209_062929,20260209_062929-0003,1,初回,2022-09-02 21:29:49.993000,140.48500,1.00
2022-09-01,2022-09-30,20260209_062929,20260209_062929-0004,1,初回,2022-09-02 21:30:58.892000,139.96500,1.00
2022-09-01,2022-09-30,20260209_062929,20260209_062929-0005,1,初回,2022-09-06 23:00:02.430000,142.88500,1.00
2022-09-01,2022-09-30,20260209_062929,20260209_062929-0006,1,初回,2022-09-07 11:13:42.391000,143.72200,1.00
2022-09-01,2022-09-30,20260209_062929,20260209_062929-0007,1,初回,2022-09-07 19:57:31.749000,144.72500,1.00
2022-09-01,2022-09-30,20260209_062929,20260209_062929-0008,1,初回,2022-09-08 14:46:34.906000,143.70900,1.00
2022-09-01,2022-09-30,20260209_062929,20260209_062929-0009,1,初回,2022-09-08 14:46:51.751000,143.56900,1.00
2022-09-01,2022-09-30,20260209_062929,20260209_062929-0010,1,初回,2022-09-08 17:21:52.292000,143.46400,1.00
2022-09-01,2022-09-30,20260209_062929,20260209_062929-0011,1,初回,2022-09-08 17:21:52.138000,143.47600,1.00
2022-09-01,2022-09-30,20260209_062929,20260209_062929-0012,1,初回,2022-09-13 21:29:35.907000,141.64500,1.00
2022-09-01,2022-09-30,20260209_062929,20260209_062929-0013,1,初回,2022-09-13 21:30:03.646000,143.28400,1.00
2022-09-01,2022-09-30,20260209_062929,20260209_062929-0014,1,初回,2022-09-13 21:30:07.406000,143.52200,1.00
2022-09-01,2022-09-30,20260209_062929,20260209_062929-0015,1,初回,2022-09-14 13:31:50.305000,144.10800,1.00
2022-09-01,2022-09-30,20260209_062929,20260209_062929-0016,1,初回,2022-09-14 16:15:54.765000,143.30000,1.00
2022-09-01,2022-09-30,20260209_062929,20260209_062929-0017,1,初回,2022-09-14 21:44:38.251000,142.85900,1.00
2022-09-01,2022-09-30,20260209_062929,20260209_062929-0018,1,初回,2022-09-19 20:26:30.713000,143.61500,1.00
2022-09-01,2022-09-30,20260209_062929,20260209_062929-0019,1,初回,2022-09-20 17:16:06.012000,143.69400,1.00
2022-09-01,2022-09-30,20260209_062929,20260209_062929-0020,1,初回,2022-09-22 03:00:01.212000,144.40700,1.00
2022-09-01,2022-09-30,20260209_062929,20260209_062929-0021,1,初回,2022-09-22 03:00:01.472000,144.43300,1.00
2022-09-01,2022-09-30,20260209_062929,20260209_062929-0022,1,初回,2022-09-22 03:01:08.676000,144.67200,1.00
2022-09-01,2022-09-30,20260209_062929,20260209_062929-0023,1,初回,2022-09-22 03:33:53.754000,143.88000,1.00
2022-09-01,2022-09-30,20260209_062929,20260209_062929-0024,1,初回,2022-09-22 11:51:53.160000,144.92700,1.00
2022-09-01,2022-09-30,20260209_062929,20260209_062929-0025,1,初回,2022-09-22 11:51:54.386000,144.93500,1.00
2022-09-01,2022-09-30,20260209_062929,20260209_062929-0026,1,初回,2022-09-22 11:55:56.353000,145.37000,1.00
2022-09-01,2022-09-30,20260209_062929,20260209_062929-0027,1,初回,2022-09-22 14:43:38.685000,145.02900,1.00
2022-09-01,2022-09-30,20260209_062929,20260209_062929-0028,1,初回,2022-09-22 15:59:08.512000,145.66400,1.00
2022-09-01,2022-09-30,20260209_062929,20260209_062929-0029,1,初回,2022-09-22 17:19:23.112000,143.43300,1.00
2022-09-01,2022-09-30,20260209_062929,20260209_062929-0030,1,初回,2022-09-22 17:19:23.214000,143.35600,1.00
2022-09-01,2022-09-30,20260209_062929,20260209_062929-0031,1,初回,2022-09-22 17:20:03.789000,142.94900,1.00
2022-09-01,2022-09-30,20260209_062929,20260209_062929-0032,1,初回,2022-09-22 17:21:00.243000,142.57800,1.00
2022-09-01,2022-09-30,20260209_062929,20260209_062929-0033,1,初回,2022-09-22 17:25:14.722000,142.67400,1.00
2022-09-01,2022-09-30,20260209_062929,20260209_062929-0034,1,初回,2022-09-22 17:26:54.154000,143.42600,1.00
2022-09-01,2022-09-30,20260209_062929,20260209_062929-0035,1,初回,2022-09-22 17:32:55.277000,142.59000,1.00
2022-09-01,2022-09-30,20260209_062929,20260209_062929-0036,1,初回,2022-09-22 17:41:40.780000,141.53000,1.00
2022-09-01,2022-09-30,20260209_062929,20260209_062929-0037,1,初回,2022-09-22 17:44:30.682000,140.70900,1.00
2022-09-01,2022-09-30,20260209_062929,20260209_062929-0038,1,初回,2022-09-23 22:45:00.666000,143.24500,1.00
2022-09-01,2022-09-30,20260209_062929,20260209_062929-0039,1,初回,2022-09-23 22:45:00.613000,143.23600,1.00
2022-09-01,2022-09-30,20260209_062929,20260209_062929-0040,1,初回,2022-09-26 14:46:22.145000,143.52300,1.00
2022-09-01,2022-09-30,20260209_062929,20260209_062929-0041,1,初回,2022-09-27 23:00:02.453000,144.82100,1.00
2022-09-01,2022-09-30,20260209_062929,20260209_062929-0042,1,初回,2022-09-27 23:00:01.780000,144.79100,1.00
2022-09-01,2022-09-30,20260209_062929,20260209_062929-0043,1,初回,2022-09-30 21:30:05.977000,144.75300,1.00
2022-10-01,2022-10-31,20260209_063104,20260209_063104-0001,1,初回,2022-10-03 13:05:24.679000,145.29000,1.00
2022-10-01,2022-10-31,20260209_063104,20260209_063104-0002,1,初回,2022-10-03 23:00:00.307000,144.71700,1.00
2022-10-01,2022-10-31,20260209_063104,20260209_063104-0003,1,初回,2022-10-05 23:00:00.228000,144.71100,1.00
2022-10-01,2022-10-31,20260209_063104,20260209_063104-0004,1,初回,2022-10-07 21:30:01.470000,145.12200,1.00
2022-10-01,2022-10-31,20260209_063104,20260209_063104-0005,1,初回,2022-10-07 21:30:05.388000,144.73900,1.00
2022-10-01,2022-10-31,20260209_063104,20260209_063104-0006,1,初回,2022-10-07 21:30:05.489000,144.56000,1.00
2022-10-01,2022-10-31,20260209_063104,20260209_063104-0007,1,初回,2022-10-13 21:30:01.161000,146.87900,1.00
2022-10-01,2022-10-31,20260209_063104,20260209_063104-0008,1,初回,2022-10-13 21:30:01.264000,146.97500,1.00
2022-10-01,2022-10-31,20260209_063104,20260209_063104-0009,1,初回,2022-10-13 22:20:43.123000,146.66900,1.00
2022-10-01,2022-10-31,20260209_063104,20260209_063104-0010,1,初回,2022-10-13 22:20:50.454000,146.47500,1.00
2022-10-01,2022-10-31,20260209_063104,20260209_063104-0011,1,初回,2022-10-14 17:58:14.465000,147.74000,1.00
2022-10-01,2022-10-31,20260209_063104,20260209_063104-0012,1,初回,2022-10-14 23:00:00.302000,148.07000,1.00
2022-10-01,2022-10-31,20260209_063104,20260209_063104-0013,1,初回,2022-10-18 18:04:04.500000,148.71100,1.00
2022-10-01,2022-10-31,20260209_063104,20260209_063104-0014,1,初回,2022-10-18 18:04:05.749000,148.40100,1.00
2022-10-01,2022-10-31,20260209_063104,20260209_063104-0015,1,初回,2022-10-18 18:04:07.461000,148.17100,1.00
2022-10-01,2022-10-31,20260209_063104,20260209_063104-0016,1,初回,2022-10-19 15:56:23.506000,149.42800,1.00
2022-10-01,2022-10-31,20260209_063104,20260209_063104-0017,1,初回,2022-10-20 16:40:39.018000,150.05700,1.00
2022-10-01,2022-10-31,20260209_063104,20260209_063104-0018,1,初回,2022-10-21 23:48:06.301000,149.99700,1.00
2022-10-01,2022-10-31,20260209_063104,20260209_063104-0019,1,初回,2022-10-21 23:50:32.870000,149.58000,1.00
2022-10-01,2022-10-31,20260209_063104,20260209_063104-0020,1,初回,2022-10-21 23:50:41.045000,149.51800,1.00
2022-10-01,2022-10-31,20260209_063104,20260209_063104-0021,1,初回,2022-10-21 23:53:13.235000,149.10700,1.00
2022-10-01,2022-10-31,20260209_063104,20260209_063104-0022,1,初回,2022-10-22 00:10:58.213000,148.89600,1.00
2022-10-01,2022-10-31,20260209_063104,20260209_063104-0023,1,初回,2022-10-22 00:10:58.942000,148.98700,1.00
2022-10-01,2022-10-31,20260209_063104,20260209_063104-0024,1,初回,2022-10-22 00:48:11.540000,147.12100,1.00
2022-10-01,2022-10-31,20260209_063104,20260209_063104-0025,1,初回,2022-10-22 00:50:28.936000,146.87000,1.00
2022-10-01,2022-10-31,20260209_063104,20260209_063104-0026,1,初回,2022-10-22 00:59:26.917000,146.28600,1.00
2022-10-01,2022-10-31,20260209_063104,20260209_063104-0027,1,初回,2022-10-22 01:01:09.508000,146.21600,1.00
2022-10-01,2022-10-31,20260209_063104,20260209_063104-0028,1,初回,2022-10-24 14:16:21.386000,148.80500,1.00
2022-10-01,2022-10-31,20260209_063104,20260209_063104-0029,1,初回,2022-10-24 20:48:05.147000,148.75200,1.00
2022-10-01,2022-10-31,20260209_063104,20260209_063104-0030,1,初回,2022-10-24 20:48:26.197000,148.31100,1.00
2022-10-01,2022-10-31,20260209_063104,20260209_063104-0031,1,初回,2022-10-25 21:18:05.406000,148.69300,1.00
2022-10-01,2022-10-31,20260209_063104,20260209_063104-0032,1,初回,2022-10-26 23:00:01.298000,146.77400,1.00
2022-10-01,2022-10-31,20260209_063104,20260209_063104-0033,1,初回,2022-10-26 23:00:07.050000,146.73000,1.00
2022-10-01,2022-10-31,20260209_063104,20260209_063104-0034,1,初回,2022-10-28 11:50:07.167000,146.70600,1.00
2022-10-01,2022-10-31,20260209_063104,20260209_063104-0035,1,初回,2022-10-28 11:50:09.158000,146.82400,1.00
2022-10-01,2022-10-31,20260209_063104,20260209_063104-0036,1,初回,2022-10-28 11:56:09.342000,146.00000,1.00
2022-11-01,2022-11-30,20260209_063303,20260209_063303-0001,1,初回,2022-11-02 19:56:55.286000,146.86300,1.00
2022-11-01,2022-11-30,20260209_063303,20260209_063303-0002,1,初回,2022-11-04 15:33:45.746000,147.73600,1.00
2022-11-01,2022-11-30,20260209_063303,20260209_063303-0003,1,初回,2022-11-04 15:33:46.153000,147.70800,1.00
2022-11-01,2022-11-30,20260209_063303,20260209_063303-0004,1,初回,2022-11-04 21:30:07.127000,148.18600,1.00
2022-11-01,2022-11-30,20260209_063303,20260209_063303-0005,1,初回,2022-11-04 21:48:16.105000,147.41700,1.00
2022-11-01,2022-11-30,20260209_063303,20260209_063303-0006,1,初回,2022-11-10 22:30:01.572000,145.58400,1.00
2022-11-01,2022-11-30,20260209_063303,20260209_063303-0007,1,初回,2022-11-10 22:30:08.380000,145.24900,1.00
2022-11-01,2022-11-30,20260209_063303,20260209_063303-0008,1,初回,2022-11-10 22:30:08.482000,145.18300,1.00
2022-11-01,2022-11-30,20260209_063303,20260209_063303-0009,1,初回,2022-11-10 23:45:55.006000,141.81500,1.00
2022-11-01,2022-11-30,20260209_063303,20260209_063303-0010,1,初回,2022-11-11 00:08:46.441000,141.58500,1.00
2022-11-01,2022-11-30,20260209_063303,20260209_063303-0011,1,初回,2022-11-11 19:39:26.003000,138.77900,1.00
2022-11-01,2022-11-30,20260209_063303,20260209_063303-0012,1,初回,2022-11-15 22:30:08.997000,138.98900,1.00
2022-11-01,2022-11-30,20260209_063303,20260209_063303-0013,1,初回,2022-11-15 22:30:09.100000,138.93900,1.00
2022-11-01,2022-11-30,20260209_063303,20260209_063303-0014,1,初回,2022-11-15 22:32:40.884000,138.48900,1.00
2022-11-01,2022-11-30,20260209_063303,20260209_063303-0015,1,初回,2022-11-15 22:37:38.749000,137.70800,1.00
2022-11-01,2022-11-30,20260209_063303,20260209_063303-0016,1,初回,2022-11-16 22:30:22.209000,140.01500,1.00
2022-11-01,2022-11-30,20260209_063303,20260209_063303-0017,1,初回,2022-11-18 12:46:26.175000,139.69700,1.00
2022-11-01,2022-11-30,20260209_063303,20260209_063303-0018,1,初回,2022-11-23 22:30:46.344000,141.10100,1.00
2022-11-01,2022-11-30,20260209_063303,20260209_063303-0019,1,初回,2022-11-23 23:53:17.717000,139.90600,1.00
2022-11-01,2022-11-30,20260209_063303,20260209_063303-0020,1,初回,2022-11-24 04:01:40.819000,139.59700,1.00
2022-12-01,2022-12-31,20260209_063500,20260209_063500-0001,1,初回,2022-12-01 03:30:21.534000,139.15800,1.00
2022-12-01,2022-12-31,20260209_063500,20260209_063500-0002,1,初回,2022-12-01 22:30:36.346000,135.86100,1.00
2022-12-01,2022-12-31,20260209_063500,20260209_063500-0003,1,初回,2022-12-01 22:30:40.791000,135.78700,1.00
2022-12-01,2022-12-31,20260209_063500,20260209_063500-0004,1,初回,2022-12-02 00:00:08.573000,135.56400,1.00
2022-12-01,2022-12-31,20260209_063500,20260209_063500-0005,1,初回,2022-12-02 17:48:24.235000,133.64500,1.00
2022-12-01,2022-12-31,20260209_063500,20260209_063500-0006,1,初回,2022-12-02 22:31:27.642000,135.56700,1.00
2022-12-01,2022-12-31,20260209_063500,20260209_063500-0007,1,初回,2022-12-02 22:34:19.149000,135.95800,1.00
2022-12-01,2022-12-31,20260209_063500,20260209_063500-0008,1,初回,2022-12-05 19:30:29.093000,135.45200,1.00
2022-12-01,2022-12-31,20260209_063500,20260209_063500-0009,1,初回,2022-12-09 22:30:12.845000,136.44100,1.00
2022-12-01,2022-12-31,20260209_063500,20260209_063500-0010,1,初回,2022-12-13 03:01:46.607000,137.67400,1.00
2022-12-01,2022-12-31,20260209_063500,20260209_063500-0011,1,初回,2022-12-13 22:30:01.225000,136.44700,1.00
2022-12-01,2022-12-31,20260209_063500,20260209_063500-0012,1,初回,2022-12-13 22:30:05.523000,136.10600,1.00
2022-12-01,2022-12-31,20260209_063500,20260209_063500-0013,1,初回,2022-12-13 22:30:15.459000,135.63100,1.00
2022-12-01,2022-12-31,20260209_063500,20260209_063500-0014,1,初回,2022-12-13 22:30:16.020000,135.63800,1.00
2022-12-01,2022-12-31,20260209_063500,20260209_063500-0015,1,初回,2022-12-13 23:26:42.149000,134.67000,1.00
2022-12-01,2022-12-31,20260209_063500,20260209_063500-0016,1,初回,2022-12-13 23:26:41.792000,134.68600,1.00
2022-12-01,2022-12-31,20260209_063500,20260209_063500-0017,1,初回,2022-12-14 19:00:06.721000,135.09200,1.00
2022-12-01,2022-12-31,20260209_063500,20260209_063500-0018,1,初回,2022-12-14 19:00:08.981000,134.93700,1.00
2022-12-01,2022-12-31,20260209_063500,20260209_063500-0019,1,初回,2022-12-14 19:00:27.723000,134.68700,1.00
2022-12-01,2022-12-31,20260209_063500,20260209_063500-0020,1,初回,2022-12-14 19:00:31.047000,134.54400,1.00
2022-12-01,2022-12-31,20260209_063500,20260209_063500-0021,1,初回,2022-12-15 04:00:26.857000,135.58000,1.00
2022-12-01,2022-12-31,20260209_063500,20260209_063500-0022,1,初回,2022-12-15 04:03:07.136000,135.70700,1.00
2022-12-01,2022-12-31,20260209_063500,20260209_063500-0023,1,初回,2022-12-15 04:34:52.138000,135.95700,1.00
2022-12-01,2022-12-31,20260209_063500,20260209_063500-0024,1,初回,2022-12-16 23:45:00.844000,136.82400,1.00
2022-12-01,2022-12-31,20260209_063500,20260209_063500-0025,1,初回,2022-12-16 23:45:02.512000,136.70600,1.00
2022-12-01,2022-12-31,20260209_063500,20260209_063500-0026,1,初回,2022-12-20 11:58:08.332000,137.04800,1.00
2022-12-01,2022-12-31,20260209_063500,20260209_063500-0027,1,初回,2022-12-20 12:01:10.282000,137.38400,1.00
2022-12-01,2022-12-31,20260209_063500,20260209_063500-0028,1,初回,2022-12-20 12:02:03.133000,136.30900,1.00
2022-12-01,2022-12-31,20260209_063500,20260209_063500-0029,1,初回,2022-12-20 12:02:20.031000,135.78900,1.00
2022-12-01,2022-12-31,20260209_063500,20260209_063500-0030,1,初回,2022-12-20 12:02:24.060000,135.57000,1.00
2022-12-01,2022-12-31,20260209_063500,20260209_063500-0031,1,初回,2022-12-20 12:04:57.099000,134.79200,1.00
2022-12-01,2022-12-31,20260209_063500,20260209_063500-0032,1,初回,2022-12-20 12:05:39.108000,134.16500,1.00
2022-12-01,2022-12-31,20260209_063500,20260209_063500-0033,1,初回,2022-12-20 12:14:26.690000,133.72000,1.00
2022-12-01,2022-12-31,20260209_063500,20260209_063500-0034,1,初回,2022-12-20 12:15:49.320000,133.13800,1.00
2022-12-01,2022-12-31,20260209_063500,20260209_063500-0035,1,初回,2022-12-20 13:05:52.665000,133.12800,1.00
2022-12-01,2022-12-31,20260209_063500,20260209_063500-0036,1,初回,2022-12-20 14:59:48.693000,132.95200,1.00
2022-12-01,2022-12-31,20260209_063500,20260209_063500-0037,1,初回,2022-12-20 15:01:45.193000,132.70900,1.00
2022-12-01,2022-12-31,20260209_063500,20260209_063500-0038,1,初回,2022-12-20 15:51:43.540000,133.67000,1.00
2022-12-01,2022-12-31,20260209_063500,20260209_063500-0039,1,初回,2022-12-20 16:46:42.830000,132.31300,1.00
2022-12-01,2022-12-31,20260209_063500,20260209_063500-0040,1,初回,2022-12-21 02:09:04.991000,130.60100,1.00
2022-12-01,2022-12-31,20260209_063500,20260209_063500-0041,1,初回,2022-12-23 22:30:00.750000,132.79400,1.00
2022-12-01,2022-12-31,20260209_063500,20260209_063500-0042,1,初回,2022-12-23 22:32:22.067000,132.88100,1.00
2022-12-01,2022-12-31,20260209_063500,20260209_063500-0043,1,初回,2022-12-26 19:11:35.991000,133.07900,1.00
2022-12-01,2022-12-31,20260209_063500,20260209_063500-0044,1,初回,2022-12-26 19:11:36.092000,133.12500,1.00
2022-12-01,2022-12-31,20260209_063500,20260209_063500-0045,1,初回,2022-12-28 11:54:53.043000,134.11700,1.00
2023-01-01,2023-01-31,20260209_063650,20260209_063650-0001,1,初回,2023-01-04 17:30:09.910000,129.95700,1.00
2023-01-01,2023-01-31,20260209_063650,20260209_063650-0002,1,初回,2023-01-05 00:00:09.413000,131.12200,1.00
2023-01-01,2023-01-31,20260209_063650,20260209_063650-0003,1,初回,2023-01-05 00:00:18.518000,131.27400,1.00
2023-01-01,2023-01-31,20260209_063650,20260209_063650-0004,1,初回,2023-01-06 03:20:41.482000,133.10700,1.00
2023-01-01,2023-01-31,20260209_063650,20260209_063650-0005,1,初回,2023-01-06 14:45:15.315000,134.04200,1.00
2023-01-01,2023-01-31,20260209_063650,20260209_063650-0006,1,初回,2023-01-06 22:30:01.964000,134.66000,1.00
2023-01-01,2023-01-31,20260209_063650,20260209_063650-0007,1,初回,2023-01-12 03:14:50.408000,132.31000,1.00
2023-01-01,2023-01-31,20260209_063650,20260209_063650-0008,1,初回,2023-01-12 22:30:21.478000,130.66100,1.00
2023-01-01,2023-01-31,20260209_063650,20260209_063650-0009,1,初回,2023-01-12 22:30:24.211000,130.54600,1.00
2023-01-01,2023-01-31,20260209_063650,20260209_063650-0010,1,初回,2023-01-12 22:33:35.576000,130.31600,1.00
2023-01-01,2023-01-31,20260209_063650,20260209_063650-0011,1,初回,2023-01-17 17:05:41.205000,128.41400,1.00
2023-01-01,2023-01-31,20260209_063650,20260209_063650-0012,1,初回,2023-01-18 11:40:11.377000,129.01000,1.00
2023-01-01,2023-01-31,20260209_063650,20260209_063650-0013,1,初回,2023-01-18 11:40:12.601000,129.09100,1.00
2023-01-01,2023-01-31,20260209_063650,20260209_063650-0014,1,初回,2023-01-18 11:40:12.805000,129.14400,1.00
2023-01-01,2023-01-31,20260209_063650,20260209_063650-0015,1,初回,2023-01-18 11:40:13.060000,129.14600,1.00
2023-01-01,2023-01-31,20260209_063650,20260209_063650-0016,1,初回,2023-01-18 11:40:13.519000,129.31600,1.00
2023-01-01,2023-01-31,20260209_063650,20260209_063650-0017,1,初回,2023-01-18 11:40:17.332000,129.20800,1.00
2023-01-01,2023-01-31,20260209_063650,20260209_063650-0018,1,初回,2023-01-18 11:40:20.029000,129.39700,1.00
2023-01-01,2023-01-31,20260209_063650,20260209_063650-0019,1,初回,2023-01-18 11:51:57.966000,130.77800,1.00
2023-01-01,2023-01-31,20260209_063650,20260209_063650-0020,1,初回,2023-01-21 03:00:01.962000,129.61500,1.00
2023-01-01,2023-01-31,20260209_063650,20260209_063650-0021,1,初回,2023-01-23 21:01:49.879000,130.43100,1.00
2023-01-01,2023-01-31,20260209_063650,20260209_063650-0022,1,初回,2023-01-24 23:45:03.863000,130.72000,1.00
2023-01-01,2023-01-31,20260209_063650,20260209_063650-0023,1,初回,2023-01-24 23:59:02.421000,131.09400,1.00
2023-01-01,2023-01-31,20260209_063650,20260209_063650-0024,1,初回,2023-01-26 22:30:05.053000,129.98300,1.00
2023-01-01,2023-01-31,20260209_063650,20260209_063650-0025,1,初回,2023-01-26 22:30:07.243000,130.29700,1.00
2023-01-01,2023-01-31,20260209_063650,20260209_063650-0026,1,初回,2023-01-30 13:00:46.972000,129.58300,1.00
2023-01-01,2023-01-31,20260209_063650,20260209_063650-0027,1,初回,2023-01-30 13:00:53.274000,129.37100,1.00
2023-01-01,2023-01-31,20260209_063650,20260209_063650-0028,1,初回,2023-01-31 22:30:04.665000,130.06900,1.00
2023-02-01,2023-02-28,20260209_063818,20260209_063818-0001,1,初回,2023-02-01 22:15:00.982000,129.65000,1.00
2023-02-01,2023-02-28,20260209_063818,20260209_063818-0002,1,初回,2023-02-02 17:51:44.140000,129.12200,1.00
2023-02-01,2023-02-28,20260209_063818,20260209_063818-0003,1,初回,2023-02-02 17:51:43.321000,129.10300,1.00
2023-02-01,2023-02-28,20260209_063818,20260209_063818-0004,1,初回,2023-02-03 22:30:01.207000,128.99900,1.00
2023-02-01,2023-02-28,20260209_063818,20260209_063818-0005,1,初回,2023-02-03 22:30:01.865000,129.09500,1.00
2023-02-01,2023-02-28,20260209_063818,20260209_063818-0006,1,初回,2023-02-04 00:00:00.257000,130.51200,1.00
2023-02-01,2023-02-28,20260209_063818,20260209_063818-0007,1,初回,2023-02-08 02:41:56.748000,131.15200,1.00
2023-02-01,2023-02-28,20260209_063818,20260209_063818-0008,1,初回,2023-02-09 14:45:05.431000,130.77700,1.00
2023-02-01,2023-02-28,20260209_063818,20260209_063818-0009,1,初回,2023-02-09 22:30:11.793000,130.62800,1.00
2023-02-01,2023-02-28,20260209_063818,20260209_063818-0010,1,初回,2023-02-10 16:19:57.666000,130.94100,1.00
2023-02-01,2023-02-28,20260209_063818,20260209_063818-0011,1,初回,2023-02-14 11:07:15.796000,131.92600,1.00
2023-02-01,2023-02-28,20260209_063818,20260209_063818-0012,1,初回,2023-02-14 22:29:52.941000,131.94100,1.00
2023-02-01,2023-02-28,20260209_063818,20260209_063818-0013,1,初回,2023-02-14 22:30:02.366000,132.43000,1.00
2023-02-01,2023-02-28,20260209_063818,20260209_063818-0014,1,初回,2023-02-14 22:30:09.690000,132.87700,1.00
2023-02-01,2023-02-28,20260209_063818,20260209_063818-0015,1,初回,2023-02-14 22:30:10.253000,132.88700,1.00
2023-02-01,2023-02-28,20260209_063818,20260209_063818-0016,1,初回,2023-02-14 22:32:53.599000,131.82300,1.00
2023-02-01,2023-02-28,20260209_063818,20260209_063818-0017,1,初回,2023-02-14 22:33:33.272000,131.53500,1.00
2023-02-01,2023-02-28,20260209_063818,20260209_063818-0018,1,初回,2023-02-14 23:31:36.543000,133.11200,1.00
2023-02-01,2023-02-28,20260209_063818,20260209_063818-0019,1,初回,2023-02-16 11:22:25.127000,133.67400,1.00
2023-02-01,2023-02-28,20260209_063818,20260209_063818-0020,1,初回,2023-02-16 22:30:03.114000,134.16000,1.00
2023-02-01,2023-02-28,20260209_063818,20260209_063818-0021,1,初回,2023-02-21 23:45:00.457000,135.01700,1.00
2023-02-01,2023-02-28,20260209_063818,20260209_063818-0022,1,初回,2023-02-23 22:30:16.749000,135.04600,1.00
2023-02-01,2023-02-28,20260209_063818,20260209_063818-0023,1,初回,2023-02-23 22:30:31.033000,135.20300,1.00
2023-02-01,2023-02-28,20260209_063818,20260209_063818-0024,1,初回,2023-02-23 22:30:32.315000,135.19800,1.00
2023-02-01,2023-02-28,20260209_063818,20260209_063818-0025,1,初回,2023-02-24 22:30:22.107000,135.66900,1.00
2023-02-01,2023-02-28,20260209_063818,20260209_063818-0026,1,初回,2023-02-24 22:30:27.741000,135.95600,1.00
2023-03-01,2023-03-31,20260209_064026,20260209_064026-0001,1,初回,2023-03-08 00:00:07.717000,136.31100,1.00
2023-03-01,2023-03-31,20260209_064026,20260209_064026-0002,1,初回,2023-03-08 00:00:09.835000,136.39600,1.00
2023-03-01,2023-03-31,20260209_064026,20260209_064026-0003,1,初回,2023-03-09 22:30:04.380000,136.04600,1.00
2023-03-01,2023-03-31,20260209_064026,20260209_064026-0004,1,初回,2023-03-10 11:30:07.423000,136.45500,1.00
2023-03-01,2023-03-31,20260209_064026,20260209_064026-0005,1,初回,2023-03-10 22:31:35.160000,135.88700,1.00
2023-03-01,2023-03-31,20260209_064026,20260209_064026-0006,1,初回,2023-03-10 22:31:34.224000,135.90400,1.00
2023-03-01,2023-03-31,20260209_064026,20260209_064026-0007,1,初回,2023-03-14 21:30:00.833000,134.31900,1.00
2023-03-01,2023-03-31,20260209_064026,20260209_064026-0008,1,初回,2023-03-15 21:30:01.648000,132.98500,1.00
2023-03-01,2023-03-31,20260209_064026,20260209_064026-0009,1,初回,2023-03-15 21:30:14.647000,132.66900,1.00
2023-03-01,2023-03-31,20260209_064026,20260209_064026-0010,1,初回,2023-03-16 21:43:13.510000,132.24400,1.00
2023-03-01,2023-03-31,20260209_064026,20260209_064026-0011,1,初回,2023-03-16 21:43:18.235000,132.20900,1.00
2023-03-01,2023-03-31,20260209_064026,20260209_064026-0012,1,初回,2023-03-23 03:00:01.170000,132.28800,1.00
2023-03-01,2023-03-31,20260209_064026,20260209_064026-0013,1,初回,2023-03-24 04:00:53.498000,131.01300,1.00
2023-03-01,2023-03-31,20260209_064026,20260209_064026-0014,1,初回,2023-03-24 04:07:37.237000,130.50000,1.00
2023-03-01,2023-03-31,20260209_064026,20260209_064026-0015,1,初回,2023-03-24 04:07:58.142000,130.35600,1.00
2023-04-01,2023-04-30,20260209_064156,20260209_064156-0001,1,初回,2023-04-03 23:00:00.349000,132.57900,1.00
2023-04-01,2023-04-30,20260209_064156,20260209_064156-0002,1,初回,2023-04-04 23:00:01.325000,132.51400,1.00
2023-04-01,2023-04-30,20260209_064156,20260209_064156-0003,1,初回,2023-04-05 21:15:02.298000,131.26600,1.00
2023-04-01,2023-04-30,20260209_064156,20260209_064156-0004,1,初回,2023-04-05 22:45:00.625000,130.94200,1.00
2023-04-01,2023-04-30,20260209_064156,20260209_064156-0005,1,初回,2023-04-05 22:45:00.521000,130.95100,1.00
2023-04-01,2023-04-30,20260209_064156,20260209_064156-0006,1,初回,2023-04-05 23:00:00.834000,130.63500,1.00
2023-04-01,2023-04-30,20260209_064156,20260209_064156-0007,1,初回,2023-04-06 21:30:05.012000,130.98300,1.00
2023-04-01,2023-04-30,20260209_064156,20260209_064156-0008,1,初回,2023-04-07 21:30:02.921000,131.93200,1.00
2023-04-01,2023-04-30,20260209_064156,20260209_064156-0009,1,初回,2023-04-07 21:30:04.037000,131.95300,1.00
2023-04-01,2023-04-30,20260209_064156,20260209_064156-0010,1,初回,2023-04-12 21:30:01.123000,133.57700,1.00
2023-04-01,2023-04-30,20260209_064156,20260209_064156-0011,1,初回,2023-04-12 21:31:15.853000,133.01100,1.00
2023-04-01,2023-04-30,20260209_064156,20260209_064156-0012,1,初回,2023-04-13 21:30:01.984000,132.89500,1.00
2023-04-01,2023-04-30,20260209_064156,20260209_064156-0013,1,初回,2023-04-13 21:30:02.291000,132.80100,1.00
2023-04-01,2023-04-30,20260209_064156,20260209_064156-0014,1,初回,2023-04-14 21:30:08.144000,132.20500,1.00
2023-04-01,2023-04-30,20260209_064156,20260209_064156-0015,1,初回,2023-04-14 21:30:57.470000,132.77600,1.00
2023-04-01,2023-04-30,20260209_064156,20260209_064156-0016,1,初回,2023-04-14 23:00:00.247000,133.20800,1.00
2023-04-01,2023-04-30,20260209_064156,20260209_064156-0017,1,初回,2023-04-14 23:00:17.924000,133.36200,1.00
2023-04-01,2023-04-30,20260209_064156,20260209_064156-0018,1,初回,2023-04-19 18:52:22.192000,135.10700,1.00
2023-04-01,2023-04-30,20260209_064156,20260209_064156-0019,1,初回,2023-04-20 21:30:18.867000,134.41700,1.00
2023-04-01,2023-04-30,20260209_064156,20260209_064156-0020,1,初回,2023-04-21 22:45:00.617000,133.90900,1.00
2023-04-01,2023-04-30,20260209_064156,20260209_064156-0021,1,初回,2023-04-26 21:30:02.622000,133.82300,1.00
2023-04-01,2023-04-30,20260209_064156,20260209_064156-0022,1,初回,2023-04-26 21:30:10.472000,133.88400,1.00
2023-04-01,2023-04-30,20260209_064156,20260209_064156-0023,1,初回,2023-04-26 21:30:13.953000,133.92200,1.00
2023-04-01,2023-04-30,20260209_064156,20260209_064156-0024,1,初回,2023-04-27 21:30:09.994000,133.23200,1.00
2023-04-01,2023-04-30,20260209_064156,20260209_064156-0025,1,初回,2023-04-28 12:24:40.643000,133.62100,1.00
2023-04-01,2023-04-30,20260209_064156,20260209_064156-0026,1,初回,2023-04-28 12:24:41.978000,133.37400,1.00
2023-04-01,2023-04-30,20260209_064156,20260209_064156-0027,1,初回,2023-04-28 13:00:21.765000,134.26600,1.00
2023-04-01,2023-04-30,20260209_064156,20260209_064156-0028,1,初回,2023-04-28 13:03:00.530000,134.45000,1.00
2023-04-01,2023-04-30,20260209_064156,20260209_064156-0029,1,初回,2023-04-28 13:03:01.294000,134.45100,1.00
2023-05-01,2023-05-31,20260209_064329,20260209_064329-0001,1,初回,2023-05-01 23:00:05.522000,136.95500,1.00
2023-05-01,2023-05-31,20260209_064329,20260209_064329-0002,1,初回,2023-05-02 23:00:01.324000,137.26400,1.00
2023-05-01,2023-05-31,20260209_064329,20260209_064329-0003,1,初回,2023-05-03 21:15:07.095000,135.91400,1.00
2023-05-01,2023-05-31,20260209_064329,20260209_064329-0004,1,初回,2023-05-04 03:38:42.956000,135.68700,1.00
2023-05-01,2023-05-31,20260209_064329,20260209_064329-0005,1,初回,2023-05-05 21:30:01.175000,134.42900,1.00
2023-05-01,2023-05-31,20260209_064329,20260209_064329-0006,1,初回,2023-05-05 21:30:05.357000,134.85200,1.00
2023-05-01,2023-05-31,20260209_064329,20260209_064329-0007,1,初回,2023-05-10 21:30:00.208000,135.06300,1.00
2023-05-01,2023-05-31,20260209_064329,20260209_064329-0008,1,初回,2023-05-10 21:30:01.517000,134.79700,1.00
2023-05-01,2023-05-31,20260209_064329,20260209_064329-0009,1,初回,2023-05-10 21:30:31.536000,134.71500,1.00
2023-05-01,2023-05-31,20260209_064329,20260209_064329-0010,1,初回,2023-05-11 21:30:13.267000,133.93200,1.00
2023-05-01,2023-05-31,20260209_064329,20260209_064329-0011,1,初回,2023-05-11 21:30:15.970000,133.91400,1.00
2023-05-01,2023-05-31,20260209_064329,20260209_064329-0012,1,初回,2023-05-12 23:00:00.234000,135.02000,1.00
2023-05-01,2023-05-31,20260209_064329,20260209_064329-0013,1,初回,2023-05-16 21:30:00.711000,135.70900,1.00
2023-05-01,2023-05-31,20260209_064329,20260209_064329-0014,1,初回,2023-05-16 21:30:00.609000,135.72100,1.00
2023-05-01,2023-05-31,20260209_064329,20260209_064329-0015,1,初回,2023-05-18 21:30:15.403000,137.91000,1.00
2023-05-01,2023-05-31,20260209_064329,20260209_064329-0016,1,初回,2023-05-31 23:00:01.481000,139.89600,1.00
2023-05-01,2023-05-31,20260209_064329,20260209_064329-0017,1,初回,2023-05-31 23:00:02.266000,140.05300,1.00
2023-05-01,2023-05-31,20260209_064329,20260209_064329-0018,1,初回,2023-05-31 23:00:02.624000,140.10500,1.00
2023-05-01,2023-05-31,20260209_064329,20260209_064329-0019,1,初回,2023-05-31 23:00:05.741000,140.37800,1.00
2023-06-01,2023-06-30,20260209_064447,20260209_064447-0001,1,初回,2023-06-01 21:15:01.651000,139.86200,1.00
2023-06-01,2023-06-30,20260209_064447,20260209_064447-0002,1,初回,2023-06-01 23:00:11.669000,138.45000,1.00
2023-06-01,2023-06-30,20260209_064447,20260209_064447-0003,1,初回,2023-06-02 21:30:01.715000,139.17700,1.00
2023-06-01,2023-06-30,20260209_064447,20260209_064447-0004,1,初回,2023-06-02 21:30:08.299000,139.42700,1.00
2023-06-01,2023-06-30,20260209_064447,20260209_064447-0005,1,初回,2023-06-02 21:34:49.268000,138.76600,1.00
2023-06-01,2023-06-30,20260209_064447,20260209_064447-0006,1,初回,2023-06-05 23:00:00.142000,139.77600,1.00
2023-06-01,2023-06-30,20260209_064447,20260209_064447-0007,1,初回,2023-06-13 21:30:01.210000,139.62700,1.00
2023-06-01,2023-06-30,20260209_064447,20260209_064447-0008,1,初回,2023-06-13 21:30:01.363000,139.75100,1.00
2023-06-01,2023-06-30,20260209_064447,20260209_064447-0009,1,初回,2023-06-13 21:30:02.205000,139.84200,1.00
2023-06-01,2023-06-30,20260209_064447,20260209_064447-0010,1,初回,2023-06-13 21:30:03.228000,139.98100,1.00
2023-06-01,2023-06-30,20260209_064447,20260209_064447-0011,1,初回,2023-06-13 21:30:12.591000,139.34600,1.00
2023-06-01,2023-06-30,20260209_064447,20260209_064447-0012,1,初回,2023-06-13 21:30:13.664000,139.09000,1.00
2023-06-01,2023-06-30,20260209_064447,20260209_064447-0013,1,初回,2023-06-13 21:30:27.150000,139.09800,1.00
2023-06-01,2023-06-30,20260209_064447,20260209_064447-0014,1,初回,2023-06-13 21:30:27.459000,139.07200,1.00
2023-06-01,2023-06-30,20260209_064447,20260209_064447-0015,1,初回,2023-06-16 23:00:14.981000,140.94900,1.00
2023-06-01,2023-06-30,20260209_064447,20260209_064447-0016,1,初回,2023-06-23 22:45:00.198000,142.79900,1.00
2023-06-01,2023-06-30,20260209_064447,20260209_064447-0017,1,初回,2023-06-23 22:45:00.595000,142.72500,1.00
2023-06-01,2023-06-30,20260209_064447,20260209_064447-0018,1,初回,2023-06-27 23:00:01.989000,143.63900,1.00
2023-06-01,2023-06-30,20260209_064447,20260209_064447-0019,1,初回,2023-06-29 16:36:23.247000,144.17000,1.00
2023-07-01,2023-07-31,20260209_064600,20260209_064600-0001,1,初回,2023-07-03 23:00:00.113000,144.23300,1.00
2023-07-01,2023-07-31,20260209_064600,20260209_064600-0002,1,初回,2023-07-06 23:00:05.020000,144.54900,1.00
2023-07-01,2023-07-31,20260209_064600,20260209_064600-0003,1,初回,2023-07-07 21:29:59.790000,142.88400,1.00
2023-07-01,2023-07-31,20260209_064600,20260209_064600-0004,1,初回,2023-07-07 21:30:11.001000,142.61600,1.00
2023-07-01,2023-07-31,20260209_064600,20260209_064600-0005,1,初回,2023-07-12 21:30:01.246000,139.12600,1.00
2023-07-01,2023-07-31,20260209_064600,20260209_064600-0006,1,初回,2023-07-13 21:30:12.279000,138.26700,1.00
2023-07-01,2023-07-31,20260209_064600,20260209_064600-0007,1,初回,2023-07-13 21:35:03.525000,138.92700,1.00
2023-07-01,2023-07-31,20260209_064600,20260209_064600-0008,1,初回,2023-07-18 21:30:04.629000,138.12100,1.00
2023-07-01,2023-07-31,20260209_064600,20260209_064600-0009,1,初回,2023-07-18 21:30:05.250000,138.12300,1.00
2023-07-01,2023-07-31,20260209_064600,20260209_064600-0010,1,初回,2023-07-18 21:32:49.211000,138.37600,1.00
2023-07-01,2023-07-31,20260209_064600,20260209_064600-0011,1,初回,2023-07-18 22:46:19.981000,138.60200,1.00
2023-07-01,2023-07-31,20260209_064600,20260209_064600-0012,1,初回,2023-07-20 21:30:13.050000,139.88800,1.00
2023-07-01,2023-07-31,20260209_064600,20260209_064600-0013,1,初回,2023-07-21 16:35:03.725000,140.93200,1.00
2023-07-01,2023-07-31,20260209_064600,20260209_064600-0014,1,初回,2023-07-24 16:15:06.686000,141.37600,1.00
2023-07-01,2023-07-31,20260209_064600,20260209_064600-0015,1,初回,2023-07-24 18:05:06.971000,141.25700,1.00
2023-07-01,2023-07-31,20260209_064600,20260209_064600-0016,1,初回,2023-07-24 18:05:07.647000,141.21200,1.00
2023-07-01,2023-07-31,20260209_064600,20260209_064600-0017,1,初回,2023-07-24 22:45:00.475000,141.24900,1.00
2023-07-01,2023-07-31,20260209_064600,20260209_064600-0018,1,初回,2023-07-24 22:46:16.181000,140.88300,1.00
2023-07-01,2023-07-31,20260209_064600,20260209_064600-0019,1,初回,2023-07-24 22:46:21.373000,140.76900,1.00
2023-07-01,2023-07-31,20260209_064600,20260209_064600-0020,1,初回,2023-07-25 20:20:42.963000,141.72900,1.00
2023-07-01,2023-07-31,20260209_064600,20260209_064600-0021,1,初回,2023-07-25 23:37:15.764000,141.14800,1.00
2023-07-01,2023-07-31,20260209_064600,20260209_064600-0022,1,初回,2023-07-27 21:30:08.896000,140.45700,1.00
2023-07-01,2023-07-31,20260209_064600,20260209_064600-0023,1,初回,2023-07-28 02:06:28.906000,139.82700,1.00
2023-07-01,2023-07-31,20260209_064600,20260209_064600-0024,1,初回,2023-07-28 12:28:37.563000,138.73600,1.00
2023-07-01,2023-07-31,20260209_064600,20260209_064600-0025,1,初回,2023-07-28 12:28:37.903000,138.58600,1.00
2023-07-01,2023-07-31,20260209_064600,20260209_064600-0026,1,初回,2023-07-28 12:28:38.526000,138.48900,1.00
2023-07-01,2023-07-31,20260209_064600,20260209_064600-0027,1,初回,2023-07-28 12:36:47.613000,141.06900,1.00
2023-07-01,2023-07-31,20260209_064600,20260209_064600-0028,1,初回,2023-07-28 13:14:47.936000,138.09100,1.00
2023-08-01,2023-08-31,20260209_064726,20260209_064726-0001,1,初回,2023-08-01 23:05:01.817000,143.31300,1.00
2023-08-01,2023-08-31,20260209_064726,20260209_064726-0002,1,初回,2023-08-03 13:04:15.913000,143.71100,1.00
2023-08-01,2023-08-31,20260209_064726,20260209_064726-0003,1,初回,2023-08-03 21:30:02.047000,142.72000,1.00
2023-08-01,2023-08-31,20260209_064726,20260209_064726-0004,1,初回,2023-08-04 21:30:01.621000,142.88700,1.00
2023-08-01,2023-08-31,20260209_064726,20260209_064726-0005,1,初回,2023-08-04 21:30:07.158000,142.32100,1.00
2023-08-01,2023-08-31,20260209_064726,20260209_064726-0006,1,初回,2023-08-10 21:30:13.543000,143.32000,1.00
2023-08-01,2023-08-31,20260209_064726,20260209_064726-0007,1,初回,2023-08-11 23:00:01.023000,144.42700,1.00
2023-08-01,2023-08-31,20260209_064726,20260209_064726-0008,1,初回,2023-08-15 21:30:13.107000,145.79600,1.00
2023-08-01,2023-08-31,20260209_064726,20260209_064726-0009,1,初回,2023-08-17 21:30:25.181000,145.82700,1.00
2023-08-01,2023-08-31,20260209_064726,20260209_064726-0010,1,初回,2023-08-23 22:45:15.255000,144.88900,1.00
2023-08-01,2023-08-31,20260209_064726,20260209_064726-0011,1,初回,2023-08-25 23:02:29.444000,146.21100,1.00
2023-08-01,2023-08-31,20260209_064726,20260209_064726-0012,1,初回,2023-08-25 23:02:29.709000,146.22800,1.00
2023-08-01,2023-08-31,20260209_064726,20260209_064726-0013,1,初回,2023-08-25 23:03:02.487000,145.89100,1.00
2023-08-01,2023-08-31,20260209_064726,20260209_064726-0014,1,初回,2023-08-25 23:03:53.633000,145.75900,1.00
2023-08-01,2023-08-31,20260209_064726,20260209_064726-0015,1,初回,2023-08-31 21:30:19.023000,145.75600,1.00
2023-08-01,2023-08-31,20260209_064726,20260209_064726-0016,1,初回,2023-08-31 22:42:00.401000,146.20300,1.00
2023-08-01,2023-08-31,20260209_064726,20260209_064726-0017,1,初回,2023-08-31 22:42:00.253000,146.19400,1.00
2023-09-01,2023-09-30,20260209_064826,20260209_064826-0001,1,初回,2023-09-01 23:00:00.461000,145.63600,1.00
2023-09-01,2023-09-30,20260209_064826,20260209_064826-0002,1,初回,2023-09-13 21:30:00.473000,147.22400,1.00
2023-09-01,2023-09-30,20260209_064826,20260209_064826-0003,1,初回,2023-09-13 21:30:01.182000,147.55300,1.00
2023-09-01,2023-09-30,20260209_064826,20260209_064826-0004,1,初回,2023-09-13 21:30:27.268000,147.71600,1.00
2023-09-01,2023-09-30,20260209_064826,20260209_064826-0005,1,初回,2023-09-15 14:01:08.727000,147.51200,1.00
2023-09-01,2023-09-30,20260209_064826,20260209_064826-0006,1,初回,2023-09-15 14:01:06.762000,147.53600,1.00
2023-09-01,2023-09-30,20260209_064826,20260209_064826-0007,1,初回,2023-09-15 21:30:00.197000,147.92900,1.00
2023-10-01,2023-10-31,20260209_064930,20260209_064930-0001,1,初回,2023-10-03 23:12:05.333000,149.46400,1.00
2023-10-01,2023-10-31,20260209_064930,20260209_064930-0002,1,初回,2023-10-03 23:12:24.554000,147.29900,1.00
2023-10-01,2023-10-31,20260209_064930,20260209_064930-0003,1,初回,2023-10-06 21:30:01.276000,149.17400,1.00
2023-10-01,2023-10-31,20260209_064930,20260209_064930-0004,1,初回,2023-10-06 21:30:01.378000,149.23600,1.00
2023-10-01,2023-10-31,20260209_064930,20260209_064930-0005,1,初回,2023-10-06 21:30:02.809000,149.28800,1.00
2023-10-01,2023-10-31,20260209_064930,20260209_064930-0006,1,初回,2023-10-06 21:51:40.483000,149.50600,1.00
2023-10-01,2023-10-31,20260209_064930,20260209_064930-0007,1,初回,2023-10-11 21:30:04.128000,149.07200,1.00
2023-10-01,2023-10-31,20260209_064930,20260209_064930-0008,1,初回,2023-10-11 21:30:04.076000,149.06500,1.00
2023-10-01,2023-10-31,20260209_064930,20260209_064930-0009,1,初回,2023-10-12 21:30:01.825000,149.27200,1.00
2023-10-01,2023-10-31,20260209_064930,20260209_064930-0010,1,初回,2023-10-12 21:30:01.567000,149.30100,1.00
2023-10-01,2023-10-31,20260209_064930,20260209_064930-0011,1,初回,2023-10-17 19:13:02.537000,149.50900,1.00
2023-10-01,2023-10-31,20260209_064930,20260209_064930-0012,1,初回,2023-10-17 19:13:02.999000,149.40700,1.00
2023-10-01,2023-10-31,20260209_064930,20260209_064930-0013,1,初回,2023-10-17 19:13:03.409000,149.35600,1.00
2023-10-01,2023-10-31,20260209_064930,20260209_064930-0014,1,初回,2023-10-17 19:13:03.981000,149.05400,1.00
2023-10-01,2023-10-31,20260209_064930,20260209_064930-0015,1,初回,2023-10-17 19:13:05.838000,148.81900,1.00
2023-10-01,2023-10-31,20260209_064930,20260209_064930-0016,1,初回,2023-10-17 19:13:06.097000,148.77000,1.00
2023-10-01,2023-10-31,20260209_064930,20260209_064930-0017,1,初回,2023-10-17 19:13:28.205000,149.73800,1.00
2023-10-01,2023-10-31,20260209_064930,20260209_064930-0018,1,初回,2023-10-17 19:13:28.565000,149.73400,1.00
2023-10-01,2023-10-31,20260209_064930,20260209_064930-0019,1,初回,2023-10-20 17:23:33.726000,149.70600,1.00
2023-10-01,2023-10-31,20260209_064930,20260209_064930-0020,1,初回,2023-10-20 17:23:33.832000,149.64900,1.00
2023-10-01,2023-10-31,20260209_064930,20260209_064930-0021,1,初回,2023-10-20 17:23:33.779000,149.67600,1.00
2023-10-01,2023-10-31,20260209_064930,20260209_064930-0022,1,初回,2023-10-24 17:38:10.496000,149.35200,1.00
2023-10-01,2023-10-31,20260209_064930,20260209_064930-0023,1,初回,2023-10-26 15:47:27.441000,149.84000,1.00
2023-10-01,2023-10-31,20260209_064930,20260209_064930-0024,1,初回,2023-10-30 23:01:48.276000,149.31100,1.00
2023-10-01,2023-10-31,20260209_064930,20260209_064930-0025,1,初回,2023-10-31 12:27:13.117000,149.83500,1.00
2023-11-01,2023-11-30,20260209_065028,20260209_065028-0001,1,初回,2023-11-01 23:00:00.329000,151.11000,1.00
2023-11-01,2023-11-30,20260209_065028,20260209_065028-0002,1,初回,2023-11-01 23:00:01.295000,151.08700,1.00
2023-11-01,2023-11-30,20260209_065028,20260209_065028-0003,1,初回,2023-11-02 16:58:28.104000,150.17900,1.00
2023-11-01,2023-11-30,20260209_065028,20260209_065028-0004,1,初回,2023-11-03 21:30:08.286000,149.87000,1.00
2023-11-01,2023-11-30,20260209_065028,20260209_065028-0005,1,初回,2023-11-03 23:00:00.269000,149.21500,1.00
2023-11-01,2023-11-30,20260209_065028,20260209_065028-0006,1,初回,2023-11-03 23:00:09.614000,149.23000,1.00
2023-11-01,2023-11-30,20260209_065028,20260209_065028-0007,1,初回,2023-11-14 00:01:28.657000,151.69900,1.00
2023-11-01,2023-11-30,20260209_065028,20260209_065028-0008,1,初回,2023-11-14 00:03:29.401000,151.36000,1.00
2023-11-01,2023-11-30,20260209_065028,20260209_065028-0009,1,初回,2023-11-14 00:07:24.553000,151.23900,1.00
2023-11-01,2023-11-30,20260209_065028,20260209_065028-0010,1,初回,2023-11-14 22:30:01.360000,151.51700,1.00
2023-11-01,2023-11-30,20260209_065028,20260209_065028-0011,1,初回,2023-11-15 22:30:02.824000,150.18800,1.00
2023-11-01,2023-11-30,20260209_065028,20260209_065028-0012,1,初回,2023-11-15 22:30:10.506000,150.08700,1.00
2023-11-01,2023-11-30,20260209_065028,20260209_065028-0013,1,初回,2023-11-30 23:42:00.460000,148.47600,1.00
2023-12-01,2023-12-31,20260209_065157,20260209_065157-0001,1,初回,2023-12-02 00:00:00.265000,147.98000,1.00
2023-12-01,2023-12-31,20260209_065157,20260209_065157-0002,1,初回,2023-12-02 00:01:12.295000,147.61800,1.00
2023-12-01,2023-12-31,20260209_065157,20260209_065157-0003,1,初回,2023-12-05 23:45:53.912000,147.20800,1.00
2023-12-01,2023-12-31,20260209_065157,20260209_065157-0004,1,初回,2023-12-06 00:00:01.630000,146.70700,1.00
2023-12-01,2023-12-31,20260209_065157,20260209_065157-0005,1,初回,2023-12-07 18:53:14.678000,144.85700,1.00
2023-12-01,2023-12-31,20260209_065157,20260209_065157-0006,1,初回,2023-12-08 02:47:26.189000,141.64200,1.00
2023-12-01,2023-12-31,20260209_065157,20260209_065157-0007,1,初回,2023-12-08 22:30:02.542000,144.64500,1.00
2023-12-01,2023-12-31,20260209_065157,20260209_065157-0008,1,初回,2023-12-11 16:40:11.383000,145.67200,1.00
2023-12-01,2023-12-31,20260209_065157,20260209_065157-0009,1,初回,2023-12-11 16:40:11.897000,145.68600,1.00
2023-12-01,2023-12-31,20260209_065157,20260209_065157-0010,1,初回,2023-12-12 22:30:15.436000,145.05200,1.00
2023-12-01,2023-12-31,20260209_065157,20260209_065157-0011,1,初回,2023-12-14 04:00:01.114000,144.89100,1.00
2023-12-01,2023-12-31,20260209_065157,20260209_065157-0012,1,初回,2023-12-14 04:00:01.729000,144.76900,1.00
2023-12-01,2023-12-31,20260209_065157,20260209_065157-0013,1,初回,2023-12-14 22:30:43.962000,142.14600,1.00
2023-12-01,2023-12-31,20260209_065157,20260209_065157-0014,1,初回,2023-12-14 22:30:50.020000,142.25700,1.00
2023-12-01,2023-12-31,20260209_065157,20260209_065157-0015,1,初回,2023-12-15 22:30:01.777000,141.51600,1.00
2023-12-01,2023-12-31,20260209_065157,20260209_065157-0016,1,初回,2023-12-15 22:30:02.083000,141.50800,1.00
2023-12-01,2023-12-31,20260209_065157,20260209_065157-0017,1,初回,2023-12-19 11:49:07.190000,143.14200,1.00
2023-12-01,2023-12-31,20260209_065157,20260209_065157-0018,1,初回,2023-12-19 15:36:31.347000,143.26100,1.00
2023-12-01,2023-12-31,20260209_065157,20260209_065157-0019,1,初回,2023-12-19 15:36:35.626000,142.50400,1.00
2023-12-01,2023-12-31,20260209_065157,20260209_065157-0020,1,初回,2023-12-19 16:18:28.702000,143.76300,1.00
2023-12-01,2023-12-31,20260209_065157,20260209_065157-0021,1,初回,2023-12-21 22:30:11.155000,142.66000,1.00
2023-12-01,2023-12-31,20260209_065157,20260209_065157-0022,1,初回,2023-12-28 04:30:53.551000,141.85500,1.00
2023-12-01,2023-12-31,20260209_065157,20260209_065157-0023,1,初回,2023-12-29 01:01:11.265000,141.23500,1.00
2024-01-01,2024-01-31,20260209_065326,20260209_065326-0001,1,初回,2024-01-04 14:35:10.016000,143.86500,1.00
2024-01-01,2024-01-31,20260209_065326,20260209_065326-0002,1,初回,2024-01-05 22:30:01.563000,145.38300,1.00
2024-01-01,2024-01-31,20260209_065326,20260209_065326-0003,1,初回,2024-01-11 22:30:00.988000,145.00200,1.00
2024-01-01,2024-01-31,20260209_065326,20260209_065326-0004,1,初回,2024-01-11 22:30:02.903000,145.80800,1.00
2024-01-01,2024-01-31,20260209_065326,20260209_065326-0005,1,初回,2024-01-11 22:30:02.799000,145.79700,1.00
2024-01-01,2024-01-31,20260209_065326,20260209_065326-0006,1,初回,2024-01-17 22:30:04.379000,147.95100,1.00
2024-01-01,2024-01-31,20260209_065326,20260209_065326-0007,1,初回,2024-01-17 22:30:04.328000,147.94700,1.00
2024-01-01,2024-01-31,20260209_065326,20260209_065326-0008,1,初回,2024-01-18 22:30:01.460000,148.14000,1.00
2024-01-01,2024-01-31,20260209_065326,20260209_065326-0009,1,初回,2024-01-23 12:09:03.355000,148.27800,1.00
2024-01-01,2024-01-31,20260209_065326,20260209_065326-0010,1,初回,2024-01-23 12:09:03.920000,148.27500,1.00
2024-01-01,2024-01-31,20260209_065326,20260209_065326-0011,1,初回,2024-01-23 12:09:06.188000,148.50200,1.00
2024-01-01,2024-01-31,20260209_065326,20260209_065326-0012,1,初回,2024-01-23 20:27:22.669000,148.14600,1.00
2024-01-01,2024-01-31,20260209_065326,20260209_065326-0013,1,初回,2024-01-25 22:30:02.769000,147.85900,1.00
2024-01-01,2024-01-31,20260209_065326,20260209_065326-0014,1,初回,2024-01-25 22:30:04.099000,147.90600,1.00
2024-01-01,2024-01-31,20260209_065326,20260209_065326-0015,1,初回,2024-01-26 22:30:09.554000,147.50500,1.00
2024-01-01,2024-01-31,20260209_065326,20260209_065326-0016,1,初回,2024-01-26 22:30:10.345000,147.42300,1.00
2024-02-01,2024-02-29,20260209_065446,20260209_065446-0001,1,初回,2024-02-01 04:00:04.389000,146.09600,1.00
2024-02-01,2024-02-29,20260209_065446,20260209_065446-0002,1,初回,2024-02-01 04:00:07.235000,146.56700,1.00
2024-02-01,2024-02-29,20260209_065446,20260209_065446-0003,1,初回,2024-02-01 04:00:11.916000,146.74300,1.00
2024-02-01,2024-02-29,20260209_065446,20260209_065446-0004,1,初回,2024-02-02 22:30:01.232000,146.78400,1.00
2024-02-01,2024-02-29,20260209_065446,20260209_065446-0005,1,初回,2024-02-02 22:30:01.802000,147.03500,1.00
2024-02-01,2024-02-29,20260209_065446,20260209_065446-0006,1,初回,2024-02-02 22:30:02.109000,147.13800,1.00
2024-02-01,2024-02-29,20260209_065446,20260209_065446-0007,1,初回,2024-02-09 22:31:06.417000,149.29800,1.00
2024-02-01,2024-02-29,20260209_065446,20260209_065446-0008,1,初回,2024-02-09 22:31:06.833000,149.24700,1.00
2024-02-01,2024-02-29,20260209_065446,20260209_065446-0009,1,初回,2024-02-13 22:30:01.265000,149.71200,1.00
2024-02-01,2024-02-29,20260209_065446,20260209_065446-0010,1,初回,2024-02-15 22:30:16.797000,149.54800,1.00
2024-02-01,2024-02-29,20260209_065446,20260209_065446-0011,1,初回,2024-02-16 22:30:06.680000,150.61600,1.00
2024-02-01,2024-02-29,20260209_065446,20260209_065446-0012,1,初回,2024-02-22 04:00:07.272000,150.38000,1.00
2024-02-01,2024-02-29,20260209_065446,20260209_065446-0013,1,初回,2024-02-22 22:30:00.703000,150.56900,1.00
2024-03-01,2024-03-31,20260209_065551,20260209_065551-0001,1,初回,2024-03-06 00:00:00.158000,149.98200,1.00
2024-03-01,2024-03-31,20260209_065551,20260209_065551-0002,1,初回,2024-03-06 00:00:08.424000,149.87400,1.00
2024-03-01,2024-03-31,20260209_065551,20260209_065551-0003,1,初回,2024-03-08 22:30:44.531000,146.90300,1.00
2024-03-01,2024-03-31,20260209_065551,20260209_065551-0004,1,初回,2024-03-12 21:30:01.341000,147.82000,1.00
2024-03-01,2024-03-31,20260209_065551,20260209_065551-0005,1,初回,2024-03-12 21:30:04.794000,148.09500,1.00
2024-03-01,2024-03-31,20260209_065551,20260209_065551-0006,1,初回,2024-03-12 21:30:09.305000,148.13800,1.00
2024-03-01,2024-03-31,20260209_065551,20260209_065551-0007,1,初回,2024-03-14 22:21:31.407000,147.56600,1.00
2024-03-01,2024-03-31,20260209_065551,20260209_065551-0008,1,初回,2024-03-14 22:21:34.740000,147.49400,1.00
2024-03-01,2024-03-31,20260209_065551,20260209_065551-0009,1,初回,2024-03-15 15:51:46.671000,148.13600,1.00
2024-03-01,2024-03-31,20260209_065551,20260209_065551-0010,1,初回,2024-03-19 12:35:15.683000,149.02100,1.00
2024-03-01,2024-03-31,20260209_065551,20260209_065551-0011,1,初回,2024-03-19 12:35:23.580000,149.36400,1.00
2024-03-01,2024-03-31,20260209_065551,20260209_065551-0012,1,初回,2024-03-19 12:40:53.641000,149.91500,1.00
2024-03-01,2024-03-31,20260209_065551,20260209_065551-0013,1,初回,2024-03-19 14:24:02.907000,150.37500,1.00
2024-03-01,2024-03-31,20260209_065551,20260209_065551-0014,1,初回,2024-03-21 03:33:41.236000,151.68500,1.00
2024-03-01,2024-03-31,20260209_065551,20260209_065551-0015,1,初回,2024-03-27 18:01:59.869000,151.48000,1.00
2024-04-01,2024-04-30,20260209_065647,20260209_065647-0001,1,初回,2024-04-03 23:00:00.475000,151.65400,1.00
2024-04-01,2024-04-30,20260209_065647,20260209_065647-0002,1,初回,2024-04-10 21:30:01.412000,151.95300,1.00
2024-04-01,2024-04-30,20260209_065647,20260209_065647-0003,1,初回,2024-04-15 23:37:19.547000,153.86500,1.00
2024-04-01,2024-04-30,20260209_065647,20260209_065647-0004,1,初回,2024-04-16 22:39:14.448000,154.16800,1.00
2024-04-01,2024-04-30,20260209_065647,20260209_065647-0005,1,初回,2024-04-16 22:39:17.614000,153.93000,1.00
2024-04-01,2024-04-30,20260209_065647,20260209_065647-0006,1,初回,2024-04-18 01:25:57.623000,154.28000,1.00
2024-04-01,2024-04-30,20260209_065647,20260209_065647-0007,1,初回,2024-04-18 11:14:04.447000,153.99300,1.00
2024-04-01,2024-04-30,20260209_065647,20260209_065647-0008,1,初回,2024-04-23 22:45:00.380000,154.68500,1.00
2024-04-01,2024-04-30,20260209_065647,20260209_065647-0009,1,初回,2024-04-23 22:45:00.494000,154.63200,1.00
2024-04-01,2024-04-30,20260209_065647,20260209_065647-0010,1,初回,2024-04-23 22:45:00.769000,154.59700,1.00
2024-04-01,2024-04-30,20260209_065647,20260209_065647-0011,1,初回,2024-04-25 21:30:14.203000,155.34200,1.00
2024-04-01,2024-04-30,20260209_065647,20260209_065647-0012,1,初回,2024-04-26 12:22:48.769000,155.44600,1.00
2024-04-01,2024-04-30,20260209_065647,20260209_065647-0013,1,初回,2024-04-26 17:02:31.364000,154.97900,1.00
2024-04-01,2024-04-30,20260209_065647,20260209_065647-0014,1,初回,2024-04-26 17:02:28.887000,155.00300,1.00
2024-04-01,2024-04-30,20260209_065647,20260209_065647-0015,1,初回,2024-04-26 21:30:15.645000,156.83800,1.00
2024-04-01,2024-04-30,20260209_065647,20260209_065647-0016,1,初回,2024-04-29 13:16:09.667000,157.61600,1.00
2024-04-01,2024-04-30,20260209_065647,20260209_065647-0017,1,初回,2024-04-29 13:19:40.943000,156.60800,1.00
2024-04-01,2024-04-30,20260209_065647,20260209_065647-0018,1,初回,2024-04-29 13:54:00.749000,155.22100,1.00
2024-04-01,2024-04-30,20260209_065647,20260209_065647-0019,1,初回,2024-04-29 14:06:36.408000,155.08000,1.00
2024-04-01,2024-04-30,20260209_065647,20260209_065647-0020,1,初回,2024-04-29 16:34:40.576000,154.79700,1.00
2024-04-01,2024-04-30,20260209_065647,20260209_065647-0021,1,初回,2024-04-29 16:35:21.832000,154.58700,1.00
2024-04-01,2024-04-30,20260209_065647,20260209_065647-0022,1,初回,2024-04-29 16:35:54.177000,154.54800,1.00
2024-04-01,2024-04-30,20260209_065647,20260209_065647-0023,1,初回,2024-04-29 16:42:00.659000,155.07500,1.00
2024-04-01,2024-04-30,20260209_065647,20260209_065647-0024,1,初回,2024-04-30 16:27:07.489000,156.59400,1.00
2024-04-01,2024-04-30,20260209_065647,20260209_065647-0025,1,初回,2024-04-30 16:27:10.152000,156.51000,1.00
2024-04-01,2024-04-30,20260209_065647,20260209_065647-0026,1,初回,2024-04-30 21:30:03.570000,157.20400,1.00
2024-05-01,2024-05-31,20260209_065741,20260209_065741-0001,1,初回,2024-05-02 03:00:02.659000,157.73900,1.00
2024-05-01,2024-05-31,20260209_065741,20260209_065741-0002,1,初回,2024-05-02 03:00:12.106000,157.42000,1.00
2024-05-01,2024-05-31,20260209_065741,20260209_065741-0003,1,初回,2024-05-02 03:00:13.136000,157.34500,1.00
2024-05-01,2024-05-31,20260209_065741,20260209_065741-0004,1,初回,2024-05-03 21:30:01.894000,152.70200,1.00
2024-05-01,2024-05-31,20260209_065741,20260209_065741-0005,1,初回,2024-05-09 00:47:14.907000,155.37100,1.00
2024-05-01,2024-05-31,20260209_065741,20260209_065741-0006,1,初回,2024-05-14 21:30:01.508000,156.53300,1.00
2024-05-01,2024-05-31,20260209_065741,20260209_065741-0007,1,初回,2024-05-15 21:30:02.375000,155.30200,1.00
2024-05-01,2024-05-31,20260209_065741,20260209_065741-0008,1,初回,2024-05-15 21:30:02.481000,155.30300,1.00
2024-05-01,2024-05-31,20260209_065741,20260209_065741-0009,1,初回,2024-05-15 21:30:03.013000,155.09900,1.00
2024-05-01,2024-05-31,20260209_065741,20260209_065741-0010,1,初回,2024-05-15 21:30:28.820000,154.78700,1.00
2024-05-01,2024-05-31,20260209_065741,20260209_065741-0011,1,初回,2024-05-23 22:45:00.648000,156.95400,1.00
2024-05-01,2024-05-31,20260209_065741,20260209_065741-0012,1,初回,2024-05-23 23:13:17.251000,156.56000,1.00
2024-05-01,2024-05-31,20260209_065741,20260209_065741-0013,1,初回,2024-05-29 15:09:03.529000,156.93200,1.00
2024-05-01,2024-05-31,20260209_065741,20260209_065741-0014,1,初回,2024-05-30 22:11:50.663000,156.40900,1.00
2024-05-01,2024-05-31,20260209_065741,20260209_065741-0015,1,初回,2024-05-31 22:42:00.337000,156.77700,1.00
2024-06-01,2024-06-30,20260209_065834,20260209_065834-0001,1,初回,2024-06-04 18:20:40.224000,155.07100,1.00
2024-06-01,2024-06-30,20260209_065834,20260209_065834-0002,1,初回,2024-06-04 23:00:01.268000,154.72800,1.00
2024-06-01,2024-06-30,20260209_065834,20260209_065834-0003,1,初回,2024-06-04 23:00:05.463000,154.58700,1.00
2024-06-01,2024-06-30,20260209_065834,20260209_065834-0004,1,初回,2024-06-07 21:30:01.611000,155.31900,1.00
2024-06-01,2024-06-30,20260209_065834,20260209_065834-0005,1,初回,2024-06-07 21:30:01.815000,155.79300,1.00
2024-06-01,2024-06-30,20260209_065834,20260209_065834-0006,1,初回,2024-06-07 21:30:02.847000,155.91000,1.00
2024-06-01,2024-06-30,20260209_065834,20260209_065834-0007,1,初回,2024-06-07 21:30:30.105000,156.32300,1.00
2024-06-01,2024-06-30,20260209_065834,20260209_065834-0008,1,初回,2024-06-07 21:30:39.248000,156.42900,1.00
2024-06-01,2024-06-30,20260209_065834,20260209_065834-0009,1,初回,2024-06-12 21:30:01.725000,156.84200,1.00
2024-06-01,2024-06-30,20260209_065834,20260209_065834-0010,1,初回,2024-06-12 21:30:01.930000,156.82000,1.00
2024-06-01,2024-06-30,20260209_065834,20260209_065834-0011,1,初回,2024-06-12 21:30:02.237000,156.72400,1.00
2024-06-01,2024-06-30,20260209_065834,20260209_065834-0012,1,初回,2024-06-12 21:30:32.772000,156.39400,1.00
2024-06-01,2024-06-30,20260209_065834,20260209_065834-0013,1,初回,2024-06-14 12:10:02.889000,156.83000,1.00
2024-06-01,2024-06-30,20260209_065834,20260209_065834-0014,1,初回,2024-06-14 12:23:07.731000,157.31400,1.00
2024-06-01,2024-06-30,20260209_065834,20260209_065834-0015,1,初回,2024-06-14 12:23:08.450000,157.35200,1.00
2024-06-01,2024-06-30,20260209_065834,20260209_065834-0016,1,初回,2024-06-14 12:23:08.757000,157.38600,1.00
2024-06-01,2024-06-30,20260209_065834,20260209_065834-0017,1,初回,2024-06-14 15:39:47.768000,157.64300,1.00
2024-06-01,2024-06-30,20260209_065834,20260209_065834-0018,1,初回,2024-06-14 18:41:51.537000,156.94900,1.00
2024-06-01,2024-06-30,20260209_065834,20260209_065834-0019,1,初回,2024-06-21 22:45:01.404000,159.09800,1.00
2024-06-01,2024-06-30,20260209_065834,20260209_065834-0020,1,初回,2024-06-21 22:45:00.623000,159.10000,1.00
2024-06-01,2024-06-30,20260209_065834,20260209_065834-0021,1,初回,2024-06-24 19:05:42.657000,159.47400,1.00
2024-06-01,2024-06-30,20260209_065834,20260209_065834-0022,1,初回,2024-06-24 19:07:04.280000,158.77500,1.00
2024-06-01,2024-06-30,20260209_065834,20260209_065834-0023,1,初回,2024-06-27 21:30:02.751000,160.32400,1.00
2024-06-01,2024-06-30,20260209_065834,20260209_065834-0024,1,初回,2024-06-28 21:30:03.134000,160.39200,1.00
2024-06-01,2024-06-30,20260209_065834,20260209_065834-0025,1,初回,2024-06-28 21:30:03.344000,160.38400,1.00
2024-07-01,2024-07-31,20260209_065954,20260209_065954-0001,1,初回,2024-07-01 23:00:02.098000,160.98800,1.00
2024-07-01,2024-07-31,20260209_065954,20260209_065954-0002,1,初回,2024-07-03 23:00:00.336000,161.41000,1.00
2024-07-01,2024-07-31,20260209_065954,20260209_065954-0003,1,初回,2024-07-05 21:30:21.122000,160.65200,1.00
2024-07-01,2024-07-31,20260209_065954,20260209_065954-0004,1,初回,2024-07-05 21:30:24.775000,160.56900,1.00
2024-07-01,2024-07-31,20260209_065954,20260209_065954-0005,1,初回,2024-07-05 21:30:41.829000,160.36700,1.00
2024-07-01,2024-07-31,20260209_065954,20260209_065954-0006,1,初回,2024-07-05 21:37:47.529000,161.13700,1.00
2024-07-01,2024-07-31,20260209_065954,20260209_065954-0007,1,初回,2024-07-11 21:30:01.135000,161.35600,1.00
2024-07-01,2024-07-31,20260209_065954,20260209_065954-0008,1,初回,2024-07-11 21:30:01.187000,161.23300,1.00
2024-07-01,2024-07-31,20260209_065954,20260209_065954-0009,1,初回,2024-07-11 21:42:07.846000,160.49300,1.00
2024-07-01,2024-07-31,20260209_065954,20260209_065954-0010,1,初回,2024-07-11 21:42:11.632000,160.29100,1.00
2024-07-01,2024-07-31,20260209_065954,20260209_065954-0011,1,初回,2024-07-11 21:50:42.079000,158.39000,1.00
2024-07-01,2024-07-31,20260209_065954,20260209_065954-0012,1,初回,2024-07-11 22:08:00.886000,157.44300,1.00
2024-07-01,2024-07-31,20260209_065954,20260209_065954-0013,1,初回,2024-07-12 22:08:09.167000,158.54700,1.00
2024-07-01,2024-07-31,20260209_065954,20260209_065954-0014,1,初回,2024-07-12 22:09:02.885000,158.01100,1.00
2024-07-01,2024-07-31,20260209_065954,20260209_065954-0015,1,初回,2024-07-12 22:09:52.421000,157.78300,1.00
2024-07-01,2024-07-31,20260209_065954,20260209_065954-0016,1,初回,2024-07-12 22:14:59.681000,157.39100,1.00
2024-07-01,2024-07-31,20260209_065954,20260209_065954-0017,1,初回,2024-07-12 23:13:12.129000,157.39900,1.00
2024-07-01,2024-07-31,20260209_065954,20260209_065954-0018,1,初回,2024-07-16 01:41:42.722000,157.78200,1.00
2024-07-01,2024-07-31,20260209_065954,20260209_065954-0019,1,初回,2024-07-16 01:42:05.076000,157.19900,1.00
2024-07-01,2024-07-31,20260209_065954,20260209_065954-0020,1,初回,2024-07-17 17:56:44.961000,156.13700,1.00
2024-07-01,2024-07-31,20260209_065954,20260209_065954-0021,1,初回,2024-07-17 22:39:06.688000,156.18700,1.00
2024-07-01,2024-07-31,20260209_065954,20260209_065954-0022,1,初回,2024-07-18 14:41:04.160000,155.83300,1.00
2024-07-01,2024-07-31,20260209_065954,20260209_065954-0023,1,初回,2024-07-18 21:30:02.068000,156.33600,1.00
2024-07-01,2024-07-31,20260209_065954,20260209_065954-0024,1,初回,2024-07-18 22:57:44.430000,156.66200,1.00
2024-07-01,2024-07-31,20260209_065954,20260209_065954-0025,1,初回,2024-07-23 12:51:24.766000,156.22100,1.00
2024-07-01,2024-07-31,20260209_065954,20260209_065954-0026,1,初回,2024-07-24 14:08:17.541000,154.36400,1.00
2024-07-01,2024-07-31,20260209_065954,20260209_065954-0027,1,初回,2024-07-24 18:40:06.561000,154.41100,1.00
2024-07-01,2024-07-31,20260209_065954,20260209_065954-0028,1,初回,2024-07-24 18:40:11.134000,154.31000,1.00
2024-07-01,2024-07-31,20260209_065954,20260209_065954-0029,1,初回,2024-07-25 11:49:14.746000,152.54800,1.00
2024-07-01,2024-07-31,20260209_065954,20260209_065954-0030,1,初回,2024-07-25 21:35:09.945000,153.70700,1.00
2024-07-01,2024-07-31,20260209_065954,20260209_065954-0031,1,初回,2024-07-25 22:05:36.241000,153.94000,1.00
2024-07-01,2024-07-31,20260209_065954,20260209_065954-0032,1,初回,2024-07-25 22:25:55.901000,154.16500,1.00
2024-07-01,2024-07-31,20260209_065954,20260209_065954-0033,1,初回,2024-07-26 23:18:57.318000,153.53600,1.00
2024-07-01,2024-07-31,20260209_065954,20260209_065954-0034,1,初回,2024-07-26 23:19:00.161000,153.39600,1.00
2024-07-01,2024-07-31,20260209_065954,20260209_065954-0035,1,初回,2024-07-26 23:19:00.787000,153.39500,1.00
2024-07-01,2024-07-31,20260209_065954,20260209_065954-0036,1,初回,2024-07-26 23:19:04.301000,153.26700,1.00
2024-07-01,2024-07-31,20260209_065954,20260209_065954-0037,1,初回,2024-07-26 23:19:06.141000,153.11200,1.00
2024-07-01,2024-07-31,20260209_065954,20260209_065954-0038,1,初回,2024-07-31 00:04:18.303000,153.88600,1.00
2024-07-01,2024-07-31,20260209_065954,20260209_065954-0039,1,初回,2024-07-31 12:45:56.828000,152.20200,1.00
2024-07-01,2024-07-31,20260209_065954,20260209_065954-0040,1,初回,2024-07-31 12:56:18.374000,152.14500,1.00
2024-07-01,2024-07-31,20260209_065954,20260209_065954-0041,1,初回,2024-07-31 12:56:29.643000,152.10200,1.00
2024-07-01,2024-07-31,20260209_065954,20260209_065954-0042,1,初回,2024-07-31 12:56:34.483000,151.96400,1.00
2024-07-01,2024-07-31,20260209_065954,20260209_065954-0043,1,初回,2024-07-31 12:56:42.999000,151.62600,1.00
2024-07-01,2024-07-31,20260209_065954,20260209_065954-0044,1,初回,2024-07-31 12:59:42.865000,153.82000,1.00
2024-07-01,2024-07-31,20260209_065954,20260209_065954-0045,1,初回,2024-07-31 13:00:19.717000,153.87400,1.00
2024-07-01,2024-07-31,20260209_065954,20260209_065954-0046,1,初回,2024-07-31 16:54:41.184000,150.64400,1.00
2024-07-01,2024-07-31,20260209_065954,20260209_065954-0047,1,初回,2024-07-31 17:08:53.296000,150.08900,1.00
2024-07-01,2024-07-31,20260209_065954,20260209_065954-0048,1,初回,2024-07-31 21:30:01.216000,149.81900,1.00
2024-07-01,2024-07-31,20260209_065954,20260209_065954-0049,1,初回,2024-07-31 23:00:30.034000,149.66300,1.00
2024-08-01,2024-08-31,20260209_070207,20260209_070207-0001,1,初回,2024-08-01 21:39:21.326000,150.59500,1.00
2024-08-01,2024-08-31,20260209_070207,20260209_070207-0002,1,初回,2024-08-02 21:30:01.222000,148.55500,1.00
2024-08-01,2024-08-31,20260209_070207,20260209_070207-0003,1,初回,2024-08-02 21:30:01.583000,148.54300,1.00
2024-08-01,2024-08-31,20260209_070207,20260209_070207-0004,1,初回,2024-08-03 01:04:53.555000,147.38500,1.00
2024-08-01,2024-08-31,20260209_070207,20260209_070207-0005,1,初回,2024-08-05 12:12:06.688000,144.77200,1.00
2024-08-01,2024-08-31,20260209_070207,20260209_070207-0006,1,初回,2024-08-05 12:56:46.033000,144.20300,1.00
2024-08-01,2024-08-31,20260209_070207,20260209_070207-0007,1,初回,2024-08-05 13:26:48.845000,142.20800,1.00
2024-08-01,2024-08-31,20260209_070207,20260209_070207-0008,1,初回,2024-08-05 15:06:11.223000,141.71600,1.00
2024-08-01,2024-08-31,20260209_070207,20260209_070207-0009,1,初回,2024-08-05 21:38:21.914000,141.94600,1.00
2024-08-01,2024-08-31,20260209_070207,20260209_070207-0010,1,初回,2024-08-05 22:45:55.527000,142.93300,1.00
2024-08-01,2024-08-31,20260209_070207,20260209_070207-0011,1,初回,2024-08-05 22:45:57.501000,142.95700,1.00
2024-08-01,2024-08-31,20260209_070207,20260209_070207-0012,1,初回,2024-08-05 23:03:42.955000,143.82300,1.00
2024-08-01,2024-08-31,20260209_070207,20260209_070207-0013,1,初回,2024-08-06 00:01:24.088000,142.35900,1.00
2024-08-01,2024-08-31,20260209_070207,20260209_070207-0014,1,初回,2024-08-06 14:40:17.065000,146.11500,1.00
2024-08-01,2024-08-31,20260209_070207,20260209_070207-0015,1,初回,2024-08-06 15:20:44.917000,146.28500,1.00
2024-08-01,2024-08-31,20260209_070207,20260209_070207-0016,1,初回,2024-08-06 19:10:03.180000,144.39300,1.00
2024-08-01,2024-08-31,20260209_070207,20260209_070207-0017,1,初回,2024-08-06 21:34:31.158000,144.52000,1.00
2024-08-01,2024-08-31,20260209_070207,20260209_070207-0018,1,初回,2024-08-07 15:01:02.631000,146.86700,1.00
2024-08-01,2024-08-31,20260209_070207,20260209_070207-0019,1,初回,2024-08-07 15:35:41.713000,146.46300,1.00
2024-08-01,2024-08-31,20260209_070207,20260209_070207-0020,1,初回,2024-08-08 21:30:01.103000,146.27100,1.00
2024-08-01,2024-08-31,20260209_070207,20260209_070207-0021,1,初回,2024-08-08 21:30:06.839000,146.49400,1.00
2024-08-01,2024-08-31,20260209_070207,20260209_070207-0022,1,初回,2024-08-09 13:57:28.614000,146.84700,1.00
2024-08-01,2024-08-31,20260209_070207,20260209_070207-0023,1,初回,2024-08-13 00:25:06.932000,147.27600,1.00
2024-08-01,2024-08-31,20260209_070207,20260209_070207-0024,1,初回,2024-08-13 22:14:04.270000,146.94700,1.00
2024-08-01,2024-08-31,20260209_070207,20260209_070207-0025,1,初回,2024-08-13 22:14:10.496000,146.88100,1.00
2024-08-01,2024-08-31,20260209_070207,20260209_070207-0026,1,初回,2024-08-14 21:30:01.209000,146.80800,1.00
2024-08-01,2024-08-31,20260209_070207,20260209_070207-0027,1,初回,2024-08-14 21:30:02.190000,146.54100,1.00
2024-08-01,2024-08-31,20260209_070207,20260209_070207-0028,1,初回,2024-08-15 21:30:01.445000,147.62000,1.00
2024-08-01,2024-08-31,20260209_070207,20260209_070207-0029,1,初回,2024-08-15 21:30:16.851000,147.92200,1.00
2024-08-01,2024-08-31,20260209_070207,20260209_070207-0030,1,初回,2024-08-15 21:30:44.956000,148.19300,1.00
2024-08-01,2024-08-31,20260209_070207,20260209_070207-0031,1,初回,2024-08-19 13:39:04.981000,145.90100,1.00
2024-08-01,2024-08-31,20260209_070207,20260209_070207-0032,1,初回,2024-08-19 23:10:38.443000,146.64700,1.00
2024-08-01,2024-08-31,20260209_070207,20260209_070207-0033,1,初回,2024-08-21 23:00:10.169000,146.20800,1.00
2024-08-01,2024-08-31,20260209_070207,20260209_070207-0034,1,初回,2024-08-21 23:00:12.593000,146.54000,1.00
2024-08-01,2024-08-31,20260209_070207,20260209_070207-0035,1,初回,2024-08-21 23:00:14.490000,146.87500,1.00
2024-08-01,2024-08-31,20260209_070207,20260209_070207-0036,1,初回,2024-08-21 23:32:23.497000,145.53500,1.00
2024-08-01,2024-08-31,20260209_070207,20260209_070207-0037,1,初回,2024-08-22 03:00:04.155000,144.87800,1.00
2024-08-01,2024-08-31,20260209_070207,20260209_070207-0038,1,初回,2024-08-22 21:30:11.706000,146.11900,1.00
2024-08-01,2024-08-31,20260209_070207,20260209_070207-0039,1,初回,2024-08-22 21:30:33.746000,146.31600,1.00
2024-08-01,2024-08-31,20260209_070207,20260209_070207-0040,1,初回,2024-08-22 22:45:01.574000,146.46900,1.00
2024-08-01,2024-08-31,20260209_070207,20260209_070207-0041,1,初回,2024-08-29 21:30:10.127000,144.83300,1.00
2024-08-01,2024-08-31,20260209_070207,20260209_070207-0042,1,初回,2024-08-29 21:30:17.439000,145.01300,1.00
2024-08-01,2024-08-31,20260209_070207,20260209_070207-0043,1,初回,2024-08-29 21:30:54.677000,145.15100,1.00
2024-08-01,2024-08-31,20260209_070207,20260209_070207-0044,1,初回,2024-08-30 21:32:08.627000,145.42700,1.00
2024-09-01,2024-09-30,20260209_070403,20260209_070403-0001,1,初回,2024-09-03 23:00:00.285000,145.28800,1.00
2024-09-01,2024-09-30,20260209_070403,20260209_070403-0002,1,初回,2024-09-03 23:00:00.439000,145.12600,1.00
2024-09-01,2024-09-30,20260209_070403,20260209_070403-0003,1,初回,2024-09-06 21:30:00.784000,143.38800,1.00
2024-09-01,2024-09-30,20260209_070403,20260209_070403-0004,1,初回,2024-09-06 21:30:11.566000,144.04100,1.00
2024-09-01,2024-09-30,20260209_070403,20260209_070403-0005,1,初回,2024-09-06 21:31:54.304000,142.09100,1.00
2024-09-01,2024-09-30,20260209_070403,20260209_070403-0006,1,初回,2024-09-07 00:00:08.395000,142.24800,1.00
2024-09-01,2024-09-30,20260209_070403,20260209_070403-0007,1,初回,2024-09-07 00:00:14.441000,141.99800,1.00
2024-09-01,2024-09-30,20260209_070403,20260209_070403-0008,1,初回,2024-09-07 00:00:45.358000,141.78600,1.00
2024-09-01,2024-09-30,20260209_070403,20260209_070403-0009,1,初回,2024-09-10 17:18:09.702000,143.68100,1.00
2024-09-01,2024-09-30,20260209_070403,20260209_070403-0010,1,初回,2024-09-11 13:21:42.444000,140.91400,1.00
2024-09-01,2024-09-30,20260209_070403,20260209_070403-0011,1,初回,2024-09-11 21:30:01.405000,142.05400,1.00
2024-09-01,2024-09-30,20260209_070403,20260209_070403-0012,1,初回,2024-09-13 22:50:08.539000,140.32100,1.00
2024-09-01,2024-09-30,20260209_070403,20260209_070403-0013,1,初回,2024-09-17 21:31:28.232000,140.81300,1.00
2024-09-01,2024-09-30,20260209_070403,20260209_070403-0014,1,初回,2024-09-20 11:52:08.829000,142.74400,1.00
2024-09-01,2024-09-30,20260209_070403,20260209_070403-0015,1,初回,2024-09-20 12:07:04.118000,141.98000,1.00
2024-09-01,2024-09-30,20260209_070403,20260209_070403-0016,1,初回,2024-09-23 22:45:00.551000,143.46700,1.00
2024-09-01,2024-09-30,20260209_070403,20260209_070403-0017,1,初回,2024-09-23 22:45:13.539000,143.84800,1.00
2024-09-01,2024-09-30,20260209_070403,20260209_070403-0018,1,初回,2024-09-27 15:23:14.651000,144.14600,1.00
2024-09-01,2024-09-30,20260209_070403,20260209_070403-0019,1,初回,2024-09-27 15:23:14.912000,144.13100,1.00
2024-09-01,2024-09-30,20260209_070403,20260209_070403-0020,1,初回,2024-09-27 15:23:26.675000,143.84400,1.00
2024-09-01,2024-09-30,20260209_070403,20260209_070403-0021,1,初回,2024-09-27 15:57:10.697000,143.16300,1.00
2024-09-01,2024-09-30,20260209_070403,20260209_070403-0022,1,初回,2024-09-27 16:08:24.996000,142.80800,1.00
2024-09-01,2024-09-30,20260209_070403,20260209_070403-0023,1,初回,2024-09-27 16:13:39.967000,143.12900,1.00
2024-09-01,2024-09-30,20260209_070403,20260209_070403-0024,1,初回,2024-09-27 16:23:01.912000,142.92600,1.00
2024-09-01,2024-09-30,20260209_070403,20260209_070403-0025,1,初回,2024-09-27 23:00:31.388000,142.41800,1.00
2024-10-01,2024-10-31,20260209_070526,20260209_070526-0001,1,初回,2024-10-01 03:26:44.243000,143.89100,1.00
2024-10-01,2024-10-31,20260209_070526,20260209_070526-0002,1,初回,2024-10-01 23:11:18.869000,143.12800,1.00
2024-10-01,2024-10-31,20260209_070526,20260209_070526-0003,1,初回,2024-10-03 21:30:00.700000,146.51000,1.00
2024-10-01,2024-10-31,20260209_070526,20260209_070526-0004,1,初回,2024-10-03 23:00:00.388000,146.97300,1.00
2024-10-01,2024-10-31,20260209_070526,20260209_070526-0005,1,初回,2024-10-04 21:30:01.246000,146.95700,1.00
2024-10-01,2024-10-31,20260209_070526,20260209_070526-0006,1,初回,2024-10-04 21:30:03.944000,147.20500,1.00
2024-10-01,2024-10-31,20260209_070526,20260209_070526-0007,1,初回,2024-10-04 21:30:04.157000,147.24500,1.00
2024-10-01,2024-10-31,20260209_070526,20260209_070526-0008,1,初回,2024-10-10 21:30:01.003000,148.70800,1.00
2024-10-01,2024-10-31,20260209_070526,20260209_070526-0009,1,初回,2024-10-10 21:30:01.903000,149.33000,1.00
2024-10-01,2024-10-31,20260209_070526,20260209_070526-0010,1,初回,2024-10-10 21:30:02.899000,149.53100,1.00
2024-10-01,2024-10-31,20260209_070526,20260209_070526-0011,1,初回,2024-10-10 21:30:02.951000,149.55800,1.00
2024-10-01,2024-10-31,20260209_070526,20260209_070526-0012,1,初回,2024-10-10 21:30:16.229000,148.25500,1.00
2024-10-01,2024-10-31,20260209_070526,20260209_070526-0013,1,初回,2024-10-17 21:30:00.492000,149.85100,1.00
2024-10-01,2024-10-31,20260209_070526,20260209_070526-0014,1,初回,2024-10-18 19:10:15.832000,149.79600,1.00
2024-10-01,2024-10-31,20260209_070526,20260209_070526-0015,1,初回,2024-10-24 16:15:00.306000,152.08500,1.00
2024-10-01,2024-10-31,20260209_070526,20260209_070526-0016,1,初回,2024-10-29 23:00:04.166000,153.00600,1.00
2024-10-01,2024-10-31,20260209_070526,20260209_070526-0017,1,初回,2024-10-30 21:30:25.052000,153.44200,1.00
2024-10-01,2024-10-31,20260209_070526,20260209_070526-0018,1,初回,2024-10-30 21:30:26.712000,153.46000,1.00
2024-10-01,2024-10-31,20260209_070526,20260209_070526-0019,1,初回,2024-10-31 11:48:06.800000,153.55400,1.00
2024-10-01,2024-10-31,20260209_070526,20260209_070526-0020,1,初回,2024-10-31 11:48:06.904000,153.57000,1.00
2024-10-01,2024-10-31,20260209_070526,20260209_070526-0021,1,初回,2024-10-31 11:48:07.195000,153.59500,1.00
2024-10-01,2024-10-31,20260209_070526,20260209_070526-0022,1,初回,2024-10-31 15:33:58.284000,152.81500,1.00
2024-10-01,2024-10-31,20260209_070526,20260209_070526-0023,1,初回,2024-10-31 15:46:17.783000,152.44700,1.00
2024-11-01,2024-11-30,20260209_070710,20260209_070710-0001,1,初回,2024-11-01 21:30:02.541000,152.23400,1.00
2024-11-01,2024-11-30,20260209_070710,20260209_070710-0002,1,初回,2024-11-06 14:00:14.913000,153.47800,1.00
2024-11-01,2024-11-30,20260209_070710,20260209_070710-0003,1,初回,2024-11-08 04:00:02.191000,152.85700,1.00
2024-11-01,2024-11-30,20260209_070710,20260209_070710-0004,1,初回,2024-11-13 22:30:02.533000,154.78200,1.00
2024-11-01,2024-11-30,20260209_070710,20260209_070710-0005,1,初回,2024-11-13 22:30:06.221000,154.52300,1.00
2024-11-01,2024-11-30,20260209_070710,20260209_070710-0006,1,初回,2024-11-15 22:30:11.556000,155.25500,1.00
2024-11-01,2024-11-30,20260209_070710,20260209_070710-0007,1,初回,2024-11-15 22:30:15.887000,155.16000,1.00
2024-11-01,2024-11-30,20260209_070710,20260209_070710-0008,1,初回,2024-11-21 15:13:16.477000,154.58700,1.00
2024-12-01,2024-12-31,20260209_070834,20260209_070834-0001,1,初回,2024-12-05 14:42:11.066000,149.89400,1.00
2024-12-01,2024-12-31,20260209_070834,20260209_070834-0002,1,初回,2024-12-05 14:42:14.872000,149.81800,1.00
2024-12-01,2024-12-31,20260209_070834,20260209_070834-0003,1,初回,2024-12-11 18:11:05.738000,151.45100,1.00
2024-12-01,2024-12-31,20260209_070834,20260209_070834-0004,1,初回,2024-12-11 18:11:06.869000,151.45100,1.00
2024-12-01,2024-12-31,20260209_070834,20260209_070834-0005,1,初回,2024-12-11 18:11:06.489000,151.42800,1.00
2024-12-01,2024-12-31,20260209_070834,20260209_070834-0006,1,初回,2024-12-11 22:30:10.299000,152.68500,1.00
2024-12-01,2024-12-31,20260209_070834,20260209_070834-0007,1,初回,2024-12-11 22:30:13.014000,152.77500,1.00
2024-12-01,2024-12-31,20260209_070834,20260209_070834-0008,1,初回,2024-12-11 22:30:14.067000,152.82900,1.00
2024-12-01,2024-12-31,20260209_070834,20260209_070834-0009,1,初回,2024-12-11 22:30:17.905000,152.51200,1.00
2024-12-01,2024-12-31,20260209_070834,20260209_070834-0010,1,初回,2024-12-19 04:00:01.146000,154.08700,1.00
2024-12-01,2024-12-31,20260209_070834,20260209_070834-0011,1,初回,2024-12-19 04:00:01.525000,154.18300,1.00
2024-12-01,2024-12-31,20260209_070834,20260209_070834-0012,1,初回,2024-12-19 04:00:06.850000,154.22900,1.00
2024-12-01,2024-12-31,20260209_070834,20260209_070834-0013,1,初回,2024-12-19 04:01:08.397000,154.31900,1.00
2024-12-01,2024-12-31,20260209_070834,20260209_070834-0014,1,初回,2024-12-19 11:52:15.988000,154.86600,1.00
2024-12-01,2024-12-31,20260209_070834,20260209_070834-0015,1,初回,2024-12-19 11:52:59.348000,155.24800,1.00
2024-12-01,2024-12-31,20260209_070834,20260209_070834-0016,1,初回,2024-12-19 15:33:29.925000,154.94000,1.00
2024-12-01,2024-12-31,20260209_070834,20260209_070834-0017,1,初回,2024-12-20 22:30:03.251000,156.58200,1.00
2024-12-01,2024-12-31,20260209_070834,20260209_070834-0018,1,初回,2024-12-25 13:44:40.283000,157.33400,1.00
2024-12-01,2024-12-31,20260209_070834,20260209_070834-0019,1,初回,2024-12-25 13:44:24.294000,157.32400,1.00
2024-12-01,2024-12-31,20260209_070834,20260209_070834-0020,1,初回,2024-12-25 16:51:26.179000,156.93900,1.00
2024-12-01,2024-12-31,20260209_070834,20260209_070834-0021,1,初回,2024-12-25 16:51:25.569000,156.97300,1.00
2025-01-01,2025-01-31,20260209_070959,20260209_070959-0001,1,初回,2025-01-08 00:00:19.283000,158.12300,1.00
2025-01-01,2025-01-31,20260209_070959,20260209_070959-0002,1,初回,2025-01-10 22:30:01.667000,158.41900,1.00
2025-01-01,2025-01-31,20260209_070959,20260209_070959-0003,1,初回,2025-01-10 22:30:03.365000,158.52200,1.00
2025-01-01,2025-01-31,20260209_070959,20260209_070959-0004,1,初回,2025-01-14 22:30:05.113000,157.40000,1.00
2025-01-01,2025-01-31,20260209_070959,20260209_070959-0005,1,初回,2025-01-15 22:30:01.352000,156.65400,1.00
2025-01-01,2025-01-31,20260209_070959,20260209_070959-0006,1,初回,2025-01-15 22:30:01.938000,156.42400,1.00
2025-01-01,2025-01-31,20260209_070959,20260209_070959-0007,1,初回,2025-01-16 11:02:05.206000,155.51500,1.00
2025-01-01,2025-01-31,20260209_070959,20260209_070959-0008,1,初回,2025-01-21 23:45:56.087000,155.36900,1.00
2025-01-01,2025-01-31,20260209_070959,20260209_070959-0009,1,初回,2025-01-24 01:14:03.188000,156.14000,1.00
2025-01-01,2025-01-31,20260209_070959,20260209_070959-0010,1,初回,2025-01-24 12:30:03.174000,155.76800,1.00
2025-01-01,2025-01-31,20260209_070959,20260209_070959-0011,1,初回,2025-01-24 12:30:03.827000,155.73600,1.00
2025-01-01,2025-01-31,20260209_070959,20260209_070959-0012,1,初回,2025-01-24 15:44:22.759000,155.69100,1.00
2025-01-01,2025-01-31,20260209_070959,20260209_070959-0013,1,初回,2025-01-24 23:45:00.285000,156.11100,1.00
2025-01-01,2025-01-31,20260209_070959,20260209_070959-0014,1,初回,2025-01-28 15:00:33.577000,155.54700,1.00
2025-02-01,2025-02-28,20260209_071114,20260209_071114-0001,1,初回,2025-02-04 00:21:57.225000,154.03100,1.00
2025-02-01,2025-02-28,20260209_071114,20260209_071114-0002,1,初回,2025-02-05 00:00:02.439000,154.86100,1.00
2025-02-01,2025-02-28,20260209_071114,20260209_071114-0003,1,初回,2025-02-06 00:00:00.256000,152.53400,1.00
2025-02-01,2025-02-28,20260209_071114,20260209_071114-0004,1,初回,2025-02-07 22:30:03.428000,151.46400,1.00
2025-02-01,2025-02-28,20260209_071114,20260209_071114-0005,1,初回,2025-02-07 22:30:06.227000,151.34900,1.00
2025-02-01,2025-02-28,20260209_071114,20260209_071114-0006,1,初回,2025-02-07 22:31:05.962000,152.21400,1.00
2025-02-01,2025-02-28,20260209_071114,20260209_071114-0007,1,初回,2025-02-07 22:31:16.288000,152.39700,1.00
2025-02-01,2025-02-28,20260209_071114,20260209_071114-0008,1,初回,2025-02-08 00:55:03.564000,151.31200,1.00
2025-02-01,2025-02-28,20260209_071114,20260209_071114-0009,1,初回,2025-02-08 02:16:53.029000,151.81800,1.00
2025-02-01,2025-02-28,20260209_071114,20260209_071114-0010,1,初回,2025-02-12 21:58:34.721000,153.44300,1.00
2025-02-01,2025-02-28,20260209_071114,20260209_071114-0011,1,初回,2025-02-12 21:58:34.773000,153.41100,1.00
2025-02-01,2025-02-28,20260209_071114,20260209_071114-0012,1,初回,2025-02-12 22:30:00.424000,153.30100,1.00
2025-02-01,2025-02-28,20260209_071114,20260209_071114-0013,1,初回,2025-02-12 22:30:01.299000,153.87500,1.00
2025-03-01,2025-03-31,20260209_071248,20260209_071248-0001,1,初回,2025-03-05 22:04:03.611000,149.71100,1.00
2025-03-01,2025-03-31,20260209_071248,20260209_071248-0002,1,初回,2025-03-07 22:31:23.699000,147.82300,1.00
2025-03-01,2025-03-31,20260209_071248,20260209_071248-0003,1,初回,2025-03-10 20:04:03.707000,146.89200,1.00
2025-03-01,2025-03-31,20260209_071248,20260209_071248-0004,1,初回,2025-03-11 21:57:50.281000,147.90600,1.00
2025-03-01,2025-03-31,20260209_071248,20260209_071248-0005,1,初回,2025-03-13 21:30:01.218000,147.74100,1.00
2025-03-01,2025-03-31,20260209_071248,20260209_071248-0006,1,初回,2025-03-13 21:30:03.192000,147.85700,1.00
2025-03-01,2025-03-31,20260209_071248,20260209_071248-0007,1,初回,2025-03-14 16:14:19.941000,148.72200,1.00
2025-03-01,2025-03-31,20260209_071248,20260209_071248-0008,1,初回,2025-03-17 21:30:01.621000,148.43600,1.00
2025-03-01,2025-03-31,20260209_071248,20260209_071248-0009,1,初回,2025-03-17 21:30:03.478000,148.27400,1.00
2025-03-01,2025-03-31,20260209_071248,20260209_071248-0010,1,初回,2025-03-17 21:30:04.623000,148.28900,1.00
2025-03-01,2025-03-31,20260209_071248,20260209_071248-0011,1,初回,2025-03-19 11:30:42.689000,149.22600,1.00
2025-03-01,2025-03-31,20260209_071248,20260209_071248-0012,1,初回,2025-03-28 21:30:03.112000,150.93200,1.00
2025-04-01,2025-04-30,20260209_071447,20260209_071447-0001,1,初回,2025-04-03 23:00:00.135000,145.52600,1.00
2025-04-01,2025-04-30,20260209_071447,20260209_071447-0002,1,初回,2025-04-03 23:00:14.659000,145.21800,1.00
2025-04-01,2025-04-30,20260209_071447,20260209_071447-0003,1,初回,2025-04-04 20:13:35.169000,144.58900,1.00
2025-04-01,2025-04-30,20260209_071447,20260209_071447-0004,1,初回,2025-04-05 00:01:42.188000,145.86000,1.00
2025-04-01,2025-04-30,20260209_071447,20260209_071447-0005,1,初回,2025-04-07 23:10:42.176000,147.40200,1.00
2025-04-01,2025-04-30,20260209_071447,20260209_071447-0006,1,初回,2025-04-07 23:10:42.902000,147.40200,1.00
2025-04-01,2025-04-30,20260209_071447,20260209_071447-0007,1,初回,2025-04-07 23:14:00.228000,147.96200,1.00
2025-04-01,2025-04-30,20260209_071447,20260209_071447-0008,1,初回,2025-04-07 23:35:30.808000,147.06800,1.00
2025-04-01,2025-04-30,20260209_071447,20260209_071447-0009,1,初回,2025-04-08 02:00:16.122000,148.07800,1.00
2025-04-01,2025-04-30,20260209_071447,20260209_071447-0010,1,初回,2025-04-09 17:00:11.088000,145.61000,1.00
2025-04-01,2025-04-30,20260209_071447,20260209_071447-0011,1,初回,2025-04-10 02:18:44.800000,144.58800,1.00
2025-04-01,2025-04-30,20260209_071447,20260209_071447-0012,1,初回,2025-04-10 02:21:02.844000,145.74900,1.00
2025-04-01,2025-04-30,20260209_071447,20260209_071447-0013,1,初回,2025-04-10 02:22:10.492000,145.91200,1.00
2025-04-01,2025-04-30,20260209_071447,20260209_071447-0014,1,初回,2025-04-10 03:07:57.775000,148.10900,1.00
2025-04-01,2025-04-30,20260209_071447,20260209_071447-0015,1,初回,2025-04-10 03:07:57.827000,148.12500,1.00
2025-04-01,2025-04-30,20260209_071447,20260209_071447-0016,1,初回,2025-04-10 03:08:09.577000,148.25300,1.00
2025-04-01,2025-04-30,20260209_071447,20260209_071447-0017,1,初回,2025-04-10 03:11:43.979000,148.12000,1.00
2025-04-01,2025-04-30,20260209_071447,20260209_071447-0018,1,初回,2025-04-10 03:14:53.631000,147.93300,1.00
2025-04-01,2025-04-30,20260209_071447,20260209_071447-0019,1,初回,2025-04-10 21:30:31.596000,144.91600,1.00
2025-04-01,2025-04-30,20260209_071447,20260209_071447-0020,1,初回,2025-04-10 21:54:43.701000,145.37600,1.00
2025-04-01,2025-04-30,20260209_071447,20260209_071447-0021,1,初回,2025-04-11 18:51:01.144000,142.07000,1.00
2025-04-01,2025-04-30,20260209_071447,20260209_071447-0022,1,初回,2025-04-11 22:39:17.713000,143.18900,1.00
2025-04-01,2025-04-30,20260209_071447,20260209_071447-0023,1,初回,2025-04-11 22:39:44.041000,143.53900,1.00
2025-04-01,2025-04-30,20260209_071447,20260209_071447-0024,1,初回,2025-04-17 21:30:36.554000,142.42000,1.00
2025-04-01,2025-04-30,20260209_071447,20260209_071447-0025,1,初回,2025-04-23 22:37:44.911000,142.19000,1.00
2025-04-01,2025-04-30,20260209_071447,20260209_071447-0026,1,初回,2025-04-24 01:10:25.034000,142.76600,1.00
2025-04-01,2025-04-30,20260209_071447,20260209_071447-0027,1,初回,2025-04-25 19:17:25.827000,143.66800,1.00
2025-05-01,2025-05-31,20260209_071558,20260209_071558-0001,1,初回,2025-05-01 12:03:00.870000,143.21200,1.00
2025-05-01,2025-05-31,20260209_071558,20260209_071558-0002,1,初回,2025-05-01 23:00:11.301000,144.77400,1.00
2025-05-01,2025-05-31,20260209_071558,20260209_071558-0003,1,初回,2025-05-03 01:02:34.293000,144.76200,1.00
2025-05-01,2025-05-31,20260209_071558,20260209_071558-0004,1,初回,2025-05-09 20:26:54.526000,145.11300,1.00
2025-05-01,2025-05-31,20260209_071558,20260209_071558-0005,1,初回,2025-05-09 20:27:15.901000,144.96900,1.00
2025-05-01,2025-05-31,20260209_071558,20260209_071558-0006,1,初回,2025-05-12 16:00:06.006000,146.25400,1.00
2025-05-01,2025-05-31,20260209_071558,20260209_071558-0007,1,初回,2025-05-13 21:30:06.468000,147.87700,1.00
2025-05-01,2025-05-31,20260209_071558,20260209_071558-0008,1,初回,2025-05-14 18:44:07.358000,145.63600,1.00
2025-05-01,2025-05-31,20260209_071558,20260209_071558-0009,1,初回,2025-05-15 21:30:13.247000,145.66100,1.00
2025-05-01,2025-05-31,20260209_071558,20260209_071558-0010,1,初回,2025-05-20 11:57:42.680000,145.26800,1.00
2025-05-01,2025-05-31,20260209_071558,20260209_071558-0011,1,初回,2025-05-22 22:45:05.531000,143.76600,1.00
2025-05-01,2025-05-31,20260209_071558,20260209_071558-0012,1,初回,2025-05-23 20:19:59.571000,143.17700,1.00
2025-05-01,2025-05-31,20260209_071558,20260209_071558-0013,1,初回,2025-05-23 20:44:05.469000,142.84000,1.00
2025-05-01,2025-05-31,20260209_071558,20260209_071558-0014,1,初回,2025-05-27 23:00:02.354000,144.30000,1.00
2025-05-01,2025-05-31,20260209_071558,20260209_071558-0015,1,初回,2025-05-27 23:00:04.725000,144.36900,1.00
2025-05-01,2025-05-31,20260209_071558,20260209_071558-0016,1,初回,2025-05-28 14:20:06.532000,144.75600,1.00
2025-05-01,2025-05-31,20260209_071558,20260209_071558-0017,1,初回,2025-05-28 14:20:09.090000,144.73700,1.00
2025-05-01,2025-05-31,20260209_071558,20260209_071558-0018,1,初回,2025-05-29 21:05:13.086000,144.78700,1.00
2025-06-01,2025-06-30,20260209_071657,20260209_071657-0001,1,初回,2025-06-04 23:00:00.158000,143.43900,1.00
2025-06-01,2025-06-30,20260209_071657,20260209_071657-0002,1,初回,2025-06-05 21:50:03.030000,143.37900,1.00
2025-06-01,2025-06-30,20260209_071657,20260209_071657-0003,1,初回,2025-06-05 21:50:20.337000,143.66200,1.00
2025-06-01,2025-06-30,20260209_071657,20260209_071657-0004,1,初回,2025-06-06 21:30:02.208000,144.43400,1.00
2025-06-01,2025-06-30,20260209_071657,20260209_071657-0005,1,初回,2025-06-11 21:04:47.598000,145.30700,1.00
2025-06-01,2025-06-30,20260209_071657,20260209_071657-0006,1,初回,2025-06-11 21:30:06.951000,144.69100,1.00
2025-06-01,2025-06-30,20260209_071657,20260209_071657-0007,1,初回,2025-06-12 21:30:21.953000,143.44100,1.00
2025-06-01,2025-06-30,20260209_071657,20260209_071657-0008,1,初回,2025-06-17 21:30:01.162000,144.44000,1.00
2025-06-01,2025-06-30,20260209_071657,20260209_071657-0009,1,初回,2025-06-17 21:30:01.370000,144.41500,1.00
2025-06-01,2025-06-30,20260209_071657,20260209_071657-0010,1,初回,2025-06-17 21:30:03.349000,144.44500,1.00
2025-06-01,2025-06-30,20260209_071657,20260209_071657-0011,1,初回,2025-06-19 03:00:15.175000,144.56200,1.00
2025-07-01,2025-07-31,20260209_071750,20260209_071750-0001,1,初回,2025-07-03 21:30:01.420000,144.32500,1.00
2025-07-01,2025-07-31,20260209_071750,20260209_071750-0002,1,初回,2025-07-03 21:30:02.089000,144.46900,1.00
2025-07-01,2025-07-31,20260209_071750,20260209_071750-0003,1,初回,2025-07-10 21:30:21.043000,146.43500,1.00
2025-07-01,2025-07-31,20260209_071750,20260209_071750-0004,1,初回,2025-07-16 21:30:14.937000,148.50500,1.00
2025-07-01,2025-07-31,20260209_071750,20260209_071750-0005,1,初回,2025-07-17 00:16:32.851000,147.68300,1.00
2025-07-01,2025-07-31,20260209_071750,20260209_071750-0006,1,初回,2025-07-17 00:16:34.064000,147.57300,1.00
2025-07-01,2025-07-31,20260209_071750,20260209_071750-0007,1,初回,2025-07-17 00:17:51.891000,147.18000,1.00
2025-07-01,2025-07-31,20260209_071750,20260209_071750-0008,1,初回,2025-07-17 00:30:38.593000,146.94500,1.00
2025-07-01,2025-07-31,20260209_071750,20260209_071750-0009,1,初回,2025-07-17 21:30:01.908000,148.89800,1.00
2025-07-01,2025-07-31,20260209_071750,20260209_071750-0010,1,初回,2025-07-22 21:51:39.685000,146.77400,1.00
2025-07-01,2025-07-31,20260209_071750,20260209_071750-0011,1,初回,2025-07-23 11:20:58.183000,146.91600,1.00
2025-08-01,2025-08-31,20260209_071843,20260209_071843-0001,1,初回,2025-08-01 21:30:01.313000,150.31200,1.00
2025-08-01,2025-08-31,20260209_071843,20260209_071843-0002,1,初回,2025-08-01 23:00:00.125000,147.97900,1.00
2025-08-01,2025-08-31,20260209_071843,20260209_071843-0003,1,初回,2025-08-05 23:00:02.105000,147.53800,1.00
2025-08-01,2025-08-31,20260209_071843,20260209_071843-0004,1,初回,2025-08-07 23:08:33.456000,147.46300,1.00
2025-08-01,2025-08-31,20260209_071843,20260209_071843-0005,1,初回,2025-08-12 21:30:09.652000,147.89900,1.00
2025-08-01,2025-08-31,20260209_071843,20260209_071843-0006,1,初回,2025-08-12 21:30:12.300000,147.89400,1.00
2025-08-01,2025-08-31,20260209_071843,20260209_071843-0007,1,初回,2025-08-14 21:30:02.152000,146.74200,1.00
2025-08-01,2025-08-31,20260209_071843,20260209_071843-0008,1,初回,2025-08-22 23:00:01.812000,148.44500,1.00
2025-08-01,2025-08-31,20260209_071843,20260209_071843-0009,1,初回,2025-08-22 23:00:02.960000,148.30700,1.00
2025-09-01,2025-09-30,20260209_071933,20260209_071933-0001,1,初回,2025-09-03 23:00:01.760000,148.46600,1.00
2025-09-01,2025-09-30,20260209_071933,20260209_071933-0002,1,初回,2025-09-04 21:15:01.816000,148.05000,1.00
2025-09-01,2025-09-30,20260209_071933,20260209_071933-0003,1,初回,2025-09-04 23:00:00.294000,148.54500,1.00
2025-09-01,2025-09-30,20260209_071933,20260209_071933-0004,1,初回,2025-09-05 21:30:01.201000,147.67900,1.00
2025-09-01,2025-09-30,20260209_071933,20260209_071933-0005,1,初回,2025-09-05 21:30:43.337000,147.21800,1.00
2025-09-01,2025-09-30,20260209_071933,20260209_071933-0006,1,初回,2025-09-10 21:30:01.427000,147.29600,1.00
2025-09-01,2025-09-30,20260209_071933,20260209_071933-0007,1,初回,2025-09-10 21:30:03.851000,147.11800,1.00
2025-09-01,2025-09-30,20260209_071933,20260209_071933-0008,1,初回,2025-09-11 21:30:04.708000,148.15100,1.00
2025-09-01,2025-09-30,20260209_071933,20260209_071933-0009,1,初回,2025-09-18 03:00:00.927000,146.16600,1.00
2025-09-01,2025-09-30,20260209_071933,20260209_071933-0010,1,初回,2025-09-18 03:50:01.735000,146.65200,1.00
2025-09-01,2025-09-30,20260209_071933,20260209_071933-0011,1,初回,2025-09-18 21:30:08.346000,147.50900,1.00
2025-10-01,2025-10-31,20260209_072027,20260209_072027-0001,1,初回,2025-10-01 21:15:47.320000,146.90200,1.00
2025-10-01,2025-10-31,20260209_072027,20260209_072027-0002,1,初回,2025-10-03 23:00:00.307000,147.09000,1.00
2025-10-01,2025-10-31,20260209_072027,20260209_072027-0003,1,初回,2025-10-03 23:00:00.461000,147.10600,1.00
2025-10-01,2025-10-31,20260209_072027,20260209_072027-0004,1,初回,2025-10-09 22:07:02.848000,152.44200,1.00
2025-10-01,2025-10-31,20260209_072027,20260209_072027-0005,1,初回,2025-10-09 22:07:03.007000,152.41300,1.00
2025-10-01,2025-10-31,20260209_072027,20260209_072027-0006,1,初回,2025-10-09 22:11:28.107000,152.13800,1.00
2025-10-01,2025-10-31,20260209_072027,20260209_072027-0007,1,初回,2025-10-10 15:35:31.431000,152.66300,1.00
2025-10-01,2025-10-31,20260209_072027,20260209_072027-0008,1,初回,2025-10-10 15:37:21.922000,152.41200,1.00
2025-10-01,2025-10-31,20260209_072027,20260209_072027-0009,1,初回,2025-10-15 04:37:13.606000,151.63900,1.00
2025-10-01,2025-10-31,20260209_072027,20260209_072027-0010,1,初回,2025-10-17 04:35:08.168000,150.25200,1.00
2025-10-01,2025-10-31,20260209_072027,20260209_072027-0011,1,初回,2025-10-21 14:05:02.636000,150.88200,1.00
2025-10-01,2025-10-31,20260209_072027,20260209_072027-0012,1,初回,2025-10-23 01:30:42.501000,151.54200,1.00
2025-10-01,2025-10-31,20260209_072027,20260209_072027-0013,1,初回,2025-10-24 21:30:01.350000,152.49400,1.00
2025-10-01,2025-10-31,20260209_072027,20260209_072027-0014,1,初回,2025-10-24 21:30:01.663000,152.28100,1.00
2025-10-01,2025-10-31,20260209_072027,20260209_072027-0015,1,初回,2025-10-30 03:35:28.940000,152.51300,1.00
2025-10-01,2025-10-31,20260209_072027,20260209_072027-0016,1,初回,2025-10-30 03:35:33.423000,152.71700,1.00
2025-11-01,2025-11-30,20260209_072113,20260209_072113-0001,1,初回,2025-11-04 00:00:00.263000,153.92600,1.00
2025-11-01,2025-11-30,20260209_072113,20260209_072113-0002,1,初回,2025-11-04 00:00:02.820000,153.95100,1.00
2025-11-01,2025-11-30,20260209_072113,20260209_072113-0003,1,初回,2025-11-06 00:00:00.316000,154.18300,1.00
2025-11-01,2025-11-30,20260209_072113,20260209_072113-0004,1,初回,2025-11-20 22:30:01.470000,157.76900,1.00
2025-11-01,2025-11-30,20260209_072113,20260209_072113-0005,1,初回,2025-11-20 22:30:03.391000,157.86200,1.00
2025-11-01,2025-11-30,20260209_072113,20260209_072113-0006,1,初回,2025-11-22 00:01:28.028000,156.58900,1.00
2025-11-01,2025-11-30,20260209_072113,20260209_072113-0007,1,初回,2025-11-22 00:01:58.648000,156.23500,1.00
2025-11-01,2025-11-30,20260209_072113,20260209_072113-0008,1,初回,2025-11-25 22:30:01.366000,156.05500,1.00
2025-11-01,2025-11-30,20260209_072113,20260209_072113-0009,1,初回,2025-11-28 11:32:37.077000,156.12000,1.00
2025-11-01,2025-11-30,20260209_072113,20260209_072113-0010,1,初回,2025-11-28 11:32:36.970000,156.13000,1.00
2025-12-01,2025-12-31,20260209_072203,20260209_072203-0001,1,初回,2025-12-03 22:15:00.292000,155.24200,1.00
2025-12-01,2025-12-31,20260209_072203,20260209_072203-0002,1,初回,2025-12-05 13:27:25.233000,154.83200,1.00
2025-12-01,2025-12-31,20260209_072203,20260209_072203-0003,1,初回,2025-12-10 00:00:01.218000,156.56800,1.00
2025-12-01,2025-12-31,20260209_072203,20260209_072203-0004,1,初回,2025-12-11 04:35:31.746000,156.12800,1.00
2025-12-01,2025-12-31,20260209_072203,20260209_072203-0005,1,初回,2025-12-16 22:30:01.232000,154.53800,1.00
2025-12-01,2025-12-31,20260209_072203,20260209_072203-0006,1,初回,2025-12-17 04:25:43.194000,154.88900,1.00
2025-12-01,2025-12-31,20260209_072203,20260209_072203-0007,1,初回,2025-12-18 22:30:03.672000,155.37700,1.00
2025-12-01,2025-12-31,20260209_072203,20260209_072203-0008,1,初回,2025-12-18 22:30:05.060000,155.37900,1.00
2025-12-01,2025-12-31,20260209_072203,20260209_072203-0009,1,初回,2025-12-19 12:22:00.987000,156.10100,1.00
2025-12-01,2025-12-31,20260209_072203,20260209_072203-0010,1,初回,2025-12-19 12:22:07.168000,156.14000,1.00
2025-12-01,2025-12-31,20260209_072203,20260209_072203-0011,1,初回,2025-12-19 12:22:06.415000,156.13700,1.00
2025-12-01,2025-12-31,20260209_072203,20260209_072203-0012,1,初回,2025-12-22 22:10:03.699000,157.14700,1.00
2025-12-01,2025-12-31,20260209_072203,20260209_072203-0013,1,初回,2025-12-22 22:10:21.482000,156.90300,1.00
