開始日,終了日,実行ID,取引ID,in時刻,out時刻,方向,in価格,out価格,ロット合計,損益,累計損益,in理由,out理由,ライン種別,ナンピン回数,平均in価格
2016-01-01,2016-01-31,20260209_052535,20260209_052535-0001,2016-01-04 16:51:36.183000,2016-01-04 17:03:44.816000,買い,118.93300,118.88300,1.00,-5.00,-5.00,水平線手前,損切,支持抵抗,0,118.93300
2016-01-01,2016-01-31,20260209_052535,20260209_052535-0002,2016-01-08 22:30:02.178000,2016-01-08 22:30:02.384000,売り,118.69200,118.74200,1.00,-5.00,-10.00,水平線手前,損切,支持抵抗,0,118.69200
2016-01-01,2016-01-31,20260209_052535,20260209_052535-0003,2016-01-08 22:30:02.384000,2016-01-08 22:30:05.051000,売り,118.74700,118.79700,1.00,-5.00,-15.00,水平線手前,損切,支持抵抗,0,118.74700
2016-01-01,2016-01-31,20260209_052535,20260209_052535-0004,2016-01-08 22:30:05.051000,2016-01-08 22:30:09.270000,売り,118.79200,118.69200,1.00,10.00,-5.00,水平線手前,利確,支持抵抗,0,118.79200
2016-01-01,2016-01-31,20260209_052535,20260209_052535-0005,2016-01-08 22:30:05.752000,2016-01-08 22:30:09.270000,売り,118.80600,118.70600,1.00,10.00,5.00,水平線手前,利確,支持抵抗,0,118.80600
2016-01-01,2016-01-31,20260209_052535,20260209_052535-0006,2016-01-20 18:41:37.096000,2016-01-20 18:41:55.290000,売り,116.94600,116.84600,1.00,10.00,15.00,水平線手前,利確,支持抵抗,0,116.94600
2016-01-01,2016-01-31,20260209_052535,20260209_052535-0007,2016-01-29 12:21:34.845000,2016-01-29 12:21:35.052000,売り,118.96200,118.86200,1.00,10.00,25.00,水平線手前,利確,支持抵抗,0,118.96200
2016-01-01,2016-01-31,20260209_052535,20260209_052535-0008,2016-01-29 12:21:35.723000,2016-01-29 12:21:35.775000,売り,118.98000,119.03000,1.00,-5.00,20.00,水平線手前,損切,支持抵抗,0,118.98000
2016-01-01,2016-01-31,20260209_052535,20260209_052535-0009,2016-01-29 12:21:35.838000,2016-01-29 12:21:36.597000,売り,119.03600,119.08600,1.00,-5.00,15.00,水平線手前,損切,支持抵抗,0,119.03600
2016-01-01,2016-01-31,20260209_052535,20260209_052535-0010,2016-01-29 12:21:37.748000,2016-01-29 12:21:39.585000,売り,119.13800,119.18800,1.00,-5.00,10.00,水平線手前,損切,支持抵抗,0,119.13800
2016-01-01,2016-01-31,20260209_052535,20260209_052535-0011,2016-01-29 12:22:18.634000,2016-01-29 12:22:42.376000,買い,118.56200,118.66200,1.00,10.00,20.00,水平線手前,利確,支持抵抗,0,118.56200
2016-01-01,2016-01-31,20260209_052535,20260209_052535-0012,2016-01-29 12:24:40.742000,2016-01-29 12:24:41.268000,売り,119.25100,119.30100,1.00,-5.00,15.00,水平線手前,損切,支持抵抗,0,119.25100
2016-01-01,2016-01-31,20260209_052535,20260209_052535-0013,2016-01-29 12:38:19.314000,2016-01-29 12:38:19.935000,買い,118.53200,118.63200,1.00,10.00,25.00,水平線手前,利確,支持抵抗,0,118.53200
2016-01-01,2016-01-31,20260209_052535,20260209_052535-0014,2016-01-29 12:38:29.660000,2016-01-29 12:38:30.227000,売り,119.66800,119.71800,1.00,-5.00,20.00,水平線手前,損切,支持抵抗,0,119.66800
2016-01-01,2016-01-31,20260209_052535,20260209_052535-0015,2016-01-29 12:38:31.629000,2016-01-29 12:38:32.032000,売り,119.78900,119.83900,1.00,-5.00,15.00,水平線手前,損切,支持抵抗,0,119.78900
2016-01-01,2016-01-31,20260209_052535,20260209_052535-0016,2016-01-29 12:38:54.227000,2016-01-29 12:38:57.359000,売り,120.47900,120.52900,1.00,-5.00,10.00,水平線手前,損切,支持抵抗,0,120.47900
2016-01-01,2016-01-31,20260209_052535,20260209_052535-0017,2016-01-29 12:42:06.605000,2016-01-29 12:42:10.913000,売り,121.38600,121.28600,1.00,10.00,20.00,水平線手前,利確,支持抵抗,0,121.38600
2016-01-01,2016-01-31,20260209_052535,20260209_052535-0018,2016-01-30 01:09:56.613000,2016-01-30 01:12:32.539000,買い,120.96000,121.06000,1.00,10.00,30.00,水平線手前,利確,支持抵抗,0,120.96000
2016-02-01,2016-02-29,20260209_052636,20260209_052636-0001,2016-02-04 00:30:52.980000,2016-02-04 00:31:21.124000,買い,117.55200,117.65200,1.00,10.00,40.00,水平線手前,利確,支持抵抗,0,117.55200
2016-02-01,2016-02-29,20260209_052636,20260209_052636-0002,2016-02-05 22:30:02.444000,2016-02-05 22:30:03.333000,買い,116.55400,116.50400,1.00,-5.00,35.00,水平線手前,損切,支持抵抗,0,116.55400
2016-02-01,2016-02-29,20260209_052636,20260209_052636-0003,2016-02-05 22:30:09.284000,2016-02-05 22:30:14.858000,買い,116.32800,116.42800,1.00,10.00,45.00,水平線手前,利確,支持抵抗,0,116.32800
2016-02-01,2016-02-29,20260209_052636,20260209_052636-0004,2016-02-05 22:31:24.419000,2016-02-05 22:31:27.524000,売り,116.95300,117.00300,1.00,-5.00,40.00,水平線手前,損切,支持抵抗,0,116.95300
2016-02-01,2016-02-29,20260209_052636,20260209_052636-0005,2016-02-08 23:36:37.895000,2016-02-08 23:40:15.067000,買い,115.97400,116.07400,1.00,10.00,50.00,水平線手前,利確,支持抵抗,0,115.97400
2016-02-01,2016-02-29,20260209_052636,20260209_052636-0006,2016-02-09 12:16:13.628000,2016-02-09 12:16:46.493000,買い,114.48000,114.43000,1.00,-5.00,45.00,水平線手前,損切,支持抵抗,0,114.48000
2016-02-01,2016-02-29,20260209_052636,20260209_052636-0007,2016-02-09 20:48:12.004000,2016-02-09 20:59:39.349000,買い,114.92800,115.02800,1.00,10.00,55.00,水平線手前,利確,支持抵抗,0,114.92800
2016-02-01,2016-02-29,20260209_052636,20260209_052636-0008,2016-02-10 11:15:04.189000,2016-02-10 11:15:09.797000,売り,115.11600,115.01600,1.00,10.00,65.00,水平線手前,利確,支持抵抗,0,115.11600
2016-02-01,2016-02-29,20260209_052636,20260209_052636-0009,2016-02-10 22:30:03.383000,2016-02-10 22:30:05.457000,買い,114.88400,114.83400,1.00,-5.00,60.00,水平線手前,損切,支持抵抗,0,114.88400
2016-02-01,2016-02-29,20260209_052636,20260209_052636-0010,2016-02-11 01:07:53.245000,2016-02-11 01:07:58.687000,買い,114.24500,114.19500,1.00,-5.00,55.00,水平線手前,損切,支持抵抗,0,114.24500
2016-02-01,2016-02-29,20260209_052636,20260209_052636-0011,2016-02-11 02:01:37.272000,2016-02-11 02:01:38.082000,買い,113.87200,113.82200,1.00,-5.00,50.00,水平線手前,損切,支持抵抗,0,113.87200
2016-02-01,2016-02-29,20260209_052636,20260209_052636-0012,2016-02-11 02:02:06.505000,2016-02-11 02:02:46.845000,買い,113.76700,113.86700,1.00,10.00,60.00,水平線手前,利確,支持抵抗,0,113.76700
2016-02-01,2016-02-29,20260209_052636,20260209_052636-0013,2016-02-11 17:40:39.037000,2016-02-11 17:41:12.090000,買い,111.02000,111.12000,1.00,10.00,70.00,水平線手前,利確,支持抵抗,0,111.02000
2016-02-01,2016-02-29,20260209_052636,20260209_052636-0014,2016-02-11 21:21:39.147000,2016-02-11 21:21:41.551000,売り,113.16300,113.06300,1.00,10.00,80.00,水平線手前,利確,支持抵抗,0,113.16300
2016-02-01,2016-02-29,20260209_052636,20260209_052636-0015,2016-02-12 00:39:40.481000,2016-02-12 00:43:33.995000,買い,111.78100,111.88100,1.00,10.00,90.00,水平線手前,利確,支持抵抗,0,111.78100
2016-02-01,2016-02-29,20260209_052636,20260209_052636-0016,2016-02-12 11:16:16.944000,2016-02-12 11:25:46.335000,買い,112.11500,112.21500,1.00,10.00,100.00,水平線手前,利確,支持抵抗,0,112.11500
2016-02-01,2016-02-29,20260209_052636,20260209_052636-0017,2016-02-12 15:54:40.359000,2016-02-12 15:54:42.772000,買い,111.86600,111.81600,1.00,-5.00,95.00,水平線手前,損切,支持抵抗,0,111.86600
2016-02-01,2016-02-29,20260209_052636,20260209_052636-0018,2016-02-12 15:58:07.546000,2016-02-12 15:58:11.354000,買い,111.67900,111.77900,1.00,10.00,105.00,水平線手前,利確,支持抵抗,0,111.67900
2016-02-01,2016-02-29,20260209_052636,20260209_052636-0019,2016-02-15 15:02:00.227000,2016-02-15 15:10:14.283000,売り,114.07300,113.97300,1.00,10.00,115.00,水平線手前,利確,支持抵抗,0,114.07300
2016-02-01,2016-02-29,20260209_052636,20260209_052636-0020,2016-02-17 16:17:06.282000,2016-02-17 16:27:19.464000,買い,113.40900,113.50900,1.00,10.00,125.00,水平線手前,利確,支持抵抗,0,113.40900
2016-02-01,2016-02-29,20260209_052636,20260209_052636-0021,2016-02-18 03:58:45.006000,2016-02-18 03:59:23.050000,買い,114.07900,114.02900,1.00,-5.00,120.00,水平線手前,損切,支持抵抗,0,114.07900
2016-02-01,2016-02-29,20260209_052636,20260209_052636-0022,2016-02-25 22:30:03.765000,2016-02-25 22:31:23.717000,売り,112.66800,112.71800,1.00,-5.00,115.00,水平線手前,損切,支持抵抗,0,112.66800
2016-02-01,2016-02-29,20260209_052636,20260209_052636-0023,2016-02-26 22:30:04.295000,2016-02-26 22:30:05.569000,売り,113.19500,113.24500,1.00,-5.00,110.00,水平線手前,損切,支持抵抗,0,113.19500
2016-03-01,2016-03-31,20260209_052728,20260209_052728-0001,2016-03-02 22:15:01.117000,2016-03-02 22:15:06.322000,売り,114.42500,114.47500,1.00,-5.00,105.00,水平線手前,損切,支持抵抗,0,114.42500
2016-03-01,2016-03-31,20260209_052728,20260209_052728-0002,2016-03-02 22:15:02.005000,2016-03-02 22:15:06.322000,売り,114.43300,114.48300,1.00,-5.00,100.00,水平線手前,損切,支持抵抗,0,114.43300
2016-03-01,2016-03-31,20260209_052728,20260209_052728-0003,2016-03-02 23:38:51.011000,2016-03-02 23:38:51.533000,買い,113.97900,113.92900,1.00,-5.00,95.00,水平線手前,損切,支持抵抗,0,113.97900
2016-03-01,2016-03-31,20260209_052728,20260209_052728-0004,2016-03-03 00:30:12.860000,2016-03-03 00:34:06.361000,買い,113.70800,113.80800,1.00,10.00,105.00,水平線手前,利確,支持抵抗,0,113.70800
2016-03-01,2016-03-31,20260209_052728,20260209_052728-0005,2016-03-04 23:53:18.599000,2016-03-04 23:53:51.594000,買い,113.25400,113.35400,1.00,10.00,115.00,水平線手前,利確,支持抵抗,0,113.25400
2016-03-01,2016-03-31,20260209_052728,20260209_052728-0006,2016-03-04 23:53:17.825000,2016-03-04 23:53:52.124000,買い,113.26000,113.36000,1.00,10.00,125.00,水平線手前,利確,支持抵抗,0,113.26000
2016-03-01,2016-03-31,20260209_052728,20260209_052728-0007,2016-03-04 23:55:57.809000,2016-03-04 23:57:17.617000,買い,113.16000,113.26000,1.00,10.00,135.00,水平線手前,利確,支持抵抗,0,113.16000
2016-03-01,2016-03-31,20260209_052728,20260209_052728-0008,2016-03-10 21:46:36.793000,2016-03-10 21:47:06.155000,売り,113.77600,113.82600,1.00,-5.00,130.00,水平線手前,損切,支持抵抗,0,113.77600
2016-03-01,2016-03-31,20260209_052728,20260209_052728-0009,2016-03-10 21:46:37.509000,2016-03-10 21:47:06.462000,売り,113.79000,113.84000,1.00,-5.00,125.00,水平線手前,損切,支持抵抗,0,113.79000
2016-03-01,2016-03-31,20260209_052728,20260209_052728-0010,2016-03-15 11:47:06.480000,2016-03-15 11:47:07.092000,売り,113.91500,113.96500,1.00,-5.00,120.00,水平線手前,損切,支持抵抗,0,113.91500
2016-03-01,2016-03-31,20260209_052728,20260209_052728-0011,2016-03-15 11:47:07.831000,2016-03-15 11:47:09.458000,売り,114.01300,113.91300,1.00,10.00,130.00,水平線手前,利確,支持抵抗,0,114.01300
2016-03-01,2016-03-31,20260209_052728,20260209_052728-0012,2016-03-15 12:31:55.611000,2016-03-15 12:31:57.595000,売り,114.11700,114.01700,1.00,10.00,140.00,水平線手前,利確,支持抵抗,0,114.11700
2016-03-01,2016-03-31,20260209_052728,20260209_052728-0013,2016-03-15 12:35:07.930000,2016-03-15 12:35:11.107000,買い,113.63500,113.73500,1.00,10.00,150.00,水平線手前,利確,支持抵抗,0,113.63500
2016-03-01,2016-03-31,20260209_052728,20260209_052728-0014,2016-03-15 12:41:04.243000,2016-03-15 12:44:54.143000,買い,113.54600,113.64600,1.00,10.00,160.00,水平線手前,利確,支持抵抗,0,113.54600
2016-03-01,2016-03-31,20260209_052728,20260209_052728-0015,2016-03-16 21:30:03.160000,2016-03-16 21:30:27.367000,売り,113.74100,113.79100,1.00,-5.00,155.00,水平線手前,損切,支持抵抗,0,113.74100
2016-03-01,2016-03-31,20260209_052728,20260209_052728-0016,2016-03-16 21:30:04.594000,2016-03-16 21:35:52.563000,売り,113.75500,113.65500,1.00,10.00,165.00,水平線手前,利確,支持抵抗,0,113.75500
2016-03-01,2016-03-31,20260209_052728,20260209_052728-0017,2016-03-17 03:01:25.467000,2016-03-17 03:01:43.697000,買い,113.30900,113.25900,1.00,-5.00,160.00,水平線手前,損切,支持抵抗,0,113.30900
2016-03-01,2016-03-31,20260209_052728,20260209_052728-0018,2016-03-17 20:45:05.656000,2016-03-17 20:45:19.092000,買い,110.79100,110.89100,1.00,10.00,170.00,水平線手前,利確,支持抵抗,0,110.79100
2016-03-01,2016-03-31,20260209_052728,20260209_052728-0019,2016-03-30 01:20:07.056000,2016-03-30 01:20:14.618000,買い,113.27900,113.22900,1.00,-5.00,165.00,水平線手前,損切,支持抵抗,0,113.27900
2016-03-01,2016-03-31,20260209_052728,20260209_052728-0020,2016-03-30 01:20:13.159000,2016-03-30 01:20:14.965000,買い,113.26500,113.21500,1.00,-5.00,160.00,水平線手前,損切,支持抵抗,0,113.26500
2016-04-01,2016-04-30,20260209_052812,20260209_052812-0001,2016-04-01 21:40:27.835000,2016-04-01 21:43:08.132000,買い,111.84600,111.94600,1.00,10.00,170.00,水平線手前,利確,支持抵抗,0,111.84600
2016-04-01,2016-04-30,20260209_052812,20260209_052812-0002,2016-04-06 23:22:17.283000,2016-04-06 23:22:20.602000,売り,110.38300,110.28300,1.00,10.00,180.00,水平線手前,利確,支持抵抗,0,110.38300
2016-04-01,2016-04-30,20260209_052812,20260209_052812-0003,2016-04-07 16:15:54.358000,2016-04-07 16:17:16.090000,買い,108.76800,108.71800,1.00,-5.00,175.00,水平線手前,損切,支持抵抗,0,108.76800
2016-04-01,2016-04-30,20260209_052812,20260209_052812-0004,2016-04-07 22:34:55.782000,2016-04-07 22:35:13.903000,買い,107.94600,108.04600,1.00,10.00,185.00,水平線手前,利確,支持抵抗,0,107.94600
2016-04-01,2016-04-30,20260209_052812,20260209_052812-0005,2016-04-22 13:44:28.986000,2016-04-22 13:48:54.099000,売り,110.15600,110.05600,1.00,10.00,195.00,水平線手前,利確,支持抵抗,0,110.15600
2016-04-01,2016-04-30,20260209_052812,20260209_052812-0006,2016-04-25 21:08:21.662000,2016-04-25 21:35:27.339000,買い,110.87300,110.97300,1.00,10.00,205.00,水平線手前,利確,支持抵抗,0,110.87300
2016-04-01,2016-04-30,20260209_052812,20260209_052812-0007,2016-04-28 12:01:06.482000,2016-04-28 12:01:06.601000,買い,111.10100,111.05100,1.00,-5.00,200.00,水平線手前,損切,支持抵抗,0,111.10100
2016-04-01,2016-04-30,20260209_052812,20260209_052812-0008,2016-04-28 12:01:06.601000,2016-04-28 12:01:07.290000,買い,111.05800,111.00800,1.00,-5.00,195.00,水平線手前,損切,支持抵抗,0,111.05800
2016-04-01,2016-04-30,20260209_052812,20260209_052812-0009,2016-04-28 12:01:09.162000,2016-04-28 12:01:09.783000,買い,110.69800,110.64800,1.00,-5.00,190.00,水平線手前,損切,支持抵抗,0,110.69800
2016-04-01,2016-04-30,20260209_052812,20260209_052812-0010,2016-04-28 12:02:40.377000,2016-04-28 12:02:42.342000,買い,109.36900,109.31900,1.00,-5.00,185.00,水平線手前,損切,支持抵抗,0,109.36900
2016-04-01,2016-04-30,20260209_052812,20260209_052812-0011,2016-04-28 12:02:42.753000,2016-04-28 12:02:44.589000,買い,109.29400,109.24400,1.00,-5.00,180.00,水平線手前,損切,支持抵抗,0,109.29400
2016-04-01,2016-04-30,20260209_052812,20260209_052812-0012,2016-04-28 12:03:19.827000,2016-04-28 12:03:22.118000,買い,109.15600,109.10600,1.00,-5.00,175.00,水平線手前,損切,支持抵抗,0,109.15600
2016-04-01,2016-04-30,20260209_052812,20260209_052812-0013,2016-04-28 12:03:44.291000,2016-04-28 12:03:56.780000,買い,108.79200,108.89200,1.00,10.00,185.00,水平線手前,利確,支持抵抗,0,108.79200
2016-04-01,2016-04-30,20260209_052812,20260209_052812-0014,2016-04-28 12:03:45.590000,2016-04-28 12:03:56.780000,買い,108.78900,108.88900,1.00,10.00,195.00,水平線手前,利確,支持抵抗,0,108.78900
2016-04-01,2016-04-30,20260209_052812,20260209_052812-0015,2016-04-30 00:20:28.922000,2016-04-30 00:20:53.632000,買い,106.65300,106.75300,1.00,10.00,205.00,水平線手前,利確,支持抵抗,0,106.65300
2016-05-01,2016-05-31,20260209_052853,20260209_052853-0001,2016-05-04 21:15:00.534000,2016-05-04 21:15:01.404000,買い,106.44200,106.39200,1.00,-5.00,200.00,水平線手前,損切,支持抵抗,0,106.44200
2016-05-01,2016-05-31,20260209_052853,20260209_052853-0002,2016-05-06 21:29:47.050000,2016-05-06 21:29:50.443000,買い,106.83400,106.78400,1.00,-5.00,195.00,水平線手前,損切,支持抵抗,0,106.83400
2016-05-01,2016-05-31,20260209_052853,20260209_052853-0003,2016-05-06 21:29:48.781000,2016-05-06 21:29:50.443000,買い,106.80800,106.75800,1.00,-5.00,190.00,水平線手前,損切,支持抵抗,0,106.80800
2016-05-01,2016-05-31,20260209_052853,20260209_052853-0004,2016-05-06 21:30:24.897000,2016-05-06 21:30:38.245000,買い,106.47300,106.57300,1.00,10.00,200.00,水平線手前,利確,支持抵抗,0,106.47300
2016-05-01,2016-05-31,20260209_052853,20260209_052853-0005,2016-05-13 23:00:34.245000,2016-05-13 23:00:51.999000,売り,109.53800,109.43800,1.00,10.00,210.00,水平線手前,利確,支持抵抗,0,109.53800
2016-05-01,2016-05-31,20260209_052853,20260209_052853-0006,2016-05-17 21:30:05.058000,2016-05-17 21:30:52.256000,売り,109.62200,109.52200,1.00,10.00,220.00,水平線手前,利確,支持抵抗,0,109.62200
2016-05-01,2016-05-31,20260209_052853,20260209_052853-0007,2016-05-19 03:00:07.424000,2016-05-19 03:00:12.967000,売り,109.80900,109.85900,1.00,-5.00,215.00,水平線手前,損切,支持抵抗,0,109.80900
2016-05-01,2016-05-31,20260209_052853,20260209_052853-0008,2016-05-23 18:52:10.762000,2016-05-23 19:19:45.292000,買い,109.34400,109.44400,1.00,10.00,225.00,水平線手前,利確,支持抵抗,0,109.34400
2016-05-01,2016-05-31,20260209_052853,20260209_052853-0009,2016-05-23 18:52:07.519000,2016-05-23 19:30:13.719000,買い,109.36100,109.46100,1.00,10.00,235.00,水平線手前,利確,支持抵抗,0,109.36100
2016-05-01,2016-05-31,20260209_052853,20260209_052853-0010,2016-05-26 21:30:06.315000,2016-05-26 21:30:37.716000,売り,110.18300,110.08300,1.00,10.00,245.00,水平線手前,利確,支持抵抗,0,110.18300
2016-06-01,2016-06-30,20260209_052947,20260209_052947-0001,2016-06-02 11:24:31.928000,2016-06-02 11:30:45.952000,買い,108.86900,108.96900,1.00,10.00,255.00,水平線手前,利確,支持抵抗,0,108.86900
2016-06-01,2016-06-30,20260209_052947,20260209_052947-0002,2016-06-03 21:30:01.773000,2016-06-03 21:30:01.875000,買い,108.50900,108.45900,1.00,-5.00,250.00,水平線手前,損切,支持抵抗,0,108.50900
2016-06-01,2016-06-30,20260209_052947,20260209_052947-0003,2016-06-03 23:30:54.177000,2016-06-03 23:33:32.243000,買い,106.72700,106.82700,1.00,10.00,260.00,水平線手前,利確,支持抵抗,0,106.72700
2016-06-01,2016-06-30,20260209_052947,20260209_052947-0004,2016-06-07 01:30:07.019000,2016-06-07 01:30:07.950000,売り,107.42600,107.47600,1.00,-5.00,255.00,水平線手前,損切,支持抵抗,0,107.42600
2016-06-01,2016-06-30,20260209_052947,20260209_052947-0005,2016-06-07 01:30:08.733000,2016-06-07 01:30:40.242000,売り,107.54000,107.44000,1.00,10.00,265.00,水平線手前,利確,支持抵抗,0,107.54000
2016-06-01,2016-06-30,20260209_052947,20260209_052947-0006,2016-06-14 14:00:33.842000,2016-06-14 15:02:09.662000,買い,105.87400,105.97400,1.00,10.00,275.00,水平線手前,利確,支持抵抗,0,105.87400
2016-06-01,2016-06-30,20260209_052947,20260209_052947-0007,2016-06-14 21:30:04.990000,2016-06-14 21:30:44.830000,売り,106.09600,105.99600,1.00,10.00,285.00,水平線手前,利確,支持抵抗,0,106.09600
2016-06-01,2016-06-30,20260209_052947,20260209_052947-0008,2016-06-16 02:59:50.242000,2016-06-16 03:00:00.595000,買い,105.74200,105.69200,1.00,-5.00,280.00,水平線手前,損切,支持抵抗,0,105.74200
2016-06-01,2016-06-30,20260209_052947,20260209_052947-0009,2016-06-16 03:16:37.626000,2016-06-16 03:16:59.768000,買い,105.46000,105.56000,1.00,10.00,290.00,水平線手前,利確,支持抵抗,0,105.46000
2016-06-01,2016-06-30,20260209_052947,20260209_052947-0010,2016-06-16 11:45:46.364000,2016-06-16 11:45:57.873000,買い,104.55500,104.65500,1.00,10.00,300.00,水平線手前,利確,支持抵抗,0,104.55500
2016-06-01,2016-06-30,20260209_052947,20260209_052947-0011,2016-06-16 13:50:24.008000,2016-06-16 14:02:16.803000,買い,104.20300,104.15300,1.00,-5.00,295.00,水平線手前,損切,支持抵抗,0,104.20300
2016-06-01,2016-06-30,20260209_052947,20260209_052947-0012,2016-06-16 15:56:35.341000,2016-06-16 15:57:44.138000,買い,103.57800,103.67800,1.00,10.00,305.00,水平線手前,利確,支持抵抗,0,103.57800
2016-06-01,2016-06-30,20260209_052947,20260209_052947-0013,2016-06-21 02:30:56.354000,2016-06-21 02:55:36.758000,買い,103.95300,104.05300,1.00,10.00,315.00,水平線手前,利確,支持抵抗,0,103.95300
2016-06-01,2016-06-30,20260209_052947,20260209_052947-0014,2016-06-23 15:10:32.553000,2016-06-23 15:10:33.290000,買い,104.37400,104.32400,1.00,-5.00,310.00,水平線手前,損切,支持抵抗,0,104.37400
2016-06-01,2016-06-30,20260209_052947,20260209_052947-0015,2016-06-23 15:10:32.811000,2016-06-23 15:10:33.495000,買い,104.35500,104.30500,1.00,-5.00,305.00,水平線手前,損切,支持抵抗,0,104.35500
2016-06-01,2016-06-30,20260209_052947,20260209_052947-0016,2016-06-23 15:10:33.342000,2016-06-23 15:10:33.649000,買い,104.31800,104.26800,1.00,-5.00,300.00,水平線手前,損切,支持抵抗,0,104.31800
2016-06-01,2016-06-30,20260209_052947,20260209_052947-0017,2016-06-23 15:10:36.941000,2016-06-23 15:10:39.166000,買い,104.06200,104.16200,1.00,10.00,310.00,水平線手前,利確,支持抵抗,0,104.06200
2016-06-01,2016-06-30,20260209_052947,20260209_052947-0018,2016-06-23 19:44:37.747000,2016-06-23 19:46:47.315000,売り,105.83900,105.73900,1.00,10.00,320.00,水平線手前,利確,支持抵抗,0,105.83900
2016-06-01,2016-06-30,20260209_052947,20260209_052947-0019,2016-06-24 11:41:26.399000,2016-06-24 11:41:37.118000,買い,103.02500,102.97500,1.00,-5.00,315.00,水平線手前,損切,支持抵抗,0,103.02500
2016-06-01,2016-06-30,20260209_052947,20260209_052947-0020,2016-06-24 11:43:48.375000,2016-06-24 11:43:48.679000,買い,98.99500,99.09500,1.00,10.00,325.00,水平線手前,利確,支持抵抗,0,98.99500
2016-06-01,2016-06-30,20260209_052947,20260209_052947-0021,2016-06-24 21:12:38.444000,2016-06-24 21:12:53.290000,売り,102.75500,102.65500,1.00,10.00,335.00,水平線手前,利確,支持抵抗,0,102.75500
2016-06-01,2016-06-30,20260209_052947,20260209_052947-0022,2016-06-27 16:32:14.769000,2016-06-27 16:35:30.139000,売り,102.15700,102.05700,1.00,10.00,345.00,水平線手前,利確,支持抵抗,0,102.15700
2016-06-01,2016-06-30,20260209_052947,20260209_052947-0023,2016-06-27 20:45:55.095000,2016-06-27 20:51:32.046000,買い,101.52400,101.47400,1.00,-5.00,340.00,水平線手前,損切,支持抵抗,0,101.52400
2016-06-01,2016-06-30,20260209_052947,20260209_052947-0024,2016-06-27 20:51:32.627000,2016-06-27 20:55:34.782000,買い,101.43600,101.53600,1.00,10.00,350.00,水平線手前,利確,支持抵抗,0,101.43600
2016-06-01,2016-06-30,20260209_052947,20260209_052947-0025,2016-06-28 18:39:18.370000,2016-06-28 18:44:25.373000,売り,102.31300,102.36300,1.00,-5.00,345.00,水平線手前,損切,支持抵抗,0,102.31300
2016-07-01,2016-07-31,20260209_053114,20260209_053114-0001,2016-07-05 15:06:20.760000,2016-07-05 15:11:58.791000,買い,101.89600,101.99600,1.00,10.00,355.00,水平線手前,利確,支持抵抗,0,101.89600
2016-07-01,2016-07-31,20260209_053114,20260209_053114-0002,2016-07-06 12:36:58.654000,2016-07-06 12:45:04.702000,売り,101.01600,100.91600,1.00,10.00,365.00,水平線手前,利確,支持抵抗,0,101.01600
2016-07-01,2016-07-31,20260209_053114,20260209_053114-0003,2016-07-06 18:09:48.337000,2016-07-06 18:10:16.267000,買い,100.43700,100.53700,1.00,10.00,375.00,水平線手前,利確,支持抵抗,0,100.43700
2016-07-01,2016-07-31,20260209_053114,20260209_053114-0004,2016-07-08 21:29:52.511000,2016-07-08 21:30:02.259000,買い,100.26700,100.36700,1.00,10.00,385.00,水平線手前,利確,支持抵抗,0,100.26700
2016-07-01,2016-07-31,20260209_053114,20260209_053114-0005,2016-07-08 21:29:52.562000,2016-07-08 21:30:02.259000,買い,100.26000,100.36000,1.00,10.00,395.00,水平線手前,利確,支持抵抗,0,100.26000
2016-07-01,2016-07-31,20260209_053114,20260209_053114-0006,2016-07-08 21:29:54.847000,2016-07-08 21:30:02.259000,買い,100.23600,100.33600,1.00,10.00,405.00,水平線手前,利確,支持抵抗,0,100.23600
2016-07-01,2016-07-31,20260209_053114,20260209_053114-0007,2016-07-08 21:30:02.259000,2016-07-08 21:30:02.315000,売り,100.76300,100.81300,1.00,-5.00,400.00,水平線手前,損切,支持抵抗,0,100.76300
2016-07-01,2016-07-31,20260209_053114,20260209_053114-0008,2016-07-08 21:30:03.515000,2016-07-08 21:30:04.522000,売り,100.94600,100.99600,1.00,-5.00,395.00,水平線手前,損切,支持抵抗,0,100.94600
2016-07-01,2016-07-31,20260209_053114,20260209_053114-0009,2016-07-08 21:30:10.390000,2016-07-08 21:30:13.207000,売り,101.23300,101.28300,1.00,-5.00,390.00,水平線手前,損切,支持抵抗,0,101.23300
2016-07-01,2016-07-31,20260209_053114,20260209_053114-0010,2016-07-08 21:30:16.032000,2016-07-08 21:30:17.247000,売り,101.20100,101.25100,1.00,-5.00,385.00,水平線手前,損切,支持抵抗,0,101.20100
2016-07-01,2016-07-31,20260209_053114,20260209_053114-0011,2016-07-08 21:30:12.313000,2016-07-08 21:31:04.253000,売り,101.25400,101.15400,1.00,10.00,395.00,水平線手前,利確,支持抵抗,0,101.25400
2016-07-01,2016-07-31,20260209_053114,20260209_053114-0012,2016-07-12 15:52:07.708000,2016-07-12 15:52:59.392000,売り,103.37300,103.27300,1.00,10.00,405.00,水平線手前,利確,支持抵抗,0,103.37300
2016-07-01,2016-07-31,20260209_053114,20260209_053114-0013,2016-07-21 17:35:57.710000,2016-07-21 17:36:12.841000,買い,105.95000,106.05000,1.00,10.00,415.00,水平線手前,利確,支持抵抗,0,105.95000
2016-07-01,2016-07-31,20260209_053114,20260209_053114-0014,2016-07-21 18:35:45.275000,2016-07-21 18:41:57.577000,買い,105.45700,105.55700,1.00,10.00,425.00,水平線手前,利確,支持抵抗,0,105.45700
2016-07-01,2016-07-31,20260209_053114,20260209_053114-0015,2016-07-26 13:29:38.947000,2016-07-26 13:31:41.803000,買い,104.31000,104.41000,1.00,10.00,435.00,水平線手前,利確,支持抵抗,0,104.31000
2016-07-01,2016-07-31,20260209_053114,20260209_053114-0016,2016-07-27 02:09:30.764000,2016-07-27 02:10:48.685000,売り,104.95200,104.85200,1.00,10.00,445.00,水平線手前,利確,支持抵抗,0,104.95200
2016-07-01,2016-07-31,20260209_053114,20260209_053114-0017,2016-07-27 14:05:15.044000,2016-07-27 14:05:19.309000,売り,106.11600,106.01600,1.00,10.00,455.00,水平線手前,利確,支持抵抗,0,106.11600
2016-07-01,2016-07-31,20260209_053114,20260209_053114-0018,2016-07-28 03:00:18.333000,2016-07-28 03:00:30.966000,売り,105.85400,105.75400,1.00,10.00,465.00,水平線手前,利確,支持抵抗,0,105.85400
2016-07-01,2016-07-31,20260209_053114,20260209_053114-0019,2016-07-28 03:59:58.497000,2016-07-28 04:00:29.587000,買い,105.37000,105.47000,1.00,10.00,475.00,水平線手前,利確,支持抵抗,0,105.37000
2016-07-01,2016-07-31,20260209_053114,20260209_053114-0020,2016-07-28 15:10:14.120000,2016-07-28 15:10:42.099000,買い,104.50400,104.60400,1.00,10.00,485.00,水平線手前,利確,支持抵抗,0,104.50400
2016-07-01,2016-07-31,20260209_053114,20260209_053114-0021,2016-07-29 12:44:09.039000,2016-07-29 12:44:09.552000,売り,105.47600,105.52600,1.00,-5.00,480.00,水平線手前,損切,支持抵抗,0,105.47600
2016-07-01,2016-07-31,20260209_053114,20260209_053114-0022,2016-07-29 12:44:10.994000,2016-07-29 12:44:12.484000,売り,105.59000,105.49000,1.00,10.00,490.00,水平線手前,利確,支持抵抗,0,105.59000
2016-07-01,2016-07-31,20260209_053114,20260209_053114-0023,2016-07-29 12:44:31.034000,2016-07-29 12:44:31.927000,買い,103.37200,103.32200,1.00,-5.00,485.00,水平線手前,損切,支持抵抗,0,103.37200
2016-07-01,2016-07-31,20260209_053114,20260209_053114-0024,2016-07-29 12:44:44.211000,2016-07-29 12:44:45.878000,買い,102.85500,102.95500,1.00,10.00,495.00,水平線手前,利確,支持抵抗,0,102.85500
2016-07-01,2016-07-31,20260209_053114,20260209_053114-0025,2016-07-29 12:51:16.774000,2016-07-29 12:51:37.643000,買い,102.74000,102.84000,1.00,10.00,505.00,水平線手前,利確,支持抵抗,0,102.74000
2016-07-01,2016-07-31,20260209_053114,20260209_053114-0026,2016-07-29 15:37:43.700000,2016-07-29 15:37:46.811000,買い,103.17400,103.27400,1.00,10.00,515.00,水平線手前,利確,支持抵抗,0,103.17400
2016-07-01,2016-07-31,20260209_053114,20260209_053114-0027,2016-07-29 21:30:01.581000,2016-07-29 21:30:23.010000,買い,103.22600,103.17600,1.00,-5.00,510.00,水平線手前,損切,支持抵抗,0,103.22600
2016-07-01,2016-07-31,20260209_053114,20260209_053114-0028,2016-07-29 22:04:52.491000,2016-07-29 22:06:58.761000,買い,102.65800,102.75800,1.00,10.00,520.00,水平線手前,利確,支持抵抗,0,102.65800
2016-08-01,2016-08-31,20260209_053318,20260209_053318-0001,2016-08-02 17:11:08.795000,2016-08-02 17:11:09.762000,買い,101.65200,101.60200,1.00,-5.00,515.00,水平線手前,損切,支持抵抗,0,101.65200
2016-08-01,2016-08-31,20260209_053318,20260209_053318-0002,2016-08-12 21:30:02.138000,2016-08-12 21:30:02.553000,買い,101.67400,101.62400,1.00,-5.00,510.00,水平線手前,損切,支持抵抗,0,101.67400
2016-08-01,2016-08-31,20260209_053318,20260209_053318-0003,2016-08-16 11:38:25.769000,2016-08-16 11:40:22.004000,買い,100.71600,100.66600,1.00,-5.00,505.00,水平線手前,損切,支持抵抗,0,100.71600
2016-08-01,2016-08-31,20260209_053318,20260209_053318-0004,2016-08-16 21:30:01.804000,2016-08-16 21:30:36.015000,買い,99.57300,99.67300,1.00,10.00,515.00,水平線手前,利確,支持抵抗,0,99.57300
2016-08-01,2016-08-31,20260209_053318,20260209_053318-0005,2016-08-17 13:52:57.782000,2016-08-17 13:53:07.675000,売り,100.91100,100.81100,1.00,10.00,525.00,水平線手前,利確,支持抵抗,0,100.91100
2016-08-01,2016-08-31,20260209_053318,20260209_053318-0006,2016-08-18 13:56:26.208000,2016-08-18 13:56:50.120000,売り,100.32100,100.22100,1.00,10.00,535.00,水平線手前,利確,支持抵抗,0,100.32100
2016-08-01,2016-08-31,20260209_053318,20260209_053318-0007,2016-08-18 18:10:36.072000,2016-08-18 18:11:26.366000,売り,100.47100,100.37100,1.00,10.00,545.00,水平線手前,利確,支持抵抗,0,100.47100
2016-08-01,2016-08-31,20260209_053318,20260209_053318-0008,2016-08-26 23:00:06.893000,2016-08-26 23:00:08.563000,売り,100.59800,100.64800,1.00,-5.00,540.00,水平線手前,損切,支持抵抗,0,100.59800
2016-08-01,2016-08-31,20260209_053318,20260209_053318-0009,2016-08-26 23:00:07.052000,2016-08-26 23:00:08.563000,売り,100.60200,100.65200,1.00,-5.00,535.00,水平線手前,損切,支持抵抗,0,100.60200
2016-08-01,2016-08-31,20260209_053318,20260209_053318-0010,2016-08-26 23:14:30.257000,2016-08-26 23:14:31.060000,買い,100.23500,100.18500,1.00,-5.00,530.00,水平線手前,損切,支持抵抗,0,100.23500
2016-08-01,2016-08-31,20260209_053318,20260209_053318-0011,2016-08-26 23:14:32.265000,2016-08-26 23:15:44.022000,買い,100.11500,100.21500,1.00,10.00,540.00,水平線手前,利確,支持抵抗,0,100.11500
2016-08-01,2016-08-31,20260209_053318,20260209_053318-0012,2016-08-26 23:17:00.501000,2016-08-26 23:17:57.103000,買い,100.10100,100.20100,1.00,10.00,550.00,水平線手前,利確,支持抵抗,0,100.10100
2016-09-01,2016-09-30,20260209_053538,20260209_053538-0001,2016-09-02 21:30:02.733000,2016-09-02 21:30:03.159000,買い,103.13800,103.08800,1.00,-5.00,545.00,水平線手前,損切,支持抵抗,0,103.13800
2016-09-01,2016-09-30,20260209_053538,20260209_053538-0002,2016-09-02 21:30:03.159000,2016-09-02 21:30:39.352000,買い,103.09100,103.04100,1.00,-5.00,540.00,水平線手前,損切,支持抵抗,0,103.09100
2016-09-01,2016-09-30,20260209_053538,20260209_053538-0003,2016-09-06 23:00:00.348000,2016-09-06 23:00:00.400000,買い,103.15600,103.10600,1.00,-5.00,535.00,水平線手前,損切,支持抵抗,0,103.15600
2016-09-01,2016-09-30,20260209_053538,20260209_053538-0004,2016-09-12 20:57:27.197000,2016-09-12 21:05:04.323000,買い,101.75800,101.85800,1.00,10.00,545.00,水平線手前,利確,支持抵抗,0,101.75800
2016-09-01,2016-09-30,20260209_053538,20260209_053538-0005,2016-09-13 02:15:09.841000,2016-09-13 02:15:45.064000,買い,101.60100,101.70100,1.00,10.00,555.00,水平線手前,利確,支持抵抗,0,101.60100
2016-09-01,2016-09-30,20260209_053538,20260209_053538-0006,2016-09-14 02:02:09.354000,2016-09-14 02:02:20.823000,売り,102.39400,102.44400,1.00,-5.00,550.00,水平線手前,損切,支持抵抗,0,102.39400
2016-09-01,2016-09-30,20260209_053538,20260209_053538-0007,2016-09-14 20:10:38.415000,2016-09-14 20:18:25.232000,買い,102.51000,102.61000,1.00,10.00,560.00,水平線手前,利確,支持抵抗,0,102.51000
2016-09-01,2016-09-30,20260209_053538,20260209_053538-0008,2016-09-15 00:09:19.905000,2016-09-15 00:27:41.954000,買い,102.34700,102.44700,1.00,10.00,570.00,水平線手前,利確,支持抵抗,0,102.34700
2016-09-01,2016-09-30,20260209_053538,20260209_053538-0009,2016-09-15 21:30:01.678000,2016-09-15 21:30:41.035000,買い,101.96900,102.06900,1.00,10.00,580.00,水平線手前,利確,支持抵抗,0,101.96900
2016-09-01,2016-09-30,20260209_053538,20260209_053538-0010,2016-09-15 21:30:02.669000,2016-09-15 21:30:41.233000,買い,101.97600,102.07600,1.00,10.00,590.00,水平線手前,利確,支持抵抗,0,101.97600
2016-09-01,2016-09-30,20260209_053538,20260209_053538-0011,2016-09-21 11:55:07.029000,2016-09-21 11:55:07.513000,買い,101.44500,101.39500,1.00,-5.00,585.00,水平線手前,損切,支持抵抗,0,101.44500
2016-09-01,2016-09-30,20260209_053538,20260209_053538-0012,2016-09-21 11:55:07.249000,2016-09-21 11:55:07.782000,買い,101.42000,101.37000,1.00,-5.00,580.00,水平線手前,損切,支持抵抗,0,101.42000
2016-09-01,2016-09-30,20260209_053538,20260209_053538-0013,2016-09-21 11:55:08.153000,2016-09-21 11:55:09.324000,買い,101.30700,101.40700,1.00,10.00,590.00,水平線手前,利確,支持抵抗,0,101.30700
2016-09-01,2016-09-30,20260209_053538,20260209_053538-0014,2016-09-21 11:55:09.622000,2016-09-21 11:55:10.084000,買い,101.44000,101.39000,1.00,-5.00,585.00,水平線手前,損切,支持抵抗,0,101.44000
2016-09-01,2016-09-30,20260209_053538,20260209_053538-0015,2016-09-21 11:55:12.166000,2016-09-21 11:55:17.912000,買い,101.24300,101.34300,1.00,10.00,595.00,水平線手前,利確,支持抵抗,0,101.24300
2016-09-01,2016-09-30,20260209_053538,20260209_053538-0016,2016-09-21 11:55:15.160000,2016-09-21 11:55:17.912000,買い,101.22800,101.32800,1.00,10.00,605.00,水平線手前,利確,支持抵抗,0,101.22800
2016-09-01,2016-09-30,20260209_053538,20260209_053538-0017,2016-09-21 12:57:04.417000,2016-09-21 12:57:07.451000,売り,101.97600,101.87600,1.00,10.00,615.00,水平線手前,利確,支持抵抗,0,101.97600
2016-09-01,2016-09-30,20260209_053538,20260209_053538-0018,2016-09-21 12:57:17.602000,2016-09-21 12:58:49.026000,売り,101.94400,101.84400,1.00,10.00,625.00,水平線手前,利確,支持抵抗,0,101.94400
2016-09-01,2016-09-30,20260209_053538,20260209_053538-0019,2016-09-21 13:00:54.171000,2016-09-21 13:01:16.934000,売り,102.06000,101.96000,1.00,10.00,635.00,水平線手前,利確,支持抵抗,0,102.06000
2016-09-01,2016-09-30,20260209_053538,20260209_053538-0020,2016-09-21 13:18:29.172000,2016-09-21 13:18:31.704000,買い,101.03900,101.13900,1.00,10.00,645.00,水平線手前,利確,支持抵抗,0,101.03900
2016-09-01,2016-09-30,20260209_053538,20260209_053538-0021,2016-09-21 13:28:41.867000,2016-09-21 13:29:40.102000,売り,102.43700,102.33700,1.00,10.00,655.00,水平線手前,利確,支持抵抗,0,102.43700
2016-09-01,2016-09-30,20260209_053538,20260209_053538-0022,2016-09-21 13:30:41.063000,2016-09-21 13:30:53.694000,売り,102.44000,102.49000,1.00,-5.00,650.00,水平線手前,損切,支持抵抗,0,102.44000
2016-09-01,2016-09-30,20260209_053538,20260209_053538-0023,2016-09-21 21:35:25.182000,2016-09-21 21:44:30.725000,買い,100.64600,100.74600,1.00,10.00,660.00,水平線手前,利確,支持抵抗,0,100.64600
2016-09-01,2016-09-30,20260209_053538,20260209_053538-0024,2016-09-22 03:00:09.173000,2016-09-22 03:00:10.011000,買い,100.57500,100.52500,1.00,-5.00,655.00,水平線手前,損切,支持抵抗,0,100.57500
2016-10-01,2016-10-31,20260209_053713,20260209_053713-0001,2016-10-05 23:00:00.374000,2016-10-05 23:00:01.390000,売り,103.25900,103.30900,1.00,-5.00,650.00,水平線手前,損切,支持抵抗,0,103.25900
2016-10-01,2016-10-31,20260209_053713,20260209_053713-0002,2016-10-07 21:30:01.282000,2016-10-07 21:30:02.606000,買い,103.43200,103.38200,1.00,-5.00,645.00,水平線手前,損切,支持抵抗,0,103.43200
2016-10-01,2016-10-31,20260209_053713,20260209_053713-0003,2016-10-07 21:30:02.606000,2016-10-07 21:30:03.898000,買い,103.37000,103.32000,1.00,-5.00,640.00,水平線手前,損切,支持抵抗,0,103.37000
2016-10-01,2016-10-31,20260209_053713,20260209_053713-0004,2016-10-07 21:30:04.226000,2016-10-07 21:30:06.134000,買い,103.28900,103.38900,1.00,10.00,650.00,水平線手前,利確,支持抵抗,0,103.28900
2016-10-01,2016-10-31,20260209_053713,20260209_053713-0005,2016-10-17 21:30:13.907000,2016-10-17 21:41:11.530000,買い,103.97000,104.07000,1.00,10.00,660.00,水平線手前,利確,支持抵抗,0,103.97000
2016-10-01,2016-10-31,20260209_053713,20260209_053713-0006,2016-10-19 18:58:01.932000,2016-10-19 18:58:14.672000,買い,103.28800,103.38800,1.00,10.00,670.00,水平線手前,利確,支持抵抗,0,103.28800
2016-11-01,2016-11-30,20260209_053808,20260209_053808-0001,2016-11-03 03:00:00.988000,2016-11-03 03:00:39.424000,売り,103.42200,103.32200,1.00,10.00,680.00,水平線手前,利確,支持抵抗,0,103.42200
2016-11-01,2016-11-30,20260209_053808,20260209_053808-0002,2016-11-09 11:00:04.671000,2016-11-09 11:00:12.358000,買い,104.39300,104.34300,1.00,-5.00,675.00,水平線手前,損切,支持抵抗,0,104.39300
2016-11-01,2016-11-30,20260209_053808,20260209_053808-0003,2016-11-09 11:00:13.077000,2016-11-09 11:00:15.891000,買い,104.29100,104.24100,1.00,-5.00,670.00,水平線手前,損切,支持抵抗,0,104.29100
2016-11-01,2016-11-30,20260209_053808,20260209_053808-0004,2016-11-09 11:02:05.102000,2016-11-09 11:02:27.404000,買い,103.87800,103.97800,1.00,10.00,680.00,水平線手前,利確,支持抵抗,0,103.87800
2016-11-01,2016-11-30,20260209_053808,20260209_053808-0005,2016-11-09 11:21:42.935000,2016-11-09 11:21:43.327000,買い,102.87100,102.82100,1.00,-5.00,675.00,水平線手前,損切,支持抵抗,0,102.87100
2016-11-01,2016-11-30,20260209_053808,20260209_053808-0006,2016-11-09 11:28:23.502000,2016-11-09 11:28:42.719000,買い,102.62600,102.57600,1.00,-5.00,670.00,水平線手前,損切,支持抵抗,0,102.62600
2016-11-01,2016-11-30,20260209_053808,20260209_053808-0007,2016-11-09 11:28:45.686000,2016-11-09 11:29:09.260000,買い,102.53700,102.48700,1.00,-5.00,665.00,水平線手前,損切,支持抵抗,0,102.53700
2016-11-01,2016-11-30,20260209_053808,20260209_053808-0008,2016-11-09 12:12:23.525000,2016-11-09 12:12:25.460000,買い,102.06700,102.01700,1.00,-5.00,660.00,水平線手前,損切,支持抵抗,0,102.06700
2016-11-01,2016-11-30,20260209_053808,20260209_053808-0009,2016-11-10 19:58:01.437000,2016-11-10 20:13:44.058000,売り,106.68100,106.73100,1.00,-5.00,655.00,水平線手前,損切,支持抵抗,0,106.68100
2016-11-01,2016-11-30,20260209_053808,20260209_053808-0010,2016-11-29 22:30:08.311000,2016-11-29 22:30:13.256000,売り,113.19000,113.24000,1.00,-5.00,650.00,水平線手前,損切,支持抵抗,0,113.19000
2016-11-01,2016-11-30,20260209_053808,20260209_053808-0011,2016-11-30 22:15:00.931000,2016-11-30 22:15:19.118000,売り,113.50700,113.40700,1.00,10.00,660.00,水平線手前,利確,支持抵抗,0,113.50700
2016-11-01,2016-11-30,20260209_053808,20260209_053808-0012,2016-11-30 22:15:00.828000,2016-11-30 22:15:22.749000,売り,113.49000,113.39000,1.00,10.00,670.00,水平線手前,利確,支持抵抗,0,113.49000
2016-12-01,2016-12-31,20260209_053901,20260209_053901-0001,2016-12-02 22:30:08.102000,2016-12-02 22:30:10.993000,買い,113.62000,113.72000,1.00,10.00,680.00,水平線手前,利確,支持抵抗,0,113.62000
2016-12-01,2016-12-31,20260209_053901,20260209_053901-0002,2016-12-02 22:30:08.051000,2016-12-02 22:30:11.623000,買い,113.62800,113.72800,1.00,10.00,690.00,水平線手前,利確,支持抵抗,0,113.62800
2016-12-01,2016-12-31,20260209_053901,20260209_053901-0003,2016-12-06 03:04:14.522000,2016-12-06 03:04:35.949000,買い,113.36500,113.31500,1.00,-5.00,685.00,水平線手前,損切,支持抵抗,0,113.36500
2016-12-01,2016-12-31,20260209_053901,20260209_053901-0004,2016-12-15 03:59:53.226000,2016-12-15 03:59:53.848000,売り,115.37500,115.42500,1.00,-5.00,680.00,水平線手前,損切,支持抵抗,0,115.37500
2016-12-01,2016-12-31,20260209_053901,20260209_053901-0005,2016-12-15 03:59:53.848000,2016-12-15 03:59:54.464000,売り,115.47000,115.37000,1.00,10.00,690.00,水平線手前,利確,支持抵抗,0,115.47000
2016-12-01,2016-12-31,20260209_053901,20260209_053901-0006,2016-12-15 04:00:00.638000,2016-12-15 04:00:01.022000,売り,115.58000,115.63000,1.00,-5.00,685.00,水平線手前,損切,支持抵抗,0,115.58000
2016-12-01,2016-12-31,20260209_053901,20260209_053901-0007,2016-12-15 04:12:24.502000,2016-12-15 04:12:53.818000,売り,116.43300,116.33300,1.00,10.00,695.00,水平線手前,利確,支持抵抗,0,116.43300
2016-12-01,2016-12-31,20260209_053901,20260209_053901-0008,2016-12-20 04:09:20.585000,2016-12-20 04:11:12.131000,売り,117.37100,117.27100,1.00,10.00,705.00,水平線手前,利確,支持抵抗,0,117.37100
2016-12-01,2016-12-31,20260209_053901,20260209_053901-0009,2016-12-31 00:57:42.091000,2016-12-31 00:58:04.868000,買い,116.44400,116.54400,1.00,10.00,715.00,水平線手前,利確,支持抵抗,0,116.44400
2017-01-01,2017-01-31,20260209_054005,20260209_054005-0001,2017-01-04 03:01:54.985000,2017-01-04 03:08:30.675000,買い,117.25200,117.35200,1.00,10.00,725.00,水平線手前,利確,支持抵抗,0,117.25200
2017-01-01,2017-01-31,20260209_054005,20260209_054005-0002,2017-01-04 03:01:54.879000,2017-01-04 03:08:30.954000,買い,117.26100,117.36100,1.00,10.00,735.00,水平線手前,利確,支持抵抗,0,117.26100
2017-01-01,2017-01-31,20260209_054005,20260209_054005-0003,2017-01-04 23:56:31.625000,2017-01-05 00:00:35.188000,買い,117.13600,117.23600,1.00,10.00,745.00,水平線手前,利確,支持抵抗,0,117.13600
2017-01-01,2017-01-31,20260209_054005,20260209_054005-0004,2017-01-05 15:59:16.014000,2017-01-05 15:59:57.311000,買い,115.61800,115.71800,1.00,10.00,755.00,水平線手前,利確,支持抵抗,0,115.61800
2017-01-01,2017-01-31,20260209_054005,20260209_054005-0005,2017-01-06 22:30:06.238000,2017-01-06 22:30:06.392000,買い,115.79000,115.74000,1.00,-5.00,750.00,水平線手前,損切,支持抵抗,0,115.79000
2017-01-01,2017-01-31,20260209_054005,20260209_054005-0006,2017-01-06 22:30:06.341000,2017-01-06 22:30:09.343000,買い,115.75900,115.85900,1.00,10.00,760.00,水平線手前,利確,支持抵抗,0,115.75900
2017-01-01,2017-01-31,20260209_054005,20260209_054005-0007,2017-01-06 22:32:09.009000,2017-01-06 22:32:12.212000,売り,116.36600,116.41600,1.00,-5.00,755.00,水平線手前,損切,支持抵抗,0,116.36600
2017-01-01,2017-01-31,20260209_054005,20260209_054005-0008,2017-01-12 01:22:10.451000,2017-01-12 01:23:16.895000,売り,116.84200,116.74200,1.00,10.00,765.00,水平線手前,利確,支持抵抗,0,116.84200
2017-01-01,2017-01-31,20260209_054005,20260209_054005-0009,2017-01-12 02:40:23.453000,2017-01-12 02:40:35.149000,買い,115.65500,115.60500,1.00,-5.00,760.00,水平線手前,損切,支持抵抗,0,115.65500
2017-01-01,2017-01-31,20260209_054005,20260209_054005-0010,2017-01-12 03:01:53.121000,2017-01-12 03:02:07.020000,買い,115.28600,115.23600,1.00,-5.00,755.00,水平線手前,損切,支持抵抗,0,115.28600
2017-01-01,2017-01-31,20260209_054005,20260209_054005-0011,2017-01-12 03:11:06.211000,2017-01-12 03:12:00.424000,買い,114.28600,114.38600,1.00,10.00,765.00,水平線手前,利確,支持抵抗,0,114.28600
2017-01-01,2017-01-31,20260209_054005,20260209_054005-0012,2017-01-12 21:44:59.618000,2017-01-12 21:47:52.506000,買い,113.96000,114.06000,1.00,10.00,775.00,水平線手前,利確,支持抵抗,0,113.96000
2017-01-01,2017-01-31,20260209_054005,20260209_054005-0013,2017-01-13 22:30:02.048000,2017-01-13 22:30:05.279000,買い,114.17800,114.27800,1.00,10.00,785.00,水平線手前,利確,支持抵抗,0,114.17800
2017-01-01,2017-01-31,20260209_054005,20260209_054005-0014,2017-01-16 15:39:29.395000,2017-01-16 15:39:32.848000,買い,113.63500,113.73500,1.00,10.00,795.00,水平線手前,利確,支持抵抗,0,113.63500
2017-01-01,2017-01-31,20260209_054005,20260209_054005-0015,2017-01-18 22:30:21.681000,2017-01-18 22:32:20.868000,売り,113.63500,113.53500,1.00,10.00,805.00,水平線手前,利確,支持抵抗,0,113.63500
2017-01-01,2017-01-31,20260209_054005,20260209_054005-0016,2017-01-20 00:55:55.844000,2017-01-20 00:56:18.610000,売り,115.50100,115.40100,1.00,10.00,815.00,水平線手前,利確,支持抵抗,0,115.50100
2017-01-01,2017-01-31,20260209_054005,20260209_054005-0017,2017-01-23 14:55:41.958000,2017-01-23 15:05:11.638000,買い,113.37300,113.32300,1.00,-5.00,810.00,水平線手前,損切,支持抵抗,0,113.37300
2017-01-01,2017-01-31,20260209_054005,20260209_054005-0018,2017-01-27 22:47:02.770000,2017-01-27 22:51:12.893000,売り,115.35500,115.25500,1.00,10.00,820.00,水平線手前,利確,支持抵抗,0,115.35500
2017-01-01,2017-01-31,20260209_054005,20260209_054005-0019,2017-01-27 22:47:02.288000,2017-01-27 22:51:14.481000,売り,115.34900,115.24900,1.00,10.00,830.00,水平線手前,利確,支持抵抗,0,115.34900
2017-01-01,2017-01-31,20260209_054005,20260209_054005-0020,2017-01-31 23:28:38.330000,2017-01-31 23:29:26.730000,買い,112.87000,112.82000,1.00,-5.00,825.00,水平線手前,損切,支持抵抗,0,112.87000
2017-02-01,2017-02-28,20260209_054057,20260209_054057-0001,2017-02-01 22:15:00.528000,2017-02-01 22:15:01.375000,売り,113.50200,113.55200,1.00,-5.00,820.00,水平線手前,損切,支持抵抗,0,113.50200
2017-02-01,2017-02-28,20260209_054057,20260209_054057-0002,2017-02-03 22:30:01.625000,2017-02-03 22:30:02.193000,売り,113.30800,113.35800,1.00,-5.00,815.00,水平線手前,損切,支持抵抗,0,113.30800
2017-02-01,2017-02-28,20260209_054057,20260209_054057-0003,2017-02-03 22:30:03.516000,2017-02-03 22:30:07.963000,売り,113.45000,113.35000,1.00,10.00,825.00,水平線手前,利確,支持抵抗,0,113.45000
2017-02-01,2017-02-28,20260209_054057,20260209_054057-0004,2017-02-03 22:30:49.240000,2017-02-03 22:31:06.386000,買い,112.61800,112.71800,1.00,10.00,835.00,水平線手前,利確,支持抵抗,0,112.61800
2017-02-01,2017-02-28,20260209_054057,20260209_054057-0005,2017-02-09 23:56:03.084000,2017-02-09 23:56:04.418000,売り,112.55100,112.60100,1.00,-5.00,830.00,水平線手前,損切,支持抵抗,0,112.55100
2017-02-01,2017-02-28,20260209_054057,20260209_054057-0006,2017-02-09 23:56:03.238000,2017-02-09 23:56:04.809000,売り,112.55800,112.60800,1.00,-5.00,825.00,水平線手前,損切,支持抵抗,0,112.55800
2017-02-01,2017-02-28,20260209_054057,20260209_054057-0007,2017-02-11 03:35:12.301000,2017-02-11 03:35:24.445000,買い,113.08800,113.03800,1.00,-5.00,820.00,水平線手前,損切,支持抵抗,0,113.08800
2017-02-01,2017-02-28,20260209_054057,20260209_054057-0008,2017-02-11 03:35:32.461000,2017-02-11 03:35:49.615000,買い,112.89700,112.99700,1.00,10.00,830.00,水平線手前,利確,支持抵抗,0,112.89700
2017-02-01,2017-02-28,20260209_054057,20260209_054057-0009,2017-02-15 22:30:00.438000,2017-02-15 22:30:01.951000,売り,114.58200,114.63200,1.00,-5.00,825.00,水平線手前,損切,支持抵抗,0,114.58200
2017-02-01,2017-02-28,20260209_054057,20260209_054057-0010,2017-02-28 22:30:02.611000,2017-02-28 22:30:22.939000,買い,112.14300,112.09300,1.00,-5.00,820.00,水平線手前,損切,支持抵抗,0,112.14300
2017-03-01,2017-03-31,20260209_054146,20260209_054146-0001,2017-03-02 00:00:00.567000,2017-03-02 00:00:01.202000,売り,113.99200,114.04200,1.00,-5.00,815.00,水平線手前,損切,支持抵抗,0,113.99200
2017-03-01,2017-03-31,20260209_054146,20260209_054146-0002,2017-03-02 00:00:01.202000,2017-03-02 00:02:13.217000,売り,114.03200,113.93200,1.00,10.00,825.00,水平線手前,利確,支持抵抗,0,114.03200
2017-03-01,2017-03-31,20260209_054146,20260209_054146-0003,2017-03-04 03:00:05.001000,2017-03-04 03:00:06.308000,売り,114.66200,114.71200,1.00,-5.00,820.00,水平線手前,損切,支持抵抗,0,114.66200
2017-03-01,2017-03-31,20260209_054146,20260209_054146-0004,2017-03-04 03:00:07.201000,2017-03-04 03:00:26.036000,売り,114.72000,114.62000,1.00,10.00,830.00,水平線手前,利確,支持抵抗,0,114.72000
2017-03-01,2017-03-31,20260209_054146,20260209_054146-0005,2017-03-10 23:58:44.064000,2017-03-10 23:59:05.328000,買い,114.87000,114.97000,1.00,10.00,840.00,水平線手前,利確,支持抵抗,0,114.87000
2017-03-01,2017-03-31,20260209_054146,20260209_054146-0006,2017-03-16 03:00:10.055000,2017-03-16 03:00:11.365000,買い,114.37200,114.32200,1.00,-5.00,835.00,水平線手前,損切,支持抵抗,0,114.37200
2017-03-01,2017-03-31,20260209_054146,20260209_054146-0007,2017-03-16 03:01:02.158000,2017-03-16 03:01:19.659000,買い,113.68300,113.78300,1.00,10.00,845.00,水平線手前,利確,支持抵抗,0,113.68300
2017-03-01,2017-03-31,20260209_054146,20260209_054146-0008,2017-03-16 03:47:19.277000,2017-03-16 03:47:36.724000,買い,113.35900,113.45900,1.00,10.00,855.00,水平線手前,利確,支持抵抗,0,113.35900
2017-03-01,2017-03-31,20260209_054146,20260209_054146-0009,2017-03-24 02:12:26.329000,2017-03-24 02:12:53.319000,買い,110.89900,110.99900,1.00,10.00,865.00,水平線手前,利確,支持抵抗,0,110.89900
2017-03-01,2017-03-31,20260209_054146,20260209_054146-0010,2017-03-31 03:23:07.373000,2017-03-31 04:22:24.490000,売り,111.63700,111.68700,1.00,-5.00,860.00,水平線手前,損切,支持抵抗,0,111.63700
2017-04-01,2017-04-30,20260209_054228,20260209_054228-0001,2017-04-05 21:15:00.453000,2017-04-05 21:15:00.787000,売り,111.07800,111.12800,1.00,-5.00,855.00,水平線手前,損切,支持抵抗,0,111.07800
2017-04-01,2017-04-30,20260209_054228,20260209_054228-0002,2017-04-06 03:00:06.970000,2017-04-06 03:00:58.367000,売り,111.42400,111.32400,1.00,10.00,865.00,水平線手前,利確,支持抵抗,0,111.42400
2017-04-01,2017-04-30,20260209_054228,20260209_054228-0003,2017-04-06 03:00:06.006000,2017-04-06 03:00:58.674000,売り,111.41900,111.31900,1.00,10.00,875.00,水平線手前,利確,支持抵抗,0,111.41900
2017-04-01,2017-04-30,20260209_054228,20260209_054228-0004,2017-04-07 21:30:10.055000,2017-04-07 21:30:16.159000,買い,110.16800,110.26800,1.00,10.00,885.00,水平線手前,利確,支持抵抗,0,110.16800
2017-04-01,2017-04-30,20260209_054228,20260209_054228-0005,2017-04-07 21:30:05.377000,2017-04-07 21:30:16.265000,買い,110.18100,110.28100,1.00,10.00,895.00,水平線手前,利確,支持抵抗,0,110.18100
2017-04-01,2017-04-30,20260209_054228,20260209_054228-0006,2017-04-07 21:30:08.355000,2017-04-07 21:30:16.265000,買い,110.17200,110.27200,1.00,10.00,905.00,水平線手前,利確,支持抵抗,0,110.17200
2017-04-01,2017-04-30,20260209_054228,20260209_054228-0007,2017-04-26 22:01:36.218000,2017-04-26 22:03:05.722000,買い,111.22400,111.32400,1.00,10.00,915.00,水平線手前,利確,支持抵抗,0,111.22400
2017-04-01,2017-04-30,20260209_054228,20260209_054228-0008,2017-04-28 21:30:15.102000,2017-04-28 21:30:34.719000,売り,111.56900,111.61900,1.00,-5.00,910.00,水平線手前,損切,支持抵抗,0,111.56900
2017-04-01,2017-04-30,20260209_054228,20260209_054228-0009,2017-04-28 21:30:13.546000,2017-04-28 21:30:34.873000,売り,111.57000,111.62000,1.00,-5.00,905.00,水平線手前,損切,支持抵抗,0,111.57000
2017-05-01,2017-05-31,20260209_054310,20260209_054310-0001,2017-05-04 03:00:13.203000,2017-05-04 03:00:49.442000,売り,112.47600,112.37600,1.00,10.00,915.00,水平線手前,利確,支持抵抗,0,112.47600
2017-05-01,2017-05-31,20260209_054310,20260209_054310-0002,2017-05-05 21:30:02.414000,2017-05-05 21:30:05.141000,売り,112.72600,112.62600,1.00,10.00,925.00,水平線手前,利確,支持抵抗,0,112.72600
2017-05-01,2017-05-31,20260209_054310,20260209_054310-0003,2017-05-05 21:30:02.869000,2017-05-05 21:30:41.653000,売り,112.70100,112.60100,1.00,10.00,935.00,水平線手前,利確,支持抵抗,0,112.70100
2017-05-01,2017-05-31,20260209_054310,20260209_054310-0004,2017-05-10 04:39:33.830000,2017-05-10 04:40:37.350000,買い,113.80400,113.90400,1.00,10.00,945.00,水平線手前,利確,支持抵抗,0,113.80400
2017-05-01,2017-05-31,20260209_054310,20260209_054310-0005,2017-05-11 02:32:49.747000,2017-05-11 02:51:46.961000,売り,114.34400,114.24400,1.00,10.00,955.00,水平線手前,利確,支持抵抗,0,114.34400
2017-06-01,2017-06-30,20260209_054352,20260209_054352-0001,2017-06-01 21:15:00.267000,2017-06-01 21:15:03.030000,売り,111.29700,111.34700,1.00,-5.00,950.00,水平線手前,損切,支持抵抗,0,111.29700
2017-06-01,2017-06-30,20260209_054352,20260209_054352-0002,2017-06-01 21:15:09.875000,2017-06-01 21:30:42.625000,売り,111.41900,111.31900,1.00,10.00,960.00,水平線手前,利確,支持抵抗,0,111.41900
2017-06-01,2017-06-30,20260209_054352,20260209_054352-0003,2017-06-02 21:30:01.763000,2017-06-02 21:30:02.501000,買い,111.27300,111.22300,1.00,-5.00,955.00,水平線手前,損切,支持抵抗,0,111.27300
2017-06-01,2017-06-30,20260209_054352,20260209_054352-0004,2017-06-14 21:30:09.571000,2017-06-14 21:30:12.517000,買い,109.93800,109.88800,1.00,-5.00,950.00,水平線手前,損切,支持抵抗,0,109.93800
2017-06-01,2017-06-30,20260209_054352,20260209_054352-0005,2017-06-15 03:00:02.567000,2017-06-15 03:00:03.617000,買い,108.94600,108.89600,1.00,-5.00,945.00,水平線手前,損切,支持抵抗,0,108.94600
2017-06-01,2017-06-30,20260209_054352,20260209_054352-0006,2017-06-15 03:00:04.737000,2017-06-15 03:00:09.996000,買い,108.84900,108.94900,1.00,10.00,955.00,水平線手前,利確,支持抵抗,0,108.84900
2017-06-01,2017-06-30,20260209_054352,20260209_054352-0007,2017-06-26 17:01:14.875000,2017-06-26 17:22:08.449000,売り,111.59900,111.64900,1.00,-5.00,950.00,水平線手前,損切,支持抵抗,0,111.59900
2017-06-01,2017-06-30,20260209_054352,20260209_054352-0008,2017-06-27 03:26:44.408000,2017-06-27 04:12:46.639000,売り,111.90200,111.95200,1.00,-5.00,945.00,水平線手前,損切,支持抵抗,0,111.90200
2017-06-01,2017-06-30,20260209_054352,20260209_054352-0009,2017-06-30 01:59:34.429000,2017-06-30 02:00:52.652000,買い,111.93000,112.03000,1.00,10.00,955.00,水平線手前,利確,支持抵抗,0,111.93000
2017-06-01,2017-06-30,20260209_054352,20260209_054352-0010,2017-06-30 22:42:03.144000,2017-06-30 23:01:14.139000,売り,112.23400,112.13400,1.00,10.00,965.00,水平線手前,利確,支持抵抗,0,112.23400
2017-07-01,2017-07-31,20260209_054430,20260209_054430-0001,2017-07-04 15:30:57.632000,2017-07-04 15:31:15.126000,買い,112.77000,112.87000,1.00,10.00,975.00,水平線手前,利確,支持抵抗,0,112.77000
2017-07-01,2017-07-31,20260209_054430,20260209_054430-0002,2017-07-07 21:30:05.990000,2017-07-07 21:30:07.581000,売り,113.81400,113.86400,1.00,-5.00,970.00,水平線手前,損切,支持抵抗,0,113.81400
2017-07-01,2017-07-31,20260209_054430,20260209_054430-0003,2017-07-12 21:30:10.933000,2017-07-12 21:30:22.406000,売り,113.68800,113.58800,1.00,10.00,980.00,水平線手前,利確,支持抵抗,0,113.68800
2017-07-01,2017-07-31,20260209_054430,20260209_054430-0004,2017-07-14 21:30:01.979000,2017-07-14 21:30:02.811000,買い,112.84900,112.79900,1.00,-5.00,975.00,水平線手前,損切,支持抵抗,0,112.84900
2017-07-01,2017-07-31,20260209_054430,20260209_054430-0005,2017-07-18 21:38:41.501000,2017-07-18 21:38:48.660000,買い,111.99700,111.94700,1.00,-5.00,970.00,水平線手前,損切,支持抵抗,0,111.99700
2017-07-01,2017-07-31,20260209_054430,20260209_054430-0006,2017-07-20 23:31:24.081000,2017-07-20 23:31:39.862000,買い,111.93000,111.88000,1.00,-5.00,965.00,水平線手前,損切,支持抵抗,0,111.93000
2017-07-01,2017-07-31,20260209_054430,20260209_054430-0007,2017-07-27 03:00:12.393000,2017-07-27 03:00:14.315000,売り,112.18800,112.08800,1.00,10.00,975.00,水平線手前,利確,支持抵抗,0,112.18800
2017-07-01,2017-07-31,20260209_054430,20260209_054430-0008,2017-07-27 03:00:12.208000,2017-07-27 03:00:14.814000,売り,112.17100,112.07100,1.00,10.00,985.00,水平線手前,利確,支持抵抗,0,112.17100
2017-07-01,2017-07-31,20260209_054430,20260209_054430-0009,2017-07-27 03:00:10.103000,2017-07-27 03:00:14.972000,売り,112.16800,112.06800,1.00,10.00,995.00,水平線手前,利確,支持抵抗,0,112.16800
2017-07-01,2017-07-31,20260209_054430,20260209_054430-0010,2017-07-27 21:30:09.804000,2017-07-27 21:33:46.799000,売り,111.42300,111.47300,1.00,-5.00,990.00,水平線手前,損切,支持抵抗,0,111.42300
2017-07-01,2017-07-31,20260209_054430,20260209_054430-0011,2017-07-29 00:07:33.766000,2017-07-29 00:07:34.830000,買い,110.82100,110.77100,1.00,-5.00,985.00,水平線手前,損切,支持抵抗,0,110.82100
2017-08-01,2017-08-31,20260209_054519,20260209_054519-0001,2017-08-01 23:20:28.048000,2017-08-01 23:30:37.510000,買い,109.95600,110.05600,1.00,10.00,995.00,水平線手前,利確,支持抵抗,0,109.95600
2017-08-01,2017-08-31,20260209_054519,20260209_054519-0002,2017-08-03 20:37:04.933000,2017-08-03 21:31:22.507000,買い,110.36300,110.31300,1.00,-5.00,990.00,水平線手前,損切,支持抵抗,0,110.36300
2017-08-01,2017-08-31,20260209_054519,20260209_054519-0003,2017-08-03 23:00:00.259000,2017-08-03 23:00:00.842000,買い,110.26000,110.21000,1.00,-5.00,985.00,水平線手前,損切,支持抵抗,0,110.26000
2017-08-01,2017-08-31,20260209_054519,20260209_054519-0004,2017-08-10 02:01:46.734000,2017-08-10 02:18:00.863000,売り,110.07100,109.97100,1.00,10.00,995.00,水平線手前,利確,支持抵抗,0,110.07100
2017-08-01,2017-08-31,20260209_054519,20260209_054519-0005,2017-08-11 21:30:01.486000,2017-08-11 21:30:04.613000,買い,108.93700,108.88700,1.00,-5.00,990.00,水平線手前,損切,支持抵抗,0,108.93700
2017-08-01,2017-08-31,20260209_054519,20260209_054519-0006,2017-08-11 21:30:13.277000,2017-08-11 21:31:00.894000,買い,108.76800,108.86800,1.00,10.00,1000.00,水平線手前,利確,支持抵抗,0,108.76800
2017-08-01,2017-08-31,20260209_054519,20260209_054519-0007,2017-08-25 22:41:25.853000,2017-08-25 22:55:06.022000,売り,109.74700,109.79700,1.00,-5.00,995.00,水平線手前,損切,支持抵抗,0,109.74700
2017-08-01,2017-08-31,20260209_054519,20260209_054519-0008,2017-08-25 22:41:27.444000,2017-08-25 22:55:06.022000,売り,109.74700,109.79700,1.00,-5.00,990.00,水平線手前,損切,支持抵抗,0,109.74700
2017-09-01,2017-09-30,20260209_054557,20260209_054557-0001,2017-09-01 21:30:01.640000,2017-09-01 21:30:02.587000,買い,109.82000,109.77000,1.00,-5.00,985.00,水平線手前,損切,支持抵抗,0,109.82000
2017-09-01,2017-09-30,20260209_054557,20260209_054557-0002,2017-09-01 21:30:16.342000,2017-09-01 21:30:45.929000,買い,109.60100,109.70100,1.00,10.00,995.00,水平線手前,利確,支持抵抗,0,109.60100
2017-09-01,2017-09-30,20260209_054557,20260209_054557-0003,2017-09-01 23:00:00.271000,2017-09-01 23:00:00.702000,売り,110.35000,110.40000,1.00,-5.00,990.00,水平線手前,損切,支持抵抗,0,110.35000
2017-09-01,2017-09-30,20260209_054557,20260209_054557-0004,2017-09-01 23:00:06.418000,2017-09-01 23:00:19.059000,売り,110.48800,110.38800,1.00,10.00,1000.00,水平線手前,利確,支持抵抗,0,110.48800
2017-09-01,2017-09-30,20260209_054557,20260209_054557-0005,2017-09-04 15:02:43.784000,2017-09-04 15:06:36.623000,買い,109.53200,109.48200,1.00,-5.00,995.00,水平線手前,損切,支持抵抗,0,109.53200
2017-09-01,2017-09-30,20260209_054557,20260209_054557-0006,2017-09-05 11:18:20.044000,2017-09-05 12:18:21.610000,買い,109.28900,109.23900,1.00,-5.00,990.00,水平線手前,損切,支持抵抗,0,109.28900
2017-09-01,2017-09-30,20260209_054557,20260209_054557-0007,2017-09-14 02:03:21.314000,2017-09-14 02:03:41.939000,売り,110.66300,110.56300,1.00,10.00,1000.00,水平線手前,利確,支持抵抗,0,110.66300
2017-09-01,2017-09-30,20260209_054557,20260209_054557-0008,2017-09-14 21:30:01.597000,2017-09-14 21:30:02.254000,売り,110.72900,110.77900,1.00,-5.00,995.00,水平線手前,損切,支持抵抗,0,110.72900
2017-09-01,2017-09-30,20260209_054557,20260209_054557-0009,2017-09-18 15:43:27.428000,2017-09-18 16:54:32.952000,売り,111.38200,111.43200,1.00,-5.00,990.00,水平線手前,損切,支持抵抗,0,111.38200
2017-09-01,2017-09-30,20260209_054557,20260209_054557-0010,2017-09-19 22:16:33.756000,2017-09-19 22:46:55.216000,買い,111.28200,111.38200,1.00,10.00,1000.00,水平線手前,利確,支持抵抗,0,111.28200
2017-09-01,2017-09-30,20260209_054557,20260209_054557-0011,2017-09-19 23:20:07.939000,2017-09-19 23:21:14.579000,買い,111.23500,111.33500,1.00,10.00,1010.00,水平線手前,利確,支持抵抗,0,111.23500
2017-09-01,2017-09-30,20260209_054557,20260209_054557-0012,2017-09-21 03:00:01.698000,2017-09-21 03:00:02.927000,売り,111.51600,111.56600,1.00,-5.00,1005.00,水平線手前,損切,支持抵抗,0,111.51600
2017-09-01,2017-09-30,20260209_054557,20260209_054557-0013,2017-09-21 03:00:11.968000,2017-09-21 03:00:14.614000,買い,111.12200,111.22200,1.00,10.00,1015.00,水平線手前,利確,支持抵抗,0,111.12200
2017-09-01,2017-09-30,20260209_054557,20260209_054557-0014,2017-09-25 23:50:48.133000,2017-09-25 23:50:53.689000,買い,111.98000,112.08000,1.00,10.00,1025.00,水平線手前,利確,支持抵抗,0,111.98000
2017-09-01,2017-09-30,20260209_054557,20260209_054557-0015,2017-09-25 23:52:28.111000,2017-09-25 23:56:49.992000,買い,111.88500,111.83500,1.00,-5.00,1020.00,水平線手前,損切,支持抵抗,0,111.88500
2017-09-01,2017-09-30,20260209_054557,20260209_054557-0016,2017-09-29 21:30:06.024000,2017-09-29 21:36:00.379000,買い,112.34800,112.29800,1.00,-5.00,1015.00,水平線手前,損切,支持抵抗,0,112.34800
2017-10-01,2017-10-31,20260209_054634,20260209_054634-0001,2017-10-04 23:00:01.673000,2017-10-04 23:26:21.303000,売り,112.87000,112.77000,1.00,10.00,1025.00,水平線手前,利確,支持抵抗,0,112.87000
2017-10-01,2017-10-31,20260209_054634,20260209_054634-0002,2017-10-04 23:00:01.335000,2017-10-04 23:26:35.976000,売り,112.86100,112.76100,1.00,10.00,1035.00,水平線手前,利確,支持抵抗,0,112.86100
2017-10-01,2017-10-31,20260209_054634,20260209_054634-0003,2017-10-06 21:30:01.659000,2017-10-06 21:30:04.354000,売り,113.07400,113.12400,1.00,-5.00,1030.00,水平線手前,損切,支持抵抗,0,113.07400
2017-10-01,2017-10-31,20260209_054634,20260209_054634-0004,2017-10-06 21:30:09.903000,2017-10-06 21:30:14.869000,売り,113.18600,113.08600,1.00,10.00,1040.00,水平線手前,利確,支持抵抗,0,113.18600
2017-10-01,2017-10-31,20260209_054634,20260209_054634-0005,2017-10-06 21:30:07.472000,2017-10-06 21:31:37.367000,売り,113.18300,113.08300,1.00,10.00,1050.00,水平線手前,利確,支持抵抗,0,113.18300
2017-10-01,2017-10-31,20260209_054634,20260209_054634-0006,2017-10-13 21:30:10.082000,2017-10-13 21:31:29.078000,買い,111.89500,111.84500,1.00,-5.00,1045.00,水平線手前,損切,支持抵抗,0,111.89500
2017-10-01,2017-10-31,20260209_054634,20260209_054634-0007,2017-10-17 03:14:13.528000,2017-10-17 03:14:14.260000,売り,112.02900,112.07900,1.00,-5.00,1040.00,水平線手前,損切,支持抵抗,0,112.02900
2017-10-01,2017-10-31,20260209_054634,20260209_054634-0008,2017-10-17 03:14:34.980000,2017-10-17 03:18:10.077000,売り,112.18700,112.08700,1.00,10.00,1050.00,水平線手前,利確,支持抵抗,0,112.18700
2017-10-01,2017-10-31,20260209_054634,20260209_054634-0009,2017-10-26 21:04:00.134000,2017-10-26 21:59:30.314000,売り,113.86100,113.76100,1.00,10.00,1060.00,水平線手前,利確,支持抵抗,0,113.86100
2017-10-01,2017-10-31,20260209_054634,20260209_054634-0010,2017-10-27 21:30:01.553000,2017-10-27 21:30:10.095000,売り,114.32300,114.37300,1.00,-5.00,1055.00,水平線手前,損切,支持抵抗,0,114.32300
2017-11-01,2017-11-30,20260209_054709,20260209_054709-0001,2017-11-03 21:30:01.695000,2017-11-03 21:30:02.577000,買い,113.73100,113.68100,1.00,-5.00,1050.00,水平線手前,損切,支持抵抗,0,113.73100
2017-11-01,2017-11-30,20260209_054709,20260209_054709-0002,2017-11-03 21:30:02.577000,2017-11-03 21:30:10.313000,買い,113.66400,113.76400,1.00,10.00,1060.00,水平線手前,利確,支持抵抗,0,113.66400
2017-11-01,2017-11-30,20260209_054709,20260209_054709-0003,2017-11-28 01:14:15.067000,2017-11-28 01:37:20.950000,買い,110.91700,110.86700,1.00,-5.00,1055.00,水平線手前,損切,支持抵抗,0,110.91700
2017-12-01,2017-12-31,20260209_054746,20260209_054746-0001,2017-12-02 01:08:51.646000,2017-12-02 01:09:14.701000,買い,112.32000,112.27000,1.00,-5.00,1050.00,水平線手前,損切,支持抵抗,0,112.32000
2017-12-01,2017-12-31,20260209_054746,20260209_054746-0002,2017-12-02 01:25:10.570000,2017-12-02 01:25:11.724000,買い,111.70600,111.65600,1.00,-5.00,1045.00,水平線手前,損切,支持抵抗,0,111.70600
2017-12-01,2017-12-31,20260209_054746,20260209_054746-0003,2017-12-13 22:30:03.727000,2017-12-13 22:30:05.166000,買い,113.16400,113.11400,1.00,-5.00,1040.00,水平線手前,損切,支持抵抗,0,113.16400
2017-12-01,2017-12-31,20260209_054746,20260209_054746-0004,2017-12-13 22:30:04.800000,2017-12-13 22:30:05.414000,買い,113.15600,113.10600,1.00,-5.00,1035.00,水平線手前,損切,支持抵抗,0,113.15600
2018-01-01,2018-01-31,20260209_054821,20260209_054821-0001,2018-01-04 22:15:08.375000,2018-01-04 22:34:55.799000,売り,112.74900,112.79900,1.00,-5.00,1030.00,水平線手前,損切,支持抵抗,0,112.74900
2018-01-01,2018-01-31,20260209_054821,20260209_054821-0002,2018-01-04 22:15:00.431000,2018-01-04 22:34:59.989000,売り,112.75700,112.80700,1.00,-5.00,1025.00,水平線手前,損切,支持抵抗,0,112.75700
2018-01-01,2018-01-31,20260209_054821,20260209_054821-0003,2018-01-04 22:15:00.494000,2018-01-04 22:37:20.606000,売り,112.76400,112.81400,1.00,-5.00,1020.00,水平線手前,損切,支持抵抗,0,112.76400
2018-01-01,2018-01-31,20260209_054821,20260209_054821-0004,2018-01-12 22:30:01.921000,2018-01-12 22:30:02.700000,売り,111.42900,111.47900,1.00,-5.00,1015.00,水平線手前,損切,支持抵抗,0,111.42900
2018-01-01,2018-01-31,20260209_054821,20260209_054821-0005,2018-01-23 12:15:09.228000,2018-01-23 12:15:14.074000,買い,110.69800,110.64800,1.00,-5.00,1010.00,水平線手前,損切,支持抵抗,0,110.69800
2018-01-01,2018-01-31,20260209_054821,20260209_054821-0006,2018-01-23 12:15:19.962000,2018-01-23 12:15:25.362000,買い,110.58000,110.68000,1.00,10.00,1020.00,水平線手前,利確,支持抵抗,0,110.58000
2018-01-01,2018-01-31,20260209_054821,20260209_054821-0007,2018-01-27 04:24:57.408000,2018-01-27 04:25:18.301000,売り,109.05200,108.95200,1.00,10.00,1030.00,水平線手前,利確,支持抵抗,0,109.05200
2018-02-01,2018-02-28,20260209_054904,20260209_054904-0001,2018-02-09 22:45:49.024000,2018-02-09 22:46:03.611000,売り,109.22400,109.12400,1.00,10.00,1040.00,水平線手前,利確,支持抵抗,0,109.22400
2018-02-01,2018-02-28,20260209_054904,20260209_054904-0002,2018-02-10 01:56:20.069000,2018-02-10 01:57:50.149000,買い,108.43600,108.53600,1.00,10.00,1050.00,水平線手前,利確,支持抵抗,0,108.43600
2018-02-01,2018-02-28,20260209_054904,20260209_054904-0003,2018-02-10 02:43:39.983000,2018-02-10 02:51:58.913000,買い,108.17900,108.27900,1.00,10.00,1060.00,水平線手前,利確,支持抵抗,0,108.17900
2018-02-01,2018-02-28,20260209_054904,20260209_054904-0004,2018-02-14 22:30:01.916000,2018-02-14 22:30:04.104000,売り,107.49400,107.54400,1.00,-5.00,1055.00,水平線手前,損切,支持抵抗,0,107.49400
2018-02-01,2018-02-28,20260209_054904,20260209_054904-0005,2018-02-14 22:30:02.242000,2018-02-14 22:30:19.922000,売り,107.52400,107.42400,1.00,10.00,1065.00,水平線手前,利確,支持抵抗,0,107.52400
2018-02-01,2018-02-28,20260209_054904,20260209_054904-0006,2018-02-15 11:35:49.560000,2018-02-15 11:36:57.303000,買い,106.33000,106.43000,1.00,10.00,1075.00,水平線手前,利確,支持抵抗,0,106.33000
2018-03-01,2018-03-31,20260209_054950,20260209_054950-0001,2018-03-20 18:09:33.381000,2018-03-20 18:13:35.544000,買い,106.11300,106.21300,1.00,10.00,1085.00,水平線手前,利確,支持抵抗,0,106.11300
2018-03-01,2018-03-31,20260209_054950,20260209_054950-0002,2018-03-21 20:43:28.874000,2018-03-21 20:44:13.844000,買い,106.12300,106.22300,1.00,10.00,1095.00,水平線手前,利確,支持抵抗,0,106.12300
2018-03-01,2018-03-31,20260209_054950,20260209_054950-0003,2018-03-22 03:00:24.038000,2018-03-22 03:00:52.220000,買い,106.05600,106.15600,1.00,10.00,1105.00,水平線手前,利確,支持抵抗,0,106.05600
2018-03-01,2018-03-31,20260209_054950,20260209_054950-0004,2018-03-22 03:01:16.466000,2018-03-22 03:01:23.619000,売り,106.39900,106.44900,1.00,-5.00,1100.00,水平線手前,損切,支持抵抗,0,106.39900
2018-03-01,2018-03-31,20260209_054950,20260209_054950-0005,2018-03-27 23:09:22.915000,2018-03-27 23:09:30.276000,買い,105.67100,105.62100,1.00,-5.00,1095.00,水平線手前,損切,支持抵抗,0,105.67100
2018-04-01,2018-04-30,20260209_055024,20260209_055024-0001,2018-04-27 23:38:10.223000,2018-04-27 23:58:33.426000,買い,108.97400,109.07400,1.00,10.00,1105.00,水平線手前,利確,支持抵抗,0,108.97400
2018-05-01,2018-05-31,20260209_055101,20260209_055101-0001,2018-05-10 21:30:07.091000,2018-05-10 21:30:27.623000,買い,109.33600,109.43600,1.00,10.00,1115.00,水平線手前,利確,支持抵抗,0,109.33600
2018-06-01,2018-06-30,20260209_055141,20260209_055141-0001,2018-06-26 04:37:56.078000,2018-06-26 04:37:56.803000,売り,109.91900,109.96900,1.00,-5.00,1110.00,水平線手前,損切,支持抵抗,0,109.91900
2018-06-01,2018-06-30,20260209_055141,20260209_055141-0002,2018-06-26 04:37:58.181000,2018-06-26 04:38:33.799000,売り,110.02500,109.92500,1.00,10.00,1120.00,水平線手前,利確,支持抵抗,0,110.02500
2018-06-01,2018-06-30,20260209_055141,20260209_055141-0003,2018-06-27 20:45:11.651000,2018-06-27 20:45:21.588000,売り,110.17800,110.22800,1.00,-5.00,1115.00,水平線手前,損切,支持抵抗,0,110.17800
2018-06-01,2018-06-30,20260209_055141,20260209_055141-0004,2018-06-27 20:45:11.862000,2018-06-27 20:45:22.086000,売り,110.18400,110.23400,1.00,-5.00,1110.00,水平線手前,損切,支持抵抗,0,110.18400
2018-06-01,2018-06-30,20260209_055141,20260209_055141-0005,2018-06-27 20:45:12.839000,2018-06-27 20:45:22.086000,売り,110.18900,110.23900,1.00,-5.00,1105.00,水平線手前,損切,支持抵抗,0,110.18900
2018-06-01,2018-06-30,20260209_055141,20260209_055141-0006,2018-06-27 20:45:24.962000,2018-06-27 20:45:40.041000,売り,110.32300,110.22300,1.00,10.00,1115.00,水平線手前,利確,支持抵抗,0,110.32300
2018-07-01,2018-07-31,20260209_055219,20260209_055219-0001,2018-07-03 21:09:17.811000,2018-07-03 21:18:15.963000,買い,110.59600,110.69600,1.00,10.00,1125.00,水平線手前,利確,支持抵抗,0,110.59600
2018-07-01,2018-07-31,20260209_055219,20260209_055219-0002,2018-07-03 21:09:17.758000,2018-07-03 21:40:08.092000,買い,110.60900,110.70900,1.00,10.00,1135.00,水平線手前,利確,支持抵抗,0,110.60900
2018-07-01,2018-07-31,20260209_055219,20260209_055219-0003,2018-07-06 21:30:01.630000,2018-07-06 21:30:11.025000,買い,110.53800,110.48800,1.00,-5.00,1130.00,水平線手前,損切,支持抵抗,0,110.53800
2018-07-01,2018-07-31,20260209_055219,20260209_055219-0004,2018-07-06 21:30:11.247000,2018-07-06 21:30:54.755000,買い,110.47800,110.57800,1.00,10.00,1140.00,水平線手前,利確,支持抵抗,0,110.47800
2018-07-01,2018-07-31,20260209_055219,20260209_055219-0005,2018-07-20 02:02:27.568000,2018-07-20 02:02:36.729000,買い,112.69100,112.64100,1.00,-5.00,1135.00,水平線手前,損切,支持抵抗,0,112.69100
2018-07-01,2018-07-31,20260209_055219,20260209_055219-0006,2018-07-20 02:19:47.020000,2018-07-20 02:21:52.852000,買い,112.06500,112.16500,1.00,10.00,1145.00,水平線手前,利確,支持抵抗,0,112.06500
2018-07-01,2018-07-31,20260209_055219,20260209_055219-0007,2018-07-20 23:00:06.568000,2018-07-20 23:00:19.599000,買い,111.60100,111.70100,1.00,10.00,1155.00,水平線手前,利確,支持抵抗,0,111.60100
2018-07-01,2018-07-31,20260209_055219,20260209_055219-0008,2018-07-25 23:42:38.203000,2018-07-25 23:42:39.793000,買い,110.96800,110.91800,1.00,-5.00,1150.00,水平線手前,損切,支持抵抗,0,110.96800
2018-07-01,2018-07-31,20260209_055219,20260209_055219-0009,2018-07-25 23:42:40.018000,2018-07-25 23:42:40.580000,買い,110.88600,110.83600,1.00,-5.00,1145.00,水平線手前,損切,支持抵抗,0,110.88600
2018-07-01,2018-07-31,20260209_055219,20260209_055219-0010,2018-07-25 23:42:40.580000,2018-07-25 23:42:56.455000,買い,110.83600,110.93600,1.00,10.00,1155.00,水平線手前,利確,支持抵抗,0,110.83600
2018-07-01,2018-07-31,20260209_055219,20260209_055219-0011,2018-07-31 13:03:07.237000,2018-07-31 13:03:08.066000,売り,111.25000,111.30000,1.00,-5.00,1150.00,水平線手前,損切,支持抵抗,0,111.25000
2018-07-01,2018-07-31,20260209_055219,20260209_055219-0012,2018-07-31 13:03:11.031000,2018-07-31 13:03:17.838000,売り,111.20300,111.10300,1.00,10.00,1160.00,水平線手前,利確,支持抵抗,0,111.20300
2018-07-01,2018-07-31,20260209_055219,20260209_055219-0013,2018-07-31 13:03:25.822000,2018-07-31 13:03:26.987000,買い,110.83100,110.78100,1.00,-5.00,1155.00,水平線手前,損切,支持抵抗,0,110.83100
2018-07-01,2018-07-31,20260209_055219,20260209_055219-0014,2018-07-31 13:03:26.767000,2018-07-31 13:03:26.987000,買い,110.81200,110.76200,1.00,-5.00,1150.00,水平線手前,損切,支持抵抗,0,110.81200
2018-07-01,2018-07-31,20260209_055219,20260209_055219-0015,2018-07-31 13:03:26.987000,2018-07-31 13:03:33.617000,買い,110.77100,110.87100,1.00,10.00,1160.00,水平線手前,利確,支持抵抗,0,110.77100
2018-07-01,2018-07-31,20260209_055219,20260209_055219-0016,2018-07-31 13:06:24.521000,2018-07-31 13:08:46.685000,売り,111.35400,111.40400,1.00,-5.00,1155.00,水平線手前,損切,支持抵抗,0,111.35400
2018-07-01,2018-07-31,20260209_055219,20260209_055219-0017,2018-07-31 13:08:48.276000,2018-07-31 13:09:07.045000,売り,111.42400,111.32400,1.00,10.00,1165.00,水平線手前,利確,支持抵抗,0,111.42400
2018-07-01,2018-07-31,20260209_055219,20260209_055219-0018,2018-07-31 13:08:46.899000,2018-07-31 13:17:28.698000,売り,111.40700,111.30700,1.00,10.00,1175.00,水平線手前,利確,支持抵抗,0,111.40700
2018-07-01,2018-07-31,20260209_055219,20260209_055219-0019,2018-07-31 22:24:31.406000,2018-07-31 22:25:48.981000,売り,111.89000,111.79000,1.00,10.00,1185.00,水平線手前,利確,支持抵抗,0,111.89000
2018-08-01,2018-08-31,20260209_055256,20260209_055256-0001,2018-08-21 00:53:13.291000,2018-08-21 00:53:18.163000,買い,110.33900,110.28900,1.00,-5.00,1180.00,水平線手前,損切,支持抵抗,0,110.33900
2018-08-01,2018-08-31,20260209_055256,20260209_055256-0002,2018-08-21 00:53:17.772000,2018-08-21 00:53:56.592000,買い,110.30200,110.40200,1.00,10.00,1190.00,水平線手前,利確,支持抵抗,0,110.30200
2018-08-01,2018-08-31,20260209_055256,20260209_055256-0003,2018-08-21 04:50:16.209000,2018-08-21 05:19:47.050000,買い,110.13600,110.08600,1.00,-5.00,1185.00,水平線手前,損切,支持抵抗,0,110.13600
2018-09-01,2018-09-30,20260209_055321,20260209_055321-0001,2018-09-15 01:00:44.207000,2018-09-15 01:00:55.383000,買い,111.87700,111.97700,1.00,10.00,1195.00,水平線手前,利確,支持抵抗,0,111.87700
2018-09-01,2018-09-30,20260209_055321,20260209_055321-0002,2018-09-24 23:38:09.554000,2018-09-25 00:02:09.746000,買い,112.46000,112.56000,1.00,10.00,1205.00,水平線手前,利確,支持抵抗,0,112.46000
2019-01-01,2019-01-31,20260209_055622,20260209_055622-0001,2019-01-03 22:15:09.764000,2019-01-03 22:15:14.144000,売り,107.81800,107.86800,1.00,-5.00,1200.00,水平線手前,損切,支持抵抗,0,107.81800
2019-01-01,2019-01-31,20260209_055622,20260209_055622-0002,2019-01-04 00:00:00.807000,2019-01-04 00:00:01.645000,買い,107.53900,107.48900,1.00,-5.00,1195.00,水平線手前,損切,支持抵抗,0,107.53900
2019-01-01,2019-01-31,20260209_055622,20260209_055622-0003,2019-01-04 00:00:02.003000,2019-01-04 00:00:03.409000,買い,107.46400,107.41400,1.00,-5.00,1190.00,水平線手前,損切,支持抵抗,0,107.46400
2019-01-01,2019-01-31,20260209_055622,20260209_055622-0004,2019-01-04 22:30:15.980000,2019-01-04 22:31:03.745000,売り,108.43000,108.33000,1.00,10.00,1200.00,水平線手前,利確,支持抵抗,0,108.43000
2019-01-01,2019-01-31,20260209_055622,20260209_055622-0005,2019-01-04 22:30:10.401000,2019-01-04 22:31:03.979000,売り,108.42100,108.32100,1.00,10.00,1210.00,水平線手前,利確,支持抵抗,0,108.42100
2019-02-01,2019-02-28,20260209_055655,20260209_055655-0001,2019-02-01 22:30:02.621000,2019-02-01 22:30:21.626000,売り,109.05800,108.95800,1.00,10.00,1220.00,水平線手前,利確,支持抵抗,0,109.05800
2019-02-01,2019-02-28,20260209_055655,20260209_055655-0002,2019-02-21 22:30:28.658000,2019-02-21 23:23:47.032000,買い,110.59900,110.69900,1.00,10.00,1230.00,水平線手前,利確,支持抵抗,0,110.59900
2019-03-01,2019-03-31,20260209_055733,20260209_055733-0001,2019-03-08 22:30:02.325000,2019-03-08 22:30:05.715000,買い,110.96400,110.91400,1.00,-5.00,1225.00,水平線手前,損切,支持抵抗,0,110.96400
2019-03-01,2019-03-31,20260209_055733,20260209_055733-0002,2019-03-08 22:30:39.976000,2019-03-08 22:31:27.186000,買い,110.78800,110.88800,1.00,10.00,1235.00,水平線手前,利確,支持抵抗,0,110.78800
2019-03-01,2019-03-31,20260209_055733,20260209_055733-0003,2019-03-21 03:00:01.232000,2019-03-21 03:00:21.353000,買い,111.33700,111.28700,1.00,-5.00,1230.00,水平線手前,損切,支持抵抗,0,111.33700
2019-03-01,2019-03-31,20260209_055733,20260209_055733-0004,2019-03-26 18:29:22.072000,2019-03-26 20:48:42.716000,売り,110.39400,110.44400,1.00,-5.00,1225.00,水平線手前,損切,支持抵抗,0,110.39400
2019-04-01,2019-04-30,20260209_055803,20260209_055803-0001,2019-04-05 21:30:01.463000,2019-04-05 21:30:59.991000,買い,111.58200,111.68200,1.00,10.00,1235.00,水平線手前,利確,支持抵抗,0,111.58200
2019-04-01,2019-04-30,20260209_055803,20260209_055803-0002,2019-04-25 23:30:51.075000,2019-04-26 00:29:37.683000,買い,111.38800,111.48800,1.00,10.00,1245.00,水平線手前,利確,支持抵抗,0,111.38800
2019-04-01,2019-04-30,20260209_055803,20260209_055803-0003,2019-04-26 21:30:05.247000,2019-04-26 21:31:06.469000,売り,112.00200,111.90200,1.00,10.00,1255.00,水平線手前,利確,支持抵抗,0,112.00200
2019-04-01,2019-04-30,20260209_055803,20260209_055803-0004,2019-04-26 21:30:03.797000,2019-04-26 21:31:09.949000,売り,111.99700,111.89700,1.00,10.00,1265.00,水平線手前,利確,支持抵抗,0,111.99700
2019-05-01,2019-05-31,20260209_055848,20260209_055848-0001,2019-05-01 23:00:00.161000,2019-05-01 23:00:00.435000,買い,111.24800,111.19800,1.00,-5.00,1260.00,水平線手前,損切,支持抵抗,0,111.24800
2019-05-01,2019-05-31,20260209_055848,20260209_055848-0002,2019-05-01 23:00:02.145000,2019-05-02 03:00:04.022000,買い,111.16300,111.11300,1.00,-5.00,1255.00,水平線手前,損切,支持抵抗,0,111.16300
2019-05-01,2019-05-31,20260209_055848,20260209_055848-0003,2019-05-03 21:30:01.769000,2019-05-03 21:30:03.851000,売り,111.65600,111.70600,1.00,-5.00,1250.00,水平線手前,損切,支持抵抗,0,111.65600
2019-05-01,2019-05-31,20260209_055848,20260209_055848-0004,2019-05-03 21:30:01.921000,2019-05-03 21:38:13.805000,売り,111.66900,111.56900,1.00,10.00,1260.00,水平線手前,利確,支持抵抗,0,111.66900
2019-05-01,2019-05-31,20260209_055848,20260209_055848-0005,2019-05-03 21:30:07.887000,2019-05-03 21:40:40.789000,売り,111.63800,111.53800,1.00,10.00,1270.00,水平線手前,利確,支持抵抗,0,111.63800
2019-05-01,2019-05-31,20260209_055848,20260209_055848-0006,2019-05-09 00:33:43.663000,2019-05-09 00:45:41.457000,買い,109.99600,110.09600,1.00,10.00,1280.00,水平線手前,利確,支持抵抗,0,109.99600
2019-05-01,2019-05-31,20260209_055848,20260209_055848-0007,2019-05-18 02:16:44.358000,2019-05-18 02:42:12.727000,売り,110.18100,110.08100,1.00,10.00,1290.00,水平線手前,利確,支持抵抗,0,110.18100
2019-07-01,2019-07-31,20260209_060005,20260209_060005-0001,2019-07-05 21:30:01.516000,2019-07-05 21:30:01.894000,売り,108.19200,108.24200,1.00,-5.00,1285.00,水平線手前,損切,支持抵抗,0,108.19200
2019-07-01,2019-07-31,20260209_060005,20260209_060005-0002,2019-07-10 21:30:08.722000,2019-07-10 21:30:13.065000,買い,108.83900,108.78900,1.00,-5.00,1280.00,水平線手前,損切,支持抵抗,0,108.83900
2019-08-01,2019-08-31,20260209_060120,20260209_060120-0001,2019-08-06 13:07:00.418000,2019-08-06 13:08:21.360000,売り,107.06400,106.96400,1.00,10.00,1290.00,水平線手前,利確,支持抵抗,0,107.06400
2019-08-01,2019-08-31,20260209_060120,20260209_060120-0002,2019-08-13 22:46:20.522000,2019-08-13 22:46:21.212000,売り,105.82400,105.87400,1.00,-5.00,1285.00,水平線手前,損切,支持抵抗,0,105.82400
2019-08-01,2019-08-31,20260209_060120,20260209_060120-0003,2019-08-13 22:55:43.934000,2019-08-13 22:55:49.280000,売り,106.35300,106.40300,1.00,-5.00,1280.00,水平線手前,損切,支持抵抗,0,106.35300
2019-08-01,2019-08-31,20260209_060120,20260209_060120-0004,2019-08-15 15:39:02.503000,2019-08-15 15:39:04.509000,売り,106.64500,106.69500,1.00,-5.00,1275.00,水平線手前,損切,支持抵抗,0,106.64500
2019-08-01,2019-08-31,20260209_060120,20260209_060120-0005,2019-08-15 15:39:05.325000,2019-08-15 15:39:21.628000,売り,106.75100,106.65100,1.00,10.00,1285.00,水平線手前,利確,支持抵抗,0,106.75100
2019-08-01,2019-08-31,20260209_060120,20260209_060120-0006,2019-08-15 20:29:52.773000,2019-08-15 20:30:00.694000,売り,106.31200,106.21200,1.00,10.00,1295.00,水平線手前,利確,支持抵抗,0,106.31200
2019-08-01,2019-08-31,20260209_060120,20260209_060120-0007,2019-08-15 21:02:03.393000,2019-08-15 21:04:04.205000,売り,106.31800,106.21800,1.00,10.00,1305.00,水平線手前,利確,支持抵抗,0,106.31800
2019-08-01,2019-08-31,20260209_060120,20260209_060120-0008,2019-08-26 11:49:04.360000,2019-08-26 11:49:33.245000,売り,105.47300,105.52300,1.00,-5.00,1300.00,水平線手前,損切,支持抵抗,0,105.47300
2019-08-01,2019-08-31,20260209_060120,20260209_060120-0009,2019-08-26 11:49:55.531000,2019-08-26 11:50:10.024000,売り,105.77500,105.67500,1.00,10.00,1310.00,水平線手前,利確,支持抵抗,0,105.77500
2019-08-01,2019-08-31,20260209_060120,20260209_060120-0010,2019-08-26 16:02:15.900000,2019-08-26 16:03:34.250000,売り,105.93600,105.83600,1.00,10.00,1320.00,水平線手前,利確,支持抵抗,0,105.93600
2019-08-01,2019-08-31,20260209_060120,20260209_060120-0011,2019-08-26 21:57:22.590000,2019-08-26 21:57:29.684000,売り,106.38400,106.28400,1.00,10.00,1330.00,水平線手前,利確,支持抵抗,0,106.38400
2019-09-01,2019-09-30,20260209_060204,20260209_060204-0001,2019-09-05 23:00:00.247000,2019-09-05 23:00:04.194000,売り,106.94800,106.99800,1.00,-5.00,1325.00,水平線手前,損切,支持抵抗,0,106.94800
2019-09-01,2019-09-30,20260209_060204,20260209_060204-0002,2019-09-06 21:30:01.834000,2019-09-06 21:30:04.342000,買い,106.82000,106.77000,1.00,-5.00,1320.00,水平線手前,損切,支持抵抗,0,106.82000
2019-09-01,2019-09-30,20260209_060204,20260209_060204-0003,2019-09-06 21:30:04.546000,2019-09-06 21:30:13.263000,買い,106.74200,106.84200,1.00,10.00,1330.00,水平線手前,利確,支持抵抗,0,106.74200
2019-09-01,2019-09-30,20260209_060204,20260209_060204-0004,2019-09-12 23:10:58.684000,2019-09-12 23:11:11.450000,売り,108.06300,107.96300,1.00,10.00,1340.00,水平線手前,利確,支持抵抗,0,108.06300
2019-09-01,2019-09-30,20260209_060204,20260209_060204-0005,2019-09-19 03:00:01.183000,2019-09-19 03:00:36.617000,売り,108.26500,108.16500,1.00,10.00,1350.00,水平線手前,利確,支持抵抗,0,108.26500
2019-09-01,2019-09-30,20260209_060204,20260209_060204-0006,2019-09-19 11:49:11.510000,2019-09-19 11:51:26.727000,買い,108.03100,108.13100,1.00,10.00,1360.00,水平線手前,利確,支持抵抗,0,108.03100
2019-10-01,2019-10-31,20260209_060252,20260209_060252-0001,2019-10-03 23:00:00.565000,2019-10-03 23:00:01.182000,買い,106.91200,106.86200,1.00,-5.00,1355.00,水平線手前,損切,支持抵抗,0,106.91200
2019-10-01,2019-10-31,20260209_060252,20260209_060252-0002,2019-10-04 02:24:53.936000,2019-10-04 02:25:05.089000,売り,106.91700,106.96700,1.00,-5.00,1350.00,水平線手前,損切,支持抵抗,0,106.91700
2019-10-01,2019-10-31,20260209_060252,20260209_060252-0003,2019-10-04 21:30:01.537000,2019-10-04 21:30:06.343000,買い,106.58700,106.68700,1.00,10.00,1360.00,水平線手前,利確,支持抵抗,0,106.58700
2019-10-01,2019-10-31,20260209_060252,20260209_060252-0004,2019-10-08 20:00:14.425000,2019-10-08 21:29:29.455000,買い,106.83900,106.93900,1.00,10.00,1370.00,水平線手前,利確,支持抵抗,0,106.83900
2019-11-01,2019-11-30,20260209_060326,20260209_060326-0001,2019-11-01 23:00:08.387000,2019-11-01 23:04:04.815000,買い,107.95800,108.05800,1.00,10.00,1380.00,水平線手前,利確,支持抵抗,0,107.95800
2019-12-01,2019-12-31,20260209_060355,20260209_060355-0001,2019-12-03 23:48:17.491000,2019-12-03 23:51:12.882000,買い,108.53900,108.63900,1.00,10.00,1390.00,水平線手前,利確,支持抵抗,0,108.53900
2020-01-01,2020-01-31,20260209_060426,20260209_060426-0001,2020-01-08 19:56:10.033000,2020-01-08 20:16:45.438000,売り,108.73300,108.63300,1.00,10.00,1400.00,水平線手前,利確,支持抵抗,0,108.73300
2020-02-01,2020-02-29,20260209_060518,20260209_060518-0001,2020-02-07 22:30:08.206000,2020-02-07 22:32:03.118000,売り,109.99200,109.89200,1.00,10.00,1410.00,水平線手前,利確,支持抵抗,0,109.99200
2020-02-01,2020-02-29,20260209_060518,20260209_060518-0002,2020-02-07 22:30:10.101000,2020-02-07 22:32:03.219000,売り,109.99100,109.89100,1.00,10.00,1420.00,水平線手前,利確,支持抵抗,0,109.99100
2020-03-01,2020-03-31,20260209_060739,20260209_060739-0001,2020-03-07 00:27:43.550000,2020-03-07 00:27:47.252000,売り,105.71600,105.61600,1.00,10.00,1430.00,水平線手前,利確,支持抵抗,0,105.71600
2020-03-01,2020-03-31,20260209_060739,20260209_060739-0002,2020-03-09 22:36:48.081000,2020-03-09 22:37:32.073000,買い,101.59200,101.54200,1.00,-5.00,1425.00,水平線手前,損切,支持抵抗,0,101.59200
2020-03-01,2020-03-31,20260209_060739,20260209_060739-0003,2020-03-10 01:33:27.771000,2020-03-10 01:37:39.587000,買い,102.17000,102.12000,1.00,-5.00,1420.00,水平線手前,損切,支持抵抗,0,102.17000
2020-03-01,2020-03-31,20260209_060739,20260209_060739-0004,2020-03-10 14:08:44.265000,2020-03-10 14:10:43.647000,売り,104.56600,104.61600,1.00,-5.00,1415.00,水平線手前,損切,支持抵抗,0,104.56600
2020-03-01,2020-03-31,20260209_060739,20260209_060739-0005,2020-03-12 11:05:12.257000,2020-03-12 11:07:35.487000,買い,103.11900,103.21900,1.00,10.00,1425.00,水平線手前,利確,支持抵抗,0,103.11900
2020-03-01,2020-03-31,20260209_060739,20260209_060739-0006,2020-03-12 16:11:14.467000,2020-03-12 16:16:51.219000,売り,103.91400,103.81400,1.00,10.00,1435.00,水平線手前,利確,支持抵抗,0,103.91400
2020-03-01,2020-03-31,20260209_060739,20260209_060739-0007,2020-03-12 21:33:15.416000,2020-03-12 21:34:18.512000,売り,104.18600,104.08600,1.00,10.00,1445.00,水平線手前,利確,支持抵抗,0,104.18600
2020-03-01,2020-03-31,20260209_060739,20260209_060739-0008,2020-03-12 23:05:18.546000,2020-03-12 23:05:29.504000,売り,104.95300,105.00300,1.00,-5.00,1440.00,水平線手前,損切,支持抵抗,0,104.95300
2020-03-01,2020-03-31,20260209_060739,20260209_060739-0009,2020-03-12 23:13:51.268000,2020-03-12 23:13:54.117000,売り,105.10800,105.15800,1.00,-5.00,1435.00,水平線手前,損切,支持抵抗,0,105.10800
2020-03-01,2020-03-31,20260209_060739,20260209_060739-0010,2020-03-12 23:19:54.956000,2020-03-12 23:20:12.743000,売り,105.47200,105.37200,1.00,10.00,1445.00,水平線手前,利確,支持抵抗,0,105.47200
2020-03-01,2020-03-31,20260209_060739,20260209_060739-0011,2020-03-13 02:05:13.541000,2020-03-13 02:05:14.809000,売り,105.82200,105.87200,1.00,-5.00,1440.00,水平線手前,損切,支持抵抗,0,105.82200
2020-03-01,2020-03-31,20260209_060739,20260209_060739-0012,2020-03-13 02:05:13.643000,2020-03-13 02:05:14.809000,売り,105.82300,105.87300,1.00,-5.00,1435.00,水平線手前,損切,支持抵抗,0,105.82300
2020-03-01,2020-03-31,20260209_060739,20260209_060739-0013,2020-03-13 02:05:55.437000,2020-03-13 02:06:07.010000,売り,106.07900,105.97900,1.00,10.00,1445.00,水平線手前,利確,支持抵抗,0,106.07900
2020-03-01,2020-03-31,20260209_060739,20260209_060739-0014,2020-03-13 17:26:30.617000,2020-03-13 17:27:15.257000,売り,106.19700,106.09700,1.00,10.00,1455.00,水平線手前,利確,支持抵抗,0,106.19700
2020-03-01,2020-03-31,20260209_060739,20260209_060739-0015,2020-03-17 23:41:13.681000,2020-03-17 23:44:15.026000,売り,107.25800,107.30800,1.00,-5.00,1450.00,水平線手前,損切,支持抵抗,0,107.25800
2020-03-01,2020-03-31,20260209_060739,20260209_060739-0016,2020-03-19 11:13:21.721000,2020-03-19 11:15:51.917000,売り,109.47500,109.37500,1.00,10.00,1460.00,水平線手前,利確,支持抵抗,0,109.47500
2020-03-01,2020-03-31,20260209_060739,20260209_060739-0017,2020-03-20 01:26:53.609000,2020-03-20 01:46:05.346000,売り,110.15800,110.05800,1.00,10.00,1470.00,水平線手前,利確,支持抵抗,0,110.15800
2020-03-01,2020-03-31,20260209_060739,20260209_060739-0018,2020-03-31 21:30:31.725000,2020-03-31 21:34:06.304000,買い,108.29600,108.39600,1.00,10.00,1480.00,水平線手前,利確,支持抵抗,0,108.29600
2020-03-01,2020-03-31,20260209_060739,20260209_060739-0019,2020-03-31 23:55:39.448000,2020-03-31 23:56:56.865000,買い,107.91100,108.01100,1.00,10.00,1490.00,水平線手前,利確,支持抵抗,0,107.91100
2020-04-01,2020-04-30,20260209_060837,20260209_060837-0001,2020-04-30 23:50:26.693000,2020-04-30 23:50:37.631000,売り,107.03700,106.93700,1.00,10.00,1500.00,水平線手前,利確,支持抵抗,0,107.03700
2020-05-01,2020-05-31,20260209_060914,20260209_060914-0001,2020-05-19 17:30:21.574000,2020-05-19 17:30:25.435000,売り,107.49700,107.39700,1.00,10.00,1510.00,水平線手前,利確,支持抵抗,0,107.49700
2020-06-01,2020-06-30,20260209_060955,20260209_060955-0001,2020-06-08 23:37:03.955000,2020-06-08 23:37:14.642000,買い,108.48600,108.58600,1.00,10.00,1520.00,水平線手前,利確,支持抵抗,0,108.48600
2020-06-01,2020-06-30,20260209_060955,20260209_060955-0002,2020-06-18 23:33:32.275000,2020-06-18 23:34:11.857000,買い,106.74100,106.84100,1.00,10.00,1530.00,水平線手前,利確,支持抵抗,0,106.74100
2020-08-01,2020-08-31,20260209_061110,20260209_061110-0001,2020-08-28 14:07:36.379000,2020-08-28 14:07:40.639000,買い,106.39400,106.34400,1.00,-5.00,1525.00,水平線手前,損切,支持抵抗,0,106.39400
2020-09-01,2020-09-30,20260209_061143,20260209_061143-0001,2020-09-04 21:30:18.134000,2020-09-04 21:30:33.564000,売り,106.41000,106.31000,1.00,10.00,1535.00,水平線手前,利確,支持抵抗,0,106.41000
2020-09-01,2020-09-30,20260209_061143,20260209_061143-0002,2020-09-21 22:34:09.201000,2020-09-21 22:34:09.818000,売り,104.84100,104.89100,1.00,-5.00,1530.00,水平線手前,損切,支持抵抗,0,104.84100
2020-09-01,2020-09-30,20260209_061143,20260209_061143-0003,2020-09-21 22:34:09.818000,2020-09-21 22:34:15.977000,売り,104.88600,104.78600,1.00,10.00,1540.00,水平線手前,利確,支持抵抗,0,104.88600
2020-11-01,2020-11-30,20260209_061252,20260209_061252-0001,2020-11-09 21:45:19.979000,2020-11-09 21:46:48.780000,売り,104.59200,104.64200,1.00,-5.00,1535.00,水平線手前,損切,支持抵抗,0,104.59200
2020-11-01,2020-11-30,20260209_061252,20260209_061252-0002,2020-11-16 20:58:07.244000,2020-11-16 21:00:16.001000,売り,105.10600,105.00600,1.00,10.00,1545.00,水平線手前,利確,支持抵抗,0,105.10600
2020-12-01,2020-12-31,20260209_061328,20260209_061328-0001,2020-12-04 22:30:09.522000,2020-12-04 22:33:55.098000,買い,103.85900,103.95900,1.00,10.00,1555.00,水平線手前,利確,支持抵抗,0,103.85900
2021-03-01,2021-03-31,20260209_061459,20260209_061459-0001,2021-03-05 20:33:10.089000,2021-03-05 20:33:25.802000,買い,108.26100,108.36100,1.00,10.00,1565.00,水平線手前,利確,支持抵抗,0,108.26100
2021-03-01,2021-03-31,20260209_061459,20260209_061459-0002,2021-03-05 22:30:13.741000,2021-03-05 22:30:34.668000,売り,108.52600,108.42600,1.00,10.00,1575.00,水平線手前,利確,支持抵抗,0,108.52600
2021-04-01,2021-04-30,20260209_061524,20260209_061524-0001,2021-04-13 21:30:03.534000,2021-04-13 21:30:38.764000,売り,109.57700,109.47700,1.00,10.00,1585.00,水平線手前,利確,支持抵抗,0,109.57700
2021-05-01,2021-05-31,20260209_061553,20260209_061553-0001,2021-05-07 21:30:09.008000,2021-05-07 21:30:11.428000,買い,108.97500,108.92500,1.00,-5.00,1580.00,水平線手前,損切,支持抵抗,0,108.97500
2021-05-01,2021-05-31,20260209_061553,20260209_061553-0002,2021-05-07 21:30:11.428000,2021-05-07 21:30:13.625000,買い,108.93400,108.88400,1.00,-5.00,1575.00,水平線手前,損切,支持抵抗,0,108.93400
2021-05-01,2021-05-31,20260209_061553,20260209_061553-0003,2021-05-07 21:30:12.652000,2021-05-07 21:30:13.831000,買い,108.93100,108.88100,1.00,-5.00,1570.00,水平線手前,損切,支持抵抗,0,108.93100
2021-05-01,2021-05-31,20260209_061553,20260209_061553-0004,2021-05-12 21:30:01.592000,2021-05-12 21:30:02.558000,売り,108.94600,108.99600,1.00,-5.00,1565.00,水平線手前,損切,支持抵抗,0,108.94600
2021-05-01,2021-05-31,20260209_061553,20260209_061553-0005,2021-05-12 21:30:01.744000,2021-05-12 21:30:02.916000,売り,108.95800,109.00800,1.00,-5.00,1560.00,水平線手前,損切,支持抵抗,0,108.95800
2021-05-01,2021-05-31,20260209_061553,20260209_061553-0006,2021-05-12 21:30:01.946000,2021-05-12 21:30:03.170000,売り,108.95900,109.00900,1.00,-5.00,1555.00,水平線手前,損切,支持抵抗,0,108.95900
2021-07-01,2021-07-31,20260209_061650,20260209_061650-0001,2021-07-13 21:30:02.023000,2021-07-13 21:30:02.581000,売り,110.42000,110.47000,1.00,-5.00,1550.00,水平線手前,損切,支持抵抗,0,110.42000
2021-08-01,2021-08-31,20260209_061718,20260209_061718-0001,2021-08-11 21:30:01.167000,2021-08-11 21:30:01.421000,買い,110.59100,110.54100,1.00,-5.00,1545.00,水平線手前,損切,支持抵抗,0,110.59100
2021-08-01,2021-08-31,20260209_061718,20260209_061718-0002,2021-08-11 21:30:02.742000,2021-08-11 21:30:05.785000,買い,110.43200,110.53200,1.00,10.00,1555.00,水平線手前,利確,支持抵抗,0,110.43200
2021-09-01,2021-09-30,20260209_061747,20260209_061747-0001,2021-09-03 21:30:01.213000,2021-09-03 21:30:01.370000,買い,109.82200,109.77200,1.00,-5.00,1550.00,水平線手前,損切,支持抵抗,0,109.82200
2021-09-01,2021-09-30,20260209_061747,20260209_061747-0002,2021-09-03 21:30:07.489000,2021-09-03 21:30:22.319000,買い,109.66200,109.76200,1.00,10.00,1560.00,水平線手前,利確,支持抵抗,0,109.66200
2021-09-01,2021-09-30,20260209_061747,20260209_061747-0003,2021-09-23 03:36:45.626000,2021-09-23 03:39:17.002000,売り,109.67600,109.72600,1.00,-5.00,1555.00,水平線手前,損切,支持抵抗,0,109.67600
2022-01-01,2022-01-31,20260209_062013,20260209_062013-0001,2022-01-04 11:56:34.257000,2022-01-04 12:05:19.056000,売り,115.60300,115.65300,1.00,-5.00,1550.00,水平線手前,損切,支持抵抗,0,115.60300
2022-01-01,2022-01-31,20260209_062013,20260209_062013-0002,2022-01-07 22:30:01.949000,2022-01-07 22:31:19.309000,買い,115.72500,115.82500,1.00,10.00,1560.00,水平線手前,利確,支持抵抗,0,115.72500
2022-01-01,2022-01-31,20260209_062013,20260209_062013-0003,2022-01-13 04:39:21.507000,2022-01-13 05:14:04.579000,買い,114.40900,114.50900,1.00,10.00,1570.00,水平線手前,利確,支持抵抗,0,114.40900
2022-02-01,2022-02-28,20260209_062055,20260209_062055-0001,2022-02-21 17:35:12.740000,2022-02-21 17:51:12.131000,買い,114.84300,114.94300,1.00,10.00,1580.00,水平線手前,利確,支持抵抗,0,114.84300
2022-03-01,2022-03-31,20260209_062143,20260209_062143-0001,2022-03-09 23:13:44.165000,2022-03-09 23:28:00.991000,買い,115.59000,115.69000,1.00,10.00,1590.00,水平線手前,利確,支持抵抗,0,115.59000
2022-03-01,2022-03-31,20260209_062143,20260209_062143-0002,2022-03-22 20:38:11.465000,2022-03-22 20:40:11.221000,買い,120.61400,120.71400,1.00,10.00,1600.00,水平線手前,利確,支持抵抗,0,120.61400
2022-03-01,2022-03-31,20260209_062143,20260209_062143-0003,2022-03-28 17:51:00.478000,2022-03-28 17:51:04.420000,売り,125.07000,124.97000,1.00,10.00,1610.00,水平線手前,利確,支持抵抗,0,125.07000
2022-03-01,2022-03-31,20260209_062143,20260209_062143-0004,2022-03-28 19:33:14.342000,2022-03-28 19:33:46.317000,買い,123.70400,123.80400,1.00,10.00,1620.00,水平線手前,利確,支持抵抗,0,123.70400
2022-03-01,2022-03-31,20260209_062143,20260209_062143-0005,2022-03-29 23:02:16.662000,2022-03-29 23:02:50.489000,買い,122.01300,122.11300,1.00,10.00,1630.00,水平線手前,利確,支持抵抗,0,122.01300
2022-04-01,2022-04-30,20260209_062245,20260209_062245-0001,2022-04-07 03:03:20.145000,2022-04-07 03:03:33.461000,買い,123.48900,123.58900,1.00,10.00,1640.00,水平線手前,利確,支持抵抗,0,123.48900
2022-04-01,2022-04-30,20260209_062245,20260209_062245-0002,2022-04-13 15:29:34.124000,2022-04-13 15:30:34.822000,売り,126.19500,126.09500,1.00,10.00,1650.00,水平線手前,利確,支持抵抗,0,126.19500
2022-04-01,2022-04-30,20260209_062245,20260209_062245-0003,2022-04-15 15:19:27.190000,2022-04-15 15:19:49.231000,売り,126.65300,126.55300,1.00,10.00,1660.00,水平線手前,利確,支持抵抗,0,126.65300
2022-04-01,2022-04-30,20260209_062245,20260209_062245-0004,2022-04-22 13:21:13.062000,2022-04-22 13:21:18.940000,買い,128.07000,128.17000,1.00,10.00,1670.00,水平線手前,利確,支持抵抗,0,128.07000
2022-04-01,2022-04-30,20260209_062245,20260209_062245-0005,2022-04-25 20:23:26.439000,2022-04-25 20:24:10.624000,売り,128.47800,128.37800,1.00,10.00,1680.00,水平線手前,利確,支持抵抗,0,128.47800
2022-04-01,2022-04-30,20260209_062245,20260209_062245-0006,2022-04-28 12:09:10.852000,2022-04-28 12:09:12.082000,売り,128.86900,128.91900,1.00,-5.00,1675.00,水平線手前,損切,支持抵抗,0,128.86900
2022-04-01,2022-04-30,20260209_062245,20260209_062245-0007,2022-04-28 12:09:13.921000,2022-04-28 12:09:16.635000,売り,128.86400,128.91400,1.00,-5.00,1670.00,水平線手前,損切,支持抵抗,0,128.86400
2022-04-01,2022-04-30,20260209_062245,20260209_062245-0008,2022-04-28 12:10:45.719000,2022-04-28 12:10:49.925000,売り,129.08000,129.13000,1.00,-5.00,1665.00,水平線手前,損切,支持抵抗,0,129.08000
2022-04-01,2022-04-30,20260209_062245,20260209_062245-0009,2022-04-28 12:10:50.233000,2022-04-28 12:10:56.179000,売り,129.14700,129.19700,1.00,-5.00,1660.00,水平線手前,損切,支持抵抗,0,129.14700
2022-04-01,2022-04-30,20260209_062245,20260209_062245-0010,2022-04-29 23:55:59.529000,2022-04-29 23:57:16.507000,買い,129.48400,129.58400,1.00,10.00,1670.00,水平線手前,利確,支持抵抗,0,129.48400
2022-04-01,2022-04-30,20260209_062245,20260209_062245-0011,2022-04-30 00:01:39.853000,2022-04-30 00:01:57.907000,買い,129.40200,129.50200,1.00,10.00,1680.00,水平線手前,利確,支持抵抗,0,129.40200
2022-05-01,2022-05-31,20260209_062352,20260209_062352-0001,2022-05-05 03:01:00.933000,2022-05-05 03:01:01.753000,買い,129.82100,129.77100,1.00,-5.00,1675.00,水平線手前,損切,支持抵抗,0,129.82100
2022-05-01,2022-05-31,20260209_062352,20260209_062352-0002,2022-05-05 03:31:26.114000,2022-05-05 03:31:35.403000,売り,130.17200,130.22200,1.00,-5.00,1670.00,水平線手前,損切,支持抵抗,0,130.17200
2022-05-01,2022-05-31,20260209_062352,20260209_062352-0003,2022-05-05 03:31:21.150000,2022-05-05 03:32:24.954000,売り,130.18400,130.23400,1.00,-5.00,1665.00,水平線手前,損切,支持抵抗,0,130.18400
2022-05-01,2022-05-31,20260209_062352,20260209_062352-0004,2022-05-05 03:47:24.525000,2022-05-05 03:47:47.384000,買い,129.64300,129.59300,1.00,-5.00,1660.00,水平線手前,損切,支持抵抗,0,129.64300
2022-05-01,2022-05-31,20260209_062352,20260209_062352-0005,2022-05-09 15:53:03.476000,2022-05-09 16:01:21.039000,売り,131.32300,131.22300,1.00,10.00,1670.00,水平線手前,利確,支持抵抗,0,131.32300
2022-05-01,2022-05-31,20260209_062352,20260209_062352-0006,2022-05-26 16:02:32.317000,2022-05-26 16:02:32.471000,買い,126.69100,126.64100,1.00,-5.00,1665.00,水平線手前,損切,支持抵抗,0,126.69100
2022-06-01,2022-06-30,20260209_062510,20260209_062510-0001,2022-06-02 21:15:01.442000,2022-06-02 21:15:05.646000,買い,129.64800,129.59800,1.00,-5.00,1660.00,水平線手前,損切,支持抵抗,0,129.64800
2022-06-01,2022-06-30,20260209_062510,20260209_062510-0002,2022-06-03 21:30:06.428000,2022-06-03 21:30:06.735000,売り,130.23600,130.28600,1.00,-5.00,1655.00,水平線手前,損切,支持抵抗,0,130.23600
2022-06-01,2022-06-30,20260209_062510,20260209_062510-0003,2022-06-13 13:09:46.341000,2022-06-13 13:09:59.233000,売り,135.17100,135.07100,1.00,10.00,1665.00,水平線手前,利確,支持抵抗,0,135.17100
2022-06-01,2022-06-30,20260209_062510,20260209_062510-0004,2022-06-14 12:29:28.123000,2022-06-14 12:29:57.860000,売り,134.78700,134.68700,1.00,10.00,1675.00,水平線手前,利確,支持抵抗,0,134.78700
2022-06-01,2022-06-30,20260209_062510,20260209_062510-0005,2022-06-16 03:00:19.471000,2022-06-16 03:00:29.415000,買い,134.33700,134.28700,1.00,-5.00,1670.00,水平線手前,損切,支持抵抗,0,134.33700
2022-06-01,2022-06-30,20260209_062510,20260209_062510-0006,2022-06-16 03:00:27.722000,2022-06-16 03:00:29.415000,買い,134.33400,134.28400,1.00,-5.00,1665.00,水平線手前,損切,支持抵抗,0,134.33400
2022-06-01,2022-06-30,20260209_062510,20260209_062510-0007,2022-06-16 03:00:19.522000,2022-06-16 03:00:30.028000,買い,134.30800,134.25800,1.00,-5.00,1660.00,水平線手前,損切,支持抵抗,0,134.30800
2022-06-01,2022-06-30,20260209_062510,20260209_062510-0008,2022-06-16 03:03:52.460000,2022-06-16 03:03:57.217000,売り,134.80000,134.85000,1.00,-5.00,1655.00,水平線手前,損切,支持抵抗,0,134.80000
2022-06-01,2022-06-30,20260209_062510,20260209_062510-0009,2022-06-16 03:04:31.764000,2022-06-16 03:05:20.198000,売り,134.92600,134.82600,1.00,10.00,1665.00,水平線手前,利確,支持抵抗,0,134.92600
2022-06-01,2022-06-30,20260209_062510,20260209_062510-0010,2022-06-16 03:39:25.301000,2022-06-16 03:39:44.976000,買い,134.05300,134.15300,1.00,10.00,1675.00,水平線手前,利確,支持抵抗,0,134.05300
2022-06-01,2022-06-30,20260209_062510,20260209_062510-0011,2022-06-17 11:43:25.602000,2022-06-17 11:43:29.995000,売り,134.30100,134.35100,1.00,-5.00,1670.00,水平線手前,損切,支持抵抗,0,134.30100
2022-06-01,2022-06-30,20260209_062510,20260209_062510-0012,2022-06-17 11:47:37.048000,2022-06-17 11:47:45.497000,売り,134.61300,134.51300,1.00,10.00,1680.00,水平線手前,利確,支持抵抗,0,134.61300
2022-06-01,2022-06-30,20260209_062510,20260209_062510-0013,2022-06-17 11:58:19.465000,2022-06-17 11:58:40.285000,売り,133.39000,133.44000,1.00,-5.00,1675.00,水平線手前,損切,支持抵抗,0,133.39000
2022-06-01,2022-06-30,20260209_062510,20260209_062510-0014,2022-06-22 18:47:34.116000,2022-06-22 18:56:51.744000,買い,135.84800,135.94800,1.00,10.00,1685.00,水平線手前,利確,支持抵抗,0,135.84800
2022-06-01,2022-06-30,20260209_062510,20260209_062510-0015,2022-06-24 23:00:01.453000,2022-06-24 23:00:03.204000,買い,134.92400,134.87400,1.00,-5.00,1680.00,水平線手前,損切,支持抵抗,0,134.92400
2022-06-01,2022-06-30,20260209_062510,20260209_062510-0016,2022-06-24 23:02:06.857000,2022-06-24 23:04:05.875000,買い,134.75200,134.85200,1.00,10.00,1690.00,水平線手前,利確,支持抵抗,0,134.75200
2022-06-01,2022-06-30,20260209_062510,20260209_062510-0017,2022-06-29 16:45:19.022000,2022-06-29 16:45:23.190000,買い,135.80900,135.90900,1.00,10.00,1700.00,水平線手前,利確,支持抵抗,0,135.80900
2022-06-01,2022-06-30,20260209_062510,20260209_062510-0018,2022-06-29 16:45:18.308000,2022-06-29 16:45:23.293000,買い,135.81600,135.91600,1.00,10.00,1710.00,水平線手前,利確,支持抵抗,0,135.81600
2022-07-01,2022-07-31,20260209_062620,20260209_062620-0001,2022-07-06 23:00:02.953000,2022-07-06 23:00:03.720000,売り,135.47100,135.52100,1.00,-5.00,1705.00,水平線手前,損切,支持抵抗,0,135.47100
2022-07-01,2022-07-31,20260209_062620,20260209_062620-0002,2022-07-08 11:58:47.694000,2022-07-08 11:59:44.002000,買い,135.44400,135.54400,1.00,10.00,1715.00,水平線手前,利確,支持抵抗,0,135.44400
2022-07-01,2022-07-31,20260209_062620,20260209_062620-0003,2022-07-08 21:30:55.422000,2022-07-08 21:30:56.188000,売り,136.20000,136.25000,1.00,-5.00,1710.00,水平線手前,損切,支持抵抗,0,136.20000
2022-07-01,2022-07-31,20260209_062620,20260209_062620-0004,2022-07-08 21:32:13.582000,2022-07-08 21:33:23.206000,売り,136.20300,136.25300,1.00,-5.00,1705.00,水平線手前,損切,支持抵抗,0,136.20300
2022-07-01,2022-07-31,20260209_062620,20260209_062620-0005,2022-07-11 20:56:32.990000,2022-07-11 21:05:41.265000,売り,137.36300,137.41300,1.00,-5.00,1700.00,水平線手前,損切,支持抵抗,0,137.36300
2022-07-01,2022-07-31,20260209_062620,20260209_062620-0006,2022-07-13 21:30:01.198000,2022-07-13 21:30:01.350000,売り,137.24800,137.29800,1.00,-5.00,1695.00,水平線手前,損切,支持抵抗,0,137.24800
2022-07-01,2022-07-31,20260209_062620,20260209_062620-0007,2022-07-13 21:30:02.923000,2022-07-13 21:30:04.657000,売り,137.51000,137.56000,1.00,-5.00,1690.00,水平線手前,損切,支持抵抗,0,137.51000
2022-07-01,2022-07-31,20260209_062620,20260209_062620-0008,2022-07-13 21:30:03.334000,2022-07-13 21:30:06.249000,売り,137.53100,137.43100,1.00,10.00,1700.00,水平線手前,利確,支持抵抗,0,137.53100
2022-07-01,2022-07-31,20260209_062620,20260209_062620-0009,2022-07-13 23:09:47.262000,2022-07-13 23:13:34.983000,売り,137.86700,137.76700,1.00,10.00,1710.00,水平線手前,利確,支持抵抗,0,137.86700
2022-07-01,2022-07-31,20260209_062620,20260209_062620-0010,2022-07-15 03:40:00.033000,2022-07-15 03:52:44.832000,買い,138.73500,138.83500,1.00,10.00,1720.00,水平線手前,利確,支持抵抗,0,138.73500
2022-07-01,2022-07-31,20260209_062620,20260209_062620-0011,2022-07-15 03:39:59.623000,2022-07-15 03:52:45.965000,買い,138.73900,138.83900,1.00,10.00,1730.00,水平線手前,利確,支持抵抗,0,138.73900
2022-07-01,2022-07-31,20260209_062620,20260209_062620-0012,2022-07-15 03:39:59.572000,2022-07-15 03:58:16.461000,買い,138.74900,138.84900,1.00,10.00,1740.00,水平線手前,利確,支持抵抗,0,138.74900
2022-07-01,2022-07-31,20260209_062620,20260209_062620-0013,2022-07-15 23:00:02.377000,2022-07-15 23:09:14.116000,買い,138.54700,138.64700,1.00,10.00,1750.00,水平線手前,利確,支持抵抗,0,138.54700
2022-07-01,2022-07-31,20260209_062620,20260209_062620-0014,2022-07-21 12:05:21.813000,2022-07-21 12:05:23.721000,買い,138.05900,138.00900,1.00,-5.00,1745.00,水平線手前,損切,支持抵抗,0,138.05900
2022-07-01,2022-07-31,20260209_062620,20260209_062620-0015,2022-07-21 12:05:23.721000,2022-07-21 12:05:26.948000,買い,138.01800,138.11800,1.00,10.00,1755.00,水平線手前,利確,支持抵抗,0,138.01800
2022-07-01,2022-07-31,20260209_062620,20260209_062620-0016,2022-07-22 22:45:00.255000,2022-07-22 22:45:00.358000,買い,136.43600,136.38600,1.00,-5.00,1750.00,水平線手前,損切,支持抵抗,0,136.43600
2022-07-01,2022-07-31,20260209_062620,20260209_062620-0017,2022-07-26 23:00:10.033000,2022-07-26 23:01:25.876000,買い,136.31000,136.41000,1.00,10.00,1760.00,水平線手前,利確,支持抵抗,0,136.31000
2022-07-01,2022-07-31,20260209_062620,20260209_062620-0018,2022-07-28 03:35:23.662000,2022-07-28 03:35:27.536000,売り,137.40600,137.30600,1.00,10.00,1770.00,水平線手前,利確,支持抵抗,0,137.40600
2022-08-01,2022-08-31,20260209_062737,20260209_062737-0001,2022-08-03 23:00:00.199000,2022-08-03 23:00:00.857000,売り,133.77800,133.82800,1.00,-5.00,1765.00,水平線手前,損切,支持抵抗,0,133.77800
2022-08-01,2022-08-31,20260209_062737,20260209_062737-0002,2022-08-03 23:00:01.010000,2022-08-03 23:00:01.214000,売り,133.88700,133.93700,1.00,-5.00,1760.00,水平線手前,損切,支持抵抗,0,133.88700
2022-08-01,2022-08-31,20260209_062737,20260209_062737-0003,2022-08-05 21:30:14.615000,2022-08-05 21:30:17.373000,売り,133.83600,133.88600,1.00,-5.00,1755.00,水平線手前,損切,支持抵抗,0,133.83600
2022-08-01,2022-08-31,20260209_062737,20260209_062737-0004,2022-08-10 21:29:50.906000,2022-08-10 21:30:01.142000,売り,135.05700,134.95700,1.00,10.00,1765.00,水平線手前,利確,支持抵抗,0,135.05700
2022-08-01,2022-08-31,20260209_062737,20260209_062737-0005,2022-08-10 21:30:01.142000,2022-08-10 21:30:01.243000,買い,134.73300,134.68300,1.00,-5.00,1760.00,水平線手前,損切,支持抵抗,0,134.73300
2022-08-01,2022-08-31,20260209_062737,20260209_062737-0006,2022-08-10 21:30:01.243000,2022-08-10 21:30:01.546000,買い,134.45100,134.40100,1.00,-5.00,1755.00,水平線手前,損切,支持抵抗,0,134.45100
2022-08-01,2022-08-31,20260209_062737,20260209_062737-0007,2022-08-10 21:30:01.546000,2022-08-10 21:30:02.152000,買い,134.22700,134.17700,1.00,-5.00,1750.00,水平線手前,損切,支持抵抗,0,134.22700
2022-08-01,2022-08-31,20260209_062737,20260209_062737-0008,2022-08-10 21:31:23.040000,2022-08-10 21:31:40.111000,買い,132.71000,132.81000,1.00,10.00,1760.00,水平線手前,利確,支持抵抗,0,132.71000
2022-08-01,2022-08-31,20260209_062737,20260209_062737-0009,2022-08-12 23:00:54.935000,2022-08-12 23:01:21.951000,売り,133.86300,133.76300,1.00,10.00,1770.00,水平線手前,利確,支持抵抗,0,133.86300
2022-08-01,2022-08-31,20260209_062737,20260209_062737-0010,2022-08-17 21:30:00.463000,2022-08-17 21:30:13.078000,売り,135.27700,135.17700,1.00,10.00,1780.00,水平線手前,利確,支持抵抗,0,135.27700
2022-08-01,2022-08-31,20260209_062737,20260209_062737-0011,2022-08-17 21:30:00.666000,2022-08-17 21:30:15.430000,売り,135.27200,135.17200,1.00,10.00,1790.00,水平線手前,利確,支持抵抗,0,135.27200
2022-08-01,2022-08-31,20260209_062737,20260209_062737-0012,2022-08-19 01:59:41.923000,2022-08-19 02:00:27.006000,売り,135.69100,135.74100,1.00,-5.00,1785.00,水平線手前,損切,支持抵抗,0,135.69100
2022-08-01,2022-08-31,20260209_062737,20260209_062737-0013,2022-08-23 22:45:00.449000,2022-08-23 22:45:00.500000,買い,137.06800,137.01800,1.00,-5.00,1780.00,水平線手前,損切,支持抵抗,0,137.06800
2022-08-01,2022-08-31,20260209_062737,20260209_062737-0014,2022-08-23 23:13:13.562000,2022-08-23 23:15:01.744000,買い,135.84400,135.94400,1.00,10.00,1790.00,水平線手前,利確,支持抵抗,0,135.84400
2022-08-01,2022-08-31,20260209_062737,20260209_062737-0015,2022-08-26 23:01:57.357000,2022-08-26 23:02:23.169000,売り,137.17600,137.22600,1.00,-5.00,1785.00,水平線手前,損切,支持抵抗,0,137.17600
2022-08-01,2022-08-31,20260209_062737,20260209_062737-0016,2022-08-26 23:01:58.074000,2022-08-26 23:02:44.025000,売り,137.21400,137.26400,1.00,-5.00,1780.00,水平線手前,損切,支持抵抗,0,137.21400
2022-08-01,2022-08-31,20260209_062737,20260209_062737-0017,2022-08-26 23:05:03.578000,2022-08-26 23:05:25.736000,売り,137.31400,137.21400,1.00,10.00,1790.00,水平線手前,利確,支持抵抗,0,137.31400
2022-08-01,2022-08-31,20260209_062737,20260209_062737-0018,2022-08-26 23:11:07.664000,2022-08-26 23:11:21.535000,買い,136.48500,136.43500,1.00,-5.00,1785.00,水平線手前,損切,支持抵抗,0,136.48500
2022-08-01,2022-08-31,20260209_062737,20260209_062737-0019,2022-08-26 23:11:33.545000,2022-08-26 23:11:35.260000,買い,136.20300,136.30300,1.00,10.00,1795.00,水平線手前,利確,支持抵抗,0,136.20300
2022-08-01,2022-08-31,20260209_062737,20260209_062737-0020,2022-08-26 23:11:33.494000,2022-08-26 23:11:36.450000,買い,136.22200,136.32200,1.00,10.00,1805.00,水平線手前,利確,支持抵抗,0,136.22200
2022-08-01,2022-08-31,20260209_062737,20260209_062737-0021,2022-08-27 00:21:08.792000,2022-08-27 00:26:03.018000,売り,137.43400,137.33400,1.00,10.00,1815.00,水平線手前,利確,支持抵抗,0,137.43400
2022-08-01,2022-08-31,20260209_062737,20260209_062737-0022,2022-08-31 21:15:15.397000,2022-08-31 21:15:55.013000,買い,138.48200,138.58200,1.00,10.00,1825.00,水平線手前,利確,支持抵抗,0,138.48200
2022-09-01,2022-09-30,20260209_062929,20260209_062929-0001,2022-09-01 23:00:06.925000,2022-09-01 23:00:26.822000,売り,139.67000,139.72000,1.00,-5.00,1820.00,水平線手前,損切,支持抵抗,0,139.67000
2022-09-01,2022-09-30,20260209_062929,20260209_062929-0002,2022-09-01 23:49:03.635000,2022-09-01 23:52:13.917000,売り,140.19700,140.09700,1.00,10.00,1830.00,水平線手前,利確,支持抵抗,0,140.19700
2022-09-01,2022-09-30,20260209_062929,20260209_062929-0003,2022-09-02 21:29:49.993000,2022-09-02 21:30:01.402000,売り,140.48500,140.38500,1.00,10.00,1840.00,水平線手前,利確,支持抵抗,0,140.48500
2022-09-01,2022-09-30,20260209_062929,20260209_062929-0004,2022-09-02 21:30:58.892000,2022-09-02 21:31:10.714000,買い,139.96500,140.06500,1.00,10.00,1850.00,水平線手前,利確,支持抵抗,0,139.96500
2022-09-01,2022-09-30,20260209_062929,20260209_062929-0005,2022-09-06 23:00:02.430000,2022-09-06 23:00:04.620000,売り,142.88500,142.78500,1.00,10.00,1860.00,水平線手前,利確,支持抵抗,0,142.88500
2022-09-01,2022-09-30,20260209_062929,20260209_062929-0006,2022-09-07 11:13:42.391000,2022-09-07 11:14:12.622000,売り,143.72200,143.62200,1.00,10.00,1870.00,水平線手前,利確,支持抵抗,0,143.72200
2022-09-01,2022-09-30,20260209_062929,20260209_062929-0007,2022-09-07 19:57:31.749000,2022-09-07 20:02:33.198000,売り,144.72500,144.77500,1.00,-5.00,1865.00,水平線手前,損切,支持抵抗,0,144.72500
2022-09-01,2022-09-30,20260209_062929,20260209_062929-0008,2022-09-08 14:46:34.906000,2022-09-08 14:46:35.418000,買い,143.70900,143.65900,1.00,-5.00,1860.00,水平線手前,損切,支持抵抗,0,143.70900
2022-09-01,2022-09-30,20260209_062929,20260209_062929-0009,2022-09-08 14:46:51.751000,2022-09-08 14:47:20.160000,買い,143.56900,143.66900,1.00,10.00,1870.00,水平線手前,利確,支持抵抗,0,143.56900
2022-09-01,2022-09-30,20260209_062929,20260209_062929-0010,2022-09-08 17:21:52.292000,2022-09-08 17:22:44.899000,買い,143.46400,143.56400,1.00,10.00,1880.00,水平線手前,利確,支持抵抗,0,143.46400
2022-09-01,2022-09-30,20260209_062929,20260209_062929-0011,2022-09-08 17:21:52.138000,2022-09-08 17:22:45.053000,買い,143.47600,143.57600,1.00,10.00,1890.00,水平線手前,利確,支持抵抗,0,143.47600
2022-09-01,2022-09-30,20260209_062929,20260209_062929-0012,2022-09-13 21:29:35.907000,2022-09-13 21:29:39.182000,買い,141.64500,141.74500,1.00,10.00,1900.00,水平線手前,利確,支持抵抗,0,141.64500
2022-09-01,2022-09-30,20260209_062929,20260209_062929-0013,2022-09-13 21:30:03.646000,2022-09-13 21:30:07.406000,売り,143.28400,143.33400,1.00,-5.00,1895.00,水平線手前,損切,支持抵抗,0,143.28400
2022-09-01,2022-09-30,20260209_062929,20260209_062929-0014,2022-09-13 21:30:07.406000,2022-09-13 21:30:07.457000,売り,143.52200,143.57200,1.00,-5.00,1890.00,水平線手前,損切,支持抵抗,0,143.52200
2022-09-01,2022-09-30,20260209_062929,20260209_062929-0015,2022-09-14 13:31:50.305000,2022-09-14 13:31:54.445000,買い,144.10800,144.05800,1.00,-5.00,1885.00,水平線手前,損切,支持抵抗,0,144.10800
2022-09-01,2022-09-30,20260209_062929,20260209_062929-0016,2022-09-14 16:15:54.765000,2022-09-14 16:16:02.171000,買い,143.30000,143.40000,1.00,10.00,1895.00,水平線手前,利確,支持抵抗,0,143.30000
2022-09-01,2022-09-30,20260209_062929,20260209_062929-0017,2022-09-14 21:44:38.251000,2022-09-14 21:46:01.029000,買い,142.85900,142.95900,1.00,10.00,1905.00,水平線手前,利確,支持抵抗,0,142.85900
2022-09-01,2022-09-30,20260209_062929,20260209_062929-0018,2022-09-19 20:26:30.713000,2022-09-19 21:25:49.913000,売り,143.61500,143.51500,1.00,10.00,1915.00,水平線手前,利確,支持抵抗,0,143.61500
2022-09-01,2022-09-30,20260209_062929,20260209_062929-0019,2022-09-20 17:16:06.012000,2022-09-20 17:24:03.354000,売り,143.69400,143.74400,1.00,-5.00,1910.00,水平線手前,損切,支持抵抗,0,143.69400
2022-09-01,2022-09-30,20260209_062929,20260209_062929-0020,2022-09-22 03:00:01.212000,2022-09-22 03:00:02.187000,売り,144.40700,144.45700,1.00,-5.00,1905.00,水平線手前,損切,支持抵抗,0,144.40700
2022-09-01,2022-09-30,20260209_062929,20260209_062929-0021,2022-09-22 03:00:01.472000,2022-09-22 03:00:19.694000,売り,144.43300,144.48300,1.00,-5.00,1900.00,水平線手前,損切,支持抵抗,0,144.43300
2022-09-01,2022-09-30,20260209_062929,20260209_062929-0022,2022-09-22 03:01:08.676000,2022-09-22 03:01:50.178000,売り,144.67200,144.57200,1.00,10.00,1910.00,水平線手前,利確,支持抵抗,0,144.67200
2022-09-01,2022-09-30,20260209_062929,20260209_062929-0023,2022-09-22 03:33:53.754000,2022-09-22 03:34:24.700000,買い,143.88000,143.83000,1.00,-5.00,1905.00,水平線手前,損切,支持抵抗,0,143.88000
2022-09-01,2022-09-30,20260209_062929,20260209_062929-0024,2022-09-22 11:51:53.160000,2022-09-22 11:51:53.925000,売り,144.92700,144.82700,1.00,10.00,1915.00,水平線手前,利確,支持抵抗,0,144.92700
2022-09-01,2022-09-30,20260209_062929,20260209_062929-0025,2022-09-22 11:51:54.386000,2022-09-22 11:51:56.939000,売り,144.93500,144.83500,1.00,10.00,1925.00,水平線手前,利確,支持抵抗,0,144.93500
2022-09-01,2022-09-30,20260209_062929,20260209_062929-0026,2022-09-22 11:55:56.353000,2022-09-22 11:56:29.039000,売り,145.37000,145.27000,1.00,10.00,1935.00,水平線手前,利確,支持抵抗,0,145.37000
2022-09-01,2022-09-30,20260209_062929,20260209_062929-0027,2022-09-22 14:43:38.685000,2022-09-22 14:45:35.164000,売り,145.02900,144.92900,1.00,10.00,1945.00,水平線手前,利確,支持抵抗,0,145.02900
2022-09-01,2022-09-30,20260209_062929,20260209_062929-0028,2022-09-22 15:59:08.512000,2022-09-22 16:00:33.384000,売り,145.66400,145.71400,1.00,-5.00,1940.00,水平線手前,損切,支持抵抗,0,145.66400
2022-09-01,2022-09-30,20260209_062929,20260209_062929-0029,2022-09-22 17:19:23.112000,2022-09-22 17:19:23.214000,買い,143.43300,143.38300,1.00,-5.00,1935.00,水平線手前,損切,支持抵抗,0,143.43300
2022-09-01,2022-09-30,20260209_062929,20260209_062929-0030,2022-09-22 17:19:23.214000,2022-09-22 17:19:23.316000,買い,143.35600,143.30600,1.00,-5.00,1930.00,水平線手前,損切,支持抵抗,0,143.35600
2022-09-01,2022-09-30,20260209_062929,20260209_062929-0031,2022-09-22 17:20:03.789000,2022-09-22 17:20:04.657000,買い,142.94900,142.89900,1.00,-5.00,1925.00,水平線手前,損切,支持抵抗,0,142.94900
2022-09-01,2022-09-30,20260209_062929,20260209_062929-0032,2022-09-22 17:21:00.243000,2022-09-22 17:21:10.841000,買い,142.57800,142.52800,1.00,-5.00,1920.00,水平線手前,損切,支持抵抗,0,142.57800
2022-09-01,2022-09-30,20260209_062929,20260209_062929-0033,2022-09-22 17:25:14.722000,2022-09-22 17:25:25.985000,買い,142.67400,142.62400,1.00,-5.00,1915.00,水平線手前,損切,支持抵抗,0,142.67400
2022-09-01,2022-09-30,20260209_062929,20260209_062929-0034,2022-09-22 17:26:54.154000,2022-09-22 17:26:55.581000,買い,143.42600,143.37600,1.00,-5.00,1910.00,水平線手前,損切,支持抵抗,0,143.42600
2022-09-01,2022-09-30,20260209_062929,20260209_062929-0035,2022-09-22 17:32:55.277000,2022-09-22 17:33:02.850000,買い,142.59000,142.54000,1.00,-5.00,1905.00,水平線手前,損切,支持抵抗,0,142.59000
2022-09-01,2022-09-30,20260209_062929,20260209_062929-0036,2022-09-22 17:41:40.780000,2022-09-22 17:41:43.608000,買い,141.53000,141.63000,1.00,10.00,1915.00,水平線手前,利確,支持抵抗,0,141.53000
2022-09-01,2022-09-30,20260209_062929,20260209_062929-0037,2022-09-22 17:44:30.682000,2022-09-22 17:44:32.001000,買い,140.70900,140.80900,1.00,10.00,1925.00,水平線手前,利確,支持抵抗,0,140.70900
2022-09-01,2022-09-30,20260209_062929,20260209_062929-0038,2022-09-23 22:45:00.666000,2022-09-23 22:45:01.938000,売り,143.24500,143.14500,1.00,10.00,1935.00,水平線手前,利確,支持抵抗,0,143.24500
2022-09-01,2022-09-30,20260209_062929,20260209_062929-0039,2022-09-23 22:45:00.613000,2022-09-23 22:45:02.345000,売り,143.23600,143.13600,1.00,10.00,1945.00,水平線手前,利確,支持抵抗,0,143.23600
2022-09-01,2022-09-30,20260209_062929,20260209_062929-0040,2022-09-26 14:46:22.145000,2022-09-26 14:46:28.859000,買い,143.52300,143.62300,1.00,10.00,1955.00,水平線手前,利確,支持抵抗,0,143.52300
2022-09-01,2022-09-30,20260209_062929,20260209_062929-0041,2022-09-27 23:00:02.453000,2022-09-27 23:00:04.906000,売り,144.82100,144.72100,1.00,10.00,1965.00,水平線手前,利確,支持抵抗,0,144.82100
2022-09-01,2022-09-30,20260209_062929,20260209_062929-0042,2022-09-27 23:00:01.780000,2022-09-27 23:09:13.135000,売り,144.79100,144.84100,1.00,-5.00,1960.00,水平線手前,損切,支持抵抗,0,144.79100
2022-09-01,2022-09-30,20260209_062929,20260209_062929-0043,2022-09-30 21:30:05.977000,2022-09-30 21:30:06.130000,売り,144.75300,144.65300,1.00,10.00,1970.00,水平線手前,利確,支持抵抗,0,144.75300
2022-10-01,2022-10-31,20260209_063104,20260209_063104-0001,2022-10-03 13:05:24.679000,2022-10-03 13:05:26.262000,売り,145.29000,145.19000,1.00,10.00,1980.00,水平線手前,利確,支持抵抗,0,145.29000
2022-10-01,2022-10-31,20260209_063104,20260209_063104-0002,2022-10-03 23:00:00.307000,2022-10-03 23:01:00.842000,買い,144.71700,144.66700,1.00,-5.00,1975.00,水平線手前,損切,支持抵抗,0,144.71700
2022-10-01,2022-10-31,20260209_063104,20260209_063104-0003,2022-10-05 23:00:00.228000,2022-10-05 23:00:30.410000,売り,144.71100,144.76100,1.00,-5.00,1970.00,水平線手前,損切,支持抵抗,0,144.71100
2022-10-01,2022-10-31,20260209_063104,20260209_063104-0004,2022-10-07 21:30:01.470000,2022-10-07 21:30:05.337000,売り,145.12200,145.02200,1.00,10.00,1980.00,水平線手前,利確,支持抵抗,0,145.12200
2022-10-01,2022-10-31,20260209_063104,20260209_063104-0005,2022-10-07 21:30:05.388000,2022-10-07 21:30:05.489000,買い,144.73900,144.68900,1.00,-5.00,1975.00,水平線手前,損切,支持抵抗,0,144.73900
2022-10-01,2022-10-31,20260209_063104,20260209_063104-0006,2022-10-07 21:30:05.489000,2022-10-07 21:30:05.845000,買い,144.56000,144.66000,1.00,10.00,1985.00,水平線手前,利確,支持抵抗,0,144.56000
2022-10-01,2022-10-31,20260209_063104,20260209_063104-0007,2022-10-13 21:30:01.161000,2022-10-13 21:30:01.264000,売り,146.87900,146.92900,1.00,-5.00,1980.00,水平線手前,損切,支持抵抗,0,146.87900
2022-10-01,2022-10-31,20260209_063104,20260209_063104-0008,2022-10-13 21:30:01.264000,2022-10-13 21:30:03.195000,売り,146.97500,147.02500,1.00,-5.00,1975.00,水平線手前,損切,支持抵抗,0,146.97500
2022-10-01,2022-10-31,20260209_063104,20260209_063104-0009,2022-10-13 22:20:43.123000,2022-10-13 22:20:43.926000,買い,146.66900,146.61900,1.00,-5.00,1970.00,水平線手前,損切,支持抵抗,0,146.66900
2022-10-01,2022-10-31,20260209_063104,20260209_063104-0010,2022-10-13 22:20:50.454000,2022-10-13 22:20:57.584000,買い,146.47500,146.57500,1.00,10.00,1980.00,水平線手前,利確,支持抵抗,0,146.47500
2022-10-01,2022-10-31,20260209_063104,20260209_063104-0011,2022-10-14 17:58:14.465000,2022-10-14 18:37:43.726000,売り,147.74000,147.79000,1.00,-5.00,1975.00,水平線手前,損切,支持抵抗,0,147.74000
2022-10-01,2022-10-31,20260209_063104,20260209_063104-0012,2022-10-14 23:00:00.302000,2022-10-14 23:00:00.353000,売り,148.07000,148.12000,1.00,-5.00,1970.00,水平線手前,損切,支持抵抗,0,148.07000
2022-10-01,2022-10-31,20260209_063104,20260209_063104-0013,2022-10-18 18:04:04.500000,2022-10-18 18:04:04.602000,買い,148.71100,148.66100,1.00,-5.00,1965.00,水平線手前,損切,支持抵抗,0,148.71100
2022-10-01,2022-10-31,20260209_063104,20260209_063104-0014,2022-10-18 18:04:05.749000,2022-10-18 18:04:05.952000,買い,148.40100,148.35100,1.00,-5.00,1960.00,水平線手前,損切,支持抵抗,0,148.40100
2022-10-01,2022-10-31,20260209_063104,20260209_063104-0015,2022-10-18 18:04:07.461000,2022-10-18 18:04:12.068000,買い,148.17100,148.27100,1.00,10.00,1970.00,水平線手前,利確,支持抵抗,0,148.17100
2022-10-01,2022-10-31,20260209_063104,20260209_063104-0016,2022-10-19 15:56:23.506000,2022-10-19 16:04:44.842000,売り,149.42800,149.47800,1.00,-5.00,1965.00,水平線手前,損切,支持抵抗,0,149.42800
2022-10-01,2022-10-31,20260209_063104,20260209_063104-0017,2022-10-20 16:40:39.018000,2022-10-20 16:40:44.146000,売り,150.05700,149.95700,1.00,10.00,1975.00,水平線手前,利確,支持抵抗,0,150.05700
2022-10-01,2022-10-31,20260209_063104,20260209_063104-0018,2022-10-21 23:48:06.301000,2022-10-21 23:48:15.952000,買い,149.99700,150.09700,1.00,10.00,1985.00,水平線手前,利確,支持抵抗,0,149.99700
2022-10-01,2022-10-31,20260209_063104,20260209_063104-0019,2022-10-21 23:50:32.870000,2022-10-21 23:50:41.045000,買い,149.58000,149.53000,1.00,-5.00,1980.00,水平線手前,損切,支持抵抗,0,149.58000
2022-10-01,2022-10-31,20260209_063104,20260209_063104-0020,2022-10-21 23:50:41.045000,2022-10-21 23:50:46.614000,買い,149.51800,149.46800,1.00,-5.00,1975.00,水平線手前,損切,支持抵抗,0,149.51800
2022-10-01,2022-10-31,20260209_063104,20260209_063104-0021,2022-10-21 23:53:13.235000,2022-10-21 23:53:32.798000,買い,149.10700,149.05700,1.00,-5.00,1970.00,水平線手前,損切,支持抵抗,0,149.10700
2022-10-01,2022-10-31,20260209_063104,20260209_063104-0022,2022-10-22 00:10:58.213000,2022-10-22 00:10:59.399000,買い,148.89600,148.99600,1.00,10.00,1980.00,水平線手前,利確,支持抵抗,0,148.89600
2022-10-01,2022-10-31,20260209_063104,20260209_063104-0023,2022-10-22 00:10:58.942000,2022-10-22 00:11:03.162000,買い,148.98700,148.93700,1.00,-5.00,1975.00,水平線手前,損切,支持抵抗,0,148.98700
2022-10-01,2022-10-31,20260209_063104,20260209_063104-0024,2022-10-22 00:48:11.540000,2022-10-22 00:48:33.269000,買い,147.12100,147.07100,1.00,-5.00,1970.00,水平線手前,損切,支持抵抗,0,147.12100
2022-10-01,2022-10-31,20260209_063104,20260209_063104-0025,2022-10-22 00:50:28.936000,2022-10-22 00:50:38.484000,買い,146.87000,146.82000,1.00,-5.00,1965.00,水平線手前,損切,支持抵抗,0,146.87000
2022-10-01,2022-10-31,20260209_063104,20260209_063104-0026,2022-10-22 00:59:26.917000,2022-10-22 00:59:31.750000,買い,146.28600,146.38600,1.00,10.00,1975.00,水平線手前,利確,支持抵抗,0,146.28600
2022-10-01,2022-10-31,20260209_063104,20260209_063104-0027,2022-10-22 01:01:09.508000,2022-10-22 01:01:12.315000,買い,146.21600,146.31600,1.00,10.00,1985.00,水平線手前,利確,支持抵抗,0,146.21600
2022-10-01,2022-10-31,20260209_063104,20260209_063104-0028,2022-10-24 14:16:21.386000,2022-10-24 14:18:03.236000,買い,148.80500,148.90500,1.00,10.00,1995.00,水平線手前,利確,支持抵抗,0,148.80500
2022-10-01,2022-10-31,20260209_063104,20260209_063104-0029,2022-10-24 20:48:05.147000,2022-10-24 20:48:08.031000,買い,148.75200,148.70200,1.00,-5.00,1990.00,水平線手前,損切,支持抵抗,0,148.75200
2022-10-01,2022-10-31,20260209_063104,20260209_063104-0030,2022-10-24 20:48:26.197000,2022-10-24 20:48:31.344000,買い,148.31100,148.41100,1.00,10.00,2000.00,水平線手前,利確,支持抵抗,0,148.31100
2022-10-01,2022-10-31,20260209_063104,20260209_063104-0031,2022-10-25 21:18:05.406000,2022-10-25 21:18:22.021000,買い,148.69300,148.79300,1.00,10.00,2010.00,水平線手前,利確,支持抵抗,0,148.69300
2022-10-01,2022-10-31,20260209_063104,20260209_063104-0032,2022-10-26 23:00:01.298000,2022-10-26 23:00:07.050000,買い,146.77400,146.72400,1.00,-5.00,2005.00,水平線手前,損切,支持抵抗,0,146.77400
2022-10-01,2022-10-31,20260209_063104,20260209_063104-0033,2022-10-26 23:00:07.050000,2022-10-26 23:00:07.202000,買い,146.73000,146.68000,1.00,-5.00,2000.00,水平線手前,損切,支持抵抗,0,146.73000
2022-10-01,2022-10-31,20260209_063104,20260209_063104-0034,2022-10-28 11:50:07.167000,2022-10-28 11:50:07.269000,売り,146.70600,146.75600,1.00,-5.00,1995.00,水平線手前,損切,支持抵抗,0,146.70600
2022-10-01,2022-10-31,20260209_063104,20260209_063104-0035,2022-10-28 11:50:09.158000,2022-10-28 11:50:09.209000,売り,146.82400,146.72400,1.00,10.00,2005.00,水平線手前,利確,支持抵抗,0,146.82400
2022-10-01,2022-10-31,20260209_063104,20260209_063104-0036,2022-10-28 11:56:09.342000,2022-10-28 11:56:12.332000,買い,146.00000,146.10000,1.00,10.00,2015.00,水平線手前,利確,支持抵抗,0,146.00000
2022-11-01,2022-11-30,20260209_063303,20260209_063303-0001,2022-11-02 19:56:55.286000,2022-11-02 20:03:14.121000,買い,146.86300,146.96300,1.00,10.00,2025.00,水平線手前,利確,支持抵抗,0,146.86300
2022-11-01,2022-11-30,20260209_063303,20260209_063303-0002,2022-11-04 15:33:45.746000,2022-11-04 15:33:46.527000,買い,147.73600,147.68600,1.00,-5.00,2020.00,水平線手前,損切,支持抵抗,0,147.73600
2022-11-01,2022-11-30,20260209_063303,20260209_063303-0003,2022-11-04 15:33:46.153000,2022-11-04 15:33:55.663000,買い,147.70800,147.80800,1.00,10.00,2030.00,水平線手前,利確,支持抵抗,0,147.70800
2022-11-01,2022-11-30,20260209_063303,20260209_063303-0004,2022-11-04 21:30:07.127000,2022-11-04 21:30:12.463000,売り,148.18600,148.08600,1.00,10.00,2040.00,水平線手前,利確,支持抵抗,0,148.18600
2022-11-01,2022-11-30,20260209_063303,20260209_063303-0005,2022-11-04 21:48:16.105000,2022-11-04 21:49:00.827000,買い,147.41700,147.51700,1.00,10.00,2050.00,水平線手前,利確,支持抵抗,0,147.41700
2022-11-01,2022-11-30,20260209_063303,20260209_063303-0006,2022-11-10 22:30:01.572000,2022-11-10 22:30:01.774000,買い,145.58400,145.53400,1.00,-5.00,2045.00,水平線手前,損切,支持抵抗,0,145.58400
2022-11-01,2022-11-30,20260209_063303,20260209_063303-0007,2022-11-10 22:30:08.380000,2022-11-10 22:30:08.482000,買い,145.24900,145.19900,1.00,-5.00,2040.00,水平線手前,損切,支持抵抗,0,145.24900
2022-11-01,2022-11-30,20260209_063303,20260209_063303-0008,2022-11-10 22:30:08.482000,2022-11-10 22:30:09.216000,買い,145.18300,145.13300,1.00,-5.00,2035.00,水平線手前,損切,支持抵抗,0,145.18300
2022-11-01,2022-11-30,20260209_063303,20260209_063303-0009,2022-11-10 23:45:55.006000,2022-11-10 23:46:04.904000,買い,141.81500,141.91500,1.00,10.00,2045.00,水平線手前,利確,支持抵抗,0,141.81500
2022-11-01,2022-11-30,20260209_063303,20260209_063303-0010,2022-11-11 00:08:46.441000,2022-11-11 00:10:09.449000,買い,141.58500,141.68500,1.00,10.00,2055.00,水平線手前,利確,支持抵抗,0,141.58500
2022-11-01,2022-11-30,20260209_063303,20260209_063303-0011,2022-11-11 19:39:26.003000,2022-11-11 19:39:34.531000,買い,138.77900,138.87900,1.00,10.00,2065.00,水平線手前,利確,支持抵抗,0,138.77900
2022-11-01,2022-11-30,20260209_063303,20260209_063303-0012,2022-11-15 22:30:08.997000,2022-11-15 22:30:09.100000,買い,138.98900,138.93900,1.00,-5.00,2060.00,水平線手前,損切,支持抵抗,0,138.98900
2022-11-01,2022-11-30,20260209_063303,20260209_063303-0013,2022-11-15 22:30:09.100000,2022-11-15 22:30:12.292000,買い,138.93900,138.88900,1.00,-5.00,2055.00,水平線手前,損切,支持抵抗,0,138.93900
2022-11-01,2022-11-30,20260209_063303,20260209_063303-0014,2022-11-15 22:32:40.884000,2022-11-15 22:32:41.599000,買い,138.48900,138.43900,1.00,-5.00,2050.00,水平線手前,損切,支持抵抗,0,138.48900
2022-11-01,2022-11-30,20260209_063303,20260209_063303-0015,2022-11-15 22:37:38.749000,2022-11-15 22:37:50.012000,買い,137.70800,137.80800,1.00,10.00,2060.00,水平線手前,利確,支持抵抗,0,137.70800
2022-11-01,2022-11-30,20260209_063303,20260209_063303-0016,2022-11-16 22:30:22.209000,2022-11-16 22:30:29.276000,売り,140.01500,139.91500,1.00,10.00,2070.00,水平線手前,利確,支持抵抗,0,140.01500
2022-11-01,2022-11-30,20260209_063303,20260209_063303-0017,2022-11-18 12:46:26.175000,2022-11-18 13:08:16.432000,買い,139.69700,139.79700,1.00,10.00,2080.00,水平線手前,利確,支持抵抗,0,139.69700
2022-11-01,2022-11-30,20260209_063303,20260209_063303-0018,2022-11-23 22:30:46.344000,2022-11-23 22:30:47.669000,買い,141.10100,141.05100,1.00,-5.00,2075.00,水平線手前,損切,支持抵抗,0,141.10100
2022-11-01,2022-11-30,20260209_063303,20260209_063303-0019,2022-11-23 23:53:17.717000,2022-11-23 23:53:59.760000,買い,139.90600,140.00600,1.00,10.00,2085.00,水平線手前,利確,支持抵抗,0,139.90600
2022-11-01,2022-11-30,20260209_063303,20260209_063303-0020,2022-11-24 04:01:40.819000,2022-11-24 04:01:43.246000,買い,139.59700,139.54700,1.00,-5.00,2080.00,水平線手前,損切,支持抵抗,0,139.59700
2022-12-01,2022-12-31,20260209_063500,20260209_063500-0001,2022-12-01 03:30:21.534000,2022-12-01 03:30:22.558000,買い,139.15800,139.10800,1.00,-5.00,2075.00,水平線手前,損切,支持抵抗,0,139.15800
2022-12-01,2022-12-31,20260209_063500,20260209_063500-0002,2022-12-01 22:30:36.346000,2022-12-01 22:30:36.764000,買い,135.86100,135.81100,1.00,-5.00,2070.00,水平線手前,損切,支持抵抗,0,135.86100
2022-12-01,2022-12-31,20260209_063500,20260209_063500-0003,2022-12-01 22:30:40.791000,2022-12-01 22:31:03.360000,買い,135.78700,135.88700,1.00,10.00,2080.00,水平線手前,利確,支持抵抗,0,135.78700
2022-12-01,2022-12-31,20260209_063500,20260209_063500-0004,2022-12-02 00:00:08.573000,2022-12-02 00:00:08.928000,買い,135.56400,135.66400,1.00,10.00,2090.00,水平線手前,利確,支持抵抗,0,135.56400
2022-12-01,2022-12-31,20260209_063500,20260209_063500-0005,2022-12-02 17:48:24.235000,2022-12-02 17:48:39.982000,買い,133.64500,133.74500,1.00,10.00,2100.00,水平線手前,利確,支持抵抗,0,133.64500
2022-12-01,2022-12-31,20260209_063500,20260209_063500-0006,2022-12-02 22:31:27.642000,2022-12-02 22:31:31.884000,売り,135.56700,135.61700,1.00,-5.00,2095.00,水平線手前,損切,支持抵抗,0,135.56700
2022-12-01,2022-12-31,20260209_063500,20260209_063500-0007,2022-12-02 22:34:19.149000,2022-12-02 22:34:31.683000,売り,135.95800,135.85800,1.00,10.00,2105.00,水平線手前,利確,支持抵抗,0,135.95800
2022-12-01,2022-12-31,20260209_063500,20260209_063500-0008,2022-12-05 19:30:29.093000,2022-12-05 19:35:12.385000,売り,135.45200,135.35200,1.00,10.00,2115.00,水平線手前,利確,支持抵抗,0,135.45200
2022-12-01,2022-12-31,20260209_063500,20260209_063500-0009,2022-12-09 22:30:12.845000,2022-12-09 22:30:13.658000,売り,136.44100,136.49100,1.00,-5.00,2110.00,水平線手前,損切,支持抵抗,0,136.44100
2022-12-01,2022-12-31,20260209_063500,20260209_063500-0010,2022-12-13 03:01:46.607000,2022-12-13 03:31:38.629000,売り,137.67400,137.72400,1.00,-5.00,2105.00,水平線手前,損切,支持抵抗,0,137.67400
2022-12-01,2022-12-31,20260209_063500,20260209_063500-0011,2022-12-13 22:30:01.225000,2022-12-13 22:30:01.377000,買い,136.44700,136.39700,1.00,-5.00,2100.00,水平線手前,損切,支持抵抗,0,136.44700
2022-12-01,2022-12-31,20260209_063500,20260209_063500-0012,2022-12-13 22:30:05.523000,2022-12-13 22:30:05.983000,買い,136.10600,136.05600,1.00,-5.00,2095.00,水平線手前,損切,支持抵抗,0,136.10600
2022-12-01,2022-12-31,20260209_063500,20260209_063500-0013,2022-12-13 22:30:15.459000,2022-12-13 22:30:17.668000,買い,135.63100,135.58100,1.00,-5.00,2090.00,水平線手前,損切,支持抵抗,0,135.63100
2022-12-01,2022-12-31,20260209_063500,20260209_063500-0014,2022-12-13 22:30:16.020000,2022-12-13 22:30:17.668000,買い,135.63800,135.58800,1.00,-5.00,2085.00,水平線手前,損切,支持抵抗,0,135.63800
2022-12-01,2022-12-31,20260209_063500,20260209_063500-0015,2022-12-13 23:26:42.149000,2022-12-13 23:28:36.766000,買い,134.67000,134.77000,1.00,10.00,2095.00,水平線手前,利確,支持抵抗,0,134.67000
2022-12-01,2022-12-31,20260209_063500,20260209_063500-0016,2022-12-13 23:26:41.792000,2022-12-13 23:28:38.423000,買い,134.68600,134.78600,1.00,10.00,2105.00,水平線手前,利確,支持抵抗,0,134.68600
2022-12-01,2022-12-31,20260209_063500,20260209_063500-0017,2022-12-14 19:00:06.721000,2022-12-14 19:00:07.446000,買い,135.09200,135.04200,1.00,-5.00,2100.00,水平線手前,損切,支持抵抗,0,135.09200
2022-12-01,2022-12-31,20260209_063500,20260209_063500-0018,2022-12-14 19:00:08.981000,2022-12-14 19:00:09.084000,買い,134.93700,134.88700,1.00,-5.00,2095.00,水平線手前,損切,支持抵抗,0,134.93700
2022-12-01,2022-12-31,20260209_063500,20260209_063500-0019,2022-12-14 19:00:27.723000,2022-12-14 19:00:30.126000,買い,134.68700,134.63700,1.00,-5.00,2090.00,水平線手前,損切,支持抵抗,0,134.68700
2022-12-01,2022-12-31,20260209_063500,20260209_063500-0020,2022-12-14 19:00:31.047000,2022-12-14 19:00:35.867000,買い,134.54400,134.64400,1.00,10.00,2100.00,水平線手前,利確,支持抵抗,0,134.54400
2022-12-01,2022-12-31,20260209_063500,20260209_063500-0021,2022-12-15 04:00:26.857000,2022-12-15 04:00:28.806000,売り,135.58000,135.63000,1.00,-5.00,2095.00,水平線手前,損切,支持抵抗,0,135.58000
2022-12-01,2022-12-31,20260209_063500,20260209_063500-0022,2022-12-15 04:03:07.136000,2022-12-15 04:03:31.864000,売り,135.70700,135.60700,1.00,10.00,2105.00,水平線手前,利確,支持抵抗,0,135.70700
2022-12-01,2022-12-31,20260209_063500,20260209_063500-0023,2022-12-15 04:34:52.138000,2022-12-15 04:35:38.497000,売り,135.95700,135.85700,1.00,10.00,2115.00,水平線手前,利確,支持抵抗,0,135.95700
2022-12-01,2022-12-31,20260209_063500,20260209_063500-0024,2022-12-16 23:45:00.844000,2022-12-16 23:45:00.997000,買い,136.82400,136.77400,1.00,-5.00,2110.00,水平線手前,損切,支持抵抗,0,136.82400
2022-12-01,2022-12-31,20260209_063500,20260209_063500-0025,2022-12-16 23:45:02.512000,2022-12-16 23:45:03.705000,買い,136.70600,136.80600,1.00,10.00,2120.00,水平線手前,利確,支持抵抗,0,136.70600
2022-12-01,2022-12-31,20260209_063500,20260209_063500-0026,2022-12-20 11:58:08.332000,2022-12-20 11:58:20.118000,買い,137.04800,137.14800,1.00,10.00,2130.00,水平線手前,利確,支持抵抗,0,137.04800
2022-12-01,2022-12-31,20260209_063500,20260209_063500-0027,2022-12-20 12:01:10.282000,2022-12-20 12:01:33.231000,売り,137.38400,137.28400,1.00,10.00,2140.00,水平線手前,利確,支持抵抗,0,137.38400
2022-12-01,2022-12-31,20260209_063500,20260209_063500-0028,2022-12-20 12:02:03.133000,2022-12-20 12:02:04.207000,買い,136.30900,136.25900,1.00,-5.00,2135.00,水平線手前,損切,支持抵抗,0,136.30900
2022-12-01,2022-12-31,20260209_063500,20260209_063500-0029,2022-12-20 12:02:20.031000,2022-12-20 12:02:21.357000,買い,135.78900,135.73900,1.00,-5.00,2130.00,水平線手前,損切,支持抵抗,0,135.78900
2022-12-01,2022-12-31,20260209_063500,20260209_063500-0030,2022-12-20 12:02:24.060000,2022-12-20 12:02:25.950000,買い,135.57000,135.52000,1.00,-5.00,2125.00,水平線手前,損切,支持抵抗,0,135.57000
2022-12-01,2022-12-31,20260209_063500,20260209_063500-0031,2022-12-20 12:04:57.099000,2022-12-20 12:05:15.013000,買い,134.79200,134.74200,1.00,-5.00,2120.00,水平線手前,損切,支持抵抗,0,134.79200
2022-12-01,2022-12-31,20260209_063500,20260209_063500-0032,2022-12-20 12:05:39.108000,2022-12-20 12:05:39.413000,買い,134.16500,134.11500,1.00,-5.00,2115.00,水平線手前,損切,支持抵抗,0,134.16500
2022-12-01,2022-12-31,20260209_063500,20260209_063500-0033,2022-12-20 12:14:26.690000,2022-12-20 12:14:32.660000,買い,133.72000,133.67000,1.00,-5.00,2110.00,水平線手前,損切,支持抵抗,0,133.72000
2022-12-01,2022-12-31,20260209_063500,20260209_063500-0034,2022-12-20 12:15:49.320000,2022-12-20 12:16:00.851000,買い,133.13800,133.23800,1.00,10.00,2120.00,水平線手前,利確,支持抵抗,0,133.13800
2022-12-01,2022-12-31,20260209_063500,20260209_063500-0035,2022-12-20 13:05:52.665000,2022-12-20 13:06:21.354000,買い,133.12800,133.22800,1.00,10.00,2130.00,水平線手前,利確,支持抵抗,0,133.12800
2022-12-01,2022-12-31,20260209_063500,20260209_063500-0036,2022-12-20 14:59:48.693000,2022-12-20 15:00:00.416000,買い,132.95200,132.90200,1.00,-5.00,2125.00,水平線手前,損切,支持抵抗,0,132.95200
2022-12-01,2022-12-31,20260209_063500,20260209_063500-0037,2022-12-20 15:01:45.193000,2022-12-20 15:12:00.618000,買い,132.70900,132.80900,1.00,10.00,2135.00,水平線手前,利確,支持抵抗,0,132.70900
2022-12-01,2022-12-31,20260209_063500,20260209_063500-0038,2022-12-20 15:51:43.540000,2022-12-20 15:52:44.696000,売り,133.67000,133.57000,1.00,10.00,2145.00,水平線手前,利確,支持抵抗,0,133.67000
2022-12-01,2022-12-31,20260209_063500,20260209_063500-0039,2022-12-20 16:46:42.830000,2022-12-20 16:47:18.165000,買い,132.31300,132.41300,1.00,10.00,2155.00,水平線手前,利確,支持抵抗,0,132.31300
2022-12-01,2022-12-31,20260209_063500,20260209_063500-0040,2022-12-21 02:09:04.991000,2022-12-21 02:09:34.446000,買い,130.60100,130.70100,1.00,10.00,2165.00,水平線手前,利確,支持抵抗,0,130.60100
2022-12-01,2022-12-31,20260209_063500,20260209_063500-0041,2022-12-23 22:30:00.750000,2022-12-23 22:30:04.250000,売り,132.79400,132.69400,1.00,10.00,2175.00,水平線手前,利確,支持抵抗,0,132.79400
2022-12-01,2022-12-31,20260209_063500,20260209_063500-0042,2022-12-23 22:32:22.067000,2022-12-23 22:32:33.698000,売り,132.88100,132.93100,1.00,-5.00,2170.00,水平線手前,損切,支持抵抗,0,132.88100
2022-12-01,2022-12-31,20260209_063500,20260209_063500-0043,2022-12-26 19:11:35.991000,2022-12-26 19:11:36.092000,売り,133.07900,133.12900,1.00,-5.00,2165.00,水平線手前,損切,支持抵抗,0,133.07900
2022-12-01,2022-12-31,20260209_063500,20260209_063500-0044,2022-12-26 19:11:36.092000,2022-12-26 19:15:02.661000,売り,133.12500,133.17500,1.00,-5.00,2160.00,水平線手前,損切,支持抵抗,0,133.12500
2022-12-01,2022-12-31,20260209_063500,20260209_063500-0045,2022-12-28 11:54:53.043000,2022-12-28 12:02:53.874000,売り,134.11700,134.01700,1.00,10.00,2170.00,水平線手前,利確,支持抵抗,0,134.11700
2023-01-01,2023-01-31,20260209_063650,20260209_063650-0001,2023-01-04 17:30:09.910000,2023-01-04 17:30:16.457000,買い,129.95700,130.05700,1.00,10.00,2180.00,水平線手前,利確,支持抵抗,0,129.95700
2023-01-01,2023-01-31,20260209_063650,20260209_063650-0002,2023-01-05 00:00:09.413000,2023-01-05 00:00:10.185000,売り,131.12200,131.17200,1.00,-5.00,2175.00,水平線手前,損切,支持抵抗,0,131.12200
2023-01-01,2023-01-31,20260209_063650,20260209_063650-0003,2023-01-05 00:00:18.518000,2023-01-05 00:00:19.490000,売り,131.27400,131.32400,1.00,-5.00,2170.00,水平線手前,損切,支持抵抗,0,131.27400
2023-01-01,2023-01-31,20260209_063650,20260209_063650-0004,2023-01-06 03:20:41.482000,2023-01-06 03:21:30.282000,買い,133.10700,133.20700,1.00,10.00,2180.00,水平線手前,利確,支持抵抗,0,133.10700
2023-01-01,2023-01-31,20260209_063650,20260209_063650-0005,2023-01-06 14:45:15.315000,2023-01-06 14:45:15.828000,売り,134.04200,134.09200,1.00,-5.00,2175.00,水平線手前,損切,支持抵抗,0,134.04200
2023-01-01,2023-01-31,20260209_063650,20260209_063650-0006,2023-01-06 22:30:01.964000,2023-01-06 22:30:02.573000,売り,134.66000,134.56000,1.00,10.00,2185.00,水平線手前,利確,支持抵抗,0,134.66000
2023-01-01,2023-01-31,20260209_063650,20260209_063650-0007,2023-01-12 03:14:50.408000,2023-01-12 03:15:18.117000,買い,132.31000,132.41000,1.00,10.00,2195.00,水平線手前,利確,支持抵抗,0,132.31000
2023-01-01,2023-01-31,20260209_063650,20260209_063650-0008,2023-01-12 22:30:21.478000,2023-01-12 22:30:23.702000,買い,130.66100,130.61100,1.00,-5.00,2190.00,水平線手前,損切,支持抵抗,0,130.66100
2023-01-01,2023-01-31,20260209_063650,20260209_063650-0009,2023-01-12 22:30:24.211000,2023-01-12 22:30:27.941000,買い,130.54600,130.64600,1.00,10.00,2200.00,水平線手前,利確,支持抵抗,0,130.54600
2023-01-01,2023-01-31,20260209_063650,20260209_063650-0010,2023-01-12 22:33:35.576000,2023-01-12 22:33:37.411000,買い,130.31600,130.26600,1.00,-5.00,2195.00,水平線手前,損切,支持抵抗,0,130.31600
2023-01-01,2023-01-31,20260209_063650,20260209_063650-0011,2023-01-17 17:05:41.205000,2023-01-17 17:06:02.725000,買い,128.41400,128.51400,1.00,10.00,2205.00,水平線手前,利確,支持抵抗,0,128.41400
2023-01-01,2023-01-31,20260209_063650,20260209_063650-0012,2023-01-18 11:40:11.377000,2023-01-18 11:40:11.785000,売り,129.01000,129.06000,1.00,-5.00,2200.00,水平線手前,損切,支持抵抗,0,129.01000
2023-01-01,2023-01-31,20260209_063650,20260209_063650-0013,2023-01-18 11:40:12.601000,2023-01-18 11:40:12.805000,売り,129.09100,129.14100,1.00,-5.00,2195.00,水平線手前,損切,支持抵抗,0,129.09100
2023-01-01,2023-01-31,20260209_063650,20260209_063650-0014,2023-01-18 11:40:12.805000,2023-01-18 11:40:13.213000,売り,129.14400,129.19400,1.00,-5.00,2190.00,水平線手前,損切,支持抵抗,0,129.14400
2023-01-01,2023-01-31,20260209_063650,20260209_063650-0015,2023-01-18 11:40:13.060000,2023-01-18 11:40:13.213000,売り,129.14600,129.19600,1.00,-5.00,2185.00,水平線手前,損切,支持抵抗,0,129.14600
2023-01-01,2023-01-31,20260209_063650,20260209_063650-0016,2023-01-18 11:40:13.519000,2023-01-18 11:40:15.502000,売り,129.31600,129.36600,1.00,-5.00,2180.00,水平線手前,損切,支持抵抗,0,129.31600
2023-01-01,2023-01-31,20260209_063650,20260209_063650-0017,2023-01-18 11:40:17.332000,2023-01-18 11:40:17.535000,売り,129.20800,129.25800,1.00,-5.00,2175.00,水平線手前,損切,支持抵抗,0,129.20800
2023-01-01,2023-01-31,20260209_063650,20260209_063650-0018,2023-01-18 11:40:20.029000,2023-01-18 11:40:20.232000,売り,129.39700,129.44700,1.00,-5.00,2170.00,水平線手前,損切,支持抵抗,0,129.39700
2023-01-01,2023-01-31,20260209_063650,20260209_063650-0019,2023-01-18 11:51:57.966000,2023-01-18 11:52:32.433000,売り,130.77800,130.67800,1.00,10.00,2180.00,水平線手前,利確,支持抵抗,0,130.77800
2023-01-01,2023-01-31,20260209_063650,20260209_063650-0020,2023-01-21 03:00:01.962000,2023-01-21 03:00:06.765000,買い,129.61500,129.71500,1.00,10.00,2190.00,水平線手前,利確,支持抵抗,0,129.61500
2023-01-01,2023-01-31,20260209_063650,20260209_063650-0021,2023-01-23 21:01:49.879000,2023-01-23 21:09:16.511000,売り,130.43100,130.33100,1.00,10.00,2200.00,水平線手前,利確,支持抵抗,0,130.43100
2023-01-01,2023-01-31,20260209_063650,20260209_063650-0022,2023-01-24 23:45:03.863000,2023-01-24 23:45:04.629000,売り,130.72000,130.77000,1.00,-5.00,2195.00,水平線手前,損切,支持抵抗,0,130.72000
2023-01-01,2023-01-31,20260209_063650,20260209_063650-0023,2023-01-24 23:59:02.421000,2023-01-25 00:01:57.341000,売り,131.09400,130.99400,1.00,10.00,2205.00,水平線手前,利確,支持抵抗,0,131.09400
2023-01-01,2023-01-31,20260209_063650,20260209_063650-0024,2023-01-26 22:30:05.053000,2023-01-26 22:30:05.206000,売り,129.98300,130.03300,1.00,-5.00,2200.00,水平線手前,損切,支持抵抗,0,129.98300
2023-01-01,2023-01-31,20260209_063650,20260209_063650-0025,2023-01-26 22:30:07.243000,2023-01-26 22:30:08.568000,売り,130.29700,130.19700,1.00,10.00,2210.00,水平線手前,利確,支持抵抗,0,130.29700
2023-01-01,2023-01-31,20260209_063650,20260209_063650-0026,2023-01-30 13:00:46.972000,2023-01-30 13:00:47.586000,買い,129.58300,129.53300,1.00,-5.00,2205.00,水平線手前,損切,支持抵抗,0,129.58300
2023-01-01,2023-01-31,20260209_063650,20260209_063650-0027,2023-01-30 13:00:53.274000,2023-01-30 13:01:04.558000,買い,129.37100,129.32100,1.00,-5.00,2200.00,水平線手前,損切,支持抵抗,0,129.37100
2023-01-01,2023-01-31,20260209_063650,20260209_063650-0028,2023-01-31 22:30:04.665000,2023-01-31 22:30:07.327000,買い,130.06900,130.01900,1.00,-5.00,2195.00,水平線手前,損切,支持抵抗,0,130.06900
2023-02-01,2023-02-28,20260209_063818,20260209_063818-0001,2023-02-01 22:15:00.982000,2023-02-01 22:15:01.033000,買い,129.65000,129.60000,1.00,-5.00,2190.00,水平線手前,損切,支持抵抗,0,129.65000
2023-02-01,2023-02-28,20260209_063818,20260209_063818-0002,2023-02-02 17:51:44.140000,2023-02-02 17:51:54.213000,売り,129.12200,129.02200,1.00,10.00,2200.00,水平線手前,利確,支持抵抗,0,129.12200
2023-02-01,2023-02-28,20260209_063818,20260209_063818-0003,2023-02-02 17:51:43.321000,2023-02-02 17:51:54.673000,売り,129.10300,129.00300,1.00,10.00,2210.00,水平線手前,利確,支持抵抗,0,129.10300
2023-02-01,2023-02-28,20260209_063818,20260209_063818-0004,2023-02-03 22:30:01.207000,2023-02-03 22:30:01.865000,売り,128.99900,129.04900,1.00,-5.00,2205.00,水平線手前,損切,支持抵抗,0,128.99900
2023-02-01,2023-02-28,20260209_063818,20260209_063818-0005,2023-02-03 22:30:01.865000,2023-02-03 22:30:01.916000,売り,129.09500,128.99500,1.00,10.00,2215.00,水平線手前,利確,支持抵抗,0,129.09500
2023-02-01,2023-02-28,20260209_063818,20260209_063818-0006,2023-02-04 00:00:00.257000,2023-02-04 00:00:00.359000,売り,130.51200,130.56200,1.00,-5.00,2210.00,水平線手前,損切,支持抵抗,0,130.51200
2023-02-01,2023-02-28,20260209_063818,20260209_063818-0007,2023-02-08 02:41:56.748000,2023-02-08 02:42:29.803000,買い,131.15200,131.25200,1.00,10.00,2220.00,水平線手前,利確,支持抵抗,0,131.15200
2023-02-01,2023-02-28,20260209_063818,20260209_063818-0008,2023-02-09 14:45:05.431000,2023-02-09 14:45:07.011000,買い,130.77700,130.87700,1.00,10.00,2230.00,水平線手前,利確,支持抵抗,0,130.77700
2023-02-01,2023-02-28,20260209_063818,20260209_063818-0009,2023-02-09 22:30:11.793000,2023-02-09 22:34:30.952000,買い,130.62800,130.57800,1.00,-5.00,2225.00,水平線手前,損切,支持抵抗,0,130.62800
2023-02-01,2023-02-28,20260209_063818,20260209_063818-0010,2023-02-10 16:19:57.666000,2023-02-10 16:20:02.320000,買い,130.94100,130.89100,1.00,-5.00,2220.00,水平線手前,損切,支持抵抗,0,130.94100
2023-02-01,2023-02-28,20260209_063818,20260209_063818-0011,2023-02-14 11:07:15.796000,2023-02-14 11:07:36.045000,買い,131.92600,132.02600,1.00,10.00,2230.00,水平線手前,利確,支持抵抗,0,131.92600
2023-02-01,2023-02-28,20260209_063818,20260209_063818-0012,2023-02-14 22:29:52.941000,2023-02-14 22:29:55.663000,買い,131.94100,131.89100,1.00,-5.00,2225.00,水平線手前,損切,支持抵抗,0,131.94100
2023-02-01,2023-02-28,20260209_063818,20260209_063818-0013,2023-02-14 22:30:02.366000,2023-02-14 22:30:02.671000,売り,132.43000,132.48000,1.00,-5.00,2220.00,水平線手前,損切,支持抵抗,0,132.43000
2023-02-01,2023-02-28,20260209_063818,20260209_063818-0014,2023-02-14 22:30:09.690000,2023-02-14 22:30:12.405000,売り,132.87700,132.77700,1.00,10.00,2230.00,水平線手前,利確,支持抵抗,0,132.87700
2023-02-01,2023-02-28,20260209_063818,20260209_063818-0015,2023-02-14 22:30:10.253000,2023-02-14 22:30:12.405000,売り,132.88700,132.78700,1.00,10.00,2240.00,水平線手前,利確,支持抵抗,0,132.88700
2023-02-01,2023-02-28,20260209_063818,20260209_063818-0016,2023-02-14 22:32:53.599000,2023-02-14 22:32:56.615000,買い,131.82300,131.77300,1.00,-5.00,2235.00,水平線手前,損切,支持抵抗,0,131.82300
2023-02-01,2023-02-28,20260209_063818,20260209_063818-0017,2023-02-14 22:33:33.272000,2023-02-14 22:33:53.350000,買い,131.53500,131.63500,1.00,10.00,2245.00,水平線手前,利確,支持抵抗,0,131.53500
2023-02-01,2023-02-28,20260209_063818,20260209_063818-0018,2023-02-14 23:31:36.543000,2023-02-14 23:34:34.086000,売り,133.11200,133.01200,1.00,10.00,2255.00,水平線手前,利確,支持抵抗,0,133.11200
2023-02-01,2023-02-28,20260209_063818,20260209_063818-0019,2023-02-16 11:22:25.127000,2023-02-16 11:23:25.426000,買い,133.67400,133.77400,1.00,10.00,2265.00,水平線手前,利確,支持抵抗,0,133.67400
2023-02-01,2023-02-28,20260209_063818,20260209_063818-0020,2023-02-16 22:30:03.114000,2023-02-16 22:30:03.674000,売り,134.16000,134.21000,1.00,-5.00,2260.00,水平線手前,損切,支持抵抗,0,134.16000
2023-02-01,2023-02-28,20260209_063818,20260209_063818-0021,2023-02-21 23:45:00.457000,2023-02-21 23:45:42.424000,売り,135.01700,134.91700,1.00,10.00,2270.00,水平線手前,利確,支持抵抗,0,135.01700
2023-02-01,2023-02-28,20260209_063818,20260209_063818-0022,2023-02-23 22:30:16.749000,2023-02-23 22:30:25.511000,売り,135.04600,135.09600,1.00,-5.00,2265.00,水平線手前,損切,支持抵抗,0,135.04600
2023-02-01,2023-02-28,20260209_063818,20260209_063818-0023,2023-02-23 22:30:31.033000,2023-02-23 22:30:31.136000,売り,135.20300,135.25300,1.00,-5.00,2260.00,水平線手前,損切,支持抵抗,0,135.20300
2023-02-01,2023-02-28,20260209_063818,20260209_063818-0024,2023-02-23 22:30:32.315000,2023-02-23 22:30:43.136000,売り,135.19800,135.24800,1.00,-5.00,2255.00,水平線手前,損切,支持抵抗,0,135.19800
2023-02-01,2023-02-28,20260209_063818,20260209_063818-0025,2023-02-24 22:30:22.107000,2023-02-24 22:30:24.376000,売り,135.66900,135.71900,1.00,-5.00,2250.00,水平線手前,損切,支持抵抗,0,135.66900
2023-02-01,2023-02-28,20260209_063818,20260209_063818-0026,2023-02-24 22:30:27.741000,2023-02-24 22:30:41.964000,売り,135.95600,135.85600,1.00,10.00,2260.00,水平線手前,利確,支持抵抗,0,135.95600
2023-03-01,2023-03-31,20260209_064026,20260209_064026-0001,2023-03-08 00:00:07.717000,2023-03-08 00:00:09.067000,売り,136.31100,136.36100,1.00,-5.00,2255.00,水平線手前,損切,支持抵抗,0,136.31100
2023-03-01,2023-03-31,20260209_064026,20260209_064026-0002,2023-03-08 00:00:09.835000,2023-03-08 00:00:33.720000,売り,136.39600,136.44600,1.00,-5.00,2250.00,水平線手前,損切,支持抵抗,0,136.39600
2023-03-01,2023-03-31,20260209_064026,20260209_064026-0003,2023-03-09 22:30:04.380000,2023-03-09 22:30:06.483000,買い,136.04600,136.14600,1.00,10.00,2260.00,水平線手前,利確,支持抵抗,0,136.04600
2023-03-01,2023-03-31,20260209_064026,20260209_064026-0004,2023-03-10 11:30:07.423000,2023-03-10 11:30:07.576000,売り,136.45500,136.50500,1.00,-5.00,2255.00,水平線手前,損切,支持抵抗,0,136.45500
2023-03-01,2023-03-31,20260209_064026,20260209_064026-0005,2023-03-10 22:31:35.160000,2023-03-10 22:31:48.581000,買い,135.88700,135.98700,1.00,10.00,2265.00,水平線手前,利確,支持抵抗,0,135.88700
2023-03-01,2023-03-31,20260209_064026,20260209_064026-0006,2023-03-10 22:31:34.224000,2023-03-10 22:31:49.498000,買い,135.90400,136.00400,1.00,10.00,2275.00,水平線手前,利確,支持抵抗,0,135.90400
2023-03-01,2023-03-31,20260209_064026,20260209_064026-0007,2023-03-14 21:30:00.833000,2023-03-14 21:30:01.037000,売り,134.31900,134.36900,1.00,-5.00,2270.00,水平線手前,損切,支持抵抗,0,134.31900
2023-03-01,2023-03-31,20260209_064026,20260209_064026-0008,2023-03-15 21:30:01.648000,2023-03-15 21:30:04.046000,買い,132.98500,132.93500,1.00,-5.00,2265.00,水平線手前,損切,支持抵抗,0,132.98500
2023-03-01,2023-03-31,20260209_064026,20260209_064026-0009,2023-03-15 21:30:14.647000,2023-03-15 21:30:31.973000,買い,132.66900,132.61900,1.00,-5.00,2260.00,水平線手前,損切,支持抵抗,0,132.66900
2023-03-01,2023-03-31,20260209_064026,20260209_064026-0010,2023-03-16 21:43:13.510000,2023-03-16 21:43:18.408000,買い,132.24400,132.19400,1.00,-5.00,2255.00,水平線手前,損切,支持抵抗,0,132.24400
2023-03-01,2023-03-31,20260209_064026,20260209_064026-0011,2023-03-16 21:43:18.235000,2023-03-16 21:43:29.260000,買い,132.20900,132.30900,1.00,10.00,2265.00,水平線手前,利確,支持抵抗,0,132.20900
2023-03-01,2023-03-31,20260209_064026,20260209_064026-0012,2023-03-23 03:00:01.170000,2023-03-23 03:00:01.221000,買い,132.28800,132.23800,1.00,-5.00,2260.00,水平線手前,損切,支持抵抗,0,132.28800
2023-03-01,2023-03-31,20260209_064026,20260209_064026-0013,2023-03-24 04:00:53.498000,2023-03-24 04:01:27.326000,売り,131.01300,130.91300,1.00,10.00,2270.00,水平線手前,利確,支持抵抗,0,131.01300
2023-03-01,2023-03-31,20260209_064026,20260209_064026-0014,2023-03-24 04:07:37.237000,2023-03-24 04:07:48.438000,買い,130.50000,130.45000,1.00,-5.00,2265.00,水平線手前,損切,支持抵抗,0,130.50000
2023-03-01,2023-03-31,20260209_064026,20260209_064026-0015,2023-03-24 04:07:58.142000,2023-03-24 04:09:04.538000,買い,130.35600,130.45600,1.00,10.00,2275.00,水平線手前,利確,支持抵抗,0,130.35600
2023-04-01,2023-04-30,20260209_064156,20260209_064156-0001,2023-04-03 23:00:00.349000,2023-04-03 23:00:01.117000,買い,132.57900,132.52900,1.00,-5.00,2270.00,水平線手前,損切,支持抵抗,0,132.57900
2023-04-01,2023-04-30,20260209_064156,20260209_064156-0002,2023-04-04 23:00:01.325000,2023-04-04 23:00:02.216000,買い,132.51400,132.46400,1.00,-5.00,2265.00,水平線手前,損切,支持抵抗,0,132.51400
2023-04-01,2023-04-30,20260209_064156,20260209_064156-0003,2023-04-05 21:15:02.298000,2023-04-05 21:15:02.810000,買い,131.26600,131.21600,1.00,-5.00,2260.00,水平線手前,損切,支持抵抗,0,131.26600
2023-04-01,2023-04-30,20260209_064156,20260209_064156-0004,2023-04-05 22:45:00.625000,2023-04-05 22:47:30.248000,買い,130.94200,131.04200,1.00,10.00,2270.00,水平線手前,利確,支持抵抗,0,130.94200
2023-04-01,2023-04-30,20260209_064156,20260209_064156-0005,2023-04-05 22:45:00.521000,2023-04-05 22:47:30.503000,買い,130.95100,131.05100,1.00,10.00,2280.00,水平線手前,利確,支持抵抗,0,130.95100
2023-04-01,2023-04-30,20260209_064156,20260209_064156-0006,2023-04-05 23:00:00.834000,2023-04-05 23:00:11.900000,買い,130.63500,130.73500,1.00,10.00,2290.00,水平線手前,利確,支持抵抗,0,130.63500
2023-04-01,2023-04-30,20260209_064156,20260209_064156-0007,2023-04-06 21:30:05.012000,2023-04-06 21:30:08.029000,買い,130.98300,131.08300,1.00,10.00,2300.00,水平線手前,利確,支持抵抗,0,130.98300
2023-04-01,2023-04-30,20260209_064156,20260209_064156-0008,2023-04-07 21:30:02.921000,2023-04-07 21:30:05.407000,売り,131.93200,131.98200,1.00,-5.00,2295.00,水平線手前,損切,支持抵抗,0,131.93200
2023-04-01,2023-04-30,20260209_064156,20260209_064156-0009,2023-04-07 21:30:04.037000,2023-04-07 21:30:12.390000,売り,131.95300,132.00300,1.00,-5.00,2290.00,水平線手前,損切,支持抵抗,0,131.95300
2023-04-01,2023-04-30,20260209_064156,20260209_064156-0010,2023-04-12 21:30:01.123000,2023-04-12 21:30:01.582000,買い,133.57700,133.52700,1.00,-5.00,2285.00,水平線手前,損切,支持抵抗,0,133.57700
2023-04-01,2023-04-30,20260209_064156,20260209_064156-0011,2023-04-12 21:31:15.853000,2023-04-12 21:31:34.271000,買い,133.01100,132.96100,1.00,-5.00,2280.00,水平線手前,損切,支持抵抗,0,133.01100
2023-04-01,2023-04-30,20260209_064156,20260209_064156-0012,2023-04-13 21:30:01.984000,2023-04-13 21:30:02.087000,買い,132.89500,132.84500,1.00,-5.00,2275.00,水平線手前,損切,支持抵抗,0,132.89500
2023-04-01,2023-04-30,20260209_064156,20260209_064156-0013,2023-04-13 21:30:02.291000,2023-04-13 21:30:13.162000,買い,132.80100,132.90100,1.00,10.00,2285.00,水平線手前,利確,支持抵抗,0,132.80100
2023-04-01,2023-04-30,20260209_064156,20260209_064156-0014,2023-04-14 21:30:08.144000,2023-04-14 21:30:15.338000,買い,132.20500,132.30500,1.00,10.00,2295.00,水平線手前,利確,支持抵抗,0,132.20500
2023-04-01,2023-04-30,20260209_064156,20260209_064156-0015,2023-04-14 21:30:57.470000,2023-04-14 21:30:58.956000,売り,132.77600,132.82600,1.00,-5.00,2290.00,水平線手前,損切,支持抵抗,0,132.77600
2023-04-01,2023-04-30,20260209_064156,20260209_064156-0016,2023-04-14 23:00:00.247000,2023-04-14 23:00:02.167000,売り,133.20800,133.25800,1.00,-5.00,2285.00,水平線手前,損切,支持抵抗,0,133.20800
2023-04-01,2023-04-30,20260209_064156,20260209_064156-0017,2023-04-14 23:00:17.924000,2023-04-14 23:00:30.508000,売り,133.36200,133.41200,1.00,-5.00,2280.00,水平線手前,損切,支持抵抗,0,133.36200
2023-04-01,2023-04-30,20260209_064156,20260209_064156-0018,2023-04-19 18:52:22.192000,2023-04-19 18:52:33.446000,売り,135.10700,135.00700,1.00,10.00,2290.00,水平線手前,利確,支持抵抗,0,135.10700
2023-04-01,2023-04-30,20260209_064156,20260209_064156-0019,2023-04-20 21:30:18.867000,2023-04-20 21:30:43.227000,買い,134.41700,134.36700,1.00,-5.00,2285.00,水平線手前,損切,支持抵抗,0,134.41700
2023-04-01,2023-04-30,20260209_064156,20260209_064156-0020,2023-04-21 22:45:00.617000,2023-04-21 22:45:00.930000,売り,133.90900,133.95900,1.00,-5.00,2280.00,水平線手前,損切,支持抵抗,0,133.90900
2023-04-01,2023-04-30,20260209_064156,20260209_064156-0021,2023-04-26 21:30:02.622000,2023-04-26 21:30:10.268000,売り,133.82300,133.87300,1.00,-5.00,2275.00,水平線手前,損切,支持抵抗,0,133.82300
2023-04-01,2023-04-30,20260209_064156,20260209_064156-0022,2023-04-26 21:30:10.472000,2023-04-26 21:30:15.092000,売り,133.88400,133.93400,1.00,-5.00,2270.00,水平線手前,損切,支持抵抗,0,133.88400
2023-04-01,2023-04-30,20260209_064156,20260209_064156-0023,2023-04-26 21:30:13.953000,2023-04-26 21:31:14.645000,売り,133.92200,133.82200,1.00,10.00,2280.00,水平線手前,利確,支持抵抗,0,133.92200
2023-04-01,2023-04-30,20260209_064156,20260209_064156-0024,2023-04-27 21:30:09.994000,2023-04-27 21:30:13.713000,買い,133.23200,133.33200,1.00,10.00,2290.00,水平線手前,利確,支持抵抗,0,133.23200
2023-04-01,2023-04-30,20260209_064156,20260209_064156-0025,2023-04-28 12:24:40.643000,2023-04-28 12:24:40.695000,買い,133.62100,133.57100,1.00,-5.00,2285.00,水平線手前,損切,支持抵抗,0,133.62100
2023-04-01,2023-04-30,20260209_064156,20260209_064156-0026,2023-04-28 12:24:41.978000,2023-04-28 12:24:43.565000,買い,133.37400,133.47400,1.00,10.00,2295.00,水平線手前,利確,支持抵抗,0,133.37400
2023-04-01,2023-04-30,20260209_064156,20260209_064156-0027,2023-04-28 13:00:21.765000,2023-04-28 13:00:21.969000,売り,134.26600,134.31600,1.00,-5.00,2290.00,水平線手前,損切,支持抵抗,0,134.26600
2023-04-01,2023-04-30,20260209_064156,20260209_064156-0028,2023-04-28 13:03:00.530000,2023-04-28 13:03:07.131000,売り,134.45000,134.50000,1.00,-5.00,2285.00,水平線手前,損切,支持抵抗,0,134.45000
2023-04-01,2023-04-30,20260209_064156,20260209_064156-0029,2023-04-28 13:03:01.294000,2023-04-28 13:03:07.131000,売り,134.45100,134.50100,1.00,-5.00,2280.00,水平線手前,損切,支持抵抗,0,134.45100
2023-05-01,2023-05-31,20260209_064329,20260209_064329-0001,2023-05-01 23:00:05.522000,2023-05-01 23:00:13.809000,売り,136.95500,137.00500,1.00,-5.00,2275.00,水平線手前,損切,支持抵抗,0,136.95500
2023-05-01,2023-05-31,20260209_064329,20260209_064329-0002,2023-05-02 23:00:01.324000,2023-05-02 23:00:01.987000,買い,137.26400,137.21400,1.00,-5.00,2270.00,水平線手前,損切,支持抵抗,0,137.26400
2023-05-01,2023-05-31,20260209_064329,20260209_064329-0003,2023-05-03 21:15:07.095000,2023-05-03 21:15:09.840000,売り,135.91400,135.81400,1.00,10.00,2280.00,水平線手前,利確,支持抵抗,0,135.91400
2023-05-01,2023-05-31,20260209_064329,20260209_064329-0004,2023-05-04 03:38:42.956000,2023-05-04 03:39:07.261000,売り,135.68700,135.58700,1.00,10.00,2290.00,水平線手前,利確,支持抵抗,0,135.68700
2023-05-01,2023-05-31,20260209_064329,20260209_064329-0005,2023-05-05 21:30:01.175000,2023-05-05 21:30:01.277000,売り,134.42900,134.47900,1.00,-5.00,2285.00,水平線手前,損切,支持抵抗,0,134.42900
2023-05-01,2023-05-31,20260209_064329,20260209_064329-0006,2023-05-05 21:30:05.357000,2023-05-05 21:30:07.348000,売り,134.85200,134.90200,1.00,-5.00,2280.00,水平線手前,損切,支持抵抗,0,134.85200
2023-05-01,2023-05-31,20260209_064329,20260209_064329-0007,2023-05-10 21:30:00.208000,2023-05-10 21:30:00.310000,買い,135.06300,135.01300,1.00,-5.00,2275.00,水平線手前,損切,支持抵抗,0,135.06300
2023-05-01,2023-05-31,20260209_064329,20260209_064329-0008,2023-05-10 21:30:01.517000,2023-05-10 21:30:06.126000,買い,134.79700,134.89700,1.00,10.00,2285.00,水平線手前,利確,支持抵抗,0,134.79700
2023-05-01,2023-05-31,20260209_064329,20260209_064329-0009,2023-05-10 21:30:31.536000,2023-05-10 21:30:34.305000,買い,134.71500,134.81500,1.00,10.00,2295.00,水平線手前,利確,支持抵抗,0,134.71500
2023-05-01,2023-05-31,20260209_064329,20260209_064329-0010,2023-05-11 21:30:13.267000,2023-05-11 21:30:17.358000,買い,133.93200,133.88200,1.00,-5.00,2290.00,水平線手前,損切,支持抵抗,0,133.93200
2023-05-01,2023-05-31,20260209_064329,20260209_064329-0011,2023-05-11 21:30:15.970000,2023-05-11 21:30:22.035000,買い,133.91400,133.86400,1.00,-5.00,2285.00,水平線手前,損切,支持抵抗,0,133.91400
2023-05-01,2023-05-31,20260209_064329,20260209_064329-0012,2023-05-12 23:00:00.234000,2023-05-12 23:00:10.406000,売り,135.02000,134.92000,1.00,10.00,2295.00,水平線手前,利確,支持抵抗,0,135.02000
2023-05-01,2023-05-31,20260209_064329,20260209_064329-0013,2023-05-16 21:30:00.711000,2023-05-16 21:30:13.973000,買い,135.70900,135.80900,1.00,10.00,2305.00,水平線手前,利確,支持抵抗,0,135.70900
2023-05-01,2023-05-31,20260209_064329,20260209_064329-0014,2023-05-16 21:30:00.609000,2023-05-16 21:30:14.614000,買い,135.72100,135.82100,1.00,10.00,2315.00,水平線手前,利確,支持抵抗,0,135.72100
2023-05-01,2023-05-31,20260209_064329,20260209_064329-0015,2023-05-18 21:30:15.403000,2023-05-18 21:30:17.777000,売り,137.91000,137.96000,1.00,-5.00,2310.00,水平線手前,損切,支持抵抗,0,137.91000
2023-05-01,2023-05-31,20260209_064329,20260209_064329-0016,2023-05-31 23:00:01.481000,2023-05-31 23:00:01.537000,売り,139.89600,139.94600,1.00,-5.00,2305.00,水平線手前,損切,支持抵抗,0,139.89600
2023-05-01,2023-05-31,20260209_064329,20260209_064329-0017,2023-05-31 23:00:02.266000,2023-05-31 23:00:02.624000,売り,140.05300,140.10300,1.00,-5.00,2300.00,水平線手前,損切,支持抵抗,0,140.05300
2023-05-01,2023-05-31,20260209_064329,20260209_064329-0018,2023-05-31 23:00:02.624000,2023-05-31 23:00:03.226000,売り,140.10500,140.15500,1.00,-5.00,2295.00,水平線手前,損切,支持抵抗,0,140.10500
2023-05-01,2023-05-31,20260209_064329,20260209_064329-0019,2023-05-31 23:00:05.741000,2023-05-31 23:00:07.634000,売り,140.37800,140.27800,1.00,10.00,2305.00,水平線手前,利確,支持抵抗,0,140.37800
2023-06-01,2023-06-30,20260209_064447,20260209_064447-0001,2023-06-01 21:15:01.651000,2023-06-01 21:15:04.575000,売り,139.86200,139.76200,1.00,10.00,2315.00,水平線手前,利確,支持抵抗,0,139.86200
2023-06-01,2023-06-30,20260209_064447,20260209_064447-0002,2023-06-01 23:00:11.669000,2023-06-01 23:00:15.972000,買い,138.45000,138.55000,1.00,10.00,2325.00,水平線手前,利確,支持抵抗,0,138.45000
2023-06-01,2023-06-30,20260209_064447,20260209_064447-0003,2023-06-02 21:30:01.715000,2023-06-02 21:30:01.921000,売り,139.17700,139.22700,1.00,-5.00,2320.00,水平線手前,損切,支持抵抗,0,139.17700
2023-06-01,2023-06-30,20260209_064447,20260209_064447-0004,2023-06-02 21:30:08.299000,2023-06-02 21:30:11.443000,売り,139.42700,139.32700,1.00,10.00,2330.00,水平線手前,利確,支持抵抗,0,139.42700
2023-06-01,2023-06-30,20260209_064447,20260209_064447-0005,2023-06-02 21:34:49.268000,2023-06-02 21:35:09.494000,買い,138.76600,138.86600,1.00,10.00,2340.00,水平線手前,利確,支持抵抗,0,138.76600
2023-06-01,2023-06-30,20260209_064447,20260209_064447-0006,2023-06-05 23:00:00.142000,2023-06-05 23:00:00.244000,買い,139.77600,139.72600,1.00,-5.00,2335.00,水平線手前,損切,支持抵抗,0,139.77600
2023-06-01,2023-06-30,20260209_064447,20260209_064447-0007,2023-06-13 21:30:01.210000,2023-06-13 21:30:01.261000,売り,139.62700,139.67700,1.00,-5.00,2330.00,水平線手前,損切,支持抵抗,0,139.62700
2023-06-01,2023-06-30,20260209_064447,20260209_064447-0008,2023-06-13 21:30:01.363000,2023-06-13 21:30:01.721000,売り,139.75100,139.80100,1.00,-5.00,2325.00,水平線手前,損切,支持抵抗,0,139.75100
2023-06-01,2023-06-30,20260209_064447,20260209_064447-0009,2023-06-13 21:30:02.205000,2023-06-13 21:30:02.408000,売り,139.84200,139.89200,1.00,-5.00,2320.00,水平線手前,損切,支持抵抗,0,139.84200
2023-06-01,2023-06-30,20260209_064447,20260209_064447-0010,2023-06-13 21:30:03.228000,2023-06-13 21:30:04.777000,売り,139.98100,139.88100,1.00,10.00,2330.00,水平線手前,利確,支持抵抗,0,139.98100
2023-06-01,2023-06-30,20260209_064447,20260209_064447-0011,2023-06-13 21:30:12.591000,2023-06-13 21:30:12.745000,買い,139.34600,139.29600,1.00,-5.00,2325.00,水平線手前,損切,支持抵抗,0,139.34600
2023-06-01,2023-06-30,20260209_064447,20260209_064447-0012,2023-06-13 21:30:13.664000,2023-06-13 21:30:17.102000,買い,139.09000,139.19000,1.00,10.00,2335.00,水平線手前,利確,支持抵抗,0,139.09000
2023-06-01,2023-06-30,20260209_064447,20260209_064447-0013,2023-06-13 21:30:27.150000,2023-06-13 21:30:28.332000,買い,139.09800,139.19800,1.00,10.00,2345.00,水平線手前,利確,支持抵抗,0,139.09800
2023-06-01,2023-06-30,20260209_064447,20260209_064447-0014,2023-06-13 21:30:27.459000,2023-06-13 21:30:28.332000,買い,139.07200,139.17200,1.00,10.00,2355.00,水平線手前,利確,支持抵抗,0,139.07200
2023-06-01,2023-06-30,20260209_064447,20260209_064447-0015,2023-06-16 23:00:14.981000,2023-06-16 23:00:28.251000,買い,140.94900,141.04900,1.00,10.00,2365.00,水平線手前,利確,支持抵抗,0,140.94900
2023-06-01,2023-06-30,20260209_064447,20260209_064447-0016,2023-06-23 22:45:00.198000,2023-06-23 22:45:00.249000,買い,142.79900,142.74900,1.00,-5.00,2360.00,水平線手前,損切,支持抵抗,0,142.79900
2023-06-01,2023-06-30,20260209_064447,20260209_064447-0017,2023-06-23 22:45:00.595000,2023-06-23 22:45:06.195000,買い,142.72500,142.82500,1.00,10.00,2370.00,水平線手前,利確,支持抵抗,0,142.72500
2023-06-01,2023-06-30,20260209_064447,20260209_064447-0018,2023-06-27 23:00:01.989000,2023-06-27 23:01:00.235000,売り,143.63900,143.68900,1.00,-5.00,2365.00,水平線手前,損切,支持抵抗,0,143.63900
2023-06-01,2023-06-30,20260209_064447,20260209_064447-0019,2023-06-29 16:36:23.247000,2023-06-29 16:36:32.890000,買い,144.17000,144.27000,1.00,10.00,2375.00,水平線手前,利確,支持抵抗,0,144.17000
2023-07-01,2023-07-31,20260209_064600,20260209_064600-0001,2023-07-03 23:00:00.113000,2023-07-03 23:00:00.164000,買い,144.23300,144.18300,1.00,-5.00,2370.00,水平線手前,損切,支持抵抗,0,144.23300
2023-07-01,2023-07-31,20260209_064600,20260209_064600-0002,2023-07-06 23:00:05.020000,2023-07-06 23:00:05.175000,売り,144.54900,144.59900,1.00,-5.00,2365.00,水平線手前,損切,支持抵抗,0,144.54900
2023-07-01,2023-07-31,20260209_064600,20260209_064600-0003,2023-07-07 21:29:59.790000,2023-07-07 21:29:59.996000,買い,142.88400,142.83400,1.00,-5.00,2360.00,水平線手前,損切,支持抵抗,0,142.88400
2023-07-01,2023-07-31,20260209_064600,20260209_064600-0004,2023-07-07 21:30:11.001000,2023-07-07 21:30:28.596000,買い,142.61600,142.71600,1.00,10.00,2370.00,水平線手前,利確,支持抵抗,0,142.61600
2023-07-01,2023-07-31,20260209_064600,20260209_064600-0005,2023-07-12 21:30:01.246000,2023-07-12 21:30:02.287000,買い,139.12600,139.07600,1.00,-5.00,2365.00,水平線手前,損切,支持抵抗,0,139.12600
2023-07-01,2023-07-31,20260209_064600,20260209_064600-0006,2023-07-13 21:30:12.279000,2023-07-13 21:30:32.939000,買い,138.26700,138.36700,1.00,10.00,2375.00,水平線手前,利確,支持抵抗,0,138.26700
2023-07-01,2023-07-31,20260209_064600,20260209_064600-0007,2023-07-13 21:35:03.525000,2023-07-13 21:35:30.619000,売り,138.92700,138.82700,1.00,10.00,2385.00,水平線手前,利確,支持抵抗,0,138.92700
2023-07-01,2023-07-31,20260209_064600,20260209_064600-0008,2023-07-18 21:30:04.629000,2023-07-18 21:30:04.836000,買い,138.12100,138.07100,1.00,-5.00,2380.00,水平線手前,損切,支持抵抗,0,138.12100
2023-07-01,2023-07-31,20260209_064600,20260209_064600-0009,2023-07-18 21:30:05.250000,2023-07-18 21:30:13.868000,買い,138.12300,138.07300,1.00,-5.00,2375.00,水平線手前,損切,支持抵抗,0,138.12300
2023-07-01,2023-07-31,20260209_064600,20260209_064600-0010,2023-07-18 21:32:49.211000,2023-07-18 21:32:51.214000,売り,138.37600,138.42600,1.00,-5.00,2370.00,水平線手前,損切,支持抵抗,0,138.37600
2023-07-01,2023-07-31,20260209_064600,20260209_064600-0011,2023-07-18 22:46:19.981000,2023-07-18 22:46:22.043000,売り,138.60200,138.65200,1.00,-5.00,2365.00,水平線手前,損切,支持抵抗,0,138.60200
2023-07-01,2023-07-31,20260209_064600,20260209_064600-0012,2023-07-20 21:30:13.050000,2023-07-20 21:31:03.439000,売り,139.88800,139.78800,1.00,10.00,2375.00,水平線手前,利確,支持抵抗,0,139.88800
2023-07-01,2023-07-31,20260209_064600,20260209_064600-0013,2023-07-21 16:35:03.725000,2023-07-21 16:35:24.793000,売り,140.93200,140.98200,1.00,-5.00,2370.00,水平線手前,損切,支持抵抗,0,140.93200
2023-07-01,2023-07-31,20260209_064600,20260209_064600-0014,2023-07-24 16:15:06.686000,2023-07-24 16:15:55.278000,買い,141.37600,141.32600,1.00,-5.00,2365.00,水平線手前,損切,支持抵抗,0,141.37600
2023-07-01,2023-07-31,20260209_064600,20260209_064600-0015,2023-07-24 18:05:06.971000,2023-07-24 18:05:07.283000,買い,141.25700,141.20700,1.00,-5.00,2360.00,水平線手前,損切,支持抵抗,0,141.25700
2023-07-01,2023-07-31,20260209_064600,20260209_064600-0016,2023-07-24 18:05:07.647000,2023-07-24 18:05:10.276000,買い,141.21200,141.31200,1.00,10.00,2370.00,水平線手前,利確,支持抵抗,0,141.21200
2023-07-01,2023-07-31,20260209_064600,20260209_064600-0017,2023-07-24 22:45:00.475000,2023-07-24 22:45:03.548000,売り,141.24900,141.14900,1.00,10.00,2380.00,水平線手前,利確,支持抵抗,0,141.24900
2023-07-01,2023-07-31,20260209_064600,20260209_064600-0018,2023-07-24 22:46:16.181000,2023-07-24 22:46:19.724000,買い,140.88300,140.83300,1.00,-5.00,2375.00,水平線手前,損切,支持抵抗,0,140.88300
2023-07-01,2023-07-31,20260209_064600,20260209_064600-0019,2023-07-24 22:46:21.373000,2023-07-24 22:46:44.840000,買い,140.76900,140.86900,1.00,10.00,2385.00,水平線手前,利確,支持抵抗,0,140.76900
2023-07-01,2023-07-31,20260209_064600,20260209_064600-0020,2023-07-25 20:20:42.963000,2023-07-25 20:21:21.138000,売り,141.72900,141.62900,1.00,10.00,2395.00,水平線手前,利確,支持抵抗,0,141.72900
2023-07-01,2023-07-31,20260209_064600,20260209_064600-0021,2023-07-25 23:37:15.764000,2023-07-25 23:37:17.770000,買い,141.14800,141.09800,1.00,-5.00,2390.00,水平線手前,損切,支持抵抗,0,141.14800
2023-07-01,2023-07-31,20260209_064600,20260209_064600-0022,2023-07-27 21:30:08.896000,2023-07-27 21:30:12.502000,売り,140.45700,140.50700,1.00,-5.00,2385.00,水平線手前,損切,支持抵抗,0,140.45700
2023-07-01,2023-07-31,20260209_064600,20260209_064600-0023,2023-07-28 02:06:28.906000,2023-07-28 02:06:38.060000,買い,139.82700,139.92700,1.00,10.00,2395.00,水平線手前,利確,支持抵抗,0,139.82700
2023-07-01,2023-07-31,20260209_064600,20260209_064600-0024,2023-07-28 12:28:37.563000,2023-07-28 12:28:37.696000,買い,138.73600,138.68600,1.00,-5.00,2390.00,水平線手前,損切,支持抵抗,0,138.73600
2023-07-01,2023-07-31,20260209_064600,20260209_064600-0025,2023-07-28 12:28:37.903000,2023-07-28 12:28:38.266000,買い,138.58600,138.53600,1.00,-5.00,2385.00,水平線手前,損切,支持抵抗,0,138.58600
2023-07-01,2023-07-31,20260209_064600,20260209_064600-0026,2023-07-28 12:28:38.526000,2023-07-28 12:28:39.095000,買い,138.48900,138.58900,1.00,10.00,2395.00,水平線手前,利確,支持抵抗,0,138.48900
2023-07-01,2023-07-31,20260209_064600,20260209_064600-0027,2023-07-28 12:36:47.613000,2023-07-28 12:36:49.640000,売り,141.06900,140.96900,1.00,10.00,2405.00,水平線手前,利確,支持抵抗,0,141.06900
2023-07-01,2023-07-31,20260209_064600,20260209_064600-0028,2023-07-28 13:14:47.936000,2023-07-28 13:15:48.853000,買い,138.09100,138.19100,1.00,10.00,2415.00,水平線手前,利確,支持抵抗,0,138.09100
2023-08-01,2023-08-31,20260209_064726,20260209_064726-0001,2023-08-01 23:05:01.817000,2023-08-01 23:05:35.807000,売り,143.31300,143.36300,1.00,-5.00,2410.00,水平線手前,損切,支持抵抗,0,143.31300
2023-08-01,2023-08-31,20260209_064726,20260209_064726-0002,2023-08-03 13:04:15.913000,2023-08-03 13:04:34.893000,売り,143.71100,143.61100,1.00,10.00,2420.00,水平線手前,利確,支持抵抗,0,143.71100
2023-08-01,2023-08-31,20260209_064726,20260209_064726-0003,2023-08-03 21:30:02.047000,2023-08-03 21:30:02.203000,買い,142.72000,142.67000,1.00,-5.00,2415.00,水平線手前,損切,支持抵抗,0,142.72000
2023-08-01,2023-08-31,20260209_064726,20260209_064726-0004,2023-08-04 21:30:01.621000,2023-08-04 21:30:04.302000,売り,142.88700,142.78700,1.00,10.00,2425.00,水平線手前,利確,支持抵抗,0,142.88700
2023-08-01,2023-08-31,20260209_064726,20260209_064726-0005,2023-08-04 21:30:07.158000,2023-08-04 21:30:09.152000,買い,142.32100,142.42100,1.00,10.00,2435.00,水平線手前,利確,支持抵抗,0,142.32100
2023-08-01,2023-08-31,20260209_064726,20260209_064726-0006,2023-08-10 21:30:13.543000,2023-08-10 21:30:28.950000,買い,143.32000,143.42000,1.00,10.00,2445.00,水平線手前,利確,支持抵抗,0,143.32000
2023-08-01,2023-08-31,20260209_064726,20260209_064726-0007,2023-08-11 23:00:01.023000,2023-08-11 23:00:03.482000,買い,144.42700,144.52700,1.00,10.00,2455.00,水平線手前,利確,支持抵抗,0,144.42700
2023-08-01,2023-08-31,20260209_064726,20260209_064726-0008,2023-08-15 21:30:13.107000,2023-08-15 21:34:46.733000,売り,145.79600,145.69600,1.00,10.00,2465.00,水平線手前,利確,支持抵抗,0,145.79600
2023-08-01,2023-08-31,20260209_064726,20260209_064726-0009,2023-08-17 21:30:25.181000,2023-08-17 21:35:37.468000,買い,145.82700,145.77700,1.00,-5.00,2460.00,水平線手前,損切,支持抵抗,0,145.82700
2023-08-01,2023-08-31,20260209_064726,20260209_064726-0010,2023-08-23 22:45:15.255000,2023-08-23 22:45:16.616000,買い,144.88900,144.83900,1.00,-5.00,2455.00,水平線手前,損切,支持抵抗,0,144.88900
2023-08-01,2023-08-31,20260209_064726,20260209_064726-0011,2023-08-25 23:02:29.444000,2023-08-25 23:02:30.189000,売り,146.21100,146.26100,1.00,-5.00,2450.00,水平線手前,損切,支持抵抗,0,146.21100
2023-08-01,2023-08-31,20260209_064726,20260209_064726-0012,2023-08-25 23:02:29.709000,2023-08-25 23:02:30.245000,売り,146.22800,146.27800,1.00,-5.00,2445.00,水平線手前,損切,支持抵抗,0,146.22800
2023-08-01,2023-08-31,20260209_064726,20260209_064726-0013,2023-08-25 23:03:02.487000,2023-08-25 23:03:05.049000,買い,145.89100,145.84100,1.00,-5.00,2440.00,水平線手前,損切,支持抵抗,0,145.89100
2023-08-01,2023-08-31,20260209_064726,20260209_064726-0014,2023-08-25 23:03:53.633000,2023-08-25 23:05:41.899000,買い,145.75900,145.85900,1.00,10.00,2450.00,水平線手前,利確,支持抵抗,0,145.75900
2023-08-01,2023-08-31,20260209_064726,20260209_064726-0015,2023-08-31 21:30:19.023000,2023-08-31 21:30:19.578000,買い,145.75600,145.70600,1.00,-5.00,2445.00,水平線手前,損切,支持抵抗,0,145.75600
2023-08-01,2023-08-31,20260209_064726,20260209_064726-0016,2023-08-31 22:42:00.401000,2023-08-31 22:42:40.291000,売り,146.20300,146.10300,1.00,10.00,2455.00,水平線手前,利確,支持抵抗,0,146.20300
2023-08-01,2023-08-31,20260209_064726,20260209_064726-0017,2023-08-31 22:42:00.253000,2023-08-31 22:42:43.144000,売り,146.19400,146.09400,1.00,10.00,2465.00,水平線手前,利確,支持抵抗,0,146.19400
2023-09-01,2023-09-30,20260209_064826,20260209_064826-0001,2023-09-01 23:00:00.461000,2023-09-01 23:00:17.432000,売り,145.63600,145.68600,1.00,-5.00,2460.00,水平線手前,損切,支持抵抗,0,145.63600
2023-09-01,2023-09-30,20260209_064826,20260209_064826-0002,2023-09-13 21:30:00.473000,2023-09-13 21:30:01.182000,買い,147.22400,147.32400,1.00,10.00,2470.00,水平線手前,利確,支持抵抗,0,147.22400
2023-09-01,2023-09-30,20260209_064826,20260209_064826-0003,2023-09-13 21:30:01.182000,2023-09-13 21:30:01.442000,売り,147.55300,147.60300,1.00,-5.00,2465.00,水平線手前,損切,支持抵抗,0,147.55300
2023-09-01,2023-09-30,20260209_064826,20260209_064826-0004,2023-09-13 21:30:27.268000,2023-09-13 21:30:51.715000,売り,147.71600,147.61600,1.00,10.00,2475.00,水平線手前,利確,支持抵抗,0,147.71600
2023-09-01,2023-09-30,20260209_064826,20260209_064826-0005,2023-09-15 14:01:08.727000,2023-09-15 14:01:18.079000,売り,147.51200,147.56200,1.00,-5.00,2470.00,水平線手前,損切,支持抵抗,0,147.51200
2023-09-01,2023-09-30,20260209_064826,20260209_064826-0006,2023-09-15 14:01:06.762000,2023-09-15 14:01:18.131000,売り,147.53600,147.58600,1.00,-5.00,2465.00,水平線手前,損切,支持抵抗,0,147.53600
2023-09-01,2023-09-30,20260209_064826,20260209_064826-0007,2023-09-15 21:30:00.197000,2023-09-15 21:46:32.900000,売り,147.92900,147.82900,1.00,10.00,2475.00,水平線手前,利確,支持抵抗,0,147.92900
2023-10-01,2023-10-31,20260209_064930,20260209_064930-0001,2023-10-03 23:12:05.333000,2023-10-03 23:12:05.384000,買い,149.46400,149.41400,1.00,-5.00,2470.00,水平線手前,損切,支持抵抗,0,149.46400
2023-10-01,2023-10-31,20260209_064930,20260209_064930-0002,2023-10-03 23:12:24.554000,2023-10-03 23:12:24.708000,買い,147.29900,147.39900,1.00,10.00,2480.00,水平線手前,利確,支持抵抗,0,147.29900
2023-10-01,2023-10-31,20260209_064930,20260209_064930-0003,2023-10-06 21:30:01.276000,2023-10-06 21:30:01.378000,売り,149.17400,149.22400,1.00,-5.00,2475.00,水平線手前,損切,支持抵抗,0,149.17400
2023-10-01,2023-10-31,20260209_064930,20260209_064930-0004,2023-10-06 21:30:01.378000,2023-10-06 21:30:02.809000,売り,149.23600,149.28600,1.00,-5.00,2470.00,水平線手前,損切,支持抵抗,0,149.23600
2023-10-01,2023-10-31,20260209_064930,20260209_064930-0005,2023-10-06 21:30:02.809000,2023-10-06 21:30:04.390000,売り,149.28800,149.18800,1.00,10.00,2480.00,水平線手前,利確,支持抵抗,0,149.28800
2023-10-01,2023-10-31,20260209_064930,20260209_064930-0006,2023-10-06 21:51:40.483000,2023-10-06 21:54:51.481000,売り,149.50600,149.40600,1.00,10.00,2490.00,水平線手前,利確,支持抵抗,0,149.50600
2023-10-01,2023-10-31,20260209_064930,20260209_064930-0007,2023-10-11 21:30:04.128000,2023-10-11 21:30:14.042000,売り,149.07200,148.97200,1.00,10.00,2500.00,水平線手前,利確,支持抵抗,0,149.07200
2023-10-01,2023-10-31,20260209_064930,20260209_064930-0008,2023-10-11 21:30:04.076000,2023-10-11 21:30:14.094000,売り,149.06500,148.96500,1.00,10.00,2510.00,水平線手前,利確,支持抵抗,0,149.06500
2023-10-01,2023-10-31,20260209_064930,20260209_064930-0009,2023-10-12 21:30:01.825000,2023-10-12 21:30:02.899000,売り,149.27200,149.32200,1.00,-5.00,2505.00,水平線手前,損切,支持抵抗,0,149.27200
2023-10-01,2023-10-31,20260209_064930,20260209_064930-0010,2023-10-12 21:30:01.567000,2023-10-12 21:30:06.649000,売り,149.30100,149.35100,1.00,-5.00,2500.00,水平線手前,損切,支持抵抗,0,149.30100
2023-10-01,2023-10-31,20260209_064930,20260209_064930-0011,2023-10-17 19:13:02.537000,2023-10-17 19:13:02.742000,買い,149.50900,149.45900,1.00,-5.00,2495.00,水平線手前,損切,支持抵抗,0,149.50900
2023-10-01,2023-10-31,20260209_064930,20260209_064930-0012,2023-10-17 19:13:02.999000,2023-10-17 19:13:03.409000,買い,149.40700,149.35700,1.00,-5.00,2490.00,水平線手前,損切,支持抵抗,0,149.40700
2023-10-01,2023-10-31,20260209_064930,20260209_064930-0013,2023-10-17 19:13:03.409000,2023-10-17 19:13:03.462000,買い,149.35600,149.30600,1.00,-5.00,2485.00,水平線手前,損切,支持抵抗,0,149.35600
2023-10-01,2023-10-31,20260209_064930,20260209_064930-0014,2023-10-17 19:13:03.981000,2023-10-17 19:13:04.093000,買い,149.05400,149.00400,1.00,-5.00,2480.00,水平線手前,損切,支持抵抗,0,149.05400
2023-10-01,2023-10-31,20260209_064930,20260209_064930-0015,2023-10-17 19:13:05.838000,2023-10-17 19:13:06.097000,買い,148.81900,148.76900,1.00,-5.00,2475.00,水平線手前,損切,支持抵抗,0,148.81900
2023-10-01,2023-10-31,20260209_064930,20260209_064930-0016,2023-10-17 19:13:06.097000,2023-10-17 19:13:08.262000,買い,148.77000,148.87000,1.00,10.00,2485.00,水平線手前,利確,支持抵抗,0,148.77000
2023-10-01,2023-10-31,20260209_064930,20260209_064930-0017,2023-10-17 19:13:28.205000,2023-10-17 19:13:31.185000,売り,149.73800,149.63800,1.00,10.00,2495.00,水平線手前,利確,支持抵抗,0,149.73800
2023-10-01,2023-10-31,20260209_064930,20260209_064930-0018,2023-10-17 19:13:28.565000,2023-10-17 19:13:31.185000,売り,149.73400,149.63400,1.00,10.00,2505.00,水平線手前,利確,支持抵抗,0,149.73400
2023-10-01,2023-10-31,20260209_064930,20260209_064930-0019,2023-10-20 17:23:33.726000,2023-10-20 17:23:33.832000,買い,149.70600,149.65600,1.00,-5.00,2500.00,水平線手前,損切,支持抵抗,0,149.70600
2023-10-01,2023-10-31,20260209_064930,20260209_064930-0020,2023-10-20 17:23:33.832000,2023-10-20 17:23:35.181000,買い,149.64900,149.74900,1.00,10.00,2510.00,水平線手前,利確,支持抵抗,0,149.64900
2023-10-01,2023-10-31,20260209_064930,20260209_064930-0021,2023-10-20 17:23:33.779000,2023-10-20 17:23:35.644000,買い,149.67600,149.77600,1.00,10.00,2520.00,水平線手前,利確,支持抵抗,0,149.67600
2023-10-01,2023-10-31,20260209_064930,20260209_064930-0022,2023-10-24 17:38:10.496000,2023-10-24 17:38:26.037000,買い,149.35200,149.45200,1.00,10.00,2530.00,水平線手前,利確,支持抵抗,0,149.35200
2023-10-01,2023-10-31,20260209_064930,20260209_064930-0023,2023-10-26 15:47:27.441000,2023-10-26 15:47:28.119000,買い,149.84000,149.94000,1.00,10.00,2540.00,水平線手前,利確,支持抵抗,0,149.84000
2023-10-01,2023-10-31,20260209_064930,20260209_064930-0024,2023-10-30 23:01:48.276000,2023-10-30 23:01:50.213000,買い,149.31100,149.41100,1.00,10.00,2550.00,水平線手前,利確,支持抵抗,0,149.31100
2023-10-01,2023-10-31,20260209_064930,20260209_064930-0025,2023-10-31 12:27:13.117000,2023-10-31 12:27:15.193000,売り,149.83500,149.73500,1.00,10.00,2560.00,水平線手前,利確,支持抵抗,0,149.83500
2023-11-01,2023-11-30,20260209_065028,20260209_065028-0001,2023-11-01 23:00:00.329000,2023-11-01 23:20:11.298000,買い,151.11000,151.06000,1.00,-5.00,2555.00,水平線手前,損切,支持抵抗,0,151.11000
2023-11-01,2023-11-30,20260209_065028,20260209_065028-0002,2023-11-01 23:00:01.295000,2023-11-01 23:20:32.464000,買い,151.08700,151.03700,1.00,-5.00,2550.00,水平線手前,損切,支持抵抗,0,151.08700
2023-11-01,2023-11-30,20260209_065028,20260209_065028-0003,2023-11-02 16:58:28.104000,2023-11-02 16:58:30.290000,買い,150.17900,150.27900,1.00,10.00,2560.00,水平線手前,利確,支持抵抗,0,150.17900
2023-11-01,2023-11-30,20260209_065028,20260209_065028-0004,2023-11-03 21:30:08.286000,2023-11-03 21:30:10.821000,買い,149.87000,149.82000,1.00,-5.00,2555.00,水平線手前,損切,支持抵抗,0,149.87000
2023-11-01,2023-11-30,20260209_065028,20260209_065028-0005,2023-11-03 23:00:00.269000,2023-11-03 23:00:55.796000,買い,149.21500,149.31500,1.00,10.00,2565.00,水平線手前,利確,支持抵抗,0,149.21500
2023-11-01,2023-11-30,20260209_065028,20260209_065028-0006,2023-11-03 23:00:09.614000,2023-11-03 23:00:56.977000,買い,149.23000,149.33000,1.00,10.00,2575.00,水平線手前,利確,支持抵抗,0,149.23000
2023-11-01,2023-11-30,20260209_065028,20260209_065028-0007,2023-11-14 00:01:28.657000,2023-11-14 00:02:53.470000,買い,151.69900,151.64900,1.00,-5.00,2570.00,水平線手前,損切,支持抵抗,0,151.69900
2023-11-01,2023-11-30,20260209_065028,20260209_065028-0008,2023-11-14 00:03:29.401000,2023-11-14 00:03:32.725000,買い,151.36000,151.46000,1.00,10.00,2580.00,水平線手前,利確,支持抵抗,0,151.36000
2023-11-01,2023-11-30,20260209_065028,20260209_065028-0009,2023-11-14 00:07:24.553000,2023-11-14 00:08:58.044000,買い,151.23900,151.33900,1.00,10.00,2590.00,水平線手前,利確,支持抵抗,0,151.23900
2023-11-01,2023-11-30,20260209_065028,20260209_065028-0010,2023-11-14 22:30:01.360000,2023-11-14 22:30:01.878000,買い,151.51700,151.46700,1.00,-5.00,2585.00,水平線手前,損切,支持抵抗,0,151.51700
2023-11-01,2023-11-30,20260209_065028,20260209_065028-0011,2023-11-15 22:30:02.824000,2023-11-15 22:30:05.014000,買い,150.18800,150.13800,1.00,-5.00,2580.00,水平線手前,損切,支持抵抗,0,150.18800
2023-11-01,2023-11-30,20260209_065028,20260209_065028-0012,2023-11-15 22:30:10.506000,2023-11-15 22:30:39.648000,買い,150.08700,150.18700,1.00,10.00,2590.00,水平線手前,利確,支持抵抗,0,150.08700
2023-11-01,2023-11-30,20260209_065028,20260209_065028-0013,2023-11-30 23:42:00.460000,2023-11-30 23:44:26.866000,売り,148.47600,148.37600,1.00,10.00,2600.00,水平線手前,利確,支持抵抗,0,148.47600
2023-12-01,2023-12-31,20260209_065157,20260209_065157-0001,2023-12-02 00:00:00.265000,2023-12-02 00:00:00.317000,買い,147.98000,147.93000,1.00,-5.00,2595.00,水平線手前,損切,支持抵抗,0,147.98000
2023-12-01,2023-12-31,20260209_065157,20260209_065157-0002,2023-12-02 00:01:12.295000,2023-12-02 00:01:18.083000,買い,147.61800,147.56800,1.00,-5.00,2590.00,水平線手前,損切,支持抵抗,0,147.61800
2023-12-01,2023-12-31,20260209_065157,20260209_065157-0003,2023-12-05 23:45:53.912000,2023-12-05 23:46:24.312000,売り,147.20800,147.10800,1.00,10.00,2600.00,水平線手前,利確,支持抵抗,0,147.20800
2023-12-01,2023-12-31,20260209_065157,20260209_065157-0004,2023-12-06 00:00:01.630000,2023-12-06 00:00:02.730000,買い,146.70700,146.80700,1.00,10.00,2610.00,水平線手前,利確,支持抵抗,0,146.70700
2023-12-01,2023-12-31,20260209_065157,20260209_065157-0005,2023-12-07 18:53:14.678000,2023-12-07 19:01:48.743000,買い,144.85700,144.95700,1.00,10.00,2620.00,水平線手前,利確,支持抵抗,0,144.85700
2023-12-01,2023-12-31,20260209_065157,20260209_065157-0006,2023-12-08 02:47:26.189000,2023-12-08 02:47:28.046000,買い,141.64200,141.74200,1.00,10.00,2630.00,水平線手前,利確,支持抵抗,0,141.64200
2023-12-01,2023-12-31,20260209_065157,20260209_065157-0007,2023-12-08 22:30:02.542000,2023-12-08 22:30:05.101000,売り,144.64500,144.69500,1.00,-5.00,2625.00,水平線手前,損切,支持抵抗,0,144.64500
2023-12-01,2023-12-31,20260209_065157,20260209_065157-0008,2023-12-11 16:40:11.383000,2023-12-11 16:40:11.949000,売り,145.67200,145.72200,1.00,-5.00,2620.00,水平線手前,損切,支持抵抗,0,145.67200
2023-12-01,2023-12-31,20260209_065157,20260209_065157-0009,2023-12-11 16:40:11.897000,2023-12-11 16:40:12.878000,売り,145.68600,145.73600,1.00,-5.00,2615.00,水平線手前,損切,支持抵抗,0,145.68600
2023-12-01,2023-12-31,20260209_065157,20260209_065157-0010,2023-12-12 22:30:15.436000,2023-12-12 22:30:15.795000,買い,145.05200,145.00200,1.00,-5.00,2610.00,水平線手前,損切,支持抵抗,0,145.05200
2023-12-01,2023-12-31,20260209_065157,20260209_065157-0011,2023-12-14 04:00:01.114000,2023-12-14 04:00:01.268000,買い,144.89100,144.84100,1.00,-5.00,2605.00,水平線手前,損切,支持抵抗,0,144.89100
2023-12-01,2023-12-31,20260209_065157,20260209_065157-0012,2023-12-14 04:00:01.729000,2023-12-14 04:00:02.346000,買い,144.76900,144.71900,1.00,-5.00,2600.00,水平線手前,損切,支持抵抗,0,144.76900
2023-12-01,2023-12-31,20260209_065157,20260209_065157-0013,2023-12-14 22:30:43.962000,2023-12-14 22:30:46.991000,売り,142.14600,142.19600,1.00,-5.00,2595.00,水平線手前,損切,支持抵抗,0,142.14600
2023-12-01,2023-12-31,20260209_065157,20260209_065157-0014,2023-12-14 22:30:50.020000,2023-12-14 22:31:13.266000,売り,142.25700,142.15700,1.00,10.00,2605.00,水平線手前,利確,支持抵抗,0,142.25700
2023-12-01,2023-12-31,20260209_065157,20260209_065157-0015,2023-12-15 22:30:01.777000,2023-12-15 22:30:03.106000,買い,141.51600,141.61600,1.00,10.00,2615.00,水平線手前,利確,支持抵抗,0,141.51600
2023-12-01,2023-12-31,20260209_065157,20260209_065157-0016,2023-12-15 22:30:02.083000,2023-12-15 22:30:03.106000,買い,141.50800,141.60800,1.00,10.00,2625.00,水平線手前,利確,支持抵抗,0,141.50800
2023-12-01,2023-12-31,20260209_065157,20260209_065157-0017,2023-12-19 11:49:07.190000,2023-12-19 11:49:07.856000,売り,143.14200,143.19200,1.00,-5.00,2620.00,水平線手前,損切,支持抵抗,0,143.14200
2023-12-01,2023-12-31,20260209_065157,20260209_065157-0018,2023-12-19 15:36:31.347000,2023-12-19 15:36:32.432000,買い,143.26100,143.21100,1.00,-5.00,2615.00,水平線手前,損切,支持抵抗,0,143.26100
2023-12-01,2023-12-31,20260209_065157,20260209_065157-0019,2023-12-19 15:36:35.626000,2023-12-19 15:36:35.883000,買い,142.50400,142.60400,1.00,10.00,2625.00,水平線手前,利確,支持抵抗,0,142.50400
2023-12-01,2023-12-31,20260209_065157,20260209_065157-0020,2023-12-19 16:18:28.702000,2023-12-19 16:19:10.114000,売り,143.76300,143.66300,1.00,10.00,2635.00,水平線手前,利確,支持抵抗,0,143.76300
2023-12-01,2023-12-31,20260209_065157,20260209_065157-0021,2023-12-21 22:30:11.155000,2023-12-21 22:30:15.452000,買い,142.66000,142.76000,1.00,10.00,2645.00,水平線手前,利確,支持抵抗,0,142.66000
2023-12-01,2023-12-31,20260209_065157,20260209_065157-0022,2023-12-28 04:30:53.551000,2023-12-28 04:31:36.201000,買い,141.85500,141.80500,1.00,-5.00,2640.00,水平線手前,損切,支持抵抗,0,141.85500
2023-12-01,2023-12-31,20260209_065157,20260209_065157-0023,2023-12-29 01:01:11.265000,2023-12-29 01:01:56.854000,売り,141.23500,141.13500,1.00,10.00,2650.00,水平線手前,利確,支持抵抗,0,141.23500
2024-01-01,2024-01-31,20260209_065326,20260209_065326-0001,2024-01-04 14:35:10.016000,2024-01-04 14:46:09.686000,売り,143.86500,143.76500,1.00,10.00,2660.00,水平線手前,利確,支持抵抗,0,143.86500
2024-01-01,2024-01-31,20260209_065326,20260209_065326-0002,2024-01-05 22:30:01.563000,2024-01-05 22:30:02.027000,売り,145.38300,145.43300,1.00,-5.00,2655.00,水平線手前,損切,支持抵抗,0,145.38300
2024-01-01,2024-01-31,20260209_065326,20260209_065326-0003,2024-01-11 22:30:00.988000,2024-01-11 22:30:01.496000,買い,145.00200,145.10200,1.00,10.00,2665.00,水平線手前,利確,支持抵抗,0,145.00200
2024-01-01,2024-01-31,20260209_065326,20260209_065326-0004,2024-01-11 22:30:02.903000,2024-01-11 22:30:10.035000,売り,145.80800,145.70800,1.00,10.00,2675.00,水平線手前,利確,支持抵抗,0,145.80800
2024-01-01,2024-01-31,20260209_065326,20260209_065326-0005,2024-01-11 22:30:02.799000,2024-01-11 22:30:14.630000,売り,145.79700,145.69700,1.00,10.00,2685.00,水平線手前,利確,支持抵抗,0,145.79700
2024-01-01,2024-01-31,20260209_065326,20260209_065326-0006,2024-01-17 22:30:04.379000,2024-01-17 22:36:02.254000,売り,147.95100,147.85100,1.00,10.00,2695.00,水平線手前,利確,支持抵抗,0,147.95100
2024-01-01,2024-01-31,20260209_065326,20260209_065326-0007,2024-01-17 22:30:04.328000,2024-01-17 23:41:18.614000,売り,147.94700,147.99700,1.00,-5.00,2690.00,水平線手前,損切,支持抵抗,0,147.94700
2024-01-01,2024-01-31,20260209_065326,20260209_065326-0008,2024-01-18 22:30:01.460000,2024-01-18 22:30:07.360000,売り,148.14000,148.04000,1.00,10.00,2700.00,水平線手前,利確,支持抵抗,0,148.14000
2024-01-01,2024-01-31,20260209_065326,20260209_065326-0009,2024-01-23 12:09:03.355000,2024-01-23 12:09:04.282000,売り,148.27800,148.32800,1.00,-5.00,2695.00,水平線手前,損切,支持抵抗,0,148.27800
2024-01-01,2024-01-31,20260209_065326,20260209_065326-0010,2024-01-23 12:09:03.920000,2024-01-23 12:09:04.282000,売り,148.27500,148.32500,1.00,-5.00,2690.00,水平線手前,損切,支持抵抗,0,148.27500
2024-01-01,2024-01-31,20260209_065326,20260209_065326-0011,2024-01-23 12:09:06.188000,2024-01-23 12:09:06.960000,売り,148.50200,148.40200,1.00,10.00,2700.00,水平線手前,利確,支持抵抗,0,148.50200
2024-01-01,2024-01-31,20260209_065326,20260209_065326-0012,2024-01-23 20:27:22.669000,2024-01-23 20:30:17.745000,売り,148.14600,148.04600,1.00,10.00,2710.00,水平線手前,利確,支持抵抗,0,148.14600
2024-01-01,2024-01-31,20260209_065326,20260209_065326-0013,2024-01-25 22:30:02.769000,2024-01-25 22:30:04.099000,売り,147.85900,147.90900,1.00,-5.00,2705.00,水平線手前,損切,支持抵抗,0,147.85900
2024-01-01,2024-01-31,20260209_065326,20260209_065326-0014,2024-01-25 22:30:04.099000,2024-01-25 22:30:33.421000,売り,147.90600,147.80600,1.00,10.00,2715.00,水平線手前,利確,支持抵抗,0,147.90600
2024-01-01,2024-01-31,20260209_065326,20260209_065326-0015,2024-01-26 22:30:09.554000,2024-01-26 22:30:09.815000,買い,147.50500,147.45500,1.00,-5.00,2710.00,水平線手前,損切,支持抵抗,0,147.50500
2024-01-01,2024-01-31,20260209_065326,20260209_065326-0016,2024-01-26 22:30:10.345000,2024-01-26 22:30:12.650000,買い,147.42300,147.52300,1.00,10.00,2720.00,水平線手前,利確,支持抵抗,0,147.42300
2024-02-01,2024-02-29,20260209_065446,20260209_065446-0001,2024-02-01 04:00:04.389000,2024-02-01 04:00:05.164000,買い,146.09600,146.19600,1.00,10.00,2730.00,水平線手前,利確,支持抵抗,0,146.09600
2024-02-01,2024-02-29,20260209_065446,20260209_065446-0002,2024-02-01 04:00:07.235000,2024-02-01 04:00:09.552000,売り,146.56700,146.61700,1.00,-5.00,2725.00,水平線手前,損切,支持抵抗,0,146.56700
2024-02-01,2024-02-29,20260209_065446,20260209_065446-0003,2024-02-01 04:00:11.916000,2024-02-01 04:00:12.382000,売り,146.74300,146.79300,1.00,-5.00,2720.00,水平線手前,損切,支持抵抗,0,146.74300
2024-02-01,2024-02-29,20260209_065446,20260209_065446-0004,2024-02-02 22:30:01.232000,2024-02-02 22:30:01.648000,売り,146.78400,146.83400,1.00,-5.00,2715.00,水平線手前,損切,支持抵抗,0,146.78400
2024-02-01,2024-02-29,20260209_065446,20260209_065446-0005,2024-02-02 22:30:01.802000,2024-02-02 22:30:02.109000,売り,147.03500,147.08500,1.00,-5.00,2710.00,水平線手前,損切,支持抵抗,0,147.03500
2024-02-01,2024-02-29,20260209_065446,20260209_065446-0006,2024-02-02 22:30:02.109000,2024-02-02 22:30:05.680000,売り,147.13800,147.18800,1.00,-5.00,2705.00,水平線手前,損切,支持抵抗,0,147.13800
2024-02-01,2024-02-29,20260209_065446,20260209_065446-0007,2024-02-09 22:31:06.417000,2024-02-09 22:31:06.781000,買い,149.29800,149.24800,1.00,-5.00,2700.00,水平線手前,損切,支持抵抗,0,149.29800
2024-02-01,2024-02-29,20260209_065446,20260209_065446-0008,2024-02-09 22:31:06.833000,2024-02-09 22:31:08.958000,買い,149.24700,149.19700,1.00,-5.00,2695.00,水平線手前,損切,支持抵抗,0,149.24700
2024-02-01,2024-02-29,20260209_065446,20260209_065446-0009,2024-02-13 22:30:01.265000,2024-02-13 22:30:01.316000,売り,149.71200,149.76200,1.00,-5.00,2690.00,水平線手前,損切,支持抵抗,0,149.71200
2024-02-01,2024-02-29,20260209_065446,20260209_065446-0010,2024-02-15 22:30:16.797000,2024-02-15 22:30:24.975000,買い,149.54800,149.64800,1.00,10.00,2700.00,水平線手前,利確,支持抵抗,0,149.54800
2024-02-01,2024-02-29,20260209_065446,20260209_065446-0011,2024-02-16 22:30:06.680000,2024-02-16 22:52:23.344000,売り,150.61600,150.51600,1.00,10.00,2710.00,水平線手前,利確,支持抵抗,0,150.61600
2024-02-01,2024-02-29,20260209_065446,20260209_065446-0012,2024-02-22 04:00:07.272000,2024-02-22 04:03:22.573000,売り,150.38000,150.28000,1.00,10.00,2720.00,水平線手前,利確,支持抵抗,0,150.38000
2024-02-01,2024-02-29,20260209_065446,20260209_065446-0013,2024-02-22 22:30:00.703000,2024-02-22 22:45:00.671000,売り,150.56900,150.46900,1.00,10.00,2730.00,水平線手前,利確,支持抵抗,0,150.56900
2024-03-01,2024-03-31,20260209_065551,20260209_065551-0001,2024-03-06 00:00:00.158000,2024-03-06 00:00:02.808000,買い,149.98200,149.93200,1.00,-5.00,2725.00,水平線手前,損切,支持抵抗,0,149.98200
2024-03-01,2024-03-31,20260209_065551,20260209_065551-0002,2024-03-06 00:00:08.424000,2024-03-06 00:00:11.515000,買い,149.87400,149.82400,1.00,-5.00,2720.00,水平線手前,損切,支持抵抗,0,149.87400
2024-03-01,2024-03-31,20260209_065551,20260209_065551-0003,2024-03-08 22:30:44.531000,2024-03-08 22:30:45.199000,買い,146.90300,146.85300,1.00,-5.00,2715.00,水平線手前,損切,支持抵抗,0,146.90300
2024-03-01,2024-03-31,20260209_065551,20260209_065551-0004,2024-03-12 21:30:01.341000,2024-03-12 21:30:01.393000,売り,147.82000,147.72000,1.00,10.00,2725.00,水平線手前,利確,支持抵抗,0,147.82000
2024-03-01,2024-03-31,20260209_065551,20260209_065551-0005,2024-03-12 21:30:04.794000,2024-03-12 21:30:09.305000,売り,148.09500,148.14500,1.00,-5.00,2720.00,水平線手前,損切,支持抵抗,0,148.09500
2024-03-01,2024-03-31,20260209_065551,20260209_065551-0006,2024-03-12 21:30:09.305000,2024-03-12 21:30:20.942000,売り,148.13800,148.03800,1.00,10.00,2730.00,水平線手前,利確,支持抵抗,0,148.13800
2024-03-01,2024-03-31,20260209_065551,20260209_065551-0007,2024-03-14 22:21:31.407000,2024-03-14 22:21:33.483000,買い,147.56600,147.51600,1.00,-5.00,2725.00,水平線手前,損切,支持抵抗,0,147.56600
2024-03-01,2024-03-31,20260209_065551,20260209_065551-0008,2024-03-14 22:21:34.740000,2024-03-14 22:21:41.298000,買い,147.49400,147.59400,1.00,10.00,2735.00,水平線手前,利確,支持抵抗,0,147.49400
2024-03-01,2024-03-31,20260209_065551,20260209_065551-0009,2024-03-15 15:51:46.671000,2024-03-15 15:51:58.362000,買い,148.13600,148.23600,1.00,10.00,2745.00,水平線手前,利確,支持抵抗,0,148.13600
2024-03-01,2024-03-31,20260209_065551,20260209_065551-0010,2024-03-19 12:35:15.683000,2024-03-19 12:35:17.054000,買い,149.02100,149.12100,1.00,10.00,2755.00,水平線手前,利確,支持抵抗,0,149.02100
2024-03-01,2024-03-31,20260209_065551,20260209_065551-0011,2024-03-19 12:35:23.580000,2024-03-19 12:35:24.882000,売り,149.36400,149.41400,1.00,-5.00,2750.00,水平線手前,損切,支持抵抗,0,149.36400
2024-03-01,2024-03-31,20260209_065551,20260209_065551-0012,2024-03-19 12:40:53.641000,2024-03-19 12:41:16.015000,売り,149.91500,149.81500,1.00,10.00,2760.00,水平線手前,利確,支持抵抗,0,149.91500
2024-03-01,2024-03-31,20260209_065551,20260209_065551-0013,2024-03-19 14:24:02.907000,2024-03-19 14:24:09.494000,売り,150.37500,150.27500,1.00,10.00,2770.00,水平線手前,利確,支持抵抗,0,150.37500
2024-03-01,2024-03-31,20260209_065551,20260209_065551-0014,2024-03-21 03:33:41.236000,2024-03-21 03:34:01.309000,売り,151.68500,151.58500,1.00,10.00,2780.00,水平線手前,利確,支持抵抗,0,151.68500
2024-03-01,2024-03-31,20260209_065551,20260209_065551-0015,2024-03-27 18:01:59.869000,2024-03-27 18:02:01.262000,買い,151.48000,151.43000,1.00,-5.00,2775.00,水平線手前,損切,支持抵抗,0,151.48000
2024-04-01,2024-04-30,20260209_065647,20260209_065647-0001,2024-04-03 23:00:00.475000,2024-04-03 23:00:07.444000,買い,151.65400,151.75400,1.00,10.00,2785.00,水平線手前,利確,支持抵抗,0,151.65400
2024-04-01,2024-04-30,20260209_065647,20260209_065647-0002,2024-04-10 21:30:01.412000,2024-04-10 21:30:01.936000,売り,151.95300,152.00300,1.00,-5.00,2780.00,水平線手前,損切,支持抵抗,0,151.95300
2024-04-01,2024-04-30,20260209_065647,20260209_065647-0003,2024-04-15 23:37:19.547000,2024-04-15 23:37:24.757000,買い,153.86500,153.96500,1.00,10.00,2790.00,水平線手前,利確,支持抵抗,0,153.86500
2024-04-01,2024-04-30,20260209_065647,20260209_065647-0004,2024-04-16 22:39:14.448000,2024-04-16 22:39:16.058000,買い,154.16800,154.11800,1.00,-5.00,2785.00,水平線手前,損切,支持抵抗,0,154.16800
2024-04-01,2024-04-30,20260209_065647,20260209_065647-0005,2024-04-16 22:39:17.614000,2024-04-16 22:39:19.259000,買い,153.93000,154.03000,1.00,10.00,2795.00,水平線手前,利確,支持抵抗,0,153.93000
2024-04-01,2024-04-30,20260209_065647,20260209_065647-0006,2024-04-18 01:25:57.623000,2024-04-18 01:26:42.292000,買い,154.28000,154.38000,1.00,10.00,2805.00,水平線手前,利確,支持抵抗,0,154.28000
2024-04-01,2024-04-30,20260209_065647,20260209_065647-0007,2024-04-18 11:14:04.447000,2024-04-18 11:20:17.577000,買い,153.99300,154.09300,1.00,10.00,2815.00,水平線手前,利確,支持抵抗,0,153.99300
2024-04-01,2024-04-30,20260209_065647,20260209_065647-0008,2024-04-23 22:45:00.380000,2024-04-23 22:45:00.494000,買い,154.68500,154.63500,1.00,-5.00,2810.00,水平線手前,損切,支持抵抗,0,154.68500
2024-04-01,2024-04-30,20260209_065647,20260209_065647-0009,2024-04-23 22:45:00.494000,2024-04-23 22:45:03.503000,買い,154.63200,154.58200,1.00,-5.00,2805.00,水平線手前,損切,支持抵抗,0,154.63200
2024-04-01,2024-04-30,20260209_065647,20260209_065647-0010,2024-04-23 22:45:00.769000,2024-04-23 22:47:46.809000,買い,154.59700,154.69700,1.00,10.00,2815.00,水平線手前,利確,支持抵抗,0,154.59700
2024-04-01,2024-04-30,20260209_065647,20260209_065647-0011,2024-04-25 21:30:14.203000,2024-04-25 21:30:25.458000,買い,155.34200,155.44200,1.00,10.00,2825.00,水平線手前,利確,支持抵抗,0,155.34200
2024-04-01,2024-04-30,20260209_065647,20260209_065647-0012,2024-04-26 12:22:48.769000,2024-04-26 12:23:03.361000,買い,155.44600,155.54600,1.00,10.00,2835.00,水平線手前,利確,支持抵抗,0,155.44600
2024-04-01,2024-04-30,20260209_065647,20260209_065647-0013,2024-04-26 17:02:31.364000,2024-04-26 17:02:33.667000,買い,154.97900,155.07900,1.00,10.00,2845.00,水平線手前,利確,支持抵抗,0,154.97900
2024-04-01,2024-04-30,20260209_065647,20260209_065647-0014,2024-04-26 17:02:28.887000,2024-04-26 17:02:33.772000,買い,155.00300,155.10300,1.00,10.00,2855.00,水平線手前,利確,支持抵抗,0,155.00300
2024-04-01,2024-04-30,20260209_065647,20260209_065647-0015,2024-04-26 21:30:15.645000,2024-04-26 21:30:16.300000,売り,156.83800,156.88800,1.00,-5.00,2850.00,水平線手前,損切,支持抵抗,0,156.83800
2024-04-01,2024-04-30,20260209_065647,20260209_065647-0016,2024-04-29 13:16:09.667000,2024-04-29 13:16:12.020000,買い,157.61600,157.56600,1.00,-5.00,2845.00,水平線手前,損切,支持抵抗,0,157.61600
2024-04-01,2024-04-30,20260209_065647,20260209_065647-0017,2024-04-29 13:19:40.943000,2024-04-29 13:19:42.863000,買い,156.60800,156.70800,1.00,10.00,2855.00,水平線手前,利確,支持抵抗,0,156.60800
2024-04-01,2024-04-30,20260209_065647,20260209_065647-0018,2024-04-29 13:54:00.749000,2024-04-29 13:54:01.795000,買い,155.22100,155.32100,1.00,10.00,2865.00,水平線手前,利確,支持抵抗,0,155.22100
2024-04-01,2024-04-30,20260209_065647,20260209_065647-0019,2024-04-29 14:06:36.408000,2024-04-29 14:06:58.322000,買い,155.08000,155.18000,1.00,10.00,2875.00,水平線手前,利確,支持抵抗,0,155.08000
2024-04-01,2024-04-30,20260209_065647,20260209_065647-0020,2024-04-29 16:34:40.576000,2024-04-29 16:34:55.852000,買い,154.79700,154.74700,1.00,-5.00,2870.00,水平線手前,損切,支持抵抗,0,154.79700
2024-04-01,2024-04-30,20260209_065647,20260209_065647-0021,2024-04-29 16:35:21.832000,2024-04-29 16:35:39.205000,買い,154.58700,154.53700,1.00,-5.00,2865.00,水平線手前,損切,支持抵抗,0,154.58700
2024-04-01,2024-04-30,20260209_065647,20260209_065647-0022,2024-04-29 16:35:54.177000,2024-04-29 16:36:17.122000,買い,154.54800,154.64800,1.00,10.00,2875.00,水平線手前,利確,支持抵抗,0,154.54800
2024-04-01,2024-04-30,20260209_065647,20260209_065647-0023,2024-04-29 16:42:00.659000,2024-04-29 16:42:02.468000,買い,155.07500,155.02500,1.00,-5.00,2870.00,水平線手前,損切,支持抵抗,0,155.07500
2024-04-01,2024-04-30,20260209_065647,20260209_065647-0024,2024-04-30 16:27:07.489000,2024-04-30 16:27:09.367000,買い,156.59400,156.54400,1.00,-5.00,2865.00,水平線手前,損切,支持抵抗,0,156.59400
2024-04-01,2024-04-30,20260209_065647,20260209_065647-0025,2024-04-30 16:27:10.152000,2024-04-30 16:27:16.917000,買い,156.51000,156.61000,1.00,10.00,2875.00,水平線手前,利確,支持抵抗,0,156.51000
2024-04-01,2024-04-30,20260209_065647,20260209_065647-0026,2024-04-30 21:30:03.570000,2024-04-30 21:30:23.649000,売り,157.20400,157.25400,1.00,-5.00,2870.00,水平線手前,損切,支持抵抗,0,157.20400
2024-05-01,2024-05-31,20260209_065741,20260209_065741-0001,2024-05-02 03:00:02.659000,2024-05-02 03:00:05.284000,売り,157.73900,157.63900,1.00,10.00,2880.00,水平線手前,利確,支持抵抗,0,157.73900
2024-05-01,2024-05-31,20260209_065741,20260209_065741-0002,2024-05-02 03:00:12.106000,2024-05-02 03:00:12.971000,買い,157.42000,157.37000,1.00,-5.00,2875.00,水平線手前,損切,支持抵抗,0,157.42000
2024-05-01,2024-05-31,20260209_065741,20260209_065741-0003,2024-05-02 03:00:13.136000,2024-05-02 03:00:15.795000,買い,157.34500,157.44500,1.00,10.00,2885.00,水平線手前,利確,支持抵抗,0,157.34500
2024-05-01,2024-05-31,20260209_065741,20260209_065741-0004,2024-05-03 21:30:01.894000,2024-05-03 21:30:02.801000,買い,152.70200,152.65200,1.00,-5.00,2880.00,水平線手前,損切,支持抵抗,0,152.70200
2024-05-01,2024-05-31,20260209_065741,20260209_065741-0005,2024-05-09 00:47:14.907000,2024-05-09 01:08:30.461000,買い,155.37100,155.47100,1.00,10.00,2890.00,水平線手前,利確,支持抵抗,0,155.37100
2024-05-01,2024-05-31,20260209_065741,20260209_065741-0006,2024-05-14 21:30:01.508000,2024-05-14 21:30:01.719000,売り,156.53300,156.58300,1.00,-5.00,2885.00,水平線手前,損切,支持抵抗,0,156.53300
2024-05-01,2024-05-31,20260209_065741,20260209_065741-0007,2024-05-15 21:30:02.375000,2024-05-15 21:30:02.909000,買い,155.30200,155.25200,1.00,-5.00,2880.00,水平線手前,損切,支持抵抗,0,155.30200
2024-05-01,2024-05-31,20260209_065741,20260209_065741-0008,2024-05-15 21:30:02.481000,2024-05-15 21:30:02.909000,買い,155.30300,155.25300,1.00,-5.00,2875.00,水平線手前,損切,支持抵抗,0,155.30300
2024-05-01,2024-05-31,20260209_065741,20260209_065741-0009,2024-05-15 21:30:03.013000,2024-05-15 21:30:05.523000,買い,155.09900,155.04900,1.00,-5.00,2870.00,水平線手前,損切,支持抵抗,0,155.09900
2024-05-01,2024-05-31,20260209_065741,20260209_065741-0010,2024-05-15 21:30:28.820000,2024-05-15 21:30:53.321000,買い,154.78700,154.88700,1.00,10.00,2880.00,水平線手前,利確,支持抵抗,0,154.78700
2024-05-01,2024-05-31,20260209_065741,20260209_065741-0011,2024-05-23 22:45:00.648000,2024-05-23 22:45:12.636000,売り,156.95400,156.85400,1.00,10.00,2890.00,水平線手前,利確,支持抵抗,0,156.95400
2024-05-01,2024-05-31,20260209_065741,20260209_065741-0012,2024-05-23 23:13:17.251000,2024-05-23 23:13:17.947000,買い,156.56000,156.66000,1.00,10.00,2900.00,水平線手前,利確,支持抵抗,0,156.56000
2024-05-01,2024-05-31,20260209_065741,20260209_065741-0013,2024-05-29 15:09:03.529000,2024-05-29 15:09:27.346000,買い,156.93200,157.03200,1.00,10.00,2910.00,水平線手前,利確,支持抵抗,0,156.93200
2024-05-01,2024-05-31,20260209_065741,20260209_065741-0014,2024-05-30 22:11:50.663000,2024-05-30 22:15:38.377000,買い,156.40900,156.50900,1.00,10.00,2920.00,水平線手前,利確,支持抵抗,0,156.40900
2024-05-01,2024-05-31,20260209_065741,20260209_065741-0015,2024-05-31 22:42:00.337000,2024-05-31 22:47:41.831000,買い,156.77700,156.72700,1.00,-5.00,2915.00,水平線手前,損切,支持抵抗,0,156.77700
2024-06-01,2024-06-30,20260209_065834,20260209_065834-0001,2024-06-04 18:20:40.224000,2024-06-04 18:21:30.842000,買い,155.07100,155.17100,1.00,10.00,2925.00,水平線手前,利確,支持抵抗,0,155.07100
2024-06-01,2024-06-30,20260209_065834,20260209_065834-0002,2024-06-04 23:00:01.268000,2024-06-04 23:00:01.898000,買い,154.72800,154.67800,1.00,-5.00,2920.00,水平線手前,損切,支持抵抗,0,154.72800
2024-06-01,2024-06-30,20260209_065834,20260209_065834-0003,2024-06-04 23:00:05.463000,2024-06-04 23:04:08.365000,買い,154.58700,154.68700,1.00,10.00,2930.00,水平線手前,利確,支持抵抗,0,154.58700
2024-06-01,2024-06-30,20260209_065834,20260209_065834-0004,2024-06-07 21:30:01.611000,2024-06-07 21:30:01.815000,買い,155.31900,155.41900,1.00,10.00,2940.00,水平線手前,利確,支持抵抗,0,155.31900
2024-06-01,2024-06-30,20260209_065834,20260209_065834-0005,2024-06-07 21:30:01.815000,2024-06-07 21:30:02.125000,売り,155.79300,155.84300,1.00,-5.00,2935.00,水平線手前,損切,支持抵抗,0,155.79300
2024-06-01,2024-06-30,20260209_065834,20260209_065834-0006,2024-06-07 21:30:02.847000,2024-06-07 21:30:03.208000,売り,155.91000,155.96000,1.00,-5.00,2930.00,水平線手前,損切,支持抵抗,0,155.91000
2024-06-01,2024-06-30,20260209_065834,20260209_065834-0007,2024-06-07 21:30:30.105000,2024-06-07 21:30:34.210000,売り,156.32300,156.37300,1.00,-5.00,2925.00,水平線手前,損切,支持抵抗,0,156.32300
2024-06-01,2024-06-30,20260209_065834,20260209_065834-0008,2024-06-07 21:30:39.248000,2024-06-07 21:30:41.064000,売り,156.42900,156.32900,1.00,10.00,2935.00,水平線手前,利確,支持抵抗,0,156.42900
2024-06-01,2024-06-30,20260209_065834,20260209_065834-0009,2024-06-12 21:30:01.725000,2024-06-12 21:30:02.237000,買い,156.84200,156.79200,1.00,-5.00,2930.00,水平線手前,損切,支持抵抗,0,156.84200
2024-06-01,2024-06-30,20260209_065834,20260209_065834-0010,2024-06-12 21:30:01.930000,2024-06-12 21:30:02.237000,買い,156.82000,156.77000,1.00,-5.00,2925.00,水平線手前,損切,支持抵抗,0,156.82000
2024-06-01,2024-06-30,20260209_065834,20260209_065834-0011,2024-06-12 21:30:02.237000,2024-06-12 21:30:02.900000,買い,156.72400,156.67400,1.00,-5.00,2920.00,水平線手前,損切,支持抵抗,0,156.72400
2024-06-01,2024-06-30,20260209_065834,20260209_065834-0012,2024-06-12 21:30:32.772000,2024-06-12 21:30:41.412000,買い,156.39400,156.34400,1.00,-5.00,2915.00,水平線手前,損切,支持抵抗,0,156.39400
2024-06-01,2024-06-30,20260209_065834,20260209_065834-0013,2024-06-14 12:10:02.889000,2024-06-14 12:10:04.536000,買い,156.83000,156.93000,1.00,10.00,2925.00,水平線手前,利確,支持抵抗,0,156.83000
2024-06-01,2024-06-30,20260209_065834,20260209_065834-0014,2024-06-14 12:23:07.731000,2024-06-14 12:23:08.552000,売り,157.31400,157.36400,1.00,-5.00,2920.00,水平線手前,損切,支持抵抗,0,157.31400
2024-06-01,2024-06-30,20260209_065834,20260209_065834-0015,2024-06-14 12:23:08.450000,2024-06-14 12:23:08.860000,売り,157.35200,157.40200,1.00,-5.00,2915.00,水平線手前,損切,支持抵抗,0,157.35200
2024-06-01,2024-06-30,20260209_065834,20260209_065834-0016,2024-06-14 12:23:08.757000,2024-06-14 12:23:08.860000,売り,157.38600,157.43600,1.00,-5.00,2910.00,水平線手前,損切,支持抵抗,0,157.38600
2024-06-01,2024-06-30,20260209_065834,20260209_065834-0017,2024-06-14 15:39:47.768000,2024-06-14 15:40:01.006000,買い,157.64300,157.74300,1.00,10.00,2920.00,水平線手前,利確,支持抵抗,0,157.64300
2024-06-01,2024-06-30,20260209_065834,20260209_065834-0018,2024-06-14 18:41:51.537000,2024-06-14 18:42:25.983000,買い,156.94900,157.04900,1.00,10.00,2930.00,水平線手前,利確,支持抵抗,0,156.94900
2024-06-01,2024-06-30,20260209_065834,20260209_065834-0019,2024-06-21 22:45:01.404000,2024-06-21 22:45:05.569000,売り,159.09800,159.14800,1.00,-5.00,2925.00,水平線手前,損切,支持抵抗,0,159.09800
2024-06-01,2024-06-30,20260209_065834,20260209_065834-0020,2024-06-21 22:45:00.623000,2024-06-21 22:45:05.725000,売り,159.10000,159.15000,1.00,-5.00,2920.00,水平線手前,損切,支持抵抗,0,159.10000
2024-06-01,2024-06-30,20260209_065834,20260209_065834-0021,2024-06-24 19:05:42.657000,2024-06-24 19:05:48.406000,買い,159.47400,159.42400,1.00,-5.00,2915.00,水平線手前,損切,支持抵抗,0,159.47400
2024-06-01,2024-06-30,20260209_065834,20260209_065834-0022,2024-06-24 19:07:04.280000,2024-06-24 19:07:08.264000,買い,158.77500,158.87500,1.00,10.00,2925.00,水平線手前,利確,支持抵抗,0,158.77500
2024-06-01,2024-06-30,20260209_065834,20260209_065834-0023,2024-06-27 21:30:02.751000,2024-06-27 21:30:15.342000,買い,160.32400,160.42400,1.00,10.00,2935.00,水平線手前,利確,支持抵抗,0,160.32400
2024-06-01,2024-06-30,20260209_065834,20260209_065834-0024,2024-06-28 21:30:03.134000,2024-06-28 21:30:03.185000,買い,160.39200,160.49200,1.00,10.00,2945.00,水平線手前,利確,支持抵抗,0,160.39200
2024-06-01,2024-06-30,20260209_065834,20260209_065834-0025,2024-06-28 21:30:03.344000,2024-06-28 21:30:03.552000,買い,160.38400,160.48400,1.00,10.00,2955.00,水平線手前,利確,支持抵抗,0,160.38400
2024-07-01,2024-07-31,20260209_065954,20260209_065954-0001,2024-07-01 23:00:02.098000,2024-07-01 23:00:05.352000,買い,160.98800,161.08800,1.00,10.00,2965.00,水平線手前,利確,支持抵抗,0,160.98800
2024-07-01,2024-07-31,20260209_065954,20260209_065954-0002,2024-07-03 23:00:00.336000,2024-07-03 23:00:00.439000,買い,161.41000,161.36000,1.00,-5.00,2960.00,水平線手前,損切,支持抵抗,0,161.41000
2024-07-01,2024-07-31,20260209_065954,20260209_065954-0003,2024-07-05 21:30:21.122000,2024-07-05 21:30:24.568000,買い,160.65200,160.60200,1.00,-5.00,2955.00,水平線手前,損切,支持抵抗,0,160.65200
2024-07-01,2024-07-31,20260209_065954,20260209_065954-0004,2024-07-05 21:30:24.775000,2024-07-05 21:30:36.482000,買い,160.56900,160.51900,1.00,-5.00,2950.00,水平線手前,損切,支持抵抗,0,160.56900
2024-07-01,2024-07-31,20260209_065954,20260209_065954-0005,2024-07-05 21:30:41.829000,2024-07-05 21:30:59.657000,買い,160.36700,160.46700,1.00,10.00,2960.00,水平線手前,利確,支持抵抗,0,160.36700
2024-07-01,2024-07-31,20260209_065954,20260209_065954-0006,2024-07-05 21:37:47.529000,2024-07-05 21:37:54.362000,売り,161.13700,161.03700,1.00,10.00,2970.00,水平線手前,利確,支持抵抗,0,161.13700
2024-07-01,2024-07-31,20260209_065954,20260209_065954-0007,2024-07-11 21:30:01.135000,2024-07-11 21:30:01.187000,買い,161.35600,161.30600,1.00,-5.00,2965.00,水平線手前,損切,支持抵抗,0,161.35600
2024-07-01,2024-07-31,20260209_065954,20260209_065954-0008,2024-07-11 21:30:01.187000,2024-07-11 21:30:01.802000,買い,161.23300,161.18300,1.00,-5.00,2960.00,水平線手前,損切,支持抵抗,0,161.23300
2024-07-01,2024-07-31,20260209_065954,20260209_065954-0009,2024-07-11 21:42:07.846000,2024-07-11 21:42:08.317000,買い,160.49300,160.44300,1.00,-5.00,2955.00,水平線手前,損切,支持抵抗,0,160.49300
2024-07-01,2024-07-31,20260209_065954,20260209_065954-0010,2024-07-11 21:42:11.632000,2024-07-11 21:42:16.795000,買い,160.29100,160.24100,1.00,-5.00,2950.00,水平線手前,損切,支持抵抗,0,160.29100
2024-07-01,2024-07-31,20260209_065954,20260209_065954-0011,2024-07-11 21:50:42.079000,2024-07-11 21:50:47.591000,買い,158.39000,158.49000,1.00,10.00,2960.00,水平線手前,利確,支持抵抗,0,158.39000
2024-07-01,2024-07-31,20260209_065954,20260209_065954-0012,2024-07-11 22:08:00.886000,2024-07-11 22:08:07.611000,買い,157.44300,157.54300,1.00,10.00,2970.00,水平線手前,利確,支持抵抗,0,157.44300
2024-07-01,2024-07-31,20260209_065954,20260209_065954-0013,2024-07-12 22:08:09.167000,2024-07-12 22:08:09.736000,買い,158.54700,158.49700,1.00,-5.00,2965.00,水平線手前,損切,支持抵抗,0,158.54700
2024-07-01,2024-07-31,20260209_065954,20260209_065954-0014,2024-07-12 22:09:02.885000,2024-07-12 22:09:08.120000,買い,158.01100,157.96100,1.00,-5.00,2960.00,水平線手前,損切,支持抵抗,0,158.01100
2024-07-01,2024-07-31,20260209_065954,20260209_065954-0015,2024-07-12 22:09:52.421000,2024-07-12 22:09:53.319000,買い,157.78300,157.73300,1.00,-5.00,2955.00,水平線手前,損切,支持抵抗,0,157.78300
2024-07-01,2024-07-31,20260209_065954,20260209_065954-0016,2024-07-12 22:14:59.681000,2024-07-12 22:15:12.991000,買い,157.39100,157.49100,1.00,10.00,2965.00,水平線手前,利確,支持抵抗,0,157.39100
2024-07-01,2024-07-31,20260209_065954,20260209_065954-0017,2024-07-12 23:13:12.129000,2024-07-12 23:13:33.090000,買い,157.39900,157.49900,1.00,10.00,2975.00,水平線手前,利確,支持抵抗,0,157.39900
2024-07-01,2024-07-31,20260209_065954,20260209_065954-0018,2024-07-16 01:41:42.722000,2024-07-16 01:41:43.242000,買い,157.78200,157.73200,1.00,-5.00,2970.00,水平線手前,損切,支持抵抗,0,157.78200
2024-07-01,2024-07-31,20260209_065954,20260209_065954-0019,2024-07-16 01:42:05.076000,2024-07-16 01:42:07.470000,買い,157.19900,157.29900,1.00,10.00,2980.00,水平線手前,利確,支持抵抗,0,157.19900
2024-07-01,2024-07-31,20260209_065954,20260209_065954-0020,2024-07-17 17:56:44.961000,2024-07-17 17:59:54.528000,買い,156.13700,156.23700,1.00,10.00,2990.00,水平線手前,利確,支持抵抗,0,156.13700
2024-07-01,2024-07-31,20260209_065954,20260209_065954-0021,2024-07-17 22:39:06.688000,2024-07-17 22:42:17.700000,買い,156.18700,156.28700,1.00,10.00,3000.00,水平線手前,利確,支持抵抗,0,156.18700
2024-07-01,2024-07-31,20260209_065954,20260209_065954-0022,2024-07-18 14:41:04.160000,2024-07-18 14:41:05.720000,買い,155.83300,155.93300,1.00,10.00,3010.00,水平線手前,利確,支持抵抗,0,155.83300
2024-07-01,2024-07-31,20260209_065954,20260209_065954-0023,2024-07-18 21:30:02.068000,2024-07-18 21:30:03.043000,買い,156.33600,156.28600,1.00,-5.00,3005.00,水平線手前,損切,支持抵抗,0,156.33600
2024-07-01,2024-07-31,20260209_065954,20260209_065954-0024,2024-07-18 22:57:44.430000,2024-07-18 23:02:50.612000,売り,156.66200,156.71200,1.00,-5.00,3000.00,水平線手前,損切,支持抵抗,0,156.66200
2024-07-01,2024-07-31,20260209_065954,20260209_065954-0025,2024-07-23 12:51:24.766000,2024-07-23 13:03:48.916000,買い,156.22100,156.32100,1.00,10.00,3010.00,水平線手前,利確,支持抵抗,0,156.22100
2024-07-01,2024-07-31,20260209_065954,20260209_065954-0026,2024-07-24 14:08:17.541000,2024-07-24 14:11:16.960000,買い,154.36400,154.46400,1.00,10.00,3020.00,水平線手前,利確,支持抵抗,0,154.36400
2024-07-01,2024-07-31,20260209_065954,20260209_065954-0027,2024-07-24 18:40:06.561000,2024-07-24 18:40:09.686000,買い,154.41100,154.36100,1.00,-5.00,3015.00,水平線手前,損切,支持抵抗,0,154.41100
2024-07-01,2024-07-31,20260209_065954,20260209_065954-0028,2024-07-24 18:40:11.134000,2024-07-24 18:40:24.754000,買い,154.31000,154.41000,1.00,10.00,3025.00,水平線手前,利確,支持抵抗,0,154.31000
2024-07-01,2024-07-31,20260209_065954,20260209_065954-0029,2024-07-25 11:49:14.746000,2024-07-25 11:52:00.334000,買い,152.54800,152.64800,1.00,10.00,3035.00,水平線手前,利確,支持抵抗,0,152.54800
2024-07-01,2024-07-31,20260209_065954,20260209_065954-0030,2024-07-25 21:35:09.945000,2024-07-25 21:35:42.520000,売り,153.70700,153.60700,1.00,10.00,3045.00,水平線手前,利確,支持抵抗,0,153.70700
2024-07-01,2024-07-31,20260209_065954,20260209_065954-0031,2024-07-25 22:05:36.241000,2024-07-25 22:05:58.136000,売り,153.94000,153.99000,1.00,-5.00,3040.00,水平線手前,損切,支持抵抗,0,153.94000
2024-07-01,2024-07-31,20260209_065954,20260209_065954-0032,2024-07-25 22:25:55.901000,2024-07-25 22:28:05.573000,売り,154.16500,154.06500,1.00,10.00,3050.00,水平線手前,利確,支持抵抗,0,154.16500
2024-07-01,2024-07-31,20260209_065954,20260209_065954-0033,2024-07-26 23:18:57.318000,2024-07-26 23:18:59.537000,買い,153.53600,153.48600,1.00,-5.00,3045.00,水平線手前,損切,支持抵抗,0,153.53600
2024-07-01,2024-07-31,20260209_065954,20260209_065954-0034,2024-07-26 23:19:00.161000,2024-07-26 23:19:04.106000,買い,153.39600,153.34600,1.00,-5.00,3040.00,水平線手前,損切,支持抵抗,0,153.39600
2024-07-01,2024-07-31,20260209_065954,20260209_065954-0035,2024-07-26 23:19:00.787000,2024-07-26 23:19:04.106000,買い,153.39500,153.34500,1.00,-5.00,3035.00,水平線手前,損切,支持抵抗,0,153.39500
2024-07-01,2024-07-31,20260209_065954,20260209_065954-0036,2024-07-26 23:19:04.301000,2024-07-26 23:19:04.573000,買い,153.26700,153.21700,1.00,-5.00,3030.00,水平線手前,損切,支持抵抗,0,153.26700
2024-07-01,2024-07-31,20260209_065954,20260209_065954-0037,2024-07-26 23:19:06.141000,2024-07-26 23:19:08.327000,買い,153.11200,153.21200,1.00,10.00,3040.00,水平線手前,利確,支持抵抗,0,153.11200
2024-07-01,2024-07-31,20260209_065954,20260209_065954-0038,2024-07-31 00:04:18.303000,2024-07-31 00:04:18.772000,買い,153.88600,153.83600,1.00,-5.00,3035.00,水平線手前,損切,支持抵抗,0,153.88600
2024-07-01,2024-07-31,20260209_065954,20260209_065954-0039,2024-07-31 12:45:56.828000,2024-07-31 12:45:57.403000,買い,152.20200,152.30200,1.00,10.00,3045.00,水平線手前,利確,支持抵抗,0,152.20200
2024-07-01,2024-07-31,20260209_065954,20260209_065954-0040,2024-07-31 12:56:18.374000,2024-07-31 12:56:19.624000,買い,152.14500,152.24500,1.00,10.00,3055.00,水平線手前,利確,支持抵抗,0,152.14500
2024-07-01,2024-07-31,20260209_065954,20260209_065954-0041,2024-07-31 12:56:29.643000,2024-07-31 12:56:29.906000,買い,152.10200,152.05200,1.00,-5.00,3050.00,水平線手前,損切,支持抵抗,0,152.10200
2024-07-01,2024-07-31,20260209_065954,20260209_065954-0042,2024-07-31 12:56:34.483000,2024-07-31 12:56:34.990000,買い,151.96400,151.91400,1.00,-5.00,3045.00,水平線手前,損切,支持抵抗,0,151.96400
2024-07-01,2024-07-31,20260209_065954,20260209_065954-0043,2024-07-31 12:56:42.999000,2024-07-31 12:56:56.831000,買い,151.62600,151.72600,1.00,10.00,3055.00,水平線手前,利確,支持抵抗,0,151.62600
2024-07-01,2024-07-31,20260209_065954,20260209_065954-0044,2024-07-31 12:59:42.865000,2024-07-31 12:59:43.024000,売り,153.82000,153.72000,1.00,10.00,3065.00,水平線手前,利確,支持抵抗,0,153.82000
2024-07-01,2024-07-31,20260209_065954,20260209_065954-0045,2024-07-31 13:00:19.717000,2024-07-31 13:00:34.303000,売り,153.87400,153.77400,1.00,10.00,3075.00,水平線手前,利確,支持抵抗,0,153.87400
2024-07-01,2024-07-31,20260209_065954,20260209_065954-0046,2024-07-31 16:54:41.184000,2024-07-31 16:54:54.115000,買い,150.64400,150.74400,1.00,10.00,3085.00,水平線手前,利確,支持抵抗,0,150.64400
2024-07-01,2024-07-31,20260209_065954,20260209_065954-0047,2024-07-31 17:08:53.296000,2024-07-31 17:09:04.826000,買い,150.08900,150.18900,1.00,10.00,3095.00,水平線手前,利確,支持抵抗,0,150.08900
2024-07-01,2024-07-31,20260209_065954,20260209_065954-0048,2024-07-31 21:30:01.216000,2024-07-31 21:30:13.703000,買い,149.81900,149.91900,1.00,10.00,3105.00,水平線手前,利確,支持抵抗,0,149.81900
2024-07-01,2024-07-31,20260209_065954,20260209_065954-0049,2024-07-31 23:00:30.034000,2024-07-31 23:01:36.643000,買い,149.66300,149.76300,1.00,10.00,3115.00,水平線手前,利確,支持抵抗,0,149.66300
2024-08-01,2024-08-31,20260209_070207,20260209_070207-0001,2024-08-01 21:39:21.326000,2024-08-01 21:41:42.804000,売り,150.59500,150.49500,1.00,10.00,3125.00,水平線手前,利確,支持抵抗,0,150.59500
2024-08-01,2024-08-31,20260209_070207,20260209_070207-0002,2024-08-02 21:30:01.222000,2024-08-02 21:30:01.739000,買い,148.55500,148.50500,1.00,-5.00,3120.00,水平線手前,損切,支持抵抗,0,148.55500
2024-08-01,2024-08-31,20260209_070207,20260209_070207-0003,2024-08-02 21:30:01.583000,2024-08-02 21:30:01.739000,買い,148.54300,148.49300,1.00,-5.00,3115.00,水平線手前,損切,支持抵抗,0,148.54300
2024-08-01,2024-08-31,20260209_070207,20260209_070207-0004,2024-08-03 01:04:53.555000,2024-08-03 01:05:52.307000,売り,147.38500,147.43500,1.00,-5.00,3110.00,水平線手前,損切,支持抵抗,0,147.38500
2024-08-01,2024-08-31,20260209_070207,20260209_070207-0005,2024-08-05 12:12:06.688000,2024-08-05 12:12:06.741000,買い,144.77200,144.72200,1.00,-5.00,3105.00,水平線手前,損切,支持抵抗,0,144.77200
2024-08-01,2024-08-31,20260209_070207,20260209_070207-0006,2024-08-05 12:56:46.033000,2024-08-05 12:56:49.338000,買い,144.20300,144.30300,1.00,10.00,3115.00,水平線手前,利確,支持抵抗,0,144.20300
2024-08-01,2024-08-31,20260209_070207,20260209_070207-0007,2024-08-05 13:26:48.845000,2024-08-05 13:26:49.004000,買い,142.20800,142.30800,1.00,10.00,3125.00,水平線手前,利確,支持抵抗,0,142.20800
2024-08-01,2024-08-31,20260209_070207,20260209_070207-0008,2024-08-05 15:06:11.223000,2024-08-05 15:08:28.830000,買い,141.71600,141.81600,1.00,10.00,3135.00,水平線手前,利確,支持抵抗,0,141.71600
2024-08-01,2024-08-31,20260209_070207,20260209_070207-0009,2024-08-05 21:38:21.914000,2024-08-05 21:39:09.633000,買い,141.94600,141.89600,1.00,-5.00,3130.00,水平線手前,損切,支持抵抗,0,141.94600
2024-08-01,2024-08-31,20260209_070207,20260209_070207-0010,2024-08-05 22:45:55.527000,2024-08-05 22:45:58.582000,売り,142.93300,142.98300,1.00,-5.00,3125.00,水平線手前,損切,支持抵抗,0,142.93300
2024-08-01,2024-08-31,20260209_070207,20260209_070207-0011,2024-08-05 22:45:57.501000,2024-08-05 22:46:31.006000,売り,142.95700,142.85700,1.00,10.00,3135.00,水平線手前,利確,支持抵抗,0,142.95700
2024-08-01,2024-08-31,20260209_070207,20260209_070207-0012,2024-08-05 23:03:42.955000,2024-08-05 23:04:03.208000,売り,143.82300,143.72300,1.00,10.00,3145.00,水平線手前,利確,支持抵抗,0,143.82300
2024-08-01,2024-08-31,20260209_070207,20260209_070207-0013,2024-08-06 00:01:24.088000,2024-08-06 00:01:41.765000,買い,142.35900,142.45900,1.00,10.00,3155.00,水平線手前,利確,支持抵抗,0,142.35900
2024-08-01,2024-08-31,20260209_070207,20260209_070207-0014,2024-08-06 14:40:17.065000,2024-08-06 14:40:56.225000,売り,146.11500,146.01500,1.00,10.00,3165.00,水平線手前,利確,支持抵抗,0,146.11500
2024-08-01,2024-08-31,20260209_070207,20260209_070207-0015,2024-08-06 15:20:44.917000,2024-08-06 15:21:23.908000,売り,146.28500,146.18500,1.00,10.00,3175.00,水平線手前,利確,支持抵抗,0,146.28500
2024-08-01,2024-08-31,20260209_070207,20260209_070207-0016,2024-08-06 19:10:03.180000,2024-08-06 19:11:38.366000,買い,144.39300,144.49300,1.00,10.00,3185.00,水平線手前,利確,支持抵抗,0,144.39300
2024-08-01,2024-08-31,20260209_070207,20260209_070207-0017,2024-08-06 21:34:31.158000,2024-08-06 21:35:51.325000,買い,144.52000,144.62000,1.00,10.00,3195.00,水平線手前,利確,支持抵抗,0,144.52000
2024-08-01,2024-08-31,20260209_070207,20260209_070207-0018,2024-08-07 15:01:02.631000,2024-08-07 15:04:18.691000,買い,146.86700,146.96700,1.00,10.00,3205.00,水平線手前,利確,支持抵抗,0,146.86700
2024-08-01,2024-08-31,20260209_070207,20260209_070207-0019,2024-08-07 15:35:41.713000,2024-08-07 15:36:13.206000,買い,146.46300,146.56300,1.00,10.00,3215.00,水平線手前,利確,支持抵抗,0,146.46300
2024-08-01,2024-08-31,20260209_070207,20260209_070207-0020,2024-08-08 21:30:01.103000,2024-08-08 21:30:01.567000,売り,146.27100,146.32100,1.00,-5.00,3210.00,水平線手前,損切,支持抵抗,0,146.27100
2024-08-01,2024-08-31,20260209_070207,20260209_070207-0021,2024-08-08 21:30:06.839000,2024-08-08 21:30:07.103000,売り,146.49400,146.54400,1.00,-5.00,3205.00,水平線手前,損切,支持抵抗,0,146.49400
2024-08-01,2024-08-31,20260209_070207,20260209_070207-0022,2024-08-09 13:57:28.614000,2024-08-09 14:02:54.209000,買い,146.84700,146.79700,1.00,-5.00,3200.00,水平線手前,損切,支持抵抗,0,146.84700
2024-08-01,2024-08-31,20260209_070207,20260209_070207-0023,2024-08-13 00:25:06.932000,2024-08-13 00:26:01.540000,買い,147.27600,147.37600,1.00,10.00,3210.00,水平線手前,利確,支持抵抗,0,147.27600
2024-08-01,2024-08-31,20260209_070207,20260209_070207-0024,2024-08-13 22:14:04.270000,2024-08-13 22:14:08.399000,買い,146.94700,146.89700,1.00,-5.00,3205.00,水平線手前,損切,支持抵抗,0,146.94700
2024-08-01,2024-08-31,20260209_070207,20260209_070207-0025,2024-08-13 22:14:10.496000,2024-08-13 22:14:17.793000,買い,146.88100,146.98100,1.00,10.00,3215.00,水平線手前,利確,支持抵抗,0,146.88100
2024-08-01,2024-08-31,20260209_070207,20260209_070207-0026,2024-08-14 21:30:01.209000,2024-08-14 21:30:01.416000,買い,146.80800,146.75800,1.00,-5.00,3210.00,水平線手前,損切,支持抵抗,0,146.80800
2024-08-01,2024-08-31,20260209_070207,20260209_070207-0027,2024-08-14 21:30:02.190000,2024-08-14 21:30:05.281000,買い,146.54100,146.64100,1.00,10.00,3220.00,水平線手前,利確,支持抵抗,0,146.54100
2024-08-01,2024-08-31,20260209_070207,20260209_070207-0028,2024-08-15 21:30:01.445000,2024-08-15 21:30:02.435000,売り,147.62000,147.52000,1.00,10.00,3230.00,水平線手前,利確,支持抵抗,0,147.62000
2024-08-01,2024-08-31,20260209_070207,20260209_070207-0029,2024-08-15 21:30:16.851000,2024-08-15 21:30:19.748000,売り,147.92200,147.97200,1.00,-5.00,3225.00,水平線手前,損切,支持抵抗,0,147.92200
2024-08-01,2024-08-31,20260209_070207,20260209_070207-0030,2024-08-15 21:30:44.956000,2024-08-15 21:30:49.766000,売り,148.19300,148.24300,1.00,-5.00,3220.00,水平線手前,損切,支持抵抗,0,148.19300
2024-08-01,2024-08-31,20260209_070207,20260209_070207-0031,2024-08-19 13:39:04.981000,2024-08-19 13:40:17.029000,買い,145.90100,146.00100,1.00,10.00,3230.00,水平線手前,利確,支持抵抗,0,145.90100
2024-08-01,2024-08-31,20260209_070207,20260209_070207-0032,2024-08-19 23:10:38.443000,2024-08-19 23:11:58.449000,売り,146.64700,146.54700,1.00,10.00,3240.00,水平線手前,利確,支持抵抗,0,146.64700
2024-08-01,2024-08-31,20260209_070207,20260209_070207-0033,2024-08-21 23:00:10.169000,2024-08-21 23:00:10.330000,売り,146.20800,146.25800,1.00,-5.00,3235.00,水平線手前,損切,支持抵抗,0,146.20800
2024-08-01,2024-08-31,20260209_070207,20260209_070207-0034,2024-08-21 23:00:12.593000,2024-08-21 23:00:12.653000,売り,146.54000,146.59000,1.00,-5.00,3230.00,水平線手前,損切,支持抵抗,0,146.54000
2024-08-01,2024-08-31,20260209_070207,20260209_070207-0035,2024-08-21 23:00:14.490000,2024-08-21 23:00:15.215000,売り,146.87500,146.77500,1.00,10.00,3240.00,水平線手前,利確,支持抵抗,0,146.87500
2024-08-01,2024-08-31,20260209_070207,20260209_070207-0036,2024-08-21 23:32:23.497000,2024-08-21 23:32:24.424000,買い,145.53500,145.48500,1.00,-5.00,3235.00,水平線手前,損切,支持抵抗,0,145.53500
2024-08-01,2024-08-31,20260209_070207,20260209_070207-0037,2024-08-22 03:00:04.155000,2024-08-22 03:01:48.132000,買い,144.87800,144.82800,1.00,-5.00,3230.00,水平線手前,損切,支持抵抗,0,144.87800
2024-08-01,2024-08-31,20260209_070207,20260209_070207-0038,2024-08-22 21:30:11.706000,2024-08-22 21:30:20.658000,売り,146.11900,146.16900,1.00,-5.00,3225.00,水平線手前,損切,支持抵抗,0,146.11900
2024-08-01,2024-08-31,20260209_070207,20260209_070207-0039,2024-08-22 21:30:33.746000,2024-08-22 21:32:56.454000,売り,146.31600,146.21600,1.00,10.00,3235.00,水平線手前,利確,支持抵抗,0,146.31600
2024-08-01,2024-08-31,20260209_070207,20260209_070207-0040,2024-08-22 22:45:01.574000,2024-08-22 22:45:40.774000,売り,146.46900,146.36900,1.00,10.00,3245.00,水平線手前,利確,支持抵抗,0,146.46900
2024-08-01,2024-08-31,20260209_070207,20260209_070207-0041,2024-08-29 21:30:10.127000,2024-08-29 21:30:13.699000,売り,144.83300,144.88300,1.00,-5.00,3240.00,水平線手前,損切,支持抵抗,0,144.83300
2024-08-01,2024-08-31,20260209_070207,20260209_070207-0042,2024-08-29 21:30:17.439000,2024-08-29 21:30:21.462000,売り,145.01300,145.06300,1.00,-5.00,3235.00,水平線手前,損切,支持抵抗,0,145.01300
2024-08-01,2024-08-31,20260209_070207,20260209_070207-0043,2024-08-29 21:30:54.677000,2024-08-29 21:30:58.878000,売り,145.15100,145.20100,1.00,-5.00,3230.00,水平線手前,損切,支持抵抗,0,145.15100
2024-08-01,2024-08-31,20260209_070207,20260209_070207-0044,2024-08-30 21:32:08.627000,2024-08-30 21:35:00.210000,売り,145.42700,145.47700,1.00,-5.00,3225.00,水平線手前,損切,支持抵抗,0,145.42700
2024-09-01,2024-09-30,20260209_070403,20260209_070403-0001,2024-09-03 23:00:00.285000,2024-09-03 23:00:00.439000,買い,145.28800,145.23800,1.00,-5.00,3220.00,水平線手前,損切,支持抵抗,0,145.28800
2024-09-01,2024-09-30,20260209_070403,20260209_070403-0002,2024-09-03 23:00:00.439000,2024-09-03 23:00:01.897000,買い,145.12600,145.22600,1.00,10.00,3230.00,水平線手前,利確,支持抵抗,0,145.12600
2024-09-01,2024-09-30,20260209_070403,20260209_070403-0003,2024-09-06 21:30:00.784000,2024-09-06 21:30:01.547000,売り,143.38800,143.43800,1.00,-5.00,3225.00,水平線手前,損切,支持抵抗,0,143.38800
2024-09-01,2024-09-30,20260209_070403,20260209_070403-0004,2024-09-06 21:30:11.566000,2024-09-06 21:30:11.875000,売り,144.04100,143.94100,1.00,10.00,3235.00,水平線手前,利確,支持抵抗,0,144.04100
2024-09-01,2024-09-30,20260209_070403,20260209_070403-0005,2024-09-06 21:31:54.304000,2024-09-06 21:32:02.599000,買い,142.09100,142.04100,1.00,-5.00,3230.00,水平線手前,損切,支持抵抗,0,142.09100
2024-09-01,2024-09-30,20260209_070403,20260209_070403-0006,2024-09-07 00:00:08.395000,2024-09-07 00:00:09.589000,買い,142.24800,142.19800,1.00,-5.00,3225.00,水平線手前,損切,支持抵抗,0,142.24800
2024-09-01,2024-09-30,20260209_070403,20260209_070403-0007,2024-09-07 00:00:14.441000,2024-09-07 00:00:17.118000,買い,141.99800,141.94800,1.00,-5.00,3220.00,水平線手前,損切,支持抵抗,0,141.99800
2024-09-01,2024-09-30,20260209_070403,20260209_070403-0008,2024-09-07 00:00:45.358000,2024-09-07 00:00:54.073000,買い,141.78600,141.88600,1.00,10.00,3230.00,水平線手前,利確,支持抵抗,0,141.78600
2024-09-01,2024-09-30,20260209_070403,20260209_070403-0009,2024-09-10 17:18:09.702000,2024-09-10 17:21:49.803000,売り,143.68100,143.58100,1.00,10.00,3240.00,水平線手前,利確,支持抵抗,0,143.68100
2024-09-01,2024-09-30,20260209_070403,20260209_070403-0010,2024-09-11 13:21:42.444000,2024-09-11 13:22:15.723000,買い,140.91400,141.01400,1.00,10.00,3250.00,水平線手前,利確,支持抵抗,0,140.91400
2024-09-01,2024-09-30,20260209_070403,20260209_070403-0011,2024-09-11 21:30:01.405000,2024-09-11 21:30:02.083000,売り,142.05400,141.95400,1.00,10.00,3260.00,水平線手前,利確,支持抵抗,0,142.05400
2024-09-01,2024-09-30,20260209_070403,20260209_070403-0012,2024-09-13 22:50:08.539000,2024-09-13 22:50:33.641000,買い,140.32100,140.42100,1.00,10.00,3270.00,水平線手前,利確,支持抵抗,0,140.32100
2024-09-01,2024-09-30,20260209_070403,20260209_070403-0013,2024-09-17 21:31:28.232000,2024-09-17 21:31:31.979000,売り,140.81300,140.86300,1.00,-5.00,3265.00,水平線手前,損切,支持抵抗,0,140.81300
2024-09-01,2024-09-30,20260209_070403,20260209_070403-0014,2024-09-20 11:52:08.829000,2024-09-20 11:52:34.040000,売り,142.74400,142.64400,1.00,10.00,3275.00,水平線手前,利確,支持抵抗,0,142.74400
2024-09-01,2024-09-30,20260209_070403,20260209_070403-0015,2024-09-20 12:07:04.118000,2024-09-20 12:07:06.860000,買い,141.98000,142.08000,1.00,10.00,3285.00,水平線手前,利確,支持抵抗,0,141.98000
2024-09-01,2024-09-30,20260209_070403,20260209_070403-0016,2024-09-23 22:45:00.551000,2024-09-23 22:45:01.668000,買い,143.46700,143.56700,1.00,10.00,3295.00,水平線手前,利確,支持抵抗,0,143.46700
2024-09-01,2024-09-30,20260209_070403,20260209_070403-0017,2024-09-23 22:45:13.539000,2024-09-23 22:45:19.057000,売り,143.84800,143.89800,1.00,-5.00,3290.00,水平線手前,損切,支持抵抗,0,143.84800
2024-09-01,2024-09-30,20260209_070403,20260209_070403-0018,2024-09-27 15:23:14.651000,2024-09-27 15:23:14.964000,買い,144.14600,144.09600,1.00,-5.00,3285.00,水平線手前,損切,支持抵抗,0,144.14600
2024-09-01,2024-09-30,20260209_070403,20260209_070403-0019,2024-09-27 15:23:14.912000,2024-09-27 15:23:14.964000,買い,144.13100,144.08100,1.00,-5.00,3280.00,水平線手前,損切,支持抵抗,0,144.13100
2024-09-01,2024-09-30,20260209_070403,20260209_070403-0020,2024-09-27 15:23:26.675000,2024-09-27 15:23:28.461000,買い,143.84400,143.94400,1.00,10.00,3290.00,水平線手前,利確,支持抵抗,0,143.84400
2024-09-01,2024-09-30,20260209_070403,20260209_070403-0021,2024-09-27 15:57:10.697000,2024-09-27 15:58:26.315000,買い,143.16300,143.26300,1.00,10.00,3300.00,水平線手前,利確,支持抵抗,0,143.16300
2024-09-01,2024-09-30,20260209_070403,20260209_070403-0022,2024-09-27 16:08:24.996000,2024-09-27 16:09:05.008000,買い,142.80800,142.90800,1.00,10.00,3310.00,水平線手前,利確,支持抵抗,0,142.80800
2024-09-01,2024-09-30,20260209_070403,20260209_070403-0023,2024-09-27 16:13:39.967000,2024-09-27 16:13:58.200000,買い,143.12900,143.07900,1.00,-5.00,3305.00,水平線手前,損切,支持抵抗,0,143.12900
2024-09-01,2024-09-30,20260209_070403,20260209_070403-0024,2024-09-27 16:23:01.912000,2024-09-27 16:23:04.701000,買い,142.92600,142.87600,1.00,-5.00,3300.00,水平線手前,損切,支持抵抗,0,142.92600
2024-09-01,2024-09-30,20260209_070403,20260209_070403-0025,2024-09-27 23:00:31.388000,2024-09-27 23:01:05.390000,買い,142.41800,142.51800,1.00,10.00,3310.00,水平線手前,利確,支持抵抗,0,142.41800
2024-10-01,2024-10-31,20260209_070526,20260209_070526-0001,2024-10-01 03:26:44.243000,2024-10-01 03:30:12.720000,売り,143.89100,143.79100,1.00,10.00,3320.00,水平線手前,利確,支持抵抗,0,143.89100
2024-10-01,2024-10-31,20260209_070526,20260209_070526-0002,2024-10-01 23:11:18.869000,2024-10-01 23:11:41.567000,買い,143.12800,143.07800,1.00,-5.00,3315.00,水平線手前,損切,支持抵抗,0,143.12800
2024-10-01,2024-10-31,20260209_070526,20260209_070526-0003,2024-10-03 21:30:00.700000,2024-10-03 21:30:05.836000,買い,146.51000,146.61000,1.00,10.00,3325.00,水平線手前,利確,支持抵抗,0,146.51000
2024-10-01,2024-10-31,20260209_070526,20260209_070526-0004,2024-10-03 23:00:00.388000,2024-10-03 23:00:01.417000,売り,146.97300,147.02300,1.00,-5.00,3320.00,水平線手前,損切,支持抵抗,0,146.97300
2024-10-01,2024-10-31,20260209_070526,20260209_070526-0005,2024-10-04 21:30:01.246000,2024-10-04 21:30:01.562000,売り,146.95700,146.85700,1.00,10.00,3330.00,水平線手前,利確,支持抵抗,0,146.95700
2024-10-01,2024-10-31,20260209_070526,20260209_070526-0006,2024-10-04 21:30:03.944000,2024-10-04 21:30:05.454000,売り,147.20500,147.25500,1.00,-5.00,3325.00,水平線手前,損切,支持抵抗,0,147.20500
2024-10-01,2024-10-31,20260209_070526,20260209_070526-0007,2024-10-04 21:30:04.157000,2024-10-04 21:30:05.978000,売り,147.24500,147.29500,1.00,-5.00,3320.00,水平線手前,損切,支持抵抗,0,147.24500
2024-10-01,2024-10-31,20260209_070526,20260209_070526-0008,2024-10-10 21:30:01.003000,2024-10-10 21:30:01.166000,買い,148.70800,148.80800,1.00,10.00,3330.00,水平線手前,利確,支持抵抗,0,148.70800
2024-10-01,2024-10-31,20260209_070526,20260209_070526-0009,2024-10-10 21:30:01.903000,2024-10-10 21:30:01.961000,売り,149.33000,149.38000,1.00,-5.00,3325.00,水平線手前,損切,支持抵抗,0,149.33000
2024-10-01,2024-10-31,20260209_070526,20260209_070526-0010,2024-10-10 21:30:02.899000,2024-10-10 21:30:04.658000,売り,149.53100,149.43100,1.00,10.00,3335.00,水平線手前,利確,支持抵抗,0,149.53100
2024-10-01,2024-10-31,20260209_070526,20260209_070526-0011,2024-10-10 21:30:02.951000,2024-10-10 21:30:04.658000,売り,149.55800,149.45800,1.00,10.00,3345.00,水平線手前,利確,支持抵抗,0,149.55800
2024-10-01,2024-10-31,20260209_070526,20260209_070526-0012,2024-10-10 21:30:16.229000,2024-10-10 21:30:16.932000,買い,148.25500,148.35500,1.00,10.00,3355.00,水平線手前,利確,支持抵抗,0,148.25500
2024-10-01,2024-10-31,20260209_070526,20260209_070526-0013,2024-10-17 21:30:00.492000,2024-10-17 21:30:00.756000,売り,149.85100,149.75100,1.00,10.00,3365.00,水平線手前,利確,支持抵抗,0,149.85100
2024-10-01,2024-10-31,20260209_070526,20260209_070526-0014,2024-10-18 19:10:15.832000,2024-10-18 19:10:25.852000,買い,149.79600,149.74600,1.00,-5.00,3360.00,水平線手前,損切,支持抵抗,0,149.79600
2024-10-01,2024-10-31,20260209_070526,20260209_070526-0015,2024-10-24 16:15:00.306000,2024-10-24 16:15:14.004000,買い,152.08500,152.03500,1.00,-5.00,3355.00,水平線手前,損切,支持抵抗,0,152.08500
2024-10-01,2024-10-31,20260209_070526,20260209_070526-0016,2024-10-29 23:00:04.166000,2024-10-29 23:00:06.625000,買い,153.00600,153.10600,1.00,10.00,3365.00,水平線手前,利確,支持抵抗,0,153.00600
2024-10-01,2024-10-31,20260209_070526,20260209_070526-0017,2024-10-30 21:30:25.052000,2024-10-30 21:30:31.401000,売り,153.44200,153.49200,1.00,-5.00,3360.00,水平線手前,損切,支持抵抗,0,153.44200
2024-10-01,2024-10-31,20260209_070526,20260209_070526-0018,2024-10-30 21:30:26.712000,2024-10-30 21:36:21.077000,売り,153.46000,153.36000,1.00,10.00,3370.00,水平線手前,利確,支持抵抗,0,153.46000
2024-10-01,2024-10-31,20260209_070526,20260209_070526-0019,2024-10-31 11:48:06.800000,2024-10-31 11:48:07.195000,売り,153.55400,153.60400,1.00,-5.00,3365.00,水平線手前,損切,支持抵抗,0,153.55400
2024-10-01,2024-10-31,20260209_070526,20260209_070526-0020,2024-10-31 11:48:06.904000,2024-10-31 11:48:07.301000,売り,153.57000,153.62000,1.00,-5.00,3360.00,水平線手前,損切,支持抵抗,0,153.57000
2024-10-01,2024-10-31,20260209_070526,20260209_070526-0021,2024-10-31 11:48:07.195000,2024-10-31 11:48:08.393000,売り,153.59500,153.49500,1.00,10.00,3370.00,水平線手前,利確,支持抵抗,0,153.59500
2024-10-01,2024-10-31,20260209_070526,20260209_070526-0022,2024-10-31 15:33:58.284000,2024-10-31 15:34:41.495000,買い,152.81500,152.91500,1.00,10.00,3380.00,水平線手前,利確,支持抵抗,0,152.81500
2024-10-01,2024-10-31,20260209_070526,20260209_070526-0023,2024-10-31 15:46:17.783000,2024-10-31 15:46:47.354000,買い,152.44700,152.39700,1.00,-5.00,3375.00,水平線手前,損切,支持抵抗,0,152.44700
2024-11-01,2024-11-30,20260209_070710,20260209_070710-0001,2024-11-01 21:30:02.541000,2024-11-01 21:30:03.940000,買い,152.23400,152.18400,1.00,-5.00,3370.00,水平線手前,損切,支持抵抗,0,152.23400
2024-11-01,2024-11-30,20260209_070710,20260209_070710-0002,2024-11-06 14:00:14.913000,2024-11-06 14:00:33.155000,買い,153.47800,153.42800,1.00,-5.00,3365.00,水平線手前,損切,支持抵抗,0,153.47800
2024-11-01,2024-11-30,20260209_070710,20260209_070710-0003,2024-11-08 04:00:02.191000,2024-11-08 04:00:04.868000,買い,152.85700,152.95700,1.00,10.00,3375.00,水平線手前,利確,支持抵抗,0,152.85700
2024-11-01,2024-11-30,20260209_070710,20260209_070710-0004,2024-11-13 22:30:02.533000,2024-11-13 22:30:02.743000,買い,154.78200,154.73200,1.00,-5.00,3370.00,水平線手前,損切,支持抵抗,0,154.78200
2024-11-01,2024-11-30,20260209_070710,20260209_070710-0005,2024-11-13 22:30:06.221000,2024-11-13 22:30:10.238000,買い,154.52300,154.62300,1.00,10.00,3380.00,水平線手前,利確,支持抵抗,0,154.52300
2024-11-01,2024-11-30,20260209_070710,20260209_070710-0006,2024-11-15 22:30:11.556000,2024-11-15 22:30:12.179000,買い,155.25500,155.20500,1.00,-5.00,3375.00,水平線手前,損切,支持抵抗,0,155.25500
2024-11-01,2024-11-30,20260209_070710,20260209_070710-0007,2024-11-15 22:30:15.887000,2024-11-15 22:30:16.983000,買い,155.16000,155.26000,1.00,10.00,3385.00,水平線手前,利確,支持抵抗,0,155.16000
2024-11-01,2024-11-30,20260209_070710,20260209_070710-0008,2024-11-21 15:13:16.477000,2024-11-21 15:13:42.648000,買い,154.58700,154.68700,1.00,10.00,3395.00,水平線手前,利確,支持抵抗,0,154.58700
2024-12-01,2024-12-31,20260209_070834,20260209_070834-0001,2024-12-05 14:42:11.066000,2024-12-05 14:42:12.219000,買い,149.89400,149.84400,1.00,-5.00,3390.00,水平線手前,損切,支持抵抗,0,149.89400
2024-12-01,2024-12-31,20260209_070834,20260209_070834-0002,2024-12-05 14:42:14.872000,2024-12-05 14:44:51.676000,買い,149.81800,149.91800,1.00,10.00,3400.00,水平線手前,利確,支持抵抗,0,149.81800
2024-12-01,2024-12-31,20260209_070834,20260209_070834-0003,2024-12-11 18:11:05.738000,2024-12-11 18:11:07.032000,買い,151.45100,151.40100,1.00,-5.00,3395.00,水平線手前,損切,支持抵抗,0,151.45100
2024-12-01,2024-12-31,20260209_070834,20260209_070834-0004,2024-12-11 18:11:06.869000,2024-12-11 18:11:07.032000,買い,151.45100,151.40100,1.00,-5.00,3390.00,水平線手前,損切,支持抵抗,0,151.45100
2024-12-01,2024-12-31,20260209_070834,20260209_070834-0005,2024-12-11 18:11:06.489000,2024-12-11 18:11:07.300000,買い,151.42800,151.37800,1.00,-5.00,3385.00,水平線手前,損切,支持抵抗,0,151.42800
2024-12-01,2024-12-31,20260209_070834,20260209_070834-0006,2024-12-11 22:30:10.299000,2024-12-11 22:30:12.118000,売り,152.68500,152.73500,1.00,-5.00,3380.00,水平線手前,損切,支持抵抗,0,152.68500
2024-12-01,2024-12-31,20260209_070834,20260209_070834-0007,2024-12-11 22:30:13.014000,2024-12-11 22:30:14.013000,売り,152.77500,152.82500,1.00,-5.00,3375.00,水平線手前,損切,支持抵抗,0,152.77500
2024-12-01,2024-12-31,20260209_070834,20260209_070834-0008,2024-12-11 22:30:14.067000,2024-12-11 22:30:15.485000,売り,152.82900,152.72900,1.00,10.00,3385.00,水平線手前,利確,支持抵抗,0,152.82900
2024-12-01,2024-12-31,20260209_070834,20260209_070834-0009,2024-12-11 22:30:17.905000,2024-12-11 22:30:22.389000,買い,152.51200,152.46200,1.00,-5.00,3380.00,水平線手前,損切,支持抵抗,0,152.51200
2024-12-01,2024-12-31,20260209_070834,20260209_070834-0010,2024-12-19 04:00:01.146000,2024-12-19 04:00:01.525000,売り,154.08700,154.13700,1.00,-5.00,3375.00,水平線手前,損切,支持抵抗,0,154.08700
2024-12-01,2024-12-31,20260209_070834,20260209_070834-0011,2024-12-19 04:00:01.525000,2024-12-19 04:00:04.895000,売り,154.18300,154.08300,1.00,10.00,3385.00,水平線手前,利確,支持抵抗,0,154.18300
2024-12-01,2024-12-31,20260209_070834,20260209_070834-0012,2024-12-19 04:00:06.850000,2024-12-19 04:00:07.790000,売り,154.22900,154.12900,1.00,10.00,3395.00,水平線手前,利確,支持抵抗,0,154.22900
2024-12-01,2024-12-31,20260209_070834,20260209_070834-0013,2024-12-19 04:01:08.397000,2024-12-19 04:02:03.604000,売り,154.31900,154.36900,1.00,-5.00,3390.00,水平線手前,損切,支持抵抗,0,154.31900
2024-12-01,2024-12-31,20260209_070834,20260209_070834-0014,2024-12-19 11:52:15.988000,2024-12-19 11:52:19.475000,売り,154.86600,154.91600,1.00,-5.00,3385.00,水平線手前,損切,支持抵抗,0,154.86600
2024-12-01,2024-12-31,20260209_070834,20260209_070834-0015,2024-12-19 11:52:59.348000,2024-12-19 11:53:17.590000,売り,155.24800,155.14800,1.00,10.00,3395.00,水平線手前,利確,支持抵抗,0,155.24800
2024-12-01,2024-12-31,20260209_070834,20260209_070834-0016,2024-12-19 15:33:29.925000,2024-12-19 15:33:37.566000,買い,154.94000,155.04000,1.00,10.00,3405.00,水平線手前,利確,支持抵抗,0,154.94000
2024-12-01,2024-12-31,20260209_070834,20260209_070834-0017,2024-12-20 22:30:03.251000,2024-12-20 22:30:08.598000,買い,156.58200,156.53200,1.00,-5.00,3400.00,水平線手前,損切,支持抵抗,0,156.58200
2024-12-01,2024-12-31,20260209_070834,20260209_070834-0018,2024-12-25 13:44:40.283000,2024-12-25 15:26:09.207000,売り,157.33400,157.23400,1.00,10.00,3410.00,水平線手前,利確,支持抵抗,0,157.33400
2024-12-01,2024-12-31,20260209_070834,20260209_070834-0019,2024-12-25 13:44:24.294000,2024-12-25 16:00:46.537000,売り,157.32400,157.22400,1.00,10.00,3420.00,水平線手前,利確,支持抵抗,0,157.32400
2024-12-01,2024-12-31,20260209_070834,20260209_070834-0020,2024-12-25 16:51:26.179000,2024-12-25 16:58:11.532000,買い,156.93900,157.03900,1.00,10.00,3430.00,水平線手前,利確,支持抵抗,0,156.93900
2024-12-01,2024-12-31,20260209_070834,20260209_070834-0021,2024-12-25 16:51:25.569000,2024-12-26 07:04:01.570000,買い,156.97300,157.07300,1.00,10.00,3440.00,水平線手前,利確,支持抵抗,0,156.97300
2025-01-01,2025-01-31,20260209_070959,20260209_070959-0001,2025-01-08 00:00:19.283000,2025-01-08 00:00:38.540000,売り,158.12300,158.17300,1.00,-5.00,3435.00,水平線手前,損切,支持抵抗,0,158.12300
2025-01-01,2025-01-31,20260209_070959,20260209_070959-0002,2025-01-10 22:30:01.667000,2025-01-10 22:30:01.968000,売り,158.41900,158.31900,1.00,10.00,3445.00,水平線手前,利確,支持抵抗,0,158.41900
2025-01-01,2025-01-31,20260209_070959,20260209_070959-0003,2025-01-10 22:30:03.365000,2025-01-10 22:30:05.146000,売り,158.52200,158.57200,1.00,-5.00,3440.00,水平線手前,損切,支持抵抗,0,158.52200
2025-01-01,2025-01-31,20260209_070959,20260209_070959-0004,2025-01-14 22:30:05.113000,2025-01-14 22:30:07.177000,買い,157.40000,157.50000,1.00,10.00,3450.00,水平線手前,利確,支持抵抗,0,157.40000
2025-01-01,2025-01-31,20260209_070959,20260209_070959-0005,2025-01-15 22:30:01.352000,2025-01-15 22:30:01.886000,買い,156.65400,156.60400,1.00,-5.00,3445.00,水平線手前,損切,支持抵抗,0,156.65400
2025-01-01,2025-01-31,20260209_070959,20260209_070959-0006,2025-01-15 22:30:01.938000,2025-01-15 22:30:04.708000,買い,156.42400,156.52400,1.00,10.00,3455.00,水平線手前,利確,支持抵抗,0,156.42400
2025-01-01,2025-01-31,20260209_070959,20260209_070959-0007,2025-01-16 11:02:05.206000,2025-01-16 11:02:06.555000,買い,155.51500,155.46500,1.00,-5.00,3450.00,水平線手前,損切,支持抵抗,0,155.51500
2025-01-01,2025-01-31,20260209_070959,20260209_070959-0008,2025-01-21 23:45:56.087000,2025-01-21 23:48:58.496000,買い,155.36900,155.46900,1.00,10.00,3460.00,水平線手前,利確,支持抵抗,0,155.36900
2025-01-01,2025-01-31,20260209_070959,20260209_070959-0009,2025-01-24 01:14:03.188000,2025-01-24 01:14:06.940000,買い,156.14000,156.09000,1.00,-5.00,3455.00,水平線手前,損切,支持抵抗,0,156.14000
2025-01-01,2025-01-31,20260209_070959,20260209_070959-0010,2025-01-24 12:30:03.174000,2025-01-24 12:30:08.950000,買い,155.76800,155.71800,1.00,-5.00,3450.00,水平線手前,損切,支持抵抗,0,155.76800
2025-01-01,2025-01-31,20260209_070959,20260209_070959-0011,2025-01-24 12:30:03.827000,2025-01-24 12:30:24.531000,買い,155.73600,155.83600,1.00,10.00,3460.00,水平線手前,利確,支持抵抗,0,155.73600
2025-01-01,2025-01-31,20260209_070959,20260209_070959-0012,2025-01-24 15:44:22.759000,2025-01-24 15:44:23.663000,売り,155.69100,155.59100,1.00,10.00,3470.00,水平線手前,利確,支持抵抗,0,155.69100
2025-01-01,2025-01-31,20260209_070959,20260209_070959-0013,2025-01-24 23:45:00.285000,2025-01-24 23:45:02.367000,買い,156.11100,156.21100,1.00,10.00,3480.00,水平線手前,利確,支持抵抗,0,156.11100
2025-01-01,2025-01-31,20260209_070959,20260209_070959-0014,2025-01-28 15:00:33.577000,2025-01-28 15:25:01.573000,買い,155.54700,155.64700,1.00,10.00,3490.00,水平線手前,利確,支持抵抗,0,155.54700
2025-02-01,2025-02-28,20260209_071114,20260209_071114-0001,2025-02-04 00:21:57.225000,2025-02-04 00:22:11.263000,買い,154.03100,154.13100,1.00,10.00,3500.00,水平線手前,利確,支持抵抗,0,154.03100
2025-02-01,2025-02-28,20260209_071114,20260209_071114-0002,2025-02-05 00:00:02.439000,2025-02-05 00:00:15.917000,買い,154.86100,154.81100,1.00,-5.00,3495.00,水平線手前,損切,支持抵抗,0,154.86100
2025-02-01,2025-02-28,20260209_071114,20260209_071114-0003,2025-02-06 00:00:00.256000,2025-02-06 00:00:14.686000,買い,152.53400,152.48400,1.00,-5.00,3490.00,水平線手前,損切,支持抵抗,0,152.53400
2025-02-01,2025-02-28,20260209_071114,20260209_071114-0004,2025-02-07 22:30:03.428000,2025-02-07 22:30:04.468000,買い,151.46400,151.41400,1.00,-5.00,3485.00,水平線手前,損切,支持抵抗,0,151.46400
2025-02-01,2025-02-28,20260209_071114,20260209_071114-0005,2025-02-07 22:30:06.227000,2025-02-07 22:30:10.437000,買い,151.34900,151.44900,1.00,10.00,3495.00,水平線手前,利確,支持抵抗,0,151.34900
2025-02-01,2025-02-28,20260209_071114,20260209_071114-0006,2025-02-07 22:31:05.962000,2025-02-07 22:31:06.472000,売り,152.21400,152.26400,1.00,-5.00,3490.00,水平線手前,損切,支持抵抗,0,152.21400
2025-02-01,2025-02-28,20260209_071114,20260209_071114-0007,2025-02-07 22:31:16.288000,2025-02-07 22:31:34.489000,売り,152.39700,152.29700,1.00,10.00,3500.00,水平線手前,利確,支持抵抗,0,152.39700
2025-02-01,2025-02-28,20260209_071114,20260209_071114-0008,2025-02-08 00:55:03.564000,2025-02-08 00:55:17.877000,買い,151.31200,151.41200,1.00,10.00,3510.00,水平線手前,利確,支持抵抗,0,151.31200
2025-02-01,2025-02-28,20260209_071114,20260209_071114-0009,2025-02-08 02:16:53.029000,2025-02-08 02:16:57.335000,売り,151.81800,151.71800,1.00,10.00,3520.00,水平線手前,利確,支持抵抗,0,151.81800
2025-02-01,2025-02-28,20260209_071114,20260209_071114-0010,2025-02-12 21:58:34.721000,2025-02-12 21:58:35.705000,買い,153.44300,153.39300,1.00,-5.00,3515.00,水平線手前,損切,支持抵抗,0,153.44300
2025-02-01,2025-02-28,20260209_071114,20260209_071114-0011,2025-02-12 21:58:34.773000,2025-02-12 21:59:01.422000,買い,153.41100,153.51100,1.00,10.00,3525.00,水平線手前,利確,支持抵抗,0,153.41100
2025-02-01,2025-02-28,20260209_071114,20260209_071114-0012,2025-02-12 22:30:00.424000,2025-02-12 22:30:01.299000,買い,153.30100,153.40100,1.00,10.00,3535.00,水平線手前,利確,支持抵抗,0,153.30100
2025-02-01,2025-02-28,20260209_071114,20260209_071114-0013,2025-02-12 22:30:01.299000,2025-02-12 22:30:01.353000,売り,153.87500,153.92500,1.00,-5.00,3530.00,水平線手前,損切,支持抵抗,0,153.87500
2025-03-01,2025-03-31,20260209_071248,20260209_071248-0001,2025-03-05 22:04:03.611000,2025-03-05 22:15:01.037000,売り,149.71100,149.61100,1.00,10.00,3540.00,水平線手前,利確,支持抵抗,0,149.71100
2025-03-01,2025-03-31,20260209_071248,20260209_071248-0002,2025-03-07 22:31:23.699000,2025-03-07 22:31:25.965000,売り,147.82300,147.87300,1.00,-5.00,3535.00,水平線手前,損切,支持抵抗,0,147.82300
2025-03-01,2025-03-31,20260209_071248,20260209_071248-0003,2025-03-10 20:04:03.707000,2025-03-10 20:06:13.385000,買い,146.89200,146.99200,1.00,10.00,3545.00,水平線手前,利確,支持抵抗,0,146.89200
2025-03-01,2025-03-31,20260209_071248,20260209_071248-0004,2025-03-11 21:57:50.281000,2025-03-11 21:59:27.241000,売り,147.90600,147.80600,1.00,10.00,3555.00,水平線手前,利確,支持抵抗,0,147.90600
2025-03-01,2025-03-31,20260209_071248,20260209_071248-0005,2025-03-13 21:30:01.218000,2025-03-13 21:30:02.832000,買い,147.74100,147.84100,1.00,10.00,3565.00,水平線手前,利確,支持抵抗,0,147.74100
2025-03-01,2025-03-31,20260209_071248,20260209_071248-0006,2025-03-13 21:30:03.192000,2025-03-13 21:30:04.899000,買い,147.85700,147.95700,1.00,10.00,3575.00,水平線手前,利確,支持抵抗,0,147.85700
2025-03-01,2025-03-31,20260209_071248,20260209_071248-0007,2025-03-14 16:14:19.941000,2025-03-14 16:14:36.782000,売り,148.72200,148.62200,1.00,10.00,3585.00,水平線手前,利確,支持抵抗,0,148.72200
2025-03-01,2025-03-31,20260209_071248,20260209_071248-0008,2025-03-17 21:30:01.621000,2025-03-17 21:30:01.829000,買い,148.43600,148.38600,1.00,-5.00,3580.00,水平線手前,損切,支持抵抗,0,148.43600
2025-03-01,2025-03-31,20260209_071248,20260209_071248-0009,2025-03-17 21:30:03.478000,2025-03-17 21:30:05.256000,買い,148.27400,148.37400,1.00,10.00,3590.00,水平線手前,利確,支持抵抗,0,148.27400
2025-03-01,2025-03-31,20260209_071248,20260209_071248-0010,2025-03-17 21:30:04.623000,2025-03-17 21:30:05.311000,買い,148.28900,148.38900,1.00,10.00,3600.00,水平線手前,利確,支持抵抗,0,148.28900
2025-03-01,2025-03-31,20260209_071248,20260209_071248-0011,2025-03-19 11:30:42.689000,2025-03-19 11:31:12.851000,買い,149.22600,149.32600,1.00,10.00,3610.00,水平線手前,利確,支持抵抗,0,149.22600
2025-03-01,2025-03-31,20260209_071248,20260209_071248-0012,2025-03-28 21:30:03.112000,2025-03-28 21:30:06.506000,売り,150.93200,150.83200,1.00,10.00,3620.00,水平線手前,利確,支持抵抗,0,150.93200
2025-04-01,2025-04-30,20260209_071447,20260209_071447-0001,2025-04-03 23:00:00.135000,2025-04-03 23:00:00.800000,買い,145.52600,145.47600,1.00,-5.00,3615.00,水平線手前,損切,支持抵抗,0,145.52600
2025-04-01,2025-04-30,20260209_071447,20260209_071447-0002,2025-04-03 23:00:14.659000,2025-04-03 23:00:25.166000,買い,145.21800,145.31800,1.00,10.00,3625.00,水平線手前,利確,支持抵抗,0,145.21800
2025-04-01,2025-04-30,20260209_071447,20260209_071447-0003,2025-04-04 20:13:35.169000,2025-04-04 20:13:52.885000,買い,144.58900,144.68900,1.00,10.00,3635.00,水平線手前,利確,支持抵抗,0,144.58900
2025-04-01,2025-04-30,20260209_071447,20260209_071447-0004,2025-04-05 00:01:42.188000,2025-04-05 00:01:49.190000,売り,145.86000,145.91000,1.00,-5.00,3630.00,水平線手前,損切,支持抵抗,0,145.86000
2025-04-01,2025-04-30,20260209_071447,20260209_071447-0005,2025-04-07 23:10:42.176000,2025-04-07 23:10:44.817000,売り,147.40200,147.45200,1.00,-5.00,3625.00,水平線手前,損切,支持抵抗,0,147.40200
2025-04-01,2025-04-30,20260209_071447,20260209_071447-0006,2025-04-07 23:10:42.902000,2025-04-07 23:10:44.817000,売り,147.40200,147.45200,1.00,-5.00,3620.00,水平線手前,損切,支持抵抗,0,147.40200
2025-04-01,2025-04-30,20260209_071447,20260209_071447-0007,2025-04-07 23:14:00.228000,2025-04-07 23:14:15.703000,売り,147.96200,147.86200,1.00,10.00,3630.00,水平線手前,利確,支持抵抗,0,147.96200
2025-04-01,2025-04-30,20260209_071447,20260209_071447-0008,2025-04-07 23:35:30.808000,2025-04-07 23:36:00.432000,売り,147.06800,146.96800,1.00,10.00,3640.00,水平線手前,利確,支持抵抗,0,147.06800
2025-04-01,2025-04-30,20260209_071447,20260209_071447-0009,2025-04-08 02:00:16.122000,2025-04-08 02:00:39.074000,売り,148.07800,148.12800,1.00,-5.00,3635.00,水平線手前,損切,支持抵抗,0,148.07800
2025-04-01,2025-04-30,20260209_071447,20260209_071447-0010,2025-04-09 17:00:11.088000,2025-04-09 17:00:37.390000,売り,145.61000,145.51000,1.00,10.00,3645.00,水平線手前,利確,支持抵抗,0,145.61000
2025-04-01,2025-04-30,20260209_071447,20260209_071447-0011,2025-04-10 02:18:44.800000,2025-04-10 02:18:49.875000,買い,144.58800,144.68800,1.00,10.00,3655.00,水平線手前,利確,支持抵抗,0,144.58800
2025-04-01,2025-04-30,20260209_071447,20260209_071447-0012,2025-04-10 02:21:02.844000,2025-04-10 02:21:08.480000,売り,145.74900,145.64900,1.00,10.00,3665.00,水平線手前,利確,支持抵抗,0,145.74900
2025-04-01,2025-04-30,20260209_071447,20260209_071447-0013,2025-04-10 02:22:10.492000,2025-04-10 02:22:20.057000,売り,145.91200,145.96200,1.00,-5.00,3660.00,水平線手前,損切,支持抵抗,0,145.91200
2025-04-01,2025-04-30,20260209_071447,20260209_071447-0014,2025-04-10 03:07:57.775000,2025-04-10 03:07:59.374000,売り,148.10900,148.15900,1.00,-5.00,3655.00,水平線手前,損切,支持抵抗,0,148.10900
2025-04-01,2025-04-30,20260209_071447,20260209_071447-0015,2025-04-10 03:07:57.827000,2025-04-10 03:08:02.398000,売り,148.12500,148.17500,1.00,-5.00,3650.00,水平線手前,損切,支持抵抗,0,148.12500
2025-04-01,2025-04-30,20260209_071447,20260209_071447-0016,2025-04-10 03:08:09.577000,2025-04-10 03:08:21.060000,売り,148.25300,148.15300,1.00,10.00,3660.00,水平線手前,利確,支持抵抗,0,148.25300
2025-04-01,2025-04-30,20260209_071447,20260209_071447-0017,2025-04-10 03:11:43.979000,2025-04-10 03:12:30.356000,売り,148.12000,148.02000,1.00,10.00,3670.00,水平線手前,利確,支持抵抗,0,148.12000
2025-04-01,2025-04-30,20260209_071447,20260209_071447-0018,2025-04-10 03:14:53.631000,2025-04-10 03:15:18.803000,売り,147.93300,147.98300,1.00,-5.00,3665.00,水平線手前,損切,支持抵抗,0,147.93300
2025-04-01,2025-04-30,20260209_071447,20260209_071447-0019,2025-04-10 21:30:31.596000,2025-04-10 21:30:51.634000,買い,144.91600,145.01600,1.00,10.00,3675.00,水平線手前,利確,支持抵抗,0,144.91600
2025-04-01,2025-04-30,20260209_071447,20260209_071447-0020,2025-04-10 21:54:43.701000,2025-04-10 21:54:50.767000,買い,145.37600,145.32600,1.00,-5.00,3670.00,水平線手前,損切,支持抵抗,0,145.37600
2025-04-01,2025-04-30,20260209_071447,20260209_071447-0021,2025-04-11 18:51:01.144000,2025-04-11 18:51:03.836000,買い,142.07000,142.17000,1.00,10.00,3680.00,水平線手前,利確,支持抵抗,0,142.07000
2025-04-01,2025-04-30,20260209_071447,20260209_071447-0022,2025-04-11 22:39:17.713000,2025-04-11 22:39:32.576000,売り,143.18900,143.23900,1.00,-5.00,3675.00,水平線手前,損切,支持抵抗,0,143.18900
2025-04-01,2025-04-30,20260209_071447,20260209_071447-0023,2025-04-11 22:39:44.041000,2025-04-11 22:39:57.972000,売り,143.53900,143.43900,1.00,10.00,3685.00,水平線手前,利確,支持抵抗,0,143.53900
2025-04-01,2025-04-30,20260209_071447,20260209_071447-0024,2025-04-17 21:30:36.554000,2025-04-17 21:34:24.537000,買い,142.42000,142.52000,1.00,10.00,3695.00,水平線手前,利確,支持抵抗,0,142.42000
2025-04-01,2025-04-30,20260209_071447,20260209_071447-0025,2025-04-23 22:37:44.911000,2025-04-23 22:37:46.923000,売り,142.19000,142.24000,1.00,-5.00,3690.00,水平線手前,損切,支持抵抗,0,142.19000
2025-04-01,2025-04-30,20260209_071447,20260209_071447-0026,2025-04-24 01:10:25.034000,2025-04-24 01:10:41.781000,売り,142.76600,142.81600,1.00,-5.00,3685.00,水平線手前,損切,支持抵抗,0,142.76600
2025-04-01,2025-04-30,20260209_071447,20260209_071447-0027,2025-04-25 19:17:25.827000,2025-04-25 19:19:51.997000,売り,143.66800,143.71800,1.00,-5.00,3680.00,水平線手前,損切,支持抵抗,0,143.66800
2025-05-01,2025-05-31,20260209_071558,20260209_071558-0001,2025-05-01 12:03:00.870000,2025-05-01 12:03:13.704000,売り,143.21200,143.26200,1.00,-5.00,3675.00,水平線手前,損切,支持抵抗,0,143.21200
2025-05-01,2025-05-31,20260209_071558,20260209_071558-0002,2025-05-01 23:00:11.301000,2025-05-01 23:00:12.813000,売り,144.77400,144.82400,1.00,-5.00,3670.00,水平線手前,損切,支持抵抗,0,144.77400
2025-05-01,2025-05-31,20260209_071558,20260209_071558-0003,2025-05-03 01:02:34.293000,2025-05-03 01:03:19.514000,売り,144.76200,144.66200,1.00,10.00,3680.00,水平線手前,利確,支持抵抗,0,144.76200
2025-05-01,2025-05-31,20260209_071558,20260209_071558-0004,2025-05-09 20:26:54.526000,2025-05-09 20:26:58.739000,買い,145.11300,145.06300,1.00,-5.00,3675.00,水平線手前,損切,支持抵抗,0,145.11300
2025-05-01,2025-05-31,20260209_071558,20260209_071558-0005,2025-05-09 20:27:15.901000,2025-05-09 20:29:16.314000,買い,144.96900,145.06900,1.00,10.00,3685.00,水平線手前,利確,支持抵抗,0,144.96900
2025-05-01,2025-05-31,20260209_071558,20260209_071558-0006,2025-05-12 16:00:06.006000,2025-05-12 16:00:08.455000,売り,146.25400,146.30400,1.00,-5.00,3680.00,水平線手前,損切,支持抵抗,0,146.25400
2025-05-01,2025-05-31,20260209_071558,20260209_071558-0007,2025-05-13 21:30:06.468000,2025-05-13 21:30:14.527000,買い,147.87700,147.97700,1.00,10.00,3690.00,水平線手前,利確,支持抵抗,0,147.87700
2025-05-01,2025-05-31,20260209_071558,20260209_071558-0008,2025-05-14 18:44:07.358000,2025-05-14 18:52:44.833000,買い,145.63600,145.73600,1.00,10.00,3700.00,水平線手前,利確,支持抵抗,0,145.63600
2025-05-01,2025-05-31,20260209_071558,20260209_071558-0009,2025-05-15 21:30:13.247000,2025-05-15 21:30:54.062000,買い,145.66100,145.76100,1.00,10.00,3710.00,水平線手前,利確,支持抵抗,0,145.66100
2025-05-01,2025-05-31,20260209_071558,20260209_071558-0010,2025-05-20 11:57:42.680000,2025-05-20 11:57:45.985000,売り,145.26800,145.16800,1.00,10.00,3720.00,水平線手前,利確,支持抵抗,0,145.26800
2025-05-01,2025-05-31,20260209_071558,20260209_071558-0011,2025-05-22 22:45:05.531000,2025-05-22 22:45:12.072000,売り,143.76600,143.81600,1.00,-5.00,3715.00,水平線手前,損切,支持抵抗,0,143.76600
2025-05-01,2025-05-31,20260209_071558,20260209_071558-0012,2025-05-23 20:19:59.571000,2025-05-23 20:20:04.666000,買い,143.17700,143.12700,1.00,-5.00,3710.00,水平線手前,損切,支持抵抗,0,143.17700
2025-05-01,2025-05-31,20260209_071558,20260209_071558-0013,2025-05-23 20:44:05.469000,2025-05-23 20:44:06.289000,買い,142.84000,142.79000,1.00,-5.00,3705.00,水平線手前,損切,支持抵抗,0,142.84000
2025-05-01,2025-05-31,20260209_071558,20260209_071558-0014,2025-05-27 23:00:02.354000,2025-05-27 23:00:04.139000,売り,144.30000,144.35000,1.00,-5.00,3700.00,水平線手前,損切,支持抵抗,0,144.30000
2025-05-01,2025-05-31,20260209_071558,20260209_071558-0015,2025-05-27 23:00:04.725000,2025-05-27 23:03:03.351000,売り,144.36900,144.41900,1.00,-5.00,3695.00,水平線手前,損切,支持抵抗,0,144.36900
2025-05-01,2025-05-31,20260209_071558,20260209_071558-0016,2025-05-28 14:20:06.532000,2025-05-28 14:21:06.765000,売り,144.75600,144.65600,1.00,10.00,3705.00,水平線手前,利確,支持抵抗,0,144.75600
2025-05-01,2025-05-31,20260209_071558,20260209_071558-0017,2025-05-28 14:20:09.090000,2025-05-28 14:21:08.627000,売り,144.73700,144.63700,1.00,10.00,3715.00,水平線手前,利確,支持抵抗,0,144.73700
2025-05-01,2025-05-31,20260209_071558,20260209_071558-0018,2025-05-29 21:05:13.086000,2025-05-29 21:05:15.484000,買い,144.78700,144.73700,1.00,-5.00,3710.00,水平線手前,損切,支持抵抗,0,144.78700
2025-06-01,2025-06-30,20260209_071657,20260209_071657-0001,2025-06-04 23:00:00.158000,2025-06-04 23:00:00.571000,買い,143.43900,143.38900,1.00,-5.00,3705.00,水平線手前,損切,支持抵抗,0,143.43900
2025-06-01,2025-06-30,20260209_071657,20260209_071657-0002,2025-06-05 21:50:03.030000,2025-06-05 21:50:04.387000,売り,143.37900,143.42900,1.00,-5.00,3700.00,水平線手前,損切,支持抵抗,0,143.37900
2025-06-01,2025-06-30,20260209_071657,20260209_071657-0003,2025-06-05 21:50:20.337000,2025-06-05 21:50:24.351000,売り,143.66200,143.56200,1.00,10.00,3710.00,水平線手前,利確,支持抵抗,0,143.66200
2025-06-01,2025-06-30,20260209_071657,20260209_071657-0004,2025-06-06 21:30:02.208000,2025-06-06 21:30:02.724000,売り,144.43400,144.48400,1.00,-5.00,3705.00,水平線手前,損切,支持抵抗,0,144.43400
2025-06-01,2025-06-30,20260209_071657,20260209_071657-0005,2025-06-11 21:04:47.598000,2025-06-11 21:04:50.481000,売り,145.30700,145.35700,1.00,-5.00,3700.00,水平線手前,損切,支持抵抗,0,145.30700
2025-06-01,2025-06-30,20260209_071657,20260209_071657-0006,2025-06-11 21:30:06.951000,2025-06-11 21:30:11.225000,買い,144.69100,144.79100,1.00,10.00,3710.00,水平線手前,利確,支持抵抗,0,144.69100
2025-06-01,2025-06-30,20260209_071657,20260209_071657-0007,2025-06-12 21:30:21.953000,2025-06-12 21:30:32.424000,買い,143.44100,143.39100,1.00,-5.00,3705.00,水平線手前,損切,支持抵抗,0,143.44100
2025-06-01,2025-06-30,20260209_071657,20260209_071657-0008,2025-06-17 21:30:01.162000,2025-06-17 21:30:01.423000,買い,144.44000,144.39000,1.00,-5.00,3700.00,水平線手前,損切,支持抵抗,0,144.44000
2025-06-01,2025-06-30,20260209_071657,20260209_071657-0009,2025-06-17 21:30:01.370000,2025-06-17 21:30:08.756000,買い,144.41500,144.51500,1.00,10.00,3710.00,水平線手前,利確,支持抵抗,0,144.41500
2025-06-01,2025-06-30,20260209_071657,20260209_071657-0010,2025-06-17 21:30:03.349000,2025-06-17 21:30:11.330000,買い,144.44500,144.54500,1.00,10.00,3720.00,水平線手前,利確,支持抵抗,0,144.44500
2025-06-01,2025-06-30,20260209_071657,20260209_071657-0011,2025-06-19 03:00:15.175000,2025-06-19 03:00:18.288000,買い,144.56200,144.51200,1.00,-5.00,3715.00,水平線手前,損切,支持抵抗,0,144.56200
2025-07-01,2025-07-31,20260209_071750,20260209_071750-0001,2025-07-03 21:30:01.420000,2025-07-03 21:30:01.573000,売り,144.32500,144.37500,1.00,-5.00,3710.00,水平線手前,損切,支持抵抗,0,144.32500
2025-07-01,2025-07-31,20260209_071750,20260209_071750-0002,2025-07-03 21:30:02.089000,2025-07-03 21:30:02.450000,売り,144.46900,144.51900,1.00,-5.00,3705.00,水平線手前,損切,支持抵抗,0,144.46900
2025-07-01,2025-07-31,20260209_071750,20260209_071750-0003,2025-07-10 21:30:21.043000,2025-07-10 21:32:50.201000,売り,146.43500,146.48500,1.00,-5.00,3700.00,水平線手前,損切,支持抵抗,0,146.43500
2025-07-01,2025-07-31,20260209_071750,20260209_071750-0004,2025-07-16 21:30:14.937000,2025-07-16 21:30:43.025000,買い,148.50500,148.60500,1.00,10.00,3710.00,水平線手前,利確,支持抵抗,0,148.50500
2025-07-01,2025-07-31,20260209_071750,20260209_071750-0005,2025-07-17 00:16:32.851000,2025-07-17 00:16:33.798000,買い,147.68300,147.63300,1.00,-5.00,3705.00,水平線手前,損切,支持抵抗,0,147.68300
2025-07-01,2025-07-31,20260209_071750,20260209_071750-0006,2025-07-17 00:16:34.064000,2025-07-17 00:16:36.437000,買い,147.57300,147.52300,1.00,-5.00,3700.00,水平線手前,損切,支持抵抗,0,147.57300
2025-07-01,2025-07-31,20260209_071750,20260209_071750-0007,2025-07-17 00:17:51.891000,2025-07-17 00:17:52.632000,買い,147.18000,147.13000,1.00,-5.00,3695.00,水平線手前,損切,支持抵抗,0,147.18000
2025-07-01,2025-07-31,20260209_071750,20260209_071750-0008,2025-07-17 00:30:38.593000,2025-07-17 00:30:43.532000,買い,146.94500,147.04500,1.00,10.00,3705.00,水平線手前,利確,支持抵抗,0,146.94500
2025-07-01,2025-07-31,20260209_071750,20260209_071750-0009,2025-07-17 21:30:01.908000,2025-07-17 21:30:14.286000,売り,148.89800,148.94800,1.00,-5.00,3700.00,水平線手前,損切,支持抵抗,0,148.89800
2025-07-01,2025-07-31,20260209_071750,20260209_071750-0010,2025-07-22 21:51:39.685000,2025-07-22 22:01:06.623000,買い,146.77400,146.72400,1.00,-5.00,3695.00,水平線手前,損切,支持抵抗,0,146.77400
2025-07-01,2025-07-31,20260209_071750,20260209_071750-0011,2025-07-23 11:20:58.183000,2025-07-23 11:21:10.447000,売り,146.91600,146.96600,1.00,-5.00,3690.00,水平線手前,損切,支持抵抗,0,146.91600
2025-08-01,2025-08-31,20260209_071843,20260209_071843-0001,2025-08-01 21:30:01.313000,2025-08-01 21:30:01.364000,買い,150.31200,150.26200,1.00,-5.00,3685.00,水平線手前,損切,支持抵抗,0,150.31200
2025-08-01,2025-08-31,20260209_071843,20260209_071843-0002,2025-08-01 23:00:00.125000,2025-08-01 23:00:00.178000,買い,147.97900,147.92900,1.00,-5.00,3680.00,水平線手前,損切,支持抵抗,0,147.97900
2025-08-01,2025-08-31,20260209_071843,20260209_071843-0003,2025-08-05 23:00:02.105000,2025-08-05 23:00:06.343000,買い,147.53800,147.48800,1.00,-5.00,3675.00,水平線手前,損切,支持抵抗,0,147.53800
2025-08-01,2025-08-31,20260209_071843,20260209_071843-0004,2025-08-07 23:08:33.456000,2025-08-07 23:09:13.591000,売り,147.46300,147.36300,1.00,10.00,3685.00,水平線手前,利確,支持抵抗,0,147.46300
2025-08-01,2025-08-31,20260209_071843,20260209_071843-0005,2025-08-12 21:30:09.652000,2025-08-12 21:30:19.640000,買い,147.89900,147.99900,1.00,10.00,3695.00,水平線手前,利確,支持抵抗,0,147.89900
2025-08-01,2025-08-31,20260209_071843,20260209_071843-0006,2025-08-12 21:30:12.300000,2025-08-12 21:30:19.640000,買い,147.89400,147.99400,1.00,10.00,3705.00,水平線手前,利確,支持抵抗,0,147.89400
2025-08-01,2025-08-31,20260209_071843,20260209_071843-0007,2025-08-14 21:30:02.152000,2025-08-14 21:30:03.333000,売り,146.74200,146.79200,1.00,-5.00,3700.00,水平線手前,損切,支持抵抗,0,146.74200
2025-08-01,2025-08-31,20260209_071843,20260209_071843-0008,2025-08-22 23:00:01.812000,2025-08-22 23:00:01.915000,買い,148.44500,148.39500,1.00,-5.00,3695.00,水平線手前,損切,支持抵抗,0,148.44500
2025-08-01,2025-08-31,20260209_071843,20260209_071843-0009,2025-08-22 23:00:02.960000,2025-08-22 23:00:03.478000,買い,148.30700,148.25700,1.00,-5.00,3690.00,水平線手前,損切,支持抵抗,0,148.30700
2025-09-01,2025-09-30,20260209_071933,20260209_071933-0001,2025-09-03 23:00:01.760000,2025-09-03 23:00:02.180000,買い,148.46600,148.41600,1.00,-5.00,3685.00,水平線手前,損切,支持抵抗,0,148.46600
2025-09-01,2025-09-30,20260209_071933,20260209_071933-0002,2025-09-04 21:15:01.816000,2025-09-04 21:15:03.015000,買い,148.05000,148.15000,1.00,10.00,3695.00,水平線手前,利確,支持抵抗,0,148.05000
2025-09-01,2025-09-30,20260209_071933,20260209_071933-0003,2025-09-04 23:00:00.294000,2025-09-04 23:00:01.633000,売り,148.54500,148.59500,1.00,-5.00,3690.00,水平線手前,損切,支持抵抗,0,148.54500
2025-09-01,2025-09-30,20260209_071933,20260209_071933-0004,2025-09-05 21:30:01.201000,2025-09-05 21:30:01.510000,買い,147.67900,147.62900,1.00,-5.00,3685.00,水平線手前,損切,支持抵抗,0,147.67900
2025-09-01,2025-09-30,20260209_071933,20260209_071933-0005,2025-09-05 21:30:43.337000,2025-09-05 21:31:29.923000,買い,147.21800,147.31800,1.00,10.00,3695.00,水平線手前,利確,支持抵抗,0,147.21800
2025-09-01,2025-09-30,20260209_071933,20260209_071933-0006,2025-09-10 21:30:01.427000,2025-09-10 21:30:01.786000,買い,147.29600,147.24600,1.00,-5.00,3690.00,水平線手前,損切,支持抵抗,0,147.29600
2025-09-01,2025-09-30,20260209_071933,20260209_071933-0007,2025-09-10 21:30:03.851000,2025-09-10 21:30:06.985000,買い,147.11800,147.21800,1.00,10.00,3700.00,水平線手前,利確,支持抵抗,0,147.11800
2025-09-01,2025-09-30,20260209_071933,20260209_071933-0008,2025-09-11 21:30:04.708000,2025-09-11 21:30:07.426000,売り,148.15100,148.05100,1.00,10.00,3710.00,水平線手前,利確,支持抵抗,0,148.15100
2025-09-01,2025-09-30,20260209_071933,20260209_071933-0009,2025-09-18 03:00:00.927000,2025-09-18 03:00:01.042000,買い,146.16600,146.26600,1.00,10.00,3720.00,水平線手前,利確,支持抵抗,0,146.16600
2025-09-01,2025-09-30,20260209_071933,20260209_071933-0010,2025-09-18 03:50:01.735000,2025-09-18 03:50:08.290000,売り,146.65200,146.55200,1.00,10.00,3730.00,水平線手前,利確,支持抵抗,0,146.65200
2025-09-01,2025-09-30,20260209_071933,20260209_071933-0011,2025-09-18 21:30:08.346000,2025-09-18 21:30:09.341000,売り,147.50900,147.55900,1.00,-5.00,3725.00,水平線手前,損切,支持抵抗,0,147.50900
2025-10-01,2025-10-31,20260209_072027,20260209_072027-0001,2025-10-01 21:15:47.320000,2025-10-01 21:15:47.424000,買い,146.90200,146.85200,1.00,-5.00,3720.00,水平線手前,損切,支持抵抗,0,146.90200
2025-10-01,2025-10-31,20260209_072027,20260209_072027-0002,2025-10-03 23:00:00.307000,2025-10-03 23:00:06.619000,買い,147.09000,147.19000,1.00,10.00,3730.00,水平線手前,利確,支持抵抗,0,147.09000
2025-10-01,2025-10-31,20260209_072027,20260209_072027-0003,2025-10-03 23:00:00.461000,2025-10-03 23:00:06.934000,買い,147.10600,147.20600,1.00,10.00,3740.00,水平線手前,利確,支持抵抗,0,147.10600
2025-10-01,2025-10-31,20260209_072027,20260209_072027-0004,2025-10-09 22:07:02.848000,2025-10-09 22:07:03.427000,買い,152.44200,152.39200,1.00,-5.00,3735.00,水平線手前,損切,支持抵抗,0,152.44200
2025-10-01,2025-10-31,20260209_072027,20260209_072027-0005,2025-10-09 22:07:03.007000,2025-10-09 22:07:03.427000,買い,152.41300,152.36300,1.00,-5.00,3730.00,水平線手前,損切,支持抵抗,0,152.41300
2025-10-01,2025-10-31,20260209_072027,20260209_072027-0006,2025-10-09 22:11:28.107000,2025-10-09 22:11:29.316000,買い,152.13800,152.23800,1.00,10.00,3740.00,水平線手前,利確,支持抵抗,0,152.13800
2025-10-01,2025-10-31,20260209_072027,20260209_072027-0007,2025-10-10 15:35:31.431000,2025-10-10 15:35:33.741000,買い,152.66300,152.61300,1.00,-5.00,3735.00,水平線手前,損切,支持抵抗,0,152.66300
2025-10-01,2025-10-31,20260209_072027,20260209_072027-0008,2025-10-10 15:37:21.922000,2025-10-10 15:37:37.111000,買い,152.41200,152.51200,1.00,10.00,3745.00,水平線手前,利確,支持抵抗,0,152.41200
2025-10-01,2025-10-31,20260209_072027,20260209_072027-0009,2025-10-15 04:37:13.606000,2025-10-15 05:05:25.622000,買い,151.63900,151.73900,1.00,10.00,3755.00,水平線手前,利確,支持抵抗,0,151.63900
2025-10-01,2025-10-31,20260209_072027,20260209_072027-0010,2025-10-17 04:35:08.168000,2025-10-17 04:39:41.796000,買い,150.25200,150.35200,1.00,10.00,3765.00,水平線手前,利確,支持抵抗,0,150.25200
2025-10-01,2025-10-31,20260209_072027,20260209_072027-0011,2025-10-21 14:05:02.636000,2025-10-21 14:05:03.802000,買い,150.88200,150.98200,1.00,10.00,3775.00,水平線手前,利確,支持抵抗,0,150.88200
2025-10-01,2025-10-31,20260209_072027,20260209_072027-0012,2025-10-23 01:30:42.501000,2025-10-23 01:31:14.465000,買い,151.54200,151.64200,1.00,10.00,3785.00,水平線手前,利確,支持抵抗,0,151.54200
2025-10-01,2025-10-31,20260209_072027,20260209_072027-0013,2025-10-24 21:30:01.350000,2025-10-24 21:30:01.402000,買い,152.49400,152.44400,1.00,-5.00,3780.00,水平線手前,損切,支持抵抗,0,152.49400
2025-10-01,2025-10-31,20260209_072027,20260209_072027-0014,2025-10-24 21:30:01.663000,2025-10-24 21:30:05.202000,買い,152.28100,152.38100,1.00,10.00,3790.00,水平線手前,利確,支持抵抗,0,152.28100
2025-10-01,2025-10-31,20260209_072027,20260209_072027-0015,2025-10-30 03:35:28.940000,2025-10-30 03:35:29.473000,売り,152.51300,152.56300,1.00,-5.00,3785.00,水平線手前,損切,支持抵抗,0,152.51300
2025-10-01,2025-10-31,20260209_072027,20260209_072027-0016,2025-10-30 03:35:33.423000,2025-10-30 03:36:03.723000,売り,152.71700,152.76700,1.00,-5.00,3780.00,水平線手前,損切,支持抵抗,0,152.71700
2025-11-01,2025-11-30,20260209_072113,20260209_072113-0001,2025-11-04 00:00:00.263000,2025-11-04 00:01:26.327000,買い,153.92600,154.02600,1.00,10.00,3790.00,水平線手前,利確,支持抵抗,0,153.92600
2025-11-01,2025-11-30,20260209_072113,20260209_072113-0002,2025-11-04 00:00:02.820000,2025-11-04 00:04:16.277000,買い,153.95100,154.05100,1.00,10.00,3800.00,水平線手前,利確,支持抵抗,0,153.95100
2025-11-01,2025-11-30,20260209_072113,20260209_072113-0003,2025-11-06 00:00:00.316000,2025-11-06 00:00:21.170000,売り,154.18300,154.23300,1.00,-5.00,3795.00,水平線手前,損切,支持抵抗,0,154.18300
2025-11-01,2025-11-30,20260209_072113,20260209_072113-0004,2025-11-20 22:30:01.470000,2025-11-20 22:30:01.679000,売り,157.76900,157.81900,1.00,-5.00,3790.00,水平線手前,損切,支持抵抗,0,157.76900
2025-11-01,2025-11-30,20260209_072113,20260209_072113-0005,2025-11-20 22:30:03.391000,2025-11-20 22:30:05.420000,売り,157.86200,157.76200,1.00,10.00,3800.00,水平線手前,利確,支持抵抗,0,157.86200
2025-11-01,2025-11-30,20260209_072113,20260209_072113-0006,2025-11-22 00:01:28.028000,2025-11-22 00:01:28.763000,買い,156.58900,156.53900,1.00,-5.00,3795.00,水平線手前,損切,支持抵抗,0,156.58900
2025-11-01,2025-11-30,20260209_072113,20260209_072113-0007,2025-11-22 00:01:58.648000,2025-11-22 00:02:02.775000,買い,156.23500,156.33500,1.00,10.00,3805.00,水平線手前,利確,支持抵抗,0,156.23500
2025-11-01,2025-11-30,20260209_072113,20260209_072113-0008,2025-11-25 22:30:01.366000,2025-11-25 22:30:22.520000,買い,156.05500,156.15500,1.00,10.00,3815.00,水平線手前,利確,支持抵抗,0,156.05500
2025-11-01,2025-11-30,20260209_072113,20260209_072113-0009,2025-11-28 11:32:37.077000,2025-11-28 11:34:45.912000,買い,156.12000,156.22000,1.00,10.00,3825.00,水平線手前,利確,支持抵抗,0,156.12000
2025-11-01,2025-11-30,20260209_072113,20260209_072113-0010,2025-11-28 11:32:36.970000,2025-11-28 11:34:52.933000,買い,156.13000,156.23000,1.00,10.00,3835.00,水平線手前,利確,支持抵抗,0,156.13000
2025-12-01,2025-12-31,20260209_072203,20260209_072203-0001,2025-12-03 22:15:00.292000,2025-12-03 22:17:02.632000,買い,155.24200,155.34200,1.00,10.00,3845.00,水平線手前,利確,支持抵抗,0,155.24200
2025-12-01,2025-12-31,20260209_072203,20260209_072203-0002,2025-12-05 13:27:25.233000,2025-12-05 13:30:09.746000,買い,154.83200,154.93200,1.00,10.00,3855.00,水平線手前,利確,支持抵抗,0,154.83200
2025-12-01,2025-12-31,20260209_072203,20260209_072203-0003,2025-12-10 00:00:01.218000,2025-12-10 00:00:02.347000,売り,156.56800,156.61800,1.00,-5.00,3850.00,水平線手前,損切,支持抵抗,0,156.56800
2025-12-01,2025-12-31,20260209_072203,20260209_072203-0004,2025-12-11 04:35:31.746000,2025-12-11 04:35:37.990000,買い,156.12800,156.22800,1.00,10.00,3860.00,水平線手前,利確,支持抵抗,0,156.12800
2025-12-01,2025-12-31,20260209_072203,20260209_072203-0005,2025-12-16 22:30:01.232000,2025-12-16 22:30:05.853000,買い,154.53800,154.48800,1.00,-5.00,3855.00,水平線手前,損切,支持抵抗,0,154.53800
2025-12-01,2025-12-31,20260209_072203,20260209_072203-0006,2025-12-17 04:25:43.194000,2025-12-17 04:25:54.416000,売り,154.88900,154.78900,1.00,10.00,3865.00,水平線手前,利確,支持抵抗,0,154.88900
2025-12-01,2025-12-31,20260209_072203,20260209_072203-0007,2025-12-18 22:30:03.672000,2025-12-18 22:30:15.669000,買い,155.37700,155.47700,1.00,10.00,3875.00,水平線手前,利確,支持抵抗,0,155.37700
2025-12-01,2025-12-31,20260209_072203,20260209_072203-0008,2025-12-18 22:30:05.060000,2025-12-18 22:30:15.669000,買い,155.37900,155.47900,1.00,10.00,3885.00,水平線手前,利確,支持抵抗,0,155.37900
2025-12-01,2025-12-31,20260209_072203,20260209_072203-0009,2025-12-19 12:22:00.987000,2025-12-19 12:22:07.490000,売り,156.10100,156.15100,1.00,-5.00,3880.00,水平線手前,損切,支持抵抗,0,156.10100
2025-12-01,2025-12-31,20260209_072203,20260209_072203-0010,2025-12-19 12:22:07.168000,2025-12-19 12:22:53.811000,売り,156.14000,156.04000,1.00,10.00,3890.00,水平線手前,利確,支持抵抗,0,156.14000
2025-12-01,2025-12-31,20260209_072203,20260209_072203-0011,2025-12-19 12:22:06.415000,2025-12-19 12:22:54.023000,売り,156.13700,156.03700,1.00,10.00,3900.00,水平線手前,利確,支持抵抗,0,156.13700
2025-12-01,2025-12-31,20260209_072203,20260209_072203-0012,2025-12-22 22:10:03.699000,2025-12-22 22:10:04.142000,買い,157.14700,157.09700,1.00,-5.00,3895.00,水平線手前,損切,支持抵抗,0,157.14700
2025-12-01,2025-12-31,20260209_072203,20260209_072203-0013,2025-12-22 22:10:21.482000,2025-12-22 22:10:24.590000,買い,156.90300,157.00300,1.00,10.00,3905.00,水平線手前,利確,支持抵抗,0,156.90300
